2026-08-25 16:11:05,324 | INFO | Importing the following message types from 2024-10-13 through 2024-10-15: 
  atn.bid
  energy.instruction
  flo.params.house0
  glitch
  gridworks.event.problem
  gw.weather.channel.gt
  gw.weather.cmd.ack
  gw.weather.cmd.nack
  gw.weather.create.cmd
  gw.weather.forecast
  gw.weather.forecast.bundle.gt
  gw.weather.forecast.channel.gt
  gw.weather.location.gt
  gw.weather.observation
  heating.forecast
  latest.price
  new.command.tree
  power.watts
  report
  report.event
  scada.params
  snapshot.spaceheat
  ticklist.hall.report
  ticklist.reed.report
  weather.forecast
2026-08-25 16:11:06,481 | WARNING | Unknown message type "gt.sh.cli.atn.cmd" in hw1__1/eventstore/20241013/hw1.isone.me.versant.keene.beech-gt.sh.cli.atn.cmd-1728817797812-ear.electricity.works.json
2026-08-25 16:11:06,481 | WARNING | Unknown message type "gt.sh.cli.atn.cmd" in hw1__1/eventstore/20241013/hw1.isone.me.versant.keene.beech-gt.sh.cli.atn.cmd-1728817797812-ear.electricity.works.json
2026-08-25 16:11:06,481 | WARNING | Unknown message type "gt.sh.cli.atn.cmd" in hw1__1/eventstore/20241013/hw1.isone.me.versant.keene.beech-gt.sh.cli.atn.cmd-1728821987562-ear.electricity.works.json
2026-08-25 16:11:06,481 | WARNING | Unknown message type "gt.sh.cli.atn.cmd" in hw1__1/eventstore/20241013/hw1.isone.me.versant.keene.beech-gt.sh.cli.atn.cmd-1728821987562-ear.electricity.works.json
2026-08-25 16:11:06,701 | WARNING | Unknown message type "gridworks.event.report" in hw1__1/eventstore/20241013/hw1.isone.me.versant.keene.beech.scada-gridworks.event.report-1728787880085-ear.electricity.works.json
2026-08-25 16:11:06,701 | WARNING | Unknown message type "gridworks.event.report" in hw1__1/eventstore/20241013/hw1.isone.me.versant.keene.beech.scada-gridworks.event.report-1728787880085-ear.electricity.works.json
2026-08-25 16:11:06,701 | WARNING | Unknown message type "gridworks.event.report" in hw1__1/eventstore/20241013/hw1.isone.me.versant.keene.beech.scada-gridworks.event.report-1728787880177-ear.electricity.works.json
2026-08-25 16:11:06,701 | WARNING | Unknown message type "gridworks.event.report" in hw1__1/eventstore/20241013/hw1.isone.me.versant.keene.beech.scada-gridworks.event.report-1728787880177-ear.electricity.works.json
2026-08-25 16:11:06,701 | WARNING | Unknown message type "gridworks.event.report" in hw1__1/eventstore/20241013/hw1.isone.me.versant.keene.beech.scada-gridworks.event.report-1728787880478-ear.electricity.works.json
2026-08-25 16:11:06,701 | WARNING | Unknown message type "gridworks.event.report" in hw1__1/eventstore/20241013/hw1.isone.me.versant.keene.beech.scada-gridworks.event.report-1728787880478-ear.electricity.works.json
2026-08-25 16:11:06,701 | WARNING | Unknown message type "gridworks.event.report" in hw1__1/eventstore/20241013/hw1.isone.me.versant.keene.beech.scada-gridworks.event.report-1728787880640-ear.electricity.works.json
2026-08-25 16:11:06,701 | WARNING | Unknown message type "gridworks.event.report" in hw1__1/eventstore/20241013/hw1.isone.me.versant.keene.beech.scada-gridworks.event.report-1728787880640-ear.electricity.works.json
2026-08-25 16:11:06,701 | WARNING | Unknown message type "gridworks.event.report" in hw1__1/eventstore/20241013/hw1.isone.me.versant.keene.beech.scada-gridworks.event.report-1728787880705-ear.electricity.works.json
2026-08-25 16:11:06,701 | WARNING | Unknown message type "gridworks.event.report" in hw1__1/eventstore/20241013/hw1.isone.me.versant.keene.beech.scada-gridworks.event.report-1728787880705-ear.electricity.works.json
2026-08-25 16:11:06,701 | WARNING | Unknown message type "gridworks.event.report" in hw1__1/eventstore/20241013/hw1.isone.me.versant.keene.beech.scada-gridworks.event.report-1728787880766-ear.electricity.works.json
2026-08-25 16:11:06,701 | WARNING | Unknown message type "gridworks.event.report" in hw1__1/eventstore/20241013/hw1.isone.me.versant.keene.beech.scada-gridworks.event.report-1728787880766-ear.electricity.works.json
2026-08-25 16:11:06,701 | WARNING | Unknown message type "gridworks.event.report" in hw1__1/eventstore/20241013/hw1.isone.me.versant.keene.beech.scada-gridworks.event.report-1728787880827-ear.electricity.works.json
2026-08-25 16:11:06,701 | WARNING | Unknown message type "gridworks.event.report" in hw1__1/eventstore/20241013/hw1.isone.me.versant.keene.beech.scada-gridworks.event.report-1728787880827-ear.electricity.works.json
2026-08-25 16:11:06,701 | WARNING | Unknown message type "gridworks.event.report" in hw1__1/eventstore/20241013/hw1.isone.me.versant.keene.beech.scada-gridworks.event.report-1728787881692-ear.electricity.works.json
2026-08-25 16:11:06,701 | WARNING | Unknown message type "gridworks.event.report" in hw1__1/eventstore/20241013/hw1.isone.me.versant.keene.beech.scada-gridworks.event.report-1728787881692-ear.electricity.works.json
2026-08-25 16:11:06,701 | WARNING | Unknown message type "gridworks.event.report" in hw1__1/eventstore/20241013/hw1.isone.me.versant.keene.beech.scada-gridworks.event.report-1728787881870-ear.electricity.works.json
2026-08-25 16:11:06,701 | WARNING | Unknown message type "gridworks.event.report" in hw1__1/eventstore/20241013/hw1.isone.me.versant.keene.beech.scada-gridworks.event.report-1728787881870-ear.electricity.works.json
2026-08-25 16:11:06,701 | WARNING | Unknown message type "gridworks.event.report" in hw1__1/eventstore/20241013/hw1.isone.me.versant.keene.beech.scada-gridworks.event.report-1728787882022-ear.electricity.works.json
2026-08-25 16:11:06,701 | WARNING | Unknown message type "gridworks.event.report" in hw1__1/eventstore/20241013/hw1.isone.me.versant.keene.beech.scada-gridworks.event.report-1728787882022-ear.electricity.works.json
2026-08-25 16:11:06,701 | WARNING | Unknown message type "gridworks.event.report" in hw1__1/eventstore/20241013/hw1.isone.me.versant.keene.beech.scada-gridworks.event.report-1728787882126-ear.electricity.works.json
2026-08-25 16:11:06,701 | WARNING | Unknown message type "gridworks.event.report" in hw1__1/eventstore/20241013/hw1.isone.me.versant.keene.beech.scada-gridworks.event.report-1728787882126-ear.electricity.works.json
2026-08-25 16:11:06,702 | WARNING | Unknown message type "gridworks.event.report" in hw1__1/eventstore/20241013/hw1.isone.me.versant.keene.beech.scada-gridworks.event.report-1728787882255-ear.electricity.works.json
2026-08-25 16:11:06,702 | WARNING | Unknown message type "gridworks.event.report" in hw1__1/eventstore/20241013/hw1.isone.me.versant.keene.beech.scada-gridworks.event.report-1728787882255-ear.electricity.works.json
2026-08-25 16:11:06,702 | WARNING | Unknown message type "gridworks.event.report" in hw1__1/eventstore/20241013/hw1.isone.me.versant.keene.beech.scada-gridworks.event.report-1728787882351-ear.electricity.works.json
2026-08-25 16:11:06,702 | WARNING | Unknown message type "gridworks.event.report" in hw1__1/eventstore/20241013/hw1.isone.me.versant.keene.beech.scada-gridworks.event.report-1728787882351-ear.electricity.works.json
2026-08-25 16:11:06,702 | WARNING | Unknown message type "gridworks.event.report" in hw1__1/eventstore/20241013/hw1.isone.me.versant.keene.beech.scada-gridworks.event.report-1728787882423-ear.electricity.works.json
2026-08-25 16:11:06,702 | WARNING | Unknown message type "gridworks.event.report" in hw1__1/eventstore/20241013/hw1.isone.me.versant.keene.beech.scada-gridworks.event.report-1728787882423-ear.electricity.works.json
2026-08-25 16:11:06,702 | WARNING | Unknown message type "gridworks.event.report" in hw1__1/eventstore/20241013/hw1.isone.me.versant.keene.beech.scada-gridworks.event.report-1728787883075-ear.electricity.works.json
2026-08-25 16:11:06,702 | WARNING | Unknown message type "gridworks.event.report" in hw1__1/eventstore/20241013/hw1.isone.me.versant.keene.beech.scada-gridworks.event.report-1728787883075-ear.electricity.works.json
2026-08-25 16:11:06,702 | WARNING | Unknown message type "gridworks.event.report" in hw1__1/eventstore/20241013/hw1.isone.me.versant.keene.beech.scada-gridworks.event.report-1728787883391-ear.electricity.works.json
2026-08-25 16:11:06,702 | WARNING | Unknown message type "gridworks.event.report" in hw1__1/eventstore/20241013/hw1.isone.me.versant.keene.beech.scada-gridworks.event.report-1728787883391-ear.electricity.works.json
2026-08-25 16:11:06,702 | WARNING | Unknown message type "gridworks.event.report" in hw1__1/eventstore/20241013/hw1.isone.me.versant.keene.beech.scada-gridworks.event.report-1728787883533-ear.electricity.works.json
2026-08-25 16:11:06,702 | WARNING | Unknown message type "gridworks.event.report" in hw1__1/eventstore/20241013/hw1.isone.me.versant.keene.beech.scada-gridworks.event.report-1728787883533-ear.electricity.works.json
2026-08-25 16:11:06,702 | WARNING | Unknown message type "gridworks.event.report" in hw1__1/eventstore/20241013/hw1.isone.me.versant.keene.beech.scada-gridworks.event.report-1728787883590-ear.electricity.works.json
2026-08-25 16:11:06,702 | WARNING | Unknown message type "gridworks.event.report" in hw1__1/eventstore/20241013/hw1.isone.me.versant.keene.beech.scada-gridworks.event.report-1728787883590-ear.electricity.works.json
2026-08-25 16:11:06,702 | WARNING | Unknown message type "gridworks.event.report" in hw1__1/eventstore/20241013/hw1.isone.me.versant.keene.beech.scada-gridworks.event.report-1728787883777-ear.electricity.works.json
2026-08-25 16:11:06,702 | WARNING | Unknown message type "gridworks.event.report" in hw1__1/eventstore/20241013/hw1.isone.me.versant.keene.beech.scada-gridworks.event.report-1728787883777-ear.electricity.works.json
2026-08-25 16:11:06,702 | WARNING | Unknown message type "gridworks.event.report" in hw1__1/eventstore/20241013/hw1.isone.me.versant.keene.beech.scada-gridworks.event.report-1728787883878-ear.electricity.works.json
2026-08-25 16:11:06,702 | WARNING | Unknown message type "gridworks.event.report" in hw1__1/eventstore/20241013/hw1.isone.me.versant.keene.beech.scada-gridworks.event.report-1728787883878-ear.electricity.works.json
2026-08-25 16:11:06,702 | WARNING | Unknown message type "gridworks.event.report" in hw1__1/eventstore/20241013/hw1.isone.me.versant.keene.beech.scada-gridworks.event.report-1728787883980-ear.electricity.works.json
2026-08-25 16:11:06,702 | WARNING | Unknown message type "gridworks.event.report" in hw1__1/eventstore/20241013/hw1.isone.me.versant.keene.beech.scada-gridworks.event.report-1728787883980-ear.electricity.works.json
2026-08-25 16:11:06,702 | WARNING | Unknown message type "gridworks.event.report" in hw1__1/eventstore/20241013/hw1.isone.me.versant.keene.beech.scada-gridworks.event.report-1728787884605-ear.electricity.works.json
2026-08-25 16:11:06,702 | WARNING | Unknown message type "gridworks.event.report" in hw1__1/eventstore/20241013/hw1.isone.me.versant.keene.beech.scada-gridworks.event.report-1728787884605-ear.electricity.works.json
2026-08-25 16:11:06,702 | WARNING | Unknown message type "gridworks.event.report" in hw1__1/eventstore/20241013/hw1.isone.me.versant.keene.beech.scada-gridworks.event.report-1728787885012-ear.electricity.works.json
2026-08-25 16:11:06,702 | WARNING | Unknown message type "gridworks.event.report" in hw1__1/eventstore/20241013/hw1.isone.me.versant.keene.beech.scada-gridworks.event.report-1728787885012-ear.electricity.works.json
2026-08-25 16:11:06,702 | WARNING | Unknown message type "gridworks.event.report" in hw1__1/eventstore/20241013/hw1.isone.me.versant.keene.beech.scada-gridworks.event.report-1728787885206-ear.electricity.works.json
2026-08-25 16:11:06,702 | WARNING | Unknown message type "gridworks.event.report" in hw1__1/eventstore/20241013/hw1.isone.me.versant.keene.beech.scada-gridworks.event.report-1728787885206-ear.electricity.works.json
2026-08-25 16:11:06,702 | WARNING | Unknown message type "gridworks.event.report" in hw1__1/eventstore/20241013/hw1.isone.me.versant.keene.beech.scada-gridworks.event.report-1728787885293-ear.electricity.works.json
2026-08-25 16:11:06,702 | WARNING | Unknown message type "gridworks.event.report" in hw1__1/eventstore/20241013/hw1.isone.me.versant.keene.beech.scada-gridworks.event.report-1728787885293-ear.electricity.works.json
2026-08-25 16:11:06,702 | WARNING | Unknown message type "gridworks.event.report" in hw1__1/eventstore/20241013/hw1.isone.me.versant.keene.beech.scada-gridworks.event.report-1728787885527-ear.electricity.works.json
2026-08-25 16:11:06,702 | WARNING | Unknown message type "gridworks.event.report" in hw1__1/eventstore/20241013/hw1.isone.me.versant.keene.beech.scada-gridworks.event.report-1728787885527-ear.electricity.works.json
2026-08-25 16:11:06,702 | WARNING | Unknown message type "gridworks.event.report" in hw1__1/eventstore/20241013/hw1.isone.me.versant.keene.beech.scada-gridworks.event.report-1728787885620-ear.electricity.works.json
2026-08-25 16:11:06,702 | WARNING | Unknown message type "gridworks.event.report" in hw1__1/eventstore/20241013/hw1.isone.me.versant.keene.beech.scada-gridworks.event.report-1728787885620-ear.electricity.works.json
2026-08-25 16:11:06,702 | WARNING | Unknown message type "gridworks.event.report" in hw1__1/eventstore/20241013/hw1.isone.me.versant.keene.beech.scada-gridworks.event.report-1728787885682-ear.electricity.works.json
2026-08-25 16:11:06,702 | WARNING | Unknown message type "gridworks.event.report" in hw1__1/eventstore/20241013/hw1.isone.me.versant.keene.beech.scada-gridworks.event.report-1728787885682-ear.electricity.works.json
2026-08-25 16:11:06,702 | WARNING | Unknown message type "gridworks.event.report" in hw1__1/eventstore/20241013/hw1.isone.me.versant.keene.beech.scada-gridworks.event.report-1728787886073-ear.electricity.works.json
2026-08-25 16:11:06,702 | WARNING | Unknown message type "gridworks.event.report" in hw1__1/eventstore/20241013/hw1.isone.me.versant.keene.beech.scada-gridworks.event.report-1728787886073-ear.electricity.works.json
2026-08-25 16:11:06,702 | WARNING | Unknown message type "gridworks.event.report" in hw1__1/eventstore/20241013/hw1.isone.me.versant.keene.beech.scada-gridworks.event.report-1728787886545-ear.electricity.works.json
2026-08-25 16:11:06,702 | WARNING | Unknown message type "gridworks.event.report" in hw1__1/eventstore/20241013/hw1.isone.me.versant.keene.beech.scada-gridworks.event.report-1728787886545-ear.electricity.works.json
2026-08-25 16:11:06,702 | WARNING | Unknown message type "gridworks.event.report" in hw1__1/eventstore/20241013/hw1.isone.me.versant.keene.beech.scada-gridworks.event.report-1728787886715-ear.electricity.works.json
2026-08-25 16:11:06,702 | WARNING | Unknown message type "gridworks.event.report" in hw1__1/eventstore/20241013/hw1.isone.me.versant.keene.beech.scada-gridworks.event.report-1728787886715-ear.electricity.works.json
2026-08-25 16:11:06,702 | WARNING | Unknown message type "gridworks.event.report" in hw1__1/eventstore/20241013/hw1.isone.me.versant.keene.beech.scada-gridworks.event.report-1728787886798-ear.electricity.works.json
2026-08-25 16:11:06,702 | WARNING | Unknown message type "gridworks.event.report" in hw1__1/eventstore/20241013/hw1.isone.me.versant.keene.beech.scada-gridworks.event.report-1728787886798-ear.electricity.works.json
2026-08-25 16:11:06,702 | WARNING | Unknown message type "gridworks.event.report" in hw1__1/eventstore/20241013/hw1.isone.me.versant.keene.beech.scada-gridworks.event.report-1728787886957-ear.electricity.works.json
2026-08-25 16:11:06,702 | WARNING | Unknown message type "gridworks.event.report" in hw1__1/eventstore/20241013/hw1.isone.me.versant.keene.beech.scada-gridworks.event.report-1728787886957-ear.electricity.works.json
2026-08-25 16:11:06,702 | WARNING | Unknown message type "gridworks.event.report" in hw1__1/eventstore/20241013/hw1.isone.me.versant.keene.beech.scada-gridworks.event.report-1728787887025-ear.electricity.works.json
2026-08-25 16:11:06,702 | WARNING | Unknown message type "gridworks.event.report" in hw1__1/eventstore/20241013/hw1.isone.me.versant.keene.beech.scada-gridworks.event.report-1728787887025-ear.electricity.works.json
2026-08-25 16:11:06,702 | WARNING | Unknown message type "gridworks.event.report" in hw1__1/eventstore/20241013/hw1.isone.me.versant.keene.beech.scada-gridworks.event.report-1728787887149-ear.electricity.works.json
2026-08-25 16:11:06,702 | WARNING | Unknown message type "gridworks.event.report" in hw1__1/eventstore/20241013/hw1.isone.me.versant.keene.beech.scada-gridworks.event.report-1728787887149-ear.electricity.works.json
2026-08-25 16:11:06,702 | WARNING | Unknown message type "gridworks.event.report" in hw1__1/eventstore/20241013/hw1.isone.me.versant.keene.beech.scada-gridworks.event.report-1728787887245-ear.electricity.works.json
2026-08-25 16:11:06,702 | WARNING | Unknown message type "gridworks.event.report" in hw1__1/eventstore/20241013/hw1.isone.me.versant.keene.beech.scada-gridworks.event.report-1728787887245-ear.electricity.works.json
2026-08-25 16:11:06,702 | WARNING | Unknown message type "gridworks.event.report" in hw1__1/eventstore/20241013/hw1.isone.me.versant.keene.beech.scada-gridworks.event.report-1728787887901-ear.electricity.works.json
2026-08-25 16:11:06,702 | WARNING | Unknown message type "gridworks.event.report" in hw1__1/eventstore/20241013/hw1.isone.me.versant.keene.beech.scada-gridworks.event.report-1728787887901-ear.electricity.works.json
2026-08-25 16:11:06,702 | WARNING | Unknown message type "gridworks.event.report" in hw1__1/eventstore/20241013/hw1.isone.me.versant.keene.beech.scada-gridworks.event.report-1728787888096-ear.electricity.works.json
2026-08-25 16:11:06,702 | WARNING | Unknown message type "gridworks.event.report" in hw1__1/eventstore/20241013/hw1.isone.me.versant.keene.beech.scada-gridworks.event.report-1728787888096-ear.electricity.works.json
2026-08-25 16:11:06,702 | WARNING | Unknown message type "gridworks.event.report" in hw1__1/eventstore/20241013/hw1.isone.me.versant.keene.beech.scada-gridworks.event.report-1728787888278-ear.electricity.works.json
2026-08-25 16:11:06,702 | WARNING | Unknown message type "gridworks.event.report" in hw1__1/eventstore/20241013/hw1.isone.me.versant.keene.beech.scada-gridworks.event.report-1728787888278-ear.electricity.works.json
2026-08-25 16:11:06,702 | WARNING | Unknown message type "gridworks.event.report" in hw1__1/eventstore/20241013/hw1.isone.me.versant.keene.beech.scada-gridworks.event.report-1728787888446-ear.electricity.works.json
2026-08-25 16:11:06,702 | WARNING | Unknown message type "gridworks.event.report" in hw1__1/eventstore/20241013/hw1.isone.me.versant.keene.beech.scada-gridworks.event.report-1728787888446-ear.electricity.works.json
2026-08-25 16:11:06,702 | WARNING | Unknown message type "gridworks.event.report" in hw1__1/eventstore/20241013/hw1.isone.me.versant.keene.beech.scada-gridworks.event.report-1728787888529-ear.electricity.works.json
2026-08-25 16:11:06,702 | WARNING | Unknown message type "gridworks.event.report" in hw1__1/eventstore/20241013/hw1.isone.me.versant.keene.beech.scada-gridworks.event.report-1728787888529-ear.electricity.works.json
2026-08-25 16:11:06,702 | WARNING | Unknown message type "gridworks.event.report" in hw1__1/eventstore/20241013/hw1.isone.me.versant.keene.beech.scada-gridworks.event.report-1728787888586-ear.electricity.works.json
2026-08-25 16:11:06,702 | WARNING | Unknown message type "gridworks.event.report" in hw1__1/eventstore/20241013/hw1.isone.me.versant.keene.beech.scada-gridworks.event.report-1728787888586-ear.electricity.works.json
2026-08-25 16:11:06,702 | WARNING | Unknown message type "gridworks.event.report" in hw1__1/eventstore/20241013/hw1.isone.me.versant.keene.beech.scada-gridworks.event.report-1728787888660-ear.electricity.works.json
2026-08-25 16:11:06,702 | WARNING | Unknown message type "gridworks.event.report" in hw1__1/eventstore/20241013/hw1.isone.me.versant.keene.beech.scada-gridworks.event.report-1728787888660-ear.electricity.works.json
2026-08-25 16:11:06,702 | WARNING | Unknown message type "gridworks.event.report" in hw1__1/eventstore/20241013/hw1.isone.me.versant.keene.beech.scada-gridworks.event.report-1728787889261-ear.electricity.works.json
2026-08-25 16:11:06,702 | WARNING | Unknown message type "gridworks.event.report" in hw1__1/eventstore/20241013/hw1.isone.me.versant.keene.beech.scada-gridworks.event.report-1728787889261-ear.electricity.works.json
2026-08-25 16:11:06,702 | WARNING | Unknown message type "gridworks.event.report" in hw1__1/eventstore/20241013/hw1.isone.me.versant.keene.beech.scada-gridworks.event.report-1728787889408-ear.electricity.works.json
2026-08-25 16:11:06,702 | WARNING | Unknown message type "gridworks.event.report" in hw1__1/eventstore/20241013/hw1.isone.me.versant.keene.beech.scada-gridworks.event.report-1728787889408-ear.electricity.works.json
2026-08-25 16:11:06,702 | WARNING | Unknown message type "gridworks.event.report" in hw1__1/eventstore/20241013/hw1.isone.me.versant.keene.beech.scada-gridworks.event.report-1728787889567-ear.electricity.works.json
2026-08-25 16:11:06,702 | WARNING | Unknown message type "gridworks.event.report" in hw1__1/eventstore/20241013/hw1.isone.me.versant.keene.beech.scada-gridworks.event.report-1728787889567-ear.electricity.works.json
2026-08-25 16:11:06,702 | WARNING | Unknown message type "gridworks.event.report" in hw1__1/eventstore/20241013/hw1.isone.me.versant.keene.beech.scada-gridworks.event.report-1728787889699-ear.electricity.works.json
2026-08-25 16:11:06,702 | WARNING | Unknown message type "gridworks.event.report" in hw1__1/eventstore/20241013/hw1.isone.me.versant.keene.beech.scada-gridworks.event.report-1728787889699-ear.electricity.works.json
2026-08-25 16:11:06,702 | WARNING | Unknown message type "gridworks.event.report" in hw1__1/eventstore/20241013/hw1.isone.me.versant.keene.beech.scada-gridworks.event.report-1728787889785-ear.electricity.works.json
2026-08-25 16:11:06,702 | WARNING | Unknown message type "gridworks.event.report" in hw1__1/eventstore/20241013/hw1.isone.me.versant.keene.beech.scada-gridworks.event.report-1728787889785-ear.electricity.works.json
2026-08-25 16:11:06,702 | WARNING | Unknown message type "gridworks.event.report" in hw1__1/eventstore/20241013/hw1.isone.me.versant.keene.beech.scada-gridworks.event.report-1728787889851-ear.electricity.works.json
2026-08-25 16:11:06,702 | WARNING | Unknown message type "gridworks.event.report" in hw1__1/eventstore/20241013/hw1.isone.me.versant.keene.beech.scada-gridworks.event.report-1728787889851-ear.electricity.works.json
2026-08-25 16:11:06,702 | WARNING | Unknown message type "gridworks.event.report" in hw1__1/eventstore/20241013/hw1.isone.me.versant.keene.beech.scada-gridworks.event.report-1728787889977-ear.electricity.works.json
2026-08-25 16:11:06,702 | WARNING | Unknown message type "gridworks.event.report" in hw1__1/eventstore/20241013/hw1.isone.me.versant.keene.beech.scada-gridworks.event.report-1728787889977-ear.electricity.works.json
2026-08-25 16:11:06,702 | WARNING | Unknown message type "gridworks.event.report" in hw1__1/eventstore/20241013/hw1.isone.me.versant.keene.beech.scada-gridworks.event.report-1728787890602-ear.electricity.works.json
2026-08-25 16:11:06,702 | WARNING | Unknown message type "gridworks.event.report" in hw1__1/eventstore/20241013/hw1.isone.me.versant.keene.beech.scada-gridworks.event.report-1728787890602-ear.electricity.works.json
2026-08-25 16:11:06,702 | WARNING | Unknown message type "gridworks.event.report" in hw1__1/eventstore/20241013/hw1.isone.me.versant.keene.beech.scada-gridworks.event.report-1728787890818-ear.electricity.works.json
2026-08-25 16:11:06,702 | WARNING | Unknown message type "gridworks.event.report" in hw1__1/eventstore/20241013/hw1.isone.me.versant.keene.beech.scada-gridworks.event.report-1728787890818-ear.electricity.works.json
2026-08-25 16:11:06,702 | WARNING | Unknown message type "gridworks.event.report" in hw1__1/eventstore/20241013/hw1.isone.me.versant.keene.beech.scada-gridworks.event.report-1728787891021-ear.electricity.works.json
2026-08-25 16:11:06,702 | WARNING | Unknown message type "gridworks.event.report" in hw1__1/eventstore/20241013/hw1.isone.me.versant.keene.beech.scada-gridworks.event.report-1728787891021-ear.electricity.works.json
2026-08-25 16:11:06,702 | WARNING | Unknown message type "gridworks.event.report" in hw1__1/eventstore/20241013/hw1.isone.me.versant.keene.beech.scada-gridworks.event.report-1728787891090-ear.electricity.works.json
2026-08-25 16:11:06,702 | WARNING | Unknown message type "gridworks.event.report" in hw1__1/eventstore/20241013/hw1.isone.me.versant.keene.beech.scada-gridworks.event.report-1728787891090-ear.electricity.works.json
2026-08-25 16:11:06,702 | WARNING | Unknown message type "gridworks.event.report" in hw1__1/eventstore/20241013/hw1.isone.me.versant.keene.beech.scada-gridworks.event.report-1728787891223-ear.electricity.works.json
2026-08-25 16:11:06,702 | WARNING | Unknown message type "gridworks.event.report" in hw1__1/eventstore/20241013/hw1.isone.me.versant.keene.beech.scada-gridworks.event.report-1728787891223-ear.electricity.works.json
2026-08-25 16:11:06,702 | WARNING | Unknown message type "gridworks.event.report" in hw1__1/eventstore/20241013/hw1.isone.me.versant.keene.beech.scada-gridworks.event.report-1728787891305-ear.electricity.works.json
2026-08-25 16:11:06,702 | WARNING | Unknown message type "gridworks.event.report" in hw1__1/eventstore/20241013/hw1.isone.me.versant.keene.beech.scada-gridworks.event.report-1728787891305-ear.electricity.works.json
2026-08-25 16:11:06,702 | WARNING | Unknown message type "gridworks.event.report" in hw1__1/eventstore/20241013/hw1.isone.me.versant.keene.beech.scada-gridworks.event.report-1728787891399-ear.electricity.works.json
2026-08-25 16:11:06,702 | WARNING | Unknown message type "gridworks.event.report" in hw1__1/eventstore/20241013/hw1.isone.me.versant.keene.beech.scada-gridworks.event.report-1728787891399-ear.electricity.works.json
2026-08-25 16:11:06,702 | WARNING | Unknown message type "gridworks.event.report" in hw1__1/eventstore/20241013/hw1.isone.me.versant.keene.beech.scada-gridworks.event.report-1728787891842-ear.electricity.works.json
2026-08-25 16:11:06,702 | WARNING | Unknown message type "gridworks.event.report" in hw1__1/eventstore/20241013/hw1.isone.me.versant.keene.beech.scada-gridworks.event.report-1728787891842-ear.electricity.works.json
2026-08-25 16:11:06,702 | WARNING | Unknown message type "gridworks.event.report" in hw1__1/eventstore/20241013/hw1.isone.me.versant.keene.beech.scada-gridworks.event.report-1728787892166-ear.electricity.works.json
2026-08-25 16:11:06,702 | WARNING | Unknown message type "gridworks.event.report" in hw1__1/eventstore/20241013/hw1.isone.me.versant.keene.beech.scada-gridworks.event.report-1728787892166-ear.electricity.works.json
2026-08-25 16:11:06,702 | WARNING | Unknown message type "gridworks.event.report" in hw1__1/eventstore/20241013/hw1.isone.me.versant.keene.beech.scada-gridworks.event.report-1728787892289-ear.electricity.works.json
2026-08-25 16:11:06,702 | WARNING | Unknown message type "gridworks.event.report" in hw1__1/eventstore/20241013/hw1.isone.me.versant.keene.beech.scada-gridworks.event.report-1728787892289-ear.electricity.works.json
2026-08-25 16:11:06,702 | WARNING | Unknown message type "gridworks.event.report" in hw1__1/eventstore/20241013/hw1.isone.me.versant.keene.beech.scada-gridworks.event.report-1728787892346-ear.electricity.works.json
2026-08-25 16:11:06,702 | WARNING | Unknown message type "gridworks.event.report" in hw1__1/eventstore/20241013/hw1.isone.me.versant.keene.beech.scada-gridworks.event.report-1728787892346-ear.electricity.works.json
2026-08-25 16:11:06,702 | WARNING | Unknown message type "gridworks.event.report" in hw1__1/eventstore/20241013/hw1.isone.me.versant.keene.beech.scada-gridworks.event.report-1728787892478-ear.electricity.works.json
2026-08-25 16:11:06,702 | WARNING | Unknown message type "gridworks.event.report" in hw1__1/eventstore/20241013/hw1.isone.me.versant.keene.beech.scada-gridworks.event.report-1728787892478-ear.electricity.works.json
2026-08-25 16:11:06,702 | WARNING | Unknown message type "gridworks.event.report" in hw1__1/eventstore/20241013/hw1.isone.me.versant.keene.beech.scada-gridworks.event.report-1728787892543-ear.electricity.works.json
2026-08-25 16:11:06,702 | WARNING | Unknown message type "gridworks.event.report" in hw1__1/eventstore/20241013/hw1.isone.me.versant.keene.beech.scada-gridworks.event.report-1728787892543-ear.electricity.works.json
2026-08-25 16:11:06,702 | WARNING | Unknown message type "gridworks.event.report" in hw1__1/eventstore/20241013/hw1.isone.me.versant.keene.beech.scada-gridworks.event.report-1728787892599-ear.electricity.works.json
2026-08-25 16:11:06,702 | WARNING | Unknown message type "gridworks.event.report" in hw1__1/eventstore/20241013/hw1.isone.me.versant.keene.beech.scada-gridworks.event.report-1728787892599-ear.electricity.works.json
2026-08-25 16:11:06,702 | WARNING | Unknown message type "gridworks.event.report" in hw1__1/eventstore/20241013/hw1.isone.me.versant.keene.beech.scada-gridworks.event.report-1728787893127-ear.electricity.works.json
2026-08-25 16:11:06,702 | WARNING | Unknown message type "gridworks.event.report" in hw1__1/eventstore/20241013/hw1.isone.me.versant.keene.beech.scada-gridworks.event.report-1728787893127-ear.electricity.works.json
2026-08-25 16:11:06,702 | WARNING | Unknown message type "gridworks.event.report" in hw1__1/eventstore/20241013/hw1.isone.me.versant.keene.beech.scada-gridworks.event.report-1728787893610-ear.electricity.works.json
2026-08-25 16:11:06,702 | WARNING | Unknown message type "gridworks.event.report" in hw1__1/eventstore/20241013/hw1.isone.me.versant.keene.beech.scada-gridworks.event.report-1728787893610-ear.electricity.works.json
2026-08-25 16:11:06,703 | WARNING | Unknown message type "gridworks.event.report" in hw1__1/eventstore/20241013/hw1.isone.me.versant.keene.beech.scada-gridworks.event.report-1728787893807-ear.electricity.works.json
2026-08-25 16:11:06,703 | WARNING | Unknown message type "gridworks.event.report" in hw1__1/eventstore/20241013/hw1.isone.me.versant.keene.beech.scada-gridworks.event.report-1728787893807-ear.electricity.works.json
2026-08-25 16:11:06,703 | WARNING | Unknown message type "gridworks.event.report" in hw1__1/eventstore/20241013/hw1.isone.me.versant.keene.beech.scada-gridworks.event.report-1728787893901-ear.electricity.works.json
2026-08-25 16:11:06,703 | WARNING | Unknown message type "gridworks.event.report" in hw1__1/eventstore/20241013/hw1.isone.me.versant.keene.beech.scada-gridworks.event.report-1728787893901-ear.electricity.works.json
2026-08-25 16:11:06,703 | WARNING | Unknown message type "gridworks.event.report" in hw1__1/eventstore/20241013/hw1.isone.me.versant.keene.beech.scada-gridworks.event.report-1728787894078-ear.electricity.works.json
2026-08-25 16:11:06,703 | WARNING | Unknown message type "gridworks.event.report" in hw1__1/eventstore/20241013/hw1.isone.me.versant.keene.beech.scada-gridworks.event.report-1728787894078-ear.electricity.works.json
2026-08-25 16:11:06,703 | WARNING | Unknown message type "gridworks.event.report" in hw1__1/eventstore/20241013/hw1.isone.me.versant.keene.beech.scada-gridworks.event.report-1728787894152-ear.electricity.works.json
2026-08-25 16:11:06,703 | WARNING | Unknown message type "gridworks.event.report" in hw1__1/eventstore/20241013/hw1.isone.me.versant.keene.beech.scada-gridworks.event.report-1728787894152-ear.electricity.works.json
2026-08-25 16:11:06,703 | WARNING | Unknown message type "gridworks.event.report" in hw1__1/eventstore/20241013/hw1.isone.me.versant.keene.beech.scada-gridworks.event.report-1728787894207-ear.electricity.works.json
2026-08-25 16:11:06,703 | WARNING | Unknown message type "gridworks.event.report" in hw1__1/eventstore/20241013/hw1.isone.me.versant.keene.beech.scada-gridworks.event.report-1728787894207-ear.electricity.works.json
2026-08-25 16:11:06,703 | WARNING | Unknown message type "gridworks.event.report" in hw1__1/eventstore/20241013/hw1.isone.me.versant.keene.beech.scada-gridworks.event.report-1728787894332-ear.electricity.works.json
2026-08-25 16:11:06,703 | WARNING | Unknown message type "gridworks.event.report" in hw1__1/eventstore/20241013/hw1.isone.me.versant.keene.beech.scada-gridworks.event.report-1728787894332-ear.electricity.works.json
2026-08-25 16:11:06,703 | WARNING | Unknown message type "gridworks.event.report" in hw1__1/eventstore/20241013/hw1.isone.me.versant.keene.beech.scada-gridworks.event.report-1728787895078-ear.electricity.works.json
2026-08-25 16:11:06,703 | WARNING | Unknown message type "gridworks.event.report" in hw1__1/eventstore/20241013/hw1.isone.me.versant.keene.beech.scada-gridworks.event.report-1728787895078-ear.electricity.works.json
2026-08-25 16:11:06,703 | WARNING | Unknown message type "gridworks.event.report" in hw1__1/eventstore/20241013/hw1.isone.me.versant.keene.beech.scada-gridworks.event.report-1728787895199-ear.electricity.works.json
2026-08-25 16:11:06,703 | WARNING | Unknown message type "gridworks.event.report" in hw1__1/eventstore/20241013/hw1.isone.me.versant.keene.beech.scada-gridworks.event.report-1728787895199-ear.electricity.works.json
2026-08-25 16:11:06,703 | WARNING | Unknown message type "gridworks.event.report" in hw1__1/eventstore/20241013/hw1.isone.me.versant.keene.beech.scada-gridworks.event.report-1728787895406-ear.electricity.works.json
2026-08-25 16:11:06,703 | WARNING | Unknown message type "gridworks.event.report" in hw1__1/eventstore/20241013/hw1.isone.me.versant.keene.beech.scada-gridworks.event.report-1728787895406-ear.electricity.works.json
2026-08-25 16:11:06,703 | WARNING | Unknown message type "gridworks.event.report" in hw1__1/eventstore/20241013/hw1.isone.me.versant.keene.beech.scada-gridworks.event.report-1728787895566-ear.electricity.works.json
2026-08-25 16:11:06,703 | WARNING | Unknown message type "gridworks.event.report" in hw1__1/eventstore/20241013/hw1.isone.me.versant.keene.beech.scada-gridworks.event.report-1728787895566-ear.electricity.works.json
2026-08-25 16:11:06,703 | WARNING | Unknown message type "gridworks.event.report" in hw1__1/eventstore/20241013/hw1.isone.me.versant.keene.beech.scada-gridworks.event.report-1728787895627-ear.electricity.works.json
2026-08-25 16:11:06,703 | WARNING | Unknown message type "gridworks.event.report" in hw1__1/eventstore/20241013/hw1.isone.me.versant.keene.beech.scada-gridworks.event.report-1728787895627-ear.electricity.works.json
2026-08-25 16:11:06,703 | WARNING | Unknown message type "gridworks.event.report" in hw1__1/eventstore/20241013/hw1.isone.me.versant.keene.beech.scada-gridworks.event.report-1728787895751-ear.electricity.works.json
2026-08-25 16:11:06,703 | WARNING | Unknown message type "gridworks.event.report" in hw1__1/eventstore/20241013/hw1.isone.me.versant.keene.beech.scada-gridworks.event.report-1728787895751-ear.electricity.works.json
2026-08-25 16:11:06,703 | WARNING | Unknown message type "gridworks.event.report" in hw1__1/eventstore/20241013/hw1.isone.me.versant.keene.beech.scada-gridworks.event.report-1728787895903-ear.electricity.works.json
2026-08-25 16:11:06,703 | WARNING | Unknown message type "gridworks.event.report" in hw1__1/eventstore/20241013/hw1.isone.me.versant.keene.beech.scada-gridworks.event.report-1728787895903-ear.electricity.works.json
2026-08-25 16:11:06,703 | WARNING | Unknown message type "gridworks.event.report" in hw1__1/eventstore/20241013/hw1.isone.me.versant.keene.beech.scada-gridworks.event.report-1728787896592-ear.electricity.works.json
2026-08-25 16:11:06,703 | WARNING | Unknown message type "gridworks.event.report" in hw1__1/eventstore/20241013/hw1.isone.me.versant.keene.beech.scada-gridworks.event.report-1728787896592-ear.electricity.works.json
2026-08-25 16:11:06,703 | WARNING | Unknown message type "gridworks.event.report" in hw1__1/eventstore/20241013/hw1.isone.me.versant.keene.beech.scada-gridworks.event.report-1728787896846-ear.electricity.works.json
2026-08-25 16:11:06,703 | WARNING | Unknown message type "gridworks.event.report" in hw1__1/eventstore/20241013/hw1.isone.me.versant.keene.beech.scada-gridworks.event.report-1728787896846-ear.electricity.works.json
2026-08-25 16:11:06,703 | WARNING | Unknown message type "gridworks.event.report" in hw1__1/eventstore/20241013/hw1.isone.me.versant.keene.beech.scada-gridworks.event.report-1728787897021-ear.electricity.works.json
2026-08-25 16:11:06,703 | WARNING | Unknown message type "gridworks.event.report" in hw1__1/eventstore/20241013/hw1.isone.me.versant.keene.beech.scada-gridworks.event.report-1728787897021-ear.electricity.works.json
2026-08-25 16:11:06,703 | WARNING | Unknown message type "gridworks.event.report" in hw1__1/eventstore/20241013/hw1.isone.me.versant.keene.beech.scada-gridworks.event.report-1728787897236-ear.electricity.works.json
2026-08-25 16:11:06,703 | WARNING | Unknown message type "gridworks.event.report" in hw1__1/eventstore/20241013/hw1.isone.me.versant.keene.beech.scada-gridworks.event.report-1728787897236-ear.electricity.works.json
2026-08-25 16:11:06,703 | WARNING | Unknown message type "gridworks.event.report" in hw1__1/eventstore/20241013/hw1.isone.me.versant.keene.beech.scada-gridworks.event.report-1728787897342-ear.electricity.works.json
2026-08-25 16:11:06,703 | WARNING | Unknown message type "gridworks.event.report" in hw1__1/eventstore/20241013/hw1.isone.me.versant.keene.beech.scada-gridworks.event.report-1728787897342-ear.electricity.works.json
2026-08-25 16:11:06,703 | WARNING | Unknown message type "gridworks.event.report" in hw1__1/eventstore/20241013/hw1.isone.me.versant.keene.beech.scada-gridworks.event.report-1728787897406-ear.electricity.works.json
2026-08-25 16:11:06,703 | WARNING | Unknown message type "gridworks.event.report" in hw1__1/eventstore/20241013/hw1.isone.me.versant.keene.beech.scada-gridworks.event.report-1728787897406-ear.electricity.works.json
2026-08-25 16:11:06,703 | WARNING | Unknown message type "gridworks.event.report" in hw1__1/eventstore/20241013/hw1.isone.me.versant.keene.beech.scada-gridworks.event.report-1728787897494-ear.electricity.works.json
2026-08-25 16:11:06,703 | WARNING | Unknown message type "gridworks.event.report" in hw1__1/eventstore/20241013/hw1.isone.me.versant.keene.beech.scada-gridworks.event.report-1728787897494-ear.electricity.works.json
2026-08-25 16:11:06,703 | WARNING | Unknown message type "gridworks.event.report" in hw1__1/eventstore/20241013/hw1.isone.me.versant.keene.beech.scada-gridworks.event.report-1728787898052-ear.electricity.works.json
2026-08-25 16:11:06,703 | WARNING | Unknown message type "gridworks.event.report" in hw1__1/eventstore/20241013/hw1.isone.me.versant.keene.beech.scada-gridworks.event.report-1728787898052-ear.electricity.works.json
2026-08-25 16:11:06,703 | WARNING | Unknown message type "gridworks.event.report" in hw1__1/eventstore/20241013/hw1.isone.me.versant.keene.beech.scada-gridworks.event.report-1728787898336-ear.electricity.works.json
2026-08-25 16:11:06,703 | WARNING | Unknown message type "gridworks.event.report" in hw1__1/eventstore/20241013/hw1.isone.me.versant.keene.beech.scada-gridworks.event.report-1728787898336-ear.electricity.works.json
2026-08-25 16:11:06,703 | WARNING | Unknown message type "gridworks.event.report" in hw1__1/eventstore/20241013/hw1.isone.me.versant.keene.beech.scada-gridworks.event.report-1728787898534-ear.electricity.works.json
2026-08-25 16:11:06,703 | WARNING | Unknown message type "gridworks.event.report" in hw1__1/eventstore/20241013/hw1.isone.me.versant.keene.beech.scada-gridworks.event.report-1728787898534-ear.electricity.works.json
2026-08-25 16:11:06,703 | WARNING | Unknown message type "gridworks.event.report" in hw1__1/eventstore/20241013/hw1.isone.me.versant.keene.beech.scada-gridworks.event.report-1728787898646-ear.electricity.works.json
2026-08-25 16:11:06,703 | WARNING | Unknown message type "gridworks.event.report" in hw1__1/eventstore/20241013/hw1.isone.me.versant.keene.beech.scada-gridworks.event.report-1728787898646-ear.electricity.works.json
2026-08-25 16:11:06,703 | WARNING | Unknown message type "gridworks.event.report" in hw1__1/eventstore/20241013/hw1.isone.me.versant.keene.beech.scada-gridworks.event.report-1728787898878-ear.electricity.works.json
2026-08-25 16:11:06,703 | WARNING | Unknown message type "gridworks.event.report" in hw1__1/eventstore/20241013/hw1.isone.me.versant.keene.beech.scada-gridworks.event.report-1728787898878-ear.electricity.works.json
2026-08-25 16:11:06,703 | WARNING | Unknown message type "gridworks.event.report" in hw1__1/eventstore/20241013/hw1.isone.me.versant.keene.beech.scada-gridworks.event.report-1728787899009-ear.electricity.works.json
2026-08-25 16:11:06,703 | WARNING | Unknown message type "gridworks.event.report" in hw1__1/eventstore/20241013/hw1.isone.me.versant.keene.beech.scada-gridworks.event.report-1728787899009-ear.electricity.works.json
2026-08-25 16:11:06,703 | WARNING | Unknown message type "gridworks.event.report" in hw1__1/eventstore/20241013/hw1.isone.me.versant.keene.beech.scada-gridworks.event.report-1728787899220-ear.electricity.works.json
2026-08-25 16:11:06,703 | WARNING | Unknown message type "gridworks.event.report" in hw1__1/eventstore/20241013/hw1.isone.me.versant.keene.beech.scada-gridworks.event.report-1728787899220-ear.electricity.works.json
2026-08-25 16:11:06,703 | WARNING | Unknown message type "gridworks.event.report" in hw1__1/eventstore/20241013/hw1.isone.me.versant.keene.beech.scada-gridworks.event.report-1728787900017-ear.electricity.works.json
2026-08-25 16:11:06,703 | WARNING | Unknown message type "gridworks.event.report" in hw1__1/eventstore/20241013/hw1.isone.me.versant.keene.beech.scada-gridworks.event.report-1728787900017-ear.electricity.works.json
2026-08-25 16:11:06,703 | WARNING | Unknown message type "gridworks.event.report" in hw1__1/eventstore/20241013/hw1.isone.me.versant.keene.beech.scada-gridworks.event.report-1728787900245-ear.electricity.works.json
2026-08-25 16:11:06,703 | WARNING | Unknown message type "gridworks.event.report" in hw1__1/eventstore/20241013/hw1.isone.me.versant.keene.beech.scada-gridworks.event.report-1728787900245-ear.electricity.works.json
2026-08-25 16:11:06,703 | WARNING | Unknown message type "gridworks.event.report" in hw1__1/eventstore/20241013/hw1.isone.me.versant.keene.beech.scada-gridworks.event.report-1728787900407-ear.electricity.works.json
2026-08-25 16:11:06,703 | WARNING | Unknown message type "gridworks.event.report" in hw1__1/eventstore/20241013/hw1.isone.me.versant.keene.beech.scada-gridworks.event.report-1728787900407-ear.electricity.works.json
2026-08-25 16:11:06,703 | WARNING | Unknown message type "gridworks.event.report" in hw1__1/eventstore/20241013/hw1.isone.me.versant.keene.beech.scada-gridworks.event.report-1728787900463-ear.electricity.works.json
2026-08-25 16:11:06,703 | WARNING | Unknown message type "gridworks.event.report" in hw1__1/eventstore/20241013/hw1.isone.me.versant.keene.beech.scada-gridworks.event.report-1728787900463-ear.electricity.works.json
2026-08-25 16:11:06,703 | WARNING | Unknown message type "gridworks.event.report" in hw1__1/eventstore/20241013/hw1.isone.me.versant.keene.beech.scada-gridworks.event.report-1728787900648-ear.electricity.works.json
2026-08-25 16:11:06,703 | WARNING | Unknown message type "gridworks.event.report" in hw1__1/eventstore/20241013/hw1.isone.me.versant.keene.beech.scada-gridworks.event.report-1728787900648-ear.electricity.works.json
2026-08-25 16:11:06,703 | WARNING | Unknown message type "gridworks.event.report" in hw1__1/eventstore/20241013/hw1.isone.me.versant.keene.beech.scada-gridworks.event.report-1728787900743-ear.electricity.works.json
2026-08-25 16:11:06,703 | WARNING | Unknown message type "gridworks.event.report" in hw1__1/eventstore/20241013/hw1.isone.me.versant.keene.beech.scada-gridworks.event.report-1728787900743-ear.electricity.works.json
2026-08-25 16:11:06,703 | WARNING | Unknown message type "gridworks.event.report" in hw1__1/eventstore/20241013/hw1.isone.me.versant.keene.beech.scada-gridworks.event.report-1728787900820-ear.electricity.works.json
2026-08-25 16:11:06,703 | WARNING | Unknown message type "gridworks.event.report" in hw1__1/eventstore/20241013/hw1.isone.me.versant.keene.beech.scada-gridworks.event.report-1728787900820-ear.electricity.works.json
2026-08-25 16:11:06,703 | WARNING | Unknown message type "gridworks.event.report" in hw1__1/eventstore/20241013/hw1.isone.me.versant.keene.beech.scada-gridworks.event.report-1728787901258-ear.electricity.works.json
2026-08-25 16:11:06,703 | WARNING | Unknown message type "gridworks.event.report" in hw1__1/eventstore/20241013/hw1.isone.me.versant.keene.beech.scada-gridworks.event.report-1728787901258-ear.electricity.works.json
2026-08-25 16:11:06,703 | WARNING | Unknown message type "gridworks.event.report" in hw1__1/eventstore/20241013/hw1.isone.me.versant.keene.beech.scada-gridworks.event.report-1728787901737-ear.electricity.works.json
2026-08-25 16:11:06,703 | WARNING | Unknown message type "gridworks.event.report" in hw1__1/eventstore/20241013/hw1.isone.me.versant.keene.beech.scada-gridworks.event.report-1728787901737-ear.electricity.works.json
2026-08-25 16:11:06,703 | WARNING | Unknown message type "gridworks.event.report" in hw1__1/eventstore/20241013/hw1.isone.me.versant.keene.beech.scada-gridworks.event.report-1728787901903-ear.electricity.works.json
2026-08-25 16:11:06,703 | WARNING | Unknown message type "gridworks.event.report" in hw1__1/eventstore/20241013/hw1.isone.me.versant.keene.beech.scada-gridworks.event.report-1728787901903-ear.electricity.works.json
2026-08-25 16:11:06,703 | WARNING | Unknown message type "gridworks.event.report" in hw1__1/eventstore/20241013/hw1.isone.me.versant.keene.beech.scada-gridworks.event.report-1728787902031-ear.electricity.works.json
2026-08-25 16:11:06,703 | WARNING | Unknown message type "gridworks.event.report" in hw1__1/eventstore/20241013/hw1.isone.me.versant.keene.beech.scada-gridworks.event.report-1728787902031-ear.electricity.works.json
2026-08-25 16:11:06,703 | WARNING | Unknown message type "gridworks.event.report" in hw1__1/eventstore/20241013/hw1.isone.me.versant.keene.beech.scada-gridworks.event.report-1728787902168-ear.electricity.works.json
2026-08-25 16:11:06,703 | WARNING | Unknown message type "gridworks.event.report" in hw1__1/eventstore/20241013/hw1.isone.me.versant.keene.beech.scada-gridworks.event.report-1728787902168-ear.electricity.works.json
2026-08-25 16:11:06,703 | WARNING | Unknown message type "gridworks.event.report" in hw1__1/eventstore/20241013/hw1.isone.me.versant.keene.beech.scada-gridworks.event.report-1728787902280-ear.electricity.works.json
2026-08-25 16:11:06,703 | WARNING | Unknown message type "gridworks.event.report" in hw1__1/eventstore/20241013/hw1.isone.me.versant.keene.beech.scada-gridworks.event.report-1728787902280-ear.electricity.works.json
2026-08-25 16:11:06,703 | WARNING | Unknown message type "gridworks.event.report" in hw1__1/eventstore/20241013/hw1.isone.me.versant.keene.beech.scada-gridworks.event.report-1728787902365-ear.electricity.works.json
2026-08-25 16:11:06,703 | WARNING | Unknown message type "gridworks.event.report" in hw1__1/eventstore/20241013/hw1.isone.me.versant.keene.beech.scada-gridworks.event.report-1728787902365-ear.electricity.works.json
2026-08-25 16:11:06,703 | WARNING | Unknown message type "gridworks.event.report" in hw1__1/eventstore/20241013/hw1.isone.me.versant.keene.beech.scada-gridworks.event.report-1728787902663-ear.electricity.works.json
2026-08-25 16:11:06,703 | WARNING | Unknown message type "gridworks.event.report" in hw1__1/eventstore/20241013/hw1.isone.me.versant.keene.beech.scada-gridworks.event.report-1728787902663-ear.electricity.works.json
2026-08-25 16:11:06,703 | WARNING | Unknown message type "gridworks.event.report" in hw1__1/eventstore/20241013/hw1.isone.me.versant.keene.beech.scada-gridworks.event.report-1728787903119-ear.electricity.works.json
2026-08-25 16:11:06,703 | WARNING | Unknown message type "gridworks.event.report" in hw1__1/eventstore/20241013/hw1.isone.me.versant.keene.beech.scada-gridworks.event.report-1728787903119-ear.electricity.works.json
2026-08-25 16:11:06,703 | WARNING | Unknown message type "gridworks.event.report" in hw1__1/eventstore/20241013/hw1.isone.me.versant.keene.beech.scada-gridworks.event.report-1728787903352-ear.electricity.works.json
2026-08-25 16:11:06,703 | WARNING | Unknown message type "gridworks.event.report" in hw1__1/eventstore/20241013/hw1.isone.me.versant.keene.beech.scada-gridworks.event.report-1728787903352-ear.electricity.works.json
2026-08-25 16:11:06,703 | WARNING | Unknown message type "gridworks.event.report" in hw1__1/eventstore/20241013/hw1.isone.me.versant.keene.beech.scada-gridworks.event.report-1728787903409-ear.electricity.works.json
2026-08-25 16:11:06,703 | WARNING | Unknown message type "gridworks.event.report" in hw1__1/eventstore/20241013/hw1.isone.me.versant.keene.beech.scada-gridworks.event.report-1728787903409-ear.electricity.works.json
2026-08-25 16:11:06,703 | WARNING | Unknown message type "gridworks.event.report" in hw1__1/eventstore/20241013/hw1.isone.me.versant.keene.beech.scada-gridworks.event.report-1728787903643-ear.electricity.works.json
2026-08-25 16:11:06,703 | WARNING | Unknown message type "gridworks.event.report" in hw1__1/eventstore/20241013/hw1.isone.me.versant.keene.beech.scada-gridworks.event.report-1728787903643-ear.electricity.works.json
2026-08-25 16:11:06,703 | WARNING | Unknown message type "gridworks.event.report" in hw1__1/eventstore/20241013/hw1.isone.me.versant.keene.beech.scada-gridworks.event.report-1728787903769-ear.electricity.works.json
2026-08-25 16:11:06,703 | WARNING | Unknown message type "gridworks.event.report" in hw1__1/eventstore/20241013/hw1.isone.me.versant.keene.beech.scada-gridworks.event.report-1728787903769-ear.electricity.works.json
2026-08-25 16:11:06,703 | WARNING | Unknown message type "gridworks.event.report" in hw1__1/eventstore/20241013/hw1.isone.me.versant.keene.beech.scada-gridworks.event.report-1728787903827-ear.electricity.works.json
2026-08-25 16:11:06,703 | WARNING | Unknown message type "gridworks.event.report" in hw1__1/eventstore/20241013/hw1.isone.me.versant.keene.beech.scada-gridworks.event.report-1728787903827-ear.electricity.works.json
2026-08-25 16:11:06,703 | WARNING | Unknown message type "gridworks.event.report" in hw1__1/eventstore/20241013/hw1.isone.me.versant.keene.beech.scada-gridworks.event.report-1728787903918-ear.electricity.works.json
2026-08-25 16:11:06,703 | WARNING | Unknown message type "gridworks.event.report" in hw1__1/eventstore/20241013/hw1.isone.me.versant.keene.beech.scada-gridworks.event.report-1728787903918-ear.electricity.works.json
2026-08-25 16:11:06,703 | WARNING | Unknown message type "gridworks.event.report" in hw1__1/eventstore/20241013/hw1.isone.me.versant.keene.beech.scada-gridworks.event.report-1728787904540-ear.electricity.works.json
2026-08-25 16:11:06,703 | WARNING | Unknown message type "gridworks.event.report" in hw1__1/eventstore/20241013/hw1.isone.me.versant.keene.beech.scada-gridworks.event.report-1728787904540-ear.electricity.works.json
2026-08-25 16:11:06,703 | WARNING | Unknown message type "gridworks.event.report" in hw1__1/eventstore/20241013/hw1.isone.me.versant.keene.beech.scada-gridworks.event.report-1728787904721-ear.electricity.works.json
2026-08-25 16:11:06,703 | WARNING | Unknown message type "gridworks.event.report" in hw1__1/eventstore/20241013/hw1.isone.me.versant.keene.beech.scada-gridworks.event.report-1728787904721-ear.electricity.works.json
2026-08-25 16:11:06,703 | WARNING | Unknown message type "gridworks.event.report" in hw1__1/eventstore/20241013/hw1.isone.me.versant.keene.beech.scada-gridworks.event.report-1728787904911-ear.electricity.works.json
2026-08-25 16:11:06,703 | WARNING | Unknown message type "gridworks.event.report" in hw1__1/eventstore/20241013/hw1.isone.me.versant.keene.beech.scada-gridworks.event.report-1728787904911-ear.electricity.works.json
2026-08-25 16:11:06,703 | WARNING | Unknown message type "gridworks.event.report" in hw1__1/eventstore/20241013/hw1.isone.me.versant.keene.beech.scada-gridworks.event.report-1728787905033-ear.electricity.works.json
2026-08-25 16:11:06,703 | WARNING | Unknown message type "gridworks.event.report" in hw1__1/eventstore/20241013/hw1.isone.me.versant.keene.beech.scada-gridworks.event.report-1728787905033-ear.electricity.works.json
2026-08-25 16:11:06,703 | WARNING | Unknown message type "gridworks.event.report" in hw1__1/eventstore/20241013/hw1.isone.me.versant.keene.beech.scada-gridworks.event.report-1728787905200-ear.electricity.works.json
2026-08-25 16:11:06,703 | WARNING | Unknown message type "gridworks.event.report" in hw1__1/eventstore/20241013/hw1.isone.me.versant.keene.beech.scada-gridworks.event.report-1728787905200-ear.electricity.works.json
2026-08-25 16:11:06,703 | WARNING | Unknown message type "gridworks.event.report" in hw1__1/eventstore/20241013/hw1.isone.me.versant.keene.beech.scada-gridworks.event.report-1728787905268-ear.electricity.works.json
2026-08-25 16:11:06,703 | WARNING | Unknown message type "gridworks.event.report" in hw1__1/eventstore/20241013/hw1.isone.me.versant.keene.beech.scada-gridworks.event.report-1728787905268-ear.electricity.works.json
2026-08-25 16:11:06,703 | WARNING | Unknown message type "gridworks.event.report" in hw1__1/eventstore/20241013/hw1.isone.me.versant.keene.beech.scada-gridworks.event.report-1728787905347-ear.electricity.works.json
2026-08-25 16:11:06,703 | WARNING | Unknown message type "gridworks.event.report" in hw1__1/eventstore/20241013/hw1.isone.me.versant.keene.beech.scada-gridworks.event.report-1728787905347-ear.electricity.works.json
2026-08-25 16:11:06,703 | WARNING | Unknown message type "gridworks.event.report" in hw1__1/eventstore/20241013/hw1.isone.me.versant.keene.beech.scada-gridworks.event.report-1728787906057-ear.electricity.works.json
2026-08-25 16:11:06,703 | WARNING | Unknown message type "gridworks.event.report" in hw1__1/eventstore/20241013/hw1.isone.me.versant.keene.beech.scada-gridworks.event.report-1728787906057-ear.electricity.works.json
2026-08-25 16:11:06,703 | WARNING | Unknown message type "gridworks.event.report" in hw1__1/eventstore/20241013/hw1.isone.me.versant.keene.beech.scada-gridworks.event.report-1728787906261-ear.electricity.works.json
2026-08-25 16:11:06,703 | WARNING | Unknown message type "gridworks.event.report" in hw1__1/eventstore/20241013/hw1.isone.me.versant.keene.beech.scada-gridworks.event.report-1728787906261-ear.electricity.works.json
2026-08-25 16:11:06,704 | WARNING | Unknown message type "gridworks.event.report" in hw1__1/eventstore/20241013/hw1.isone.me.versant.keene.beech.scada-gridworks.event.report-1728787906507-ear.electricity.works.json
2026-08-25 16:11:06,704 | WARNING | Unknown message type "gridworks.event.report" in hw1__1/eventstore/20241013/hw1.isone.me.versant.keene.beech.scada-gridworks.event.report-1728787906507-ear.electricity.works.json
2026-08-25 16:11:06,704 | WARNING | Unknown message type "gridworks.event.report" in hw1__1/eventstore/20241013/hw1.isone.me.versant.keene.beech.scada-gridworks.event.report-1728787906616-ear.electricity.works.json
2026-08-25 16:11:06,704 | WARNING | Unknown message type "gridworks.event.report" in hw1__1/eventstore/20241013/hw1.isone.me.versant.keene.beech.scada-gridworks.event.report-1728787906616-ear.electricity.works.json
2026-08-25 16:11:06,704 | WARNING | Unknown message type "gridworks.event.report" in hw1__1/eventstore/20241013/hw1.isone.me.versant.keene.beech.scada-gridworks.event.report-1728787906771-ear.electricity.works.json
2026-08-25 16:11:06,704 | WARNING | Unknown message type "gridworks.event.report" in hw1__1/eventstore/20241013/hw1.isone.me.versant.keene.beech.scada-gridworks.event.report-1728787906771-ear.electricity.works.json
2026-08-25 16:11:06,704 | WARNING | Unknown message type "gridworks.event.report" in hw1__1/eventstore/20241013/hw1.isone.me.versant.keene.beech.scada-gridworks.event.report-1728787906841-ear.electricity.works.json
2026-08-25 16:11:06,704 | WARNING | Unknown message type "gridworks.event.report" in hw1__1/eventstore/20241013/hw1.isone.me.versant.keene.beech.scada-gridworks.event.report-1728787906841-ear.electricity.works.json
2026-08-25 16:11:06,704 | WARNING | Unknown message type "gridworks.event.report" in hw1__1/eventstore/20241013/hw1.isone.me.versant.keene.beech.scada-gridworks.event.report-1728787906917-ear.electricity.works.json
2026-08-25 16:11:06,704 | WARNING | Unknown message type "gridworks.event.report" in hw1__1/eventstore/20241013/hw1.isone.me.versant.keene.beech.scada-gridworks.event.report-1728787906917-ear.electricity.works.json
2026-08-25 16:11:06,704 | WARNING | Unknown message type "gridworks.event.report" in hw1__1/eventstore/20241013/hw1.isone.me.versant.keene.beech.scada-gridworks.event.report-1728787907478-ear.electricity.works.json
2026-08-25 16:11:06,704 | WARNING | Unknown message type "gridworks.event.report" in hw1__1/eventstore/20241013/hw1.isone.me.versant.keene.beech.scada-gridworks.event.report-1728787907478-ear.electricity.works.json
2026-08-25 16:11:06,704 | WARNING | Unknown message type "gridworks.event.report" in hw1__1/eventstore/20241013/hw1.isone.me.versant.keene.beech.scada-gridworks.event.report-1728787907654-ear.electricity.works.json
2026-08-25 16:11:06,704 | WARNING | Unknown message type "gridworks.event.report" in hw1__1/eventstore/20241013/hw1.isone.me.versant.keene.beech.scada-gridworks.event.report-1728787907654-ear.electricity.works.json
2026-08-25 16:11:06,704 | WARNING | Unknown message type "gridworks.event.report" in hw1__1/eventstore/20241013/hw1.isone.me.versant.keene.beech.scada-gridworks.event.report-1728787907889-ear.electricity.works.json
2026-08-25 16:11:06,704 | WARNING | Unknown message type "gridworks.event.report" in hw1__1/eventstore/20241013/hw1.isone.me.versant.keene.beech.scada-gridworks.event.report-1728787907889-ear.electricity.works.json
2026-08-25 16:11:06,704 | WARNING | Unknown message type "gridworks.event.report" in hw1__1/eventstore/20241013/hw1.isone.me.versant.keene.beech.scada-gridworks.event.report-1728787907970-ear.electricity.works.json
2026-08-25 16:11:06,704 | WARNING | Unknown message type "gridworks.event.report" in hw1__1/eventstore/20241013/hw1.isone.me.versant.keene.beech.scada-gridworks.event.report-1728787907970-ear.electricity.works.json
2026-08-25 16:11:06,704 | WARNING | Unknown message type "gridworks.event.report" in hw1__1/eventstore/20241013/hw1.isone.me.versant.keene.beech.scada-gridworks.event.report-1728787908138-ear.electricity.works.json
2026-08-25 16:11:06,704 | WARNING | Unknown message type "gridworks.event.report" in hw1__1/eventstore/20241013/hw1.isone.me.versant.keene.beech.scada-gridworks.event.report-1728787908138-ear.electricity.works.json
2026-08-25 16:11:06,704 | WARNING | Unknown message type "gridworks.event.report" in hw1__1/eventstore/20241013/hw1.isone.me.versant.keene.beech.scada-gridworks.event.report-1728787908233-ear.electricity.works.json
2026-08-25 16:11:06,704 | WARNING | Unknown message type "gridworks.event.report" in hw1__1/eventstore/20241013/hw1.isone.me.versant.keene.beech.scada-gridworks.event.report-1728787908233-ear.electricity.works.json
2026-08-25 16:11:06,704 | WARNING | Unknown message type "gridworks.event.report" in hw1__1/eventstore/20241013/hw1.isone.me.versant.keene.beech.scada-gridworks.event.report-1728787908354-ear.electricity.works.json
2026-08-25 16:11:06,704 | WARNING | Unknown message type "gridworks.event.report" in hw1__1/eventstore/20241013/hw1.isone.me.versant.keene.beech.scada-gridworks.event.report-1728787908354-ear.electricity.works.json
2026-08-25 16:11:06,704 | WARNING | Unknown message type "gridworks.event.report" in hw1__1/eventstore/20241013/hw1.isone.me.versant.keene.beech.scada-gridworks.event.report-1728787908881-ear.electricity.works.json
2026-08-25 16:11:06,704 | WARNING | Unknown message type "gridworks.event.report" in hw1__1/eventstore/20241013/hw1.isone.me.versant.keene.beech.scada-gridworks.event.report-1728787908881-ear.electricity.works.json
2026-08-25 16:11:06,704 | WARNING | Unknown message type "gridworks.event.report" in hw1__1/eventstore/20241013/hw1.isone.me.versant.keene.beech.scada-gridworks.event.report-1728787909220-ear.electricity.works.json
2026-08-25 16:11:06,704 | WARNING | Unknown message type "gridworks.event.report" in hw1__1/eventstore/20241013/hw1.isone.me.versant.keene.beech.scada-gridworks.event.report-1728787909220-ear.electricity.works.json
2026-08-25 16:11:06,704 | WARNING | Unknown message type "gridworks.event.report" in hw1__1/eventstore/20241013/hw1.isone.me.versant.keene.beech.scada-gridworks.event.report-1728787909355-ear.electricity.works.json
2026-08-25 16:11:06,704 | WARNING | Unknown message type "gridworks.event.report" in hw1__1/eventstore/20241013/hw1.isone.me.versant.keene.beech.scada-gridworks.event.report-1728787909355-ear.electricity.works.json
2026-08-25 16:11:06,704 | WARNING | Unknown message type "gridworks.event.report" in hw1__1/eventstore/20241013/hw1.isone.me.versant.keene.beech.scada-gridworks.event.report-1728787909423-ear.electricity.works.json
2026-08-25 16:11:06,704 | WARNING | Unknown message type "gridworks.event.report" in hw1__1/eventstore/20241013/hw1.isone.me.versant.keene.beech.scada-gridworks.event.report-1728787909423-ear.electricity.works.json
2026-08-25 16:11:06,704 | WARNING | Unknown message type "gridworks.event.report" in hw1__1/eventstore/20241013/hw1.isone.me.versant.keene.beech.scada-gridworks.event.report-1728787909534-ear.electricity.works.json
2026-08-25 16:11:06,704 | WARNING | Unknown message type "gridworks.event.report" in hw1__1/eventstore/20241013/hw1.isone.me.versant.keene.beech.scada-gridworks.event.report-1728787909534-ear.electricity.works.json
2026-08-25 16:11:06,704 | WARNING | Unknown message type "gridworks.event.report" in hw1__1/eventstore/20241013/hw1.isone.me.versant.keene.beech.scada-gridworks.event.report-1728787909610-ear.electricity.works.json
2026-08-25 16:11:06,704 | WARNING | Unknown message type "gridworks.event.report" in hw1__1/eventstore/20241013/hw1.isone.me.versant.keene.beech.scada-gridworks.event.report-1728787909610-ear.electricity.works.json
2026-08-25 16:11:06,704 | WARNING | Unknown message type "gridworks.event.report" in hw1__1/eventstore/20241013/hw1.isone.me.versant.keene.beech.scada-gridworks.event.report-1728787909758-ear.electricity.works.json
2026-08-25 16:11:06,704 | WARNING | Unknown message type "gridworks.event.report" in hw1__1/eventstore/20241013/hw1.isone.me.versant.keene.beech.scada-gridworks.event.report-1728787909758-ear.electricity.works.json
2026-08-25 16:11:06,704 | WARNING | Unknown message type "gridworks.event.report" in hw1__1/eventstore/20241013/hw1.isone.me.versant.keene.beech.scada-gridworks.event.report-1728787910155-ear.electricity.works.json
2026-08-25 16:11:06,704 | WARNING | Unknown message type "gridworks.event.report" in hw1__1/eventstore/20241013/hw1.isone.me.versant.keene.beech.scada-gridworks.event.report-1728787910155-ear.electricity.works.json
2026-08-25 16:11:06,704 | WARNING | Unknown message type "gridworks.event.report" in hw1__1/eventstore/20241013/hw1.isone.me.versant.keene.beech.scada-gridworks.event.report-1728787910735-ear.electricity.works.json
2026-08-25 16:11:06,704 | WARNING | Unknown message type "gridworks.event.report" in hw1__1/eventstore/20241013/hw1.isone.me.versant.keene.beech.scada-gridworks.event.report-1728787910735-ear.electricity.works.json
2026-08-25 16:11:06,704 | WARNING | Unknown message type "gridworks.event.report" in hw1__1/eventstore/20241013/hw1.isone.me.versant.keene.beech.scada-gridworks.event.report-1728787910983-ear.electricity.works.json
2026-08-25 16:11:06,704 | WARNING | Unknown message type "gridworks.event.report" in hw1__1/eventstore/20241013/hw1.isone.me.versant.keene.beech.scada-gridworks.event.report-1728787910983-ear.electricity.works.json
2026-08-25 16:11:06,704 | WARNING | Unknown message type "gridworks.event.report" in hw1__1/eventstore/20241013/hw1.isone.me.versant.keene.beech.scada-gridworks.event.report-1728787911044-ear.electricity.works.json
2026-08-25 16:11:06,704 | WARNING | Unknown message type "gridworks.event.report" in hw1__1/eventstore/20241013/hw1.isone.me.versant.keene.beech.scada-gridworks.event.report-1728787911044-ear.electricity.works.json
2026-08-25 16:11:06,704 | WARNING | Unknown message type "gridworks.event.report" in hw1__1/eventstore/20241013/hw1.isone.me.versant.keene.beech.scada-gridworks.event.report-1728787911224-ear.electricity.works.json
2026-08-25 16:11:06,704 | WARNING | Unknown message type "gridworks.event.report" in hw1__1/eventstore/20241013/hw1.isone.me.versant.keene.beech.scada-gridworks.event.report-1728787911224-ear.electricity.works.json
2026-08-25 16:11:06,704 | WARNING | Unknown message type "gridworks.event.report" in hw1__1/eventstore/20241013/hw1.isone.me.versant.keene.beech.scada-gridworks.event.report-1728787911312-ear.electricity.works.json
2026-08-25 16:11:06,704 | WARNING | Unknown message type "gridworks.event.report" in hw1__1/eventstore/20241013/hw1.isone.me.versant.keene.beech.scada-gridworks.event.report-1728787911312-ear.electricity.works.json
2026-08-25 16:11:06,704 | WARNING | Unknown message type "gridworks.event.report" in hw1__1/eventstore/20241013/hw1.isone.me.versant.keene.beech.scada-gridworks.event.report-1728787911415-ear.electricity.works.json
2026-08-25 16:11:06,704 | WARNING | Unknown message type "gridworks.event.report" in hw1__1/eventstore/20241013/hw1.isone.me.versant.keene.beech.scada-gridworks.event.report-1728787911415-ear.electricity.works.json
2026-08-25 16:11:06,704 | WARNING | Unknown message type "gridworks.event.report" in hw1__1/eventstore/20241013/hw1.isone.me.versant.keene.beech.scada-gridworks.event.report-1728787911500-ear.electricity.works.json
2026-08-25 16:11:06,704 | WARNING | Unknown message type "gridworks.event.report" in hw1__1/eventstore/20241013/hw1.isone.me.versant.keene.beech.scada-gridworks.event.report-1728787911500-ear.electricity.works.json
2026-08-25 16:11:06,704 | WARNING | Unknown message type "gridworks.event.report" in hw1__1/eventstore/20241013/hw1.isone.me.versant.keene.beech.scada-gridworks.event.report-1728787912299-ear.electricity.works.json
2026-08-25 16:11:06,704 | WARNING | Unknown message type "gridworks.event.report" in hw1__1/eventstore/20241013/hw1.isone.me.versant.keene.beech.scada-gridworks.event.report-1728787912299-ear.electricity.works.json
2026-08-25 16:11:06,704 | WARNING | Unknown message type "gridworks.event.report" in hw1__1/eventstore/20241013/hw1.isone.me.versant.keene.beech.scada-gridworks.event.report-1728787912445-ear.electricity.works.json
2026-08-25 16:11:06,704 | WARNING | Unknown message type "gridworks.event.report" in hw1__1/eventstore/20241013/hw1.isone.me.versant.keene.beech.scada-gridworks.event.report-1728787912445-ear.electricity.works.json
2026-08-25 16:11:06,704 | WARNING | Unknown message type "gridworks.event.report" in hw1__1/eventstore/20241013/hw1.isone.me.versant.keene.beech.scada-gridworks.event.report-1728787912699-ear.electricity.works.json
2026-08-25 16:11:06,704 | WARNING | Unknown message type "gridworks.event.report" in hw1__1/eventstore/20241013/hw1.isone.me.versant.keene.beech.scada-gridworks.event.report-1728787912699-ear.electricity.works.json
2026-08-25 16:11:06,704 | WARNING | Unknown message type "gridworks.event.report" in hw1__1/eventstore/20241013/hw1.isone.me.versant.keene.beech.scada-gridworks.event.report-1728787912946-ear.electricity.works.json
2026-08-25 16:11:06,704 | WARNING | Unknown message type "gridworks.event.report" in hw1__1/eventstore/20241013/hw1.isone.me.versant.keene.beech.scada-gridworks.event.report-1728787912946-ear.electricity.works.json
2026-08-25 16:11:06,704 | WARNING | Unknown message type "gridworks.event.report" in hw1__1/eventstore/20241013/hw1.isone.me.versant.keene.beech.scada-gridworks.event.report-1728787913049-ear.electricity.works.json
2026-08-25 16:11:06,704 | WARNING | Unknown message type "gridworks.event.report" in hw1__1/eventstore/20241013/hw1.isone.me.versant.keene.beech.scada-gridworks.event.report-1728787913049-ear.electricity.works.json
2026-08-25 16:11:06,704 | WARNING | Unknown message type "gridworks.event.report" in hw1__1/eventstore/20241013/hw1.isone.me.versant.keene.beech.scada-gridworks.event.report-1728787913135-ear.electricity.works.json
2026-08-25 16:11:06,704 | WARNING | Unknown message type "gridworks.event.report" in hw1__1/eventstore/20241013/hw1.isone.me.versant.keene.beech.scada-gridworks.event.report-1728787913135-ear.electricity.works.json
2026-08-25 16:11:06,704 | WARNING | Unknown message type "gridworks.event.report" in hw1__1/eventstore/20241013/hw1.isone.me.versant.keene.beech.scada-gridworks.event.report-1728787913248-ear.electricity.works.json
2026-08-25 16:11:06,704 | WARNING | Unknown message type "gridworks.event.report" in hw1__1/eventstore/20241013/hw1.isone.me.versant.keene.beech.scada-gridworks.event.report-1728787913248-ear.electricity.works.json
2026-08-25 16:11:06,704 | WARNING | Unknown message type "gridworks.event.report" in hw1__1/eventstore/20241013/hw1.isone.me.versant.keene.beech.scada-gridworks.event.report-1728788100279-ear.electricity.works.json
2026-08-25 16:11:06,704 | WARNING | Unknown message type "gridworks.event.report" in hw1__1/eventstore/20241013/hw1.isone.me.versant.keene.beech.scada-gridworks.event.report-1728788100279-ear.electricity.works.json
2026-08-25 16:11:06,704 | WARNING | Unknown message type "gridworks.event.report" in hw1__1/eventstore/20241013/hw1.isone.me.versant.keene.beech.scada-gridworks.event.report-1728788400324-ear.electricity.works.json
2026-08-25 16:11:06,704 | WARNING | Unknown message type "gridworks.event.report" in hw1__1/eventstore/20241013/hw1.isone.me.versant.keene.beech.scada-gridworks.event.report-1728788400324-ear.electricity.works.json
2026-08-25 16:11:06,704 | WARNING | Unknown message type "gridworks.event.report" in hw1__1/eventstore/20241013/hw1.isone.me.versant.keene.beech.scada-gridworks.event.report-1728788700263-ear.electricity.works.json
2026-08-25 16:11:06,704 | WARNING | Unknown message type "gridworks.event.report" in hw1__1/eventstore/20241013/hw1.isone.me.versant.keene.beech.scada-gridworks.event.report-1728788700263-ear.electricity.works.json
2026-08-25 16:11:06,704 | WARNING | Unknown message type "gridworks.event.report" in hw1__1/eventstore/20241013/hw1.isone.me.versant.keene.beech.scada-gridworks.event.report-1728789000344-ear.electricity.works.json
2026-08-25 16:11:06,704 | WARNING | Unknown message type "gridworks.event.report" in hw1__1/eventstore/20241013/hw1.isone.me.versant.keene.beech.scada-gridworks.event.report-1728789000344-ear.electricity.works.json
2026-08-25 16:11:06,704 | WARNING | Unknown message type "gridworks.event.report" in hw1__1/eventstore/20241013/hw1.isone.me.versant.keene.beech.scada-gridworks.event.report-1728789300354-ear.electricity.works.json
2026-08-25 16:11:06,704 | WARNING | Unknown message type "gridworks.event.report" in hw1__1/eventstore/20241013/hw1.isone.me.versant.keene.beech.scada-gridworks.event.report-1728789300354-ear.electricity.works.json
2026-08-25 16:11:06,704 | WARNING | Unknown message type "gridworks.event.report" in hw1__1/eventstore/20241013/hw1.isone.me.versant.keene.beech.scada-gridworks.event.report-1728789600293-ear.electricity.works.json
2026-08-25 16:11:06,704 | WARNING | Unknown message type "gridworks.event.report" in hw1__1/eventstore/20241013/hw1.isone.me.versant.keene.beech.scada-gridworks.event.report-1728789600293-ear.electricity.works.json
2026-08-25 16:11:06,704 | WARNING | Unknown message type "gridworks.event.report" in hw1__1/eventstore/20241013/hw1.isone.me.versant.keene.beech.scada-gridworks.event.report-1728789900237-ear.electricity.works.json
2026-08-25 16:11:06,704 | WARNING | Unknown message type "gridworks.event.report" in hw1__1/eventstore/20241013/hw1.isone.me.versant.keene.beech.scada-gridworks.event.report-1728789900237-ear.electricity.works.json
2026-08-25 16:11:06,704 | WARNING | Unknown message type "gridworks.event.report" in hw1__1/eventstore/20241013/hw1.isone.me.versant.keene.beech.scada-gridworks.event.report-1728790200262-ear.electricity.works.json
2026-08-25 16:11:06,704 | WARNING | Unknown message type "gridworks.event.report" in hw1__1/eventstore/20241013/hw1.isone.me.versant.keene.beech.scada-gridworks.event.report-1728790200262-ear.electricity.works.json
2026-08-25 16:11:06,704 | WARNING | Unknown message type "gridworks.event.report" in hw1__1/eventstore/20241013/hw1.isone.me.versant.keene.beech.scada-gridworks.event.report-1728790500319-ear.electricity.works.json
2026-08-25 16:11:06,704 | WARNING | Unknown message type "gridworks.event.report" in hw1__1/eventstore/20241013/hw1.isone.me.versant.keene.beech.scada-gridworks.event.report-1728790500319-ear.electricity.works.json
2026-08-25 16:11:06,704 | WARNING | Unknown message type "gridworks.event.report" in hw1__1/eventstore/20241013/hw1.isone.me.versant.keene.beech.scada-gridworks.event.report-1728790800271-ear.electricity.works.json
2026-08-25 16:11:06,704 | WARNING | Unknown message type "gridworks.event.report" in hw1__1/eventstore/20241013/hw1.isone.me.versant.keene.beech.scada-gridworks.event.report-1728790800271-ear.electricity.works.json
2026-08-25 16:11:06,704 | WARNING | Unknown message type "gridworks.event.report" in hw1__1/eventstore/20241013/hw1.isone.me.versant.keene.beech.scada-gridworks.event.report-1728791100287-ear.electricity.works.json
2026-08-25 16:11:06,704 | WARNING | Unknown message type "gridworks.event.report" in hw1__1/eventstore/20241013/hw1.isone.me.versant.keene.beech.scada-gridworks.event.report-1728791100287-ear.electricity.works.json
2026-08-25 16:11:06,704 | WARNING | Unknown message type "gridworks.event.report" in hw1__1/eventstore/20241013/hw1.isone.me.versant.keene.beech.scada-gridworks.event.report-1728791400269-ear.electricity.works.json
2026-08-25 16:11:06,704 | WARNING | Unknown message type "gridworks.event.report" in hw1__1/eventstore/20241013/hw1.isone.me.versant.keene.beech.scada-gridworks.event.report-1728791400269-ear.electricity.works.json
2026-08-25 16:11:06,704 | WARNING | Unknown message type "gridworks.event.report" in hw1__1/eventstore/20241013/hw1.isone.me.versant.keene.beech.scada-gridworks.event.report-1728791700262-ear.electricity.works.json
2026-08-25 16:11:06,704 | WARNING | Unknown message type "gridworks.event.report" in hw1__1/eventstore/20241013/hw1.isone.me.versant.keene.beech.scada-gridworks.event.report-1728791700262-ear.electricity.works.json
2026-08-25 16:11:06,704 | WARNING | Unknown message type "gridworks.event.report" in hw1__1/eventstore/20241013/hw1.isone.me.versant.keene.beech.scada-gridworks.event.report-1728792000424-ear.electricity.works.json
2026-08-25 16:11:06,704 | WARNING | Unknown message type "gridworks.event.report" in hw1__1/eventstore/20241013/hw1.isone.me.versant.keene.beech.scada-gridworks.event.report-1728792000424-ear.electricity.works.json
2026-08-25 16:11:06,704 | WARNING | Unknown message type "gridworks.event.report" in hw1__1/eventstore/20241013/hw1.isone.me.versant.keene.beech.scada-gridworks.event.report-1728792300336-ear.electricity.works.json
2026-08-25 16:11:06,704 | WARNING | Unknown message type "gridworks.event.report" in hw1__1/eventstore/20241013/hw1.isone.me.versant.keene.beech.scada-gridworks.event.report-1728792300336-ear.electricity.works.json
2026-08-25 16:11:06,704 | WARNING | Unknown message type "gridworks.event.report" in hw1__1/eventstore/20241013/hw1.isone.me.versant.keene.beech.scada-gridworks.event.report-1728792600301-ear.electricity.works.json
2026-08-25 16:11:06,704 | WARNING | Unknown message type "gridworks.event.report" in hw1__1/eventstore/20241013/hw1.isone.me.versant.keene.beech.scada-gridworks.event.report-1728792600301-ear.electricity.works.json
2026-08-25 16:11:06,704 | WARNING | Unknown message type "gridworks.event.report" in hw1__1/eventstore/20241013/hw1.isone.me.versant.keene.beech.scada-gridworks.event.report-1728792900296-ear.electricity.works.json
2026-08-25 16:11:06,704 | WARNING | Unknown message type "gridworks.event.report" in hw1__1/eventstore/20241013/hw1.isone.me.versant.keene.beech.scada-gridworks.event.report-1728792900296-ear.electricity.works.json
2026-08-25 16:11:06,704 | WARNING | Unknown message type "gridworks.event.report" in hw1__1/eventstore/20241013/hw1.isone.me.versant.keene.beech.scada-gridworks.event.report-1728793200221-ear.electricity.works.json
2026-08-25 16:11:06,704 | WARNING | Unknown message type "gridworks.event.report" in hw1__1/eventstore/20241013/hw1.isone.me.versant.keene.beech.scada-gridworks.event.report-1728793200221-ear.electricity.works.json
2026-08-25 16:11:06,704 | WARNING | Unknown message type "gridworks.event.report" in hw1__1/eventstore/20241013/hw1.isone.me.versant.keene.beech.scada-gridworks.event.report-1728793500351-ear.electricity.works.json
2026-08-25 16:11:06,704 | WARNING | Unknown message type "gridworks.event.report" in hw1__1/eventstore/20241013/hw1.isone.me.versant.keene.beech.scada-gridworks.event.report-1728793500351-ear.electricity.works.json
2026-08-25 16:11:06,704 | WARNING | Unknown message type "gridworks.event.report" in hw1__1/eventstore/20241013/hw1.isone.me.versant.keene.beech.scada-gridworks.event.report-1728793800556-ear.electricity.works.json
2026-08-25 16:11:06,704 | WARNING | Unknown message type "gridworks.event.report" in hw1__1/eventstore/20241013/hw1.isone.me.versant.keene.beech.scada-gridworks.event.report-1728793800556-ear.electricity.works.json
2026-08-25 16:11:06,704 | WARNING | Unknown message type "gridworks.event.report" in hw1__1/eventstore/20241013/hw1.isone.me.versant.keene.beech.scada-gridworks.event.report-1728794100378-ear.electricity.works.json
2026-08-25 16:11:06,704 | WARNING | Unknown message type "gridworks.event.report" in hw1__1/eventstore/20241013/hw1.isone.me.versant.keene.beech.scada-gridworks.event.report-1728794100378-ear.electricity.works.json
2026-08-25 16:11:06,704 | WARNING | Unknown message type "gridworks.event.report" in hw1__1/eventstore/20241013/hw1.isone.me.versant.keene.beech.scada-gridworks.event.report-1728794400270-ear.electricity.works.json
2026-08-25 16:11:06,704 | WARNING | Unknown message type "gridworks.event.report" in hw1__1/eventstore/20241013/hw1.isone.me.versant.keene.beech.scada-gridworks.event.report-1728794400270-ear.electricity.works.json
2026-08-25 16:11:06,704 | WARNING | Unknown message type "gridworks.event.report" in hw1__1/eventstore/20241013/hw1.isone.me.versant.keene.beech.scada-gridworks.event.report-1728794700318-ear.electricity.works.json
2026-08-25 16:11:06,704 | WARNING | Unknown message type "gridworks.event.report" in hw1__1/eventstore/20241013/hw1.isone.me.versant.keene.beech.scada-gridworks.event.report-1728794700318-ear.electricity.works.json
2026-08-25 16:11:06,704 | WARNING | Unknown message type "gridworks.event.report" in hw1__1/eventstore/20241013/hw1.isone.me.versant.keene.beech.scada-gridworks.event.report-1728795000420-ear.electricity.works.json
2026-08-25 16:11:06,704 | WARNING | Unknown message type "gridworks.event.report" in hw1__1/eventstore/20241013/hw1.isone.me.versant.keene.beech.scada-gridworks.event.report-1728795000420-ear.electricity.works.json
2026-08-25 16:11:06,704 | WARNING | Unknown message type "gridworks.event.report" in hw1__1/eventstore/20241013/hw1.isone.me.versant.keene.beech.scada-gridworks.event.report-1728795300297-ear.electricity.works.json
2026-08-25 16:11:06,704 | WARNING | Unknown message type "gridworks.event.report" in hw1__1/eventstore/20241013/hw1.isone.me.versant.keene.beech.scada-gridworks.event.report-1728795300297-ear.electricity.works.json
2026-08-25 16:11:06,704 | WARNING | Unknown message type "gridworks.event.report" in hw1__1/eventstore/20241013/hw1.isone.me.versant.keene.beech.scada-gridworks.event.report-1728795600393-ear.electricity.works.json
2026-08-25 16:11:06,704 | WARNING | Unknown message type "gridworks.event.report" in hw1__1/eventstore/20241013/hw1.isone.me.versant.keene.beech.scada-gridworks.event.report-1728795600393-ear.electricity.works.json
2026-08-25 16:11:06,704 | WARNING | Unknown message type "gridworks.event.report" in hw1__1/eventstore/20241013/hw1.isone.me.versant.keene.beech.scada-gridworks.event.report-1728795900485-ear.electricity.works.json
2026-08-25 16:11:06,704 | WARNING | Unknown message type "gridworks.event.report" in hw1__1/eventstore/20241013/hw1.isone.me.versant.keene.beech.scada-gridworks.event.report-1728795900485-ear.electricity.works.json
2026-08-25 16:11:06,704 | WARNING | Unknown message type "gridworks.event.report" in hw1__1/eventstore/20241013/hw1.isone.me.versant.keene.beech.scada-gridworks.event.report-1728796200233-ear.electricity.works.json
2026-08-25 16:11:06,704 | WARNING | Unknown message type "gridworks.event.report" in hw1__1/eventstore/20241013/hw1.isone.me.versant.keene.beech.scada-gridworks.event.report-1728796200233-ear.electricity.works.json
2026-08-25 16:11:06,705 | WARNING | Unknown message type "gridworks.event.report" in hw1__1/eventstore/20241013/hw1.isone.me.versant.keene.beech.scada-gridworks.event.report-1728796500289-ear.electricity.works.json
2026-08-25 16:11:06,705 | WARNING | Unknown message type "gridworks.event.report" in hw1__1/eventstore/20241013/hw1.isone.me.versant.keene.beech.scada-gridworks.event.report-1728796500289-ear.electricity.works.json
2026-08-25 16:11:06,705 | WARNING | Unknown message type "gridworks.event.report" in hw1__1/eventstore/20241013/hw1.isone.me.versant.keene.beech.scada-gridworks.event.report-1728796800297-ear.electricity.works.json
2026-08-25 16:11:06,705 | WARNING | Unknown message type "gridworks.event.report" in hw1__1/eventstore/20241013/hw1.isone.me.versant.keene.beech.scada-gridworks.event.report-1728796800297-ear.electricity.works.json
2026-08-25 16:11:06,705 | WARNING | Unknown message type "gridworks.event.report" in hw1__1/eventstore/20241013/hw1.isone.me.versant.keene.beech.scada-gridworks.event.report-1728797100301-ear.electricity.works.json
2026-08-25 16:11:06,705 | WARNING | Unknown message type "gridworks.event.report" in hw1__1/eventstore/20241013/hw1.isone.me.versant.keene.beech.scada-gridworks.event.report-1728797100301-ear.electricity.works.json
2026-08-25 16:11:06,705 | WARNING | Unknown message type "gridworks.event.report" in hw1__1/eventstore/20241013/hw1.isone.me.versant.keene.beech.scada-gridworks.event.report-1728797400365-ear.electricity.works.json
2026-08-25 16:11:06,705 | WARNING | Unknown message type "gridworks.event.report" in hw1__1/eventstore/20241013/hw1.isone.me.versant.keene.beech.scada-gridworks.event.report-1728797400365-ear.electricity.works.json
2026-08-25 16:11:06,705 | WARNING | Unknown message type "gridworks.event.report" in hw1__1/eventstore/20241013/hw1.isone.me.versant.keene.beech.scada-gridworks.event.report-1728797700360-ear.electricity.works.json
2026-08-25 16:11:06,705 | WARNING | Unknown message type "gridworks.event.report" in hw1__1/eventstore/20241013/hw1.isone.me.versant.keene.beech.scada-gridworks.event.report-1728797700360-ear.electricity.works.json
2026-08-25 16:11:06,705 | WARNING | Unknown message type "gridworks.event.report" in hw1__1/eventstore/20241013/hw1.isone.me.versant.keene.beech.scada-gridworks.event.report-1728798000300-ear.electricity.works.json
2026-08-25 16:11:06,705 | WARNING | Unknown message type "gridworks.event.report" in hw1__1/eventstore/20241013/hw1.isone.me.versant.keene.beech.scada-gridworks.event.report-1728798000300-ear.electricity.works.json
2026-08-25 16:11:06,705 | WARNING | Unknown message type "gridworks.event.report" in hw1__1/eventstore/20241013/hw1.isone.me.versant.keene.beech.scada-gridworks.event.report-1728798300271-ear.electricity.works.json
2026-08-25 16:11:06,705 | WARNING | Unknown message type "gridworks.event.report" in hw1__1/eventstore/20241013/hw1.isone.me.versant.keene.beech.scada-gridworks.event.report-1728798300271-ear.electricity.works.json
2026-08-25 16:11:06,705 | WARNING | Unknown message type "gridworks.event.report" in hw1__1/eventstore/20241013/hw1.isone.me.versant.keene.beech.scada-gridworks.event.report-1728798600433-ear.electricity.works.json
2026-08-25 16:11:06,705 | WARNING | Unknown message type "gridworks.event.report" in hw1__1/eventstore/20241013/hw1.isone.me.versant.keene.beech.scada-gridworks.event.report-1728798600433-ear.electricity.works.json
2026-08-25 16:11:06,705 | WARNING | Unknown message type "gridworks.event.report" in hw1__1/eventstore/20241013/hw1.isone.me.versant.keene.beech.scada-gridworks.event.report-1728798900275-ear.electricity.works.json
2026-08-25 16:11:06,705 | WARNING | Unknown message type "gridworks.event.report" in hw1__1/eventstore/20241013/hw1.isone.me.versant.keene.beech.scada-gridworks.event.report-1728798900275-ear.electricity.works.json
2026-08-25 16:11:06,705 | WARNING | Unknown message type "gridworks.event.report" in hw1__1/eventstore/20241013/hw1.isone.me.versant.keene.beech.scada-gridworks.event.report-1728799200324-ear.electricity.works.json
2026-08-25 16:11:06,705 | WARNING | Unknown message type "gridworks.event.report" in hw1__1/eventstore/20241013/hw1.isone.me.versant.keene.beech.scada-gridworks.event.report-1728799200324-ear.electricity.works.json
2026-08-25 16:11:06,705 | WARNING | Unknown message type "gridworks.event.report" in hw1__1/eventstore/20241013/hw1.isone.me.versant.keene.beech.scada-gridworks.event.report-1728799500351-ear.electricity.works.json
2026-08-25 16:11:06,705 | WARNING | Unknown message type "gridworks.event.report" in hw1__1/eventstore/20241013/hw1.isone.me.versant.keene.beech.scada-gridworks.event.report-1728799500351-ear.electricity.works.json
2026-08-25 16:11:06,705 | WARNING | Unknown message type "gridworks.event.report" in hw1__1/eventstore/20241013/hw1.isone.me.versant.keene.beech.scada-gridworks.event.report-1728799800335-ear.electricity.works.json
2026-08-25 16:11:06,705 | WARNING | Unknown message type "gridworks.event.report" in hw1__1/eventstore/20241013/hw1.isone.me.versant.keene.beech.scada-gridworks.event.report-1728799800335-ear.electricity.works.json
2026-08-25 16:11:06,705 | WARNING | Unknown message type "gridworks.event.report" in hw1__1/eventstore/20241013/hw1.isone.me.versant.keene.beech.scada-gridworks.event.report-1728800100295-ear.electricity.works.json
2026-08-25 16:11:06,705 | WARNING | Unknown message type "gridworks.event.report" in hw1__1/eventstore/20241013/hw1.isone.me.versant.keene.beech.scada-gridworks.event.report-1728800100295-ear.electricity.works.json
2026-08-25 16:11:06,705 | WARNING | Unknown message type "gridworks.event.report" in hw1__1/eventstore/20241013/hw1.isone.me.versant.keene.beech.scada-gridworks.event.report-1728800400318-ear.electricity.works.json
2026-08-25 16:11:06,705 | WARNING | Unknown message type "gridworks.event.report" in hw1__1/eventstore/20241013/hw1.isone.me.versant.keene.beech.scada-gridworks.event.report-1728800400318-ear.electricity.works.json
2026-08-25 16:11:06,705 | WARNING | Unknown message type "gridworks.event.report" in hw1__1/eventstore/20241013/hw1.isone.me.versant.keene.beech.scada-gridworks.event.report-1728800700404-ear.electricity.works.json
2026-08-25 16:11:06,705 | WARNING | Unknown message type "gridworks.event.report" in hw1__1/eventstore/20241013/hw1.isone.me.versant.keene.beech.scada-gridworks.event.report-1728800700404-ear.electricity.works.json
2026-08-25 16:11:06,705 | WARNING | Unknown message type "gridworks.event.report" in hw1__1/eventstore/20241013/hw1.isone.me.versant.keene.beech.scada-gridworks.event.report-1728801000482-ear.electricity.works.json
2026-08-25 16:11:06,705 | WARNING | Unknown message type "gridworks.event.report" in hw1__1/eventstore/20241013/hw1.isone.me.versant.keene.beech.scada-gridworks.event.report-1728801000482-ear.electricity.works.json
2026-08-25 16:11:06,705 | WARNING | Unknown message type "gridworks.event.report" in hw1__1/eventstore/20241013/hw1.isone.me.versant.keene.beech.scada-gridworks.event.report-1728801300242-ear.electricity.works.json
2026-08-25 16:11:06,705 | WARNING | Unknown message type "gridworks.event.report" in hw1__1/eventstore/20241013/hw1.isone.me.versant.keene.beech.scada-gridworks.event.report-1728801300242-ear.electricity.works.json
2026-08-25 16:11:06,705 | WARNING | Unknown message type "gridworks.event.report" in hw1__1/eventstore/20241013/hw1.isone.me.versant.keene.beech.scada-gridworks.event.report-1728801600303-ear.electricity.works.json
2026-08-25 16:11:06,705 | WARNING | Unknown message type "gridworks.event.report" in hw1__1/eventstore/20241013/hw1.isone.me.versant.keene.beech.scada-gridworks.event.report-1728801600303-ear.electricity.works.json
2026-08-25 16:11:06,705 | WARNING | Unknown message type "gridworks.event.report" in hw1__1/eventstore/20241013/hw1.isone.me.versant.keene.beech.scada-gridworks.event.report-1728801900315-ear.electricity.works.json
2026-08-25 16:11:06,705 | WARNING | Unknown message type "gridworks.event.report" in hw1__1/eventstore/20241013/hw1.isone.me.versant.keene.beech.scada-gridworks.event.report-1728801900315-ear.electricity.works.json
2026-08-25 16:11:06,705 | WARNING | Unknown message type "gridworks.event.report" in hw1__1/eventstore/20241013/hw1.isone.me.versant.keene.beech.scada-gridworks.event.report-1728802200233-ear.electricity.works.json
2026-08-25 16:11:06,705 | WARNING | Unknown message type "gridworks.event.report" in hw1__1/eventstore/20241013/hw1.isone.me.versant.keene.beech.scada-gridworks.event.report-1728802200233-ear.electricity.works.json
2026-08-25 16:11:06,705 | WARNING | Unknown message type "gridworks.event.report" in hw1__1/eventstore/20241013/hw1.isone.me.versant.keene.beech.scada-gridworks.event.report-1728802500294-ear.electricity.works.json
2026-08-25 16:11:06,705 | WARNING | Unknown message type "gridworks.event.report" in hw1__1/eventstore/20241013/hw1.isone.me.versant.keene.beech.scada-gridworks.event.report-1728802500294-ear.electricity.works.json
2026-08-25 16:11:06,705 | WARNING | Unknown message type "gridworks.event.report" in hw1__1/eventstore/20241013/hw1.isone.me.versant.keene.beech.scada-gridworks.event.report-1728802800269-ear.electricity.works.json
2026-08-25 16:11:06,705 | WARNING | Unknown message type "gridworks.event.report" in hw1__1/eventstore/20241013/hw1.isone.me.versant.keene.beech.scada-gridworks.event.report-1728802800269-ear.electricity.works.json
2026-08-25 16:11:06,705 | WARNING | Unknown message type "gridworks.event.report" in hw1__1/eventstore/20241013/hw1.isone.me.versant.keene.beech.scada-gridworks.event.report-1728803100183-ear.electricity.works.json
2026-08-25 16:11:06,705 | WARNING | Unknown message type "gridworks.event.report" in hw1__1/eventstore/20241013/hw1.isone.me.versant.keene.beech.scada-gridworks.event.report-1728803100183-ear.electricity.works.json
2026-08-25 16:11:06,705 | WARNING | Unknown message type "gridworks.event.report" in hw1__1/eventstore/20241013/hw1.isone.me.versant.keene.beech.scada-gridworks.event.report-1728803400347-ear.electricity.works.json
2026-08-25 16:11:06,705 | WARNING | Unknown message type "gridworks.event.report" in hw1__1/eventstore/20241013/hw1.isone.me.versant.keene.beech.scada-gridworks.event.report-1728803400347-ear.electricity.works.json
2026-08-25 16:11:06,705 | WARNING | Unknown message type "gridworks.event.report" in hw1__1/eventstore/20241013/hw1.isone.me.versant.keene.beech.scada-gridworks.event.report-1728803700243-ear.electricity.works.json
2026-08-25 16:11:06,705 | WARNING | Unknown message type "gridworks.event.report" in hw1__1/eventstore/20241013/hw1.isone.me.versant.keene.beech.scada-gridworks.event.report-1728803700243-ear.electricity.works.json
2026-08-25 16:11:06,705 | WARNING | Unknown message type "gridworks.event.report" in hw1__1/eventstore/20241013/hw1.isone.me.versant.keene.beech.scada-gridworks.event.report-1728804000430-ear.electricity.works.json
2026-08-25 16:11:06,705 | WARNING | Unknown message type "gridworks.event.report" in hw1__1/eventstore/20241013/hw1.isone.me.versant.keene.beech.scada-gridworks.event.report-1728804000430-ear.electricity.works.json
2026-08-25 16:11:06,705 | WARNING | Unknown message type "gridworks.event.report" in hw1__1/eventstore/20241013/hw1.isone.me.versant.keene.beech.scada-gridworks.event.report-1728804300318-ear.electricity.works.json
2026-08-25 16:11:06,705 | WARNING | Unknown message type "gridworks.event.report" in hw1__1/eventstore/20241013/hw1.isone.me.versant.keene.beech.scada-gridworks.event.report-1728804300318-ear.electricity.works.json
2026-08-25 16:11:06,705 | WARNING | Unknown message type "gridworks.event.report" in hw1__1/eventstore/20241013/hw1.isone.me.versant.keene.beech.scada-gridworks.event.report-1728804600322-ear.electricity.works.json
2026-08-25 16:11:06,705 | WARNING | Unknown message type "gridworks.event.report" in hw1__1/eventstore/20241013/hw1.isone.me.versant.keene.beech.scada-gridworks.event.report-1728804600322-ear.electricity.works.json
2026-08-25 16:11:06,705 | WARNING | Unknown message type "gridworks.event.report" in hw1__1/eventstore/20241013/hw1.isone.me.versant.keene.beech.scada-gridworks.event.report-1728804900329-ear.electricity.works.json
2026-08-25 16:11:06,705 | WARNING | Unknown message type "gridworks.event.report" in hw1__1/eventstore/20241013/hw1.isone.me.versant.keene.beech.scada-gridworks.event.report-1728804900329-ear.electricity.works.json
2026-08-25 16:11:06,705 | WARNING | Unknown message type "gridworks.event.report" in hw1__1/eventstore/20241013/hw1.isone.me.versant.keene.beech.scada-gridworks.event.report-1728805200314-ear.electricity.works.json
2026-08-25 16:11:06,705 | WARNING | Unknown message type "gridworks.event.report" in hw1__1/eventstore/20241013/hw1.isone.me.versant.keene.beech.scada-gridworks.event.report-1728805200314-ear.electricity.works.json
2026-08-25 16:11:06,705 | WARNING | Unknown message type "gridworks.event.report" in hw1__1/eventstore/20241013/hw1.isone.me.versant.keene.beech.scada-gridworks.event.report-1728805500329-ear.electricity.works.json
2026-08-25 16:11:06,705 | WARNING | Unknown message type "gridworks.event.report" in hw1__1/eventstore/20241013/hw1.isone.me.versant.keene.beech.scada-gridworks.event.report-1728805500329-ear.electricity.works.json
2026-08-25 16:11:06,705 | WARNING | Unknown message type "gridworks.event.report" in hw1__1/eventstore/20241013/hw1.isone.me.versant.keene.beech.scada-gridworks.event.report-1728805800333-ear.electricity.works.json
2026-08-25 16:11:06,705 | WARNING | Unknown message type "gridworks.event.report" in hw1__1/eventstore/20241013/hw1.isone.me.versant.keene.beech.scada-gridworks.event.report-1728805800333-ear.electricity.works.json
2026-08-25 16:11:06,705 | WARNING | Unknown message type "gridworks.event.report" in hw1__1/eventstore/20241013/hw1.isone.me.versant.keene.beech.scada-gridworks.event.report-1728806100256-ear.electricity.works.json
2026-08-25 16:11:06,705 | WARNING | Unknown message type "gridworks.event.report" in hw1__1/eventstore/20241013/hw1.isone.me.versant.keene.beech.scada-gridworks.event.report-1728806100256-ear.electricity.works.json
2026-08-25 16:11:06,705 | WARNING | Unknown message type "gridworks.event.report" in hw1__1/eventstore/20241013/hw1.isone.me.versant.keene.beech.scada-gridworks.event.report-1728806400377-ear.electricity.works.json
2026-08-25 16:11:06,705 | WARNING | Unknown message type "gridworks.event.report" in hw1__1/eventstore/20241013/hw1.isone.me.versant.keene.beech.scada-gridworks.event.report-1728806400377-ear.electricity.works.json
2026-08-25 16:11:06,705 | WARNING | Unknown message type "gridworks.event.report" in hw1__1/eventstore/20241013/hw1.isone.me.versant.keene.beech.scada-gridworks.event.report-1728806700221-ear.electricity.works.json
2026-08-25 16:11:06,705 | WARNING | Unknown message type "gridworks.event.report" in hw1__1/eventstore/20241013/hw1.isone.me.versant.keene.beech.scada-gridworks.event.report-1728806700221-ear.electricity.works.json
2026-08-25 16:11:06,705 | WARNING | Unknown message type "gridworks.event.report" in hw1__1/eventstore/20241013/hw1.isone.me.versant.keene.beech.scada-gridworks.event.report-1728807000427-ear.electricity.works.json
2026-08-25 16:11:06,705 | WARNING | Unknown message type "gridworks.event.report" in hw1__1/eventstore/20241013/hw1.isone.me.versant.keene.beech.scada-gridworks.event.report-1728807000427-ear.electricity.works.json
2026-08-25 16:11:06,705 | WARNING | Unknown message type "gridworks.event.report" in hw1__1/eventstore/20241013/hw1.isone.me.versant.keene.beech.scada-gridworks.event.report-1728807300297-ear.electricity.works.json
2026-08-25 16:11:06,705 | WARNING | Unknown message type "gridworks.event.report" in hw1__1/eventstore/20241013/hw1.isone.me.versant.keene.beech.scada-gridworks.event.report-1728807300297-ear.electricity.works.json
2026-08-25 16:11:06,705 | WARNING | Unknown message type "gridworks.event.report" in hw1__1/eventstore/20241013/hw1.isone.me.versant.keene.beech.scada-gridworks.event.report-1728807600438-ear.electricity.works.json
2026-08-25 16:11:06,705 | WARNING | Unknown message type "gridworks.event.report" in hw1__1/eventstore/20241013/hw1.isone.me.versant.keene.beech.scada-gridworks.event.report-1728807600438-ear.electricity.works.json
2026-08-25 16:11:06,705 | WARNING | Unknown message type "gridworks.event.report" in hw1__1/eventstore/20241013/hw1.isone.me.versant.keene.beech.scada-gridworks.event.report-1728807900394-ear.electricity.works.json
2026-08-25 16:11:06,705 | WARNING | Unknown message type "gridworks.event.report" in hw1__1/eventstore/20241013/hw1.isone.me.versant.keene.beech.scada-gridworks.event.report-1728807900394-ear.electricity.works.json
2026-08-25 16:11:06,705 | WARNING | Unknown message type "gridworks.event.report" in hw1__1/eventstore/20241013/hw1.isone.me.versant.keene.beech.scada-gridworks.event.report-1728808200325-ear.electricity.works.json
2026-08-25 16:11:06,705 | WARNING | Unknown message type "gridworks.event.report" in hw1__1/eventstore/20241013/hw1.isone.me.versant.keene.beech.scada-gridworks.event.report-1728808200325-ear.electricity.works.json
2026-08-25 16:11:06,705 | WARNING | Unknown message type "gridworks.event.report" in hw1__1/eventstore/20241013/hw1.isone.me.versant.keene.beech.scada-gridworks.event.report-1728808500215-ear.electricity.works.json
2026-08-25 16:11:06,705 | WARNING | Unknown message type "gridworks.event.report" in hw1__1/eventstore/20241013/hw1.isone.me.versant.keene.beech.scada-gridworks.event.report-1728808500215-ear.electricity.works.json
2026-08-25 16:11:06,705 | WARNING | Unknown message type "gridworks.event.report" in hw1__1/eventstore/20241013/hw1.isone.me.versant.keene.beech.scada-gridworks.event.report-1728808800306-ear.electricity.works.json
2026-08-25 16:11:06,705 | WARNING | Unknown message type "gridworks.event.report" in hw1__1/eventstore/20241013/hw1.isone.me.versant.keene.beech.scada-gridworks.event.report-1728808800306-ear.electricity.works.json
2026-08-25 16:11:06,705 | WARNING | Unknown message type "gridworks.event.report" in hw1__1/eventstore/20241013/hw1.isone.me.versant.keene.beech.scada-gridworks.event.report-1728809100230-ear.electricity.works.json
2026-08-25 16:11:06,705 | WARNING | Unknown message type "gridworks.event.report" in hw1__1/eventstore/20241013/hw1.isone.me.versant.keene.beech.scada-gridworks.event.report-1728809100230-ear.electricity.works.json
2026-08-25 16:11:06,705 | WARNING | Unknown message type "gridworks.event.report" in hw1__1/eventstore/20241013/hw1.isone.me.versant.keene.beech.scada-gridworks.event.report-1728809400213-ear.electricity.works.json
2026-08-25 16:11:06,705 | WARNING | Unknown message type "gridworks.event.report" in hw1__1/eventstore/20241013/hw1.isone.me.versant.keene.beech.scada-gridworks.event.report-1728809400213-ear.electricity.works.json
2026-08-25 16:11:06,705 | WARNING | Unknown message type "gridworks.event.report" in hw1__1/eventstore/20241013/hw1.isone.me.versant.keene.beech.scada-gridworks.event.report-1728809700385-ear.electricity.works.json
2026-08-25 16:11:06,705 | WARNING | Unknown message type "gridworks.event.report" in hw1__1/eventstore/20241013/hw1.isone.me.versant.keene.beech.scada-gridworks.event.report-1728809700385-ear.electricity.works.json
2026-08-25 16:11:06,705 | WARNING | Unknown message type "gridworks.event.report" in hw1__1/eventstore/20241013/hw1.isone.me.versant.keene.beech.scada-gridworks.event.report-1728810000290-ear.electricity.works.json
2026-08-25 16:11:06,705 | WARNING | Unknown message type "gridworks.event.report" in hw1__1/eventstore/20241013/hw1.isone.me.versant.keene.beech.scada-gridworks.event.report-1728810000290-ear.electricity.works.json
2026-08-25 16:11:06,705 | WARNING | Unknown message type "gridworks.event.report" in hw1__1/eventstore/20241013/hw1.isone.me.versant.keene.beech.scada-gridworks.event.report-1728810300379-ear.electricity.works.json
2026-08-25 16:11:06,705 | WARNING | Unknown message type "gridworks.event.report" in hw1__1/eventstore/20241013/hw1.isone.me.versant.keene.beech.scada-gridworks.event.report-1728810300379-ear.electricity.works.json
2026-08-25 16:11:06,705 | WARNING | Unknown message type "gridworks.event.report" in hw1__1/eventstore/20241013/hw1.isone.me.versant.keene.beech.scada-gridworks.event.report-1728810600245-ear.electricity.works.json
2026-08-25 16:11:06,705 | WARNING | Unknown message type "gridworks.event.report" in hw1__1/eventstore/20241013/hw1.isone.me.versant.keene.beech.scada-gridworks.event.report-1728810600245-ear.electricity.works.json
2026-08-25 16:11:06,705 | WARNING | Unknown message type "gridworks.event.report" in hw1__1/eventstore/20241013/hw1.isone.me.versant.keene.beech.scada-gridworks.event.report-1728810900317-ear.electricity.works.json
2026-08-25 16:11:06,705 | WARNING | Unknown message type "gridworks.event.report" in hw1__1/eventstore/20241013/hw1.isone.me.versant.keene.beech.scada-gridworks.event.report-1728810900317-ear.electricity.works.json
2026-08-25 16:11:06,705 | WARNING | Unknown message type "gridworks.event.report" in hw1__1/eventstore/20241013/hw1.isone.me.versant.keene.beech.scada-gridworks.event.report-1728811200190-ear.electricity.works.json
2026-08-25 16:11:06,705 | WARNING | Unknown message type "gridworks.event.report" in hw1__1/eventstore/20241013/hw1.isone.me.versant.keene.beech.scada-gridworks.event.report-1728811200190-ear.electricity.works.json
2026-08-25 16:11:06,705 | WARNING | Unknown message type "gridworks.event.report" in hw1__1/eventstore/20241013/hw1.isone.me.versant.keene.beech.scada-gridworks.event.report-1728811500297-ear.electricity.works.json
2026-08-25 16:11:06,705 | WARNING | Unknown message type "gridworks.event.report" in hw1__1/eventstore/20241013/hw1.isone.me.versant.keene.beech.scada-gridworks.event.report-1728811500297-ear.electricity.works.json
2026-08-25 16:11:06,705 | WARNING | Unknown message type "gridworks.event.report" in hw1__1/eventstore/20241013/hw1.isone.me.versant.keene.beech.scada-gridworks.event.report-1728811800214-ear.electricity.works.json
2026-08-25 16:11:06,705 | WARNING | Unknown message type "gridworks.event.report" in hw1__1/eventstore/20241013/hw1.isone.me.versant.keene.beech.scada-gridworks.event.report-1728811800214-ear.electricity.works.json
2026-08-25 16:11:06,705 | WARNING | Unknown message type "gridworks.event.report" in hw1__1/eventstore/20241013/hw1.isone.me.versant.keene.beech.scada-gridworks.event.report-1728812100211-ear.electricity.works.json
2026-08-25 16:11:06,705 | WARNING | Unknown message type "gridworks.event.report" in hw1__1/eventstore/20241013/hw1.isone.me.versant.keene.beech.scada-gridworks.event.report-1728812100211-ear.electricity.works.json
2026-08-25 16:11:06,705 | WARNING | Unknown message type "gridworks.event.report" in hw1__1/eventstore/20241013/hw1.isone.me.versant.keene.beech.scada-gridworks.event.report-1728812400233-ear.electricity.works.json
2026-08-25 16:11:06,705 | WARNING | Unknown message type "gridworks.event.report" in hw1__1/eventstore/20241013/hw1.isone.me.versant.keene.beech.scada-gridworks.event.report-1728812400233-ear.electricity.works.json
2026-08-25 16:11:06,705 | WARNING | Unknown message type "gridworks.event.report" in hw1__1/eventstore/20241013/hw1.isone.me.versant.keene.beech.scada-gridworks.event.report-1728812700236-ear.electricity.works.json
2026-08-25 16:11:06,705 | WARNING | Unknown message type "gridworks.event.report" in hw1__1/eventstore/20241013/hw1.isone.me.versant.keene.beech.scada-gridworks.event.report-1728812700236-ear.electricity.works.json
2026-08-25 16:11:06,705 | WARNING | Unknown message type "gridworks.event.report" in hw1__1/eventstore/20241013/hw1.isone.me.versant.keene.beech.scada-gridworks.event.report-1728813000274-ear.electricity.works.json
2026-08-25 16:11:06,705 | WARNING | Unknown message type "gridworks.event.report" in hw1__1/eventstore/20241013/hw1.isone.me.versant.keene.beech.scada-gridworks.event.report-1728813000274-ear.electricity.works.json
2026-08-25 16:11:06,705 | WARNING | Unknown message type "gridworks.event.report" in hw1__1/eventstore/20241013/hw1.isone.me.versant.keene.beech.scada-gridworks.event.report-1728813300205-ear.electricity.works.json
2026-08-25 16:11:06,705 | WARNING | Unknown message type "gridworks.event.report" in hw1__1/eventstore/20241013/hw1.isone.me.versant.keene.beech.scada-gridworks.event.report-1728813300205-ear.electricity.works.json
2026-08-25 16:11:06,705 | WARNING | Unknown message type "gridworks.event.report" in hw1__1/eventstore/20241013/hw1.isone.me.versant.keene.beech.scada-gridworks.event.report-1728813600249-ear.electricity.works.json
2026-08-25 16:11:06,705 | WARNING | Unknown message type "gridworks.event.report" in hw1__1/eventstore/20241013/hw1.isone.me.versant.keene.beech.scada-gridworks.event.report-1728813600249-ear.electricity.works.json
2026-08-25 16:11:06,705 | WARNING | Unknown message type "gridworks.event.report" in hw1__1/eventstore/20241013/hw1.isone.me.versant.keene.beech.scada-gridworks.event.report-1728813900227-ear.electricity.works.json
2026-08-25 16:11:06,705 | WARNING | Unknown message type "gridworks.event.report" in hw1__1/eventstore/20241013/hw1.isone.me.versant.keene.beech.scada-gridworks.event.report-1728813900227-ear.electricity.works.json
2026-08-25 16:11:06,705 | WARNING | Unknown message type "gridworks.event.report" in hw1__1/eventstore/20241013/hw1.isone.me.versant.keene.beech.scada-gridworks.event.report-1728814200236-ear.electricity.works.json
2026-08-25 16:11:06,705 | WARNING | Unknown message type "gridworks.event.report" in hw1__1/eventstore/20241013/hw1.isone.me.versant.keene.beech.scada-gridworks.event.report-1728814200236-ear.electricity.works.json
2026-08-25 16:11:06,705 | WARNING | Unknown message type "gridworks.event.report" in hw1__1/eventstore/20241013/hw1.isone.me.versant.keene.beech.scada-gridworks.event.report-1728814500284-ear.electricity.works.json
2026-08-25 16:11:06,705 | WARNING | Unknown message type "gridworks.event.report" in hw1__1/eventstore/20241013/hw1.isone.me.versant.keene.beech.scada-gridworks.event.report-1728814500284-ear.electricity.works.json
2026-08-25 16:11:06,705 | WARNING | Unknown message type "gridworks.event.report" in hw1__1/eventstore/20241013/hw1.isone.me.versant.keene.beech.scada-gridworks.event.report-1728814800247-ear.electricity.works.json
2026-08-25 16:11:06,705 | WARNING | Unknown message type "gridworks.event.report" in hw1__1/eventstore/20241013/hw1.isone.me.versant.keene.beech.scada-gridworks.event.report-1728814800247-ear.electricity.works.json
2026-08-25 16:11:06,705 | WARNING | Unknown message type "gridworks.event.report" in hw1__1/eventstore/20241013/hw1.isone.me.versant.keene.beech.scada-gridworks.event.report-1728815100281-ear.electricity.works.json
2026-08-25 16:11:06,705 | WARNING | Unknown message type "gridworks.event.report" in hw1__1/eventstore/20241013/hw1.isone.me.versant.keene.beech.scada-gridworks.event.report-1728815100281-ear.electricity.works.json
2026-08-25 16:11:06,705 | WARNING | Unknown message type "gridworks.event.report" in hw1__1/eventstore/20241013/hw1.isone.me.versant.keene.beech.scada-gridworks.event.report-1728815400249-ear.electricity.works.json
2026-08-25 16:11:06,705 | WARNING | Unknown message type "gridworks.event.report" in hw1__1/eventstore/20241013/hw1.isone.me.versant.keene.beech.scada-gridworks.event.report-1728815400249-ear.electricity.works.json
2026-08-25 16:11:06,706 | WARNING | Unknown message type "gridworks.event.report" in hw1__1/eventstore/20241013/hw1.isone.me.versant.keene.beech.scada-gridworks.event.report-1728815700339-ear.electricity.works.json
2026-08-25 16:11:06,706 | WARNING | Unknown message type "gridworks.event.report" in hw1__1/eventstore/20241013/hw1.isone.me.versant.keene.beech.scada-gridworks.event.report-1728815700339-ear.electricity.works.json
2026-08-25 16:11:06,706 | WARNING | Unknown message type "gridworks.event.report" in hw1__1/eventstore/20241013/hw1.isone.me.versant.keene.beech.scada-gridworks.event.report-1728816000288-ear.electricity.works.json
2026-08-25 16:11:06,706 | WARNING | Unknown message type "gridworks.event.report" in hw1__1/eventstore/20241013/hw1.isone.me.versant.keene.beech.scada-gridworks.event.report-1728816000288-ear.electricity.works.json
2026-08-25 16:11:06,706 | WARNING | Unknown message type "gridworks.event.report" in hw1__1/eventstore/20241013/hw1.isone.me.versant.keene.beech.scada-gridworks.event.report-1728816300230-ear.electricity.works.json
2026-08-25 16:11:06,706 | WARNING | Unknown message type "gridworks.event.report" in hw1__1/eventstore/20241013/hw1.isone.me.versant.keene.beech.scada-gridworks.event.report-1728816300230-ear.electricity.works.json
2026-08-25 16:11:06,706 | WARNING | Unknown message type "gridworks.event.report" in hw1__1/eventstore/20241013/hw1.isone.me.versant.keene.beech.scada-gridworks.event.report-1728816600240-ear.electricity.works.json
2026-08-25 16:11:06,706 | WARNING | Unknown message type "gridworks.event.report" in hw1__1/eventstore/20241013/hw1.isone.me.versant.keene.beech.scada-gridworks.event.report-1728816600240-ear.electricity.works.json
2026-08-25 16:11:06,706 | WARNING | Unknown message type "gridworks.event.report" in hw1__1/eventstore/20241013/hw1.isone.me.versant.keene.beech.scada-gridworks.event.report-1728816900221-ear.electricity.works.json
2026-08-25 16:11:06,706 | WARNING | Unknown message type "gridworks.event.report" in hw1__1/eventstore/20241013/hw1.isone.me.versant.keene.beech.scada-gridworks.event.report-1728816900221-ear.electricity.works.json
2026-08-25 16:11:06,706 | WARNING | Unknown message type "gridworks.event.report" in hw1__1/eventstore/20241013/hw1.isone.me.versant.keene.beech.scada-gridworks.event.report-1728817200209-ear.electricity.works.json
2026-08-25 16:11:06,706 | WARNING | Unknown message type "gridworks.event.report" in hw1__1/eventstore/20241013/hw1.isone.me.versant.keene.beech.scada-gridworks.event.report-1728817200209-ear.electricity.works.json
2026-08-25 16:11:06,706 | WARNING | Unknown message type "gridworks.event.report" in hw1__1/eventstore/20241013/hw1.isone.me.versant.keene.beech.scada-gridworks.event.report-1728817500218-ear.electricity.works.json
2026-08-25 16:11:06,706 | WARNING | Unknown message type "gridworks.event.report" in hw1__1/eventstore/20241013/hw1.isone.me.versant.keene.beech.scada-gridworks.event.report-1728817500218-ear.electricity.works.json
2026-08-25 16:11:06,706 | WARNING | Unknown message type "gridworks.event.report" in hw1__1/eventstore/20241013/hw1.isone.me.versant.keene.beech.scada-gridworks.event.report-1728817800280-ear.electricity.works.json
2026-08-25 16:11:06,706 | WARNING | Unknown message type "gridworks.event.report" in hw1__1/eventstore/20241013/hw1.isone.me.versant.keene.beech.scada-gridworks.event.report-1728817800280-ear.electricity.works.json
2026-08-25 16:11:06,706 | WARNING | Unknown message type "gridworks.event.report" in hw1__1/eventstore/20241013/hw1.isone.me.versant.keene.beech.scada-gridworks.event.report-1728818100312-ear.electricity.works.json
2026-08-25 16:11:06,706 | WARNING | Unknown message type "gridworks.event.report" in hw1__1/eventstore/20241013/hw1.isone.me.versant.keene.beech.scada-gridworks.event.report-1728818100312-ear.electricity.works.json
2026-08-25 16:11:06,706 | WARNING | Unknown message type "gridworks.event.report" in hw1__1/eventstore/20241013/hw1.isone.me.versant.keene.beech.scada-gridworks.event.report-1728818400210-ear.electricity.works.json
2026-08-25 16:11:06,706 | WARNING | Unknown message type "gridworks.event.report" in hw1__1/eventstore/20241013/hw1.isone.me.versant.keene.beech.scada-gridworks.event.report-1728818400210-ear.electricity.works.json
2026-08-25 16:11:06,706 | WARNING | Unknown message type "gridworks.event.report" in hw1__1/eventstore/20241013/hw1.isone.me.versant.keene.beech.scada-gridworks.event.report-1728818700213-ear.electricity.works.json
2026-08-25 16:11:06,706 | WARNING | Unknown message type "gridworks.event.report" in hw1__1/eventstore/20241013/hw1.isone.me.versant.keene.beech.scada-gridworks.event.report-1728818700213-ear.electricity.works.json
2026-08-25 16:11:06,706 | WARNING | Unknown message type "gridworks.event.report" in hw1__1/eventstore/20241013/hw1.isone.me.versant.keene.beech.scada-gridworks.event.report-1728819000197-ear.electricity.works.json
2026-08-25 16:11:06,706 | WARNING | Unknown message type "gridworks.event.report" in hw1__1/eventstore/20241013/hw1.isone.me.versant.keene.beech.scada-gridworks.event.report-1728819000197-ear.electricity.works.json
2026-08-25 16:11:06,706 | WARNING | Unknown message type "gridworks.event.report" in hw1__1/eventstore/20241013/hw1.isone.me.versant.keene.beech.scada-gridworks.event.report-1728819300225-ear.electricity.works.json
2026-08-25 16:11:06,706 | WARNING | Unknown message type "gridworks.event.report" in hw1__1/eventstore/20241013/hw1.isone.me.versant.keene.beech.scada-gridworks.event.report-1728819300225-ear.electricity.works.json
2026-08-25 16:11:06,706 | WARNING | Unknown message type "gridworks.event.report" in hw1__1/eventstore/20241013/hw1.isone.me.versant.keene.beech.scada-gridworks.event.report-1728819600357-ear.electricity.works.json
2026-08-25 16:11:06,706 | WARNING | Unknown message type "gridworks.event.report" in hw1__1/eventstore/20241013/hw1.isone.me.versant.keene.beech.scada-gridworks.event.report-1728819600357-ear.electricity.works.json
2026-08-25 16:11:06,706 | WARNING | Unknown message type "gridworks.event.report" in hw1__1/eventstore/20241013/hw1.isone.me.versant.keene.beech.scada-gridworks.event.report-1728819900381-ear.electricity.works.json
2026-08-25 16:11:06,706 | WARNING | Unknown message type "gridworks.event.report" in hw1__1/eventstore/20241013/hw1.isone.me.versant.keene.beech.scada-gridworks.event.report-1728819900381-ear.electricity.works.json
2026-08-25 16:11:06,706 | WARNING | Unknown message type "gridworks.event.report" in hw1__1/eventstore/20241013/hw1.isone.me.versant.keene.beech.scada-gridworks.event.report-1728820200338-ear.electricity.works.json
2026-08-25 16:11:06,706 | WARNING | Unknown message type "gridworks.event.report" in hw1__1/eventstore/20241013/hw1.isone.me.versant.keene.beech.scada-gridworks.event.report-1728820200338-ear.electricity.works.json
2026-08-25 16:11:06,706 | WARNING | Unknown message type "gridworks.event.report" in hw1__1/eventstore/20241013/hw1.isone.me.versant.keene.beech.scada-gridworks.event.report-1728820500338-ear.electricity.works.json
2026-08-25 16:11:06,706 | WARNING | Unknown message type "gridworks.event.report" in hw1__1/eventstore/20241013/hw1.isone.me.versant.keene.beech.scada-gridworks.event.report-1728820500338-ear.electricity.works.json
2026-08-25 16:11:06,706 | WARNING | Unknown message type "gridworks.event.report" in hw1__1/eventstore/20241013/hw1.isone.me.versant.keene.beech.scada-gridworks.event.report-1728820800285-ear.electricity.works.json
2026-08-25 16:11:06,706 | WARNING | Unknown message type "gridworks.event.report" in hw1__1/eventstore/20241013/hw1.isone.me.versant.keene.beech.scada-gridworks.event.report-1728820800285-ear.electricity.works.json
2026-08-25 16:11:06,706 | WARNING | Unknown message type "gridworks.event.report" in hw1__1/eventstore/20241013/hw1.isone.me.versant.keene.beech.scada-gridworks.event.report-1728821100201-ear.electricity.works.json
2026-08-25 16:11:06,706 | WARNING | Unknown message type "gridworks.event.report" in hw1__1/eventstore/20241013/hw1.isone.me.versant.keene.beech.scada-gridworks.event.report-1728821100201-ear.electricity.works.json
2026-08-25 16:11:06,706 | WARNING | Unknown message type "gridworks.event.report" in hw1__1/eventstore/20241013/hw1.isone.me.versant.keene.beech.scada-gridworks.event.report-1728821400410-ear.electricity.works.json
2026-08-25 16:11:06,706 | WARNING | Unknown message type "gridworks.event.report" in hw1__1/eventstore/20241013/hw1.isone.me.versant.keene.beech.scada-gridworks.event.report-1728821400410-ear.electricity.works.json
2026-08-25 16:11:06,706 | WARNING | Unknown message type "gridworks.event.report" in hw1__1/eventstore/20241013/hw1.isone.me.versant.keene.beech.scada-gridworks.event.report-1728821700259-ear.electricity.works.json
2026-08-25 16:11:06,706 | WARNING | Unknown message type "gridworks.event.report" in hw1__1/eventstore/20241013/hw1.isone.me.versant.keene.beech.scada-gridworks.event.report-1728821700259-ear.electricity.works.json
2026-08-25 16:11:06,706 | WARNING | Unknown message type "my.channels.event" in hw1__1/eventstore/20241013/hw1.isone.me.versant.keene.beech.scada-my.channels.event-1728821982915-ear.electricity.works.json
2026-08-25 16:11:06,706 | WARNING | Unknown message type "my.channels.event" in hw1__1/eventstore/20241013/hw1.isone.me.versant.keene.beech.scada-my.channels.event-1728821982915-ear.electricity.works.json
2026-08-25 16:11:06,706 | WARNING | Unknown message type "my.channels.event" in hw1__1/eventstore/20241013/hw1.isone.me.versant.keene.beech.scada-my.channels.event-1728829255339-ear.electricity.works.json
2026-08-25 16:11:06,706 | WARNING | Unknown message type "my.channels.event" in hw1__1/eventstore/20241013/hw1.isone.me.versant.keene.beech.scada-my.channels.event-1728829255339-ear.electricity.works.json
2026-08-25 16:11:06,706 | WARNING | Unknown message type "my.channels.event" in hw1__1/eventstore/20241013/hw1.isone.me.versant.keene.beech.scada-my.channels.event-1728829317777-ear.electricity.works.json
2026-08-25 16:11:06,706 | WARNING | Unknown message type "my.channels.event" in hw1__1/eventstore/20241013/hw1.isone.me.versant.keene.beech.scada-my.channels.event-1728829317777-ear.electricity.works.json
2026-08-25 16:11:06,706 | WARNING | Unknown message type "my.channels.event" in hw1__1/eventstore/20241013/hw1.isone.me.versant.keene.beech.scada-my.channels.event-1728832703287-ear.electricity.works.json
2026-08-25 16:11:06,706 | WARNING | Unknown message type "my.channels.event" in hw1__1/eventstore/20241013/hw1.isone.me.versant.keene.beech.scada-my.channels.event-1728832703287-ear.electricity.works.json
2026-08-25 16:11:06,706 | WARNING | Unknown message type "my.channels.event" in hw1__1/eventstore/20241013/hw1.isone.me.versant.keene.beech.scada-my.channels.event-1728833071594-ear.electricity.works.json
2026-08-25 16:11:06,706 | WARNING | Unknown message type "my.channels.event" in hw1__1/eventstore/20241013/hw1.isone.me.versant.keene.beech.scada-my.channels.event-1728833071594-ear.electricity.works.json
2026-08-25 16:11:06,706 | WARNING | Unknown message type "my.channels.event" in hw1__1/eventstore/20241013/hw1.isone.me.versant.keene.beech.scada-my.channels.event-1728835532778-ear.electricity.works.json
2026-08-25 16:11:06,706 | WARNING | Unknown message type "my.channels.event" in hw1__1/eventstore/20241013/hw1.isone.me.versant.keene.beech.scada-my.channels.event-1728835532778-ear.electricity.works.json
2026-08-25 16:11:08,462 | WARNING | Unknown message type "my.channels.event" in hw1__1/eventstore/20241013/hw1.isone.me.versant.keene.fir.scada-my.channels.event-1728825181295-ear.electricity.works.json
2026-08-25 16:11:08,462 | WARNING | Unknown message type "my.channels.event" in hw1__1/eventstore/20241013/hw1.isone.me.versant.keene.fir.scada-my.channels.event-1728825181295-ear.electricity.works.json
2026-08-25 16:11:08,462 | WARNING | Unknown message type "my.channels.event" in hw1__1/eventstore/20241013/hw1.isone.me.versant.keene.fir.scada-my.channels.event-1728825458732-ear.electricity.works.json
2026-08-25 16:11:08,462 | WARNING | Unknown message type "my.channels.event" in hw1__1/eventstore/20241013/hw1.isone.me.versant.keene.fir.scada-my.channels.event-1728825458732-ear.electricity.works.json
2026-08-25 16:11:08,462 | WARNING | Unknown message type "my.channels.event" in hw1__1/eventstore/20241013/hw1.isone.me.versant.keene.fir.scada-my.channels.event-1728825663438-ear.electricity.works.json
2026-08-25 16:11:08,462 | WARNING | Unknown message type "my.channels.event" in hw1__1/eventstore/20241013/hw1.isone.me.versant.keene.fir.scada-my.channels.event-1728825663438-ear.electricity.works.json
2026-08-25 16:11:08,462 | WARNING | Unknown message type "my.channels.event" in hw1__1/eventstore/20241013/hw1.isone.me.versant.keene.fir.scada-my.channels.event-1728829246075-ear.electricity.works.json
2026-08-25 16:11:08,462 | WARNING | Unknown message type "my.channels.event" in hw1__1/eventstore/20241013/hw1.isone.me.versant.keene.fir.scada-my.channels.event-1728829246075-ear.electricity.works.json
2026-08-25 16:11:08,462 | WARNING | Unknown message type "my.channels.event" in hw1__1/eventstore/20241013/hw1.isone.me.versant.keene.fir.scada-my.channels.event-1728835579252-ear.electricity.works.json
2026-08-25 16:11:08,462 | WARNING | Unknown message type "my.channels.event" in hw1__1/eventstore/20241013/hw1.isone.me.versant.keene.fir.scada-my.channels.event-1728835579252-ear.electricity.works.json
2026-08-25 16:11:10,118 | WARNING | Unknown message type "gt.sh.cli.atn.cmd" in hw1__1/eventstore/20241013/hw1.isone.me.versant.keene.oak-gt.sh.cli.atn.cmd-1728817848208-ear.electricity.works.json
2026-08-25 16:11:10,118 | WARNING | Unknown message type "gt.sh.cli.atn.cmd" in hw1__1/eventstore/20241013/hw1.isone.me.versant.keene.oak-gt.sh.cli.atn.cmd-1728817848208-ear.electricity.works.json
2026-08-25 16:11:10,738 | WARNING | Unknown message type "my.channels.event" in hw1__1/eventstore/20241013/hw1.isone.me.versant.keene.oak.scada-my.channels.event-1728822461415-ear.electricity.works.json
2026-08-25 16:11:10,738 | WARNING | Unknown message type "my.channels.event" in hw1__1/eventstore/20241013/hw1.isone.me.versant.keene.oak.scada-my.channels.event-1728822461415-ear.electricity.works.json
2026-08-25 16:11:10,738 | WARNING | Unknown message type "my.channels.event" in hw1__1/eventstore/20241013/hw1.isone.me.versant.keene.oak.scada-my.channels.event-1728824389065-ear.electricity.works.json
2026-08-25 16:11:10,738 | WARNING | Unknown message type "my.channels.event" in hw1__1/eventstore/20241013/hw1.isone.me.versant.keene.oak.scada-my.channels.event-1728824389065-ear.electricity.works.json
2026-08-25 16:11:10,738 | WARNING | Unknown message type "my.channels.event" in hw1__1/eventstore/20241013/hw1.isone.me.versant.keene.oak.scada-my.channels.event-1728824620081-ear.electricity.works.json
2026-08-25 16:11:10,738 | WARNING | Unknown message type "my.channels.event" in hw1__1/eventstore/20241013/hw1.isone.me.versant.keene.oak.scada-my.channels.event-1728824620081-ear.electricity.works.json
2026-08-25 16:11:10,738 | WARNING | Unknown message type "my.channels.event" in hw1__1/eventstore/20241013/hw1.isone.me.versant.keene.oak.scada-my.channels.event-1728825046481-ear.electricity.works.json
2026-08-25 16:11:10,738 | WARNING | Unknown message type "my.channels.event" in hw1__1/eventstore/20241013/hw1.isone.me.versant.keene.oak.scada-my.channels.event-1728825046481-ear.electricity.works.json
2026-08-25 16:11:10,738 | WARNING | Unknown message type "my.channels.event" in hw1__1/eventstore/20241013/hw1.isone.me.versant.keene.oak.scada-my.channels.event-1728827429243-ear.electricity.works.json
2026-08-25 16:11:10,738 | WARNING | Unknown message type "my.channels.event" in hw1__1/eventstore/20241013/hw1.isone.me.versant.keene.oak.scada-my.channels.event-1728827429243-ear.electricity.works.json
2026-08-25 16:11:10,738 | WARNING | Unknown message type "my.channels.event" in hw1__1/eventstore/20241013/hw1.isone.me.versant.keene.oak.scada-my.channels.event-1728827991042-ear.electricity.works.json
2026-08-25 16:11:10,738 | WARNING | Unknown message type "my.channels.event" in hw1__1/eventstore/20241013/hw1.isone.me.versant.keene.oak.scada-my.channels.event-1728827991042-ear.electricity.works.json
2026-08-25 16:11:10,738 | WARNING | Unknown message type "my.channels.event" in hw1__1/eventstore/20241013/hw1.isone.me.versant.keene.oak.scada-my.channels.event-1728828208662-ear.electricity.works.json
2026-08-25 16:11:10,738 | WARNING | Unknown message type "my.channels.event" in hw1__1/eventstore/20241013/hw1.isone.me.versant.keene.oak.scada-my.channels.event-1728828208662-ear.electricity.works.json
2026-08-25 16:11:10,739 | WARNING | Unknown message type "my.channels.event" in hw1__1/eventstore/20241013/hw1.isone.me.versant.keene.oak.scada-my.channels.event-1728828401869-ear.electricity.works.json
2026-08-25 16:11:10,739 | WARNING | Unknown message type "my.channels.event" in hw1__1/eventstore/20241013/hw1.isone.me.versant.keene.oak.scada-my.channels.event-1728828401869-ear.electricity.works.json
2026-08-25 16:11:10,739 | WARNING | Unknown message type "my.channels.event" in hw1__1/eventstore/20241013/hw1.isone.me.versant.keene.oak.scada-my.channels.event-1728828962995-ear.electricity.works.json
2026-08-25 16:11:10,739 | WARNING | Unknown message type "my.channels.event" in hw1__1/eventstore/20241013/hw1.isone.me.versant.keene.oak.scada-my.channels.event-1728828962995-ear.electricity.works.json
2026-08-25 16:11:10,739 | WARNING | Unknown message type "my.channels.event" in hw1__1/eventstore/20241013/hw1.isone.me.versant.keene.oak.scada-my.channels.event-1728832795540-ear.electricity.works.json
2026-08-25 16:11:10,739 | WARNING | Unknown message type "my.channels.event" in hw1__1/eventstore/20241013/hw1.isone.me.versant.keene.oak.scada-my.channels.event-1728832795540-ear.electricity.works.json
2026-08-25 16:11:10,739 | WARNING | Unknown message type "my.channels.event" in hw1__1/eventstore/20241013/hw1.isone.me.versant.keene.oak.scada-my.channels.event-1728835467601-ear.electricity.works.json
2026-08-25 16:11:10,739 | WARNING | Unknown message type "my.channels.event" in hw1__1/eventstore/20241013/hw1.isone.me.versant.keene.oak.scada-my.channels.event-1728835467601-ear.electricity.works.json
2026-08-25 16:11:13,166 | INFO | Completed 100 messages (311366B) thru 2024-10-13T00:14:32.779000+00:00
2026-08-25 16:11:15,746 | INFO | Completed 200 messages (744488B) thru 2024-10-13T00:33:23.984000+00:00
2026-08-25 16:11:18,017 | INFO | Completed 300 messages (1066028B) thru 2024-10-13T00:45:38.098000+00:00
2026-08-25 16:11:20,032 | INFO | Completed 400 messages (1446502B) thru 2024-10-13T01:02:41.279000+00:00
2026-08-25 16:11:22,227 | INFO | Completed 500 messages (1736803B) thru 2024-10-13T01:15:00.124000+00:00
2026-08-25 16:11:35,991 | INFO | Completed 600 messages (2060599B) thru 2024-10-13T01:27:34.551000+00:00
2026-08-25 16:11:38,094 | INFO | Completed 700 messages (2430567B) thru 2024-10-13T01:44:04.102000+00:00
2026-08-25 16:11:41,014 | INFO | Completed 800 messages (2856067B) thru 2024-10-13T02:00:34.879000+00:00
2026-08-25 16:11:43,000 | INFO | Completed 900 messages (3274273B) thru 2024-10-13T02:19:34.085000+00:00
2026-08-25 16:11:45,428 | INFO | Completed 1000 messages (3587985B) thru 2024-10-13T02:31:50.208000+00:00
2026-08-25 16:11:47,614 | INFO | Completed 1100 messages (3927036B) thru 2024-10-13T02:46:00.854000+00:00
2026-08-25 16:11:49,209 | INFO | Completed 1200 messages (4171110B) thru 2024-10-13T02:51:26.128000+00:00
2026-08-25 16:11:50,388 | INFO | Completed 1300 messages (4390355B) thru 2024-10-13T02:51:39.736000+00:00
2026-08-25 16:11:51,910 | INFO | Completed 1400 messages (4612516B) thru 2024-10-13T02:51:53.746000+00:00
2026-08-25 16:11:54,303 | INFO | Completed 1500 messages (4938925B) thru 2024-10-13T03:02:09.530000+00:00
2026-08-25 16:11:56,172 | INFO | Completed 1600 messages (5264469B) thru 2024-10-13T03:13:03.424000+00:00
2026-08-25 16:11:58,052 | INFO | Completed 1700 messages (5595005B) thru 2024-10-13T03:24:01.963000+00:00
2026-08-25 16:11:59,789 | INFO | Completed 1800 messages (5938424B) thru 2024-10-13T03:35:00.196000+00:00
2026-08-25 16:12:02,148 | INFO | Completed 1900 messages (6306682B) thru 2024-10-13T03:46:30.077000+00:00
2026-08-25 16:12:04,019 | INFO | Completed 2000 messages (6636608B) thru 2024-10-13T03:57:12.144000+00:00
2026-08-25 16:12:05,463 | INFO | Completed 2100 messages (6855582B) thru 2024-10-13T04:04:52.247000+00:00
2026-08-25 16:12:07,519 | INFO | Completed 2200 messages (7130864B) thru 2024-10-13T04:13:28.348000+00:00
2026-08-25 16:12:09,553 | INFO | Completed 2300 messages (7423800B) thru 2024-10-13T04:21:33.434000+00:00
2026-08-25 16:12:11,515 | INFO | Completed 2400 messages (7651459B) thru 2024-10-13T04:29:03.801000+00:00
2026-08-25 16:12:13,718 | INFO | Completed 2500 messages (8035008B) thru 2024-10-13T04:40:44.638000+00:00
2026-08-25 16:12:15,587 | INFO | Completed 2600 messages (8335900B) thru 2024-10-13T04:50:34.383000+00:00
2026-08-25 16:12:17,281 | INFO | Completed 2700 messages (8658743B) thru 2024-10-13T05:01:27.866000+00:00
2026-08-25 16:12:18,844 | INFO | Completed 2800 messages (8899059B) thru 2024-10-13T05:09:34.959000+00:00
2026-08-25 16:12:21,089 | INFO | Completed 2900 messages (9262283B) thru 2024-10-13T05:20:20.153000+00:00
2026-08-25 16:12:22,431 | INFO | Completed 3000 messages (9514127B) thru 2024-10-13T05:29:31.889000+00:00
2026-08-25 16:12:24,490 | INFO | Completed 3100 messages (9807565B) thru 2024-10-13T05:39:00.758000+00:00
2026-08-25 16:12:26,134 | INFO | Completed 3200 messages (10135260B) thru 2024-10-13T05:49:32.603000+00:00
2026-08-25 16:12:28,190 | INFO | Completed 3300 messages (10550692B) thru 2024-10-13T06:03:03.005000+00:00
2026-08-25 16:12:30,086 | INFO | Completed 3400 messages (10897103B) thru 2024-10-13T06:14:33.310000+00:00
2026-08-25 16:12:32,237 | INFO | Completed 3500 messages (11315513B) thru 2024-10-13T06:28:33.726000+00:00
2026-08-25 16:12:34,062 | INFO | Completed 3600 messages (11629453B) thru 2024-10-13T06:38:33.614000+00:00
2026-08-25 16:12:36,006 | INFO | Completed 3700 messages (11978942B) thru 2024-10-13T06:49:34.290000+00:00
2026-08-25 16:12:38,111 | INFO | Completed 3800 messages (12382429B) thru 2024-10-13T07:03:04.234000+00:00
2026-08-25 16:12:40,375 | INFO | Completed 3900 messages (12780661B) thru 2024-10-13T07:15:35.008000+00:00
2026-08-25 16:12:41,919 | INFO | Completed 4000 messages (13032231B) thru 2024-10-13T07:24:31.644000+00:00
2026-08-25 16:12:43,697 | INFO | Completed 4100 messages (13287177B) thru 2024-10-13T07:31:41.536000+00:00
2026-08-25 16:12:45,214 | INFO | Completed 4200 messages (13474792B) thru 2024-10-13T07:38:00.674000+00:00
2026-08-25 16:12:47,113 | INFO | Completed 4300 messages (13725580B) thru 2024-10-13T07:45:00.696000+00:00
2026-08-25 16:12:48,914 | INFO | Completed 4400 messages (14033057B) thru 2024-10-13T07:55:11.806000+00:00
2026-08-25 16:12:50,670 | INFO | Completed 4500 messages (14350173B) thru 2024-10-13T08:05:35.026000+00:00
2026-08-25 16:12:52,498 | INFO | Completed 4600 messages (14663468B) thru 2024-10-13T08:16:00.356000+00:00
2026-08-25 16:12:54,856 | INFO | Completed 4700 messages (14986845B) thru 2024-10-13T08:26:01.265000+00:00
2026-08-25 16:12:56,925 | INFO | Completed 4800 messages (15415860B) thru 2024-10-13T08:40:10.284000+00:00
2026-08-25 16:12:58,958 | INFO | Completed 4900 messages (15750547B) thru 2024-10-13T08:51:01.294000+00:00
2026-08-25 16:13:00,289 | INFO | Completed 5000 messages (15968257B) thru 2024-10-13T08:58:20.742000+00:00
2026-08-25 16:13:02,019 | INFO | Completed 5100 messages (16189100B) thru 2024-10-13T09:05:00.291000+00:00
2026-08-25 16:13:03,641 | INFO | Completed 5200 messages (16468370B) thru 2024-10-13T09:15:00.076000+00:00
2026-08-25 16:13:05,912 | INFO | Completed 5300 messages (16825665B) thru 2024-10-13T09:25:14.830000+00:00
2026-08-25 16:13:07,526 | INFO | Completed 5400 messages (17180491B) thru 2024-10-13T09:38:02.667000+00:00
2026-08-25 16:13:09,564 | INFO | Completed 5500 messages (17503454B) thru 2024-10-13T09:48:05.039000+00:00
2026-08-25 16:13:11,235 | INFO | Completed 5600 messages (17828536B) thru 2024-10-13T09:59:04.626000+00:00
2026-08-25 16:13:13,479 | INFO | Completed 5700 messages (18217618B) thru 2024-10-13T10:11:33.654000+00:00
2026-08-25 16:13:15,568 | INFO | Completed 5800 messages (18419101B) thru 2024-10-13T10:18:00.238000+00:00
2026-08-25 16:13:17,336 | INFO | Completed 5900 messages (18754209B) thru 2024-10-13T10:28:34.399000+00:00
2026-08-25 16:13:19,842 | INFO | Completed 6000 messages (19152001B) thru 2024-10-13T10:41:00.774000+00:00
2026-08-25 16:13:21,553 | INFO | Completed 6100 messages (19495612B) thru 2024-10-13T10:52:04.816000+00:00
2026-08-25 16:13:23,402 | INFO | Completed 6200 messages (19938343B) thru 2024-10-13T11:07:30.392000+00:00
2026-08-25 16:13:25,228 | INFO | Completed 6300 messages (20265214B) thru 2024-10-13T11:18:00.642000+00:00
2026-08-25 16:13:27,290 | INFO | Completed 6400 messages (20704333B) thru 2024-10-13T11:32:31.111000+00:00
2026-08-25 16:13:29,251 | INFO | Completed 6500 messages (21056628B) thru 2024-10-13T11:45:00.074000+00:00
2026-08-25 16:13:31,022 | INFO | Completed 6600 messages (21315483B) thru 2024-10-13T11:52:32.794000+00:00
2026-08-25 16:13:32,952 | INFO | Completed 6700 messages (21603723B) thru 2024-10-13T12:01:57.443000+00:00
2026-08-25 16:13:34,982 | INFO | Completed 6800 messages (21915799B) thru 2024-10-13T12:11:41.153000+00:00
2026-08-25 16:13:37,277 | INFO | Completed 6900 messages (22184077B) thru 2024-10-13T12:20:00.244000+00:00
2026-08-25 16:13:39,262 | INFO | Completed 7000 messages (22522346B) thru 2024-10-13T12:31:02.518000+00:00
2026-08-25 16:13:40,931 | INFO | Completed 7100 messages (22836670B) thru 2024-10-13T12:47:02.861000+00:00
2026-08-25 16:13:42,815 | INFO | Completed 7200 messages (23195288B) thru 2024-10-13T13:03:37.082000+00:00
2026-08-25 16:13:44,775 | INFO | Completed 7300 messages (23482781B) thru 2024-10-13T13:15:00.147000+00:00
2026-08-25 16:13:46,314 | INFO | Completed 7400 messages (23743101B) thru 2024-10-13T13:27:33.314000+00:00
2026-08-25 16:13:48,354 | INFO | Completed 7500 messages (24082320B) thru 2024-10-13T13:43:30.355000+00:00
2026-08-25 16:13:50,214 | INFO | Completed 7600 messages (24312433B) thru 2024-10-13T13:53:33.955000+00:00
2026-08-25 16:13:52,253 | INFO | Completed 7700 messages (24592622B) thru 2024-10-13T14:05:30.152000+00:00
2026-08-25 16:13:53,675 | INFO | Completed 7800 messages (24839654B) thru 2024-10-13T14:14:03.711000+00:00
2026-08-25 16:13:55,704 | INFO | Completed 7900 messages (25097845B) thru 2024-10-13T14:21:30.733000+00:00
2026-08-25 16:13:57,756 | INFO | Completed 8000 messages (25437841B) thru 2024-10-13T14:32:01+00:00
2026-08-25 16:13:59,595 | INFO | Completed 8100 messages (25803659B) thru 2024-10-13T14:44:02.740000+00:00
2026-08-25 16:14:01,904 | INFO | Completed 8200 messages (26127009B) thru 2024-10-13T14:54:31.552000+00:00
2026-08-25 16:14:04,008 | INFO | Completed 8300 messages (26461627B) thru 2024-10-13T15:05:00.019000+00:00
2026-08-25 16:14:06,372 | INFO | Completed 8400 messages (26842340B) thru 2024-10-13T15:15:42.276000+00:00
2026-08-25 16:14:07,937 | INFO | Completed 8500 messages (27159329B) thru 2024-10-13T15:27:02.355000+00:00
2026-08-25 16:14:09,681 | INFO | Completed 8600 messages (27504601B) thru 2024-10-13T15:38:13.506000+00:00
2026-08-25 16:14:11,971 | INFO | Completed 8700 messages (27867832B) thru 2024-10-13T15:50:00.061000+00:00
2026-08-25 16:14:14,002 | INFO | Completed 8800 messages (28265446B) thru 2024-10-13T16:02:03.234000+00:00
2026-08-25 16:14:15,417 | INFO | Completed 8900 messages (28569122B) thru 2024-10-13T16:13:32.450000+00:00
2026-08-25 16:14:16,703 | INFO | Completed 9000 messages (28856254B) thru 2024-10-13T16:24:04.435000+00:00
2026-08-25 16:14:17,699 | INFO | Completed 9100 messages (29144214B) thru 2024-10-13T16:35:00.048000+00:00
2026-08-25 16:14:18,998 | INFO | Completed 9200 messages (29445890B) thru 2024-10-13T16:46:00.261000+00:00
2026-08-25 16:14:20,863 | INFO | Completed 9300 messages (29743709B) thru 2024-10-13T16:57:03.827000+00:00
2026-08-25 16:14:22,148 | INFO | Completed 9400 messages (30053343B) thru 2024-10-13T17:08:36.629000+00:00
2026-08-25 16:14:23,172 | INFO | Completed 9500 messages (30337145B) thru 2024-10-13T17:19:33.747000+00:00
2026-08-25 16:14:24,559 | INFO | Completed 9600 messages (30638080B) thru 2024-10-13T17:30:22.857000+00:00
2026-08-25 16:14:25,650 | INFO | Completed 9700 messages (30935010B) thru 2024-10-13T17:41:30.962000+00:00
2026-08-25 16:14:26,775 | INFO | Completed 9800 messages (31229203B) thru 2024-10-13T17:52:38.094000+00:00
2026-08-25 16:14:28,207 | INFO | Completed 9900 messages (31519216B) thru 2024-10-13T18:04:00.827000+00:00
2026-08-25 16:14:29,368 | INFO | Completed 10000 messages (31775494B) thru 2024-10-13T18:13:01.147000+00:00
2026-08-25 16:14:30,750 | INFO | Completed 10100 messages (32002057B) thru 2024-10-13T18:21:01.373000+00:00
2026-08-25 16:14:32,170 | INFO | Completed 10200 messages (32264369B) thru 2024-10-13T18:30:33.003000+00:00
2026-08-25 16:14:33,688 | INFO | Completed 10300 messages (32545570B) thru 2024-10-13T18:41:03.287000+00:00
2026-08-25 16:14:34,979 | INFO | Completed 10400 messages (32843297B) thru 2024-10-13T18:52:32.367000+00:00
2026-08-25 16:14:36,158 | INFO | Completed 10500 messages (33127366B) thru 2024-10-13T19:03:03.910000+00:00
2026-08-25 16:14:37,316 | INFO | Completed 10600 messages (33414620B) thru 2024-10-13T19:14:02.890000+00:00
2026-08-25 16:14:38,599 | INFO | Completed 10700 messages (33709468B) thru 2024-10-13T19:25:00.070000+00:00
2026-08-25 16:14:39,808 | INFO | Completed 10800 messages (34006509B) thru 2024-10-13T19:35:34.778000+00:00
2026-08-25 16:14:41,122 | INFO | Completed 10900 messages (34304131B) thru 2024-10-13T19:47:03.866000+00:00
2026-08-25 16:14:42,353 | INFO | Completed 11000 messages (34596822B) thru 2024-10-13T19:58:04.373000+00:00
2026-08-25 16:14:43,563 | INFO | Completed 11100 messages (34891469B) thru 2024-10-13T20:09:04.744000+00:00
2026-08-25 16:14:45,156 | INFO | Completed 11200 messages (35182136B) thru 2024-10-13T20:20:00.085000+00:00
2026-08-25 16:14:46,624 | INFO | Completed 11300 messages (35491946B) thru 2024-10-13T20:31:01.248000+00:00
2026-08-25 16:14:48,128 | INFO | Completed 11400 messages (35789616B) thru 2024-10-13T20:42:30.804000+00:00
2026-08-25 16:14:49,332 | INFO | Completed 11500 messages (36076789B) thru 2024-10-13T20:53:30.788000+00:00
2026-08-25 16:14:50,504 | INFO | Completed 11600 messages (36367123B) thru 2024-10-13T21:04:31.135000+00:00
2026-08-25 16:14:51,941 | INFO | Completed 11700 messages (36657728B) thru 2024-10-13T21:15:00.081000+00:00
2026-08-25 16:14:53,459 | INFO | Completed 11800 messages (36861475B) thru 2024-10-13T21:22:01.593000+00:00
2026-08-25 16:14:54,873 | INFO | Completed 11900 messages (37062322B) thru 2024-10-13T21:29:31.806000+00:00
2026-08-25 16:14:56,060 | INFO | Completed 12000 messages (37315265B) thru 2024-10-13T21:38:28.595000+00:00
2026-08-25 16:14:57,384 | INFO | Completed 12100 messages (37675491B) thru 2024-10-13T21:51:40.733000+00:00
2026-08-25 16:14:58,558 | INFO | Completed 12200 messages (37952199B) thru 2024-10-13T22:02:03.575000+00:00
2026-08-25 16:14:59,773 | INFO | Completed 12300 messages (38239362B) thru 2024-10-13T22:13:03.053000+00:00
2026-08-25 16:15:01,435 | INFO | Completed 12400 messages (38525860B) thru 2024-10-13T22:23:34.183000+00:00
2026-08-25 16:15:02,671 | INFO | Completed 12500 messages (38822096B) thru 2024-10-13T22:35:00.019000+00:00
2026-08-25 16:15:04,111 | INFO | Completed 12600 messages (39126366B) thru 2024-10-13T22:45:34.545000+00:00
2026-08-25 16:15:05,380 | INFO | Completed 12700 messages (39472821B) thru 2024-10-13T22:59:04.967000+00:00
2026-08-25 16:15:06,589 | INFO | Completed 12800 messages (39749670B) thru 2024-10-13T23:09:30.391000+00:00
2026-08-25 16:15:08,097 | INFO | Completed 12900 messages (40031274B) thru 2024-10-13T23:20:00.057000+00:00
2026-08-25 16:15:09,706 | INFO | Completed 13000 messages (40344556B) thru 2024-10-13T23:31:00.953000+00:00
2026-08-25 16:15:11,007 | INFO | Completed 13100 messages (40632264B) thru 2024-10-13T23:42:01.207000+00:00
2026-08-25 16:15:12,198 | INFO | Completed 13200 messages (40992944B) thru 2024-10-13T23:55:31.657000+00:00
2026-08-25 16:15:12,501 | INFO | Completed messages for 2024-10-13T00:00:00
2026-08-25 16:15:15,852 | WARNING | Unknown message type "gt.sh.cli.atn.cmd" in hw1__1/eventstore/20241014/hw1.isone.me.versant.keene.fir-gt.sh.cli.atn.cmd-1728878568281-ear.electricity.works.json
2026-08-25 16:15:15,852 | WARNING | Unknown message type "gt.sh.cli.atn.cmd" in hw1__1/eventstore/20241014/hw1.isone.me.versant.keene.fir-gt.sh.cli.atn.cmd-1728878568281-ear.electricity.works.json
2026-08-25 16:15:15,853 | WARNING | Unknown message type "gt.sh.cli.atn.cmd" in hw1__1/eventstore/20241014/hw1.isone.me.versant.keene.fir-gt.sh.cli.atn.cmd-1728878654397-ear.electricity.works.json
2026-08-25 16:15:15,853 | WARNING | Unknown message type "gt.sh.cli.atn.cmd" in hw1__1/eventstore/20241014/hw1.isone.me.versant.keene.fir-gt.sh.cli.atn.cmd-1728878654397-ear.electricity.works.json
2026-08-25 16:15:15,853 | WARNING | Unknown message type "gt.sh.cli.atn.cmd" in hw1__1/eventstore/20241014/hw1.isone.me.versant.keene.fir-gt.sh.cli.atn.cmd-1728878765043-ear.electricity.works.json
2026-08-25 16:15:15,853 | WARNING | Unknown message type "gt.sh.cli.atn.cmd" in hw1__1/eventstore/20241014/hw1.isone.me.versant.keene.fir-gt.sh.cli.atn.cmd-1728878765043-ear.electricity.works.json
2026-08-25 16:15:15,853 | WARNING | Unknown message type "gt.sh.cli.atn.cmd" in hw1__1/eventstore/20241014/hw1.isone.me.versant.keene.fir-gt.sh.cli.atn.cmd-1728878992337-ear.electricity.works.json
2026-08-25 16:15:15,853 | WARNING | Unknown message type "gt.sh.cli.atn.cmd" in hw1__1/eventstore/20241014/hw1.isone.me.versant.keene.fir-gt.sh.cli.atn.cmd-1728878992337-ear.electricity.works.json
2026-08-25 16:15:15,854 | WARNING | Unknown message type "gt.sh.cli.atn.cmd" in hw1__1/eventstore/20241014/hw1.isone.me.versant.keene.fir-gt.sh.cli.atn.cmd-1728879075795-ear.electricity.works.json
2026-08-25 16:15:15,854 | WARNING | Unknown message type "gt.sh.cli.atn.cmd" in hw1__1/eventstore/20241014/hw1.isone.me.versant.keene.fir-gt.sh.cli.atn.cmd-1728879075795-ear.electricity.works.json
2026-08-25 16:15:15,854 | WARNING | Unknown message type "gt.sh.cli.atn.cmd" in hw1__1/eventstore/20241014/hw1.isone.me.versant.keene.fir-gt.sh.cli.atn.cmd-1728879515325-ear.electricity.works.json
2026-08-25 16:15:15,854 | WARNING | Unknown message type "gt.sh.cli.atn.cmd" in hw1__1/eventstore/20241014/hw1.isone.me.versant.keene.fir-gt.sh.cli.atn.cmd-1728879515325-ear.electricity.works.json
2026-08-25 16:15:15,854 | WARNING | Unknown message type "gt.sh.cli.atn.cmd" in hw1__1/eventstore/20241014/hw1.isone.me.versant.keene.fir-gt.sh.cli.atn.cmd-1728879972293-ear.electricity.works.json
2026-08-25 16:15:15,854 | WARNING | Unknown message type "gt.sh.cli.atn.cmd" in hw1__1/eventstore/20241014/hw1.isone.me.versant.keene.fir-gt.sh.cli.atn.cmd-1728879972293-ear.electricity.works.json
2026-08-25 16:15:15,854 | WARNING | Unknown message type "gt.sh.cli.atn.cmd" in hw1__1/eventstore/20241014/hw1.isone.me.versant.keene.fir-gt.sh.cli.atn.cmd-1728880253347-ear.electricity.works.json
2026-08-25 16:15:15,854 | WARNING | Unknown message type "gt.sh.cli.atn.cmd" in hw1__1/eventstore/20241014/hw1.isone.me.versant.keene.fir-gt.sh.cli.atn.cmd-1728880253347-ear.electricity.works.json
2026-08-25 16:15:15,854 | WARNING | Unknown message type "gt.sh.cli.atn.cmd" in hw1__1/eventstore/20241014/hw1.isone.me.versant.keene.fir-gt.sh.cli.atn.cmd-1728930420584-ear.electricity.works.json
2026-08-25 16:15:15,854 | WARNING | Unknown message type "gt.sh.cli.atn.cmd" in hw1__1/eventstore/20241014/hw1.isone.me.versant.keene.fir-gt.sh.cli.atn.cmd-1728930420584-ear.electricity.works.json
2026-08-25 16:15:15,854 | WARNING | Unknown message type "gt.sh.cli.atn.cmd" in hw1__1/eventstore/20241014/hw1.isone.me.versant.keene.fir-gt.sh.cli.atn.cmd-1728930484224-ear.electricity.works.json
2026-08-25 16:15:15,854 | WARNING | Unknown message type "gt.sh.cli.atn.cmd" in hw1__1/eventstore/20241014/hw1.isone.me.versant.keene.fir-gt.sh.cli.atn.cmd-1728930484224-ear.electricity.works.json
2026-08-25 16:15:15,854 | WARNING | Unknown message type "gt.sh.cli.atn.cmd" in hw1__1/eventstore/20241014/hw1.isone.me.versant.keene.fir-gt.sh.cli.atn.cmd-1728931142311-ear.electricity.works.json
2026-08-25 16:15:15,854 | WARNING | Unknown message type "gt.sh.cli.atn.cmd" in hw1__1/eventstore/20241014/hw1.isone.me.versant.keene.fir-gt.sh.cli.atn.cmd-1728931142311-ear.electricity.works.json
2026-08-25 16:15:15,854 | WARNING | Unknown message type "gt.sh.cli.atn.cmd" in hw1__1/eventstore/20241014/hw1.isone.me.versant.keene.fir-gt.sh.cli.atn.cmd-1728931255588-ear.electricity.works.json
2026-08-25 16:15:15,854 | WARNING | Unknown message type "gt.sh.cli.atn.cmd" in hw1__1/eventstore/20241014/hw1.isone.me.versant.keene.fir-gt.sh.cli.atn.cmd-1728931255588-ear.electricity.works.json
2026-08-25 16:15:15,854 | WARNING | Unknown message type "gt.sh.cli.atn.cmd" in hw1__1/eventstore/20241014/hw1.isone.me.versant.keene.fir-gt.sh.cli.atn.cmd-1728932042753-ear.electricity.works.json
2026-08-25 16:15:15,854 | WARNING | Unknown message type "gt.sh.cli.atn.cmd" in hw1__1/eventstore/20241014/hw1.isone.me.versant.keene.fir-gt.sh.cli.atn.cmd-1728932042753-ear.electricity.works.json
2026-08-25 16:15:15,854 | WARNING | Unknown message type "gt.sh.cli.atn.cmd" in hw1__1/eventstore/20241014/hw1.isone.me.versant.keene.fir-gt.sh.cli.atn.cmd-1728932096234-ear.electricity.works.json
2026-08-25 16:15:15,854 | WARNING | Unknown message type "gt.sh.cli.atn.cmd" in hw1__1/eventstore/20241014/hw1.isone.me.versant.keene.fir-gt.sh.cli.atn.cmd-1728932096234-ear.electricity.works.json
2026-08-25 16:15:15,854 | WARNING | Unknown message type "gt.sh.cli.atn.cmd" in hw1__1/eventstore/20241014/hw1.isone.me.versant.keene.fir-gt.sh.cli.atn.cmd-1728932296677-ear.electricity.works.json
2026-08-25 16:15:15,854 | WARNING | Unknown message type "gt.sh.cli.atn.cmd" in hw1__1/eventstore/20241014/hw1.isone.me.versant.keene.fir-gt.sh.cli.atn.cmd-1728932296677-ear.electricity.works.json
2026-08-25 16:15:15,854 | WARNING | Unknown message type "gt.sh.cli.atn.cmd" in hw1__1/eventstore/20241014/hw1.isone.me.versant.keene.fir-gt.sh.cli.atn.cmd-1728932371301-ear.electricity.works.json
2026-08-25 16:15:15,854 | WARNING | Unknown message type "gt.sh.cli.atn.cmd" in hw1__1/eventstore/20241014/hw1.isone.me.versant.keene.fir-gt.sh.cli.atn.cmd-1728932371301-ear.electricity.works.json
2026-08-25 16:15:15,854 | WARNING | Unknown message type "gt.sh.cli.atn.cmd" in hw1__1/eventstore/20241014/hw1.isone.me.versant.keene.fir-gt.sh.cli.atn.cmd-1728932483364-ear.electricity.works.json
2026-08-25 16:15:15,854 | WARNING | Unknown message type "gt.sh.cli.atn.cmd" in hw1__1/eventstore/20241014/hw1.isone.me.versant.keene.fir-gt.sh.cli.atn.cmd-1728932483364-ear.electricity.works.json
2026-08-25 16:15:15,854 | WARNING | Unknown message type "gt.sh.cli.atn.cmd" in hw1__1/eventstore/20241014/hw1.isone.me.versant.keene.fir-gt.sh.cli.atn.cmd-1728932690475-ear.electricity.works.json
2026-08-25 16:15:15,854 | WARNING | Unknown message type "gt.sh.cli.atn.cmd" in hw1__1/eventstore/20241014/hw1.isone.me.versant.keene.fir-gt.sh.cli.atn.cmd-1728932690475-ear.electricity.works.json
2026-08-25 16:15:15,854 | WARNING | Unknown message type "gt.sh.cli.atn.cmd" in hw1__1/eventstore/20241014/hw1.isone.me.versant.keene.fir-gt.sh.cli.atn.cmd-1728932708958-ear.electricity.works.json
2026-08-25 16:15:15,854 | WARNING | Unknown message type "gt.sh.cli.atn.cmd" in hw1__1/eventstore/20241014/hw1.isone.me.versant.keene.fir-gt.sh.cli.atn.cmd-1728932708958-ear.electricity.works.json
2026-08-25 16:15:15,854 | WARNING | Unknown message type "gt.sh.cli.atn.cmd" in hw1__1/eventstore/20241014/hw1.isone.me.versant.keene.fir-gt.sh.cli.atn.cmd-1728932750509-ear.electricity.works.json
2026-08-25 16:15:15,854 | WARNING | Unknown message type "gt.sh.cli.atn.cmd" in hw1__1/eventstore/20241014/hw1.isone.me.versant.keene.fir-gt.sh.cli.atn.cmd-1728932750509-ear.electricity.works.json
2026-08-25 16:15:15,854 | WARNING | Unknown message type "gt.sh.cli.atn.cmd" in hw1__1/eventstore/20241014/hw1.isone.me.versant.keene.fir-gt.sh.cli.atn.cmd-1728932816955-ear.electricity.works.json
2026-08-25 16:15:15,854 | WARNING | Unknown message type "gt.sh.cli.atn.cmd" in hw1__1/eventstore/20241014/hw1.isone.me.versant.keene.fir-gt.sh.cli.atn.cmd-1728932816955-ear.electricity.works.json
2026-08-25 16:15:15,854 | WARNING | Unknown message type "gt.sh.cli.atn.cmd" in hw1__1/eventstore/20241014/hw1.isone.me.versant.keene.fir-gt.sh.cli.atn.cmd-1728932931343-ear.electricity.works.json
2026-08-25 16:15:15,854 | WARNING | Unknown message type "gt.sh.cli.atn.cmd" in hw1__1/eventstore/20241014/hw1.isone.me.versant.keene.fir-gt.sh.cli.atn.cmd-1728932931343-ear.electricity.works.json
2026-08-25 16:15:15,854 | WARNING | Unknown message type "gt.sh.cli.atn.cmd" in hw1__1/eventstore/20241014/hw1.isone.me.versant.keene.fir-gt.sh.cli.atn.cmd-1728932988612-ear.electricity.works.json
2026-08-25 16:15:15,854 | WARNING | Unknown message type "gt.sh.cli.atn.cmd" in hw1__1/eventstore/20241014/hw1.isone.me.versant.keene.fir-gt.sh.cli.atn.cmd-1728932988612-ear.electricity.works.json
2026-08-25 16:15:15,854 | WARNING | Unknown message type "gt.sh.cli.atn.cmd" in hw1__1/eventstore/20241014/hw1.isone.me.versant.keene.fir-gt.sh.cli.atn.cmd-1728933022977-ear.electricity.works.json
2026-08-25 16:15:15,854 | WARNING | Unknown message type "gt.sh.cli.atn.cmd" in hw1__1/eventstore/20241014/hw1.isone.me.versant.keene.fir-gt.sh.cli.atn.cmd-1728933022977-ear.electricity.works.json
2026-08-25 16:15:15,854 | WARNING | Unknown message type "gt.sh.cli.atn.cmd" in hw1__1/eventstore/20241014/hw1.isone.me.versant.keene.fir-gt.sh.cli.atn.cmd-1728933043547-ear.electricity.works.json
2026-08-25 16:15:15,854 | WARNING | Unknown message type "gt.sh.cli.atn.cmd" in hw1__1/eventstore/20241014/hw1.isone.me.versant.keene.fir-gt.sh.cli.atn.cmd-1728933043547-ear.electricity.works.json
2026-08-25 16:15:15,854 | WARNING | Unknown message type "gt.sh.cli.atn.cmd" in hw1__1/eventstore/20241014/hw1.isone.me.versant.keene.fir-gt.sh.cli.atn.cmd-1728933091937-ear.electricity.works.json
2026-08-25 16:15:15,854 | WARNING | Unknown message type "gt.sh.cli.atn.cmd" in hw1__1/eventstore/20241014/hw1.isone.me.versant.keene.fir-gt.sh.cli.atn.cmd-1728933091937-ear.electricity.works.json
2026-08-25 16:15:15,854 | WARNING | Unknown message type "gt.sh.cli.atn.cmd" in hw1__1/eventstore/20241014/hw1.isone.me.versant.keene.fir-gt.sh.cli.atn.cmd-1728933165405-ear.electricity.works.json
2026-08-25 16:15:15,854 | WARNING | Unknown message type "gt.sh.cli.atn.cmd" in hw1__1/eventstore/20241014/hw1.isone.me.versant.keene.fir-gt.sh.cli.atn.cmd-1728933165405-ear.electricity.works.json
2026-08-25 16:15:15,854 | WARNING | Unknown message type "gt.sh.cli.atn.cmd" in hw1__1/eventstore/20241014/hw1.isone.me.versant.keene.fir-gt.sh.cli.atn.cmd-1728933190894-ear.electricity.works.json
2026-08-25 16:15:15,854 | WARNING | Unknown message type "gt.sh.cli.atn.cmd" in hw1__1/eventstore/20241014/hw1.isone.me.versant.keene.fir-gt.sh.cli.atn.cmd-1728933190894-ear.electricity.works.json
2026-08-25 16:15:15,854 | WARNING | Unknown message type "gt.sh.cli.atn.cmd" in hw1__1/eventstore/20241014/hw1.isone.me.versant.keene.fir-gt.sh.cli.atn.cmd-1728933393587-ear.electricity.works.json
2026-08-25 16:15:15,854 | WARNING | Unknown message type "gt.sh.cli.atn.cmd" in hw1__1/eventstore/20241014/hw1.isone.me.versant.keene.fir-gt.sh.cli.atn.cmd-1728933393587-ear.electricity.works.json
2026-08-25 16:15:15,854 | WARNING | Unknown message type "gt.sh.cli.atn.cmd" in hw1__1/eventstore/20241014/hw1.isone.me.versant.keene.fir-gt.sh.cli.atn.cmd-1728933660766-ear.electricity.works.json
2026-08-25 16:15:15,854 | WARNING | Unknown message type "gt.sh.cli.atn.cmd" in hw1__1/eventstore/20241014/hw1.isone.me.versant.keene.fir-gt.sh.cli.atn.cmd-1728933660766-ear.electricity.works.json
2026-08-25 16:15:15,854 | WARNING | Unknown message type "gt.sh.cli.atn.cmd" in hw1__1/eventstore/20241014/hw1.isone.me.versant.keene.fir-gt.sh.cli.atn.cmd-1728933709018-ear.electricity.works.json
2026-08-25 16:15:15,854 | WARNING | Unknown message type "gt.sh.cli.atn.cmd" in hw1__1/eventstore/20241014/hw1.isone.me.versant.keene.fir-gt.sh.cli.atn.cmd-1728933709018-ear.electricity.works.json
2026-08-25 16:15:15,854 | WARNING | Unknown message type "gt.sh.cli.atn.cmd" in hw1__1/eventstore/20241014/hw1.isone.me.versant.keene.fir-gt.sh.cli.atn.cmd-1728933978753-ear.electricity.works.json
2026-08-25 16:15:15,854 | WARNING | Unknown message type "gt.sh.cli.atn.cmd" in hw1__1/eventstore/20241014/hw1.isone.me.versant.keene.fir-gt.sh.cli.atn.cmd-1728933978753-ear.electricity.works.json
2026-08-25 16:15:15,854 | WARNING | Unknown message type "gt.sh.cli.atn.cmd" in hw1__1/eventstore/20241014/hw1.isone.me.versant.keene.fir-gt.sh.cli.atn.cmd-1728933990075-ear.electricity.works.json
2026-08-25 16:15:15,854 | WARNING | Unknown message type "gt.sh.cli.atn.cmd" in hw1__1/eventstore/20241014/hw1.isone.me.versant.keene.fir-gt.sh.cli.atn.cmd-1728933990075-ear.electricity.works.json
2026-08-25 16:15:15,854 | WARNING | Unknown message type "gt.sh.cli.atn.cmd" in hw1__1/eventstore/20241014/hw1.isone.me.versant.keene.fir-gt.sh.cli.atn.cmd-1728934031355-ear.electricity.works.json
2026-08-25 16:15:15,854 | WARNING | Unknown message type "gt.sh.cli.atn.cmd" in hw1__1/eventstore/20241014/hw1.isone.me.versant.keene.fir-gt.sh.cli.atn.cmd-1728934031355-ear.electricity.works.json
2026-08-25 16:15:15,854 | WARNING | Unknown message type "gt.sh.cli.atn.cmd" in hw1__1/eventstore/20241014/hw1.isone.me.versant.keene.fir-gt.sh.cli.atn.cmd-1728934222192-ear.electricity.works.json
2026-08-25 16:15:15,854 | WARNING | Unknown message type "gt.sh.cli.atn.cmd" in hw1__1/eventstore/20241014/hw1.isone.me.versant.keene.fir-gt.sh.cli.atn.cmd-1728934222192-ear.electricity.works.json
2026-08-25 16:15:15,854 | WARNING | Unknown message type "gt.sh.cli.atn.cmd" in hw1__1/eventstore/20241014/hw1.isone.me.versant.keene.fir-gt.sh.cli.atn.cmd-1728934358890-ear.electricity.works.json
2026-08-25 16:15:15,854 | WARNING | Unknown message type "gt.sh.cli.atn.cmd" in hw1__1/eventstore/20241014/hw1.isone.me.versant.keene.fir-gt.sh.cli.atn.cmd-1728934358890-ear.electricity.works.json
2026-08-25 16:15:15,854 | WARNING | Unknown message type "gt.sh.cli.atn.cmd" in hw1__1/eventstore/20241014/hw1.isone.me.versant.keene.fir-gt.sh.cli.atn.cmd-1728934394061-ear.electricity.works.json
2026-08-25 16:15:15,854 | WARNING | Unknown message type "gt.sh.cli.atn.cmd" in hw1__1/eventstore/20241014/hw1.isone.me.versant.keene.fir-gt.sh.cli.atn.cmd-1728934394061-ear.electricity.works.json
2026-08-25 16:15:15,854 | WARNING | Unknown message type "gt.sh.cli.atn.cmd" in hw1__1/eventstore/20241014/hw1.isone.me.versant.keene.fir-gt.sh.cli.atn.cmd-1728934539634-ear.electricity.works.json
2026-08-25 16:15:15,854 | WARNING | Unknown message type "gt.sh.cli.atn.cmd" in hw1__1/eventstore/20241014/hw1.isone.me.versant.keene.fir-gt.sh.cli.atn.cmd-1728934539634-ear.electricity.works.json
2026-08-25 16:15:15,854 | WARNING | Unknown message type "gt.sh.cli.atn.cmd" in hw1__1/eventstore/20241014/hw1.isone.me.versant.keene.fir-gt.sh.cli.atn.cmd-1728934628406-ear.electricity.works.json
2026-08-25 16:15:15,854 | WARNING | Unknown message type "gt.sh.cli.atn.cmd" in hw1__1/eventstore/20241014/hw1.isone.me.versant.keene.fir-gt.sh.cli.atn.cmd-1728934628406-ear.electricity.works.json
2026-08-25 16:15:15,854 | WARNING | Unknown message type "gt.sh.cli.atn.cmd" in hw1__1/eventstore/20241014/hw1.isone.me.versant.keene.fir-gt.sh.cli.atn.cmd-1728934743172-ear.electricity.works.json
2026-08-25 16:15:15,854 | WARNING | Unknown message type "gt.sh.cli.atn.cmd" in hw1__1/eventstore/20241014/hw1.isone.me.versant.keene.fir-gt.sh.cli.atn.cmd-1728934743172-ear.electricity.works.json
2026-08-25 16:15:15,854 | WARNING | Unknown message type "gt.sh.cli.atn.cmd" in hw1__1/eventstore/20241014/hw1.isone.me.versant.keene.fir-gt.sh.cli.atn.cmd-1728934765139-ear.electricity.works.json
2026-08-25 16:15:15,854 | WARNING | Unknown message type "gt.sh.cli.atn.cmd" in hw1__1/eventstore/20241014/hw1.isone.me.versant.keene.fir-gt.sh.cli.atn.cmd-1728934765139-ear.electricity.works.json
2026-08-25 16:15:15,854 | WARNING | Unknown message type "gt.sh.cli.atn.cmd" in hw1__1/eventstore/20241014/hw1.isone.me.versant.keene.fir-gt.sh.cli.atn.cmd-1728934802785-ear.electricity.works.json
2026-08-25 16:15:15,854 | WARNING | Unknown message type "gt.sh.cli.atn.cmd" in hw1__1/eventstore/20241014/hw1.isone.me.versant.keene.fir-gt.sh.cli.atn.cmd-1728934802785-ear.electricity.works.json
2026-08-25 16:15:15,854 | WARNING | Unknown message type "gt.sh.cli.atn.cmd" in hw1__1/eventstore/20241014/hw1.isone.me.versant.keene.fir-gt.sh.cli.atn.cmd-1728937461926-ear.electricity.works.json
2026-08-25 16:15:15,854 | WARNING | Unknown message type "gt.sh.cli.atn.cmd" in hw1__1/eventstore/20241014/hw1.isone.me.versant.keene.fir-gt.sh.cli.atn.cmd-1728937461926-ear.electricity.works.json
2026-08-25 16:15:20,017 | INFO | Completed 13300 messages (41268608B) thru 2024-10-14T00:06:01.804000+00:00
2026-08-25 16:15:21,211 | INFO | Completed 13400 messages (41549679B) thru 2024-10-14T00:16:32.062000+00:00
2026-08-25 16:15:22,591 | INFO | Completed 13500 messages (41782470B) thru 2024-10-14T00:25:00.052000+00:00
2026-08-25 16:15:23,950 | INFO | Completed 13600 messages (42041522B) thru 2024-10-14T00:34:18.394000+00:00
2026-08-25 16:15:25,209 | INFO | Completed 13700 messages (42310635B) thru 2024-10-14T00:44:23.509000+00:00
2026-08-25 16:15:26,400 | INFO | Completed 13800 messages (42569940B) thru 2024-10-14T00:53:41.595000+00:00
2026-08-25 16:15:27,669 | INFO | Completed 13900 messages (42869215B) thru 2024-10-14T01:05:00.081000+00:00
2026-08-25 16:15:29,288 | INFO | Completed 14000 messages (43178829B) thru 2024-10-14T01:15:44.826000+00:00
2026-08-25 16:15:30,854 | INFO | Completed 14100 messages (43522540B) thru 2024-10-14T01:29:13.960000+00:00
2026-08-25 16:15:33,014 | INFO | Completed 14200 messages (43801644B) thru 2024-10-14T01:40:00.015000+00:00
2026-08-25 16:15:34,531 | INFO | Completed 14300 messages (44099619B) thru 2024-10-14T01:50:14.172000+00:00
2026-08-25 16:15:35,675 | INFO | Completed 14400 messages (44386577B) thru 2024-10-14T02:01:00.608000+00:00
2026-08-25 16:15:36,917 | INFO | Completed 14500 messages (44681870B) thru 2024-10-14T02:11:30.934000+00:00
2026-08-25 16:15:38,417 | INFO | Completed 14600 messages (44955437B) thru 2024-10-14T02:22:00.398000+00:00
2026-08-25 16:15:39,780 | INFO | Completed 14700 messages (45315451B) thru 2024-10-14T02:35:07.645000+00:00
2026-08-25 16:15:40,877 | INFO | Completed 14800 messages (45617699B) thru 2024-10-14T02:46:43.765000+00:00
2026-08-25 16:15:42,173 | INFO | Completed 14900 messages (45952093B) thru 2024-10-14T03:00:00.020000+00:00
2026-08-25 16:15:43,791 | INFO | Completed 15000 messages (46178306B) thru 2024-10-14T03:07:31.630000+00:00
2026-08-25 16:15:45,210 | INFO | Completed 15100 messages (46450457B) thru 2024-10-14T03:17:13.137000+00:00
2026-08-25 16:15:46,498 | INFO | Completed 15200 messages (46710614B) thru 2024-10-14T03:26:33.222000+00:00
2026-08-25 16:15:47,673 | INFO | Completed 15300 messages (47010107B) thru 2024-10-14T03:38:02.727000+00:00
2026-08-25 16:15:49,063 | INFO | Completed 15400 messages (47367473B) thru 2024-10-14T03:51:09.441000+00:00
2026-08-25 16:15:50,215 | INFO | Completed 15500 messages (47620238B) thru 2024-10-14T04:00:15.531000+00:00
2026-08-25 16:15:51,534 | INFO | Completed 15600 messages (47980088B) thru 2024-10-14T04:12:34.680000+00:00
2026-08-25 16:15:52,810 | INFO | Completed 15700 messages (48295489B) thru 2024-10-14T04:24:06.770000+00:00
2026-08-25 16:15:54,601 | INFO | Completed 15800 messages (48542756B) thru 2024-10-14T04:31:33.731000+00:00
2026-08-25 16:15:55,771 | INFO | Completed 15900 messages (48856135B) thru 2024-10-14T04:43:30.653000+00:00
2026-08-25 16:15:57,021 | INFO | Completed 16000 messages (49128533B) thru 2024-10-14T04:53:12.065000+00:00
2026-08-25 16:15:58,259 | INFO | Completed 16100 messages (49466322B) thru 2024-10-14T05:06:00.345000+00:00
2026-08-25 16:15:59,837 | INFO | Completed 16200 messages (49691550B) thru 2024-10-14T05:14:30.496000+00:00
2026-08-25 16:16:01,234 | INFO | Completed 16300 messages (49933855B) thru 2024-10-14T05:22:19.372000+00:00
2026-08-25 16:16:02,582 | INFO | Completed 16400 messages (50176252B) thru 2024-10-14T05:31:00.321000+00:00
2026-08-25 16:16:03,661 | INFO | Completed 16500 messages (50520709B) thru 2024-10-14T05:44:30.670000+00:00
2026-08-25 16:16:05,038 | INFO | Completed 16600 messages (50801542B) thru 2024-10-14T05:55:00.021000+00:00
2026-08-25 16:16:06,403 | INFO | Completed 16700 messages (51111449B) thru 2024-10-14T06:05:33.123000+00:00
2026-08-25 16:16:07,503 | INFO | Completed 16800 messages (51449146B) thru 2024-10-14T06:18:58.965000+00:00
2026-08-25 16:16:09,079 | INFO | Completed 16900 messages (51810894B) thru 2024-10-14T06:32:01.912000+00:00
2026-08-25 16:16:10,342 | INFO | Completed 17000 messages (52134688B) thru 2024-10-14T06:44:04.280000+00:00
2026-08-25 16:16:11,733 | INFO | Completed 17100 messages (52456944B) thru 2024-10-14T06:56:02.523000+00:00
2026-08-25 16:16:13,184 | INFO | Completed 17200 messages (52723942B) thru 2024-10-14T07:05:33.761000+00:00
2026-08-25 16:16:14,747 | INFO | Completed 17300 messages (52933040B) thru 2024-10-14T07:13:21.447000+00:00
2026-08-25 16:16:16,135 | INFO | Completed 17400 messages (53205121B) thru 2024-10-14T07:23:04.301000+00:00
2026-08-25 16:16:17,571 | INFO | Completed 17500 messages (53555693B) thru 2024-10-14T07:36:00.913000+00:00
2026-08-25 16:16:18,798 | INFO | Completed 17600 messages (53844504B) thru 2024-10-14T07:46:34.991000+00:00
2026-08-25 16:16:20,265 | INFO | Completed 17700 messages (54126958B) thru 2024-10-14T07:57:03.976000+00:00
2026-08-25 16:16:21,567 | INFO | Completed 17800 messages (54418576B) thru 2024-10-14T08:08:04.432000+00:00
2026-08-25 16:16:22,899 | INFO | Completed 17900 messages (54710251B) thru 2024-10-14T08:19:02.251000+00:00
2026-08-25 16:16:24,394 | INFO | Completed 18000 messages (54993269B) thru 2024-10-14T08:29:31.250000+00:00
2026-08-25 16:16:25,897 | INFO | Completed 18100 messages (55223607B) thru 2024-10-14T08:36:13.800000+00:00
2026-08-25 16:16:27,149 | INFO | Completed 18200 messages (55398589B) thru 2024-10-14T08:42:19.890000+00:00
2026-08-25 16:16:28,651 | INFO | Completed 18300 messages (55651603B) thru 2024-10-14T08:51:31.950000+00:00
2026-08-25 16:16:29,786 | INFO | Completed 18400 messages (55943538B) thru 2024-10-14T09:02:32.251000+00:00
2026-08-25 16:16:31,746 | INFO | Completed 18500 messages (56237997B) thru 2024-10-14T09:13:03.867000+00:00
2026-08-25 16:16:32,862 | INFO | Completed 18600 messages (56524089B) thru 2024-10-14T09:23:34.183000+00:00
2026-08-25 16:16:34,212 | INFO | Completed 18700 messages (56807378B) thru 2024-10-14T09:34:04.517000+00:00
2026-08-25 16:16:35,319 | INFO | Completed 18800 messages (57142479B) thru 2024-10-14T09:46:04.849000+00:00
2026-08-25 16:16:36,453 | INFO | Completed 18900 messages (57442854B) thru 2024-10-14T09:57:32.283000+00:00
2026-08-25 16:16:38,092 | INFO | Completed 19000 messages (57702055B) thru 2024-10-14T10:06:30.469000+00:00
2026-08-25 16:16:39,606 | INFO | Completed 19100 messages (57852528B) thru 2024-10-14T10:11:17.044000+00:00
2026-08-25 16:16:40,810 | INFO | Completed 19200 messages (58073118B) thru 2024-10-14T10:19:34.506000+00:00
2026-08-25 16:16:42,061 | INFO | Completed 19300 messages (58383302B) thru 2024-10-14T10:30:33.121000+00:00
2026-08-25 16:16:43,231 | INFO | Completed 19400 messages (58624062B) thru 2024-10-14T10:39:33.344000+00:00
2026-08-25 16:16:44,506 | INFO | Completed 19500 messages (58858668B) thru 2024-10-14T10:47:49.762000+00:00
2026-08-25 16:16:45,715 | INFO | Completed 19600 messages (59137619B) thru 2024-10-14T10:57:48.851000+00:00
2026-08-25 16:16:46,820 | INFO | Completed 19700 messages (59489245B) thru 2024-10-14T11:11:00.973000+00:00
2026-08-25 16:16:47,932 | INFO | Completed 19800 messages (59882475B) thru 2024-10-14T11:26:02.854000+00:00
2026-08-25 16:16:49,212 | INFO | Completed 19900 messages (60287595B) thru 2024-10-14T11:41:04.939000+00:00
2026-08-25 16:16:50,389 | INFO | Completed 20000 messages (60685373B) thru 2024-10-14T11:56:30.373000+00:00
2026-08-25 16:16:51,561 | INFO | Completed 20100 messages (61088906B) thru 2024-10-14T12:11:32.696000+00:00
2026-08-25 16:16:52,735 | INFO | Completed 20200 messages (61486757B) thru 2024-10-14T12:26:34.612000+00:00
2026-08-25 16:16:54,104 | INFO | Completed 20300 messages (61881269B) thru 2024-10-14T12:42:00.067000+00:00
2026-08-25 16:16:55,111 | INFO | Completed 20400 messages (62276227B) thru 2024-10-14T12:57:01.930000+00:00
2026-08-25 16:16:56,310 | INFO | Completed 20500 messages (62671635B) thru 2024-10-14T13:12:04.483000+00:00
2026-08-25 16:16:57,374 | INFO | Completed 20600 messages (63070086B) thru 2024-10-14T13:27:31.464000+00:00
2026-08-25 16:16:58,625 | INFO | Completed 20700 messages (63466673B) thru 2024-10-14T13:42:31.921000+00:00
2026-08-25 16:17:00,007 | INFO | Completed 20800 messages (63865877B) thru 2024-10-14T13:57:33.523000+00:00
2026-08-25 16:17:01,768 | INFO | Completed 20900 messages (64262701B) thru 2024-10-14T14:13:01.228000+00:00
2026-08-25 16:17:03,013 | INFO | Completed 21000 messages (64666991B) thru 2024-10-14T14:28:03.280000+00:00
2026-08-25 16:17:04,619 | INFO | Completed 21100 messages (65065990B) thru 2024-10-14T14:43:04.734000+00:00
2026-08-25 16:17:06,155 | INFO | Completed 21200 messages (65469558B) thru 2024-10-14T14:58:30.126000+00:00
2026-08-25 16:17:07,459 | INFO | Completed 21300 messages (65876891B) thru 2024-10-14T15:13:32.998000+00:00
2026-08-25 16:17:08,710 | INFO | Completed 21400 messages (66271489B) thru 2024-10-14T15:28:33.437000+00:00
2026-08-25 16:17:10,240 | INFO | Completed 21500 messages (66669864B) thru 2024-10-14T15:44:00.545000+00:00
2026-08-25 16:17:11,595 | INFO | Completed 21600 messages (67070084B) thru 2024-10-14T15:59:01.692000+00:00
2026-08-25 16:17:12,835 | INFO | Completed 21700 messages (67465747B) thru 2024-10-14T16:14:04.752000+00:00
2026-08-25 16:17:14,032 | INFO | Completed 21800 messages (67861024B) thru 2024-10-14T16:29:30.223000+00:00
2026-08-25 16:17:15,220 | INFO | Completed 21900 messages (68222689B) thru 2024-10-14T16:42:39.675000+00:00
2026-08-25 16:17:16,443 | INFO | Completed 22000 messages (68521876B) thru 2024-10-14T16:54:03.128000+00:00
2026-08-25 16:17:18,120 | INFO | Completed 22100 messages (68905254B) thru 2024-10-14T17:08:33.197000+00:00
2026-08-25 16:17:19,675 | INFO | Completed 22200 messages (69285112B) thru 2024-10-14T17:23:03.613000+00:00
2026-08-25 16:17:21,058 | INFO | Completed 22300 messages (69635538B) thru 2024-10-14T17:36:02.136000+00:00
2026-08-25 16:17:22,171 | INFO | Completed 22400 messages (70031632B) thru 2024-10-14T17:51:04.419000+00:00
2026-08-25 16:17:23,291 | INFO | Completed 22500 messages (70430246B) thru 2024-10-14T18:06:04.981000+00:00
2026-08-25 16:17:24,521 | INFO | Completed 22600 messages (70830921B) thru 2024-10-14T18:21:30.324000+00:00
2026-08-25 16:17:25,608 | INFO | Completed 22700 messages (71233707B) thru 2024-10-14T18:36:03.872000+00:00
2026-08-25 16:17:26,848 | INFO | Completed 22800 messages (71629823B) thru 2024-10-14T18:51:01.146000+00:00
2026-08-25 16:17:27,924 | INFO | Completed 22900 messages (72028111B) thru 2024-10-14T19:05:00.116000+00:00
2026-08-25 16:17:29,329 | INFO | Completed 23000 messages (72437875B) thru 2024-10-14T19:18:00.316000+00:00
2026-08-25 16:17:30,414 | INFO | Completed 23100 messages (72840608B) thru 2024-10-14T19:31:32.436000+00:00
2026-08-25 16:17:31,797 | INFO | Completed 23200 messages (73241955B) thru 2024-10-14T19:45:32.548000+00:00
2026-08-25 16:17:33,203 | INFO | Completed 23300 messages (73636381B) thru 2024-10-14T20:00:33.329000+00:00
2026-08-25 16:17:34,785 | INFO | Completed 23400 messages (74035000B) thru 2024-10-14T20:16:01.875000+00:00
2026-08-25 16:17:35,941 | INFO | Completed 23500 messages (74429385B) thru 2024-10-14T20:31:02.373000+00:00
2026-08-25 16:17:37,106 | INFO | Completed 23600 messages (74828301B) thru 2024-10-14T20:46:04.098000+00:00
2026-08-25 16:17:38,245 | INFO | Completed 23700 messages (75221615B) thru 2024-10-14T21:01:04.481000+00:00
2026-08-25 16:17:39,581 | INFO | Completed 23800 messages (75618595B) thru 2024-10-14T21:16:30.721000+00:00
2026-08-25 16:17:40,713 | INFO | Completed 23900 messages (76013049B) thru 2024-10-14T21:31:31.197000+00:00
2026-08-25 16:17:41,964 | INFO | Completed 24000 messages (76409140B) thru 2024-10-14T21:46:34.635000+00:00
2026-08-25 16:17:43,129 | INFO | Completed 24100 messages (76801899B) thru 2024-10-14T22:02:00.302000+00:00
2026-08-25 16:17:44,547 | INFO | Completed 24200 messages (77194934B) thru 2024-10-14T22:17:01.469000+00:00
2026-08-25 16:17:45,686 | INFO | Completed 24300 messages (77587886B) thru 2024-10-14T22:32:03.020000+00:00
2026-08-25 16:17:46,821 | INFO | Completed 24400 messages (77981568B) thru 2024-10-14T22:47:31.440000+00:00
2026-08-25 16:17:47,961 | INFO | Completed 24500 messages (78374763B) thru 2024-10-14T23:02:32.688000+00:00
2026-08-25 16:17:49,274 | INFO | Completed 24600 messages (78770045B) thru 2024-10-14T23:17:34.408000+00:00
2026-08-25 16:17:50,443 | INFO | Completed 24700 messages (79162183B) thru 2024-10-14T23:33:02.754000+00:00
2026-08-25 16:17:51,660 | INFO | Completed 24800 messages (79555862B) thru 2024-10-14T23:48:03.174000+00:00
2026-08-25 16:17:52,385 | INFO | Completed messages for 2024-10-14T00:00:00
2026-08-25 16:17:53,259 | WARNING | Unknown message type "gt.sh.cli.atn.cmd" in hw1__1/eventstore/20241015/hw1.isone.me.versant.keene.beech-gt.sh.cli.atn.cmd-1728986717949-ear.electricity.works.json
2026-08-25 16:17:53,259 | WARNING | Unknown message type "gt.sh.cli.atn.cmd" in hw1__1/eventstore/20241015/hw1.isone.me.versant.keene.beech-gt.sh.cli.atn.cmd-1728986717949-ear.electricity.works.json
2026-08-25 16:17:54,959 | WARNING | Unknown message type "gt.sh.cli.atn.cmd" in hw1__1/eventstore/20241015/hw1.isone.me.versant.keene.fir-gt.sh.cli.atn.cmd-1729015051956-ear.electricity.works.json
2026-08-25 16:17:54,959 | WARNING | Unknown message type "gt.sh.cli.atn.cmd" in hw1__1/eventstore/20241015/hw1.isone.me.versant.keene.fir-gt.sh.cli.atn.cmd-1729015051956-ear.electricity.works.json
2026-08-25 16:17:54,959 | WARNING | Unknown message type "gt.sh.cli.atn.cmd" in hw1__1/eventstore/20241015/hw1.isone.me.versant.keene.fir-gt.sh.cli.atn.cmd-1729015170542-ear.electricity.works.json
2026-08-25 16:17:54,959 | WARNING | Unknown message type "gt.sh.cli.atn.cmd" in hw1__1/eventstore/20241015/hw1.isone.me.versant.keene.fir-gt.sh.cli.atn.cmd-1729015170542-ear.electricity.works.json
2026-08-25 16:17:54,959 | WARNING | Unknown message type "gt.sh.cli.atn.cmd" in hw1__1/eventstore/20241015/hw1.isone.me.versant.keene.fir-gt.sh.cli.atn.cmd-1729025501162-ear.electricity.works.json
2026-08-25 16:17:54,959 | WARNING | Unknown message type "gt.sh.cli.atn.cmd" in hw1__1/eventstore/20241015/hw1.isone.me.versant.keene.fir-gt.sh.cli.atn.cmd-1729025501162-ear.electricity.works.json
2026-08-25 16:17:54,959 | WARNING | Unknown message type "gt.sh.cli.atn.cmd" in hw1__1/eventstore/20241015/hw1.isone.me.versant.keene.fir-gt.sh.cli.atn.cmd-1729025706049-ear.electricity.works.json
2026-08-25 16:17:54,959 | WARNING | Unknown message type "gt.sh.cli.atn.cmd" in hw1__1/eventstore/20241015/hw1.isone.me.versant.keene.fir-gt.sh.cli.atn.cmd-1729025706049-ear.electricity.works.json
2026-08-25 16:17:54,959 | WARNING | Unknown message type "gt.sh.cli.atn.cmd" in hw1__1/eventstore/20241015/hw1.isone.me.versant.keene.fir-gt.sh.cli.atn.cmd-1729026624645-ear.electricity.works.json
2026-08-25 16:17:54,959 | WARNING | Unknown message type "gt.sh.cli.atn.cmd" in hw1__1/eventstore/20241015/hw1.isone.me.versant.keene.fir-gt.sh.cli.atn.cmd-1729026624645-ear.electricity.works.json
2026-08-25 16:17:54,959 | WARNING | Unknown message type "gt.sh.cli.atn.cmd" in hw1__1/eventstore/20241015/hw1.isone.me.versant.keene.fir-gt.sh.cli.atn.cmd-1729027521553-ear.electricity.works.json
2026-08-25 16:17:54,959 | WARNING | Unknown message type "gt.sh.cli.atn.cmd" in hw1__1/eventstore/20241015/hw1.isone.me.versant.keene.fir-gt.sh.cli.atn.cmd-1729027521553-ear.electricity.works.json
2026-08-25 16:17:54,959 | WARNING | Unknown message type "gt.sh.cli.atn.cmd" in hw1__1/eventstore/20241015/hw1.isone.me.versant.keene.fir-gt.sh.cli.atn.cmd-1729031870549-ear.electricity.works.json
2026-08-25 16:17:54,959 | WARNING | Unknown message type "gt.sh.cli.atn.cmd" in hw1__1/eventstore/20241015/hw1.isone.me.versant.keene.fir-gt.sh.cli.atn.cmd-1729031870549-ear.electricity.works.json
2026-08-25 16:17:54,959 | WARNING | Unknown message type "gt.sh.cli.atn.cmd" in hw1__1/eventstore/20241015/hw1.isone.me.versant.keene.fir-gt.sh.cli.atn.cmd-1729031930043-ear.electricity.works.json
2026-08-25 16:17:54,959 | WARNING | Unknown message type "gt.sh.cli.atn.cmd" in hw1__1/eventstore/20241015/hw1.isone.me.versant.keene.fir-gt.sh.cli.atn.cmd-1729031930043-ear.electricity.works.json
2026-08-25 16:17:54,959 | WARNING | Unknown message type "gt.sh.cli.atn.cmd" in hw1__1/eventstore/20241015/hw1.isone.me.versant.keene.fir-gt.sh.cli.atn.cmd-1729032991190-ear.electricity.works.json
2026-08-25 16:17:54,959 | WARNING | Unknown message type "gt.sh.cli.atn.cmd" in hw1__1/eventstore/20241015/hw1.isone.me.versant.keene.fir-gt.sh.cli.atn.cmd-1729032991190-ear.electricity.works.json
2026-08-25 16:17:54,959 | WARNING | Unknown message type "gt.sh.cli.atn.cmd" in hw1__1/eventstore/20241015/hw1.isone.me.versant.keene.fir-gt.sh.cli.atn.cmd-1729033022370-ear.electricity.works.json
2026-08-25 16:17:54,959 | WARNING | Unknown message type "gt.sh.cli.atn.cmd" in hw1__1/eventstore/20241015/hw1.isone.me.versant.keene.fir-gt.sh.cli.atn.cmd-1729033022370-ear.electricity.works.json
2026-08-25 16:17:54,959 | WARNING | Unknown message type "gt.sh.cli.atn.cmd" in hw1__1/eventstore/20241015/hw1.isone.me.versant.keene.fir-gt.sh.cli.atn.cmd-1729033101115-ear.electricity.works.json
2026-08-25 16:17:54,959 | WARNING | Unknown message type "gt.sh.cli.atn.cmd" in hw1__1/eventstore/20241015/hw1.isone.me.versant.keene.fir-gt.sh.cli.atn.cmd-1729033101115-ear.electricity.works.json
2026-08-25 16:17:54,959 | WARNING | Unknown message type "gt.sh.cli.atn.cmd" in hw1__1/eventstore/20241015/hw1.isone.me.versant.keene.fir-gt.sh.cli.atn.cmd-1729033204006-ear.electricity.works.json
2026-08-25 16:17:54,959 | WARNING | Unknown message type "gt.sh.cli.atn.cmd" in hw1__1/eventstore/20241015/hw1.isone.me.versant.keene.fir-gt.sh.cli.atn.cmd-1729033204006-ear.electricity.works.json
2026-08-25 16:17:57,549 | WARNING | Unknown message type "gridworks.event.gt.sh.status" in hw1__1/eventstore/20241015/hw1.isone.ng.beachrose.scada-gridworks.event.gt.sh.status-1728972899915-ear.electricity.works.json
2026-08-25 16:17:57,549 | WARNING | Unknown message type "gridworks.event.gt.sh.status" in hw1__1/eventstore/20241015/hw1.isone.ng.beachrose.scada-gridworks.event.gt.sh.status-1728972899915-ear.electricity.works.json
2026-08-25 16:17:57,550 | WARNING | Unknown message type "gridworks.event.gt.sh.status" in hw1__1/eventstore/20241015/hw1.isone.ng.beachrose.scada-gridworks.event.gt.sh.status-1728973199912-ear.electricity.works.json
2026-08-25 16:17:57,550 | WARNING | Unknown message type "gridworks.event.gt.sh.status" in hw1__1/eventstore/20241015/hw1.isone.ng.beachrose.scada-gridworks.event.gt.sh.status-1728973199912-ear.electricity.works.json
2026-08-25 16:17:57,550 | WARNING | Unknown message type "gridworks.event.gt.sh.status" in hw1__1/eventstore/20241015/hw1.isone.ng.beachrose.scada-gridworks.event.gt.sh.status-1728973499915-ear.electricity.works.json
2026-08-25 16:17:57,550 | WARNING | Unknown message type "gridworks.event.gt.sh.status" in hw1__1/eventstore/20241015/hw1.isone.ng.beachrose.scada-gridworks.event.gt.sh.status-1728973499915-ear.electricity.works.json
2026-08-25 16:17:57,550 | WARNING | Unknown message type "gridworks.event.gt.sh.status" in hw1__1/eventstore/20241015/hw1.isone.ng.beachrose.scada-gridworks.event.gt.sh.status-1728973799920-ear.electricity.works.json
2026-08-25 16:17:57,550 | WARNING | Unknown message type "gridworks.event.gt.sh.status" in hw1__1/eventstore/20241015/hw1.isone.ng.beachrose.scada-gridworks.event.gt.sh.status-1728973799920-ear.electricity.works.json
2026-08-25 16:17:57,550 | WARNING | Unknown message type "gridworks.event.gt.sh.status" in hw1__1/eventstore/20241015/hw1.isone.ng.beachrose.scada-gridworks.event.gt.sh.status-1728974099970-ear.electricity.works.json
2026-08-25 16:17:57,550 | WARNING | Unknown message type "gridworks.event.gt.sh.status" in hw1__1/eventstore/20241015/hw1.isone.ng.beachrose.scada-gridworks.event.gt.sh.status-1728974099970-ear.electricity.works.json
2026-08-25 16:17:57,550 | WARNING | Unknown message type "gridworks.event.gt.sh.status" in hw1__1/eventstore/20241015/hw1.isone.ng.beachrose.scada-gridworks.event.gt.sh.status-1728974400005-ear.electricity.works.json
2026-08-25 16:17:57,550 | WARNING | Unknown message type "gridworks.event.gt.sh.status" in hw1__1/eventstore/20241015/hw1.isone.ng.beachrose.scada-gridworks.event.gt.sh.status-1728974400005-ear.electricity.works.json
2026-08-25 16:17:57,550 | WARNING | Unknown message type "gridworks.event.gt.sh.status" in hw1__1/eventstore/20241015/hw1.isone.ng.beachrose.scada-gridworks.event.gt.sh.status-1728974700188-ear.electricity.works.json
2026-08-25 16:17:57,550 | WARNING | Unknown message type "gridworks.event.gt.sh.status" in hw1__1/eventstore/20241015/hw1.isone.ng.beachrose.scada-gridworks.event.gt.sh.status-1728974700188-ear.electricity.works.json
2026-08-25 16:17:57,550 | WARNING | Unknown message type "gridworks.event.gt.sh.status" in hw1__1/eventstore/20241015/hw1.isone.ng.beachrose.scada-gridworks.event.gt.sh.status-1728975000240-ear.electricity.works.json
2026-08-25 16:17:57,550 | WARNING | Unknown message type "gridworks.event.gt.sh.status" in hw1__1/eventstore/20241015/hw1.isone.ng.beachrose.scada-gridworks.event.gt.sh.status-1728975000240-ear.electricity.works.json
2026-08-25 16:17:57,550 | WARNING | Unknown message type "gridworks.event.gt.sh.status" in hw1__1/eventstore/20241015/hw1.isone.ng.beachrose.scada-gridworks.event.gt.sh.status-1728975300300-ear.electricity.works.json
2026-08-25 16:17:57,550 | WARNING | Unknown message type "gridworks.event.gt.sh.status" in hw1__1/eventstore/20241015/hw1.isone.ng.beachrose.scada-gridworks.event.gt.sh.status-1728975300300-ear.electricity.works.json
2026-08-25 16:17:57,550 | WARNING | Unknown message type "gridworks.event.gt.sh.status" in hw1__1/eventstore/20241015/hw1.isone.ng.beachrose.scada-gridworks.event.gt.sh.status-1728975600410-ear.electricity.works.json
2026-08-25 16:17:57,550 | WARNING | Unknown message type "gridworks.event.gt.sh.status" in hw1__1/eventstore/20241015/hw1.isone.ng.beachrose.scada-gridworks.event.gt.sh.status-1728975600410-ear.electricity.works.json
2026-08-25 16:17:57,550 | WARNING | Unknown message type "gridworks.event.gt.sh.status" in hw1__1/eventstore/20241015/hw1.isone.ng.beachrose.scada-gridworks.event.gt.sh.status-1728975900410-ear.electricity.works.json
2026-08-25 16:17:57,550 | WARNING | Unknown message type "gridworks.event.gt.sh.status" in hw1__1/eventstore/20241015/hw1.isone.ng.beachrose.scada-gridworks.event.gt.sh.status-1728975900410-ear.electricity.works.json
2026-08-25 16:17:57,550 | WARNING | Unknown message type "gridworks.event.gt.sh.status" in hw1__1/eventstore/20241015/hw1.isone.ng.beachrose.scada-gridworks.event.gt.sh.status-1728976200412-ear.electricity.works.json
2026-08-25 16:17:57,550 | WARNING | Unknown message type "gridworks.event.gt.sh.status" in hw1__1/eventstore/20241015/hw1.isone.ng.beachrose.scada-gridworks.event.gt.sh.status-1728976200412-ear.electricity.works.json
2026-08-25 16:17:57,550 | WARNING | Unknown message type "gridworks.event.gt.sh.status" in hw1__1/eventstore/20241015/hw1.isone.ng.beachrose.scada-gridworks.event.gt.sh.status-1728976500489-ear.electricity.works.json
2026-08-25 16:17:57,550 | WARNING | Unknown message type "gridworks.event.gt.sh.status" in hw1__1/eventstore/20241015/hw1.isone.ng.beachrose.scada-gridworks.event.gt.sh.status-1728976500489-ear.electricity.works.json
2026-08-25 16:17:57,550 | WARNING | Unknown message type "gridworks.event.gt.sh.status" in hw1__1/eventstore/20241015/hw1.isone.ng.beachrose.scada-gridworks.event.gt.sh.status-1728976800517-ear.electricity.works.json
2026-08-25 16:17:57,550 | WARNING | Unknown message type "gridworks.event.gt.sh.status" in hw1__1/eventstore/20241015/hw1.isone.ng.beachrose.scada-gridworks.event.gt.sh.status-1728976800517-ear.electricity.works.json
2026-08-25 16:17:57,550 | WARNING | Unknown message type "gridworks.event.gt.sh.status" in hw1__1/eventstore/20241015/hw1.isone.ng.beachrose.scada-gridworks.event.gt.sh.status-1728977100258-ear.electricity.works.json
2026-08-25 16:17:57,550 | WARNING | Unknown message type "gridworks.event.gt.sh.status" in hw1__1/eventstore/20241015/hw1.isone.ng.beachrose.scada-gridworks.event.gt.sh.status-1728977100258-ear.electricity.works.json
2026-08-25 16:17:57,550 | WARNING | Unknown message type "gridworks.event.gt.sh.status" in hw1__1/eventstore/20241015/hw1.isone.ng.beachrose.scada-gridworks.event.gt.sh.status-1728977400180-ear.electricity.works.json
2026-08-25 16:17:57,550 | WARNING | Unknown message type "gridworks.event.gt.sh.status" in hw1__1/eventstore/20241015/hw1.isone.ng.beachrose.scada-gridworks.event.gt.sh.status-1728977400180-ear.electricity.works.json
2026-08-25 16:17:57,550 | WARNING | Unknown message type "gridworks.event.gt.sh.status" in hw1__1/eventstore/20241015/hw1.isone.ng.beachrose.scada-gridworks.event.gt.sh.status-1728977700014-ear.electricity.works.json
2026-08-25 16:17:57,550 | WARNING | Unknown message type "gridworks.event.gt.sh.status" in hw1__1/eventstore/20241015/hw1.isone.ng.beachrose.scada-gridworks.event.gt.sh.status-1728977700014-ear.electricity.works.json
2026-08-25 16:17:57,550 | WARNING | Unknown message type "gridworks.event.gt.sh.status" in hw1__1/eventstore/20241015/hw1.isone.ng.beachrose.scada-gridworks.event.gt.sh.status-1728978000009-ear.electricity.works.json
2026-08-25 16:17:57,550 | WARNING | Unknown message type "gridworks.event.gt.sh.status" in hw1__1/eventstore/20241015/hw1.isone.ng.beachrose.scada-gridworks.event.gt.sh.status-1728978000009-ear.electricity.works.json
2026-08-25 16:17:57,550 | WARNING | Unknown message type "gridworks.event.gt.sh.status" in hw1__1/eventstore/20241015/hw1.isone.ng.beachrose.scada-gridworks.event.gt.sh.status-1728978300009-ear.electricity.works.json
2026-08-25 16:17:57,550 | WARNING | Unknown message type "gridworks.event.gt.sh.status" in hw1__1/eventstore/20241015/hw1.isone.ng.beachrose.scada-gridworks.event.gt.sh.status-1728978300009-ear.electricity.works.json
2026-08-25 16:17:57,550 | WARNING | Unknown message type "gridworks.event.gt.sh.status" in hw1__1/eventstore/20241015/hw1.isone.ng.beachrose.scada-gridworks.event.gt.sh.status-1728978600009-ear.electricity.works.json
2026-08-25 16:17:57,550 | WARNING | Unknown message type "gridworks.event.gt.sh.status" in hw1__1/eventstore/20241015/hw1.isone.ng.beachrose.scada-gridworks.event.gt.sh.status-1728978600009-ear.electricity.works.json
2026-08-25 16:17:57,550 | WARNING | Unknown message type "gridworks.event.gt.sh.status" in hw1__1/eventstore/20241015/hw1.isone.ng.beachrose.scada-gridworks.event.gt.sh.status-1728978900007-ear.electricity.works.json
2026-08-25 16:17:57,550 | WARNING | Unknown message type "gridworks.event.gt.sh.status" in hw1__1/eventstore/20241015/hw1.isone.ng.beachrose.scada-gridworks.event.gt.sh.status-1728978900007-ear.electricity.works.json
2026-08-25 16:17:57,550 | WARNING | Unknown message type "gridworks.event.gt.sh.status" in hw1__1/eventstore/20241015/hw1.isone.ng.beachrose.scada-gridworks.event.gt.sh.status-1728979200008-ear.electricity.works.json
2026-08-25 16:17:57,550 | WARNING | Unknown message type "gridworks.event.gt.sh.status" in hw1__1/eventstore/20241015/hw1.isone.ng.beachrose.scada-gridworks.event.gt.sh.status-1728979200008-ear.electricity.works.json
2026-08-25 16:17:57,550 | WARNING | Unknown message type "gridworks.event.gt.sh.status" in hw1__1/eventstore/20241015/hw1.isone.ng.beachrose.scada-gridworks.event.gt.sh.status-1728979500000-ear.electricity.works.json
2026-08-25 16:17:57,550 | WARNING | Unknown message type "gridworks.event.gt.sh.status" in hw1__1/eventstore/20241015/hw1.isone.ng.beachrose.scada-gridworks.event.gt.sh.status-1728979500000-ear.electricity.works.json
2026-08-25 16:17:57,550 | WARNING | Unknown message type "gridworks.event.gt.sh.status" in hw1__1/eventstore/20241015/hw1.isone.ng.beachrose.scada-gridworks.event.gt.sh.status-1728979799995-ear.electricity.works.json
2026-08-25 16:17:57,550 | WARNING | Unknown message type "gridworks.event.gt.sh.status" in hw1__1/eventstore/20241015/hw1.isone.ng.beachrose.scada-gridworks.event.gt.sh.status-1728979799995-ear.electricity.works.json
2026-08-25 16:17:57,550 | WARNING | Unknown message type "gridworks.event.gt.sh.status" in hw1__1/eventstore/20241015/hw1.isone.ng.beachrose.scada-gridworks.event.gt.sh.status-1728980100001-ear.electricity.works.json
2026-08-25 16:17:57,550 | WARNING | Unknown message type "gridworks.event.gt.sh.status" in hw1__1/eventstore/20241015/hw1.isone.ng.beachrose.scada-gridworks.event.gt.sh.status-1728980100001-ear.electricity.works.json
2026-08-25 16:17:57,550 | WARNING | Unknown message type "gridworks.event.gt.sh.status" in hw1__1/eventstore/20241015/hw1.isone.ng.beachrose.scada-gridworks.event.gt.sh.status-1728980400006-ear.electricity.works.json
2026-08-25 16:17:57,550 | WARNING | Unknown message type "gridworks.event.gt.sh.status" in hw1__1/eventstore/20241015/hw1.isone.ng.beachrose.scada-gridworks.event.gt.sh.status-1728980400006-ear.electricity.works.json
2026-08-25 16:17:57,550 | WARNING | Unknown message type "gridworks.event.gt.sh.status" in hw1__1/eventstore/20241015/hw1.isone.ng.beachrose.scada-gridworks.event.gt.sh.status-1728980700017-ear.electricity.works.json
2026-08-25 16:17:57,550 | WARNING | Unknown message type "gridworks.event.gt.sh.status" in hw1__1/eventstore/20241015/hw1.isone.ng.beachrose.scada-gridworks.event.gt.sh.status-1728980700017-ear.electricity.works.json
2026-08-25 16:17:57,550 | WARNING | Unknown message type "gridworks.event.gt.sh.status" in hw1__1/eventstore/20241015/hw1.isone.ng.beachrose.scada-gridworks.event.gt.sh.status-1728981000015-ear.electricity.works.json
2026-08-25 16:17:57,550 | WARNING | Unknown message type "gridworks.event.gt.sh.status" in hw1__1/eventstore/20241015/hw1.isone.ng.beachrose.scada-gridworks.event.gt.sh.status-1728981000015-ear.electricity.works.json
2026-08-25 16:17:57,550 | WARNING | Unknown message type "gridworks.event.gt.sh.status" in hw1__1/eventstore/20241015/hw1.isone.ng.beachrose.scada-gridworks.event.gt.sh.status-1728981300013-ear.electricity.works.json
2026-08-25 16:17:57,550 | WARNING | Unknown message type "gridworks.event.gt.sh.status" in hw1__1/eventstore/20241015/hw1.isone.ng.beachrose.scada-gridworks.event.gt.sh.status-1728981300013-ear.electricity.works.json
2026-08-25 16:17:57,550 | WARNING | Unknown message type "gridworks.event.gt.sh.status" in hw1__1/eventstore/20241015/hw1.isone.ng.beachrose.scada-gridworks.event.gt.sh.status-1728981600010-ear.electricity.works.json
2026-08-25 16:17:57,550 | WARNING | Unknown message type "gridworks.event.gt.sh.status" in hw1__1/eventstore/20241015/hw1.isone.ng.beachrose.scada-gridworks.event.gt.sh.status-1728981600010-ear.electricity.works.json
2026-08-25 16:17:57,550 | WARNING | Unknown message type "gridworks.event.gt.sh.status" in hw1__1/eventstore/20241015/hw1.isone.ng.beachrose.scada-gridworks.event.gt.sh.status-1728981900013-ear.electricity.works.json
2026-08-25 16:17:57,550 | WARNING | Unknown message type "gridworks.event.gt.sh.status" in hw1__1/eventstore/20241015/hw1.isone.ng.beachrose.scada-gridworks.event.gt.sh.status-1728981900013-ear.electricity.works.json
2026-08-25 16:17:57,550 | WARNING | Unknown message type "gridworks.event.gt.sh.status" in hw1__1/eventstore/20241015/hw1.isone.ng.beachrose.scada-gridworks.event.gt.sh.status-1728982200017-ear.electricity.works.json
2026-08-25 16:17:57,550 | WARNING | Unknown message type "gridworks.event.gt.sh.status" in hw1__1/eventstore/20241015/hw1.isone.ng.beachrose.scada-gridworks.event.gt.sh.status-1728982200017-ear.electricity.works.json
2026-08-25 16:17:57,550 | WARNING | Unknown message type "gridworks.event.gt.sh.status" in hw1__1/eventstore/20241015/hw1.isone.ng.beachrose.scada-gridworks.event.gt.sh.status-1728982500014-ear.electricity.works.json
2026-08-25 16:17:57,550 | WARNING | Unknown message type "gridworks.event.gt.sh.status" in hw1__1/eventstore/20241015/hw1.isone.ng.beachrose.scada-gridworks.event.gt.sh.status-1728982500014-ear.electricity.works.json
2026-08-25 16:17:57,550 | WARNING | Unknown message type "gridworks.event.gt.sh.status" in hw1__1/eventstore/20241015/hw1.isone.ng.beachrose.scada-gridworks.event.gt.sh.status-1728982800113-ear.electricity.works.json
2026-08-25 16:17:57,550 | WARNING | Unknown message type "gridworks.event.gt.sh.status" in hw1__1/eventstore/20241015/hw1.isone.ng.beachrose.scada-gridworks.event.gt.sh.status-1728982800113-ear.electricity.works.json
2026-08-25 16:17:57,550 | WARNING | Unknown message type "gridworks.event.gt.sh.status" in hw1__1/eventstore/20241015/hw1.isone.ng.beachrose.scada-gridworks.event.gt.sh.status-1728983100017-ear.electricity.works.json
2026-08-25 16:17:57,550 | WARNING | Unknown message type "gridworks.event.gt.sh.status" in hw1__1/eventstore/20241015/hw1.isone.ng.beachrose.scada-gridworks.event.gt.sh.status-1728983100017-ear.electricity.works.json
2026-08-25 16:17:57,550 | WARNING | Unknown message type "gridworks.event.gt.sh.status" in hw1__1/eventstore/20241015/hw1.isone.ng.beachrose.scada-gridworks.event.gt.sh.status-1728983400015-ear.electricity.works.json
2026-08-25 16:17:57,550 | WARNING | Unknown message type "gridworks.event.gt.sh.status" in hw1__1/eventstore/20241015/hw1.isone.ng.beachrose.scada-gridworks.event.gt.sh.status-1728983400015-ear.electricity.works.json
2026-08-25 16:17:57,550 | WARNING | Unknown message type "gridworks.event.gt.sh.status" in hw1__1/eventstore/20241015/hw1.isone.ng.beachrose.scada-gridworks.event.gt.sh.status-1728983700015-ear.electricity.works.json
2026-08-25 16:17:57,550 | WARNING | Unknown message type "gridworks.event.gt.sh.status" in hw1__1/eventstore/20241015/hw1.isone.ng.beachrose.scada-gridworks.event.gt.sh.status-1728983700015-ear.electricity.works.json
2026-08-25 16:17:57,550 | WARNING | Unknown message type "gridworks.event.gt.sh.status" in hw1__1/eventstore/20241015/hw1.isone.ng.beachrose.scada-gridworks.event.gt.sh.status-1728984000015-ear.electricity.works.json
2026-08-25 16:17:57,550 | WARNING | Unknown message type "gridworks.event.gt.sh.status" in hw1__1/eventstore/20241015/hw1.isone.ng.beachrose.scada-gridworks.event.gt.sh.status-1728984000015-ear.electricity.works.json
2026-08-25 16:17:57,550 | WARNING | Unknown message type "gridworks.event.gt.sh.status" in hw1__1/eventstore/20241015/hw1.isone.ng.beachrose.scada-gridworks.event.gt.sh.status-1728984300126-ear.electricity.works.json
2026-08-25 16:17:57,550 | WARNING | Unknown message type "gridworks.event.gt.sh.status" in hw1__1/eventstore/20241015/hw1.isone.ng.beachrose.scada-gridworks.event.gt.sh.status-1728984300126-ear.electricity.works.json
2026-08-25 16:17:57,550 | WARNING | Unknown message type "gridworks.event.gt.sh.status" in hw1__1/eventstore/20241015/hw1.isone.ng.beachrose.scada-gridworks.event.gt.sh.status-1728984600017-ear.electricity.works.json
2026-08-25 16:17:57,550 | WARNING | Unknown message type "gridworks.event.gt.sh.status" in hw1__1/eventstore/20241015/hw1.isone.ng.beachrose.scada-gridworks.event.gt.sh.status-1728984600017-ear.electricity.works.json
2026-08-25 16:17:57,550 | WARNING | Unknown message type "gridworks.event.gt.sh.status" in hw1__1/eventstore/20241015/hw1.isone.ng.beachrose.scada-gridworks.event.gt.sh.status-1728984900118-ear.electricity.works.json
2026-08-25 16:17:57,550 | WARNING | Unknown message type "gridworks.event.gt.sh.status" in hw1__1/eventstore/20241015/hw1.isone.ng.beachrose.scada-gridworks.event.gt.sh.status-1728984900118-ear.electricity.works.json
2026-08-25 16:17:57,550 | WARNING | Unknown message type "gridworks.event.gt.sh.status" in hw1__1/eventstore/20241015/hw1.isone.ng.beachrose.scada-gridworks.event.gt.sh.status-1728985200017-ear.electricity.works.json
2026-08-25 16:17:57,550 | WARNING | Unknown message type "gridworks.event.gt.sh.status" in hw1__1/eventstore/20241015/hw1.isone.ng.beachrose.scada-gridworks.event.gt.sh.status-1728985200017-ear.electricity.works.json
2026-08-25 16:17:57,550 | WARNING | Unknown message type "gridworks.event.gt.sh.status" in hw1__1/eventstore/20241015/hw1.isone.ng.beachrose.scada-gridworks.event.gt.sh.status-1728985500154-ear.electricity.works.json
2026-08-25 16:17:57,550 | WARNING | Unknown message type "gridworks.event.gt.sh.status" in hw1__1/eventstore/20241015/hw1.isone.ng.beachrose.scada-gridworks.event.gt.sh.status-1728985500154-ear.electricity.works.json
2026-08-25 16:17:57,550 | WARNING | Unknown message type "gridworks.event.gt.sh.status" in hw1__1/eventstore/20241015/hw1.isone.ng.beachrose.scada-gridworks.event.gt.sh.status-1728985800018-ear.electricity.works.json
2026-08-25 16:17:57,550 | WARNING | Unknown message type "gridworks.event.gt.sh.status" in hw1__1/eventstore/20241015/hw1.isone.ng.beachrose.scada-gridworks.event.gt.sh.status-1728985800018-ear.electricity.works.json
2026-08-25 16:17:57,550 | WARNING | Unknown message type "gridworks.event.gt.sh.status" in hw1__1/eventstore/20241015/hw1.isone.ng.beachrose.scada-gridworks.event.gt.sh.status-1728986100017-ear.electricity.works.json
2026-08-25 16:17:57,550 | WARNING | Unknown message type "gridworks.event.gt.sh.status" in hw1__1/eventstore/20241015/hw1.isone.ng.beachrose.scada-gridworks.event.gt.sh.status-1728986100017-ear.electricity.works.json
2026-08-25 16:17:57,550 | WARNING | Unknown message type "gridworks.event.gt.sh.status" in hw1__1/eventstore/20241015/hw1.isone.ng.beachrose.scada-gridworks.event.gt.sh.status-1728986400018-ear.electricity.works.json
2026-08-25 16:17:57,550 | WARNING | Unknown message type "gridworks.event.gt.sh.status" in hw1__1/eventstore/20241015/hw1.isone.ng.beachrose.scada-gridworks.event.gt.sh.status-1728986400018-ear.electricity.works.json
2026-08-25 16:17:57,550 | WARNING | Unknown message type "gridworks.event.gt.sh.status" in hw1__1/eventstore/20241015/hw1.isone.ng.beachrose.scada-gridworks.event.gt.sh.status-1728986700114-ear.electricity.works.json
2026-08-25 16:17:57,550 | WARNING | Unknown message type "gridworks.event.gt.sh.status" in hw1__1/eventstore/20241015/hw1.isone.ng.beachrose.scada-gridworks.event.gt.sh.status-1728986700114-ear.electricity.works.json
2026-08-25 16:17:57,550 | WARNING | Unknown message type "gridworks.event.gt.sh.status" in hw1__1/eventstore/20241015/hw1.isone.ng.beachrose.scada-gridworks.event.gt.sh.status-1728987000135-ear.electricity.works.json
2026-08-25 16:17:57,550 | WARNING | Unknown message type "gridworks.event.gt.sh.status" in hw1__1/eventstore/20241015/hw1.isone.ng.beachrose.scada-gridworks.event.gt.sh.status-1728987000135-ear.electricity.works.json
2026-08-25 16:17:57,550 | WARNING | Unknown message type "gridworks.event.gt.sh.status" in hw1__1/eventstore/20241015/hw1.isone.ng.beachrose.scada-gridworks.event.gt.sh.status-1728987300057-ear.electricity.works.json
2026-08-25 16:17:57,550 | WARNING | Unknown message type "gridworks.event.gt.sh.status" in hw1__1/eventstore/20241015/hw1.isone.ng.beachrose.scada-gridworks.event.gt.sh.status-1728987300057-ear.electricity.works.json
2026-08-25 16:17:57,550 | WARNING | Unknown message type "gridworks.event.gt.sh.status" in hw1__1/eventstore/20241015/hw1.isone.ng.beachrose.scada-gridworks.event.gt.sh.status-1728987600121-ear.electricity.works.json
2026-08-25 16:17:57,550 | WARNING | Unknown message type "gridworks.event.gt.sh.status" in hw1__1/eventstore/20241015/hw1.isone.ng.beachrose.scada-gridworks.event.gt.sh.status-1728987600121-ear.electricity.works.json
2026-08-25 16:17:57,550 | WARNING | Unknown message type "gridworks.event.gt.sh.status" in hw1__1/eventstore/20241015/hw1.isone.ng.beachrose.scada-gridworks.event.gt.sh.status-1728987900047-ear.electricity.works.json
2026-08-25 16:17:57,550 | WARNING | Unknown message type "gridworks.event.gt.sh.status" in hw1__1/eventstore/20241015/hw1.isone.ng.beachrose.scada-gridworks.event.gt.sh.status-1728987900047-ear.electricity.works.json
2026-08-25 16:17:57,550 | WARNING | Unknown message type "gridworks.event.gt.sh.status" in hw1__1/eventstore/20241015/hw1.isone.ng.beachrose.scada-gridworks.event.gt.sh.status-1728988200151-ear.electricity.works.json
2026-08-25 16:17:57,550 | WARNING | Unknown message type "gridworks.event.gt.sh.status" in hw1__1/eventstore/20241015/hw1.isone.ng.beachrose.scada-gridworks.event.gt.sh.status-1728988200151-ear.electricity.works.json
2026-08-25 16:17:57,550 | WARNING | Unknown message type "gridworks.event.gt.sh.status" in hw1__1/eventstore/20241015/hw1.isone.ng.beachrose.scada-gridworks.event.gt.sh.status-1728988500118-ear.electricity.works.json
2026-08-25 16:17:57,550 | WARNING | Unknown message type "gridworks.event.gt.sh.status" in hw1__1/eventstore/20241015/hw1.isone.ng.beachrose.scada-gridworks.event.gt.sh.status-1728988500118-ear.electricity.works.json
2026-08-25 16:17:57,550 | WARNING | Unknown message type "gridworks.event.gt.sh.status" in hw1__1/eventstore/20241015/hw1.isone.ng.beachrose.scada-gridworks.event.gt.sh.status-1728988800125-ear.electricity.works.json
2026-08-25 16:17:57,550 | WARNING | Unknown message type "gridworks.event.gt.sh.status" in hw1__1/eventstore/20241015/hw1.isone.ng.beachrose.scada-gridworks.event.gt.sh.status-1728988800125-ear.electricity.works.json
2026-08-25 16:17:57,550 | WARNING | Unknown message type "gridworks.event.gt.sh.status" in hw1__1/eventstore/20241015/hw1.isone.ng.beachrose.scada-gridworks.event.gt.sh.status-1728989100077-ear.electricity.works.json
2026-08-25 16:17:57,550 | WARNING | Unknown message type "gridworks.event.gt.sh.status" in hw1__1/eventstore/20241015/hw1.isone.ng.beachrose.scada-gridworks.event.gt.sh.status-1728989100077-ear.electricity.works.json
2026-08-25 16:17:57,551 | WARNING | Unknown message type "gridworks.event.gt.sh.status" in hw1__1/eventstore/20241015/hw1.isone.ng.beachrose.scada-gridworks.event.gt.sh.status-1728989400140-ear.electricity.works.json
2026-08-25 16:17:57,551 | WARNING | Unknown message type "gridworks.event.gt.sh.status" in hw1__1/eventstore/20241015/hw1.isone.ng.beachrose.scada-gridworks.event.gt.sh.status-1728989400140-ear.electricity.works.json
2026-08-25 16:17:57,551 | WARNING | Unknown message type "gridworks.event.gt.sh.status" in hw1__1/eventstore/20241015/hw1.isone.ng.beachrose.scada-gridworks.event.gt.sh.status-1728989700120-ear.electricity.works.json
2026-08-25 16:17:57,551 | WARNING | Unknown message type "gridworks.event.gt.sh.status" in hw1__1/eventstore/20241015/hw1.isone.ng.beachrose.scada-gridworks.event.gt.sh.status-1728989700120-ear.electricity.works.json
2026-08-25 16:17:57,551 | WARNING | Unknown message type "gridworks.event.gt.sh.status" in hw1__1/eventstore/20241015/hw1.isone.ng.beachrose.scada-gridworks.event.gt.sh.status-1728990000114-ear.electricity.works.json
2026-08-25 16:17:57,551 | WARNING | Unknown message type "gridworks.event.gt.sh.status" in hw1__1/eventstore/20241015/hw1.isone.ng.beachrose.scada-gridworks.event.gt.sh.status-1728990000114-ear.electricity.works.json
2026-08-25 16:17:57,551 | WARNING | Unknown message type "gridworks.event.gt.sh.status" in hw1__1/eventstore/20241015/hw1.isone.ng.beachrose.scada-gridworks.event.gt.sh.status-1728990300121-ear.electricity.works.json
2026-08-25 16:17:57,551 | WARNING | Unknown message type "gridworks.event.gt.sh.status" in hw1__1/eventstore/20241015/hw1.isone.ng.beachrose.scada-gridworks.event.gt.sh.status-1728990300121-ear.electricity.works.json
2026-08-25 16:17:57,551 | WARNING | Unknown message type "gridworks.event.gt.sh.status" in hw1__1/eventstore/20241015/hw1.isone.ng.beachrose.scada-gridworks.event.gt.sh.status-1728990600113-ear.electricity.works.json
2026-08-25 16:17:57,551 | WARNING | Unknown message type "gridworks.event.gt.sh.status" in hw1__1/eventstore/20241015/hw1.isone.ng.beachrose.scada-gridworks.event.gt.sh.status-1728990600113-ear.electricity.works.json
2026-08-25 16:17:57,551 | WARNING | Unknown message type "gridworks.event.gt.sh.status" in hw1__1/eventstore/20241015/hw1.isone.ng.beachrose.scada-gridworks.event.gt.sh.status-1728990900019-ear.electricity.works.json
2026-08-25 16:17:57,551 | WARNING | Unknown message type "gridworks.event.gt.sh.status" in hw1__1/eventstore/20241015/hw1.isone.ng.beachrose.scada-gridworks.event.gt.sh.status-1728990900019-ear.electricity.works.json
2026-08-25 16:17:57,551 | WARNING | Unknown message type "gridworks.event.gt.sh.status" in hw1__1/eventstore/20241015/hw1.isone.ng.beachrose.scada-gridworks.event.gt.sh.status-1728991200135-ear.electricity.works.json
2026-08-25 16:17:57,551 | WARNING | Unknown message type "gridworks.event.gt.sh.status" in hw1__1/eventstore/20241015/hw1.isone.ng.beachrose.scada-gridworks.event.gt.sh.status-1728991200135-ear.electricity.works.json
2026-08-25 16:17:57,551 | WARNING | Unknown message type "gridworks.event.gt.sh.status" in hw1__1/eventstore/20241015/hw1.isone.ng.beachrose.scada-gridworks.event.gt.sh.status-1728991500019-ear.electricity.works.json
2026-08-25 16:17:57,551 | WARNING | Unknown message type "gridworks.event.gt.sh.status" in hw1__1/eventstore/20241015/hw1.isone.ng.beachrose.scada-gridworks.event.gt.sh.status-1728991500019-ear.electricity.works.json
2026-08-25 16:17:57,551 | WARNING | Unknown message type "gridworks.event.gt.sh.status" in hw1__1/eventstore/20241015/hw1.isone.ng.beachrose.scada-gridworks.event.gt.sh.status-1728991800133-ear.electricity.works.json
2026-08-25 16:17:57,551 | WARNING | Unknown message type "gridworks.event.gt.sh.status" in hw1__1/eventstore/20241015/hw1.isone.ng.beachrose.scada-gridworks.event.gt.sh.status-1728991800133-ear.electricity.works.json
2026-08-25 16:17:57,551 | WARNING | Unknown message type "gridworks.event.gt.sh.status" in hw1__1/eventstore/20241015/hw1.isone.ng.beachrose.scada-gridworks.event.gt.sh.status-1728992100019-ear.electricity.works.json
2026-08-25 16:17:57,551 | WARNING | Unknown message type "gridworks.event.gt.sh.status" in hw1__1/eventstore/20241015/hw1.isone.ng.beachrose.scada-gridworks.event.gt.sh.status-1728992100019-ear.electricity.works.json
2026-08-25 16:17:57,551 | WARNING | Unknown message type "gridworks.event.gt.sh.status" in hw1__1/eventstore/20241015/hw1.isone.ng.beachrose.scada-gridworks.event.gt.sh.status-1728992400210-ear.electricity.works.json
2026-08-25 16:17:57,551 | WARNING | Unknown message type "gridworks.event.gt.sh.status" in hw1__1/eventstore/20241015/hw1.isone.ng.beachrose.scada-gridworks.event.gt.sh.status-1728992400210-ear.electricity.works.json
2026-08-25 16:17:57,551 | WARNING | Unknown message type "gridworks.event.gt.sh.status" in hw1__1/eventstore/20241015/hw1.isone.ng.beachrose.scada-gridworks.event.gt.sh.status-1728992700021-ear.electricity.works.json
2026-08-25 16:17:57,551 | WARNING | Unknown message type "gridworks.event.gt.sh.status" in hw1__1/eventstore/20241015/hw1.isone.ng.beachrose.scada-gridworks.event.gt.sh.status-1728992700021-ear.electricity.works.json
2026-08-25 16:17:57,551 | WARNING | Unknown message type "gridworks.event.gt.sh.status" in hw1__1/eventstore/20241015/hw1.isone.ng.beachrose.scada-gridworks.event.gt.sh.status-1728993000185-ear.electricity.works.json
2026-08-25 16:17:57,551 | WARNING | Unknown message type "gridworks.event.gt.sh.status" in hw1__1/eventstore/20241015/hw1.isone.ng.beachrose.scada-gridworks.event.gt.sh.status-1728993000185-ear.electricity.works.json
2026-08-25 16:17:57,551 | WARNING | Unknown message type "gridworks.event.gt.sh.status" in hw1__1/eventstore/20241015/hw1.isone.ng.beachrose.scada-gridworks.event.gt.sh.status-1728993300020-ear.electricity.works.json
2026-08-25 16:17:57,551 | WARNING | Unknown message type "gridworks.event.gt.sh.status" in hw1__1/eventstore/20241015/hw1.isone.ng.beachrose.scada-gridworks.event.gt.sh.status-1728993300020-ear.electricity.works.json
2026-08-25 16:17:57,551 | WARNING | Unknown message type "gridworks.event.gt.sh.status" in hw1__1/eventstore/20241015/hw1.isone.ng.beachrose.scada-gridworks.event.gt.sh.status-1728993600163-ear.electricity.works.json
2026-08-25 16:17:57,551 | WARNING | Unknown message type "gridworks.event.gt.sh.status" in hw1__1/eventstore/20241015/hw1.isone.ng.beachrose.scada-gridworks.event.gt.sh.status-1728993600163-ear.electricity.works.json
2026-08-25 16:17:57,551 | WARNING | Unknown message type "gridworks.event.gt.sh.status" in hw1__1/eventstore/20241015/hw1.isone.ng.beachrose.scada-gridworks.event.gt.sh.status-1728993900017-ear.electricity.works.json
2026-08-25 16:17:57,551 | WARNING | Unknown message type "gridworks.event.gt.sh.status" in hw1__1/eventstore/20241015/hw1.isone.ng.beachrose.scada-gridworks.event.gt.sh.status-1728993900017-ear.electricity.works.json
2026-08-25 16:17:57,551 | WARNING | Unknown message type "gridworks.event.gt.sh.status" in hw1__1/eventstore/20241015/hw1.isone.ng.beachrose.scada-gridworks.event.gt.sh.status-1728994200016-ear.electricity.works.json
2026-08-25 16:17:57,551 | WARNING | Unknown message type "gridworks.event.gt.sh.status" in hw1__1/eventstore/20241015/hw1.isone.ng.beachrose.scada-gridworks.event.gt.sh.status-1728994200016-ear.electricity.works.json
2026-08-25 16:17:57,551 | WARNING | Unknown message type "gridworks.event.gt.sh.status" in hw1__1/eventstore/20241015/hw1.isone.ng.beachrose.scada-gridworks.event.gt.sh.status-1728994500018-ear.electricity.works.json
2026-08-25 16:17:57,551 | WARNING | Unknown message type "gridworks.event.gt.sh.status" in hw1__1/eventstore/20241015/hw1.isone.ng.beachrose.scada-gridworks.event.gt.sh.status-1728994500018-ear.electricity.works.json
2026-08-25 16:17:57,551 | WARNING | Unknown message type "gridworks.event.gt.sh.status" in hw1__1/eventstore/20241015/hw1.isone.ng.beachrose.scada-gridworks.event.gt.sh.status-1728994800157-ear.electricity.works.json
2026-08-25 16:17:57,551 | WARNING | Unknown message type "gridworks.event.gt.sh.status" in hw1__1/eventstore/20241015/hw1.isone.ng.beachrose.scada-gridworks.event.gt.sh.status-1728994800157-ear.electricity.works.json
2026-08-25 16:17:57,551 | WARNING | Unknown message type "gridworks.event.gt.sh.status" in hw1__1/eventstore/20241015/hw1.isone.ng.beachrose.scada-gridworks.event.gt.sh.status-1728995100120-ear.electricity.works.json
2026-08-25 16:17:57,551 | WARNING | Unknown message type "gridworks.event.gt.sh.status" in hw1__1/eventstore/20241015/hw1.isone.ng.beachrose.scada-gridworks.event.gt.sh.status-1728995100120-ear.electricity.works.json
2026-08-25 16:17:57,551 | WARNING | Unknown message type "gridworks.event.gt.sh.status" in hw1__1/eventstore/20241015/hw1.isone.ng.beachrose.scada-gridworks.event.gt.sh.status-1728995400155-ear.electricity.works.json
2026-08-25 16:17:57,551 | WARNING | Unknown message type "gridworks.event.gt.sh.status" in hw1__1/eventstore/20241015/hw1.isone.ng.beachrose.scada-gridworks.event.gt.sh.status-1728995400155-ear.electricity.works.json
2026-08-25 16:17:57,551 | WARNING | Unknown message type "gridworks.event.gt.sh.status" in hw1__1/eventstore/20241015/hw1.isone.ng.beachrose.scada-gridworks.event.gt.sh.status-1728995700180-ear.electricity.works.json
2026-08-25 16:17:57,551 | WARNING | Unknown message type "gridworks.event.gt.sh.status" in hw1__1/eventstore/20241015/hw1.isone.ng.beachrose.scada-gridworks.event.gt.sh.status-1728995700180-ear.electricity.works.json
2026-08-25 16:17:57,551 | WARNING | Unknown message type "gridworks.event.gt.sh.status" in hw1__1/eventstore/20241015/hw1.isone.ng.beachrose.scada-gridworks.event.gt.sh.status-1728996000020-ear.electricity.works.json
2026-08-25 16:17:57,551 | WARNING | Unknown message type "gridworks.event.gt.sh.status" in hw1__1/eventstore/20241015/hw1.isone.ng.beachrose.scada-gridworks.event.gt.sh.status-1728996000020-ear.electricity.works.json
2026-08-25 16:17:57,551 | WARNING | Unknown message type "gridworks.event.gt.sh.status" in hw1__1/eventstore/20241015/hw1.isone.ng.beachrose.scada-gridworks.event.gt.sh.status-1728996300139-ear.electricity.works.json
2026-08-25 16:17:57,551 | WARNING | Unknown message type "gridworks.event.gt.sh.status" in hw1__1/eventstore/20241015/hw1.isone.ng.beachrose.scada-gridworks.event.gt.sh.status-1728996300139-ear.electricity.works.json
2026-08-25 16:17:57,551 | WARNING | Unknown message type "gridworks.event.gt.sh.status" in hw1__1/eventstore/20241015/hw1.isone.ng.beachrose.scada-gridworks.event.gt.sh.status-1728996600021-ear.electricity.works.json
2026-08-25 16:17:57,551 | WARNING | Unknown message type "gridworks.event.gt.sh.status" in hw1__1/eventstore/20241015/hw1.isone.ng.beachrose.scada-gridworks.event.gt.sh.status-1728996600021-ear.electricity.works.json
2026-08-25 16:17:57,551 | WARNING | Unknown message type "gridworks.event.gt.sh.status" in hw1__1/eventstore/20241015/hw1.isone.ng.beachrose.scada-gridworks.event.gt.sh.status-1728996900118-ear.electricity.works.json
2026-08-25 16:17:57,551 | WARNING | Unknown message type "gridworks.event.gt.sh.status" in hw1__1/eventstore/20241015/hw1.isone.ng.beachrose.scada-gridworks.event.gt.sh.status-1728996900118-ear.electricity.works.json
2026-08-25 16:17:57,551 | WARNING | Unknown message type "gridworks.event.gt.sh.status" in hw1__1/eventstore/20241015/hw1.isone.ng.beachrose.scada-gridworks.event.gt.sh.status-1728997200020-ear.electricity.works.json
2026-08-25 16:17:57,551 | WARNING | Unknown message type "gridworks.event.gt.sh.status" in hw1__1/eventstore/20241015/hw1.isone.ng.beachrose.scada-gridworks.event.gt.sh.status-1728997200020-ear.electricity.works.json
2026-08-25 16:17:57,551 | WARNING | Unknown message type "gridworks.event.gt.sh.status" in hw1__1/eventstore/20241015/hw1.isone.ng.beachrose.scada-gridworks.event.gt.sh.status-1728997500159-ear.electricity.works.json
2026-08-25 16:17:57,551 | WARNING | Unknown message type "gridworks.event.gt.sh.status" in hw1__1/eventstore/20241015/hw1.isone.ng.beachrose.scada-gridworks.event.gt.sh.status-1728997500159-ear.electricity.works.json
2026-08-25 16:17:57,551 | WARNING | Unknown message type "gridworks.event.gt.sh.status" in hw1__1/eventstore/20241015/hw1.isone.ng.beachrose.scada-gridworks.event.gt.sh.status-1728997800020-ear.electricity.works.json
2026-08-25 16:17:57,551 | WARNING | Unknown message type "gridworks.event.gt.sh.status" in hw1__1/eventstore/20241015/hw1.isone.ng.beachrose.scada-gridworks.event.gt.sh.status-1728997800020-ear.electricity.works.json
2026-08-25 16:17:57,551 | WARNING | Unknown message type "gridworks.event.gt.sh.status" in hw1__1/eventstore/20241015/hw1.isone.ng.beachrose.scada-gridworks.event.gt.sh.status-1728998100117-ear.electricity.works.json
2026-08-25 16:17:57,551 | WARNING | Unknown message type "gridworks.event.gt.sh.status" in hw1__1/eventstore/20241015/hw1.isone.ng.beachrose.scada-gridworks.event.gt.sh.status-1728998100117-ear.electricity.works.json
2026-08-25 16:17:57,551 | WARNING | Unknown message type "gridworks.event.gt.sh.status" in hw1__1/eventstore/20241015/hw1.isone.ng.beachrose.scada-gridworks.event.gt.sh.status-1728998400130-ear.electricity.works.json
2026-08-25 16:17:57,551 | WARNING | Unknown message type "gridworks.event.gt.sh.status" in hw1__1/eventstore/20241015/hw1.isone.ng.beachrose.scada-gridworks.event.gt.sh.status-1728998400130-ear.electricity.works.json
2026-08-25 16:17:57,551 | WARNING | Unknown message type "gridworks.event.gt.sh.status" in hw1__1/eventstore/20241015/hw1.isone.ng.beachrose.scada-gridworks.event.gt.sh.status-1728998700125-ear.electricity.works.json
2026-08-25 16:17:57,551 | WARNING | Unknown message type "gridworks.event.gt.sh.status" in hw1__1/eventstore/20241015/hw1.isone.ng.beachrose.scada-gridworks.event.gt.sh.status-1728998700125-ear.electricity.works.json
2026-08-25 16:17:57,551 | WARNING | Unknown message type "gridworks.event.gt.sh.status" in hw1__1/eventstore/20241015/hw1.isone.ng.beachrose.scada-gridworks.event.gt.sh.status-1728999000179-ear.electricity.works.json
2026-08-25 16:17:57,551 | WARNING | Unknown message type "gridworks.event.gt.sh.status" in hw1__1/eventstore/20241015/hw1.isone.ng.beachrose.scada-gridworks.event.gt.sh.status-1728999000179-ear.electricity.works.json
2026-08-25 16:17:57,551 | WARNING | Unknown message type "gridworks.event.gt.sh.status" in hw1__1/eventstore/20241015/hw1.isone.ng.beachrose.scada-gridworks.event.gt.sh.status-1728999300143-ear.electricity.works.json
2026-08-25 16:17:57,551 | WARNING | Unknown message type "gridworks.event.gt.sh.status" in hw1__1/eventstore/20241015/hw1.isone.ng.beachrose.scada-gridworks.event.gt.sh.status-1728999300143-ear.electricity.works.json
2026-08-25 16:17:57,551 | WARNING | Unknown message type "gridworks.event.gt.sh.status" in hw1__1/eventstore/20241015/hw1.isone.ng.beachrose.scada-gridworks.event.gt.sh.status-1728999600023-ear.electricity.works.json
2026-08-25 16:17:57,551 | WARNING | Unknown message type "gridworks.event.gt.sh.status" in hw1__1/eventstore/20241015/hw1.isone.ng.beachrose.scada-gridworks.event.gt.sh.status-1728999600023-ear.electricity.works.json
2026-08-25 16:17:57,551 | WARNING | Unknown message type "gridworks.event.gt.sh.status" in hw1__1/eventstore/20241015/hw1.isone.ng.beachrose.scada-gridworks.event.gt.sh.status-1728999900134-ear.electricity.works.json
2026-08-25 16:17:57,551 | WARNING | Unknown message type "gridworks.event.gt.sh.status" in hw1__1/eventstore/20241015/hw1.isone.ng.beachrose.scada-gridworks.event.gt.sh.status-1728999900134-ear.electricity.works.json
2026-08-25 16:17:57,551 | WARNING | Unknown message type "gridworks.event.gt.sh.status" in hw1__1/eventstore/20241015/hw1.isone.ng.beachrose.scada-gridworks.event.gt.sh.status-1729000200137-ear.electricity.works.json
2026-08-25 16:17:57,551 | WARNING | Unknown message type "gridworks.event.gt.sh.status" in hw1__1/eventstore/20241015/hw1.isone.ng.beachrose.scada-gridworks.event.gt.sh.status-1729000200137-ear.electricity.works.json
2026-08-25 16:17:57,551 | WARNING | Unknown message type "gridworks.event.gt.sh.status" in hw1__1/eventstore/20241015/hw1.isone.ng.beachrose.scada-gridworks.event.gt.sh.status-1729000500129-ear.electricity.works.json
2026-08-25 16:17:57,551 | WARNING | Unknown message type "gridworks.event.gt.sh.status" in hw1__1/eventstore/20241015/hw1.isone.ng.beachrose.scada-gridworks.event.gt.sh.status-1729000500129-ear.electricity.works.json
2026-08-25 16:17:57,551 | WARNING | Unknown message type "gridworks.event.gt.sh.status" in hw1__1/eventstore/20241015/hw1.isone.ng.beachrose.scada-gridworks.event.gt.sh.status-1729000800021-ear.electricity.works.json
2026-08-25 16:17:57,551 | WARNING | Unknown message type "gridworks.event.gt.sh.status" in hw1__1/eventstore/20241015/hw1.isone.ng.beachrose.scada-gridworks.event.gt.sh.status-1729000800021-ear.electricity.works.json
2026-08-25 16:17:57,551 | WARNING | Unknown message type "gridworks.event.gt.sh.status" in hw1__1/eventstore/20241015/hw1.isone.ng.beachrose.scada-gridworks.event.gt.sh.status-1729001100121-ear.electricity.works.json
2026-08-25 16:17:57,551 | WARNING | Unknown message type "gridworks.event.gt.sh.status" in hw1__1/eventstore/20241015/hw1.isone.ng.beachrose.scada-gridworks.event.gt.sh.status-1729001100121-ear.electricity.works.json
2026-08-25 16:17:57,551 | WARNING | Unknown message type "gridworks.event.gt.sh.status" in hw1__1/eventstore/20241015/hw1.isone.ng.beachrose.scada-gridworks.event.gt.sh.status-1729001400166-ear.electricity.works.json
2026-08-25 16:17:57,551 | WARNING | Unknown message type "gridworks.event.gt.sh.status" in hw1__1/eventstore/20241015/hw1.isone.ng.beachrose.scada-gridworks.event.gt.sh.status-1729001400166-ear.electricity.works.json
2026-08-25 16:17:57,551 | WARNING | Unknown message type "gridworks.event.gt.sh.status" in hw1__1/eventstore/20241015/hw1.isone.ng.beachrose.scada-gridworks.event.gt.sh.status-1729001700019-ear.electricity.works.json
2026-08-25 16:17:57,551 | WARNING | Unknown message type "gridworks.event.gt.sh.status" in hw1__1/eventstore/20241015/hw1.isone.ng.beachrose.scada-gridworks.event.gt.sh.status-1729001700019-ear.electricity.works.json
2026-08-25 16:17:57,551 | WARNING | Unknown message type "gridworks.event.gt.sh.status" in hw1__1/eventstore/20241015/hw1.isone.ng.beachrose.scada-gridworks.event.gt.sh.status-1729002000021-ear.electricity.works.json
2026-08-25 16:17:57,551 | WARNING | Unknown message type "gridworks.event.gt.sh.status" in hw1__1/eventstore/20241015/hw1.isone.ng.beachrose.scada-gridworks.event.gt.sh.status-1729002000021-ear.electricity.works.json
2026-08-25 16:17:57,551 | WARNING | Unknown message type "gridworks.event.gt.sh.status" in hw1__1/eventstore/20241015/hw1.isone.ng.beachrose.scada-gridworks.event.gt.sh.status-1729002300207-ear.electricity.works.json
2026-08-25 16:17:57,551 | WARNING | Unknown message type "gridworks.event.gt.sh.status" in hw1__1/eventstore/20241015/hw1.isone.ng.beachrose.scada-gridworks.event.gt.sh.status-1729002300207-ear.electricity.works.json
2026-08-25 16:17:57,551 | WARNING | Unknown message type "gridworks.event.gt.sh.status" in hw1__1/eventstore/20241015/hw1.isone.ng.beachrose.scada-gridworks.event.gt.sh.status-1729002600160-ear.electricity.works.json
2026-08-25 16:17:57,551 | WARNING | Unknown message type "gridworks.event.gt.sh.status" in hw1__1/eventstore/20241015/hw1.isone.ng.beachrose.scada-gridworks.event.gt.sh.status-1729002600160-ear.electricity.works.json
2026-08-25 16:17:57,551 | WARNING | Unknown message type "gridworks.event.gt.sh.status" in hw1__1/eventstore/20241015/hw1.isone.ng.beachrose.scada-gridworks.event.gt.sh.status-1729002900021-ear.electricity.works.json
2026-08-25 16:17:57,551 | WARNING | Unknown message type "gridworks.event.gt.sh.status" in hw1__1/eventstore/20241015/hw1.isone.ng.beachrose.scada-gridworks.event.gt.sh.status-1729002900021-ear.electricity.works.json
2026-08-25 16:17:57,551 | WARNING | Unknown message type "gridworks.event.gt.sh.status" in hw1__1/eventstore/20241015/hw1.isone.ng.beachrose.scada-gridworks.event.gt.sh.status-1729003200139-ear.electricity.works.json
2026-08-25 16:17:57,551 | WARNING | Unknown message type "gridworks.event.gt.sh.status" in hw1__1/eventstore/20241015/hw1.isone.ng.beachrose.scada-gridworks.event.gt.sh.status-1729003200139-ear.electricity.works.json
2026-08-25 16:17:57,551 | WARNING | Unknown message type "gridworks.event.gt.sh.status" in hw1__1/eventstore/20241015/hw1.isone.ng.beachrose.scada-gridworks.event.gt.sh.status-1729003500123-ear.electricity.works.json
2026-08-25 16:17:57,551 | WARNING | Unknown message type "gridworks.event.gt.sh.status" in hw1__1/eventstore/20241015/hw1.isone.ng.beachrose.scada-gridworks.event.gt.sh.status-1729003500123-ear.electricity.works.json
2026-08-25 16:17:57,551 | WARNING | Unknown message type "gridworks.event.gt.sh.status" in hw1__1/eventstore/20241015/hw1.isone.ng.beachrose.scada-gridworks.event.gt.sh.status-1729003800141-ear.electricity.works.json
2026-08-25 16:17:57,551 | WARNING | Unknown message type "gridworks.event.gt.sh.status" in hw1__1/eventstore/20241015/hw1.isone.ng.beachrose.scada-gridworks.event.gt.sh.status-1729003800141-ear.electricity.works.json
2026-08-25 16:17:57,551 | WARNING | Unknown message type "gridworks.event.gt.sh.status" in hw1__1/eventstore/20241015/hw1.isone.ng.beachrose.scada-gridworks.event.gt.sh.status-1729004100142-ear.electricity.works.json
2026-08-25 16:17:57,551 | WARNING | Unknown message type "gridworks.event.gt.sh.status" in hw1__1/eventstore/20241015/hw1.isone.ng.beachrose.scada-gridworks.event.gt.sh.status-1729004100142-ear.electricity.works.json
2026-08-25 16:17:57,551 | WARNING | Unknown message type "gridworks.event.gt.sh.status" in hw1__1/eventstore/20241015/hw1.isone.ng.beachrose.scada-gridworks.event.gt.sh.status-1729004400186-ear.electricity.works.json
2026-08-25 16:17:57,551 | WARNING | Unknown message type "gridworks.event.gt.sh.status" in hw1__1/eventstore/20241015/hw1.isone.ng.beachrose.scada-gridworks.event.gt.sh.status-1729004400186-ear.electricity.works.json
2026-08-25 16:17:57,551 | WARNING | Unknown message type "gridworks.event.gt.sh.status" in hw1__1/eventstore/20241015/hw1.isone.ng.beachrose.scada-gridworks.event.gt.sh.status-1729004700150-ear.electricity.works.json
2026-08-25 16:17:57,551 | WARNING | Unknown message type "gridworks.event.gt.sh.status" in hw1__1/eventstore/20241015/hw1.isone.ng.beachrose.scada-gridworks.event.gt.sh.status-1729004700150-ear.electricity.works.json
2026-08-25 16:17:57,551 | WARNING | Unknown message type "gridworks.event.gt.sh.status" in hw1__1/eventstore/20241015/hw1.isone.ng.beachrose.scada-gridworks.event.gt.sh.status-1729005000209-ear.electricity.works.json
2026-08-25 16:17:57,551 | WARNING | Unknown message type "gridworks.event.gt.sh.status" in hw1__1/eventstore/20241015/hw1.isone.ng.beachrose.scada-gridworks.event.gt.sh.status-1729005000209-ear.electricity.works.json
2026-08-25 16:17:57,551 | WARNING | Unknown message type "gridworks.event.gt.sh.status" in hw1__1/eventstore/20241015/hw1.isone.ng.beachrose.scada-gridworks.event.gt.sh.status-1729005300187-ear.electricity.works.json
2026-08-25 16:17:57,551 | WARNING | Unknown message type "gridworks.event.gt.sh.status" in hw1__1/eventstore/20241015/hw1.isone.ng.beachrose.scada-gridworks.event.gt.sh.status-1729005300187-ear.electricity.works.json
2026-08-25 16:17:57,551 | WARNING | Unknown message type "gridworks.event.gt.sh.status" in hw1__1/eventstore/20241015/hw1.isone.ng.beachrose.scada-gridworks.event.gt.sh.status-1729005600132-ear.electricity.works.json
2026-08-25 16:17:57,551 | WARNING | Unknown message type "gridworks.event.gt.sh.status" in hw1__1/eventstore/20241015/hw1.isone.ng.beachrose.scada-gridworks.event.gt.sh.status-1729005600132-ear.electricity.works.json
2026-08-25 16:17:57,551 | WARNING | Unknown message type "gridworks.event.gt.sh.status" in hw1__1/eventstore/20241015/hw1.isone.ng.beachrose.scada-gridworks.event.gt.sh.status-1729005900116-ear.electricity.works.json
2026-08-25 16:17:57,551 | WARNING | Unknown message type "gridworks.event.gt.sh.status" in hw1__1/eventstore/20241015/hw1.isone.ng.beachrose.scada-gridworks.event.gt.sh.status-1729005900116-ear.electricity.works.json
2026-08-25 16:17:57,551 | WARNING | Unknown message type "gridworks.event.gt.sh.status" in hw1__1/eventstore/20241015/hw1.isone.ng.beachrose.scada-gridworks.event.gt.sh.status-1729006200131-ear.electricity.works.json
2026-08-25 16:17:57,551 | WARNING | Unknown message type "gridworks.event.gt.sh.status" in hw1__1/eventstore/20241015/hw1.isone.ng.beachrose.scada-gridworks.event.gt.sh.status-1729006200131-ear.electricity.works.json
2026-08-25 16:17:57,551 | WARNING | Unknown message type "gridworks.event.gt.sh.status" in hw1__1/eventstore/20241015/hw1.isone.ng.beachrose.scada-gridworks.event.gt.sh.status-1729006500158-ear.electricity.works.json
2026-08-25 16:17:57,551 | WARNING | Unknown message type "gridworks.event.gt.sh.status" in hw1__1/eventstore/20241015/hw1.isone.ng.beachrose.scada-gridworks.event.gt.sh.status-1729006500158-ear.electricity.works.json
2026-08-25 16:17:57,551 | WARNING | Unknown message type "gridworks.event.gt.sh.status" in hw1__1/eventstore/20241015/hw1.isone.ng.beachrose.scada-gridworks.event.gt.sh.status-1729006800132-ear.electricity.works.json
2026-08-25 16:17:57,551 | WARNING | Unknown message type "gridworks.event.gt.sh.status" in hw1__1/eventstore/20241015/hw1.isone.ng.beachrose.scada-gridworks.event.gt.sh.status-1729006800132-ear.electricity.works.json
2026-08-25 16:17:57,551 | WARNING | Unknown message type "gridworks.event.gt.sh.status" in hw1__1/eventstore/20241015/hw1.isone.ng.beachrose.scada-gridworks.event.gt.sh.status-1729007100118-ear.electricity.works.json
2026-08-25 16:17:57,551 | WARNING | Unknown message type "gridworks.event.gt.sh.status" in hw1__1/eventstore/20241015/hw1.isone.ng.beachrose.scada-gridworks.event.gt.sh.status-1729007100118-ear.electricity.works.json
2026-08-25 16:17:57,551 | WARNING | Unknown message type "gridworks.event.gt.sh.status" in hw1__1/eventstore/20241015/hw1.isone.ng.beachrose.scada-gridworks.event.gt.sh.status-1729007400139-ear.electricity.works.json
2026-08-25 16:17:57,551 | WARNING | Unknown message type "gridworks.event.gt.sh.status" in hw1__1/eventstore/20241015/hw1.isone.ng.beachrose.scada-gridworks.event.gt.sh.status-1729007400139-ear.electricity.works.json
2026-08-25 16:17:57,551 | WARNING | Unknown message type "gridworks.event.gt.sh.status" in hw1__1/eventstore/20241015/hw1.isone.ng.beachrose.scada-gridworks.event.gt.sh.status-1729007700149-ear.electricity.works.json
2026-08-25 16:17:57,551 | WARNING | Unknown message type "gridworks.event.gt.sh.status" in hw1__1/eventstore/20241015/hw1.isone.ng.beachrose.scada-gridworks.event.gt.sh.status-1729007700149-ear.electricity.works.json
2026-08-25 16:17:57,551 | WARNING | Unknown message type "gridworks.event.gt.sh.status" in hw1__1/eventstore/20241015/hw1.isone.ng.beachrose.scada-gridworks.event.gt.sh.status-1729008000021-ear.electricity.works.json
2026-08-25 16:17:57,551 | WARNING | Unknown message type "gridworks.event.gt.sh.status" in hw1__1/eventstore/20241015/hw1.isone.ng.beachrose.scada-gridworks.event.gt.sh.status-1729008000021-ear.electricity.works.json
2026-08-25 16:17:57,552 | WARNING | Unknown message type "gridworks.event.gt.sh.status" in hw1__1/eventstore/20241015/hw1.isone.ng.beachrose.scada-gridworks.event.gt.sh.status-1729008300120-ear.electricity.works.json
2026-08-25 16:17:57,552 | WARNING | Unknown message type "gridworks.event.gt.sh.status" in hw1__1/eventstore/20241015/hw1.isone.ng.beachrose.scada-gridworks.event.gt.sh.status-1729008300120-ear.electricity.works.json
2026-08-25 16:17:57,552 | WARNING | Unknown message type "gridworks.event.gt.sh.status" in hw1__1/eventstore/20241015/hw1.isone.ng.beachrose.scada-gridworks.event.gt.sh.status-1729008600138-ear.electricity.works.json
2026-08-25 16:17:57,552 | WARNING | Unknown message type "gridworks.event.gt.sh.status" in hw1__1/eventstore/20241015/hw1.isone.ng.beachrose.scada-gridworks.event.gt.sh.status-1729008600138-ear.electricity.works.json
2026-08-25 16:17:57,552 | WARNING | Unknown message type "gridworks.event.gt.sh.status" in hw1__1/eventstore/20241015/hw1.isone.ng.beachrose.scada-gridworks.event.gt.sh.status-1729008900111-ear.electricity.works.json
2026-08-25 16:17:57,552 | WARNING | Unknown message type "gridworks.event.gt.sh.status" in hw1__1/eventstore/20241015/hw1.isone.ng.beachrose.scada-gridworks.event.gt.sh.status-1729008900111-ear.electricity.works.json
2026-08-25 16:17:57,552 | WARNING | Unknown message type "gridworks.event.gt.sh.status" in hw1__1/eventstore/20241015/hw1.isone.ng.beachrose.scada-gridworks.event.gt.sh.status-1729009200137-ear.electricity.works.json
2026-08-25 16:17:57,552 | WARNING | Unknown message type "gridworks.event.gt.sh.status" in hw1__1/eventstore/20241015/hw1.isone.ng.beachrose.scada-gridworks.event.gt.sh.status-1729009200137-ear.electricity.works.json
2026-08-25 16:17:57,552 | WARNING | Unknown message type "gridworks.event.gt.sh.status" in hw1__1/eventstore/20241015/hw1.isone.ng.beachrose.scada-gridworks.event.gt.sh.status-1729009500151-ear.electricity.works.json
2026-08-25 16:17:57,552 | WARNING | Unknown message type "gridworks.event.gt.sh.status" in hw1__1/eventstore/20241015/hw1.isone.ng.beachrose.scada-gridworks.event.gt.sh.status-1729009500151-ear.electricity.works.json
2026-08-25 16:17:57,552 | WARNING | Unknown message type "gridworks.event.gt.sh.status" in hw1__1/eventstore/20241015/hw1.isone.ng.beachrose.scada-gridworks.event.gt.sh.status-1729009800159-ear.electricity.works.json
2026-08-25 16:17:57,552 | WARNING | Unknown message type "gridworks.event.gt.sh.status" in hw1__1/eventstore/20241015/hw1.isone.ng.beachrose.scada-gridworks.event.gt.sh.status-1729009800159-ear.electricity.works.json
2026-08-25 16:17:57,552 | WARNING | Unknown message type "gridworks.event.gt.sh.status" in hw1__1/eventstore/20241015/hw1.isone.ng.beachrose.scada-gridworks.event.gt.sh.status-1729010100123-ear.electricity.works.json
2026-08-25 16:17:57,552 | WARNING | Unknown message type "gridworks.event.gt.sh.status" in hw1__1/eventstore/20241015/hw1.isone.ng.beachrose.scada-gridworks.event.gt.sh.status-1729010100123-ear.electricity.works.json
2026-08-25 16:17:57,552 | WARNING | Unknown message type "gridworks.event.gt.sh.status" in hw1__1/eventstore/20241015/hw1.isone.ng.beachrose.scada-gridworks.event.gt.sh.status-1729010400020-ear.electricity.works.json
2026-08-25 16:17:57,552 | WARNING | Unknown message type "gridworks.event.gt.sh.status" in hw1__1/eventstore/20241015/hw1.isone.ng.beachrose.scada-gridworks.event.gt.sh.status-1729010400020-ear.electricity.works.json
2026-08-25 16:17:57,552 | WARNING | Unknown message type "gridworks.event.gt.sh.status" in hw1__1/eventstore/20241015/hw1.isone.ng.beachrose.scada-gridworks.event.gt.sh.status-1729010700133-ear.electricity.works.json
2026-08-25 16:17:57,552 | WARNING | Unknown message type "gridworks.event.gt.sh.status" in hw1__1/eventstore/20241015/hw1.isone.ng.beachrose.scada-gridworks.event.gt.sh.status-1729010700133-ear.electricity.works.json
2026-08-25 16:17:57,552 | WARNING | Unknown message type "gridworks.event.gt.sh.status" in hw1__1/eventstore/20241015/hw1.isone.ng.beachrose.scada-gridworks.event.gt.sh.status-1729011000314-ear.electricity.works.json
2026-08-25 16:17:57,552 | WARNING | Unknown message type "gridworks.event.gt.sh.status" in hw1__1/eventstore/20241015/hw1.isone.ng.beachrose.scada-gridworks.event.gt.sh.status-1729011000314-ear.electricity.works.json
2026-08-25 16:17:57,552 | WARNING | Unknown message type "gridworks.event.gt.sh.status" in hw1__1/eventstore/20241015/hw1.isone.ng.beachrose.scada-gridworks.event.gt.sh.status-1729011300115-ear.electricity.works.json
2026-08-25 16:17:57,552 | WARNING | Unknown message type "gridworks.event.gt.sh.status" in hw1__1/eventstore/20241015/hw1.isone.ng.beachrose.scada-gridworks.event.gt.sh.status-1729011300115-ear.electricity.works.json
2026-08-25 16:17:57,552 | WARNING | Unknown message type "gridworks.event.gt.sh.status" in hw1__1/eventstore/20241015/hw1.isone.ng.beachrose.scada-gridworks.event.gt.sh.status-1729011600138-ear.electricity.works.json
2026-08-25 16:17:57,552 | WARNING | Unknown message type "gridworks.event.gt.sh.status" in hw1__1/eventstore/20241015/hw1.isone.ng.beachrose.scada-gridworks.event.gt.sh.status-1729011600138-ear.electricity.works.json
2026-08-25 16:17:57,552 | WARNING | Unknown message type "gridworks.event.gt.sh.status" in hw1__1/eventstore/20241015/hw1.isone.ng.beachrose.scada-gridworks.event.gt.sh.status-1729011900165-ear.electricity.works.json
2026-08-25 16:17:57,552 | WARNING | Unknown message type "gridworks.event.gt.sh.status" in hw1__1/eventstore/20241015/hw1.isone.ng.beachrose.scada-gridworks.event.gt.sh.status-1729011900165-ear.electricity.works.json
2026-08-25 16:17:57,552 | WARNING | Unknown message type "gridworks.event.gt.sh.status" in hw1__1/eventstore/20241015/hw1.isone.ng.beachrose.scada-gridworks.event.gt.sh.status-1729012200145-ear.electricity.works.json
2026-08-25 16:17:57,552 | WARNING | Unknown message type "gridworks.event.gt.sh.status" in hw1__1/eventstore/20241015/hw1.isone.ng.beachrose.scada-gridworks.event.gt.sh.status-1729012200145-ear.electricity.works.json
2026-08-25 16:17:57,552 | WARNING | Unknown message type "gridworks.event.gt.sh.status" in hw1__1/eventstore/20241015/hw1.isone.ng.beachrose.scada-gridworks.event.gt.sh.status-1729012500116-ear.electricity.works.json
2026-08-25 16:17:57,552 | WARNING | Unknown message type "gridworks.event.gt.sh.status" in hw1__1/eventstore/20241015/hw1.isone.ng.beachrose.scada-gridworks.event.gt.sh.status-1729012500116-ear.electricity.works.json
2026-08-25 16:17:57,552 | WARNING | Unknown message type "gridworks.event.gt.sh.status" in hw1__1/eventstore/20241015/hw1.isone.ng.beachrose.scada-gridworks.event.gt.sh.status-1729012800159-ear.electricity.works.json
2026-08-25 16:17:57,552 | WARNING | Unknown message type "gridworks.event.gt.sh.status" in hw1__1/eventstore/20241015/hw1.isone.ng.beachrose.scada-gridworks.event.gt.sh.status-1729012800159-ear.electricity.works.json
2026-08-25 16:17:57,552 | WARNING | Unknown message type "gridworks.event.gt.sh.status" in hw1__1/eventstore/20241015/hw1.isone.ng.beachrose.scada-gridworks.event.gt.sh.status-1729013100114-ear.electricity.works.json
2026-08-25 16:17:57,552 | WARNING | Unknown message type "gridworks.event.gt.sh.status" in hw1__1/eventstore/20241015/hw1.isone.ng.beachrose.scada-gridworks.event.gt.sh.status-1729013100114-ear.electricity.works.json
2026-08-25 16:17:57,552 | WARNING | Unknown message type "gridworks.event.gt.sh.status" in hw1__1/eventstore/20241015/hw1.isone.ng.beachrose.scada-gridworks.event.gt.sh.status-1729013400128-ear.electricity.works.json
2026-08-25 16:17:57,552 | WARNING | Unknown message type "gridworks.event.gt.sh.status" in hw1__1/eventstore/20241015/hw1.isone.ng.beachrose.scada-gridworks.event.gt.sh.status-1729013400128-ear.electricity.works.json
2026-08-25 16:17:57,552 | WARNING | Unknown message type "gridworks.event.gt.sh.status" in hw1__1/eventstore/20241015/hw1.isone.ng.beachrose.scada-gridworks.event.gt.sh.status-1729013700117-ear.electricity.works.json
2026-08-25 16:17:57,552 | WARNING | Unknown message type "gridworks.event.gt.sh.status" in hw1__1/eventstore/20241015/hw1.isone.ng.beachrose.scada-gridworks.event.gt.sh.status-1729013700117-ear.electricity.works.json
2026-08-25 16:17:57,552 | WARNING | Unknown message type "gridworks.event.gt.sh.status" in hw1__1/eventstore/20241015/hw1.isone.ng.beachrose.scada-gridworks.event.gt.sh.status-1729014000130-ear.electricity.works.json
2026-08-25 16:17:57,552 | WARNING | Unknown message type "gridworks.event.gt.sh.status" in hw1__1/eventstore/20241015/hw1.isone.ng.beachrose.scada-gridworks.event.gt.sh.status-1729014000130-ear.electricity.works.json
2026-08-25 16:17:57,552 | WARNING | Unknown message type "gridworks.event.gt.sh.status" in hw1__1/eventstore/20241015/hw1.isone.ng.beachrose.scada-gridworks.event.gt.sh.status-1729014300185-ear.electricity.works.json
2026-08-25 16:17:57,552 | WARNING | Unknown message type "gridworks.event.gt.sh.status" in hw1__1/eventstore/20241015/hw1.isone.ng.beachrose.scada-gridworks.event.gt.sh.status-1729014300185-ear.electricity.works.json
2026-08-25 16:17:57,552 | WARNING | Unknown message type "gridworks.event.gt.sh.status" in hw1__1/eventstore/20241015/hw1.isone.ng.beachrose.scada-gridworks.event.gt.sh.status-1729014600141-ear.electricity.works.json
2026-08-25 16:17:57,552 | WARNING | Unknown message type "gridworks.event.gt.sh.status" in hw1__1/eventstore/20241015/hw1.isone.ng.beachrose.scada-gridworks.event.gt.sh.status-1729014600141-ear.electricity.works.json
2026-08-25 16:17:57,552 | WARNING | Unknown message type "gridworks.event.gt.sh.status" in hw1__1/eventstore/20241015/hw1.isone.ng.beachrose.scada-gridworks.event.gt.sh.status-1729014900020-ear.electricity.works.json
2026-08-25 16:17:57,552 | WARNING | Unknown message type "gridworks.event.gt.sh.status" in hw1__1/eventstore/20241015/hw1.isone.ng.beachrose.scada-gridworks.event.gt.sh.status-1729014900020-ear.electricity.works.json
2026-08-25 16:17:57,552 | WARNING | Unknown message type "gridworks.event.gt.sh.status" in hw1__1/eventstore/20241015/hw1.isone.ng.beachrose.scada-gridworks.event.gt.sh.status-1729015200135-ear.electricity.works.json
2026-08-25 16:17:57,552 | WARNING | Unknown message type "gridworks.event.gt.sh.status" in hw1__1/eventstore/20241015/hw1.isone.ng.beachrose.scada-gridworks.event.gt.sh.status-1729015200135-ear.electricity.works.json
2026-08-25 16:17:57,552 | WARNING | Unknown message type "gridworks.event.gt.sh.status" in hw1__1/eventstore/20241015/hw1.isone.ng.beachrose.scada-gridworks.event.gt.sh.status-1729015500021-ear.electricity.works.json
2026-08-25 16:17:57,552 | WARNING | Unknown message type "gridworks.event.gt.sh.status" in hw1__1/eventstore/20241015/hw1.isone.ng.beachrose.scada-gridworks.event.gt.sh.status-1729015500021-ear.electricity.works.json
2026-08-25 16:17:57,552 | WARNING | Unknown message type "gridworks.event.gt.sh.status" in hw1__1/eventstore/20241015/hw1.isone.ng.beachrose.scada-gridworks.event.gt.sh.status-1729015800135-ear.electricity.works.json
2026-08-25 16:17:57,552 | WARNING | Unknown message type "gridworks.event.gt.sh.status" in hw1__1/eventstore/20241015/hw1.isone.ng.beachrose.scada-gridworks.event.gt.sh.status-1729015800135-ear.electricity.works.json
2026-08-25 16:17:57,552 | WARNING | Unknown message type "gridworks.event.gt.sh.status" in hw1__1/eventstore/20241015/hw1.isone.ng.beachrose.scada-gridworks.event.gt.sh.status-1729016100021-ear.electricity.works.json
2026-08-25 16:17:57,552 | WARNING | Unknown message type "gridworks.event.gt.sh.status" in hw1__1/eventstore/20241015/hw1.isone.ng.beachrose.scada-gridworks.event.gt.sh.status-1729016100021-ear.electricity.works.json
2026-08-25 16:17:57,552 | WARNING | Unknown message type "gridworks.event.gt.sh.status" in hw1__1/eventstore/20241015/hw1.isone.ng.beachrose.scada-gridworks.event.gt.sh.status-1729016400145-ear.electricity.works.json
2026-08-25 16:17:57,552 | WARNING | Unknown message type "gridworks.event.gt.sh.status" in hw1__1/eventstore/20241015/hw1.isone.ng.beachrose.scada-gridworks.event.gt.sh.status-1729016400145-ear.electricity.works.json
2026-08-25 16:17:57,552 | WARNING | Unknown message type "gridworks.event.gt.sh.status" in hw1__1/eventstore/20241015/hw1.isone.ng.beachrose.scada-gridworks.event.gt.sh.status-1729016700132-ear.electricity.works.json
2026-08-25 16:17:57,552 | WARNING | Unknown message type "gridworks.event.gt.sh.status" in hw1__1/eventstore/20241015/hw1.isone.ng.beachrose.scada-gridworks.event.gt.sh.status-1729016700132-ear.electricity.works.json
2026-08-25 16:17:57,552 | WARNING | Unknown message type "gridworks.event.gt.sh.status" in hw1__1/eventstore/20241015/hw1.isone.ng.beachrose.scada-gridworks.event.gt.sh.status-1729017000133-ear.electricity.works.json
2026-08-25 16:17:57,552 | WARNING | Unknown message type "gridworks.event.gt.sh.status" in hw1__1/eventstore/20241015/hw1.isone.ng.beachrose.scada-gridworks.event.gt.sh.status-1729017000133-ear.electricity.works.json
2026-08-25 16:17:57,552 | WARNING | Unknown message type "gridworks.event.gt.sh.status" in hw1__1/eventstore/20241015/hw1.isone.ng.beachrose.scada-gridworks.event.gt.sh.status-1729017300018-ear.electricity.works.json
2026-08-25 16:17:57,552 | WARNING | Unknown message type "gridworks.event.gt.sh.status" in hw1__1/eventstore/20241015/hw1.isone.ng.beachrose.scada-gridworks.event.gt.sh.status-1729017300018-ear.electricity.works.json
2026-08-25 16:17:57,552 | WARNING | Unknown message type "gridworks.event.gt.sh.status" in hw1__1/eventstore/20241015/hw1.isone.ng.beachrose.scada-gridworks.event.gt.sh.status-1729017600016-ear.electricity.works.json
2026-08-25 16:17:57,552 | WARNING | Unknown message type "gridworks.event.gt.sh.status" in hw1__1/eventstore/20241015/hw1.isone.ng.beachrose.scada-gridworks.event.gt.sh.status-1729017600016-ear.electricity.works.json
2026-08-25 16:17:57,552 | WARNING | Unknown message type "gridworks.event.gt.sh.status" in hw1__1/eventstore/20241015/hw1.isone.ng.beachrose.scada-gridworks.event.gt.sh.status-1729017900016-ear.electricity.works.json
2026-08-25 16:17:57,552 | WARNING | Unknown message type "gridworks.event.gt.sh.status" in hw1__1/eventstore/20241015/hw1.isone.ng.beachrose.scada-gridworks.event.gt.sh.status-1729017900016-ear.electricity.works.json
2026-08-25 16:17:57,552 | WARNING | Unknown message type "gridworks.event.gt.sh.status" in hw1__1/eventstore/20241015/hw1.isone.ng.beachrose.scada-gridworks.event.gt.sh.status-1729018200146-ear.electricity.works.json
2026-08-25 16:17:57,552 | WARNING | Unknown message type "gridworks.event.gt.sh.status" in hw1__1/eventstore/20241015/hw1.isone.ng.beachrose.scada-gridworks.event.gt.sh.status-1729018200146-ear.electricity.works.json
2026-08-25 16:17:57,552 | WARNING | Unknown message type "gridworks.event.gt.sh.status" in hw1__1/eventstore/20241015/hw1.isone.ng.beachrose.scada-gridworks.event.gt.sh.status-1729018500014-ear.electricity.works.json
2026-08-25 16:17:57,552 | WARNING | Unknown message type "gridworks.event.gt.sh.status" in hw1__1/eventstore/20241015/hw1.isone.ng.beachrose.scada-gridworks.event.gt.sh.status-1729018500014-ear.electricity.works.json
2026-08-25 16:17:57,552 | WARNING | Unknown message type "gridworks.event.gt.sh.status" in hw1__1/eventstore/20241015/hw1.isone.ng.beachrose.scada-gridworks.event.gt.sh.status-1729018800015-ear.electricity.works.json
2026-08-25 16:17:57,552 | WARNING | Unknown message type "gridworks.event.gt.sh.status" in hw1__1/eventstore/20241015/hw1.isone.ng.beachrose.scada-gridworks.event.gt.sh.status-1729018800015-ear.electricity.works.json
2026-08-25 16:17:57,552 | WARNING | Unknown message type "gridworks.event.gt.sh.status" in hw1__1/eventstore/20241015/hw1.isone.ng.beachrose.scada-gridworks.event.gt.sh.status-1729019100017-ear.electricity.works.json
2026-08-25 16:17:57,552 | WARNING | Unknown message type "gridworks.event.gt.sh.status" in hw1__1/eventstore/20241015/hw1.isone.ng.beachrose.scada-gridworks.event.gt.sh.status-1729019100017-ear.electricity.works.json
2026-08-25 16:17:57,552 | WARNING | Unknown message type "gridworks.event.gt.sh.status" in hw1__1/eventstore/20241015/hw1.isone.ng.beachrose.scada-gridworks.event.gt.sh.status-1729019400013-ear.electricity.works.json
2026-08-25 16:17:57,552 | WARNING | Unknown message type "gridworks.event.gt.sh.status" in hw1__1/eventstore/20241015/hw1.isone.ng.beachrose.scada-gridworks.event.gt.sh.status-1729019400013-ear.electricity.works.json
2026-08-25 16:17:57,552 | WARNING | Unknown message type "gridworks.event.gt.sh.status" in hw1__1/eventstore/20241015/hw1.isone.ng.beachrose.scada-gridworks.event.gt.sh.status-1729019700011-ear.electricity.works.json
2026-08-25 16:17:57,552 | WARNING | Unknown message type "gridworks.event.gt.sh.status" in hw1__1/eventstore/20241015/hw1.isone.ng.beachrose.scada-gridworks.event.gt.sh.status-1729019700011-ear.electricity.works.json
2026-08-25 16:17:57,552 | WARNING | Unknown message type "gridworks.event.gt.sh.status" in hw1__1/eventstore/20241015/hw1.isone.ng.beachrose.scada-gridworks.event.gt.sh.status-1729020000017-ear.electricity.works.json
2026-08-25 16:17:57,552 | WARNING | Unknown message type "gridworks.event.gt.sh.status" in hw1__1/eventstore/20241015/hw1.isone.ng.beachrose.scada-gridworks.event.gt.sh.status-1729020000017-ear.electricity.works.json
2026-08-25 16:17:57,552 | WARNING | Unknown message type "gridworks.event.gt.sh.status" in hw1__1/eventstore/20241015/hw1.isone.ng.beachrose.scada-gridworks.event.gt.sh.status-1729020300015-ear.electricity.works.json
2026-08-25 16:17:57,552 | WARNING | Unknown message type "gridworks.event.gt.sh.status" in hw1__1/eventstore/20241015/hw1.isone.ng.beachrose.scada-gridworks.event.gt.sh.status-1729020300015-ear.electricity.works.json
2026-08-25 16:17:57,552 | WARNING | Unknown message type "gridworks.event.gt.sh.status" in hw1__1/eventstore/20241015/hw1.isone.ng.beachrose.scada-gridworks.event.gt.sh.status-1729020600011-ear.electricity.works.json
2026-08-25 16:17:57,552 | WARNING | Unknown message type "gridworks.event.gt.sh.status" in hw1__1/eventstore/20241015/hw1.isone.ng.beachrose.scada-gridworks.event.gt.sh.status-1729020600011-ear.electricity.works.json
2026-08-25 16:17:57,552 | WARNING | Unknown message type "gridworks.event.gt.sh.status" in hw1__1/eventstore/20241015/hw1.isone.ng.beachrose.scada-gridworks.event.gt.sh.status-1729020900009-ear.electricity.works.json
2026-08-25 16:17:57,552 | WARNING | Unknown message type "gridworks.event.gt.sh.status" in hw1__1/eventstore/20241015/hw1.isone.ng.beachrose.scada-gridworks.event.gt.sh.status-1729020900009-ear.electricity.works.json
2026-08-25 16:17:57,552 | WARNING | Unknown message type "gridworks.event.gt.sh.status" in hw1__1/eventstore/20241015/hw1.isone.ng.beachrose.scada-gridworks.event.gt.sh.status-1729021200015-ear.electricity.works.json
2026-08-25 16:17:57,552 | WARNING | Unknown message type "gridworks.event.gt.sh.status" in hw1__1/eventstore/20241015/hw1.isone.ng.beachrose.scada-gridworks.event.gt.sh.status-1729021200015-ear.electricity.works.json
2026-08-25 16:17:57,552 | WARNING | Unknown message type "gridworks.event.gt.sh.status" in hw1__1/eventstore/20241015/hw1.isone.ng.beachrose.scada-gridworks.event.gt.sh.status-1729021500120-ear.electricity.works.json
2026-08-25 16:17:57,552 | WARNING | Unknown message type "gridworks.event.gt.sh.status" in hw1__1/eventstore/20241015/hw1.isone.ng.beachrose.scada-gridworks.event.gt.sh.status-1729021500120-ear.electricity.works.json
2026-08-25 16:17:57,552 | WARNING | Unknown message type "gridworks.event.gt.sh.status" in hw1__1/eventstore/20241015/hw1.isone.ng.beachrose.scada-gridworks.event.gt.sh.status-1729021800140-ear.electricity.works.json
2026-08-25 16:17:57,552 | WARNING | Unknown message type "gridworks.event.gt.sh.status" in hw1__1/eventstore/20241015/hw1.isone.ng.beachrose.scada-gridworks.event.gt.sh.status-1729021800140-ear.electricity.works.json
2026-08-25 16:17:57,552 | WARNING | Unknown message type "gridworks.event.gt.sh.status" in hw1__1/eventstore/20241015/hw1.isone.ng.beachrose.scada-gridworks.event.gt.sh.status-1729022100155-ear.electricity.works.json
2026-08-25 16:17:57,552 | WARNING | Unknown message type "gridworks.event.gt.sh.status" in hw1__1/eventstore/20241015/hw1.isone.ng.beachrose.scada-gridworks.event.gt.sh.status-1729022100155-ear.electricity.works.json
2026-08-25 16:17:57,552 | WARNING | Unknown message type "gridworks.event.gt.sh.status" in hw1__1/eventstore/20241015/hw1.isone.ng.beachrose.scada-gridworks.event.gt.sh.status-1729022400150-ear.electricity.works.json
2026-08-25 16:17:57,552 | WARNING | Unknown message type "gridworks.event.gt.sh.status" in hw1__1/eventstore/20241015/hw1.isone.ng.beachrose.scada-gridworks.event.gt.sh.status-1729022400150-ear.electricity.works.json
2026-08-25 16:17:57,552 | WARNING | Unknown message type "gridworks.event.gt.sh.status" in hw1__1/eventstore/20241015/hw1.isone.ng.beachrose.scada-gridworks.event.gt.sh.status-1729022700190-ear.electricity.works.json
2026-08-25 16:17:57,552 | WARNING | Unknown message type "gridworks.event.gt.sh.status" in hw1__1/eventstore/20241015/hw1.isone.ng.beachrose.scada-gridworks.event.gt.sh.status-1729022700190-ear.electricity.works.json
2026-08-25 16:17:57,552 | WARNING | Unknown message type "gridworks.event.gt.sh.status" in hw1__1/eventstore/20241015/hw1.isone.ng.beachrose.scada-gridworks.event.gt.sh.status-1729023000152-ear.electricity.works.json
2026-08-25 16:17:57,552 | WARNING | Unknown message type "gridworks.event.gt.sh.status" in hw1__1/eventstore/20241015/hw1.isone.ng.beachrose.scada-gridworks.event.gt.sh.status-1729023000152-ear.electricity.works.json
2026-08-25 16:17:57,552 | WARNING | Unknown message type "gridworks.event.gt.sh.status" in hw1__1/eventstore/20241015/hw1.isone.ng.beachrose.scada-gridworks.event.gt.sh.status-1729023300116-ear.electricity.works.json
2026-08-25 16:17:57,552 | WARNING | Unknown message type "gridworks.event.gt.sh.status" in hw1__1/eventstore/20241015/hw1.isone.ng.beachrose.scada-gridworks.event.gt.sh.status-1729023300116-ear.electricity.works.json
2026-08-25 16:17:57,552 | WARNING | Unknown message type "gridworks.event.gt.sh.status" in hw1__1/eventstore/20241015/hw1.isone.ng.beachrose.scada-gridworks.event.gt.sh.status-1729023600132-ear.electricity.works.json
2026-08-25 16:17:57,552 | WARNING | Unknown message type "gridworks.event.gt.sh.status" in hw1__1/eventstore/20241015/hw1.isone.ng.beachrose.scada-gridworks.event.gt.sh.status-1729023600132-ear.electricity.works.json
2026-08-25 16:17:57,552 | WARNING | Unknown message type "gridworks.event.gt.sh.status" in hw1__1/eventstore/20241015/hw1.isone.ng.beachrose.scada-gridworks.event.gt.sh.status-1729023900203-ear.electricity.works.json
2026-08-25 16:17:57,552 | WARNING | Unknown message type "gridworks.event.gt.sh.status" in hw1__1/eventstore/20241015/hw1.isone.ng.beachrose.scada-gridworks.event.gt.sh.status-1729023900203-ear.electricity.works.json
2026-08-25 16:17:57,552 | WARNING | Unknown message type "gridworks.event.gt.sh.status" in hw1__1/eventstore/20241015/hw1.isone.ng.beachrose.scada-gridworks.event.gt.sh.status-1729024200140-ear.electricity.works.json
2026-08-25 16:17:57,552 | WARNING | Unknown message type "gridworks.event.gt.sh.status" in hw1__1/eventstore/20241015/hw1.isone.ng.beachrose.scada-gridworks.event.gt.sh.status-1729024200140-ear.electricity.works.json
2026-08-25 16:17:57,552 | WARNING | Unknown message type "gridworks.event.gt.sh.status" in hw1__1/eventstore/20241015/hw1.isone.ng.beachrose.scada-gridworks.event.gt.sh.status-1729024500119-ear.electricity.works.json
2026-08-25 16:17:57,552 | WARNING | Unknown message type "gridworks.event.gt.sh.status" in hw1__1/eventstore/20241015/hw1.isone.ng.beachrose.scada-gridworks.event.gt.sh.status-1729024500119-ear.electricity.works.json
2026-08-25 16:17:57,552 | WARNING | Unknown message type "gridworks.event.gt.sh.status" in hw1__1/eventstore/20241015/hw1.isone.ng.beachrose.scada-gridworks.event.gt.sh.status-1729024800146-ear.electricity.works.json
2026-08-25 16:17:57,552 | WARNING | Unknown message type "gridworks.event.gt.sh.status" in hw1__1/eventstore/20241015/hw1.isone.ng.beachrose.scada-gridworks.event.gt.sh.status-1729024800146-ear.electricity.works.json
2026-08-25 16:17:57,552 | WARNING | Unknown message type "gridworks.event.gt.sh.status" in hw1__1/eventstore/20241015/hw1.isone.ng.beachrose.scada-gridworks.event.gt.sh.status-1729025100126-ear.electricity.works.json
2026-08-25 16:17:57,552 | WARNING | Unknown message type "gridworks.event.gt.sh.status" in hw1__1/eventstore/20241015/hw1.isone.ng.beachrose.scada-gridworks.event.gt.sh.status-1729025100126-ear.electricity.works.json
2026-08-25 16:17:57,552 | WARNING | Unknown message type "gridworks.event.gt.sh.status" in hw1__1/eventstore/20241015/hw1.isone.ng.beachrose.scada-gridworks.event.gt.sh.status-1729025400139-ear.electricity.works.json
2026-08-25 16:17:57,552 | WARNING | Unknown message type "gridworks.event.gt.sh.status" in hw1__1/eventstore/20241015/hw1.isone.ng.beachrose.scada-gridworks.event.gt.sh.status-1729025400139-ear.electricity.works.json
2026-08-25 16:17:57,552 | WARNING | Unknown message type "gridworks.event.gt.sh.status" in hw1__1/eventstore/20241015/hw1.isone.ng.beachrose.scada-gridworks.event.gt.sh.status-1729025700115-ear.electricity.works.json
2026-08-25 16:17:57,552 | WARNING | Unknown message type "gridworks.event.gt.sh.status" in hw1__1/eventstore/20241015/hw1.isone.ng.beachrose.scada-gridworks.event.gt.sh.status-1729025700115-ear.electricity.works.json
2026-08-25 16:17:57,552 | WARNING | Unknown message type "gridworks.event.gt.sh.status" in hw1__1/eventstore/20241015/hw1.isone.ng.beachrose.scada-gridworks.event.gt.sh.status-1729026000148-ear.electricity.works.json
2026-08-25 16:17:57,552 | WARNING | Unknown message type "gridworks.event.gt.sh.status" in hw1__1/eventstore/20241015/hw1.isone.ng.beachrose.scada-gridworks.event.gt.sh.status-1729026000148-ear.electricity.works.json
2026-08-25 16:17:57,552 | WARNING | Unknown message type "gridworks.event.gt.sh.status" in hw1__1/eventstore/20241015/hw1.isone.ng.beachrose.scada-gridworks.event.gt.sh.status-1729026300016-ear.electricity.works.json
2026-08-25 16:17:57,552 | WARNING | Unknown message type "gridworks.event.gt.sh.status" in hw1__1/eventstore/20241015/hw1.isone.ng.beachrose.scada-gridworks.event.gt.sh.status-1729026300016-ear.electricity.works.json
2026-08-25 16:17:57,552 | WARNING | Unknown message type "gridworks.event.gt.sh.status" in hw1__1/eventstore/20241015/hw1.isone.ng.beachrose.scada-gridworks.event.gt.sh.status-1729026600016-ear.electricity.works.json
2026-08-25 16:17:57,552 | WARNING | Unknown message type "gridworks.event.gt.sh.status" in hw1__1/eventstore/20241015/hw1.isone.ng.beachrose.scada-gridworks.event.gt.sh.status-1729026600016-ear.electricity.works.json
2026-08-25 16:17:57,552 | WARNING | Unknown message type "gridworks.event.gt.sh.status" in hw1__1/eventstore/20241015/hw1.isone.ng.beachrose.scada-gridworks.event.gt.sh.status-1729026900128-ear.electricity.works.json
2026-08-25 16:17:57,552 | WARNING | Unknown message type "gridworks.event.gt.sh.status" in hw1__1/eventstore/20241015/hw1.isone.ng.beachrose.scada-gridworks.event.gt.sh.status-1729026900128-ear.electricity.works.json
2026-08-25 16:17:57,552 | WARNING | Unknown message type "gridworks.event.gt.sh.status" in hw1__1/eventstore/20241015/hw1.isone.ng.beachrose.scada-gridworks.event.gt.sh.status-1729027200013-ear.electricity.works.json
2026-08-25 16:17:57,552 | WARNING | Unknown message type "gridworks.event.gt.sh.status" in hw1__1/eventstore/20241015/hw1.isone.ng.beachrose.scada-gridworks.event.gt.sh.status-1729027200013-ear.electricity.works.json
2026-08-25 16:17:57,552 | WARNING | Unknown message type "gridworks.event.gt.sh.status" in hw1__1/eventstore/20241015/hw1.isone.ng.beachrose.scada-gridworks.event.gt.sh.status-1729027500015-ear.electricity.works.json
2026-08-25 16:17:57,552 | WARNING | Unknown message type "gridworks.event.gt.sh.status" in hw1__1/eventstore/20241015/hw1.isone.ng.beachrose.scada-gridworks.event.gt.sh.status-1729027500015-ear.electricity.works.json
2026-08-25 16:17:57,553 | WARNING | Unknown message type "gridworks.event.gt.sh.status" in hw1__1/eventstore/20241015/hw1.isone.ng.beachrose.scada-gridworks.event.gt.sh.status-1729027800209-ear.electricity.works.json
2026-08-25 16:17:57,553 | WARNING | Unknown message type "gridworks.event.gt.sh.status" in hw1__1/eventstore/20241015/hw1.isone.ng.beachrose.scada-gridworks.event.gt.sh.status-1729027800209-ear.electricity.works.json
2026-08-25 16:17:57,553 | WARNING | Unknown message type "gridworks.event.gt.sh.status" in hw1__1/eventstore/20241015/hw1.isone.ng.beachrose.scada-gridworks.event.gt.sh.status-1729028100121-ear.electricity.works.json
2026-08-25 16:17:57,553 | WARNING | Unknown message type "gridworks.event.gt.sh.status" in hw1__1/eventstore/20241015/hw1.isone.ng.beachrose.scada-gridworks.event.gt.sh.status-1729028100121-ear.electricity.works.json
2026-08-25 16:17:57,553 | WARNING | Unknown message type "gridworks.event.gt.sh.status" in hw1__1/eventstore/20241015/hw1.isone.ng.beachrose.scada-gridworks.event.gt.sh.status-1729028400168-ear.electricity.works.json
2026-08-25 16:17:57,553 | WARNING | Unknown message type "gridworks.event.gt.sh.status" in hw1__1/eventstore/20241015/hw1.isone.ng.beachrose.scada-gridworks.event.gt.sh.status-1729028400168-ear.electricity.works.json
2026-08-25 16:17:57,553 | WARNING | Unknown message type "gridworks.event.gt.sh.status" in hw1__1/eventstore/20241015/hw1.isone.ng.beachrose.scada-gridworks.event.gt.sh.status-1729028700121-ear.electricity.works.json
2026-08-25 16:17:57,553 | WARNING | Unknown message type "gridworks.event.gt.sh.status" in hw1__1/eventstore/20241015/hw1.isone.ng.beachrose.scada-gridworks.event.gt.sh.status-1729028700121-ear.electricity.works.json
2026-08-25 16:17:57,553 | WARNING | Unknown message type "gridworks.event.gt.sh.status" in hw1__1/eventstore/20241015/hw1.isone.ng.beachrose.scada-gridworks.event.gt.sh.status-1729029000148-ear.electricity.works.json
2026-08-25 16:17:57,553 | WARNING | Unknown message type "gridworks.event.gt.sh.status" in hw1__1/eventstore/20241015/hw1.isone.ng.beachrose.scada-gridworks.event.gt.sh.status-1729029000148-ear.electricity.works.json
2026-08-25 16:17:57,553 | WARNING | Unknown message type "gridworks.event.gt.sh.status" in hw1__1/eventstore/20241015/hw1.isone.ng.beachrose.scada-gridworks.event.gt.sh.status-1729029300107-ear.electricity.works.json
2026-08-25 16:17:57,553 | WARNING | Unknown message type "gridworks.event.gt.sh.status" in hw1__1/eventstore/20241015/hw1.isone.ng.beachrose.scada-gridworks.event.gt.sh.status-1729029300107-ear.electricity.works.json
2026-08-25 16:17:57,553 | WARNING | Unknown message type "gridworks.event.gt.sh.status" in hw1__1/eventstore/20241015/hw1.isone.ng.beachrose.scada-gridworks.event.gt.sh.status-1729029600125-ear.electricity.works.json
2026-08-25 16:17:57,553 | WARNING | Unknown message type "gridworks.event.gt.sh.status" in hw1__1/eventstore/20241015/hw1.isone.ng.beachrose.scada-gridworks.event.gt.sh.status-1729029600125-ear.electricity.works.json
2026-08-25 16:17:57,553 | WARNING | Unknown message type "gridworks.event.gt.sh.status" in hw1__1/eventstore/20241015/hw1.isone.ng.beachrose.scada-gridworks.event.gt.sh.status-1729029900123-ear.electricity.works.json
2026-08-25 16:17:57,553 | WARNING | Unknown message type "gridworks.event.gt.sh.status" in hw1__1/eventstore/20241015/hw1.isone.ng.beachrose.scada-gridworks.event.gt.sh.status-1729029900123-ear.electricity.works.json
2026-08-25 16:17:57,553 | WARNING | Unknown message type "gridworks.event.gt.sh.status" in hw1__1/eventstore/20241015/hw1.isone.ng.beachrose.scada-gridworks.event.gt.sh.status-1729030200126-ear.electricity.works.json
2026-08-25 16:17:57,553 | WARNING | Unknown message type "gridworks.event.gt.sh.status" in hw1__1/eventstore/20241015/hw1.isone.ng.beachrose.scada-gridworks.event.gt.sh.status-1729030200126-ear.electricity.works.json
2026-08-25 16:17:57,553 | WARNING | Unknown message type "gridworks.event.gt.sh.status" in hw1__1/eventstore/20241015/hw1.isone.ng.beachrose.scada-gridworks.event.gt.sh.status-1729030500111-ear.electricity.works.json
2026-08-25 16:17:57,553 | WARNING | Unknown message type "gridworks.event.gt.sh.status" in hw1__1/eventstore/20241015/hw1.isone.ng.beachrose.scada-gridworks.event.gt.sh.status-1729030500111-ear.electricity.works.json
2026-08-25 16:17:57,553 | WARNING | Unknown message type "gridworks.event.gt.sh.status" in hw1__1/eventstore/20241015/hw1.isone.ng.beachrose.scada-gridworks.event.gt.sh.status-1729030800141-ear.electricity.works.json
2026-08-25 16:17:57,553 | WARNING | Unknown message type "gridworks.event.gt.sh.status" in hw1__1/eventstore/20241015/hw1.isone.ng.beachrose.scada-gridworks.event.gt.sh.status-1729030800141-ear.electricity.works.json
2026-08-25 16:17:57,553 | WARNING | Unknown message type "gridworks.event.gt.sh.status" in hw1__1/eventstore/20241015/hw1.isone.ng.beachrose.scada-gridworks.event.gt.sh.status-1729031100115-ear.electricity.works.json
2026-08-25 16:17:57,553 | WARNING | Unknown message type "gridworks.event.gt.sh.status" in hw1__1/eventstore/20241015/hw1.isone.ng.beachrose.scada-gridworks.event.gt.sh.status-1729031100115-ear.electricity.works.json
2026-08-25 16:17:57,553 | WARNING | Unknown message type "gridworks.event.gt.sh.status" in hw1__1/eventstore/20241015/hw1.isone.ng.beachrose.scada-gridworks.event.gt.sh.status-1729031400137-ear.electricity.works.json
2026-08-25 16:17:57,553 | WARNING | Unknown message type "gridworks.event.gt.sh.status" in hw1__1/eventstore/20241015/hw1.isone.ng.beachrose.scada-gridworks.event.gt.sh.status-1729031400137-ear.electricity.works.json
2026-08-25 16:17:57,553 | WARNING | Unknown message type "gridworks.event.gt.sh.status" in hw1__1/eventstore/20241015/hw1.isone.ng.beachrose.scada-gridworks.event.gt.sh.status-1729031700111-ear.electricity.works.json
2026-08-25 16:17:57,553 | WARNING | Unknown message type "gridworks.event.gt.sh.status" in hw1__1/eventstore/20241015/hw1.isone.ng.beachrose.scada-gridworks.event.gt.sh.status-1729031700111-ear.electricity.works.json
2026-08-25 16:17:57,553 | WARNING | Unknown message type "gridworks.event.gt.sh.status" in hw1__1/eventstore/20241015/hw1.isone.ng.beachrose.scada-gridworks.event.gt.sh.status-1729032000132-ear.electricity.works.json
2026-08-25 16:17:57,553 | WARNING | Unknown message type "gridworks.event.gt.sh.status" in hw1__1/eventstore/20241015/hw1.isone.ng.beachrose.scada-gridworks.event.gt.sh.status-1729032000132-ear.electricity.works.json
2026-08-25 16:17:57,553 | WARNING | Unknown message type "gridworks.event.gt.sh.status" in hw1__1/eventstore/20241015/hw1.isone.ng.beachrose.scada-gridworks.event.gt.sh.status-1729032300155-ear.electricity.works.json
2026-08-25 16:17:57,553 | WARNING | Unknown message type "gridworks.event.gt.sh.status" in hw1__1/eventstore/20241015/hw1.isone.ng.beachrose.scada-gridworks.event.gt.sh.status-1729032300155-ear.electricity.works.json
2026-08-25 16:17:57,553 | WARNING | Unknown message type "gridworks.event.gt.sh.status" in hw1__1/eventstore/20241015/hw1.isone.ng.beachrose.scada-gridworks.event.gt.sh.status-1729032600153-ear.electricity.works.json
2026-08-25 16:17:57,553 | WARNING | Unknown message type "gridworks.event.gt.sh.status" in hw1__1/eventstore/20241015/hw1.isone.ng.beachrose.scada-gridworks.event.gt.sh.status-1729032600153-ear.electricity.works.json
2026-08-25 16:17:57,553 | WARNING | Unknown message type "gridworks.event.gt.sh.status" in hw1__1/eventstore/20241015/hw1.isone.ng.beachrose.scada-gridworks.event.gt.sh.status-1729032900134-ear.electricity.works.json
2026-08-25 16:17:57,553 | WARNING | Unknown message type "gridworks.event.gt.sh.status" in hw1__1/eventstore/20241015/hw1.isone.ng.beachrose.scada-gridworks.event.gt.sh.status-1729032900134-ear.electricity.works.json
2026-08-25 16:17:57,553 | WARNING | Unknown message type "gridworks.event.gt.sh.status" in hw1__1/eventstore/20241015/hw1.isone.ng.beachrose.scada-gridworks.event.gt.sh.status-1729033200142-ear.electricity.works.json
2026-08-25 16:17:57,553 | WARNING | Unknown message type "gridworks.event.gt.sh.status" in hw1__1/eventstore/20241015/hw1.isone.ng.beachrose.scada-gridworks.event.gt.sh.status-1729033200142-ear.electricity.works.json
2026-08-25 16:17:57,553 | WARNING | Unknown message type "gridworks.event.gt.sh.status" in hw1__1/eventstore/20241015/hw1.isone.ng.beachrose.scada-gridworks.event.gt.sh.status-1729033500133-ear.electricity.works.json
2026-08-25 16:17:57,553 | WARNING | Unknown message type "gridworks.event.gt.sh.status" in hw1__1/eventstore/20241015/hw1.isone.ng.beachrose.scada-gridworks.event.gt.sh.status-1729033500133-ear.electricity.works.json
2026-08-25 16:17:57,553 | WARNING | Unknown message type "gridworks.event.gt.sh.status" in hw1__1/eventstore/20241015/hw1.isone.ng.beachrose.scada-gridworks.event.gt.sh.status-1729033800136-ear.electricity.works.json
2026-08-25 16:17:57,553 | WARNING | Unknown message type "gridworks.event.gt.sh.status" in hw1__1/eventstore/20241015/hw1.isone.ng.beachrose.scada-gridworks.event.gt.sh.status-1729033800136-ear.electricity.works.json
2026-08-25 16:17:57,553 | WARNING | Unknown message type "gridworks.event.gt.sh.status" in hw1__1/eventstore/20241015/hw1.isone.ng.beachrose.scada-gridworks.event.gt.sh.status-1729034100216-ear.electricity.works.json
2026-08-25 16:17:57,553 | WARNING | Unknown message type "gridworks.event.gt.sh.status" in hw1__1/eventstore/20241015/hw1.isone.ng.beachrose.scada-gridworks.event.gt.sh.status-1729034100216-ear.electricity.works.json
2026-08-25 16:17:57,553 | WARNING | Unknown message type "gridworks.event.gt.sh.status" in hw1__1/eventstore/20241015/hw1.isone.ng.beachrose.scada-gridworks.event.gt.sh.status-1729034400208-ear.electricity.works.json
2026-08-25 16:17:57,553 | WARNING | Unknown message type "gridworks.event.gt.sh.status" in hw1__1/eventstore/20241015/hw1.isone.ng.beachrose.scada-gridworks.event.gt.sh.status-1729034400208-ear.electricity.works.json
2026-08-25 16:17:57,553 | WARNING | Unknown message type "gridworks.event.gt.sh.status" in hw1__1/eventstore/20241015/hw1.isone.ng.beachrose.scada-gridworks.event.gt.sh.status-1729034700114-ear.electricity.works.json
2026-08-25 16:17:57,553 | WARNING | Unknown message type "gridworks.event.gt.sh.status" in hw1__1/eventstore/20241015/hw1.isone.ng.beachrose.scada-gridworks.event.gt.sh.status-1729034700114-ear.electricity.works.json
2026-08-25 16:17:57,553 | WARNING | Unknown message type "gridworks.event.gt.sh.status" in hw1__1/eventstore/20241015/hw1.isone.ng.beachrose.scada-gridworks.event.gt.sh.status-1729035000210-ear.electricity.works.json
2026-08-25 16:17:57,553 | WARNING | Unknown message type "gridworks.event.gt.sh.status" in hw1__1/eventstore/20241015/hw1.isone.ng.beachrose.scada-gridworks.event.gt.sh.status-1729035000210-ear.electricity.works.json
2026-08-25 16:17:57,553 | WARNING | Unknown message type "gridworks.event.gt.sh.status" in hw1__1/eventstore/20241015/hw1.isone.ng.beachrose.scada-gridworks.event.gt.sh.status-1729035300141-ear.electricity.works.json
2026-08-25 16:17:57,553 | WARNING | Unknown message type "gridworks.event.gt.sh.status" in hw1__1/eventstore/20241015/hw1.isone.ng.beachrose.scada-gridworks.event.gt.sh.status-1729035300141-ear.electricity.works.json
2026-08-25 16:17:57,553 | WARNING | Unknown message type "gridworks.event.gt.sh.status" in hw1__1/eventstore/20241015/hw1.isone.ng.beachrose.scada-gridworks.event.gt.sh.status-1729035600133-ear.electricity.works.json
2026-08-25 16:17:57,553 | WARNING | Unknown message type "gridworks.event.gt.sh.status" in hw1__1/eventstore/20241015/hw1.isone.ng.beachrose.scada-gridworks.event.gt.sh.status-1729035600133-ear.electricity.works.json
2026-08-25 16:17:57,553 | WARNING | Unknown message type "gridworks.event.gt.sh.status" in hw1__1/eventstore/20241015/hw1.isone.ng.beachrose.scada-gridworks.event.gt.sh.status-1729035900170-ear.electricity.works.json
2026-08-25 16:17:57,553 | WARNING | Unknown message type "gridworks.event.gt.sh.status" in hw1__1/eventstore/20241015/hw1.isone.ng.beachrose.scada-gridworks.event.gt.sh.status-1729035900170-ear.electricity.works.json
2026-08-25 16:17:57,553 | WARNING | Unknown message type "gridworks.event.gt.sh.status" in hw1__1/eventstore/20241015/hw1.isone.ng.beachrose.scada-gridworks.event.gt.sh.status-1729036200202-ear.electricity.works.json
2026-08-25 16:17:57,553 | WARNING | Unknown message type "gridworks.event.gt.sh.status" in hw1__1/eventstore/20241015/hw1.isone.ng.beachrose.scada-gridworks.event.gt.sh.status-1729036200202-ear.electricity.works.json
2026-08-25 16:17:57,553 | WARNING | Unknown message type "gridworks.event.gt.sh.status" in hw1__1/eventstore/20241015/hw1.isone.ng.beachrose.scada-gridworks.event.gt.sh.status-1729036500151-ear.electricity.works.json
2026-08-25 16:17:57,553 | WARNING | Unknown message type "gridworks.event.gt.sh.status" in hw1__1/eventstore/20241015/hw1.isone.ng.beachrose.scada-gridworks.event.gt.sh.status-1729036500151-ear.electricity.works.json
2026-08-25 16:17:57,553 | WARNING | Unknown message type "gridworks.event.gt.sh.status" in hw1__1/eventstore/20241015/hw1.isone.ng.beachrose.scada-gridworks.event.gt.sh.status-1729036800166-ear.electricity.works.json
2026-08-25 16:17:57,553 | WARNING | Unknown message type "gridworks.event.gt.sh.status" in hw1__1/eventstore/20241015/hw1.isone.ng.beachrose.scada-gridworks.event.gt.sh.status-1729036800166-ear.electricity.works.json
2026-08-25 16:17:57,553 | WARNING | Unknown message type "gridworks.event.snapshot.spaceheat" in hw1__1/eventstore/20241015/hw1.isone.ng.beachrose.scada-gridworks.event.snapshot.spaceheat-1728972899961-ear.electricity.works.json
2026-08-25 16:17:57,553 | WARNING | Unknown message type "gridworks.event.snapshot.spaceheat" in hw1__1/eventstore/20241015/hw1.isone.ng.beachrose.scada-gridworks.event.snapshot.spaceheat-1728972899961-ear.electricity.works.json
2026-08-25 16:17:57,553 | WARNING | Unknown message type "gridworks.event.snapshot.spaceheat" in hw1__1/eventstore/20241015/hw1.isone.ng.beachrose.scada-gridworks.event.snapshot.spaceheat-1728973200008-ear.electricity.works.json
2026-08-25 16:17:57,553 | WARNING | Unknown message type "gridworks.event.snapshot.spaceheat" in hw1__1/eventstore/20241015/hw1.isone.ng.beachrose.scada-gridworks.event.snapshot.spaceheat-1728973200008-ear.electricity.works.json
2026-08-25 16:17:57,553 | WARNING | Unknown message type "gridworks.event.snapshot.spaceheat" in hw1__1/eventstore/20241015/hw1.isone.ng.beachrose.scada-gridworks.event.snapshot.spaceheat-1728973499946-ear.electricity.works.json
2026-08-25 16:17:57,553 | WARNING | Unknown message type "gridworks.event.snapshot.spaceheat" in hw1__1/eventstore/20241015/hw1.isone.ng.beachrose.scada-gridworks.event.snapshot.spaceheat-1728973499946-ear.electricity.works.json
2026-08-25 16:17:57,553 | WARNING | Unknown message type "gridworks.event.snapshot.spaceheat" in hw1__1/eventstore/20241015/hw1.isone.ng.beachrose.scada-gridworks.event.snapshot.spaceheat-1728973800070-ear.electricity.works.json
2026-08-25 16:17:57,553 | WARNING | Unknown message type "gridworks.event.snapshot.spaceheat" in hw1__1/eventstore/20241015/hw1.isone.ng.beachrose.scada-gridworks.event.snapshot.spaceheat-1728973800070-ear.electricity.works.json
2026-08-25 16:17:57,553 | WARNING | Unknown message type "gridworks.event.snapshot.spaceheat" in hw1__1/eventstore/20241015/hw1.isone.ng.beachrose.scada-gridworks.event.snapshot.spaceheat-1728974100006-ear.electricity.works.json
2026-08-25 16:17:57,553 | WARNING | Unknown message type "gridworks.event.snapshot.spaceheat" in hw1__1/eventstore/20241015/hw1.isone.ng.beachrose.scada-gridworks.event.snapshot.spaceheat-1728974100006-ear.electricity.works.json
2026-08-25 16:17:57,553 | WARNING | Unknown message type "gridworks.event.snapshot.spaceheat" in hw1__1/eventstore/20241015/hw1.isone.ng.beachrose.scada-gridworks.event.snapshot.spaceheat-1728974400133-ear.electricity.works.json
2026-08-25 16:17:57,553 | WARNING | Unknown message type "gridworks.event.snapshot.spaceheat" in hw1__1/eventstore/20241015/hw1.isone.ng.beachrose.scada-gridworks.event.snapshot.spaceheat-1728974400133-ear.electricity.works.json
2026-08-25 16:17:57,553 | WARNING | Unknown message type "gridworks.event.snapshot.spaceheat" in hw1__1/eventstore/20241015/hw1.isone.ng.beachrose.scada-gridworks.event.snapshot.spaceheat-1728974700316-ear.electricity.works.json
2026-08-25 16:17:57,553 | WARNING | Unknown message type "gridworks.event.snapshot.spaceheat" in hw1__1/eventstore/20241015/hw1.isone.ng.beachrose.scada-gridworks.event.snapshot.spaceheat-1728974700316-ear.electricity.works.json
2026-08-25 16:17:57,553 | WARNING | Unknown message type "gridworks.event.snapshot.spaceheat" in hw1__1/eventstore/20241015/hw1.isone.ng.beachrose.scada-gridworks.event.snapshot.spaceheat-1728975000542-ear.electricity.works.json
2026-08-25 16:17:57,553 | WARNING | Unknown message type "gridworks.event.snapshot.spaceheat" in hw1__1/eventstore/20241015/hw1.isone.ng.beachrose.scada-gridworks.event.snapshot.spaceheat-1728975000542-ear.electricity.works.json
2026-08-25 16:17:57,553 | WARNING | Unknown message type "gridworks.event.snapshot.spaceheat" in hw1__1/eventstore/20241015/hw1.isone.ng.beachrose.scada-gridworks.event.snapshot.spaceheat-1728975300513-ear.electricity.works.json
2026-08-25 16:17:57,553 | WARNING | Unknown message type "gridworks.event.snapshot.spaceheat" in hw1__1/eventstore/20241015/hw1.isone.ng.beachrose.scada-gridworks.event.snapshot.spaceheat-1728975300513-ear.electricity.works.json
2026-08-25 16:17:57,553 | WARNING | Unknown message type "gridworks.event.snapshot.spaceheat" in hw1__1/eventstore/20241015/hw1.isone.ng.beachrose.scada-gridworks.event.snapshot.spaceheat-1728975600443-ear.electricity.works.json
2026-08-25 16:17:57,553 | WARNING | Unknown message type "gridworks.event.snapshot.spaceheat" in hw1__1/eventstore/20241015/hw1.isone.ng.beachrose.scada-gridworks.event.snapshot.spaceheat-1728975600443-ear.electricity.works.json
2026-08-25 16:17:57,553 | WARNING | Unknown message type "gridworks.event.snapshot.spaceheat" in hw1__1/eventstore/20241015/hw1.isone.ng.beachrose.scada-gridworks.event.snapshot.spaceheat-1728975900436-ear.electricity.works.json
2026-08-25 16:17:57,553 | WARNING | Unknown message type "gridworks.event.snapshot.spaceheat" in hw1__1/eventstore/20241015/hw1.isone.ng.beachrose.scada-gridworks.event.snapshot.spaceheat-1728975900436-ear.electricity.works.json
2026-08-25 16:17:57,553 | WARNING | Unknown message type "gridworks.event.snapshot.spaceheat" in hw1__1/eventstore/20241015/hw1.isone.ng.beachrose.scada-gridworks.event.snapshot.spaceheat-1728976200441-ear.electricity.works.json
2026-08-25 16:17:57,553 | WARNING | Unknown message type "gridworks.event.snapshot.spaceheat" in hw1__1/eventstore/20241015/hw1.isone.ng.beachrose.scada-gridworks.event.snapshot.spaceheat-1728976200441-ear.electricity.works.json
2026-08-25 16:17:57,553 | WARNING | Unknown message type "gridworks.event.snapshot.spaceheat" in hw1__1/eventstore/20241015/hw1.isone.ng.beachrose.scada-gridworks.event.snapshot.spaceheat-1728976500581-ear.electricity.works.json
2026-08-25 16:17:57,553 | WARNING | Unknown message type "gridworks.event.snapshot.spaceheat" in hw1__1/eventstore/20241015/hw1.isone.ng.beachrose.scada-gridworks.event.snapshot.spaceheat-1728976500581-ear.electricity.works.json
2026-08-25 16:17:57,553 | WARNING | Unknown message type "gridworks.event.snapshot.spaceheat" in hw1__1/eventstore/20241015/hw1.isone.ng.beachrose.scada-gridworks.event.snapshot.spaceheat-1728976800553-ear.electricity.works.json
2026-08-25 16:17:57,553 | WARNING | Unknown message type "gridworks.event.snapshot.spaceheat" in hw1__1/eventstore/20241015/hw1.isone.ng.beachrose.scada-gridworks.event.snapshot.spaceheat-1728976800553-ear.electricity.works.json
2026-08-25 16:17:57,553 | WARNING | Unknown message type "gridworks.event.snapshot.spaceheat" in hw1__1/eventstore/20241015/hw1.isone.ng.beachrose.scada-gridworks.event.snapshot.spaceheat-1728977100531-ear.electricity.works.json
2026-08-25 16:17:57,553 | WARNING | Unknown message type "gridworks.event.snapshot.spaceheat" in hw1__1/eventstore/20241015/hw1.isone.ng.beachrose.scada-gridworks.event.snapshot.spaceheat-1728977100531-ear.electricity.works.json
2026-08-25 16:17:57,553 | WARNING | Unknown message type "gridworks.event.snapshot.spaceheat" in hw1__1/eventstore/20241015/hw1.isone.ng.beachrose.scada-gridworks.event.snapshot.spaceheat-1728977400389-ear.electricity.works.json
2026-08-25 16:17:57,553 | WARNING | Unknown message type "gridworks.event.snapshot.spaceheat" in hw1__1/eventstore/20241015/hw1.isone.ng.beachrose.scada-gridworks.event.snapshot.spaceheat-1728977400389-ear.electricity.works.json
2026-08-25 16:17:57,553 | WARNING | Unknown message type "gridworks.event.snapshot.spaceheat" in hw1__1/eventstore/20241015/hw1.isone.ng.beachrose.scada-gridworks.event.snapshot.spaceheat-1728977700277-ear.electricity.works.json
2026-08-25 16:17:57,553 | WARNING | Unknown message type "gridworks.event.snapshot.spaceheat" in hw1__1/eventstore/20241015/hw1.isone.ng.beachrose.scada-gridworks.event.snapshot.spaceheat-1728977700277-ear.electricity.works.json
2026-08-25 16:17:57,553 | WARNING | Unknown message type "gridworks.event.snapshot.spaceheat" in hw1__1/eventstore/20241015/hw1.isone.ng.beachrose.scada-gridworks.event.snapshot.spaceheat-1728978000297-ear.electricity.works.json
2026-08-25 16:17:57,553 | WARNING | Unknown message type "gridworks.event.snapshot.spaceheat" in hw1__1/eventstore/20241015/hw1.isone.ng.beachrose.scada-gridworks.event.snapshot.spaceheat-1728978000297-ear.electricity.works.json
2026-08-25 16:17:57,553 | WARNING | Unknown message type "gridworks.event.snapshot.spaceheat" in hw1__1/eventstore/20241015/hw1.isone.ng.beachrose.scada-gridworks.event.snapshot.spaceheat-1728978300214-ear.electricity.works.json
2026-08-25 16:17:57,553 | WARNING | Unknown message type "gridworks.event.snapshot.spaceheat" in hw1__1/eventstore/20241015/hw1.isone.ng.beachrose.scada-gridworks.event.snapshot.spaceheat-1728978300214-ear.electricity.works.json
2026-08-25 16:17:57,553 | WARNING | Unknown message type "gridworks.event.snapshot.spaceheat" in hw1__1/eventstore/20241015/hw1.isone.ng.beachrose.scada-gridworks.event.snapshot.spaceheat-1728978600269-ear.electricity.works.json
2026-08-25 16:17:57,553 | WARNING | Unknown message type "gridworks.event.snapshot.spaceheat" in hw1__1/eventstore/20241015/hw1.isone.ng.beachrose.scada-gridworks.event.snapshot.spaceheat-1728978600269-ear.electricity.works.json
2026-08-25 16:17:57,553 | WARNING | Unknown message type "gridworks.event.snapshot.spaceheat" in hw1__1/eventstore/20241015/hw1.isone.ng.beachrose.scada-gridworks.event.snapshot.spaceheat-1728978900202-ear.electricity.works.json
2026-08-25 16:17:57,553 | WARNING | Unknown message type "gridworks.event.snapshot.spaceheat" in hw1__1/eventstore/20241015/hw1.isone.ng.beachrose.scada-gridworks.event.snapshot.spaceheat-1728978900202-ear.electricity.works.json
2026-08-25 16:17:57,553 | WARNING | Unknown message type "gridworks.event.snapshot.spaceheat" in hw1__1/eventstore/20241015/hw1.isone.ng.beachrose.scada-gridworks.event.snapshot.spaceheat-1728979200203-ear.electricity.works.json
2026-08-25 16:17:57,553 | WARNING | Unknown message type "gridworks.event.snapshot.spaceheat" in hw1__1/eventstore/20241015/hw1.isone.ng.beachrose.scada-gridworks.event.snapshot.spaceheat-1728979200203-ear.electricity.works.json
2026-08-25 16:17:57,553 | WARNING | Unknown message type "gridworks.event.snapshot.spaceheat" in hw1__1/eventstore/20241015/hw1.isone.ng.beachrose.scada-gridworks.event.snapshot.spaceheat-1728979500268-ear.electricity.works.json
2026-08-25 16:17:57,553 | WARNING | Unknown message type "gridworks.event.snapshot.spaceheat" in hw1__1/eventstore/20241015/hw1.isone.ng.beachrose.scada-gridworks.event.snapshot.spaceheat-1728979500268-ear.electricity.works.json
2026-08-25 16:17:57,553 | WARNING | Unknown message type "gridworks.event.snapshot.spaceheat" in hw1__1/eventstore/20241015/hw1.isone.ng.beachrose.scada-gridworks.event.snapshot.spaceheat-1728979800137-ear.electricity.works.json
2026-08-25 16:17:57,553 | WARNING | Unknown message type "gridworks.event.snapshot.spaceheat" in hw1__1/eventstore/20241015/hw1.isone.ng.beachrose.scada-gridworks.event.snapshot.spaceheat-1728979800137-ear.electricity.works.json
2026-08-25 16:17:57,553 | WARNING | Unknown message type "gridworks.event.snapshot.spaceheat" in hw1__1/eventstore/20241015/hw1.isone.ng.beachrose.scada-gridworks.event.snapshot.spaceheat-1728980100143-ear.electricity.works.json
2026-08-25 16:17:57,553 | WARNING | Unknown message type "gridworks.event.snapshot.spaceheat" in hw1__1/eventstore/20241015/hw1.isone.ng.beachrose.scada-gridworks.event.snapshot.spaceheat-1728980100143-ear.electricity.works.json
2026-08-25 16:17:57,553 | WARNING | Unknown message type "gridworks.event.snapshot.spaceheat" in hw1__1/eventstore/20241015/hw1.isone.ng.beachrose.scada-gridworks.event.snapshot.spaceheat-1728980400139-ear.electricity.works.json
2026-08-25 16:17:57,553 | WARNING | Unknown message type "gridworks.event.snapshot.spaceheat" in hw1__1/eventstore/20241015/hw1.isone.ng.beachrose.scada-gridworks.event.snapshot.spaceheat-1728980400139-ear.electricity.works.json
2026-08-25 16:17:57,553 | WARNING | Unknown message type "gridworks.event.snapshot.spaceheat" in hw1__1/eventstore/20241015/hw1.isone.ng.beachrose.scada-gridworks.event.snapshot.spaceheat-1728980700260-ear.electricity.works.json
2026-08-25 16:17:57,553 | WARNING | Unknown message type "gridworks.event.snapshot.spaceheat" in hw1__1/eventstore/20241015/hw1.isone.ng.beachrose.scada-gridworks.event.snapshot.spaceheat-1728980700260-ear.electricity.works.json
2026-08-25 16:17:57,553 | WARNING | Unknown message type "gridworks.event.snapshot.spaceheat" in hw1__1/eventstore/20241015/hw1.isone.ng.beachrose.scada-gridworks.event.snapshot.spaceheat-1728981000215-ear.electricity.works.json
2026-08-25 16:17:57,553 | WARNING | Unknown message type "gridworks.event.snapshot.spaceheat" in hw1__1/eventstore/20241015/hw1.isone.ng.beachrose.scada-gridworks.event.snapshot.spaceheat-1728981000215-ear.electricity.works.json
2026-08-25 16:17:57,553 | WARNING | Unknown message type "gridworks.event.snapshot.spaceheat" in hw1__1/eventstore/20241015/hw1.isone.ng.beachrose.scada-gridworks.event.snapshot.spaceheat-1728981300218-ear.electricity.works.json
2026-08-25 16:17:57,553 | WARNING | Unknown message type "gridworks.event.snapshot.spaceheat" in hw1__1/eventstore/20241015/hw1.isone.ng.beachrose.scada-gridworks.event.snapshot.spaceheat-1728981300218-ear.electricity.works.json
2026-08-25 16:17:57,553 | WARNING | Unknown message type "gridworks.event.snapshot.spaceheat" in hw1__1/eventstore/20241015/hw1.isone.ng.beachrose.scada-gridworks.event.snapshot.spaceheat-1728981600166-ear.electricity.works.json
2026-08-25 16:17:57,553 | WARNING | Unknown message type "gridworks.event.snapshot.spaceheat" in hw1__1/eventstore/20241015/hw1.isone.ng.beachrose.scada-gridworks.event.snapshot.spaceheat-1728981600166-ear.electricity.works.json
2026-08-25 16:17:57,553 | WARNING | Unknown message type "gridworks.event.snapshot.spaceheat" in hw1__1/eventstore/20241015/hw1.isone.ng.beachrose.scada-gridworks.event.snapshot.spaceheat-1728981900159-ear.electricity.works.json
2026-08-25 16:17:57,553 | WARNING | Unknown message type "gridworks.event.snapshot.spaceheat" in hw1__1/eventstore/20241015/hw1.isone.ng.beachrose.scada-gridworks.event.snapshot.spaceheat-1728981900159-ear.electricity.works.json
2026-08-25 16:17:57,553 | WARNING | Unknown message type "gridworks.event.snapshot.spaceheat" in hw1__1/eventstore/20241015/hw1.isone.ng.beachrose.scada-gridworks.event.snapshot.spaceheat-1728982200236-ear.electricity.works.json
2026-08-25 16:17:57,553 | WARNING | Unknown message type "gridworks.event.snapshot.spaceheat" in hw1__1/eventstore/20241015/hw1.isone.ng.beachrose.scada-gridworks.event.snapshot.spaceheat-1728982200236-ear.electricity.works.json
2026-08-25 16:17:57,553 | WARNING | Unknown message type "gridworks.event.snapshot.spaceheat" in hw1__1/eventstore/20241015/hw1.isone.ng.beachrose.scada-gridworks.event.snapshot.spaceheat-1728982500251-ear.electricity.works.json
2026-08-25 16:17:57,553 | WARNING | Unknown message type "gridworks.event.snapshot.spaceheat" in hw1__1/eventstore/20241015/hw1.isone.ng.beachrose.scada-gridworks.event.snapshot.spaceheat-1728982500251-ear.electricity.works.json
2026-08-25 16:17:57,553 | WARNING | Unknown message type "gridworks.event.snapshot.spaceheat" in hw1__1/eventstore/20241015/hw1.isone.ng.beachrose.scada-gridworks.event.snapshot.spaceheat-1728982800241-ear.electricity.works.json
2026-08-25 16:17:57,553 | WARNING | Unknown message type "gridworks.event.snapshot.spaceheat" in hw1__1/eventstore/20241015/hw1.isone.ng.beachrose.scada-gridworks.event.snapshot.spaceheat-1728982800241-ear.electricity.works.json
2026-08-25 16:17:57,554 | WARNING | Unknown message type "gridworks.event.snapshot.spaceheat" in hw1__1/eventstore/20241015/hw1.isone.ng.beachrose.scada-gridworks.event.snapshot.spaceheat-1728983100263-ear.electricity.works.json
2026-08-25 16:17:57,554 | WARNING | Unknown message type "gridworks.event.snapshot.spaceheat" in hw1__1/eventstore/20241015/hw1.isone.ng.beachrose.scada-gridworks.event.snapshot.spaceheat-1728983100263-ear.electricity.works.json
2026-08-25 16:17:57,554 | WARNING | Unknown message type "gridworks.event.snapshot.spaceheat" in hw1__1/eventstore/20241015/hw1.isone.ng.beachrose.scada-gridworks.event.snapshot.spaceheat-1728983400231-ear.electricity.works.json
2026-08-25 16:17:57,554 | WARNING | Unknown message type "gridworks.event.snapshot.spaceheat" in hw1__1/eventstore/20241015/hw1.isone.ng.beachrose.scada-gridworks.event.snapshot.spaceheat-1728983400231-ear.electricity.works.json
2026-08-25 16:17:57,554 | WARNING | Unknown message type "gridworks.event.snapshot.spaceheat" in hw1__1/eventstore/20241015/hw1.isone.ng.beachrose.scada-gridworks.event.snapshot.spaceheat-1728983700267-ear.electricity.works.json
2026-08-25 16:17:57,554 | WARNING | Unknown message type "gridworks.event.snapshot.spaceheat" in hw1__1/eventstore/20241015/hw1.isone.ng.beachrose.scada-gridworks.event.snapshot.spaceheat-1728983700267-ear.electricity.works.json
2026-08-25 16:17:57,554 | WARNING | Unknown message type "gridworks.event.snapshot.spaceheat" in hw1__1/eventstore/20241015/hw1.isone.ng.beachrose.scada-gridworks.event.snapshot.spaceheat-1728984000210-ear.electricity.works.json
2026-08-25 16:17:57,554 | WARNING | Unknown message type "gridworks.event.snapshot.spaceheat" in hw1__1/eventstore/20241015/hw1.isone.ng.beachrose.scada-gridworks.event.snapshot.spaceheat-1728984000210-ear.electricity.works.json
2026-08-25 16:17:57,554 | WARNING | Unknown message type "gridworks.event.snapshot.spaceheat" in hw1__1/eventstore/20241015/hw1.isone.ng.beachrose.scada-gridworks.event.snapshot.spaceheat-1728984300238-ear.electricity.works.json
2026-08-25 16:17:57,554 | WARNING | Unknown message type "gridworks.event.snapshot.spaceheat" in hw1__1/eventstore/20241015/hw1.isone.ng.beachrose.scada-gridworks.event.snapshot.spaceheat-1728984300238-ear.electricity.works.json
2026-08-25 16:17:57,554 | WARNING | Unknown message type "gridworks.event.snapshot.spaceheat" in hw1__1/eventstore/20241015/hw1.isone.ng.beachrose.scada-gridworks.event.snapshot.spaceheat-1728984600365-ear.electricity.works.json
2026-08-25 16:17:57,554 | WARNING | Unknown message type "gridworks.event.snapshot.spaceheat" in hw1__1/eventstore/20241015/hw1.isone.ng.beachrose.scada-gridworks.event.snapshot.spaceheat-1728984600365-ear.electricity.works.json
2026-08-25 16:17:57,554 | WARNING | Unknown message type "gridworks.event.snapshot.spaceheat" in hw1__1/eventstore/20241015/hw1.isone.ng.beachrose.scada-gridworks.event.snapshot.spaceheat-1728984900300-ear.electricity.works.json
2026-08-25 16:17:57,554 | WARNING | Unknown message type "gridworks.event.snapshot.spaceheat" in hw1__1/eventstore/20241015/hw1.isone.ng.beachrose.scada-gridworks.event.snapshot.spaceheat-1728984900300-ear.electricity.works.json
2026-08-25 16:17:57,554 | WARNING | Unknown message type "gridworks.event.snapshot.spaceheat" in hw1__1/eventstore/20241015/hw1.isone.ng.beachrose.scada-gridworks.event.snapshot.spaceheat-1728985200298-ear.electricity.works.json
2026-08-25 16:17:57,554 | WARNING | Unknown message type "gridworks.event.snapshot.spaceheat" in hw1__1/eventstore/20241015/hw1.isone.ng.beachrose.scada-gridworks.event.snapshot.spaceheat-1728985200298-ear.electricity.works.json
2026-08-25 16:17:57,554 | WARNING | Unknown message type "gridworks.event.snapshot.spaceheat" in hw1__1/eventstore/20241015/hw1.isone.ng.beachrose.scada-gridworks.event.snapshot.spaceheat-1728985500305-ear.electricity.works.json
2026-08-25 16:17:57,554 | WARNING | Unknown message type "gridworks.event.snapshot.spaceheat" in hw1__1/eventstore/20241015/hw1.isone.ng.beachrose.scada-gridworks.event.snapshot.spaceheat-1728985500305-ear.electricity.works.json
2026-08-25 16:17:57,554 | WARNING | Unknown message type "gridworks.event.snapshot.spaceheat" in hw1__1/eventstore/20241015/hw1.isone.ng.beachrose.scada-gridworks.event.snapshot.spaceheat-1728985800231-ear.electricity.works.json
2026-08-25 16:17:57,554 | WARNING | Unknown message type "gridworks.event.snapshot.spaceheat" in hw1__1/eventstore/20241015/hw1.isone.ng.beachrose.scada-gridworks.event.snapshot.spaceheat-1728985800231-ear.electricity.works.json
2026-08-25 16:17:57,554 | WARNING | Unknown message type "gridworks.event.snapshot.spaceheat" in hw1__1/eventstore/20241015/hw1.isone.ng.beachrose.scada-gridworks.event.snapshot.spaceheat-1728986100338-ear.electricity.works.json
2026-08-25 16:17:57,554 | WARNING | Unknown message type "gridworks.event.snapshot.spaceheat" in hw1__1/eventstore/20241015/hw1.isone.ng.beachrose.scada-gridworks.event.snapshot.spaceheat-1728986100338-ear.electricity.works.json
2026-08-25 16:17:57,554 | WARNING | Unknown message type "gridworks.event.snapshot.spaceheat" in hw1__1/eventstore/20241015/hw1.isone.ng.beachrose.scada-gridworks.event.snapshot.spaceheat-1728986400218-ear.electricity.works.json
2026-08-25 16:17:57,554 | WARNING | Unknown message type "gridworks.event.snapshot.spaceheat" in hw1__1/eventstore/20241015/hw1.isone.ng.beachrose.scada-gridworks.event.snapshot.spaceheat-1728986400218-ear.electricity.works.json
2026-08-25 16:17:57,554 | WARNING | Unknown message type "gridworks.event.snapshot.spaceheat" in hw1__1/eventstore/20241015/hw1.isone.ng.beachrose.scada-gridworks.event.snapshot.spaceheat-1728986700254-ear.electricity.works.json
2026-08-25 16:17:57,554 | WARNING | Unknown message type "gridworks.event.snapshot.spaceheat" in hw1__1/eventstore/20241015/hw1.isone.ng.beachrose.scada-gridworks.event.snapshot.spaceheat-1728986700254-ear.electricity.works.json
2026-08-25 16:17:57,554 | WARNING | Unknown message type "gridworks.event.snapshot.spaceheat" in hw1__1/eventstore/20241015/hw1.isone.ng.beachrose.scada-gridworks.event.snapshot.spaceheat-1728987000226-ear.electricity.works.json
2026-08-25 16:17:57,554 | WARNING | Unknown message type "gridworks.event.snapshot.spaceheat" in hw1__1/eventstore/20241015/hw1.isone.ng.beachrose.scada-gridworks.event.snapshot.spaceheat-1728987000226-ear.electricity.works.json
2026-08-25 16:17:57,554 | WARNING | Unknown message type "gridworks.event.snapshot.spaceheat" in hw1__1/eventstore/20241015/hw1.isone.ng.beachrose.scada-gridworks.event.snapshot.spaceheat-1728987300339-ear.electricity.works.json
2026-08-25 16:17:57,554 | WARNING | Unknown message type "gridworks.event.snapshot.spaceheat" in hw1__1/eventstore/20241015/hw1.isone.ng.beachrose.scada-gridworks.event.snapshot.spaceheat-1728987300339-ear.electricity.works.json
2026-08-25 16:17:57,554 | WARNING | Unknown message type "gridworks.event.snapshot.spaceheat" in hw1__1/eventstore/20241015/hw1.isone.ng.beachrose.scada-gridworks.event.snapshot.spaceheat-1728987600249-ear.electricity.works.json
2026-08-25 16:17:57,554 | WARNING | Unknown message type "gridworks.event.snapshot.spaceheat" in hw1__1/eventstore/20241015/hw1.isone.ng.beachrose.scada-gridworks.event.snapshot.spaceheat-1728987600249-ear.electricity.works.json
2026-08-25 16:17:57,554 | WARNING | Unknown message type "gridworks.event.snapshot.spaceheat" in hw1__1/eventstore/20241015/hw1.isone.ng.beachrose.scada-gridworks.event.snapshot.spaceheat-1728987900213-ear.electricity.works.json
2026-08-25 16:17:57,554 | WARNING | Unknown message type "gridworks.event.snapshot.spaceheat" in hw1__1/eventstore/20241015/hw1.isone.ng.beachrose.scada-gridworks.event.snapshot.spaceheat-1728987900213-ear.electricity.works.json
2026-08-25 16:17:57,554 | WARNING | Unknown message type "gridworks.event.snapshot.spaceheat" in hw1__1/eventstore/20241015/hw1.isone.ng.beachrose.scada-gridworks.event.snapshot.spaceheat-1728988200242-ear.electricity.works.json
2026-08-25 16:17:57,554 | WARNING | Unknown message type "gridworks.event.snapshot.spaceheat" in hw1__1/eventstore/20241015/hw1.isone.ng.beachrose.scada-gridworks.event.snapshot.spaceheat-1728988200242-ear.electricity.works.json
2026-08-25 16:17:57,554 | WARNING | Unknown message type "gridworks.event.snapshot.spaceheat" in hw1__1/eventstore/20241015/hw1.isone.ng.beachrose.scada-gridworks.event.snapshot.spaceheat-1728988500316-ear.electricity.works.json
2026-08-25 16:17:57,554 | WARNING | Unknown message type "gridworks.event.snapshot.spaceheat" in hw1__1/eventstore/20241015/hw1.isone.ng.beachrose.scada-gridworks.event.snapshot.spaceheat-1728988500316-ear.electricity.works.json
2026-08-25 16:17:57,554 | WARNING | Unknown message type "gridworks.event.snapshot.spaceheat" in hw1__1/eventstore/20241015/hw1.isone.ng.beachrose.scada-gridworks.event.snapshot.spaceheat-1728988800240-ear.electricity.works.json
2026-08-25 16:17:57,554 | WARNING | Unknown message type "gridworks.event.snapshot.spaceheat" in hw1__1/eventstore/20241015/hw1.isone.ng.beachrose.scada-gridworks.event.snapshot.spaceheat-1728988800240-ear.electricity.works.json
2026-08-25 16:17:57,554 | WARNING | Unknown message type "gridworks.event.snapshot.spaceheat" in hw1__1/eventstore/20241015/hw1.isone.ng.beachrose.scada-gridworks.event.snapshot.spaceheat-1728989100222-ear.electricity.works.json
2026-08-25 16:17:57,554 | WARNING | Unknown message type "gridworks.event.snapshot.spaceheat" in hw1__1/eventstore/20241015/hw1.isone.ng.beachrose.scada-gridworks.event.snapshot.spaceheat-1728989100222-ear.electricity.works.json
2026-08-25 16:17:57,554 | WARNING | Unknown message type "gridworks.event.snapshot.spaceheat" in hw1__1/eventstore/20241015/hw1.isone.ng.beachrose.scada-gridworks.event.snapshot.spaceheat-1728989400294-ear.electricity.works.json
2026-08-25 16:17:57,554 | WARNING | Unknown message type "gridworks.event.snapshot.spaceheat" in hw1__1/eventstore/20241015/hw1.isone.ng.beachrose.scada-gridworks.event.snapshot.spaceheat-1728989400294-ear.electricity.works.json
2026-08-25 16:17:57,554 | WARNING | Unknown message type "gridworks.event.snapshot.spaceheat" in hw1__1/eventstore/20241015/hw1.isone.ng.beachrose.scada-gridworks.event.snapshot.spaceheat-1728989700251-ear.electricity.works.json
2026-08-25 16:17:57,554 | WARNING | Unknown message type "gridworks.event.snapshot.spaceheat" in hw1__1/eventstore/20241015/hw1.isone.ng.beachrose.scada-gridworks.event.snapshot.spaceheat-1728989700251-ear.electricity.works.json
2026-08-25 16:17:57,554 | WARNING | Unknown message type "gridworks.event.snapshot.spaceheat" in hw1__1/eventstore/20241015/hw1.isone.ng.beachrose.scada-gridworks.event.snapshot.spaceheat-1728990000242-ear.electricity.works.json
2026-08-25 16:17:57,554 | WARNING | Unknown message type "gridworks.event.snapshot.spaceheat" in hw1__1/eventstore/20241015/hw1.isone.ng.beachrose.scada-gridworks.event.snapshot.spaceheat-1728990000242-ear.electricity.works.json
2026-08-25 16:17:57,554 | WARNING | Unknown message type "gridworks.event.snapshot.spaceheat" in hw1__1/eventstore/20241015/hw1.isone.ng.beachrose.scada-gridworks.event.snapshot.spaceheat-1728990300239-ear.electricity.works.json
2026-08-25 16:17:57,554 | WARNING | Unknown message type "gridworks.event.snapshot.spaceheat" in hw1__1/eventstore/20241015/hw1.isone.ng.beachrose.scada-gridworks.event.snapshot.spaceheat-1728990300239-ear.electricity.works.json
2026-08-25 16:17:57,554 | WARNING | Unknown message type "gridworks.event.snapshot.spaceheat" in hw1__1/eventstore/20241015/hw1.isone.ng.beachrose.scada-gridworks.event.snapshot.spaceheat-1728990600266-ear.electricity.works.json
2026-08-25 16:17:57,554 | WARNING | Unknown message type "gridworks.event.snapshot.spaceheat" in hw1__1/eventstore/20241015/hw1.isone.ng.beachrose.scada-gridworks.event.snapshot.spaceheat-1728990600266-ear.electricity.works.json
2026-08-25 16:17:57,554 | WARNING | Unknown message type "gridworks.event.snapshot.spaceheat" in hw1__1/eventstore/20241015/hw1.isone.ng.beachrose.scada-gridworks.event.snapshot.spaceheat-1728990900193-ear.electricity.works.json
2026-08-25 16:17:57,554 | WARNING | Unknown message type "gridworks.event.snapshot.spaceheat" in hw1__1/eventstore/20241015/hw1.isone.ng.beachrose.scada-gridworks.event.snapshot.spaceheat-1728990900193-ear.electricity.works.json
2026-08-25 16:17:57,554 | WARNING | Unknown message type "gridworks.event.snapshot.spaceheat" in hw1__1/eventstore/20241015/hw1.isone.ng.beachrose.scada-gridworks.event.snapshot.spaceheat-1728991200269-ear.electricity.works.json
2026-08-25 16:17:57,554 | WARNING | Unknown message type "gridworks.event.snapshot.spaceheat" in hw1__1/eventstore/20241015/hw1.isone.ng.beachrose.scada-gridworks.event.snapshot.spaceheat-1728991200269-ear.electricity.works.json
2026-08-25 16:17:57,554 | WARNING | Unknown message type "gridworks.event.snapshot.spaceheat" in hw1__1/eventstore/20241015/hw1.isone.ng.beachrose.scada-gridworks.event.snapshot.spaceheat-1728991500242-ear.electricity.works.json
2026-08-25 16:17:57,554 | WARNING | Unknown message type "gridworks.event.snapshot.spaceheat" in hw1__1/eventstore/20241015/hw1.isone.ng.beachrose.scada-gridworks.event.snapshot.spaceheat-1728991500242-ear.electricity.works.json
2026-08-25 16:17:57,554 | WARNING | Unknown message type "gridworks.event.snapshot.spaceheat" in hw1__1/eventstore/20241015/hw1.isone.ng.beachrose.scada-gridworks.event.snapshot.spaceheat-1728991800273-ear.electricity.works.json
2026-08-25 16:17:57,554 | WARNING | Unknown message type "gridworks.event.snapshot.spaceheat" in hw1__1/eventstore/20241015/hw1.isone.ng.beachrose.scada-gridworks.event.snapshot.spaceheat-1728991800273-ear.electricity.works.json
2026-08-25 16:17:57,554 | WARNING | Unknown message type "gridworks.event.snapshot.spaceheat" in hw1__1/eventstore/20241015/hw1.isone.ng.beachrose.scada-gridworks.event.snapshot.spaceheat-1728992100314-ear.electricity.works.json
2026-08-25 16:17:57,554 | WARNING | Unknown message type "gridworks.event.snapshot.spaceheat" in hw1__1/eventstore/20241015/hw1.isone.ng.beachrose.scada-gridworks.event.snapshot.spaceheat-1728992100314-ear.electricity.works.json
2026-08-25 16:17:57,554 | WARNING | Unknown message type "gridworks.event.snapshot.spaceheat" in hw1__1/eventstore/20241015/hw1.isone.ng.beachrose.scada-gridworks.event.snapshot.spaceheat-1728992400303-ear.electricity.works.json
2026-08-25 16:17:57,554 | WARNING | Unknown message type "gridworks.event.snapshot.spaceheat" in hw1__1/eventstore/20241015/hw1.isone.ng.beachrose.scada-gridworks.event.snapshot.spaceheat-1728992400303-ear.electricity.works.json
2026-08-25 16:17:57,554 | WARNING | Unknown message type "gridworks.event.snapshot.spaceheat" in hw1__1/eventstore/20241015/hw1.isone.ng.beachrose.scada-gridworks.event.snapshot.spaceheat-1728992700386-ear.electricity.works.json
2026-08-25 16:17:57,554 | WARNING | Unknown message type "gridworks.event.snapshot.spaceheat" in hw1__1/eventstore/20241015/hw1.isone.ng.beachrose.scada-gridworks.event.snapshot.spaceheat-1728992700386-ear.electricity.works.json
2026-08-25 16:17:57,554 | WARNING | Unknown message type "gridworks.event.snapshot.spaceheat" in hw1__1/eventstore/20241015/hw1.isone.ng.beachrose.scada-gridworks.event.snapshot.spaceheat-1728993000346-ear.electricity.works.json
2026-08-25 16:17:57,554 | WARNING | Unknown message type "gridworks.event.snapshot.spaceheat" in hw1__1/eventstore/20241015/hw1.isone.ng.beachrose.scada-gridworks.event.snapshot.spaceheat-1728993000346-ear.electricity.works.json
2026-08-25 16:17:57,554 | WARNING | Unknown message type "gridworks.event.snapshot.spaceheat" in hw1__1/eventstore/20241015/hw1.isone.ng.beachrose.scada-gridworks.event.snapshot.spaceheat-1728993300273-ear.electricity.works.json
2026-08-25 16:17:57,554 | WARNING | Unknown message type "gridworks.event.snapshot.spaceheat" in hw1__1/eventstore/20241015/hw1.isone.ng.beachrose.scada-gridworks.event.snapshot.spaceheat-1728993300273-ear.electricity.works.json
2026-08-25 16:17:57,554 | WARNING | Unknown message type "gridworks.event.snapshot.spaceheat" in hw1__1/eventstore/20241015/hw1.isone.ng.beachrose.scada-gridworks.event.snapshot.spaceheat-1728993600319-ear.electricity.works.json
2026-08-25 16:17:57,554 | WARNING | Unknown message type "gridworks.event.snapshot.spaceheat" in hw1__1/eventstore/20241015/hw1.isone.ng.beachrose.scada-gridworks.event.snapshot.spaceheat-1728993600319-ear.electricity.works.json
2026-08-25 16:17:57,554 | WARNING | Unknown message type "gridworks.event.snapshot.spaceheat" in hw1__1/eventstore/20241015/hw1.isone.ng.beachrose.scada-gridworks.event.snapshot.spaceheat-1728993900262-ear.electricity.works.json
2026-08-25 16:17:57,554 | WARNING | Unknown message type "gridworks.event.snapshot.spaceheat" in hw1__1/eventstore/20241015/hw1.isone.ng.beachrose.scada-gridworks.event.snapshot.spaceheat-1728993900262-ear.electricity.works.json
2026-08-25 16:17:57,554 | WARNING | Unknown message type "gridworks.event.snapshot.spaceheat" in hw1__1/eventstore/20241015/hw1.isone.ng.beachrose.scada-gridworks.event.snapshot.spaceheat-1728994200382-ear.electricity.works.json
2026-08-25 16:17:57,554 | WARNING | Unknown message type "gridworks.event.snapshot.spaceheat" in hw1__1/eventstore/20241015/hw1.isone.ng.beachrose.scada-gridworks.event.snapshot.spaceheat-1728994200382-ear.electricity.works.json
2026-08-25 16:17:57,554 | WARNING | Unknown message type "gridworks.event.snapshot.spaceheat" in hw1__1/eventstore/20241015/hw1.isone.ng.beachrose.scada-gridworks.event.snapshot.spaceheat-1728994500324-ear.electricity.works.json
2026-08-25 16:17:57,554 | WARNING | Unknown message type "gridworks.event.snapshot.spaceheat" in hw1__1/eventstore/20241015/hw1.isone.ng.beachrose.scada-gridworks.event.snapshot.spaceheat-1728994500324-ear.electricity.works.json
2026-08-25 16:17:57,554 | WARNING | Unknown message type "gridworks.event.snapshot.spaceheat" in hw1__1/eventstore/20241015/hw1.isone.ng.beachrose.scada-gridworks.event.snapshot.spaceheat-1728994800279-ear.electricity.works.json
2026-08-25 16:17:57,554 | WARNING | Unknown message type "gridworks.event.snapshot.spaceheat" in hw1__1/eventstore/20241015/hw1.isone.ng.beachrose.scada-gridworks.event.snapshot.spaceheat-1728994800279-ear.electricity.works.json
2026-08-25 16:17:57,554 | WARNING | Unknown message type "gridworks.event.snapshot.spaceheat" in hw1__1/eventstore/20241015/hw1.isone.ng.beachrose.scada-gridworks.event.snapshot.spaceheat-1728995100441-ear.electricity.works.json
2026-08-25 16:17:57,554 | WARNING | Unknown message type "gridworks.event.snapshot.spaceheat" in hw1__1/eventstore/20241015/hw1.isone.ng.beachrose.scada-gridworks.event.snapshot.spaceheat-1728995100441-ear.electricity.works.json
2026-08-25 16:17:57,554 | WARNING | Unknown message type "gridworks.event.snapshot.spaceheat" in hw1__1/eventstore/20241015/hw1.isone.ng.beachrose.scada-gridworks.event.snapshot.spaceheat-1728995400337-ear.electricity.works.json
2026-08-25 16:17:57,554 | WARNING | Unknown message type "gridworks.event.snapshot.spaceheat" in hw1__1/eventstore/20241015/hw1.isone.ng.beachrose.scada-gridworks.event.snapshot.spaceheat-1728995400337-ear.electricity.works.json
2026-08-25 16:17:57,554 | WARNING | Unknown message type "gridworks.event.snapshot.spaceheat" in hw1__1/eventstore/20241015/hw1.isone.ng.beachrose.scada-gridworks.event.snapshot.spaceheat-1728995700379-ear.electricity.works.json
2026-08-25 16:17:57,554 | WARNING | Unknown message type "gridworks.event.snapshot.spaceheat" in hw1__1/eventstore/20241015/hw1.isone.ng.beachrose.scada-gridworks.event.snapshot.spaceheat-1728995700379-ear.electricity.works.json
2026-08-25 16:17:57,554 | WARNING | Unknown message type "gridworks.event.snapshot.spaceheat" in hw1__1/eventstore/20241015/hw1.isone.ng.beachrose.scada-gridworks.event.snapshot.spaceheat-1728996000375-ear.electricity.works.json
2026-08-25 16:17:57,554 | WARNING | Unknown message type "gridworks.event.snapshot.spaceheat" in hw1__1/eventstore/20241015/hw1.isone.ng.beachrose.scada-gridworks.event.snapshot.spaceheat-1728996000375-ear.electricity.works.json
2026-08-25 16:17:57,554 | WARNING | Unknown message type "gridworks.event.snapshot.spaceheat" in hw1__1/eventstore/20241015/hw1.isone.ng.beachrose.scada-gridworks.event.snapshot.spaceheat-1728996300453-ear.electricity.works.json
2026-08-25 16:17:57,554 | WARNING | Unknown message type "gridworks.event.snapshot.spaceheat" in hw1__1/eventstore/20241015/hw1.isone.ng.beachrose.scada-gridworks.event.snapshot.spaceheat-1728996300453-ear.electricity.works.json
2026-08-25 16:17:57,554 | WARNING | Unknown message type "gridworks.event.snapshot.spaceheat" in hw1__1/eventstore/20241015/hw1.isone.ng.beachrose.scada-gridworks.event.snapshot.spaceheat-1728996600389-ear.electricity.works.json
2026-08-25 16:17:57,554 | WARNING | Unknown message type "gridworks.event.snapshot.spaceheat" in hw1__1/eventstore/20241015/hw1.isone.ng.beachrose.scada-gridworks.event.snapshot.spaceheat-1728996600389-ear.electricity.works.json
2026-08-25 16:17:57,554 | WARNING | Unknown message type "gridworks.event.snapshot.spaceheat" in hw1__1/eventstore/20241015/hw1.isone.ng.beachrose.scada-gridworks.event.snapshot.spaceheat-1728996900295-ear.electricity.works.json
2026-08-25 16:17:57,554 | WARNING | Unknown message type "gridworks.event.snapshot.spaceheat" in hw1__1/eventstore/20241015/hw1.isone.ng.beachrose.scada-gridworks.event.snapshot.spaceheat-1728996900295-ear.electricity.works.json
2026-08-25 16:17:57,554 | WARNING | Unknown message type "gridworks.event.snapshot.spaceheat" in hw1__1/eventstore/20241015/hw1.isone.ng.beachrose.scada-gridworks.event.snapshot.spaceheat-1728997200346-ear.electricity.works.json
2026-08-25 16:17:57,554 | WARNING | Unknown message type "gridworks.event.snapshot.spaceheat" in hw1__1/eventstore/20241015/hw1.isone.ng.beachrose.scada-gridworks.event.snapshot.spaceheat-1728997200346-ear.electricity.works.json
2026-08-25 16:17:57,554 | WARNING | Unknown message type "gridworks.event.snapshot.spaceheat" in hw1__1/eventstore/20241015/hw1.isone.ng.beachrose.scada-gridworks.event.snapshot.spaceheat-1728997500361-ear.electricity.works.json
2026-08-25 16:17:57,554 | WARNING | Unknown message type "gridworks.event.snapshot.spaceheat" in hw1__1/eventstore/20241015/hw1.isone.ng.beachrose.scada-gridworks.event.snapshot.spaceheat-1728997500361-ear.electricity.works.json
2026-08-25 16:17:57,554 | WARNING | Unknown message type "gridworks.event.snapshot.spaceheat" in hw1__1/eventstore/20241015/hw1.isone.ng.beachrose.scada-gridworks.event.snapshot.spaceheat-1728997800329-ear.electricity.works.json
2026-08-25 16:17:57,554 | WARNING | Unknown message type "gridworks.event.snapshot.spaceheat" in hw1__1/eventstore/20241015/hw1.isone.ng.beachrose.scada-gridworks.event.snapshot.spaceheat-1728997800329-ear.electricity.works.json
2026-08-25 16:17:57,554 | WARNING | Unknown message type "gridworks.event.snapshot.spaceheat" in hw1__1/eventstore/20241015/hw1.isone.ng.beachrose.scada-gridworks.event.snapshot.spaceheat-1728998100280-ear.electricity.works.json
2026-08-25 16:17:57,554 | WARNING | Unknown message type "gridworks.event.snapshot.spaceheat" in hw1__1/eventstore/20241015/hw1.isone.ng.beachrose.scada-gridworks.event.snapshot.spaceheat-1728998100280-ear.electricity.works.json
2026-08-25 16:17:57,554 | WARNING | Unknown message type "gridworks.event.snapshot.spaceheat" in hw1__1/eventstore/20241015/hw1.isone.ng.beachrose.scada-gridworks.event.snapshot.spaceheat-1728998400316-ear.electricity.works.json
2026-08-25 16:17:57,554 | WARNING | Unknown message type "gridworks.event.snapshot.spaceheat" in hw1__1/eventstore/20241015/hw1.isone.ng.beachrose.scada-gridworks.event.snapshot.spaceheat-1728998400316-ear.electricity.works.json
2026-08-25 16:17:57,554 | WARNING | Unknown message type "gridworks.event.snapshot.spaceheat" in hw1__1/eventstore/20241015/hw1.isone.ng.beachrose.scada-gridworks.event.snapshot.spaceheat-1728998700269-ear.electricity.works.json
2026-08-25 16:17:57,554 | WARNING | Unknown message type "gridworks.event.snapshot.spaceheat" in hw1__1/eventstore/20241015/hw1.isone.ng.beachrose.scada-gridworks.event.snapshot.spaceheat-1728998700269-ear.electricity.works.json
2026-08-25 16:17:57,554 | WARNING | Unknown message type "gridworks.event.snapshot.spaceheat" in hw1__1/eventstore/20241015/hw1.isone.ng.beachrose.scada-gridworks.event.snapshot.spaceheat-1728999000323-ear.electricity.works.json
2026-08-25 16:17:57,554 | WARNING | Unknown message type "gridworks.event.snapshot.spaceheat" in hw1__1/eventstore/20241015/hw1.isone.ng.beachrose.scada-gridworks.event.snapshot.spaceheat-1728999000323-ear.electricity.works.json
2026-08-25 16:17:57,554 | WARNING | Unknown message type "gridworks.event.snapshot.spaceheat" in hw1__1/eventstore/20241015/hw1.isone.ng.beachrose.scada-gridworks.event.snapshot.spaceheat-1728999300395-ear.electricity.works.json
2026-08-25 16:17:57,554 | WARNING | Unknown message type "gridworks.event.snapshot.spaceheat" in hw1__1/eventstore/20241015/hw1.isone.ng.beachrose.scada-gridworks.event.snapshot.spaceheat-1728999300395-ear.electricity.works.json
2026-08-25 16:17:57,554 | WARNING | Unknown message type "gridworks.event.snapshot.spaceheat" in hw1__1/eventstore/20241015/hw1.isone.ng.beachrose.scada-gridworks.event.snapshot.spaceheat-1728999600279-ear.electricity.works.json
2026-08-25 16:17:57,554 | WARNING | Unknown message type "gridworks.event.snapshot.spaceheat" in hw1__1/eventstore/20241015/hw1.isone.ng.beachrose.scada-gridworks.event.snapshot.spaceheat-1728999600279-ear.electricity.works.json
2026-08-25 16:17:57,554 | WARNING | Unknown message type "gridworks.event.snapshot.spaceheat" in hw1__1/eventstore/20241015/hw1.isone.ng.beachrose.scada-gridworks.event.snapshot.spaceheat-1728999900376-ear.electricity.works.json
2026-08-25 16:17:57,554 | WARNING | Unknown message type "gridworks.event.snapshot.spaceheat" in hw1__1/eventstore/20241015/hw1.isone.ng.beachrose.scada-gridworks.event.snapshot.spaceheat-1728999900376-ear.electricity.works.json
2026-08-25 16:17:57,554 | WARNING | Unknown message type "gridworks.event.snapshot.spaceheat" in hw1__1/eventstore/20241015/hw1.isone.ng.beachrose.scada-gridworks.event.snapshot.spaceheat-1729000200419-ear.electricity.works.json
2026-08-25 16:17:57,554 | WARNING | Unknown message type "gridworks.event.snapshot.spaceheat" in hw1__1/eventstore/20241015/hw1.isone.ng.beachrose.scada-gridworks.event.snapshot.spaceheat-1729000200419-ear.electricity.works.json
2026-08-25 16:17:57,554 | WARNING | Unknown message type "gridworks.event.snapshot.spaceheat" in hw1__1/eventstore/20241015/hw1.isone.ng.beachrose.scada-gridworks.event.snapshot.spaceheat-1729000500346-ear.electricity.works.json
2026-08-25 16:17:57,554 | WARNING | Unknown message type "gridworks.event.snapshot.spaceheat" in hw1__1/eventstore/20241015/hw1.isone.ng.beachrose.scada-gridworks.event.snapshot.spaceheat-1729000500346-ear.electricity.works.json
2026-08-25 16:17:57,554 | WARNING | Unknown message type "gridworks.event.snapshot.spaceheat" in hw1__1/eventstore/20241015/hw1.isone.ng.beachrose.scada-gridworks.event.snapshot.spaceheat-1729000800279-ear.electricity.works.json
2026-08-25 16:17:57,554 | WARNING | Unknown message type "gridworks.event.snapshot.spaceheat" in hw1__1/eventstore/20241015/hw1.isone.ng.beachrose.scada-gridworks.event.snapshot.spaceheat-1729000800279-ear.electricity.works.json
2026-08-25 16:17:57,554 | WARNING | Unknown message type "gridworks.event.snapshot.spaceheat" in hw1__1/eventstore/20241015/hw1.isone.ng.beachrose.scada-gridworks.event.snapshot.spaceheat-1729001100343-ear.electricity.works.json
2026-08-25 16:17:57,554 | WARNING | Unknown message type "gridworks.event.snapshot.spaceheat" in hw1__1/eventstore/20241015/hw1.isone.ng.beachrose.scada-gridworks.event.snapshot.spaceheat-1729001100343-ear.electricity.works.json
2026-08-25 16:17:57,554 | WARNING | Unknown message type "gridworks.event.snapshot.spaceheat" in hw1__1/eventstore/20241015/hw1.isone.ng.beachrose.scada-gridworks.event.snapshot.spaceheat-1729001400352-ear.electricity.works.json
2026-08-25 16:17:57,554 | WARNING | Unknown message type "gridworks.event.snapshot.spaceheat" in hw1__1/eventstore/20241015/hw1.isone.ng.beachrose.scada-gridworks.event.snapshot.spaceheat-1729001400352-ear.electricity.works.json
2026-08-25 16:17:57,742 | WARNING | Unknown message type "gridworks.event.snapshot.spaceheat" in hw1__1/eventstore/20241015/hw1.isone.ng.beachrose.scada-gridworks.event.snapshot.spaceheat-1729001700344-ear.electricity.works.json
2026-08-25 16:17:57,742 | WARNING | Unknown message type "gridworks.event.snapshot.spaceheat" in hw1__1/eventstore/20241015/hw1.isone.ng.beachrose.scada-gridworks.event.snapshot.spaceheat-1729001700344-ear.electricity.works.json
2026-08-25 16:17:57,742 | WARNING | Unknown message type "gridworks.event.snapshot.spaceheat" in hw1__1/eventstore/20241015/hw1.isone.ng.beachrose.scada-gridworks.event.snapshot.spaceheat-1729002000288-ear.electricity.works.json
2026-08-25 16:17:57,742 | WARNING | Unknown message type "gridworks.event.snapshot.spaceheat" in hw1__1/eventstore/20241015/hw1.isone.ng.beachrose.scada-gridworks.event.snapshot.spaceheat-1729002000288-ear.electricity.works.json
2026-08-25 16:17:57,742 | WARNING | Unknown message type "gridworks.event.snapshot.spaceheat" in hw1__1/eventstore/20241015/hw1.isone.ng.beachrose.scada-gridworks.event.snapshot.spaceheat-1729002300435-ear.electricity.works.json
2026-08-25 16:17:57,742 | WARNING | Unknown message type "gridworks.event.snapshot.spaceheat" in hw1__1/eventstore/20241015/hw1.isone.ng.beachrose.scada-gridworks.event.snapshot.spaceheat-1729002300435-ear.electricity.works.json
2026-08-25 16:17:57,742 | WARNING | Unknown message type "gridworks.event.snapshot.spaceheat" in hw1__1/eventstore/20241015/hw1.isone.ng.beachrose.scada-gridworks.event.snapshot.spaceheat-1729002600345-ear.electricity.works.json
2026-08-25 16:17:57,742 | WARNING | Unknown message type "gridworks.event.snapshot.spaceheat" in hw1__1/eventstore/20241015/hw1.isone.ng.beachrose.scada-gridworks.event.snapshot.spaceheat-1729002600345-ear.electricity.works.json
2026-08-25 16:17:57,742 | WARNING | Unknown message type "gridworks.event.snapshot.spaceheat" in hw1__1/eventstore/20241015/hw1.isone.ng.beachrose.scada-gridworks.event.snapshot.spaceheat-1729002900287-ear.electricity.works.json
2026-08-25 16:17:57,742 | WARNING | Unknown message type "gridworks.event.snapshot.spaceheat" in hw1__1/eventstore/20241015/hw1.isone.ng.beachrose.scada-gridworks.event.snapshot.spaceheat-1729002900287-ear.electricity.works.json
2026-08-25 16:17:57,742 | WARNING | Unknown message type "gridworks.event.snapshot.spaceheat" in hw1__1/eventstore/20241015/hw1.isone.ng.beachrose.scada-gridworks.event.snapshot.spaceheat-1729003200284-ear.electricity.works.json
2026-08-25 16:17:57,742 | WARNING | Unknown message type "gridworks.event.snapshot.spaceheat" in hw1__1/eventstore/20241015/hw1.isone.ng.beachrose.scada-gridworks.event.snapshot.spaceheat-1729003200284-ear.electricity.works.json
2026-08-25 16:17:57,742 | WARNING | Unknown message type "gridworks.event.snapshot.spaceheat" in hw1__1/eventstore/20241015/hw1.isone.ng.beachrose.scada-gridworks.event.snapshot.spaceheat-1729003500251-ear.electricity.works.json
2026-08-25 16:17:57,742 | WARNING | Unknown message type "gridworks.event.snapshot.spaceheat" in hw1__1/eventstore/20241015/hw1.isone.ng.beachrose.scada-gridworks.event.snapshot.spaceheat-1729003500251-ear.electricity.works.json
2026-08-25 16:17:57,742 | WARNING | Unknown message type "gridworks.event.snapshot.spaceheat" in hw1__1/eventstore/20241015/hw1.isone.ng.beachrose.scada-gridworks.event.snapshot.spaceheat-1729003800284-ear.electricity.works.json
2026-08-25 16:17:57,742 | WARNING | Unknown message type "gridworks.event.snapshot.spaceheat" in hw1__1/eventstore/20241015/hw1.isone.ng.beachrose.scada-gridworks.event.snapshot.spaceheat-1729003800284-ear.electricity.works.json
2026-08-25 16:17:57,742 | WARNING | Unknown message type "gridworks.event.snapshot.spaceheat" in hw1__1/eventstore/20241015/hw1.isone.ng.beachrose.scada-gridworks.event.snapshot.spaceheat-1729004100311-ear.electricity.works.json
2026-08-25 16:17:57,742 | WARNING | Unknown message type "gridworks.event.snapshot.spaceheat" in hw1__1/eventstore/20241015/hw1.isone.ng.beachrose.scada-gridworks.event.snapshot.spaceheat-1729004100311-ear.electricity.works.json
2026-08-25 16:17:57,742 | WARNING | Unknown message type "gridworks.event.snapshot.spaceheat" in hw1__1/eventstore/20241015/hw1.isone.ng.beachrose.scada-gridworks.event.snapshot.spaceheat-1729004400327-ear.electricity.works.json
2026-08-25 16:17:57,742 | WARNING | Unknown message type "gridworks.event.snapshot.spaceheat" in hw1__1/eventstore/20241015/hw1.isone.ng.beachrose.scada-gridworks.event.snapshot.spaceheat-1729004400327-ear.electricity.works.json
2026-08-25 16:17:57,742 | WARNING | Unknown message type "gridworks.event.snapshot.spaceheat" in hw1__1/eventstore/20241015/hw1.isone.ng.beachrose.scada-gridworks.event.snapshot.spaceheat-1729004700363-ear.electricity.works.json
2026-08-25 16:17:57,742 | WARNING | Unknown message type "gridworks.event.snapshot.spaceheat" in hw1__1/eventstore/20241015/hw1.isone.ng.beachrose.scada-gridworks.event.snapshot.spaceheat-1729004700363-ear.electricity.works.json
2026-08-25 16:17:57,742 | WARNING | Unknown message type "gridworks.event.snapshot.spaceheat" in hw1__1/eventstore/20241015/hw1.isone.ng.beachrose.scada-gridworks.event.snapshot.spaceheat-1729005000426-ear.electricity.works.json
2026-08-25 16:17:57,742 | WARNING | Unknown message type "gridworks.event.snapshot.spaceheat" in hw1__1/eventstore/20241015/hw1.isone.ng.beachrose.scada-gridworks.event.snapshot.spaceheat-1729005000426-ear.electricity.works.json
2026-08-25 16:17:57,742 | WARNING | Unknown message type "gridworks.event.snapshot.spaceheat" in hw1__1/eventstore/20241015/hw1.isone.ng.beachrose.scada-gridworks.event.snapshot.spaceheat-1729005300317-ear.electricity.works.json
2026-08-25 16:17:57,742 | WARNING | Unknown message type "gridworks.event.snapshot.spaceheat" in hw1__1/eventstore/20241015/hw1.isone.ng.beachrose.scada-gridworks.event.snapshot.spaceheat-1729005300317-ear.electricity.works.json
2026-08-25 16:17:57,742 | WARNING | Unknown message type "gridworks.event.snapshot.spaceheat" in hw1__1/eventstore/20241015/hw1.isone.ng.beachrose.scada-gridworks.event.snapshot.spaceheat-1729005600227-ear.electricity.works.json
2026-08-25 16:17:57,742 | WARNING | Unknown message type "gridworks.event.snapshot.spaceheat" in hw1__1/eventstore/20241015/hw1.isone.ng.beachrose.scada-gridworks.event.snapshot.spaceheat-1729005600227-ear.electricity.works.json
2026-08-25 16:17:57,742 | WARNING | Unknown message type "gridworks.event.snapshot.spaceheat" in hw1__1/eventstore/20241015/hw1.isone.ng.beachrose.scada-gridworks.event.snapshot.spaceheat-1729005900232-ear.electricity.works.json
2026-08-25 16:17:57,742 | WARNING | Unknown message type "gridworks.event.snapshot.spaceheat" in hw1__1/eventstore/20241015/hw1.isone.ng.beachrose.scada-gridworks.event.snapshot.spaceheat-1729005900232-ear.electricity.works.json
2026-08-25 16:17:57,742 | WARNING | Unknown message type "gridworks.event.snapshot.spaceheat" in hw1__1/eventstore/20241015/hw1.isone.ng.beachrose.scada-gridworks.event.snapshot.spaceheat-1729006200346-ear.electricity.works.json
2026-08-25 16:17:57,742 | WARNING | Unknown message type "gridworks.event.snapshot.spaceheat" in hw1__1/eventstore/20241015/hw1.isone.ng.beachrose.scada-gridworks.event.snapshot.spaceheat-1729006200346-ear.electricity.works.json
2026-08-25 16:17:57,742 | WARNING | Unknown message type "gridworks.event.snapshot.spaceheat" in hw1__1/eventstore/20241015/hw1.isone.ng.beachrose.scada-gridworks.event.snapshot.spaceheat-1729006500298-ear.electricity.works.json
2026-08-25 16:17:57,742 | WARNING | Unknown message type "gridworks.event.snapshot.spaceheat" in hw1__1/eventstore/20241015/hw1.isone.ng.beachrose.scada-gridworks.event.snapshot.spaceheat-1729006500298-ear.electricity.works.json
2026-08-25 16:17:57,742 | WARNING | Unknown message type "gridworks.event.snapshot.spaceheat" in hw1__1/eventstore/20241015/hw1.isone.ng.beachrose.scada-gridworks.event.snapshot.spaceheat-1729006800281-ear.electricity.works.json
2026-08-25 16:17:57,742 | WARNING | Unknown message type "gridworks.event.snapshot.spaceheat" in hw1__1/eventstore/20241015/hw1.isone.ng.beachrose.scada-gridworks.event.snapshot.spaceheat-1729006800281-ear.electricity.works.json
2026-08-25 16:17:57,742 | WARNING | Unknown message type "gridworks.event.snapshot.spaceheat" in hw1__1/eventstore/20241015/hw1.isone.ng.beachrose.scada-gridworks.event.snapshot.spaceheat-1729007100298-ear.electricity.works.json
2026-08-25 16:17:57,742 | WARNING | Unknown message type "gridworks.event.snapshot.spaceheat" in hw1__1/eventstore/20241015/hw1.isone.ng.beachrose.scada-gridworks.event.snapshot.spaceheat-1729007100298-ear.electricity.works.json
2026-08-25 16:17:57,742 | WARNING | Unknown message type "gridworks.event.snapshot.spaceheat" in hw1__1/eventstore/20241015/hw1.isone.ng.beachrose.scada-gridworks.event.snapshot.spaceheat-1729007400313-ear.electricity.works.json
2026-08-25 16:17:57,742 | WARNING | Unknown message type "gridworks.event.snapshot.spaceheat" in hw1__1/eventstore/20241015/hw1.isone.ng.beachrose.scada-gridworks.event.snapshot.spaceheat-1729007400313-ear.electricity.works.json
2026-08-25 16:17:57,742 | WARNING | Unknown message type "gridworks.event.snapshot.spaceheat" in hw1__1/eventstore/20241015/hw1.isone.ng.beachrose.scada-gridworks.event.snapshot.spaceheat-1729007700321-ear.electricity.works.json
2026-08-25 16:17:57,742 | WARNING | Unknown message type "gridworks.event.snapshot.spaceheat" in hw1__1/eventstore/20241015/hw1.isone.ng.beachrose.scada-gridworks.event.snapshot.spaceheat-1729007700321-ear.electricity.works.json
2026-08-25 16:17:57,742 | WARNING | Unknown message type "gridworks.event.snapshot.spaceheat" in hw1__1/eventstore/20241015/hw1.isone.ng.beachrose.scada-gridworks.event.snapshot.spaceheat-1729008000339-ear.electricity.works.json
2026-08-25 16:17:57,742 | WARNING | Unknown message type "gridworks.event.snapshot.spaceheat" in hw1__1/eventstore/20241015/hw1.isone.ng.beachrose.scada-gridworks.event.snapshot.spaceheat-1729008000339-ear.electricity.works.json
2026-08-25 16:17:57,742 | WARNING | Unknown message type "gridworks.event.snapshot.spaceheat" in hw1__1/eventstore/20241015/hw1.isone.ng.beachrose.scada-gridworks.event.snapshot.spaceheat-1729008300300-ear.electricity.works.json
2026-08-25 16:17:57,742 | WARNING | Unknown message type "gridworks.event.snapshot.spaceheat" in hw1__1/eventstore/20241015/hw1.isone.ng.beachrose.scada-gridworks.event.snapshot.spaceheat-1729008300300-ear.electricity.works.json
2026-08-25 16:17:57,742 | WARNING | Unknown message type "gridworks.event.snapshot.spaceheat" in hw1__1/eventstore/20241015/hw1.isone.ng.beachrose.scada-gridworks.event.snapshot.spaceheat-1729008600302-ear.electricity.works.json
2026-08-25 16:17:57,742 | WARNING | Unknown message type "gridworks.event.snapshot.spaceheat" in hw1__1/eventstore/20241015/hw1.isone.ng.beachrose.scada-gridworks.event.snapshot.spaceheat-1729008600302-ear.electricity.works.json
2026-08-25 16:17:57,742 | WARNING | Unknown message type "gridworks.event.snapshot.spaceheat" in hw1__1/eventstore/20241015/hw1.isone.ng.beachrose.scada-gridworks.event.snapshot.spaceheat-1729008900222-ear.electricity.works.json
2026-08-25 16:17:57,742 | WARNING | Unknown message type "gridworks.event.snapshot.spaceheat" in hw1__1/eventstore/20241015/hw1.isone.ng.beachrose.scada-gridworks.event.snapshot.spaceheat-1729008900222-ear.electricity.works.json
2026-08-25 16:17:57,742 | WARNING | Unknown message type "gridworks.event.snapshot.spaceheat" in hw1__1/eventstore/20241015/hw1.isone.ng.beachrose.scada-gridworks.event.snapshot.spaceheat-1729009200258-ear.electricity.works.json
2026-08-25 16:17:57,742 | WARNING | Unknown message type "gridworks.event.snapshot.spaceheat" in hw1__1/eventstore/20241015/hw1.isone.ng.beachrose.scada-gridworks.event.snapshot.spaceheat-1729009200258-ear.electricity.works.json
2026-08-25 16:17:57,742 | WARNING | Unknown message type "gridworks.event.snapshot.spaceheat" in hw1__1/eventstore/20241015/hw1.isone.ng.beachrose.scada-gridworks.event.snapshot.spaceheat-1729009500268-ear.electricity.works.json
2026-08-25 16:17:57,742 | WARNING | Unknown message type "gridworks.event.snapshot.spaceheat" in hw1__1/eventstore/20241015/hw1.isone.ng.beachrose.scada-gridworks.event.snapshot.spaceheat-1729009500268-ear.electricity.works.json
2026-08-25 16:17:57,742 | WARNING | Unknown message type "gridworks.event.snapshot.spaceheat" in hw1__1/eventstore/20241015/hw1.isone.ng.beachrose.scada-gridworks.event.snapshot.spaceheat-1729009800322-ear.electricity.works.json
2026-08-25 16:17:57,742 | WARNING | Unknown message type "gridworks.event.snapshot.spaceheat" in hw1__1/eventstore/20241015/hw1.isone.ng.beachrose.scada-gridworks.event.snapshot.spaceheat-1729009800322-ear.electricity.works.json
2026-08-25 16:17:57,742 | WARNING | Unknown message type "gridworks.event.snapshot.spaceheat" in hw1__1/eventstore/20241015/hw1.isone.ng.beachrose.scada-gridworks.event.snapshot.spaceheat-1729010100296-ear.electricity.works.json
2026-08-25 16:17:57,742 | WARNING | Unknown message type "gridworks.event.snapshot.spaceheat" in hw1__1/eventstore/20241015/hw1.isone.ng.beachrose.scada-gridworks.event.snapshot.spaceheat-1729010100296-ear.electricity.works.json
2026-08-25 16:17:57,742 | WARNING | Unknown message type "gridworks.event.snapshot.spaceheat" in hw1__1/eventstore/20241015/hw1.isone.ng.beachrose.scada-gridworks.event.snapshot.spaceheat-1729010400288-ear.electricity.works.json
2026-08-25 16:17:57,742 | WARNING | Unknown message type "gridworks.event.snapshot.spaceheat" in hw1__1/eventstore/20241015/hw1.isone.ng.beachrose.scada-gridworks.event.snapshot.spaceheat-1729010400288-ear.electricity.works.json
2026-08-25 16:17:57,742 | WARNING | Unknown message type "gridworks.event.snapshot.spaceheat" in hw1__1/eventstore/20241015/hw1.isone.ng.beachrose.scada-gridworks.event.snapshot.spaceheat-1729010700285-ear.electricity.works.json
2026-08-25 16:17:57,742 | WARNING | Unknown message type "gridworks.event.snapshot.spaceheat" in hw1__1/eventstore/20241015/hw1.isone.ng.beachrose.scada-gridworks.event.snapshot.spaceheat-1729010700285-ear.electricity.works.json
2026-08-25 16:17:57,742 | WARNING | Unknown message type "gridworks.event.snapshot.spaceheat" in hw1__1/eventstore/20241015/hw1.isone.ng.beachrose.scada-gridworks.event.snapshot.spaceheat-1729011000490-ear.electricity.works.json
2026-08-25 16:17:57,742 | WARNING | Unknown message type "gridworks.event.snapshot.spaceheat" in hw1__1/eventstore/20241015/hw1.isone.ng.beachrose.scada-gridworks.event.snapshot.spaceheat-1729011000490-ear.electricity.works.json
2026-08-25 16:17:57,742 | WARNING | Unknown message type "gridworks.event.snapshot.spaceheat" in hw1__1/eventstore/20241015/hw1.isone.ng.beachrose.scada-gridworks.event.snapshot.spaceheat-1729011300313-ear.electricity.works.json
2026-08-25 16:17:57,742 | WARNING | Unknown message type "gridworks.event.snapshot.spaceheat" in hw1__1/eventstore/20241015/hw1.isone.ng.beachrose.scada-gridworks.event.snapshot.spaceheat-1729011300313-ear.electricity.works.json
2026-08-25 16:17:57,742 | WARNING | Unknown message type "gridworks.event.snapshot.spaceheat" in hw1__1/eventstore/20241015/hw1.isone.ng.beachrose.scada-gridworks.event.snapshot.spaceheat-1729011600327-ear.electricity.works.json
2026-08-25 16:17:57,742 | WARNING | Unknown message type "gridworks.event.snapshot.spaceheat" in hw1__1/eventstore/20241015/hw1.isone.ng.beachrose.scada-gridworks.event.snapshot.spaceheat-1729011600327-ear.electricity.works.json
2026-08-25 16:17:57,742 | WARNING | Unknown message type "gridworks.event.snapshot.spaceheat" in hw1__1/eventstore/20241015/hw1.isone.ng.beachrose.scada-gridworks.event.snapshot.spaceheat-1729011900424-ear.electricity.works.json
2026-08-25 16:17:57,742 | WARNING | Unknown message type "gridworks.event.snapshot.spaceheat" in hw1__1/eventstore/20241015/hw1.isone.ng.beachrose.scada-gridworks.event.snapshot.spaceheat-1729011900424-ear.electricity.works.json
2026-08-25 16:17:57,742 | WARNING | Unknown message type "gridworks.event.snapshot.spaceheat" in hw1__1/eventstore/20241015/hw1.isone.ng.beachrose.scada-gridworks.event.snapshot.spaceheat-1729012200297-ear.electricity.works.json
2026-08-25 16:17:57,742 | WARNING | Unknown message type "gridworks.event.snapshot.spaceheat" in hw1__1/eventstore/20241015/hw1.isone.ng.beachrose.scada-gridworks.event.snapshot.spaceheat-1729012200297-ear.electricity.works.json
2026-08-25 16:17:57,742 | WARNING | Unknown message type "gridworks.event.snapshot.spaceheat" in hw1__1/eventstore/20241015/hw1.isone.ng.beachrose.scada-gridworks.event.snapshot.spaceheat-1729012500298-ear.electricity.works.json
2026-08-25 16:17:57,742 | WARNING | Unknown message type "gridworks.event.snapshot.spaceheat" in hw1__1/eventstore/20241015/hw1.isone.ng.beachrose.scada-gridworks.event.snapshot.spaceheat-1729012500298-ear.electricity.works.json
2026-08-25 16:17:57,742 | WARNING | Unknown message type "gridworks.event.snapshot.spaceheat" in hw1__1/eventstore/20241015/hw1.isone.ng.beachrose.scada-gridworks.event.snapshot.spaceheat-1729012800396-ear.electricity.works.json
2026-08-25 16:17:57,742 | WARNING | Unknown message type "gridworks.event.snapshot.spaceheat" in hw1__1/eventstore/20241015/hw1.isone.ng.beachrose.scada-gridworks.event.snapshot.spaceheat-1729012800396-ear.electricity.works.json
2026-08-25 16:17:57,742 | WARNING | Unknown message type "gridworks.event.snapshot.spaceheat" in hw1__1/eventstore/20241015/hw1.isone.ng.beachrose.scada-gridworks.event.snapshot.spaceheat-1729013100238-ear.electricity.works.json
2026-08-25 16:17:57,742 | WARNING | Unknown message type "gridworks.event.snapshot.spaceheat" in hw1__1/eventstore/20241015/hw1.isone.ng.beachrose.scada-gridworks.event.snapshot.spaceheat-1729013100238-ear.electricity.works.json
2026-08-25 16:17:57,742 | WARNING | Unknown message type "gridworks.event.snapshot.spaceheat" in hw1__1/eventstore/20241015/hw1.isone.ng.beachrose.scada-gridworks.event.snapshot.spaceheat-1729013400253-ear.electricity.works.json
2026-08-25 16:17:57,742 | WARNING | Unknown message type "gridworks.event.snapshot.spaceheat" in hw1__1/eventstore/20241015/hw1.isone.ng.beachrose.scada-gridworks.event.snapshot.spaceheat-1729013400253-ear.electricity.works.json
2026-08-25 16:17:57,742 | WARNING | Unknown message type "gridworks.event.snapshot.spaceheat" in hw1__1/eventstore/20241015/hw1.isone.ng.beachrose.scada-gridworks.event.snapshot.spaceheat-1729013700281-ear.electricity.works.json
2026-08-25 16:17:57,742 | WARNING | Unknown message type "gridworks.event.snapshot.spaceheat" in hw1__1/eventstore/20241015/hw1.isone.ng.beachrose.scada-gridworks.event.snapshot.spaceheat-1729013700281-ear.electricity.works.json
2026-08-25 16:17:57,742 | WARNING | Unknown message type "gridworks.event.snapshot.spaceheat" in hw1__1/eventstore/20241015/hw1.isone.ng.beachrose.scada-gridworks.event.snapshot.spaceheat-1729014000232-ear.electricity.works.json
2026-08-25 16:17:57,742 | WARNING | Unknown message type "gridworks.event.snapshot.spaceheat" in hw1__1/eventstore/20241015/hw1.isone.ng.beachrose.scada-gridworks.event.snapshot.spaceheat-1729014000232-ear.electricity.works.json
2026-08-25 16:17:57,742 | WARNING | Unknown message type "gridworks.event.snapshot.spaceheat" in hw1__1/eventstore/20241015/hw1.isone.ng.beachrose.scada-gridworks.event.snapshot.spaceheat-1729014300310-ear.electricity.works.json
2026-08-25 16:17:57,742 | WARNING | Unknown message type "gridworks.event.snapshot.spaceheat" in hw1__1/eventstore/20241015/hw1.isone.ng.beachrose.scada-gridworks.event.snapshot.spaceheat-1729014300310-ear.electricity.works.json
2026-08-25 16:17:57,742 | WARNING | Unknown message type "gridworks.event.snapshot.spaceheat" in hw1__1/eventstore/20241015/hw1.isone.ng.beachrose.scada-gridworks.event.snapshot.spaceheat-1729014600289-ear.electricity.works.json
2026-08-25 16:17:57,742 | WARNING | Unknown message type "gridworks.event.snapshot.spaceheat" in hw1__1/eventstore/20241015/hw1.isone.ng.beachrose.scada-gridworks.event.snapshot.spaceheat-1729014600289-ear.electricity.works.json
2026-08-25 16:17:57,742 | WARNING | Unknown message type "gridworks.event.snapshot.spaceheat" in hw1__1/eventstore/20241015/hw1.isone.ng.beachrose.scada-gridworks.event.snapshot.spaceheat-1729014900211-ear.electricity.works.json
2026-08-25 16:17:57,742 | WARNING | Unknown message type "gridworks.event.snapshot.spaceheat" in hw1__1/eventstore/20241015/hw1.isone.ng.beachrose.scada-gridworks.event.snapshot.spaceheat-1729014900211-ear.electricity.works.json
2026-08-25 16:17:57,742 | WARNING | Unknown message type "gridworks.event.snapshot.spaceheat" in hw1__1/eventstore/20241015/hw1.isone.ng.beachrose.scada-gridworks.event.snapshot.spaceheat-1729015200290-ear.electricity.works.json
2026-08-25 16:17:57,742 | WARNING | Unknown message type "gridworks.event.snapshot.spaceheat" in hw1__1/eventstore/20241015/hw1.isone.ng.beachrose.scada-gridworks.event.snapshot.spaceheat-1729015200290-ear.electricity.works.json
2026-08-25 16:17:57,742 | WARNING | Unknown message type "gridworks.event.snapshot.spaceheat" in hw1__1/eventstore/20241015/hw1.isone.ng.beachrose.scada-gridworks.event.snapshot.spaceheat-1729015500215-ear.electricity.works.json
2026-08-25 16:17:57,742 | WARNING | Unknown message type "gridworks.event.snapshot.spaceheat" in hw1__1/eventstore/20241015/hw1.isone.ng.beachrose.scada-gridworks.event.snapshot.spaceheat-1729015500215-ear.electricity.works.json
2026-08-25 16:17:57,742 | WARNING | Unknown message type "gridworks.event.snapshot.spaceheat" in hw1__1/eventstore/20241015/hw1.isone.ng.beachrose.scada-gridworks.event.snapshot.spaceheat-1729015800290-ear.electricity.works.json
2026-08-25 16:17:57,742 | WARNING | Unknown message type "gridworks.event.snapshot.spaceheat" in hw1__1/eventstore/20241015/hw1.isone.ng.beachrose.scada-gridworks.event.snapshot.spaceheat-1729015800290-ear.electricity.works.json
2026-08-25 16:17:57,742 | WARNING | Unknown message type "gridworks.event.snapshot.spaceheat" in hw1__1/eventstore/20241015/hw1.isone.ng.beachrose.scada-gridworks.event.snapshot.spaceheat-1729016100254-ear.electricity.works.json
2026-08-25 16:17:57,742 | WARNING | Unknown message type "gridworks.event.snapshot.spaceheat" in hw1__1/eventstore/20241015/hw1.isone.ng.beachrose.scada-gridworks.event.snapshot.spaceheat-1729016100254-ear.electricity.works.json
2026-08-25 16:17:57,742 | WARNING | Unknown message type "gridworks.event.snapshot.spaceheat" in hw1__1/eventstore/20241015/hw1.isone.ng.beachrose.scada-gridworks.event.snapshot.spaceheat-1729016400267-ear.electricity.works.json
2026-08-25 16:17:57,742 | WARNING | Unknown message type "gridworks.event.snapshot.spaceheat" in hw1__1/eventstore/20241015/hw1.isone.ng.beachrose.scada-gridworks.event.snapshot.spaceheat-1729016400267-ear.electricity.works.json
2026-08-25 16:17:57,742 | WARNING | Unknown message type "gridworks.event.snapshot.spaceheat" in hw1__1/eventstore/20241015/hw1.isone.ng.beachrose.scada-gridworks.event.snapshot.spaceheat-1729016700261-ear.electricity.works.json
2026-08-25 16:17:57,742 | WARNING | Unknown message type "gridworks.event.snapshot.spaceheat" in hw1__1/eventstore/20241015/hw1.isone.ng.beachrose.scada-gridworks.event.snapshot.spaceheat-1729016700261-ear.electricity.works.json
2026-08-25 16:17:57,742 | WARNING | Unknown message type "gridworks.event.snapshot.spaceheat" in hw1__1/eventstore/20241015/hw1.isone.ng.beachrose.scada-gridworks.event.snapshot.spaceheat-1729017000231-ear.electricity.works.json
2026-08-25 16:17:57,742 | WARNING | Unknown message type "gridworks.event.snapshot.spaceheat" in hw1__1/eventstore/20241015/hw1.isone.ng.beachrose.scada-gridworks.event.snapshot.spaceheat-1729017000231-ear.electricity.works.json
2026-08-25 16:17:57,742 | WARNING | Unknown message type "gridworks.event.snapshot.spaceheat" in hw1__1/eventstore/20241015/hw1.isone.ng.beachrose.scada-gridworks.event.snapshot.spaceheat-1729017300319-ear.electricity.works.json
2026-08-25 16:17:57,742 | WARNING | Unknown message type "gridworks.event.snapshot.spaceheat" in hw1__1/eventstore/20241015/hw1.isone.ng.beachrose.scada-gridworks.event.snapshot.spaceheat-1729017300319-ear.electricity.works.json
2026-08-25 16:17:57,743 | WARNING | Unknown message type "gridworks.event.snapshot.spaceheat" in hw1__1/eventstore/20241015/hw1.isone.ng.beachrose.scada-gridworks.event.snapshot.spaceheat-1729017600245-ear.electricity.works.json
2026-08-25 16:17:57,743 | WARNING | Unknown message type "gridworks.event.snapshot.spaceheat" in hw1__1/eventstore/20241015/hw1.isone.ng.beachrose.scada-gridworks.event.snapshot.spaceheat-1729017600245-ear.electricity.works.json
2026-08-25 16:17:57,743 | WARNING | Unknown message type "gridworks.event.snapshot.spaceheat" in hw1__1/eventstore/20241015/hw1.isone.ng.beachrose.scada-gridworks.event.snapshot.spaceheat-1729017900153-ear.electricity.works.json
2026-08-25 16:17:57,743 | WARNING | Unknown message type "gridworks.event.snapshot.spaceheat" in hw1__1/eventstore/20241015/hw1.isone.ng.beachrose.scada-gridworks.event.snapshot.spaceheat-1729017900153-ear.electricity.works.json
2026-08-25 16:17:57,743 | WARNING | Unknown message type "gridworks.event.snapshot.spaceheat" in hw1__1/eventstore/20241015/hw1.isone.ng.beachrose.scada-gridworks.event.snapshot.spaceheat-1729018200265-ear.electricity.works.json
2026-08-25 16:17:57,743 | WARNING | Unknown message type "gridworks.event.snapshot.spaceheat" in hw1__1/eventstore/20241015/hw1.isone.ng.beachrose.scada-gridworks.event.snapshot.spaceheat-1729018200265-ear.electricity.works.json
2026-08-25 16:17:57,743 | WARNING | Unknown message type "gridworks.event.snapshot.spaceheat" in hw1__1/eventstore/20241015/hw1.isone.ng.beachrose.scada-gridworks.event.snapshot.spaceheat-1729018500243-ear.electricity.works.json
2026-08-25 16:17:57,743 | WARNING | Unknown message type "gridworks.event.snapshot.spaceheat" in hw1__1/eventstore/20241015/hw1.isone.ng.beachrose.scada-gridworks.event.snapshot.spaceheat-1729018500243-ear.electricity.works.json
2026-08-25 16:17:57,743 | WARNING | Unknown message type "gridworks.event.snapshot.spaceheat" in hw1__1/eventstore/20241015/hw1.isone.ng.beachrose.scada-gridworks.event.snapshot.spaceheat-1729018800218-ear.electricity.works.json
2026-08-25 16:17:57,743 | WARNING | Unknown message type "gridworks.event.snapshot.spaceheat" in hw1__1/eventstore/20241015/hw1.isone.ng.beachrose.scada-gridworks.event.snapshot.spaceheat-1729018800218-ear.electricity.works.json
2026-08-25 16:17:57,743 | WARNING | Unknown message type "gridworks.event.snapshot.spaceheat" in hw1__1/eventstore/20241015/hw1.isone.ng.beachrose.scada-gridworks.event.snapshot.spaceheat-1729019100361-ear.electricity.works.json
2026-08-25 16:17:57,743 | WARNING | Unknown message type "gridworks.event.snapshot.spaceheat" in hw1__1/eventstore/20241015/hw1.isone.ng.beachrose.scada-gridworks.event.snapshot.spaceheat-1729019100361-ear.electricity.works.json
2026-08-25 16:17:57,743 | WARNING | Unknown message type "gridworks.event.snapshot.spaceheat" in hw1__1/eventstore/20241015/hw1.isone.ng.beachrose.scada-gridworks.event.snapshot.spaceheat-1729019400231-ear.electricity.works.json
2026-08-25 16:17:57,743 | WARNING | Unknown message type "gridworks.event.snapshot.spaceheat" in hw1__1/eventstore/20241015/hw1.isone.ng.beachrose.scada-gridworks.event.snapshot.spaceheat-1729019400231-ear.electricity.works.json
2026-08-25 16:17:57,743 | WARNING | Unknown message type "gridworks.event.snapshot.spaceheat" in hw1__1/eventstore/20241015/hw1.isone.ng.beachrose.scada-gridworks.event.snapshot.spaceheat-1729019700146-ear.electricity.works.json
2026-08-25 16:17:57,743 | WARNING | Unknown message type "gridworks.event.snapshot.spaceheat" in hw1__1/eventstore/20241015/hw1.isone.ng.beachrose.scada-gridworks.event.snapshot.spaceheat-1729019700146-ear.electricity.works.json
2026-08-25 16:17:57,743 | WARNING | Unknown message type "gridworks.event.snapshot.spaceheat" in hw1__1/eventstore/20241015/hw1.isone.ng.beachrose.scada-gridworks.event.snapshot.spaceheat-1729020000201-ear.electricity.works.json
2026-08-25 16:17:57,743 | WARNING | Unknown message type "gridworks.event.snapshot.spaceheat" in hw1__1/eventstore/20241015/hw1.isone.ng.beachrose.scada-gridworks.event.snapshot.spaceheat-1729020000201-ear.electricity.works.json
2026-08-25 16:17:57,743 | WARNING | Unknown message type "gridworks.event.snapshot.spaceheat" in hw1__1/eventstore/20241015/hw1.isone.ng.beachrose.scada-gridworks.event.snapshot.spaceheat-1729020300259-ear.electricity.works.json
2026-08-25 16:17:57,743 | WARNING | Unknown message type "gridworks.event.snapshot.spaceheat" in hw1__1/eventstore/20241015/hw1.isone.ng.beachrose.scada-gridworks.event.snapshot.spaceheat-1729020300259-ear.electricity.works.json
2026-08-25 16:17:57,743 | WARNING | Unknown message type "gridworks.event.snapshot.spaceheat" in hw1__1/eventstore/20241015/hw1.isone.ng.beachrose.scada-gridworks.event.snapshot.spaceheat-1729020600221-ear.electricity.works.json
2026-08-25 16:17:57,743 | WARNING | Unknown message type "gridworks.event.snapshot.spaceheat" in hw1__1/eventstore/20241015/hw1.isone.ng.beachrose.scada-gridworks.event.snapshot.spaceheat-1729020600221-ear.electricity.works.json
2026-08-25 16:17:57,743 | WARNING | Unknown message type "gridworks.event.snapshot.spaceheat" in hw1__1/eventstore/20241015/hw1.isone.ng.beachrose.scada-gridworks.event.snapshot.spaceheat-1729020900157-ear.electricity.works.json
2026-08-25 16:17:57,743 | WARNING | Unknown message type "gridworks.event.snapshot.spaceheat" in hw1__1/eventstore/20241015/hw1.isone.ng.beachrose.scada-gridworks.event.snapshot.spaceheat-1729020900157-ear.electricity.works.json
2026-08-25 16:17:57,743 | WARNING | Unknown message type "gridworks.event.snapshot.spaceheat" in hw1__1/eventstore/20241015/hw1.isone.ng.beachrose.scada-gridworks.event.snapshot.spaceheat-1729021200193-ear.electricity.works.json
2026-08-25 16:17:57,743 | WARNING | Unknown message type "gridworks.event.snapshot.spaceheat" in hw1__1/eventstore/20241015/hw1.isone.ng.beachrose.scada-gridworks.event.snapshot.spaceheat-1729021200193-ear.electricity.works.json
2026-08-25 16:17:57,743 | WARNING | Unknown message type "gridworks.event.snapshot.spaceheat" in hw1__1/eventstore/20241015/hw1.isone.ng.beachrose.scada-gridworks.event.snapshot.spaceheat-1729021500279-ear.electricity.works.json
2026-08-25 16:17:57,743 | WARNING | Unknown message type "gridworks.event.snapshot.spaceheat" in hw1__1/eventstore/20241015/hw1.isone.ng.beachrose.scada-gridworks.event.snapshot.spaceheat-1729021500279-ear.electricity.works.json
2026-08-25 16:17:57,743 | WARNING | Unknown message type "gridworks.event.snapshot.spaceheat" in hw1__1/eventstore/20241015/hw1.isone.ng.beachrose.scada-gridworks.event.snapshot.spaceheat-1729021800386-ear.electricity.works.json
2026-08-25 16:17:57,743 | WARNING | Unknown message type "gridworks.event.snapshot.spaceheat" in hw1__1/eventstore/20241015/hw1.isone.ng.beachrose.scada-gridworks.event.snapshot.spaceheat-1729021800386-ear.electricity.works.json
2026-08-25 16:17:57,743 | WARNING | Unknown message type "gridworks.event.snapshot.spaceheat" in hw1__1/eventstore/20241015/hw1.isone.ng.beachrose.scada-gridworks.event.snapshot.spaceheat-1729022100358-ear.electricity.works.json
2026-08-25 16:17:57,743 | WARNING | Unknown message type "gridworks.event.snapshot.spaceheat" in hw1__1/eventstore/20241015/hw1.isone.ng.beachrose.scada-gridworks.event.snapshot.spaceheat-1729022100358-ear.electricity.works.json
2026-08-25 16:17:57,743 | WARNING | Unknown message type "gridworks.event.snapshot.spaceheat" in hw1__1/eventstore/20241015/hw1.isone.ng.beachrose.scada-gridworks.event.snapshot.spaceheat-1729022400322-ear.electricity.works.json
2026-08-25 16:17:57,743 | WARNING | Unknown message type "gridworks.event.snapshot.spaceheat" in hw1__1/eventstore/20241015/hw1.isone.ng.beachrose.scada-gridworks.event.snapshot.spaceheat-1729022400322-ear.electricity.works.json
2026-08-25 16:17:57,743 | WARNING | Unknown message type "gridworks.event.snapshot.spaceheat" in hw1__1/eventstore/20241015/hw1.isone.ng.beachrose.scada-gridworks.event.snapshot.spaceheat-1729022700330-ear.electricity.works.json
2026-08-25 16:17:57,743 | WARNING | Unknown message type "gridworks.event.snapshot.spaceheat" in hw1__1/eventstore/20241015/hw1.isone.ng.beachrose.scada-gridworks.event.snapshot.spaceheat-1729022700330-ear.electricity.works.json
2026-08-25 16:17:57,743 | WARNING | Unknown message type "gridworks.event.snapshot.spaceheat" in hw1__1/eventstore/20241015/hw1.isone.ng.beachrose.scada-gridworks.event.snapshot.spaceheat-1729023000460-ear.electricity.works.json
2026-08-25 16:17:57,743 | WARNING | Unknown message type "gridworks.event.snapshot.spaceheat" in hw1__1/eventstore/20241015/hw1.isone.ng.beachrose.scada-gridworks.event.snapshot.spaceheat-1729023000460-ear.electricity.works.json
2026-08-25 16:17:57,743 | WARNING | Unknown message type "gridworks.event.snapshot.spaceheat" in hw1__1/eventstore/20241015/hw1.isone.ng.beachrose.scada-gridworks.event.snapshot.spaceheat-1729023300272-ear.electricity.works.json
2026-08-25 16:17:57,743 | WARNING | Unknown message type "gridworks.event.snapshot.spaceheat" in hw1__1/eventstore/20241015/hw1.isone.ng.beachrose.scada-gridworks.event.snapshot.spaceheat-1729023300272-ear.electricity.works.json
2026-08-25 16:17:57,743 | WARNING | Unknown message type "gridworks.event.snapshot.spaceheat" in hw1__1/eventstore/20241015/hw1.isone.ng.beachrose.scada-gridworks.event.snapshot.spaceheat-1729023600276-ear.electricity.works.json
2026-08-25 16:17:57,743 | WARNING | Unknown message type "gridworks.event.snapshot.spaceheat" in hw1__1/eventstore/20241015/hw1.isone.ng.beachrose.scada-gridworks.event.snapshot.spaceheat-1729023600276-ear.electricity.works.json
2026-08-25 16:17:57,743 | WARNING | Unknown message type "gridworks.event.snapshot.spaceheat" in hw1__1/eventstore/20241015/hw1.isone.ng.beachrose.scada-gridworks.event.snapshot.spaceheat-1729023900433-ear.electricity.works.json
2026-08-25 16:17:57,743 | WARNING | Unknown message type "gridworks.event.snapshot.spaceheat" in hw1__1/eventstore/20241015/hw1.isone.ng.beachrose.scada-gridworks.event.snapshot.spaceheat-1729023900433-ear.electricity.works.json
2026-08-25 16:17:57,743 | WARNING | Unknown message type "gridworks.event.snapshot.spaceheat" in hw1__1/eventstore/20241015/hw1.isone.ng.beachrose.scada-gridworks.event.snapshot.spaceheat-1729024200280-ear.electricity.works.json
2026-08-25 16:17:57,743 | WARNING | Unknown message type "gridworks.event.snapshot.spaceheat" in hw1__1/eventstore/20241015/hw1.isone.ng.beachrose.scada-gridworks.event.snapshot.spaceheat-1729024200280-ear.electricity.works.json
2026-08-25 16:17:57,743 | WARNING | Unknown message type "gridworks.event.snapshot.spaceheat" in hw1__1/eventstore/20241015/hw1.isone.ng.beachrose.scada-gridworks.event.snapshot.spaceheat-1729024500369-ear.electricity.works.json
2026-08-25 16:17:57,743 | WARNING | Unknown message type "gridworks.event.snapshot.spaceheat" in hw1__1/eventstore/20241015/hw1.isone.ng.beachrose.scada-gridworks.event.snapshot.spaceheat-1729024500369-ear.electricity.works.json
2026-08-25 16:17:57,743 | WARNING | Unknown message type "gridworks.event.snapshot.spaceheat" in hw1__1/eventstore/20241015/hw1.isone.ng.beachrose.scada-gridworks.event.snapshot.spaceheat-1729024800301-ear.electricity.works.json
2026-08-25 16:17:57,743 | WARNING | Unknown message type "gridworks.event.snapshot.spaceheat" in hw1__1/eventstore/20241015/hw1.isone.ng.beachrose.scada-gridworks.event.snapshot.spaceheat-1729024800301-ear.electricity.works.json
2026-08-25 16:17:57,743 | WARNING | Unknown message type "gridworks.event.snapshot.spaceheat" in hw1__1/eventstore/20241015/hw1.isone.ng.beachrose.scada-gridworks.event.snapshot.spaceheat-1729025100367-ear.electricity.works.json
2026-08-25 16:17:57,743 | WARNING | Unknown message type "gridworks.event.snapshot.spaceheat" in hw1__1/eventstore/20241015/hw1.isone.ng.beachrose.scada-gridworks.event.snapshot.spaceheat-1729025100367-ear.electricity.works.json
2026-08-25 16:17:57,743 | WARNING | Unknown message type "gridworks.event.snapshot.spaceheat" in hw1__1/eventstore/20241015/hw1.isone.ng.beachrose.scada-gridworks.event.snapshot.spaceheat-1729025400307-ear.electricity.works.json
2026-08-25 16:17:57,743 | WARNING | Unknown message type "gridworks.event.snapshot.spaceheat" in hw1__1/eventstore/20241015/hw1.isone.ng.beachrose.scada-gridworks.event.snapshot.spaceheat-1729025400307-ear.electricity.works.json
2026-08-25 16:17:57,743 | WARNING | Unknown message type "gridworks.event.snapshot.spaceheat" in hw1__1/eventstore/20241015/hw1.isone.ng.beachrose.scada-gridworks.event.snapshot.spaceheat-1729025700289-ear.electricity.works.json
2026-08-25 16:17:57,743 | WARNING | Unknown message type "gridworks.event.snapshot.spaceheat" in hw1__1/eventstore/20241015/hw1.isone.ng.beachrose.scada-gridworks.event.snapshot.spaceheat-1729025700289-ear.electricity.works.json
2026-08-25 16:17:57,743 | WARNING | Unknown message type "gridworks.event.snapshot.spaceheat" in hw1__1/eventstore/20241015/hw1.isone.ng.beachrose.scada-gridworks.event.snapshot.spaceheat-1729026000302-ear.electricity.works.json
2026-08-25 16:17:57,743 | WARNING | Unknown message type "gridworks.event.snapshot.spaceheat" in hw1__1/eventstore/20241015/hw1.isone.ng.beachrose.scada-gridworks.event.snapshot.spaceheat-1729026000302-ear.electricity.works.json
2026-08-25 16:17:57,743 | WARNING | Unknown message type "gridworks.event.snapshot.spaceheat" in hw1__1/eventstore/20241015/hw1.isone.ng.beachrose.scada-gridworks.event.snapshot.spaceheat-1729026300343-ear.electricity.works.json
2026-08-25 16:17:57,743 | WARNING | Unknown message type "gridworks.event.snapshot.spaceheat" in hw1__1/eventstore/20241015/hw1.isone.ng.beachrose.scada-gridworks.event.snapshot.spaceheat-1729026300343-ear.electricity.works.json
2026-08-25 16:17:57,743 | WARNING | Unknown message type "gridworks.event.snapshot.spaceheat" in hw1__1/eventstore/20241015/hw1.isone.ng.beachrose.scada-gridworks.event.snapshot.spaceheat-1729026600289-ear.electricity.works.json
2026-08-25 16:17:57,743 | WARNING | Unknown message type "gridworks.event.snapshot.spaceheat" in hw1__1/eventstore/20241015/hw1.isone.ng.beachrose.scada-gridworks.event.snapshot.spaceheat-1729026600289-ear.electricity.works.json
2026-08-25 16:17:57,743 | WARNING | Unknown message type "gridworks.event.snapshot.spaceheat" in hw1__1/eventstore/20241015/hw1.isone.ng.beachrose.scada-gridworks.event.snapshot.spaceheat-1729026900278-ear.electricity.works.json
2026-08-25 16:17:57,743 | WARNING | Unknown message type "gridworks.event.snapshot.spaceheat" in hw1__1/eventstore/20241015/hw1.isone.ng.beachrose.scada-gridworks.event.snapshot.spaceheat-1729026900278-ear.electricity.works.json
2026-08-25 16:17:57,743 | WARNING | Unknown message type "gridworks.event.snapshot.spaceheat" in hw1__1/eventstore/20241015/hw1.isone.ng.beachrose.scada-gridworks.event.snapshot.spaceheat-1729027200305-ear.electricity.works.json
2026-08-25 16:17:57,743 | WARNING | Unknown message type "gridworks.event.snapshot.spaceheat" in hw1__1/eventstore/20241015/hw1.isone.ng.beachrose.scada-gridworks.event.snapshot.spaceheat-1729027200305-ear.electricity.works.json
2026-08-25 16:17:57,743 | WARNING | Unknown message type "gridworks.event.snapshot.spaceheat" in hw1__1/eventstore/20241015/hw1.isone.ng.beachrose.scada-gridworks.event.snapshot.spaceheat-1729027500240-ear.electricity.works.json
2026-08-25 16:17:57,743 | WARNING | Unknown message type "gridworks.event.snapshot.spaceheat" in hw1__1/eventstore/20241015/hw1.isone.ng.beachrose.scada-gridworks.event.snapshot.spaceheat-1729027500240-ear.electricity.works.json
2026-08-25 16:17:57,743 | WARNING | Unknown message type "gridworks.event.snapshot.spaceheat" in hw1__1/eventstore/20241015/hw1.isone.ng.beachrose.scada-gridworks.event.snapshot.spaceheat-1729027800388-ear.electricity.works.json
2026-08-25 16:17:57,743 | WARNING | Unknown message type "gridworks.event.snapshot.spaceheat" in hw1__1/eventstore/20241015/hw1.isone.ng.beachrose.scada-gridworks.event.snapshot.spaceheat-1729027800388-ear.electricity.works.json
2026-08-25 16:17:57,743 | WARNING | Unknown message type "gridworks.event.snapshot.spaceheat" in hw1__1/eventstore/20241015/hw1.isone.ng.beachrose.scada-gridworks.event.snapshot.spaceheat-1729028100322-ear.electricity.works.json
2026-08-25 16:17:57,743 | WARNING | Unknown message type "gridworks.event.snapshot.spaceheat" in hw1__1/eventstore/20241015/hw1.isone.ng.beachrose.scada-gridworks.event.snapshot.spaceheat-1729028100322-ear.electricity.works.json
2026-08-25 16:17:57,743 | WARNING | Unknown message type "gridworks.event.snapshot.spaceheat" in hw1__1/eventstore/20241015/hw1.isone.ng.beachrose.scada-gridworks.event.snapshot.spaceheat-1729028400290-ear.electricity.works.json
2026-08-25 16:17:57,743 | WARNING | Unknown message type "gridworks.event.snapshot.spaceheat" in hw1__1/eventstore/20241015/hw1.isone.ng.beachrose.scada-gridworks.event.snapshot.spaceheat-1729028400290-ear.electricity.works.json
2026-08-25 16:17:57,743 | WARNING | Unknown message type "gridworks.event.snapshot.spaceheat" in hw1__1/eventstore/20241015/hw1.isone.ng.beachrose.scada-gridworks.event.snapshot.spaceheat-1729028700245-ear.electricity.works.json
2026-08-25 16:17:57,743 | WARNING | Unknown message type "gridworks.event.snapshot.spaceheat" in hw1__1/eventstore/20241015/hw1.isone.ng.beachrose.scada-gridworks.event.snapshot.spaceheat-1729028700245-ear.electricity.works.json
2026-08-25 16:17:57,743 | WARNING | Unknown message type "gridworks.event.snapshot.spaceheat" in hw1__1/eventstore/20241015/hw1.isone.ng.beachrose.scada-gridworks.event.snapshot.spaceheat-1729029000382-ear.electricity.works.json
2026-08-25 16:17:57,743 | WARNING | Unknown message type "gridworks.event.snapshot.spaceheat" in hw1__1/eventstore/20241015/hw1.isone.ng.beachrose.scada-gridworks.event.snapshot.spaceheat-1729029000382-ear.electricity.works.json
2026-08-25 16:17:57,743 | WARNING | Unknown message type "gridworks.event.snapshot.spaceheat" in hw1__1/eventstore/20241015/hw1.isone.ng.beachrose.scada-gridworks.event.snapshot.spaceheat-1729029300251-ear.electricity.works.json
2026-08-25 16:17:57,743 | WARNING | Unknown message type "gridworks.event.snapshot.spaceheat" in hw1__1/eventstore/20241015/hw1.isone.ng.beachrose.scada-gridworks.event.snapshot.spaceheat-1729029300251-ear.electricity.works.json
2026-08-25 16:17:57,743 | WARNING | Unknown message type "gridworks.event.snapshot.spaceheat" in hw1__1/eventstore/20241015/hw1.isone.ng.beachrose.scada-gridworks.event.snapshot.spaceheat-1729029600304-ear.electricity.works.json
2026-08-25 16:17:57,743 | WARNING | Unknown message type "gridworks.event.snapshot.spaceheat" in hw1__1/eventstore/20241015/hw1.isone.ng.beachrose.scada-gridworks.event.snapshot.spaceheat-1729029600304-ear.electricity.works.json
2026-08-25 16:17:57,743 | WARNING | Unknown message type "gridworks.event.snapshot.spaceheat" in hw1__1/eventstore/20241015/hw1.isone.ng.beachrose.scada-gridworks.event.snapshot.spaceheat-1729029900236-ear.electricity.works.json
2026-08-25 16:17:57,743 | WARNING | Unknown message type "gridworks.event.snapshot.spaceheat" in hw1__1/eventstore/20241015/hw1.isone.ng.beachrose.scada-gridworks.event.snapshot.spaceheat-1729029900236-ear.electricity.works.json
2026-08-25 16:17:57,743 | WARNING | Unknown message type "gridworks.event.snapshot.spaceheat" in hw1__1/eventstore/20241015/hw1.isone.ng.beachrose.scada-gridworks.event.snapshot.spaceheat-1729030200345-ear.electricity.works.json
2026-08-25 16:17:57,743 | WARNING | Unknown message type "gridworks.event.snapshot.spaceheat" in hw1__1/eventstore/20241015/hw1.isone.ng.beachrose.scada-gridworks.event.snapshot.spaceheat-1729030200345-ear.electricity.works.json
2026-08-25 16:17:57,743 | WARNING | Unknown message type "gridworks.event.snapshot.spaceheat" in hw1__1/eventstore/20241015/hw1.isone.ng.beachrose.scada-gridworks.event.snapshot.spaceheat-1729030500318-ear.electricity.works.json
2026-08-25 16:17:57,743 | WARNING | Unknown message type "gridworks.event.snapshot.spaceheat" in hw1__1/eventstore/20241015/hw1.isone.ng.beachrose.scada-gridworks.event.snapshot.spaceheat-1729030500318-ear.electricity.works.json
2026-08-25 16:17:57,743 | WARNING | Unknown message type "gridworks.event.snapshot.spaceheat" in hw1__1/eventstore/20241015/hw1.isone.ng.beachrose.scada-gridworks.event.snapshot.spaceheat-1729030800385-ear.electricity.works.json
2026-08-25 16:17:57,743 | WARNING | Unknown message type "gridworks.event.snapshot.spaceheat" in hw1__1/eventstore/20241015/hw1.isone.ng.beachrose.scada-gridworks.event.snapshot.spaceheat-1729030800385-ear.electricity.works.json
2026-08-25 16:17:57,743 | WARNING | Unknown message type "gridworks.event.snapshot.spaceheat" in hw1__1/eventstore/20241015/hw1.isone.ng.beachrose.scada-gridworks.event.snapshot.spaceheat-1729031100272-ear.electricity.works.json
2026-08-25 16:17:57,743 | WARNING | Unknown message type "gridworks.event.snapshot.spaceheat" in hw1__1/eventstore/20241015/hw1.isone.ng.beachrose.scada-gridworks.event.snapshot.spaceheat-1729031100272-ear.electricity.works.json
2026-08-25 16:17:57,743 | WARNING | Unknown message type "gridworks.event.snapshot.spaceheat" in hw1__1/eventstore/20241015/hw1.isone.ng.beachrose.scada-gridworks.event.snapshot.spaceheat-1729031400353-ear.electricity.works.json
2026-08-25 16:17:57,743 | WARNING | Unknown message type "gridworks.event.snapshot.spaceheat" in hw1__1/eventstore/20241015/hw1.isone.ng.beachrose.scada-gridworks.event.snapshot.spaceheat-1729031400353-ear.electricity.works.json
2026-08-25 16:17:57,743 | WARNING | Unknown message type "gridworks.event.snapshot.spaceheat" in hw1__1/eventstore/20241015/hw1.isone.ng.beachrose.scada-gridworks.event.snapshot.spaceheat-1729031700239-ear.electricity.works.json
2026-08-25 16:17:57,743 | WARNING | Unknown message type "gridworks.event.snapshot.spaceheat" in hw1__1/eventstore/20241015/hw1.isone.ng.beachrose.scada-gridworks.event.snapshot.spaceheat-1729031700239-ear.electricity.works.json
2026-08-25 16:17:57,743 | WARNING | Unknown message type "gridworks.event.snapshot.spaceheat" in hw1__1/eventstore/20241015/hw1.isone.ng.beachrose.scada-gridworks.event.snapshot.spaceheat-1729032000599-ear.electricity.works.json
2026-08-25 16:17:57,743 | WARNING | Unknown message type "gridworks.event.snapshot.spaceheat" in hw1__1/eventstore/20241015/hw1.isone.ng.beachrose.scada-gridworks.event.snapshot.spaceheat-1729032000599-ear.electricity.works.json
2026-08-25 16:17:57,743 | WARNING | Unknown message type "gridworks.event.snapshot.spaceheat" in hw1__1/eventstore/20241015/hw1.isone.ng.beachrose.scada-gridworks.event.snapshot.spaceheat-1729032300369-ear.electricity.works.json
2026-08-25 16:17:57,743 | WARNING | Unknown message type "gridworks.event.snapshot.spaceheat" in hw1__1/eventstore/20241015/hw1.isone.ng.beachrose.scada-gridworks.event.snapshot.spaceheat-1729032300369-ear.electricity.works.json
2026-08-25 16:17:57,743 | WARNING | Unknown message type "gridworks.event.snapshot.spaceheat" in hw1__1/eventstore/20241015/hw1.isone.ng.beachrose.scada-gridworks.event.snapshot.spaceheat-1729032600313-ear.electricity.works.json
2026-08-25 16:17:57,743 | WARNING | Unknown message type "gridworks.event.snapshot.spaceheat" in hw1__1/eventstore/20241015/hw1.isone.ng.beachrose.scada-gridworks.event.snapshot.spaceheat-1729032600313-ear.electricity.works.json
2026-08-25 16:17:57,743 | WARNING | Unknown message type "gridworks.event.snapshot.spaceheat" in hw1__1/eventstore/20241015/hw1.isone.ng.beachrose.scada-gridworks.event.snapshot.spaceheat-1729032900281-ear.electricity.works.json
2026-08-25 16:17:57,743 | WARNING | Unknown message type "gridworks.event.snapshot.spaceheat" in hw1__1/eventstore/20241015/hw1.isone.ng.beachrose.scada-gridworks.event.snapshot.spaceheat-1729032900281-ear.electricity.works.json
2026-08-25 16:17:57,743 | WARNING | Unknown message type "gridworks.event.snapshot.spaceheat" in hw1__1/eventstore/20241015/hw1.isone.ng.beachrose.scada-gridworks.event.snapshot.spaceheat-1729033200297-ear.electricity.works.json
2026-08-25 16:17:57,743 | WARNING | Unknown message type "gridworks.event.snapshot.spaceheat" in hw1__1/eventstore/20241015/hw1.isone.ng.beachrose.scada-gridworks.event.snapshot.spaceheat-1729033200297-ear.electricity.works.json
2026-08-25 16:17:57,743 | WARNING | Unknown message type "gridworks.event.snapshot.spaceheat" in hw1__1/eventstore/20241015/hw1.isone.ng.beachrose.scada-gridworks.event.snapshot.spaceheat-1729033500337-ear.electricity.works.json
2026-08-25 16:17:57,743 | WARNING | Unknown message type "gridworks.event.snapshot.spaceheat" in hw1__1/eventstore/20241015/hw1.isone.ng.beachrose.scada-gridworks.event.snapshot.spaceheat-1729033500337-ear.electricity.works.json
2026-08-25 16:17:57,743 | WARNING | Unknown message type "gridworks.event.snapshot.spaceheat" in hw1__1/eventstore/20241015/hw1.isone.ng.beachrose.scada-gridworks.event.snapshot.spaceheat-1729033800276-ear.electricity.works.json
2026-08-25 16:17:57,743 | WARNING | Unknown message type "gridworks.event.snapshot.spaceheat" in hw1__1/eventstore/20241015/hw1.isone.ng.beachrose.scada-gridworks.event.snapshot.spaceheat-1729033800276-ear.electricity.works.json
2026-08-25 16:17:57,743 | WARNING | Unknown message type "gridworks.event.snapshot.spaceheat" in hw1__1/eventstore/20241015/hw1.isone.ng.beachrose.scada-gridworks.event.snapshot.spaceheat-1729034100343-ear.electricity.works.json
2026-08-25 16:17:57,743 | WARNING | Unknown message type "gridworks.event.snapshot.spaceheat" in hw1__1/eventstore/20241015/hw1.isone.ng.beachrose.scada-gridworks.event.snapshot.spaceheat-1729034100343-ear.electricity.works.json
2026-08-25 16:17:57,743 | WARNING | Unknown message type "gridworks.event.snapshot.spaceheat" in hw1__1/eventstore/20241015/hw1.isone.ng.beachrose.scada-gridworks.event.snapshot.spaceheat-1729034400387-ear.electricity.works.json
2026-08-25 16:17:57,743 | WARNING | Unknown message type "gridworks.event.snapshot.spaceheat" in hw1__1/eventstore/20241015/hw1.isone.ng.beachrose.scada-gridworks.event.snapshot.spaceheat-1729034400387-ear.electricity.works.json
2026-08-25 16:17:57,743 | WARNING | Unknown message type "gridworks.event.snapshot.spaceheat" in hw1__1/eventstore/20241015/hw1.isone.ng.beachrose.scada-gridworks.event.snapshot.spaceheat-1729034700313-ear.electricity.works.json
2026-08-25 16:17:57,743 | WARNING | Unknown message type "gridworks.event.snapshot.spaceheat" in hw1__1/eventstore/20241015/hw1.isone.ng.beachrose.scada-gridworks.event.snapshot.spaceheat-1729034700313-ear.electricity.works.json
2026-08-25 16:17:57,743 | WARNING | Unknown message type "gridworks.event.snapshot.spaceheat" in hw1__1/eventstore/20241015/hw1.isone.ng.beachrose.scada-gridworks.event.snapshot.spaceheat-1729035000298-ear.electricity.works.json
2026-08-25 16:17:57,743 | WARNING | Unknown message type "gridworks.event.snapshot.spaceheat" in hw1__1/eventstore/20241015/hw1.isone.ng.beachrose.scada-gridworks.event.snapshot.spaceheat-1729035000298-ear.electricity.works.json
2026-08-25 16:17:57,743 | WARNING | Unknown message type "gridworks.event.snapshot.spaceheat" in hw1__1/eventstore/20241015/hw1.isone.ng.beachrose.scada-gridworks.event.snapshot.spaceheat-1729035300587-ear.electricity.works.json
2026-08-25 16:17:57,743 | WARNING | Unknown message type "gridworks.event.snapshot.spaceheat" in hw1__1/eventstore/20241015/hw1.isone.ng.beachrose.scada-gridworks.event.snapshot.spaceheat-1729035300587-ear.electricity.works.json
2026-08-25 16:17:57,743 | WARNING | Unknown message type "gridworks.event.snapshot.spaceheat" in hw1__1/eventstore/20241015/hw1.isone.ng.beachrose.scada-gridworks.event.snapshot.spaceheat-1729035600292-ear.electricity.works.json
2026-08-25 16:17:57,743 | WARNING | Unknown message type "gridworks.event.snapshot.spaceheat" in hw1__1/eventstore/20241015/hw1.isone.ng.beachrose.scada-gridworks.event.snapshot.spaceheat-1729035600292-ear.electricity.works.json
2026-08-25 16:17:57,743 | WARNING | Unknown message type "gridworks.event.snapshot.spaceheat" in hw1__1/eventstore/20241015/hw1.isone.ng.beachrose.scada-gridworks.event.snapshot.spaceheat-1729035900376-ear.electricity.works.json
2026-08-25 16:17:57,743 | WARNING | Unknown message type "gridworks.event.snapshot.spaceheat" in hw1__1/eventstore/20241015/hw1.isone.ng.beachrose.scada-gridworks.event.snapshot.spaceheat-1729035900376-ear.electricity.works.json
2026-08-25 16:17:57,743 | WARNING | Unknown message type "gridworks.event.snapshot.spaceheat" in hw1__1/eventstore/20241015/hw1.isone.ng.beachrose.scada-gridworks.event.snapshot.spaceheat-1729036200352-ear.electricity.works.json
2026-08-25 16:17:57,743 | WARNING | Unknown message type "gridworks.event.snapshot.spaceheat" in hw1__1/eventstore/20241015/hw1.isone.ng.beachrose.scada-gridworks.event.snapshot.spaceheat-1729036200352-ear.electricity.works.json
2026-08-25 16:17:57,743 | WARNING | Unknown message type "gridworks.event.snapshot.spaceheat" in hw1__1/eventstore/20241015/hw1.isone.ng.beachrose.scada-gridworks.event.snapshot.spaceheat-1729036500353-ear.electricity.works.json
2026-08-25 16:17:57,743 | WARNING | Unknown message type "gridworks.event.snapshot.spaceheat" in hw1__1/eventstore/20241015/hw1.isone.ng.beachrose.scada-gridworks.event.snapshot.spaceheat-1729036500353-ear.electricity.works.json
2026-08-25 16:17:57,743 | WARNING | Unknown message type "gridworks.event.snapshot.spaceheat" in hw1__1/eventstore/20241015/hw1.isone.ng.beachrose.scada-gridworks.event.snapshot.spaceheat-1729036800340-ear.electricity.works.json
2026-08-25 16:17:57,743 | WARNING | Unknown message type "gridworks.event.snapshot.spaceheat" in hw1__1/eventstore/20241015/hw1.isone.ng.beachrose.scada-gridworks.event.snapshot.spaceheat-1729036800340-ear.electricity.works.json
2026-08-25 16:17:58,022 | INFO | Completed 24900 messages (79931029B) thru 2024-10-15T00:02:06.224000+00:00
2026-08-25 16:17:59,417 | INFO | Completed 25000 messages (80125426B) thru 2024-10-15T00:09:30.985000+00:00
2026-08-25 16:18:00,656 | INFO | Completed 25100 messages (80327821B) thru 2024-10-15T00:16:03.930000+00:00
2026-08-25 16:18:01,807 | INFO | Completed 25200 messages (80631709B) thru 2024-10-15T00:27:34.285000+00:00
2026-08-25 16:18:03,182 | INFO | Completed 25300 messages (80953441B) thru 2024-10-15T00:39:57.597000+00:00
2026-08-25 16:18:04,646 | INFO | Completed 25400 messages (81273455B) thru 2024-10-15T00:51:30.097000+00:00
2026-08-25 16:18:05,786 | INFO | Completed 25500 messages (81560358B) thru 2024-10-15T01:02:00.524000+00:00
2026-08-25 16:18:07,199 | INFO | Completed 25600 messages (81871091B) thru 2024-10-15T01:13:31.038000+00:00
2026-08-25 16:18:08,320 | INFO | Completed 25700 messages (82180196B) thru 2024-10-15T01:25:00.166000+00:00
2026-08-25 16:18:09,550 | INFO | Completed 25800 messages (82494981B) thru 2024-10-15T01:36:31.422000+00:00
2026-08-25 16:18:11,067 | INFO | Completed 25900 messages (82884049B) thru 2024-10-15T01:51:01.845000+00:00
2026-08-25 16:18:12,279 | INFO | Completed 26000 messages (83281654B) thru 2024-10-15T02:06:02.423000+00:00
2026-08-25 16:18:13,364 | INFO | Completed 26100 messages (83574867B) thru 2024-10-15T02:16:47.721000+00:00
2026-08-25 16:18:14,510 | INFO | Completed 26200 messages (83898894B) thru 2024-10-15T02:28:38.859000+00:00
2026-08-25 16:18:15,686 | INFO | Completed 26300 messages (84253643B) thru 2024-10-15T02:42:03.334000+00:00
2026-08-25 16:18:16,776 | INFO | Completed 26400 messages (84649262B) thru 2024-10-15T02:57:03.781000+00:00
2026-08-25 16:18:17,985 | INFO | Completed 26500 messages (85053770B) thru 2024-10-15T03:12:31.490000+00:00
2026-08-25 16:18:19,564 | INFO | Completed 26600 messages (85448526B) thru 2024-10-15T03:27:34.537000+00:00
2026-08-25 16:18:20,670 | INFO | Completed 26700 messages (85774115B) thru 2024-10-15T03:40:00.144000+00:00
2026-08-25 16:18:21,875 | INFO | Completed 26800 messages (86114197B) thru 2024-10-15T03:52:00.407000+00:00
2026-08-25 16:18:23,082 | INFO | Completed 26900 messages (86370455B) thru 2024-10-15T04:01:00.646000+00:00
2026-08-25 16:18:24,373 | INFO | Completed 27000 messages (86660116B) thru 2024-10-15T04:11:30.935000+00:00
2026-08-25 16:18:25,572 | INFO | Completed 27100 messages (86888623B) thru 2024-10-15T04:20:00.146000+00:00
2026-08-25 16:18:26,835 | INFO | Completed 27200 messages (87169419B) thru 2024-10-15T04:30:00.160000+00:00
2026-08-25 16:18:28,086 | INFO | Completed 27300 messages (87398475B) thru 2024-10-15T04:38:16.549000+00:00
2026-08-25 16:18:29,621 | INFO | Completed 27400 messages (87600988B) thru 2024-10-15T04:45:00.298000+00:00
2026-08-25 16:18:31,127 | INFO | Completed 27500 messages (87858104B) thru 2024-10-15T04:55:00.021000+00:00
2026-08-25 16:18:32,273 | INFO | Completed 27600 messages (88256834B) thru 2024-10-15T05:10:00.129000+00:00
2026-08-25 16:18:33,421 | INFO | Completed 27700 messages (88659236B) thru 2024-10-15T05:25:00.215000+00:00
2026-08-25 16:18:34,696 | INFO | Completed 27800 messages (89058365B) thru 2024-10-15T05:40:00.216000+00:00
2026-08-25 16:18:36,009 | INFO | Completed 27900 messages (89456646B) thru 2024-10-15T05:55:00.250000+00:00
2026-08-25 16:18:37,305 | INFO | Completed 28000 messages (89860989B) thru 2024-10-15T06:10:00.433000+00:00
Degraded decode for gridworks.event.problem vNone (current v001)
2026-08-25 16:18:37,758 | WARNING | Parsed into degraded SEMA type gridworks.event.problem (vNone) from hw1__1/eventstore/20241015/hw1.isone.ng.beachrose.scada-gridworks.event.problem-1728972886077-ear.electricity.works.json
2026-08-25 16:18:37,758 | WARNING | Parsed into degraded SEMA type gridworks.event.problem (vNone) from hw1__1/eventstore/20241015/hw1.isone.ng.beachrose.scada-gridworks.event.problem-1728972886077-ear.electricity.works.json
Degraded decode for gridworks.event.problem vNone (current v001)
2026-08-25 16:18:38,036 | WARNING | Parsed into degraded SEMA type gridworks.event.problem (vNone) from hw1__1/eventstore/20241015/hw1.isone.ng.beachrose.scada-gridworks.event.problem-1728972951106-ear.electricity.works.json
2026-08-25 16:18:38,036 | WARNING | Parsed into degraded SEMA type gridworks.event.problem (vNone) from hw1__1/eventstore/20241015/hw1.isone.ng.beachrose.scada-gridworks.event.problem-1728972951106-ear.electricity.works.json
2026-08-25 16:18:38,328 | INFO | Completed 28100 messages (90076788B) thru 2024-10-15T06:18:02.059000+00:00
2026-08-25 16:18:39,718 | INFO | Completed 28200 messages (90352049B) thru 2024-10-15T06:28:04.144000+00:00
2026-08-25 16:18:41,293 | INFO | Completed 28300 messages (90573049B) thru 2024-10-15T06:35:10.352000+00:00
2026-08-25 16:18:42,870 | INFO | Completed 28400 messages (90807850B) thru 2024-10-15T06:44:00.364000+00:00
2026-08-25 16:18:44,513 | INFO | Completed 28500 messages (91020859B) thru 2024-10-15T06:50:42.512000+00:00
2026-08-25 16:18:45,784 | INFO | Completed 28600 messages (91176608B) thru 2024-10-15T06:56:03.579000+00:00
2026-08-25 16:18:47,224 | INFO | Completed 28700 messages (91329470B) thru 2024-10-15T07:01:30.802000+00:00
2026-08-25 16:18:48,437 | INFO | Completed 28800 messages (91541788B) thru 2024-10-15T07:09:30.221000+00:00
2026-08-25 16:18:50,096 | INFO | Completed 28900 messages (91905828B) thru 2024-10-15T07:23:00.537000+00:00
2026-08-25 16:18:51,483 | INFO | Completed 29000 messages (92191088B) thru 2024-10-15T07:33:01.724000+00:00
2026-08-25 16:18:52,720 | INFO | Completed 29100 messages (92529560B) thru 2024-10-15T07:45:05.907000+00:00
2026-08-25 16:18:55,043 | INFO | Completed 29200 messages (92900199B) thru 2024-10-15T08:00:00.261000+00:00
2026-08-25 16:18:56,129 | INFO | Completed 29300 messages (93243493B) thru 2024-10-15T08:12:30.532000+00:00
2026-08-25 16:18:57,268 | INFO | Completed 29400 messages (93533439B) thru 2024-10-15T08:23:03.178000+00:00
2026-08-25 16:18:58,545 | INFO | Completed 29500 messages (93890834B) thru 2024-10-15T08:36:31.195000+00:00
2026-08-25 16:18:59,835 | INFO | Completed 29600 messages (94161526B) thru 2024-10-15T08:46:01.473000+00:00
2026-08-25 16:19:00,916 | INFO | Completed 29700 messages (94497229B) thru 2024-10-15T08:58:57.801000+00:00
2026-08-25 16:19:02,212 | INFO | Completed 29800 messages (94713732B) thru 2024-10-15T09:05:47.878000+00:00
2026-08-25 16:19:03,343 | INFO | Completed 29900 messages (95002520B) thru 2024-10-15T09:16:33.507000+00:00
2026-08-25 16:19:04,651 | INFO | Completed 30000 messages (95331143B) thru 2024-10-15T09:28:43.159000+00:00
2026-08-25 16:19:05,771 | INFO | Completed 30100 messages (95719847B) thru 2024-10-15T09:43:34.344000+00:00
2026-08-25 16:19:06,958 | INFO | Completed 30200 messages (96119970B) thru 2024-10-15T09:59:00.944000+00:00
2026-08-25 16:19:08,654 | INFO | Completed 30300 messages (96348904B) thru 2024-10-15T10:06:03.842000+00:00
2026-08-25 16:19:09,761 | INFO | Completed 30400 messages (96513870B) thru 2024-10-15T10:11:33.997000+00:00
2026-08-25 16:19:10,883 | INFO | Completed 30500 messages (96677828B) thru 2024-10-15T10:17:01.467000+00:00
2026-08-25 16:19:12,041 | INFO | Completed 30600 messages (96835497B) thru 2024-10-15T10:22:04.724000+00:00
2026-08-25 16:19:13,158 | INFO | Completed 30700 messages (97016415B) thru 2024-10-15T10:28:34.484000+00:00
2026-08-25 16:19:14,540 | INFO | Completed 30800 messages (97268058B) thru 2024-10-15T10:37:30.680000+00:00
2026-08-25 16:19:15,635 | INFO | Completed 30900 messages (97443895B) thru 2024-10-15T10:43:32.259000+00:00
2026-08-25 16:19:17,050 | INFO | Completed 31000 messages (97654179B) thru 2024-10-15T10:50:24.014000+00:00
2026-08-25 16:19:19,183 | INFO | Completed 31100 messages (97870666B) thru 2024-10-15T10:58:31.214000+00:00
2026-08-25 16:19:20,750 | INFO | Completed 31200 messages (98214831B) thru 2024-10-15T11:10:33.011000+00:00
2026-08-25 16:19:21,939 | INFO | Completed 31300 messages (98611010B) thru 2024-10-15T11:26:01.234000+00:00
2026-08-25 16:19:23,369 | INFO | Completed 31400 messages (99009050B) thru 2024-10-15T11:41:02.288000+00:00
2026-08-25 16:19:24,932 | INFO | Completed 31500 messages (99417631B) thru 2024-10-15T11:56:04.349000+00:00
2026-08-25 16:19:26,186 | INFO | Completed 31600 messages (99816295B) thru 2024-10-15T12:11:32.601000+00:00
2026-08-25 16:19:27,431 | INFO | Completed 31700 messages (100211198B) thru 2024-10-15T12:26:33.073000+00:00
2026-08-25 16:19:28,757 | INFO | Completed 31800 messages (100606694B) thru 2024-10-15T12:41:33.866000+00:00
2026-08-25 16:19:30,039 | INFO | Completed 31900 messages (101007730B) thru 2024-10-15T12:57:01.111000+00:00
2026-08-25 16:19:31,281 | INFO | Completed 32000 messages (101401091B) thru 2024-10-15T13:12:04.467000+00:00
2026-08-25 16:19:32,525 | INFO | Completed 32100 messages (101799476B) thru 2024-10-15T13:27:04.914000+00:00
2026-08-25 16:19:33,658 | INFO | Completed 32200 messages (102193592B) thru 2024-10-15T13:42:30.365000+00:00
2026-08-25 16:19:35,254 | INFO | Completed 32300 messages (102594295B) thru 2024-10-15T13:57:30.931000+00:00
2026-08-25 16:19:36,390 | INFO | Completed 32400 messages (102994583B) thru 2024-10-15T14:12:33.365000+00:00
2026-08-25 16:19:37,660 | INFO | Completed 32500 messages (103392480B) thru 2024-10-15T14:28:01.636000+00:00
2026-08-25 16:19:38,814 | INFO | Completed 32600 messages (103785863B) thru 2024-10-15T14:43:02.212000+00:00
2026-08-25 16:19:40,250 | INFO | Completed 32700 messages (104183369B) thru 2024-10-15T14:58:04.701000+00:00
2026-08-25 16:19:42,006 | INFO | Completed 32800 messages (104580634B) thru 2024-10-15T15:13:30.162000+00:00
2026-08-25 16:19:43,243 | INFO | Completed 32900 messages (104979127B) thru 2024-10-15T15:28:33.199000+00:00
2026-08-25 16:19:44,442 | INFO | Completed 33000 messages (105374399B) thru 2024-10-15T15:43:34.020000+00:00
2026-08-25 16:19:45,567 | INFO | Completed 33100 messages (105766546B) thru 2024-10-15T15:59:01.465000+00:00
2026-08-25 16:19:46,730 | INFO | Completed 33200 messages (106161361B) thru 2024-10-15T16:14:04.371000+00:00
2026-08-25 16:19:47,820 | INFO | Completed 33300 messages (106556210B) thru 2024-10-15T16:29:04.758000+00:00
2026-08-25 16:19:50,009 | INFO | Completed 33400 messages (106951108B) thru 2024-10-15T16:44:30.185000+00:00
2026-08-25 16:19:51,247 | INFO | Completed 33500 messages (107346963B) thru 2024-10-15T16:59:31.351000+00:00
2026-08-25 16:19:52,558 | INFO | Completed 33600 messages (107746644B) thru 2024-10-15T17:14:33.659000+00:00
2026-08-25 16:19:54,092 | INFO | Completed 33700 messages (108140324B) thru 2024-10-15T17:30:00.018000+00:00
2026-08-25 16:19:55,196 | INFO | Completed 33800 messages (108534799B) thru 2024-10-15T17:45:00.215000+00:00
2026-08-25 16:19:56,160 | INFO | Completed 33900 messages (108931005B) thru 2024-10-15T18:00:00.018000+00:00
2026-08-25 16:19:57,306 | INFO | Completed 34000 messages (109331848B) thru 2024-10-15T18:15:00.191000+00:00
2026-08-25 16:19:58,359 | INFO | Completed 34100 messages (109726313B) thru 2024-10-15T18:30:00.195000+00:00
2026-08-25 16:19:59,672 | INFO | Completed 34200 messages (110119987B) thru 2024-10-15T18:45:00.277000+00:00
2026-08-25 16:20:00,912 | INFO | Completed 34300 messages (110516953B) thru 2024-10-15T19:00:00.478000+00:00
2026-08-25 16:20:02,168 | INFO | Completed 34400 messages (110913167B) thru 2024-10-15T19:15:00.424000+00:00
2026-08-25 16:20:03,490 | INFO | Completed 34500 messages (111310440B) thru 2024-10-15T19:30:30.914000+00:00
2026-08-25 16:20:04,997 | INFO | Completed 34600 messages (111704488B) thru 2024-10-15T19:45:33.015000+00:00
2026-08-25 16:20:06,283 | INFO | Completed 34700 messages (112098202B) thru 2024-10-15T20:00:33.457000+00:00
2026-08-25 16:20:07,626 | INFO | Completed 34800 messages (112512001B) thru 2024-10-15T20:16:00.737000+00:00
2026-08-25 16:20:09,189 | INFO | Completed 34900 messages (112940739B) thru 2024-10-15T20:31:02.726000+00:00
2026-08-25 16:20:10,556 | INFO | Completed 35000 messages (113349879B) thru 2024-10-15T20:46:04.727000+00:00
2026-08-25 16:20:12,124 | INFO | Completed 35100 messages (113757070B) thru 2024-10-15T21:01:00.357000+00:00
2026-08-25 16:20:13,764 | INFO | Completed 35200 messages (114165993B) thru 2024-10-15T21:16:00.569000+00:00
2026-08-25 16:20:15,176 | INFO | Completed 35300 messages (114583549B) thru 2024-10-15T21:31:00.971000+00:00
2026-08-25 16:20:16,949 | INFO | Completed 35400 messages (115003493B) thru 2024-10-15T21:46:03.099000+00:00
2026-08-25 16:20:18,868 | INFO | Completed 35500 messages (115418325B) thru 2024-10-15T22:01:03.493000+00:00
2026-08-25 16:20:20,253 | INFO | Completed 35600 messages (115835707B) thru 2024-10-15T22:16:31.058000+00:00
2026-08-25 16:20:21,568 | INFO | Completed 35700 messages (116245807B) thru 2024-10-15T22:31:32.664000+00:00
2026-08-25 16:20:23,040 | INFO | Completed 35800 messages (116657074B) thru 2024-10-15T22:46:31.993000+00:00
2026-08-25 16:20:24,336 | INFO | Completed 35900 messages (117065709B) thru 2024-10-15T23:00:33.470000+00:00
2026-08-25 16:20:25,676 | INFO | Completed 36000 messages (117471437B) thru 2024-10-15T23:16:00.503000+00:00
2026-08-25 16:20:26,875 | INFO | Completed 36100 messages (117879313B) thru 2024-10-15T23:31:03.330000+00:00
2026-08-25 16:20:28,099 | INFO | Completed 36200 messages (118291207B) thru 2024-10-15T23:46:04.747000+00:00
2026-08-25 16:20:29,119 | INFO | Completed messages for 2024-10-15T00:00:00
2026-08-25 16:20:29,354 | INFO | 
==============================================================================
RUN SUMMARY (messages processed: 36292)
------------------------------------------------------------------------------
type_name                                  version       ok  degraded  failed
------------------------------------------------------------------------------
gridworks.event.problem                        001      253         0       0
gridworks.event.problem                       None        0         2       0
power.watts                                    000     8139         0       0
report.event                                   000     2451         0       0
snapshot.spaceheat                             001    25447         0       0
==============================================================================
Degraded versions (codec cannot decode — need new sema word versions):
  - gridworks.event.problem vNone (2 messages)
Dropped readings (no channel row for the report time):
  - hw1.isone.me.versant.keene.oak.ta / oat (18157)
==============================================================================
2026-08-25 16:20:29,354 | INFO | Wrote run summary to /Users/jessica/GridWorks/experiments/ops498-load/runs/20260825T2008/pass2_2024-10-13_2024-10-15.json
