2026-08-25 16:08:30,557 | INFO | Importing the following message types from 2024-10-13 through 2024-10-15: 
  layout.lite
2026-08-25 16:08:31,755 | WARNING | Unknown message type "gt.sh.cli.atn.cmd" in hw1__1/eventstore/20241013/hw1.isone.me.versant.keene.beech-gt.sh.cli.atn.cmd-1728817797812-ear.electricity.works.json
2026-08-25 16:08:31,755 | WARNING | Unknown message type "gt.sh.cli.atn.cmd" in hw1__1/eventstore/20241013/hw1.isone.me.versant.keene.beech-gt.sh.cli.atn.cmd-1728817797812-ear.electricity.works.json
2026-08-25 16:08:31,756 | WARNING | Unknown message type "gt.sh.cli.atn.cmd" in hw1__1/eventstore/20241013/hw1.isone.me.versant.keene.beech-gt.sh.cli.atn.cmd-1728821987562-ear.electricity.works.json
2026-08-25 16:08:31,756 | WARNING | Unknown message type "gt.sh.cli.atn.cmd" in hw1__1/eventstore/20241013/hw1.isone.me.versant.keene.beech-gt.sh.cli.atn.cmd-1728821987562-ear.electricity.works.json
2026-08-25 16:08:31,979 | WARNING | Unknown message type "gridworks.event.report" in hw1__1/eventstore/20241013/hw1.isone.me.versant.keene.beech.scada-gridworks.event.report-1728787880085-ear.electricity.works.json
2026-08-25 16:08:31,979 | WARNING | Unknown message type "gridworks.event.report" in hw1__1/eventstore/20241013/hw1.isone.me.versant.keene.beech.scada-gridworks.event.report-1728787880085-ear.electricity.works.json
2026-08-25 16:08:31,979 | WARNING | Unknown message type "gridworks.event.report" in hw1__1/eventstore/20241013/hw1.isone.me.versant.keene.beech.scada-gridworks.event.report-1728787880177-ear.electricity.works.json
2026-08-25 16:08:31,979 | WARNING | Unknown message type "gridworks.event.report" in hw1__1/eventstore/20241013/hw1.isone.me.versant.keene.beech.scada-gridworks.event.report-1728787880177-ear.electricity.works.json
2026-08-25 16:08:31,979 | WARNING | Unknown message type "gridworks.event.report" in hw1__1/eventstore/20241013/hw1.isone.me.versant.keene.beech.scada-gridworks.event.report-1728787880478-ear.electricity.works.json
2026-08-25 16:08:31,979 | WARNING | Unknown message type "gridworks.event.report" in hw1__1/eventstore/20241013/hw1.isone.me.versant.keene.beech.scada-gridworks.event.report-1728787880478-ear.electricity.works.json
2026-08-25 16:08:31,979 | WARNING | Unknown message type "gridworks.event.report" in hw1__1/eventstore/20241013/hw1.isone.me.versant.keene.beech.scada-gridworks.event.report-1728787880640-ear.electricity.works.json
2026-08-25 16:08:31,979 | WARNING | Unknown message type "gridworks.event.report" in hw1__1/eventstore/20241013/hw1.isone.me.versant.keene.beech.scada-gridworks.event.report-1728787880640-ear.electricity.works.json
2026-08-25 16:08:31,979 | WARNING | Unknown message type "gridworks.event.report" in hw1__1/eventstore/20241013/hw1.isone.me.versant.keene.beech.scada-gridworks.event.report-1728787880705-ear.electricity.works.json
2026-08-25 16:08:31,979 | WARNING | Unknown message type "gridworks.event.report" in hw1__1/eventstore/20241013/hw1.isone.me.versant.keene.beech.scada-gridworks.event.report-1728787880705-ear.electricity.works.json
2026-08-25 16:08:31,979 | WARNING | Unknown message type "gridworks.event.report" in hw1__1/eventstore/20241013/hw1.isone.me.versant.keene.beech.scada-gridworks.event.report-1728787880766-ear.electricity.works.json
2026-08-25 16:08:31,979 | WARNING | Unknown message type "gridworks.event.report" in hw1__1/eventstore/20241013/hw1.isone.me.versant.keene.beech.scada-gridworks.event.report-1728787880766-ear.electricity.works.json
2026-08-25 16:08:31,979 | WARNING | Unknown message type "gridworks.event.report" in hw1__1/eventstore/20241013/hw1.isone.me.versant.keene.beech.scada-gridworks.event.report-1728787880827-ear.electricity.works.json
2026-08-25 16:08:31,979 | WARNING | Unknown message type "gridworks.event.report" in hw1__1/eventstore/20241013/hw1.isone.me.versant.keene.beech.scada-gridworks.event.report-1728787880827-ear.electricity.works.json
2026-08-25 16:08:31,979 | WARNING | Unknown message type "gridworks.event.report" in hw1__1/eventstore/20241013/hw1.isone.me.versant.keene.beech.scada-gridworks.event.report-1728787881692-ear.electricity.works.json
2026-08-25 16:08:31,979 | WARNING | Unknown message type "gridworks.event.report" in hw1__1/eventstore/20241013/hw1.isone.me.versant.keene.beech.scada-gridworks.event.report-1728787881692-ear.electricity.works.json
2026-08-25 16:08:31,979 | WARNING | Unknown message type "gridworks.event.report" in hw1__1/eventstore/20241013/hw1.isone.me.versant.keene.beech.scada-gridworks.event.report-1728787881870-ear.electricity.works.json
2026-08-25 16:08:31,979 | WARNING | Unknown message type "gridworks.event.report" in hw1__1/eventstore/20241013/hw1.isone.me.versant.keene.beech.scada-gridworks.event.report-1728787881870-ear.electricity.works.json
2026-08-25 16:08:31,979 | WARNING | Unknown message type "gridworks.event.report" in hw1__1/eventstore/20241013/hw1.isone.me.versant.keene.beech.scada-gridworks.event.report-1728787882022-ear.electricity.works.json
2026-08-25 16:08:31,979 | WARNING | Unknown message type "gridworks.event.report" in hw1__1/eventstore/20241013/hw1.isone.me.versant.keene.beech.scada-gridworks.event.report-1728787882022-ear.electricity.works.json
2026-08-25 16:08:31,979 | WARNING | Unknown message type "gridworks.event.report" in hw1__1/eventstore/20241013/hw1.isone.me.versant.keene.beech.scada-gridworks.event.report-1728787882126-ear.electricity.works.json
2026-08-25 16:08:31,979 | WARNING | Unknown message type "gridworks.event.report" in hw1__1/eventstore/20241013/hw1.isone.me.versant.keene.beech.scada-gridworks.event.report-1728787882126-ear.electricity.works.json
2026-08-25 16:08:31,979 | WARNING | Unknown message type "gridworks.event.report" in hw1__1/eventstore/20241013/hw1.isone.me.versant.keene.beech.scada-gridworks.event.report-1728787882255-ear.electricity.works.json
2026-08-25 16:08:31,979 | WARNING | Unknown message type "gridworks.event.report" in hw1__1/eventstore/20241013/hw1.isone.me.versant.keene.beech.scada-gridworks.event.report-1728787882255-ear.electricity.works.json
2026-08-25 16:08:31,979 | WARNING | Unknown message type "gridworks.event.report" in hw1__1/eventstore/20241013/hw1.isone.me.versant.keene.beech.scada-gridworks.event.report-1728787882351-ear.electricity.works.json
2026-08-25 16:08:31,979 | WARNING | Unknown message type "gridworks.event.report" in hw1__1/eventstore/20241013/hw1.isone.me.versant.keene.beech.scada-gridworks.event.report-1728787882351-ear.electricity.works.json
2026-08-25 16:08:31,979 | WARNING | Unknown message type "gridworks.event.report" in hw1__1/eventstore/20241013/hw1.isone.me.versant.keene.beech.scada-gridworks.event.report-1728787882423-ear.electricity.works.json
2026-08-25 16:08:31,979 | WARNING | Unknown message type "gridworks.event.report" in hw1__1/eventstore/20241013/hw1.isone.me.versant.keene.beech.scada-gridworks.event.report-1728787882423-ear.electricity.works.json
2026-08-25 16:08:31,979 | WARNING | Unknown message type "gridworks.event.report" in hw1__1/eventstore/20241013/hw1.isone.me.versant.keene.beech.scada-gridworks.event.report-1728787883075-ear.electricity.works.json
2026-08-25 16:08:31,979 | WARNING | Unknown message type "gridworks.event.report" in hw1__1/eventstore/20241013/hw1.isone.me.versant.keene.beech.scada-gridworks.event.report-1728787883075-ear.electricity.works.json
2026-08-25 16:08:31,979 | WARNING | Unknown message type "gridworks.event.report" in hw1__1/eventstore/20241013/hw1.isone.me.versant.keene.beech.scada-gridworks.event.report-1728787883391-ear.electricity.works.json
2026-08-25 16:08:31,979 | WARNING | Unknown message type "gridworks.event.report" in hw1__1/eventstore/20241013/hw1.isone.me.versant.keene.beech.scada-gridworks.event.report-1728787883391-ear.electricity.works.json
2026-08-25 16:08:31,979 | WARNING | Unknown message type "gridworks.event.report" in hw1__1/eventstore/20241013/hw1.isone.me.versant.keene.beech.scada-gridworks.event.report-1728787883533-ear.electricity.works.json
2026-08-25 16:08:31,979 | WARNING | Unknown message type "gridworks.event.report" in hw1__1/eventstore/20241013/hw1.isone.me.versant.keene.beech.scada-gridworks.event.report-1728787883533-ear.electricity.works.json
2026-08-25 16:08:31,979 | WARNING | Unknown message type "gridworks.event.report" in hw1__1/eventstore/20241013/hw1.isone.me.versant.keene.beech.scada-gridworks.event.report-1728787883590-ear.electricity.works.json
2026-08-25 16:08:31,979 | WARNING | Unknown message type "gridworks.event.report" in hw1__1/eventstore/20241013/hw1.isone.me.versant.keene.beech.scada-gridworks.event.report-1728787883590-ear.electricity.works.json
2026-08-25 16:08:31,979 | WARNING | Unknown message type "gridworks.event.report" in hw1__1/eventstore/20241013/hw1.isone.me.versant.keene.beech.scada-gridworks.event.report-1728787883777-ear.electricity.works.json
2026-08-25 16:08:31,979 | WARNING | Unknown message type "gridworks.event.report" in hw1__1/eventstore/20241013/hw1.isone.me.versant.keene.beech.scada-gridworks.event.report-1728787883777-ear.electricity.works.json
2026-08-25 16:08:31,979 | WARNING | Unknown message type "gridworks.event.report" in hw1__1/eventstore/20241013/hw1.isone.me.versant.keene.beech.scada-gridworks.event.report-1728787883878-ear.electricity.works.json
2026-08-25 16:08:31,979 | WARNING | Unknown message type "gridworks.event.report" in hw1__1/eventstore/20241013/hw1.isone.me.versant.keene.beech.scada-gridworks.event.report-1728787883878-ear.electricity.works.json
2026-08-25 16:08:31,979 | WARNING | Unknown message type "gridworks.event.report" in hw1__1/eventstore/20241013/hw1.isone.me.versant.keene.beech.scada-gridworks.event.report-1728787883980-ear.electricity.works.json
2026-08-25 16:08:31,979 | WARNING | Unknown message type "gridworks.event.report" in hw1__1/eventstore/20241013/hw1.isone.me.versant.keene.beech.scada-gridworks.event.report-1728787883980-ear.electricity.works.json
2026-08-25 16:08:31,979 | WARNING | Unknown message type "gridworks.event.report" in hw1__1/eventstore/20241013/hw1.isone.me.versant.keene.beech.scada-gridworks.event.report-1728787884605-ear.electricity.works.json
2026-08-25 16:08:31,979 | WARNING | Unknown message type "gridworks.event.report" in hw1__1/eventstore/20241013/hw1.isone.me.versant.keene.beech.scada-gridworks.event.report-1728787884605-ear.electricity.works.json
2026-08-25 16:08:31,979 | WARNING | Unknown message type "gridworks.event.report" in hw1__1/eventstore/20241013/hw1.isone.me.versant.keene.beech.scada-gridworks.event.report-1728787885012-ear.electricity.works.json
2026-08-25 16:08:31,979 | WARNING | Unknown message type "gridworks.event.report" in hw1__1/eventstore/20241013/hw1.isone.me.versant.keene.beech.scada-gridworks.event.report-1728787885012-ear.electricity.works.json
2026-08-25 16:08:31,979 | WARNING | Unknown message type "gridworks.event.report" in hw1__1/eventstore/20241013/hw1.isone.me.versant.keene.beech.scada-gridworks.event.report-1728787885206-ear.electricity.works.json
2026-08-25 16:08:31,979 | WARNING | Unknown message type "gridworks.event.report" in hw1__1/eventstore/20241013/hw1.isone.me.versant.keene.beech.scada-gridworks.event.report-1728787885206-ear.electricity.works.json
2026-08-25 16:08:31,979 | WARNING | Unknown message type "gridworks.event.report" in hw1__1/eventstore/20241013/hw1.isone.me.versant.keene.beech.scada-gridworks.event.report-1728787885293-ear.electricity.works.json
2026-08-25 16:08:31,979 | WARNING | Unknown message type "gridworks.event.report" in hw1__1/eventstore/20241013/hw1.isone.me.versant.keene.beech.scada-gridworks.event.report-1728787885293-ear.electricity.works.json
2026-08-25 16:08:31,979 | WARNING | Unknown message type "gridworks.event.report" in hw1__1/eventstore/20241013/hw1.isone.me.versant.keene.beech.scada-gridworks.event.report-1728787885527-ear.electricity.works.json
2026-08-25 16:08:31,979 | WARNING | Unknown message type "gridworks.event.report" in hw1__1/eventstore/20241013/hw1.isone.me.versant.keene.beech.scada-gridworks.event.report-1728787885527-ear.electricity.works.json
2026-08-25 16:08:31,979 | WARNING | Unknown message type "gridworks.event.report" in hw1__1/eventstore/20241013/hw1.isone.me.versant.keene.beech.scada-gridworks.event.report-1728787885620-ear.electricity.works.json
2026-08-25 16:08:31,979 | WARNING | Unknown message type "gridworks.event.report" in hw1__1/eventstore/20241013/hw1.isone.me.versant.keene.beech.scada-gridworks.event.report-1728787885620-ear.electricity.works.json
2026-08-25 16:08:31,979 | WARNING | Unknown message type "gridworks.event.report" in hw1__1/eventstore/20241013/hw1.isone.me.versant.keene.beech.scada-gridworks.event.report-1728787885682-ear.electricity.works.json
2026-08-25 16:08:31,979 | WARNING | Unknown message type "gridworks.event.report" in hw1__1/eventstore/20241013/hw1.isone.me.versant.keene.beech.scada-gridworks.event.report-1728787885682-ear.electricity.works.json
2026-08-25 16:08:31,979 | WARNING | Unknown message type "gridworks.event.report" in hw1__1/eventstore/20241013/hw1.isone.me.versant.keene.beech.scada-gridworks.event.report-1728787886073-ear.electricity.works.json
2026-08-25 16:08:31,979 | WARNING | Unknown message type "gridworks.event.report" in hw1__1/eventstore/20241013/hw1.isone.me.versant.keene.beech.scada-gridworks.event.report-1728787886073-ear.electricity.works.json
2026-08-25 16:08:31,979 | WARNING | Unknown message type "gridworks.event.report" in hw1__1/eventstore/20241013/hw1.isone.me.versant.keene.beech.scada-gridworks.event.report-1728787886545-ear.electricity.works.json
2026-08-25 16:08:31,979 | WARNING | Unknown message type "gridworks.event.report" in hw1__1/eventstore/20241013/hw1.isone.me.versant.keene.beech.scada-gridworks.event.report-1728787886545-ear.electricity.works.json
2026-08-25 16:08:31,979 | WARNING | Unknown message type "gridworks.event.report" in hw1__1/eventstore/20241013/hw1.isone.me.versant.keene.beech.scada-gridworks.event.report-1728787886715-ear.electricity.works.json
2026-08-25 16:08:31,979 | WARNING | Unknown message type "gridworks.event.report" in hw1__1/eventstore/20241013/hw1.isone.me.versant.keene.beech.scada-gridworks.event.report-1728787886715-ear.electricity.works.json
2026-08-25 16:08:31,979 | WARNING | Unknown message type "gridworks.event.report" in hw1__1/eventstore/20241013/hw1.isone.me.versant.keene.beech.scada-gridworks.event.report-1728787886798-ear.electricity.works.json
2026-08-25 16:08:31,979 | WARNING | Unknown message type "gridworks.event.report" in hw1__1/eventstore/20241013/hw1.isone.me.versant.keene.beech.scada-gridworks.event.report-1728787886798-ear.electricity.works.json
2026-08-25 16:08:31,979 | WARNING | Unknown message type "gridworks.event.report" in hw1__1/eventstore/20241013/hw1.isone.me.versant.keene.beech.scada-gridworks.event.report-1728787886957-ear.electricity.works.json
2026-08-25 16:08:31,979 | WARNING | Unknown message type "gridworks.event.report" in hw1__1/eventstore/20241013/hw1.isone.me.versant.keene.beech.scada-gridworks.event.report-1728787886957-ear.electricity.works.json
2026-08-25 16:08:31,979 | WARNING | Unknown message type "gridworks.event.report" in hw1__1/eventstore/20241013/hw1.isone.me.versant.keene.beech.scada-gridworks.event.report-1728787887025-ear.electricity.works.json
2026-08-25 16:08:31,979 | WARNING | Unknown message type "gridworks.event.report" in hw1__1/eventstore/20241013/hw1.isone.me.versant.keene.beech.scada-gridworks.event.report-1728787887025-ear.electricity.works.json
2026-08-25 16:08:31,979 | WARNING | Unknown message type "gridworks.event.report" in hw1__1/eventstore/20241013/hw1.isone.me.versant.keene.beech.scada-gridworks.event.report-1728787887149-ear.electricity.works.json
2026-08-25 16:08:31,979 | WARNING | Unknown message type "gridworks.event.report" in hw1__1/eventstore/20241013/hw1.isone.me.versant.keene.beech.scada-gridworks.event.report-1728787887149-ear.electricity.works.json
2026-08-25 16:08:31,979 | WARNING | Unknown message type "gridworks.event.report" in hw1__1/eventstore/20241013/hw1.isone.me.versant.keene.beech.scada-gridworks.event.report-1728787887245-ear.electricity.works.json
2026-08-25 16:08:31,979 | WARNING | Unknown message type "gridworks.event.report" in hw1__1/eventstore/20241013/hw1.isone.me.versant.keene.beech.scada-gridworks.event.report-1728787887245-ear.electricity.works.json
2026-08-25 16:08:31,979 | WARNING | Unknown message type "gridworks.event.report" in hw1__1/eventstore/20241013/hw1.isone.me.versant.keene.beech.scada-gridworks.event.report-1728787887901-ear.electricity.works.json
2026-08-25 16:08:31,979 | WARNING | Unknown message type "gridworks.event.report" in hw1__1/eventstore/20241013/hw1.isone.me.versant.keene.beech.scada-gridworks.event.report-1728787887901-ear.electricity.works.json
2026-08-25 16:08:31,979 | WARNING | Unknown message type "gridworks.event.report" in hw1__1/eventstore/20241013/hw1.isone.me.versant.keene.beech.scada-gridworks.event.report-1728787888096-ear.electricity.works.json
2026-08-25 16:08:31,979 | WARNING | Unknown message type "gridworks.event.report" in hw1__1/eventstore/20241013/hw1.isone.me.versant.keene.beech.scada-gridworks.event.report-1728787888096-ear.electricity.works.json
2026-08-25 16:08:31,979 | WARNING | Unknown message type "gridworks.event.report" in hw1__1/eventstore/20241013/hw1.isone.me.versant.keene.beech.scada-gridworks.event.report-1728787888278-ear.electricity.works.json
2026-08-25 16:08:31,979 | WARNING | Unknown message type "gridworks.event.report" in hw1__1/eventstore/20241013/hw1.isone.me.versant.keene.beech.scada-gridworks.event.report-1728787888278-ear.electricity.works.json
2026-08-25 16:08:31,979 | WARNING | Unknown message type "gridworks.event.report" in hw1__1/eventstore/20241013/hw1.isone.me.versant.keene.beech.scada-gridworks.event.report-1728787888446-ear.electricity.works.json
2026-08-25 16:08:31,979 | WARNING | Unknown message type "gridworks.event.report" in hw1__1/eventstore/20241013/hw1.isone.me.versant.keene.beech.scada-gridworks.event.report-1728787888446-ear.electricity.works.json
2026-08-25 16:08:31,979 | WARNING | Unknown message type "gridworks.event.report" in hw1__1/eventstore/20241013/hw1.isone.me.versant.keene.beech.scada-gridworks.event.report-1728787888529-ear.electricity.works.json
2026-08-25 16:08:31,979 | WARNING | Unknown message type "gridworks.event.report" in hw1__1/eventstore/20241013/hw1.isone.me.versant.keene.beech.scada-gridworks.event.report-1728787888529-ear.electricity.works.json
2026-08-25 16:08:31,979 | WARNING | Unknown message type "gridworks.event.report" in hw1__1/eventstore/20241013/hw1.isone.me.versant.keene.beech.scada-gridworks.event.report-1728787888586-ear.electricity.works.json
2026-08-25 16:08:31,979 | WARNING | Unknown message type "gridworks.event.report" in hw1__1/eventstore/20241013/hw1.isone.me.versant.keene.beech.scada-gridworks.event.report-1728787888586-ear.electricity.works.json
2026-08-25 16:08:31,979 | WARNING | Unknown message type "gridworks.event.report" in hw1__1/eventstore/20241013/hw1.isone.me.versant.keene.beech.scada-gridworks.event.report-1728787888660-ear.electricity.works.json
2026-08-25 16:08:31,979 | WARNING | Unknown message type "gridworks.event.report" in hw1__1/eventstore/20241013/hw1.isone.me.versant.keene.beech.scada-gridworks.event.report-1728787888660-ear.electricity.works.json
2026-08-25 16:08:31,979 | WARNING | Unknown message type "gridworks.event.report" in hw1__1/eventstore/20241013/hw1.isone.me.versant.keene.beech.scada-gridworks.event.report-1728787889261-ear.electricity.works.json
2026-08-25 16:08:31,979 | WARNING | Unknown message type "gridworks.event.report" in hw1__1/eventstore/20241013/hw1.isone.me.versant.keene.beech.scada-gridworks.event.report-1728787889261-ear.electricity.works.json
2026-08-25 16:08:31,979 | WARNING | Unknown message type "gridworks.event.report" in hw1__1/eventstore/20241013/hw1.isone.me.versant.keene.beech.scada-gridworks.event.report-1728787889408-ear.electricity.works.json
2026-08-25 16:08:31,979 | WARNING | Unknown message type "gridworks.event.report" in hw1__1/eventstore/20241013/hw1.isone.me.versant.keene.beech.scada-gridworks.event.report-1728787889408-ear.electricity.works.json
2026-08-25 16:08:31,979 | WARNING | Unknown message type "gridworks.event.report" in hw1__1/eventstore/20241013/hw1.isone.me.versant.keene.beech.scada-gridworks.event.report-1728787889567-ear.electricity.works.json
2026-08-25 16:08:31,979 | WARNING | Unknown message type "gridworks.event.report" in hw1__1/eventstore/20241013/hw1.isone.me.versant.keene.beech.scada-gridworks.event.report-1728787889567-ear.electricity.works.json
2026-08-25 16:08:31,979 | WARNING | Unknown message type "gridworks.event.report" in hw1__1/eventstore/20241013/hw1.isone.me.versant.keene.beech.scada-gridworks.event.report-1728787889699-ear.electricity.works.json
2026-08-25 16:08:31,979 | WARNING | Unknown message type "gridworks.event.report" in hw1__1/eventstore/20241013/hw1.isone.me.versant.keene.beech.scada-gridworks.event.report-1728787889699-ear.electricity.works.json
2026-08-25 16:08:31,979 | WARNING | Unknown message type "gridworks.event.report" in hw1__1/eventstore/20241013/hw1.isone.me.versant.keene.beech.scada-gridworks.event.report-1728787889785-ear.electricity.works.json
2026-08-25 16:08:31,979 | WARNING | Unknown message type "gridworks.event.report" in hw1__1/eventstore/20241013/hw1.isone.me.versant.keene.beech.scada-gridworks.event.report-1728787889785-ear.electricity.works.json
2026-08-25 16:08:31,979 | WARNING | Unknown message type "gridworks.event.report" in hw1__1/eventstore/20241013/hw1.isone.me.versant.keene.beech.scada-gridworks.event.report-1728787889851-ear.electricity.works.json
2026-08-25 16:08:31,979 | WARNING | Unknown message type "gridworks.event.report" in hw1__1/eventstore/20241013/hw1.isone.me.versant.keene.beech.scada-gridworks.event.report-1728787889851-ear.electricity.works.json
2026-08-25 16:08:31,979 | WARNING | Unknown message type "gridworks.event.report" in hw1__1/eventstore/20241013/hw1.isone.me.versant.keene.beech.scada-gridworks.event.report-1728787889977-ear.electricity.works.json
2026-08-25 16:08:31,979 | WARNING | Unknown message type "gridworks.event.report" in hw1__1/eventstore/20241013/hw1.isone.me.versant.keene.beech.scada-gridworks.event.report-1728787889977-ear.electricity.works.json
2026-08-25 16:08:31,979 | WARNING | Unknown message type "gridworks.event.report" in hw1__1/eventstore/20241013/hw1.isone.me.versant.keene.beech.scada-gridworks.event.report-1728787890602-ear.electricity.works.json
2026-08-25 16:08:31,979 | WARNING | Unknown message type "gridworks.event.report" in hw1__1/eventstore/20241013/hw1.isone.me.versant.keene.beech.scada-gridworks.event.report-1728787890602-ear.electricity.works.json
2026-08-25 16:08:31,980 | WARNING | Unknown message type "gridworks.event.report" in hw1__1/eventstore/20241013/hw1.isone.me.versant.keene.beech.scada-gridworks.event.report-1728787890818-ear.electricity.works.json
2026-08-25 16:08:31,980 | WARNING | Unknown message type "gridworks.event.report" in hw1__1/eventstore/20241013/hw1.isone.me.versant.keene.beech.scada-gridworks.event.report-1728787890818-ear.electricity.works.json
2026-08-25 16:08:31,980 | WARNING | Unknown message type "gridworks.event.report" in hw1__1/eventstore/20241013/hw1.isone.me.versant.keene.beech.scada-gridworks.event.report-1728787891021-ear.electricity.works.json
2026-08-25 16:08:31,980 | WARNING | Unknown message type "gridworks.event.report" in hw1__1/eventstore/20241013/hw1.isone.me.versant.keene.beech.scada-gridworks.event.report-1728787891021-ear.electricity.works.json
2026-08-25 16:08:31,980 | WARNING | Unknown message type "gridworks.event.report" in hw1__1/eventstore/20241013/hw1.isone.me.versant.keene.beech.scada-gridworks.event.report-1728787891090-ear.electricity.works.json
2026-08-25 16:08:31,980 | WARNING | Unknown message type "gridworks.event.report" in hw1__1/eventstore/20241013/hw1.isone.me.versant.keene.beech.scada-gridworks.event.report-1728787891090-ear.electricity.works.json
2026-08-25 16:08:31,980 | WARNING | Unknown message type "gridworks.event.report" in hw1__1/eventstore/20241013/hw1.isone.me.versant.keene.beech.scada-gridworks.event.report-1728787891223-ear.electricity.works.json
2026-08-25 16:08:31,980 | WARNING | Unknown message type "gridworks.event.report" in hw1__1/eventstore/20241013/hw1.isone.me.versant.keene.beech.scada-gridworks.event.report-1728787891223-ear.electricity.works.json
2026-08-25 16:08:31,980 | WARNING | Unknown message type "gridworks.event.report" in hw1__1/eventstore/20241013/hw1.isone.me.versant.keene.beech.scada-gridworks.event.report-1728787891305-ear.electricity.works.json
2026-08-25 16:08:31,980 | WARNING | Unknown message type "gridworks.event.report" in hw1__1/eventstore/20241013/hw1.isone.me.versant.keene.beech.scada-gridworks.event.report-1728787891305-ear.electricity.works.json
2026-08-25 16:08:31,980 | WARNING | Unknown message type "gridworks.event.report" in hw1__1/eventstore/20241013/hw1.isone.me.versant.keene.beech.scada-gridworks.event.report-1728787891399-ear.electricity.works.json
2026-08-25 16:08:31,980 | WARNING | Unknown message type "gridworks.event.report" in hw1__1/eventstore/20241013/hw1.isone.me.versant.keene.beech.scada-gridworks.event.report-1728787891399-ear.electricity.works.json
2026-08-25 16:08:31,980 | WARNING | Unknown message type "gridworks.event.report" in hw1__1/eventstore/20241013/hw1.isone.me.versant.keene.beech.scada-gridworks.event.report-1728787891842-ear.electricity.works.json
2026-08-25 16:08:31,980 | WARNING | Unknown message type "gridworks.event.report" in hw1__1/eventstore/20241013/hw1.isone.me.versant.keene.beech.scada-gridworks.event.report-1728787891842-ear.electricity.works.json
2026-08-25 16:08:31,980 | WARNING | Unknown message type "gridworks.event.report" in hw1__1/eventstore/20241013/hw1.isone.me.versant.keene.beech.scada-gridworks.event.report-1728787892166-ear.electricity.works.json
2026-08-25 16:08:31,980 | WARNING | Unknown message type "gridworks.event.report" in hw1__1/eventstore/20241013/hw1.isone.me.versant.keene.beech.scada-gridworks.event.report-1728787892166-ear.electricity.works.json
2026-08-25 16:08:31,980 | WARNING | Unknown message type "gridworks.event.report" in hw1__1/eventstore/20241013/hw1.isone.me.versant.keene.beech.scada-gridworks.event.report-1728787892289-ear.electricity.works.json
2026-08-25 16:08:31,980 | WARNING | Unknown message type "gridworks.event.report" in hw1__1/eventstore/20241013/hw1.isone.me.versant.keene.beech.scada-gridworks.event.report-1728787892289-ear.electricity.works.json
2026-08-25 16:08:31,980 | WARNING | Unknown message type "gridworks.event.report" in hw1__1/eventstore/20241013/hw1.isone.me.versant.keene.beech.scada-gridworks.event.report-1728787892346-ear.electricity.works.json
2026-08-25 16:08:31,980 | WARNING | Unknown message type "gridworks.event.report" in hw1__1/eventstore/20241013/hw1.isone.me.versant.keene.beech.scada-gridworks.event.report-1728787892346-ear.electricity.works.json
2026-08-25 16:08:31,980 | WARNING | Unknown message type "gridworks.event.report" in hw1__1/eventstore/20241013/hw1.isone.me.versant.keene.beech.scada-gridworks.event.report-1728787892478-ear.electricity.works.json
2026-08-25 16:08:31,980 | WARNING | Unknown message type "gridworks.event.report" in hw1__1/eventstore/20241013/hw1.isone.me.versant.keene.beech.scada-gridworks.event.report-1728787892478-ear.electricity.works.json
2026-08-25 16:08:31,980 | WARNING | Unknown message type "gridworks.event.report" in hw1__1/eventstore/20241013/hw1.isone.me.versant.keene.beech.scada-gridworks.event.report-1728787892543-ear.electricity.works.json
2026-08-25 16:08:31,980 | WARNING | Unknown message type "gridworks.event.report" in hw1__1/eventstore/20241013/hw1.isone.me.versant.keene.beech.scada-gridworks.event.report-1728787892543-ear.electricity.works.json
2026-08-25 16:08:31,980 | WARNING | Unknown message type "gridworks.event.report" in hw1__1/eventstore/20241013/hw1.isone.me.versant.keene.beech.scada-gridworks.event.report-1728787892599-ear.electricity.works.json
2026-08-25 16:08:31,980 | WARNING | Unknown message type "gridworks.event.report" in hw1__1/eventstore/20241013/hw1.isone.me.versant.keene.beech.scada-gridworks.event.report-1728787892599-ear.electricity.works.json
2026-08-25 16:08:31,980 | WARNING | Unknown message type "gridworks.event.report" in hw1__1/eventstore/20241013/hw1.isone.me.versant.keene.beech.scada-gridworks.event.report-1728787893127-ear.electricity.works.json
2026-08-25 16:08:31,980 | WARNING | Unknown message type "gridworks.event.report" in hw1__1/eventstore/20241013/hw1.isone.me.versant.keene.beech.scada-gridworks.event.report-1728787893127-ear.electricity.works.json
2026-08-25 16:08:31,980 | WARNING | Unknown message type "gridworks.event.report" in hw1__1/eventstore/20241013/hw1.isone.me.versant.keene.beech.scada-gridworks.event.report-1728787893610-ear.electricity.works.json
2026-08-25 16:08:31,980 | WARNING | Unknown message type "gridworks.event.report" in hw1__1/eventstore/20241013/hw1.isone.me.versant.keene.beech.scada-gridworks.event.report-1728787893610-ear.electricity.works.json
2026-08-25 16:08:31,980 | WARNING | Unknown message type "gridworks.event.report" in hw1__1/eventstore/20241013/hw1.isone.me.versant.keene.beech.scada-gridworks.event.report-1728787893807-ear.electricity.works.json
2026-08-25 16:08:31,980 | WARNING | Unknown message type "gridworks.event.report" in hw1__1/eventstore/20241013/hw1.isone.me.versant.keene.beech.scada-gridworks.event.report-1728787893807-ear.electricity.works.json
2026-08-25 16:08:31,980 | WARNING | Unknown message type "gridworks.event.report" in hw1__1/eventstore/20241013/hw1.isone.me.versant.keene.beech.scada-gridworks.event.report-1728787893901-ear.electricity.works.json
2026-08-25 16:08:31,980 | WARNING | Unknown message type "gridworks.event.report" in hw1__1/eventstore/20241013/hw1.isone.me.versant.keene.beech.scada-gridworks.event.report-1728787893901-ear.electricity.works.json
2026-08-25 16:08:31,980 | WARNING | Unknown message type "gridworks.event.report" in hw1__1/eventstore/20241013/hw1.isone.me.versant.keene.beech.scada-gridworks.event.report-1728787894078-ear.electricity.works.json
2026-08-25 16:08:31,980 | WARNING | Unknown message type "gridworks.event.report" in hw1__1/eventstore/20241013/hw1.isone.me.versant.keene.beech.scada-gridworks.event.report-1728787894078-ear.electricity.works.json
2026-08-25 16:08:31,980 | WARNING | Unknown message type "gridworks.event.report" in hw1__1/eventstore/20241013/hw1.isone.me.versant.keene.beech.scada-gridworks.event.report-1728787894152-ear.electricity.works.json
2026-08-25 16:08:31,980 | WARNING | Unknown message type "gridworks.event.report" in hw1__1/eventstore/20241013/hw1.isone.me.versant.keene.beech.scada-gridworks.event.report-1728787894152-ear.electricity.works.json
2026-08-25 16:08:31,980 | WARNING | Unknown message type "gridworks.event.report" in hw1__1/eventstore/20241013/hw1.isone.me.versant.keene.beech.scada-gridworks.event.report-1728787894207-ear.electricity.works.json
2026-08-25 16:08:31,980 | WARNING | Unknown message type "gridworks.event.report" in hw1__1/eventstore/20241013/hw1.isone.me.versant.keene.beech.scada-gridworks.event.report-1728787894207-ear.electricity.works.json
2026-08-25 16:08:31,980 | WARNING | Unknown message type "gridworks.event.report" in hw1__1/eventstore/20241013/hw1.isone.me.versant.keene.beech.scada-gridworks.event.report-1728787894332-ear.electricity.works.json
2026-08-25 16:08:31,980 | WARNING | Unknown message type "gridworks.event.report" in hw1__1/eventstore/20241013/hw1.isone.me.versant.keene.beech.scada-gridworks.event.report-1728787894332-ear.electricity.works.json
2026-08-25 16:08:31,980 | WARNING | Unknown message type "gridworks.event.report" in hw1__1/eventstore/20241013/hw1.isone.me.versant.keene.beech.scada-gridworks.event.report-1728787895078-ear.electricity.works.json
2026-08-25 16:08:31,980 | WARNING | Unknown message type "gridworks.event.report" in hw1__1/eventstore/20241013/hw1.isone.me.versant.keene.beech.scada-gridworks.event.report-1728787895078-ear.electricity.works.json
2026-08-25 16:08:31,980 | WARNING | Unknown message type "gridworks.event.report" in hw1__1/eventstore/20241013/hw1.isone.me.versant.keene.beech.scada-gridworks.event.report-1728787895199-ear.electricity.works.json
2026-08-25 16:08:31,980 | WARNING | Unknown message type "gridworks.event.report" in hw1__1/eventstore/20241013/hw1.isone.me.versant.keene.beech.scada-gridworks.event.report-1728787895199-ear.electricity.works.json
2026-08-25 16:08:31,980 | WARNING | Unknown message type "gridworks.event.report" in hw1__1/eventstore/20241013/hw1.isone.me.versant.keene.beech.scada-gridworks.event.report-1728787895406-ear.electricity.works.json
2026-08-25 16:08:31,980 | WARNING | Unknown message type "gridworks.event.report" in hw1__1/eventstore/20241013/hw1.isone.me.versant.keene.beech.scada-gridworks.event.report-1728787895406-ear.electricity.works.json
2026-08-25 16:08:31,980 | WARNING | Unknown message type "gridworks.event.report" in hw1__1/eventstore/20241013/hw1.isone.me.versant.keene.beech.scada-gridworks.event.report-1728787895566-ear.electricity.works.json
2026-08-25 16:08:31,980 | WARNING | Unknown message type "gridworks.event.report" in hw1__1/eventstore/20241013/hw1.isone.me.versant.keene.beech.scada-gridworks.event.report-1728787895566-ear.electricity.works.json
2026-08-25 16:08:31,980 | WARNING | Unknown message type "gridworks.event.report" in hw1__1/eventstore/20241013/hw1.isone.me.versant.keene.beech.scada-gridworks.event.report-1728787895627-ear.electricity.works.json
2026-08-25 16:08:31,980 | WARNING | Unknown message type "gridworks.event.report" in hw1__1/eventstore/20241013/hw1.isone.me.versant.keene.beech.scada-gridworks.event.report-1728787895627-ear.electricity.works.json
2026-08-25 16:08:31,980 | WARNING | Unknown message type "gridworks.event.report" in hw1__1/eventstore/20241013/hw1.isone.me.versant.keene.beech.scada-gridworks.event.report-1728787895751-ear.electricity.works.json
2026-08-25 16:08:31,980 | WARNING | Unknown message type "gridworks.event.report" in hw1__1/eventstore/20241013/hw1.isone.me.versant.keene.beech.scada-gridworks.event.report-1728787895751-ear.electricity.works.json
2026-08-25 16:08:31,980 | WARNING | Unknown message type "gridworks.event.report" in hw1__1/eventstore/20241013/hw1.isone.me.versant.keene.beech.scada-gridworks.event.report-1728787895903-ear.electricity.works.json
2026-08-25 16:08:31,980 | WARNING | Unknown message type "gridworks.event.report" in hw1__1/eventstore/20241013/hw1.isone.me.versant.keene.beech.scada-gridworks.event.report-1728787895903-ear.electricity.works.json
2026-08-25 16:08:31,980 | WARNING | Unknown message type "gridworks.event.report" in hw1__1/eventstore/20241013/hw1.isone.me.versant.keene.beech.scada-gridworks.event.report-1728787896592-ear.electricity.works.json
2026-08-25 16:08:31,980 | WARNING | Unknown message type "gridworks.event.report" in hw1__1/eventstore/20241013/hw1.isone.me.versant.keene.beech.scada-gridworks.event.report-1728787896592-ear.electricity.works.json
2026-08-25 16:08:31,980 | WARNING | Unknown message type "gridworks.event.report" in hw1__1/eventstore/20241013/hw1.isone.me.versant.keene.beech.scada-gridworks.event.report-1728787896846-ear.electricity.works.json
2026-08-25 16:08:31,980 | WARNING | Unknown message type "gridworks.event.report" in hw1__1/eventstore/20241013/hw1.isone.me.versant.keene.beech.scada-gridworks.event.report-1728787896846-ear.electricity.works.json
2026-08-25 16:08:31,980 | WARNING | Unknown message type "gridworks.event.report" in hw1__1/eventstore/20241013/hw1.isone.me.versant.keene.beech.scada-gridworks.event.report-1728787897021-ear.electricity.works.json
2026-08-25 16:08:31,980 | WARNING | Unknown message type "gridworks.event.report" in hw1__1/eventstore/20241013/hw1.isone.me.versant.keene.beech.scada-gridworks.event.report-1728787897021-ear.electricity.works.json
2026-08-25 16:08:31,980 | WARNING | Unknown message type "gridworks.event.report" in hw1__1/eventstore/20241013/hw1.isone.me.versant.keene.beech.scada-gridworks.event.report-1728787897236-ear.electricity.works.json
2026-08-25 16:08:31,980 | WARNING | Unknown message type "gridworks.event.report" in hw1__1/eventstore/20241013/hw1.isone.me.versant.keene.beech.scada-gridworks.event.report-1728787897236-ear.electricity.works.json
2026-08-25 16:08:31,980 | WARNING | Unknown message type "gridworks.event.report" in hw1__1/eventstore/20241013/hw1.isone.me.versant.keene.beech.scada-gridworks.event.report-1728787897342-ear.electricity.works.json
2026-08-25 16:08:31,980 | WARNING | Unknown message type "gridworks.event.report" in hw1__1/eventstore/20241013/hw1.isone.me.versant.keene.beech.scada-gridworks.event.report-1728787897342-ear.electricity.works.json
2026-08-25 16:08:31,980 | WARNING | Unknown message type "gridworks.event.report" in hw1__1/eventstore/20241013/hw1.isone.me.versant.keene.beech.scada-gridworks.event.report-1728787897406-ear.electricity.works.json
2026-08-25 16:08:31,980 | WARNING | Unknown message type "gridworks.event.report" in hw1__1/eventstore/20241013/hw1.isone.me.versant.keene.beech.scada-gridworks.event.report-1728787897406-ear.electricity.works.json
2026-08-25 16:08:31,980 | WARNING | Unknown message type "gridworks.event.report" in hw1__1/eventstore/20241013/hw1.isone.me.versant.keene.beech.scada-gridworks.event.report-1728787897494-ear.electricity.works.json
2026-08-25 16:08:31,980 | WARNING | Unknown message type "gridworks.event.report" in hw1__1/eventstore/20241013/hw1.isone.me.versant.keene.beech.scada-gridworks.event.report-1728787897494-ear.electricity.works.json
2026-08-25 16:08:31,980 | WARNING | Unknown message type "gridworks.event.report" in hw1__1/eventstore/20241013/hw1.isone.me.versant.keene.beech.scada-gridworks.event.report-1728787898052-ear.electricity.works.json
2026-08-25 16:08:31,980 | WARNING | Unknown message type "gridworks.event.report" in hw1__1/eventstore/20241013/hw1.isone.me.versant.keene.beech.scada-gridworks.event.report-1728787898052-ear.electricity.works.json
2026-08-25 16:08:31,980 | WARNING | Unknown message type "gridworks.event.report" in hw1__1/eventstore/20241013/hw1.isone.me.versant.keene.beech.scada-gridworks.event.report-1728787898336-ear.electricity.works.json
2026-08-25 16:08:31,980 | WARNING | Unknown message type "gridworks.event.report" in hw1__1/eventstore/20241013/hw1.isone.me.versant.keene.beech.scada-gridworks.event.report-1728787898336-ear.electricity.works.json
2026-08-25 16:08:31,980 | WARNING | Unknown message type "gridworks.event.report" in hw1__1/eventstore/20241013/hw1.isone.me.versant.keene.beech.scada-gridworks.event.report-1728787898534-ear.electricity.works.json
2026-08-25 16:08:31,980 | WARNING | Unknown message type "gridworks.event.report" in hw1__1/eventstore/20241013/hw1.isone.me.versant.keene.beech.scada-gridworks.event.report-1728787898534-ear.electricity.works.json
2026-08-25 16:08:31,980 | WARNING | Unknown message type "gridworks.event.report" in hw1__1/eventstore/20241013/hw1.isone.me.versant.keene.beech.scada-gridworks.event.report-1728787898646-ear.electricity.works.json
2026-08-25 16:08:31,980 | WARNING | Unknown message type "gridworks.event.report" in hw1__1/eventstore/20241013/hw1.isone.me.versant.keene.beech.scada-gridworks.event.report-1728787898646-ear.electricity.works.json
2026-08-25 16:08:31,980 | WARNING | Unknown message type "gridworks.event.report" in hw1__1/eventstore/20241013/hw1.isone.me.versant.keene.beech.scada-gridworks.event.report-1728787898878-ear.electricity.works.json
2026-08-25 16:08:31,980 | WARNING | Unknown message type "gridworks.event.report" in hw1__1/eventstore/20241013/hw1.isone.me.versant.keene.beech.scada-gridworks.event.report-1728787898878-ear.electricity.works.json
2026-08-25 16:08:31,980 | WARNING | Unknown message type "gridworks.event.report" in hw1__1/eventstore/20241013/hw1.isone.me.versant.keene.beech.scada-gridworks.event.report-1728787899009-ear.electricity.works.json
2026-08-25 16:08:31,980 | WARNING | Unknown message type "gridworks.event.report" in hw1__1/eventstore/20241013/hw1.isone.me.versant.keene.beech.scada-gridworks.event.report-1728787899009-ear.electricity.works.json
2026-08-25 16:08:31,980 | WARNING | Unknown message type "gridworks.event.report" in hw1__1/eventstore/20241013/hw1.isone.me.versant.keene.beech.scada-gridworks.event.report-1728787899220-ear.electricity.works.json
2026-08-25 16:08:31,980 | WARNING | Unknown message type "gridworks.event.report" in hw1__1/eventstore/20241013/hw1.isone.me.versant.keene.beech.scada-gridworks.event.report-1728787899220-ear.electricity.works.json
2026-08-25 16:08:31,980 | WARNING | Unknown message type "gridworks.event.report" in hw1__1/eventstore/20241013/hw1.isone.me.versant.keene.beech.scada-gridworks.event.report-1728787900017-ear.electricity.works.json
2026-08-25 16:08:31,980 | WARNING | Unknown message type "gridworks.event.report" in hw1__1/eventstore/20241013/hw1.isone.me.versant.keene.beech.scada-gridworks.event.report-1728787900017-ear.electricity.works.json
2026-08-25 16:08:31,980 | WARNING | Unknown message type "gridworks.event.report" in hw1__1/eventstore/20241013/hw1.isone.me.versant.keene.beech.scada-gridworks.event.report-1728787900245-ear.electricity.works.json
2026-08-25 16:08:31,980 | WARNING | Unknown message type "gridworks.event.report" in hw1__1/eventstore/20241013/hw1.isone.me.versant.keene.beech.scada-gridworks.event.report-1728787900245-ear.electricity.works.json
2026-08-25 16:08:31,980 | WARNING | Unknown message type "gridworks.event.report" in hw1__1/eventstore/20241013/hw1.isone.me.versant.keene.beech.scada-gridworks.event.report-1728787900407-ear.electricity.works.json
2026-08-25 16:08:31,980 | WARNING | Unknown message type "gridworks.event.report" in hw1__1/eventstore/20241013/hw1.isone.me.versant.keene.beech.scada-gridworks.event.report-1728787900407-ear.electricity.works.json
2026-08-25 16:08:31,980 | WARNING | Unknown message type "gridworks.event.report" in hw1__1/eventstore/20241013/hw1.isone.me.versant.keene.beech.scada-gridworks.event.report-1728787900463-ear.electricity.works.json
2026-08-25 16:08:31,980 | WARNING | Unknown message type "gridworks.event.report" in hw1__1/eventstore/20241013/hw1.isone.me.versant.keene.beech.scada-gridworks.event.report-1728787900463-ear.electricity.works.json
2026-08-25 16:08:31,980 | WARNING | Unknown message type "gridworks.event.report" in hw1__1/eventstore/20241013/hw1.isone.me.versant.keene.beech.scada-gridworks.event.report-1728787900648-ear.electricity.works.json
2026-08-25 16:08:31,980 | WARNING | Unknown message type "gridworks.event.report" in hw1__1/eventstore/20241013/hw1.isone.me.versant.keene.beech.scada-gridworks.event.report-1728787900648-ear.electricity.works.json
2026-08-25 16:08:31,980 | WARNING | Unknown message type "gridworks.event.report" in hw1__1/eventstore/20241013/hw1.isone.me.versant.keene.beech.scada-gridworks.event.report-1728787900743-ear.electricity.works.json
2026-08-25 16:08:31,980 | WARNING | Unknown message type "gridworks.event.report" in hw1__1/eventstore/20241013/hw1.isone.me.versant.keene.beech.scada-gridworks.event.report-1728787900743-ear.electricity.works.json
2026-08-25 16:08:31,980 | WARNING | Unknown message type "gridworks.event.report" in hw1__1/eventstore/20241013/hw1.isone.me.versant.keene.beech.scada-gridworks.event.report-1728787900820-ear.electricity.works.json
2026-08-25 16:08:31,980 | WARNING | Unknown message type "gridworks.event.report" in hw1__1/eventstore/20241013/hw1.isone.me.versant.keene.beech.scada-gridworks.event.report-1728787900820-ear.electricity.works.json
2026-08-25 16:08:31,980 | WARNING | Unknown message type "gridworks.event.report" in hw1__1/eventstore/20241013/hw1.isone.me.versant.keene.beech.scada-gridworks.event.report-1728787901258-ear.electricity.works.json
2026-08-25 16:08:31,980 | WARNING | Unknown message type "gridworks.event.report" in hw1__1/eventstore/20241013/hw1.isone.me.versant.keene.beech.scada-gridworks.event.report-1728787901258-ear.electricity.works.json
2026-08-25 16:08:31,980 | WARNING | Unknown message type "gridworks.event.report" in hw1__1/eventstore/20241013/hw1.isone.me.versant.keene.beech.scada-gridworks.event.report-1728787901737-ear.electricity.works.json
2026-08-25 16:08:31,980 | WARNING | Unknown message type "gridworks.event.report" in hw1__1/eventstore/20241013/hw1.isone.me.versant.keene.beech.scada-gridworks.event.report-1728787901737-ear.electricity.works.json
2026-08-25 16:08:31,980 | WARNING | Unknown message type "gridworks.event.report" in hw1__1/eventstore/20241013/hw1.isone.me.versant.keene.beech.scada-gridworks.event.report-1728787901903-ear.electricity.works.json
2026-08-25 16:08:31,980 | WARNING | Unknown message type "gridworks.event.report" in hw1__1/eventstore/20241013/hw1.isone.me.versant.keene.beech.scada-gridworks.event.report-1728787901903-ear.electricity.works.json
2026-08-25 16:08:31,980 | WARNING | Unknown message type "gridworks.event.report" in hw1__1/eventstore/20241013/hw1.isone.me.versant.keene.beech.scada-gridworks.event.report-1728787902031-ear.electricity.works.json
2026-08-25 16:08:31,980 | WARNING | Unknown message type "gridworks.event.report" in hw1__1/eventstore/20241013/hw1.isone.me.versant.keene.beech.scada-gridworks.event.report-1728787902031-ear.electricity.works.json
2026-08-25 16:08:31,980 | WARNING | Unknown message type "gridworks.event.report" in hw1__1/eventstore/20241013/hw1.isone.me.versant.keene.beech.scada-gridworks.event.report-1728787902168-ear.electricity.works.json
2026-08-25 16:08:31,980 | WARNING | Unknown message type "gridworks.event.report" in hw1__1/eventstore/20241013/hw1.isone.me.versant.keene.beech.scada-gridworks.event.report-1728787902168-ear.electricity.works.json
2026-08-25 16:08:31,980 | WARNING | Unknown message type "gridworks.event.report" in hw1__1/eventstore/20241013/hw1.isone.me.versant.keene.beech.scada-gridworks.event.report-1728787902280-ear.electricity.works.json
2026-08-25 16:08:31,980 | WARNING | Unknown message type "gridworks.event.report" in hw1__1/eventstore/20241013/hw1.isone.me.versant.keene.beech.scada-gridworks.event.report-1728787902280-ear.electricity.works.json
2026-08-25 16:08:31,980 | WARNING | Unknown message type "gridworks.event.report" in hw1__1/eventstore/20241013/hw1.isone.me.versant.keene.beech.scada-gridworks.event.report-1728787902365-ear.electricity.works.json
2026-08-25 16:08:31,980 | WARNING | Unknown message type "gridworks.event.report" in hw1__1/eventstore/20241013/hw1.isone.me.versant.keene.beech.scada-gridworks.event.report-1728787902365-ear.electricity.works.json
2026-08-25 16:08:31,980 | WARNING | Unknown message type "gridworks.event.report" in hw1__1/eventstore/20241013/hw1.isone.me.versant.keene.beech.scada-gridworks.event.report-1728787902663-ear.electricity.works.json
2026-08-25 16:08:31,980 | WARNING | Unknown message type "gridworks.event.report" in hw1__1/eventstore/20241013/hw1.isone.me.versant.keene.beech.scada-gridworks.event.report-1728787902663-ear.electricity.works.json
2026-08-25 16:08:31,981 | WARNING | Unknown message type "gridworks.event.report" in hw1__1/eventstore/20241013/hw1.isone.me.versant.keene.beech.scada-gridworks.event.report-1728787903119-ear.electricity.works.json
2026-08-25 16:08:31,981 | WARNING | Unknown message type "gridworks.event.report" in hw1__1/eventstore/20241013/hw1.isone.me.versant.keene.beech.scada-gridworks.event.report-1728787903119-ear.electricity.works.json
2026-08-25 16:08:31,981 | WARNING | Unknown message type "gridworks.event.report" in hw1__1/eventstore/20241013/hw1.isone.me.versant.keene.beech.scada-gridworks.event.report-1728787903352-ear.electricity.works.json
2026-08-25 16:08:31,981 | WARNING | Unknown message type "gridworks.event.report" in hw1__1/eventstore/20241013/hw1.isone.me.versant.keene.beech.scada-gridworks.event.report-1728787903352-ear.electricity.works.json
2026-08-25 16:08:31,981 | WARNING | Unknown message type "gridworks.event.report" in hw1__1/eventstore/20241013/hw1.isone.me.versant.keene.beech.scada-gridworks.event.report-1728787903409-ear.electricity.works.json
2026-08-25 16:08:31,981 | WARNING | Unknown message type "gridworks.event.report" in hw1__1/eventstore/20241013/hw1.isone.me.versant.keene.beech.scada-gridworks.event.report-1728787903409-ear.electricity.works.json
2026-08-25 16:08:31,981 | WARNING | Unknown message type "gridworks.event.report" in hw1__1/eventstore/20241013/hw1.isone.me.versant.keene.beech.scada-gridworks.event.report-1728787903643-ear.electricity.works.json
2026-08-25 16:08:31,981 | WARNING | Unknown message type "gridworks.event.report" in hw1__1/eventstore/20241013/hw1.isone.me.versant.keene.beech.scada-gridworks.event.report-1728787903643-ear.electricity.works.json
2026-08-25 16:08:31,981 | WARNING | Unknown message type "gridworks.event.report" in hw1__1/eventstore/20241013/hw1.isone.me.versant.keene.beech.scada-gridworks.event.report-1728787903769-ear.electricity.works.json
2026-08-25 16:08:31,981 | WARNING | Unknown message type "gridworks.event.report" in hw1__1/eventstore/20241013/hw1.isone.me.versant.keene.beech.scada-gridworks.event.report-1728787903769-ear.electricity.works.json
2026-08-25 16:08:31,981 | WARNING | Unknown message type "gridworks.event.report" in hw1__1/eventstore/20241013/hw1.isone.me.versant.keene.beech.scada-gridworks.event.report-1728787903827-ear.electricity.works.json
2026-08-25 16:08:31,981 | WARNING | Unknown message type "gridworks.event.report" in hw1__1/eventstore/20241013/hw1.isone.me.versant.keene.beech.scada-gridworks.event.report-1728787903827-ear.electricity.works.json
2026-08-25 16:08:31,981 | WARNING | Unknown message type "gridworks.event.report" in hw1__1/eventstore/20241013/hw1.isone.me.versant.keene.beech.scada-gridworks.event.report-1728787903918-ear.electricity.works.json
2026-08-25 16:08:31,981 | WARNING | Unknown message type "gridworks.event.report" in hw1__1/eventstore/20241013/hw1.isone.me.versant.keene.beech.scada-gridworks.event.report-1728787903918-ear.electricity.works.json
2026-08-25 16:08:31,981 | WARNING | Unknown message type "gridworks.event.report" in hw1__1/eventstore/20241013/hw1.isone.me.versant.keene.beech.scada-gridworks.event.report-1728787904540-ear.electricity.works.json
2026-08-25 16:08:31,981 | WARNING | Unknown message type "gridworks.event.report" in hw1__1/eventstore/20241013/hw1.isone.me.versant.keene.beech.scada-gridworks.event.report-1728787904540-ear.electricity.works.json
2026-08-25 16:08:31,981 | WARNING | Unknown message type "gridworks.event.report" in hw1__1/eventstore/20241013/hw1.isone.me.versant.keene.beech.scada-gridworks.event.report-1728787904721-ear.electricity.works.json
2026-08-25 16:08:31,981 | WARNING | Unknown message type "gridworks.event.report" in hw1__1/eventstore/20241013/hw1.isone.me.versant.keene.beech.scada-gridworks.event.report-1728787904721-ear.electricity.works.json
2026-08-25 16:08:31,981 | WARNING | Unknown message type "gridworks.event.report" in hw1__1/eventstore/20241013/hw1.isone.me.versant.keene.beech.scada-gridworks.event.report-1728787904911-ear.electricity.works.json
2026-08-25 16:08:31,981 | WARNING | Unknown message type "gridworks.event.report" in hw1__1/eventstore/20241013/hw1.isone.me.versant.keene.beech.scada-gridworks.event.report-1728787904911-ear.electricity.works.json
2026-08-25 16:08:31,981 | WARNING | Unknown message type "gridworks.event.report" in hw1__1/eventstore/20241013/hw1.isone.me.versant.keene.beech.scada-gridworks.event.report-1728787905033-ear.electricity.works.json
2026-08-25 16:08:31,981 | WARNING | Unknown message type "gridworks.event.report" in hw1__1/eventstore/20241013/hw1.isone.me.versant.keene.beech.scada-gridworks.event.report-1728787905033-ear.electricity.works.json
2026-08-25 16:08:31,981 | WARNING | Unknown message type "gridworks.event.report" in hw1__1/eventstore/20241013/hw1.isone.me.versant.keene.beech.scada-gridworks.event.report-1728787905200-ear.electricity.works.json
2026-08-25 16:08:31,981 | WARNING | Unknown message type "gridworks.event.report" in hw1__1/eventstore/20241013/hw1.isone.me.versant.keene.beech.scada-gridworks.event.report-1728787905200-ear.electricity.works.json
2026-08-25 16:08:31,981 | WARNING | Unknown message type "gridworks.event.report" in hw1__1/eventstore/20241013/hw1.isone.me.versant.keene.beech.scada-gridworks.event.report-1728787905268-ear.electricity.works.json
2026-08-25 16:08:31,981 | WARNING | Unknown message type "gridworks.event.report" in hw1__1/eventstore/20241013/hw1.isone.me.versant.keene.beech.scada-gridworks.event.report-1728787905268-ear.electricity.works.json
2026-08-25 16:08:31,981 | WARNING | Unknown message type "gridworks.event.report" in hw1__1/eventstore/20241013/hw1.isone.me.versant.keene.beech.scada-gridworks.event.report-1728787905347-ear.electricity.works.json
2026-08-25 16:08:31,981 | WARNING | Unknown message type "gridworks.event.report" in hw1__1/eventstore/20241013/hw1.isone.me.versant.keene.beech.scada-gridworks.event.report-1728787905347-ear.electricity.works.json
2026-08-25 16:08:31,981 | WARNING | Unknown message type "gridworks.event.report" in hw1__1/eventstore/20241013/hw1.isone.me.versant.keene.beech.scada-gridworks.event.report-1728787906057-ear.electricity.works.json
2026-08-25 16:08:31,981 | WARNING | Unknown message type "gridworks.event.report" in hw1__1/eventstore/20241013/hw1.isone.me.versant.keene.beech.scada-gridworks.event.report-1728787906057-ear.electricity.works.json
2026-08-25 16:08:31,981 | WARNING | Unknown message type "gridworks.event.report" in hw1__1/eventstore/20241013/hw1.isone.me.versant.keene.beech.scada-gridworks.event.report-1728787906261-ear.electricity.works.json
2026-08-25 16:08:31,981 | WARNING | Unknown message type "gridworks.event.report" in hw1__1/eventstore/20241013/hw1.isone.me.versant.keene.beech.scada-gridworks.event.report-1728787906261-ear.electricity.works.json
2026-08-25 16:08:31,981 | WARNING | Unknown message type "gridworks.event.report" in hw1__1/eventstore/20241013/hw1.isone.me.versant.keene.beech.scada-gridworks.event.report-1728787906507-ear.electricity.works.json
2026-08-25 16:08:31,981 | WARNING | Unknown message type "gridworks.event.report" in hw1__1/eventstore/20241013/hw1.isone.me.versant.keene.beech.scada-gridworks.event.report-1728787906507-ear.electricity.works.json
2026-08-25 16:08:31,981 | WARNING | Unknown message type "gridworks.event.report" in hw1__1/eventstore/20241013/hw1.isone.me.versant.keene.beech.scada-gridworks.event.report-1728787906616-ear.electricity.works.json
2026-08-25 16:08:31,981 | WARNING | Unknown message type "gridworks.event.report" in hw1__1/eventstore/20241013/hw1.isone.me.versant.keene.beech.scada-gridworks.event.report-1728787906616-ear.electricity.works.json
2026-08-25 16:08:31,981 | WARNING | Unknown message type "gridworks.event.report" in hw1__1/eventstore/20241013/hw1.isone.me.versant.keene.beech.scada-gridworks.event.report-1728787906771-ear.electricity.works.json
2026-08-25 16:08:31,981 | WARNING | Unknown message type "gridworks.event.report" in hw1__1/eventstore/20241013/hw1.isone.me.versant.keene.beech.scada-gridworks.event.report-1728787906771-ear.electricity.works.json
2026-08-25 16:08:31,981 | WARNING | Unknown message type "gridworks.event.report" in hw1__1/eventstore/20241013/hw1.isone.me.versant.keene.beech.scada-gridworks.event.report-1728787906841-ear.electricity.works.json
2026-08-25 16:08:31,981 | WARNING | Unknown message type "gridworks.event.report" in hw1__1/eventstore/20241013/hw1.isone.me.versant.keene.beech.scada-gridworks.event.report-1728787906841-ear.electricity.works.json
2026-08-25 16:08:31,981 | WARNING | Unknown message type "gridworks.event.report" in hw1__1/eventstore/20241013/hw1.isone.me.versant.keene.beech.scada-gridworks.event.report-1728787906917-ear.electricity.works.json
2026-08-25 16:08:31,981 | WARNING | Unknown message type "gridworks.event.report" in hw1__1/eventstore/20241013/hw1.isone.me.versant.keene.beech.scada-gridworks.event.report-1728787906917-ear.electricity.works.json
2026-08-25 16:08:31,981 | WARNING | Unknown message type "gridworks.event.report" in hw1__1/eventstore/20241013/hw1.isone.me.versant.keene.beech.scada-gridworks.event.report-1728787907478-ear.electricity.works.json
2026-08-25 16:08:31,981 | WARNING | Unknown message type "gridworks.event.report" in hw1__1/eventstore/20241013/hw1.isone.me.versant.keene.beech.scada-gridworks.event.report-1728787907478-ear.electricity.works.json
2026-08-25 16:08:31,981 | WARNING | Unknown message type "gridworks.event.report" in hw1__1/eventstore/20241013/hw1.isone.me.versant.keene.beech.scada-gridworks.event.report-1728787907654-ear.electricity.works.json
2026-08-25 16:08:31,981 | WARNING | Unknown message type "gridworks.event.report" in hw1__1/eventstore/20241013/hw1.isone.me.versant.keene.beech.scada-gridworks.event.report-1728787907654-ear.electricity.works.json
2026-08-25 16:08:31,981 | WARNING | Unknown message type "gridworks.event.report" in hw1__1/eventstore/20241013/hw1.isone.me.versant.keene.beech.scada-gridworks.event.report-1728787907889-ear.electricity.works.json
2026-08-25 16:08:31,981 | WARNING | Unknown message type "gridworks.event.report" in hw1__1/eventstore/20241013/hw1.isone.me.versant.keene.beech.scada-gridworks.event.report-1728787907889-ear.electricity.works.json
2026-08-25 16:08:31,981 | WARNING | Unknown message type "gridworks.event.report" in hw1__1/eventstore/20241013/hw1.isone.me.versant.keene.beech.scada-gridworks.event.report-1728787907970-ear.electricity.works.json
2026-08-25 16:08:31,981 | WARNING | Unknown message type "gridworks.event.report" in hw1__1/eventstore/20241013/hw1.isone.me.versant.keene.beech.scada-gridworks.event.report-1728787907970-ear.electricity.works.json
2026-08-25 16:08:31,981 | WARNING | Unknown message type "gridworks.event.report" in hw1__1/eventstore/20241013/hw1.isone.me.versant.keene.beech.scada-gridworks.event.report-1728787908138-ear.electricity.works.json
2026-08-25 16:08:31,981 | WARNING | Unknown message type "gridworks.event.report" in hw1__1/eventstore/20241013/hw1.isone.me.versant.keene.beech.scada-gridworks.event.report-1728787908138-ear.electricity.works.json
2026-08-25 16:08:31,981 | WARNING | Unknown message type "gridworks.event.report" in hw1__1/eventstore/20241013/hw1.isone.me.versant.keene.beech.scada-gridworks.event.report-1728787908233-ear.electricity.works.json
2026-08-25 16:08:31,981 | WARNING | Unknown message type "gridworks.event.report" in hw1__1/eventstore/20241013/hw1.isone.me.versant.keene.beech.scada-gridworks.event.report-1728787908233-ear.electricity.works.json
2026-08-25 16:08:31,981 | WARNING | Unknown message type "gridworks.event.report" in hw1__1/eventstore/20241013/hw1.isone.me.versant.keene.beech.scada-gridworks.event.report-1728787908354-ear.electricity.works.json
2026-08-25 16:08:31,981 | WARNING | Unknown message type "gridworks.event.report" in hw1__1/eventstore/20241013/hw1.isone.me.versant.keene.beech.scada-gridworks.event.report-1728787908354-ear.electricity.works.json
2026-08-25 16:08:31,981 | WARNING | Unknown message type "gridworks.event.report" in hw1__1/eventstore/20241013/hw1.isone.me.versant.keene.beech.scada-gridworks.event.report-1728787908881-ear.electricity.works.json
2026-08-25 16:08:31,981 | WARNING | Unknown message type "gridworks.event.report" in hw1__1/eventstore/20241013/hw1.isone.me.versant.keene.beech.scada-gridworks.event.report-1728787908881-ear.electricity.works.json
2026-08-25 16:08:31,981 | WARNING | Unknown message type "gridworks.event.report" in hw1__1/eventstore/20241013/hw1.isone.me.versant.keene.beech.scada-gridworks.event.report-1728787909220-ear.electricity.works.json
2026-08-25 16:08:31,981 | WARNING | Unknown message type "gridworks.event.report" in hw1__1/eventstore/20241013/hw1.isone.me.versant.keene.beech.scada-gridworks.event.report-1728787909220-ear.electricity.works.json
2026-08-25 16:08:31,981 | WARNING | Unknown message type "gridworks.event.report" in hw1__1/eventstore/20241013/hw1.isone.me.versant.keene.beech.scada-gridworks.event.report-1728787909355-ear.electricity.works.json
2026-08-25 16:08:31,981 | WARNING | Unknown message type "gridworks.event.report" in hw1__1/eventstore/20241013/hw1.isone.me.versant.keene.beech.scada-gridworks.event.report-1728787909355-ear.electricity.works.json
2026-08-25 16:08:31,981 | WARNING | Unknown message type "gridworks.event.report" in hw1__1/eventstore/20241013/hw1.isone.me.versant.keene.beech.scada-gridworks.event.report-1728787909423-ear.electricity.works.json
2026-08-25 16:08:31,981 | WARNING | Unknown message type "gridworks.event.report" in hw1__1/eventstore/20241013/hw1.isone.me.versant.keene.beech.scada-gridworks.event.report-1728787909423-ear.electricity.works.json
2026-08-25 16:08:31,981 | WARNING | Unknown message type "gridworks.event.report" in hw1__1/eventstore/20241013/hw1.isone.me.versant.keene.beech.scada-gridworks.event.report-1728787909534-ear.electricity.works.json
2026-08-25 16:08:31,981 | WARNING | Unknown message type "gridworks.event.report" in hw1__1/eventstore/20241013/hw1.isone.me.versant.keene.beech.scada-gridworks.event.report-1728787909534-ear.electricity.works.json
2026-08-25 16:08:31,981 | WARNING | Unknown message type "gridworks.event.report" in hw1__1/eventstore/20241013/hw1.isone.me.versant.keene.beech.scada-gridworks.event.report-1728787909610-ear.electricity.works.json
2026-08-25 16:08:31,981 | WARNING | Unknown message type "gridworks.event.report" in hw1__1/eventstore/20241013/hw1.isone.me.versant.keene.beech.scada-gridworks.event.report-1728787909610-ear.electricity.works.json
2026-08-25 16:08:31,981 | WARNING | Unknown message type "gridworks.event.report" in hw1__1/eventstore/20241013/hw1.isone.me.versant.keene.beech.scada-gridworks.event.report-1728787909758-ear.electricity.works.json
2026-08-25 16:08:31,981 | WARNING | Unknown message type "gridworks.event.report" in hw1__1/eventstore/20241013/hw1.isone.me.versant.keene.beech.scada-gridworks.event.report-1728787909758-ear.electricity.works.json
2026-08-25 16:08:31,981 | WARNING | Unknown message type "gridworks.event.report" in hw1__1/eventstore/20241013/hw1.isone.me.versant.keene.beech.scada-gridworks.event.report-1728787910155-ear.electricity.works.json
2026-08-25 16:08:31,981 | WARNING | Unknown message type "gridworks.event.report" in hw1__1/eventstore/20241013/hw1.isone.me.versant.keene.beech.scada-gridworks.event.report-1728787910155-ear.electricity.works.json
2026-08-25 16:08:31,981 | WARNING | Unknown message type "gridworks.event.report" in hw1__1/eventstore/20241013/hw1.isone.me.versant.keene.beech.scada-gridworks.event.report-1728787910735-ear.electricity.works.json
2026-08-25 16:08:31,981 | WARNING | Unknown message type "gridworks.event.report" in hw1__1/eventstore/20241013/hw1.isone.me.versant.keene.beech.scada-gridworks.event.report-1728787910735-ear.electricity.works.json
2026-08-25 16:08:31,981 | WARNING | Unknown message type "gridworks.event.report" in hw1__1/eventstore/20241013/hw1.isone.me.versant.keene.beech.scada-gridworks.event.report-1728787910983-ear.electricity.works.json
2026-08-25 16:08:31,981 | WARNING | Unknown message type "gridworks.event.report" in hw1__1/eventstore/20241013/hw1.isone.me.versant.keene.beech.scada-gridworks.event.report-1728787910983-ear.electricity.works.json
2026-08-25 16:08:31,981 | WARNING | Unknown message type "gridworks.event.report" in hw1__1/eventstore/20241013/hw1.isone.me.versant.keene.beech.scada-gridworks.event.report-1728787911044-ear.electricity.works.json
2026-08-25 16:08:31,981 | WARNING | Unknown message type "gridworks.event.report" in hw1__1/eventstore/20241013/hw1.isone.me.versant.keene.beech.scada-gridworks.event.report-1728787911044-ear.electricity.works.json
2026-08-25 16:08:31,981 | WARNING | Unknown message type "gridworks.event.report" in hw1__1/eventstore/20241013/hw1.isone.me.versant.keene.beech.scada-gridworks.event.report-1728787911224-ear.electricity.works.json
2026-08-25 16:08:31,981 | WARNING | Unknown message type "gridworks.event.report" in hw1__1/eventstore/20241013/hw1.isone.me.versant.keene.beech.scada-gridworks.event.report-1728787911224-ear.electricity.works.json
2026-08-25 16:08:31,981 | WARNING | Unknown message type "gridworks.event.report" in hw1__1/eventstore/20241013/hw1.isone.me.versant.keene.beech.scada-gridworks.event.report-1728787911312-ear.electricity.works.json
2026-08-25 16:08:31,981 | WARNING | Unknown message type "gridworks.event.report" in hw1__1/eventstore/20241013/hw1.isone.me.versant.keene.beech.scada-gridworks.event.report-1728787911312-ear.electricity.works.json
2026-08-25 16:08:31,981 | WARNING | Unknown message type "gridworks.event.report" in hw1__1/eventstore/20241013/hw1.isone.me.versant.keene.beech.scada-gridworks.event.report-1728787911415-ear.electricity.works.json
2026-08-25 16:08:31,981 | WARNING | Unknown message type "gridworks.event.report" in hw1__1/eventstore/20241013/hw1.isone.me.versant.keene.beech.scada-gridworks.event.report-1728787911415-ear.electricity.works.json
2026-08-25 16:08:31,981 | WARNING | Unknown message type "gridworks.event.report" in hw1__1/eventstore/20241013/hw1.isone.me.versant.keene.beech.scada-gridworks.event.report-1728787911500-ear.electricity.works.json
2026-08-25 16:08:31,981 | WARNING | Unknown message type "gridworks.event.report" in hw1__1/eventstore/20241013/hw1.isone.me.versant.keene.beech.scada-gridworks.event.report-1728787911500-ear.electricity.works.json
2026-08-25 16:08:31,981 | WARNING | Unknown message type "gridworks.event.report" in hw1__1/eventstore/20241013/hw1.isone.me.versant.keene.beech.scada-gridworks.event.report-1728787912299-ear.electricity.works.json
2026-08-25 16:08:31,981 | WARNING | Unknown message type "gridworks.event.report" in hw1__1/eventstore/20241013/hw1.isone.me.versant.keene.beech.scada-gridworks.event.report-1728787912299-ear.electricity.works.json
2026-08-25 16:08:31,981 | WARNING | Unknown message type "gridworks.event.report" in hw1__1/eventstore/20241013/hw1.isone.me.versant.keene.beech.scada-gridworks.event.report-1728787912445-ear.electricity.works.json
2026-08-25 16:08:31,981 | WARNING | Unknown message type "gridworks.event.report" in hw1__1/eventstore/20241013/hw1.isone.me.versant.keene.beech.scada-gridworks.event.report-1728787912445-ear.electricity.works.json
2026-08-25 16:08:31,981 | WARNING | Unknown message type "gridworks.event.report" in hw1__1/eventstore/20241013/hw1.isone.me.versant.keene.beech.scada-gridworks.event.report-1728787912699-ear.electricity.works.json
2026-08-25 16:08:31,981 | WARNING | Unknown message type "gridworks.event.report" in hw1__1/eventstore/20241013/hw1.isone.me.versant.keene.beech.scada-gridworks.event.report-1728787912699-ear.electricity.works.json
2026-08-25 16:08:31,981 | WARNING | Unknown message type "gridworks.event.report" in hw1__1/eventstore/20241013/hw1.isone.me.versant.keene.beech.scada-gridworks.event.report-1728787912946-ear.electricity.works.json
2026-08-25 16:08:31,981 | WARNING | Unknown message type "gridworks.event.report" in hw1__1/eventstore/20241013/hw1.isone.me.versant.keene.beech.scada-gridworks.event.report-1728787912946-ear.electricity.works.json
2026-08-25 16:08:31,981 | WARNING | Unknown message type "gridworks.event.report" in hw1__1/eventstore/20241013/hw1.isone.me.versant.keene.beech.scada-gridworks.event.report-1728787913049-ear.electricity.works.json
2026-08-25 16:08:31,981 | WARNING | Unknown message type "gridworks.event.report" in hw1__1/eventstore/20241013/hw1.isone.me.versant.keene.beech.scada-gridworks.event.report-1728787913049-ear.electricity.works.json
2026-08-25 16:08:31,981 | WARNING | Unknown message type "gridworks.event.report" in hw1__1/eventstore/20241013/hw1.isone.me.versant.keene.beech.scada-gridworks.event.report-1728787913135-ear.electricity.works.json
2026-08-25 16:08:31,981 | WARNING | Unknown message type "gridworks.event.report" in hw1__1/eventstore/20241013/hw1.isone.me.versant.keene.beech.scada-gridworks.event.report-1728787913135-ear.electricity.works.json
2026-08-25 16:08:31,981 | WARNING | Unknown message type "gridworks.event.report" in hw1__1/eventstore/20241013/hw1.isone.me.versant.keene.beech.scada-gridworks.event.report-1728787913248-ear.electricity.works.json
2026-08-25 16:08:31,981 | WARNING | Unknown message type "gridworks.event.report" in hw1__1/eventstore/20241013/hw1.isone.me.versant.keene.beech.scada-gridworks.event.report-1728787913248-ear.electricity.works.json
2026-08-25 16:08:31,981 | WARNING | Unknown message type "gridworks.event.report" in hw1__1/eventstore/20241013/hw1.isone.me.versant.keene.beech.scada-gridworks.event.report-1728788100279-ear.electricity.works.json
2026-08-25 16:08:31,981 | WARNING | Unknown message type "gridworks.event.report" in hw1__1/eventstore/20241013/hw1.isone.me.versant.keene.beech.scada-gridworks.event.report-1728788100279-ear.electricity.works.json
2026-08-25 16:08:31,981 | WARNING | Unknown message type "gridworks.event.report" in hw1__1/eventstore/20241013/hw1.isone.me.versant.keene.beech.scada-gridworks.event.report-1728788400324-ear.electricity.works.json
2026-08-25 16:08:31,981 | WARNING | Unknown message type "gridworks.event.report" in hw1__1/eventstore/20241013/hw1.isone.me.versant.keene.beech.scada-gridworks.event.report-1728788400324-ear.electricity.works.json
2026-08-25 16:08:31,981 | WARNING | Unknown message type "gridworks.event.report" in hw1__1/eventstore/20241013/hw1.isone.me.versant.keene.beech.scada-gridworks.event.report-1728788700263-ear.electricity.works.json
2026-08-25 16:08:31,981 | WARNING | Unknown message type "gridworks.event.report" in hw1__1/eventstore/20241013/hw1.isone.me.versant.keene.beech.scada-gridworks.event.report-1728788700263-ear.electricity.works.json
2026-08-25 16:08:31,981 | WARNING | Unknown message type "gridworks.event.report" in hw1__1/eventstore/20241013/hw1.isone.me.versant.keene.beech.scada-gridworks.event.report-1728789000344-ear.electricity.works.json
2026-08-25 16:08:31,981 | WARNING | Unknown message type "gridworks.event.report" in hw1__1/eventstore/20241013/hw1.isone.me.versant.keene.beech.scada-gridworks.event.report-1728789000344-ear.electricity.works.json
2026-08-25 16:08:31,981 | WARNING | Unknown message type "gridworks.event.report" in hw1__1/eventstore/20241013/hw1.isone.me.versant.keene.beech.scada-gridworks.event.report-1728789300354-ear.electricity.works.json
2026-08-25 16:08:31,981 | WARNING | Unknown message type "gridworks.event.report" in hw1__1/eventstore/20241013/hw1.isone.me.versant.keene.beech.scada-gridworks.event.report-1728789300354-ear.electricity.works.json
2026-08-25 16:08:31,981 | WARNING | Unknown message type "gridworks.event.report" in hw1__1/eventstore/20241013/hw1.isone.me.versant.keene.beech.scada-gridworks.event.report-1728789600293-ear.electricity.works.json
2026-08-25 16:08:31,981 | WARNING | Unknown message type "gridworks.event.report" in hw1__1/eventstore/20241013/hw1.isone.me.versant.keene.beech.scada-gridworks.event.report-1728789600293-ear.electricity.works.json
2026-08-25 16:08:31,981 | WARNING | Unknown message type "gridworks.event.report" in hw1__1/eventstore/20241013/hw1.isone.me.versant.keene.beech.scada-gridworks.event.report-1728789900237-ear.electricity.works.json
2026-08-25 16:08:31,981 | WARNING | Unknown message type "gridworks.event.report" in hw1__1/eventstore/20241013/hw1.isone.me.versant.keene.beech.scada-gridworks.event.report-1728789900237-ear.electricity.works.json
2026-08-25 16:08:31,981 | WARNING | Unknown message type "gridworks.event.report" in hw1__1/eventstore/20241013/hw1.isone.me.versant.keene.beech.scada-gridworks.event.report-1728790200262-ear.electricity.works.json
2026-08-25 16:08:31,981 | WARNING | Unknown message type "gridworks.event.report" in hw1__1/eventstore/20241013/hw1.isone.me.versant.keene.beech.scada-gridworks.event.report-1728790200262-ear.electricity.works.json
2026-08-25 16:08:31,981 | WARNING | Unknown message type "gridworks.event.report" in hw1__1/eventstore/20241013/hw1.isone.me.versant.keene.beech.scada-gridworks.event.report-1728790500319-ear.electricity.works.json
2026-08-25 16:08:31,981 | WARNING | Unknown message type "gridworks.event.report" in hw1__1/eventstore/20241013/hw1.isone.me.versant.keene.beech.scada-gridworks.event.report-1728790500319-ear.electricity.works.json
2026-08-25 16:08:31,981 | WARNING | Unknown message type "gridworks.event.report" in hw1__1/eventstore/20241013/hw1.isone.me.versant.keene.beech.scada-gridworks.event.report-1728790800271-ear.electricity.works.json
2026-08-25 16:08:31,981 | WARNING | Unknown message type "gridworks.event.report" in hw1__1/eventstore/20241013/hw1.isone.me.versant.keene.beech.scada-gridworks.event.report-1728790800271-ear.electricity.works.json
2026-08-25 16:08:31,981 | WARNING | Unknown message type "gridworks.event.report" in hw1__1/eventstore/20241013/hw1.isone.me.versant.keene.beech.scada-gridworks.event.report-1728791100287-ear.electricity.works.json
2026-08-25 16:08:31,981 | WARNING | Unknown message type "gridworks.event.report" in hw1__1/eventstore/20241013/hw1.isone.me.versant.keene.beech.scada-gridworks.event.report-1728791100287-ear.electricity.works.json
2026-08-25 16:08:31,981 | WARNING | Unknown message type "gridworks.event.report" in hw1__1/eventstore/20241013/hw1.isone.me.versant.keene.beech.scada-gridworks.event.report-1728791400269-ear.electricity.works.json
2026-08-25 16:08:31,981 | WARNING | Unknown message type "gridworks.event.report" in hw1__1/eventstore/20241013/hw1.isone.me.versant.keene.beech.scada-gridworks.event.report-1728791400269-ear.electricity.works.json
2026-08-25 16:08:31,981 | WARNING | Unknown message type "gridworks.event.report" in hw1__1/eventstore/20241013/hw1.isone.me.versant.keene.beech.scada-gridworks.event.report-1728791700262-ear.electricity.works.json
2026-08-25 16:08:31,981 | WARNING | Unknown message type "gridworks.event.report" in hw1__1/eventstore/20241013/hw1.isone.me.versant.keene.beech.scada-gridworks.event.report-1728791700262-ear.electricity.works.json
2026-08-25 16:08:31,981 | WARNING | Unknown message type "gridworks.event.report" in hw1__1/eventstore/20241013/hw1.isone.me.versant.keene.beech.scada-gridworks.event.report-1728792000424-ear.electricity.works.json
2026-08-25 16:08:31,981 | WARNING | Unknown message type "gridworks.event.report" in hw1__1/eventstore/20241013/hw1.isone.me.versant.keene.beech.scada-gridworks.event.report-1728792000424-ear.electricity.works.json
2026-08-25 16:08:31,981 | WARNING | Unknown message type "gridworks.event.report" in hw1__1/eventstore/20241013/hw1.isone.me.versant.keene.beech.scada-gridworks.event.report-1728792300336-ear.electricity.works.json
2026-08-25 16:08:31,981 | WARNING | Unknown message type "gridworks.event.report" in hw1__1/eventstore/20241013/hw1.isone.me.versant.keene.beech.scada-gridworks.event.report-1728792300336-ear.electricity.works.json
2026-08-25 16:08:31,981 | WARNING | Unknown message type "gridworks.event.report" in hw1__1/eventstore/20241013/hw1.isone.me.versant.keene.beech.scada-gridworks.event.report-1728792600301-ear.electricity.works.json
2026-08-25 16:08:31,981 | WARNING | Unknown message type "gridworks.event.report" in hw1__1/eventstore/20241013/hw1.isone.me.versant.keene.beech.scada-gridworks.event.report-1728792600301-ear.electricity.works.json
2026-08-25 16:08:31,981 | WARNING | Unknown message type "gridworks.event.report" in hw1__1/eventstore/20241013/hw1.isone.me.versant.keene.beech.scada-gridworks.event.report-1728792900296-ear.electricity.works.json
2026-08-25 16:08:31,981 | WARNING | Unknown message type "gridworks.event.report" in hw1__1/eventstore/20241013/hw1.isone.me.versant.keene.beech.scada-gridworks.event.report-1728792900296-ear.electricity.works.json
2026-08-25 16:08:31,981 | WARNING | Unknown message type "gridworks.event.report" in hw1__1/eventstore/20241013/hw1.isone.me.versant.keene.beech.scada-gridworks.event.report-1728793200221-ear.electricity.works.json
2026-08-25 16:08:31,981 | WARNING | Unknown message type "gridworks.event.report" in hw1__1/eventstore/20241013/hw1.isone.me.versant.keene.beech.scada-gridworks.event.report-1728793200221-ear.electricity.works.json
2026-08-25 16:08:31,981 | WARNING | Unknown message type "gridworks.event.report" in hw1__1/eventstore/20241013/hw1.isone.me.versant.keene.beech.scada-gridworks.event.report-1728793500351-ear.electricity.works.json
2026-08-25 16:08:31,981 | WARNING | Unknown message type "gridworks.event.report" in hw1__1/eventstore/20241013/hw1.isone.me.versant.keene.beech.scada-gridworks.event.report-1728793500351-ear.electricity.works.json
2026-08-25 16:08:31,982 | WARNING | Unknown message type "gridworks.event.report" in hw1__1/eventstore/20241013/hw1.isone.me.versant.keene.beech.scada-gridworks.event.report-1728793800556-ear.electricity.works.json
2026-08-25 16:08:31,982 | WARNING | Unknown message type "gridworks.event.report" in hw1__1/eventstore/20241013/hw1.isone.me.versant.keene.beech.scada-gridworks.event.report-1728793800556-ear.electricity.works.json
2026-08-25 16:08:31,982 | WARNING | Unknown message type "gridworks.event.report" in hw1__1/eventstore/20241013/hw1.isone.me.versant.keene.beech.scada-gridworks.event.report-1728794100378-ear.electricity.works.json
2026-08-25 16:08:31,982 | WARNING | Unknown message type "gridworks.event.report" in hw1__1/eventstore/20241013/hw1.isone.me.versant.keene.beech.scada-gridworks.event.report-1728794100378-ear.electricity.works.json
2026-08-25 16:08:31,982 | WARNING | Unknown message type "gridworks.event.report" in hw1__1/eventstore/20241013/hw1.isone.me.versant.keene.beech.scada-gridworks.event.report-1728794400270-ear.electricity.works.json
2026-08-25 16:08:31,982 | WARNING | Unknown message type "gridworks.event.report" in hw1__1/eventstore/20241013/hw1.isone.me.versant.keene.beech.scada-gridworks.event.report-1728794400270-ear.electricity.works.json
2026-08-25 16:08:31,982 | WARNING | Unknown message type "gridworks.event.report" in hw1__1/eventstore/20241013/hw1.isone.me.versant.keene.beech.scada-gridworks.event.report-1728794700318-ear.electricity.works.json
2026-08-25 16:08:31,982 | WARNING | Unknown message type "gridworks.event.report" in hw1__1/eventstore/20241013/hw1.isone.me.versant.keene.beech.scada-gridworks.event.report-1728794700318-ear.electricity.works.json
2026-08-25 16:08:31,982 | WARNING | Unknown message type "gridworks.event.report" in hw1__1/eventstore/20241013/hw1.isone.me.versant.keene.beech.scada-gridworks.event.report-1728795000420-ear.electricity.works.json
2026-08-25 16:08:31,982 | WARNING | Unknown message type "gridworks.event.report" in hw1__1/eventstore/20241013/hw1.isone.me.versant.keene.beech.scada-gridworks.event.report-1728795000420-ear.electricity.works.json
2026-08-25 16:08:31,982 | WARNING | Unknown message type "gridworks.event.report" in hw1__1/eventstore/20241013/hw1.isone.me.versant.keene.beech.scada-gridworks.event.report-1728795300297-ear.electricity.works.json
2026-08-25 16:08:31,982 | WARNING | Unknown message type "gridworks.event.report" in hw1__1/eventstore/20241013/hw1.isone.me.versant.keene.beech.scada-gridworks.event.report-1728795300297-ear.electricity.works.json
2026-08-25 16:08:31,982 | WARNING | Unknown message type "gridworks.event.report" in hw1__1/eventstore/20241013/hw1.isone.me.versant.keene.beech.scada-gridworks.event.report-1728795600393-ear.electricity.works.json
2026-08-25 16:08:31,982 | WARNING | Unknown message type "gridworks.event.report" in hw1__1/eventstore/20241013/hw1.isone.me.versant.keene.beech.scada-gridworks.event.report-1728795600393-ear.electricity.works.json
2026-08-25 16:08:31,982 | WARNING | Unknown message type "gridworks.event.report" in hw1__1/eventstore/20241013/hw1.isone.me.versant.keene.beech.scada-gridworks.event.report-1728795900485-ear.electricity.works.json
2026-08-25 16:08:31,982 | WARNING | Unknown message type "gridworks.event.report" in hw1__1/eventstore/20241013/hw1.isone.me.versant.keene.beech.scada-gridworks.event.report-1728795900485-ear.electricity.works.json
2026-08-25 16:08:31,982 | WARNING | Unknown message type "gridworks.event.report" in hw1__1/eventstore/20241013/hw1.isone.me.versant.keene.beech.scada-gridworks.event.report-1728796200233-ear.electricity.works.json
2026-08-25 16:08:31,982 | WARNING | Unknown message type "gridworks.event.report" in hw1__1/eventstore/20241013/hw1.isone.me.versant.keene.beech.scada-gridworks.event.report-1728796200233-ear.electricity.works.json
2026-08-25 16:08:31,982 | WARNING | Unknown message type "gridworks.event.report" in hw1__1/eventstore/20241013/hw1.isone.me.versant.keene.beech.scada-gridworks.event.report-1728796500289-ear.electricity.works.json
2026-08-25 16:08:31,982 | WARNING | Unknown message type "gridworks.event.report" in hw1__1/eventstore/20241013/hw1.isone.me.versant.keene.beech.scada-gridworks.event.report-1728796500289-ear.electricity.works.json
2026-08-25 16:08:31,982 | WARNING | Unknown message type "gridworks.event.report" in hw1__1/eventstore/20241013/hw1.isone.me.versant.keene.beech.scada-gridworks.event.report-1728796800297-ear.electricity.works.json
2026-08-25 16:08:31,982 | WARNING | Unknown message type "gridworks.event.report" in hw1__1/eventstore/20241013/hw1.isone.me.versant.keene.beech.scada-gridworks.event.report-1728796800297-ear.electricity.works.json
2026-08-25 16:08:31,982 | WARNING | Unknown message type "gridworks.event.report" in hw1__1/eventstore/20241013/hw1.isone.me.versant.keene.beech.scada-gridworks.event.report-1728797100301-ear.electricity.works.json
2026-08-25 16:08:31,982 | WARNING | Unknown message type "gridworks.event.report" in hw1__1/eventstore/20241013/hw1.isone.me.versant.keene.beech.scada-gridworks.event.report-1728797100301-ear.electricity.works.json
2026-08-25 16:08:31,982 | WARNING | Unknown message type "gridworks.event.report" in hw1__1/eventstore/20241013/hw1.isone.me.versant.keene.beech.scada-gridworks.event.report-1728797400365-ear.electricity.works.json
2026-08-25 16:08:31,982 | WARNING | Unknown message type "gridworks.event.report" in hw1__1/eventstore/20241013/hw1.isone.me.versant.keene.beech.scada-gridworks.event.report-1728797400365-ear.electricity.works.json
2026-08-25 16:08:31,982 | WARNING | Unknown message type "gridworks.event.report" in hw1__1/eventstore/20241013/hw1.isone.me.versant.keene.beech.scada-gridworks.event.report-1728797700360-ear.electricity.works.json
2026-08-25 16:08:31,982 | WARNING | Unknown message type "gridworks.event.report" in hw1__1/eventstore/20241013/hw1.isone.me.versant.keene.beech.scada-gridworks.event.report-1728797700360-ear.electricity.works.json
2026-08-25 16:08:31,982 | WARNING | Unknown message type "gridworks.event.report" in hw1__1/eventstore/20241013/hw1.isone.me.versant.keene.beech.scada-gridworks.event.report-1728798000300-ear.electricity.works.json
2026-08-25 16:08:31,982 | WARNING | Unknown message type "gridworks.event.report" in hw1__1/eventstore/20241013/hw1.isone.me.versant.keene.beech.scada-gridworks.event.report-1728798000300-ear.electricity.works.json
2026-08-25 16:08:31,982 | WARNING | Unknown message type "gridworks.event.report" in hw1__1/eventstore/20241013/hw1.isone.me.versant.keene.beech.scada-gridworks.event.report-1728798300271-ear.electricity.works.json
2026-08-25 16:08:31,982 | WARNING | Unknown message type "gridworks.event.report" in hw1__1/eventstore/20241013/hw1.isone.me.versant.keene.beech.scada-gridworks.event.report-1728798300271-ear.electricity.works.json
2026-08-25 16:08:31,982 | WARNING | Unknown message type "gridworks.event.report" in hw1__1/eventstore/20241013/hw1.isone.me.versant.keene.beech.scada-gridworks.event.report-1728798600433-ear.electricity.works.json
2026-08-25 16:08:31,982 | WARNING | Unknown message type "gridworks.event.report" in hw1__1/eventstore/20241013/hw1.isone.me.versant.keene.beech.scada-gridworks.event.report-1728798600433-ear.electricity.works.json
2026-08-25 16:08:31,982 | WARNING | Unknown message type "gridworks.event.report" in hw1__1/eventstore/20241013/hw1.isone.me.versant.keene.beech.scada-gridworks.event.report-1728798900275-ear.electricity.works.json
2026-08-25 16:08:31,982 | WARNING | Unknown message type "gridworks.event.report" in hw1__1/eventstore/20241013/hw1.isone.me.versant.keene.beech.scada-gridworks.event.report-1728798900275-ear.electricity.works.json
2026-08-25 16:08:31,982 | WARNING | Unknown message type "gridworks.event.report" in hw1__1/eventstore/20241013/hw1.isone.me.versant.keene.beech.scada-gridworks.event.report-1728799200324-ear.electricity.works.json
2026-08-25 16:08:31,982 | WARNING | Unknown message type "gridworks.event.report" in hw1__1/eventstore/20241013/hw1.isone.me.versant.keene.beech.scada-gridworks.event.report-1728799200324-ear.electricity.works.json
2026-08-25 16:08:31,982 | WARNING | Unknown message type "gridworks.event.report" in hw1__1/eventstore/20241013/hw1.isone.me.versant.keene.beech.scada-gridworks.event.report-1728799500351-ear.electricity.works.json
2026-08-25 16:08:31,982 | WARNING | Unknown message type "gridworks.event.report" in hw1__1/eventstore/20241013/hw1.isone.me.versant.keene.beech.scada-gridworks.event.report-1728799500351-ear.electricity.works.json
2026-08-25 16:08:31,982 | WARNING | Unknown message type "gridworks.event.report" in hw1__1/eventstore/20241013/hw1.isone.me.versant.keene.beech.scada-gridworks.event.report-1728799800335-ear.electricity.works.json
2026-08-25 16:08:31,982 | WARNING | Unknown message type "gridworks.event.report" in hw1__1/eventstore/20241013/hw1.isone.me.versant.keene.beech.scada-gridworks.event.report-1728799800335-ear.electricity.works.json
2026-08-25 16:08:31,982 | WARNING | Unknown message type "gridworks.event.report" in hw1__1/eventstore/20241013/hw1.isone.me.versant.keene.beech.scada-gridworks.event.report-1728800100295-ear.electricity.works.json
2026-08-25 16:08:31,982 | WARNING | Unknown message type "gridworks.event.report" in hw1__1/eventstore/20241013/hw1.isone.me.versant.keene.beech.scada-gridworks.event.report-1728800100295-ear.electricity.works.json
2026-08-25 16:08:31,982 | WARNING | Unknown message type "gridworks.event.report" in hw1__1/eventstore/20241013/hw1.isone.me.versant.keene.beech.scada-gridworks.event.report-1728800400318-ear.electricity.works.json
2026-08-25 16:08:31,982 | WARNING | Unknown message type "gridworks.event.report" in hw1__1/eventstore/20241013/hw1.isone.me.versant.keene.beech.scada-gridworks.event.report-1728800400318-ear.electricity.works.json
2026-08-25 16:08:31,982 | WARNING | Unknown message type "gridworks.event.report" in hw1__1/eventstore/20241013/hw1.isone.me.versant.keene.beech.scada-gridworks.event.report-1728800700404-ear.electricity.works.json
2026-08-25 16:08:31,982 | WARNING | Unknown message type "gridworks.event.report" in hw1__1/eventstore/20241013/hw1.isone.me.versant.keene.beech.scada-gridworks.event.report-1728800700404-ear.electricity.works.json
2026-08-25 16:08:31,982 | WARNING | Unknown message type "gridworks.event.report" in hw1__1/eventstore/20241013/hw1.isone.me.versant.keene.beech.scada-gridworks.event.report-1728801000482-ear.electricity.works.json
2026-08-25 16:08:31,982 | WARNING | Unknown message type "gridworks.event.report" in hw1__1/eventstore/20241013/hw1.isone.me.versant.keene.beech.scada-gridworks.event.report-1728801000482-ear.electricity.works.json
2026-08-25 16:08:31,982 | WARNING | Unknown message type "gridworks.event.report" in hw1__1/eventstore/20241013/hw1.isone.me.versant.keene.beech.scada-gridworks.event.report-1728801300242-ear.electricity.works.json
2026-08-25 16:08:31,982 | WARNING | Unknown message type "gridworks.event.report" in hw1__1/eventstore/20241013/hw1.isone.me.versant.keene.beech.scada-gridworks.event.report-1728801300242-ear.electricity.works.json
2026-08-25 16:08:31,982 | WARNING | Unknown message type "gridworks.event.report" in hw1__1/eventstore/20241013/hw1.isone.me.versant.keene.beech.scada-gridworks.event.report-1728801600303-ear.electricity.works.json
2026-08-25 16:08:31,982 | WARNING | Unknown message type "gridworks.event.report" in hw1__1/eventstore/20241013/hw1.isone.me.versant.keene.beech.scada-gridworks.event.report-1728801600303-ear.electricity.works.json
2026-08-25 16:08:31,982 | WARNING | Unknown message type "gridworks.event.report" in hw1__1/eventstore/20241013/hw1.isone.me.versant.keene.beech.scada-gridworks.event.report-1728801900315-ear.electricity.works.json
2026-08-25 16:08:31,982 | WARNING | Unknown message type "gridworks.event.report" in hw1__1/eventstore/20241013/hw1.isone.me.versant.keene.beech.scada-gridworks.event.report-1728801900315-ear.electricity.works.json
2026-08-25 16:08:31,982 | WARNING | Unknown message type "gridworks.event.report" in hw1__1/eventstore/20241013/hw1.isone.me.versant.keene.beech.scada-gridworks.event.report-1728802200233-ear.electricity.works.json
2026-08-25 16:08:31,982 | WARNING | Unknown message type "gridworks.event.report" in hw1__1/eventstore/20241013/hw1.isone.me.versant.keene.beech.scada-gridworks.event.report-1728802200233-ear.electricity.works.json
2026-08-25 16:08:31,982 | WARNING | Unknown message type "gridworks.event.report" in hw1__1/eventstore/20241013/hw1.isone.me.versant.keene.beech.scada-gridworks.event.report-1728802500294-ear.electricity.works.json
2026-08-25 16:08:31,982 | WARNING | Unknown message type "gridworks.event.report" in hw1__1/eventstore/20241013/hw1.isone.me.versant.keene.beech.scada-gridworks.event.report-1728802500294-ear.electricity.works.json
2026-08-25 16:08:31,982 | WARNING | Unknown message type "gridworks.event.report" in hw1__1/eventstore/20241013/hw1.isone.me.versant.keene.beech.scada-gridworks.event.report-1728802800269-ear.electricity.works.json
2026-08-25 16:08:31,982 | WARNING | Unknown message type "gridworks.event.report" in hw1__1/eventstore/20241013/hw1.isone.me.versant.keene.beech.scada-gridworks.event.report-1728802800269-ear.electricity.works.json
2026-08-25 16:08:31,982 | WARNING | Unknown message type "gridworks.event.report" in hw1__1/eventstore/20241013/hw1.isone.me.versant.keene.beech.scada-gridworks.event.report-1728803100183-ear.electricity.works.json
2026-08-25 16:08:31,982 | WARNING | Unknown message type "gridworks.event.report" in hw1__1/eventstore/20241013/hw1.isone.me.versant.keene.beech.scada-gridworks.event.report-1728803100183-ear.electricity.works.json
2026-08-25 16:08:31,982 | WARNING | Unknown message type "gridworks.event.report" in hw1__1/eventstore/20241013/hw1.isone.me.versant.keene.beech.scada-gridworks.event.report-1728803400347-ear.electricity.works.json
2026-08-25 16:08:31,982 | WARNING | Unknown message type "gridworks.event.report" in hw1__1/eventstore/20241013/hw1.isone.me.versant.keene.beech.scada-gridworks.event.report-1728803400347-ear.electricity.works.json
2026-08-25 16:08:31,982 | WARNING | Unknown message type "gridworks.event.report" in hw1__1/eventstore/20241013/hw1.isone.me.versant.keene.beech.scada-gridworks.event.report-1728803700243-ear.electricity.works.json
2026-08-25 16:08:31,982 | WARNING | Unknown message type "gridworks.event.report" in hw1__1/eventstore/20241013/hw1.isone.me.versant.keene.beech.scada-gridworks.event.report-1728803700243-ear.electricity.works.json
2026-08-25 16:08:31,982 | WARNING | Unknown message type "gridworks.event.report" in hw1__1/eventstore/20241013/hw1.isone.me.versant.keene.beech.scada-gridworks.event.report-1728804000430-ear.electricity.works.json
2026-08-25 16:08:31,982 | WARNING | Unknown message type "gridworks.event.report" in hw1__1/eventstore/20241013/hw1.isone.me.versant.keene.beech.scada-gridworks.event.report-1728804000430-ear.electricity.works.json
2026-08-25 16:08:31,982 | WARNING | Unknown message type "gridworks.event.report" in hw1__1/eventstore/20241013/hw1.isone.me.versant.keene.beech.scada-gridworks.event.report-1728804300318-ear.electricity.works.json
2026-08-25 16:08:31,982 | WARNING | Unknown message type "gridworks.event.report" in hw1__1/eventstore/20241013/hw1.isone.me.versant.keene.beech.scada-gridworks.event.report-1728804300318-ear.electricity.works.json
2026-08-25 16:08:31,982 | WARNING | Unknown message type "gridworks.event.report" in hw1__1/eventstore/20241013/hw1.isone.me.versant.keene.beech.scada-gridworks.event.report-1728804600322-ear.electricity.works.json
2026-08-25 16:08:31,982 | WARNING | Unknown message type "gridworks.event.report" in hw1__1/eventstore/20241013/hw1.isone.me.versant.keene.beech.scada-gridworks.event.report-1728804600322-ear.electricity.works.json
2026-08-25 16:08:31,982 | WARNING | Unknown message type "gridworks.event.report" in hw1__1/eventstore/20241013/hw1.isone.me.versant.keene.beech.scada-gridworks.event.report-1728804900329-ear.electricity.works.json
2026-08-25 16:08:31,982 | WARNING | Unknown message type "gridworks.event.report" in hw1__1/eventstore/20241013/hw1.isone.me.versant.keene.beech.scada-gridworks.event.report-1728804900329-ear.electricity.works.json
2026-08-25 16:08:31,982 | WARNING | Unknown message type "gridworks.event.report" in hw1__1/eventstore/20241013/hw1.isone.me.versant.keene.beech.scada-gridworks.event.report-1728805200314-ear.electricity.works.json
2026-08-25 16:08:31,982 | WARNING | Unknown message type "gridworks.event.report" in hw1__1/eventstore/20241013/hw1.isone.me.versant.keene.beech.scada-gridworks.event.report-1728805200314-ear.electricity.works.json
2026-08-25 16:08:31,982 | WARNING | Unknown message type "gridworks.event.report" in hw1__1/eventstore/20241013/hw1.isone.me.versant.keene.beech.scada-gridworks.event.report-1728805500329-ear.electricity.works.json
2026-08-25 16:08:31,982 | WARNING | Unknown message type "gridworks.event.report" in hw1__1/eventstore/20241013/hw1.isone.me.versant.keene.beech.scada-gridworks.event.report-1728805500329-ear.electricity.works.json
2026-08-25 16:08:31,982 | WARNING | Unknown message type "gridworks.event.report" in hw1__1/eventstore/20241013/hw1.isone.me.versant.keene.beech.scada-gridworks.event.report-1728805800333-ear.electricity.works.json
2026-08-25 16:08:31,982 | WARNING | Unknown message type "gridworks.event.report" in hw1__1/eventstore/20241013/hw1.isone.me.versant.keene.beech.scada-gridworks.event.report-1728805800333-ear.electricity.works.json
2026-08-25 16:08:31,982 | WARNING | Unknown message type "gridworks.event.report" in hw1__1/eventstore/20241013/hw1.isone.me.versant.keene.beech.scada-gridworks.event.report-1728806100256-ear.electricity.works.json
2026-08-25 16:08:31,982 | WARNING | Unknown message type "gridworks.event.report" in hw1__1/eventstore/20241013/hw1.isone.me.versant.keene.beech.scada-gridworks.event.report-1728806100256-ear.electricity.works.json
2026-08-25 16:08:31,982 | WARNING | Unknown message type "gridworks.event.report" in hw1__1/eventstore/20241013/hw1.isone.me.versant.keene.beech.scada-gridworks.event.report-1728806400377-ear.electricity.works.json
2026-08-25 16:08:31,982 | WARNING | Unknown message type "gridworks.event.report" in hw1__1/eventstore/20241013/hw1.isone.me.versant.keene.beech.scada-gridworks.event.report-1728806400377-ear.electricity.works.json
2026-08-25 16:08:31,982 | WARNING | Unknown message type "gridworks.event.report" in hw1__1/eventstore/20241013/hw1.isone.me.versant.keene.beech.scada-gridworks.event.report-1728806700221-ear.electricity.works.json
2026-08-25 16:08:31,982 | WARNING | Unknown message type "gridworks.event.report" in hw1__1/eventstore/20241013/hw1.isone.me.versant.keene.beech.scada-gridworks.event.report-1728806700221-ear.electricity.works.json
2026-08-25 16:08:31,982 | WARNING | Unknown message type "gridworks.event.report" in hw1__1/eventstore/20241013/hw1.isone.me.versant.keene.beech.scada-gridworks.event.report-1728807000427-ear.electricity.works.json
2026-08-25 16:08:31,982 | WARNING | Unknown message type "gridworks.event.report" in hw1__1/eventstore/20241013/hw1.isone.me.versant.keene.beech.scada-gridworks.event.report-1728807000427-ear.electricity.works.json
2026-08-25 16:08:31,982 | WARNING | Unknown message type "gridworks.event.report" in hw1__1/eventstore/20241013/hw1.isone.me.versant.keene.beech.scada-gridworks.event.report-1728807300297-ear.electricity.works.json
2026-08-25 16:08:31,982 | WARNING | Unknown message type "gridworks.event.report" in hw1__1/eventstore/20241013/hw1.isone.me.versant.keene.beech.scada-gridworks.event.report-1728807300297-ear.electricity.works.json
2026-08-25 16:08:31,982 | WARNING | Unknown message type "gridworks.event.report" in hw1__1/eventstore/20241013/hw1.isone.me.versant.keene.beech.scada-gridworks.event.report-1728807600438-ear.electricity.works.json
2026-08-25 16:08:31,982 | WARNING | Unknown message type "gridworks.event.report" in hw1__1/eventstore/20241013/hw1.isone.me.versant.keene.beech.scada-gridworks.event.report-1728807600438-ear.electricity.works.json
2026-08-25 16:08:31,982 | WARNING | Unknown message type "gridworks.event.report" in hw1__1/eventstore/20241013/hw1.isone.me.versant.keene.beech.scada-gridworks.event.report-1728807900394-ear.electricity.works.json
2026-08-25 16:08:31,982 | WARNING | Unknown message type "gridworks.event.report" in hw1__1/eventstore/20241013/hw1.isone.me.versant.keene.beech.scada-gridworks.event.report-1728807900394-ear.electricity.works.json
2026-08-25 16:08:31,982 | WARNING | Unknown message type "gridworks.event.report" in hw1__1/eventstore/20241013/hw1.isone.me.versant.keene.beech.scada-gridworks.event.report-1728808200325-ear.electricity.works.json
2026-08-25 16:08:31,982 | WARNING | Unknown message type "gridworks.event.report" in hw1__1/eventstore/20241013/hw1.isone.me.versant.keene.beech.scada-gridworks.event.report-1728808200325-ear.electricity.works.json
2026-08-25 16:08:31,982 | WARNING | Unknown message type "gridworks.event.report" in hw1__1/eventstore/20241013/hw1.isone.me.versant.keene.beech.scada-gridworks.event.report-1728808500215-ear.electricity.works.json
2026-08-25 16:08:31,982 | WARNING | Unknown message type "gridworks.event.report" in hw1__1/eventstore/20241013/hw1.isone.me.versant.keene.beech.scada-gridworks.event.report-1728808500215-ear.electricity.works.json
2026-08-25 16:08:31,982 | WARNING | Unknown message type "gridworks.event.report" in hw1__1/eventstore/20241013/hw1.isone.me.versant.keene.beech.scada-gridworks.event.report-1728808800306-ear.electricity.works.json
2026-08-25 16:08:31,982 | WARNING | Unknown message type "gridworks.event.report" in hw1__1/eventstore/20241013/hw1.isone.me.versant.keene.beech.scada-gridworks.event.report-1728808800306-ear.electricity.works.json
2026-08-25 16:08:31,982 | WARNING | Unknown message type "gridworks.event.report" in hw1__1/eventstore/20241013/hw1.isone.me.versant.keene.beech.scada-gridworks.event.report-1728809100230-ear.electricity.works.json
2026-08-25 16:08:31,982 | WARNING | Unknown message type "gridworks.event.report" in hw1__1/eventstore/20241013/hw1.isone.me.versant.keene.beech.scada-gridworks.event.report-1728809100230-ear.electricity.works.json
2026-08-25 16:08:31,982 | WARNING | Unknown message type "gridworks.event.report" in hw1__1/eventstore/20241013/hw1.isone.me.versant.keene.beech.scada-gridworks.event.report-1728809400213-ear.electricity.works.json
2026-08-25 16:08:31,982 | WARNING | Unknown message type "gridworks.event.report" in hw1__1/eventstore/20241013/hw1.isone.me.versant.keene.beech.scada-gridworks.event.report-1728809400213-ear.electricity.works.json
2026-08-25 16:08:31,982 | WARNING | Unknown message type "gridworks.event.report" in hw1__1/eventstore/20241013/hw1.isone.me.versant.keene.beech.scada-gridworks.event.report-1728809700385-ear.electricity.works.json
2026-08-25 16:08:31,982 | WARNING | Unknown message type "gridworks.event.report" in hw1__1/eventstore/20241013/hw1.isone.me.versant.keene.beech.scada-gridworks.event.report-1728809700385-ear.electricity.works.json
2026-08-25 16:08:31,982 | WARNING | Unknown message type "gridworks.event.report" in hw1__1/eventstore/20241013/hw1.isone.me.versant.keene.beech.scada-gridworks.event.report-1728810000290-ear.electricity.works.json
2026-08-25 16:08:31,982 | WARNING | Unknown message type "gridworks.event.report" in hw1__1/eventstore/20241013/hw1.isone.me.versant.keene.beech.scada-gridworks.event.report-1728810000290-ear.electricity.works.json
2026-08-25 16:08:31,982 | WARNING | Unknown message type "gridworks.event.report" in hw1__1/eventstore/20241013/hw1.isone.me.versant.keene.beech.scada-gridworks.event.report-1728810300379-ear.electricity.works.json
2026-08-25 16:08:31,982 | WARNING | Unknown message type "gridworks.event.report" in hw1__1/eventstore/20241013/hw1.isone.me.versant.keene.beech.scada-gridworks.event.report-1728810300379-ear.electricity.works.json
2026-08-25 16:08:31,982 | WARNING | Unknown message type "gridworks.event.report" in hw1__1/eventstore/20241013/hw1.isone.me.versant.keene.beech.scada-gridworks.event.report-1728810600245-ear.electricity.works.json
2026-08-25 16:08:31,982 | WARNING | Unknown message type "gridworks.event.report" in hw1__1/eventstore/20241013/hw1.isone.me.versant.keene.beech.scada-gridworks.event.report-1728810600245-ear.electricity.works.json
2026-08-25 16:08:31,982 | WARNING | Unknown message type "gridworks.event.report" in hw1__1/eventstore/20241013/hw1.isone.me.versant.keene.beech.scada-gridworks.event.report-1728810900317-ear.electricity.works.json
2026-08-25 16:08:31,982 | WARNING | Unknown message type "gridworks.event.report" in hw1__1/eventstore/20241013/hw1.isone.me.versant.keene.beech.scada-gridworks.event.report-1728810900317-ear.electricity.works.json
2026-08-25 16:08:31,982 | WARNING | Unknown message type "gridworks.event.report" in hw1__1/eventstore/20241013/hw1.isone.me.versant.keene.beech.scada-gridworks.event.report-1728811200190-ear.electricity.works.json
2026-08-25 16:08:31,982 | WARNING | Unknown message type "gridworks.event.report" in hw1__1/eventstore/20241013/hw1.isone.me.versant.keene.beech.scada-gridworks.event.report-1728811200190-ear.electricity.works.json
2026-08-25 16:08:31,982 | WARNING | Unknown message type "gridworks.event.report" in hw1__1/eventstore/20241013/hw1.isone.me.versant.keene.beech.scada-gridworks.event.report-1728811500297-ear.electricity.works.json
2026-08-25 16:08:31,982 | WARNING | Unknown message type "gridworks.event.report" in hw1__1/eventstore/20241013/hw1.isone.me.versant.keene.beech.scada-gridworks.event.report-1728811500297-ear.electricity.works.json
2026-08-25 16:08:31,982 | WARNING | Unknown message type "gridworks.event.report" in hw1__1/eventstore/20241013/hw1.isone.me.versant.keene.beech.scada-gridworks.event.report-1728811800214-ear.electricity.works.json
2026-08-25 16:08:31,982 | WARNING | Unknown message type "gridworks.event.report" in hw1__1/eventstore/20241013/hw1.isone.me.versant.keene.beech.scada-gridworks.event.report-1728811800214-ear.electricity.works.json
2026-08-25 16:08:31,982 | WARNING | Unknown message type "gridworks.event.report" in hw1__1/eventstore/20241013/hw1.isone.me.versant.keene.beech.scada-gridworks.event.report-1728812100211-ear.electricity.works.json
2026-08-25 16:08:31,982 | WARNING | Unknown message type "gridworks.event.report" in hw1__1/eventstore/20241013/hw1.isone.me.versant.keene.beech.scada-gridworks.event.report-1728812100211-ear.electricity.works.json
2026-08-25 16:08:31,982 | WARNING | Unknown message type "gridworks.event.report" in hw1__1/eventstore/20241013/hw1.isone.me.versant.keene.beech.scada-gridworks.event.report-1728812400233-ear.electricity.works.json
2026-08-25 16:08:31,982 | WARNING | Unknown message type "gridworks.event.report" in hw1__1/eventstore/20241013/hw1.isone.me.versant.keene.beech.scada-gridworks.event.report-1728812400233-ear.electricity.works.json
2026-08-25 16:08:31,982 | WARNING | Unknown message type "gridworks.event.report" in hw1__1/eventstore/20241013/hw1.isone.me.versant.keene.beech.scada-gridworks.event.report-1728812700236-ear.electricity.works.json
2026-08-25 16:08:31,982 | WARNING | Unknown message type "gridworks.event.report" in hw1__1/eventstore/20241013/hw1.isone.me.versant.keene.beech.scada-gridworks.event.report-1728812700236-ear.electricity.works.json
2026-08-25 16:08:31,982 | WARNING | Unknown message type "gridworks.event.report" in hw1__1/eventstore/20241013/hw1.isone.me.versant.keene.beech.scada-gridworks.event.report-1728813000274-ear.electricity.works.json
2026-08-25 16:08:31,982 | WARNING | Unknown message type "gridworks.event.report" in hw1__1/eventstore/20241013/hw1.isone.me.versant.keene.beech.scada-gridworks.event.report-1728813000274-ear.electricity.works.json
2026-08-25 16:08:31,982 | WARNING | Unknown message type "gridworks.event.report" in hw1__1/eventstore/20241013/hw1.isone.me.versant.keene.beech.scada-gridworks.event.report-1728813300205-ear.electricity.works.json
2026-08-25 16:08:31,982 | WARNING | Unknown message type "gridworks.event.report" in hw1__1/eventstore/20241013/hw1.isone.me.versant.keene.beech.scada-gridworks.event.report-1728813300205-ear.electricity.works.json
2026-08-25 16:08:31,982 | WARNING | Unknown message type "gridworks.event.report" in hw1__1/eventstore/20241013/hw1.isone.me.versant.keene.beech.scada-gridworks.event.report-1728813600249-ear.electricity.works.json
2026-08-25 16:08:31,982 | WARNING | Unknown message type "gridworks.event.report" in hw1__1/eventstore/20241013/hw1.isone.me.versant.keene.beech.scada-gridworks.event.report-1728813600249-ear.electricity.works.json
2026-08-25 16:08:31,982 | WARNING | Unknown message type "gridworks.event.report" in hw1__1/eventstore/20241013/hw1.isone.me.versant.keene.beech.scada-gridworks.event.report-1728813900227-ear.electricity.works.json
2026-08-25 16:08:31,982 | WARNING | Unknown message type "gridworks.event.report" in hw1__1/eventstore/20241013/hw1.isone.me.versant.keene.beech.scada-gridworks.event.report-1728813900227-ear.electricity.works.json
2026-08-25 16:08:31,982 | WARNING | Unknown message type "gridworks.event.report" in hw1__1/eventstore/20241013/hw1.isone.me.versant.keene.beech.scada-gridworks.event.report-1728814200236-ear.electricity.works.json
2026-08-25 16:08:31,982 | WARNING | Unknown message type "gridworks.event.report" in hw1__1/eventstore/20241013/hw1.isone.me.versant.keene.beech.scada-gridworks.event.report-1728814200236-ear.electricity.works.json
2026-08-25 16:08:31,982 | WARNING | Unknown message type "gridworks.event.report" in hw1__1/eventstore/20241013/hw1.isone.me.versant.keene.beech.scada-gridworks.event.report-1728814500284-ear.electricity.works.json
2026-08-25 16:08:31,982 | WARNING | Unknown message type "gridworks.event.report" in hw1__1/eventstore/20241013/hw1.isone.me.versant.keene.beech.scada-gridworks.event.report-1728814500284-ear.electricity.works.json
2026-08-25 16:08:31,982 | WARNING | Unknown message type "gridworks.event.report" in hw1__1/eventstore/20241013/hw1.isone.me.versant.keene.beech.scada-gridworks.event.report-1728814800247-ear.electricity.works.json
2026-08-25 16:08:31,982 | WARNING | Unknown message type "gridworks.event.report" in hw1__1/eventstore/20241013/hw1.isone.me.versant.keene.beech.scada-gridworks.event.report-1728814800247-ear.electricity.works.json
2026-08-25 16:08:31,982 | WARNING | Unknown message type "gridworks.event.report" in hw1__1/eventstore/20241013/hw1.isone.me.versant.keene.beech.scada-gridworks.event.report-1728815100281-ear.electricity.works.json
2026-08-25 16:08:31,982 | WARNING | Unknown message type "gridworks.event.report" in hw1__1/eventstore/20241013/hw1.isone.me.versant.keene.beech.scada-gridworks.event.report-1728815100281-ear.electricity.works.json
2026-08-25 16:08:31,982 | WARNING | Unknown message type "gridworks.event.report" in hw1__1/eventstore/20241013/hw1.isone.me.versant.keene.beech.scada-gridworks.event.report-1728815400249-ear.electricity.works.json
2026-08-25 16:08:31,982 | WARNING | Unknown message type "gridworks.event.report" in hw1__1/eventstore/20241013/hw1.isone.me.versant.keene.beech.scada-gridworks.event.report-1728815400249-ear.electricity.works.json
2026-08-25 16:08:31,982 | WARNING | Unknown message type "gridworks.event.report" in hw1__1/eventstore/20241013/hw1.isone.me.versant.keene.beech.scada-gridworks.event.report-1728815700339-ear.electricity.works.json
2026-08-25 16:08:31,982 | WARNING | Unknown message type "gridworks.event.report" in hw1__1/eventstore/20241013/hw1.isone.me.versant.keene.beech.scada-gridworks.event.report-1728815700339-ear.electricity.works.json
2026-08-25 16:08:31,982 | WARNING | Unknown message type "gridworks.event.report" in hw1__1/eventstore/20241013/hw1.isone.me.versant.keene.beech.scada-gridworks.event.report-1728816000288-ear.electricity.works.json
2026-08-25 16:08:31,982 | WARNING | Unknown message type "gridworks.event.report" in hw1__1/eventstore/20241013/hw1.isone.me.versant.keene.beech.scada-gridworks.event.report-1728816000288-ear.electricity.works.json
2026-08-25 16:08:31,982 | WARNING | Unknown message type "gridworks.event.report" in hw1__1/eventstore/20241013/hw1.isone.me.versant.keene.beech.scada-gridworks.event.report-1728816300230-ear.electricity.works.json
2026-08-25 16:08:31,982 | WARNING | Unknown message type "gridworks.event.report" in hw1__1/eventstore/20241013/hw1.isone.me.versant.keene.beech.scada-gridworks.event.report-1728816300230-ear.electricity.works.json
2026-08-25 16:08:31,983 | WARNING | Unknown message type "gridworks.event.report" in hw1__1/eventstore/20241013/hw1.isone.me.versant.keene.beech.scada-gridworks.event.report-1728816600240-ear.electricity.works.json
2026-08-25 16:08:31,983 | WARNING | Unknown message type "gridworks.event.report" in hw1__1/eventstore/20241013/hw1.isone.me.versant.keene.beech.scada-gridworks.event.report-1728816600240-ear.electricity.works.json
2026-08-25 16:08:31,983 | WARNING | Unknown message type "gridworks.event.report" in hw1__1/eventstore/20241013/hw1.isone.me.versant.keene.beech.scada-gridworks.event.report-1728816900221-ear.electricity.works.json
2026-08-25 16:08:31,983 | WARNING | Unknown message type "gridworks.event.report" in hw1__1/eventstore/20241013/hw1.isone.me.versant.keene.beech.scada-gridworks.event.report-1728816900221-ear.electricity.works.json
2026-08-25 16:08:31,983 | WARNING | Unknown message type "gridworks.event.report" in hw1__1/eventstore/20241013/hw1.isone.me.versant.keene.beech.scada-gridworks.event.report-1728817200209-ear.electricity.works.json
2026-08-25 16:08:31,983 | WARNING | Unknown message type "gridworks.event.report" in hw1__1/eventstore/20241013/hw1.isone.me.versant.keene.beech.scada-gridworks.event.report-1728817200209-ear.electricity.works.json
2026-08-25 16:08:31,983 | WARNING | Unknown message type "gridworks.event.report" in hw1__1/eventstore/20241013/hw1.isone.me.versant.keene.beech.scada-gridworks.event.report-1728817500218-ear.electricity.works.json
2026-08-25 16:08:31,983 | WARNING | Unknown message type "gridworks.event.report" in hw1__1/eventstore/20241013/hw1.isone.me.versant.keene.beech.scada-gridworks.event.report-1728817500218-ear.electricity.works.json
2026-08-25 16:08:31,983 | WARNING | Unknown message type "gridworks.event.report" in hw1__1/eventstore/20241013/hw1.isone.me.versant.keene.beech.scada-gridworks.event.report-1728817800280-ear.electricity.works.json
2026-08-25 16:08:31,983 | WARNING | Unknown message type "gridworks.event.report" in hw1__1/eventstore/20241013/hw1.isone.me.versant.keene.beech.scada-gridworks.event.report-1728817800280-ear.electricity.works.json
2026-08-25 16:08:31,983 | WARNING | Unknown message type "gridworks.event.report" in hw1__1/eventstore/20241013/hw1.isone.me.versant.keene.beech.scada-gridworks.event.report-1728818100312-ear.electricity.works.json
2026-08-25 16:08:31,983 | WARNING | Unknown message type "gridworks.event.report" in hw1__1/eventstore/20241013/hw1.isone.me.versant.keene.beech.scada-gridworks.event.report-1728818100312-ear.electricity.works.json
2026-08-25 16:08:31,983 | WARNING | Unknown message type "gridworks.event.report" in hw1__1/eventstore/20241013/hw1.isone.me.versant.keene.beech.scada-gridworks.event.report-1728818400210-ear.electricity.works.json
2026-08-25 16:08:31,983 | WARNING | Unknown message type "gridworks.event.report" in hw1__1/eventstore/20241013/hw1.isone.me.versant.keene.beech.scada-gridworks.event.report-1728818400210-ear.electricity.works.json
2026-08-25 16:08:31,983 | WARNING | Unknown message type "gridworks.event.report" in hw1__1/eventstore/20241013/hw1.isone.me.versant.keene.beech.scada-gridworks.event.report-1728818700213-ear.electricity.works.json
2026-08-25 16:08:31,983 | WARNING | Unknown message type "gridworks.event.report" in hw1__1/eventstore/20241013/hw1.isone.me.versant.keene.beech.scada-gridworks.event.report-1728818700213-ear.electricity.works.json
2026-08-25 16:08:31,983 | WARNING | Unknown message type "gridworks.event.report" in hw1__1/eventstore/20241013/hw1.isone.me.versant.keene.beech.scada-gridworks.event.report-1728819000197-ear.electricity.works.json
2026-08-25 16:08:31,983 | WARNING | Unknown message type "gridworks.event.report" in hw1__1/eventstore/20241013/hw1.isone.me.versant.keene.beech.scada-gridworks.event.report-1728819000197-ear.electricity.works.json
2026-08-25 16:08:31,983 | WARNING | Unknown message type "gridworks.event.report" in hw1__1/eventstore/20241013/hw1.isone.me.versant.keene.beech.scada-gridworks.event.report-1728819300225-ear.electricity.works.json
2026-08-25 16:08:31,983 | WARNING | Unknown message type "gridworks.event.report" in hw1__1/eventstore/20241013/hw1.isone.me.versant.keene.beech.scada-gridworks.event.report-1728819300225-ear.electricity.works.json
2026-08-25 16:08:31,983 | WARNING | Unknown message type "gridworks.event.report" in hw1__1/eventstore/20241013/hw1.isone.me.versant.keene.beech.scada-gridworks.event.report-1728819600357-ear.electricity.works.json
2026-08-25 16:08:31,983 | WARNING | Unknown message type "gridworks.event.report" in hw1__1/eventstore/20241013/hw1.isone.me.versant.keene.beech.scada-gridworks.event.report-1728819600357-ear.electricity.works.json
2026-08-25 16:08:31,983 | WARNING | Unknown message type "gridworks.event.report" in hw1__1/eventstore/20241013/hw1.isone.me.versant.keene.beech.scada-gridworks.event.report-1728819900381-ear.electricity.works.json
2026-08-25 16:08:31,983 | WARNING | Unknown message type "gridworks.event.report" in hw1__1/eventstore/20241013/hw1.isone.me.versant.keene.beech.scada-gridworks.event.report-1728819900381-ear.electricity.works.json
2026-08-25 16:08:31,983 | WARNING | Unknown message type "gridworks.event.report" in hw1__1/eventstore/20241013/hw1.isone.me.versant.keene.beech.scada-gridworks.event.report-1728820200338-ear.electricity.works.json
2026-08-25 16:08:31,983 | WARNING | Unknown message type "gridworks.event.report" in hw1__1/eventstore/20241013/hw1.isone.me.versant.keene.beech.scada-gridworks.event.report-1728820200338-ear.electricity.works.json
2026-08-25 16:08:31,983 | WARNING | Unknown message type "gridworks.event.report" in hw1__1/eventstore/20241013/hw1.isone.me.versant.keene.beech.scada-gridworks.event.report-1728820500338-ear.electricity.works.json
2026-08-25 16:08:31,983 | WARNING | Unknown message type "gridworks.event.report" in hw1__1/eventstore/20241013/hw1.isone.me.versant.keene.beech.scada-gridworks.event.report-1728820500338-ear.electricity.works.json
2026-08-25 16:08:31,983 | WARNING | Unknown message type "gridworks.event.report" in hw1__1/eventstore/20241013/hw1.isone.me.versant.keene.beech.scada-gridworks.event.report-1728820800285-ear.electricity.works.json
2026-08-25 16:08:31,983 | WARNING | Unknown message type "gridworks.event.report" in hw1__1/eventstore/20241013/hw1.isone.me.versant.keene.beech.scada-gridworks.event.report-1728820800285-ear.electricity.works.json
2026-08-25 16:08:31,983 | WARNING | Unknown message type "gridworks.event.report" in hw1__1/eventstore/20241013/hw1.isone.me.versant.keene.beech.scada-gridworks.event.report-1728821100201-ear.electricity.works.json
2026-08-25 16:08:31,983 | WARNING | Unknown message type "gridworks.event.report" in hw1__1/eventstore/20241013/hw1.isone.me.versant.keene.beech.scada-gridworks.event.report-1728821100201-ear.electricity.works.json
2026-08-25 16:08:31,983 | WARNING | Unknown message type "gridworks.event.report" in hw1__1/eventstore/20241013/hw1.isone.me.versant.keene.beech.scada-gridworks.event.report-1728821400410-ear.electricity.works.json
2026-08-25 16:08:31,983 | WARNING | Unknown message type "gridworks.event.report" in hw1__1/eventstore/20241013/hw1.isone.me.versant.keene.beech.scada-gridworks.event.report-1728821400410-ear.electricity.works.json
2026-08-25 16:08:31,983 | WARNING | Unknown message type "gridworks.event.report" in hw1__1/eventstore/20241013/hw1.isone.me.versant.keene.beech.scada-gridworks.event.report-1728821700259-ear.electricity.works.json
2026-08-25 16:08:31,983 | WARNING | Unknown message type "gridworks.event.report" in hw1__1/eventstore/20241013/hw1.isone.me.versant.keene.beech.scada-gridworks.event.report-1728821700259-ear.electricity.works.json
2026-08-25 16:08:31,983 | WARNING | Unknown message type "my.channels.event" in hw1__1/eventstore/20241013/hw1.isone.me.versant.keene.beech.scada-my.channels.event-1728821982915-ear.electricity.works.json
2026-08-25 16:08:31,983 | WARNING | Unknown message type "my.channels.event" in hw1__1/eventstore/20241013/hw1.isone.me.versant.keene.beech.scada-my.channels.event-1728821982915-ear.electricity.works.json
2026-08-25 16:08:31,983 | WARNING | Unknown message type "my.channels.event" in hw1__1/eventstore/20241013/hw1.isone.me.versant.keene.beech.scada-my.channels.event-1728829255339-ear.electricity.works.json
2026-08-25 16:08:31,983 | WARNING | Unknown message type "my.channels.event" in hw1__1/eventstore/20241013/hw1.isone.me.versant.keene.beech.scada-my.channels.event-1728829255339-ear.electricity.works.json
2026-08-25 16:08:31,983 | WARNING | Unknown message type "my.channels.event" in hw1__1/eventstore/20241013/hw1.isone.me.versant.keene.beech.scada-my.channels.event-1728829317777-ear.electricity.works.json
2026-08-25 16:08:31,983 | WARNING | Unknown message type "my.channels.event" in hw1__1/eventstore/20241013/hw1.isone.me.versant.keene.beech.scada-my.channels.event-1728829317777-ear.electricity.works.json
2026-08-25 16:08:31,983 | WARNING | Unknown message type "my.channels.event" in hw1__1/eventstore/20241013/hw1.isone.me.versant.keene.beech.scada-my.channels.event-1728832703287-ear.electricity.works.json
2026-08-25 16:08:31,983 | WARNING | Unknown message type "my.channels.event" in hw1__1/eventstore/20241013/hw1.isone.me.versant.keene.beech.scada-my.channels.event-1728832703287-ear.electricity.works.json
2026-08-25 16:08:31,983 | WARNING | Unknown message type "my.channels.event" in hw1__1/eventstore/20241013/hw1.isone.me.versant.keene.beech.scada-my.channels.event-1728833071594-ear.electricity.works.json
2026-08-25 16:08:31,983 | WARNING | Unknown message type "my.channels.event" in hw1__1/eventstore/20241013/hw1.isone.me.versant.keene.beech.scada-my.channels.event-1728833071594-ear.electricity.works.json
2026-08-25 16:08:31,983 | WARNING | Unknown message type "my.channels.event" in hw1__1/eventstore/20241013/hw1.isone.me.versant.keene.beech.scada-my.channels.event-1728835532778-ear.electricity.works.json
2026-08-25 16:08:31,983 | WARNING | Unknown message type "my.channels.event" in hw1__1/eventstore/20241013/hw1.isone.me.versant.keene.beech.scada-my.channels.event-1728835532778-ear.electricity.works.json
2026-08-25 16:08:33,806 | WARNING | Unknown message type "my.channels.event" in hw1__1/eventstore/20241013/hw1.isone.me.versant.keene.fir.scada-my.channels.event-1728825181295-ear.electricity.works.json
2026-08-25 16:08:33,806 | WARNING | Unknown message type "my.channels.event" in hw1__1/eventstore/20241013/hw1.isone.me.versant.keene.fir.scada-my.channels.event-1728825181295-ear.electricity.works.json
2026-08-25 16:08:33,806 | WARNING | Unknown message type "my.channels.event" in hw1__1/eventstore/20241013/hw1.isone.me.versant.keene.fir.scada-my.channels.event-1728825458732-ear.electricity.works.json
2026-08-25 16:08:33,806 | WARNING | Unknown message type "my.channels.event" in hw1__1/eventstore/20241013/hw1.isone.me.versant.keene.fir.scada-my.channels.event-1728825458732-ear.electricity.works.json
2026-08-25 16:08:33,806 | WARNING | Unknown message type "my.channels.event" in hw1__1/eventstore/20241013/hw1.isone.me.versant.keene.fir.scada-my.channels.event-1728825663438-ear.electricity.works.json
2026-08-25 16:08:33,806 | WARNING | Unknown message type "my.channels.event" in hw1__1/eventstore/20241013/hw1.isone.me.versant.keene.fir.scada-my.channels.event-1728825663438-ear.electricity.works.json
2026-08-25 16:08:33,806 | WARNING | Unknown message type "my.channels.event" in hw1__1/eventstore/20241013/hw1.isone.me.versant.keene.fir.scada-my.channels.event-1728829246075-ear.electricity.works.json
2026-08-25 16:08:33,806 | WARNING | Unknown message type "my.channels.event" in hw1__1/eventstore/20241013/hw1.isone.me.versant.keene.fir.scada-my.channels.event-1728829246075-ear.electricity.works.json
2026-08-25 16:08:33,806 | WARNING | Unknown message type "my.channels.event" in hw1__1/eventstore/20241013/hw1.isone.me.versant.keene.fir.scada-my.channels.event-1728835579252-ear.electricity.works.json
2026-08-25 16:08:33,806 | WARNING | Unknown message type "my.channels.event" in hw1__1/eventstore/20241013/hw1.isone.me.versant.keene.fir.scada-my.channels.event-1728835579252-ear.electricity.works.json
2026-08-25 16:08:35,371 | WARNING | Unknown message type "gt.sh.cli.atn.cmd" in hw1__1/eventstore/20241013/hw1.isone.me.versant.keene.oak-gt.sh.cli.atn.cmd-1728817848208-ear.electricity.works.json
2026-08-25 16:08:35,371 | WARNING | Unknown message type "gt.sh.cli.atn.cmd" in hw1__1/eventstore/20241013/hw1.isone.me.versant.keene.oak-gt.sh.cli.atn.cmd-1728817848208-ear.electricity.works.json
2026-08-25 16:08:35,806 | WARNING | Unknown message type "my.channels.event" in hw1__1/eventstore/20241013/hw1.isone.me.versant.keene.oak.scada-my.channels.event-1728822461415-ear.electricity.works.json
2026-08-25 16:08:35,806 | WARNING | Unknown message type "my.channels.event" in hw1__1/eventstore/20241013/hw1.isone.me.versant.keene.oak.scada-my.channels.event-1728822461415-ear.electricity.works.json
2026-08-25 16:08:35,806 | WARNING | Unknown message type "my.channels.event" in hw1__1/eventstore/20241013/hw1.isone.me.versant.keene.oak.scada-my.channels.event-1728824389065-ear.electricity.works.json
2026-08-25 16:08:35,806 | WARNING | Unknown message type "my.channels.event" in hw1__1/eventstore/20241013/hw1.isone.me.versant.keene.oak.scada-my.channels.event-1728824389065-ear.electricity.works.json
2026-08-25 16:08:35,806 | WARNING | Unknown message type "my.channels.event" in hw1__1/eventstore/20241013/hw1.isone.me.versant.keene.oak.scada-my.channels.event-1728824620081-ear.electricity.works.json
2026-08-25 16:08:35,806 | WARNING | Unknown message type "my.channels.event" in hw1__1/eventstore/20241013/hw1.isone.me.versant.keene.oak.scada-my.channels.event-1728824620081-ear.electricity.works.json
2026-08-25 16:08:35,806 | WARNING | Unknown message type "my.channels.event" in hw1__1/eventstore/20241013/hw1.isone.me.versant.keene.oak.scada-my.channels.event-1728825046481-ear.electricity.works.json
2026-08-25 16:08:35,806 | WARNING | Unknown message type "my.channels.event" in hw1__1/eventstore/20241013/hw1.isone.me.versant.keene.oak.scada-my.channels.event-1728825046481-ear.electricity.works.json
2026-08-25 16:08:35,806 | WARNING | Unknown message type "my.channels.event" in hw1__1/eventstore/20241013/hw1.isone.me.versant.keene.oak.scada-my.channels.event-1728827429243-ear.electricity.works.json
2026-08-25 16:08:35,806 | WARNING | Unknown message type "my.channels.event" in hw1__1/eventstore/20241013/hw1.isone.me.versant.keene.oak.scada-my.channels.event-1728827429243-ear.electricity.works.json
2026-08-25 16:08:35,806 | WARNING | Unknown message type "my.channels.event" in hw1__1/eventstore/20241013/hw1.isone.me.versant.keene.oak.scada-my.channels.event-1728827991042-ear.electricity.works.json
2026-08-25 16:08:35,806 | WARNING | Unknown message type "my.channels.event" in hw1__1/eventstore/20241013/hw1.isone.me.versant.keene.oak.scada-my.channels.event-1728827991042-ear.electricity.works.json
2026-08-25 16:08:35,806 | WARNING | Unknown message type "my.channels.event" in hw1__1/eventstore/20241013/hw1.isone.me.versant.keene.oak.scada-my.channels.event-1728828208662-ear.electricity.works.json
2026-08-25 16:08:35,806 | WARNING | Unknown message type "my.channels.event" in hw1__1/eventstore/20241013/hw1.isone.me.versant.keene.oak.scada-my.channels.event-1728828208662-ear.electricity.works.json
2026-08-25 16:08:35,806 | WARNING | Unknown message type "my.channels.event" in hw1__1/eventstore/20241013/hw1.isone.me.versant.keene.oak.scada-my.channels.event-1728828401869-ear.electricity.works.json
2026-08-25 16:08:35,806 | WARNING | Unknown message type "my.channels.event" in hw1__1/eventstore/20241013/hw1.isone.me.versant.keene.oak.scada-my.channels.event-1728828401869-ear.electricity.works.json
2026-08-25 16:08:35,807 | WARNING | Unknown message type "my.channels.event" in hw1__1/eventstore/20241013/hw1.isone.me.versant.keene.oak.scada-my.channels.event-1728828962995-ear.electricity.works.json
2026-08-25 16:08:35,807 | WARNING | Unknown message type "my.channels.event" in hw1__1/eventstore/20241013/hw1.isone.me.versant.keene.oak.scada-my.channels.event-1728828962995-ear.electricity.works.json
2026-08-25 16:08:35,807 | WARNING | Unknown message type "my.channels.event" in hw1__1/eventstore/20241013/hw1.isone.me.versant.keene.oak.scada-my.channels.event-1728832795540-ear.electricity.works.json
2026-08-25 16:08:35,807 | WARNING | Unknown message type "my.channels.event" in hw1__1/eventstore/20241013/hw1.isone.me.versant.keene.oak.scada-my.channels.event-1728832795540-ear.electricity.works.json
2026-08-25 16:08:35,807 | WARNING | Unknown message type "my.channels.event" in hw1__1/eventstore/20241013/hw1.isone.me.versant.keene.oak.scada-my.channels.event-1728835467601-ear.electricity.works.json
2026-08-25 16:08:35,807 | WARNING | Unknown message type "my.channels.event" in hw1__1/eventstore/20241013/hw1.isone.me.versant.keene.oak.scada-my.channels.event-1728835467601-ear.electricity.works.json
2026-08-25 16:08:36,439 | INFO | Completed messages for 2024-10-13T00:00:00
2026-08-25 16:08:38,532 | WARNING | Unknown message type "gt.sh.cli.atn.cmd" in hw1__1/eventstore/20241014/hw1.isone.me.versant.keene.fir-gt.sh.cli.atn.cmd-1728878568281-ear.electricity.works.json
2026-08-25 16:08:38,532 | WARNING | Unknown message type "gt.sh.cli.atn.cmd" in hw1__1/eventstore/20241014/hw1.isone.me.versant.keene.fir-gt.sh.cli.atn.cmd-1728878568281-ear.electricity.works.json
2026-08-25 16:08:38,532 | WARNING | Unknown message type "gt.sh.cli.atn.cmd" in hw1__1/eventstore/20241014/hw1.isone.me.versant.keene.fir-gt.sh.cli.atn.cmd-1728878654397-ear.electricity.works.json
2026-08-25 16:08:38,532 | WARNING | Unknown message type "gt.sh.cli.atn.cmd" in hw1__1/eventstore/20241014/hw1.isone.me.versant.keene.fir-gt.sh.cli.atn.cmd-1728878654397-ear.electricity.works.json
2026-08-25 16:08:38,532 | WARNING | Unknown message type "gt.sh.cli.atn.cmd" in hw1__1/eventstore/20241014/hw1.isone.me.versant.keene.fir-gt.sh.cli.atn.cmd-1728878765043-ear.electricity.works.json
2026-08-25 16:08:38,532 | WARNING | Unknown message type "gt.sh.cli.atn.cmd" in hw1__1/eventstore/20241014/hw1.isone.me.versant.keene.fir-gt.sh.cli.atn.cmd-1728878765043-ear.electricity.works.json
2026-08-25 16:08:38,532 | WARNING | Unknown message type "gt.sh.cli.atn.cmd" in hw1__1/eventstore/20241014/hw1.isone.me.versant.keene.fir-gt.sh.cli.atn.cmd-1728878992337-ear.electricity.works.json
2026-08-25 16:08:38,532 | WARNING | Unknown message type "gt.sh.cli.atn.cmd" in hw1__1/eventstore/20241014/hw1.isone.me.versant.keene.fir-gt.sh.cli.atn.cmd-1728878992337-ear.electricity.works.json
2026-08-25 16:08:38,532 | WARNING | Unknown message type "gt.sh.cli.atn.cmd" in hw1__1/eventstore/20241014/hw1.isone.me.versant.keene.fir-gt.sh.cli.atn.cmd-1728879075795-ear.electricity.works.json
2026-08-25 16:08:38,532 | WARNING | Unknown message type "gt.sh.cli.atn.cmd" in hw1__1/eventstore/20241014/hw1.isone.me.versant.keene.fir-gt.sh.cli.atn.cmd-1728879075795-ear.electricity.works.json
2026-08-25 16:08:38,532 | WARNING | Unknown message type "gt.sh.cli.atn.cmd" in hw1__1/eventstore/20241014/hw1.isone.me.versant.keene.fir-gt.sh.cli.atn.cmd-1728879515325-ear.electricity.works.json
2026-08-25 16:08:38,532 | WARNING | Unknown message type "gt.sh.cli.atn.cmd" in hw1__1/eventstore/20241014/hw1.isone.me.versant.keene.fir-gt.sh.cli.atn.cmd-1728879515325-ear.electricity.works.json
2026-08-25 16:08:38,532 | WARNING | Unknown message type "gt.sh.cli.atn.cmd" in hw1__1/eventstore/20241014/hw1.isone.me.versant.keene.fir-gt.sh.cli.atn.cmd-1728879972293-ear.electricity.works.json
2026-08-25 16:08:38,532 | WARNING | Unknown message type "gt.sh.cli.atn.cmd" in hw1__1/eventstore/20241014/hw1.isone.me.versant.keene.fir-gt.sh.cli.atn.cmd-1728879972293-ear.electricity.works.json
2026-08-25 16:08:38,532 | WARNING | Unknown message type "gt.sh.cli.atn.cmd" in hw1__1/eventstore/20241014/hw1.isone.me.versant.keene.fir-gt.sh.cli.atn.cmd-1728880253347-ear.electricity.works.json
2026-08-25 16:08:38,532 | WARNING | Unknown message type "gt.sh.cli.atn.cmd" in hw1__1/eventstore/20241014/hw1.isone.me.versant.keene.fir-gt.sh.cli.atn.cmd-1728880253347-ear.electricity.works.json
2026-08-25 16:08:38,532 | WARNING | Unknown message type "gt.sh.cli.atn.cmd" in hw1__1/eventstore/20241014/hw1.isone.me.versant.keene.fir-gt.sh.cli.atn.cmd-1728930420584-ear.electricity.works.json
2026-08-25 16:08:38,532 | WARNING | Unknown message type "gt.sh.cli.atn.cmd" in hw1__1/eventstore/20241014/hw1.isone.me.versant.keene.fir-gt.sh.cli.atn.cmd-1728930420584-ear.electricity.works.json
2026-08-25 16:08:38,532 | WARNING | Unknown message type "gt.sh.cli.atn.cmd" in hw1__1/eventstore/20241014/hw1.isone.me.versant.keene.fir-gt.sh.cli.atn.cmd-1728930484224-ear.electricity.works.json
2026-08-25 16:08:38,532 | WARNING | Unknown message type "gt.sh.cli.atn.cmd" in hw1__1/eventstore/20241014/hw1.isone.me.versant.keene.fir-gt.sh.cli.atn.cmd-1728930484224-ear.electricity.works.json
2026-08-25 16:08:38,532 | WARNING | Unknown message type "gt.sh.cli.atn.cmd" in hw1__1/eventstore/20241014/hw1.isone.me.versant.keene.fir-gt.sh.cli.atn.cmd-1728931142311-ear.electricity.works.json
2026-08-25 16:08:38,532 | WARNING | Unknown message type "gt.sh.cli.atn.cmd" in hw1__1/eventstore/20241014/hw1.isone.me.versant.keene.fir-gt.sh.cli.atn.cmd-1728931142311-ear.electricity.works.json
2026-08-25 16:08:38,532 | WARNING | Unknown message type "gt.sh.cli.atn.cmd" in hw1__1/eventstore/20241014/hw1.isone.me.versant.keene.fir-gt.sh.cli.atn.cmd-1728931255588-ear.electricity.works.json
2026-08-25 16:08:38,532 | WARNING | Unknown message type "gt.sh.cli.atn.cmd" in hw1__1/eventstore/20241014/hw1.isone.me.versant.keene.fir-gt.sh.cli.atn.cmd-1728931255588-ear.electricity.works.json
2026-08-25 16:08:38,532 | WARNING | Unknown message type "gt.sh.cli.atn.cmd" in hw1__1/eventstore/20241014/hw1.isone.me.versant.keene.fir-gt.sh.cli.atn.cmd-1728932042753-ear.electricity.works.json
2026-08-25 16:08:38,532 | WARNING | Unknown message type "gt.sh.cli.atn.cmd" in hw1__1/eventstore/20241014/hw1.isone.me.versant.keene.fir-gt.sh.cli.atn.cmd-1728932042753-ear.electricity.works.json
2026-08-25 16:08:38,532 | WARNING | Unknown message type "gt.sh.cli.atn.cmd" in hw1__1/eventstore/20241014/hw1.isone.me.versant.keene.fir-gt.sh.cli.atn.cmd-1728932096234-ear.electricity.works.json
2026-08-25 16:08:38,532 | WARNING | Unknown message type "gt.sh.cli.atn.cmd" in hw1__1/eventstore/20241014/hw1.isone.me.versant.keene.fir-gt.sh.cli.atn.cmd-1728932096234-ear.electricity.works.json
2026-08-25 16:08:38,532 | WARNING | Unknown message type "gt.sh.cli.atn.cmd" in hw1__1/eventstore/20241014/hw1.isone.me.versant.keene.fir-gt.sh.cli.atn.cmd-1728932296677-ear.electricity.works.json
2026-08-25 16:08:38,532 | WARNING | Unknown message type "gt.sh.cli.atn.cmd" in hw1__1/eventstore/20241014/hw1.isone.me.versant.keene.fir-gt.sh.cli.atn.cmd-1728932296677-ear.electricity.works.json
2026-08-25 16:08:38,532 | WARNING | Unknown message type "gt.sh.cli.atn.cmd" in hw1__1/eventstore/20241014/hw1.isone.me.versant.keene.fir-gt.sh.cli.atn.cmd-1728932371301-ear.electricity.works.json
2026-08-25 16:08:38,532 | WARNING | Unknown message type "gt.sh.cli.atn.cmd" in hw1__1/eventstore/20241014/hw1.isone.me.versant.keene.fir-gt.sh.cli.atn.cmd-1728932371301-ear.electricity.works.json
2026-08-25 16:08:38,532 | WARNING | Unknown message type "gt.sh.cli.atn.cmd" in hw1__1/eventstore/20241014/hw1.isone.me.versant.keene.fir-gt.sh.cli.atn.cmd-1728932483364-ear.electricity.works.json
2026-08-25 16:08:38,532 | WARNING | Unknown message type "gt.sh.cli.atn.cmd" in hw1__1/eventstore/20241014/hw1.isone.me.versant.keene.fir-gt.sh.cli.atn.cmd-1728932483364-ear.electricity.works.json
2026-08-25 16:08:38,532 | WARNING | Unknown message type "gt.sh.cli.atn.cmd" in hw1__1/eventstore/20241014/hw1.isone.me.versant.keene.fir-gt.sh.cli.atn.cmd-1728932690475-ear.electricity.works.json
2026-08-25 16:08:38,532 | WARNING | Unknown message type "gt.sh.cli.atn.cmd" in hw1__1/eventstore/20241014/hw1.isone.me.versant.keene.fir-gt.sh.cli.atn.cmd-1728932690475-ear.electricity.works.json
2026-08-25 16:08:38,532 | WARNING | Unknown message type "gt.sh.cli.atn.cmd" in hw1__1/eventstore/20241014/hw1.isone.me.versant.keene.fir-gt.sh.cli.atn.cmd-1728932708958-ear.electricity.works.json
2026-08-25 16:08:38,532 | WARNING | Unknown message type "gt.sh.cli.atn.cmd" in hw1__1/eventstore/20241014/hw1.isone.me.versant.keene.fir-gt.sh.cli.atn.cmd-1728932708958-ear.electricity.works.json
2026-08-25 16:08:38,532 | WARNING | Unknown message type "gt.sh.cli.atn.cmd" in hw1__1/eventstore/20241014/hw1.isone.me.versant.keene.fir-gt.sh.cli.atn.cmd-1728932750509-ear.electricity.works.json
2026-08-25 16:08:38,532 | WARNING | Unknown message type "gt.sh.cli.atn.cmd" in hw1__1/eventstore/20241014/hw1.isone.me.versant.keene.fir-gt.sh.cli.atn.cmd-1728932750509-ear.electricity.works.json
2026-08-25 16:08:38,532 | WARNING | Unknown message type "gt.sh.cli.atn.cmd" in hw1__1/eventstore/20241014/hw1.isone.me.versant.keene.fir-gt.sh.cli.atn.cmd-1728932816955-ear.electricity.works.json
2026-08-25 16:08:38,532 | WARNING | Unknown message type "gt.sh.cli.atn.cmd" in hw1__1/eventstore/20241014/hw1.isone.me.versant.keene.fir-gt.sh.cli.atn.cmd-1728932816955-ear.electricity.works.json
2026-08-25 16:08:38,532 | WARNING | Unknown message type "gt.sh.cli.atn.cmd" in hw1__1/eventstore/20241014/hw1.isone.me.versant.keene.fir-gt.sh.cli.atn.cmd-1728932931343-ear.electricity.works.json
2026-08-25 16:08:38,532 | WARNING | Unknown message type "gt.sh.cli.atn.cmd" in hw1__1/eventstore/20241014/hw1.isone.me.versant.keene.fir-gt.sh.cli.atn.cmd-1728932931343-ear.electricity.works.json
2026-08-25 16:08:38,532 | WARNING | Unknown message type "gt.sh.cli.atn.cmd" in hw1__1/eventstore/20241014/hw1.isone.me.versant.keene.fir-gt.sh.cli.atn.cmd-1728932988612-ear.electricity.works.json
2026-08-25 16:08:38,532 | WARNING | Unknown message type "gt.sh.cli.atn.cmd" in hw1__1/eventstore/20241014/hw1.isone.me.versant.keene.fir-gt.sh.cli.atn.cmd-1728932988612-ear.electricity.works.json
2026-08-25 16:08:38,532 | WARNING | Unknown message type "gt.sh.cli.atn.cmd" in hw1__1/eventstore/20241014/hw1.isone.me.versant.keene.fir-gt.sh.cli.atn.cmd-1728933022977-ear.electricity.works.json
2026-08-25 16:08:38,532 | WARNING | Unknown message type "gt.sh.cli.atn.cmd" in hw1__1/eventstore/20241014/hw1.isone.me.versant.keene.fir-gt.sh.cli.atn.cmd-1728933022977-ear.electricity.works.json
2026-08-25 16:08:38,532 | WARNING | Unknown message type "gt.sh.cli.atn.cmd" in hw1__1/eventstore/20241014/hw1.isone.me.versant.keene.fir-gt.sh.cli.atn.cmd-1728933043547-ear.electricity.works.json
2026-08-25 16:08:38,532 | WARNING | Unknown message type "gt.sh.cli.atn.cmd" in hw1__1/eventstore/20241014/hw1.isone.me.versant.keene.fir-gt.sh.cli.atn.cmd-1728933043547-ear.electricity.works.json
2026-08-25 16:08:38,532 | WARNING | Unknown message type "gt.sh.cli.atn.cmd" in hw1__1/eventstore/20241014/hw1.isone.me.versant.keene.fir-gt.sh.cli.atn.cmd-1728933091937-ear.electricity.works.json
2026-08-25 16:08:38,532 | WARNING | Unknown message type "gt.sh.cli.atn.cmd" in hw1__1/eventstore/20241014/hw1.isone.me.versant.keene.fir-gt.sh.cli.atn.cmd-1728933091937-ear.electricity.works.json
2026-08-25 16:08:38,532 | WARNING | Unknown message type "gt.sh.cli.atn.cmd" in hw1__1/eventstore/20241014/hw1.isone.me.versant.keene.fir-gt.sh.cli.atn.cmd-1728933165405-ear.electricity.works.json
2026-08-25 16:08:38,532 | WARNING | Unknown message type "gt.sh.cli.atn.cmd" in hw1__1/eventstore/20241014/hw1.isone.me.versant.keene.fir-gt.sh.cli.atn.cmd-1728933165405-ear.electricity.works.json
2026-08-25 16:08:38,532 | WARNING | Unknown message type "gt.sh.cli.atn.cmd" in hw1__1/eventstore/20241014/hw1.isone.me.versant.keene.fir-gt.sh.cli.atn.cmd-1728933190894-ear.electricity.works.json
2026-08-25 16:08:38,532 | WARNING | Unknown message type "gt.sh.cli.atn.cmd" in hw1__1/eventstore/20241014/hw1.isone.me.versant.keene.fir-gt.sh.cli.atn.cmd-1728933190894-ear.electricity.works.json
2026-08-25 16:08:38,532 | WARNING | Unknown message type "gt.sh.cli.atn.cmd" in hw1__1/eventstore/20241014/hw1.isone.me.versant.keene.fir-gt.sh.cli.atn.cmd-1728933393587-ear.electricity.works.json
2026-08-25 16:08:38,532 | WARNING | Unknown message type "gt.sh.cli.atn.cmd" in hw1__1/eventstore/20241014/hw1.isone.me.versant.keene.fir-gt.sh.cli.atn.cmd-1728933393587-ear.electricity.works.json
2026-08-25 16:08:38,532 | WARNING | Unknown message type "gt.sh.cli.atn.cmd" in hw1__1/eventstore/20241014/hw1.isone.me.versant.keene.fir-gt.sh.cli.atn.cmd-1728933660766-ear.electricity.works.json
2026-08-25 16:08:38,532 | WARNING | Unknown message type "gt.sh.cli.atn.cmd" in hw1__1/eventstore/20241014/hw1.isone.me.versant.keene.fir-gt.sh.cli.atn.cmd-1728933660766-ear.electricity.works.json
2026-08-25 16:08:38,532 | WARNING | Unknown message type "gt.sh.cli.atn.cmd" in hw1__1/eventstore/20241014/hw1.isone.me.versant.keene.fir-gt.sh.cli.atn.cmd-1728933709018-ear.electricity.works.json
2026-08-25 16:08:38,532 | WARNING | Unknown message type "gt.sh.cli.atn.cmd" in hw1__1/eventstore/20241014/hw1.isone.me.versant.keene.fir-gt.sh.cli.atn.cmd-1728933709018-ear.electricity.works.json
2026-08-25 16:08:38,532 | WARNING | Unknown message type "gt.sh.cli.atn.cmd" in hw1__1/eventstore/20241014/hw1.isone.me.versant.keene.fir-gt.sh.cli.atn.cmd-1728933978753-ear.electricity.works.json
2026-08-25 16:08:38,532 | WARNING | Unknown message type "gt.sh.cli.atn.cmd" in hw1__1/eventstore/20241014/hw1.isone.me.versant.keene.fir-gt.sh.cli.atn.cmd-1728933978753-ear.electricity.works.json
2026-08-25 16:08:38,532 | WARNING | Unknown message type "gt.sh.cli.atn.cmd" in hw1__1/eventstore/20241014/hw1.isone.me.versant.keene.fir-gt.sh.cli.atn.cmd-1728933990075-ear.electricity.works.json
2026-08-25 16:08:38,532 | WARNING | Unknown message type "gt.sh.cli.atn.cmd" in hw1__1/eventstore/20241014/hw1.isone.me.versant.keene.fir-gt.sh.cli.atn.cmd-1728933990075-ear.electricity.works.json
2026-08-25 16:08:38,532 | WARNING | Unknown message type "gt.sh.cli.atn.cmd" in hw1__1/eventstore/20241014/hw1.isone.me.versant.keene.fir-gt.sh.cli.atn.cmd-1728934031355-ear.electricity.works.json
2026-08-25 16:08:38,532 | WARNING | Unknown message type "gt.sh.cli.atn.cmd" in hw1__1/eventstore/20241014/hw1.isone.me.versant.keene.fir-gt.sh.cli.atn.cmd-1728934031355-ear.electricity.works.json
2026-08-25 16:08:38,532 | WARNING | Unknown message type "gt.sh.cli.atn.cmd" in hw1__1/eventstore/20241014/hw1.isone.me.versant.keene.fir-gt.sh.cli.atn.cmd-1728934222192-ear.electricity.works.json
2026-08-25 16:08:38,532 | WARNING | Unknown message type "gt.sh.cli.atn.cmd" in hw1__1/eventstore/20241014/hw1.isone.me.versant.keene.fir-gt.sh.cli.atn.cmd-1728934222192-ear.electricity.works.json
2026-08-25 16:08:38,532 | WARNING | Unknown message type "gt.sh.cli.atn.cmd" in hw1__1/eventstore/20241014/hw1.isone.me.versant.keene.fir-gt.sh.cli.atn.cmd-1728934358890-ear.electricity.works.json
2026-08-25 16:08:38,532 | WARNING | Unknown message type "gt.sh.cli.atn.cmd" in hw1__1/eventstore/20241014/hw1.isone.me.versant.keene.fir-gt.sh.cli.atn.cmd-1728934358890-ear.electricity.works.json
2026-08-25 16:08:38,532 | WARNING | Unknown message type "gt.sh.cli.atn.cmd" in hw1__1/eventstore/20241014/hw1.isone.me.versant.keene.fir-gt.sh.cli.atn.cmd-1728934394061-ear.electricity.works.json
2026-08-25 16:08:38,532 | WARNING | Unknown message type "gt.sh.cli.atn.cmd" in hw1__1/eventstore/20241014/hw1.isone.me.versant.keene.fir-gt.sh.cli.atn.cmd-1728934394061-ear.electricity.works.json
2026-08-25 16:08:38,532 | WARNING | Unknown message type "gt.sh.cli.atn.cmd" in hw1__1/eventstore/20241014/hw1.isone.me.versant.keene.fir-gt.sh.cli.atn.cmd-1728934539634-ear.electricity.works.json
2026-08-25 16:08:38,532 | WARNING | Unknown message type "gt.sh.cli.atn.cmd" in hw1__1/eventstore/20241014/hw1.isone.me.versant.keene.fir-gt.sh.cli.atn.cmd-1728934539634-ear.electricity.works.json
2026-08-25 16:08:38,532 | WARNING | Unknown message type "gt.sh.cli.atn.cmd" in hw1__1/eventstore/20241014/hw1.isone.me.versant.keene.fir-gt.sh.cli.atn.cmd-1728934628406-ear.electricity.works.json
2026-08-25 16:08:38,532 | WARNING | Unknown message type "gt.sh.cli.atn.cmd" in hw1__1/eventstore/20241014/hw1.isone.me.versant.keene.fir-gt.sh.cli.atn.cmd-1728934628406-ear.electricity.works.json
2026-08-25 16:08:38,532 | WARNING | Unknown message type "gt.sh.cli.atn.cmd" in hw1__1/eventstore/20241014/hw1.isone.me.versant.keene.fir-gt.sh.cli.atn.cmd-1728934743172-ear.electricity.works.json
2026-08-25 16:08:38,532 | WARNING | Unknown message type "gt.sh.cli.atn.cmd" in hw1__1/eventstore/20241014/hw1.isone.me.versant.keene.fir-gt.sh.cli.atn.cmd-1728934743172-ear.electricity.works.json
2026-08-25 16:08:38,532 | WARNING | Unknown message type "gt.sh.cli.atn.cmd" in hw1__1/eventstore/20241014/hw1.isone.me.versant.keene.fir-gt.sh.cli.atn.cmd-1728934765139-ear.electricity.works.json
2026-08-25 16:08:38,532 | WARNING | Unknown message type "gt.sh.cli.atn.cmd" in hw1__1/eventstore/20241014/hw1.isone.me.versant.keene.fir-gt.sh.cli.atn.cmd-1728934765139-ear.electricity.works.json
2026-08-25 16:08:38,532 | WARNING | Unknown message type "gt.sh.cli.atn.cmd" in hw1__1/eventstore/20241014/hw1.isone.me.versant.keene.fir-gt.sh.cli.atn.cmd-1728934802785-ear.electricity.works.json
2026-08-25 16:08:38,532 | WARNING | Unknown message type "gt.sh.cli.atn.cmd" in hw1__1/eventstore/20241014/hw1.isone.me.versant.keene.fir-gt.sh.cli.atn.cmd-1728934802785-ear.electricity.works.json
2026-08-25 16:08:38,532 | WARNING | Unknown message type "gt.sh.cli.atn.cmd" in hw1__1/eventstore/20241014/hw1.isone.me.versant.keene.fir-gt.sh.cli.atn.cmd-1728937461926-ear.electricity.works.json
2026-08-25 16:08:38,532 | WARNING | Unknown message type "gt.sh.cli.atn.cmd" in hw1__1/eventstore/20241014/hw1.isone.me.versant.keene.fir-gt.sh.cli.atn.cmd-1728937461926-ear.electricity.works.json
2026-08-25 16:08:41,316 | INFO | Completed messages for 2024-10-14T00:00:00
2026-08-25 16:08:42,020 | WARNING | Unknown message type "gt.sh.cli.atn.cmd" in hw1__1/eventstore/20241015/hw1.isone.me.versant.keene.beech-gt.sh.cli.atn.cmd-1728986717949-ear.electricity.works.json
2026-08-25 16:08:42,020 | WARNING | Unknown message type "gt.sh.cli.atn.cmd" in hw1__1/eventstore/20241015/hw1.isone.me.versant.keene.beech-gt.sh.cli.atn.cmd-1728986717949-ear.electricity.works.json
2026-08-25 16:08:43,804 | WARNING | Unknown message type "gt.sh.cli.atn.cmd" in hw1__1/eventstore/20241015/hw1.isone.me.versant.keene.fir-gt.sh.cli.atn.cmd-1729015051956-ear.electricity.works.json
2026-08-25 16:08:43,804 | WARNING | Unknown message type "gt.sh.cli.atn.cmd" in hw1__1/eventstore/20241015/hw1.isone.me.versant.keene.fir-gt.sh.cli.atn.cmd-1729015051956-ear.electricity.works.json
2026-08-25 16:08:43,804 | WARNING | Unknown message type "gt.sh.cli.atn.cmd" in hw1__1/eventstore/20241015/hw1.isone.me.versant.keene.fir-gt.sh.cli.atn.cmd-1729015170542-ear.electricity.works.json
2026-08-25 16:08:43,804 | WARNING | Unknown message type "gt.sh.cli.atn.cmd" in hw1__1/eventstore/20241015/hw1.isone.me.versant.keene.fir-gt.sh.cli.atn.cmd-1729015170542-ear.electricity.works.json
2026-08-25 16:08:43,804 | WARNING | Unknown message type "gt.sh.cli.atn.cmd" in hw1__1/eventstore/20241015/hw1.isone.me.versant.keene.fir-gt.sh.cli.atn.cmd-1729025501162-ear.electricity.works.json
2026-08-25 16:08:43,804 | WARNING | Unknown message type "gt.sh.cli.atn.cmd" in hw1__1/eventstore/20241015/hw1.isone.me.versant.keene.fir-gt.sh.cli.atn.cmd-1729025501162-ear.electricity.works.json
2026-08-25 16:08:43,804 | WARNING | Unknown message type "gt.sh.cli.atn.cmd" in hw1__1/eventstore/20241015/hw1.isone.me.versant.keene.fir-gt.sh.cli.atn.cmd-1729025706049-ear.electricity.works.json
2026-08-25 16:08:43,804 | WARNING | Unknown message type "gt.sh.cli.atn.cmd" in hw1__1/eventstore/20241015/hw1.isone.me.versant.keene.fir-gt.sh.cli.atn.cmd-1729025706049-ear.electricity.works.json
2026-08-25 16:08:43,804 | WARNING | Unknown message type "gt.sh.cli.atn.cmd" in hw1__1/eventstore/20241015/hw1.isone.me.versant.keene.fir-gt.sh.cli.atn.cmd-1729026624645-ear.electricity.works.json
2026-08-25 16:08:43,804 | WARNING | Unknown message type "gt.sh.cli.atn.cmd" in hw1__1/eventstore/20241015/hw1.isone.me.versant.keene.fir-gt.sh.cli.atn.cmd-1729026624645-ear.electricity.works.json
2026-08-25 16:08:43,804 | WARNING | Unknown message type "gt.sh.cli.atn.cmd" in hw1__1/eventstore/20241015/hw1.isone.me.versant.keene.fir-gt.sh.cli.atn.cmd-1729027521553-ear.electricity.works.json
2026-08-25 16:08:43,804 | WARNING | Unknown message type "gt.sh.cli.atn.cmd" in hw1__1/eventstore/20241015/hw1.isone.me.versant.keene.fir-gt.sh.cli.atn.cmd-1729027521553-ear.electricity.works.json
2026-08-25 16:08:43,804 | WARNING | Unknown message type "gt.sh.cli.atn.cmd" in hw1__1/eventstore/20241015/hw1.isone.me.versant.keene.fir-gt.sh.cli.atn.cmd-1729031870549-ear.electricity.works.json
2026-08-25 16:08:43,804 | WARNING | Unknown message type "gt.sh.cli.atn.cmd" in hw1__1/eventstore/20241015/hw1.isone.me.versant.keene.fir-gt.sh.cli.atn.cmd-1729031870549-ear.electricity.works.json
2026-08-25 16:08:43,804 | WARNING | Unknown message type "gt.sh.cli.atn.cmd" in hw1__1/eventstore/20241015/hw1.isone.me.versant.keene.fir-gt.sh.cli.atn.cmd-1729031930043-ear.electricity.works.json
2026-08-25 16:08:43,804 | WARNING | Unknown message type "gt.sh.cli.atn.cmd" in hw1__1/eventstore/20241015/hw1.isone.me.versant.keene.fir-gt.sh.cli.atn.cmd-1729031930043-ear.electricity.works.json
2026-08-25 16:08:43,804 | WARNING | Unknown message type "gt.sh.cli.atn.cmd" in hw1__1/eventstore/20241015/hw1.isone.me.versant.keene.fir-gt.sh.cli.atn.cmd-1729032991190-ear.electricity.works.json
2026-08-25 16:08:43,804 | WARNING | Unknown message type "gt.sh.cli.atn.cmd" in hw1__1/eventstore/20241015/hw1.isone.me.versant.keene.fir-gt.sh.cli.atn.cmd-1729032991190-ear.electricity.works.json
2026-08-25 16:08:43,804 | WARNING | Unknown message type "gt.sh.cli.atn.cmd" in hw1__1/eventstore/20241015/hw1.isone.me.versant.keene.fir-gt.sh.cli.atn.cmd-1729033022370-ear.electricity.works.json
2026-08-25 16:08:43,804 | WARNING | Unknown message type "gt.sh.cli.atn.cmd" in hw1__1/eventstore/20241015/hw1.isone.me.versant.keene.fir-gt.sh.cli.atn.cmd-1729033022370-ear.electricity.works.json
2026-08-25 16:08:43,804 | WARNING | Unknown message type "gt.sh.cli.atn.cmd" in hw1__1/eventstore/20241015/hw1.isone.me.versant.keene.fir-gt.sh.cli.atn.cmd-1729033101115-ear.electricity.works.json
2026-08-25 16:08:43,804 | WARNING | Unknown message type "gt.sh.cli.atn.cmd" in hw1__1/eventstore/20241015/hw1.isone.me.versant.keene.fir-gt.sh.cli.atn.cmd-1729033101115-ear.electricity.works.json
2026-08-25 16:08:43,804 | WARNING | Unknown message type "gt.sh.cli.atn.cmd" in hw1__1/eventstore/20241015/hw1.isone.me.versant.keene.fir-gt.sh.cli.atn.cmd-1729033204006-ear.electricity.works.json
2026-08-25 16:08:43,804 | WARNING | Unknown message type "gt.sh.cli.atn.cmd" in hw1__1/eventstore/20241015/hw1.isone.me.versant.keene.fir-gt.sh.cli.atn.cmd-1729033204006-ear.electricity.works.json
2026-08-25 16:08:46,663 | WARNING | Unknown message type "gridworks.event.gt.sh.status" in hw1__1/eventstore/20241015/hw1.isone.ng.beachrose.scada-gridworks.event.gt.sh.status-1728972899915-ear.electricity.works.json
2026-08-25 16:08:46,663 | WARNING | Unknown message type "gridworks.event.gt.sh.status" in hw1__1/eventstore/20241015/hw1.isone.ng.beachrose.scada-gridworks.event.gt.sh.status-1728972899915-ear.electricity.works.json
2026-08-25 16:08:46,663 | WARNING | Unknown message type "gridworks.event.gt.sh.status" in hw1__1/eventstore/20241015/hw1.isone.ng.beachrose.scada-gridworks.event.gt.sh.status-1728973199912-ear.electricity.works.json
2026-08-25 16:08:46,663 | WARNING | Unknown message type "gridworks.event.gt.sh.status" in hw1__1/eventstore/20241015/hw1.isone.ng.beachrose.scada-gridworks.event.gt.sh.status-1728973199912-ear.electricity.works.json
2026-08-25 16:08:46,663 | WARNING | Unknown message type "gridworks.event.gt.sh.status" in hw1__1/eventstore/20241015/hw1.isone.ng.beachrose.scada-gridworks.event.gt.sh.status-1728973499915-ear.electricity.works.json
2026-08-25 16:08:46,663 | WARNING | Unknown message type "gridworks.event.gt.sh.status" in hw1__1/eventstore/20241015/hw1.isone.ng.beachrose.scada-gridworks.event.gt.sh.status-1728973499915-ear.electricity.works.json
2026-08-25 16:08:46,663 | WARNING | Unknown message type "gridworks.event.gt.sh.status" in hw1__1/eventstore/20241015/hw1.isone.ng.beachrose.scada-gridworks.event.gt.sh.status-1728973799920-ear.electricity.works.json
2026-08-25 16:08:46,663 | WARNING | Unknown message type "gridworks.event.gt.sh.status" in hw1__1/eventstore/20241015/hw1.isone.ng.beachrose.scada-gridworks.event.gt.sh.status-1728973799920-ear.electricity.works.json
2026-08-25 16:08:46,663 | WARNING | Unknown message type "gridworks.event.gt.sh.status" in hw1__1/eventstore/20241015/hw1.isone.ng.beachrose.scada-gridworks.event.gt.sh.status-1728974099970-ear.electricity.works.json
2026-08-25 16:08:46,663 | WARNING | Unknown message type "gridworks.event.gt.sh.status" in hw1__1/eventstore/20241015/hw1.isone.ng.beachrose.scada-gridworks.event.gt.sh.status-1728974099970-ear.electricity.works.json
2026-08-25 16:08:46,663 | WARNING | Unknown message type "gridworks.event.gt.sh.status" in hw1__1/eventstore/20241015/hw1.isone.ng.beachrose.scada-gridworks.event.gt.sh.status-1728974400005-ear.electricity.works.json
2026-08-25 16:08:46,663 | WARNING | Unknown message type "gridworks.event.gt.sh.status" in hw1__1/eventstore/20241015/hw1.isone.ng.beachrose.scada-gridworks.event.gt.sh.status-1728974400005-ear.electricity.works.json
2026-08-25 16:08:46,663 | WARNING | Unknown message type "gridworks.event.gt.sh.status" in hw1__1/eventstore/20241015/hw1.isone.ng.beachrose.scada-gridworks.event.gt.sh.status-1728974700188-ear.electricity.works.json
2026-08-25 16:08:46,663 | WARNING | Unknown message type "gridworks.event.gt.sh.status" in hw1__1/eventstore/20241015/hw1.isone.ng.beachrose.scada-gridworks.event.gt.sh.status-1728974700188-ear.electricity.works.json
2026-08-25 16:08:46,663 | WARNING | Unknown message type "gridworks.event.gt.sh.status" in hw1__1/eventstore/20241015/hw1.isone.ng.beachrose.scada-gridworks.event.gt.sh.status-1728975000240-ear.electricity.works.json
2026-08-25 16:08:46,663 | WARNING | Unknown message type "gridworks.event.gt.sh.status" in hw1__1/eventstore/20241015/hw1.isone.ng.beachrose.scada-gridworks.event.gt.sh.status-1728975000240-ear.electricity.works.json
2026-08-25 16:08:46,663 | WARNING | Unknown message type "gridworks.event.gt.sh.status" in hw1__1/eventstore/20241015/hw1.isone.ng.beachrose.scada-gridworks.event.gt.sh.status-1728975300300-ear.electricity.works.json
2026-08-25 16:08:46,663 | WARNING | Unknown message type "gridworks.event.gt.sh.status" in hw1__1/eventstore/20241015/hw1.isone.ng.beachrose.scada-gridworks.event.gt.sh.status-1728975300300-ear.electricity.works.json
2026-08-25 16:08:46,663 | WARNING | Unknown message type "gridworks.event.gt.sh.status" in hw1__1/eventstore/20241015/hw1.isone.ng.beachrose.scada-gridworks.event.gt.sh.status-1728975600410-ear.electricity.works.json
2026-08-25 16:08:46,663 | WARNING | Unknown message type "gridworks.event.gt.sh.status" in hw1__1/eventstore/20241015/hw1.isone.ng.beachrose.scada-gridworks.event.gt.sh.status-1728975600410-ear.electricity.works.json
2026-08-25 16:08:46,663 | WARNING | Unknown message type "gridworks.event.gt.sh.status" in hw1__1/eventstore/20241015/hw1.isone.ng.beachrose.scada-gridworks.event.gt.sh.status-1728975900410-ear.electricity.works.json
2026-08-25 16:08:46,663 | WARNING | Unknown message type "gridworks.event.gt.sh.status" in hw1__1/eventstore/20241015/hw1.isone.ng.beachrose.scada-gridworks.event.gt.sh.status-1728975900410-ear.electricity.works.json
2026-08-25 16:08:46,663 | WARNING | Unknown message type "gridworks.event.gt.sh.status" in hw1__1/eventstore/20241015/hw1.isone.ng.beachrose.scada-gridworks.event.gt.sh.status-1728976200412-ear.electricity.works.json
2026-08-25 16:08:46,663 | WARNING | Unknown message type "gridworks.event.gt.sh.status" in hw1__1/eventstore/20241015/hw1.isone.ng.beachrose.scada-gridworks.event.gt.sh.status-1728976200412-ear.electricity.works.json
2026-08-25 16:08:46,663 | WARNING | Unknown message type "gridworks.event.gt.sh.status" in hw1__1/eventstore/20241015/hw1.isone.ng.beachrose.scada-gridworks.event.gt.sh.status-1728976500489-ear.electricity.works.json
2026-08-25 16:08:46,663 | WARNING | Unknown message type "gridworks.event.gt.sh.status" in hw1__1/eventstore/20241015/hw1.isone.ng.beachrose.scada-gridworks.event.gt.sh.status-1728976500489-ear.electricity.works.json
2026-08-25 16:08:46,663 | WARNING | Unknown message type "gridworks.event.gt.sh.status" in hw1__1/eventstore/20241015/hw1.isone.ng.beachrose.scada-gridworks.event.gt.sh.status-1728976800517-ear.electricity.works.json
2026-08-25 16:08:46,663 | WARNING | Unknown message type "gridworks.event.gt.sh.status" in hw1__1/eventstore/20241015/hw1.isone.ng.beachrose.scada-gridworks.event.gt.sh.status-1728976800517-ear.electricity.works.json
2026-08-25 16:08:46,663 | WARNING | Unknown message type "gridworks.event.gt.sh.status" in hw1__1/eventstore/20241015/hw1.isone.ng.beachrose.scada-gridworks.event.gt.sh.status-1728977100258-ear.electricity.works.json
2026-08-25 16:08:46,663 | WARNING | Unknown message type "gridworks.event.gt.sh.status" in hw1__1/eventstore/20241015/hw1.isone.ng.beachrose.scada-gridworks.event.gt.sh.status-1728977100258-ear.electricity.works.json
2026-08-25 16:08:46,663 | WARNING | Unknown message type "gridworks.event.gt.sh.status" in hw1__1/eventstore/20241015/hw1.isone.ng.beachrose.scada-gridworks.event.gt.sh.status-1728977400180-ear.electricity.works.json
2026-08-25 16:08:46,663 | WARNING | Unknown message type "gridworks.event.gt.sh.status" in hw1__1/eventstore/20241015/hw1.isone.ng.beachrose.scada-gridworks.event.gt.sh.status-1728977400180-ear.electricity.works.json
2026-08-25 16:08:46,663 | WARNING | Unknown message type "gridworks.event.gt.sh.status" in hw1__1/eventstore/20241015/hw1.isone.ng.beachrose.scada-gridworks.event.gt.sh.status-1728977700014-ear.electricity.works.json
2026-08-25 16:08:46,663 | WARNING | Unknown message type "gridworks.event.gt.sh.status" in hw1__1/eventstore/20241015/hw1.isone.ng.beachrose.scada-gridworks.event.gt.sh.status-1728977700014-ear.electricity.works.json
2026-08-25 16:08:46,663 | WARNING | Unknown message type "gridworks.event.gt.sh.status" in hw1__1/eventstore/20241015/hw1.isone.ng.beachrose.scada-gridworks.event.gt.sh.status-1728978000009-ear.electricity.works.json
2026-08-25 16:08:46,663 | WARNING | Unknown message type "gridworks.event.gt.sh.status" in hw1__1/eventstore/20241015/hw1.isone.ng.beachrose.scada-gridworks.event.gt.sh.status-1728978000009-ear.electricity.works.json
2026-08-25 16:08:46,663 | WARNING | Unknown message type "gridworks.event.gt.sh.status" in hw1__1/eventstore/20241015/hw1.isone.ng.beachrose.scada-gridworks.event.gt.sh.status-1728978300009-ear.electricity.works.json
2026-08-25 16:08:46,663 | WARNING | Unknown message type "gridworks.event.gt.sh.status" in hw1__1/eventstore/20241015/hw1.isone.ng.beachrose.scada-gridworks.event.gt.sh.status-1728978300009-ear.electricity.works.json
2026-08-25 16:08:46,663 | WARNING | Unknown message type "gridworks.event.gt.sh.status" in hw1__1/eventstore/20241015/hw1.isone.ng.beachrose.scada-gridworks.event.gt.sh.status-1728978600009-ear.electricity.works.json
2026-08-25 16:08:46,663 | WARNING | Unknown message type "gridworks.event.gt.sh.status" in hw1__1/eventstore/20241015/hw1.isone.ng.beachrose.scada-gridworks.event.gt.sh.status-1728978600009-ear.electricity.works.json
2026-08-25 16:08:46,664 | WARNING | Unknown message type "gridworks.event.gt.sh.status" in hw1__1/eventstore/20241015/hw1.isone.ng.beachrose.scada-gridworks.event.gt.sh.status-1728978900007-ear.electricity.works.json
2026-08-25 16:08:46,664 | WARNING | Unknown message type "gridworks.event.gt.sh.status" in hw1__1/eventstore/20241015/hw1.isone.ng.beachrose.scada-gridworks.event.gt.sh.status-1728978900007-ear.electricity.works.json
2026-08-25 16:08:46,664 | WARNING | Unknown message type "gridworks.event.gt.sh.status" in hw1__1/eventstore/20241015/hw1.isone.ng.beachrose.scada-gridworks.event.gt.sh.status-1728979200008-ear.electricity.works.json
2026-08-25 16:08:46,664 | WARNING | Unknown message type "gridworks.event.gt.sh.status" in hw1__1/eventstore/20241015/hw1.isone.ng.beachrose.scada-gridworks.event.gt.sh.status-1728979200008-ear.electricity.works.json
2026-08-25 16:08:46,664 | WARNING | Unknown message type "gridworks.event.gt.sh.status" in hw1__1/eventstore/20241015/hw1.isone.ng.beachrose.scada-gridworks.event.gt.sh.status-1728979500000-ear.electricity.works.json
2026-08-25 16:08:46,664 | WARNING | Unknown message type "gridworks.event.gt.sh.status" in hw1__1/eventstore/20241015/hw1.isone.ng.beachrose.scada-gridworks.event.gt.sh.status-1728979500000-ear.electricity.works.json
2026-08-25 16:08:46,664 | WARNING | Unknown message type "gridworks.event.gt.sh.status" in hw1__1/eventstore/20241015/hw1.isone.ng.beachrose.scada-gridworks.event.gt.sh.status-1728979799995-ear.electricity.works.json
2026-08-25 16:08:46,664 | WARNING | Unknown message type "gridworks.event.gt.sh.status" in hw1__1/eventstore/20241015/hw1.isone.ng.beachrose.scada-gridworks.event.gt.sh.status-1728979799995-ear.electricity.works.json
2026-08-25 16:08:46,664 | WARNING | Unknown message type "gridworks.event.gt.sh.status" in hw1__1/eventstore/20241015/hw1.isone.ng.beachrose.scada-gridworks.event.gt.sh.status-1728980100001-ear.electricity.works.json
2026-08-25 16:08:46,664 | WARNING | Unknown message type "gridworks.event.gt.sh.status" in hw1__1/eventstore/20241015/hw1.isone.ng.beachrose.scada-gridworks.event.gt.sh.status-1728980100001-ear.electricity.works.json
2026-08-25 16:08:46,664 | WARNING | Unknown message type "gridworks.event.gt.sh.status" in hw1__1/eventstore/20241015/hw1.isone.ng.beachrose.scada-gridworks.event.gt.sh.status-1728980400006-ear.electricity.works.json
2026-08-25 16:08:46,664 | WARNING | Unknown message type "gridworks.event.gt.sh.status" in hw1__1/eventstore/20241015/hw1.isone.ng.beachrose.scada-gridworks.event.gt.sh.status-1728980400006-ear.electricity.works.json
2026-08-25 16:08:46,664 | WARNING | Unknown message type "gridworks.event.gt.sh.status" in hw1__1/eventstore/20241015/hw1.isone.ng.beachrose.scada-gridworks.event.gt.sh.status-1728980700017-ear.electricity.works.json
2026-08-25 16:08:46,664 | WARNING | Unknown message type "gridworks.event.gt.sh.status" in hw1__1/eventstore/20241015/hw1.isone.ng.beachrose.scada-gridworks.event.gt.sh.status-1728980700017-ear.electricity.works.json
2026-08-25 16:08:46,664 | WARNING | Unknown message type "gridworks.event.gt.sh.status" in hw1__1/eventstore/20241015/hw1.isone.ng.beachrose.scada-gridworks.event.gt.sh.status-1728981000015-ear.electricity.works.json
2026-08-25 16:08:46,664 | WARNING | Unknown message type "gridworks.event.gt.sh.status" in hw1__1/eventstore/20241015/hw1.isone.ng.beachrose.scada-gridworks.event.gt.sh.status-1728981000015-ear.electricity.works.json
2026-08-25 16:08:46,664 | WARNING | Unknown message type "gridworks.event.gt.sh.status" in hw1__1/eventstore/20241015/hw1.isone.ng.beachrose.scada-gridworks.event.gt.sh.status-1728981300013-ear.electricity.works.json
2026-08-25 16:08:46,664 | WARNING | Unknown message type "gridworks.event.gt.sh.status" in hw1__1/eventstore/20241015/hw1.isone.ng.beachrose.scada-gridworks.event.gt.sh.status-1728981300013-ear.electricity.works.json
2026-08-25 16:08:46,664 | WARNING | Unknown message type "gridworks.event.gt.sh.status" in hw1__1/eventstore/20241015/hw1.isone.ng.beachrose.scada-gridworks.event.gt.sh.status-1728981600010-ear.electricity.works.json
2026-08-25 16:08:46,664 | WARNING | Unknown message type "gridworks.event.gt.sh.status" in hw1__1/eventstore/20241015/hw1.isone.ng.beachrose.scada-gridworks.event.gt.sh.status-1728981600010-ear.electricity.works.json
2026-08-25 16:08:46,664 | WARNING | Unknown message type "gridworks.event.gt.sh.status" in hw1__1/eventstore/20241015/hw1.isone.ng.beachrose.scada-gridworks.event.gt.sh.status-1728981900013-ear.electricity.works.json
2026-08-25 16:08:46,664 | WARNING | Unknown message type "gridworks.event.gt.sh.status" in hw1__1/eventstore/20241015/hw1.isone.ng.beachrose.scada-gridworks.event.gt.sh.status-1728981900013-ear.electricity.works.json
2026-08-25 16:08:46,664 | WARNING | Unknown message type "gridworks.event.gt.sh.status" in hw1__1/eventstore/20241015/hw1.isone.ng.beachrose.scada-gridworks.event.gt.sh.status-1728982200017-ear.electricity.works.json
2026-08-25 16:08:46,664 | WARNING | Unknown message type "gridworks.event.gt.sh.status" in hw1__1/eventstore/20241015/hw1.isone.ng.beachrose.scada-gridworks.event.gt.sh.status-1728982200017-ear.electricity.works.json
2026-08-25 16:08:46,664 | WARNING | Unknown message type "gridworks.event.gt.sh.status" in hw1__1/eventstore/20241015/hw1.isone.ng.beachrose.scada-gridworks.event.gt.sh.status-1728982500014-ear.electricity.works.json
2026-08-25 16:08:46,664 | WARNING | Unknown message type "gridworks.event.gt.sh.status" in hw1__1/eventstore/20241015/hw1.isone.ng.beachrose.scada-gridworks.event.gt.sh.status-1728982500014-ear.electricity.works.json
2026-08-25 16:08:46,664 | WARNING | Unknown message type "gridworks.event.gt.sh.status" in hw1__1/eventstore/20241015/hw1.isone.ng.beachrose.scada-gridworks.event.gt.sh.status-1728982800113-ear.electricity.works.json
2026-08-25 16:08:46,664 | WARNING | Unknown message type "gridworks.event.gt.sh.status" in hw1__1/eventstore/20241015/hw1.isone.ng.beachrose.scada-gridworks.event.gt.sh.status-1728982800113-ear.electricity.works.json
2026-08-25 16:08:46,664 | WARNING | Unknown message type "gridworks.event.gt.sh.status" in hw1__1/eventstore/20241015/hw1.isone.ng.beachrose.scada-gridworks.event.gt.sh.status-1728983100017-ear.electricity.works.json
2026-08-25 16:08:46,664 | WARNING | Unknown message type "gridworks.event.gt.sh.status" in hw1__1/eventstore/20241015/hw1.isone.ng.beachrose.scada-gridworks.event.gt.sh.status-1728983100017-ear.electricity.works.json
2026-08-25 16:08:46,664 | WARNING | Unknown message type "gridworks.event.gt.sh.status" in hw1__1/eventstore/20241015/hw1.isone.ng.beachrose.scada-gridworks.event.gt.sh.status-1728983400015-ear.electricity.works.json
2026-08-25 16:08:46,664 | WARNING | Unknown message type "gridworks.event.gt.sh.status" in hw1__1/eventstore/20241015/hw1.isone.ng.beachrose.scada-gridworks.event.gt.sh.status-1728983400015-ear.electricity.works.json
2026-08-25 16:08:46,664 | WARNING | Unknown message type "gridworks.event.gt.sh.status" in hw1__1/eventstore/20241015/hw1.isone.ng.beachrose.scada-gridworks.event.gt.sh.status-1728983700015-ear.electricity.works.json
2026-08-25 16:08:46,664 | WARNING | Unknown message type "gridworks.event.gt.sh.status" in hw1__1/eventstore/20241015/hw1.isone.ng.beachrose.scada-gridworks.event.gt.sh.status-1728983700015-ear.electricity.works.json
2026-08-25 16:08:46,664 | WARNING | Unknown message type "gridworks.event.gt.sh.status" in hw1__1/eventstore/20241015/hw1.isone.ng.beachrose.scada-gridworks.event.gt.sh.status-1728984000015-ear.electricity.works.json
2026-08-25 16:08:46,664 | WARNING | Unknown message type "gridworks.event.gt.sh.status" in hw1__1/eventstore/20241015/hw1.isone.ng.beachrose.scada-gridworks.event.gt.sh.status-1728984000015-ear.electricity.works.json
2026-08-25 16:08:46,664 | WARNING | Unknown message type "gridworks.event.gt.sh.status" in hw1__1/eventstore/20241015/hw1.isone.ng.beachrose.scada-gridworks.event.gt.sh.status-1728984300126-ear.electricity.works.json
2026-08-25 16:08:46,664 | WARNING | Unknown message type "gridworks.event.gt.sh.status" in hw1__1/eventstore/20241015/hw1.isone.ng.beachrose.scada-gridworks.event.gt.sh.status-1728984300126-ear.electricity.works.json
2026-08-25 16:08:46,664 | WARNING | Unknown message type "gridworks.event.gt.sh.status" in hw1__1/eventstore/20241015/hw1.isone.ng.beachrose.scada-gridworks.event.gt.sh.status-1728984600017-ear.electricity.works.json
2026-08-25 16:08:46,664 | WARNING | Unknown message type "gridworks.event.gt.sh.status" in hw1__1/eventstore/20241015/hw1.isone.ng.beachrose.scada-gridworks.event.gt.sh.status-1728984600017-ear.electricity.works.json
2026-08-25 16:08:46,664 | WARNING | Unknown message type "gridworks.event.gt.sh.status" in hw1__1/eventstore/20241015/hw1.isone.ng.beachrose.scada-gridworks.event.gt.sh.status-1728984900118-ear.electricity.works.json
2026-08-25 16:08:46,664 | WARNING | Unknown message type "gridworks.event.gt.sh.status" in hw1__1/eventstore/20241015/hw1.isone.ng.beachrose.scada-gridworks.event.gt.sh.status-1728984900118-ear.electricity.works.json
2026-08-25 16:08:46,664 | WARNING | Unknown message type "gridworks.event.gt.sh.status" in hw1__1/eventstore/20241015/hw1.isone.ng.beachrose.scada-gridworks.event.gt.sh.status-1728985200017-ear.electricity.works.json
2026-08-25 16:08:46,664 | WARNING | Unknown message type "gridworks.event.gt.sh.status" in hw1__1/eventstore/20241015/hw1.isone.ng.beachrose.scada-gridworks.event.gt.sh.status-1728985200017-ear.electricity.works.json
2026-08-25 16:08:46,664 | WARNING | Unknown message type "gridworks.event.gt.sh.status" in hw1__1/eventstore/20241015/hw1.isone.ng.beachrose.scada-gridworks.event.gt.sh.status-1728985500154-ear.electricity.works.json
2026-08-25 16:08:46,664 | WARNING | Unknown message type "gridworks.event.gt.sh.status" in hw1__1/eventstore/20241015/hw1.isone.ng.beachrose.scada-gridworks.event.gt.sh.status-1728985500154-ear.electricity.works.json
2026-08-25 16:08:46,664 | WARNING | Unknown message type "gridworks.event.gt.sh.status" in hw1__1/eventstore/20241015/hw1.isone.ng.beachrose.scada-gridworks.event.gt.sh.status-1728985800018-ear.electricity.works.json
2026-08-25 16:08:46,664 | WARNING | Unknown message type "gridworks.event.gt.sh.status" in hw1__1/eventstore/20241015/hw1.isone.ng.beachrose.scada-gridworks.event.gt.sh.status-1728985800018-ear.electricity.works.json
2026-08-25 16:08:46,664 | WARNING | Unknown message type "gridworks.event.gt.sh.status" in hw1__1/eventstore/20241015/hw1.isone.ng.beachrose.scada-gridworks.event.gt.sh.status-1728986100017-ear.electricity.works.json
2026-08-25 16:08:46,664 | WARNING | Unknown message type "gridworks.event.gt.sh.status" in hw1__1/eventstore/20241015/hw1.isone.ng.beachrose.scada-gridworks.event.gt.sh.status-1728986100017-ear.electricity.works.json
2026-08-25 16:08:46,664 | WARNING | Unknown message type "gridworks.event.gt.sh.status" in hw1__1/eventstore/20241015/hw1.isone.ng.beachrose.scada-gridworks.event.gt.sh.status-1728986400018-ear.electricity.works.json
2026-08-25 16:08:46,664 | WARNING | Unknown message type "gridworks.event.gt.sh.status" in hw1__1/eventstore/20241015/hw1.isone.ng.beachrose.scada-gridworks.event.gt.sh.status-1728986400018-ear.electricity.works.json
2026-08-25 16:08:46,664 | WARNING | Unknown message type "gridworks.event.gt.sh.status" in hw1__1/eventstore/20241015/hw1.isone.ng.beachrose.scada-gridworks.event.gt.sh.status-1728986700114-ear.electricity.works.json
2026-08-25 16:08:46,664 | WARNING | Unknown message type "gridworks.event.gt.sh.status" in hw1__1/eventstore/20241015/hw1.isone.ng.beachrose.scada-gridworks.event.gt.sh.status-1728986700114-ear.electricity.works.json
2026-08-25 16:08:46,664 | WARNING | Unknown message type "gridworks.event.gt.sh.status" in hw1__1/eventstore/20241015/hw1.isone.ng.beachrose.scada-gridworks.event.gt.sh.status-1728987000135-ear.electricity.works.json
2026-08-25 16:08:46,664 | WARNING | Unknown message type "gridworks.event.gt.sh.status" in hw1__1/eventstore/20241015/hw1.isone.ng.beachrose.scada-gridworks.event.gt.sh.status-1728987000135-ear.electricity.works.json
2026-08-25 16:08:46,664 | WARNING | Unknown message type "gridworks.event.gt.sh.status" in hw1__1/eventstore/20241015/hw1.isone.ng.beachrose.scada-gridworks.event.gt.sh.status-1728987300057-ear.electricity.works.json
2026-08-25 16:08:46,664 | WARNING | Unknown message type "gridworks.event.gt.sh.status" in hw1__1/eventstore/20241015/hw1.isone.ng.beachrose.scada-gridworks.event.gt.sh.status-1728987300057-ear.electricity.works.json
2026-08-25 16:08:46,664 | WARNING | Unknown message type "gridworks.event.gt.sh.status" in hw1__1/eventstore/20241015/hw1.isone.ng.beachrose.scada-gridworks.event.gt.sh.status-1728987600121-ear.electricity.works.json
2026-08-25 16:08:46,664 | WARNING | Unknown message type "gridworks.event.gt.sh.status" in hw1__1/eventstore/20241015/hw1.isone.ng.beachrose.scada-gridworks.event.gt.sh.status-1728987600121-ear.electricity.works.json
2026-08-25 16:08:46,664 | WARNING | Unknown message type "gridworks.event.gt.sh.status" in hw1__1/eventstore/20241015/hw1.isone.ng.beachrose.scada-gridworks.event.gt.sh.status-1728987900047-ear.electricity.works.json
2026-08-25 16:08:46,664 | WARNING | Unknown message type "gridworks.event.gt.sh.status" in hw1__1/eventstore/20241015/hw1.isone.ng.beachrose.scada-gridworks.event.gt.sh.status-1728987900047-ear.electricity.works.json
2026-08-25 16:08:46,664 | WARNING | Unknown message type "gridworks.event.gt.sh.status" in hw1__1/eventstore/20241015/hw1.isone.ng.beachrose.scada-gridworks.event.gt.sh.status-1728988200151-ear.electricity.works.json
2026-08-25 16:08:46,664 | WARNING | Unknown message type "gridworks.event.gt.sh.status" in hw1__1/eventstore/20241015/hw1.isone.ng.beachrose.scada-gridworks.event.gt.sh.status-1728988200151-ear.electricity.works.json
2026-08-25 16:08:46,664 | WARNING | Unknown message type "gridworks.event.gt.sh.status" in hw1__1/eventstore/20241015/hw1.isone.ng.beachrose.scada-gridworks.event.gt.sh.status-1728988500118-ear.electricity.works.json
2026-08-25 16:08:46,664 | WARNING | Unknown message type "gridworks.event.gt.sh.status" in hw1__1/eventstore/20241015/hw1.isone.ng.beachrose.scada-gridworks.event.gt.sh.status-1728988500118-ear.electricity.works.json
2026-08-25 16:08:46,664 | WARNING | Unknown message type "gridworks.event.gt.sh.status" in hw1__1/eventstore/20241015/hw1.isone.ng.beachrose.scada-gridworks.event.gt.sh.status-1728988800125-ear.electricity.works.json
2026-08-25 16:08:46,664 | WARNING | Unknown message type "gridworks.event.gt.sh.status" in hw1__1/eventstore/20241015/hw1.isone.ng.beachrose.scada-gridworks.event.gt.sh.status-1728988800125-ear.electricity.works.json
2026-08-25 16:08:46,664 | WARNING | Unknown message type "gridworks.event.gt.sh.status" in hw1__1/eventstore/20241015/hw1.isone.ng.beachrose.scada-gridworks.event.gt.sh.status-1728989100077-ear.electricity.works.json
2026-08-25 16:08:46,664 | WARNING | Unknown message type "gridworks.event.gt.sh.status" in hw1__1/eventstore/20241015/hw1.isone.ng.beachrose.scada-gridworks.event.gt.sh.status-1728989100077-ear.electricity.works.json
2026-08-25 16:08:46,664 | WARNING | Unknown message type "gridworks.event.gt.sh.status" in hw1__1/eventstore/20241015/hw1.isone.ng.beachrose.scada-gridworks.event.gt.sh.status-1728989400140-ear.electricity.works.json
2026-08-25 16:08:46,664 | WARNING | Unknown message type "gridworks.event.gt.sh.status" in hw1__1/eventstore/20241015/hw1.isone.ng.beachrose.scada-gridworks.event.gt.sh.status-1728989400140-ear.electricity.works.json
2026-08-25 16:08:46,664 | WARNING | Unknown message type "gridworks.event.gt.sh.status" in hw1__1/eventstore/20241015/hw1.isone.ng.beachrose.scada-gridworks.event.gt.sh.status-1728989700120-ear.electricity.works.json
2026-08-25 16:08:46,664 | WARNING | Unknown message type "gridworks.event.gt.sh.status" in hw1__1/eventstore/20241015/hw1.isone.ng.beachrose.scada-gridworks.event.gt.sh.status-1728989700120-ear.electricity.works.json
2026-08-25 16:08:46,664 | WARNING | Unknown message type "gridworks.event.gt.sh.status" in hw1__1/eventstore/20241015/hw1.isone.ng.beachrose.scada-gridworks.event.gt.sh.status-1728990000114-ear.electricity.works.json
2026-08-25 16:08:46,664 | WARNING | Unknown message type "gridworks.event.gt.sh.status" in hw1__1/eventstore/20241015/hw1.isone.ng.beachrose.scada-gridworks.event.gt.sh.status-1728990000114-ear.electricity.works.json
2026-08-25 16:08:46,664 | WARNING | Unknown message type "gridworks.event.gt.sh.status" in hw1__1/eventstore/20241015/hw1.isone.ng.beachrose.scada-gridworks.event.gt.sh.status-1728990300121-ear.electricity.works.json
2026-08-25 16:08:46,664 | WARNING | Unknown message type "gridworks.event.gt.sh.status" in hw1__1/eventstore/20241015/hw1.isone.ng.beachrose.scada-gridworks.event.gt.sh.status-1728990300121-ear.electricity.works.json
2026-08-25 16:08:46,664 | WARNING | Unknown message type "gridworks.event.gt.sh.status" in hw1__1/eventstore/20241015/hw1.isone.ng.beachrose.scada-gridworks.event.gt.sh.status-1728990600113-ear.electricity.works.json
2026-08-25 16:08:46,664 | WARNING | Unknown message type "gridworks.event.gt.sh.status" in hw1__1/eventstore/20241015/hw1.isone.ng.beachrose.scada-gridworks.event.gt.sh.status-1728990600113-ear.electricity.works.json
2026-08-25 16:08:46,664 | WARNING | Unknown message type "gridworks.event.gt.sh.status" in hw1__1/eventstore/20241015/hw1.isone.ng.beachrose.scada-gridworks.event.gt.sh.status-1728990900019-ear.electricity.works.json
2026-08-25 16:08:46,664 | WARNING | Unknown message type "gridworks.event.gt.sh.status" in hw1__1/eventstore/20241015/hw1.isone.ng.beachrose.scada-gridworks.event.gt.sh.status-1728990900019-ear.electricity.works.json
2026-08-25 16:08:46,664 | WARNING | Unknown message type "gridworks.event.gt.sh.status" in hw1__1/eventstore/20241015/hw1.isone.ng.beachrose.scada-gridworks.event.gt.sh.status-1728991200135-ear.electricity.works.json
2026-08-25 16:08:46,664 | WARNING | Unknown message type "gridworks.event.gt.sh.status" in hw1__1/eventstore/20241015/hw1.isone.ng.beachrose.scada-gridworks.event.gt.sh.status-1728991200135-ear.electricity.works.json
2026-08-25 16:08:46,664 | WARNING | Unknown message type "gridworks.event.gt.sh.status" in hw1__1/eventstore/20241015/hw1.isone.ng.beachrose.scada-gridworks.event.gt.sh.status-1728991500019-ear.electricity.works.json
2026-08-25 16:08:46,664 | WARNING | Unknown message type "gridworks.event.gt.sh.status" in hw1__1/eventstore/20241015/hw1.isone.ng.beachrose.scada-gridworks.event.gt.sh.status-1728991500019-ear.electricity.works.json
2026-08-25 16:08:46,664 | WARNING | Unknown message type "gridworks.event.gt.sh.status" in hw1__1/eventstore/20241015/hw1.isone.ng.beachrose.scada-gridworks.event.gt.sh.status-1728991800133-ear.electricity.works.json
2026-08-25 16:08:46,664 | WARNING | Unknown message type "gridworks.event.gt.sh.status" in hw1__1/eventstore/20241015/hw1.isone.ng.beachrose.scada-gridworks.event.gt.sh.status-1728991800133-ear.electricity.works.json
2026-08-25 16:08:46,664 | WARNING | Unknown message type "gridworks.event.gt.sh.status" in hw1__1/eventstore/20241015/hw1.isone.ng.beachrose.scada-gridworks.event.gt.sh.status-1728992100019-ear.electricity.works.json
2026-08-25 16:08:46,664 | WARNING | Unknown message type "gridworks.event.gt.sh.status" in hw1__1/eventstore/20241015/hw1.isone.ng.beachrose.scada-gridworks.event.gt.sh.status-1728992100019-ear.electricity.works.json
2026-08-25 16:08:46,664 | WARNING | Unknown message type "gridworks.event.gt.sh.status" in hw1__1/eventstore/20241015/hw1.isone.ng.beachrose.scada-gridworks.event.gt.sh.status-1728992400210-ear.electricity.works.json
2026-08-25 16:08:46,664 | WARNING | Unknown message type "gridworks.event.gt.sh.status" in hw1__1/eventstore/20241015/hw1.isone.ng.beachrose.scada-gridworks.event.gt.sh.status-1728992400210-ear.electricity.works.json
2026-08-25 16:08:46,664 | WARNING | Unknown message type "gridworks.event.gt.sh.status" in hw1__1/eventstore/20241015/hw1.isone.ng.beachrose.scada-gridworks.event.gt.sh.status-1728992700021-ear.electricity.works.json
2026-08-25 16:08:46,664 | WARNING | Unknown message type "gridworks.event.gt.sh.status" in hw1__1/eventstore/20241015/hw1.isone.ng.beachrose.scada-gridworks.event.gt.sh.status-1728992700021-ear.electricity.works.json
2026-08-25 16:08:46,664 | WARNING | Unknown message type "gridworks.event.gt.sh.status" in hw1__1/eventstore/20241015/hw1.isone.ng.beachrose.scada-gridworks.event.gt.sh.status-1728993000185-ear.electricity.works.json
2026-08-25 16:08:46,664 | WARNING | Unknown message type "gridworks.event.gt.sh.status" in hw1__1/eventstore/20241015/hw1.isone.ng.beachrose.scada-gridworks.event.gt.sh.status-1728993000185-ear.electricity.works.json
2026-08-25 16:08:46,664 | WARNING | Unknown message type "gridworks.event.gt.sh.status" in hw1__1/eventstore/20241015/hw1.isone.ng.beachrose.scada-gridworks.event.gt.sh.status-1728993300020-ear.electricity.works.json
2026-08-25 16:08:46,664 | WARNING | Unknown message type "gridworks.event.gt.sh.status" in hw1__1/eventstore/20241015/hw1.isone.ng.beachrose.scada-gridworks.event.gt.sh.status-1728993300020-ear.electricity.works.json
2026-08-25 16:08:46,664 | WARNING | Unknown message type "gridworks.event.gt.sh.status" in hw1__1/eventstore/20241015/hw1.isone.ng.beachrose.scada-gridworks.event.gt.sh.status-1728993600163-ear.electricity.works.json
2026-08-25 16:08:46,664 | WARNING | Unknown message type "gridworks.event.gt.sh.status" in hw1__1/eventstore/20241015/hw1.isone.ng.beachrose.scada-gridworks.event.gt.sh.status-1728993600163-ear.electricity.works.json
2026-08-25 16:08:46,664 | WARNING | Unknown message type "gridworks.event.gt.sh.status" in hw1__1/eventstore/20241015/hw1.isone.ng.beachrose.scada-gridworks.event.gt.sh.status-1728993900017-ear.electricity.works.json
2026-08-25 16:08:46,664 | WARNING | Unknown message type "gridworks.event.gt.sh.status" in hw1__1/eventstore/20241015/hw1.isone.ng.beachrose.scada-gridworks.event.gt.sh.status-1728993900017-ear.electricity.works.json
2026-08-25 16:08:46,664 | WARNING | Unknown message type "gridworks.event.gt.sh.status" in hw1__1/eventstore/20241015/hw1.isone.ng.beachrose.scada-gridworks.event.gt.sh.status-1728994200016-ear.electricity.works.json
2026-08-25 16:08:46,664 | WARNING | Unknown message type "gridworks.event.gt.sh.status" in hw1__1/eventstore/20241015/hw1.isone.ng.beachrose.scada-gridworks.event.gt.sh.status-1728994200016-ear.electricity.works.json
2026-08-25 16:08:46,664 | WARNING | Unknown message type "gridworks.event.gt.sh.status" in hw1__1/eventstore/20241015/hw1.isone.ng.beachrose.scada-gridworks.event.gt.sh.status-1728994500018-ear.electricity.works.json
2026-08-25 16:08:46,664 | WARNING | Unknown message type "gridworks.event.gt.sh.status" in hw1__1/eventstore/20241015/hw1.isone.ng.beachrose.scada-gridworks.event.gt.sh.status-1728994500018-ear.electricity.works.json
2026-08-25 16:08:46,664 | WARNING | Unknown message type "gridworks.event.gt.sh.status" in hw1__1/eventstore/20241015/hw1.isone.ng.beachrose.scada-gridworks.event.gt.sh.status-1728994800157-ear.electricity.works.json
2026-08-25 16:08:46,664 | WARNING | Unknown message type "gridworks.event.gt.sh.status" in hw1__1/eventstore/20241015/hw1.isone.ng.beachrose.scada-gridworks.event.gt.sh.status-1728994800157-ear.electricity.works.json
2026-08-25 16:08:46,664 | WARNING | Unknown message type "gridworks.event.gt.sh.status" in hw1__1/eventstore/20241015/hw1.isone.ng.beachrose.scada-gridworks.event.gt.sh.status-1728995100120-ear.electricity.works.json
2026-08-25 16:08:46,664 | WARNING | Unknown message type "gridworks.event.gt.sh.status" in hw1__1/eventstore/20241015/hw1.isone.ng.beachrose.scada-gridworks.event.gt.sh.status-1728995100120-ear.electricity.works.json
2026-08-25 16:08:46,664 | WARNING | Unknown message type "gridworks.event.gt.sh.status" in hw1__1/eventstore/20241015/hw1.isone.ng.beachrose.scada-gridworks.event.gt.sh.status-1728995400155-ear.electricity.works.json
2026-08-25 16:08:46,664 | WARNING | Unknown message type "gridworks.event.gt.sh.status" in hw1__1/eventstore/20241015/hw1.isone.ng.beachrose.scada-gridworks.event.gt.sh.status-1728995400155-ear.electricity.works.json
2026-08-25 16:08:46,665 | WARNING | Unknown message type "gridworks.event.gt.sh.status" in hw1__1/eventstore/20241015/hw1.isone.ng.beachrose.scada-gridworks.event.gt.sh.status-1728995700180-ear.electricity.works.json
2026-08-25 16:08:46,665 | WARNING | Unknown message type "gridworks.event.gt.sh.status" in hw1__1/eventstore/20241015/hw1.isone.ng.beachrose.scada-gridworks.event.gt.sh.status-1728995700180-ear.electricity.works.json
2026-08-25 16:08:46,665 | WARNING | Unknown message type "gridworks.event.gt.sh.status" in hw1__1/eventstore/20241015/hw1.isone.ng.beachrose.scada-gridworks.event.gt.sh.status-1728996000020-ear.electricity.works.json
2026-08-25 16:08:46,665 | WARNING | Unknown message type "gridworks.event.gt.sh.status" in hw1__1/eventstore/20241015/hw1.isone.ng.beachrose.scada-gridworks.event.gt.sh.status-1728996000020-ear.electricity.works.json
2026-08-25 16:08:46,665 | WARNING | Unknown message type "gridworks.event.gt.sh.status" in hw1__1/eventstore/20241015/hw1.isone.ng.beachrose.scada-gridworks.event.gt.sh.status-1728996300139-ear.electricity.works.json
2026-08-25 16:08:46,665 | WARNING | Unknown message type "gridworks.event.gt.sh.status" in hw1__1/eventstore/20241015/hw1.isone.ng.beachrose.scada-gridworks.event.gt.sh.status-1728996300139-ear.electricity.works.json
2026-08-25 16:08:46,665 | WARNING | Unknown message type "gridworks.event.gt.sh.status" in hw1__1/eventstore/20241015/hw1.isone.ng.beachrose.scada-gridworks.event.gt.sh.status-1728996600021-ear.electricity.works.json
2026-08-25 16:08:46,665 | WARNING | Unknown message type "gridworks.event.gt.sh.status" in hw1__1/eventstore/20241015/hw1.isone.ng.beachrose.scada-gridworks.event.gt.sh.status-1728996600021-ear.electricity.works.json
2026-08-25 16:08:46,665 | WARNING | Unknown message type "gridworks.event.gt.sh.status" in hw1__1/eventstore/20241015/hw1.isone.ng.beachrose.scada-gridworks.event.gt.sh.status-1728996900118-ear.electricity.works.json
2026-08-25 16:08:46,665 | WARNING | Unknown message type "gridworks.event.gt.sh.status" in hw1__1/eventstore/20241015/hw1.isone.ng.beachrose.scada-gridworks.event.gt.sh.status-1728996900118-ear.electricity.works.json
2026-08-25 16:08:46,665 | WARNING | Unknown message type "gridworks.event.gt.sh.status" in hw1__1/eventstore/20241015/hw1.isone.ng.beachrose.scada-gridworks.event.gt.sh.status-1728997200020-ear.electricity.works.json
2026-08-25 16:08:46,665 | WARNING | Unknown message type "gridworks.event.gt.sh.status" in hw1__1/eventstore/20241015/hw1.isone.ng.beachrose.scada-gridworks.event.gt.sh.status-1728997200020-ear.electricity.works.json
2026-08-25 16:08:46,665 | WARNING | Unknown message type "gridworks.event.gt.sh.status" in hw1__1/eventstore/20241015/hw1.isone.ng.beachrose.scada-gridworks.event.gt.sh.status-1728997500159-ear.electricity.works.json
2026-08-25 16:08:46,665 | WARNING | Unknown message type "gridworks.event.gt.sh.status" in hw1__1/eventstore/20241015/hw1.isone.ng.beachrose.scada-gridworks.event.gt.sh.status-1728997500159-ear.electricity.works.json
2026-08-25 16:08:46,665 | WARNING | Unknown message type "gridworks.event.gt.sh.status" in hw1__1/eventstore/20241015/hw1.isone.ng.beachrose.scada-gridworks.event.gt.sh.status-1728997800020-ear.electricity.works.json
2026-08-25 16:08:46,665 | WARNING | Unknown message type "gridworks.event.gt.sh.status" in hw1__1/eventstore/20241015/hw1.isone.ng.beachrose.scada-gridworks.event.gt.sh.status-1728997800020-ear.electricity.works.json
2026-08-25 16:08:46,665 | WARNING | Unknown message type "gridworks.event.gt.sh.status" in hw1__1/eventstore/20241015/hw1.isone.ng.beachrose.scada-gridworks.event.gt.sh.status-1728998100117-ear.electricity.works.json
2026-08-25 16:08:46,665 | WARNING | Unknown message type "gridworks.event.gt.sh.status" in hw1__1/eventstore/20241015/hw1.isone.ng.beachrose.scada-gridworks.event.gt.sh.status-1728998100117-ear.electricity.works.json
2026-08-25 16:08:46,665 | WARNING | Unknown message type "gridworks.event.gt.sh.status" in hw1__1/eventstore/20241015/hw1.isone.ng.beachrose.scada-gridworks.event.gt.sh.status-1728998400130-ear.electricity.works.json
2026-08-25 16:08:46,665 | WARNING | Unknown message type "gridworks.event.gt.sh.status" in hw1__1/eventstore/20241015/hw1.isone.ng.beachrose.scada-gridworks.event.gt.sh.status-1728998400130-ear.electricity.works.json
2026-08-25 16:08:46,665 | WARNING | Unknown message type "gridworks.event.gt.sh.status" in hw1__1/eventstore/20241015/hw1.isone.ng.beachrose.scada-gridworks.event.gt.sh.status-1728998700125-ear.electricity.works.json
2026-08-25 16:08:46,665 | WARNING | Unknown message type "gridworks.event.gt.sh.status" in hw1__1/eventstore/20241015/hw1.isone.ng.beachrose.scada-gridworks.event.gt.sh.status-1728998700125-ear.electricity.works.json
2026-08-25 16:08:46,665 | WARNING | Unknown message type "gridworks.event.gt.sh.status" in hw1__1/eventstore/20241015/hw1.isone.ng.beachrose.scada-gridworks.event.gt.sh.status-1728999000179-ear.electricity.works.json
2026-08-25 16:08:46,665 | WARNING | Unknown message type "gridworks.event.gt.sh.status" in hw1__1/eventstore/20241015/hw1.isone.ng.beachrose.scada-gridworks.event.gt.sh.status-1728999000179-ear.electricity.works.json
2026-08-25 16:08:46,665 | WARNING | Unknown message type "gridworks.event.gt.sh.status" in hw1__1/eventstore/20241015/hw1.isone.ng.beachrose.scada-gridworks.event.gt.sh.status-1728999300143-ear.electricity.works.json
2026-08-25 16:08:46,665 | WARNING | Unknown message type "gridworks.event.gt.sh.status" in hw1__1/eventstore/20241015/hw1.isone.ng.beachrose.scada-gridworks.event.gt.sh.status-1728999300143-ear.electricity.works.json
2026-08-25 16:08:46,665 | WARNING | Unknown message type "gridworks.event.gt.sh.status" in hw1__1/eventstore/20241015/hw1.isone.ng.beachrose.scada-gridworks.event.gt.sh.status-1728999600023-ear.electricity.works.json
2026-08-25 16:08:46,665 | WARNING | Unknown message type "gridworks.event.gt.sh.status" in hw1__1/eventstore/20241015/hw1.isone.ng.beachrose.scada-gridworks.event.gt.sh.status-1728999600023-ear.electricity.works.json
2026-08-25 16:08:46,665 | WARNING | Unknown message type "gridworks.event.gt.sh.status" in hw1__1/eventstore/20241015/hw1.isone.ng.beachrose.scada-gridworks.event.gt.sh.status-1728999900134-ear.electricity.works.json
2026-08-25 16:08:46,665 | WARNING | Unknown message type "gridworks.event.gt.sh.status" in hw1__1/eventstore/20241015/hw1.isone.ng.beachrose.scada-gridworks.event.gt.sh.status-1728999900134-ear.electricity.works.json
2026-08-25 16:08:46,665 | WARNING | Unknown message type "gridworks.event.gt.sh.status" in hw1__1/eventstore/20241015/hw1.isone.ng.beachrose.scada-gridworks.event.gt.sh.status-1729000200137-ear.electricity.works.json
2026-08-25 16:08:46,665 | WARNING | Unknown message type "gridworks.event.gt.sh.status" in hw1__1/eventstore/20241015/hw1.isone.ng.beachrose.scada-gridworks.event.gt.sh.status-1729000200137-ear.electricity.works.json
2026-08-25 16:08:46,665 | WARNING | Unknown message type "gridworks.event.gt.sh.status" in hw1__1/eventstore/20241015/hw1.isone.ng.beachrose.scada-gridworks.event.gt.sh.status-1729000500129-ear.electricity.works.json
2026-08-25 16:08:46,665 | WARNING | Unknown message type "gridworks.event.gt.sh.status" in hw1__1/eventstore/20241015/hw1.isone.ng.beachrose.scada-gridworks.event.gt.sh.status-1729000500129-ear.electricity.works.json
2026-08-25 16:08:46,665 | WARNING | Unknown message type "gridworks.event.gt.sh.status" in hw1__1/eventstore/20241015/hw1.isone.ng.beachrose.scada-gridworks.event.gt.sh.status-1729000800021-ear.electricity.works.json
2026-08-25 16:08:46,665 | WARNING | Unknown message type "gridworks.event.gt.sh.status" in hw1__1/eventstore/20241015/hw1.isone.ng.beachrose.scada-gridworks.event.gt.sh.status-1729000800021-ear.electricity.works.json
2026-08-25 16:08:46,665 | WARNING | Unknown message type "gridworks.event.gt.sh.status" in hw1__1/eventstore/20241015/hw1.isone.ng.beachrose.scada-gridworks.event.gt.sh.status-1729001100121-ear.electricity.works.json
2026-08-25 16:08:46,665 | WARNING | Unknown message type "gridworks.event.gt.sh.status" in hw1__1/eventstore/20241015/hw1.isone.ng.beachrose.scada-gridworks.event.gt.sh.status-1729001100121-ear.electricity.works.json
2026-08-25 16:08:46,665 | WARNING | Unknown message type "gridworks.event.gt.sh.status" in hw1__1/eventstore/20241015/hw1.isone.ng.beachrose.scada-gridworks.event.gt.sh.status-1729001400166-ear.electricity.works.json
2026-08-25 16:08:46,665 | WARNING | Unknown message type "gridworks.event.gt.sh.status" in hw1__1/eventstore/20241015/hw1.isone.ng.beachrose.scada-gridworks.event.gt.sh.status-1729001400166-ear.electricity.works.json
2026-08-25 16:08:46,665 | WARNING | Unknown message type "gridworks.event.gt.sh.status" in hw1__1/eventstore/20241015/hw1.isone.ng.beachrose.scada-gridworks.event.gt.sh.status-1729001700019-ear.electricity.works.json
2026-08-25 16:08:46,665 | WARNING | Unknown message type "gridworks.event.gt.sh.status" in hw1__1/eventstore/20241015/hw1.isone.ng.beachrose.scada-gridworks.event.gt.sh.status-1729001700019-ear.electricity.works.json
2026-08-25 16:08:46,665 | WARNING | Unknown message type "gridworks.event.gt.sh.status" in hw1__1/eventstore/20241015/hw1.isone.ng.beachrose.scada-gridworks.event.gt.sh.status-1729002000021-ear.electricity.works.json
2026-08-25 16:08:46,665 | WARNING | Unknown message type "gridworks.event.gt.sh.status" in hw1__1/eventstore/20241015/hw1.isone.ng.beachrose.scada-gridworks.event.gt.sh.status-1729002000021-ear.electricity.works.json
2026-08-25 16:08:46,665 | WARNING | Unknown message type "gridworks.event.gt.sh.status" in hw1__1/eventstore/20241015/hw1.isone.ng.beachrose.scada-gridworks.event.gt.sh.status-1729002300207-ear.electricity.works.json
2026-08-25 16:08:46,665 | WARNING | Unknown message type "gridworks.event.gt.sh.status" in hw1__1/eventstore/20241015/hw1.isone.ng.beachrose.scada-gridworks.event.gt.sh.status-1729002300207-ear.electricity.works.json
2026-08-25 16:08:46,665 | WARNING | Unknown message type "gridworks.event.gt.sh.status" in hw1__1/eventstore/20241015/hw1.isone.ng.beachrose.scada-gridworks.event.gt.sh.status-1729002600160-ear.electricity.works.json
2026-08-25 16:08:46,665 | WARNING | Unknown message type "gridworks.event.gt.sh.status" in hw1__1/eventstore/20241015/hw1.isone.ng.beachrose.scada-gridworks.event.gt.sh.status-1729002600160-ear.electricity.works.json
2026-08-25 16:08:46,665 | WARNING | Unknown message type "gridworks.event.gt.sh.status" in hw1__1/eventstore/20241015/hw1.isone.ng.beachrose.scada-gridworks.event.gt.sh.status-1729002900021-ear.electricity.works.json
2026-08-25 16:08:46,665 | WARNING | Unknown message type "gridworks.event.gt.sh.status" in hw1__1/eventstore/20241015/hw1.isone.ng.beachrose.scada-gridworks.event.gt.sh.status-1729002900021-ear.electricity.works.json
2026-08-25 16:08:46,665 | WARNING | Unknown message type "gridworks.event.gt.sh.status" in hw1__1/eventstore/20241015/hw1.isone.ng.beachrose.scada-gridworks.event.gt.sh.status-1729003200139-ear.electricity.works.json
2026-08-25 16:08:46,665 | WARNING | Unknown message type "gridworks.event.gt.sh.status" in hw1__1/eventstore/20241015/hw1.isone.ng.beachrose.scada-gridworks.event.gt.sh.status-1729003200139-ear.electricity.works.json
2026-08-25 16:08:46,665 | WARNING | Unknown message type "gridworks.event.gt.sh.status" in hw1__1/eventstore/20241015/hw1.isone.ng.beachrose.scada-gridworks.event.gt.sh.status-1729003500123-ear.electricity.works.json
2026-08-25 16:08:46,665 | WARNING | Unknown message type "gridworks.event.gt.sh.status" in hw1__1/eventstore/20241015/hw1.isone.ng.beachrose.scada-gridworks.event.gt.sh.status-1729003500123-ear.electricity.works.json
2026-08-25 16:08:46,665 | WARNING | Unknown message type "gridworks.event.gt.sh.status" in hw1__1/eventstore/20241015/hw1.isone.ng.beachrose.scada-gridworks.event.gt.sh.status-1729003800141-ear.electricity.works.json
2026-08-25 16:08:46,665 | WARNING | Unknown message type "gridworks.event.gt.sh.status" in hw1__1/eventstore/20241015/hw1.isone.ng.beachrose.scada-gridworks.event.gt.sh.status-1729003800141-ear.electricity.works.json
2026-08-25 16:08:46,665 | WARNING | Unknown message type "gridworks.event.gt.sh.status" in hw1__1/eventstore/20241015/hw1.isone.ng.beachrose.scada-gridworks.event.gt.sh.status-1729004100142-ear.electricity.works.json
2026-08-25 16:08:46,665 | WARNING | Unknown message type "gridworks.event.gt.sh.status" in hw1__1/eventstore/20241015/hw1.isone.ng.beachrose.scada-gridworks.event.gt.sh.status-1729004100142-ear.electricity.works.json
2026-08-25 16:08:46,665 | WARNING | Unknown message type "gridworks.event.gt.sh.status" in hw1__1/eventstore/20241015/hw1.isone.ng.beachrose.scada-gridworks.event.gt.sh.status-1729004400186-ear.electricity.works.json
2026-08-25 16:08:46,665 | WARNING | Unknown message type "gridworks.event.gt.sh.status" in hw1__1/eventstore/20241015/hw1.isone.ng.beachrose.scada-gridworks.event.gt.sh.status-1729004400186-ear.electricity.works.json
2026-08-25 16:08:46,665 | WARNING | Unknown message type "gridworks.event.gt.sh.status" in hw1__1/eventstore/20241015/hw1.isone.ng.beachrose.scada-gridworks.event.gt.sh.status-1729004700150-ear.electricity.works.json
2026-08-25 16:08:46,665 | WARNING | Unknown message type "gridworks.event.gt.sh.status" in hw1__1/eventstore/20241015/hw1.isone.ng.beachrose.scada-gridworks.event.gt.sh.status-1729004700150-ear.electricity.works.json
2026-08-25 16:08:46,665 | WARNING | Unknown message type "gridworks.event.gt.sh.status" in hw1__1/eventstore/20241015/hw1.isone.ng.beachrose.scada-gridworks.event.gt.sh.status-1729005000209-ear.electricity.works.json
2026-08-25 16:08:46,665 | WARNING | Unknown message type "gridworks.event.gt.sh.status" in hw1__1/eventstore/20241015/hw1.isone.ng.beachrose.scada-gridworks.event.gt.sh.status-1729005000209-ear.electricity.works.json
2026-08-25 16:08:46,665 | WARNING | Unknown message type "gridworks.event.gt.sh.status" in hw1__1/eventstore/20241015/hw1.isone.ng.beachrose.scada-gridworks.event.gt.sh.status-1729005300187-ear.electricity.works.json
2026-08-25 16:08:46,665 | WARNING | Unknown message type "gridworks.event.gt.sh.status" in hw1__1/eventstore/20241015/hw1.isone.ng.beachrose.scada-gridworks.event.gt.sh.status-1729005300187-ear.electricity.works.json
2026-08-25 16:08:46,665 | WARNING | Unknown message type "gridworks.event.gt.sh.status" in hw1__1/eventstore/20241015/hw1.isone.ng.beachrose.scada-gridworks.event.gt.sh.status-1729005600132-ear.electricity.works.json
2026-08-25 16:08:46,665 | WARNING | Unknown message type "gridworks.event.gt.sh.status" in hw1__1/eventstore/20241015/hw1.isone.ng.beachrose.scada-gridworks.event.gt.sh.status-1729005600132-ear.electricity.works.json
2026-08-25 16:08:46,665 | WARNING | Unknown message type "gridworks.event.gt.sh.status" in hw1__1/eventstore/20241015/hw1.isone.ng.beachrose.scada-gridworks.event.gt.sh.status-1729005900116-ear.electricity.works.json
2026-08-25 16:08:46,665 | WARNING | Unknown message type "gridworks.event.gt.sh.status" in hw1__1/eventstore/20241015/hw1.isone.ng.beachrose.scada-gridworks.event.gt.sh.status-1729005900116-ear.electricity.works.json
2026-08-25 16:08:46,665 | WARNING | Unknown message type "gridworks.event.gt.sh.status" in hw1__1/eventstore/20241015/hw1.isone.ng.beachrose.scada-gridworks.event.gt.sh.status-1729006200131-ear.electricity.works.json
2026-08-25 16:08:46,665 | WARNING | Unknown message type "gridworks.event.gt.sh.status" in hw1__1/eventstore/20241015/hw1.isone.ng.beachrose.scada-gridworks.event.gt.sh.status-1729006200131-ear.electricity.works.json
2026-08-25 16:08:46,665 | WARNING | Unknown message type "gridworks.event.gt.sh.status" in hw1__1/eventstore/20241015/hw1.isone.ng.beachrose.scada-gridworks.event.gt.sh.status-1729006500158-ear.electricity.works.json
2026-08-25 16:08:46,665 | WARNING | Unknown message type "gridworks.event.gt.sh.status" in hw1__1/eventstore/20241015/hw1.isone.ng.beachrose.scada-gridworks.event.gt.sh.status-1729006500158-ear.electricity.works.json
2026-08-25 16:08:46,665 | WARNING | Unknown message type "gridworks.event.gt.sh.status" in hw1__1/eventstore/20241015/hw1.isone.ng.beachrose.scada-gridworks.event.gt.sh.status-1729006800132-ear.electricity.works.json
2026-08-25 16:08:46,665 | WARNING | Unknown message type "gridworks.event.gt.sh.status" in hw1__1/eventstore/20241015/hw1.isone.ng.beachrose.scada-gridworks.event.gt.sh.status-1729006800132-ear.electricity.works.json
2026-08-25 16:08:46,665 | WARNING | Unknown message type "gridworks.event.gt.sh.status" in hw1__1/eventstore/20241015/hw1.isone.ng.beachrose.scada-gridworks.event.gt.sh.status-1729007100118-ear.electricity.works.json
2026-08-25 16:08:46,665 | WARNING | Unknown message type "gridworks.event.gt.sh.status" in hw1__1/eventstore/20241015/hw1.isone.ng.beachrose.scada-gridworks.event.gt.sh.status-1729007100118-ear.electricity.works.json
2026-08-25 16:08:46,665 | WARNING | Unknown message type "gridworks.event.gt.sh.status" in hw1__1/eventstore/20241015/hw1.isone.ng.beachrose.scada-gridworks.event.gt.sh.status-1729007400139-ear.electricity.works.json
2026-08-25 16:08:46,665 | WARNING | Unknown message type "gridworks.event.gt.sh.status" in hw1__1/eventstore/20241015/hw1.isone.ng.beachrose.scada-gridworks.event.gt.sh.status-1729007400139-ear.electricity.works.json
2026-08-25 16:08:46,665 | WARNING | Unknown message type "gridworks.event.gt.sh.status" in hw1__1/eventstore/20241015/hw1.isone.ng.beachrose.scada-gridworks.event.gt.sh.status-1729007700149-ear.electricity.works.json
2026-08-25 16:08:46,665 | WARNING | Unknown message type "gridworks.event.gt.sh.status" in hw1__1/eventstore/20241015/hw1.isone.ng.beachrose.scada-gridworks.event.gt.sh.status-1729007700149-ear.electricity.works.json
2026-08-25 16:08:46,665 | WARNING | Unknown message type "gridworks.event.gt.sh.status" in hw1__1/eventstore/20241015/hw1.isone.ng.beachrose.scada-gridworks.event.gt.sh.status-1729008000021-ear.electricity.works.json
2026-08-25 16:08:46,665 | WARNING | Unknown message type "gridworks.event.gt.sh.status" in hw1__1/eventstore/20241015/hw1.isone.ng.beachrose.scada-gridworks.event.gt.sh.status-1729008000021-ear.electricity.works.json
2026-08-25 16:08:46,665 | WARNING | Unknown message type "gridworks.event.gt.sh.status" in hw1__1/eventstore/20241015/hw1.isone.ng.beachrose.scada-gridworks.event.gt.sh.status-1729008300120-ear.electricity.works.json
2026-08-25 16:08:46,665 | WARNING | Unknown message type "gridworks.event.gt.sh.status" in hw1__1/eventstore/20241015/hw1.isone.ng.beachrose.scada-gridworks.event.gt.sh.status-1729008300120-ear.electricity.works.json
2026-08-25 16:08:46,665 | WARNING | Unknown message type "gridworks.event.gt.sh.status" in hw1__1/eventstore/20241015/hw1.isone.ng.beachrose.scada-gridworks.event.gt.sh.status-1729008600138-ear.electricity.works.json
2026-08-25 16:08:46,665 | WARNING | Unknown message type "gridworks.event.gt.sh.status" in hw1__1/eventstore/20241015/hw1.isone.ng.beachrose.scada-gridworks.event.gt.sh.status-1729008600138-ear.electricity.works.json
2026-08-25 16:08:46,665 | WARNING | Unknown message type "gridworks.event.gt.sh.status" in hw1__1/eventstore/20241015/hw1.isone.ng.beachrose.scada-gridworks.event.gt.sh.status-1729008900111-ear.electricity.works.json
2026-08-25 16:08:46,665 | WARNING | Unknown message type "gridworks.event.gt.sh.status" in hw1__1/eventstore/20241015/hw1.isone.ng.beachrose.scada-gridworks.event.gt.sh.status-1729008900111-ear.electricity.works.json
2026-08-25 16:08:46,665 | WARNING | Unknown message type "gridworks.event.gt.sh.status" in hw1__1/eventstore/20241015/hw1.isone.ng.beachrose.scada-gridworks.event.gt.sh.status-1729009200137-ear.electricity.works.json
2026-08-25 16:08:46,665 | WARNING | Unknown message type "gridworks.event.gt.sh.status" in hw1__1/eventstore/20241015/hw1.isone.ng.beachrose.scada-gridworks.event.gt.sh.status-1729009200137-ear.electricity.works.json
2026-08-25 16:08:46,665 | WARNING | Unknown message type "gridworks.event.gt.sh.status" in hw1__1/eventstore/20241015/hw1.isone.ng.beachrose.scada-gridworks.event.gt.sh.status-1729009500151-ear.electricity.works.json
2026-08-25 16:08:46,665 | WARNING | Unknown message type "gridworks.event.gt.sh.status" in hw1__1/eventstore/20241015/hw1.isone.ng.beachrose.scada-gridworks.event.gt.sh.status-1729009500151-ear.electricity.works.json
2026-08-25 16:08:46,665 | WARNING | Unknown message type "gridworks.event.gt.sh.status" in hw1__1/eventstore/20241015/hw1.isone.ng.beachrose.scada-gridworks.event.gt.sh.status-1729009800159-ear.electricity.works.json
2026-08-25 16:08:46,665 | WARNING | Unknown message type "gridworks.event.gt.sh.status" in hw1__1/eventstore/20241015/hw1.isone.ng.beachrose.scada-gridworks.event.gt.sh.status-1729009800159-ear.electricity.works.json
2026-08-25 16:08:46,665 | WARNING | Unknown message type "gridworks.event.gt.sh.status" in hw1__1/eventstore/20241015/hw1.isone.ng.beachrose.scada-gridworks.event.gt.sh.status-1729010100123-ear.electricity.works.json
2026-08-25 16:08:46,665 | WARNING | Unknown message type "gridworks.event.gt.sh.status" in hw1__1/eventstore/20241015/hw1.isone.ng.beachrose.scada-gridworks.event.gt.sh.status-1729010100123-ear.electricity.works.json
2026-08-25 16:08:46,665 | WARNING | Unknown message type "gridworks.event.gt.sh.status" in hw1__1/eventstore/20241015/hw1.isone.ng.beachrose.scada-gridworks.event.gt.sh.status-1729010400020-ear.electricity.works.json
2026-08-25 16:08:46,665 | WARNING | Unknown message type "gridworks.event.gt.sh.status" in hw1__1/eventstore/20241015/hw1.isone.ng.beachrose.scada-gridworks.event.gt.sh.status-1729010400020-ear.electricity.works.json
2026-08-25 16:08:46,665 | WARNING | Unknown message type "gridworks.event.gt.sh.status" in hw1__1/eventstore/20241015/hw1.isone.ng.beachrose.scada-gridworks.event.gt.sh.status-1729010700133-ear.electricity.works.json
2026-08-25 16:08:46,665 | WARNING | Unknown message type "gridworks.event.gt.sh.status" in hw1__1/eventstore/20241015/hw1.isone.ng.beachrose.scada-gridworks.event.gt.sh.status-1729010700133-ear.electricity.works.json
2026-08-25 16:08:46,665 | WARNING | Unknown message type "gridworks.event.gt.sh.status" in hw1__1/eventstore/20241015/hw1.isone.ng.beachrose.scada-gridworks.event.gt.sh.status-1729011000314-ear.electricity.works.json
2026-08-25 16:08:46,665 | WARNING | Unknown message type "gridworks.event.gt.sh.status" in hw1__1/eventstore/20241015/hw1.isone.ng.beachrose.scada-gridworks.event.gt.sh.status-1729011000314-ear.electricity.works.json
2026-08-25 16:08:46,665 | WARNING | Unknown message type "gridworks.event.gt.sh.status" in hw1__1/eventstore/20241015/hw1.isone.ng.beachrose.scada-gridworks.event.gt.sh.status-1729011300115-ear.electricity.works.json
2026-08-25 16:08:46,665 | WARNING | Unknown message type "gridworks.event.gt.sh.status" in hw1__1/eventstore/20241015/hw1.isone.ng.beachrose.scada-gridworks.event.gt.sh.status-1729011300115-ear.electricity.works.json
2026-08-25 16:08:46,665 | WARNING | Unknown message type "gridworks.event.gt.sh.status" in hw1__1/eventstore/20241015/hw1.isone.ng.beachrose.scada-gridworks.event.gt.sh.status-1729011600138-ear.electricity.works.json
2026-08-25 16:08:46,665 | WARNING | Unknown message type "gridworks.event.gt.sh.status" in hw1__1/eventstore/20241015/hw1.isone.ng.beachrose.scada-gridworks.event.gt.sh.status-1729011600138-ear.electricity.works.json
2026-08-25 16:08:46,665 | WARNING | Unknown message type "gridworks.event.gt.sh.status" in hw1__1/eventstore/20241015/hw1.isone.ng.beachrose.scada-gridworks.event.gt.sh.status-1729011900165-ear.electricity.works.json
2026-08-25 16:08:46,665 | WARNING | Unknown message type "gridworks.event.gt.sh.status" in hw1__1/eventstore/20241015/hw1.isone.ng.beachrose.scada-gridworks.event.gt.sh.status-1729011900165-ear.electricity.works.json
2026-08-25 16:08:46,665 | WARNING | Unknown message type "gridworks.event.gt.sh.status" in hw1__1/eventstore/20241015/hw1.isone.ng.beachrose.scada-gridworks.event.gt.sh.status-1729012200145-ear.electricity.works.json
2026-08-25 16:08:46,665 | WARNING | Unknown message type "gridworks.event.gt.sh.status" in hw1__1/eventstore/20241015/hw1.isone.ng.beachrose.scada-gridworks.event.gt.sh.status-1729012200145-ear.electricity.works.json
2026-08-25 16:08:46,665 | WARNING | Unknown message type "gridworks.event.gt.sh.status" in hw1__1/eventstore/20241015/hw1.isone.ng.beachrose.scada-gridworks.event.gt.sh.status-1729012500116-ear.electricity.works.json
2026-08-25 16:08:46,665 | WARNING | Unknown message type "gridworks.event.gt.sh.status" in hw1__1/eventstore/20241015/hw1.isone.ng.beachrose.scada-gridworks.event.gt.sh.status-1729012500116-ear.electricity.works.json
2026-08-25 16:08:46,666 | WARNING | Unknown message type "gridworks.event.gt.sh.status" in hw1__1/eventstore/20241015/hw1.isone.ng.beachrose.scada-gridworks.event.gt.sh.status-1729012800159-ear.electricity.works.json
2026-08-25 16:08:46,666 | WARNING | Unknown message type "gridworks.event.gt.sh.status" in hw1__1/eventstore/20241015/hw1.isone.ng.beachrose.scada-gridworks.event.gt.sh.status-1729012800159-ear.electricity.works.json
2026-08-25 16:08:46,666 | WARNING | Unknown message type "gridworks.event.gt.sh.status" in hw1__1/eventstore/20241015/hw1.isone.ng.beachrose.scada-gridworks.event.gt.sh.status-1729013100114-ear.electricity.works.json
2026-08-25 16:08:46,666 | WARNING | Unknown message type "gridworks.event.gt.sh.status" in hw1__1/eventstore/20241015/hw1.isone.ng.beachrose.scada-gridworks.event.gt.sh.status-1729013100114-ear.electricity.works.json
2026-08-25 16:08:46,666 | WARNING | Unknown message type "gridworks.event.gt.sh.status" in hw1__1/eventstore/20241015/hw1.isone.ng.beachrose.scada-gridworks.event.gt.sh.status-1729013400128-ear.electricity.works.json
2026-08-25 16:08:46,666 | WARNING | Unknown message type "gridworks.event.gt.sh.status" in hw1__1/eventstore/20241015/hw1.isone.ng.beachrose.scada-gridworks.event.gt.sh.status-1729013400128-ear.electricity.works.json
2026-08-25 16:08:46,666 | WARNING | Unknown message type "gridworks.event.gt.sh.status" in hw1__1/eventstore/20241015/hw1.isone.ng.beachrose.scada-gridworks.event.gt.sh.status-1729013700117-ear.electricity.works.json
2026-08-25 16:08:46,666 | WARNING | Unknown message type "gridworks.event.gt.sh.status" in hw1__1/eventstore/20241015/hw1.isone.ng.beachrose.scada-gridworks.event.gt.sh.status-1729013700117-ear.electricity.works.json
2026-08-25 16:08:46,666 | WARNING | Unknown message type "gridworks.event.gt.sh.status" in hw1__1/eventstore/20241015/hw1.isone.ng.beachrose.scada-gridworks.event.gt.sh.status-1729014000130-ear.electricity.works.json
2026-08-25 16:08:46,666 | WARNING | Unknown message type "gridworks.event.gt.sh.status" in hw1__1/eventstore/20241015/hw1.isone.ng.beachrose.scada-gridworks.event.gt.sh.status-1729014000130-ear.electricity.works.json
2026-08-25 16:08:46,666 | WARNING | Unknown message type "gridworks.event.gt.sh.status" in hw1__1/eventstore/20241015/hw1.isone.ng.beachrose.scada-gridworks.event.gt.sh.status-1729014300185-ear.electricity.works.json
2026-08-25 16:08:46,666 | WARNING | Unknown message type "gridworks.event.gt.sh.status" in hw1__1/eventstore/20241015/hw1.isone.ng.beachrose.scada-gridworks.event.gt.sh.status-1729014300185-ear.electricity.works.json
2026-08-25 16:08:46,666 | WARNING | Unknown message type "gridworks.event.gt.sh.status" in hw1__1/eventstore/20241015/hw1.isone.ng.beachrose.scada-gridworks.event.gt.sh.status-1729014600141-ear.electricity.works.json
2026-08-25 16:08:46,666 | WARNING | Unknown message type "gridworks.event.gt.sh.status" in hw1__1/eventstore/20241015/hw1.isone.ng.beachrose.scada-gridworks.event.gt.sh.status-1729014600141-ear.electricity.works.json
2026-08-25 16:08:46,666 | WARNING | Unknown message type "gridworks.event.gt.sh.status" in hw1__1/eventstore/20241015/hw1.isone.ng.beachrose.scada-gridworks.event.gt.sh.status-1729014900020-ear.electricity.works.json
2026-08-25 16:08:46,666 | WARNING | Unknown message type "gridworks.event.gt.sh.status" in hw1__1/eventstore/20241015/hw1.isone.ng.beachrose.scada-gridworks.event.gt.sh.status-1729014900020-ear.electricity.works.json
2026-08-25 16:08:46,666 | WARNING | Unknown message type "gridworks.event.gt.sh.status" in hw1__1/eventstore/20241015/hw1.isone.ng.beachrose.scada-gridworks.event.gt.sh.status-1729015200135-ear.electricity.works.json
2026-08-25 16:08:46,666 | WARNING | Unknown message type "gridworks.event.gt.sh.status" in hw1__1/eventstore/20241015/hw1.isone.ng.beachrose.scada-gridworks.event.gt.sh.status-1729015200135-ear.electricity.works.json
2026-08-25 16:08:46,666 | WARNING | Unknown message type "gridworks.event.gt.sh.status" in hw1__1/eventstore/20241015/hw1.isone.ng.beachrose.scada-gridworks.event.gt.sh.status-1729015500021-ear.electricity.works.json
2026-08-25 16:08:46,666 | WARNING | Unknown message type "gridworks.event.gt.sh.status" in hw1__1/eventstore/20241015/hw1.isone.ng.beachrose.scada-gridworks.event.gt.sh.status-1729015500021-ear.electricity.works.json
2026-08-25 16:08:46,666 | WARNING | Unknown message type "gridworks.event.gt.sh.status" in hw1__1/eventstore/20241015/hw1.isone.ng.beachrose.scada-gridworks.event.gt.sh.status-1729015800135-ear.electricity.works.json
2026-08-25 16:08:46,666 | WARNING | Unknown message type "gridworks.event.gt.sh.status" in hw1__1/eventstore/20241015/hw1.isone.ng.beachrose.scada-gridworks.event.gt.sh.status-1729015800135-ear.electricity.works.json
2026-08-25 16:08:46,666 | WARNING | Unknown message type "gridworks.event.gt.sh.status" in hw1__1/eventstore/20241015/hw1.isone.ng.beachrose.scada-gridworks.event.gt.sh.status-1729016100021-ear.electricity.works.json
2026-08-25 16:08:46,666 | WARNING | Unknown message type "gridworks.event.gt.sh.status" in hw1__1/eventstore/20241015/hw1.isone.ng.beachrose.scada-gridworks.event.gt.sh.status-1729016100021-ear.electricity.works.json
2026-08-25 16:08:46,666 | WARNING | Unknown message type "gridworks.event.gt.sh.status" in hw1__1/eventstore/20241015/hw1.isone.ng.beachrose.scada-gridworks.event.gt.sh.status-1729016400145-ear.electricity.works.json
2026-08-25 16:08:46,666 | WARNING | Unknown message type "gridworks.event.gt.sh.status" in hw1__1/eventstore/20241015/hw1.isone.ng.beachrose.scada-gridworks.event.gt.sh.status-1729016400145-ear.electricity.works.json
2026-08-25 16:08:46,666 | WARNING | Unknown message type "gridworks.event.gt.sh.status" in hw1__1/eventstore/20241015/hw1.isone.ng.beachrose.scada-gridworks.event.gt.sh.status-1729016700132-ear.electricity.works.json
2026-08-25 16:08:46,666 | WARNING | Unknown message type "gridworks.event.gt.sh.status" in hw1__1/eventstore/20241015/hw1.isone.ng.beachrose.scada-gridworks.event.gt.sh.status-1729016700132-ear.electricity.works.json
2026-08-25 16:08:46,666 | WARNING | Unknown message type "gridworks.event.gt.sh.status" in hw1__1/eventstore/20241015/hw1.isone.ng.beachrose.scada-gridworks.event.gt.sh.status-1729017000133-ear.electricity.works.json
2026-08-25 16:08:46,666 | WARNING | Unknown message type "gridworks.event.gt.sh.status" in hw1__1/eventstore/20241015/hw1.isone.ng.beachrose.scada-gridworks.event.gt.sh.status-1729017000133-ear.electricity.works.json
2026-08-25 16:08:46,666 | WARNING | Unknown message type "gridworks.event.gt.sh.status" in hw1__1/eventstore/20241015/hw1.isone.ng.beachrose.scada-gridworks.event.gt.sh.status-1729017300018-ear.electricity.works.json
2026-08-25 16:08:46,666 | WARNING | Unknown message type "gridworks.event.gt.sh.status" in hw1__1/eventstore/20241015/hw1.isone.ng.beachrose.scada-gridworks.event.gt.sh.status-1729017300018-ear.electricity.works.json
2026-08-25 16:08:46,666 | WARNING | Unknown message type "gridworks.event.gt.sh.status" in hw1__1/eventstore/20241015/hw1.isone.ng.beachrose.scada-gridworks.event.gt.sh.status-1729017600016-ear.electricity.works.json
2026-08-25 16:08:46,666 | WARNING | Unknown message type "gridworks.event.gt.sh.status" in hw1__1/eventstore/20241015/hw1.isone.ng.beachrose.scada-gridworks.event.gt.sh.status-1729017600016-ear.electricity.works.json
2026-08-25 16:08:46,666 | WARNING | Unknown message type "gridworks.event.gt.sh.status" in hw1__1/eventstore/20241015/hw1.isone.ng.beachrose.scada-gridworks.event.gt.sh.status-1729017900016-ear.electricity.works.json
2026-08-25 16:08:46,666 | WARNING | Unknown message type "gridworks.event.gt.sh.status" in hw1__1/eventstore/20241015/hw1.isone.ng.beachrose.scada-gridworks.event.gt.sh.status-1729017900016-ear.electricity.works.json
2026-08-25 16:08:46,666 | WARNING | Unknown message type "gridworks.event.gt.sh.status" in hw1__1/eventstore/20241015/hw1.isone.ng.beachrose.scada-gridworks.event.gt.sh.status-1729018200146-ear.electricity.works.json
2026-08-25 16:08:46,666 | WARNING | Unknown message type "gridworks.event.gt.sh.status" in hw1__1/eventstore/20241015/hw1.isone.ng.beachrose.scada-gridworks.event.gt.sh.status-1729018200146-ear.electricity.works.json
2026-08-25 16:08:46,666 | WARNING | Unknown message type "gridworks.event.gt.sh.status" in hw1__1/eventstore/20241015/hw1.isone.ng.beachrose.scada-gridworks.event.gt.sh.status-1729018500014-ear.electricity.works.json
2026-08-25 16:08:46,666 | WARNING | Unknown message type "gridworks.event.gt.sh.status" in hw1__1/eventstore/20241015/hw1.isone.ng.beachrose.scada-gridworks.event.gt.sh.status-1729018500014-ear.electricity.works.json
2026-08-25 16:08:46,666 | WARNING | Unknown message type "gridworks.event.gt.sh.status" in hw1__1/eventstore/20241015/hw1.isone.ng.beachrose.scada-gridworks.event.gt.sh.status-1729018800015-ear.electricity.works.json
2026-08-25 16:08:46,666 | WARNING | Unknown message type "gridworks.event.gt.sh.status" in hw1__1/eventstore/20241015/hw1.isone.ng.beachrose.scada-gridworks.event.gt.sh.status-1729018800015-ear.electricity.works.json
2026-08-25 16:08:46,666 | WARNING | Unknown message type "gridworks.event.gt.sh.status" in hw1__1/eventstore/20241015/hw1.isone.ng.beachrose.scada-gridworks.event.gt.sh.status-1729019100017-ear.electricity.works.json
2026-08-25 16:08:46,666 | WARNING | Unknown message type "gridworks.event.gt.sh.status" in hw1__1/eventstore/20241015/hw1.isone.ng.beachrose.scada-gridworks.event.gt.sh.status-1729019100017-ear.electricity.works.json
2026-08-25 16:08:46,666 | WARNING | Unknown message type "gridworks.event.gt.sh.status" in hw1__1/eventstore/20241015/hw1.isone.ng.beachrose.scada-gridworks.event.gt.sh.status-1729019400013-ear.electricity.works.json
2026-08-25 16:08:46,666 | WARNING | Unknown message type "gridworks.event.gt.sh.status" in hw1__1/eventstore/20241015/hw1.isone.ng.beachrose.scada-gridworks.event.gt.sh.status-1729019400013-ear.electricity.works.json
2026-08-25 16:08:46,666 | WARNING | Unknown message type "gridworks.event.gt.sh.status" in hw1__1/eventstore/20241015/hw1.isone.ng.beachrose.scada-gridworks.event.gt.sh.status-1729019700011-ear.electricity.works.json
2026-08-25 16:08:46,666 | WARNING | Unknown message type "gridworks.event.gt.sh.status" in hw1__1/eventstore/20241015/hw1.isone.ng.beachrose.scada-gridworks.event.gt.sh.status-1729019700011-ear.electricity.works.json
2026-08-25 16:08:46,666 | WARNING | Unknown message type "gridworks.event.gt.sh.status" in hw1__1/eventstore/20241015/hw1.isone.ng.beachrose.scada-gridworks.event.gt.sh.status-1729020000017-ear.electricity.works.json
2026-08-25 16:08:46,666 | WARNING | Unknown message type "gridworks.event.gt.sh.status" in hw1__1/eventstore/20241015/hw1.isone.ng.beachrose.scada-gridworks.event.gt.sh.status-1729020000017-ear.electricity.works.json
2026-08-25 16:08:46,666 | WARNING | Unknown message type "gridworks.event.gt.sh.status" in hw1__1/eventstore/20241015/hw1.isone.ng.beachrose.scada-gridworks.event.gt.sh.status-1729020300015-ear.electricity.works.json
2026-08-25 16:08:46,666 | WARNING | Unknown message type "gridworks.event.gt.sh.status" in hw1__1/eventstore/20241015/hw1.isone.ng.beachrose.scada-gridworks.event.gt.sh.status-1729020300015-ear.electricity.works.json
2026-08-25 16:08:46,666 | WARNING | Unknown message type "gridworks.event.gt.sh.status" in hw1__1/eventstore/20241015/hw1.isone.ng.beachrose.scada-gridworks.event.gt.sh.status-1729020600011-ear.electricity.works.json
2026-08-25 16:08:46,666 | WARNING | Unknown message type "gridworks.event.gt.sh.status" in hw1__1/eventstore/20241015/hw1.isone.ng.beachrose.scada-gridworks.event.gt.sh.status-1729020600011-ear.electricity.works.json
2026-08-25 16:08:46,666 | WARNING | Unknown message type "gridworks.event.gt.sh.status" in hw1__1/eventstore/20241015/hw1.isone.ng.beachrose.scada-gridworks.event.gt.sh.status-1729020900009-ear.electricity.works.json
2026-08-25 16:08:46,666 | WARNING | Unknown message type "gridworks.event.gt.sh.status" in hw1__1/eventstore/20241015/hw1.isone.ng.beachrose.scada-gridworks.event.gt.sh.status-1729020900009-ear.electricity.works.json
2026-08-25 16:08:46,666 | WARNING | Unknown message type "gridworks.event.gt.sh.status" in hw1__1/eventstore/20241015/hw1.isone.ng.beachrose.scada-gridworks.event.gt.sh.status-1729021200015-ear.electricity.works.json
2026-08-25 16:08:46,666 | WARNING | Unknown message type "gridworks.event.gt.sh.status" in hw1__1/eventstore/20241015/hw1.isone.ng.beachrose.scada-gridworks.event.gt.sh.status-1729021200015-ear.electricity.works.json
2026-08-25 16:08:46,666 | WARNING | Unknown message type "gridworks.event.gt.sh.status" in hw1__1/eventstore/20241015/hw1.isone.ng.beachrose.scada-gridworks.event.gt.sh.status-1729021500120-ear.electricity.works.json
2026-08-25 16:08:46,666 | WARNING | Unknown message type "gridworks.event.gt.sh.status" in hw1__1/eventstore/20241015/hw1.isone.ng.beachrose.scada-gridworks.event.gt.sh.status-1729021500120-ear.electricity.works.json
2026-08-25 16:08:46,666 | WARNING | Unknown message type "gridworks.event.gt.sh.status" in hw1__1/eventstore/20241015/hw1.isone.ng.beachrose.scada-gridworks.event.gt.sh.status-1729021800140-ear.electricity.works.json
2026-08-25 16:08:46,666 | WARNING | Unknown message type "gridworks.event.gt.sh.status" in hw1__1/eventstore/20241015/hw1.isone.ng.beachrose.scada-gridworks.event.gt.sh.status-1729021800140-ear.electricity.works.json
2026-08-25 16:08:46,666 | WARNING | Unknown message type "gridworks.event.gt.sh.status" in hw1__1/eventstore/20241015/hw1.isone.ng.beachrose.scada-gridworks.event.gt.sh.status-1729022100155-ear.electricity.works.json
2026-08-25 16:08:46,666 | WARNING | Unknown message type "gridworks.event.gt.sh.status" in hw1__1/eventstore/20241015/hw1.isone.ng.beachrose.scada-gridworks.event.gt.sh.status-1729022100155-ear.electricity.works.json
2026-08-25 16:08:46,666 | WARNING | Unknown message type "gridworks.event.gt.sh.status" in hw1__1/eventstore/20241015/hw1.isone.ng.beachrose.scada-gridworks.event.gt.sh.status-1729022400150-ear.electricity.works.json
2026-08-25 16:08:46,666 | WARNING | Unknown message type "gridworks.event.gt.sh.status" in hw1__1/eventstore/20241015/hw1.isone.ng.beachrose.scada-gridworks.event.gt.sh.status-1729022400150-ear.electricity.works.json
2026-08-25 16:08:46,666 | WARNING | Unknown message type "gridworks.event.gt.sh.status" in hw1__1/eventstore/20241015/hw1.isone.ng.beachrose.scada-gridworks.event.gt.sh.status-1729022700190-ear.electricity.works.json
2026-08-25 16:08:46,666 | WARNING | Unknown message type "gridworks.event.gt.sh.status" in hw1__1/eventstore/20241015/hw1.isone.ng.beachrose.scada-gridworks.event.gt.sh.status-1729022700190-ear.electricity.works.json
2026-08-25 16:08:46,666 | WARNING | Unknown message type "gridworks.event.gt.sh.status" in hw1__1/eventstore/20241015/hw1.isone.ng.beachrose.scada-gridworks.event.gt.sh.status-1729023000152-ear.electricity.works.json
2026-08-25 16:08:46,666 | WARNING | Unknown message type "gridworks.event.gt.sh.status" in hw1__1/eventstore/20241015/hw1.isone.ng.beachrose.scada-gridworks.event.gt.sh.status-1729023000152-ear.electricity.works.json
2026-08-25 16:08:46,666 | WARNING | Unknown message type "gridworks.event.gt.sh.status" in hw1__1/eventstore/20241015/hw1.isone.ng.beachrose.scada-gridworks.event.gt.sh.status-1729023300116-ear.electricity.works.json
2026-08-25 16:08:46,666 | WARNING | Unknown message type "gridworks.event.gt.sh.status" in hw1__1/eventstore/20241015/hw1.isone.ng.beachrose.scada-gridworks.event.gt.sh.status-1729023300116-ear.electricity.works.json
2026-08-25 16:08:46,666 | WARNING | Unknown message type "gridworks.event.gt.sh.status" in hw1__1/eventstore/20241015/hw1.isone.ng.beachrose.scada-gridworks.event.gt.sh.status-1729023600132-ear.electricity.works.json
2026-08-25 16:08:46,666 | WARNING | Unknown message type "gridworks.event.gt.sh.status" in hw1__1/eventstore/20241015/hw1.isone.ng.beachrose.scada-gridworks.event.gt.sh.status-1729023600132-ear.electricity.works.json
2026-08-25 16:08:46,666 | WARNING | Unknown message type "gridworks.event.gt.sh.status" in hw1__1/eventstore/20241015/hw1.isone.ng.beachrose.scada-gridworks.event.gt.sh.status-1729023900203-ear.electricity.works.json
2026-08-25 16:08:46,666 | WARNING | Unknown message type "gridworks.event.gt.sh.status" in hw1__1/eventstore/20241015/hw1.isone.ng.beachrose.scada-gridworks.event.gt.sh.status-1729023900203-ear.electricity.works.json
2026-08-25 16:08:46,666 | WARNING | Unknown message type "gridworks.event.gt.sh.status" in hw1__1/eventstore/20241015/hw1.isone.ng.beachrose.scada-gridworks.event.gt.sh.status-1729024200140-ear.electricity.works.json
2026-08-25 16:08:46,666 | WARNING | Unknown message type "gridworks.event.gt.sh.status" in hw1__1/eventstore/20241015/hw1.isone.ng.beachrose.scada-gridworks.event.gt.sh.status-1729024200140-ear.electricity.works.json
2026-08-25 16:08:46,666 | WARNING | Unknown message type "gridworks.event.gt.sh.status" in hw1__1/eventstore/20241015/hw1.isone.ng.beachrose.scada-gridworks.event.gt.sh.status-1729024500119-ear.electricity.works.json
2026-08-25 16:08:46,666 | WARNING | Unknown message type "gridworks.event.gt.sh.status" in hw1__1/eventstore/20241015/hw1.isone.ng.beachrose.scada-gridworks.event.gt.sh.status-1729024500119-ear.electricity.works.json
2026-08-25 16:08:46,666 | WARNING | Unknown message type "gridworks.event.gt.sh.status" in hw1__1/eventstore/20241015/hw1.isone.ng.beachrose.scada-gridworks.event.gt.sh.status-1729024800146-ear.electricity.works.json
2026-08-25 16:08:46,666 | WARNING | Unknown message type "gridworks.event.gt.sh.status" in hw1__1/eventstore/20241015/hw1.isone.ng.beachrose.scada-gridworks.event.gt.sh.status-1729024800146-ear.electricity.works.json
2026-08-25 16:08:46,666 | WARNING | Unknown message type "gridworks.event.gt.sh.status" in hw1__1/eventstore/20241015/hw1.isone.ng.beachrose.scada-gridworks.event.gt.sh.status-1729025100126-ear.electricity.works.json
2026-08-25 16:08:46,666 | WARNING | Unknown message type "gridworks.event.gt.sh.status" in hw1__1/eventstore/20241015/hw1.isone.ng.beachrose.scada-gridworks.event.gt.sh.status-1729025100126-ear.electricity.works.json
2026-08-25 16:08:46,666 | WARNING | Unknown message type "gridworks.event.gt.sh.status" in hw1__1/eventstore/20241015/hw1.isone.ng.beachrose.scada-gridworks.event.gt.sh.status-1729025400139-ear.electricity.works.json
2026-08-25 16:08:46,666 | WARNING | Unknown message type "gridworks.event.gt.sh.status" in hw1__1/eventstore/20241015/hw1.isone.ng.beachrose.scada-gridworks.event.gt.sh.status-1729025400139-ear.electricity.works.json
2026-08-25 16:08:46,666 | WARNING | Unknown message type "gridworks.event.gt.sh.status" in hw1__1/eventstore/20241015/hw1.isone.ng.beachrose.scada-gridworks.event.gt.sh.status-1729025700115-ear.electricity.works.json
2026-08-25 16:08:46,666 | WARNING | Unknown message type "gridworks.event.gt.sh.status" in hw1__1/eventstore/20241015/hw1.isone.ng.beachrose.scada-gridworks.event.gt.sh.status-1729025700115-ear.electricity.works.json
2026-08-25 16:08:46,666 | WARNING | Unknown message type "gridworks.event.gt.sh.status" in hw1__1/eventstore/20241015/hw1.isone.ng.beachrose.scada-gridworks.event.gt.sh.status-1729026000148-ear.electricity.works.json
2026-08-25 16:08:46,666 | WARNING | Unknown message type "gridworks.event.gt.sh.status" in hw1__1/eventstore/20241015/hw1.isone.ng.beachrose.scada-gridworks.event.gt.sh.status-1729026000148-ear.electricity.works.json
2026-08-25 16:08:46,666 | WARNING | Unknown message type "gridworks.event.gt.sh.status" in hw1__1/eventstore/20241015/hw1.isone.ng.beachrose.scada-gridworks.event.gt.sh.status-1729026300016-ear.electricity.works.json
2026-08-25 16:08:46,666 | WARNING | Unknown message type "gridworks.event.gt.sh.status" in hw1__1/eventstore/20241015/hw1.isone.ng.beachrose.scada-gridworks.event.gt.sh.status-1729026300016-ear.electricity.works.json
2026-08-25 16:08:46,666 | WARNING | Unknown message type "gridworks.event.gt.sh.status" in hw1__1/eventstore/20241015/hw1.isone.ng.beachrose.scada-gridworks.event.gt.sh.status-1729026600016-ear.electricity.works.json
2026-08-25 16:08:46,666 | WARNING | Unknown message type "gridworks.event.gt.sh.status" in hw1__1/eventstore/20241015/hw1.isone.ng.beachrose.scada-gridworks.event.gt.sh.status-1729026600016-ear.electricity.works.json
2026-08-25 16:08:46,666 | WARNING | Unknown message type "gridworks.event.gt.sh.status" in hw1__1/eventstore/20241015/hw1.isone.ng.beachrose.scada-gridworks.event.gt.sh.status-1729026900128-ear.electricity.works.json
2026-08-25 16:08:46,666 | WARNING | Unknown message type "gridworks.event.gt.sh.status" in hw1__1/eventstore/20241015/hw1.isone.ng.beachrose.scada-gridworks.event.gt.sh.status-1729026900128-ear.electricity.works.json
2026-08-25 16:08:46,666 | WARNING | Unknown message type "gridworks.event.gt.sh.status" in hw1__1/eventstore/20241015/hw1.isone.ng.beachrose.scada-gridworks.event.gt.sh.status-1729027200013-ear.electricity.works.json
2026-08-25 16:08:46,666 | WARNING | Unknown message type "gridworks.event.gt.sh.status" in hw1__1/eventstore/20241015/hw1.isone.ng.beachrose.scada-gridworks.event.gt.sh.status-1729027200013-ear.electricity.works.json
2026-08-25 16:08:46,666 | WARNING | Unknown message type "gridworks.event.gt.sh.status" in hw1__1/eventstore/20241015/hw1.isone.ng.beachrose.scada-gridworks.event.gt.sh.status-1729027500015-ear.electricity.works.json
2026-08-25 16:08:46,666 | WARNING | Unknown message type "gridworks.event.gt.sh.status" in hw1__1/eventstore/20241015/hw1.isone.ng.beachrose.scada-gridworks.event.gt.sh.status-1729027500015-ear.electricity.works.json
2026-08-25 16:08:46,666 | WARNING | Unknown message type "gridworks.event.gt.sh.status" in hw1__1/eventstore/20241015/hw1.isone.ng.beachrose.scada-gridworks.event.gt.sh.status-1729027800209-ear.electricity.works.json
2026-08-25 16:08:46,666 | WARNING | Unknown message type "gridworks.event.gt.sh.status" in hw1__1/eventstore/20241015/hw1.isone.ng.beachrose.scada-gridworks.event.gt.sh.status-1729027800209-ear.electricity.works.json
2026-08-25 16:08:46,666 | WARNING | Unknown message type "gridworks.event.gt.sh.status" in hw1__1/eventstore/20241015/hw1.isone.ng.beachrose.scada-gridworks.event.gt.sh.status-1729028100121-ear.electricity.works.json
2026-08-25 16:08:46,666 | WARNING | Unknown message type "gridworks.event.gt.sh.status" in hw1__1/eventstore/20241015/hw1.isone.ng.beachrose.scada-gridworks.event.gt.sh.status-1729028100121-ear.electricity.works.json
2026-08-25 16:08:46,666 | WARNING | Unknown message type "gridworks.event.gt.sh.status" in hw1__1/eventstore/20241015/hw1.isone.ng.beachrose.scada-gridworks.event.gt.sh.status-1729028400168-ear.electricity.works.json
2026-08-25 16:08:46,666 | WARNING | Unknown message type "gridworks.event.gt.sh.status" in hw1__1/eventstore/20241015/hw1.isone.ng.beachrose.scada-gridworks.event.gt.sh.status-1729028400168-ear.electricity.works.json
2026-08-25 16:08:46,666 | WARNING | Unknown message type "gridworks.event.gt.sh.status" in hw1__1/eventstore/20241015/hw1.isone.ng.beachrose.scada-gridworks.event.gt.sh.status-1729028700121-ear.electricity.works.json
2026-08-25 16:08:46,666 | WARNING | Unknown message type "gridworks.event.gt.sh.status" in hw1__1/eventstore/20241015/hw1.isone.ng.beachrose.scada-gridworks.event.gt.sh.status-1729028700121-ear.electricity.works.json
2026-08-25 16:08:46,666 | WARNING | Unknown message type "gridworks.event.gt.sh.status" in hw1__1/eventstore/20241015/hw1.isone.ng.beachrose.scada-gridworks.event.gt.sh.status-1729029000148-ear.electricity.works.json
2026-08-25 16:08:46,666 | WARNING | Unknown message type "gridworks.event.gt.sh.status" in hw1__1/eventstore/20241015/hw1.isone.ng.beachrose.scada-gridworks.event.gt.sh.status-1729029000148-ear.electricity.works.json
2026-08-25 16:08:46,666 | WARNING | Unknown message type "gridworks.event.gt.sh.status" in hw1__1/eventstore/20241015/hw1.isone.ng.beachrose.scada-gridworks.event.gt.sh.status-1729029300107-ear.electricity.works.json
2026-08-25 16:08:46,666 | WARNING | Unknown message type "gridworks.event.gt.sh.status" in hw1__1/eventstore/20241015/hw1.isone.ng.beachrose.scada-gridworks.event.gt.sh.status-1729029300107-ear.electricity.works.json
2026-08-25 16:08:46,667 | WARNING | Unknown message type "gridworks.event.gt.sh.status" in hw1__1/eventstore/20241015/hw1.isone.ng.beachrose.scada-gridworks.event.gt.sh.status-1729029600125-ear.electricity.works.json
2026-08-25 16:08:46,667 | WARNING | Unknown message type "gridworks.event.gt.sh.status" in hw1__1/eventstore/20241015/hw1.isone.ng.beachrose.scada-gridworks.event.gt.sh.status-1729029600125-ear.electricity.works.json
2026-08-25 16:08:46,667 | WARNING | Unknown message type "gridworks.event.gt.sh.status" in hw1__1/eventstore/20241015/hw1.isone.ng.beachrose.scada-gridworks.event.gt.sh.status-1729029900123-ear.electricity.works.json
2026-08-25 16:08:46,667 | WARNING | Unknown message type "gridworks.event.gt.sh.status" in hw1__1/eventstore/20241015/hw1.isone.ng.beachrose.scada-gridworks.event.gt.sh.status-1729029900123-ear.electricity.works.json
2026-08-25 16:08:46,667 | WARNING | Unknown message type "gridworks.event.gt.sh.status" in hw1__1/eventstore/20241015/hw1.isone.ng.beachrose.scada-gridworks.event.gt.sh.status-1729030200126-ear.electricity.works.json
2026-08-25 16:08:46,667 | WARNING | Unknown message type "gridworks.event.gt.sh.status" in hw1__1/eventstore/20241015/hw1.isone.ng.beachrose.scada-gridworks.event.gt.sh.status-1729030200126-ear.electricity.works.json
2026-08-25 16:08:46,667 | WARNING | Unknown message type "gridworks.event.gt.sh.status" in hw1__1/eventstore/20241015/hw1.isone.ng.beachrose.scada-gridworks.event.gt.sh.status-1729030500111-ear.electricity.works.json
2026-08-25 16:08:46,667 | WARNING | Unknown message type "gridworks.event.gt.sh.status" in hw1__1/eventstore/20241015/hw1.isone.ng.beachrose.scada-gridworks.event.gt.sh.status-1729030500111-ear.electricity.works.json
2026-08-25 16:08:46,667 | WARNING | Unknown message type "gridworks.event.gt.sh.status" in hw1__1/eventstore/20241015/hw1.isone.ng.beachrose.scada-gridworks.event.gt.sh.status-1729030800141-ear.electricity.works.json
2026-08-25 16:08:46,667 | WARNING | Unknown message type "gridworks.event.gt.sh.status" in hw1__1/eventstore/20241015/hw1.isone.ng.beachrose.scada-gridworks.event.gt.sh.status-1729030800141-ear.electricity.works.json
2026-08-25 16:08:46,667 | WARNING | Unknown message type "gridworks.event.gt.sh.status" in hw1__1/eventstore/20241015/hw1.isone.ng.beachrose.scada-gridworks.event.gt.sh.status-1729031100115-ear.electricity.works.json
2026-08-25 16:08:46,667 | WARNING | Unknown message type "gridworks.event.gt.sh.status" in hw1__1/eventstore/20241015/hw1.isone.ng.beachrose.scada-gridworks.event.gt.sh.status-1729031100115-ear.electricity.works.json
2026-08-25 16:08:46,667 | WARNING | Unknown message type "gridworks.event.gt.sh.status" in hw1__1/eventstore/20241015/hw1.isone.ng.beachrose.scada-gridworks.event.gt.sh.status-1729031400137-ear.electricity.works.json
2026-08-25 16:08:46,667 | WARNING | Unknown message type "gridworks.event.gt.sh.status" in hw1__1/eventstore/20241015/hw1.isone.ng.beachrose.scada-gridworks.event.gt.sh.status-1729031400137-ear.electricity.works.json
2026-08-25 16:08:46,667 | WARNING | Unknown message type "gridworks.event.gt.sh.status" in hw1__1/eventstore/20241015/hw1.isone.ng.beachrose.scada-gridworks.event.gt.sh.status-1729031700111-ear.electricity.works.json
2026-08-25 16:08:46,667 | WARNING | Unknown message type "gridworks.event.gt.sh.status" in hw1__1/eventstore/20241015/hw1.isone.ng.beachrose.scada-gridworks.event.gt.sh.status-1729031700111-ear.electricity.works.json
2026-08-25 16:08:46,667 | WARNING | Unknown message type "gridworks.event.gt.sh.status" in hw1__1/eventstore/20241015/hw1.isone.ng.beachrose.scada-gridworks.event.gt.sh.status-1729032000132-ear.electricity.works.json
2026-08-25 16:08:46,667 | WARNING | Unknown message type "gridworks.event.gt.sh.status" in hw1__1/eventstore/20241015/hw1.isone.ng.beachrose.scada-gridworks.event.gt.sh.status-1729032000132-ear.electricity.works.json
2026-08-25 16:08:46,667 | WARNING | Unknown message type "gridworks.event.gt.sh.status" in hw1__1/eventstore/20241015/hw1.isone.ng.beachrose.scada-gridworks.event.gt.sh.status-1729032300155-ear.electricity.works.json
2026-08-25 16:08:46,667 | WARNING | Unknown message type "gridworks.event.gt.sh.status" in hw1__1/eventstore/20241015/hw1.isone.ng.beachrose.scada-gridworks.event.gt.sh.status-1729032300155-ear.electricity.works.json
2026-08-25 16:08:46,667 | WARNING | Unknown message type "gridworks.event.gt.sh.status" in hw1__1/eventstore/20241015/hw1.isone.ng.beachrose.scada-gridworks.event.gt.sh.status-1729032600153-ear.electricity.works.json
2026-08-25 16:08:46,667 | WARNING | Unknown message type "gridworks.event.gt.sh.status" in hw1__1/eventstore/20241015/hw1.isone.ng.beachrose.scada-gridworks.event.gt.sh.status-1729032600153-ear.electricity.works.json
2026-08-25 16:08:46,667 | WARNING | Unknown message type "gridworks.event.gt.sh.status" in hw1__1/eventstore/20241015/hw1.isone.ng.beachrose.scada-gridworks.event.gt.sh.status-1729032900134-ear.electricity.works.json
2026-08-25 16:08:46,667 | WARNING | Unknown message type "gridworks.event.gt.sh.status" in hw1__1/eventstore/20241015/hw1.isone.ng.beachrose.scada-gridworks.event.gt.sh.status-1729032900134-ear.electricity.works.json
2026-08-25 16:08:46,667 | WARNING | Unknown message type "gridworks.event.gt.sh.status" in hw1__1/eventstore/20241015/hw1.isone.ng.beachrose.scada-gridworks.event.gt.sh.status-1729033200142-ear.electricity.works.json
2026-08-25 16:08:46,667 | WARNING | Unknown message type "gridworks.event.gt.sh.status" in hw1__1/eventstore/20241015/hw1.isone.ng.beachrose.scada-gridworks.event.gt.sh.status-1729033200142-ear.electricity.works.json
2026-08-25 16:08:46,667 | WARNING | Unknown message type "gridworks.event.gt.sh.status" in hw1__1/eventstore/20241015/hw1.isone.ng.beachrose.scada-gridworks.event.gt.sh.status-1729033500133-ear.electricity.works.json
2026-08-25 16:08:46,667 | WARNING | Unknown message type "gridworks.event.gt.sh.status" in hw1__1/eventstore/20241015/hw1.isone.ng.beachrose.scada-gridworks.event.gt.sh.status-1729033500133-ear.electricity.works.json
2026-08-25 16:08:46,667 | WARNING | Unknown message type "gridworks.event.gt.sh.status" in hw1__1/eventstore/20241015/hw1.isone.ng.beachrose.scada-gridworks.event.gt.sh.status-1729033800136-ear.electricity.works.json
2026-08-25 16:08:46,667 | WARNING | Unknown message type "gridworks.event.gt.sh.status" in hw1__1/eventstore/20241015/hw1.isone.ng.beachrose.scada-gridworks.event.gt.sh.status-1729033800136-ear.electricity.works.json
2026-08-25 16:08:46,667 | WARNING | Unknown message type "gridworks.event.gt.sh.status" in hw1__1/eventstore/20241015/hw1.isone.ng.beachrose.scada-gridworks.event.gt.sh.status-1729034100216-ear.electricity.works.json
2026-08-25 16:08:46,667 | WARNING | Unknown message type "gridworks.event.gt.sh.status" in hw1__1/eventstore/20241015/hw1.isone.ng.beachrose.scada-gridworks.event.gt.sh.status-1729034100216-ear.electricity.works.json
2026-08-25 16:08:46,667 | WARNING | Unknown message type "gridworks.event.gt.sh.status" in hw1__1/eventstore/20241015/hw1.isone.ng.beachrose.scada-gridworks.event.gt.sh.status-1729034400208-ear.electricity.works.json
2026-08-25 16:08:46,667 | WARNING | Unknown message type "gridworks.event.gt.sh.status" in hw1__1/eventstore/20241015/hw1.isone.ng.beachrose.scada-gridworks.event.gt.sh.status-1729034400208-ear.electricity.works.json
2026-08-25 16:08:46,667 | WARNING | Unknown message type "gridworks.event.gt.sh.status" in hw1__1/eventstore/20241015/hw1.isone.ng.beachrose.scada-gridworks.event.gt.sh.status-1729034700114-ear.electricity.works.json
2026-08-25 16:08:46,667 | WARNING | Unknown message type "gridworks.event.gt.sh.status" in hw1__1/eventstore/20241015/hw1.isone.ng.beachrose.scada-gridworks.event.gt.sh.status-1729034700114-ear.electricity.works.json
2026-08-25 16:08:46,667 | WARNING | Unknown message type "gridworks.event.gt.sh.status" in hw1__1/eventstore/20241015/hw1.isone.ng.beachrose.scada-gridworks.event.gt.sh.status-1729035000210-ear.electricity.works.json
2026-08-25 16:08:46,667 | WARNING | Unknown message type "gridworks.event.gt.sh.status" in hw1__1/eventstore/20241015/hw1.isone.ng.beachrose.scada-gridworks.event.gt.sh.status-1729035000210-ear.electricity.works.json
2026-08-25 16:08:46,667 | WARNING | Unknown message type "gridworks.event.gt.sh.status" in hw1__1/eventstore/20241015/hw1.isone.ng.beachrose.scada-gridworks.event.gt.sh.status-1729035300141-ear.electricity.works.json
2026-08-25 16:08:46,667 | WARNING | Unknown message type "gridworks.event.gt.sh.status" in hw1__1/eventstore/20241015/hw1.isone.ng.beachrose.scada-gridworks.event.gt.sh.status-1729035300141-ear.electricity.works.json
2026-08-25 16:08:46,667 | WARNING | Unknown message type "gridworks.event.gt.sh.status" in hw1__1/eventstore/20241015/hw1.isone.ng.beachrose.scada-gridworks.event.gt.sh.status-1729035600133-ear.electricity.works.json
2026-08-25 16:08:46,667 | WARNING | Unknown message type "gridworks.event.gt.sh.status" in hw1__1/eventstore/20241015/hw1.isone.ng.beachrose.scada-gridworks.event.gt.sh.status-1729035600133-ear.electricity.works.json
2026-08-25 16:08:46,667 | WARNING | Unknown message type "gridworks.event.gt.sh.status" in hw1__1/eventstore/20241015/hw1.isone.ng.beachrose.scada-gridworks.event.gt.sh.status-1729035900170-ear.electricity.works.json
2026-08-25 16:08:46,667 | WARNING | Unknown message type "gridworks.event.gt.sh.status" in hw1__1/eventstore/20241015/hw1.isone.ng.beachrose.scada-gridworks.event.gt.sh.status-1729035900170-ear.electricity.works.json
2026-08-25 16:08:46,667 | WARNING | Unknown message type "gridworks.event.gt.sh.status" in hw1__1/eventstore/20241015/hw1.isone.ng.beachrose.scada-gridworks.event.gt.sh.status-1729036200202-ear.electricity.works.json
2026-08-25 16:08:46,667 | WARNING | Unknown message type "gridworks.event.gt.sh.status" in hw1__1/eventstore/20241015/hw1.isone.ng.beachrose.scada-gridworks.event.gt.sh.status-1729036200202-ear.electricity.works.json
2026-08-25 16:08:46,667 | WARNING | Unknown message type "gridworks.event.gt.sh.status" in hw1__1/eventstore/20241015/hw1.isone.ng.beachrose.scada-gridworks.event.gt.sh.status-1729036500151-ear.electricity.works.json
2026-08-25 16:08:46,667 | WARNING | Unknown message type "gridworks.event.gt.sh.status" in hw1__1/eventstore/20241015/hw1.isone.ng.beachrose.scada-gridworks.event.gt.sh.status-1729036500151-ear.electricity.works.json
2026-08-25 16:08:46,667 | WARNING | Unknown message type "gridworks.event.gt.sh.status" in hw1__1/eventstore/20241015/hw1.isone.ng.beachrose.scada-gridworks.event.gt.sh.status-1729036800166-ear.electricity.works.json
2026-08-25 16:08:46,667 | WARNING | Unknown message type "gridworks.event.gt.sh.status" in hw1__1/eventstore/20241015/hw1.isone.ng.beachrose.scada-gridworks.event.gt.sh.status-1729036800166-ear.electricity.works.json
2026-08-25 16:08:46,667 | WARNING | Unknown message type "gridworks.event.snapshot.spaceheat" in hw1__1/eventstore/20241015/hw1.isone.ng.beachrose.scada-gridworks.event.snapshot.spaceheat-1728972899961-ear.electricity.works.json
2026-08-25 16:08:46,667 | WARNING | Unknown message type "gridworks.event.snapshot.spaceheat" in hw1__1/eventstore/20241015/hw1.isone.ng.beachrose.scada-gridworks.event.snapshot.spaceheat-1728972899961-ear.electricity.works.json
2026-08-25 16:08:46,667 | WARNING | Unknown message type "gridworks.event.snapshot.spaceheat" in hw1__1/eventstore/20241015/hw1.isone.ng.beachrose.scada-gridworks.event.snapshot.spaceheat-1728973200008-ear.electricity.works.json
2026-08-25 16:08:46,667 | WARNING | Unknown message type "gridworks.event.snapshot.spaceheat" in hw1__1/eventstore/20241015/hw1.isone.ng.beachrose.scada-gridworks.event.snapshot.spaceheat-1728973200008-ear.electricity.works.json
2026-08-25 16:08:46,667 | WARNING | Unknown message type "gridworks.event.snapshot.spaceheat" in hw1__1/eventstore/20241015/hw1.isone.ng.beachrose.scada-gridworks.event.snapshot.spaceheat-1728973499946-ear.electricity.works.json
2026-08-25 16:08:46,667 | WARNING | Unknown message type "gridworks.event.snapshot.spaceheat" in hw1__1/eventstore/20241015/hw1.isone.ng.beachrose.scada-gridworks.event.snapshot.spaceheat-1728973499946-ear.electricity.works.json
2026-08-25 16:08:46,667 | WARNING | Unknown message type "gridworks.event.snapshot.spaceheat" in hw1__1/eventstore/20241015/hw1.isone.ng.beachrose.scada-gridworks.event.snapshot.spaceheat-1728973800070-ear.electricity.works.json
2026-08-25 16:08:46,667 | WARNING | Unknown message type "gridworks.event.snapshot.spaceheat" in hw1__1/eventstore/20241015/hw1.isone.ng.beachrose.scada-gridworks.event.snapshot.spaceheat-1728973800070-ear.electricity.works.json
2026-08-25 16:08:46,667 | WARNING | Unknown message type "gridworks.event.snapshot.spaceheat" in hw1__1/eventstore/20241015/hw1.isone.ng.beachrose.scada-gridworks.event.snapshot.spaceheat-1728974100006-ear.electricity.works.json
2026-08-25 16:08:46,667 | WARNING | Unknown message type "gridworks.event.snapshot.spaceheat" in hw1__1/eventstore/20241015/hw1.isone.ng.beachrose.scada-gridworks.event.snapshot.spaceheat-1728974100006-ear.electricity.works.json
2026-08-25 16:08:46,667 | WARNING | Unknown message type "gridworks.event.snapshot.spaceheat" in hw1__1/eventstore/20241015/hw1.isone.ng.beachrose.scada-gridworks.event.snapshot.spaceheat-1728974400133-ear.electricity.works.json
2026-08-25 16:08:46,667 | WARNING | Unknown message type "gridworks.event.snapshot.spaceheat" in hw1__1/eventstore/20241015/hw1.isone.ng.beachrose.scada-gridworks.event.snapshot.spaceheat-1728974400133-ear.electricity.works.json
2026-08-25 16:08:46,667 | WARNING | Unknown message type "gridworks.event.snapshot.spaceheat" in hw1__1/eventstore/20241015/hw1.isone.ng.beachrose.scada-gridworks.event.snapshot.spaceheat-1728974700316-ear.electricity.works.json
2026-08-25 16:08:46,667 | WARNING | Unknown message type "gridworks.event.snapshot.spaceheat" in hw1__1/eventstore/20241015/hw1.isone.ng.beachrose.scada-gridworks.event.snapshot.spaceheat-1728974700316-ear.electricity.works.json
2026-08-25 16:08:46,667 | WARNING | Unknown message type "gridworks.event.snapshot.spaceheat" in hw1__1/eventstore/20241015/hw1.isone.ng.beachrose.scada-gridworks.event.snapshot.spaceheat-1728975000542-ear.electricity.works.json
2026-08-25 16:08:46,667 | WARNING | Unknown message type "gridworks.event.snapshot.spaceheat" in hw1__1/eventstore/20241015/hw1.isone.ng.beachrose.scada-gridworks.event.snapshot.spaceheat-1728975000542-ear.electricity.works.json
2026-08-25 16:08:46,667 | WARNING | Unknown message type "gridworks.event.snapshot.spaceheat" in hw1__1/eventstore/20241015/hw1.isone.ng.beachrose.scada-gridworks.event.snapshot.spaceheat-1728975300513-ear.electricity.works.json
2026-08-25 16:08:46,667 | WARNING | Unknown message type "gridworks.event.snapshot.spaceheat" in hw1__1/eventstore/20241015/hw1.isone.ng.beachrose.scada-gridworks.event.snapshot.spaceheat-1728975300513-ear.electricity.works.json
2026-08-25 16:08:46,667 | WARNING | Unknown message type "gridworks.event.snapshot.spaceheat" in hw1__1/eventstore/20241015/hw1.isone.ng.beachrose.scada-gridworks.event.snapshot.spaceheat-1728975600443-ear.electricity.works.json
2026-08-25 16:08:46,667 | WARNING | Unknown message type "gridworks.event.snapshot.spaceheat" in hw1__1/eventstore/20241015/hw1.isone.ng.beachrose.scada-gridworks.event.snapshot.spaceheat-1728975600443-ear.electricity.works.json
2026-08-25 16:08:46,667 | WARNING | Unknown message type "gridworks.event.snapshot.spaceheat" in hw1__1/eventstore/20241015/hw1.isone.ng.beachrose.scada-gridworks.event.snapshot.spaceheat-1728975900436-ear.electricity.works.json
2026-08-25 16:08:46,667 | WARNING | Unknown message type "gridworks.event.snapshot.spaceheat" in hw1__1/eventstore/20241015/hw1.isone.ng.beachrose.scada-gridworks.event.snapshot.spaceheat-1728975900436-ear.electricity.works.json
2026-08-25 16:08:46,667 | WARNING | Unknown message type "gridworks.event.snapshot.spaceheat" in hw1__1/eventstore/20241015/hw1.isone.ng.beachrose.scada-gridworks.event.snapshot.spaceheat-1728976200441-ear.electricity.works.json
2026-08-25 16:08:46,667 | WARNING | Unknown message type "gridworks.event.snapshot.spaceheat" in hw1__1/eventstore/20241015/hw1.isone.ng.beachrose.scada-gridworks.event.snapshot.spaceheat-1728976200441-ear.electricity.works.json
2026-08-25 16:08:46,667 | WARNING | Unknown message type "gridworks.event.snapshot.spaceheat" in hw1__1/eventstore/20241015/hw1.isone.ng.beachrose.scada-gridworks.event.snapshot.spaceheat-1728976500581-ear.electricity.works.json
2026-08-25 16:08:46,667 | WARNING | Unknown message type "gridworks.event.snapshot.spaceheat" in hw1__1/eventstore/20241015/hw1.isone.ng.beachrose.scada-gridworks.event.snapshot.spaceheat-1728976500581-ear.electricity.works.json
2026-08-25 16:08:46,667 | WARNING | Unknown message type "gridworks.event.snapshot.spaceheat" in hw1__1/eventstore/20241015/hw1.isone.ng.beachrose.scada-gridworks.event.snapshot.spaceheat-1728976800553-ear.electricity.works.json
2026-08-25 16:08:46,667 | WARNING | Unknown message type "gridworks.event.snapshot.spaceheat" in hw1__1/eventstore/20241015/hw1.isone.ng.beachrose.scada-gridworks.event.snapshot.spaceheat-1728976800553-ear.electricity.works.json
2026-08-25 16:08:46,667 | WARNING | Unknown message type "gridworks.event.snapshot.spaceheat" in hw1__1/eventstore/20241015/hw1.isone.ng.beachrose.scada-gridworks.event.snapshot.spaceheat-1728977100531-ear.electricity.works.json
2026-08-25 16:08:46,667 | WARNING | Unknown message type "gridworks.event.snapshot.spaceheat" in hw1__1/eventstore/20241015/hw1.isone.ng.beachrose.scada-gridworks.event.snapshot.spaceheat-1728977100531-ear.electricity.works.json
2026-08-25 16:08:46,667 | WARNING | Unknown message type "gridworks.event.snapshot.spaceheat" in hw1__1/eventstore/20241015/hw1.isone.ng.beachrose.scada-gridworks.event.snapshot.spaceheat-1728977400389-ear.electricity.works.json
2026-08-25 16:08:46,667 | WARNING | Unknown message type "gridworks.event.snapshot.spaceheat" in hw1__1/eventstore/20241015/hw1.isone.ng.beachrose.scada-gridworks.event.snapshot.spaceheat-1728977400389-ear.electricity.works.json
2026-08-25 16:08:46,667 | WARNING | Unknown message type "gridworks.event.snapshot.spaceheat" in hw1__1/eventstore/20241015/hw1.isone.ng.beachrose.scada-gridworks.event.snapshot.spaceheat-1728977700277-ear.electricity.works.json
2026-08-25 16:08:46,667 | WARNING | Unknown message type "gridworks.event.snapshot.spaceheat" in hw1__1/eventstore/20241015/hw1.isone.ng.beachrose.scada-gridworks.event.snapshot.spaceheat-1728977700277-ear.electricity.works.json
2026-08-25 16:08:46,667 | WARNING | Unknown message type "gridworks.event.snapshot.spaceheat" in hw1__1/eventstore/20241015/hw1.isone.ng.beachrose.scada-gridworks.event.snapshot.spaceheat-1728978000297-ear.electricity.works.json
2026-08-25 16:08:46,667 | WARNING | Unknown message type "gridworks.event.snapshot.spaceheat" in hw1__1/eventstore/20241015/hw1.isone.ng.beachrose.scada-gridworks.event.snapshot.spaceheat-1728978000297-ear.electricity.works.json
2026-08-25 16:08:46,667 | WARNING | Unknown message type "gridworks.event.snapshot.spaceheat" in hw1__1/eventstore/20241015/hw1.isone.ng.beachrose.scada-gridworks.event.snapshot.spaceheat-1728978300214-ear.electricity.works.json
2026-08-25 16:08:46,667 | WARNING | Unknown message type "gridworks.event.snapshot.spaceheat" in hw1__1/eventstore/20241015/hw1.isone.ng.beachrose.scada-gridworks.event.snapshot.spaceheat-1728978300214-ear.electricity.works.json
2026-08-25 16:08:46,667 | WARNING | Unknown message type "gridworks.event.snapshot.spaceheat" in hw1__1/eventstore/20241015/hw1.isone.ng.beachrose.scada-gridworks.event.snapshot.spaceheat-1728978600269-ear.electricity.works.json
2026-08-25 16:08:46,667 | WARNING | Unknown message type "gridworks.event.snapshot.spaceheat" in hw1__1/eventstore/20241015/hw1.isone.ng.beachrose.scada-gridworks.event.snapshot.spaceheat-1728978600269-ear.electricity.works.json
2026-08-25 16:08:46,667 | WARNING | Unknown message type "gridworks.event.snapshot.spaceheat" in hw1__1/eventstore/20241015/hw1.isone.ng.beachrose.scada-gridworks.event.snapshot.spaceheat-1728978900202-ear.electricity.works.json
2026-08-25 16:08:46,667 | WARNING | Unknown message type "gridworks.event.snapshot.spaceheat" in hw1__1/eventstore/20241015/hw1.isone.ng.beachrose.scada-gridworks.event.snapshot.spaceheat-1728978900202-ear.electricity.works.json
2026-08-25 16:08:46,667 | WARNING | Unknown message type "gridworks.event.snapshot.spaceheat" in hw1__1/eventstore/20241015/hw1.isone.ng.beachrose.scada-gridworks.event.snapshot.spaceheat-1728979200203-ear.electricity.works.json
2026-08-25 16:08:46,667 | WARNING | Unknown message type "gridworks.event.snapshot.spaceheat" in hw1__1/eventstore/20241015/hw1.isone.ng.beachrose.scada-gridworks.event.snapshot.spaceheat-1728979200203-ear.electricity.works.json
2026-08-25 16:08:46,667 | WARNING | Unknown message type "gridworks.event.snapshot.spaceheat" in hw1__1/eventstore/20241015/hw1.isone.ng.beachrose.scada-gridworks.event.snapshot.spaceheat-1728979500268-ear.electricity.works.json
2026-08-25 16:08:46,667 | WARNING | Unknown message type "gridworks.event.snapshot.spaceheat" in hw1__1/eventstore/20241015/hw1.isone.ng.beachrose.scada-gridworks.event.snapshot.spaceheat-1728979500268-ear.electricity.works.json
2026-08-25 16:08:46,667 | WARNING | Unknown message type "gridworks.event.snapshot.spaceheat" in hw1__1/eventstore/20241015/hw1.isone.ng.beachrose.scada-gridworks.event.snapshot.spaceheat-1728979800137-ear.electricity.works.json
2026-08-25 16:08:46,667 | WARNING | Unknown message type "gridworks.event.snapshot.spaceheat" in hw1__1/eventstore/20241015/hw1.isone.ng.beachrose.scada-gridworks.event.snapshot.spaceheat-1728979800137-ear.electricity.works.json
2026-08-25 16:08:46,667 | WARNING | Unknown message type "gridworks.event.snapshot.spaceheat" in hw1__1/eventstore/20241015/hw1.isone.ng.beachrose.scada-gridworks.event.snapshot.spaceheat-1728980100143-ear.electricity.works.json
2026-08-25 16:08:46,667 | WARNING | Unknown message type "gridworks.event.snapshot.spaceheat" in hw1__1/eventstore/20241015/hw1.isone.ng.beachrose.scada-gridworks.event.snapshot.spaceheat-1728980100143-ear.electricity.works.json
2026-08-25 16:08:46,667 | WARNING | Unknown message type "gridworks.event.snapshot.spaceheat" in hw1__1/eventstore/20241015/hw1.isone.ng.beachrose.scada-gridworks.event.snapshot.spaceheat-1728980400139-ear.electricity.works.json
2026-08-25 16:08:46,667 | WARNING | Unknown message type "gridworks.event.snapshot.spaceheat" in hw1__1/eventstore/20241015/hw1.isone.ng.beachrose.scada-gridworks.event.snapshot.spaceheat-1728980400139-ear.electricity.works.json
2026-08-25 16:08:46,667 | WARNING | Unknown message type "gridworks.event.snapshot.spaceheat" in hw1__1/eventstore/20241015/hw1.isone.ng.beachrose.scada-gridworks.event.snapshot.spaceheat-1728980700260-ear.electricity.works.json
2026-08-25 16:08:46,667 | WARNING | Unknown message type "gridworks.event.snapshot.spaceheat" in hw1__1/eventstore/20241015/hw1.isone.ng.beachrose.scada-gridworks.event.snapshot.spaceheat-1728980700260-ear.electricity.works.json
2026-08-25 16:08:46,667 | WARNING | Unknown message type "gridworks.event.snapshot.spaceheat" in hw1__1/eventstore/20241015/hw1.isone.ng.beachrose.scada-gridworks.event.snapshot.spaceheat-1728981000215-ear.electricity.works.json
2026-08-25 16:08:46,667 | WARNING | Unknown message type "gridworks.event.snapshot.spaceheat" in hw1__1/eventstore/20241015/hw1.isone.ng.beachrose.scada-gridworks.event.snapshot.spaceheat-1728981000215-ear.electricity.works.json
2026-08-25 16:08:46,667 | WARNING | Unknown message type "gridworks.event.snapshot.spaceheat" in hw1__1/eventstore/20241015/hw1.isone.ng.beachrose.scada-gridworks.event.snapshot.spaceheat-1728981300218-ear.electricity.works.json
2026-08-25 16:08:46,667 | WARNING | Unknown message type "gridworks.event.snapshot.spaceheat" in hw1__1/eventstore/20241015/hw1.isone.ng.beachrose.scada-gridworks.event.snapshot.spaceheat-1728981300218-ear.electricity.works.json
2026-08-25 16:08:46,667 | WARNING | Unknown message type "gridworks.event.snapshot.spaceheat" in hw1__1/eventstore/20241015/hw1.isone.ng.beachrose.scada-gridworks.event.snapshot.spaceheat-1728981600166-ear.electricity.works.json
2026-08-25 16:08:46,667 | WARNING | Unknown message type "gridworks.event.snapshot.spaceheat" in hw1__1/eventstore/20241015/hw1.isone.ng.beachrose.scada-gridworks.event.snapshot.spaceheat-1728981600166-ear.electricity.works.json
2026-08-25 16:08:46,667 | WARNING | Unknown message type "gridworks.event.snapshot.spaceheat" in hw1__1/eventstore/20241015/hw1.isone.ng.beachrose.scada-gridworks.event.snapshot.spaceheat-1728981900159-ear.electricity.works.json
2026-08-25 16:08:46,667 | WARNING | Unknown message type "gridworks.event.snapshot.spaceheat" in hw1__1/eventstore/20241015/hw1.isone.ng.beachrose.scada-gridworks.event.snapshot.spaceheat-1728981900159-ear.electricity.works.json
2026-08-25 16:08:46,667 | WARNING | Unknown message type "gridworks.event.snapshot.spaceheat" in hw1__1/eventstore/20241015/hw1.isone.ng.beachrose.scada-gridworks.event.snapshot.spaceheat-1728982200236-ear.electricity.works.json
2026-08-25 16:08:46,667 | WARNING | Unknown message type "gridworks.event.snapshot.spaceheat" in hw1__1/eventstore/20241015/hw1.isone.ng.beachrose.scada-gridworks.event.snapshot.spaceheat-1728982200236-ear.electricity.works.json
2026-08-25 16:08:46,667 | WARNING | Unknown message type "gridworks.event.snapshot.spaceheat" in hw1__1/eventstore/20241015/hw1.isone.ng.beachrose.scada-gridworks.event.snapshot.spaceheat-1728982500251-ear.electricity.works.json
2026-08-25 16:08:46,667 | WARNING | Unknown message type "gridworks.event.snapshot.spaceheat" in hw1__1/eventstore/20241015/hw1.isone.ng.beachrose.scada-gridworks.event.snapshot.spaceheat-1728982500251-ear.electricity.works.json
2026-08-25 16:08:46,667 | WARNING | Unknown message type "gridworks.event.snapshot.spaceheat" in hw1__1/eventstore/20241015/hw1.isone.ng.beachrose.scada-gridworks.event.snapshot.spaceheat-1728982800241-ear.electricity.works.json
2026-08-25 16:08:46,667 | WARNING | Unknown message type "gridworks.event.snapshot.spaceheat" in hw1__1/eventstore/20241015/hw1.isone.ng.beachrose.scada-gridworks.event.snapshot.spaceheat-1728982800241-ear.electricity.works.json
2026-08-25 16:08:46,667 | WARNING | Unknown message type "gridworks.event.snapshot.spaceheat" in hw1__1/eventstore/20241015/hw1.isone.ng.beachrose.scada-gridworks.event.snapshot.spaceheat-1728983100263-ear.electricity.works.json
2026-08-25 16:08:46,667 | WARNING | Unknown message type "gridworks.event.snapshot.spaceheat" in hw1__1/eventstore/20241015/hw1.isone.ng.beachrose.scada-gridworks.event.snapshot.spaceheat-1728983100263-ear.electricity.works.json
2026-08-25 16:08:46,667 | WARNING | Unknown message type "gridworks.event.snapshot.spaceheat" in hw1__1/eventstore/20241015/hw1.isone.ng.beachrose.scada-gridworks.event.snapshot.spaceheat-1728983400231-ear.electricity.works.json
2026-08-25 16:08:46,667 | WARNING | Unknown message type "gridworks.event.snapshot.spaceheat" in hw1__1/eventstore/20241015/hw1.isone.ng.beachrose.scada-gridworks.event.snapshot.spaceheat-1728983400231-ear.electricity.works.json
2026-08-25 16:08:46,668 | WARNING | Unknown message type "gridworks.event.snapshot.spaceheat" in hw1__1/eventstore/20241015/hw1.isone.ng.beachrose.scada-gridworks.event.snapshot.spaceheat-1728983700267-ear.electricity.works.json
2026-08-25 16:08:46,668 | WARNING | Unknown message type "gridworks.event.snapshot.spaceheat" in hw1__1/eventstore/20241015/hw1.isone.ng.beachrose.scada-gridworks.event.snapshot.spaceheat-1728983700267-ear.electricity.works.json
2026-08-25 16:08:46,668 | WARNING | Unknown message type "gridworks.event.snapshot.spaceheat" in hw1__1/eventstore/20241015/hw1.isone.ng.beachrose.scada-gridworks.event.snapshot.spaceheat-1728984000210-ear.electricity.works.json
2026-08-25 16:08:46,668 | WARNING | Unknown message type "gridworks.event.snapshot.spaceheat" in hw1__1/eventstore/20241015/hw1.isone.ng.beachrose.scada-gridworks.event.snapshot.spaceheat-1728984000210-ear.electricity.works.json
2026-08-25 16:08:46,668 | WARNING | Unknown message type "gridworks.event.snapshot.spaceheat" in hw1__1/eventstore/20241015/hw1.isone.ng.beachrose.scada-gridworks.event.snapshot.spaceheat-1728984300238-ear.electricity.works.json
2026-08-25 16:08:46,668 | WARNING | Unknown message type "gridworks.event.snapshot.spaceheat" in hw1__1/eventstore/20241015/hw1.isone.ng.beachrose.scada-gridworks.event.snapshot.spaceheat-1728984300238-ear.electricity.works.json
2026-08-25 16:08:46,668 | WARNING | Unknown message type "gridworks.event.snapshot.spaceheat" in hw1__1/eventstore/20241015/hw1.isone.ng.beachrose.scada-gridworks.event.snapshot.spaceheat-1728984600365-ear.electricity.works.json
2026-08-25 16:08:46,668 | WARNING | Unknown message type "gridworks.event.snapshot.spaceheat" in hw1__1/eventstore/20241015/hw1.isone.ng.beachrose.scada-gridworks.event.snapshot.spaceheat-1728984600365-ear.electricity.works.json
2026-08-25 16:08:46,668 | WARNING | Unknown message type "gridworks.event.snapshot.spaceheat" in hw1__1/eventstore/20241015/hw1.isone.ng.beachrose.scada-gridworks.event.snapshot.spaceheat-1728984900300-ear.electricity.works.json
2026-08-25 16:08:46,668 | WARNING | Unknown message type "gridworks.event.snapshot.spaceheat" in hw1__1/eventstore/20241015/hw1.isone.ng.beachrose.scada-gridworks.event.snapshot.spaceheat-1728984900300-ear.electricity.works.json
2026-08-25 16:08:46,668 | WARNING | Unknown message type "gridworks.event.snapshot.spaceheat" in hw1__1/eventstore/20241015/hw1.isone.ng.beachrose.scada-gridworks.event.snapshot.spaceheat-1728985200298-ear.electricity.works.json
2026-08-25 16:08:46,668 | WARNING | Unknown message type "gridworks.event.snapshot.spaceheat" in hw1__1/eventstore/20241015/hw1.isone.ng.beachrose.scada-gridworks.event.snapshot.spaceheat-1728985200298-ear.electricity.works.json
2026-08-25 16:08:46,668 | WARNING | Unknown message type "gridworks.event.snapshot.spaceheat" in hw1__1/eventstore/20241015/hw1.isone.ng.beachrose.scada-gridworks.event.snapshot.spaceheat-1728985500305-ear.electricity.works.json
2026-08-25 16:08:46,668 | WARNING | Unknown message type "gridworks.event.snapshot.spaceheat" in hw1__1/eventstore/20241015/hw1.isone.ng.beachrose.scada-gridworks.event.snapshot.spaceheat-1728985500305-ear.electricity.works.json
2026-08-25 16:08:46,668 | WARNING | Unknown message type "gridworks.event.snapshot.spaceheat" in hw1__1/eventstore/20241015/hw1.isone.ng.beachrose.scada-gridworks.event.snapshot.spaceheat-1728985800231-ear.electricity.works.json
2026-08-25 16:08:46,668 | WARNING | Unknown message type "gridworks.event.snapshot.spaceheat" in hw1__1/eventstore/20241015/hw1.isone.ng.beachrose.scada-gridworks.event.snapshot.spaceheat-1728985800231-ear.electricity.works.json
2026-08-25 16:08:46,668 | WARNING | Unknown message type "gridworks.event.snapshot.spaceheat" in hw1__1/eventstore/20241015/hw1.isone.ng.beachrose.scada-gridworks.event.snapshot.spaceheat-1728986100338-ear.electricity.works.json
2026-08-25 16:08:46,668 | WARNING | Unknown message type "gridworks.event.snapshot.spaceheat" in hw1__1/eventstore/20241015/hw1.isone.ng.beachrose.scada-gridworks.event.snapshot.spaceheat-1728986100338-ear.electricity.works.json
2026-08-25 16:08:46,668 | WARNING | Unknown message type "gridworks.event.snapshot.spaceheat" in hw1__1/eventstore/20241015/hw1.isone.ng.beachrose.scada-gridworks.event.snapshot.spaceheat-1728986400218-ear.electricity.works.json
2026-08-25 16:08:46,668 | WARNING | Unknown message type "gridworks.event.snapshot.spaceheat" in hw1__1/eventstore/20241015/hw1.isone.ng.beachrose.scada-gridworks.event.snapshot.spaceheat-1728986400218-ear.electricity.works.json
2026-08-25 16:08:46,668 | WARNING | Unknown message type "gridworks.event.snapshot.spaceheat" in hw1__1/eventstore/20241015/hw1.isone.ng.beachrose.scada-gridworks.event.snapshot.spaceheat-1728986700254-ear.electricity.works.json
2026-08-25 16:08:46,668 | WARNING | Unknown message type "gridworks.event.snapshot.spaceheat" in hw1__1/eventstore/20241015/hw1.isone.ng.beachrose.scada-gridworks.event.snapshot.spaceheat-1728986700254-ear.electricity.works.json
2026-08-25 16:08:46,668 | WARNING | Unknown message type "gridworks.event.snapshot.spaceheat" in hw1__1/eventstore/20241015/hw1.isone.ng.beachrose.scada-gridworks.event.snapshot.spaceheat-1728987000226-ear.electricity.works.json
2026-08-25 16:08:46,668 | WARNING | Unknown message type "gridworks.event.snapshot.spaceheat" in hw1__1/eventstore/20241015/hw1.isone.ng.beachrose.scada-gridworks.event.snapshot.spaceheat-1728987000226-ear.electricity.works.json
2026-08-25 16:08:46,668 | WARNING | Unknown message type "gridworks.event.snapshot.spaceheat" in hw1__1/eventstore/20241015/hw1.isone.ng.beachrose.scada-gridworks.event.snapshot.spaceheat-1728987300339-ear.electricity.works.json
2026-08-25 16:08:46,668 | WARNING | Unknown message type "gridworks.event.snapshot.spaceheat" in hw1__1/eventstore/20241015/hw1.isone.ng.beachrose.scada-gridworks.event.snapshot.spaceheat-1728987300339-ear.electricity.works.json
2026-08-25 16:08:46,668 | WARNING | Unknown message type "gridworks.event.snapshot.spaceheat" in hw1__1/eventstore/20241015/hw1.isone.ng.beachrose.scada-gridworks.event.snapshot.spaceheat-1728987600249-ear.electricity.works.json
2026-08-25 16:08:46,668 | WARNING | Unknown message type "gridworks.event.snapshot.spaceheat" in hw1__1/eventstore/20241015/hw1.isone.ng.beachrose.scada-gridworks.event.snapshot.spaceheat-1728987600249-ear.electricity.works.json
2026-08-25 16:08:46,668 | WARNING | Unknown message type "gridworks.event.snapshot.spaceheat" in hw1__1/eventstore/20241015/hw1.isone.ng.beachrose.scada-gridworks.event.snapshot.spaceheat-1728987900213-ear.electricity.works.json
2026-08-25 16:08:46,668 | WARNING | Unknown message type "gridworks.event.snapshot.spaceheat" in hw1__1/eventstore/20241015/hw1.isone.ng.beachrose.scada-gridworks.event.snapshot.spaceheat-1728987900213-ear.electricity.works.json
2026-08-25 16:08:46,668 | WARNING | Unknown message type "gridworks.event.snapshot.spaceheat" in hw1__1/eventstore/20241015/hw1.isone.ng.beachrose.scada-gridworks.event.snapshot.spaceheat-1728988200242-ear.electricity.works.json
2026-08-25 16:08:46,668 | WARNING | Unknown message type "gridworks.event.snapshot.spaceheat" in hw1__1/eventstore/20241015/hw1.isone.ng.beachrose.scada-gridworks.event.snapshot.spaceheat-1728988200242-ear.electricity.works.json
2026-08-25 16:08:46,668 | WARNING | Unknown message type "gridworks.event.snapshot.spaceheat" in hw1__1/eventstore/20241015/hw1.isone.ng.beachrose.scada-gridworks.event.snapshot.spaceheat-1728988500316-ear.electricity.works.json
2026-08-25 16:08:46,668 | WARNING | Unknown message type "gridworks.event.snapshot.spaceheat" in hw1__1/eventstore/20241015/hw1.isone.ng.beachrose.scada-gridworks.event.snapshot.spaceheat-1728988500316-ear.electricity.works.json
2026-08-25 16:08:46,668 | WARNING | Unknown message type "gridworks.event.snapshot.spaceheat" in hw1__1/eventstore/20241015/hw1.isone.ng.beachrose.scada-gridworks.event.snapshot.spaceheat-1728988800240-ear.electricity.works.json
2026-08-25 16:08:46,668 | WARNING | Unknown message type "gridworks.event.snapshot.spaceheat" in hw1__1/eventstore/20241015/hw1.isone.ng.beachrose.scada-gridworks.event.snapshot.spaceheat-1728988800240-ear.electricity.works.json
2026-08-25 16:08:46,668 | WARNING | Unknown message type "gridworks.event.snapshot.spaceheat" in hw1__1/eventstore/20241015/hw1.isone.ng.beachrose.scada-gridworks.event.snapshot.spaceheat-1728989100222-ear.electricity.works.json
2026-08-25 16:08:46,668 | WARNING | Unknown message type "gridworks.event.snapshot.spaceheat" in hw1__1/eventstore/20241015/hw1.isone.ng.beachrose.scada-gridworks.event.snapshot.spaceheat-1728989100222-ear.electricity.works.json
2026-08-25 16:08:46,668 | WARNING | Unknown message type "gridworks.event.snapshot.spaceheat" in hw1__1/eventstore/20241015/hw1.isone.ng.beachrose.scada-gridworks.event.snapshot.spaceheat-1728989400294-ear.electricity.works.json
2026-08-25 16:08:46,668 | WARNING | Unknown message type "gridworks.event.snapshot.spaceheat" in hw1__1/eventstore/20241015/hw1.isone.ng.beachrose.scada-gridworks.event.snapshot.spaceheat-1728989400294-ear.electricity.works.json
2026-08-25 16:08:46,668 | WARNING | Unknown message type "gridworks.event.snapshot.spaceheat" in hw1__1/eventstore/20241015/hw1.isone.ng.beachrose.scada-gridworks.event.snapshot.spaceheat-1728989700251-ear.electricity.works.json
2026-08-25 16:08:46,668 | WARNING | Unknown message type "gridworks.event.snapshot.spaceheat" in hw1__1/eventstore/20241015/hw1.isone.ng.beachrose.scada-gridworks.event.snapshot.spaceheat-1728989700251-ear.electricity.works.json
2026-08-25 16:08:46,668 | WARNING | Unknown message type "gridworks.event.snapshot.spaceheat" in hw1__1/eventstore/20241015/hw1.isone.ng.beachrose.scada-gridworks.event.snapshot.spaceheat-1728990000242-ear.electricity.works.json
2026-08-25 16:08:46,668 | WARNING | Unknown message type "gridworks.event.snapshot.spaceheat" in hw1__1/eventstore/20241015/hw1.isone.ng.beachrose.scada-gridworks.event.snapshot.spaceheat-1728990000242-ear.electricity.works.json
2026-08-25 16:08:46,668 | WARNING | Unknown message type "gridworks.event.snapshot.spaceheat" in hw1__1/eventstore/20241015/hw1.isone.ng.beachrose.scada-gridworks.event.snapshot.spaceheat-1728990300239-ear.electricity.works.json
2026-08-25 16:08:46,668 | WARNING | Unknown message type "gridworks.event.snapshot.spaceheat" in hw1__1/eventstore/20241015/hw1.isone.ng.beachrose.scada-gridworks.event.snapshot.spaceheat-1728990300239-ear.electricity.works.json
2026-08-25 16:08:46,668 | WARNING | Unknown message type "gridworks.event.snapshot.spaceheat" in hw1__1/eventstore/20241015/hw1.isone.ng.beachrose.scada-gridworks.event.snapshot.spaceheat-1728990600266-ear.electricity.works.json
2026-08-25 16:08:46,668 | WARNING | Unknown message type "gridworks.event.snapshot.spaceheat" in hw1__1/eventstore/20241015/hw1.isone.ng.beachrose.scada-gridworks.event.snapshot.spaceheat-1728990600266-ear.electricity.works.json
2026-08-25 16:08:46,668 | WARNING | Unknown message type "gridworks.event.snapshot.spaceheat" in hw1__1/eventstore/20241015/hw1.isone.ng.beachrose.scada-gridworks.event.snapshot.spaceheat-1728990900193-ear.electricity.works.json
2026-08-25 16:08:46,668 | WARNING | Unknown message type "gridworks.event.snapshot.spaceheat" in hw1__1/eventstore/20241015/hw1.isone.ng.beachrose.scada-gridworks.event.snapshot.spaceheat-1728990900193-ear.electricity.works.json
2026-08-25 16:08:46,668 | WARNING | Unknown message type "gridworks.event.snapshot.spaceheat" in hw1__1/eventstore/20241015/hw1.isone.ng.beachrose.scada-gridworks.event.snapshot.spaceheat-1728991200269-ear.electricity.works.json
2026-08-25 16:08:46,668 | WARNING | Unknown message type "gridworks.event.snapshot.spaceheat" in hw1__1/eventstore/20241015/hw1.isone.ng.beachrose.scada-gridworks.event.snapshot.spaceheat-1728991200269-ear.electricity.works.json
2026-08-25 16:08:46,668 | WARNING | Unknown message type "gridworks.event.snapshot.spaceheat" in hw1__1/eventstore/20241015/hw1.isone.ng.beachrose.scada-gridworks.event.snapshot.spaceheat-1728991500242-ear.electricity.works.json
2026-08-25 16:08:46,668 | WARNING | Unknown message type "gridworks.event.snapshot.spaceheat" in hw1__1/eventstore/20241015/hw1.isone.ng.beachrose.scada-gridworks.event.snapshot.spaceheat-1728991500242-ear.electricity.works.json
2026-08-25 16:08:46,668 | WARNING | Unknown message type "gridworks.event.snapshot.spaceheat" in hw1__1/eventstore/20241015/hw1.isone.ng.beachrose.scada-gridworks.event.snapshot.spaceheat-1728991800273-ear.electricity.works.json
2026-08-25 16:08:46,668 | WARNING | Unknown message type "gridworks.event.snapshot.spaceheat" in hw1__1/eventstore/20241015/hw1.isone.ng.beachrose.scada-gridworks.event.snapshot.spaceheat-1728991800273-ear.electricity.works.json
2026-08-25 16:08:46,668 | WARNING | Unknown message type "gridworks.event.snapshot.spaceheat" in hw1__1/eventstore/20241015/hw1.isone.ng.beachrose.scada-gridworks.event.snapshot.spaceheat-1728992100314-ear.electricity.works.json
2026-08-25 16:08:46,668 | WARNING | Unknown message type "gridworks.event.snapshot.spaceheat" in hw1__1/eventstore/20241015/hw1.isone.ng.beachrose.scada-gridworks.event.snapshot.spaceheat-1728992100314-ear.electricity.works.json
2026-08-25 16:08:46,668 | WARNING | Unknown message type "gridworks.event.snapshot.spaceheat" in hw1__1/eventstore/20241015/hw1.isone.ng.beachrose.scada-gridworks.event.snapshot.spaceheat-1728992400303-ear.electricity.works.json
2026-08-25 16:08:46,668 | WARNING | Unknown message type "gridworks.event.snapshot.spaceheat" in hw1__1/eventstore/20241015/hw1.isone.ng.beachrose.scada-gridworks.event.snapshot.spaceheat-1728992400303-ear.electricity.works.json
2026-08-25 16:08:46,668 | WARNING | Unknown message type "gridworks.event.snapshot.spaceheat" in hw1__1/eventstore/20241015/hw1.isone.ng.beachrose.scada-gridworks.event.snapshot.spaceheat-1728992700386-ear.electricity.works.json
2026-08-25 16:08:46,668 | WARNING | Unknown message type "gridworks.event.snapshot.spaceheat" in hw1__1/eventstore/20241015/hw1.isone.ng.beachrose.scada-gridworks.event.snapshot.spaceheat-1728992700386-ear.electricity.works.json
2026-08-25 16:08:46,668 | WARNING | Unknown message type "gridworks.event.snapshot.spaceheat" in hw1__1/eventstore/20241015/hw1.isone.ng.beachrose.scada-gridworks.event.snapshot.spaceheat-1728993000346-ear.electricity.works.json
2026-08-25 16:08:46,668 | WARNING | Unknown message type "gridworks.event.snapshot.spaceheat" in hw1__1/eventstore/20241015/hw1.isone.ng.beachrose.scada-gridworks.event.snapshot.spaceheat-1728993000346-ear.electricity.works.json
2026-08-25 16:08:46,668 | WARNING | Unknown message type "gridworks.event.snapshot.spaceheat" in hw1__1/eventstore/20241015/hw1.isone.ng.beachrose.scada-gridworks.event.snapshot.spaceheat-1728993300273-ear.electricity.works.json
2026-08-25 16:08:46,668 | WARNING | Unknown message type "gridworks.event.snapshot.spaceheat" in hw1__1/eventstore/20241015/hw1.isone.ng.beachrose.scada-gridworks.event.snapshot.spaceheat-1728993300273-ear.electricity.works.json
2026-08-25 16:08:46,668 | WARNING | Unknown message type "gridworks.event.snapshot.spaceheat" in hw1__1/eventstore/20241015/hw1.isone.ng.beachrose.scada-gridworks.event.snapshot.spaceheat-1728993600319-ear.electricity.works.json
2026-08-25 16:08:46,668 | WARNING | Unknown message type "gridworks.event.snapshot.spaceheat" in hw1__1/eventstore/20241015/hw1.isone.ng.beachrose.scada-gridworks.event.snapshot.spaceheat-1728993600319-ear.electricity.works.json
2026-08-25 16:08:46,668 | WARNING | Unknown message type "gridworks.event.snapshot.spaceheat" in hw1__1/eventstore/20241015/hw1.isone.ng.beachrose.scada-gridworks.event.snapshot.spaceheat-1728993900262-ear.electricity.works.json
2026-08-25 16:08:46,668 | WARNING | Unknown message type "gridworks.event.snapshot.spaceheat" in hw1__1/eventstore/20241015/hw1.isone.ng.beachrose.scada-gridworks.event.snapshot.spaceheat-1728993900262-ear.electricity.works.json
2026-08-25 16:08:46,668 | WARNING | Unknown message type "gridworks.event.snapshot.spaceheat" in hw1__1/eventstore/20241015/hw1.isone.ng.beachrose.scada-gridworks.event.snapshot.spaceheat-1728994200382-ear.electricity.works.json
2026-08-25 16:08:46,668 | WARNING | Unknown message type "gridworks.event.snapshot.spaceheat" in hw1__1/eventstore/20241015/hw1.isone.ng.beachrose.scada-gridworks.event.snapshot.spaceheat-1728994200382-ear.electricity.works.json
2026-08-25 16:08:46,668 | WARNING | Unknown message type "gridworks.event.snapshot.spaceheat" in hw1__1/eventstore/20241015/hw1.isone.ng.beachrose.scada-gridworks.event.snapshot.spaceheat-1728994500324-ear.electricity.works.json
2026-08-25 16:08:46,668 | WARNING | Unknown message type "gridworks.event.snapshot.spaceheat" in hw1__1/eventstore/20241015/hw1.isone.ng.beachrose.scada-gridworks.event.snapshot.spaceheat-1728994500324-ear.electricity.works.json
2026-08-25 16:08:46,668 | WARNING | Unknown message type "gridworks.event.snapshot.spaceheat" in hw1__1/eventstore/20241015/hw1.isone.ng.beachrose.scada-gridworks.event.snapshot.spaceheat-1728994800279-ear.electricity.works.json
2026-08-25 16:08:46,668 | WARNING | Unknown message type "gridworks.event.snapshot.spaceheat" in hw1__1/eventstore/20241015/hw1.isone.ng.beachrose.scada-gridworks.event.snapshot.spaceheat-1728994800279-ear.electricity.works.json
2026-08-25 16:08:46,668 | WARNING | Unknown message type "gridworks.event.snapshot.spaceheat" in hw1__1/eventstore/20241015/hw1.isone.ng.beachrose.scada-gridworks.event.snapshot.spaceheat-1728995100441-ear.electricity.works.json
2026-08-25 16:08:46,668 | WARNING | Unknown message type "gridworks.event.snapshot.spaceheat" in hw1__1/eventstore/20241015/hw1.isone.ng.beachrose.scada-gridworks.event.snapshot.spaceheat-1728995100441-ear.electricity.works.json
2026-08-25 16:08:46,668 | WARNING | Unknown message type "gridworks.event.snapshot.spaceheat" in hw1__1/eventstore/20241015/hw1.isone.ng.beachrose.scada-gridworks.event.snapshot.spaceheat-1728995400337-ear.electricity.works.json
2026-08-25 16:08:46,668 | WARNING | Unknown message type "gridworks.event.snapshot.spaceheat" in hw1__1/eventstore/20241015/hw1.isone.ng.beachrose.scada-gridworks.event.snapshot.spaceheat-1728995400337-ear.electricity.works.json
2026-08-25 16:08:46,668 | WARNING | Unknown message type "gridworks.event.snapshot.spaceheat" in hw1__1/eventstore/20241015/hw1.isone.ng.beachrose.scada-gridworks.event.snapshot.spaceheat-1728995700379-ear.electricity.works.json
2026-08-25 16:08:46,668 | WARNING | Unknown message type "gridworks.event.snapshot.spaceheat" in hw1__1/eventstore/20241015/hw1.isone.ng.beachrose.scada-gridworks.event.snapshot.spaceheat-1728995700379-ear.electricity.works.json
2026-08-25 16:08:46,668 | WARNING | Unknown message type "gridworks.event.snapshot.spaceheat" in hw1__1/eventstore/20241015/hw1.isone.ng.beachrose.scada-gridworks.event.snapshot.spaceheat-1728996000375-ear.electricity.works.json
2026-08-25 16:08:46,668 | WARNING | Unknown message type "gridworks.event.snapshot.spaceheat" in hw1__1/eventstore/20241015/hw1.isone.ng.beachrose.scada-gridworks.event.snapshot.spaceheat-1728996000375-ear.electricity.works.json
2026-08-25 16:08:46,668 | WARNING | Unknown message type "gridworks.event.snapshot.spaceheat" in hw1__1/eventstore/20241015/hw1.isone.ng.beachrose.scada-gridworks.event.snapshot.spaceheat-1728996300453-ear.electricity.works.json
2026-08-25 16:08:46,668 | WARNING | Unknown message type "gridworks.event.snapshot.spaceheat" in hw1__1/eventstore/20241015/hw1.isone.ng.beachrose.scada-gridworks.event.snapshot.spaceheat-1728996300453-ear.electricity.works.json
2026-08-25 16:08:46,668 | WARNING | Unknown message type "gridworks.event.snapshot.spaceheat" in hw1__1/eventstore/20241015/hw1.isone.ng.beachrose.scada-gridworks.event.snapshot.spaceheat-1728996600389-ear.electricity.works.json
2026-08-25 16:08:46,668 | WARNING | Unknown message type "gridworks.event.snapshot.spaceheat" in hw1__1/eventstore/20241015/hw1.isone.ng.beachrose.scada-gridworks.event.snapshot.spaceheat-1728996600389-ear.electricity.works.json
2026-08-25 16:08:46,668 | WARNING | Unknown message type "gridworks.event.snapshot.spaceheat" in hw1__1/eventstore/20241015/hw1.isone.ng.beachrose.scada-gridworks.event.snapshot.spaceheat-1728996900295-ear.electricity.works.json
2026-08-25 16:08:46,668 | WARNING | Unknown message type "gridworks.event.snapshot.spaceheat" in hw1__1/eventstore/20241015/hw1.isone.ng.beachrose.scada-gridworks.event.snapshot.spaceheat-1728996900295-ear.electricity.works.json
2026-08-25 16:08:46,668 | WARNING | Unknown message type "gridworks.event.snapshot.spaceheat" in hw1__1/eventstore/20241015/hw1.isone.ng.beachrose.scada-gridworks.event.snapshot.spaceheat-1728997200346-ear.electricity.works.json
2026-08-25 16:08:46,668 | WARNING | Unknown message type "gridworks.event.snapshot.spaceheat" in hw1__1/eventstore/20241015/hw1.isone.ng.beachrose.scada-gridworks.event.snapshot.spaceheat-1728997200346-ear.electricity.works.json
2026-08-25 16:08:46,668 | WARNING | Unknown message type "gridworks.event.snapshot.spaceheat" in hw1__1/eventstore/20241015/hw1.isone.ng.beachrose.scada-gridworks.event.snapshot.spaceheat-1728997500361-ear.electricity.works.json
2026-08-25 16:08:46,668 | WARNING | Unknown message type "gridworks.event.snapshot.spaceheat" in hw1__1/eventstore/20241015/hw1.isone.ng.beachrose.scada-gridworks.event.snapshot.spaceheat-1728997500361-ear.electricity.works.json
2026-08-25 16:08:46,668 | WARNING | Unknown message type "gridworks.event.snapshot.spaceheat" in hw1__1/eventstore/20241015/hw1.isone.ng.beachrose.scada-gridworks.event.snapshot.spaceheat-1728997800329-ear.electricity.works.json
2026-08-25 16:08:46,668 | WARNING | Unknown message type "gridworks.event.snapshot.spaceheat" in hw1__1/eventstore/20241015/hw1.isone.ng.beachrose.scada-gridworks.event.snapshot.spaceheat-1728997800329-ear.electricity.works.json
2026-08-25 16:08:46,668 | WARNING | Unknown message type "gridworks.event.snapshot.spaceheat" in hw1__1/eventstore/20241015/hw1.isone.ng.beachrose.scada-gridworks.event.snapshot.spaceheat-1728998100280-ear.electricity.works.json
2026-08-25 16:08:46,668 | WARNING | Unknown message type "gridworks.event.snapshot.spaceheat" in hw1__1/eventstore/20241015/hw1.isone.ng.beachrose.scada-gridworks.event.snapshot.spaceheat-1728998100280-ear.electricity.works.json
2026-08-25 16:08:46,668 | WARNING | Unknown message type "gridworks.event.snapshot.spaceheat" in hw1__1/eventstore/20241015/hw1.isone.ng.beachrose.scada-gridworks.event.snapshot.spaceheat-1728998400316-ear.electricity.works.json
2026-08-25 16:08:46,668 | WARNING | Unknown message type "gridworks.event.snapshot.spaceheat" in hw1__1/eventstore/20241015/hw1.isone.ng.beachrose.scada-gridworks.event.snapshot.spaceheat-1728998400316-ear.electricity.works.json
2026-08-25 16:08:46,668 | WARNING | Unknown message type "gridworks.event.snapshot.spaceheat" in hw1__1/eventstore/20241015/hw1.isone.ng.beachrose.scada-gridworks.event.snapshot.spaceheat-1728998700269-ear.electricity.works.json
2026-08-25 16:08:46,668 | WARNING | Unknown message type "gridworks.event.snapshot.spaceheat" in hw1__1/eventstore/20241015/hw1.isone.ng.beachrose.scada-gridworks.event.snapshot.spaceheat-1728998700269-ear.electricity.works.json
2026-08-25 16:08:46,668 | WARNING | Unknown message type "gridworks.event.snapshot.spaceheat" in hw1__1/eventstore/20241015/hw1.isone.ng.beachrose.scada-gridworks.event.snapshot.spaceheat-1728999000323-ear.electricity.works.json
2026-08-25 16:08:46,668 | WARNING | Unknown message type "gridworks.event.snapshot.spaceheat" in hw1__1/eventstore/20241015/hw1.isone.ng.beachrose.scada-gridworks.event.snapshot.spaceheat-1728999000323-ear.electricity.works.json
2026-08-25 16:08:46,668 | WARNING | Unknown message type "gridworks.event.snapshot.spaceheat" in hw1__1/eventstore/20241015/hw1.isone.ng.beachrose.scada-gridworks.event.snapshot.spaceheat-1728999300395-ear.electricity.works.json
2026-08-25 16:08:46,668 | WARNING | Unknown message type "gridworks.event.snapshot.spaceheat" in hw1__1/eventstore/20241015/hw1.isone.ng.beachrose.scada-gridworks.event.snapshot.spaceheat-1728999300395-ear.electricity.works.json
2026-08-25 16:08:46,668 | WARNING | Unknown message type "gridworks.event.snapshot.spaceheat" in hw1__1/eventstore/20241015/hw1.isone.ng.beachrose.scada-gridworks.event.snapshot.spaceheat-1728999600279-ear.electricity.works.json
2026-08-25 16:08:46,668 | WARNING | Unknown message type "gridworks.event.snapshot.spaceheat" in hw1__1/eventstore/20241015/hw1.isone.ng.beachrose.scada-gridworks.event.snapshot.spaceheat-1728999600279-ear.electricity.works.json
2026-08-25 16:08:46,668 | WARNING | Unknown message type "gridworks.event.snapshot.spaceheat" in hw1__1/eventstore/20241015/hw1.isone.ng.beachrose.scada-gridworks.event.snapshot.spaceheat-1728999900376-ear.electricity.works.json
2026-08-25 16:08:46,668 | WARNING | Unknown message type "gridworks.event.snapshot.spaceheat" in hw1__1/eventstore/20241015/hw1.isone.ng.beachrose.scada-gridworks.event.snapshot.spaceheat-1728999900376-ear.electricity.works.json
2026-08-25 16:08:46,668 | WARNING | Unknown message type "gridworks.event.snapshot.spaceheat" in hw1__1/eventstore/20241015/hw1.isone.ng.beachrose.scada-gridworks.event.snapshot.spaceheat-1729000200419-ear.electricity.works.json
2026-08-25 16:08:46,668 | WARNING | Unknown message type "gridworks.event.snapshot.spaceheat" in hw1__1/eventstore/20241015/hw1.isone.ng.beachrose.scada-gridworks.event.snapshot.spaceheat-1729000200419-ear.electricity.works.json
2026-08-25 16:08:46,668 | WARNING | Unknown message type "gridworks.event.snapshot.spaceheat" in hw1__1/eventstore/20241015/hw1.isone.ng.beachrose.scada-gridworks.event.snapshot.spaceheat-1729000500346-ear.electricity.works.json
2026-08-25 16:08:46,668 | WARNING | Unknown message type "gridworks.event.snapshot.spaceheat" in hw1__1/eventstore/20241015/hw1.isone.ng.beachrose.scada-gridworks.event.snapshot.spaceheat-1729000500346-ear.electricity.works.json
2026-08-25 16:08:46,668 | WARNING | Unknown message type "gridworks.event.snapshot.spaceheat" in hw1__1/eventstore/20241015/hw1.isone.ng.beachrose.scada-gridworks.event.snapshot.spaceheat-1729000800279-ear.electricity.works.json
2026-08-25 16:08:46,668 | WARNING | Unknown message type "gridworks.event.snapshot.spaceheat" in hw1__1/eventstore/20241015/hw1.isone.ng.beachrose.scada-gridworks.event.snapshot.spaceheat-1729000800279-ear.electricity.works.json
2026-08-25 16:08:46,668 | WARNING | Unknown message type "gridworks.event.snapshot.spaceheat" in hw1__1/eventstore/20241015/hw1.isone.ng.beachrose.scada-gridworks.event.snapshot.spaceheat-1729001100343-ear.electricity.works.json
2026-08-25 16:08:46,668 | WARNING | Unknown message type "gridworks.event.snapshot.spaceheat" in hw1__1/eventstore/20241015/hw1.isone.ng.beachrose.scada-gridworks.event.snapshot.spaceheat-1729001100343-ear.electricity.works.json
2026-08-25 16:08:46,668 | WARNING | Unknown message type "gridworks.event.snapshot.spaceheat" in hw1__1/eventstore/20241015/hw1.isone.ng.beachrose.scada-gridworks.event.snapshot.spaceheat-1729001400352-ear.electricity.works.json
2026-08-25 16:08:46,668 | WARNING | Unknown message type "gridworks.event.snapshot.spaceheat" in hw1__1/eventstore/20241015/hw1.isone.ng.beachrose.scada-gridworks.event.snapshot.spaceheat-1729001400352-ear.electricity.works.json
2026-08-25 16:08:46,846 | WARNING | Unknown message type "gridworks.event.snapshot.spaceheat" in hw1__1/eventstore/20241015/hw1.isone.ng.beachrose.scada-gridworks.event.snapshot.spaceheat-1729001700344-ear.electricity.works.json
2026-08-25 16:08:46,846 | WARNING | Unknown message type "gridworks.event.snapshot.spaceheat" in hw1__1/eventstore/20241015/hw1.isone.ng.beachrose.scada-gridworks.event.snapshot.spaceheat-1729001700344-ear.electricity.works.json
2026-08-25 16:08:46,846 | WARNING | Unknown message type "gridworks.event.snapshot.spaceheat" in hw1__1/eventstore/20241015/hw1.isone.ng.beachrose.scada-gridworks.event.snapshot.spaceheat-1729002000288-ear.electricity.works.json
2026-08-25 16:08:46,846 | WARNING | Unknown message type "gridworks.event.snapshot.spaceheat" in hw1__1/eventstore/20241015/hw1.isone.ng.beachrose.scada-gridworks.event.snapshot.spaceheat-1729002000288-ear.electricity.works.json
2026-08-25 16:08:46,846 | WARNING | Unknown message type "gridworks.event.snapshot.spaceheat" in hw1__1/eventstore/20241015/hw1.isone.ng.beachrose.scada-gridworks.event.snapshot.spaceheat-1729002300435-ear.electricity.works.json
2026-08-25 16:08:46,846 | WARNING | Unknown message type "gridworks.event.snapshot.spaceheat" in hw1__1/eventstore/20241015/hw1.isone.ng.beachrose.scada-gridworks.event.snapshot.spaceheat-1729002300435-ear.electricity.works.json
2026-08-25 16:08:46,846 | WARNING | Unknown message type "gridworks.event.snapshot.spaceheat" in hw1__1/eventstore/20241015/hw1.isone.ng.beachrose.scada-gridworks.event.snapshot.spaceheat-1729002600345-ear.electricity.works.json
2026-08-25 16:08:46,846 | WARNING | Unknown message type "gridworks.event.snapshot.spaceheat" in hw1__1/eventstore/20241015/hw1.isone.ng.beachrose.scada-gridworks.event.snapshot.spaceheat-1729002600345-ear.electricity.works.json
2026-08-25 16:08:46,846 | WARNING | Unknown message type "gridworks.event.snapshot.spaceheat" in hw1__1/eventstore/20241015/hw1.isone.ng.beachrose.scada-gridworks.event.snapshot.spaceheat-1729002900287-ear.electricity.works.json
2026-08-25 16:08:46,846 | WARNING | Unknown message type "gridworks.event.snapshot.spaceheat" in hw1__1/eventstore/20241015/hw1.isone.ng.beachrose.scada-gridworks.event.snapshot.spaceheat-1729002900287-ear.electricity.works.json
2026-08-25 16:08:46,846 | WARNING | Unknown message type "gridworks.event.snapshot.spaceheat" in hw1__1/eventstore/20241015/hw1.isone.ng.beachrose.scada-gridworks.event.snapshot.spaceheat-1729003200284-ear.electricity.works.json
2026-08-25 16:08:46,846 | WARNING | Unknown message type "gridworks.event.snapshot.spaceheat" in hw1__1/eventstore/20241015/hw1.isone.ng.beachrose.scada-gridworks.event.snapshot.spaceheat-1729003200284-ear.electricity.works.json
2026-08-25 16:08:46,846 | WARNING | Unknown message type "gridworks.event.snapshot.spaceheat" in hw1__1/eventstore/20241015/hw1.isone.ng.beachrose.scada-gridworks.event.snapshot.spaceheat-1729003500251-ear.electricity.works.json
2026-08-25 16:08:46,846 | WARNING | Unknown message type "gridworks.event.snapshot.spaceheat" in hw1__1/eventstore/20241015/hw1.isone.ng.beachrose.scada-gridworks.event.snapshot.spaceheat-1729003500251-ear.electricity.works.json
2026-08-25 16:08:46,846 | WARNING | Unknown message type "gridworks.event.snapshot.spaceheat" in hw1__1/eventstore/20241015/hw1.isone.ng.beachrose.scada-gridworks.event.snapshot.spaceheat-1729003800284-ear.electricity.works.json
2026-08-25 16:08:46,846 | WARNING | Unknown message type "gridworks.event.snapshot.spaceheat" in hw1__1/eventstore/20241015/hw1.isone.ng.beachrose.scada-gridworks.event.snapshot.spaceheat-1729003800284-ear.electricity.works.json
2026-08-25 16:08:46,846 | WARNING | Unknown message type "gridworks.event.snapshot.spaceheat" in hw1__1/eventstore/20241015/hw1.isone.ng.beachrose.scada-gridworks.event.snapshot.spaceheat-1729004100311-ear.electricity.works.json
2026-08-25 16:08:46,846 | WARNING | Unknown message type "gridworks.event.snapshot.spaceheat" in hw1__1/eventstore/20241015/hw1.isone.ng.beachrose.scada-gridworks.event.snapshot.spaceheat-1729004100311-ear.electricity.works.json
2026-08-25 16:08:46,846 | WARNING | Unknown message type "gridworks.event.snapshot.spaceheat" in hw1__1/eventstore/20241015/hw1.isone.ng.beachrose.scada-gridworks.event.snapshot.spaceheat-1729004400327-ear.electricity.works.json
2026-08-25 16:08:46,846 | WARNING | Unknown message type "gridworks.event.snapshot.spaceheat" in hw1__1/eventstore/20241015/hw1.isone.ng.beachrose.scada-gridworks.event.snapshot.spaceheat-1729004400327-ear.electricity.works.json
2026-08-25 16:08:46,846 | WARNING | Unknown message type "gridworks.event.snapshot.spaceheat" in hw1__1/eventstore/20241015/hw1.isone.ng.beachrose.scada-gridworks.event.snapshot.spaceheat-1729004700363-ear.electricity.works.json
2026-08-25 16:08:46,846 | WARNING | Unknown message type "gridworks.event.snapshot.spaceheat" in hw1__1/eventstore/20241015/hw1.isone.ng.beachrose.scada-gridworks.event.snapshot.spaceheat-1729004700363-ear.electricity.works.json
2026-08-25 16:08:46,846 | WARNING | Unknown message type "gridworks.event.snapshot.spaceheat" in hw1__1/eventstore/20241015/hw1.isone.ng.beachrose.scada-gridworks.event.snapshot.spaceheat-1729005000426-ear.electricity.works.json
2026-08-25 16:08:46,846 | WARNING | Unknown message type "gridworks.event.snapshot.spaceheat" in hw1__1/eventstore/20241015/hw1.isone.ng.beachrose.scada-gridworks.event.snapshot.spaceheat-1729005000426-ear.electricity.works.json
2026-08-25 16:08:46,846 | WARNING | Unknown message type "gridworks.event.snapshot.spaceheat" in hw1__1/eventstore/20241015/hw1.isone.ng.beachrose.scada-gridworks.event.snapshot.spaceheat-1729005300317-ear.electricity.works.json
2026-08-25 16:08:46,846 | WARNING | Unknown message type "gridworks.event.snapshot.spaceheat" in hw1__1/eventstore/20241015/hw1.isone.ng.beachrose.scada-gridworks.event.snapshot.spaceheat-1729005300317-ear.electricity.works.json
2026-08-25 16:08:46,846 | WARNING | Unknown message type "gridworks.event.snapshot.spaceheat" in hw1__1/eventstore/20241015/hw1.isone.ng.beachrose.scada-gridworks.event.snapshot.spaceheat-1729005600227-ear.electricity.works.json
2026-08-25 16:08:46,846 | WARNING | Unknown message type "gridworks.event.snapshot.spaceheat" in hw1__1/eventstore/20241015/hw1.isone.ng.beachrose.scada-gridworks.event.snapshot.spaceheat-1729005600227-ear.electricity.works.json
2026-08-25 16:08:46,846 | WARNING | Unknown message type "gridworks.event.snapshot.spaceheat" in hw1__1/eventstore/20241015/hw1.isone.ng.beachrose.scada-gridworks.event.snapshot.spaceheat-1729005900232-ear.electricity.works.json
2026-08-25 16:08:46,846 | WARNING | Unknown message type "gridworks.event.snapshot.spaceheat" in hw1__1/eventstore/20241015/hw1.isone.ng.beachrose.scada-gridworks.event.snapshot.spaceheat-1729005900232-ear.electricity.works.json
2026-08-25 16:08:46,847 | WARNING | Unknown message type "gridworks.event.snapshot.spaceheat" in hw1__1/eventstore/20241015/hw1.isone.ng.beachrose.scada-gridworks.event.snapshot.spaceheat-1729006200346-ear.electricity.works.json
2026-08-25 16:08:46,847 | WARNING | Unknown message type "gridworks.event.snapshot.spaceheat" in hw1__1/eventstore/20241015/hw1.isone.ng.beachrose.scada-gridworks.event.snapshot.spaceheat-1729006200346-ear.electricity.works.json
2026-08-25 16:08:46,847 | WARNING | Unknown message type "gridworks.event.snapshot.spaceheat" in hw1__1/eventstore/20241015/hw1.isone.ng.beachrose.scada-gridworks.event.snapshot.spaceheat-1729006500298-ear.electricity.works.json
2026-08-25 16:08:46,847 | WARNING | Unknown message type "gridworks.event.snapshot.spaceheat" in hw1__1/eventstore/20241015/hw1.isone.ng.beachrose.scada-gridworks.event.snapshot.spaceheat-1729006500298-ear.electricity.works.json
2026-08-25 16:08:46,847 | WARNING | Unknown message type "gridworks.event.snapshot.spaceheat" in hw1__1/eventstore/20241015/hw1.isone.ng.beachrose.scada-gridworks.event.snapshot.spaceheat-1729006800281-ear.electricity.works.json
2026-08-25 16:08:46,847 | WARNING | Unknown message type "gridworks.event.snapshot.spaceheat" in hw1__1/eventstore/20241015/hw1.isone.ng.beachrose.scada-gridworks.event.snapshot.spaceheat-1729006800281-ear.electricity.works.json
2026-08-25 16:08:46,847 | WARNING | Unknown message type "gridworks.event.snapshot.spaceheat" in hw1__1/eventstore/20241015/hw1.isone.ng.beachrose.scada-gridworks.event.snapshot.spaceheat-1729007100298-ear.electricity.works.json
2026-08-25 16:08:46,847 | WARNING | Unknown message type "gridworks.event.snapshot.spaceheat" in hw1__1/eventstore/20241015/hw1.isone.ng.beachrose.scada-gridworks.event.snapshot.spaceheat-1729007100298-ear.electricity.works.json
2026-08-25 16:08:46,847 | WARNING | Unknown message type "gridworks.event.snapshot.spaceheat" in hw1__1/eventstore/20241015/hw1.isone.ng.beachrose.scada-gridworks.event.snapshot.spaceheat-1729007400313-ear.electricity.works.json
2026-08-25 16:08:46,847 | WARNING | Unknown message type "gridworks.event.snapshot.spaceheat" in hw1__1/eventstore/20241015/hw1.isone.ng.beachrose.scada-gridworks.event.snapshot.spaceheat-1729007400313-ear.electricity.works.json
2026-08-25 16:08:46,847 | WARNING | Unknown message type "gridworks.event.snapshot.spaceheat" in hw1__1/eventstore/20241015/hw1.isone.ng.beachrose.scada-gridworks.event.snapshot.spaceheat-1729007700321-ear.electricity.works.json
2026-08-25 16:08:46,847 | WARNING | Unknown message type "gridworks.event.snapshot.spaceheat" in hw1__1/eventstore/20241015/hw1.isone.ng.beachrose.scada-gridworks.event.snapshot.spaceheat-1729007700321-ear.electricity.works.json
2026-08-25 16:08:46,847 | WARNING | Unknown message type "gridworks.event.snapshot.spaceheat" in hw1__1/eventstore/20241015/hw1.isone.ng.beachrose.scada-gridworks.event.snapshot.spaceheat-1729008000339-ear.electricity.works.json
2026-08-25 16:08:46,847 | WARNING | Unknown message type "gridworks.event.snapshot.spaceheat" in hw1__1/eventstore/20241015/hw1.isone.ng.beachrose.scada-gridworks.event.snapshot.spaceheat-1729008000339-ear.electricity.works.json
2026-08-25 16:08:46,847 | WARNING | Unknown message type "gridworks.event.snapshot.spaceheat" in hw1__1/eventstore/20241015/hw1.isone.ng.beachrose.scada-gridworks.event.snapshot.spaceheat-1729008300300-ear.electricity.works.json
2026-08-25 16:08:46,847 | WARNING | Unknown message type "gridworks.event.snapshot.spaceheat" in hw1__1/eventstore/20241015/hw1.isone.ng.beachrose.scada-gridworks.event.snapshot.spaceheat-1729008300300-ear.electricity.works.json
2026-08-25 16:08:46,847 | WARNING | Unknown message type "gridworks.event.snapshot.spaceheat" in hw1__1/eventstore/20241015/hw1.isone.ng.beachrose.scada-gridworks.event.snapshot.spaceheat-1729008600302-ear.electricity.works.json
2026-08-25 16:08:46,847 | WARNING | Unknown message type "gridworks.event.snapshot.spaceheat" in hw1__1/eventstore/20241015/hw1.isone.ng.beachrose.scada-gridworks.event.snapshot.spaceheat-1729008600302-ear.electricity.works.json
2026-08-25 16:08:46,847 | WARNING | Unknown message type "gridworks.event.snapshot.spaceheat" in hw1__1/eventstore/20241015/hw1.isone.ng.beachrose.scada-gridworks.event.snapshot.spaceheat-1729008900222-ear.electricity.works.json
2026-08-25 16:08:46,847 | WARNING | Unknown message type "gridworks.event.snapshot.spaceheat" in hw1__1/eventstore/20241015/hw1.isone.ng.beachrose.scada-gridworks.event.snapshot.spaceheat-1729008900222-ear.electricity.works.json
2026-08-25 16:08:46,847 | WARNING | Unknown message type "gridworks.event.snapshot.spaceheat" in hw1__1/eventstore/20241015/hw1.isone.ng.beachrose.scada-gridworks.event.snapshot.spaceheat-1729009200258-ear.electricity.works.json
2026-08-25 16:08:46,847 | WARNING | Unknown message type "gridworks.event.snapshot.spaceheat" in hw1__1/eventstore/20241015/hw1.isone.ng.beachrose.scada-gridworks.event.snapshot.spaceheat-1729009200258-ear.electricity.works.json
2026-08-25 16:08:46,847 | WARNING | Unknown message type "gridworks.event.snapshot.spaceheat" in hw1__1/eventstore/20241015/hw1.isone.ng.beachrose.scada-gridworks.event.snapshot.spaceheat-1729009500268-ear.electricity.works.json
2026-08-25 16:08:46,847 | WARNING | Unknown message type "gridworks.event.snapshot.spaceheat" in hw1__1/eventstore/20241015/hw1.isone.ng.beachrose.scada-gridworks.event.snapshot.spaceheat-1729009500268-ear.electricity.works.json
2026-08-25 16:08:46,847 | WARNING | Unknown message type "gridworks.event.snapshot.spaceheat" in hw1__1/eventstore/20241015/hw1.isone.ng.beachrose.scada-gridworks.event.snapshot.spaceheat-1729009800322-ear.electricity.works.json
2026-08-25 16:08:46,847 | WARNING | Unknown message type "gridworks.event.snapshot.spaceheat" in hw1__1/eventstore/20241015/hw1.isone.ng.beachrose.scada-gridworks.event.snapshot.spaceheat-1729009800322-ear.electricity.works.json
2026-08-25 16:08:46,847 | WARNING | Unknown message type "gridworks.event.snapshot.spaceheat" in hw1__1/eventstore/20241015/hw1.isone.ng.beachrose.scada-gridworks.event.snapshot.spaceheat-1729010100296-ear.electricity.works.json
2026-08-25 16:08:46,847 | WARNING | Unknown message type "gridworks.event.snapshot.spaceheat" in hw1__1/eventstore/20241015/hw1.isone.ng.beachrose.scada-gridworks.event.snapshot.spaceheat-1729010100296-ear.electricity.works.json
2026-08-25 16:08:46,847 | WARNING | Unknown message type "gridworks.event.snapshot.spaceheat" in hw1__1/eventstore/20241015/hw1.isone.ng.beachrose.scada-gridworks.event.snapshot.spaceheat-1729010400288-ear.electricity.works.json
2026-08-25 16:08:46,847 | WARNING | Unknown message type "gridworks.event.snapshot.spaceheat" in hw1__1/eventstore/20241015/hw1.isone.ng.beachrose.scada-gridworks.event.snapshot.spaceheat-1729010400288-ear.electricity.works.json
2026-08-25 16:08:46,847 | WARNING | Unknown message type "gridworks.event.snapshot.spaceheat" in hw1__1/eventstore/20241015/hw1.isone.ng.beachrose.scada-gridworks.event.snapshot.spaceheat-1729010700285-ear.electricity.works.json
2026-08-25 16:08:46,847 | WARNING | Unknown message type "gridworks.event.snapshot.spaceheat" in hw1__1/eventstore/20241015/hw1.isone.ng.beachrose.scada-gridworks.event.snapshot.spaceheat-1729010700285-ear.electricity.works.json
2026-08-25 16:08:46,847 | WARNING | Unknown message type "gridworks.event.snapshot.spaceheat" in hw1__1/eventstore/20241015/hw1.isone.ng.beachrose.scada-gridworks.event.snapshot.spaceheat-1729011000490-ear.electricity.works.json
2026-08-25 16:08:46,847 | WARNING | Unknown message type "gridworks.event.snapshot.spaceheat" in hw1__1/eventstore/20241015/hw1.isone.ng.beachrose.scada-gridworks.event.snapshot.spaceheat-1729011000490-ear.electricity.works.json
2026-08-25 16:08:46,847 | WARNING | Unknown message type "gridworks.event.snapshot.spaceheat" in hw1__1/eventstore/20241015/hw1.isone.ng.beachrose.scada-gridworks.event.snapshot.spaceheat-1729011300313-ear.electricity.works.json
2026-08-25 16:08:46,847 | WARNING | Unknown message type "gridworks.event.snapshot.spaceheat" in hw1__1/eventstore/20241015/hw1.isone.ng.beachrose.scada-gridworks.event.snapshot.spaceheat-1729011300313-ear.electricity.works.json
2026-08-25 16:08:46,847 | WARNING | Unknown message type "gridworks.event.snapshot.spaceheat" in hw1__1/eventstore/20241015/hw1.isone.ng.beachrose.scada-gridworks.event.snapshot.spaceheat-1729011600327-ear.electricity.works.json
2026-08-25 16:08:46,847 | WARNING | Unknown message type "gridworks.event.snapshot.spaceheat" in hw1__1/eventstore/20241015/hw1.isone.ng.beachrose.scada-gridworks.event.snapshot.spaceheat-1729011600327-ear.electricity.works.json
2026-08-25 16:08:46,847 | WARNING | Unknown message type "gridworks.event.snapshot.spaceheat" in hw1__1/eventstore/20241015/hw1.isone.ng.beachrose.scada-gridworks.event.snapshot.spaceheat-1729011900424-ear.electricity.works.json
2026-08-25 16:08:46,847 | WARNING | Unknown message type "gridworks.event.snapshot.spaceheat" in hw1__1/eventstore/20241015/hw1.isone.ng.beachrose.scada-gridworks.event.snapshot.spaceheat-1729011900424-ear.electricity.works.json
2026-08-25 16:08:46,847 | WARNING | Unknown message type "gridworks.event.snapshot.spaceheat" in hw1__1/eventstore/20241015/hw1.isone.ng.beachrose.scada-gridworks.event.snapshot.spaceheat-1729012200297-ear.electricity.works.json
2026-08-25 16:08:46,847 | WARNING | Unknown message type "gridworks.event.snapshot.spaceheat" in hw1__1/eventstore/20241015/hw1.isone.ng.beachrose.scada-gridworks.event.snapshot.spaceheat-1729012200297-ear.electricity.works.json
2026-08-25 16:08:46,847 | WARNING | Unknown message type "gridworks.event.snapshot.spaceheat" in hw1__1/eventstore/20241015/hw1.isone.ng.beachrose.scada-gridworks.event.snapshot.spaceheat-1729012500298-ear.electricity.works.json
2026-08-25 16:08:46,847 | WARNING | Unknown message type "gridworks.event.snapshot.spaceheat" in hw1__1/eventstore/20241015/hw1.isone.ng.beachrose.scada-gridworks.event.snapshot.spaceheat-1729012500298-ear.electricity.works.json
2026-08-25 16:08:46,847 | WARNING | Unknown message type "gridworks.event.snapshot.spaceheat" in hw1__1/eventstore/20241015/hw1.isone.ng.beachrose.scada-gridworks.event.snapshot.spaceheat-1729012800396-ear.electricity.works.json
2026-08-25 16:08:46,847 | WARNING | Unknown message type "gridworks.event.snapshot.spaceheat" in hw1__1/eventstore/20241015/hw1.isone.ng.beachrose.scada-gridworks.event.snapshot.spaceheat-1729012800396-ear.electricity.works.json
2026-08-25 16:08:46,847 | WARNING | Unknown message type "gridworks.event.snapshot.spaceheat" in hw1__1/eventstore/20241015/hw1.isone.ng.beachrose.scada-gridworks.event.snapshot.spaceheat-1729013100238-ear.electricity.works.json
2026-08-25 16:08:46,847 | WARNING | Unknown message type "gridworks.event.snapshot.spaceheat" in hw1__1/eventstore/20241015/hw1.isone.ng.beachrose.scada-gridworks.event.snapshot.spaceheat-1729013100238-ear.electricity.works.json
2026-08-25 16:08:46,847 | WARNING | Unknown message type "gridworks.event.snapshot.spaceheat" in hw1__1/eventstore/20241015/hw1.isone.ng.beachrose.scada-gridworks.event.snapshot.spaceheat-1729013400253-ear.electricity.works.json
2026-08-25 16:08:46,847 | WARNING | Unknown message type "gridworks.event.snapshot.spaceheat" in hw1__1/eventstore/20241015/hw1.isone.ng.beachrose.scada-gridworks.event.snapshot.spaceheat-1729013400253-ear.electricity.works.json
2026-08-25 16:08:46,847 | WARNING | Unknown message type "gridworks.event.snapshot.spaceheat" in hw1__1/eventstore/20241015/hw1.isone.ng.beachrose.scada-gridworks.event.snapshot.spaceheat-1729013700281-ear.electricity.works.json
2026-08-25 16:08:46,847 | WARNING | Unknown message type "gridworks.event.snapshot.spaceheat" in hw1__1/eventstore/20241015/hw1.isone.ng.beachrose.scada-gridworks.event.snapshot.spaceheat-1729013700281-ear.electricity.works.json
2026-08-25 16:08:46,847 | WARNING | Unknown message type "gridworks.event.snapshot.spaceheat" in hw1__1/eventstore/20241015/hw1.isone.ng.beachrose.scada-gridworks.event.snapshot.spaceheat-1729014000232-ear.electricity.works.json
2026-08-25 16:08:46,847 | WARNING | Unknown message type "gridworks.event.snapshot.spaceheat" in hw1__1/eventstore/20241015/hw1.isone.ng.beachrose.scada-gridworks.event.snapshot.spaceheat-1729014000232-ear.electricity.works.json
2026-08-25 16:08:46,847 | WARNING | Unknown message type "gridworks.event.snapshot.spaceheat" in hw1__1/eventstore/20241015/hw1.isone.ng.beachrose.scada-gridworks.event.snapshot.spaceheat-1729014300310-ear.electricity.works.json
2026-08-25 16:08:46,847 | WARNING | Unknown message type "gridworks.event.snapshot.spaceheat" in hw1__1/eventstore/20241015/hw1.isone.ng.beachrose.scada-gridworks.event.snapshot.spaceheat-1729014300310-ear.electricity.works.json
2026-08-25 16:08:46,847 | WARNING | Unknown message type "gridworks.event.snapshot.spaceheat" in hw1__1/eventstore/20241015/hw1.isone.ng.beachrose.scada-gridworks.event.snapshot.spaceheat-1729014600289-ear.electricity.works.json
2026-08-25 16:08:46,847 | WARNING | Unknown message type "gridworks.event.snapshot.spaceheat" in hw1__1/eventstore/20241015/hw1.isone.ng.beachrose.scada-gridworks.event.snapshot.spaceheat-1729014600289-ear.electricity.works.json
2026-08-25 16:08:46,847 | WARNING | Unknown message type "gridworks.event.snapshot.spaceheat" in hw1__1/eventstore/20241015/hw1.isone.ng.beachrose.scada-gridworks.event.snapshot.spaceheat-1729014900211-ear.electricity.works.json
2026-08-25 16:08:46,847 | WARNING | Unknown message type "gridworks.event.snapshot.spaceheat" in hw1__1/eventstore/20241015/hw1.isone.ng.beachrose.scada-gridworks.event.snapshot.spaceheat-1729014900211-ear.electricity.works.json
2026-08-25 16:08:46,847 | WARNING | Unknown message type "gridworks.event.snapshot.spaceheat" in hw1__1/eventstore/20241015/hw1.isone.ng.beachrose.scada-gridworks.event.snapshot.spaceheat-1729015200290-ear.electricity.works.json
2026-08-25 16:08:46,847 | WARNING | Unknown message type "gridworks.event.snapshot.spaceheat" in hw1__1/eventstore/20241015/hw1.isone.ng.beachrose.scada-gridworks.event.snapshot.spaceheat-1729015200290-ear.electricity.works.json
2026-08-25 16:08:46,847 | WARNING | Unknown message type "gridworks.event.snapshot.spaceheat" in hw1__1/eventstore/20241015/hw1.isone.ng.beachrose.scada-gridworks.event.snapshot.spaceheat-1729015500215-ear.electricity.works.json
2026-08-25 16:08:46,847 | WARNING | Unknown message type "gridworks.event.snapshot.spaceheat" in hw1__1/eventstore/20241015/hw1.isone.ng.beachrose.scada-gridworks.event.snapshot.spaceheat-1729015500215-ear.electricity.works.json
2026-08-25 16:08:46,847 | WARNING | Unknown message type "gridworks.event.snapshot.spaceheat" in hw1__1/eventstore/20241015/hw1.isone.ng.beachrose.scada-gridworks.event.snapshot.spaceheat-1729015800290-ear.electricity.works.json
2026-08-25 16:08:46,847 | WARNING | Unknown message type "gridworks.event.snapshot.spaceheat" in hw1__1/eventstore/20241015/hw1.isone.ng.beachrose.scada-gridworks.event.snapshot.spaceheat-1729015800290-ear.electricity.works.json
2026-08-25 16:08:46,847 | WARNING | Unknown message type "gridworks.event.snapshot.spaceheat" in hw1__1/eventstore/20241015/hw1.isone.ng.beachrose.scada-gridworks.event.snapshot.spaceheat-1729016100254-ear.electricity.works.json
2026-08-25 16:08:46,847 | WARNING | Unknown message type "gridworks.event.snapshot.spaceheat" in hw1__1/eventstore/20241015/hw1.isone.ng.beachrose.scada-gridworks.event.snapshot.spaceheat-1729016100254-ear.electricity.works.json
2026-08-25 16:08:46,847 | WARNING | Unknown message type "gridworks.event.snapshot.spaceheat" in hw1__1/eventstore/20241015/hw1.isone.ng.beachrose.scada-gridworks.event.snapshot.spaceheat-1729016400267-ear.electricity.works.json
2026-08-25 16:08:46,847 | WARNING | Unknown message type "gridworks.event.snapshot.spaceheat" in hw1__1/eventstore/20241015/hw1.isone.ng.beachrose.scada-gridworks.event.snapshot.spaceheat-1729016400267-ear.electricity.works.json
2026-08-25 16:08:46,847 | WARNING | Unknown message type "gridworks.event.snapshot.spaceheat" in hw1__1/eventstore/20241015/hw1.isone.ng.beachrose.scada-gridworks.event.snapshot.spaceheat-1729016700261-ear.electricity.works.json
2026-08-25 16:08:46,847 | WARNING | Unknown message type "gridworks.event.snapshot.spaceheat" in hw1__1/eventstore/20241015/hw1.isone.ng.beachrose.scada-gridworks.event.snapshot.spaceheat-1729016700261-ear.electricity.works.json
2026-08-25 16:08:46,847 | WARNING | Unknown message type "gridworks.event.snapshot.spaceheat" in hw1__1/eventstore/20241015/hw1.isone.ng.beachrose.scada-gridworks.event.snapshot.spaceheat-1729017000231-ear.electricity.works.json
2026-08-25 16:08:46,847 | WARNING | Unknown message type "gridworks.event.snapshot.spaceheat" in hw1__1/eventstore/20241015/hw1.isone.ng.beachrose.scada-gridworks.event.snapshot.spaceheat-1729017000231-ear.electricity.works.json
2026-08-25 16:08:46,847 | WARNING | Unknown message type "gridworks.event.snapshot.spaceheat" in hw1__1/eventstore/20241015/hw1.isone.ng.beachrose.scada-gridworks.event.snapshot.spaceheat-1729017300319-ear.electricity.works.json
2026-08-25 16:08:46,847 | WARNING | Unknown message type "gridworks.event.snapshot.spaceheat" in hw1__1/eventstore/20241015/hw1.isone.ng.beachrose.scada-gridworks.event.snapshot.spaceheat-1729017300319-ear.electricity.works.json
2026-08-25 16:08:46,847 | WARNING | Unknown message type "gridworks.event.snapshot.spaceheat" in hw1__1/eventstore/20241015/hw1.isone.ng.beachrose.scada-gridworks.event.snapshot.spaceheat-1729017600245-ear.electricity.works.json
2026-08-25 16:08:46,847 | WARNING | Unknown message type "gridworks.event.snapshot.spaceheat" in hw1__1/eventstore/20241015/hw1.isone.ng.beachrose.scada-gridworks.event.snapshot.spaceheat-1729017600245-ear.electricity.works.json
2026-08-25 16:08:46,847 | WARNING | Unknown message type "gridworks.event.snapshot.spaceheat" in hw1__1/eventstore/20241015/hw1.isone.ng.beachrose.scada-gridworks.event.snapshot.spaceheat-1729017900153-ear.electricity.works.json
2026-08-25 16:08:46,847 | WARNING | Unknown message type "gridworks.event.snapshot.spaceheat" in hw1__1/eventstore/20241015/hw1.isone.ng.beachrose.scada-gridworks.event.snapshot.spaceheat-1729017900153-ear.electricity.works.json
2026-08-25 16:08:46,847 | WARNING | Unknown message type "gridworks.event.snapshot.spaceheat" in hw1__1/eventstore/20241015/hw1.isone.ng.beachrose.scada-gridworks.event.snapshot.spaceheat-1729018200265-ear.electricity.works.json
2026-08-25 16:08:46,847 | WARNING | Unknown message type "gridworks.event.snapshot.spaceheat" in hw1__1/eventstore/20241015/hw1.isone.ng.beachrose.scada-gridworks.event.snapshot.spaceheat-1729018200265-ear.electricity.works.json
2026-08-25 16:08:46,847 | WARNING | Unknown message type "gridworks.event.snapshot.spaceheat" in hw1__1/eventstore/20241015/hw1.isone.ng.beachrose.scada-gridworks.event.snapshot.spaceheat-1729018500243-ear.electricity.works.json
2026-08-25 16:08:46,847 | WARNING | Unknown message type "gridworks.event.snapshot.spaceheat" in hw1__1/eventstore/20241015/hw1.isone.ng.beachrose.scada-gridworks.event.snapshot.spaceheat-1729018500243-ear.electricity.works.json
2026-08-25 16:08:46,847 | WARNING | Unknown message type "gridworks.event.snapshot.spaceheat" in hw1__1/eventstore/20241015/hw1.isone.ng.beachrose.scada-gridworks.event.snapshot.spaceheat-1729018800218-ear.electricity.works.json
2026-08-25 16:08:46,847 | WARNING | Unknown message type "gridworks.event.snapshot.spaceheat" in hw1__1/eventstore/20241015/hw1.isone.ng.beachrose.scada-gridworks.event.snapshot.spaceheat-1729018800218-ear.electricity.works.json
2026-08-25 16:08:46,847 | WARNING | Unknown message type "gridworks.event.snapshot.spaceheat" in hw1__1/eventstore/20241015/hw1.isone.ng.beachrose.scada-gridworks.event.snapshot.spaceheat-1729019100361-ear.electricity.works.json
2026-08-25 16:08:46,847 | WARNING | Unknown message type "gridworks.event.snapshot.spaceheat" in hw1__1/eventstore/20241015/hw1.isone.ng.beachrose.scada-gridworks.event.snapshot.spaceheat-1729019100361-ear.electricity.works.json
2026-08-25 16:08:46,847 | WARNING | Unknown message type "gridworks.event.snapshot.spaceheat" in hw1__1/eventstore/20241015/hw1.isone.ng.beachrose.scada-gridworks.event.snapshot.spaceheat-1729019400231-ear.electricity.works.json
2026-08-25 16:08:46,847 | WARNING | Unknown message type "gridworks.event.snapshot.spaceheat" in hw1__1/eventstore/20241015/hw1.isone.ng.beachrose.scada-gridworks.event.snapshot.spaceheat-1729019400231-ear.electricity.works.json
2026-08-25 16:08:46,847 | WARNING | Unknown message type "gridworks.event.snapshot.spaceheat" in hw1__1/eventstore/20241015/hw1.isone.ng.beachrose.scada-gridworks.event.snapshot.spaceheat-1729019700146-ear.electricity.works.json
2026-08-25 16:08:46,847 | WARNING | Unknown message type "gridworks.event.snapshot.spaceheat" in hw1__1/eventstore/20241015/hw1.isone.ng.beachrose.scada-gridworks.event.snapshot.spaceheat-1729019700146-ear.electricity.works.json
2026-08-25 16:08:46,847 | WARNING | Unknown message type "gridworks.event.snapshot.spaceheat" in hw1__1/eventstore/20241015/hw1.isone.ng.beachrose.scada-gridworks.event.snapshot.spaceheat-1729020000201-ear.electricity.works.json
2026-08-25 16:08:46,847 | WARNING | Unknown message type "gridworks.event.snapshot.spaceheat" in hw1__1/eventstore/20241015/hw1.isone.ng.beachrose.scada-gridworks.event.snapshot.spaceheat-1729020000201-ear.electricity.works.json
2026-08-25 16:08:46,847 | WARNING | Unknown message type "gridworks.event.snapshot.spaceheat" in hw1__1/eventstore/20241015/hw1.isone.ng.beachrose.scada-gridworks.event.snapshot.spaceheat-1729020300259-ear.electricity.works.json
2026-08-25 16:08:46,847 | WARNING | Unknown message type "gridworks.event.snapshot.spaceheat" in hw1__1/eventstore/20241015/hw1.isone.ng.beachrose.scada-gridworks.event.snapshot.spaceheat-1729020300259-ear.electricity.works.json
2026-08-25 16:08:46,847 | WARNING | Unknown message type "gridworks.event.snapshot.spaceheat" in hw1__1/eventstore/20241015/hw1.isone.ng.beachrose.scada-gridworks.event.snapshot.spaceheat-1729020600221-ear.electricity.works.json
2026-08-25 16:08:46,847 | WARNING | Unknown message type "gridworks.event.snapshot.spaceheat" in hw1__1/eventstore/20241015/hw1.isone.ng.beachrose.scada-gridworks.event.snapshot.spaceheat-1729020600221-ear.electricity.works.json
2026-08-25 16:08:46,847 | WARNING | Unknown message type "gridworks.event.snapshot.spaceheat" in hw1__1/eventstore/20241015/hw1.isone.ng.beachrose.scada-gridworks.event.snapshot.spaceheat-1729020900157-ear.electricity.works.json
2026-08-25 16:08:46,847 | WARNING | Unknown message type "gridworks.event.snapshot.spaceheat" in hw1__1/eventstore/20241015/hw1.isone.ng.beachrose.scada-gridworks.event.snapshot.spaceheat-1729020900157-ear.electricity.works.json
2026-08-25 16:08:46,847 | WARNING | Unknown message type "gridworks.event.snapshot.spaceheat" in hw1__1/eventstore/20241015/hw1.isone.ng.beachrose.scada-gridworks.event.snapshot.spaceheat-1729021200193-ear.electricity.works.json
2026-08-25 16:08:46,847 | WARNING | Unknown message type "gridworks.event.snapshot.spaceheat" in hw1__1/eventstore/20241015/hw1.isone.ng.beachrose.scada-gridworks.event.snapshot.spaceheat-1729021200193-ear.electricity.works.json
2026-08-25 16:08:46,847 | WARNING | Unknown message type "gridworks.event.snapshot.spaceheat" in hw1__1/eventstore/20241015/hw1.isone.ng.beachrose.scada-gridworks.event.snapshot.spaceheat-1729021500279-ear.electricity.works.json
2026-08-25 16:08:46,847 | WARNING | Unknown message type "gridworks.event.snapshot.spaceheat" in hw1__1/eventstore/20241015/hw1.isone.ng.beachrose.scada-gridworks.event.snapshot.spaceheat-1729021500279-ear.electricity.works.json
2026-08-25 16:08:46,847 | WARNING | Unknown message type "gridworks.event.snapshot.spaceheat" in hw1__1/eventstore/20241015/hw1.isone.ng.beachrose.scada-gridworks.event.snapshot.spaceheat-1729021800386-ear.electricity.works.json
2026-08-25 16:08:46,847 | WARNING | Unknown message type "gridworks.event.snapshot.spaceheat" in hw1__1/eventstore/20241015/hw1.isone.ng.beachrose.scada-gridworks.event.snapshot.spaceheat-1729021800386-ear.electricity.works.json
2026-08-25 16:08:46,847 | WARNING | Unknown message type "gridworks.event.snapshot.spaceheat" in hw1__1/eventstore/20241015/hw1.isone.ng.beachrose.scada-gridworks.event.snapshot.spaceheat-1729022100358-ear.electricity.works.json
2026-08-25 16:08:46,847 | WARNING | Unknown message type "gridworks.event.snapshot.spaceheat" in hw1__1/eventstore/20241015/hw1.isone.ng.beachrose.scada-gridworks.event.snapshot.spaceheat-1729022100358-ear.electricity.works.json
2026-08-25 16:08:46,847 | WARNING | Unknown message type "gridworks.event.snapshot.spaceheat" in hw1__1/eventstore/20241015/hw1.isone.ng.beachrose.scada-gridworks.event.snapshot.spaceheat-1729022400322-ear.electricity.works.json
2026-08-25 16:08:46,847 | WARNING | Unknown message type "gridworks.event.snapshot.spaceheat" in hw1__1/eventstore/20241015/hw1.isone.ng.beachrose.scada-gridworks.event.snapshot.spaceheat-1729022400322-ear.electricity.works.json
2026-08-25 16:08:46,847 | WARNING | Unknown message type "gridworks.event.snapshot.spaceheat" in hw1__1/eventstore/20241015/hw1.isone.ng.beachrose.scada-gridworks.event.snapshot.spaceheat-1729022700330-ear.electricity.works.json
2026-08-25 16:08:46,847 | WARNING | Unknown message type "gridworks.event.snapshot.spaceheat" in hw1__1/eventstore/20241015/hw1.isone.ng.beachrose.scada-gridworks.event.snapshot.spaceheat-1729022700330-ear.electricity.works.json
2026-08-25 16:08:46,847 | WARNING | Unknown message type "gridworks.event.snapshot.spaceheat" in hw1__1/eventstore/20241015/hw1.isone.ng.beachrose.scada-gridworks.event.snapshot.spaceheat-1729023000460-ear.electricity.works.json
2026-08-25 16:08:46,847 | WARNING | Unknown message type "gridworks.event.snapshot.spaceheat" in hw1__1/eventstore/20241015/hw1.isone.ng.beachrose.scada-gridworks.event.snapshot.spaceheat-1729023000460-ear.electricity.works.json
2026-08-25 16:08:46,847 | WARNING | Unknown message type "gridworks.event.snapshot.spaceheat" in hw1__1/eventstore/20241015/hw1.isone.ng.beachrose.scada-gridworks.event.snapshot.spaceheat-1729023300272-ear.electricity.works.json
2026-08-25 16:08:46,847 | WARNING | Unknown message type "gridworks.event.snapshot.spaceheat" in hw1__1/eventstore/20241015/hw1.isone.ng.beachrose.scada-gridworks.event.snapshot.spaceheat-1729023300272-ear.electricity.works.json
2026-08-25 16:08:46,847 | WARNING | Unknown message type "gridworks.event.snapshot.spaceheat" in hw1__1/eventstore/20241015/hw1.isone.ng.beachrose.scada-gridworks.event.snapshot.spaceheat-1729023600276-ear.electricity.works.json
2026-08-25 16:08:46,847 | WARNING | Unknown message type "gridworks.event.snapshot.spaceheat" in hw1__1/eventstore/20241015/hw1.isone.ng.beachrose.scada-gridworks.event.snapshot.spaceheat-1729023600276-ear.electricity.works.json
2026-08-25 16:08:46,847 | WARNING | Unknown message type "gridworks.event.snapshot.spaceheat" in hw1__1/eventstore/20241015/hw1.isone.ng.beachrose.scada-gridworks.event.snapshot.spaceheat-1729023900433-ear.electricity.works.json
2026-08-25 16:08:46,847 | WARNING | Unknown message type "gridworks.event.snapshot.spaceheat" in hw1__1/eventstore/20241015/hw1.isone.ng.beachrose.scada-gridworks.event.snapshot.spaceheat-1729023900433-ear.electricity.works.json
2026-08-25 16:08:46,847 | WARNING | Unknown message type "gridworks.event.snapshot.spaceheat" in hw1__1/eventstore/20241015/hw1.isone.ng.beachrose.scada-gridworks.event.snapshot.spaceheat-1729024200280-ear.electricity.works.json
2026-08-25 16:08:46,847 | WARNING | Unknown message type "gridworks.event.snapshot.spaceheat" in hw1__1/eventstore/20241015/hw1.isone.ng.beachrose.scada-gridworks.event.snapshot.spaceheat-1729024200280-ear.electricity.works.json
2026-08-25 16:08:46,847 | WARNING | Unknown message type "gridworks.event.snapshot.spaceheat" in hw1__1/eventstore/20241015/hw1.isone.ng.beachrose.scada-gridworks.event.snapshot.spaceheat-1729024500369-ear.electricity.works.json
2026-08-25 16:08:46,847 | WARNING | Unknown message type "gridworks.event.snapshot.spaceheat" in hw1__1/eventstore/20241015/hw1.isone.ng.beachrose.scada-gridworks.event.snapshot.spaceheat-1729024500369-ear.electricity.works.json
2026-08-25 16:08:46,847 | WARNING | Unknown message type "gridworks.event.snapshot.spaceheat" in hw1__1/eventstore/20241015/hw1.isone.ng.beachrose.scada-gridworks.event.snapshot.spaceheat-1729024800301-ear.electricity.works.json
2026-08-25 16:08:46,847 | WARNING | Unknown message type "gridworks.event.snapshot.spaceheat" in hw1__1/eventstore/20241015/hw1.isone.ng.beachrose.scada-gridworks.event.snapshot.spaceheat-1729024800301-ear.electricity.works.json
2026-08-25 16:08:46,847 | WARNING | Unknown message type "gridworks.event.snapshot.spaceheat" in hw1__1/eventstore/20241015/hw1.isone.ng.beachrose.scada-gridworks.event.snapshot.spaceheat-1729025100367-ear.electricity.works.json
2026-08-25 16:08:46,847 | WARNING | Unknown message type "gridworks.event.snapshot.spaceheat" in hw1__1/eventstore/20241015/hw1.isone.ng.beachrose.scada-gridworks.event.snapshot.spaceheat-1729025100367-ear.electricity.works.json
2026-08-25 16:08:46,847 | WARNING | Unknown message type "gridworks.event.snapshot.spaceheat" in hw1__1/eventstore/20241015/hw1.isone.ng.beachrose.scada-gridworks.event.snapshot.spaceheat-1729025400307-ear.electricity.works.json
2026-08-25 16:08:46,847 | WARNING | Unknown message type "gridworks.event.snapshot.spaceheat" in hw1__1/eventstore/20241015/hw1.isone.ng.beachrose.scada-gridworks.event.snapshot.spaceheat-1729025400307-ear.electricity.works.json
2026-08-25 16:08:46,847 | WARNING | Unknown message type "gridworks.event.snapshot.spaceheat" in hw1__1/eventstore/20241015/hw1.isone.ng.beachrose.scada-gridworks.event.snapshot.spaceheat-1729025700289-ear.electricity.works.json
2026-08-25 16:08:46,847 | WARNING | Unknown message type "gridworks.event.snapshot.spaceheat" in hw1__1/eventstore/20241015/hw1.isone.ng.beachrose.scada-gridworks.event.snapshot.spaceheat-1729025700289-ear.electricity.works.json
2026-08-25 16:08:46,847 | WARNING | Unknown message type "gridworks.event.snapshot.spaceheat" in hw1__1/eventstore/20241015/hw1.isone.ng.beachrose.scada-gridworks.event.snapshot.spaceheat-1729026000302-ear.electricity.works.json
2026-08-25 16:08:46,847 | WARNING | Unknown message type "gridworks.event.snapshot.spaceheat" in hw1__1/eventstore/20241015/hw1.isone.ng.beachrose.scada-gridworks.event.snapshot.spaceheat-1729026000302-ear.electricity.works.json
2026-08-25 16:08:46,847 | WARNING | Unknown message type "gridworks.event.snapshot.spaceheat" in hw1__1/eventstore/20241015/hw1.isone.ng.beachrose.scada-gridworks.event.snapshot.spaceheat-1729026300343-ear.electricity.works.json
2026-08-25 16:08:46,847 | WARNING | Unknown message type "gridworks.event.snapshot.spaceheat" in hw1__1/eventstore/20241015/hw1.isone.ng.beachrose.scada-gridworks.event.snapshot.spaceheat-1729026300343-ear.electricity.works.json
2026-08-25 16:08:46,848 | WARNING | Unknown message type "gridworks.event.snapshot.spaceheat" in hw1__1/eventstore/20241015/hw1.isone.ng.beachrose.scada-gridworks.event.snapshot.spaceheat-1729026600289-ear.electricity.works.json
2026-08-25 16:08:46,848 | WARNING | Unknown message type "gridworks.event.snapshot.spaceheat" in hw1__1/eventstore/20241015/hw1.isone.ng.beachrose.scada-gridworks.event.snapshot.spaceheat-1729026600289-ear.electricity.works.json
2026-08-25 16:08:46,848 | WARNING | Unknown message type "gridworks.event.snapshot.spaceheat" in hw1__1/eventstore/20241015/hw1.isone.ng.beachrose.scada-gridworks.event.snapshot.spaceheat-1729026900278-ear.electricity.works.json
2026-08-25 16:08:46,848 | WARNING | Unknown message type "gridworks.event.snapshot.spaceheat" in hw1__1/eventstore/20241015/hw1.isone.ng.beachrose.scada-gridworks.event.snapshot.spaceheat-1729026900278-ear.electricity.works.json
2026-08-25 16:08:46,848 | WARNING | Unknown message type "gridworks.event.snapshot.spaceheat" in hw1__1/eventstore/20241015/hw1.isone.ng.beachrose.scada-gridworks.event.snapshot.spaceheat-1729027200305-ear.electricity.works.json
2026-08-25 16:08:46,848 | WARNING | Unknown message type "gridworks.event.snapshot.spaceheat" in hw1__1/eventstore/20241015/hw1.isone.ng.beachrose.scada-gridworks.event.snapshot.spaceheat-1729027200305-ear.electricity.works.json
2026-08-25 16:08:46,848 | WARNING | Unknown message type "gridworks.event.snapshot.spaceheat" in hw1__1/eventstore/20241015/hw1.isone.ng.beachrose.scada-gridworks.event.snapshot.spaceheat-1729027500240-ear.electricity.works.json
2026-08-25 16:08:46,848 | WARNING | Unknown message type "gridworks.event.snapshot.spaceheat" in hw1__1/eventstore/20241015/hw1.isone.ng.beachrose.scada-gridworks.event.snapshot.spaceheat-1729027500240-ear.electricity.works.json
2026-08-25 16:08:46,848 | WARNING | Unknown message type "gridworks.event.snapshot.spaceheat" in hw1__1/eventstore/20241015/hw1.isone.ng.beachrose.scada-gridworks.event.snapshot.spaceheat-1729027800388-ear.electricity.works.json
2026-08-25 16:08:46,848 | WARNING | Unknown message type "gridworks.event.snapshot.spaceheat" in hw1__1/eventstore/20241015/hw1.isone.ng.beachrose.scada-gridworks.event.snapshot.spaceheat-1729027800388-ear.electricity.works.json
2026-08-25 16:08:46,848 | WARNING | Unknown message type "gridworks.event.snapshot.spaceheat" in hw1__1/eventstore/20241015/hw1.isone.ng.beachrose.scada-gridworks.event.snapshot.spaceheat-1729028100322-ear.electricity.works.json
2026-08-25 16:08:46,848 | WARNING | Unknown message type "gridworks.event.snapshot.spaceheat" in hw1__1/eventstore/20241015/hw1.isone.ng.beachrose.scada-gridworks.event.snapshot.spaceheat-1729028100322-ear.electricity.works.json
2026-08-25 16:08:46,848 | WARNING | Unknown message type "gridworks.event.snapshot.spaceheat" in hw1__1/eventstore/20241015/hw1.isone.ng.beachrose.scada-gridworks.event.snapshot.spaceheat-1729028400290-ear.electricity.works.json
2026-08-25 16:08:46,848 | WARNING | Unknown message type "gridworks.event.snapshot.spaceheat" in hw1__1/eventstore/20241015/hw1.isone.ng.beachrose.scada-gridworks.event.snapshot.spaceheat-1729028400290-ear.electricity.works.json
2026-08-25 16:08:46,848 | WARNING | Unknown message type "gridworks.event.snapshot.spaceheat" in hw1__1/eventstore/20241015/hw1.isone.ng.beachrose.scada-gridworks.event.snapshot.spaceheat-1729028700245-ear.electricity.works.json
2026-08-25 16:08:46,848 | WARNING | Unknown message type "gridworks.event.snapshot.spaceheat" in hw1__1/eventstore/20241015/hw1.isone.ng.beachrose.scada-gridworks.event.snapshot.spaceheat-1729028700245-ear.electricity.works.json
2026-08-25 16:08:46,848 | WARNING | Unknown message type "gridworks.event.snapshot.spaceheat" in hw1__1/eventstore/20241015/hw1.isone.ng.beachrose.scada-gridworks.event.snapshot.spaceheat-1729029000382-ear.electricity.works.json
2026-08-25 16:08:46,848 | WARNING | Unknown message type "gridworks.event.snapshot.spaceheat" in hw1__1/eventstore/20241015/hw1.isone.ng.beachrose.scada-gridworks.event.snapshot.spaceheat-1729029000382-ear.electricity.works.json
2026-08-25 16:08:46,848 | WARNING | Unknown message type "gridworks.event.snapshot.spaceheat" in hw1__1/eventstore/20241015/hw1.isone.ng.beachrose.scada-gridworks.event.snapshot.spaceheat-1729029300251-ear.electricity.works.json
2026-08-25 16:08:46,848 | WARNING | Unknown message type "gridworks.event.snapshot.spaceheat" in hw1__1/eventstore/20241015/hw1.isone.ng.beachrose.scada-gridworks.event.snapshot.spaceheat-1729029300251-ear.electricity.works.json
2026-08-25 16:08:46,848 | WARNING | Unknown message type "gridworks.event.snapshot.spaceheat" in hw1__1/eventstore/20241015/hw1.isone.ng.beachrose.scada-gridworks.event.snapshot.spaceheat-1729029600304-ear.electricity.works.json
2026-08-25 16:08:46,848 | WARNING | Unknown message type "gridworks.event.snapshot.spaceheat" in hw1__1/eventstore/20241015/hw1.isone.ng.beachrose.scada-gridworks.event.snapshot.spaceheat-1729029600304-ear.electricity.works.json
2026-08-25 16:08:46,848 | WARNING | Unknown message type "gridworks.event.snapshot.spaceheat" in hw1__1/eventstore/20241015/hw1.isone.ng.beachrose.scada-gridworks.event.snapshot.spaceheat-1729029900236-ear.electricity.works.json
2026-08-25 16:08:46,848 | WARNING | Unknown message type "gridworks.event.snapshot.spaceheat" in hw1__1/eventstore/20241015/hw1.isone.ng.beachrose.scada-gridworks.event.snapshot.spaceheat-1729029900236-ear.electricity.works.json
2026-08-25 16:08:46,848 | WARNING | Unknown message type "gridworks.event.snapshot.spaceheat" in hw1__1/eventstore/20241015/hw1.isone.ng.beachrose.scada-gridworks.event.snapshot.spaceheat-1729030200345-ear.electricity.works.json
2026-08-25 16:08:46,848 | WARNING | Unknown message type "gridworks.event.snapshot.spaceheat" in hw1__1/eventstore/20241015/hw1.isone.ng.beachrose.scada-gridworks.event.snapshot.spaceheat-1729030200345-ear.electricity.works.json
2026-08-25 16:08:46,848 | WARNING | Unknown message type "gridworks.event.snapshot.spaceheat" in hw1__1/eventstore/20241015/hw1.isone.ng.beachrose.scada-gridworks.event.snapshot.spaceheat-1729030500318-ear.electricity.works.json
2026-08-25 16:08:46,848 | WARNING | Unknown message type "gridworks.event.snapshot.spaceheat" in hw1__1/eventstore/20241015/hw1.isone.ng.beachrose.scada-gridworks.event.snapshot.spaceheat-1729030500318-ear.electricity.works.json
2026-08-25 16:08:46,848 | WARNING | Unknown message type "gridworks.event.snapshot.spaceheat" in hw1__1/eventstore/20241015/hw1.isone.ng.beachrose.scada-gridworks.event.snapshot.spaceheat-1729030800385-ear.electricity.works.json
2026-08-25 16:08:46,848 | WARNING | Unknown message type "gridworks.event.snapshot.spaceheat" in hw1__1/eventstore/20241015/hw1.isone.ng.beachrose.scada-gridworks.event.snapshot.spaceheat-1729030800385-ear.electricity.works.json
2026-08-25 16:08:46,848 | WARNING | Unknown message type "gridworks.event.snapshot.spaceheat" in hw1__1/eventstore/20241015/hw1.isone.ng.beachrose.scada-gridworks.event.snapshot.spaceheat-1729031100272-ear.electricity.works.json
2026-08-25 16:08:46,848 | WARNING | Unknown message type "gridworks.event.snapshot.spaceheat" in hw1__1/eventstore/20241015/hw1.isone.ng.beachrose.scada-gridworks.event.snapshot.spaceheat-1729031100272-ear.electricity.works.json
2026-08-25 16:08:46,848 | WARNING | Unknown message type "gridworks.event.snapshot.spaceheat" in hw1__1/eventstore/20241015/hw1.isone.ng.beachrose.scada-gridworks.event.snapshot.spaceheat-1729031400353-ear.electricity.works.json
2026-08-25 16:08:46,848 | WARNING | Unknown message type "gridworks.event.snapshot.spaceheat" in hw1__1/eventstore/20241015/hw1.isone.ng.beachrose.scada-gridworks.event.snapshot.spaceheat-1729031400353-ear.electricity.works.json
2026-08-25 16:08:46,848 | WARNING | Unknown message type "gridworks.event.snapshot.spaceheat" in hw1__1/eventstore/20241015/hw1.isone.ng.beachrose.scada-gridworks.event.snapshot.spaceheat-1729031700239-ear.electricity.works.json
2026-08-25 16:08:46,848 | WARNING | Unknown message type "gridworks.event.snapshot.spaceheat" in hw1__1/eventstore/20241015/hw1.isone.ng.beachrose.scada-gridworks.event.snapshot.spaceheat-1729031700239-ear.electricity.works.json
2026-08-25 16:08:46,848 | WARNING | Unknown message type "gridworks.event.snapshot.spaceheat" in hw1__1/eventstore/20241015/hw1.isone.ng.beachrose.scada-gridworks.event.snapshot.spaceheat-1729032000599-ear.electricity.works.json
2026-08-25 16:08:46,848 | WARNING | Unknown message type "gridworks.event.snapshot.spaceheat" in hw1__1/eventstore/20241015/hw1.isone.ng.beachrose.scada-gridworks.event.snapshot.spaceheat-1729032000599-ear.electricity.works.json
2026-08-25 16:08:46,848 | WARNING | Unknown message type "gridworks.event.snapshot.spaceheat" in hw1__1/eventstore/20241015/hw1.isone.ng.beachrose.scada-gridworks.event.snapshot.spaceheat-1729032300369-ear.electricity.works.json
2026-08-25 16:08:46,848 | WARNING | Unknown message type "gridworks.event.snapshot.spaceheat" in hw1__1/eventstore/20241015/hw1.isone.ng.beachrose.scada-gridworks.event.snapshot.spaceheat-1729032300369-ear.electricity.works.json
2026-08-25 16:08:46,848 | WARNING | Unknown message type "gridworks.event.snapshot.spaceheat" in hw1__1/eventstore/20241015/hw1.isone.ng.beachrose.scada-gridworks.event.snapshot.spaceheat-1729032600313-ear.electricity.works.json
2026-08-25 16:08:46,848 | WARNING | Unknown message type "gridworks.event.snapshot.spaceheat" in hw1__1/eventstore/20241015/hw1.isone.ng.beachrose.scada-gridworks.event.snapshot.spaceheat-1729032600313-ear.electricity.works.json
2026-08-25 16:08:46,848 | WARNING | Unknown message type "gridworks.event.snapshot.spaceheat" in hw1__1/eventstore/20241015/hw1.isone.ng.beachrose.scada-gridworks.event.snapshot.spaceheat-1729032900281-ear.electricity.works.json
2026-08-25 16:08:46,848 | WARNING | Unknown message type "gridworks.event.snapshot.spaceheat" in hw1__1/eventstore/20241015/hw1.isone.ng.beachrose.scada-gridworks.event.snapshot.spaceheat-1729032900281-ear.electricity.works.json
2026-08-25 16:08:46,848 | WARNING | Unknown message type "gridworks.event.snapshot.spaceheat" in hw1__1/eventstore/20241015/hw1.isone.ng.beachrose.scada-gridworks.event.snapshot.spaceheat-1729033200297-ear.electricity.works.json
2026-08-25 16:08:46,848 | WARNING | Unknown message type "gridworks.event.snapshot.spaceheat" in hw1__1/eventstore/20241015/hw1.isone.ng.beachrose.scada-gridworks.event.snapshot.spaceheat-1729033200297-ear.electricity.works.json
2026-08-25 16:08:46,848 | WARNING | Unknown message type "gridworks.event.snapshot.spaceheat" in hw1__1/eventstore/20241015/hw1.isone.ng.beachrose.scada-gridworks.event.snapshot.spaceheat-1729033500337-ear.electricity.works.json
2026-08-25 16:08:46,848 | WARNING | Unknown message type "gridworks.event.snapshot.spaceheat" in hw1__1/eventstore/20241015/hw1.isone.ng.beachrose.scada-gridworks.event.snapshot.spaceheat-1729033500337-ear.electricity.works.json
2026-08-25 16:08:46,848 | WARNING | Unknown message type "gridworks.event.snapshot.spaceheat" in hw1__1/eventstore/20241015/hw1.isone.ng.beachrose.scada-gridworks.event.snapshot.spaceheat-1729033800276-ear.electricity.works.json
2026-08-25 16:08:46,848 | WARNING | Unknown message type "gridworks.event.snapshot.spaceheat" in hw1__1/eventstore/20241015/hw1.isone.ng.beachrose.scada-gridworks.event.snapshot.spaceheat-1729033800276-ear.electricity.works.json
2026-08-25 16:08:46,848 | WARNING | Unknown message type "gridworks.event.snapshot.spaceheat" in hw1__1/eventstore/20241015/hw1.isone.ng.beachrose.scada-gridworks.event.snapshot.spaceheat-1729034100343-ear.electricity.works.json
2026-08-25 16:08:46,848 | WARNING | Unknown message type "gridworks.event.snapshot.spaceheat" in hw1__1/eventstore/20241015/hw1.isone.ng.beachrose.scada-gridworks.event.snapshot.spaceheat-1729034100343-ear.electricity.works.json
2026-08-25 16:08:46,848 | WARNING | Unknown message type "gridworks.event.snapshot.spaceheat" in hw1__1/eventstore/20241015/hw1.isone.ng.beachrose.scada-gridworks.event.snapshot.spaceheat-1729034400387-ear.electricity.works.json
2026-08-25 16:08:46,848 | WARNING | Unknown message type "gridworks.event.snapshot.spaceheat" in hw1__1/eventstore/20241015/hw1.isone.ng.beachrose.scada-gridworks.event.snapshot.spaceheat-1729034400387-ear.electricity.works.json
2026-08-25 16:08:46,848 | WARNING | Unknown message type "gridworks.event.snapshot.spaceheat" in hw1__1/eventstore/20241015/hw1.isone.ng.beachrose.scada-gridworks.event.snapshot.spaceheat-1729034700313-ear.electricity.works.json
2026-08-25 16:08:46,848 | WARNING | Unknown message type "gridworks.event.snapshot.spaceheat" in hw1__1/eventstore/20241015/hw1.isone.ng.beachrose.scada-gridworks.event.snapshot.spaceheat-1729034700313-ear.electricity.works.json
2026-08-25 16:08:46,848 | WARNING | Unknown message type "gridworks.event.snapshot.spaceheat" in hw1__1/eventstore/20241015/hw1.isone.ng.beachrose.scada-gridworks.event.snapshot.spaceheat-1729035000298-ear.electricity.works.json
2026-08-25 16:08:46,848 | WARNING | Unknown message type "gridworks.event.snapshot.spaceheat" in hw1__1/eventstore/20241015/hw1.isone.ng.beachrose.scada-gridworks.event.snapshot.spaceheat-1729035000298-ear.electricity.works.json
2026-08-25 16:08:46,848 | WARNING | Unknown message type "gridworks.event.snapshot.spaceheat" in hw1__1/eventstore/20241015/hw1.isone.ng.beachrose.scada-gridworks.event.snapshot.spaceheat-1729035300587-ear.electricity.works.json
2026-08-25 16:08:46,848 | WARNING | Unknown message type "gridworks.event.snapshot.spaceheat" in hw1__1/eventstore/20241015/hw1.isone.ng.beachrose.scada-gridworks.event.snapshot.spaceheat-1729035300587-ear.electricity.works.json
2026-08-25 16:08:46,848 | WARNING | Unknown message type "gridworks.event.snapshot.spaceheat" in hw1__1/eventstore/20241015/hw1.isone.ng.beachrose.scada-gridworks.event.snapshot.spaceheat-1729035600292-ear.electricity.works.json
2026-08-25 16:08:46,848 | WARNING | Unknown message type "gridworks.event.snapshot.spaceheat" in hw1__1/eventstore/20241015/hw1.isone.ng.beachrose.scada-gridworks.event.snapshot.spaceheat-1729035600292-ear.electricity.works.json
2026-08-25 16:08:46,848 | WARNING | Unknown message type "gridworks.event.snapshot.spaceheat" in hw1__1/eventstore/20241015/hw1.isone.ng.beachrose.scada-gridworks.event.snapshot.spaceheat-1729035900376-ear.electricity.works.json
2026-08-25 16:08:46,848 | WARNING | Unknown message type "gridworks.event.snapshot.spaceheat" in hw1__1/eventstore/20241015/hw1.isone.ng.beachrose.scada-gridworks.event.snapshot.spaceheat-1729035900376-ear.electricity.works.json
2026-08-25 16:08:46,848 | WARNING | Unknown message type "gridworks.event.snapshot.spaceheat" in hw1__1/eventstore/20241015/hw1.isone.ng.beachrose.scada-gridworks.event.snapshot.spaceheat-1729036200352-ear.electricity.works.json
2026-08-25 16:08:46,848 | WARNING | Unknown message type "gridworks.event.snapshot.spaceheat" in hw1__1/eventstore/20241015/hw1.isone.ng.beachrose.scada-gridworks.event.snapshot.spaceheat-1729036200352-ear.electricity.works.json
2026-08-25 16:08:46,848 | WARNING | Unknown message type "gridworks.event.snapshot.spaceheat" in hw1__1/eventstore/20241015/hw1.isone.ng.beachrose.scada-gridworks.event.snapshot.spaceheat-1729036500353-ear.electricity.works.json
2026-08-25 16:08:46,848 | WARNING | Unknown message type "gridworks.event.snapshot.spaceheat" in hw1__1/eventstore/20241015/hw1.isone.ng.beachrose.scada-gridworks.event.snapshot.spaceheat-1729036500353-ear.electricity.works.json
2026-08-25 16:08:46,848 | WARNING | Unknown message type "gridworks.event.snapshot.spaceheat" in hw1__1/eventstore/20241015/hw1.isone.ng.beachrose.scada-gridworks.event.snapshot.spaceheat-1729036800340-ear.electricity.works.json
2026-08-25 16:08:46,848 | WARNING | Unknown message type "gridworks.event.snapshot.spaceheat" in hw1__1/eventstore/20241015/hw1.isone.ng.beachrose.scada-gridworks.event.snapshot.spaceheat-1729036800340-ear.electricity.works.json
2026-08-25 16:08:46,849 | INFO | Completed messages for 2024-10-15T00:00:00
2026-08-25 16:08:46,849 | INFO | 
==============================================================================
RUN SUMMARY (messages processed: 0)
------------------------------------------------------------------------------
type_name                                  version       ok  degraded  failed
------------------------------------------------------------------------------
==============================================================================
No degraded versions — every accepted type decoded cleanly.
==============================================================================
2026-08-25 16:08:46,849 | INFO | Wrote run summary to /Users/jessica/GridWorks/experiments/ops498-load/runs/20260825T2008/pass1_2024-10-13_2024-10-15.json
