2026-09-28 13:14:27.807 
2026-09-28 13:14:27.807 Env file: </home/pi/envs/dev.env>  exists: True
2026-09-28 13:14:27.807 Settings:
2026-09-28 13:14:27.808 {
  "paths": {
    "base": "gridworks",
    "name": "scada-experiment",
    "relative_path": "gridworks/scada-experiment",
    "data_home": "/home/pi/.local/share",
    "state_home": "/home/pi/.local/state",
    "config_home": "/home/pi/.config",
    "data_dir": "/home/pi/.local/share/gridworks/scada-experiment",
    "config_dir": "/home/pi/.config/gridworks/scada-experiment",
    "certs_dir": "/home/pi/.config/gridworks/scada-experiment/certs",
    "event_dir": "/home/pi/.local/share/gridworks/scada-experiment/event",
    "log_dir": "/home/pi/.local/state/gridworks/scada-experiment/log",
    "hardware_layout": "/home/pi/.config/gridworks/scada-experiment/hardware-layout.json",
    "operational_params": "/home/pi/.config/gridworks/scada-experiment/operational-params.json",
    "tadeed": "/home/pi/.config/gridworks/scada-experiment/ta-deed.json"
  },
  "logging": {
    "base_log_name": "gridworks",
    "base_log_level": 10,
    "levels": {
      "message_summary": 10,
      "lifecycle": 20,
      "comm_event": 20,
      "io_loop": 20
    },
    "formatter": {
      "fmt": "%(asctime)s %(message)s",
      "datefmt": "",
      "default_msec_format": "%s.%03d",
      "use_utc": false
    },
    "file_handler": {
      "filename": "proactor.log",
      "bytes_per_log_file": 2097152,
      "num_log_files": 10,
      "level": 0
    },
    "io_loop": {
      "file_handler": {
        "filename": "io_loop.log",
        "bytes_per_log_file": 2097152,
        "num_log_files": 2,
        "level": 0
      },
      "on_screen": false
    },
    "aiohttp_logging": false,
    "paho_logging": false
  },
  "proactor": {
    "mqtt_link_poll_seconds": 60.0,
    "ack_timeout_seconds": 5.0,
    "num_initial_event_reuploads": 5,
    "num_inflight_events": 50
  },
  "pico_cycler_state_logging": false,
  "unknown_channel_logging": false,
  "power_meter_logging_level": 30,
  "contract_rep_logging_level": 20,
  "paho_logging": false,
  "local_mqtt": {
    "host": "maple.local",
    "port": 1883,
    "keepalive": 60,
    "bind_address": "",
    "bind_port": 0,
    "username": "sara",
    "password": "**********",
    "tls": {
      "use_tls": false,
      "port": 8883,
      "paths": {
        "ca_cert_path": "/home/pi/.config/gridworks/scada-experiment/certs/local_mqtt/ca.crt",
        "cert_path": "/home/pi/.config/gridworks/scada-experiment/certs/local_mqtt/local_mqtt.crt",
        "private_key_path": "/home/pi/.config/gridworks/scada-experiment/certs/local_mqtt/private/local_mqtt.pem"
      },
      "cert_reqs": 2,
      "ciphers": null,
      "keyfile_password": ""
    }
  },
  "gridworks_mqtt": {
    "host": "localhost",
    "port": 1883,
    "keepalive": 60,
    "bind_address": "",
    "bind_port": 0,
    "username": null,
    "password": "",
    "tls": {
      "use_tls": false,
      "port": 8883,
      "paths": {
        "ca_cert_path": "/home/pi/.config/gridworks/scada-experiment/certs/gridworks_mqtt/ca.crt",
        "cert_path": "/home/pi/.config/gridworks/scada-experiment/certs/gridworks_mqtt/gridworks_mqtt.crt",
        "private_key_path": "/home/pi/.config/gridworks/scada-experiment/certs/gridworks_mqtt/private/gridworks_mqtt.pem"
      },
      "cert_reqs": 2,
      "ciphers": null,
      "keyfile_password": ""
    }
  },
  "clock_source": "Wall",
  "seconds_per_report": 300,
  "seconds_per_snapshot": 30,
  "async_power_reporting_threshold": 0.02,
  "power_meter_lost_after_s": 10.0,
  "persister": {
    "max_bytes": 524288000
  },
  "admin": {
    "host": "localhost",
    "port": 1883,
    "keepalive": 60,
    "bind_address": "",
    "bind_port": 0,
    "username": null,
    "password": "",
    "tls": {
      "use_tls": false,
      "port": 8883,
      "paths": {
        "ca_cert_path": "/home/pi/.config/gridworks/scada-experiment/certs/admin/ca.crt",
        "cert_path": "/home/pi/.config/gridworks/scada-experiment/certs/admin/admin.crt",
        "private_key_path": "/home/pi/.config/gridworks/scada-experiment/certs/admin/private/admin.pem"
      },
      "cert_reqs": 2,
      "ciphers": null,
      "keyfile_password": ""
    },
    "enabled": false,
    "name": "admin",
    "max_timeout_seconds": 86400.0
  },
  "latitude": 45.6573,
  "longitude": -68.7098,
  "airtable_pat": "bogus_pat"
}
ScadaSettings(
    paths=ScadaPaths(
        base=PosixPath('gridworks'),
        name=PosixPath('scada-experiment'),
        relative_path=PosixPath('gridworks/scada-experiment'),
        data_home=PosixPath('/home/pi/.local/share'),
        state_home=PosixPath('/home/pi/.local/state'),
        config_home=PosixPath('/home/pi/.config'),
        data_dir=PosixPath('/home/pi/.local/share/gridworks/scada-experiment'),
        config_dir=PosixPath('/home/pi/.config/gridworks/scada-experiment'),
        certs_dir=PosixPath('/home/pi/.config/gridworks/scada-experiment/certs')
,
        event_dir=PosixPath('/home/pi/.local/share/gridworks/scada-experiment/ev
ent'),
        log_dir=PosixPath('/home/pi/.local/state/gridworks/scada-experiment/log'
),
        hardware_layout=PosixPath('/home/pi/.config/gridworks/scada-experiment/h
ardware-layout.json'),
        operational_params=PosixPath('/home/pi/.config/gridworks/scada-experimen
t/operational-params.json'),
        tadeed=PosixPath('/home/pi/.config/gridworks/scada-experiment/ta-deed.js
on')
    ),
    logging=LoggingSettings(
        base_log_name='gridworks',
        base_log_level=10,
        levels=LoggerLevels(
            message_summary=10,
            lifecycle=20,
            comm_event=20,
            io_loop=20
        ),
        formatter=FormatterSettings(
            fmt='%(asctime)s %(message)s',
            datefmt='',
            default_msec_format='%s.%03d',
            use_utc=False
        ),
        file_handler=RotatingFileHandlerSettings(
            filename='proactor.log',
            bytes_per_log_file=2097152,
            num_log_files=10,
            level=0
        ),
        io_loop=IOLoopLoggerSettings(
            file_handler=RotatingFileHandlerSettings(
                filename='io_loop.log',
                bytes_per_log_file=2097152,
                num_log_files=2,
                level=0
            ),
            on_screen=False
        ),
        aiohttp_logging=False,
        paho_logging=False
    ),
    proactor=ProactorSettings(
        mqtt_link_poll_seconds=60.0,
        ack_timeout_seconds=5.0,
        num_initial_event_reuploads=5,
        num_inflight_events=50
    ),
    pico_cycler_state_logging=False,
    unknown_channel_logging=False,
    power_meter_logging_level=30,
    contract_rep_logging_level=20,
    paho_logging=False,
    local_mqtt=MQTTClient(
        host='maple.local',
        port=1883,
        keepalive=60,
        bind_address='',
        bind_port=0,
        username='sara',
        password=SecretStr('**********'),
        tls=TLSInfo(
            use_tls=False,
            port=8883,
            paths=TLSPaths(
                ca_cert_path=PosixPath('/home/pi/.config/gridworks/scada-experim
ent/certs/local_mqtt/ca.crt'),
                cert_path=PosixPath('/home/pi/.config/gridworks/scada-experiment
/certs/local_mqtt/local_mqtt.crt'),
                private_key_path=PosixPath('/home/pi/.config/gridworks/scada-exp
eriment/certs/local_mqtt/private/local_mqtt.pem')
            ),
            cert_reqs=<VerifyMode.CERT_REQUIRED: 2>,
            ciphers=None,
            keyfile_password=SecretStr('')
        )
    ),
    gridworks_mqtt=MQTTClient(
        host='localhost',
        port=1883,
        keepalive=60,
        bind_address='',
        bind_port=0,
        username=None,
        password=SecretStr(''),
        tls=TLSInfo(
            use_tls=False,
            port=8883,
            paths=TLSPaths(
                ca_cert_path=PosixPath('/home/pi/.config/gridworks/scada-experim
ent/certs/gridworks_mqtt/ca.crt'),
                cert_path=PosixPath('/home/pi/.config/gridworks/scada-experiment
/certs/gridworks_mqtt/gridworks_mqtt.crt'),
                private_key_path=PosixPath('/home/pi/.config/gridworks/scada-exp
eriment/certs/gridworks_mqtt/private/gridworks_mqtt.pem')
            ),
            cert_reqs=<VerifyMode.CERT_REQUIRED: 2>,
            ciphers=None,
            keyfile_password=SecretStr('')
        )
    ),
    clock_source=<ClockSource.Wall: 'Wall'>,
    seconds_per_report=300,
    seconds_per_snapshot=30,
    async_power_reporting_threshold=0.02,
    power_meter_lost_after_s=10.0,
    persister=PersisterSettings(max_bytes=524288000),
    admin=AdminLinkSettings(
        host='localhost',
        port=1883,
        keepalive=60,
        bind_address='',
        bind_port=0,
        username=None,
        password=SecretStr(''),
        tls=TLSInfo(
            use_tls=False,
            port=8883,
            paths=TLSPaths(
                ca_cert_path=PosixPath('/home/pi/.config/gridworks/scada-experim
ent/certs/admin/ca.crt'),
                cert_path=PosixPath('/home/pi/.config/gridworks/scada-experiment
/certs/admin/admin.crt'),
                private_key_path=PosixPath('/home/pi/.config/gridworks/scada-exp
eriment/certs/admin/private/admin.pem')
            ),
            cert_reqs=<VerifyMode.CERT_REQUIRED: 2>,
            ciphers=None,
            keyfile_password=SecretStr('')
        ),
        enabled=False,
        name='admin',
        max_timeout_seconds=86400
    ),
    latitude=45.6573,
    longitude=-68.7098,
    airtable_pat='bogus_pat'
)
2026-09-28 13:14:27.994 Proactor <ProactorName(long_name='hw1.isone.me.versant.keene.maple.scada.s2', short_name='s2')> reindexing events
2026-09-28 13:14:27.995 Proactor <ProactorName(long_name='hw1.isone.me.versant.keene.maple.scada.s2', short_name='s2')> reindexing complete.
  0 events present for upload, using approximately 0 KB / 0.0 MB storage space.
2026-09-28 13:14:28.027 
Subscription info for <hw1.isone.me.versant.keene.maple.scada.s2> [construction]
  Client name: <local_mqtt>  topic_dst: <s>
    Publish to: gw/hw1-isone-me-versant-keene-maple-scada-s2/to/s/SOME_MESSAGE_TYPE
    Subscriptions:
      [('gw/hw1-isone-me-versant-keene-maple-scada/to/s2/#', <QOS.AtMostOnce: 0>)]

== window boot: scada2 of hw1.isone.me.versant.keene.maple.scada for 1800s, broker localhost:1883 ==
2026-09-28 13:14:28.028 ++LinkManager.start
2026-09-28 13:14:28.029 ++generate_event gridworks.event.startup  f: 0  (p: 0)  (pr: 0  r: 0  c: 0)
2026-09-28 13:14:28.031 --generate_event gridworks.event.startup  f: 0  (p: 1)  (pr: 1  r: 0  c: 0)  problems: (0 0)  path:0x00000041
2026-09-28 13:14:28.032 --LinkManager.start
2026-09-28 13:14:28.033 WatchdogManager: []
2026-09-28 13:14:28.035 ++Proactor<s2>.join()
2026-09-28 13:14:28.037 Tasks: 5  [Proactor.join() - all tasks]
	1/5  send_ping<local_mqtt>           done:False   exception: None  <coroutine object LinkManager.send_ping at 0x7f7a7a7040>
	2/5  process_messages                done:False   exception: None  <coroutine object Proactor.process_messages at 0x7f7a9ba3e0>
	3/5  Task-2                          done:False   exception: None  <coroutine object Proactor.run_forever at 0x7f7a7caa40>
	4/5  pat_watchdog                    done:False   exception: None  <coroutine object WatchdogManager._check_pats at 0x7f7a9b9a60>
	5/5  Task-1                          done:False   exception: None  <coroutine object _run_bounded at 0x7f7aa5a5e0>

2026-09-28 13:14:28.039 Tasks: 9  [WAITING FOR]
	1/9  send_ping<local_mqtt>           done:False   exception: None  <coroutine object LinkManager.send_ping at 0x7f7a7a7040>
	2/9  watchdog_manager.join           done:False   exception: None  <coroutine object WatchdogManager.join at 0x7f7a6a9460>
	3/9  zone1-living-rm-stat.join       done:False   exception: None  <coroutine object HubitatPoller.join at 0x7f7a7cb580>
	4/9  process_messages                done:False   exception: None  <coroutine object Proactor.process_messages at 0x7f7a9ba3e0>
	5/9  zone2-bedroom-stat.join         done:False   exception: None  <coroutine object HubitatPoller.join at 0x7f7a7cb700>
	6/9  s2.join                         done:False   exception: None  <coroutine object PrimeActor.join at 0x7f7a7cb400>
	7/9  _WebManager.join                done:False   exception: None  <coroutine object _WebManager.join at 0x7f7a7cb280>
	8/9  analog-temp.join                done:False   exception: None  <coroutine object SyncThreadActor.join at 0x7f7a7cb880>
	9/9  io_loop_manager.join            done:False   exception: None  <coroutine object IOLoop.join at 0x7f7a7cb100>

2026-09-28 13:14:28.042 Tasks: 5  [DONE]
	1/5  zone1-living-rm-stat.join       done:True   exception: None  <coroutine object HubitatPoller.join at 0x7f7a7cb580>
	2/5  io_loop_manager.join            done:True   exception: None  <coroutine object IOLoop.join at 0x7f7a7cb100>
	3/5  s2.join                         done:True   exception: None  <coroutine object PrimeActor.join at 0x7f7a7cb400>
	4/5  _WebManager.join                done:True   exception: None  <coroutine object _WebManager.join at 0x7f7a7cb280>
	5/5  zone2-bedroom-stat.join         done:True   exception: None  <coroutine object HubitatPoller.join at 0x7f7a7cb700>

2026-09-28 13:14:28.044 Tasks: 4  [PENDING]
	1/4  send_ping<local_mqtt>           done:False   exception: None  <coroutine object LinkManager.send_ping at 0x7f7a7a7040>
	2/4  analog-temp.join                done:False   exception: None  <coroutine object SyncThreadActor.join at 0x7f7a7cb880>
	3/4  watchdog_manager.join           done:False   exception: None  <coroutine object WatchdogManager.join at 0x7f7a6a9460>
	4/4  process_messages                done:False   exception: None  <coroutine object Proactor.process_messages at 0x7f7a9ba3e0>

2026-09-28 13:14:28.044 Tasks: 4  [WAITING FOR]
	1/4  send_ping<local_mqtt>           done:False   exception: None  <coroutine object LinkManager.send_ping at 0x7f7a7a7040>
	2/4  analog-temp.join                done:False   exception: None  <coroutine object SyncThreadActor.join at 0x7f7a7cb880>
	3/4  watchdog_manager.join           done:False   exception: None  <coroutine object WatchdogManager.join at 0x7f7a6a9460>
	4/4  process_messages                done:False   exception: None  <coroutine object Proactor.process_messages at 0x7f7a9ba3e0>

2026-09-28 13:14:28.131 
2026-09-28 13:14:28.132 ++++++++++++++++++++++++++++++++++++++++++++++++++++++++++++++++++++++++++++++++++++++++
2026-09-28 13:14:28.132 ++Proactor<s2>.process_message  [analog-temp/synced.readings]
2026-09-28 13:14:28.132   IN  internal     analog-temp to hw1.isone.me.versant.keene.maple.scada.s2     <-  [analog-temp/to/hw1.isone.me.versant.keene.maple.scada.s2/synced.readings]        SyncedReadings           
2026-09-28 13:14:28.132 ++Parentless.process_internal_message analog-temp/synced.readings
2026-09-28 13:14:28.133   OUT mqtt         analog-temp to s                                       ->  [gw/hw1-isone-me-versant-keene-maple-scada-s2/to/s/synced-readings]               SyncedReadings           
2026-09-28 13:14:28.133 --Parentless.process_internal_message  path:0x00000004
2026-09-28 13:14:28.134 --Proactor<s2>.process_message  path:0x00000401
2026-09-28 13:14:28.135 ----------------------------------------------------------------------------------------
2026-09-28 13:14:28.195 
2026-09-28 13:14:28.195 ++++++++++++++++++++++++++++++++++++++++++++++++++++++++++++++++++++++++++++++++++++++++
2026-09-28 13:14:28.195 ++Proactor<s2>.process_message  [mqtt_clients/mqtt_connected]
2026-09-28 13:14:28.196   IN  internal     mqtt_clients to proactor                               <-  [mqtt_clients/to/proactor/mqtt_connected]                                         MQTTConnectPayload       
2026-09-28 13:14:28.196 local_mqtt:  connecting -- mqtt_connected --> awaiting_setup_and_peer
2026-09-28 13:14:28.196 ++generate_event gridworks.event.comm.mqtt.connect  f: 0  (p: 1)  (pr: 1  r: 0  c: 0)
2026-09-28 13:14:28.197 --generate_event gridworks.event.comm.mqtt.connect  f: 0  (p: 2)  (pr: 2  r: 0  c: 0)  problems: (0 0)  path:0x00000043
2026-09-28 13:14:28.197 --Proactor<s2>.process_message  path:0x00000005
2026-09-28 13:14:28.197 ----------------------------------------------------------------------------------------
2026-09-28 13:14:28.199 
2026-09-28 13:14:28.200 ++++++++++++++++++++++++++++++++++++++++++++++++++++++++++++++++++++++++++++++++++++++++
2026-09-28 13:14:28.200 ++Proactor<s2>.process_message  [mqtt_clients/mqtt_suback]
2026-09-28 13:14:28.200   IN  internal     mqtt_clients to proactor                               <-  [mqtt_clients/to/proactor/mqtt_suback]                                            MQTTSubackPayload        
2026-09-28 13:14:28.200 ++Proactor<s2>._process_mqtt_suback client:local_mqtt
2026-09-28 13:14:28.201 ++LinkManager.process_mqtt_suback client:local_mqtt
2026-09-28 13:14:28.201 local_mqtt:  awaiting_setup_and_peer -- mqtt_suback --> awaiting_peer
2026-09-28 13:14:28.201 ++generate_event gridworks.event.comm.mqtt.fully.subscribed  f: 0  (p: 2)  (pr: 2  r: 0  c: 0)
2026-09-28 13:14:28.202 --generate_event gridworks.event.comm.mqtt.fully.subscribed  f: 0  (p: 3)  (pr: 3  r: 0  c: 0)  problems: (0 0)  path:0x00000043
2026-09-28 13:14:28.203   OUT mqtt         hw1.isone.me.versant.keene.maple.scada.s2 to s         ->  [gw/hw1-isone-me-versant-keene-maple-scada-s2/to/s/gridworks-ping]                Ping                      daf0c248...
2026-09-28 13:14:28.204 --LinkManager.process_mqtt_suback:1  path:0x00000007
2026-09-28 13:14:28.204 --Proactor._process_mqtt_suback:1  path:0x00000001
2026-09-28 13:14:28.204 --Proactor<s2>.process_message  path:0x00000021
2026-09-28 13:14:28.204 ----------------------------------------------------------------------------------------
2026-09-28 13:14:28.214 
2026-09-28 13:14:28.214 ++++++++++++++++++++++++++++++++++++++++++++++++++++++++++++++++++++++++++++++++++++++++
2026-09-28 13:14:28.215 ++Proactor<s2>.process_message  [gridworks-ack]
2026-09-28 13:14:28.215 ++Proactor<s2>._process_mqtt_message mqtt_clients/mqtt_message
2026-09-28 13:14:28.215   IN  mqtt         hw1.isone.me.versant.keene.maple.scada to s2           <-  [gw/hw1-isone-me-versant-keene-maple-scada/to/s2/gridworks-ack]                   Ack                       daf0c248...
2026-09-28 13:14:28.216 local_mqtt:  awaiting_peer -- message_from_peer --> active
2026-09-28 13:14:28.216 ++LinkManager._recv_activated.<local_mqtt:  awaiting_peer -- message_from_peer --> active>
2026-09-28 13:14:28.217 start_reupload: sent 3 events. 0 reupload events pending. Total events in reupload: 3.  Reuploads started: 1  completed: 0.
2026-09-28 13:14:28.217 Reuploads  reuploading:1  unacked/sent:3  pending/unsent:0  num initial:5
  unacked:3
    4054f769...
    415d28aa...
    8f0143cb...
  pending:0
2026-09-28 13:14:28.217 ++_continue_reupload  3
2026-09-28 13:14:28.217 ++_reupload_event  4054f769-8d0b-4170-aa6a-0e8716f7d46f
2026-09-28 13:14:28.218   OUT mqtt         hw1.isone.me.versant.keene.maple.scada.s2 to s         ->  [gw/hw1-isone-me-versant-keene-maple-scada-s2/to/s/gridworks-event-startup]       dict                      4054f769...
2026-09-28 13:14:28.218 --_reupload_event:1  path:0x000000A9
2026-09-28 13:14:28.219   1 event path:0x0000000C
2026-09-28 13:14:28.219 ++_reupload_event  415d28aa-fd4c-43ee-a862-23156807ec31
2026-09-28 13:14:28.220   OUT mqtt         hw1.isone.me.versant.keene.maple.scada.s2 to s         ->  [gw/hw1-isone-me-versant-keene-maple-scada-s2/to/s/gridworks-event-comm-mqtt-connect]  dict                      415d28aa...
2026-09-28 13:14:28.220 --_reupload_event:1  path:0x000000A9
2026-09-28 13:14:28.220   1 event path:0x0000000C
2026-09-28 13:14:28.220 ++_reupload_event  8f0143cb-7c16-4c0c-aa97-e1c2bf72cbb0
2026-09-28 13:14:28.221   OUT mqtt         hw1.isone.me.versant.keene.maple.scada.s2 to s         ->  [gw/hw1-isone-me-versant-keene-maple-scada-s2/to/s/gridworks-event-comm-mqtt-fully-subscribed]  dict                      8f0143cb...
2026-09-28 13:14:28.221 --_reupload_event:1  path:0x000000A9
2026-09-28 13:14:28.222   1 event path:0x0000000C
2026-09-28 13:14:28.222   1 continuation path:0x0000000E
2026-09-28 13:14:28.222 --_continue_reupload  path:0x0000001F  sent:3  tried:3  continuations:0
2026-09-28 13:14:28.222 ++generate_event gridworks.event.comm.peer.active  f: 0  (p: 3)  (pr: 3  r: 3  c: 0)
2026-09-28 13:14:28.223   OUT mqtt         hw1.isone.me.versant.keene.maple.scada.s2 to s         ->  [gw/hw1-isone-me-versant-keene-maple-scada-s2/to/s/gridworks-event-comm-peer-active]  PeerActiveEvent           0136ba98...
2026-09-28 13:14:28.224 --generate_event gridworks.event.comm.peer.active  f: 1  (p: 3)  (pr: 3  r: 3  c: 0)  problems: (0 0)  path:0x0000002B
2026-09-28 13:14:28.224 --LinkManager._recv_activated.<local_mqtt:  awaiting_peer -- message_from_peer --> active>  path:0x00000001
2026-09-28 13:14:28.225   OUT mqtt         analog-temp to s                                       ->  [gw/hw1-isone-me-versant-keene-maple-scada-s2/to/s/synced-readings]               SyncedReadings           
2026-09-28 13:14:28.225 ++LinkManager.process_ack  <local_mqtt>  daf0c248-985f-44ad-a63e-3e034d9049df
2026-09-28 13:14:28.226 --LinkManager.process_ack path:0x00000001
2026-09-28 13:14:28.226 --Proactor<s2>._process_mqtt_message:1  path:0x00000017
2026-09-28 13:14:28.226 --Proactor<s2>.process_message  path:0x00000002
2026-09-28 13:14:28.226 ----------------------------------------------------------------------------------------
2026-09-28 13:14:28.238 
2026-09-28 13:14:28.238 ++++++++++++++++++++++++++++++++++++++++++++++++++++++++++++++++++++++++++++++++++++++++
2026-09-28 13:14:28.238 ++Proactor<s2>.process_message  [gridworks-ack]
2026-09-28 13:14:28.238 ++Proactor<s2>._process_mqtt_message mqtt_clients/mqtt_message
2026-09-28 13:14:28.239   IN  mqtt         hw1.isone.me.versant.keene.maple.scada to s2           <-  [gw/hw1-isone-me-versant-keene-maple-scada/to/s2/gridworks-ack]                   Ack                       4054f769...
2026-09-28 13:14:28.239 ++LinkManager.process_ack  <local_mqtt>  4054f769-8d0b-4170-aa6a-0e8716f7d46f
2026-09-28 13:14:28.240 --process_ack_for_reupload  Begin reuploads:
Reuploads  reuploading:1  unacked/sent:3  pending/unsent:0  num initial:5
  unacked:3
    4054f769...
    415d28aa...
    8f0143cb...
  pending:0
End reuploads:
Reuploads  reuploading:1  unacked/sent:2  pending/unsent:0  num initial:5
  unacked:2
    415d28aa...
    8f0143cb...
  pending:0
path:0x00000001  reuploading: 1 -> 1  unacked: 3 -> 2  pending: 0 -> 0  
2026-09-28 13:14:28.240 ++_continue_reupload  0
2026-09-28 13:14:28.240 --_continue_reupload  path:0x00000000  sent:0  tried:0  continuations:-1
2026-09-28 13:14:28.240 --LinkManager.process_ack path:0x0000000D
2026-09-28 13:14:28.241 --Proactor<s2>._process_mqtt_message:1  path:0x00000013
2026-09-28 13:14:28.241 --Proactor<s2>.process_message  path:0x00000002
2026-09-28 13:14:28.241 ----------------------------------------------------------------------------------------
2026-09-28 13:14:28.245 
2026-09-28 13:14:28.245 ++++++++++++++++++++++++++++++++++++++++++++++++++++++++++++++++++++++++++++++++++++++++
2026-09-28 13:14:28.245 ++Proactor<s2>.process_message  [gridworks-ack]
2026-09-28 13:14:28.245 ++Proactor<s2>._process_mqtt_message mqtt_clients/mqtt_message
2026-09-28 13:14:28.246   IN  mqtt         hw1.isone.me.versant.keene.maple.scada to s2           <-  [gw/hw1-isone-me-versant-keene-maple-scada/to/s2/gridworks-ack]                   Ack                       415d28aa...
2026-09-28 13:14:28.246 ++LinkManager.process_ack  <local_mqtt>  415d28aa-fd4c-43ee-a862-23156807ec31
2026-09-28 13:14:28.247 --process_ack_for_reupload  Begin reuploads:
Reuploads  reuploading:1  unacked/sent:2  pending/unsent:0  num initial:5
  unacked:2
    415d28aa...
    8f0143cb...
  pending:0
End reuploads:
Reuploads  reuploading:1  unacked/sent:1  pending/unsent:0  num initial:5
  unacked:1
    8f0143cb...
  pending:0
path:0x00000001  reuploading: 1 -> 1  unacked: 2 -> 1  pending: 0 -> 0  
2026-09-28 13:14:28.247 ++_continue_reupload  0
2026-09-28 13:14:28.247 --_continue_reupload  path:0x00000000  sent:0  tried:0  continuations:-1
2026-09-28 13:14:28.247 --LinkManager.process_ack path:0x0000000D
2026-09-28 13:14:28.247 --Proactor<s2>._process_mqtt_message:1  path:0x00000013
2026-09-28 13:14:28.248 --Proactor<s2>.process_message  path:0x00000002
2026-09-28 13:14:28.248 ----------------------------------------------------------------------------------------
2026-09-28 13:14:28.255 
2026-09-28 13:14:28.255 ++++++++++++++++++++++++++++++++++++++++++++++++++++++++++++++++++++++++++++++++++++++++
2026-09-28 13:14:28.255 ++Proactor<s2>.process_message  [zone1-living-rm-stat/synced.readings]
2026-09-28 13:14:28.255   IN  internal     zone1-living-rm-stat to hw1.isone.me.versant.keene.maple.scada.s2     <-  [zone1-living-rm-stat/to/hw1.isone.me.versant.keene.maple.scada.s2/synced.readings]  SyncedReadings           
2026-09-28 13:14:28.256 ++Parentless.process_internal_message zone1-living-rm-stat/synced.readings
2026-09-28 13:14:28.256   OUT mqtt         zone1-living-rm-stat to s                              ->  [gw/hw1-isone-me-versant-keene-maple-scada-s2/to/s/synced-readings]               SyncedReadings           
2026-09-28 13:14:28.257 --Parentless.process_internal_message  path:0x00000004
2026-09-28 13:14:28.257 --Proactor<s2>.process_message  path:0x00000401
2026-09-28 13:14:28.258 ----------------------------------------------------------------------------------------
2026-09-28 13:14:28.259 
2026-09-28 13:14:28.259 ++++++++++++++++++++++++++++++++++++++++++++++++++++++++++++++++++++++++++++++++++++++++
2026-09-28 13:14:28.259 ++Proactor<s2>.process_message  [gridworks-ack]
2026-09-28 13:14:28.259 ++Proactor<s2>._process_mqtt_message mqtt_clients/mqtt_message
2026-09-28 13:14:28.260   IN  mqtt         hw1.isone.me.versant.keene.maple.scada to s2           <-  [gw/hw1-isone-me-versant-keene-maple-scada/to/s2/gridworks-ack]                   Ack                       8f0143cb...
2026-09-28 13:14:28.260 ++LinkManager.process_ack  <local_mqtt>  8f0143cb-7c16-4c0c-aa97-e1c2bf72cbb0
2026-09-28 13:14:28.261 Reupload completed. Reuploads started: 1  completed: 1.
2026-09-28 13:14:28.261 --process_ack_for_reupload  Begin reuploads:
Reuploads  reuploading:1  unacked/sent:1  pending/unsent:0  num initial:5
  unacked:1
    8f0143cb...
  pending:0
End reuploads:
Reuploads  reuploading:0  unacked/sent:0  pending/unsent:0  num initial:5
  unacked:0
  pending:0
path:0x00000009  reuploading: 1 -> 0  unacked: 1 -> 0  pending: 0 -> 0  
2026-09-28 13:14:28.261 ++_continue_reupload  0
2026-09-28 13:14:28.261 --_continue_reupload  path:0x00000000  sent:0  tried:0  continuations:-1
2026-09-28 13:14:28.261 reupload complete.
2026-09-28 13:14:28.261 --LinkManager.process_ack path:0x0000001D
2026-09-28 13:14:28.262 --Proactor<s2>._process_mqtt_message:1  path:0x00000013
2026-09-28 13:14:28.262 --Proactor<s2>.process_message  path:0x00000002
2026-09-28 13:14:28.262 ----------------------------------------------------------------------------------------
2026-09-28 13:14:28.300 
2026-09-28 13:14:28.301 ++++++++++++++++++++++++++++++++++++++++++++++++++++++++++++++++++++++++++++++++++++++++
2026-09-28 13:14:28.301 ++Proactor<s2>.process_message  [gridworks-ack]
2026-09-28 13:14:28.301 ++Proactor<s2>._process_mqtt_message mqtt_clients/mqtt_message
2026-09-28 13:14:28.302   IN  mqtt         hw1.isone.me.versant.keene.maple.scada to s2           <-  [gw/hw1-isone-me-versant-keene-maple-scada/to/s2/gridworks-ack]                   Ack                       0136ba98...
2026-09-28 13:14:28.302 ++LinkManager.process_ack  <local_mqtt>  0136ba98-a765-4ff5-8c33-1b887d69d1ee
2026-09-28 13:14:28.302 --LinkManager.process_ack path:0x00000003
2026-09-28 13:14:28.303 --Proactor<s2>._process_mqtt_message:1  path:0x00000013
2026-09-28 13:14:28.303 --Proactor<s2>.process_message  path:0x00000002
2026-09-28 13:14:28.303 ----------------------------------------------------------------------------------------
2026-09-28 13:14:28.312 
2026-09-28 13:14:28.312 ++++++++++++++++++++++++++++++++++++++++++++++++++++++++++++++++++++++++++++++++++++++++
2026-09-28 13:14:28.312 ++Proactor<s2>.process_message  [zone2-bedroom-stat/synced.readings]
2026-09-28 13:14:28.312   IN  internal     zone2-bedroom-stat to hw1.isone.me.versant.keene.maple.scada.s2     <-  [zone2-bedroom-stat/to/hw1.isone.me.versant.keene.maple.scada.s2/synced.readings]  SyncedReadings           
2026-09-28 13:14:28.313 ++Parentless.process_internal_message zone2-bedroom-stat/synced.readings
2026-09-28 13:14:28.314   OUT mqtt         zone2-bedroom-stat to s                                ->  [gw/hw1-isone-me-versant-keene-maple-scada-s2/to/s/synced-readings]               SyncedReadings           
2026-09-28 13:14:28.314 --Parentless.process_internal_message  path:0x00000004
2026-09-28 13:14:28.314 --Proactor<s2>.process_message  path:0x00000401
2026-09-28 13:14:28.315 ----------------------------------------------------------------------------------------
2026-09-28 13:14:31.732 
2026-09-28 13:14:31.732 ++++++++++++++++++++++++++++++++++++++++++++++++++++++++++++++++++++++++++++++++++++++++
2026-09-28 13:14:31.732 ++Proactor<s2>.process_message  [analog-temp/synced.readings]
2026-09-28 13:14:31.732   IN  internal     analog-temp to hw1.isone.me.versant.keene.maple.scada.s2     <-  [analog-temp/to/hw1.isone.me.versant.keene.maple.scada.s2/synced.readings]        SyncedReadings           
2026-09-28 13:14:31.732 ++Parentless.process_internal_message analog-temp/synced.readings
2026-09-28 13:14:31.733   OUT mqtt         analog-temp to s                                       ->  [gw/hw1-isone-me-versant-keene-maple-scada-s2/to/s/synced-readings]               SyncedReadings           
2026-09-28 13:14:31.734 --Parentless.process_internal_message  path:0x00000004
2026-09-28 13:14:31.734 --Proactor<s2>.process_message  path:0x00000401
2026-09-28 13:14:31.734 ----------------------------------------------------------------------------------------
2026-09-28 13:14:32.655 
2026-09-28 13:14:32.655 ++++++++++++++++++++++++++++++++++++++++++++++++++++++++++++++++++++++++++++++++++++++++
2026-09-28 13:14:32.655 ++Proactor<s2>.process_message  [gridworks-ping]
2026-09-28 13:14:32.655 ++Proactor<s2>._process_mqtt_message mqtt_clients/mqtt_message
2026-09-28 13:14:32.656   IN  mqtt         hw1.isone.me.versant.keene.maple.scada to s2           <-  [gw/hw1-isone-me-versant-keene-maple-scada/to/s2/gridworks-ping]                  Ping                      ed735fa1...
2026-09-28 13:14:32.657   OUT mqtt         hw1.isone.me.versant.keene.maple.scada.s2 to s         ->  [gw/hw1-isone-me-versant-keene-maple-scada-s2/to/s/gridworks-ack]                 Ack                       ed735fa1...
2026-09-28 13:14:32.658 --Proactor<s2>._process_mqtt_message:1  path:0x00000223
2026-09-28 13:14:32.658 --Proactor<s2>.process_message  path:0x00000002
2026-09-28 13:14:32.658 ----------------------------------------------------------------------------------------
2026-09-28 13:14:33.932 
2026-09-28 13:14:33.933 ++++++++++++++++++++++++++++++++++++++++++++++++++++++++++++++++++++++++++++++++++++++++
2026-09-28 13:14:33.933 ++Proactor<s2>.process_message  [analog-temp/synced.readings]
2026-09-28 13:14:33.933   IN  internal     analog-temp to hw1.isone.me.versant.keene.maple.scada.s2     <-  [analog-temp/to/hw1.isone.me.versant.keene.maple.scada.s2/synced.readings]        SyncedReadings           
2026-09-28 13:14:33.933 ++Parentless.process_internal_message analog-temp/synced.readings
2026-09-28 13:14:33.934   OUT mqtt         analog-temp to s                                       ->  [gw/hw1-isone-me-versant-keene-maple-scada-s2/to/s/synced-readings]               SyncedReadings           
2026-09-28 13:14:33.934 --Parentless.process_internal_message  path:0x00000004
2026-09-28 13:14:33.935 --Proactor<s2>.process_message  path:0x00000401
2026-09-28 13:14:33.935 ----------------------------------------------------------------------------------------
2026-09-28 13:14:47.158 
2026-09-28 13:14:47.158 ++++++++++++++++++++++++++++++++++++++++++++++++++++++++++++++++++++++++++++++++++++++++
2026-09-28 13:14:47.159 ++Proactor<s2>.process_message  [analog-temp/synced.readings]
2026-09-28 13:14:47.160   IN  internal     analog-temp to hw1.isone.me.versant.keene.maple.scada.s2     <-  [analog-temp/to/hw1.isone.me.versant.keene.maple.scada.s2/synced.readings]        SyncedReadings           
2026-09-28 13:14:47.160 ++Parentless.process_internal_message analog-temp/synced.readings
2026-09-28 13:14:47.162   OUT mqtt         analog-temp to s                                       ->  [gw/hw1-isone-me-versant-keene-maple-scada-s2/to/s/synced-readings]               SyncedReadings           
2026-09-28 13:14:47.163 --Parentless.process_internal_message  path:0x00000004
2026-09-28 13:14:47.164 --Proactor<s2>.process_message  path:0x00000401
2026-09-28 13:14:47.164 ----------------------------------------------------------------------------------------
2026-09-28 13:14:49.744 
2026-09-28 13:14:49.751 ++++++++++++++++++++++++++++++++++++++++++++++++++++++++++++++++++++++++++++++++++++++++
2026-09-28 13:14:49.751 ++Proactor<s2>.process_message  [analog-temp/synced.readings]
2026-09-28 13:14:49.751   IN  internal     analog-temp to hw1.isone.me.versant.keene.maple.scada.s2     <-  [analog-temp/to/hw1.isone.me.versant.keene.maple.scada.s2/synced.readings]        SyncedReadings           
2026-09-28 13:14:49.751 ++Parentless.process_internal_message analog-temp/synced.readings
2026-09-28 13:14:49.752   OUT mqtt         analog-temp to s                                       ->  [gw/hw1-isone-me-versant-keene-maple-scada-s2/to/s/synced-readings]               SyncedReadings           
2026-09-28 13:14:49.752 --Parentless.process_internal_message  path:0x00000004
2026-09-28 13:14:49.753 --Proactor<s2>.process_message  path:0x00000401
2026-09-28 13:14:49.753 ----------------------------------------------------------------------------------------
2026-09-28 13:14:50.345 
2026-09-28 13:14:50.345 ++++++++++++++++++++++++++++++++++++++++++++++++++++++++++++++++++++++++++++++++++++++++
2026-09-28 13:14:50.345 ++Proactor<s2>.process_message  [analog-temp/synced.readings]
2026-09-28 13:14:50.346   IN  internal     analog-temp to hw1.isone.me.versant.keene.maple.scada.s2     <-  [analog-temp/to/hw1.isone.me.versant.keene.maple.scada.s2/synced.readings]        SyncedReadings           
2026-09-28 13:14:50.346 ++Parentless.process_internal_message analog-temp/synced.readings
2026-09-28 13:14:50.347   OUT mqtt         analog-temp to s                                       ->  [gw/hw1-isone-me-versant-keene-maple-scada-s2/to/s/synced-readings]               SyncedReadings           
2026-09-28 13:14:50.347 --Parentless.process_internal_message  path:0x00000004
2026-09-28 13:14:50.348 --Proactor<s2>.process_message  path:0x00000401
2026-09-28 13:14:50.348 ----------------------------------------------------------------------------------------
2026-09-28 13:14:53.744 
2026-09-28 13:14:53.745 ++++++++++++++++++++++++++++++++++++++++++++++++++++++++++++++++++++++++++++++++++++++++
2026-09-28 13:14:53.745 ++Proactor<s2>.process_message  [analog-temp/synced.readings]
2026-09-28 13:14:53.745   IN  internal     analog-temp to hw1.isone.me.versant.keene.maple.scada.s2     <-  [analog-temp/to/hw1.isone.me.versant.keene.maple.scada.s2/synced.readings]        SyncedReadings           
2026-09-28 13:14:53.745 ++Parentless.process_internal_message analog-temp/synced.readings
2026-09-28 13:14:53.746   OUT mqtt         analog-temp to s                                       ->  [gw/hw1-isone-me-versant-keene-maple-scada-s2/to/s/synced-readings]               SyncedReadings           
2026-09-28 13:14:53.746 --Parentless.process_internal_message  path:0x00000004
2026-09-28 13:14:53.747 --Proactor<s2>.process_message  path:0x00000401
2026-09-28 13:14:53.747 ----------------------------------------------------------------------------------------
2026-09-28 13:14:56.361 
2026-09-28 13:14:56.361 ++++++++++++++++++++++++++++++++++++++++++++++++++++++++++++++++++++++++++++++++++++++++
2026-09-28 13:14:56.362 ++Proactor<s2>.process_message  [analog-temp/synced.readings]
2026-09-28 13:14:56.362   IN  internal     analog-temp to hw1.isone.me.versant.keene.maple.scada.s2     <-  [analog-temp/to/hw1.isone.me.versant.keene.maple.scada.s2/synced.readings]        SyncedReadings           
2026-09-28 13:14:56.363 ++Parentless.process_internal_message analog-temp/synced.readings
2026-09-28 13:14:56.364   OUT mqtt         analog-temp to s                                       ->  [gw/hw1-isone-me-versant-keene-maple-scada-s2/to/s/synced-readings]               SyncedReadings           
2026-09-28 13:14:56.365 --Parentless.process_internal_message  path:0x00000004
2026-09-28 13:14:56.366 --Proactor<s2>.process_message  path:0x00000401
2026-09-28 13:14:56.366 ----------------------------------------------------------------------------------------
2026-09-28 13:14:56.562 
2026-09-28 13:14:56.563 ++++++++++++++++++++++++++++++++++++++++++++++++++++++++++++++++++++++++++++++++++++++++
2026-09-28 13:14:56.563 ++Proactor<s2>.process_message  [analog-temp/synced.readings]
2026-09-28 13:14:56.564   IN  internal     analog-temp to hw1.isone.me.versant.keene.maple.scada.s2     <-  [analog-temp/to/hw1.isone.me.versant.keene.maple.scada.s2/synced.readings]        SyncedReadings           
2026-09-28 13:14:56.565 ++Parentless.process_internal_message analog-temp/synced.readings
2026-09-28 13:14:56.566   OUT mqtt         analog-temp to s                                       ->  [gw/hw1-isone-me-versant-keene-maple-scada-s2/to/s/synced-readings]               SyncedReadings           
2026-09-28 13:14:56.567 --Parentless.process_internal_message  path:0x00000004
2026-09-28 13:14:56.567 --Proactor<s2>.process_message  path:0x00000401
2026-09-28 13:14:56.568 ----------------------------------------------------------------------------------------
2026-09-28 13:14:59.363 
2026-09-28 13:14:59.364 ++++++++++++++++++++++++++++++++++++++++++++++++++++++++++++++++++++++++++++++++++++++++
2026-09-28 13:14:59.364 ++Proactor<s2>.process_message  [analog-temp/synced.readings]
2026-09-28 13:14:59.365   IN  internal     analog-temp to hw1.isone.me.versant.keene.maple.scada.s2     <-  [analog-temp/to/hw1.isone.me.versant.keene.maple.scada.s2/synced.readings]        SyncedReadings           
2026-09-28 13:14:59.365 ++Parentless.process_internal_message analog-temp/synced.readings
2026-09-28 13:14:59.367   OUT mqtt         analog-temp to s                                       ->  [gw/hw1-isone-me-versant-keene-maple-scada-s2/to/s/synced-readings]               SyncedReadings           
2026-09-28 13:14:59.368 --Parentless.process_internal_message  path:0x00000004
2026-09-28 13:14:59.368 --Proactor<s2>.process_message  path:0x00000401
2026-09-28 13:14:59.368 ----------------------------------------------------------------------------------------
2026-09-28 13:15:02.766 
2026-09-28 13:15:02.767 ++++++++++++++++++++++++++++++++++++++++++++++++++++++++++++++++++++++++++++++++++++++++
2026-09-28 13:15:02.767 ++Proactor<s2>.process_message  [analog-temp/synced.readings]
2026-09-28 13:15:02.768   IN  internal     analog-temp to hw1.isone.me.versant.keene.maple.scada.s2     <-  [analog-temp/to/hw1.isone.me.versant.keene.maple.scada.s2/synced.readings]        SyncedReadings           
2026-09-28 13:15:02.768 ++Parentless.process_internal_message analog-temp/synced.readings
2026-09-28 13:15:02.769   OUT mqtt         analog-temp to s                                       ->  [gw/hw1-isone-me-versant-keene-maple-scada-s2/to/s/synced-readings]               SyncedReadings           
2026-09-28 13:15:02.770 --Parentless.process_internal_message  path:0x00000004
2026-09-28 13:15:02.771 --Proactor<s2>.process_message  path:0x00000401
2026-09-28 13:15:02.771 ----------------------------------------------------------------------------------------
2026-09-28 13:15:04.168 
2026-09-28 13:15:04.169 ++++++++++++++++++++++++++++++++++++++++++++++++++++++++++++++++++++++++++++++++++++++++
2026-09-28 13:15:04.170 ++Proactor<s2>.process_message  [analog-temp/synced.readings]
2026-09-28 13:15:04.170   IN  internal     analog-temp to hw1.isone.me.versant.keene.maple.scada.s2     <-  [analog-temp/to/hw1.isone.me.versant.keene.maple.scada.s2/synced.readings]        SyncedReadings           
2026-09-28 13:15:04.171 ++Parentless.process_internal_message analog-temp/synced.readings
2026-09-28 13:15:04.172   OUT mqtt         analog-temp to s                                       ->  [gw/hw1-isone-me-versant-keene-maple-scada-s2/to/s/synced-readings]               SyncedReadings           
2026-09-28 13:15:04.173 --Parentless.process_internal_message  path:0x00000004
2026-09-28 13:15:04.173 --Proactor<s2>.process_message  path:0x00000401
2026-09-28 13:15:04.174 ----------------------------------------------------------------------------------------
2026-09-28 13:15:04.954 
2026-09-28 13:15:04.954 ++++++++++++++++++++++++++++++++++++++++++++++++++++++++++++++++++++++++++++++++++++++++
2026-09-28 13:15:04.954 ++Proactor<s2>.process_message  [analog-temp/synced.readings]
2026-09-28 13:15:04.955   IN  internal     analog-temp to hw1.isone.me.versant.keene.maple.scada.s2     <-  [analog-temp/to/hw1.isone.me.versant.keene.maple.scada.s2/synced.readings]        SyncedReadings           
2026-09-28 13:15:04.955 ++Parentless.process_internal_message analog-temp/synced.readings
2026-09-28 13:15:04.955   OUT mqtt         analog-temp to s                                       ->  [gw/hw1-isone-me-versant-keene-maple-scada-s2/to/s/synced-readings]               SyncedReadings           
2026-09-28 13:15:04.956 --Parentless.process_internal_message  path:0x00000004
2026-09-28 13:15:04.956 --Proactor<s2>.process_message  path:0x00000401
2026-09-28 13:15:04.956 ----------------------------------------------------------------------------------------
2026-09-28 13:15:07.352 
2026-09-28 13:15:07.353 ++++++++++++++++++++++++++++++++++++++++++++++++++++++++++++++++++++++++++++++++++++++++
2026-09-28 13:15:07.353 ++Proactor<s2>.process_message  [analog-temp/synced.readings]
2026-09-28 13:15:07.353   IN  internal     analog-temp to hw1.isone.me.versant.keene.maple.scada.s2     <-  [analog-temp/to/hw1.isone.me.versant.keene.maple.scada.s2/synced.readings]        SyncedReadings           
2026-09-28 13:15:07.353 ++Parentless.process_internal_message analog-temp/synced.readings
2026-09-28 13:15:07.354   OUT mqtt         analog-temp to s                                       ->  [gw/hw1-isone-me-versant-keene-maple-scada-s2/to/s/synced-readings]               SyncedReadings           
2026-09-28 13:15:07.354 --Parentless.process_internal_message  path:0x00000004
2026-09-28 13:15:07.354 --Proactor<s2>.process_message  path:0x00000401
2026-09-28 13:15:07.355 ----------------------------------------------------------------------------------------
2026-09-28 13:15:07.553 
2026-09-28 13:15:07.557 ++++++++++++++++++++++++++++++++++++++++++++++++++++++++++++++++++++++++++++++++++++++++
2026-09-28 13:15:07.557 ++Proactor<s2>.process_message  [analog-temp/synced.readings]
2026-09-28 13:15:07.557   IN  internal     analog-temp to hw1.isone.me.versant.keene.maple.scada.s2     <-  [analog-temp/to/hw1.isone.me.versant.keene.maple.scada.s2/synced.readings]        SyncedReadings           
2026-09-28 13:15:07.558 ++Parentless.process_internal_message analog-temp/synced.readings
2026-09-28 13:15:07.558   OUT mqtt         analog-temp to s                                       ->  [gw/hw1-isone-me-versant-keene-maple-scada-s2/to/s/synced-readings]               SyncedReadings           
2026-09-28 13:15:07.559 --Parentless.process_internal_message  path:0x00000004
2026-09-28 13:15:07.559 --Proactor<s2>.process_message  path:0x00000401
2026-09-28 13:15:07.559 ----------------------------------------------------------------------------------------
2026-09-28 13:15:10.569 
2026-09-28 13:15:10.570 ++++++++++++++++++++++++++++++++++++++++++++++++++++++++++++++++++++++++++++++++++++++++
2026-09-28 13:15:10.570 ++Proactor<s2>.process_message  [analog-temp/synced.readings]
2026-09-28 13:15:10.571   IN  internal     analog-temp to hw1.isone.me.versant.keene.maple.scada.s2     <-  [analog-temp/to/hw1.isone.me.versant.keene.maple.scada.s2/synced.readings]        SyncedReadings           
2026-09-28 13:15:10.572 ++Parentless.process_internal_message analog-temp/synced.readings
2026-09-28 13:15:10.573   OUT mqtt         analog-temp to s                                       ->  [gw/hw1-isone-me-versant-keene-maple-scada-s2/to/s/synced-readings]               SyncedReadings           
2026-09-28 13:15:10.574 --Parentless.process_internal_message  path:0x00000004
2026-09-28 13:15:10.574 --Proactor<s2>.process_message  path:0x00000401
2026-09-28 13:15:10.575 ----------------------------------------------------------------------------------------
2026-09-28 13:15:12.571 
2026-09-28 13:15:12.573 ++++++++++++++++++++++++++++++++++++++++++++++++++++++++++++++++++++++++++++++++++++++++
2026-09-28 13:15:12.573 ++Proactor<s2>.process_message  [analog-temp/synced.readings]
2026-09-28 13:15:12.574   IN  internal     analog-temp to hw1.isone.me.versant.keene.maple.scada.s2     <-  [analog-temp/to/hw1.isone.me.versant.keene.maple.scada.s2/synced.readings]        SyncedReadings           
2026-09-28 13:15:12.574 ++Parentless.process_internal_message analog-temp/synced.readings
2026-09-28 13:15:12.576   OUT mqtt         analog-temp to s                                       ->  [gw/hw1-isone-me-versant-keene-maple-scada-s2/to/s/synced-readings]               SyncedReadings           
2026-09-28 13:15:12.577 --Parentless.process_internal_message  path:0x00000004
2026-09-28 13:15:12.577 --Proactor<s2>.process_message  path:0x00000401
2026-09-28 13:15:12.578 ----------------------------------------------------------------------------------------
2026-09-28 13:15:13.772 
2026-09-28 13:15:13.772 ++++++++++++++++++++++++++++++++++++++++++++++++++++++++++++++++++++++++++++++++++++++++
2026-09-28 13:15:13.773 ++Proactor<s2>.process_message  [analog-temp/synced.readings]
2026-09-28 13:15:13.773   IN  internal     analog-temp to hw1.isone.me.versant.keene.maple.scada.s2     <-  [analog-temp/to/hw1.isone.me.versant.keene.maple.scada.s2/synced.readings]        SyncedReadings           
2026-09-28 13:15:13.774 ++Parentless.process_internal_message analog-temp/synced.readings
2026-09-28 13:15:13.775   OUT mqtt         analog-temp to s                                       ->  [gw/hw1-isone-me-versant-keene-maple-scada-s2/to/s/synced-readings]               SyncedReadings           
2026-09-28 13:15:13.776 --Parentless.process_internal_message  path:0x00000004
2026-09-28 13:15:13.777 --Proactor<s2>.process_message  path:0x00000401
2026-09-28 13:15:13.777 ----------------------------------------------------------------------------------------
2026-09-28 13:15:17.759 
2026-09-28 13:15:17.759 ++++++++++++++++++++++++++++++++++++++++++++++++++++++++++++++++++++++++++++++++++++++++
2026-09-28 13:15:17.759 ++Proactor<s2>.process_message  [analog-temp/synced.readings]
2026-09-28 13:15:17.759   IN  internal     analog-temp to hw1.isone.me.versant.keene.maple.scada.s2     <-  [analog-temp/to/hw1.isone.me.versant.keene.maple.scada.s2/synced.readings]        SyncedReadings           
2026-09-28 13:15:17.760 ++Parentless.process_internal_message analog-temp/synced.readings
2026-09-28 13:15:17.761   OUT mqtt         analog-temp to s                                       ->  [gw/hw1-isone-me-versant-keene-maple-scada-s2/to/s/synced-readings]               SyncedReadings           
2026-09-28 13:15:17.761 --Parentless.process_internal_message  path:0x00000004
2026-09-28 13:15:17.761 --Proactor<s2>.process_message  path:0x00000401
2026-09-28 13:15:17.761 ----------------------------------------------------------------------------------------
2026-09-28 13:15:18.159 
2026-09-28 13:15:18.159 ++++++++++++++++++++++++++++++++++++++++++++++++++++++++++++++++++++++++++++++++++++++++
2026-09-28 13:15:18.159 ++Proactor<s2>.process_message  [analog-temp/synced.readings]
2026-09-28 13:15:18.159   IN  internal     analog-temp to hw1.isone.me.versant.keene.maple.scada.s2     <-  [analog-temp/to/hw1.isone.me.versant.keene.maple.scada.s2/synced.readings]        SyncedReadings           
2026-09-28 13:15:18.160 ++Parentless.process_internal_message analog-temp/synced.readings
2026-09-28 13:15:18.160   OUT mqtt         analog-temp to s                                       ->  [gw/hw1-isone-me-versant-keene-maple-scada-s2/to/s/synced-readings]               SyncedReadings           
2026-09-28 13:15:18.160 --Parentless.process_internal_message  path:0x00000004
2026-09-28 13:15:18.161 --Proactor<s2>.process_message  path:0x00000401
2026-09-28 13:15:18.161 ----------------------------------------------------------------------------------------
2026-09-28 13:15:22.777 
2026-09-28 13:15:22.781 ++++++++++++++++++++++++++++++++++++++++++++++++++++++++++++++++++++++++++++++++++++++++
2026-09-28 13:15:22.782 ++Proactor<s2>.process_message  [analog-temp/synced.readings]
2026-09-28 13:15:22.783   IN  internal     analog-temp to hw1.isone.me.versant.keene.maple.scada.s2     <-  [analog-temp/to/hw1.isone.me.versant.keene.maple.scada.s2/synced.readings]        SyncedReadings           
2026-09-28 13:15:22.783 ++Parentless.process_internal_message analog-temp/synced.readings
2026-09-28 13:15:22.785   OUT mqtt         analog-temp to s                                       ->  [gw/hw1-isone-me-versant-keene-maple-scada-s2/to/s/synced-readings]               SyncedReadings           
2026-09-28 13:15:22.785 --Parentless.process_internal_message  path:0x00000004
2026-09-28 13:15:22.786 --Proactor<s2>.process_message  path:0x00000401
2026-09-28 13:15:22.786 ----------------------------------------------------------------------------------------
2026-09-28 13:15:27.781 
2026-09-28 13:15:27.783 ++++++++++++++++++++++++++++++++++++++++++++++++++++++++++++++++++++++++++++++++++++++++
2026-09-28 13:15:27.784 ++Proactor<s2>.process_message  [analog-temp/synced.readings]
2026-09-28 13:15:27.785   IN  internal     analog-temp to hw1.isone.me.versant.keene.maple.scada.s2     <-  [analog-temp/to/hw1.isone.me.versant.keene.maple.scada.s2/synced.readings]        SyncedReadings           
2026-09-28 13:15:27.785 ++Parentless.process_internal_message analog-temp/synced.readings
2026-09-28 13:15:27.787   OUT mqtt         analog-temp to s                                       ->  [gw/hw1-isone-me-versant-keene-maple-scada-s2/to/s/synced-readings]               SyncedReadings           
2026-09-28 13:15:27.788 --Parentless.process_internal_message  path:0x00000004
2026-09-28 13:15:27.789 --Proactor<s2>.process_message  path:0x00000401
2026-09-28 13:15:27.789 ----------------------------------------------------------------------------------------
2026-09-28 13:15:30.768 
2026-09-28 13:15:30.768 ++++++++++++++++++++++++++++++++++++++++++++++++++++++++++++++++++++++++++++++++++++++++
2026-09-28 13:15:30.768 ++Proactor<s2>.process_message  [analog-temp/synced.readings]
2026-09-28 13:15:30.769   IN  internal     analog-temp to hw1.isone.me.versant.keene.maple.scada.s2     <-  [analog-temp/to/hw1.isone.me.versant.keene.maple.scada.s2/synced.readings]        SyncedReadings           
2026-09-28 13:15:30.769 ++Parentless.process_internal_message analog-temp/synced.readings
2026-09-28 13:15:30.769   OUT mqtt         analog-temp to s                                       ->  [gw/hw1-isone-me-versant-keene-maple-scada-s2/to/s/synced-readings]               SyncedReadings           
2026-09-28 13:15:30.770 --Parentless.process_internal_message  path:0x00000004
2026-09-28 13:15:30.770 --Proactor<s2>.process_message  path:0x00000401
2026-09-28 13:15:30.770 ----------------------------------------------------------------------------------------
2026-09-28 13:15:32.657 
2026-09-28 13:15:32.657 ++++++++++++++++++++++++++++++++++++++++++++++++++++++++++++++++++++++++++++++++++++++++
2026-09-28 13:15:32.657 ++Proactor<s2>.process_message  [gridworks-ping]
2026-09-28 13:15:32.657 ++Proactor<s2>._process_mqtt_message mqtt_clients/mqtt_message
2026-09-28 13:15:32.658   IN  mqtt         hw1.isone.me.versant.keene.maple.scada to s2           <-  [gw/hw1-isone-me-versant-keene-maple-scada/to/s2/gridworks-ping]                  Ping                      b1231c26...
2026-09-28 13:15:32.658   OUT mqtt         hw1.isone.me.versant.keene.maple.scada.s2 to s         ->  [gw/hw1-isone-me-versant-keene-maple-scada-s2/to/s/gridworks-ack]                 Ack                       b1231c26...
2026-09-28 13:15:32.659 --Proactor<s2>._process_mqtt_message:1  path:0x00000223
2026-09-28 13:15:32.659 --Proactor<s2>.process_message  path:0x00000002
2026-09-28 13:15:32.659 ----------------------------------------------------------------------------------------
2026-09-28 13:15:34.567 
2026-09-28 13:15:34.568 ++++++++++++++++++++++++++++++++++++++++++++++++++++++++++++++++++++++++++++++++++++++++
2026-09-28 13:15:34.568 ++Proactor<s2>.process_message  [analog-temp/synced.readings]
2026-09-28 13:15:34.568   IN  internal     analog-temp to hw1.isone.me.versant.keene.maple.scada.s2     <-  [analog-temp/to/hw1.isone.me.versant.keene.maple.scada.s2/synced.readings]        SyncedReadings           
2026-09-28 13:15:34.568 ++Parentless.process_internal_message analog-temp/synced.readings
2026-09-28 13:15:34.569   OUT mqtt         analog-temp to s                                       ->  [gw/hw1-isone-me-versant-keene-maple-scada-s2/to/s/synced-readings]               SyncedReadings           
2026-09-28 13:15:34.569 --Parentless.process_internal_message  path:0x00000004
2026-09-28 13:15:34.570 --Proactor<s2>.process_message  path:0x00000401
2026-09-28 13:15:34.570 ----------------------------------------------------------------------------------------
2026-09-28 13:15:35.385 
2026-09-28 13:15:35.385 ++++++++++++++++++++++++++++++++++++++++++++++++++++++++++++++++++++++++++++++++++++++++
2026-09-28 13:15:35.386 ++Proactor<s2>.process_message  [analog-temp/synced.readings]
2026-09-28 13:15:35.386   IN  internal     analog-temp to hw1.isone.me.versant.keene.maple.scada.s2     <-  [analog-temp/to/hw1.isone.me.versant.keene.maple.scada.s2/synced.readings]        SyncedReadings           
2026-09-28 13:15:35.387 ++Parentless.process_internal_message analog-temp/synced.readings
2026-09-28 13:15:35.388   OUT mqtt         analog-temp to s                                       ->  [gw/hw1-isone-me-versant-keene-maple-scada-s2/to/s/synced-readings]               SyncedReadings           
2026-09-28 13:15:35.389 --Parentless.process_internal_message  path:0x00000004
2026-09-28 13:15:35.390 --Proactor<s2>.process_message  path:0x00000401
2026-09-28 13:15:35.390 ----------------------------------------------------------------------------------------
2026-09-28 13:15:36.184 
2026-09-28 13:15:36.184 ++++++++++++++++++++++++++++++++++++++++++++++++++++++++++++++++++++++++++++++++++++++++
2026-09-28 13:15:36.185 ++Proactor<s2>.process_message  [analog-temp/synced.readings]
2026-09-28 13:15:36.185   IN  internal     analog-temp to hw1.isone.me.versant.keene.maple.scada.s2     <-  [analog-temp/to/hw1.isone.me.versant.keene.maple.scada.s2/synced.readings]        SyncedReadings           
2026-09-28 13:15:36.186 ++Parentless.process_internal_message analog-temp/synced.readings
2026-09-28 13:15:36.187   OUT mqtt         analog-temp to s                                       ->  [gw/hw1-isone-me-versant-keene-maple-scada-s2/to/s/synced-readings]               SyncedReadings           
2026-09-28 13:15:36.188 --Parentless.process_internal_message  path:0x00000004
2026-09-28 13:15:36.189 --Proactor<s2>.process_message  path:0x00000401
2026-09-28 13:15:36.189 ----------------------------------------------------------------------------------------
2026-09-28 13:15:44.373 
2026-09-28 13:15:44.373 ++++++++++++++++++++++++++++++++++++++++++++++++++++++++++++++++++++++++++++++++++++++++
2026-09-28 13:15:44.373 ++Proactor<s2>.process_message  [analog-temp/synced.readings]
2026-09-28 13:15:44.374   IN  internal     analog-temp to hw1.isone.me.versant.keene.maple.scada.s2     <-  [analog-temp/to/hw1.isone.me.versant.keene.maple.scada.s2/synced.readings]        SyncedReadings           
2026-09-28 13:15:44.374 ++Parentless.process_internal_message analog-temp/synced.readings
2026-09-28 13:15:44.374   OUT mqtt         analog-temp to s                                       ->  [gw/hw1-isone-me-versant-keene-maple-scada-s2/to/s/synced-readings]               SyncedReadings           
2026-09-28 13:15:44.375 --Parentless.process_internal_message  path:0x00000004
2026-09-28 13:15:44.375 --Proactor<s2>.process_message  path:0x00000401
2026-09-28 13:15:44.375 ----------------------------------------------------------------------------------------
2026-09-28 13:16:03.399 
2026-09-28 13:16:03.400 ++++++++++++++++++++++++++++++++++++++++++++++++++++++++++++++++++++++++++++++++++++++++
2026-09-28 13:16:03.401 ++Proactor<s2>.process_message  [analog-temp/synced.readings]
2026-09-28 13:16:03.401   IN  internal     analog-temp to hw1.isone.me.versant.keene.maple.scada.s2     <-  [analog-temp/to/hw1.isone.me.versant.keene.maple.scada.s2/synced.readings]        SyncedReadings           
2026-09-28 13:16:03.402 ++Parentless.process_internal_message analog-temp/synced.readings
2026-09-28 13:16:03.404   OUT mqtt         analog-temp to s                                       ->  [gw/hw1-isone-me-versant-keene-maple-scada-s2/to/s/synced-readings]               SyncedReadings           
2026-09-28 13:16:03.405 --Parentless.process_internal_message  path:0x00000004
2026-09-28 13:16:03.405 --Proactor<s2>.process_message  path:0x00000401
2026-09-28 13:16:03.406 ----------------------------------------------------------------------------------------
2026-09-28 13:16:32.659 
2026-09-28 13:16:32.659 ++++++++++++++++++++++++++++++++++++++++++++++++++++++++++++++++++++++++++++++++++++++++
2026-09-28 13:16:32.660 ++Proactor<s2>.process_message  [gridworks-ping]
2026-09-28 13:16:32.660 ++Proactor<s2>._process_mqtt_message mqtt_clients/mqtt_message
2026-09-28 13:16:32.660   IN  mqtt         hw1.isone.me.versant.keene.maple.scada to s2           <-  [gw/hw1-isone-me-versant-keene-maple-scada/to/s2/gridworks-ping]                  Ping                      2b23b642...
2026-09-28 13:16:32.661   OUT mqtt         hw1.isone.me.versant.keene.maple.scada.s2 to s         ->  [gw/hw1-isone-me-versant-keene-maple-scada-s2/to/s/gridworks-ack]                 Ack                       2b23b642...
2026-09-28 13:16:32.661 --Proactor<s2>._process_mqtt_message:1  path:0x00000223
2026-09-28 13:16:32.662 --Proactor<s2>.process_message  path:0x00000002
2026-09-28 13:16:32.662 ----------------------------------------------------------------------------------------
2026-09-28 13:16:43.408 
2026-09-28 13:16:43.408 ++++++++++++++++++++++++++++++++++++++++++++++++++++++++++++++++++++++++++++++++++++++++
2026-09-28 13:16:43.409 ++Proactor<s2>.process_message  [analog-temp/synced.readings]
2026-09-28 13:16:43.409   IN  internal     analog-temp to hw1.isone.me.versant.keene.maple.scada.s2     <-  [analog-temp/to/hw1.isone.me.versant.keene.maple.scada.s2/synced.readings]        SyncedReadings           
2026-09-28 13:16:43.409 ++Parentless.process_internal_message analog-temp/synced.readings
2026-09-28 13:16:43.410   OUT mqtt         analog-temp to s                                       ->  [gw/hw1-isone-me-versant-keene-maple-scada-s2/to/s/synced-readings]               SyncedReadings           
2026-09-28 13:16:43.411 --Parentless.process_internal_message  path:0x00000004
2026-09-28 13:16:43.412 --Proactor<s2>.process_message  path:0x00000401
2026-09-28 13:16:43.412 ----------------------------------------------------------------------------------------
2026-09-28 13:16:44.805 
2026-09-28 13:16:44.812 ++++++++++++++++++++++++++++++++++++++++++++++++++++++++++++++++++++++++++++++++++++++++
2026-09-28 13:16:44.812 ++Proactor<s2>.process_message  [analog-temp/synced.readings]
2026-09-28 13:16:44.812   IN  internal     analog-temp to hw1.isone.me.versant.keene.maple.scada.s2     <-  [analog-temp/to/hw1.isone.me.versant.keene.maple.scada.s2/synced.readings]        SyncedReadings           
2026-09-28 13:16:44.812 ++Parentless.process_internal_message analog-temp/synced.readings
2026-09-28 13:16:44.813   OUT mqtt         analog-temp to s                                       ->  [gw/hw1-isone-me-versant-keene-maple-scada-s2/to/s/synced-readings]               SyncedReadings           
2026-09-28 13:16:44.813 --Parentless.process_internal_message  path:0x00000004
2026-09-28 13:16:44.814 --Proactor<s2>.process_message  path:0x00000401
2026-09-28 13:16:44.814 ----------------------------------------------------------------------------------------
2026-09-28 13:16:54.226 
2026-09-28 13:16:54.227 ++++++++++++++++++++++++++++++++++++++++++++++++++++++++++++++++++++++++++++++++++++++++
2026-09-28 13:16:54.227 ++Proactor<s2>.process_message  [analog-temp/synced.readings]
2026-09-28 13:16:54.228   IN  internal     analog-temp to hw1.isone.me.versant.keene.maple.scada.s2     <-  [analog-temp/to/hw1.isone.me.versant.keene.maple.scada.s2/synced.readings]        SyncedReadings           
2026-09-28 13:16:54.228 ++Parentless.process_internal_message analog-temp/synced.readings
2026-09-28 13:16:54.230   OUT mqtt         analog-temp to s                                       ->  [gw/hw1-isone-me-versant-keene-maple-scada-s2/to/s/synced-readings]               SyncedReadings           
2026-09-28 13:16:54.230 --Parentless.process_internal_message  path:0x00000004
2026-09-28 13:16:54.231 --Proactor<s2>.process_message  path:0x00000401
2026-09-28 13:16:54.231 ----------------------------------------------------------------------------------------
2026-09-28 13:16:58.813 
2026-09-28 13:16:58.813 ++++++++++++++++++++++++++++++++++++++++++++++++++++++++++++++++++++++++++++++++++++++++
2026-09-28 13:16:58.813 ++Proactor<s2>.process_message  [analog-temp/synced.readings]
2026-09-28 13:16:58.814   IN  internal     analog-temp to hw1.isone.me.versant.keene.maple.scada.s2     <-  [analog-temp/to/hw1.isone.me.versant.keene.maple.scada.s2/synced.readings]        SyncedReadings           
2026-09-28 13:16:58.814 ++Parentless.process_internal_message analog-temp/synced.readings
2026-09-28 13:16:58.815   OUT mqtt         analog-temp to s                                       ->  [gw/hw1-isone-me-versant-keene-maple-scada-s2/to/s/synced-readings]               SyncedReadings           
2026-09-28 13:16:58.815 --Parentless.process_internal_message  path:0x00000004
2026-09-28 13:16:58.819 --Proactor<s2>.process_message  path:0x00000401
2026-09-28 13:16:58.819 ----------------------------------------------------------------------------------------
2026-09-28 13:16:59.213 
2026-09-28 13:16:59.213 ++++++++++++++++++++++++++++++++++++++++++++++++++++++++++++++++++++++++++++++++++++++++
2026-09-28 13:16:59.213 ++Proactor<s2>.process_message  [analog-temp/synced.readings]
2026-09-28 13:16:59.214   IN  internal     analog-temp to hw1.isone.me.versant.keene.maple.scada.s2     <-  [analog-temp/to/hw1.isone.me.versant.keene.maple.scada.s2/synced.readings]        SyncedReadings           
2026-09-28 13:16:59.214 ++Parentless.process_internal_message analog-temp/synced.readings
2026-09-28 13:16:59.214   OUT mqtt         analog-temp to s                                       ->  [gw/hw1-isone-me-versant-keene-maple-scada-s2/to/s/synced-readings]               SyncedReadings           
2026-09-28 13:16:59.215 --Parentless.process_internal_message  path:0x00000004
2026-09-28 13:16:59.215 --Proactor<s2>.process_message  path:0x00000401
2026-09-28 13:16:59.215 ----------------------------------------------------------------------------------------
2026-09-28 13:17:03.231 
2026-09-28 13:17:03.232 ++++++++++++++++++++++++++++++++++++++++++++++++++++++++++++++++++++++++++++++++++++++++
2026-09-28 13:17:03.232 ++Proactor<s2>.process_message  [analog-temp/synced.readings]
2026-09-28 13:17:03.233   IN  internal     analog-temp to hw1.isone.me.versant.keene.maple.scada.s2     <-  [analog-temp/to/hw1.isone.me.versant.keene.maple.scada.s2/synced.readings]        SyncedReadings           
2026-09-28 13:17:03.234 ++Parentless.process_internal_message analog-temp/synced.readings
2026-09-28 13:17:03.235   OUT mqtt         analog-temp to s                                       ->  [gw/hw1-isone-me-versant-keene-maple-scada-s2/to/s/synced-readings]               SyncedReadings           
2026-09-28 13:17:03.236 --Parentless.process_internal_message  path:0x00000004
2026-09-28 13:17:03.236 --Proactor<s2>.process_message  path:0x00000401
2026-09-28 13:17:03.237 ----------------------------------------------------------------------------------------
2026-09-28 13:17:07.234 
2026-09-28 13:17:07.234 ++++++++++++++++++++++++++++++++++++++++++++++++++++++++++++++++++++++++++++++++++++++++
2026-09-28 13:17:07.235 ++Proactor<s2>.process_message  [analog-temp/synced.readings]
2026-09-28 13:17:07.236   IN  internal     analog-temp to hw1.isone.me.versant.keene.maple.scada.s2     <-  [analog-temp/to/hw1.isone.me.versant.keene.maple.scada.s2/synced.readings]        SyncedReadings           
2026-09-28 13:17:07.236 ++Parentless.process_internal_message analog-temp/synced.readings
2026-09-28 13:17:07.238   OUT mqtt         analog-temp to s                                       ->  [gw/hw1-isone-me-versant-keene-maple-scada-s2/to/s/synced-readings]               SyncedReadings           
2026-09-28 13:17:07.239 --Parentless.process_internal_message  path:0x00000004
2026-09-28 13:17:07.239 --Proactor<s2>.process_message  path:0x00000401
2026-09-28 13:17:07.240 ----------------------------------------------------------------------------------------
2026-09-28 13:17:07.818 
2026-09-28 13:17:07.818 ++++++++++++++++++++++++++++++++++++++++++++++++++++++++++++++++++++++++++++++++++++++++
2026-09-28 13:17:07.818 ++Proactor<s2>.process_message  [analog-temp/synced.readings]
2026-09-28 13:17:07.818   IN  internal     analog-temp to hw1.isone.me.versant.keene.maple.scada.s2     <-  [analog-temp/to/hw1.isone.me.versant.keene.maple.scada.s2/synced.readings]        SyncedReadings           
2026-09-28 13:17:07.819 ++Parentless.process_internal_message analog-temp/synced.readings
2026-09-28 13:17:07.819   OUT mqtt         analog-temp to s                                       ->  [gw/hw1-isone-me-versant-keene-maple-scada-s2/to/s/synced-readings]               SyncedReadings           
2026-09-28 13:17:07.820 --Parentless.process_internal_message  path:0x00000004
2026-09-28 13:17:07.820 --Proactor<s2>.process_message  path:0x00000401
2026-09-28 13:17:07.820 ----------------------------------------------------------------------------------------
2026-09-28 13:17:08.619 
2026-09-28 13:17:08.619 ++++++++++++++++++++++++++++++++++++++++++++++++++++++++++++++++++++++++++++++++++++++++
2026-09-28 13:17:08.619 ++Proactor<s2>.process_message  [analog-temp/synced.readings]
2026-09-28 13:17:08.620   IN  internal     analog-temp to hw1.isone.me.versant.keene.maple.scada.s2     <-  [analog-temp/to/hw1.isone.me.versant.keene.maple.scada.s2/synced.readings]        SyncedReadings           
2026-09-28 13:17:08.620 ++Parentless.process_internal_message analog-temp/synced.readings
2026-09-28 13:17:08.621   OUT mqtt         analog-temp to s                                       ->  [gw/hw1-isone-me-versant-keene-maple-scada-s2/to/s/synced-readings]               SyncedReadings           
2026-09-28 13:17:08.621 --Parentless.process_internal_message  path:0x00000004
2026-09-28 13:17:08.622 --Proactor<s2>.process_message  path:0x00000401
2026-09-28 13:17:08.622 ----------------------------------------------------------------------------------------
2026-09-28 13:17:11.419 
2026-09-28 13:17:11.419 ++++++++++++++++++++++++++++++++++++++++++++++++++++++++++++++++++++++++++++++++++++++++
2026-09-28 13:17:11.419 ++Proactor<s2>.process_message  [analog-temp/synced.readings]
2026-09-28 13:17:11.420   IN  internal     analog-temp to hw1.isone.me.versant.keene.maple.scada.s2     <-  [analog-temp/to/hw1.isone.me.versant.keene.maple.scada.s2/synced.readings]        SyncedReadings           
2026-09-28 13:17:11.420 ++Parentless.process_internal_message analog-temp/synced.readings
2026-09-28 13:17:11.420   OUT mqtt         analog-temp to s                                       ->  [gw/hw1-isone-me-versant-keene-maple-scada-s2/to/s/synced-readings]               SyncedReadings           
2026-09-28 13:17:11.421 --Parentless.process_internal_message  path:0x00000004
2026-09-28 13:17:11.421 --Proactor<s2>.process_message  path:0x00000401
2026-09-28 13:17:11.421 ----------------------------------------------------------------------------------------
2026-09-28 13:17:15.436 
2026-09-28 13:17:15.437 ++++++++++++++++++++++++++++++++++++++++++++++++++++++++++++++++++++++++++++++++++++++++
2026-09-28 13:17:15.438 ++Proactor<s2>.process_message  [analog-temp/synced.readings]
2026-09-28 13:17:15.438   IN  internal     analog-temp to hw1.isone.me.versant.keene.maple.scada.s2     <-  [analog-temp/to/hw1.isone.me.versant.keene.maple.scada.s2/synced.readings]        SyncedReadings           
2026-09-28 13:17:15.439 ++Parentless.process_internal_message analog-temp/synced.readings
2026-09-28 13:17:15.440   OUT mqtt         analog-temp to s                                       ->  [gw/hw1-isone-me-versant-keene-maple-scada-s2/to/s/synced-readings]               SyncedReadings           
2026-09-28 13:17:15.441 --Parentless.process_internal_message  path:0x00000004
2026-09-28 13:17:15.442 --Proactor<s2>.process_message  path:0x00000401
2026-09-28 13:17:15.442 ----------------------------------------------------------------------------------------
2026-09-28 13:17:17.238 
2026-09-28 13:17:17.239 ++++++++++++++++++++++++++++++++++++++++++++++++++++++++++++++++++++++++++++++++++++++++
2026-09-28 13:17:17.239 ++Proactor<s2>.process_message  [analog-temp/synced.readings]
2026-09-28 13:17:17.240   IN  internal     analog-temp to hw1.isone.me.versant.keene.maple.scada.s2     <-  [analog-temp/to/hw1.isone.me.versant.keene.maple.scada.s2/synced.readings]        SyncedReadings           
2026-09-28 13:17:17.240 ++Parentless.process_internal_message analog-temp/synced.readings
2026-09-28 13:17:17.242   OUT mqtt         analog-temp to s                                       ->  [gw/hw1-isone-me-versant-keene-maple-scada-s2/to/s/synced-readings]               SyncedReadings           
2026-09-28 13:17:17.243 --Parentless.process_internal_message  path:0x00000004
2026-09-28 13:17:17.244 --Proactor<s2>.process_message  path:0x00000401
2026-09-28 13:17:17.244 ----------------------------------------------------------------------------------------
2026-09-28 13:17:19.840 
2026-09-28 13:17:19.841 ++++++++++++++++++++++++++++++++++++++++++++++++++++++++++++++++++++++++++++++++++++++++
2026-09-28 13:17:19.841 ++Proactor<s2>.process_message  [analog-temp/synced.readings]
2026-09-28 13:17:19.842   IN  internal     analog-temp to hw1.isone.me.versant.keene.maple.scada.s2     <-  [analog-temp/to/hw1.isone.me.versant.keene.maple.scada.s2/synced.readings]        SyncedReadings           
2026-09-28 13:17:19.842 ++Parentless.process_internal_message analog-temp/synced.readings
2026-09-28 13:17:19.843   OUT mqtt         analog-temp to s                                       ->  [gw/hw1-isone-me-versant-keene-maple-scada-s2/to/s/synced-readings]               SyncedReadings           
2026-09-28 13:17:19.844 --Parentless.process_internal_message  path:0x00000004
2026-09-28 13:17:19.845 --Proactor<s2>.process_message  path:0x00000401
2026-09-28 13:17:19.845 ----------------------------------------------------------------------------------------
2026-09-28 13:17:20.826 
2026-09-28 13:17:20.827 ++++++++++++++++++++++++++++++++++++++++++++++++++++++++++++++++++++++++++++++++++++++++
2026-09-28 13:17:20.827 ++Proactor<s2>.process_message  [analog-temp/synced.readings]
2026-09-28 13:17:20.827   IN  internal     analog-temp to hw1.isone.me.versant.keene.maple.scada.s2     <-  [analog-temp/to/hw1.isone.me.versant.keene.maple.scada.s2/synced.readings]        SyncedReadings           
2026-09-28 13:17:20.827 ++Parentless.process_internal_message analog-temp/synced.readings
2026-09-28 13:17:20.828   OUT mqtt         analog-temp to s                                       ->  [gw/hw1-isone-me-versant-keene-maple-scada-s2/to/s/synced-readings]               SyncedReadings           
2026-09-28 13:17:20.828 --Parentless.process_internal_message  path:0x00000004
2026-09-28 13:17:20.828 --Proactor<s2>.process_message  path:0x00000401
2026-09-28 13:17:20.829 ----------------------------------------------------------------------------------------
2026-09-28 13:17:31.248 
2026-09-28 13:17:31.248 ++++++++++++++++++++++++++++++++++++++++++++++++++++++++++++++++++++++++++++++++++++++++
2026-09-28 13:17:31.249 ++Proactor<s2>.process_message  [analog-temp/synced.readings]
2026-09-28 13:17:31.249   IN  internal     analog-temp to hw1.isone.me.versant.keene.maple.scada.s2     <-  [analog-temp/to/hw1.isone.me.versant.keene.maple.scada.s2/synced.readings]        SyncedReadings           
2026-09-28 13:17:31.250 ++Parentless.process_internal_message analog-temp/synced.readings
2026-09-28 13:17:31.252   OUT mqtt         analog-temp to s                                       ->  [gw/hw1-isone-me-versant-keene-maple-scada-s2/to/s/synced-readings]               SyncedReadings           
2026-09-28 13:17:31.253 --Parentless.process_internal_message  path:0x00000004
2026-09-28 13:17:31.253 --Proactor<s2>.process_message  path:0x00000401
2026-09-28 13:17:31.254 ----------------------------------------------------------------------------------------
2026-09-28 13:17:32.661 
2026-09-28 13:17:32.661 ++++++++++++++++++++++++++++++++++++++++++++++++++++++++++++++++++++++++++++++++++++++++
2026-09-28 13:17:32.661 ++Proactor<s2>.process_message  [gridworks-ping]
2026-09-28 13:17:32.662 ++Proactor<s2>._process_mqtt_message mqtt_clients/mqtt_message
2026-09-28 13:17:32.662   IN  mqtt         hw1.isone.me.versant.keene.maple.scada to s2           <-  [gw/hw1-isone-me-versant-keene-maple-scada/to/s2/gridworks-ping]                  Ping                      d5da6a8f...
2026-09-28 13:17:32.663   OUT mqtt         hw1.isone.me.versant.keene.maple.scada.s2 to s         ->  [gw/hw1-isone-me-versant-keene-maple-scada-s2/to/s/gridworks-ack]                 Ack                       d5da6a8f...
2026-09-28 13:17:32.663 --Proactor<s2>._process_mqtt_message:1  path:0x00000223
2026-09-28 13:17:32.663 --Proactor<s2>.process_message  path:0x00000002
2026-09-28 13:17:32.664 ----------------------------------------------------------------------------------------
2026-09-28 13:17:42.453 
2026-09-28 13:17:42.453 ++++++++++++++++++++++++++++++++++++++++++++++++++++++++++++++++++++++++++++++++++++++++
2026-09-28 13:17:42.454 ++Proactor<s2>.process_message  [analog-temp/synced.readings]
2026-09-28 13:17:42.454   IN  internal     analog-temp to hw1.isone.me.versant.keene.maple.scada.s2     <-  [analog-temp/to/hw1.isone.me.versant.keene.maple.scada.s2/synced.readings]        SyncedReadings           
2026-09-28 13:17:42.455 ++Parentless.process_internal_message analog-temp/synced.readings
2026-09-28 13:17:42.456   OUT mqtt         analog-temp to s                                       ->  [gw/hw1-isone-me-versant-keene-maple-scada-s2/to/s/synced-readings]               SyncedReadings           
2026-09-28 13:17:42.457 --Parentless.process_internal_message  path:0x00000004
2026-09-28 13:17:42.457 --Proactor<s2>.process_message  path:0x00000401
2026-09-28 13:17:42.458 ----------------------------------------------------------------------------------------
2026-09-28 13:17:47.840 
2026-09-28 13:17:47.840 ++++++++++++++++++++++++++++++++++++++++++++++++++++++++++++++++++++++++++++++++++++++++
2026-09-28 13:17:47.840 ++Proactor<s2>.process_message  [analog-temp/synced.readings]
2026-09-28 13:17:47.841   IN  internal     analog-temp to hw1.isone.me.versant.keene.maple.scada.s2     <-  [analog-temp/to/hw1.isone.me.versant.keene.maple.scada.s2/synced.readings]        SyncedReadings           
2026-09-28 13:17:47.841 ++Parentless.process_internal_message analog-temp/synced.readings
2026-09-28 13:17:47.842   OUT mqtt         analog-temp to s                                       ->  [gw/hw1-isone-me-versant-keene-maple-scada-s2/to/s/synced-readings]               SyncedReadings           
2026-09-28 13:17:47.842 --Parentless.process_internal_message  path:0x00000004
2026-09-28 13:17:47.842 --Proactor<s2>.process_message  path:0x00000401
2026-09-28 13:17:47.842 ----------------------------------------------------------------------------------------
2026-09-28 13:17:49.640 
2026-09-28 13:17:49.640 ++++++++++++++++++++++++++++++++++++++++++++++++++++++++++++++++++++++++++++++++++++++++
2026-09-28 13:17:49.641 ++Proactor<s2>.process_message  [analog-temp/synced.readings]
2026-09-28 13:17:49.641   IN  internal     analog-temp to hw1.isone.me.versant.keene.maple.scada.s2     <-  [analog-temp/to/hw1.isone.me.versant.keene.maple.scada.s2/synced.readings]        SyncedReadings           
2026-09-28 13:17:49.641 ++Parentless.process_internal_message analog-temp/synced.readings
2026-09-28 13:17:49.642   OUT mqtt         analog-temp to s                                       ->  [gw/hw1-isone-me-versant-keene-maple-scada-s2/to/s/synced-readings]               SyncedReadings           
2026-09-28 13:17:49.642 --Parentless.process_internal_message  path:0x00000004
2026-09-28 13:17:49.642 --Proactor<s2>.process_message  path:0x00000401
2026-09-28 13:17:49.642 ----------------------------------------------------------------------------------------
2026-09-28 13:17:57.247 
2026-09-28 13:17:57.248 ++++++++++++++++++++++++++++++++++++++++++++++++++++++++++++++++++++++++++++++++++++++++
2026-09-28 13:17:57.248 ++Proactor<s2>.process_message  [analog-temp/synced.readings]
2026-09-28 13:17:57.248   IN  internal     analog-temp to hw1.isone.me.versant.keene.maple.scada.s2     <-  [analog-temp/to/hw1.isone.me.versant.keene.maple.scada.s2/synced.readings]        SyncedReadings           
2026-09-28 13:17:57.248 ++Parentless.process_internal_message analog-temp/synced.readings
2026-09-28 13:17:57.249   OUT mqtt         analog-temp to s                                       ->  [gw/hw1-isone-me-versant-keene-maple-scada-s2/to/s/synced-readings]               SyncedReadings           
2026-09-28 13:17:57.249 --Parentless.process_internal_message  path:0x00000004
2026-09-28 13:17:57.249 --Proactor<s2>.process_message  path:0x00000401
2026-09-28 13:17:57.250 ----------------------------------------------------------------------------------------
2026-09-28 13:17:58.845 
2026-09-28 13:17:58.845 ++++++++++++++++++++++++++++++++++++++++++++++++++++++++++++++++++++++++++++++++++++++++
2026-09-28 13:17:58.846 ++Proactor<s2>.process_message  [analog-temp/synced.readings]
2026-09-28 13:17:58.846   IN  internal     analog-temp to hw1.isone.me.versant.keene.maple.scada.s2     <-  [analog-temp/to/hw1.isone.me.versant.keene.maple.scada.s2/synced.readings]        SyncedReadings           
2026-09-28 13:17:58.846 ++Parentless.process_internal_message analog-temp/synced.readings
2026-09-28 13:17:58.847   OUT mqtt         analog-temp to s                                       ->  [gw/hw1-isone-me-versant-keene-maple-scada-s2/to/s/synced-readings]               SyncedReadings           
2026-09-28 13:17:58.847 --Parentless.process_internal_message  path:0x00000004
2026-09-28 13:17:58.847 --Proactor<s2>.process_message  path:0x00000401
2026-09-28 13:17:58.848 ----------------------------------------------------------------------------------------
2026-09-28 13:18:02.663 
2026-09-28 13:18:02.664 ++++++++++++++++++++++++++++++++++++++++++++++++++++++++++++++++++++++++++++++++++++++++
2026-09-28 13:18:02.664 ++Proactor<s2>.process_message  [analog-temp/synced.readings]
2026-09-28 13:18:02.665   IN  internal     analog-temp to hw1.isone.me.versant.keene.maple.scada.s2     <-  [analog-temp/to/hw1.isone.me.versant.keene.maple.scada.s2/synced.readings]        SyncedReadings           
2026-09-28 13:18:02.665 ++Parentless.process_internal_message analog-temp/synced.readings
2026-09-28 13:18:02.666   OUT mqtt         analog-temp to s                                       ->  [gw/hw1-isone-me-versant-keene-maple-scada-s2/to/s/synced-readings]               SyncedReadings           
2026-09-28 13:18:02.667 --Parentless.process_internal_message  path:0x00000004
2026-09-28 13:18:02.668 --Proactor<s2>.process_message  path:0x00000401
2026-09-28 13:18:02.668 ----------------------------------------------------------------------------------------
2026-09-28 13:18:09.455 
2026-09-28 13:18:09.455 ++++++++++++++++++++++++++++++++++++++++++++++++++++++++++++++++++++++++++++++++++++++++
2026-09-28 13:18:09.456 ++Proactor<s2>.process_message  [analog-temp/synced.readings]
2026-09-28 13:18:09.456   IN  internal     analog-temp to hw1.isone.me.versant.keene.maple.scada.s2     <-  [analog-temp/to/hw1.isone.me.versant.keene.maple.scada.s2/synced.readings]        SyncedReadings           
2026-09-28 13:18:09.456 ++Parentless.process_internal_message analog-temp/synced.readings
2026-09-28 13:18:09.457   OUT mqtt         analog-temp to s                                       ->  [gw/hw1-isone-me-versant-keene-maple-scada-s2/to/s/synced-readings]               SyncedReadings           
2026-09-28 13:18:09.458 --Parentless.process_internal_message  path:0x00000004
2026-09-28 13:18:09.458 --Proactor<s2>.process_message  path:0x00000401
2026-09-28 13:18:09.458 ----------------------------------------------------------------------------------------
2026-09-28 13:18:10.852 
2026-09-28 13:18:10.852 ++++++++++++++++++++++++++++++++++++++++++++++++++++++++++++++++++++++++++++++++++++++++
2026-09-28 13:18:10.852 ++Proactor<s2>.process_message  [analog-temp/synced.readings]
2026-09-28 13:18:10.853   IN  internal     analog-temp to hw1.isone.me.versant.keene.maple.scada.s2     <-  [analog-temp/to/hw1.isone.me.versant.keene.maple.scada.s2/synced.readings]        SyncedReadings           
2026-09-28 13:18:10.853 ++Parentless.process_internal_message analog-temp/synced.readings
2026-09-28 13:18:10.853   OUT mqtt         analog-temp to s                                       ->  [gw/hw1-isone-me-versant-keene-maple-scada-s2/to/s/synced-readings]               SyncedReadings           
2026-09-28 13:18:10.854 --Parentless.process_internal_message  path:0x00000004
2026-09-28 13:18:10.854 --Proactor<s2>.process_message  path:0x00000401
2026-09-28 13:18:10.854 ----------------------------------------------------------------------------------------
2026-09-28 13:18:20.473 
2026-09-28 13:18:20.474 ++++++++++++++++++++++++++++++++++++++++++++++++++++++++++++++++++++++++++++++++++++++++
2026-09-28 13:18:20.474 ++Proactor<s2>.process_message  [analog-temp/synced.readings]
2026-09-28 13:18:20.475   IN  internal     analog-temp to hw1.isone.me.versant.keene.maple.scada.s2     <-  [analog-temp/to/hw1.isone.me.versant.keene.maple.scada.s2/synced.readings]        SyncedReadings           
2026-09-28 13:18:20.475 ++Parentless.process_internal_message analog-temp/synced.readings
2026-09-28 13:18:20.477   OUT mqtt         analog-temp to s                                       ->  [gw/hw1-isone-me-versant-keene-maple-scada-s2/to/s/synced-readings]               SyncedReadings           
2026-09-28 13:18:20.477 --Parentless.process_internal_message  path:0x00000004
2026-09-28 13:18:20.478 --Proactor<s2>.process_message  path:0x00000401
2026-09-28 13:18:20.478 ----------------------------------------------------------------------------------------
2026-09-28 13:18:21.658 
2026-09-28 13:18:21.659 ++++++++++++++++++++++++++++++++++++++++++++++++++++++++++++++++++++++++++++++++++++++++
2026-09-28 13:18:21.659 ++Proactor<s2>.process_message  [analog-temp/synced.readings]
2026-09-28 13:18:21.659   IN  internal     analog-temp to hw1.isone.me.versant.keene.maple.scada.s2     <-  [analog-temp/to/hw1.isone.me.versant.keene.maple.scada.s2/synced.readings]        SyncedReadings           
2026-09-28 13:18:21.659 ++Parentless.process_internal_message analog-temp/synced.readings
2026-09-28 13:18:21.660   OUT mqtt         analog-temp to s                                       ->  [gw/hw1-isone-me-versant-keene-maple-scada-s2/to/s/synced-readings]               SyncedReadings           
2026-09-28 13:18:21.660 --Parentless.process_internal_message  path:0x00000004
2026-09-28 13:18:21.661 --Proactor<s2>.process_message  path:0x00000401
2026-09-28 13:18:21.661 ----------------------------------------------------------------------------------------
2026-09-28 13:18:32.665 
2026-09-28 13:18:32.665 ++++++++++++++++++++++++++++++++++++++++++++++++++++++++++++++++++++++++++++++++++++++++
2026-09-28 13:18:32.666 ++Proactor<s2>.process_message  [gridworks-ping]
2026-09-28 13:18:32.666 ++Proactor<s2>._process_mqtt_message mqtt_clients/mqtt_message
2026-09-28 13:18:32.668   IN  mqtt         hw1.isone.me.versant.keene.maple.scada to s2           <-  [gw/hw1-isone-me-versant-keene-maple-scada/to/s2/gridworks-ping]                  Ping                      5fa13617...
2026-09-28 13:18:32.669   OUT mqtt         hw1.isone.me.versant.keene.maple.scada.s2 to s         ->  [gw/hw1-isone-me-versant-keene-maple-scada-s2/to/s/gridworks-ack]                 Ack                       5fa13617...
2026-09-28 13:18:32.670 --Proactor<s2>._process_mqtt_message:1  path:0x00000223
2026-09-28 13:18:32.671 --Proactor<s2>.process_message  path:0x00000002
2026-09-28 13:18:32.672 ----------------------------------------------------------------------------------------
2026-09-28 13:18:33.465 
2026-09-28 13:18:33.465 ++++++++++++++++++++++++++++++++++++++++++++++++++++++++++++++++++++++++++++++++++++++++
2026-09-28 13:18:33.465 ++Proactor<s2>.process_message  [analog-temp/synced.readings]
2026-09-28 13:18:33.466   IN  internal     analog-temp to hw1.isone.me.versant.keene.maple.scada.s2     <-  [analog-temp/to/hw1.isone.me.versant.keene.maple.scada.s2/synced.readings]        SyncedReadings           
2026-09-28 13:18:33.466 ++Parentless.process_internal_message analog-temp/synced.readings
2026-09-28 13:18:33.467   OUT mqtt         analog-temp to s                                       ->  [gw/hw1-isone-me-versant-keene-maple-scada-s2/to/s/synced-readings]               SyncedReadings           
2026-09-28 13:18:33.467 --Parentless.process_internal_message  path:0x00000004
2026-09-28 13:18:33.468 --Proactor<s2>.process_message  path:0x00000401
2026-09-28 13:18:33.468 ----------------------------------------------------------------------------------------
2026-09-28 13:18:36.466 
2026-09-28 13:18:36.466 ++++++++++++++++++++++++++++++++++++++++++++++++++++++++++++++++++++++++++++++++++++++++
2026-09-28 13:18:36.466 ++Proactor<s2>.process_message  [analog-temp/synced.readings]
2026-09-28 13:18:36.466   IN  internal     analog-temp to hw1.isone.me.versant.keene.maple.scada.s2     <-  [analog-temp/to/hw1.isone.me.versant.keene.maple.scada.s2/synced.readings]        SyncedReadings           
2026-09-28 13:18:36.467 ++Parentless.process_internal_message analog-temp/synced.readings
2026-09-28 13:18:36.467   OUT mqtt         analog-temp to s                                       ->  [gw/hw1-isone-me-versant-keene-maple-scada-s2/to/s/synced-readings]               SyncedReadings           
2026-09-28 13:18:36.468 --Parentless.process_internal_message  path:0x00000004
2026-09-28 13:18:36.468 --Proactor<s2>.process_message  path:0x00000401
2026-09-28 13:18:36.468 ----------------------------------------------------------------------------------------
2026-09-28 13:18:44.488 
2026-09-28 13:18:44.489 ++++++++++++++++++++++++++++++++++++++++++++++++++++++++++++++++++++++++++++++++++++++++
2026-09-28 13:18:44.489 ++Proactor<s2>.process_message  [analog-temp/synced.readings]
2026-09-28 13:18:44.490   IN  internal     analog-temp to hw1.isone.me.versant.keene.maple.scada.s2     <-  [analog-temp/to/hw1.isone.me.versant.keene.maple.scada.s2/synced.readings]        SyncedReadings           
2026-09-28 13:18:44.490 ++Parentless.process_internal_message analog-temp/synced.readings
2026-09-28 13:18:44.492   OUT mqtt         analog-temp to s                                       ->  [gw/hw1-isone-me-versant-keene-maple-scada-s2/to/s/synced-readings]               SyncedReadings           
2026-09-28 13:18:44.493 --Parentless.process_internal_message  path:0x00000004
2026-09-28 13:18:44.493 --Proactor<s2>.process_message  path:0x00000401
2026-09-28 13:18:44.494 ----------------------------------------------------------------------------------------
2026-09-28 13:18:45.473 
2026-09-28 13:18:45.474 ++++++++++++++++++++++++++++++++++++++++++++++++++++++++++++++++++++++++++++++++++++++++
2026-09-28 13:18:45.474 ++Proactor<s2>.process_message  [analog-temp/synced.readings]
2026-09-28 13:18:45.474   IN  internal     analog-temp to hw1.isone.me.versant.keene.maple.scada.s2     <-  [analog-temp/to/hw1.isone.me.versant.keene.maple.scada.s2/synced.readings]        SyncedReadings           
2026-09-28 13:18:45.474 ++Parentless.process_internal_message analog-temp/synced.readings
2026-09-28 13:18:45.475   OUT mqtt         analog-temp to s                                       ->  [gw/hw1-isone-me-versant-keene-maple-scada-s2/to/s/synced-readings]               SyncedReadings           
2026-09-28 13:18:45.476 --Parentless.process_internal_message  path:0x00000004
2026-09-28 13:18:45.476 --Proactor<s2>.process_message  path:0x00000401
2026-09-28 13:18:45.476 ----------------------------------------------------------------------------------------
2026-09-28 13:18:51.491 
2026-09-28 13:18:51.492 ++++++++++++++++++++++++++++++++++++++++++++++++++++++++++++++++++++++++++++++++++++++++
2026-09-28 13:18:51.493 ++Proactor<s2>.process_message  [analog-temp/synced.readings]
2026-09-28 13:18:51.493   IN  internal     analog-temp to hw1.isone.me.versant.keene.maple.scada.s2     <-  [analog-temp/to/hw1.isone.me.versant.keene.maple.scada.s2/synced.readings]        SyncedReadings           
2026-09-28 13:18:51.494 ++Parentless.process_internal_message analog-temp/synced.readings
2026-09-28 13:18:51.495   OUT mqtt         analog-temp to s                                       ->  [gw/hw1-isone-me-versant-keene-maple-scada-s2/to/s/synced-readings]               SyncedReadings           
2026-09-28 13:18:51.496 --Parentless.process_internal_message  path:0x00000004
2026-09-28 13:18:51.497 --Proactor<s2>.process_message  path:0x00000401
2026-09-28 13:18:51.497 ----------------------------------------------------------------------------------------
2026-09-28 13:18:58.080 
2026-09-28 13:18:58.081 ++++++++++++++++++++++++++++++++++++++++++++++++++++++++++++++++++++++++++++++++++++++++
2026-09-28 13:18:58.081 ++Proactor<s2>.process_message  [analog-temp/synced.readings]
2026-09-28 13:18:58.081   IN  internal     analog-temp to hw1.isone.me.versant.keene.maple.scada.s2     <-  [analog-temp/to/hw1.isone.me.versant.keene.maple.scada.s2/synced.readings]        SyncedReadings           
2026-09-28 13:18:58.081 ++Parentless.process_internal_message analog-temp/synced.readings
2026-09-28 13:18:58.082   OUT mqtt         analog-temp to s                                       ->  [gw/hw1-isone-me-versant-keene-maple-scada-s2/to/s/synced-readings]               SyncedReadings           
2026-09-28 13:18:58.082 --Parentless.process_internal_message  path:0x00000004
2026-09-28 13:18:58.082 --Proactor<s2>.process_message  path:0x00000401
2026-09-28 13:18:58.083 ----------------------------------------------------------------------------------------
2026-09-28 13:18:59.081 
2026-09-28 13:18:59.081 ++++++++++++++++++++++++++++++++++++++++++++++++++++++++++++++++++++++++++++++++++++++++
2026-09-28 13:18:59.081 ++Proactor<s2>.process_message  [analog-temp/synced.readings]
2026-09-28 13:18:59.081   IN  internal     analog-temp to hw1.isone.me.versant.keene.maple.scada.s2     <-  [analog-temp/to/hw1.isone.me.versant.keene.maple.scada.s2/synced.readings]        SyncedReadings           
2026-09-28 13:18:59.082 ++Parentless.process_internal_message analog-temp/synced.readings
2026-09-28 13:18:59.082   OUT mqtt         analog-temp to s                                       ->  [gw/hw1-isone-me-versant-keene-maple-scada-s2/to/s/synced-readings]               SyncedReadings           
2026-09-28 13:18:59.083 --Parentless.process_internal_message  path:0x00000004
2026-09-28 13:18:59.083 --Proactor<s2>.process_message  path:0x00000401
2026-09-28 13:18:59.083 ----------------------------------------------------------------------------------------
2026-09-28 13:19:04.299 
2026-09-28 13:19:04.299 ++++++++++++++++++++++++++++++++++++++++++++++++++++++++++++++++++++++++++++++++++++++++
2026-09-28 13:19:04.300 ++Proactor<s2>.process_message  [analog-temp/synced.readings]
2026-09-28 13:19:04.301   IN  internal     analog-temp to hw1.isone.me.versant.keene.maple.scada.s2     <-  [analog-temp/to/hw1.isone.me.versant.keene.maple.scada.s2/synced.readings]        SyncedReadings           
2026-09-28 13:19:04.301 ++Parentless.process_internal_message analog-temp/synced.readings
2026-09-28 13:19:04.302   OUT mqtt         analog-temp to s                                       ->  [gw/hw1-isone-me-versant-keene-maple-scada-s2/to/s/synced-readings]               SyncedReadings           
2026-09-28 13:19:04.303 --Parentless.process_internal_message  path:0x00000004
2026-09-28 13:19:04.304 --Proactor<s2>.process_message  path:0x00000401
2026-09-28 13:19:04.304 ----------------------------------------------------------------------------------------
2026-09-28 13:19:09.102 
2026-09-28 13:19:09.103 ++++++++++++++++++++++++++++++++++++++++++++++++++++++++++++++++++++++++++++++++++++++++
2026-09-28 13:19:09.103 ++Proactor<s2>.process_message  [analog-temp/synced.readings]
2026-09-28 13:19:09.104   IN  internal     analog-temp to hw1.isone.me.versant.keene.maple.scada.s2     <-  [analog-temp/to/hw1.isone.me.versant.keene.maple.scada.s2/synced.readings]        SyncedReadings           
2026-09-28 13:19:09.105 ++Parentless.process_internal_message analog-temp/synced.readings
2026-09-28 13:19:09.106   OUT mqtt         analog-temp to s                                       ->  [gw/hw1-isone-me-versant-keene-maple-scada-s2/to/s/synced-readings]               SyncedReadings           
2026-09-28 13:19:09.107 --Parentless.process_internal_message  path:0x00000004
2026-09-28 13:19:09.108 --Proactor<s2>.process_message  path:0x00000401
2026-09-28 13:19:09.109 ----------------------------------------------------------------------------------------
2026-09-28 13:19:16.706 
2026-09-28 13:19:16.706 ++++++++++++++++++++++++++++++++++++++++++++++++++++++++++++++++++++++++++++++++++++++++
2026-09-28 13:19:16.707 ++Proactor<s2>.process_message  [analog-temp/synced.readings]
2026-09-28 13:19:16.708   IN  internal     analog-temp to hw1.isone.me.versant.keene.maple.scada.s2     <-  [analog-temp/to/hw1.isone.me.versant.keene.maple.scada.s2/synced.readings]        SyncedReadings           
2026-09-28 13:19:16.708 ++Parentless.process_internal_message analog-temp/synced.readings
2026-09-28 13:19:16.709   OUT mqtt         analog-temp to s                                       ->  [gw/hw1-isone-me-versant-keene-maple-scada-s2/to/s/synced-readings]               SyncedReadings           
2026-09-28 13:19:16.710 --Parentless.process_internal_message  path:0x00000004
2026-09-28 13:19:16.711 --Proactor<s2>.process_message  path:0x00000401
2026-09-28 13:19:16.712 ----------------------------------------------------------------------------------------
2026-09-28 13:19:17.708 
2026-09-28 13:19:17.709 ++++++++++++++++++++++++++++++++++++++++++++++++++++++++++++++++++++++++++++++++++++++++
2026-09-28 13:19:17.709 ++Proactor<s2>.process_message  [analog-temp/synced.readings]
2026-09-28 13:19:17.710   IN  internal     analog-temp to hw1.isone.me.versant.keene.maple.scada.s2     <-  [analog-temp/to/hw1.isone.me.versant.keene.maple.scada.s2/synced.readings]        SyncedReadings           
2026-09-28 13:19:17.710 ++Parentless.process_internal_message analog-temp/synced.readings
2026-09-28 13:19:17.712   OUT mqtt         analog-temp to s                                       ->  [gw/hw1-isone-me-versant-keene-maple-scada-s2/to/s/synced-readings]               SyncedReadings           
2026-09-28 13:19:17.713 --Parentless.process_internal_message  path:0x00000004
2026-09-28 13:19:17.713 --Proactor<s2>.process_message  path:0x00000401
2026-09-28 13:19:17.714 ----------------------------------------------------------------------------------------
2026-09-28 13:19:22.294 
2026-09-28 13:19:22.294 ++++++++++++++++++++++++++++++++++++++++++++++++++++++++++++++++++++++++++++++++++++++++
2026-09-28 13:19:22.294 ++Proactor<s2>.process_message  [analog-temp/synced.readings]
2026-09-28 13:19:22.295   IN  internal     analog-temp to hw1.isone.me.versant.keene.maple.scada.s2     <-  [analog-temp/to/hw1.isone.me.versant.keene.maple.scada.s2/synced.readings]        SyncedReadings           
2026-09-28 13:19:22.295 ++Parentless.process_internal_message analog-temp/synced.readings
2026-09-28 13:19:22.296   OUT mqtt         analog-temp to s                                       ->  [gw/hw1-isone-me-versant-keene-maple-scada-s2/to/s/synced-readings]               SyncedReadings           
2026-09-28 13:19:22.296 --Parentless.process_internal_message  path:0x00000004
2026-09-28 13:19:22.296 --Proactor<s2>.process_message  path:0x00000401
2026-09-28 13:19:22.296 ----------------------------------------------------------------------------------------
2026-09-28 13:19:28.112 
2026-09-28 13:19:28.113 ++++++++++++++++++++++++++++++++++++++++++++++++++++++++++++++++++++++++++++++++++++++++
2026-09-28 13:19:28.114 ++Proactor<s2>.process_message  [analog-temp/synced.readings]
2026-09-28 13:19:28.114   IN  internal     analog-temp to hw1.isone.me.versant.keene.maple.scada.s2     <-  [analog-temp/to/hw1.isone.me.versant.keene.maple.scada.s2/synced.readings]        SyncedReadings           
2026-09-28 13:19:28.115 ++Parentless.process_internal_message analog-temp/synced.readings
2026-09-28 13:19:28.116   OUT mqtt         analog-temp to s                                       ->  [gw/hw1-isone-me-versant-keene-maple-scada-s2/to/s/synced-readings]               SyncedReadings           
2026-09-28 13:19:28.117 --Parentless.process_internal_message  path:0x00000004
2026-09-28 13:19:28.118 --Proactor<s2>.process_message  path:0x00000401
2026-09-28 13:19:28.119 ----------------------------------------------------------------------------------------
2026-09-28 13:19:28.461 
2026-09-28 13:19:28.462 ++++++++++++++++++++++++++++++++++++++++++++++++++++++++++++++++++++++++++++++++++++++++
2026-09-28 13:19:28.462 ++Proactor<s2>.process_message  [zone1-living-rm-stat/synced.readings]
2026-09-28 13:19:28.463   IN  internal     zone1-living-rm-stat to hw1.isone.me.versant.keene.maple.scada.s2     <-  [zone1-living-rm-stat/to/hw1.isone.me.versant.keene.maple.scada.s2/synced.readings]  SyncedReadings           
2026-09-28 13:19:28.464 ++Parentless.process_internal_message zone1-living-rm-stat/synced.readings
2026-09-28 13:19:28.465   OUT mqtt         zone1-living-rm-stat to s                              ->  [gw/hw1-isone-me-versant-keene-maple-scada-s2/to/s/synced-readings]               SyncedReadings           
2026-09-28 13:19:28.467 --Parentless.process_internal_message  path:0x00000004
2026-09-28 13:19:28.468 --Proactor<s2>.process_message  path:0x00000401
2026-09-28 13:19:28.468 ----------------------------------------------------------------------------------------
2026-09-28 13:19:28.518 
2026-09-28 13:19:28.518 ++++++++++++++++++++++++++++++++++++++++++++++++++++++++++++++++++++++++++++++++++++++++
2026-09-28 13:19:28.519 ++Proactor<s2>.process_message  [zone2-bedroom-stat/synced.readings]
2026-09-28 13:19:28.520   IN  internal     zone2-bedroom-stat to hw1.isone.me.versant.keene.maple.scada.s2     <-  [zone2-bedroom-stat/to/hw1.isone.me.versant.keene.maple.scada.s2/synced.readings]  SyncedReadings           
2026-09-28 13:19:28.520 ++Parentless.process_internal_message zone2-bedroom-stat/synced.readings
2026-09-28 13:19:28.521   OUT mqtt         zone2-bedroom-stat to s                                ->  [gw/hw1-isone-me-versant-keene-maple-scada-s2/to/s/synced-readings]               SyncedReadings           
2026-09-28 13:19:28.522 --Parentless.process_internal_message  path:0x00000004
2026-09-28 13:19:28.523 --Proactor<s2>.process_message  path:0x00000401
2026-09-28 13:19:28.523 ----------------------------------------------------------------------------------------
2026-09-28 13:19:32.666 
2026-09-28 13:19:32.667 ++++++++++++++++++++++++++++++++++++++++++++++++++++++++++++++++++++++++++++++++++++++++
2026-09-28 13:19:32.668 ++Proactor<s2>.process_message  [gridworks-ping]
2026-09-28 13:19:32.668 ++Proactor<s2>._process_mqtt_message mqtt_clients/mqtt_message
2026-09-28 13:19:32.669   IN  mqtt         hw1.isone.me.versant.keene.maple.scada to s2           <-  [gw/hw1-isone-me-versant-keene-maple-scada/to/s2/gridworks-ping]                  Ping                      1429d6a5...
2026-09-28 13:19:32.671   OUT mqtt         hw1.isone.me.versant.keene.maple.scada.s2 to s         ->  [gw/hw1-isone-me-versant-keene-maple-scada-s2/to/s/gridworks-ack]                 Ack                       1429d6a5...
2026-09-28 13:19:32.673 --Proactor<s2>._process_mqtt_message:1  path:0x00000223
2026-09-28 13:19:32.674 --Proactor<s2>.process_message  path:0x00000002
2026-09-28 13:19:32.674 ----------------------------------------------------------------------------------------
2026-09-28 13:19:34.301 
2026-09-28 13:19:34.301 ++++++++++++++++++++++++++++++++++++++++++++++++++++++++++++++++++++++++++++++++++++++++
2026-09-28 13:19:34.301 ++Proactor<s2>.process_message  [analog-temp/synced.readings]
2026-09-28 13:19:34.301   IN  internal     analog-temp to hw1.isone.me.versant.keene.maple.scada.s2     <-  [analog-temp/to/hw1.isone.me.versant.keene.maple.scada.s2/synced.readings]        SyncedReadings           
2026-09-28 13:19:34.302 ++Parentless.process_internal_message analog-temp/synced.readings
2026-09-28 13:19:34.302   OUT mqtt         analog-temp to s                                       ->  [gw/hw1-isone-me-versant-keene-maple-scada-s2/to/s/synced-readings]               SyncedReadings           
2026-09-28 13:19:34.303 --Parentless.process_internal_message  path:0x00000004
2026-09-28 13:19:34.303 --Proactor<s2>.process_message  path:0x00000401
2026-09-28 13:19:34.303 ----------------------------------------------------------------------------------------
2026-09-28 13:19:36.501 
2026-09-28 13:19:36.502 ++++++++++++++++++++++++++++++++++++++++++++++++++++++++++++++++++++++++++++++++++++++++
2026-09-28 13:19:36.502 ++Proactor<s2>.process_message  [analog-temp/synced.readings]
2026-09-28 13:19:36.502   IN  internal     analog-temp to hw1.isone.me.versant.keene.maple.scada.s2     <-  [analog-temp/to/hw1.isone.me.versant.keene.maple.scada.s2/synced.readings]        SyncedReadings           
2026-09-28 13:19:36.502 ++Parentless.process_internal_message analog-temp/synced.readings
2026-09-28 13:19:36.503   OUT mqtt         analog-temp to s                                       ->  [gw/hw1-isone-me-versant-keene-maple-scada-s2/to/s/synced-readings]               SyncedReadings           
2026-09-28 13:19:36.503 --Parentless.process_internal_message  path:0x00000004
2026-09-28 13:19:36.504 --Proactor<s2>.process_message  path:0x00000401
2026-09-28 13:19:36.504 ----------------------------------------------------------------------------------------
2026-09-28 13:20:02.132 
2026-09-28 13:20:02.133 ++++++++++++++++++++++++++++++++++++++++++++++++++++++++++++++++++++++++++++++++++++++++
2026-09-28 13:20:02.133 ++Proactor<s2>.process_message  [analog-temp/synced.readings]
2026-09-28 13:20:02.134   IN  internal     analog-temp to hw1.isone.me.versant.keene.maple.scada.s2     <-  [analog-temp/to/hw1.isone.me.versant.keene.maple.scada.s2/synced.readings]        SyncedReadings           
2026-09-28 13:20:02.135 ++Parentless.process_internal_message analog-temp/synced.readings
2026-09-28 13:20:02.136   OUT mqtt         analog-temp to s                                       ->  [gw/hw1-isone-me-versant-keene-maple-scada-s2/to/s/synced-readings]               SyncedReadings           
2026-09-28 13:20:02.137 --Parentless.process_internal_message  path:0x00000004
2026-09-28 13:20:02.137 --Proactor<s2>.process_message  path:0x00000401
2026-09-28 13:20:02.138 ----------------------------------------------------------------------------------------
2026-09-28 13:20:05.134 
2026-09-28 13:20:05.135 ++++++++++++++++++++++++++++++++++++++++++++++++++++++++++++++++++++++++++++++++++++++++
2026-09-28 13:20:05.135 ++Proactor<s2>.process_message  [analog-temp/synced.readings]
2026-09-28 13:20:05.136   IN  internal     analog-temp to hw1.isone.me.versant.keene.maple.scada.s2     <-  [analog-temp/to/hw1.isone.me.versant.keene.maple.scada.s2/synced.readings]        SyncedReadings           
2026-09-28 13:20:05.136 ++Parentless.process_internal_message analog-temp/synced.readings
2026-09-28 13:20:05.138   OUT mqtt         analog-temp to s                                       ->  [gw/hw1-isone-me-versant-keene-maple-scada-s2/to/s/synced-readings]               SyncedReadings           
2026-09-28 13:20:05.139 --Parentless.process_internal_message  path:0x00000004
2026-09-28 13:20:05.139 --Proactor<s2>.process_message  path:0x00000401
2026-09-28 13:20:05.140 ----------------------------------------------------------------------------------------
2026-09-28 13:20:28.347 
2026-09-28 13:20:28.347 ++++++++++++++++++++++++++++++++++++++++++++++++++++++++++++++++++++++++++++++++++++++++
2026-09-28 13:20:28.348 ++Proactor<s2>.process_message  [analog-temp/synced.readings]
2026-09-28 13:20:28.348   IN  internal     analog-temp to hw1.isone.me.versant.keene.maple.scada.s2     <-  [analog-temp/to/hw1.isone.me.versant.keene.maple.scada.s2/synced.readings]        SyncedReadings           
2026-09-28 13:20:28.349 ++Parentless.process_internal_message analog-temp/synced.readings
2026-09-28 13:20:28.350   OUT mqtt         analog-temp to s                                       ->  [gw/hw1-isone-me-versant-keene-maple-scada-s2/to/s/synced-readings]               SyncedReadings           
2026-09-28 13:20:28.351 --Parentless.process_internal_message  path:0x00000004
2026-09-28 13:20:28.351 --Proactor<s2>.process_message  path:0x00000401
2026-09-28 13:20:28.352 ----------------------------------------------------------------------------------------
2026-09-28 13:20:32.149 
2026-09-28 13:20:32.149 ++++++++++++++++++++++++++++++++++++++++++++++++++++++++++++++++++++++++++++++++++++++++
2026-09-28 13:20:32.150 ++Proactor<s2>.process_message  [analog-temp/synced.readings]
2026-09-28 13:20:32.151   IN  internal     analog-temp to hw1.isone.me.versant.keene.maple.scada.s2     <-  [analog-temp/to/hw1.isone.me.versant.keene.maple.scada.s2/synced.readings]        SyncedReadings           
2026-09-28 13:20:32.151 ++Parentless.process_internal_message analog-temp/synced.readings
2026-09-28 13:20:32.153   OUT mqtt         analog-temp to s                                       ->  [gw/hw1-isone-me-versant-keene-maple-scada-s2/to/s/synced-readings]               SyncedReadings           
2026-09-28 13:20:32.153 --Parentless.process_internal_message  path:0x00000004
2026-09-28 13:20:32.154 --Proactor<s2>.process_message  path:0x00000401
2026-09-28 13:20:32.154 ----------------------------------------------------------------------------------------
2026-09-28 13:20:33.074 
2026-09-28 13:20:33.074 ++++++++++++++++++++++++++++++++++++++++++++++++++++++++++++++++++++++++++++++++++++++++
2026-09-28 13:20:33.075 ++Proactor<s2>.process_message  [gridworks-ping]
2026-09-28 13:20:33.076 ++Proactor<s2>._process_mqtt_message mqtt_clients/mqtt_message
2026-09-28 13:20:33.077   IN  mqtt         hw1.isone.me.versant.keene.maple.scada to s2           <-  [gw/hw1-isone-me-versant-keene-maple-scada/to/s2/gridworks-ping]                  Ping                      5a7a6ed3...
2026-09-28 13:20:33.079   OUT mqtt         hw1.isone.me.versant.keene.maple.scada.s2 to s         ->  [gw/hw1-isone-me-versant-keene-maple-scada-s2/to/s/gridworks-ack]                 Ack                       5a7a6ed3...
2026-09-28 13:20:33.080 --Proactor<s2>._process_mqtt_message:1  path:0x00000223
2026-09-28 13:20:33.081 --Proactor<s2>.process_message  path:0x00000002
2026-09-28 13:20:33.081 ----------------------------------------------------------------------------------------
2026-09-28 13:20:38.137 
2026-09-28 13:20:38.137 ++++++++++++++++++++++++++++++++++++++++++++++++++++++++++++++++++++++++++++++++++++++++
2026-09-28 13:20:38.137 ++Proactor<s2>.process_message  [analog-temp/synced.readings]
2026-09-28 13:20:38.138   IN  internal     analog-temp to hw1.isone.me.versant.keene.maple.scada.s2     <-  [analog-temp/to/hw1.isone.me.versant.keene.maple.scada.s2/synced.readings]        SyncedReadings           
2026-09-28 13:20:38.138 ++Parentless.process_internal_message analog-temp/synced.readings
2026-09-28 13:20:38.138   OUT mqtt         analog-temp to s                                       ->  [gw/hw1-isone-me-versant-keene-maple-scada-s2/to/s/synced-readings]               SyncedReadings           
2026-09-28 13:20:38.139 --Parentless.process_internal_message  path:0x00000004
2026-09-28 13:20:38.139 --Proactor<s2>.process_message  path:0x00000401
2026-09-28 13:20:38.139 ----------------------------------------------------------------------------------------
2026-09-28 13:20:41.138 
2026-09-28 13:20:41.139 ++++++++++++++++++++++++++++++++++++++++++++++++++++++++++++++++++++++++++++++++++++++++
2026-09-28 13:20:41.139 ++Proactor<s2>.process_message  [analog-temp/synced.readings]
2026-09-28 13:20:41.139   IN  internal     analog-temp to hw1.isone.me.versant.keene.maple.scada.s2     <-  [analog-temp/to/hw1.isone.me.versant.keene.maple.scada.s2/synced.readings]        SyncedReadings           
2026-09-28 13:20:41.139 ++Parentless.process_internal_message analog-temp/synced.readings
2026-09-28 13:20:41.140   OUT mqtt         analog-temp to s                                       ->  [gw/hw1-isone-me-versant-keene-maple-scada-s2/to/s/synced-readings]               SyncedReadings           
2026-09-28 13:20:41.140 --Parentless.process_internal_message  path:0x00000004
2026-09-28 13:20:41.141 --Proactor<s2>.process_message  path:0x00000401
2026-09-28 13:20:41.141 ----------------------------------------------------------------------------------------
2026-09-28 13:20:43.555 
2026-09-28 13:20:43.555 ++++++++++++++++++++++++++++++++++++++++++++++++++++++++++++++++++++++++++++++++++++++++
2026-09-28 13:20:43.556 ++Proactor<s2>.process_message  [analog-temp/synced.readings]
2026-09-28 13:20:43.557   IN  internal     analog-temp to hw1.isone.me.versant.keene.maple.scada.s2     <-  [analog-temp/to/hw1.isone.me.versant.keene.maple.scada.s2/synced.readings]        SyncedReadings           
2026-09-28 13:20:43.557 ++Parentless.process_internal_message analog-temp/synced.readings
2026-09-28 13:20:43.558   OUT mqtt         analog-temp to s                                       ->  [gw/hw1-isone-me-versant-keene-maple-scada-s2/to/s/synced-readings]               SyncedReadings           
2026-09-28 13:20:43.559 --Parentless.process_internal_message  path:0x00000004
2026-09-28 13:20:43.560 --Proactor<s2>.process_message  path:0x00000401
2026-09-28 13:20:43.560 ----------------------------------------------------------------------------------------
2026-09-28 13:20:46.356 
2026-09-28 13:20:46.357 ++++++++++++++++++++++++++++++++++++++++++++++++++++++++++++++++++++++++++++++++++++++++
2026-09-28 13:20:46.358 ++Proactor<s2>.process_message  [analog-temp/synced.readings]
2026-09-28 13:20:46.358   IN  internal     analog-temp to hw1.isone.me.versant.keene.maple.scada.s2     <-  [analog-temp/to/hw1.isone.me.versant.keene.maple.scada.s2/synced.readings]        SyncedReadings           
2026-09-28 13:20:46.359 ++Parentless.process_internal_message analog-temp/synced.readings
2026-09-28 13:20:46.360   OUT mqtt         analog-temp to s                                       ->  [gw/hw1-isone-me-versant-keene-maple-scada-s2/to/s/synced-readings]               SyncedReadings           
2026-09-28 13:20:46.361 --Parentless.process_internal_message  path:0x00000004
2026-09-28 13:20:46.362 --Proactor<s2>.process_message  path:0x00000401
2026-09-28 13:20:46.362 ----------------------------------------------------------------------------------------
2026-09-28 13:20:49.744 
2026-09-28 13:20:49.744 ++++++++++++++++++++++++++++++++++++++++++++++++++++++++++++++++++++++++++++++++++++++++
2026-09-28 13:20:49.744 ++Proactor<s2>.process_message  [analog-temp/synced.readings]
2026-09-28 13:20:49.745   IN  internal     analog-temp to hw1.isone.me.versant.keene.maple.scada.s2     <-  [analog-temp/to/hw1.isone.me.versant.keene.maple.scada.s2/synced.readings]        SyncedReadings           
2026-09-28 13:20:49.745 ++Parentless.process_internal_message analog-temp/synced.readings
2026-09-28 13:20:49.745   OUT mqtt         analog-temp to s                                       ->  [gw/hw1-isone-me-versant-keene-maple-scada-s2/to/s/synced-readings]               SyncedReadings           
2026-09-28 13:20:49.746 --Parentless.process_internal_message  path:0x00000004
2026-09-28 13:20:49.746 --Proactor<s2>.process_message  path:0x00000401
2026-09-28 13:20:49.746 ----------------------------------------------------------------------------------------
2026-09-28 13:20:52.544 
2026-09-28 13:20:52.544 ++++++++++++++++++++++++++++++++++++++++++++++++++++++++++++++++++++++++++++++++++++++++
2026-09-28 13:20:52.544 ++Proactor<s2>.process_message  [analog-temp/synced.readings]
2026-09-28 13:20:52.545   IN  internal     analog-temp to hw1.isone.me.versant.keene.maple.scada.s2     <-  [analog-temp/to/hw1.isone.me.versant.keene.maple.scada.s2/synced.readings]        SyncedReadings           
2026-09-28 13:20:52.545 ++Parentless.process_internal_message analog-temp/synced.readings
2026-09-28 13:20:52.546   OUT mqtt         analog-temp to s                                       ->  [gw/hw1-isone-me-versant-keene-maple-scada-s2/to/s/synced-readings]               SyncedReadings           
2026-09-28 13:20:52.546 --Parentless.process_internal_message  path:0x00000004
2026-09-28 13:20:52.546 --Proactor<s2>.process_message  path:0x00000401
2026-09-28 13:20:52.546 ----------------------------------------------------------------------------------------
2026-09-28 13:21:01.953 
2026-09-28 13:21:01.953 ++++++++++++++++++++++++++++++++++++++++++++++++++++++++++++++++++++++++++++++++++++++++
2026-09-28 13:21:01.954 ++Proactor<s2>.process_message  [analog-temp/synced.readings]
2026-09-28 13:21:01.954   IN  internal     analog-temp to hw1.isone.me.versant.keene.maple.scada.s2     <-  [analog-temp/to/hw1.isone.me.versant.keene.maple.scada.s2/synced.readings]        SyncedReadings           
2026-09-28 13:21:01.954 ++Parentless.process_internal_message analog-temp/synced.readings
2026-09-28 13:21:01.955   OUT mqtt         analog-temp to s                                       ->  [gw/hw1-isone-me-versant-keene-maple-scada-s2/to/s/synced-readings]               SyncedReadings           
2026-09-28 13:21:01.955 --Parentless.process_internal_message  path:0x00000004
2026-09-28 13:21:01.955 --Proactor<s2>.process_message  path:0x00000401
2026-09-28 13:21:01.956 ----------------------------------------------------------------------------------------
2026-09-28 13:21:13.757 
2026-09-28 13:21:13.757 ++++++++++++++++++++++++++++++++++++++++++++++++++++++++++++++++++++++++++++++++++++++++
2026-09-28 13:21:13.757 ++Proactor<s2>.process_message  [analog-temp/synced.readings]
2026-09-28 13:21:13.757   IN  internal     analog-temp to hw1.isone.me.versant.keene.maple.scada.s2     <-  [analog-temp/to/hw1.isone.me.versant.keene.maple.scada.s2/synced.readings]        SyncedReadings           
2026-09-28 13:21:13.758 ++Parentless.process_internal_message analog-temp/synced.readings
2026-09-28 13:21:13.758   OUT mqtt         analog-temp to s                                       ->  [gw/hw1-isone-me-versant-keene-maple-scada-s2/to/s/synced-readings]               SyncedReadings           
2026-09-28 13:21:13.759 --Parentless.process_internal_message  path:0x00000004
2026-09-28 13:21:13.759 --Proactor<s2>.process_message  path:0x00000401
2026-09-28 13:21:13.759 ----------------------------------------------------------------------------------------
2026-09-28 13:21:16.757 
2026-09-28 13:21:16.758 ++++++++++++++++++++++++++++++++++++++++++++++++++++++++++++++++++++++++++++++++++++++++
2026-09-28 13:21:16.758 ++Proactor<s2>.process_message  [analog-temp/synced.readings]
2026-09-28 13:21:16.758   IN  internal     analog-temp to hw1.isone.me.versant.keene.maple.scada.s2     <-  [analog-temp/to/hw1.isone.me.versant.keene.maple.scada.s2/synced.readings]        SyncedReadings           
2026-09-28 13:21:16.758 ++Parentless.process_internal_message analog-temp/synced.readings
2026-09-28 13:21:16.759   OUT mqtt         analog-temp to s                                       ->  [gw/hw1-isone-me-versant-keene-maple-scada-s2/to/s/synced-readings]               SyncedReadings           
2026-09-28 13:21:16.759 --Parentless.process_internal_message  path:0x00000004
2026-09-28 13:21:16.760 --Proactor<s2>.process_message  path:0x00000401
2026-09-28 13:21:16.760 ----------------------------------------------------------------------------------------
2026-09-28 13:21:25.563 
2026-09-28 13:21:25.564 ++++++++++++++++++++++++++++++++++++++++++++++++++++++++++++++++++++++++++++++++++++++++
2026-09-28 13:21:25.564 ++Proactor<s2>.process_message  [analog-temp/synced.readings]
2026-09-28 13:21:25.564   IN  internal     analog-temp to hw1.isone.me.versant.keene.maple.scada.s2     <-  [analog-temp/to/hw1.isone.me.versant.keene.maple.scada.s2/synced.readings]        SyncedReadings           
2026-09-28 13:21:25.564 ++Parentless.process_internal_message analog-temp/synced.readings
2026-09-28 13:21:25.565   OUT mqtt         analog-temp to s                                       ->  [gw/hw1-isone-me-versant-keene-maple-scada-s2/to/s/synced-readings]               SyncedReadings           
2026-09-28 13:21:25.565 --Parentless.process_internal_message  path:0x00000004
2026-09-28 13:21:25.566 --Proactor<s2>.process_message  path:0x00000401
2026-09-28 13:21:25.566 ----------------------------------------------------------------------------------------
2026-09-28 13:21:26.366 
2026-09-28 13:21:26.367 ++++++++++++++++++++++++++++++++++++++++++++++++++++++++++++++++++++++++++++++++++++++++
2026-09-28 13:21:26.367 ++Proactor<s2>.process_message  [analog-temp/synced.readings]
2026-09-28 13:21:26.368   IN  internal     analog-temp to hw1.isone.me.versant.keene.maple.scada.s2     <-  [analog-temp/to/hw1.isone.me.versant.keene.maple.scada.s2/synced.readings]        SyncedReadings           
2026-09-28 13:21:26.368 ++Parentless.process_internal_message analog-temp/synced.readings
2026-09-28 13:21:26.369   OUT mqtt         analog-temp to s                                       ->  [gw/hw1-isone-me-versant-keene-maple-scada-s2/to/s/synced-readings]               SyncedReadings           
2026-09-28 13:21:26.370 --Parentless.process_internal_message  path:0x00000004
2026-09-28 13:21:26.371 --Proactor<s2>.process_message  path:0x00000401
2026-09-28 13:21:26.372 ----------------------------------------------------------------------------------------
2026-09-28 13:21:30.365 
2026-09-28 13:21:30.365 ++++++++++++++++++++++++++++++++++++++++++++++++++++++++++++++++++++++++++++++++++++++++
2026-09-28 13:21:30.365 ++Proactor<s2>.process_message  [analog-temp/synced.readings]
2026-09-28 13:21:30.365   IN  internal     analog-temp to hw1.isone.me.versant.keene.maple.scada.s2     <-  [analog-temp/to/hw1.isone.me.versant.keene.maple.scada.s2/synced.readings]        SyncedReadings           
2026-09-28 13:21:30.366 ++Parentless.process_internal_message analog-temp/synced.readings
2026-09-28 13:21:30.366   OUT mqtt         analog-temp to s                                       ->  [gw/hw1-isone-me-versant-keene-maple-scada-s2/to/s/synced-readings]               SyncedReadings           
2026-09-28 13:21:30.367 --Parentless.process_internal_message  path:0x00000004
2026-09-28 13:21:30.367 --Proactor<s2>.process_message  path:0x00000401
2026-09-28 13:21:30.367 ----------------------------------------------------------------------------------------
2026-09-28 13:21:33.701 
2026-09-28 13:21:33.701 ++++++++++++++++++++++++++++++++++++++++++++++++++++++++++++++++++++++++++++++++++++++++
2026-09-28 13:21:33.702 ++Proactor<s2>.process_message  [gridworks-ping]
2026-09-28 13:21:33.702 ++Proactor<s2>._process_mqtt_message mqtt_clients/mqtt_message
2026-09-28 13:21:33.703   IN  mqtt         hw1.isone.me.versant.keene.maple.scada to s2           <-  [gw/hw1-isone-me-versant-keene-maple-scada/to/s2/gridworks-ping]                  Ping                      d5582cd6...
2026-09-28 13:21:33.705   OUT mqtt         hw1.isone.me.versant.keene.maple.scada.s2 to s         ->  [gw/hw1-isone-me-versant-keene-maple-scada-s2/to/s/gridworks-ack]                 Ack                       d5582cd6...
2026-09-28 13:21:33.706 --Proactor<s2>._process_mqtt_message:1  path:0x00000223
2026-09-28 13:21:33.707 --Proactor<s2>.process_message  path:0x00000002
2026-09-28 13:21:33.708 ----------------------------------------------------------------------------------------
2026-09-28 13:21:42.589 
2026-09-28 13:21:42.590 ++++++++++++++++++++++++++++++++++++++++++++++++++++++++++++++++++++++++++++++++++++++++
2026-09-28 13:21:42.590 ++Proactor<s2>.process_message  [analog-temp/synced.readings]
2026-09-28 13:21:42.591   IN  internal     analog-temp to hw1.isone.me.versant.keene.maple.scada.s2     <-  [analog-temp/to/hw1.isone.me.versant.keene.maple.scada.s2/synced.readings]        SyncedReadings           
2026-09-28 13:21:42.592 ++Parentless.process_internal_message analog-temp/synced.readings
2026-09-28 13:21:42.593   OUT mqtt         analog-temp to s                                       ->  [gw/hw1-isone-me-versant-keene-maple-scada-s2/to/s/synced-readings]               SyncedReadings           
2026-09-28 13:21:42.594 --Parentless.process_internal_message  path:0x00000004
2026-09-28 13:21:42.595 --Proactor<s2>.process_message  path:0x00000401
2026-09-28 13:21:42.596 ----------------------------------------------------------------------------------------
2026-09-28 13:21:45.590 
2026-09-28 13:21:45.591 ++++++++++++++++++++++++++++++++++++++++++++++++++++++++++++++++++++++++++++++++++++++++
2026-09-28 13:21:45.591 ++Proactor<s2>.process_message  [analog-temp/synced.readings]
2026-09-28 13:21:45.592   IN  internal     analog-temp to hw1.isone.me.versant.keene.maple.scada.s2     <-  [analog-temp/to/hw1.isone.me.versant.keene.maple.scada.s2/synced.readings]        SyncedReadings           
2026-09-28 13:21:45.593 ++Parentless.process_internal_message analog-temp/synced.readings
2026-09-28 13:21:45.594   OUT mqtt         analog-temp to s                                       ->  [gw/hw1-isone-me-versant-keene-maple-scada-s2/to/s/synced-readings]               SyncedReadings           
2026-09-28 13:21:45.595 --Parentless.process_internal_message  path:0x00000004
2026-09-28 13:21:45.595 --Proactor<s2>.process_message  path:0x00000401
2026-09-28 13:21:45.596 ----------------------------------------------------------------------------------------
2026-09-28 13:21:47.991 
2026-09-28 13:21:47.992 ++++++++++++++++++++++++++++++++++++++++++++++++++++++++++++++++++++++++++++++++++++++++
2026-09-28 13:21:47.992 ++Proactor<s2>.process_message  [analog-temp/synced.readings]
2026-09-28 13:21:47.993   IN  internal     analog-temp to hw1.isone.me.versant.keene.maple.scada.s2     <-  [analog-temp/to/hw1.isone.me.versant.keene.maple.scada.s2/synced.readings]        SyncedReadings           
2026-09-28 13:21:47.994 ++Parentless.process_internal_message analog-temp/synced.readings
2026-09-28 13:21:47.995   OUT mqtt         analog-temp to s                                       ->  [gw/hw1-isone-me-versant-keene-maple-scada-s2/to/s/synced-readings]               SyncedReadings           
2026-09-28 13:21:47.996 --Parentless.process_internal_message  path:0x00000004
2026-09-28 13:21:47.997 --Proactor<s2>.process_message  path:0x00000401
2026-09-28 13:21:47.997 ----------------------------------------------------------------------------------------
2026-09-28 13:21:54.796 
2026-09-28 13:21:54.796 ++++++++++++++++++++++++++++++++++++++++++++++++++++++++++++++++++++++++++++++++++++++++
2026-09-28 13:21:54.797 ++Proactor<s2>.process_message  [analog-temp/synced.readings]
2026-09-28 13:21:54.797   IN  internal     analog-temp to hw1.isone.me.versant.keene.maple.scada.s2     <-  [analog-temp/to/hw1.isone.me.versant.keene.maple.scada.s2/synced.readings]        SyncedReadings           
2026-09-28 13:21:54.798 ++Parentless.process_internal_message analog-temp/synced.readings
2026-09-28 13:21:54.799   OUT mqtt         analog-temp to s                                       ->  [gw/hw1-isone-me-versant-keene-maple-scada-s2/to/s/synced-readings]               SyncedReadings           
2026-09-28 13:21:54.800 --Parentless.process_internal_message  path:0x00000004
2026-09-28 13:21:54.801 --Proactor<s2>.process_message  path:0x00000401
2026-09-28 13:21:54.801 ----------------------------------------------------------------------------------------
2026-09-28 13:21:55.996 
2026-09-28 13:21:55.997 ++++++++++++++++++++++++++++++++++++++++++++++++++++++++++++++++++++++++++++++++++++++++
2026-09-28 13:21:55.997 ++Proactor<s2>.process_message  [analog-temp/synced.readings]
2026-09-28 13:21:55.998   IN  internal     analog-temp to hw1.isone.me.versant.keene.maple.scada.s2     <-  [analog-temp/to/hw1.isone.me.versant.keene.maple.scada.s2/synced.readings]        SyncedReadings           
2026-09-28 13:21:55.999 ++Parentless.process_internal_message analog-temp/synced.readings
2026-09-28 13:21:56.000   OUT mqtt         analog-temp to s                                       ->  [gw/hw1-isone-me-versant-keene-maple-scada-s2/to/s/synced-readings]               SyncedReadings           
2026-09-28 13:21:56.001 --Parentless.process_internal_message  path:0x00000004
2026-09-28 13:21:56.001 --Proactor<s2>.process_message  path:0x00000401
2026-09-28 13:21:56.002 ----------------------------------------------------------------------------------------
2026-09-28 13:21:58.398 
2026-09-28 13:21:58.399 ++++++++++++++++++++++++++++++++++++++++++++++++++++++++++++++++++++++++++++++++++++++++
2026-09-28 13:21:58.399 ++Proactor<s2>.process_message  [analog-temp/synced.readings]
2026-09-28 13:21:58.400   IN  internal     analog-temp to hw1.isone.me.versant.keene.maple.scada.s2     <-  [analog-temp/to/hw1.isone.me.versant.keene.maple.scada.s2/synced.readings]        SyncedReadings           
2026-09-28 13:21:58.400 ++Parentless.process_internal_message analog-temp/synced.readings
2026-09-28 13:21:58.402   OUT mqtt         analog-temp to s                                       ->  [gw/hw1-isone-me-versant-keene-maple-scada-s2/to/s/synced-readings]               SyncedReadings           
2026-09-28 13:21:58.402 --Parentless.process_internal_message  path:0x00000004
2026-09-28 13:21:58.403 --Proactor<s2>.process_message  path:0x00000401
2026-09-28 13:21:58.404 ----------------------------------------------------------------------------------------
2026-09-28 13:21:59.199 
2026-09-28 13:21:59.200 ++++++++++++++++++++++++++++++++++++++++++++++++++++++++++++++++++++++++++++++++++++++++
2026-09-28 13:21:59.200 ++Proactor<s2>.process_message  [analog-temp/synced.readings]
2026-09-28 13:21:59.201   IN  internal     analog-temp to hw1.isone.me.versant.keene.maple.scada.s2     <-  [analog-temp/to/hw1.isone.me.versant.keene.maple.scada.s2/synced.readings]        SyncedReadings           
2026-09-28 13:21:59.201 ++Parentless.process_internal_message analog-temp/synced.readings
2026-09-28 13:21:59.202   OUT mqtt         analog-temp to s                                       ->  [gw/hw1-isone-me-versant-keene-maple-scada-s2/to/s/synced-readings]               SyncedReadings           
2026-09-28 13:21:59.203 --Parentless.process_internal_message  path:0x00000004
2026-09-28 13:21:59.204 --Proactor<s2>.process_message  path:0x00000401
2026-09-28 13:21:59.204 ----------------------------------------------------------------------------------------
2026-09-28 13:22:01.986 
2026-09-28 13:22:01.986 ++++++++++++++++++++++++++++++++++++++++++++++++++++++++++++++++++++++++++++++++++++++++
2026-09-28 13:22:01.986 ++Proactor<s2>.process_message  [analog-temp/synced.readings]
2026-09-28 13:22:01.986   IN  internal     analog-temp to hw1.isone.me.versant.keene.maple.scada.s2     <-  [analog-temp/to/hw1.isone.me.versant.keene.maple.scada.s2/synced.readings]        SyncedReadings           
2026-09-28 13:22:01.987 ++Parentless.process_internal_message analog-temp/synced.readings
2026-09-28 13:22:01.987   OUT mqtt         analog-temp to s                                       ->  [gw/hw1-isone-me-versant-keene-maple-scada-s2/to/s/synced-readings]               SyncedReadings           
2026-09-28 13:22:01.988 --Parentless.process_internal_message  path:0x00000004
2026-09-28 13:22:01.988 --Proactor<s2>.process_message  path:0x00000401
2026-09-28 13:22:01.988 ----------------------------------------------------------------------------------------
2026-09-28 13:22:02.588 
2026-09-28 13:22:02.588 ++++++++++++++++++++++++++++++++++++++++++++++++++++++++++++++++++++++++++++++++++++++++
2026-09-28 13:22:02.588 ++Proactor<s2>.process_message  [analog-temp/synced.readings]
2026-09-28 13:22:02.588   IN  internal     analog-temp to hw1.isone.me.versant.keene.maple.scada.s2     <-  [analog-temp/to/hw1.isone.me.versant.keene.maple.scada.s2/synced.readings]        SyncedReadings           
2026-09-28 13:22:02.589 ++Parentless.process_internal_message analog-temp/synced.readings
2026-09-28 13:22:02.589   OUT mqtt         analog-temp to s                                       ->  [gw/hw1-isone-me-versant-keene-maple-scada-s2/to/s/synced-readings]               SyncedReadings           
2026-09-28 13:22:02.590 --Parentless.process_internal_message  path:0x00000004
2026-09-28 13:22:02.590 --Proactor<s2>.process_message  path:0x00000401
2026-09-28 13:22:02.590 ----------------------------------------------------------------------------------------
2026-09-28 13:22:05.990 
2026-09-28 13:22:05.990 ++++++++++++++++++++++++++++++++++++++++++++++++++++++++++++++++++++++++++++++++++++++++
2026-09-28 13:22:05.990 ++Proactor<s2>.process_message  [analog-temp/synced.readings]
2026-09-28 13:22:05.991   IN  internal     analog-temp to hw1.isone.me.versant.keene.maple.scada.s2     <-  [analog-temp/to/hw1.isone.me.versant.keene.maple.scada.s2/synced.readings]        SyncedReadings           
2026-09-28 13:22:05.991 ++Parentless.process_internal_message analog-temp/synced.readings
2026-09-28 13:22:05.991   OUT mqtt         analog-temp to s                                       ->  [gw/hw1-isone-me-versant-keene-maple-scada-s2/to/s/synced-readings]               SyncedReadings           
2026-09-28 13:22:05.992 --Parentless.process_internal_message  path:0x00000004
2026-09-28 13:22:05.992 --Proactor<s2>.process_message  path:0x00000401
2026-09-28 13:22:05.992 ----------------------------------------------------------------------------------------
2026-09-28 13:22:11.809 
2026-09-28 13:22:11.810 ++++++++++++++++++++++++++++++++++++++++++++++++++++++++++++++++++++++++++++++++++++++++
2026-09-28 13:22:11.810 ++Proactor<s2>.process_message  [analog-temp/synced.readings]
2026-09-28 13:22:11.811   IN  internal     analog-temp to hw1.isone.me.versant.keene.maple.scada.s2     <-  [analog-temp/to/hw1.isone.me.versant.keene.maple.scada.s2/synced.readings]        SyncedReadings           
2026-09-28 13:22:11.811 ++Parentless.process_internal_message analog-temp/synced.readings
2026-09-28 13:22:11.813   OUT mqtt         analog-temp to s                                       ->  [gw/hw1-isone-me-versant-keene-maple-scada-s2/to/s/synced-readings]               SyncedReadings           
2026-09-28 13:22:11.814 --Parentless.process_internal_message  path:0x00000004
2026-09-28 13:22:11.814 --Proactor<s2>.process_message  path:0x00000401
2026-09-28 13:22:11.814 ----------------------------------------------------------------------------------------
2026-09-28 13:22:14.396 
2026-09-28 13:22:14.396 ++++++++++++++++++++++++++++++++++++++++++++++++++++++++++++++++++++++++++++++++++++++++
2026-09-28 13:22:14.396 ++Proactor<s2>.process_message  [analog-temp/synced.readings]
2026-09-28 13:22:14.397   IN  internal     analog-temp to hw1.isone.me.versant.keene.maple.scada.s2     <-  [analog-temp/to/hw1.isone.me.versant.keene.maple.scada.s2/synced.readings]        SyncedReadings           
2026-09-28 13:22:14.397 ++Parentless.process_internal_message analog-temp/synced.readings
2026-09-28 13:22:14.397   OUT mqtt         analog-temp to s                                       ->  [gw/hw1-isone-me-versant-keene-maple-scada-s2/to/s/synced-readings]               SyncedReadings           
2026-09-28 13:22:14.398 --Parentless.process_internal_message  path:0x00000004
2026-09-28 13:22:14.398 --Proactor<s2>.process_message  path:0x00000401
2026-09-28 13:22:14.398 ----------------------------------------------------------------------------------------
2026-09-28 13:22:15.195 
2026-09-28 13:22:15.196 ++++++++++++++++++++++++++++++++++++++++++++++++++++++++++++++++++++++++++++++++++++++++
2026-09-28 13:22:15.196 ++Proactor<s2>.process_message  [analog-temp/synced.readings]
2026-09-28 13:22:15.196   IN  internal     analog-temp to hw1.isone.me.versant.keene.maple.scada.s2     <-  [analog-temp/to/hw1.isone.me.versant.keene.maple.scada.s2/synced.readings]        SyncedReadings           
2026-09-28 13:22:15.196 ++Parentless.process_internal_message analog-temp/synced.readings
2026-09-28 13:22:15.197   OUT mqtt         analog-temp to s                                       ->  [gw/hw1-isone-me-versant-keene-maple-scada-s2/to/s/synced-readings]               SyncedReadings           
2026-09-28 13:22:15.197 --Parentless.process_internal_message  path:0x00000004
2026-09-28 13:22:15.198 --Proactor<s2>.process_message  path:0x00000401
2026-09-28 13:22:15.198 ----------------------------------------------------------------------------------------
2026-09-28 13:22:18.197 
2026-09-28 13:22:18.197 ++++++++++++++++++++++++++++++++++++++++++++++++++++++++++++++++++++++++++++++++++++++++
2026-09-28 13:22:18.197 ++Proactor<s2>.process_message  [analog-temp/synced.readings]
2026-09-28 13:22:18.197   IN  internal     analog-temp to hw1.isone.me.versant.keene.maple.scada.s2     <-  [analog-temp/to/hw1.isone.me.versant.keene.maple.scada.s2/synced.readings]        SyncedReadings           
2026-09-28 13:22:18.198 ++Parentless.process_internal_message analog-temp/synced.readings
2026-09-28 13:22:18.198   OUT mqtt         analog-temp to s                                       ->  [gw/hw1-isone-me-versant-keene-maple-scada-s2/to/s/synced-readings]               SyncedReadings           
2026-09-28 13:22:18.199 --Parentless.process_internal_message  path:0x00000004
2026-09-28 13:22:18.199 --Proactor<s2>.process_message  path:0x00000401
2026-09-28 13:22:18.199 ----------------------------------------------------------------------------------------
2026-09-28 13:22:25.018 
2026-09-28 13:22:25.019 ++++++++++++++++++++++++++++++++++++++++++++++++++++++++++++++++++++++++++++++++++++++++
2026-09-28 13:22:25.019 ++Proactor<s2>.process_message  [analog-temp/synced.readings]
2026-09-28 13:22:25.020   IN  internal     analog-temp to hw1.isone.me.versant.keene.maple.scada.s2     <-  [analog-temp/to/hw1.isone.me.versant.keene.maple.scada.s2/synced.readings]        SyncedReadings           
2026-09-28 13:22:25.020 ++Parentless.process_internal_message analog-temp/synced.readings
2026-09-28 13:22:25.022   OUT mqtt         analog-temp to s                                       ->  [gw/hw1-isone-me-versant-keene-maple-scada-s2/to/s/synced-readings]               SyncedReadings           
2026-09-28 13:22:25.022 --Parentless.process_internal_message  path:0x00000004
2026-09-28 13:22:25.023 --Proactor<s2>.process_message  path:0x00000401
2026-09-28 13:22:25.023 ----------------------------------------------------------------------------------------
2026-09-28 13:22:26.603 
2026-09-28 13:22:26.603 ++++++++++++++++++++++++++++++++++++++++++++++++++++++++++++++++++++++++++++++++++++++++
2026-09-28 13:22:26.603 ++Proactor<s2>.process_message  [analog-temp/synced.readings]
2026-09-28 13:22:26.604   IN  internal     analog-temp to hw1.isone.me.versant.keene.maple.scada.s2     <-  [analog-temp/to/hw1.isone.me.versant.keene.maple.scada.s2/synced.readings]        SyncedReadings           
2026-09-28 13:22:26.604 ++Parentless.process_internal_message analog-temp/synced.readings
2026-09-28 13:22:26.604   OUT mqtt         analog-temp to s                                       ->  [gw/hw1-isone-me-versant-keene-maple-scada-s2/to/s/synced-readings]               SyncedReadings           
2026-09-28 13:22:26.605 --Parentless.process_internal_message  path:0x00000004
2026-09-28 13:22:26.605 --Proactor<s2>.process_message  path:0x00000401
2026-09-28 13:22:26.605 ----------------------------------------------------------------------------------------
2026-09-28 13:22:34.329 
2026-09-28 13:22:34.330 ++++++++++++++++++++++++++++++++++++++++++++++++++++++++++++++++++++++++++++++++++++++++
2026-09-28 13:22:34.330 ++Proactor<s2>.process_message  [gridworks-ping]
2026-09-28 13:22:34.331 ++Proactor<s2>._process_mqtt_message mqtt_clients/mqtt_message
2026-09-28 13:22:34.332   IN  mqtt         hw1.isone.me.versant.keene.maple.scada to s2           <-  [gw/hw1-isone-me-versant-keene-maple-scada/to/s2/gridworks-ping]                  Ping                      ed06c3a9...
2026-09-28 13:22:34.334   OUT mqtt         hw1.isone.me.versant.keene.maple.scada.s2 to s         ->  [gw/hw1-isone-me-versant-keene-maple-scada-s2/to/s/gridworks-ack]                 Ack                       ed06c3a9...
2026-09-28 13:22:34.335 --Proactor<s2>._process_mqtt_message:1  path:0x00000223
2026-09-28 13:22:34.336 --Proactor<s2>.process_message  path:0x00000002
2026-09-28 13:22:34.337 ----------------------------------------------------------------------------------------
2026-09-28 13:22:35.423 
2026-09-28 13:22:35.423 ++++++++++++++++++++++++++++++++++++++++++++++++++++++++++++++++++++++++++++++++++++++++
2026-09-28 13:22:35.424 ++Proactor<s2>.process_message  [analog-temp/synced.readings]
2026-09-28 13:22:35.425   IN  internal     analog-temp to hw1.isone.me.versant.keene.maple.scada.s2     <-  [analog-temp/to/hw1.isone.me.versant.keene.maple.scada.s2/synced.readings]        SyncedReadings           
2026-09-28 13:22:35.425 ++Parentless.process_internal_message analog-temp/synced.readings
2026-09-28 13:22:35.427   OUT mqtt         analog-temp to s                                       ->  [gw/hw1-isone-me-versant-keene-maple-scada-s2/to/s/synced-readings]               SyncedReadings           
2026-09-28 13:22:35.428 --Parentless.process_internal_message  path:0x00000004
2026-09-28 13:22:35.428 --Proactor<s2>.process_message  path:0x00000401
2026-09-28 13:22:35.429 ----------------------------------------------------------------------------------------
2026-09-28 13:22:37.823 
2026-09-28 13:22:37.823 ++++++++++++++++++++++++++++++++++++++++++++++++++++++++++++++++++++++++++++++++++++++++
2026-09-28 13:22:37.824 ++Proactor<s2>.process_message  [analog-temp/synced.readings]
2026-09-28 13:22:37.824   IN  internal     analog-temp to hw1.isone.me.versant.keene.maple.scada.s2     <-  [analog-temp/to/hw1.isone.me.versant.keene.maple.scada.s2/synced.readings]        SyncedReadings           
2026-09-28 13:22:37.825 ++Parentless.process_internal_message analog-temp/synced.readings
2026-09-28 13:22:37.826   OUT mqtt         analog-temp to s                                       ->  [gw/hw1-isone-me-versant-keene-maple-scada-s2/to/s/synced-readings]               SyncedReadings           
2026-09-28 13:22:37.827 --Parentless.process_internal_message  path:0x00000004
2026-09-28 13:22:37.828 --Proactor<s2>.process_message  path:0x00000401
2026-09-28 13:22:37.828 ----------------------------------------------------------------------------------------
2026-09-28 13:22:40.209 
2026-09-28 13:22:40.210 ++++++++++++++++++++++++++++++++++++++++++++++++++++++++++++++++++++++++++++++++++++++++
2026-09-28 13:22:40.210 ++Proactor<s2>.process_message  [analog-temp/synced.readings]
2026-09-28 13:22:40.210   IN  internal     analog-temp to hw1.isone.me.versant.keene.maple.scada.s2     <-  [analog-temp/to/hw1.isone.me.versant.keene.maple.scada.s2/synced.readings]        SyncedReadings           
2026-09-28 13:22:40.210 ++Parentless.process_internal_message analog-temp/synced.readings
2026-09-28 13:22:40.211   OUT mqtt         analog-temp to s                                       ->  [gw/hw1-isone-me-versant-keene-maple-scada-s2/to/s/synced-readings]               SyncedReadings           
2026-09-28 13:22:40.211 --Parentless.process_internal_message  path:0x00000004
2026-09-28 13:22:40.212 --Proactor<s2>.process_message  path:0x00000401
2026-09-28 13:22:40.212 ----------------------------------------------------------------------------------------
2026-09-28 13:22:42.210 
2026-09-28 13:22:42.210 ++++++++++++++++++++++++++++++++++++++++++++++++++++++++++++++++++++++++++++++++++++++++
2026-09-28 13:22:42.210 ++Proactor<s2>.process_message  [analog-temp/synced.readings]
2026-09-28 13:22:42.211   IN  internal     analog-temp to hw1.isone.me.versant.keene.maple.scada.s2     <-  [analog-temp/to/hw1.isone.me.versant.keene.maple.scada.s2/synced.readings]        SyncedReadings           
2026-09-28 13:22:42.211 ++Parentless.process_internal_message analog-temp/synced.readings
2026-09-28 13:22:42.212   OUT mqtt         analog-temp to s                                       ->  [gw/hw1-isone-me-versant-keene-maple-scada-s2/to/s/synced-readings]               SyncedReadings           
2026-09-28 13:22:42.212 --Parentless.process_internal_message  path:0x00000004
2026-09-28 13:22:42.212 --Proactor<s2>.process_message  path:0x00000401
2026-09-28 13:22:42.212 ----------------------------------------------------------------------------------------
2026-09-28 13:22:48.629 
2026-09-28 13:22:48.630 ++++++++++++++++++++++++++++++++++++++++++++++++++++++++++++++++++++++++++++++++++++++++
2026-09-28 13:22:48.630 ++Proactor<s2>.process_message  [analog-temp/synced.readings]
2026-09-28 13:22:48.631   IN  internal     analog-temp to hw1.isone.me.versant.keene.maple.scada.s2     <-  [analog-temp/to/hw1.isone.me.versant.keene.maple.scada.s2/synced.readings]        SyncedReadings           
2026-09-28 13:22:48.631 ++Parentless.process_internal_message analog-temp/synced.readings
2026-09-28 13:22:48.633   OUT mqtt         analog-temp to s                                       ->  [gw/hw1-isone-me-versant-keene-maple-scada-s2/to/s/synced-readings]               SyncedReadings           
2026-09-28 13:22:48.634 --Parentless.process_internal_message  path:0x00000004
2026-09-28 13:22:48.634 --Proactor<s2>.process_message  path:0x00000401
2026-09-28 13:22:48.635 ----------------------------------------------------------------------------------------
2026-09-28 13:22:50.823 
2026-09-28 13:22:50.824 ++++++++++++++++++++++++++++++++++++++++++++++++++++++++++++++++++++++++++++++++++++++++
2026-09-28 13:22:50.824 ++Proactor<s2>.process_message  [analog-temp/synced.readings]
2026-09-28 13:22:50.825   IN  internal     analog-temp to hw1.isone.me.versant.keene.maple.scada.s2     <-  [analog-temp/to/hw1.isone.me.versant.keene.maple.scada.s2/synced.readings]        SyncedReadings           
2026-09-28 13:22:50.825 ++Parentless.process_internal_message analog-temp/synced.readings
2026-09-28 13:22:50.826   OUT mqtt         analog-temp to s                                       ->  [gw/hw1-isone-me-versant-keene-maple-scada-s2/to/s/synced-readings]               SyncedReadings           
2026-09-28 13:22:50.827 --Parentless.process_internal_message  path:0x00000004
2026-09-28 13:22:50.827 --Proactor<s2>.process_message  path:0x00000401
2026-09-28 13:22:50.828 ----------------------------------------------------------------------------------------
2026-09-28 13:22:52.016 
2026-09-28 13:22:52.016 ++++++++++++++++++++++++++++++++++++++++++++++++++++++++++++++++++++++++++++++++++++++++
2026-09-28 13:22:52.017 ++Proactor<s2>.process_message  [analog-temp/synced.readings]
2026-09-28 13:22:52.017   IN  internal     analog-temp to hw1.isone.me.versant.keene.maple.scada.s2     <-  [analog-temp/to/hw1.isone.me.versant.keene.maple.scada.s2/synced.readings]        SyncedReadings           
2026-09-28 13:22:52.017 ++Parentless.process_internal_message analog-temp/synced.readings
2026-09-28 13:22:52.018   OUT mqtt         analog-temp to s                                       ->  [gw/hw1-isone-me-versant-keene-maple-scada-s2/to/s/synced-readings]               SyncedReadings           
2026-09-28 13:22:52.018 --Parentless.process_internal_message  path:0x00000004
2026-09-28 13:22:52.018 --Proactor<s2>.process_message  path:0x00000401
2026-09-28 13:22:52.018 ----------------------------------------------------------------------------------------
2026-09-28 13:22:54.417 
2026-09-28 13:22:54.417 ++++++++++++++++++++++++++++++++++++++++++++++++++++++++++++++++++++++++++++++++++++++++
2026-09-28 13:22:54.417 ++Proactor<s2>.process_message  [analog-temp/synced.readings]
2026-09-28 13:22:54.418   IN  internal     analog-temp to hw1.isone.me.versant.keene.maple.scada.s2     <-  [analog-temp/to/hw1.isone.me.versant.keene.maple.scada.s2/synced.readings]        SyncedReadings           
2026-09-28 13:22:54.418 ++Parentless.process_internal_message analog-temp/synced.readings
2026-09-28 13:22:54.418   OUT mqtt         analog-temp to s                                       ->  [gw/hw1-isone-me-versant-keene-maple-scada-s2/to/s/synced-readings]               SyncedReadings           
2026-09-28 13:22:54.419 --Parentless.process_internal_message  path:0x00000004
2026-09-28 13:22:54.419 --Proactor<s2>.process_message  path:0x00000401
2026-09-28 13:22:54.419 ----------------------------------------------------------------------------------------
2026-09-28 13:23:02.038 
2026-09-28 13:23:02.038 ++++++++++++++++++++++++++++++++++++++++++++++++++++++++++++++++++++++++++++++++++++++++
2026-09-28 13:23:02.039 ++Proactor<s2>.process_message  [analog-temp/synced.readings]
2026-09-28 13:23:02.040   IN  internal     analog-temp to hw1.isone.me.versant.keene.maple.scada.s2     <-  [analog-temp/to/hw1.isone.me.versant.keene.maple.scada.s2/synced.readings]        SyncedReadings           
2026-09-28 13:23:02.040 ++Parentless.process_internal_message analog-temp/synced.readings
2026-09-28 13:23:02.042   OUT mqtt         analog-temp to s                                       ->  [gw/hw1-isone-me-versant-keene-maple-scada-s2/to/s/synced-readings]               SyncedReadings           
2026-09-28 13:23:02.043 --Parentless.process_internal_message  path:0x00000004
2026-09-28 13:23:02.044 --Proactor<s2>.process_message  path:0x00000401
2026-09-28 13:23:02.044 ----------------------------------------------------------------------------------------
2026-09-28 13:23:02.823 
2026-09-28 13:23:02.823 ++++++++++++++++++++++++++++++++++++++++++++++++++++++++++++++++++++++++++++++++++++++++
2026-09-28 13:23:02.823 ++Proactor<s2>.process_message  [analog-temp/synced.readings]
2026-09-28 13:23:02.824   IN  internal     analog-temp to hw1.isone.me.versant.keene.maple.scada.s2     <-  [analog-temp/to/hw1.isone.me.versant.keene.maple.scada.s2/synced.readings]        SyncedReadings           
2026-09-28 13:23:02.824 ++Parentless.process_internal_message analog-temp/synced.readings
2026-09-28 13:23:02.824   OUT mqtt         analog-temp to s                                       ->  [gw/hw1-isone-me-versant-keene-maple-scada-s2/to/s/synced-readings]               SyncedReadings           
2026-09-28 13:23:02.825 --Parentless.process_internal_message  path:0x00000004
2026-09-28 13:23:02.825 --Proactor<s2>.process_message  path:0x00000401
2026-09-28 13:23:02.825 ----------------------------------------------------------------------------------------
2026-09-28 13:23:03.625 
2026-09-28 13:23:03.625 ++++++++++++++++++++++++++++++++++++++++++++++++++++++++++++++++++++++++++++++++++++++++
2026-09-28 13:23:03.625 ++Proactor<s2>.process_message  [analog-temp/synced.readings]
2026-09-28 13:23:03.626   IN  internal     analog-temp to hw1.isone.me.versant.keene.maple.scada.s2     <-  [analog-temp/to/hw1.isone.me.versant.keene.maple.scada.s2/synced.readings]        SyncedReadings           
2026-09-28 13:23:03.626 ++Parentless.process_internal_message analog-temp/synced.readings
2026-09-28 13:23:03.626   OUT mqtt         analog-temp to s                                       ->  [gw/hw1-isone-me-versant-keene-maple-scada-s2/to/s/synced-readings]               SyncedReadings           
2026-09-28 13:23:03.627 --Parentless.process_internal_message  path:0x00000004
2026-09-28 13:23:03.627 --Proactor<s2>.process_message  path:0x00000401
2026-09-28 13:23:03.627 ----------------------------------------------------------------------------------------
2026-09-28 13:23:13.644 
2026-09-28 13:23:13.644 ++++++++++++++++++++++++++++++++++++++++++++++++++++++++++++++++++++++++++++++++++++++++
2026-09-28 13:23:13.645 ++Proactor<s2>.process_message  [analog-temp/synced.readings]
2026-09-28 13:23:13.645   IN  internal     analog-temp to hw1.isone.me.versant.keene.maple.scada.s2     <-  [analog-temp/to/hw1.isone.me.versant.keene.maple.scada.s2/synced.readings]        SyncedReadings           
2026-09-28 13:23:13.646 ++Parentless.process_internal_message analog-temp/synced.readings
2026-09-28 13:23:13.647   OUT mqtt         analog-temp to s                                       ->  [gw/hw1-isone-me-versant-keene-maple-scada-s2/to/s/synced-readings]               SyncedReadings           
2026-09-28 13:23:13.648 --Parentless.process_internal_message  path:0x00000004
2026-09-28 13:23:13.649 --Proactor<s2>.process_message  path:0x00000401
2026-09-28 13:23:13.649 ----------------------------------------------------------------------------------------
2026-09-28 13:23:15.631 
2026-09-28 13:23:15.631 ++++++++++++++++++++++++++++++++++++++++++++++++++++++++++++++++++++++++++++++++++++++++
2026-09-28 13:23:15.632 ++Proactor<s2>.process_message  [analog-temp/synced.readings]
2026-09-28 13:23:15.632   IN  internal     analog-temp to hw1.isone.me.versant.keene.maple.scada.s2     <-  [analog-temp/to/hw1.isone.me.versant.keene.maple.scada.s2/synced.readings]        SyncedReadings           
2026-09-28 13:23:15.632 ++Parentless.process_internal_message analog-temp/synced.readings
2026-09-28 13:23:15.633   OUT mqtt         analog-temp to s                                       ->  [gw/hw1-isone-me-versant-keene-maple-scada-s2/to/s/synced-readings]               SyncedReadings           
2026-09-28 13:23:15.633 --Parentless.process_internal_message  path:0x00000004
2026-09-28 13:23:15.634 --Proactor<s2>.process_message  path:0x00000401
2026-09-28 13:23:15.634 ----------------------------------------------------------------------------------------
2026-09-28 13:23:24.251 
2026-09-28 13:23:24.251 ++++++++++++++++++++++++++++++++++++++++++++++++++++++++++++++++++++++++++++++++++++++++
2026-09-28 13:23:24.252 ++Proactor<s2>.process_message  [analog-temp/synced.readings]
2026-09-28 13:23:24.253   IN  internal     analog-temp to hw1.isone.me.versant.keene.maple.scada.s2     <-  [analog-temp/to/hw1.isone.me.versant.keene.maple.scada.s2/synced.readings]        SyncedReadings           
2026-09-28 13:23:24.253 ++Parentless.process_internal_message analog-temp/synced.readings
2026-09-28 13:23:24.254   OUT mqtt         analog-temp to s                                       ->  [gw/hw1-isone-me-versant-keene-maple-scada-s2/to/s/synced-readings]               SyncedReadings           
2026-09-28 13:23:24.255 --Parentless.process_internal_message  path:0x00000004
2026-09-28 13:23:24.256 --Proactor<s2>.process_message  path:0x00000401
2026-09-28 13:23:24.256 ----------------------------------------------------------------------------------------
2026-09-28 13:23:30.438 
2026-09-28 13:23:30.438 ++++++++++++++++++++++++++++++++++++++++++++++++++++++++++++++++++++++++++++++++++++++++
2026-09-28 13:23:30.438 ++Proactor<s2>.process_message  [analog-temp/synced.readings]
2026-09-28 13:23:30.438   IN  internal     analog-temp to hw1.isone.me.versant.keene.maple.scada.s2     <-  [analog-temp/to/hw1.isone.me.versant.keene.maple.scada.s2/synced.readings]        SyncedReadings           
2026-09-28 13:23:30.439 ++Parentless.process_internal_message analog-temp/synced.readings
2026-09-28 13:23:30.439   OUT mqtt         analog-temp to s                                       ->  [gw/hw1-isone-me-versant-keene-maple-scada-s2/to/s/synced-readings]               SyncedReadings           
2026-09-28 13:23:30.440 --Parentless.process_internal_message  path:0x00000004
2026-09-28 13:23:30.440 --Proactor<s2>.process_message  path:0x00000401
2026-09-28 13:23:30.440 ----------------------------------------------------------------------------------------
2026-09-28 13:23:33.854 
2026-09-28 13:23:33.855 ++++++++++++++++++++++++++++++++++++++++++++++++++++++++++++++++++++++++++++++++++++++++
2026-09-28 13:23:33.855 ++Proactor<s2>.process_message  [analog-temp/synced.readings]
2026-09-28 13:23:33.856   IN  internal     analog-temp to hw1.isone.me.versant.keene.maple.scada.s2     <-  [analog-temp/to/hw1.isone.me.versant.keene.maple.scada.s2/synced.readings]        SyncedReadings           
2026-09-28 13:23:33.856 ++Parentless.process_internal_message analog-temp/synced.readings
2026-09-28 13:23:33.858   OUT mqtt         analog-temp to s                                       ->  [gw/hw1-isone-me-versant-keene-maple-scada-s2/to/s/synced-readings]               SyncedReadings           
2026-09-28 13:23:33.858 --Parentless.process_internal_message  path:0x00000004
2026-09-28 13:23:33.859 --Proactor<s2>.process_message  path:0x00000401
2026-09-28 13:23:33.860 ----------------------------------------------------------------------------------------
2026-09-28 13:23:34.933 
2026-09-28 13:23:34.934 ++++++++++++++++++++++++++++++++++++++++++++++++++++++++++++++++++++++++++++++++++++++++
2026-09-28 13:23:34.934 ++Proactor<s2>.process_message  [gridworks-ping]
2026-09-28 13:23:34.935 ++Proactor<s2>._process_mqtt_message mqtt_clients/mqtt_message
2026-09-28 13:23:34.936   IN  mqtt         hw1.isone.me.versant.keene.maple.scada to s2           <-  [gw/hw1-isone-me-versant-keene-maple-scada/to/s2/gridworks-ping]                  Ping                      70602e3a...
2026-09-28 13:23:34.937   OUT mqtt         hw1.isone.me.versant.keene.maple.scada.s2 to s         ->  [gw/hw1-isone-me-versant-keene-maple-scada-s2/to/s/gridworks-ack]                 Ack                       70602e3a...
2026-09-28 13:23:34.938 --Proactor<s2>._process_mqtt_message:1  path:0x00000223
2026-09-28 13:23:34.938 --Proactor<s2>.process_message  path:0x00000002
2026-09-28 13:23:34.939 ----------------------------------------------------------------------------------------
2026-09-28 13:23:38.858 
2026-09-28 13:23:38.859 ++++++++++++++++++++++++++++++++++++++++++++++++++++++++++++++++++++++++++++++++++++++++
2026-09-28 13:23:38.859 ++Proactor<s2>.process_message  [analog-temp/synced.readings]
2026-09-28 13:23:38.860   IN  internal     analog-temp to hw1.isone.me.versant.keene.maple.scada.s2     <-  [analog-temp/to/hw1.isone.me.versant.keene.maple.scada.s2/synced.readings]        SyncedReadings           
2026-09-28 13:23:38.861 ++Parentless.process_internal_message analog-temp/synced.readings
2026-09-28 13:23:38.862   OUT mqtt         analog-temp to s                                       ->  [gw/hw1-isone-me-versant-keene-maple-scada-s2/to/s/synced-readings]               SyncedReadings           
2026-09-28 13:23:38.863 --Parentless.process_internal_message  path:0x00000004
2026-09-28 13:23:38.864 --Proactor<s2>.process_message  path:0x00000401
2026-09-28 13:23:38.864 ----------------------------------------------------------------------------------------
2026-09-28 13:23:39.642 
2026-09-28 13:23:39.643 ++++++++++++++++++++++++++++++++++++++++++++++++++++++++++++++++++++++++++++++++++++++++
2026-09-28 13:23:39.643 ++Proactor<s2>.process_message  [analog-temp/synced.readings]
2026-09-28 13:23:39.643   IN  internal     analog-temp to hw1.isone.me.versant.keene.maple.scada.s2     <-  [analog-temp/to/hw1.isone.me.versant.keene.maple.scada.s2/synced.readings]        SyncedReadings           
2026-09-28 13:23:39.643 ++Parentless.process_internal_message analog-temp/synced.readings
2026-09-28 13:23:39.644   OUT mqtt         analog-temp to s                                       ->  [gw/hw1-isone-me-versant-keene-maple-scada-s2/to/s/synced-readings]               SyncedReadings           
2026-09-28 13:23:39.644 --Parentless.process_internal_message  path:0x00000004
2026-09-28 13:23:39.645 --Proactor<s2>.process_message  path:0x00000401
2026-09-28 13:23:39.645 ----------------------------------------------------------------------------------------
2026-09-28 13:23:50.064 
2026-09-28 13:23:50.064 ++++++++++++++++++++++++++++++++++++++++++++++++++++++++++++++++++++++++++++++++++++++++
2026-09-28 13:23:50.065 ++Proactor<s2>.process_message  [analog-temp/synced.readings]
2026-09-28 13:23:50.065   IN  internal     analog-temp to hw1.isone.me.versant.keene.maple.scada.s2     <-  [analog-temp/to/hw1.isone.me.versant.keene.maple.scada.s2/synced.readings]        SyncedReadings           
2026-09-28 13:23:50.066 ++Parentless.process_internal_message analog-temp/synced.readings
2026-09-28 13:23:50.067   OUT mqtt         analog-temp to s                                       ->  [gw/hw1-isone-me-versant-keene-maple-scada-s2/to/s/synced-readings]               SyncedReadings           
2026-09-28 13:23:50.068 --Parentless.process_internal_message  path:0x00000004
2026-09-28 13:23:50.068 --Proactor<s2>.process_message  path:0x00000401
2026-09-28 13:23:50.068 ----------------------------------------------------------------------------------------
2026-09-28 13:23:52.465 
2026-09-28 13:23:52.466 ++++++++++++++++++++++++++++++++++++++++++++++++++++++++++++++++++++++++++++++++++++++++
2026-09-28 13:23:52.466 ++Proactor<s2>.process_message  [analog-temp/synced.readings]
2026-09-28 13:23:52.467   IN  internal     analog-temp to hw1.isone.me.versant.keene.maple.scada.s2     <-  [analog-temp/to/hw1.isone.me.versant.keene.maple.scada.s2/synced.readings]        SyncedReadings           
2026-09-28 13:23:52.468 ++Parentless.process_internal_message analog-temp/synced.readings
2026-09-28 13:23:52.469   OUT mqtt         analog-temp to s                                       ->  [gw/hw1-isone-me-versant-keene-maple-scada-s2/to/s/synced-readings]               SyncedReadings           
2026-09-28 13:23:52.470 --Parentless.process_internal_message  path:0x00000004
2026-09-28 13:23:52.471 --Proactor<s2>.process_message  path:0x00000401
2026-09-28 13:23:52.472 ----------------------------------------------------------------------------------------
2026-09-28 13:23:57.469 
2026-09-28 13:23:57.470 ++++++++++++++++++++++++++++++++++++++++++++++++++++++++++++++++++++++++++++++++++++++++
2026-09-28 13:23:57.470 ++Proactor<s2>.process_message  [analog-temp/synced.readings]
2026-09-28 13:23:57.471   IN  internal     analog-temp to hw1.isone.me.versant.keene.maple.scada.s2     <-  [analog-temp/to/hw1.isone.me.versant.keene.maple.scada.s2/synced.readings]        SyncedReadings           
2026-09-28 13:23:57.472 ++Parentless.process_internal_message analog-temp/synced.readings
2026-09-28 13:23:57.473   OUT mqtt         analog-temp to s                                       ->  [gw/hw1-isone-me-versant-keene-maple-scada-s2/to/s/synced-readings]               SyncedReadings           
2026-09-28 13:23:57.474 --Parentless.process_internal_message  path:0x00000004
2026-09-28 13:23:57.475 --Proactor<s2>.process_message  path:0x00000401
2026-09-28 13:23:57.475 ----------------------------------------------------------------------------------------
2026-09-28 13:23:58.871 
2026-09-28 13:23:58.872 ++++++++++++++++++++++++++++++++++++++++++++++++++++++++++++++++++++++++++++++++++++++++
2026-09-28 13:23:58.872 ++Proactor<s2>.process_message  [analog-temp/synced.readings]
2026-09-28 13:23:58.873   IN  internal     analog-temp to hw1.isone.me.versant.keene.maple.scada.s2     <-  [analog-temp/to/hw1.isone.me.versant.keene.maple.scada.s2/synced.readings]        SyncedReadings           
2026-09-28 13:23:58.873 ++Parentless.process_internal_message analog-temp/synced.readings
2026-09-28 13:23:58.875   OUT mqtt         analog-temp to s                                       ->  [gw/hw1-isone-me-versant-keene-maple-scada-s2/to/s/synced-readings]               SyncedReadings           
2026-09-28 13:23:58.876 --Parentless.process_internal_message  path:0x00000004
2026-09-28 13:23:58.876 --Proactor<s2>.process_message  path:0x00000401
2026-09-28 13:23:58.877 ----------------------------------------------------------------------------------------
2026-09-28 13:24:05.257 
2026-09-28 13:24:05.257 ++++++++++++++++++++++++++++++++++++++++++++++++++++++++++++++++++++++++++++++++++++++++
2026-09-28 13:24:05.257 ++Proactor<s2>.process_message  [analog-temp/synced.readings]
2026-09-28 13:24:05.257   IN  internal     analog-temp to hw1.isone.me.versant.keene.maple.scada.s2     <-  [analog-temp/to/hw1.isone.me.versant.keene.maple.scada.s2/synced.readings]        SyncedReadings           
2026-09-28 13:24:05.258 ++Parentless.process_internal_message analog-temp/synced.readings
2026-09-28 13:24:05.258   OUT mqtt         analog-temp to s                                       ->  [gw/hw1-isone-me-versant-keene-maple-scada-s2/to/s/synced-readings]               SyncedReadings           
2026-09-28 13:24:05.259 --Parentless.process_internal_message  path:0x00000004
2026-09-28 13:24:05.259 --Proactor<s2>.process_message  path:0x00000401
2026-09-28 13:24:05.259 ----------------------------------------------------------------------------------------
2026-09-28 13:24:07.657 
2026-09-28 13:24:07.658 ++++++++++++++++++++++++++++++++++++++++++++++++++++++++++++++++++++++++++++++++++++++++
2026-09-28 13:24:07.658 ++Proactor<s2>.process_message  [analog-temp/synced.readings]
2026-09-28 13:24:07.658   IN  internal     analog-temp to hw1.isone.me.versant.keene.maple.scada.s2     <-  [analog-temp/to/hw1.isone.me.versant.keene.maple.scada.s2/synced.readings]        SyncedReadings           
2026-09-28 13:24:07.658 ++Parentless.process_internal_message analog-temp/synced.readings
2026-09-28 13:24:07.659   OUT mqtt         analog-temp to s                                       ->  [gw/hw1-isone-me-versant-keene-maple-scada-s2/to/s/synced-readings]               SyncedReadings           
2026-09-28 13:24:07.659 --Parentless.process_internal_message  path:0x00000004
2026-09-28 13:24:07.660 --Proactor<s2>.process_message  path:0x00000401
2026-09-28 13:24:07.660 ----------------------------------------------------------------------------------------
2026-09-28 13:24:08.058 
2026-09-28 13:24:08.064 ++++++++++++++++++++++++++++++++++++++++++++++++++++++++++++++++++++++++++++++++++++++++
2026-09-28 13:24:08.065 ++Proactor<s2>.process_message  [analog-temp/synced.readings]
2026-09-28 13:24:08.065   IN  internal     analog-temp to hw1.isone.me.versant.keene.maple.scada.s2     <-  [analog-temp/to/hw1.isone.me.versant.keene.maple.scada.s2/synced.readings]        SyncedReadings           
2026-09-28 13:24:08.065 ++Parentless.process_internal_message analog-temp/synced.readings
2026-09-28 13:24:08.066   OUT mqtt         analog-temp to s                                       ->  [gw/hw1-isone-me-versant-keene-maple-scada-s2/to/s/synced-readings]               SyncedReadings           
2026-09-28 13:24:08.066 --Parentless.process_internal_message  path:0x00000004
2026-09-28 13:24:08.067 --Proactor<s2>.process_message  path:0x00000401
2026-09-28 13:24:08.067 ----------------------------------------------------------------------------------------
2026-09-28 13:24:10.274 
2026-09-28 13:24:10.275 ++++++++++++++++++++++++++++++++++++++++++++++++++++++++++++++++++++++++++++++++++++++++
2026-09-28 13:24:10.275 ++Proactor<s2>.process_message  [analog-temp/synced.readings]
2026-09-28 13:24:10.276   IN  internal     analog-temp to hw1.isone.me.versant.keene.maple.scada.s2     <-  [analog-temp/to/hw1.isone.me.versant.keene.maple.scada.s2/synced.readings]        SyncedReadings           
2026-09-28 13:24:10.277 ++Parentless.process_internal_message analog-temp/synced.readings
2026-09-28 13:24:10.278   OUT mqtt         analog-temp to s                                       ->  [gw/hw1-isone-me-versant-keene-maple-scada-s2/to/s/synced-readings]               SyncedReadings           
2026-09-28 13:24:10.279 --Parentless.process_internal_message  path:0x00000004
2026-09-28 13:24:10.279 --Proactor<s2>.process_message  path:0x00000401
2026-09-28 13:24:10.280 ----------------------------------------------------------------------------------------
2026-09-28 13:24:12.278 
2026-09-28 13:24:12.279 ++++++++++++++++++++++++++++++++++++++++++++++++++++++++++++++++++++++++++++++++++++++++
2026-09-28 13:24:12.280 ++Proactor<s2>.process_message  [analog-temp/synced.readings]
2026-09-28 13:24:12.280   IN  internal     analog-temp to hw1.isone.me.versant.keene.maple.scada.s2     <-  [analog-temp/to/hw1.isone.me.versant.keene.maple.scada.s2/synced.readings]        SyncedReadings           
2026-09-28 13:24:12.281 ++Parentless.process_internal_message analog-temp/synced.readings
2026-09-28 13:24:12.283   OUT mqtt         analog-temp to s                                       ->  [gw/hw1-isone-me-versant-keene-maple-scada-s2/to/s/synced-readings]               SyncedReadings           
2026-09-28 13:24:12.284 --Parentless.process_internal_message  path:0x00000004
2026-09-28 13:24:12.285 --Proactor<s2>.process_message  path:0x00000401
2026-09-28 13:24:12.285 ----------------------------------------------------------------------------------------
2026-09-28 13:24:16.265 
2026-09-28 13:24:16.265 ++++++++++++++++++++++++++++++++++++++++++++++++++++++++++++++++++++++++++++++++++++++++
2026-09-28 13:24:16.265 ++Proactor<s2>.process_message  [analog-temp/synced.readings]
2026-09-28 13:24:16.266   IN  internal     analog-temp to hw1.isone.me.versant.keene.maple.scada.s2     <-  [analog-temp/to/hw1.isone.me.versant.keene.maple.scada.s2/synced.readings]        SyncedReadings           
2026-09-28 13:24:16.266 ++Parentless.process_internal_message analog-temp/synced.readings
2026-09-28 13:24:16.267   OUT mqtt         analog-temp to s                                       ->  [gw/hw1-isone-me-versant-keene-maple-scada-s2/to/s/synced-readings]               SyncedReadings           
2026-09-28 13:24:16.267 --Parentless.process_internal_message  path:0x00000004
2026-09-28 13:24:16.268 --Proactor<s2>.process_message  path:0x00000401
2026-09-28 13:24:16.268 ----------------------------------------------------------------------------------------
2026-09-28 13:24:26.684 
2026-09-28 13:24:26.685 ++++++++++++++++++++++++++++++++++++++++++++++++++++++++++++++++++++++++++++++++++++++++
2026-09-28 13:24:26.685 ++Proactor<s2>.process_message  [analog-temp/synced.readings]
2026-09-28 13:24:26.686   IN  internal     analog-temp to hw1.isone.me.versant.keene.maple.scada.s2     <-  [analog-temp/to/hw1.isone.me.versant.keene.maple.scada.s2/synced.readings]        SyncedReadings           
2026-09-28 13:24:26.686 ++Parentless.process_internal_message analog-temp/synced.readings
2026-09-28 13:24:26.688   OUT mqtt         analog-temp to s                                       ->  [gw/hw1-isone-me-versant-keene-maple-scada-s2/to/s/synced-readings]               SyncedReadings           
2026-09-28 13:24:26.689 --Parentless.process_internal_message  path:0x00000004
2026-09-28 13:24:26.689 --Proactor<s2>.process_message  path:0x00000401
2026-09-28 13:24:26.690 ----------------------------------------------------------------------------------------
2026-09-28 13:24:27.486 
2026-09-28 13:24:27.486 ++++++++++++++++++++++++++++++++++++++++++++++++++++++++++++++++++++++++++++++++++++++++
2026-09-28 13:24:27.486 ++Proactor<s2>.process_message  [analog-temp/synced.readings]
2026-09-28 13:24:27.487   IN  internal     analog-temp to hw1.isone.me.versant.keene.maple.scada.s2     <-  [analog-temp/to/hw1.isone.me.versant.keene.maple.scada.s2/synced.readings]        SyncedReadings           
2026-09-28 13:24:27.488 ++Parentless.process_internal_message analog-temp/synced.readings
2026-09-28 13:24:27.489   OUT mqtt         analog-temp to s                                       ->  [gw/hw1-isone-me-versant-keene-maple-scada-s2/to/s/synced-readings]               SyncedReadings           
2026-09-28 13:24:27.489 --Parentless.process_internal_message  path:0x00000004
2026-09-28 13:24:27.490 --Proactor<s2>.process_message  path:0x00000401
2026-09-28 13:24:27.490 ----------------------------------------------------------------------------------------
2026-09-28 13:24:28.478 
2026-09-28 13:24:28.479 ++++++++++++++++++++++++++++++++++++++++++++++++++++++++++++++++++++++++++++++++++++++++
2026-09-28 13:24:28.480 ++Proactor<s2>.process_message  [analog-temp/synced.readings]
2026-09-28 13:24:28.480   IN  internal     analog-temp to hw1.isone.me.versant.keene.maple.scada.s2     <-  [analog-temp/to/hw1.isone.me.versant.keene.maple.scada.s2/synced.readings]        SyncedReadings           
2026-09-28 13:24:28.481 ++Parentless.process_internal_message analog-temp/synced.readings
2026-09-28 13:24:28.483   OUT mqtt         analog-temp to s                                       ->  [gw/hw1-isone-me-versant-keene-maple-scada-s2/to/s/synced-readings]               SyncedReadings           
2026-09-28 13:24:28.484 --Parentless.process_internal_message  path:0x00000004
2026-09-28 13:24:28.485 --Proactor<s2>.process_message  path:0x00000401
2026-09-28 13:24:28.486 ----------------------------------------------------------------------------------------
2026-09-28 13:24:28.721 
2026-09-28 13:24:28.721 ++++++++++++++++++++++++++++++++++++++++++++++++++++++++++++++++++++++++++++++++++++++++
2026-09-28 13:24:28.722 ++Proactor<s2>.process_message  [zone1-living-rm-stat/synced.readings]
2026-09-28 13:24:28.723   IN  internal     zone1-living-rm-stat to hw1.isone.me.versant.keene.maple.scada.s2     <-  [zone1-living-rm-stat/to/hw1.isone.me.versant.keene.maple.scada.s2/synced.readings]  SyncedReadings           
2026-09-28 13:24:28.723 ++Parentless.process_internal_message zone1-living-rm-stat/synced.readings
2026-09-28 13:24:28.725   OUT mqtt         zone1-living-rm-stat to s                              ->  [gw/hw1-isone-me-versant-keene-maple-scada-s2/to/s/synced-readings]               SyncedReadings           
2026-09-28 13:24:28.725 --Parentless.process_internal_message  path:0x00000004
2026-09-28 13:24:28.726 --Proactor<s2>.process_message  path:0x00000401
2026-09-28 13:24:28.726 ----------------------------------------------------------------------------------------
2026-09-28 13:24:28.771 
2026-09-28 13:24:28.772 ++++++++++++++++++++++++++++++++++++++++++++++++++++++++++++++++++++++++++++++++++++++++
2026-09-28 13:24:28.772 ++Proactor<s2>.process_message  [zone2-bedroom-stat/synced.readings]
2026-09-28 13:24:28.773   IN  internal     zone2-bedroom-stat to hw1.isone.me.versant.keene.maple.scada.s2     <-  [zone2-bedroom-stat/to/hw1.isone.me.versant.keene.maple.scada.s2/synced.readings]  SyncedReadings           
2026-09-28 13:24:28.774 ++Parentless.process_internal_message zone2-bedroom-stat/synced.readings
2026-09-28 13:24:28.775   OUT mqtt         zone2-bedroom-stat to s                                ->  [gw/hw1-isone-me-versant-keene-maple-scada-s2/to/s/synced-readings]               SyncedReadings           
2026-09-28 13:24:28.776 --Parentless.process_internal_message  path:0x00000004
2026-09-28 13:24:28.777 --Proactor<s2>.process_message  path:0x00000401
2026-09-28 13:24:28.777 ----------------------------------------------------------------------------------------
2026-09-28 13:24:29.686 
2026-09-28 13:24:29.687 ++++++++++++++++++++++++++++++++++++++++++++++++++++++++++++++++++++++++++++++++++++++++
2026-09-28 13:24:29.688 ++Proactor<s2>.process_message  [analog-temp/synced.readings]
2026-09-28 13:24:29.688   IN  internal     analog-temp to hw1.isone.me.versant.keene.maple.scada.s2     <-  [analog-temp/to/hw1.isone.me.versant.keene.maple.scada.s2/synced.readings]        SyncedReadings           
2026-09-28 13:24:29.689 ++Parentless.process_internal_message analog-temp/synced.readings
2026-09-28 13:24:29.690   OUT mqtt         analog-temp to s                                       ->  [gw/hw1-isone-me-versant-keene-maple-scada-s2/to/s/synced-readings]               SyncedReadings           
2026-09-28 13:24:29.691 --Parentless.process_internal_message  path:0x00000004
2026-09-28 13:24:29.692 --Proactor<s2>.process_message  path:0x00000401
2026-09-28 13:24:29.693 ----------------------------------------------------------------------------------------
2026-09-28 13:24:29.886 
2026-09-28 13:24:29.887 ++++++++++++++++++++++++++++++++++++++++++++++++++++++++++++++++++++++++++++++++++++++++
2026-09-28 13:24:29.888 ++Proactor<s2>.process_message  [analog-temp/synced.readings]
2026-09-28 13:24:29.888   IN  internal     analog-temp to hw1.isone.me.versant.keene.maple.scada.s2     <-  [analog-temp/to/hw1.isone.me.versant.keene.maple.scada.s2/synced.readings]        SyncedReadings           
2026-09-28 13:24:29.889 ++Parentless.process_internal_message analog-temp/synced.readings
2026-09-28 13:24:29.890   OUT mqtt         analog-temp to s                                       ->  [gw/hw1-isone-me-versant-keene-maple-scada-s2/to/s/synced-readings]               SyncedReadings           
2026-09-28 13:24:29.891 --Parentless.process_internal_message  path:0x00000004
2026-09-28 13:24:29.892 --Proactor<s2>.process_message  path:0x00000401
2026-09-28 13:24:29.892 ----------------------------------------------------------------------------------------
2026-09-28 13:24:33.489 
2026-09-28 13:24:33.489 ++++++++++++++++++++++++++++++++++++++++++++++++++++++++++++++++++++++++++++++++++++++++
2026-09-28 13:24:33.490 ++Proactor<s2>.process_message  [analog-temp/synced.readings]
2026-09-28 13:24:33.490   IN  internal     analog-temp to hw1.isone.me.versant.keene.maple.scada.s2     <-  [analog-temp/to/hw1.isone.me.versant.keene.maple.scada.s2/synced.readings]        SyncedReadings           
2026-09-28 13:24:33.491 ++Parentless.process_internal_message analog-temp/synced.readings
2026-09-28 13:24:33.492   OUT mqtt         analog-temp to s                                       ->  [gw/hw1-isone-me-versant-keene-maple-scada-s2/to/s/synced-readings]               SyncedReadings           
2026-09-28 13:24:33.493 --Parentless.process_internal_message  path:0x00000004
2026-09-28 13:24:33.494 --Proactor<s2>.process_message  path:0x00000401
2026-09-28 13:24:33.494 ----------------------------------------------------------------------------------------
2026-09-28 13:24:35.490 
2026-09-28 13:24:35.491 ++++++++++++++++++++++++++++++++++++++++++++++++++++++++++++++++++++++++++++++++++++++++
2026-09-28 13:24:35.491 ++Proactor<s2>.process_message  [analog-temp/synced.readings]
2026-09-28 13:24:35.492   IN  internal     analog-temp to hw1.isone.me.versant.keene.maple.scada.s2     <-  [analog-temp/to/hw1.isone.me.versant.keene.maple.scada.s2/synced.readings]        SyncedReadings           
2026-09-28 13:24:35.492 ++Parentless.process_internal_message analog-temp/synced.readings
2026-09-28 13:24:35.494   OUT mqtt         analog-temp to s                                       ->  [gw/hw1-isone-me-versant-keene-maple-scada-s2/to/s/synced-readings]               SyncedReadings           
2026-09-28 13:24:35.495 --Parentless.process_internal_message  path:0x00000004
2026-09-28 13:24:35.495 --Proactor<s2>.process_message  path:0x00000401
2026-09-28 13:24:35.496 ----------------------------------------------------------------------------------------
2026-09-28 13:24:35.566 
2026-09-28 13:24:35.567 ++++++++++++++++++++++++++++++++++++++++++++++++++++++++++++++++++++++++++++++++++++++++
2026-09-28 13:24:35.567 ++Proactor<s2>.process_message  [gridworks-ping]
2026-09-28 13:24:35.568 ++Proactor<s2>._process_mqtt_message mqtt_clients/mqtt_message
2026-09-28 13:24:35.569   IN  mqtt         hw1.isone.me.versant.keene.maple.scada to s2           <-  [gw/hw1-isone-me-versant-keene-maple-scada/to/s2/gridworks-ping]                  Ping                      a0e95776...
2026-09-28 13:24:35.570   OUT mqtt         hw1.isone.me.versant.keene.maple.scada.s2 to s         ->  [gw/hw1-isone-me-versant-keene-maple-scada-s2/to/s/gridworks-ack]                 Ack                       a0e95776...
2026-09-28 13:24:35.571 --Proactor<s2>._process_mqtt_message:1  path:0x00000223
2026-09-28 13:24:35.572 --Proactor<s2>.process_message  path:0x00000002
2026-09-28 13:24:35.572 ----------------------------------------------------------------------------------------
2026-09-28 13:24:37.493 
2026-09-28 13:24:37.493 ++++++++++++++++++++++++++++++++++++++++++++++++++++++++++++++++++++++++++++++++++++++++
2026-09-28 13:24:37.493 ++Proactor<s2>.process_message  [analog-temp/synced.readings]
2026-09-28 13:24:37.494   IN  internal     analog-temp to hw1.isone.me.versant.keene.maple.scada.s2     <-  [analog-temp/to/hw1.isone.me.versant.keene.maple.scada.s2/synced.readings]        SyncedReadings           
2026-09-28 13:24:37.494 ++Parentless.process_internal_message analog-temp/synced.readings
2026-09-28 13:24:37.496   OUT mqtt         analog-temp to s                                       ->  [gw/hw1-isone-me-versant-keene-maple-scada-s2/to/s/synced-readings]               SyncedReadings           
2026-09-28 13:24:37.496 --Parentless.process_internal_message  path:0x00000004
2026-09-28 13:24:37.497 --Proactor<s2>.process_message  path:0x00000401
2026-09-28 13:24:37.497 ----------------------------------------------------------------------------------------
2026-09-28 13:24:39.291 
2026-09-28 13:24:39.292 ++++++++++++++++++++++++++++++++++++++++++++++++++++++++++++++++++++++++++++++++++++++++
2026-09-28 13:24:39.293 ++Proactor<s2>.process_message  [analog-temp/synced.readings]
2026-09-28 13:24:39.293   IN  internal     analog-temp to hw1.isone.me.versant.keene.maple.scada.s2     <-  [analog-temp/to/hw1.isone.me.versant.keene.maple.scada.s2/synced.readings]        SyncedReadings           
2026-09-28 13:24:39.294 ++Parentless.process_internal_message analog-temp/synced.readings
2026-09-28 13:24:39.296   OUT mqtt         analog-temp to s                                       ->  [gw/hw1-isone-me-versant-keene-maple-scada-s2/to/s/synced-readings]               SyncedReadings           
2026-09-28 13:24:39.297 --Parentless.process_internal_message  path:0x00000004
2026-09-28 13:24:39.297 --Proactor<s2>.process_message  path:0x00000401
2026-09-28 13:24:39.298 ----------------------------------------------------------------------------------------
2026-09-28 13:24:42.294 
2026-09-28 13:24:42.294 ++++++++++++++++++++++++++++++++++++++++++++++++++++++++++++++++++++++++++++++++++++++++
2026-09-28 13:24:42.295 ++Proactor<s2>.process_message  [analog-temp/synced.readings]
2026-09-28 13:24:42.295   IN  internal     analog-temp to hw1.isone.me.versant.keene.maple.scada.s2     <-  [analog-temp/to/hw1.isone.me.versant.keene.maple.scada.s2/synced.readings]        SyncedReadings           
2026-09-28 13:24:42.296 ++Parentless.process_internal_message analog-temp/synced.readings
2026-09-28 13:24:42.297   OUT mqtt         analog-temp to s                                       ->  [gw/hw1-isone-me-versant-keene-maple-scada-s2/to/s/synced-readings]               SyncedReadings           
2026-09-28 13:24:42.298 --Parentless.process_internal_message  path:0x00000004
2026-09-28 13:24:42.299 --Proactor<s2>.process_message  path:0x00000401
2026-09-28 13:24:42.299 ----------------------------------------------------------------------------------------
2026-09-28 13:24:42.894 
2026-09-28 13:24:42.895 ++++++++++++++++++++++++++++++++++++++++++++++++++++++++++++++++++++++++++++++++++++++++
2026-09-28 13:24:42.896 ++Proactor<s2>.process_message  [analog-temp/synced.readings]
2026-09-28 13:24:42.896   IN  internal     analog-temp to hw1.isone.me.versant.keene.maple.scada.s2     <-  [analog-temp/to/hw1.isone.me.versant.keene.maple.scada.s2/synced.readings]        SyncedReadings           
2026-09-28 13:24:42.897 ++Parentless.process_internal_message analog-temp/synced.readings
2026-09-28 13:24:42.898   OUT mqtt         analog-temp to s                                       ->  [gw/hw1-isone-me-versant-keene-maple-scada-s2/to/s/synced-readings]               SyncedReadings           
2026-09-28 13:24:42.899 --Parentless.process_internal_message  path:0x00000004
2026-09-28 13:24:42.900 --Proactor<s2>.process_message  path:0x00000401
2026-09-28 13:24:42.900 ----------------------------------------------------------------------------------------
2026-09-28 13:24:47.097 
2026-09-28 13:24:47.098 ++++++++++++++++++++++++++++++++++++++++++++++++++++++++++++++++++++++++++++++++++++++++
2026-09-28 13:24:47.098 ++Proactor<s2>.process_message  [analog-temp/synced.readings]
2026-09-28 13:24:47.099   IN  internal     analog-temp to hw1.isone.me.versant.keene.maple.scada.s2     <-  [analog-temp/to/hw1.isone.me.versant.keene.maple.scada.s2/synced.readings]        SyncedReadings           
2026-09-28 13:24:47.099 ++Parentless.process_internal_message analog-temp/synced.readings
2026-09-28 13:24:47.101   OUT mqtt         analog-temp to s                                       ->  [gw/hw1-isone-me-versant-keene-maple-scada-s2/to/s/synced-readings]               SyncedReadings           
2026-09-28 13:24:47.102 --Parentless.process_internal_message  path:0x00000004
2026-09-28 13:24:47.103 --Proactor<s2>.process_message  path:0x00000401
2026-09-28 13:24:47.103 ----------------------------------------------------------------------------------------
2026-09-28 13:24:48.497 
2026-09-28 13:24:48.498 ++++++++++++++++++++++++++++++++++++++++++++++++++++++++++++++++++++++++++++++++++++++++
2026-09-28 13:24:48.498 ++Proactor<s2>.process_message  [analog-temp/synced.readings]
2026-09-28 13:24:48.499   IN  internal     analog-temp to hw1.isone.me.versant.keene.maple.scada.s2     <-  [analog-temp/to/hw1.isone.me.versant.keene.maple.scada.s2/synced.readings]        SyncedReadings           
2026-09-28 13:24:48.500 ++Parentless.process_internal_message analog-temp/synced.readings
2026-09-28 13:24:48.501   OUT mqtt         analog-temp to s                                       ->  [gw/hw1-isone-me-versant-keene-maple-scada-s2/to/s/synced-readings]               SyncedReadings           
2026-09-28 13:24:48.502 --Parentless.process_internal_message  path:0x00000004
2026-09-28 13:24:48.503 --Proactor<s2>.process_message  path:0x00000401
2026-09-28 13:24:48.504 ----------------------------------------------------------------------------------------
2026-09-28 13:24:51.699 
2026-09-28 13:24:51.700 ++++++++++++++++++++++++++++++++++++++++++++++++++++++++++++++++++++++++++++++++++++++++
2026-09-28 13:24:51.700 ++Proactor<s2>.process_message  [analog-temp/synced.readings]
2026-09-28 13:24:51.701   IN  internal     analog-temp to hw1.isone.me.versant.keene.maple.scada.s2     <-  [analog-temp/to/hw1.isone.me.versant.keene.maple.scada.s2/synced.readings]        SyncedReadings           
2026-09-28 13:24:51.701 ++Parentless.process_internal_message analog-temp/synced.readings
2026-09-28 13:24:51.703   OUT mqtt         analog-temp to s                                       ->  [gw/hw1-isone-me-versant-keene-maple-scada-s2/to/s/synced-readings]               SyncedReadings           
2026-09-28 13:24:51.703 --Parentless.process_internal_message  path:0x00000004
2026-09-28 13:24:51.704 --Proactor<s2>.process_message  path:0x00000401
2026-09-28 13:24:51.704 ----------------------------------------------------------------------------------------
2026-09-28 13:24:52.906 
2026-09-28 13:24:52.907 ++++++++++++++++++++++++++++++++++++++++++++++++++++++++++++++++++++++++++++++++++++++++
2026-09-28 13:24:52.908 ++Proactor<s2>.process_message  [analog-temp/synced.readings]
2026-09-28 13:24:52.908   IN  internal     analog-temp to hw1.isone.me.versant.keene.maple.scada.s2     <-  [analog-temp/to/hw1.isone.me.versant.keene.maple.scada.s2/synced.readings]        SyncedReadings           
2026-09-28 13:24:52.909 ++Parentless.process_internal_message analog-temp/synced.readings
2026-09-28 13:24:52.911   OUT mqtt         analog-temp to s                                       ->  [gw/hw1-isone-me-versant-keene-maple-scada-s2/to/s/synced-readings]               SyncedReadings           
2026-09-28 13:24:52.912 --Parentless.process_internal_message  path:0x00000004
2026-09-28 13:24:52.913 --Proactor<s2>.process_message  path:0x00000401
2026-09-28 13:24:52.913 ----------------------------------------------------------------------------------------
2026-09-28 13:24:54.502 
2026-09-28 13:24:54.503 ++++++++++++++++++++++++++++++++++++++++++++++++++++++++++++++++++++++++++++++++++++++++
2026-09-28 13:24:54.503 ++Proactor<s2>.process_message  [analog-temp/synced.readings]
2026-09-28 13:24:54.504   IN  internal     analog-temp to hw1.isone.me.versant.keene.maple.scada.s2     <-  [analog-temp/to/hw1.isone.me.versant.keene.maple.scada.s2/synced.readings]        SyncedReadings           
2026-09-28 13:24:54.505 ++Parentless.process_internal_message analog-temp/synced.readings
2026-09-28 13:24:54.506   OUT mqtt         analog-temp to s                                       ->  [gw/hw1-isone-me-versant-keene-maple-scada-s2/to/s/synced-readings]               SyncedReadings           
2026-09-28 13:24:54.507 --Parentless.process_internal_message  path:0x00000004
2026-09-28 13:24:54.508 --Proactor<s2>.process_message  path:0x00000401
2026-09-28 13:24:54.508 ----------------------------------------------------------------------------------------
2026-09-28 13:24:57.503 
2026-09-28 13:24:57.503 ++++++++++++++++++++++++++++++++++++++++++++++++++++++++++++++++++++++++++++++++++++++++
2026-09-28 13:24:57.504 ++Proactor<s2>.process_message  [analog-temp/synced.readings]
2026-09-28 13:24:57.505   IN  internal     analog-temp to hw1.isone.me.versant.keene.maple.scada.s2     <-  [analog-temp/to/hw1.isone.me.versant.keene.maple.scada.s2/synced.readings]        SyncedReadings           
2026-09-28 13:24:57.505 ++Parentless.process_internal_message analog-temp/synced.readings
2026-09-28 13:24:57.507   OUT mqtt         analog-temp to s                                       ->  [gw/hw1-isone-me-versant-keene-maple-scada-s2/to/s/synced-readings]               SyncedReadings           
2026-09-28 13:24:57.508 --Parentless.process_internal_message  path:0x00000004
2026-09-28 13:24:57.508 --Proactor<s2>.process_message  path:0x00000401
2026-09-28 13:24:57.509 ----------------------------------------------------------------------------------------
2026-09-28 13:25:00.504 
2026-09-28 13:25:00.505 ++++++++++++++++++++++++++++++++++++++++++++++++++++++++++++++++++++++++++++++++++++++++
2026-09-28 13:25:00.506 ++Proactor<s2>.process_message  [analog-temp/synced.readings]
2026-09-28 13:25:00.506   IN  internal     analog-temp to hw1.isone.me.versant.keene.maple.scada.s2     <-  [analog-temp/to/hw1.isone.me.versant.keene.maple.scada.s2/synced.readings]        SyncedReadings           
2026-09-28 13:25:00.507 ++Parentless.process_internal_message analog-temp/synced.readings
2026-09-28 13:25:00.509   OUT mqtt         analog-temp to s                                       ->  [gw/hw1-isone-me-versant-keene-maple-scada-s2/to/s/synced-readings]               SyncedReadings           
2026-09-28 13:25:00.510 --Parentless.process_internal_message  path:0x00000004
2026-09-28 13:25:00.510 --Proactor<s2>.process_message  path:0x00000401
2026-09-28 13:25:00.511 ----------------------------------------------------------------------------------------
2026-09-28 13:25:01.508 
2026-09-28 13:25:01.508 ++++++++++++++++++++++++++++++++++++++++++++++++++++++++++++++++++++++++++++++++++++++++
2026-09-28 13:25:01.509 ++Proactor<s2>.process_message  [analog-temp/synced.readings]
2026-09-28 13:25:01.510   IN  internal     analog-temp to hw1.isone.me.versant.keene.maple.scada.s2     <-  [analog-temp/to/hw1.isone.me.versant.keene.maple.scada.s2/synced.readings]        SyncedReadings           
2026-09-28 13:25:01.510 ++Parentless.process_internal_message analog-temp/synced.readings
2026-09-28 13:25:01.512   OUT mqtt         analog-temp to s                                       ->  [gw/hw1-isone-me-versant-keene-maple-scada-s2/to/s/synced-readings]               SyncedReadings           
2026-09-28 13:25:01.513 --Parentless.process_internal_message  path:0x00000004
2026-09-28 13:25:01.513 --Proactor<s2>.process_message  path:0x00000401
2026-09-28 13:25:01.514 ----------------------------------------------------------------------------------------
2026-09-28 13:25:03.506 
2026-09-28 13:25:03.507 ++++++++++++++++++++++++++++++++++++++++++++++++++++++++++++++++++++++++++++++++++++++++
2026-09-28 13:25:03.507 ++Proactor<s2>.process_message  [analog-temp/synced.readings]
2026-09-28 13:25:03.508   IN  internal     analog-temp to hw1.isone.me.versant.keene.maple.scada.s2     <-  [analog-temp/to/hw1.isone.me.versant.keene.maple.scada.s2/synced.readings]        SyncedReadings           
2026-09-28 13:25:03.508 ++Parentless.process_internal_message analog-temp/synced.readings
2026-09-28 13:25:03.510   OUT mqtt         analog-temp to s                                       ->  [gw/hw1-isone-me-versant-keene-maple-scada-s2/to/s/synced-readings]               SyncedReadings           
2026-09-28 13:25:03.510 --Parentless.process_internal_message  path:0x00000004
2026-09-28 13:25:03.511 --Proactor<s2>.process_message  path:0x00000401
2026-09-28 13:25:03.511 ----------------------------------------------------------------------------------------
2026-09-28 13:25:05.692 
2026-09-28 13:25:05.692 ++++++++++++++++++++++++++++++++++++++++++++++++++++++++++++++++++++++++++++++++++++++++
2026-09-28 13:25:05.692 ++Proactor<s2>.process_message  [analog-temp/synced.readings]
2026-09-28 13:25:05.693   IN  internal     analog-temp to hw1.isone.me.versant.keene.maple.scada.s2     <-  [analog-temp/to/hw1.isone.me.versant.keene.maple.scada.s2/synced.readings]        SyncedReadings           
2026-09-28 13:25:05.693 ++Parentless.process_internal_message analog-temp/synced.readings
2026-09-28 13:25:05.694   OUT mqtt         analog-temp to s                                       ->  [gw/hw1-isone-me-versant-keene-maple-scada-s2/to/s/synced-readings]               SyncedReadings           
2026-09-28 13:25:05.694 --Parentless.process_internal_message  path:0x00000004
2026-09-28 13:25:05.694 --Proactor<s2>.process_message  path:0x00000401
2026-09-28 13:25:05.694 ----------------------------------------------------------------------------------------
2026-09-28 13:25:09.093 
2026-09-28 13:25:09.094 ++++++++++++++++++++++++++++++++++++++++++++++++++++++++++++++++++++++++++++++++++++++++
2026-09-28 13:25:09.094 ++Proactor<s2>.process_message  [analog-temp/synced.readings]
2026-09-28 13:25:09.094   IN  internal     analog-temp to hw1.isone.me.versant.keene.maple.scada.s2     <-  [analog-temp/to/hw1.isone.me.versant.keene.maple.scada.s2/synced.readings]        SyncedReadings           
2026-09-28 13:25:09.094 ++Parentless.process_internal_message analog-temp/synced.readings
2026-09-28 13:25:09.095   OUT mqtt         analog-temp to s                                       ->  [gw/hw1-isone-me-versant-keene-maple-scada-s2/to/s/synced-readings]               SyncedReadings           
2026-09-28 13:25:09.095 --Parentless.process_internal_message  path:0x00000004
2026-09-28 13:25:09.096 --Proactor<s2>.process_message  path:0x00000401
2026-09-28 13:25:09.096 ----------------------------------------------------------------------------------------
2026-09-28 13:25:11.911 
2026-09-28 13:25:11.912 ++++++++++++++++++++++++++++++++++++++++++++++++++++++++++++++++++++++++++++++++++++++++
2026-09-28 13:25:11.912 ++Proactor<s2>.process_message  [analog-temp/synced.readings]
2026-09-28 13:25:11.913   IN  internal     analog-temp to hw1.isone.me.versant.keene.maple.scada.s2     <-  [analog-temp/to/hw1.isone.me.versant.keene.maple.scada.s2/synced.readings]        SyncedReadings           
2026-09-28 13:25:11.913 ++Parentless.process_internal_message analog-temp/synced.readings
2026-09-28 13:25:11.914   OUT mqtt         analog-temp to s                                       ->  [gw/hw1-isone-me-versant-keene-maple-scada-s2/to/s/synced-readings]               SyncedReadings           
2026-09-28 13:25:11.916 --Parentless.process_internal_message  path:0x00000004
2026-09-28 13:25:11.917 --Proactor<s2>.process_message  path:0x00000401
2026-09-28 13:25:11.917 ----------------------------------------------------------------------------------------
2026-09-28 13:25:13.713 
2026-09-28 13:25:13.714 ++++++++++++++++++++++++++++++++++++++++++++++++++++++++++++++++++++++++++++++++++++++++
2026-09-28 13:25:13.714 ++Proactor<s2>.process_message  [analog-temp/synced.readings]
2026-09-28 13:25:13.715   IN  internal     analog-temp to hw1.isone.me.versant.keene.maple.scada.s2     <-  [analog-temp/to/hw1.isone.me.versant.keene.maple.scada.s2/synced.readings]        SyncedReadings           
2026-09-28 13:25:13.716 ++Parentless.process_internal_message analog-temp/synced.readings
2026-09-28 13:25:13.717   OUT mqtt         analog-temp to s                                       ->  [gw/hw1-isone-me-versant-keene-maple-scada-s2/to/s/synced-readings]               SyncedReadings           
2026-09-28 13:25:13.718 --Parentless.process_internal_message  path:0x00000004
2026-09-28 13:25:13.719 --Proactor<s2>.process_message  path:0x00000401
2026-09-28 13:25:13.719 ----------------------------------------------------------------------------------------
2026-09-28 13:25:15.715 
2026-09-28 13:25:15.716 ++++++++++++++++++++++++++++++++++++++++++++++++++++++++++++++++++++++++++++++++++++++++
2026-09-28 13:25:15.716 ++Proactor<s2>.process_message  [analog-temp/synced.readings]
2026-09-28 13:25:15.717   IN  internal     analog-temp to hw1.isone.me.versant.keene.maple.scada.s2     <-  [analog-temp/to/hw1.isone.me.versant.keene.maple.scada.s2/synced.readings]        SyncedReadings           
2026-09-28 13:25:15.718 ++Parentless.process_internal_message analog-temp/synced.readings
2026-09-28 13:25:15.719   OUT mqtt         analog-temp to s                                       ->  [gw/hw1-isone-me-versant-keene-maple-scada-s2/to/s/synced-readings]               SyncedReadings           
2026-09-28 13:25:15.720 --Parentless.process_internal_message  path:0x00000004
2026-09-28 13:25:15.721 --Proactor<s2>.process_message  path:0x00000401
2026-09-28 13:25:15.721 ----------------------------------------------------------------------------------------
2026-09-28 13:25:17.500 
2026-09-28 13:25:17.501 ++++++++++++++++++++++++++++++++++++++++++++++++++++++++++++++++++++++++++++++++++++++++
2026-09-28 13:25:17.501 ++Proactor<s2>.process_message  [analog-temp/synced.readings]
2026-09-28 13:25:17.501   IN  internal     analog-temp to hw1.isone.me.versant.keene.maple.scada.s2     <-  [analog-temp/to/hw1.isone.me.versant.keene.maple.scada.s2/synced.readings]        SyncedReadings           
2026-09-28 13:25:17.501 ++Parentless.process_internal_message analog-temp/synced.readings
2026-09-28 13:25:17.502   OUT mqtt         analog-temp to s                                       ->  [gw/hw1-isone-me-versant-keene-maple-scada-s2/to/s/synced-readings]               SyncedReadings           
2026-09-28 13:25:17.502 --Parentless.process_internal_message  path:0x00000004
2026-09-28 13:25:17.503 --Proactor<s2>.process_message  path:0x00000401
2026-09-28 13:25:17.503 ----------------------------------------------------------------------------------------
2026-09-28 13:25:20.900 
2026-09-28 13:25:20.900 ++++++++++++++++++++++++++++++++++++++++++++++++++++++++++++++++++++++++++++++++++++++++
2026-09-28 13:25:20.900 ++Proactor<s2>.process_message  [analog-temp/synced.readings]
2026-09-28 13:25:20.901   IN  internal     analog-temp to hw1.isone.me.versant.keene.maple.scada.s2     <-  [analog-temp/to/hw1.isone.me.versant.keene.maple.scada.s2/synced.readings]        SyncedReadings           
2026-09-28 13:25:20.901 ++Parentless.process_internal_message analog-temp/synced.readings
2026-09-28 13:25:20.901   OUT mqtt         analog-temp to s                                       ->  [gw/hw1-isone-me-versant-keene-maple-scada-s2/to/s/synced-readings]               SyncedReadings           
2026-09-28 13:25:20.902 --Parentless.process_internal_message  path:0x00000004
2026-09-28 13:25:20.902 --Proactor<s2>.process_message  path:0x00000401
2026-09-28 13:25:20.902 ----------------------------------------------------------------------------------------
2026-09-28 13:25:23.918 
2026-09-28 13:25:23.918 ++++++++++++++++++++++++++++++++++++++++++++++++++++++++++++++++++++++++++++++++++++++++
2026-09-28 13:25:23.919 ++Proactor<s2>.process_message  [analog-temp/synced.readings]
2026-09-28 13:25:23.919   IN  internal     analog-temp to hw1.isone.me.versant.keene.maple.scada.s2     <-  [analog-temp/to/hw1.isone.me.versant.keene.maple.scada.s2/synced.readings]        SyncedReadings           
2026-09-28 13:25:23.920 ++Parentless.process_internal_message analog-temp/synced.readings
2026-09-28 13:25:23.921   OUT mqtt         analog-temp to s                                       ->  [gw/hw1-isone-me-versant-keene-maple-scada-s2/to/s/synced-readings]               SyncedReadings           
2026-09-28 13:25:23.922 --Parentless.process_internal_message  path:0x00000004
2026-09-28 13:25:23.922 --Proactor<s2>.process_message  path:0x00000401
2026-09-28 13:25:23.924 ----------------------------------------------------------------------------------------
2026-09-28 13:25:27.320 
2026-09-28 13:25:27.321 ++++++++++++++++++++++++++++++++++++++++++++++++++++++++++++++++++++++++++++++++++++++++
2026-09-28 13:25:27.321 ++Proactor<s2>.process_message  [analog-temp/synced.readings]
2026-09-28 13:25:27.322   IN  internal     analog-temp to hw1.isone.me.versant.keene.maple.scada.s2     <-  [analog-temp/to/hw1.isone.me.versant.keene.maple.scada.s2/synced.readings]        SyncedReadings           
2026-09-28 13:25:27.323 ++Parentless.process_internal_message analog-temp/synced.readings
2026-09-28 13:25:27.324   OUT mqtt         analog-temp to s                                       ->  [gw/hw1-isone-me-versant-keene-maple-scada-s2/to/s/synced-readings]               SyncedReadings           
2026-09-28 13:25:27.325 --Parentless.process_internal_message  path:0x00000004
2026-09-28 13:25:27.326 --Proactor<s2>.process_message  path:0x00000401
2026-09-28 13:25:27.326 ----------------------------------------------------------------------------------------
2026-09-28 13:25:29.722 
2026-09-28 13:25:29.722 ++++++++++++++++++++++++++++++++++++++++++++++++++++++++++++++++++++++++++++++++++++++++
2026-09-28 13:25:29.723 ++Proactor<s2>.process_message  [analog-temp/synced.readings]
2026-09-28 13:25:29.724   IN  internal     analog-temp to hw1.isone.me.versant.keene.maple.scada.s2     <-  [analog-temp/to/hw1.isone.me.versant.keene.maple.scada.s2/synced.readings]        SyncedReadings           
2026-09-28 13:25:29.724 ++Parentless.process_internal_message analog-temp/synced.readings
2026-09-28 13:25:29.725   OUT mqtt         analog-temp to s                                       ->  [gw/hw1-isone-me-versant-keene-maple-scada-s2/to/s/synced-readings]               SyncedReadings           
2026-09-28 13:25:29.726 --Parentless.process_internal_message  path:0x00000004
2026-09-28 13:25:29.727 --Proactor<s2>.process_message  path:0x00000401
2026-09-28 13:25:29.727 ----------------------------------------------------------------------------------------
2026-09-28 13:25:30.317 
2026-09-28 13:25:30.318 ++++++++++++++++++++++++++++++++++++++++++++++++++++++++++++++++++++++++++++++++++++++++
2026-09-28 13:25:30.318 ++Proactor<s2>.process_message  [analog-temp/synced.readings]
2026-09-28 13:25:30.319   IN  internal     analog-temp to hw1.isone.me.versant.keene.maple.scada.s2     <-  [analog-temp/to/hw1.isone.me.versant.keene.maple.scada.s2/synced.readings]        SyncedReadings           
2026-09-28 13:25:30.319 ++Parentless.process_internal_message analog-temp/synced.readings
2026-09-28 13:25:30.320   OUT mqtt         analog-temp to s                                       ->  [gw/hw1-isone-me-versant-keene-maple-scada-s2/to/s/synced-readings]               SyncedReadings           
2026-09-28 13:25:30.321 --Parentless.process_internal_message  path:0x00000004
2026-09-28 13:25:30.322 --Proactor<s2>.process_message  path:0x00000401
2026-09-28 13:25:30.322 ----------------------------------------------------------------------------------------
2026-09-28 13:25:31.922 
2026-09-28 13:25:31.923 ++++++++++++++++++++++++++++++++++++++++++++++++++++++++++++++++++++++++++++++++++++++++
2026-09-28 13:25:31.924 ++Proactor<s2>.process_message  [analog-temp/synced.readings]
2026-09-28 13:25:31.924   IN  internal     analog-temp to hw1.isone.me.versant.keene.maple.scada.s2     <-  [analog-temp/to/hw1.isone.me.versant.keene.maple.scada.s2/synced.readings]        SyncedReadings           
2026-09-28 13:25:31.925 ++Parentless.process_internal_message analog-temp/synced.readings
2026-09-28 13:25:31.926   OUT mqtt         analog-temp to s                                       ->  [gw/hw1-isone-me-versant-keene-maple-scada-s2/to/s/synced-readings]               SyncedReadings           
2026-09-28 13:25:31.927 --Parentless.process_internal_message  path:0x00000004
2026-09-28 13:25:31.927 --Proactor<s2>.process_message  path:0x00000401
2026-09-28 13:25:31.928 ----------------------------------------------------------------------------------------
2026-09-28 13:25:33.323 
2026-09-28 13:25:33.324 ++++++++++++++++++++++++++++++++++++++++++++++++++++++++++++++++++++++++++++++++++++++++
2026-09-28 13:25:33.324 ++Proactor<s2>.process_message  [analog-temp/synced.readings]
2026-09-28 13:25:33.325   IN  internal     analog-temp to hw1.isone.me.versant.keene.maple.scada.s2     <-  [analog-temp/to/hw1.isone.me.versant.keene.maple.scada.s2/synced.readings]        SyncedReadings           
2026-09-28 13:25:33.325 ++Parentless.process_internal_message analog-temp/synced.readings
2026-09-28 13:25:33.326   OUT mqtt         analog-temp to s                                       ->  [gw/hw1-isone-me-versant-keene-maple-scada-s2/to/s/synced-readings]               SyncedReadings           
2026-09-28 13:25:33.327 --Parentless.process_internal_message  path:0x00000004
2026-09-28 13:25:33.328 --Proactor<s2>.process_message  path:0x00000401
2026-09-28 13:25:33.328 ----------------------------------------------------------------------------------------
2026-09-28 13:25:35.924 
2026-09-28 13:25:35.925 ++++++++++++++++++++++++++++++++++++++++++++++++++++++++++++++++++++++++++++++++++++++++
2026-09-28 13:25:35.925 ++Proactor<s2>.process_message  [analog-temp/synced.readings]
2026-09-28 13:25:35.926   IN  internal     analog-temp to hw1.isone.me.versant.keene.maple.scada.s2     <-  [analog-temp/to/hw1.isone.me.versant.keene.maple.scada.s2/synced.readings]        SyncedReadings           
2026-09-28 13:25:35.926 ++Parentless.process_internal_message analog-temp/synced.readings
2026-09-28 13:25:35.928   OUT mqtt         analog-temp to s                                       ->  [gw/hw1-isone-me-versant-keene-maple-scada-s2/to/s/synced-readings]               SyncedReadings           
2026-09-28 13:25:35.929 --Parentless.process_internal_message  path:0x00000004
2026-09-28 13:25:35.929 --Proactor<s2>.process_message  path:0x00000401
2026-09-28 13:25:35.930 ----------------------------------------------------------------------------------------
2026-09-28 13:25:36.213 
2026-09-28 13:25:36.213 ++++++++++++++++++++++++++++++++++++++++++++++++++++++++++++++++++++++++++++++++++++++++
2026-09-28 13:25:36.214 ++Proactor<s2>.process_message  [gridworks-ping]
2026-09-28 13:25:36.214 ++Proactor<s2>._process_mqtt_message mqtt_clients/mqtt_message
2026-09-28 13:25:36.215   IN  mqtt         hw1.isone.me.versant.keene.maple.scada to s2           <-  [gw/hw1-isone-me-versant-keene-maple-scada/to/s2/gridworks-ping]                  Ping                      27d351b4...
2026-09-28 13:25:36.217   OUT mqtt         hw1.isone.me.versant.keene.maple.scada.s2 to s         ->  [gw/hw1-isone-me-versant-keene-maple-scada-s2/to/s/gridworks-ack]                 Ack                       27d351b4...
2026-09-28 13:25:36.217 --Proactor<s2>._process_mqtt_message:1  path:0x00000223
2026-09-28 13:25:36.218 --Proactor<s2>.process_message  path:0x00000002
2026-09-28 13:25:36.218 ----------------------------------------------------------------------------------------
2026-09-28 13:25:39.326 
2026-09-28 13:25:39.327 ++++++++++++++++++++++++++++++++++++++++++++++++++++++++++++++++++++++++++++++++++++++++
2026-09-28 13:25:39.327 ++Proactor<s2>.process_message  [analog-temp/synced.readings]
2026-09-28 13:25:39.328   IN  internal     analog-temp to hw1.isone.me.versant.keene.maple.scada.s2     <-  [analog-temp/to/hw1.isone.me.versant.keene.maple.scada.s2/synced.readings]        SyncedReadings           
2026-09-28 13:25:39.328 ++Parentless.process_internal_message analog-temp/synced.readings
2026-09-28 13:25:39.330   OUT mqtt         analog-temp to s                                       ->  [gw/hw1-isone-me-versant-keene-maple-scada-s2/to/s/synced-readings]               SyncedReadings           
2026-09-28 13:25:39.330 --Parentless.process_internal_message  path:0x00000004
2026-09-28 13:25:39.331 --Proactor<s2>.process_message  path:0x00000401
2026-09-28 13:25:39.332 ----------------------------------------------------------------------------------------
2026-09-28 13:25:41.913 
2026-09-28 13:25:41.913 ++++++++++++++++++++++++++++++++++++++++++++++++++++++++++++++++++++++++++++++++++++++++
2026-09-28 13:25:41.913 ++Proactor<s2>.process_message  [analog-temp/synced.readings]
2026-09-28 13:25:41.914   IN  internal     analog-temp to hw1.isone.me.versant.keene.maple.scada.s2     <-  [analog-temp/to/hw1.isone.me.versant.keene.maple.scada.s2/synced.readings]        SyncedReadings           
2026-09-28 13:25:41.914 ++Parentless.process_internal_message analog-temp/synced.readings
2026-09-28 13:25:41.915   OUT mqtt         analog-temp to s                                       ->  [gw/hw1-isone-me-versant-keene-maple-scada-s2/to/s/synced-readings]               SyncedReadings           
2026-09-28 13:25:41.915 --Parentless.process_internal_message  path:0x00000004
2026-09-28 13:25:41.915 --Proactor<s2>.process_message  path:0x00000401
2026-09-28 13:25:41.915 ----------------------------------------------------------------------------------------
2026-09-28 13:25:42.716 
2026-09-28 13:25:42.716 ++++++++++++++++++++++++++++++++++++++++++++++++++++++++++++++++++++++++++++++++++++++++
2026-09-28 13:25:42.716 ++Proactor<s2>.process_message  [analog-temp/synced.readings]
2026-09-28 13:25:42.716   IN  internal     analog-temp to hw1.isone.me.versant.keene.maple.scada.s2     <-  [analog-temp/to/hw1.isone.me.versant.keene.maple.scada.s2/synced.readings]        SyncedReadings           
2026-09-28 13:25:42.717 ++Parentless.process_internal_message analog-temp/synced.readings
2026-09-28 13:25:42.717   OUT mqtt         analog-temp to s                                       ->  [gw/hw1-isone-me-versant-keene-maple-scada-s2/to/s/synced-readings]               SyncedReadings           
2026-09-28 13:25:42.718 --Parentless.process_internal_message  path:0x00000004
2026-09-28 13:25:42.718 --Proactor<s2>.process_message  path:0x00000401
2026-09-28 13:25:42.718 ----------------------------------------------------------------------------------------
2026-09-28 13:25:45.314 
2026-09-28 13:25:45.315 ++++++++++++++++++++++++++++++++++++++++++++++++++++++++++++++++++++++++++++++++++++++++
2026-09-28 13:25:45.315 ++Proactor<s2>.process_message  [analog-temp/synced.readings]
2026-09-28 13:25:45.315   IN  internal     analog-temp to hw1.isone.me.versant.keene.maple.scada.s2     <-  [analog-temp/to/hw1.isone.me.versant.keene.maple.scada.s2/synced.readings]        SyncedReadings           
2026-09-28 13:25:45.315 ++Parentless.process_internal_message analog-temp/synced.readings
2026-09-28 13:25:45.316   OUT mqtt         analog-temp to s                                       ->  [gw/hw1-isone-me-versant-keene-maple-scada-s2/to/s/synced-readings]               SyncedReadings           
2026-09-28 13:25:45.316 --Parentless.process_internal_message  path:0x00000004
2026-09-28 13:25:45.317 --Proactor<s2>.process_message  path:0x00000401
2026-09-28 13:25:45.317 ----------------------------------------------------------------------------------------
2026-09-28 13:25:48.532 
2026-09-28 13:25:48.532 ++++++++++++++++++++++++++++++++++++++++++++++++++++++++++++++++++++++++++++++++++++++++
2026-09-28 13:25:48.533 ++Proactor<s2>.process_message  [analog-temp/synced.readings]
2026-09-28 13:25:48.534   IN  internal     analog-temp to hw1.isone.me.versant.keene.maple.scada.s2     <-  [analog-temp/to/hw1.isone.me.versant.keene.maple.scada.s2/synced.readings]        SyncedReadings           
2026-09-28 13:25:48.534 ++Parentless.process_internal_message analog-temp/synced.readings
2026-09-28 13:25:48.536   OUT mqtt         analog-temp to s                                       ->  [gw/hw1-isone-me-versant-keene-maple-scada-s2/to/s/synced-readings]               SyncedReadings           
2026-09-28 13:25:48.537 --Parentless.process_internal_message  path:0x00000004
2026-09-28 13:25:48.537 --Proactor<s2>.process_message  path:0x00000401
2026-09-28 13:25:48.538 ----------------------------------------------------------------------------------------
2026-09-28 13:25:48.732 
2026-09-28 13:25:48.733 ++++++++++++++++++++++++++++++++++++++++++++++++++++++++++++++++++++++++++++++++++++++++
2026-09-28 13:25:48.733 ++Proactor<s2>.process_message  [analog-temp/synced.readings]
2026-09-28 13:25:48.734   IN  internal     analog-temp to hw1.isone.me.versant.keene.maple.scada.s2     <-  [analog-temp/to/hw1.isone.me.versant.keene.maple.scada.s2/synced.readings]        SyncedReadings           
2026-09-28 13:25:48.734 ++Parentless.process_internal_message analog-temp/synced.readings
2026-09-28 13:25:48.736   OUT mqtt         analog-temp to s                                       ->  [gw/hw1-isone-me-versant-keene-maple-scada-s2/to/s/synced-readings]               SyncedReadings           
2026-09-28 13:25:48.737 --Parentless.process_internal_message  path:0x00000004
2026-09-28 13:25:48.737 --Proactor<s2>.process_message  path:0x00000401
2026-09-28 13:25:48.738 ----------------------------------------------------------------------------------------
2026-09-28 13:25:50.132 
2026-09-28 13:25:50.133 ++++++++++++++++++++++++++++++++++++++++++++++++++++++++++++++++++++++++++++++++++++++++
2026-09-28 13:25:50.134 ++Proactor<s2>.process_message  [analog-temp/synced.readings]
2026-09-28 13:25:50.134   IN  internal     analog-temp to hw1.isone.me.versant.keene.maple.scada.s2     <-  [analog-temp/to/hw1.isone.me.versant.keene.maple.scada.s2/synced.readings]        SyncedReadings           
2026-09-28 13:25:50.135 ++Parentless.process_internal_message analog-temp/synced.readings
2026-09-28 13:25:50.136   OUT mqtt         analog-temp to s                                       ->  [gw/hw1-isone-me-versant-keene-maple-scada-s2/to/s/synced-readings]               SyncedReadings           
2026-09-28 13:25:50.137 --Parentless.process_internal_message  path:0x00000004
2026-09-28 13:25:50.138 --Proactor<s2>.process_message  path:0x00000401
2026-09-28 13:25:50.138 ----------------------------------------------------------------------------------------
2026-09-28 13:25:52.134 
2026-09-28 13:25:52.135 ++++++++++++++++++++++++++++++++++++++++++++++++++++++++++++++++++++++++++++++++++++++++
2026-09-28 13:25:52.135 ++Proactor<s2>.process_message  [analog-temp/synced.readings]
2026-09-28 13:25:52.136   IN  internal     analog-temp to hw1.isone.me.versant.keene.maple.scada.s2     <-  [analog-temp/to/hw1.isone.me.versant.keene.maple.scada.s2/synced.readings]        SyncedReadings           
2026-09-28 13:25:52.136 ++Parentless.process_internal_message analog-temp/synced.readings
2026-09-28 13:25:52.138   OUT mqtt         analog-temp to s                                       ->  [gw/hw1-isone-me-versant-keene-maple-scada-s2/to/s/synced-readings]               SyncedReadings           
2026-09-28 13:25:52.138 --Parentless.process_internal_message  path:0x00000004
2026-09-28 13:25:52.139 --Proactor<s2>.process_message  path:0x00000401
2026-09-28 13:25:52.140 ----------------------------------------------------------------------------------------
2026-09-28 13:25:53.735 
2026-09-28 13:25:53.736 ++++++++++++++++++++++++++++++++++++++++++++++++++++++++++++++++++++++++++++++++++++++++
2026-09-28 13:25:53.736 ++Proactor<s2>.process_message  [analog-temp/synced.readings]
2026-09-28 13:25:53.737   IN  internal     analog-temp to hw1.isone.me.versant.keene.maple.scada.s2     <-  [analog-temp/to/hw1.isone.me.versant.keene.maple.scada.s2/synced.readings]        SyncedReadings           
2026-09-28 13:25:53.737 ++Parentless.process_internal_message analog-temp/synced.readings
2026-09-28 13:25:53.739   OUT mqtt         analog-temp to s                                       ->  [gw/hw1-isone-me-versant-keene-maple-scada-s2/to/s/synced-readings]               SyncedReadings           
2026-09-28 13:25:53.740 --Parentless.process_internal_message  path:0x00000004
2026-09-28 13:25:53.740 --Proactor<s2>.process_message  path:0x00000401
2026-09-28 13:25:53.741 ----------------------------------------------------------------------------------------
2026-09-28 13:25:54.535 
2026-09-28 13:25:54.536 ++++++++++++++++++++++++++++++++++++++++++++++++++++++++++++++++++++++++++++++++++++++++
2026-09-28 13:25:54.536 ++Proactor<s2>.process_message  [analog-temp/synced.readings]
2026-09-28 13:25:54.537   IN  internal     analog-temp to hw1.isone.me.versant.keene.maple.scada.s2     <-  [analog-temp/to/hw1.isone.me.versant.keene.maple.scada.s2/synced.readings]        SyncedReadings           
2026-09-28 13:25:54.537 ++Parentless.process_internal_message analog-temp/synced.readings
2026-09-28 13:25:54.538   OUT mqtt         analog-temp to s                                       ->  [gw/hw1-isone-me-versant-keene-maple-scada-s2/to/s/synced-readings]               SyncedReadings           
2026-09-28 13:25:54.539 --Parentless.process_internal_message  path:0x00000004
2026-09-28 13:25:54.540 --Proactor<s2>.process_message  path:0x00000401
2026-09-28 13:25:54.540 ----------------------------------------------------------------------------------------
2026-09-28 13:25:56.521 
2026-09-28 13:25:56.521 ++++++++++++++++++++++++++++++++++++++++++++++++++++++++++++++++++++++++++++++++++++++++
2026-09-28 13:25:56.521 ++Proactor<s2>.process_message  [analog-temp/synced.readings]
2026-09-28 13:25:56.521   IN  internal     analog-temp to hw1.isone.me.versant.keene.maple.scada.s2     <-  [analog-temp/to/hw1.isone.me.versant.keene.maple.scada.s2/synced.readings]        SyncedReadings           
2026-09-28 13:25:56.522 ++Parentless.process_internal_message analog-temp/synced.readings
2026-09-28 13:25:56.522   OUT mqtt         analog-temp to s                                       ->  [gw/hw1-isone-me-versant-keene-maple-scada-s2/to/s/synced-readings]               SyncedReadings           
2026-09-28 13:25:56.522 --Parentless.process_internal_message  path:0x00000004
2026-09-28 13:25:56.523 --Proactor<s2>.process_message  path:0x00000401
2026-09-28 13:25:56.523 ----------------------------------------------------------------------------------------
2026-09-28 13:26:01.740 
2026-09-28 13:26:01.741 ++++++++++++++++++++++++++++++++++++++++++++++++++++++++++++++++++++++++++++++++++++++++
2026-09-28 13:26:01.741 ++Proactor<s2>.process_message  [analog-temp/synced.readings]
2026-09-28 13:26:01.742   IN  internal     analog-temp to hw1.isone.me.versant.keene.maple.scada.s2     <-  [analog-temp/to/hw1.isone.me.versant.keene.maple.scada.s2/synced.readings]        SyncedReadings           
2026-09-28 13:26:01.743 ++Parentless.process_internal_message analog-temp/synced.readings
2026-09-28 13:26:01.744   OUT mqtt         analog-temp to s                                       ->  [gw/hw1-isone-me-versant-keene-maple-scada-s2/to/s/synced-readings]               SyncedReadings           
2026-09-28 13:26:01.745 --Parentless.process_internal_message  path:0x00000004
2026-09-28 13:26:01.746 --Proactor<s2>.process_message  path:0x00000401
2026-09-28 13:26:01.746 ----------------------------------------------------------------------------------------
2026-09-28 13:26:08.943 
2026-09-28 13:26:08.944 ++++++++++++++++++++++++++++++++++++++++++++++++++++++++++++++++++++++++++++++++++++++++
2026-09-28 13:26:08.944 ++Proactor<s2>.process_message  [analog-temp/synced.readings]
2026-09-28 13:26:08.945   IN  internal     analog-temp to hw1.isone.me.versant.keene.maple.scada.s2     <-  [analog-temp/to/hw1.isone.me.versant.keene.maple.scada.s2/synced.readings]        SyncedReadings           
2026-09-28 13:26:08.945 ++Parentless.process_internal_message analog-temp/synced.readings
2026-09-28 13:26:08.947   OUT mqtt         analog-temp to s                                       ->  [gw/hw1-isone-me-versant-keene-maple-scada-s2/to/s/synced-readings]               SyncedReadings           
2026-09-28 13:26:08.948 --Parentless.process_internal_message  path:0x00000004
2026-09-28 13:26:08.948 --Proactor<s2>.process_message  path:0x00000401
2026-09-28 13:26:08.949 ----------------------------------------------------------------------------------------
2026-09-28 13:26:09.543 
2026-09-28 13:26:09.544 ++++++++++++++++++++++++++++++++++++++++++++++++++++++++++++++++++++++++++++++++++++++++
2026-09-28 13:26:09.545 ++Proactor<s2>.process_message  [analog-temp/synced.readings]
2026-09-28 13:26:09.545   IN  internal     analog-temp to hw1.isone.me.versant.keene.maple.scada.s2     <-  [analog-temp/to/hw1.isone.me.versant.keene.maple.scada.s2/synced.readings]        SyncedReadings           
2026-09-28 13:26:09.546 ++Parentless.process_internal_message analog-temp/synced.readings
2026-09-28 13:26:09.547   OUT mqtt         analog-temp to s                                       ->  [gw/hw1-isone-me-versant-keene-maple-scada-s2/to/s/synced-readings]               SyncedReadings           
2026-09-28 13:26:09.548 --Parentless.process_internal_message  path:0x00000004
2026-09-28 13:26:09.548 --Proactor<s2>.process_message  path:0x00000401
2026-09-28 13:26:09.549 ----------------------------------------------------------------------------------------
2026-09-28 13:26:10.749 
2026-09-28 13:26:10.749 ++++++++++++++++++++++++++++++++++++++++++++++++++++++++++++++++++++++++++++++++++++++++
2026-09-28 13:26:10.750 ++Proactor<s2>.process_message  [analog-temp/synced.readings]
2026-09-28 13:26:10.750   IN  internal     analog-temp to hw1.isone.me.versant.keene.maple.scada.s2     <-  [analog-temp/to/hw1.isone.me.versant.keene.maple.scada.s2/synced.readings]        SyncedReadings           
2026-09-28 13:26:10.751 ++Parentless.process_internal_message analog-temp/synced.readings
2026-09-28 13:26:10.753   OUT mqtt         analog-temp to s                                       ->  [gw/hw1-isone-me-versant-keene-maple-scada-s2/to/s/synced-readings]               SyncedReadings           
2026-09-28 13:26:10.755 --Parentless.process_internal_message  path:0x00000004
2026-09-28 13:26:10.756 --Proactor<s2>.process_message  path:0x00000401
2026-09-28 13:26:10.756 ----------------------------------------------------------------------------------------
2026-09-28 13:26:11.730 
2026-09-28 13:26:11.730 ++++++++++++++++++++++++++++++++++++++++++++++++++++++++++++++++++++++++++++++++++++++++
2026-09-28 13:26:11.730 ++Proactor<s2>.process_message  [analog-temp/synced.readings]
2026-09-28 13:26:11.730   IN  internal     analog-temp to hw1.isone.me.versant.keene.maple.scada.s2     <-  [analog-temp/to/hw1.isone.me.versant.keene.maple.scada.s2/synced.readings]        SyncedReadings           
2026-09-28 13:26:11.731 ++Parentless.process_internal_message analog-temp/synced.readings
2026-09-28 13:26:11.731   OUT mqtt         analog-temp to s                                       ->  [gw/hw1-isone-me-versant-keene-maple-scada-s2/to/s/synced-readings]               SyncedReadings           
2026-09-28 13:26:11.732 --Parentless.process_internal_message  path:0x00000004
2026-09-28 13:26:11.732 --Proactor<s2>.process_message  path:0x00000401
2026-09-28 13:26:11.732 ----------------------------------------------------------------------------------------
2026-09-28 13:26:17.947 
2026-09-28 13:26:17.948 ++++++++++++++++++++++++++++++++++++++++++++++++++++++++++++++++++++++++++++++++++++++++
2026-09-28 13:26:17.948 ++Proactor<s2>.process_message  [analog-temp/synced.readings]
2026-09-28 13:26:17.949   IN  internal     analog-temp to hw1.isone.me.versant.keene.maple.scada.s2     <-  [analog-temp/to/hw1.isone.me.versant.keene.maple.scada.s2/synced.readings]        SyncedReadings           
2026-09-28 13:26:17.949 ++Parentless.process_internal_message analog-temp/synced.readings
2026-09-28 13:26:17.951   OUT mqtt         analog-temp to s                                       ->  [gw/hw1-isone-me-versant-keene-maple-scada-s2/to/s/synced-readings]               SyncedReadings           
2026-09-28 13:26:17.952 --Parentless.process_internal_message  path:0x00000004
2026-09-28 13:26:17.952 --Proactor<s2>.process_message  path:0x00000401
2026-09-28 13:26:17.953 ----------------------------------------------------------------------------------------
2026-09-28 13:26:20.551 
2026-09-28 13:26:20.551 ++++++++++++++++++++++++++++++++++++++++++++++++++++++++++++++++++++++++++++++++++++++++
2026-09-28 13:26:20.552 ++Proactor<s2>.process_message  [analog-temp/synced.readings]
2026-09-28 13:26:20.552   IN  internal     analog-temp to hw1.isone.me.versant.keene.maple.scada.s2     <-  [analog-temp/to/hw1.isone.me.versant.keene.maple.scada.s2/synced.readings]        SyncedReadings           
2026-09-28 13:26:20.553 ++Parentless.process_internal_message analog-temp/synced.readings
2026-09-28 13:26:20.554   OUT mqtt         analog-temp to s                                       ->  [gw/hw1-isone-me-versant-keene-maple-scada-s2/to/s/synced-readings]               SyncedReadings           
2026-09-28 13:26:20.555 --Parentless.process_internal_message  path:0x00000004
2026-09-28 13:26:20.556 --Proactor<s2>.process_message  path:0x00000401
2026-09-28 13:26:20.556 ----------------------------------------------------------------------------------------
2026-09-28 13:26:20.950 
2026-09-28 13:26:20.950 ++++++++++++++++++++++++++++++++++++++++++++++++++++++++++++++++++++++++++++++++++++++++
2026-09-28 13:26:20.951 ++Proactor<s2>.process_message  [analog-temp/synced.readings]
2026-09-28 13:26:20.952   IN  internal     analog-temp to hw1.isone.me.versant.keene.maple.scada.s2     <-  [analog-temp/to/hw1.isone.me.versant.keene.maple.scada.s2/synced.readings]        SyncedReadings           
2026-09-28 13:26:20.952 ++Parentless.process_internal_message analog-temp/synced.readings
2026-09-28 13:26:20.954   OUT mqtt         analog-temp to s                                       ->  [gw/hw1-isone-me-versant-keene-maple-scada-s2/to/s/synced-readings]               SyncedReadings           
2026-09-28 13:26:20.954 --Parentless.process_internal_message  path:0x00000004
2026-09-28 13:26:20.955 --Proactor<s2>.process_message  path:0x00000401
2026-09-28 13:26:20.956 ----------------------------------------------------------------------------------------
2026-09-28 13:26:21.951 
2026-09-28 13:26:21.952 ++++++++++++++++++++++++++++++++++++++++++++++++++++++++++++++++++++++++++++++++++++++++
2026-09-28 13:26:21.952 ++Proactor<s2>.process_message  [analog-temp/synced.readings]
2026-09-28 13:26:21.953   IN  internal     analog-temp to hw1.isone.me.versant.keene.maple.scada.s2     <-  [analog-temp/to/hw1.isone.me.versant.keene.maple.scada.s2/synced.readings]        SyncedReadings           
2026-09-28 13:26:21.953 ++Parentless.process_internal_message analog-temp/synced.readings
2026-09-28 13:26:21.955   OUT mqtt         analog-temp to s                                       ->  [gw/hw1-isone-me-versant-keene-maple-scada-s2/to/s/synced-readings]               SyncedReadings           
2026-09-28 13:26:21.956 --Parentless.process_internal_message  path:0x00000004
2026-09-28 13:26:21.957 --Proactor<s2>.process_message  path:0x00000401
2026-09-28 13:26:21.957 ----------------------------------------------------------------------------------------
2026-09-28 13:26:22.151 
2026-09-28 13:26:22.152 ++++++++++++++++++++++++++++++++++++++++++++++++++++++++++++++++++++++++++++++++++++++++
2026-09-28 13:26:22.152 ++Proactor<s2>.process_message  [analog-temp/synced.readings]
2026-09-28 13:26:22.153   IN  internal     analog-temp to hw1.isone.me.versant.keene.maple.scada.s2     <-  [analog-temp/to/hw1.isone.me.versant.keene.maple.scada.s2/synced.readings]        SyncedReadings           
2026-09-28 13:26:22.153 ++Parentless.process_internal_message analog-temp/synced.readings
2026-09-28 13:26:22.155   OUT mqtt         analog-temp to s                                       ->  [gw/hw1-isone-me-versant-keene-maple-scada-s2/to/s/synced-readings]               SyncedReadings           
2026-09-28 13:26:22.156 --Parentless.process_internal_message  path:0x00000004
2026-09-28 13:26:22.156 --Proactor<s2>.process_message  path:0x00000401
2026-09-28 13:26:22.157 ----------------------------------------------------------------------------------------
2026-09-28 13:26:24.738 
2026-09-28 13:26:24.739 ++++++++++++++++++++++++++++++++++++++++++++++++++++++++++++++++++++++++++++++++++++++++
2026-09-28 13:26:24.739 ++Proactor<s2>.process_message  [analog-temp/synced.readings]
2026-09-28 13:26:24.739   IN  internal     analog-temp to hw1.isone.me.versant.keene.maple.scada.s2     <-  [analog-temp/to/hw1.isone.me.versant.keene.maple.scada.s2/synced.readings]        SyncedReadings           
2026-09-28 13:26:24.739 ++Parentless.process_internal_message analog-temp/synced.readings
2026-09-28 13:26:24.740   OUT mqtt         analog-temp to s                                       ->  [gw/hw1-isone-me-versant-keene-maple-scada-s2/to/s/synced-readings]               SyncedReadings           
2026-09-28 13:26:24.740 --Parentless.process_internal_message  path:0x00000004
2026-09-28 13:26:24.741 --Proactor<s2>.process_message  path:0x00000401
2026-09-28 13:26:24.741 ----------------------------------------------------------------------------------------
2026-09-28 13:26:26.137 
2026-09-28 13:26:26.138 ++++++++++++++++++++++++++++++++++++++++++++++++++++++++++++++++++++++++++++++++++++++++
2026-09-28 13:26:26.138 ++Proactor<s2>.process_message  [analog-temp/synced.readings]
2026-09-28 13:26:26.138   IN  internal     analog-temp to hw1.isone.me.versant.keene.maple.scada.s2     <-  [analog-temp/to/hw1.isone.me.versant.keene.maple.scada.s2/synced.readings]        SyncedReadings           
2026-09-28 13:26:26.138 ++Parentless.process_internal_message analog-temp/synced.readings
2026-09-28 13:26:26.139   OUT mqtt         analog-temp to s                                       ->  [gw/hw1-isone-me-versant-keene-maple-scada-s2/to/s/synced-readings]               SyncedReadings           
2026-09-28 13:26:26.139 --Parentless.process_internal_message  path:0x00000004
2026-09-28 13:26:26.140 --Proactor<s2>.process_message  path:0x00000401
2026-09-28 13:26:26.140 ----------------------------------------------------------------------------------------
2026-09-28 13:26:26.337 
2026-09-28 13:26:26.337 ++++++++++++++++++++++++++++++++++++++++++++++++++++++++++++++++++++++++++++++++++++++++
2026-09-28 13:26:26.338 ++Proactor<s2>.process_message  [analog-temp/synced.readings]
2026-09-28 13:26:26.338   IN  internal     analog-temp to hw1.isone.me.versant.keene.maple.scada.s2     <-  [analog-temp/to/hw1.isone.me.versant.keene.maple.scada.s2/synced.readings]        SyncedReadings           
2026-09-28 13:26:26.338 ++Parentless.process_internal_message analog-temp/synced.readings
2026-09-28 13:26:26.339   OUT mqtt         analog-temp to s                                       ->  [gw/hw1-isone-me-versant-keene-maple-scada-s2/to/s/synced-readings]               SyncedReadings           
2026-09-28 13:26:26.339 --Parentless.process_internal_message  path:0x00000004
2026-09-28 13:26:26.339 --Proactor<s2>.process_message  path:0x00000401
2026-09-28 13:26:26.339 ----------------------------------------------------------------------------------------
2026-09-28 13:26:27.137 
2026-09-28 13:26:27.137 ++++++++++++++++++++++++++++++++++++++++++++++++++++++++++++++++++++++++++++++++++++++++
2026-09-28 13:26:27.138 ++Proactor<s2>.process_message  [analog-temp/synced.readings]
2026-09-28 13:26:27.138   IN  internal     analog-temp to hw1.isone.me.versant.keene.maple.scada.s2     <-  [analog-temp/to/hw1.isone.me.versant.keene.maple.scada.s2/synced.readings]        SyncedReadings           
2026-09-28 13:26:27.138 ++Parentless.process_internal_message analog-temp/synced.readings
2026-09-28 13:26:27.139   OUT mqtt         analog-temp to s                                       ->  [gw/hw1-isone-me-versant-keene-maple-scada-s2/to/s/synced-readings]               SyncedReadings           
2026-09-28 13:26:27.139 --Parentless.process_internal_message  path:0x00000004
2026-09-28 13:26:27.139 --Proactor<s2>.process_message  path:0x00000401
2026-09-28 13:26:27.139 ----------------------------------------------------------------------------------------
2026-09-28 13:26:27.937 
2026-09-28 13:26:27.938 ++++++++++++++++++++++++++++++++++++++++++++++++++++++++++++++++++++++++++++++++++++++++
2026-09-28 13:26:27.938 ++Proactor<s2>.process_message  [analog-temp/synced.readings]
2026-09-28 13:26:27.938   IN  internal     analog-temp to hw1.isone.me.versant.keene.maple.scada.s2     <-  [analog-temp/to/hw1.isone.me.versant.keene.maple.scada.s2/synced.readings]        SyncedReadings           
2026-09-28 13:26:27.938 ++Parentless.process_internal_message analog-temp/synced.readings
2026-09-28 13:26:27.939   OUT mqtt         analog-temp to s                                       ->  [gw/hw1-isone-me-versant-keene-maple-scada-s2/to/s/synced-readings]               SyncedReadings           
2026-09-28 13:26:27.939 --Parentless.process_internal_message  path:0x00000004
2026-09-28 13:26:27.940 --Proactor<s2>.process_message  path:0x00000401
2026-09-28 13:26:27.940 ----------------------------------------------------------------------------------------
2026-09-28 13:26:29.153 
2026-09-28 13:26:29.154 ++++++++++++++++++++++++++++++++++++++++++++++++++++++++++++++++++++++++++++++++++++++++
2026-09-28 13:26:29.154 ++Proactor<s2>.process_message  [analog-temp/synced.readings]
2026-09-28 13:26:29.155   IN  internal     analog-temp to hw1.isone.me.versant.keene.maple.scada.s2     <-  [analog-temp/to/hw1.isone.me.versant.keene.maple.scada.s2/synced.readings]        SyncedReadings           
2026-09-28 13:26:29.156 ++Parentless.process_internal_message analog-temp/synced.readings
2026-09-28 13:26:29.157   OUT mqtt         analog-temp to s                                       ->  [gw/hw1-isone-me-versant-keene-maple-scada-s2/to/s/synced-readings]               SyncedReadings           
2026-09-28 13:26:29.158 --Parentless.process_internal_message  path:0x00000004
2026-09-28 13:26:29.158 --Proactor<s2>.process_message  path:0x00000401
2026-09-28 13:26:29.159 ----------------------------------------------------------------------------------------
2026-09-28 13:26:30.955 
2026-09-28 13:26:30.956 ++++++++++++++++++++++++++++++++++++++++++++++++++++++++++++++++++++++++++++++++++++++++
2026-09-28 13:26:30.957 ++Proactor<s2>.process_message  [analog-temp/synced.readings]
2026-09-28 13:26:30.957   IN  internal     analog-temp to hw1.isone.me.versant.keene.maple.scada.s2     <-  [analog-temp/to/hw1.isone.me.versant.keene.maple.scada.s2/synced.readings]        SyncedReadings           
2026-09-28 13:26:30.958 ++Parentless.process_internal_message analog-temp/synced.readings
2026-09-28 13:26:30.960   OUT mqtt         analog-temp to s                                       ->  [gw/hw1-isone-me-versant-keene-maple-scada-s2/to/s/synced-readings]               SyncedReadings           
2026-09-28 13:26:30.961 --Parentless.process_internal_message  path:0x00000004
2026-09-28 13:26:30.961 --Proactor<s2>.process_message  path:0x00000401
2026-09-28 13:26:30.962 ----------------------------------------------------------------------------------------
2026-09-28 13:26:32.757 
2026-09-28 13:26:32.757 ++++++++++++++++++++++++++++++++++++++++++++++++++++++++++++++++++++++++++++++++++++++++
2026-09-28 13:26:32.758 ++Proactor<s2>.process_message  [analog-temp/synced.readings]
2026-09-28 13:26:32.758   IN  internal     analog-temp to hw1.isone.me.versant.keene.maple.scada.s2     <-  [analog-temp/to/hw1.isone.me.versant.keene.maple.scada.s2/synced.readings]        SyncedReadings           
2026-09-28 13:26:32.759 ++Parentless.process_internal_message analog-temp/synced.readings
2026-09-28 13:26:32.761   OUT mqtt         analog-temp to s                                       ->  [gw/hw1-isone-me-versant-keene-maple-scada-s2/to/s/synced-readings]               SyncedReadings           
2026-09-28 13:26:32.762 --Parentless.process_internal_message  path:0x00000004
2026-09-28 13:26:32.762 --Proactor<s2>.process_message  path:0x00000401
2026-09-28 13:26:32.763 ----------------------------------------------------------------------------------------
2026-09-28 13:26:34.559 
2026-09-28 13:26:34.559 ++++++++++++++++++++++++++++++++++++++++++++++++++++++++++++++++++++++++++++++++++++++++
2026-09-28 13:26:34.560 ++Proactor<s2>.process_message  [analog-temp/synced.readings]
2026-09-28 13:26:34.561   IN  internal     analog-temp to hw1.isone.me.versant.keene.maple.scada.s2     <-  [analog-temp/to/hw1.isone.me.versant.keene.maple.scada.s2/synced.readings]        SyncedReadings           
2026-09-28 13:26:34.561 ++Parentless.process_internal_message analog-temp/synced.readings
2026-09-28 13:26:34.563   OUT mqtt         analog-temp to s                                       ->  [gw/hw1-isone-me-versant-keene-maple-scada-s2/to/s/synced-readings]               SyncedReadings           
2026-09-28 13:26:34.565 --Parentless.process_internal_message  path:0x00000004
2026-09-28 13:26:34.565 --Proactor<s2>.process_message  path:0x00000401
2026-09-28 13:26:34.566 ----------------------------------------------------------------------------------------
2026-09-28 13:26:36.343 
2026-09-28 13:26:36.343 ++++++++++++++++++++++++++++++++++++++++++++++++++++++++++++++++++++++++++++++++++++++++
2026-09-28 13:26:36.344 ++Proactor<s2>.process_message  [analog-temp/synced.readings]
2026-09-28 13:26:36.344   IN  internal     analog-temp to hw1.isone.me.versant.keene.maple.scada.s2     <-  [analog-temp/to/hw1.isone.me.versant.keene.maple.scada.s2/synced.readings]        SyncedReadings           
2026-09-28 13:26:36.344 ++Parentless.process_internal_message analog-temp/synced.readings
2026-09-28 13:26:36.345   OUT mqtt         analog-temp to s                                       ->  [gw/hw1-isone-me-versant-keene-maple-scada-s2/to/s/synced-readings]               SyncedReadings           
2026-09-28 13:26:36.345 --Parentless.process_internal_message  path:0x00000004
2026-09-28 13:26:36.345 --Proactor<s2>.process_message  path:0x00000401
2026-09-28 13:26:36.345 ----------------------------------------------------------------------------------------
2026-09-28 13:26:36.744 
2026-09-28 13:26:36.745 ++++++++++++++++++++++++++++++++++++++++++++++++++++++++++++++++++++++++++++++++++++++++
2026-09-28 13:26:36.745 ++Proactor<s2>.process_message  [analog-temp/synced.readings]
2026-09-28 13:26:36.745   IN  internal     analog-temp to hw1.isone.me.versant.keene.maple.scada.s2     <-  [analog-temp/to/hw1.isone.me.versant.keene.maple.scada.s2/synced.readings]        SyncedReadings           
2026-09-28 13:26:36.746 ++Parentless.process_internal_message analog-temp/synced.readings
2026-09-28 13:26:36.746   OUT mqtt         analog-temp to s                                       ->  [gw/hw1-isone-me-versant-keene-maple-scada-s2/to/s/synced-readings]               SyncedReadings           
2026-09-28 13:26:36.747 --Parentless.process_internal_message  path:0x00000004
2026-09-28 13:26:36.747 --Proactor<s2>.process_message  path:0x00000401
2026-09-28 13:26:36.747 ----------------------------------------------------------------------------------------
2026-09-28 13:26:36.801 
2026-09-28 13:26:36.801 ++++++++++++++++++++++++++++++++++++++++++++++++++++++++++++++++++++++++++++++++++++++++
2026-09-28 13:26:36.801 ++Proactor<s2>.process_message  [gridworks-ping]
2026-09-28 13:26:36.801 ++Proactor<s2>._process_mqtt_message mqtt_clients/mqtt_message
2026-09-28 13:26:36.802   IN  mqtt         hw1.isone.me.versant.keene.maple.scada to s2           <-  [gw/hw1-isone-me-versant-keene-maple-scada/to/s2/gridworks-ping]                  Ping                      9ab3f4b6...
2026-09-28 13:26:36.802   OUT mqtt         hw1.isone.me.versant.keene.maple.scada.s2 to s         ->  [gw/hw1-isone-me-versant-keene-maple-scada-s2/to/s/gridworks-ack]                 Ack                       9ab3f4b6...
2026-09-28 13:26:36.803 --Proactor<s2>._process_mqtt_message:1  path:0x00000223
2026-09-28 13:26:36.803 --Proactor<s2>.process_message  path:0x00000002
2026-09-28 13:26:36.803 ----------------------------------------------------------------------------------------
2026-09-28 13:26:37.943 
2026-09-28 13:26:37.944 ++++++++++++++++++++++++++++++++++++++++++++++++++++++++++++++++++++++++++++++++++++++++
2026-09-28 13:26:37.944 ++Proactor<s2>.process_message  [analog-temp/synced.readings]
2026-09-28 13:26:37.944   IN  internal     analog-temp to hw1.isone.me.versant.keene.maple.scada.s2     <-  [analog-temp/to/hw1.isone.me.versant.keene.maple.scada.s2/synced.readings]        SyncedReadings           
2026-09-28 13:26:37.944 ++Parentless.process_internal_message analog-temp/synced.readings
2026-09-28 13:26:37.945   OUT mqtt         analog-temp to s                                       ->  [gw/hw1-isone-me-versant-keene-maple-scada-s2/to/s/synced-readings]               SyncedReadings           
2026-09-28 13:26:37.945 --Parentless.process_internal_message  path:0x00000004
2026-09-28 13:26:37.946 --Proactor<s2>.process_message  path:0x00000401
2026-09-28 13:26:37.946 ----------------------------------------------------------------------------------------
2026-09-28 13:26:38.343 
2026-09-28 13:26:38.344 ++++++++++++++++++++++++++++++++++++++++++++++++++++++++++++++++++++++++++++++++++++++++
2026-09-28 13:26:38.344 ++Proactor<s2>.process_message  [analog-temp/synced.readings]
2026-09-28 13:26:38.344   IN  internal     analog-temp to hw1.isone.me.versant.keene.maple.scada.s2     <-  [analog-temp/to/hw1.isone.me.versant.keene.maple.scada.s2/synced.readings]        SyncedReadings           
2026-09-28 13:26:38.344 ++Parentless.process_internal_message analog-temp/synced.readings
2026-09-28 13:26:38.345   OUT mqtt         analog-temp to s                                       ->  [gw/hw1-isone-me-versant-keene-maple-scada-s2/to/s/synced-readings]               SyncedReadings           
2026-09-28 13:26:38.345 --Parentless.process_internal_message  path:0x00000004
2026-09-28 13:26:38.346 --Proactor<s2>.process_message  path:0x00000401
2026-09-28 13:26:38.346 ----------------------------------------------------------------------------------------
2026-09-28 13:26:38.744 
2026-09-28 13:26:38.744 ++++++++++++++++++++++++++++++++++++++++++++++++++++++++++++++++++++++++++++++++++++++++
2026-09-28 13:26:38.744 ++Proactor<s2>.process_message  [analog-temp/synced.readings]
2026-09-28 13:26:38.744   IN  internal     analog-temp to hw1.isone.me.versant.keene.maple.scada.s2     <-  [analog-temp/to/hw1.isone.me.versant.keene.maple.scada.s2/synced.readings]        SyncedReadings           
2026-09-28 13:26:38.745 ++Parentless.process_internal_message analog-temp/synced.readings
2026-09-28 13:26:38.745   OUT mqtt         analog-temp to s                                       ->  [gw/hw1-isone-me-versant-keene-maple-scada-s2/to/s/synced-readings]               SyncedReadings           
2026-09-28 13:26:38.746 --Parentless.process_internal_message  path:0x00000004
2026-09-28 13:26:38.746 --Proactor<s2>.process_message  path:0x00000401
2026-09-28 13:26:38.746 ----------------------------------------------------------------------------------------
2026-09-28 13:26:40.144 
2026-09-28 13:26:40.151 ++++++++++++++++++++++++++++++++++++++++++++++++++++++++++++++++++++++++++++++++++++++++
2026-09-28 13:26:40.151 ++Proactor<s2>.process_message  [analog-temp/synced.readings]
2026-09-28 13:26:40.152   IN  internal     analog-temp to hw1.isone.me.versant.keene.maple.scada.s2     <-  [analog-temp/to/hw1.isone.me.versant.keene.maple.scada.s2/synced.readings]        SyncedReadings           
2026-09-28 13:26:40.152 ++Parentless.process_internal_message analog-temp/synced.readings
2026-09-28 13:26:40.152   OUT mqtt         analog-temp to s                                       ->  [gw/hw1-isone-me-versant-keene-maple-scada-s2/to/s/synced-readings]               SyncedReadings           
2026-09-28 13:26:40.153 --Parentless.process_internal_message  path:0x00000004
2026-09-28 13:26:40.153 --Proactor<s2>.process_message  path:0x00000401
2026-09-28 13:26:40.153 ----------------------------------------------------------------------------------------
2026-09-28 13:26:40.544 
2026-09-28 13:26:40.545 ++++++++++++++++++++++++++++++++++++++++++++++++++++++++++++++++++++++++++++++++++++++++
2026-09-28 13:26:40.545 ++Proactor<s2>.process_message  [analog-temp/synced.readings]
2026-09-28 13:26:40.545   IN  internal     analog-temp to hw1.isone.me.versant.keene.maple.scada.s2     <-  [analog-temp/to/hw1.isone.me.versant.keene.maple.scada.s2/synced.readings]        SyncedReadings           
2026-09-28 13:26:40.545 ++Parentless.process_internal_message analog-temp/synced.readings
2026-09-28 13:26:40.546   OUT mqtt         analog-temp to s                                       ->  [gw/hw1-isone-me-versant-keene-maple-scada-s2/to/s/synced-readings]               SyncedReadings           
2026-09-28 13:26:40.546 --Parentless.process_internal_message  path:0x00000004
2026-09-28 13:26:40.547 --Proactor<s2>.process_message  path:0x00000401
2026-09-28 13:26:40.547 ----------------------------------------------------------------------------------------
2026-09-28 13:26:41.962 
2026-09-28 13:26:41.963 ++++++++++++++++++++++++++++++++++++++++++++++++++++++++++++++++++++++++++++++++++++++++
2026-09-28 13:26:41.964 ++Proactor<s2>.process_message  [analog-temp/synced.readings]
2026-09-28 13:26:41.964   IN  internal     analog-temp to hw1.isone.me.versant.keene.maple.scada.s2     <-  [analog-temp/to/hw1.isone.me.versant.keene.maple.scada.s2/synced.readings]        SyncedReadings           
2026-09-28 13:26:41.965 ++Parentless.process_internal_message analog-temp/synced.readings
2026-09-28 13:26:41.966   OUT mqtt         analog-temp to s                                       ->  [gw/hw1-isone-me-versant-keene-maple-scada-s2/to/s/synced-readings]               SyncedReadings           
2026-09-28 13:26:41.967 --Parentless.process_internal_message  path:0x00000004
2026-09-28 13:26:41.968 --Proactor<s2>.process_message  path:0x00000401
2026-09-28 13:26:41.969 ----------------------------------------------------------------------------------------
2026-09-28 13:26:42.163 
2026-09-28 13:26:42.163 ++++++++++++++++++++++++++++++++++++++++++++++++++++++++++++++++++++++++++++++++++++++++
2026-09-28 13:26:42.164 ++Proactor<s2>.process_message  [analog-temp/synced.readings]
2026-09-28 13:26:42.164   IN  internal     analog-temp to hw1.isone.me.versant.keene.maple.scada.s2     <-  [analog-temp/to/hw1.isone.me.versant.keene.maple.scada.s2/synced.readings]        SyncedReadings           
2026-09-28 13:26:42.165 ++Parentless.process_internal_message analog-temp/synced.readings
2026-09-28 13:26:42.166   OUT mqtt         analog-temp to s                                       ->  [gw/hw1-isone-me-versant-keene-maple-scada-s2/to/s/synced-readings]               SyncedReadings           
2026-09-28 13:26:42.168 --Parentless.process_internal_message  path:0x00000004
2026-09-28 13:26:42.168 --Proactor<s2>.process_message  path:0x00000401
2026-09-28 13:26:42.169 ----------------------------------------------------------------------------------------
2026-09-28 13:26:42.363 
2026-09-28 13:26:42.363 ++++++++++++++++++++++++++++++++++++++++++++++++++++++++++++++++++++++++++++++++++++++++
2026-09-28 13:26:42.364 ++Proactor<s2>.process_message  [analog-temp/synced.readings]
2026-09-28 13:26:42.364   IN  internal     analog-temp to hw1.isone.me.versant.keene.maple.scada.s2     <-  [analog-temp/to/hw1.isone.me.versant.keene.maple.scada.s2/synced.readings]        SyncedReadings           
2026-09-28 13:26:42.365 ++Parentless.process_internal_message analog-temp/synced.readings
2026-09-28 13:26:42.366   OUT mqtt         analog-temp to s                                       ->  [gw/hw1-isone-me-versant-keene-maple-scada-s2/to/s/synced-readings]               SyncedReadings           
2026-09-28 13:26:42.367 --Parentless.process_internal_message  path:0x00000004
2026-09-28 13:26:42.368 --Proactor<s2>.process_message  path:0x00000401
2026-09-28 13:26:42.369 ----------------------------------------------------------------------------------------
2026-09-28 13:26:43.563 
2026-09-28 13:26:43.564 ++++++++++++++++++++++++++++++++++++++++++++++++++++++++++++++++++++++++++++++++++++++++
2026-09-28 13:26:43.564 ++Proactor<s2>.process_message  [analog-temp/synced.readings]
2026-09-28 13:26:43.565   IN  internal     analog-temp to hw1.isone.me.versant.keene.maple.scada.s2     <-  [analog-temp/to/hw1.isone.me.versant.keene.maple.scada.s2/synced.readings]        SyncedReadings           
2026-09-28 13:26:43.565 ++Parentless.process_internal_message analog-temp/synced.readings
2026-09-28 13:26:43.567   OUT mqtt         analog-temp to s                                       ->  [gw/hw1-isone-me-versant-keene-maple-scada-s2/to/s/synced-readings]               SyncedReadings           
2026-09-28 13:26:43.568 --Parentless.process_internal_message  path:0x00000004
2026-09-28 13:26:43.569 --Proactor<s2>.process_message  path:0x00000401
2026-09-28 13:26:43.569 ----------------------------------------------------------------------------------------
2026-09-28 13:26:43.964 
2026-09-28 13:26:43.965 ++++++++++++++++++++++++++++++++++++++++++++++++++++++++++++++++++++++++++++++++++++++++
2026-09-28 13:26:43.965 ++Proactor<s2>.process_message  [analog-temp/synced.readings]
2026-09-28 13:26:43.966   IN  internal     analog-temp to hw1.isone.me.versant.keene.maple.scada.s2     <-  [analog-temp/to/hw1.isone.me.versant.keene.maple.scada.s2/synced.readings]        SyncedReadings           
2026-09-28 13:26:43.966 ++Parentless.process_internal_message analog-temp/synced.readings
2026-09-28 13:26:43.968   OUT mqtt         analog-temp to s                                       ->  [gw/hw1-isone-me-versant-keene-maple-scada-s2/to/s/synced-readings]               SyncedReadings           
2026-09-28 13:26:43.969 --Parentless.process_internal_message  path:0x00000004
2026-09-28 13:26:43.969 --Proactor<s2>.process_message  path:0x00000401
2026-09-28 13:26:43.970 ----------------------------------------------------------------------------------------
2026-09-28 13:26:44.764 
2026-09-28 13:26:44.764 ++++++++++++++++++++++++++++++++++++++++++++++++++++++++++++++++++++++++++++++++++++++++
2026-09-28 13:26:44.765 ++Proactor<s2>.process_message  [analog-temp/synced.readings]
2026-09-28 13:26:44.765   IN  internal     analog-temp to hw1.isone.me.versant.keene.maple.scada.s2     <-  [analog-temp/to/hw1.isone.me.versant.keene.maple.scada.s2/synced.readings]        SyncedReadings           
2026-09-28 13:26:44.766 ++Parentless.process_internal_message analog-temp/synced.readings
2026-09-28 13:26:44.767   OUT mqtt         analog-temp to s                                       ->  [gw/hw1-isone-me-versant-keene-maple-scada-s2/to/s/synced-readings]               SyncedReadings           
2026-09-28 13:26:44.768 --Parentless.process_internal_message  path:0x00000004
2026-09-28 13:26:44.769 --Proactor<s2>.process_message  path:0x00000401
2026-09-28 13:26:44.769 ----------------------------------------------------------------------------------------
2026-09-28 13:26:46.165 
2026-09-28 13:26:46.165 ++++++++++++++++++++++++++++++++++++++++++++++++++++++++++++++++++++++++++++++++++++++++
2026-09-28 13:26:46.166 ++Proactor<s2>.process_message  [analog-temp/synced.readings]
2026-09-28 13:26:46.167   IN  internal     analog-temp to hw1.isone.me.versant.keene.maple.scada.s2     <-  [analog-temp/to/hw1.isone.me.versant.keene.maple.scada.s2/synced.readings]        SyncedReadings           
2026-09-28 13:26:46.167 ++Parentless.process_internal_message analog-temp/synced.readings
2026-09-28 13:26:46.169   OUT mqtt         analog-temp to s                                       ->  [gw/hw1-isone-me-versant-keene-maple-scada-s2/to/s/synced-readings]               SyncedReadings           
2026-09-28 13:26:46.170 --Parentless.process_internal_message  path:0x00000004
2026-09-28 13:26:46.170 --Proactor<s2>.process_message  path:0x00000401
2026-09-28 13:26:46.171 ----------------------------------------------------------------------------------------
2026-09-28 13:26:46.365 
2026-09-28 13:26:46.366 ++++++++++++++++++++++++++++++++++++++++++++++++++++++++++++++++++++++++++++++++++++++++
2026-09-28 13:26:46.366 ++Proactor<s2>.process_message  [analog-temp/synced.readings]
2026-09-28 13:26:46.367   IN  internal     analog-temp to hw1.isone.me.versant.keene.maple.scada.s2     <-  [analog-temp/to/hw1.isone.me.versant.keene.maple.scada.s2/synced.readings]        SyncedReadings           
2026-09-28 13:26:46.367 ++Parentless.process_internal_message analog-temp/synced.readings
2026-09-28 13:26:46.369   OUT mqtt         analog-temp to s                                       ->  [gw/hw1-isone-me-versant-keene-maple-scada-s2/to/s/synced-readings]               SyncedReadings           
2026-09-28 13:26:46.370 --Parentless.process_internal_message  path:0x00000004
2026-09-28 13:26:46.370 --Proactor<s2>.process_message  path:0x00000401
2026-09-28 13:26:46.371 ----------------------------------------------------------------------------------------
2026-09-28 13:26:46.765 
2026-09-28 13:26:46.766 ++++++++++++++++++++++++++++++++++++++++++++++++++++++++++++++++++++++++++++++++++++++++
2026-09-28 13:26:46.766 ++Proactor<s2>.process_message  [analog-temp/synced.readings]
2026-09-28 13:26:46.767   IN  internal     analog-temp to hw1.isone.me.versant.keene.maple.scada.s2     <-  [analog-temp/to/hw1.isone.me.versant.keene.maple.scada.s2/synced.readings]        SyncedReadings           
2026-09-28 13:26:46.768 ++Parentless.process_internal_message analog-temp/synced.readings
2026-09-28 13:26:46.769   OUT mqtt         analog-temp to s                                       ->  [gw/hw1-isone-me-versant-keene-maple-scada-s2/to/s/synced-readings]               SyncedReadings           
2026-09-28 13:26:46.770 --Parentless.process_internal_message  path:0x00000004
2026-09-28 13:26:46.771 --Proactor<s2>.process_message  path:0x00000401
2026-09-28 13:26:46.771 ----------------------------------------------------------------------------------------
2026-09-28 13:26:47.565 
2026-09-28 13:26:47.565 ++++++++++++++++++++++++++++++++++++++++++++++++++++++++++++++++++++++++++++++++++++++++
2026-09-28 13:26:47.566 ++Proactor<s2>.process_message  [analog-temp/synced.readings]
2026-09-28 13:26:47.566   IN  internal     analog-temp to hw1.isone.me.versant.keene.maple.scada.s2     <-  [analog-temp/to/hw1.isone.me.versant.keene.maple.scada.s2/synced.readings]        SyncedReadings           
2026-09-28 13:26:47.567 ++Parentless.process_internal_message analog-temp/synced.readings
2026-09-28 13:26:47.569   OUT mqtt         analog-temp to s                                       ->  [gw/hw1-isone-me-versant-keene-maple-scada-s2/to/s/synced-readings]               SyncedReadings           
2026-09-28 13:26:47.570 --Parentless.process_internal_message  path:0x00000004
2026-09-28 13:26:47.570 --Proactor<s2>.process_message  path:0x00000401
2026-09-28 13:26:47.571 ----------------------------------------------------------------------------------------
2026-09-28 13:26:48.749 
2026-09-28 13:26:48.750 ++++++++++++++++++++++++++++++++++++++++++++++++++++++++++++++++++++++++++++++++++++++++
2026-09-28 13:26:48.750 ++Proactor<s2>.process_message  [analog-temp/synced.readings]
2026-09-28 13:26:48.750   IN  internal     analog-temp to hw1.isone.me.versant.keene.maple.scada.s2     <-  [analog-temp/to/hw1.isone.me.versant.keene.maple.scada.s2/synced.readings]        SyncedReadings           
2026-09-28 13:26:48.750 ++Parentless.process_internal_message analog-temp/synced.readings
2026-09-28 13:26:48.751   OUT mqtt         analog-temp to s                                       ->  [gw/hw1-isone-me-versant-keene-maple-scada-s2/to/s/synced-readings]               SyncedReadings           
2026-09-28 13:26:48.752 --Parentless.process_internal_message  path:0x00000004
2026-09-28 13:26:48.752 --Proactor<s2>.process_message  path:0x00000401
2026-09-28 13:26:48.752 ----------------------------------------------------------------------------------------
2026-09-28 13:26:50.150 
2026-09-28 13:26:50.151 ++++++++++++++++++++++++++++++++++++++++++++++++++++++++++++++++++++++++++++++++++++++++
2026-09-28 13:26:50.151 ++Proactor<s2>.process_message  [analog-temp/synced.readings]
2026-09-28 13:26:50.151   IN  internal     analog-temp to hw1.isone.me.versant.keene.maple.scada.s2     <-  [analog-temp/to/hw1.isone.me.versant.keene.maple.scada.s2/synced.readings]        SyncedReadings           
2026-09-28 13:26:50.151 ++Parentless.process_internal_message analog-temp/synced.readings
2026-09-28 13:26:50.152   OUT mqtt         analog-temp to s                                       ->  [gw/hw1-isone-me-versant-keene-maple-scada-s2/to/s/synced-readings]               SyncedReadings           
2026-09-28 13:26:50.152 --Parentless.process_internal_message  path:0x00000004
2026-09-28 13:26:50.152 --Proactor<s2>.process_message  path:0x00000401
2026-09-28 13:26:50.153 ----------------------------------------------------------------------------------------
2026-09-28 13:26:51.151 
2026-09-28 13:26:51.151 ++++++++++++++++++++++++++++++++++++++++++++++++++++++++++++++++++++++++++++++++++++++++
2026-09-28 13:26:51.151 ++Proactor<s2>.process_message  [analog-temp/synced.readings]
2026-09-28 13:26:51.151   IN  internal     analog-temp to hw1.isone.me.versant.keene.maple.scada.s2     <-  [analog-temp/to/hw1.isone.me.versant.keene.maple.scada.s2/synced.readings]        SyncedReadings           
2026-09-28 13:26:51.152 ++Parentless.process_internal_message analog-temp/synced.readings
2026-09-28 13:26:51.152   OUT mqtt         analog-temp to s                                       ->  [gw/hw1-isone-me-versant-keene-maple-scada-s2/to/s/synced-readings]               SyncedReadings           
2026-09-28 13:26:51.153 --Parentless.process_internal_message  path:0x00000004
2026-09-28 13:26:51.153 --Proactor<s2>.process_message  path:0x00000401
2026-09-28 13:26:51.153 ----------------------------------------------------------------------------------------
2026-09-28 13:26:51.551 
2026-09-28 13:26:51.555 ++++++++++++++++++++++++++++++++++++++++++++++++++++++++++++++++++++++++++++++++++++++++
2026-09-28 13:26:51.555 ++Proactor<s2>.process_message  [analog-temp/synced.readings]
2026-09-28 13:26:51.555   IN  internal     analog-temp to hw1.isone.me.versant.keene.maple.scada.s2     <-  [analog-temp/to/hw1.isone.me.versant.keene.maple.scada.s2/synced.readings]        SyncedReadings           
2026-09-28 13:26:51.556 ++Parentless.process_internal_message analog-temp/synced.readings
2026-09-28 13:26:51.556   OUT mqtt         analog-temp to s                                       ->  [gw/hw1-isone-me-versant-keene-maple-scada-s2/to/s/synced-readings]               SyncedReadings           
2026-09-28 13:26:51.557 --Parentless.process_internal_message  path:0x00000004
2026-09-28 13:26:51.557 --Proactor<s2>.process_message  path:0x00000401
2026-09-28 13:26:51.557 ----------------------------------------------------------------------------------------
2026-09-28 13:26:53.161 
2026-09-28 13:26:53.161 ++++++++++++++++++++++++++++++++++++++++++++++++++++++++++++++++++++++++++++++++++++++++
2026-09-28 13:26:53.162 ++Proactor<s2>.process_message  [analog-temp/synced.readings]
2026-09-28 13:26:53.162   IN  internal     analog-temp to hw1.isone.me.versant.keene.maple.scada.s2     <-  [analog-temp/to/hw1.isone.me.versant.keene.maple.scada.s2/synced.readings]        SyncedReadings           
2026-09-28 13:26:53.163 ++Parentless.process_internal_message analog-temp/synced.readings
2026-09-28 13:26:53.165   OUT mqtt         analog-temp to s                                       ->  [gw/hw1-isone-me-versant-keene-maple-scada-s2/to/s/synced-readings]               SyncedReadings           
2026-09-28 13:26:53.166 --Parentless.process_internal_message  path:0x00000004
2026-09-28 13:26:53.166 --Proactor<s2>.process_message  path:0x00000401
2026-09-28 13:26:53.167 ----------------------------------------------------------------------------------------
2026-09-28 13:26:54.368 
2026-09-28 13:26:54.368 ++++++++++++++++++++++++++++++++++++++++++++++++++++++++++++++++++++++++++++++++++++++++
2026-09-28 13:26:54.369 ++Proactor<s2>.process_message  [analog-temp/synced.readings]
2026-09-28 13:26:54.369   IN  internal     analog-temp to hw1.isone.me.versant.keene.maple.scada.s2     <-  [analog-temp/to/hw1.isone.me.versant.keene.maple.scada.s2/synced.readings]        SyncedReadings           
2026-09-28 13:26:54.370 ++Parentless.process_internal_message analog-temp/synced.readings
2026-09-28 13:26:54.371   OUT mqtt         analog-temp to s                                       ->  [gw/hw1-isone-me-versant-keene-maple-scada-s2/to/s/synced-readings]               SyncedReadings           
2026-09-28 13:26:54.372 --Parentless.process_internal_message  path:0x00000004
2026-09-28 13:26:54.373 --Proactor<s2>.process_message  path:0x00000401
2026-09-28 13:26:54.373 ----------------------------------------------------------------------------------------
2026-09-28 13:26:55.169 
2026-09-28 13:26:55.169 ++++++++++++++++++++++++++++++++++++++++++++++++++++++++++++++++++++++++++++++++++++++++
2026-09-28 13:26:55.170 ++Proactor<s2>.process_message  [analog-temp/synced.readings]
2026-09-28 13:26:55.171   IN  internal     analog-temp to hw1.isone.me.versant.keene.maple.scada.s2     <-  [analog-temp/to/hw1.isone.me.versant.keene.maple.scada.s2/synced.readings]        SyncedReadings           
2026-09-28 13:26:55.171 ++Parentless.process_internal_message analog-temp/synced.readings
2026-09-28 13:26:55.173   OUT mqtt         analog-temp to s                                       ->  [gw/hw1-isone-me-versant-keene-maple-scada-s2/to/s/synced-readings]               SyncedReadings           
2026-09-28 13:26:55.174 --Parentless.process_internal_message  path:0x00000004
2026-09-28 13:26:55.175 --Proactor<s2>.process_message  path:0x00000401
2026-09-28 13:26:55.175 ----------------------------------------------------------------------------------------
2026-09-28 13:26:55.970 
2026-09-28 13:26:55.971 ++++++++++++++++++++++++++++++++++++++++++++++++++++++++++++++++++++++++++++++++++++++++
2026-09-28 13:26:55.971 ++Proactor<s2>.process_message  [analog-temp/synced.readings]
2026-09-28 13:26:55.972   IN  internal     analog-temp to hw1.isone.me.versant.keene.maple.scada.s2     <-  [analog-temp/to/hw1.isone.me.versant.keene.maple.scada.s2/synced.readings]        SyncedReadings           
2026-09-28 13:26:55.973 ++Parentless.process_internal_message analog-temp/synced.readings
2026-09-28 13:26:55.974   OUT mqtt         analog-temp to s                                       ->  [gw/hw1-isone-me-versant-keene-maple-scada-s2/to/s/synced-readings]               SyncedReadings           
2026-09-28 13:26:55.975 --Parentless.process_internal_message  path:0x00000004
2026-09-28 13:26:55.976 --Proactor<s2>.process_message  path:0x00000401
2026-09-28 13:26:55.977 ----------------------------------------------------------------------------------------
2026-09-28 13:26:57.371 
2026-09-28 13:26:57.372 ++++++++++++++++++++++++++++++++++++++++++++++++++++++++++++++++++++++++++++++++++++++++
2026-09-28 13:26:57.372 ++Proactor<s2>.process_message  [analog-temp/synced.readings]
2026-09-28 13:26:57.373   IN  internal     analog-temp to hw1.isone.me.versant.keene.maple.scada.s2     <-  [analog-temp/to/hw1.isone.me.versant.keene.maple.scada.s2/synced.readings]        SyncedReadings           
2026-09-28 13:26:57.374 ++Parentless.process_internal_message analog-temp/synced.readings
2026-09-28 13:26:57.375   OUT mqtt         analog-temp to s                                       ->  [gw/hw1-isone-me-versant-keene-maple-scada-s2/to/s/synced-readings]               SyncedReadings           
2026-09-28 13:26:57.377 --Parentless.process_internal_message  path:0x00000004
2026-09-28 13:26:57.378 --Proactor<s2>.process_message  path:0x00000401
2026-09-28 13:26:57.378 ----------------------------------------------------------------------------------------
2026-09-28 13:26:57.771 
2026-09-28 13:26:57.771 ++++++++++++++++++++++++++++++++++++++++++++++++++++++++++++++++++++++++++++++++++++++++
2026-09-28 13:26:57.772 ++Proactor<s2>.process_message  [analog-temp/synced.readings]
2026-09-28 13:26:57.772   IN  internal     analog-temp to hw1.isone.me.versant.keene.maple.scada.s2     <-  [analog-temp/to/hw1.isone.me.versant.keene.maple.scada.s2/synced.readings]        SyncedReadings           
2026-09-28 13:26:57.773 ++Parentless.process_internal_message analog-temp/synced.readings
2026-09-28 13:26:57.774   OUT mqtt         analog-temp to s                                       ->  [gw/hw1-isone-me-versant-keene-maple-scada-s2/to/s/synced-readings]               SyncedReadings           
2026-09-28 13:26:57.775 --Parentless.process_internal_message  path:0x00000004
2026-09-28 13:26:57.776 --Proactor<s2>.process_message  path:0x00000401
2026-09-28 13:26:57.777 ----------------------------------------------------------------------------------------
2026-09-28 13:26:59.171 
2026-09-28 13:26:59.171 ++++++++++++++++++++++++++++++++++++++++++++++++++++++++++++++++++++++++++++++++++++++++
2026-09-28 13:26:59.172 ++Proactor<s2>.process_message  [analog-temp/synced.readings]
2026-09-28 13:26:59.173   IN  internal     analog-temp to hw1.isone.me.versant.keene.maple.scada.s2     <-  [analog-temp/to/hw1.isone.me.versant.keene.maple.scada.s2/synced.readings]        SyncedReadings           
2026-09-28 13:26:59.173 ++Parentless.process_internal_message analog-temp/synced.readings
2026-09-28 13:26:59.175   OUT mqtt         analog-temp to s                                       ->  [gw/hw1-isone-me-versant-keene-maple-scada-s2/to/s/synced-readings]               SyncedReadings           
2026-09-28 13:26:59.176 --Parentless.process_internal_message  path:0x00000004
2026-09-28 13:26:59.176 --Proactor<s2>.process_message  path:0x00000401
2026-09-28 13:26:59.177 ----------------------------------------------------------------------------------------
2026-09-28 13:27:00.171 
2026-09-28 13:27:00.172 ++++++++++++++++++++++++++++++++++++++++++++++++++++++++++++++++++++++++++++++++++++++++
2026-09-28 13:27:00.172 ++Proactor<s2>.process_message  [analog-temp/synced.readings]
2026-09-28 13:27:00.173   IN  internal     analog-temp to hw1.isone.me.versant.keene.maple.scada.s2     <-  [analog-temp/to/hw1.isone.me.versant.keene.maple.scada.s2/synced.readings]        SyncedReadings           
2026-09-28 13:27:00.174 ++Parentless.process_internal_message analog-temp/synced.readings
2026-09-28 13:27:00.175   OUT mqtt         analog-temp to s                                       ->  [gw/hw1-isone-me-versant-keene-maple-scada-s2/to/s/synced-readings]               SyncedReadings           
2026-09-28 13:27:00.176 --Parentless.process_internal_message  path:0x00000004
2026-09-28 13:27:00.176 --Proactor<s2>.process_message  path:0x00000401
2026-09-28 13:27:00.177 ----------------------------------------------------------------------------------------
2026-09-28 13:27:00.773 
2026-09-28 13:27:00.774 ++++++++++++++++++++++++++++++++++++++++++++++++++++++++++++++++++++++++++++++++++++++++
2026-09-28 13:27:00.774 ++Proactor<s2>.process_message  [analog-temp/synced.readings]
2026-09-28 13:27:00.775   IN  internal     analog-temp to hw1.isone.me.versant.keene.maple.scada.s2     <-  [analog-temp/to/hw1.isone.me.versant.keene.maple.scada.s2/synced.readings]        SyncedReadings           
2026-09-28 13:27:00.776 ++Parentless.process_internal_message analog-temp/synced.readings
2026-09-28 13:27:00.777   OUT mqtt         analog-temp to s                                       ->  [gw/hw1-isone-me-versant-keene-maple-scada-s2/to/s/synced-readings]               SyncedReadings           
2026-09-28 13:27:00.778 --Parentless.process_internal_message  path:0x00000004
2026-09-28 13:27:00.778 --Proactor<s2>.process_message  path:0x00000401
2026-09-28 13:27:00.779 ----------------------------------------------------------------------------------------
2026-09-28 13:27:02.158 
2026-09-28 13:27:02.159 ++++++++++++++++++++++++++++++++++++++++++++++++++++++++++++++++++++++++++++++++++++++++
2026-09-28 13:27:02.159 ++Proactor<s2>.process_message  [analog-temp/synced.readings]
2026-09-28 13:27:02.159   IN  internal     analog-temp to hw1.isone.me.versant.keene.maple.scada.s2     <-  [analog-temp/to/hw1.isone.me.versant.keene.maple.scada.s2/synced.readings]        SyncedReadings           
2026-09-28 13:27:02.159 ++Parentless.process_internal_message analog-temp/synced.readings
2026-09-28 13:27:02.160   OUT mqtt         analog-temp to s                                       ->  [gw/hw1-isone-me-versant-keene-maple-scada-s2/to/s/synced-readings]               SyncedReadings           
2026-09-28 13:27:02.160 --Parentless.process_internal_message  path:0x00000004
2026-09-28 13:27:02.161 --Proactor<s2>.process_message  path:0x00000401
2026-09-28 13:27:02.161 ----------------------------------------------------------------------------------------
2026-09-28 13:27:02.958 
2026-09-28 13:27:02.958 ++++++++++++++++++++++++++++++++++++++++++++++++++++++++++++++++++++++++++++++++++++++++
2026-09-28 13:27:02.958 ++Proactor<s2>.process_message  [analog-temp/synced.readings]
2026-09-28 13:27:02.959   IN  internal     analog-temp to hw1.isone.me.versant.keene.maple.scada.s2     <-  [analog-temp/to/hw1.isone.me.versant.keene.maple.scada.s2/synced.readings]        SyncedReadings           
2026-09-28 13:27:02.959 ++Parentless.process_internal_message analog-temp/synced.readings
2026-09-28 13:27:02.960   OUT mqtt         analog-temp to s                                       ->  [gw/hw1-isone-me-versant-keene-maple-scada-s2/to/s/synced-readings]               SyncedReadings           
2026-09-28 13:27:02.960 --Parentless.process_internal_message  path:0x00000004
2026-09-28 13:27:02.960 --Proactor<s2>.process_message  path:0x00000401
2026-09-28 13:27:02.960 ----------------------------------------------------------------------------------------
2026-09-28 13:27:04.358 
2026-09-28 13:27:04.358 ++++++++++++++++++++++++++++++++++++++++++++++++++++++++++++++++++++++++++++++++++++++++
2026-09-28 13:27:04.359 ++Proactor<s2>.process_message  [analog-temp/synced.readings]
2026-09-28 13:27:04.359   IN  internal     analog-temp to hw1.isone.me.versant.keene.maple.scada.s2     <-  [analog-temp/to/hw1.isone.me.versant.keene.maple.scada.s2/synced.readings]        SyncedReadings           
2026-09-28 13:27:04.359 ++Parentless.process_internal_message analog-temp/synced.readings
2026-09-28 13:27:04.360   OUT mqtt         analog-temp to s                                       ->  [gw/hw1-isone-me-versant-keene-maple-scada-s2/to/s/synced-readings]               SyncedReadings           
2026-09-28 13:27:04.360 --Parentless.process_internal_message  path:0x00000004
2026-09-28 13:27:04.360 --Proactor<s2>.process_message  path:0x00000401
2026-09-28 13:27:04.361 ----------------------------------------------------------------------------------------
2026-09-28 13:27:04.558 
2026-09-28 13:27:04.558 ++++++++++++++++++++++++++++++++++++++++++++++++++++++++++++++++++++++++++++++++++++++++
2026-09-28 13:27:04.559 ++Proactor<s2>.process_message  [analog-temp/synced.readings]
2026-09-28 13:27:04.559   IN  internal     analog-temp to hw1.isone.me.versant.keene.maple.scada.s2     <-  [analog-temp/to/hw1.isone.me.versant.keene.maple.scada.s2/synced.readings]        SyncedReadings           
2026-09-28 13:27:04.559 ++Parentless.process_internal_message analog-temp/synced.readings
2026-09-28 13:27:04.560   OUT mqtt         analog-temp to s                                       ->  [gw/hw1-isone-me-versant-keene-maple-scada-s2/to/s/synced-readings]               SyncedReadings           
2026-09-28 13:27:04.560 --Parentless.process_internal_message  path:0x00000004
2026-09-28 13:27:04.560 --Proactor<s2>.process_message  path:0x00000401
2026-09-28 13:27:04.561 ----------------------------------------------------------------------------------------
2026-09-28 13:27:04.959 
2026-09-28 13:27:04.959 ++++++++++++++++++++++++++++++++++++++++++++++++++++++++++++++++++++++++++++++++++++++++
2026-09-28 13:27:04.959 ++Proactor<s2>.process_message  [analog-temp/synced.readings]
2026-09-28 13:27:04.959   IN  internal     analog-temp to hw1.isone.me.versant.keene.maple.scada.s2     <-  [analog-temp/to/hw1.isone.me.versant.keene.maple.scada.s2/synced.readings]        SyncedReadings           
2026-09-28 13:27:04.960 ++Parentless.process_internal_message analog-temp/synced.readings
2026-09-28 13:27:04.960   OUT mqtt         analog-temp to s                                       ->  [gw/hw1-isone-me-versant-keene-maple-scada-s2/to/s/synced-readings]               SyncedReadings           
2026-09-28 13:27:04.961 --Parentless.process_internal_message  path:0x00000004
2026-09-28 13:27:04.961 --Proactor<s2>.process_message  path:0x00000401
2026-09-28 13:27:04.961 ----------------------------------------------------------------------------------------
2026-09-28 13:27:07.775 
2026-09-28 13:27:07.776 ++++++++++++++++++++++++++++++++++++++++++++++++++++++++++++++++++++++++++++++++++++++++
2026-09-28 13:27:07.776 ++Proactor<s2>.process_message  [analog-temp/synced.readings]
2026-09-28 13:27:07.777   IN  internal     analog-temp to hw1.isone.me.versant.keene.maple.scada.s2     <-  [analog-temp/to/hw1.isone.me.versant.keene.maple.scada.s2/synced.readings]        SyncedReadings           
2026-09-28 13:27:07.778 ++Parentless.process_internal_message analog-temp/synced.readings
2026-09-28 13:27:07.779   OUT mqtt         analog-temp to s                                       ->  [gw/hw1-isone-me-versant-keene-maple-scada-s2/to/s/synced-readings]               SyncedReadings           
2026-09-28 13:27:07.786 --Parentless.process_internal_message  path:0x00000004
2026-09-28 13:27:07.787 --Proactor<s2>.process_message  path:0x00000401
2026-09-28 13:27:07.788 ----------------------------------------------------------------------------------------
2026-09-28 13:27:12.178 
2026-09-28 13:27:12.179 ++++++++++++++++++++++++++++++++++++++++++++++++++++++++++++++++++++++++++++++++++++++++
2026-09-28 13:27:12.180 ++Proactor<s2>.process_message  [analog-temp/synced.readings]
2026-09-28 13:27:12.180   IN  internal     analog-temp to hw1.isone.me.versant.keene.maple.scada.s2     <-  [analog-temp/to/hw1.isone.me.versant.keene.maple.scada.s2/synced.readings]        SyncedReadings           
2026-09-28 13:27:12.181 ++Parentless.process_internal_message analog-temp/synced.readings
2026-09-28 13:27:12.182   OUT mqtt         analog-temp to s                                       ->  [gw/hw1-isone-me-versant-keene-maple-scada-s2/to/s/synced-readings]               SyncedReadings           
2026-09-28 13:27:12.183 --Parentless.process_internal_message  path:0x00000004
2026-09-28 13:27:12.184 --Proactor<s2>.process_message  path:0x00000401
2026-09-28 13:27:12.185 ----------------------------------------------------------------------------------------
2026-09-28 13:27:12.979 
2026-09-28 13:27:12.980 ++++++++++++++++++++++++++++++++++++++++++++++++++++++++++++++++++++++++++++++++++++++++
2026-09-28 13:27:12.980 ++Proactor<s2>.process_message  [analog-temp/synced.readings]
2026-09-28 13:27:12.981   IN  internal     analog-temp to hw1.isone.me.versant.keene.maple.scada.s2     <-  [analog-temp/to/hw1.isone.me.versant.keene.maple.scada.s2/synced.readings]        SyncedReadings           
2026-09-28 13:27:12.982 ++Parentless.process_internal_message analog-temp/synced.readings
2026-09-28 13:27:12.983   OUT mqtt         analog-temp to s                                       ->  [gw/hw1-isone-me-versant-keene-maple-scada-s2/to/s/synced-readings]               SyncedReadings           
2026-09-28 13:27:12.984 --Parentless.process_internal_message  path:0x00000004
2026-09-28 13:27:12.985 --Proactor<s2>.process_message  path:0x00000401
2026-09-28 13:27:12.985 ----------------------------------------------------------------------------------------
2026-09-28 13:27:14.781 
2026-09-28 13:27:14.782 ++++++++++++++++++++++++++++++++++++++++++++++++++++++++++++++++++++++++++++++++++++++++
2026-09-28 13:27:14.782 ++Proactor<s2>.process_message  [analog-temp/synced.readings]
2026-09-28 13:27:14.783   IN  internal     analog-temp to hw1.isone.me.versant.keene.maple.scada.s2     <-  [analog-temp/to/hw1.isone.me.versant.keene.maple.scada.s2/synced.readings]        SyncedReadings           
2026-09-28 13:27:14.784 ++Parentless.process_internal_message analog-temp/synced.readings
2026-09-28 13:27:14.786   OUT mqtt         analog-temp to s                                       ->  [gw/hw1-isone-me-versant-keene-maple-scada-s2/to/s/synced-readings]               SyncedReadings           
2026-09-28 13:27:14.787 --Parentless.process_internal_message  path:0x00000004
2026-09-28 13:27:14.787 --Proactor<s2>.process_message  path:0x00000401
2026-09-28 13:27:14.788 ----------------------------------------------------------------------------------------
2026-09-28 13:27:19.967 
2026-09-28 13:27:19.967 ++++++++++++++++++++++++++++++++++++++++++++++++++++++++++++++++++++++++++++++++++++++++
2026-09-28 13:27:19.967 ++Proactor<s2>.process_message  [analog-temp/synced.readings]
2026-09-28 13:27:19.968   IN  internal     analog-temp to hw1.isone.me.versant.keene.maple.scada.s2     <-  [analog-temp/to/hw1.isone.me.versant.keene.maple.scada.s2/synced.readings]        SyncedReadings           
2026-09-28 13:27:19.968 ++Parentless.process_internal_message analog-temp/synced.readings
2026-09-28 13:27:19.968   OUT mqtt         analog-temp to s                                       ->  [gw/hw1-isone-me-versant-keene-maple-scada-s2/to/s/synced-readings]               SyncedReadings           
2026-09-28 13:27:19.969 --Parentless.process_internal_message  path:0x00000004
2026-09-28 13:27:19.969 --Proactor<s2>.process_message  path:0x00000401
2026-09-28 13:27:19.969 ----------------------------------------------------------------------------------------
2026-09-28 13:27:20.176 
2026-09-28 13:27:20.177 ++++++++++++++++++++++++++++++++++++++++++++++++++++++++++++++++++++++++++++++++++++++++
2026-09-28 13:27:20.177 ++Proactor<s2>.process_message  [analog-temp/synced.readings]
2026-09-28 13:27:20.178   IN  internal     analog-temp to hw1.isone.me.versant.keene.maple.scada.s2     <-  [analog-temp/to/hw1.isone.me.versant.keene.maple.scada.s2/synced.readings]        SyncedReadings           
2026-09-28 13:27:20.179 ++Parentless.process_internal_message analog-temp/synced.readings
2026-09-28 13:27:20.180   OUT mqtt         analog-temp to s                                       ->  [gw/hw1-isone-me-versant-keene-maple-scada-s2/to/s/synced-readings]               SyncedReadings           
2026-09-28 13:27:20.181 --Parentless.process_internal_message  path:0x00000004
2026-09-28 13:27:20.182 --Proactor<s2>.process_message  path:0x00000401
2026-09-28 13:27:20.182 ----------------------------------------------------------------------------------------
2026-09-28 13:27:21.784 
2026-09-28 13:27:21.785 ++++++++++++++++++++++++++++++++++++++++++++++++++++++++++++++++++++++++++++++++++++++++
2026-09-28 13:27:21.785 ++Proactor<s2>.process_message  [analog-temp/synced.readings]
2026-09-28 13:27:21.786   IN  internal     analog-temp to hw1.isone.me.versant.keene.maple.scada.s2     <-  [analog-temp/to/hw1.isone.me.versant.keene.maple.scada.s2/synced.readings]        SyncedReadings           
2026-09-28 13:27:21.786 ++Parentless.process_internal_message analog-temp/synced.readings
2026-09-28 13:27:21.788   OUT mqtt         analog-temp to s                                       ->  [gw/hw1-isone-me-versant-keene-maple-scada-s2/to/s/synced-readings]               SyncedReadings           
2026-09-28 13:27:21.789 --Parentless.process_internal_message  path:0x00000004
2026-09-28 13:27:21.790 --Proactor<s2>.process_message  path:0x00000401
2026-09-28 13:27:21.790 ----------------------------------------------------------------------------------------
2026-09-28 13:27:26.186 
2026-09-28 13:27:26.187 ++++++++++++++++++++++++++++++++++++++++++++++++++++++++++++++++++++++++++++++++++++++++
2026-09-28 13:27:26.187 ++Proactor<s2>.process_message  [analog-temp/synced.readings]
2026-09-28 13:27:26.188   IN  internal     analog-temp to hw1.isone.me.versant.keene.maple.scada.s2     <-  [analog-temp/to/hw1.isone.me.versant.keene.maple.scada.s2/synced.readings]        SyncedReadings           
2026-09-28 13:27:26.188 ++Parentless.process_internal_message analog-temp/synced.readings
2026-09-28 13:27:26.190   OUT mqtt         analog-temp to s                                       ->  [gw/hw1-isone-me-versant-keene-maple-scada-s2/to/s/synced-readings]               SyncedReadings           
2026-09-28 13:27:26.190 --Parentless.process_internal_message  path:0x00000004
2026-09-28 13:27:26.191 --Proactor<s2>.process_message  path:0x00000401
2026-09-28 13:27:26.192 ----------------------------------------------------------------------------------------
2026-09-28 13:27:28.571 
2026-09-28 13:27:28.572 ++++++++++++++++++++++++++++++++++++++++++++++++++++++++++++++++++++++++++++++++++++++++
2026-09-28 13:27:28.572 ++Proactor<s2>.process_message  [analog-temp/synced.readings]
2026-09-28 13:27:28.572   IN  internal     analog-temp to hw1.isone.me.versant.keene.maple.scada.s2     <-  [analog-temp/to/hw1.isone.me.versant.keene.maple.scada.s2/synced.readings]        SyncedReadings           
2026-09-28 13:27:28.572 ++Parentless.process_internal_message analog-temp/synced.readings
2026-09-28 13:27:28.573   OUT mqtt         analog-temp to s                                       ->  [gw/hw1-isone-me-versant-keene-maple-scada-s2/to/s/synced-readings]               SyncedReadings           
2026-09-28 13:27:28.573 --Parentless.process_internal_message  path:0x00000004
2026-09-28 13:27:28.573 --Proactor<s2>.process_message  path:0x00000401
2026-09-28 13:27:28.574 ----------------------------------------------------------------------------------------
2026-09-28 13:27:30.972 
2026-09-28 13:27:30.973 ++++++++++++++++++++++++++++++++++++++++++++++++++++++++++++++++++++++++++++++++++++++++
2026-09-28 13:27:30.973 ++Proactor<s2>.process_message  [analog-temp/synced.readings]
2026-09-28 13:27:30.973   IN  internal     analog-temp to hw1.isone.me.versant.keene.maple.scada.s2     <-  [analog-temp/to/hw1.isone.me.versant.keene.maple.scada.s2/synced.readings]        SyncedReadings           
2026-09-28 13:27:30.973 ++Parentless.process_internal_message analog-temp/synced.readings
2026-09-28 13:27:30.974   OUT mqtt         analog-temp to s                                       ->  [gw/hw1-isone-me-versant-keene-maple-scada-s2/to/s/synced-readings]               SyncedReadings           
2026-09-28 13:27:30.974 --Parentless.process_internal_message  path:0x00000004
2026-09-28 13:27:30.975 --Proactor<s2>.process_message  path:0x00000401
2026-09-28 13:27:30.975 ----------------------------------------------------------------------------------------
2026-09-28 13:27:35.390 
2026-09-28 13:27:35.391 ++++++++++++++++++++++++++++++++++++++++++++++++++++++++++++++++++++++++++++++++++++++++
2026-09-28 13:27:35.392 ++Proactor<s2>.process_message  [analog-temp/synced.readings]
2026-09-28 13:27:35.392   IN  internal     analog-temp to hw1.isone.me.versant.keene.maple.scada.s2     <-  [analog-temp/to/hw1.isone.me.versant.keene.maple.scada.s2/synced.readings]        SyncedReadings           
2026-09-28 13:27:35.393 ++Parentless.process_internal_message analog-temp/synced.readings
2026-09-28 13:27:35.394   OUT mqtt         analog-temp to s                                       ->  [gw/hw1-isone-me-versant-keene-maple-scada-s2/to/s/synced-readings]               SyncedReadings           
2026-09-28 13:27:35.395 --Parentless.process_internal_message  path:0x00000004
2026-09-28 13:27:35.396 --Proactor<s2>.process_message  path:0x00000401
2026-09-28 13:27:35.396 ----------------------------------------------------------------------------------------
2026-09-28 13:27:37.340 
2026-09-28 13:27:37.340 ++++++++++++++++++++++++++++++++++++++++++++++++++++++++++++++++++++++++++++++++++++++++
2026-09-28 13:27:37.341 ++Proactor<s2>.process_message  [gridworks-ping]
2026-09-28 13:27:37.341 ++Proactor<s2>._process_mqtt_message mqtt_clients/mqtt_message
2026-09-28 13:27:37.343   IN  mqtt         hw1.isone.me.versant.keene.maple.scada to s2           <-  [gw/hw1-isone-me-versant-keene-maple-scada/to/s2/gridworks-ping]                  Ping                      35db6178...
2026-09-28 13:27:37.344   OUT mqtt         hw1.isone.me.versant.keene.maple.scada.s2 to s         ->  [gw/hw1-isone-me-versant-keene-maple-scada-s2/to/s/gridworks-ack]                 Ack                       35db6178...
2026-09-28 13:27:37.346 --Proactor<s2>._process_mqtt_message:1  path:0x00000223
2026-09-28 13:27:37.346 --Proactor<s2>.process_message  path:0x00000002
2026-09-28 13:27:37.347 ----------------------------------------------------------------------------------------
2026-09-28 13:27:37.793 
2026-09-28 13:27:37.794 ++++++++++++++++++++++++++++++++++++++++++++++++++++++++++++++++++++++++++++++++++++++++
2026-09-28 13:27:37.794 ++Proactor<s2>.process_message  [analog-temp/synced.readings]
2026-09-28 13:27:37.795   IN  internal     analog-temp to hw1.isone.me.versant.keene.maple.scada.s2     <-  [analog-temp/to/hw1.isone.me.versant.keene.maple.scada.s2/synced.readings]        SyncedReadings           
2026-09-28 13:27:37.795 ++Parentless.process_internal_message analog-temp/synced.readings
2026-09-28 13:27:37.797   OUT mqtt         analog-temp to s                                       ->  [gw/hw1-isone-me-versant-keene-maple-scada-s2/to/s/synced-readings]               SyncedReadings           
2026-09-28 13:27:37.797 --Parentless.process_internal_message  path:0x00000004
2026-09-28 13:27:37.798 --Proactor<s2>.process_message  path:0x00000401
2026-09-28 13:27:37.798 ----------------------------------------------------------------------------------------
2026-09-28 13:27:37.993 
2026-09-28 13:27:37.993 ++++++++++++++++++++++++++++++++++++++++++++++++++++++++++++++++++++++++++++++++++++++++
2026-09-28 13:27:37.994 ++Proactor<s2>.process_message  [analog-temp/synced.readings]
2026-09-28 13:27:37.994   IN  internal     analog-temp to hw1.isone.me.versant.keene.maple.scada.s2     <-  [analog-temp/to/hw1.isone.me.versant.keene.maple.scada.s2/synced.readings]        SyncedReadings           
2026-09-28 13:27:37.995 ++Parentless.process_internal_message analog-temp/synced.readings
2026-09-28 13:27:37.997   OUT mqtt         analog-temp to s                                       ->  [gw/hw1-isone-me-versant-keene-maple-scada-s2/to/s/synced-readings]               SyncedReadings           
2026-09-28 13:27:37.998 --Parentless.process_internal_message  path:0x00000004
2026-09-28 13:27:37.998 --Proactor<s2>.process_message  path:0x00000401
2026-09-28 13:27:37.999 ----------------------------------------------------------------------------------------
2026-09-28 13:27:40.395 
2026-09-28 13:27:40.396 ++++++++++++++++++++++++++++++++++++++++++++++++++++++++++++++++++++++++++++++++++++++++
2026-09-28 13:27:40.396 ++Proactor<s2>.process_message  [analog-temp/synced.readings]
2026-09-28 13:27:40.397   IN  internal     analog-temp to hw1.isone.me.versant.keene.maple.scada.s2     <-  [analog-temp/to/hw1.isone.me.versant.keene.maple.scada.s2/synced.readings]        SyncedReadings           
2026-09-28 13:27:40.397 ++Parentless.process_internal_message analog-temp/synced.readings
2026-09-28 13:27:40.399   OUT mqtt         analog-temp to s                                       ->  [gw/hw1-isone-me-versant-keene-maple-scada-s2/to/s/synced-readings]               SyncedReadings           
2026-09-28 13:27:40.400 --Parentless.process_internal_message  path:0x00000004
2026-09-28 13:27:40.401 --Proactor<s2>.process_message  path:0x00000401
2026-09-28 13:27:40.401 ----------------------------------------------------------------------------------------
2026-09-28 13:27:44.580 
2026-09-28 13:27:44.581 ++++++++++++++++++++++++++++++++++++++++++++++++++++++++++++++++++++++++++++++++++++++++
2026-09-28 13:27:44.581 ++Proactor<s2>.process_message  [analog-temp/synced.readings]
2026-09-28 13:27:44.581   IN  internal     analog-temp to hw1.isone.me.versant.keene.maple.scada.s2     <-  [analog-temp/to/hw1.isone.me.versant.keene.maple.scada.s2/synced.readings]        SyncedReadings           
2026-09-28 13:27:44.581 ++Parentless.process_internal_message analog-temp/synced.readings
2026-09-28 13:27:44.582   OUT mqtt         analog-temp to s                                       ->  [gw/hw1-isone-me-versant-keene-maple-scada-s2/to/s/synced-readings]               SyncedReadings           
2026-09-28 13:27:44.582 --Parentless.process_internal_message  path:0x00000004
2026-09-28 13:27:44.583 --Proactor<s2>.process_message  path:0x00000401
2026-09-28 13:27:44.583 ----------------------------------------------------------------------------------------
2026-09-28 13:27:45.581 
2026-09-28 13:27:45.582 ++++++++++++++++++++++++++++++++++++++++++++++++++++++++++++++++++++++++++++++++++++++++
2026-09-28 13:27:45.582 ++Proactor<s2>.process_message  [analog-temp/synced.readings]
2026-09-28 13:27:45.582   IN  internal     analog-temp to hw1.isone.me.versant.keene.maple.scada.s2     <-  [analog-temp/to/hw1.isone.me.versant.keene.maple.scada.s2/synced.readings]        SyncedReadings           
2026-09-28 13:27:45.582 ++Parentless.process_internal_message analog-temp/synced.readings
2026-09-28 13:27:45.583   OUT mqtt         analog-temp to s                                       ->  [gw/hw1-isone-me-versant-keene-maple-scada-s2/to/s/synced-readings]               SyncedReadings           
2026-09-28 13:27:45.583 --Parentless.process_internal_message  path:0x00000004
2026-09-28 13:27:45.583 --Proactor<s2>.process_message  path:0x00000401
2026-09-28 13:27:45.584 ----------------------------------------------------------------------------------------
2026-09-28 13:27:52.402 
2026-09-28 13:27:52.402 ++++++++++++++++++++++++++++++++++++++++++++++++++++++++++++++++++++++++++++++++++++++++
2026-09-28 13:27:52.403 ++Proactor<s2>.process_message  [analog-temp/synced.readings]
2026-09-28 13:27:52.403   IN  internal     analog-temp to hw1.isone.me.versant.keene.maple.scada.s2     <-  [analog-temp/to/hw1.isone.me.versant.keene.maple.scada.s2/synced.readings]        SyncedReadings           
2026-09-28 13:27:52.404 ++Parentless.process_internal_message analog-temp/synced.readings
2026-09-28 13:27:52.405   OUT mqtt         analog-temp to s                                       ->  [gw/hw1-isone-me-versant-keene-maple-scada-s2/to/s/synced-readings]               SyncedReadings           
2026-09-28 13:27:52.406 --Parentless.process_internal_message  path:0x00000004
2026-09-28 13:27:52.407 --Proactor<s2>.process_message  path:0x00000401
2026-09-28 13:27:52.407 ----------------------------------------------------------------------------------------
2026-09-28 13:27:54.588 
2026-09-28 13:27:54.588 ++++++++++++++++++++++++++++++++++++++++++++++++++++++++++++++++++++++++++++++++++++++++
2026-09-28 13:27:54.588 ++Proactor<s2>.process_message  [analog-temp/synced.readings]
2026-09-28 13:27:54.588   IN  internal     analog-temp to hw1.isone.me.versant.keene.maple.scada.s2     <-  [analog-temp/to/hw1.isone.me.versant.keene.maple.scada.s2/synced.readings]        SyncedReadings           
2026-09-28 13:27:54.589 ++Parentless.process_internal_message analog-temp/synced.readings
2026-09-28 13:27:54.589   OUT mqtt         analog-temp to s                                       ->  [gw/hw1-isone-me-versant-keene-maple-scada-s2/to/s/synced-readings]               SyncedReadings           
2026-09-28 13:27:54.590 --Parentless.process_internal_message  path:0x00000004
2026-09-28 13:27:54.590 --Proactor<s2>.process_message  path:0x00000401
2026-09-28 13:27:54.590 ----------------------------------------------------------------------------------------
2026-09-28 13:28:03.008 
2026-09-28 13:28:03.009 ++++++++++++++++++++++++++++++++++++++++++++++++++++++++++++++++++++++++++++++++++++++++
2026-09-28 13:28:03.009 ++Proactor<s2>.process_message  [analog-temp/synced.readings]
2026-09-28 13:28:03.010   IN  internal     analog-temp to hw1.isone.me.versant.keene.maple.scada.s2     <-  [analog-temp/to/hw1.isone.me.versant.keene.maple.scada.s2/synced.readings]        SyncedReadings           
2026-09-28 13:28:03.010 ++Parentless.process_internal_message analog-temp/synced.readings
2026-09-28 13:28:03.012   OUT mqtt         analog-temp to s                                       ->  [gw/hw1-isone-me-versant-keene-maple-scada-s2/to/s/synced-readings]               SyncedReadings           
2026-09-28 13:28:03.013 --Parentless.process_internal_message  path:0x00000004
2026-09-28 13:28:03.013 --Proactor<s2>.process_message  path:0x00000401
2026-09-28 13:28:03.014 ----------------------------------------------------------------------------------------
2026-09-28 13:28:07.395 
2026-09-28 13:28:07.395 ++++++++++++++++++++++++++++++++++++++++++++++++++++++++++++++++++++++++++++++++++++++++
2026-09-28 13:28:07.395 ++Proactor<s2>.process_message  [analog-temp/synced.readings]
2026-09-28 13:28:07.396   IN  internal     analog-temp to hw1.isone.me.versant.keene.maple.scada.s2     <-  [analog-temp/to/hw1.isone.me.versant.keene.maple.scada.s2/synced.readings]        SyncedReadings           
2026-09-28 13:28:07.396 ++Parentless.process_internal_message analog-temp/synced.readings
2026-09-28 13:28:07.396   OUT mqtt         analog-temp to s                                       ->  [gw/hw1-isone-me-versant-keene-maple-scada-s2/to/s/synced-readings]               SyncedReadings           
2026-09-28 13:28:07.397 --Parentless.process_internal_message  path:0x00000004
2026-09-28 13:28:07.397 --Proactor<s2>.process_message  path:0x00000401
2026-09-28 13:28:07.397 ----------------------------------------------------------------------------------------
2026-09-28 13:28:08.794 
2026-09-28 13:28:08.794 ++++++++++++++++++++++++++++++++++++++++++++++++++++++++++++++++++++++++++++++++++++++++
2026-09-28 13:28:08.795 ++Proactor<s2>.process_message  [analog-temp/synced.readings]
2026-09-28 13:28:08.795   IN  internal     analog-temp to hw1.isone.me.versant.keene.maple.scada.s2     <-  [analog-temp/to/hw1.isone.me.versant.keene.maple.scada.s2/synced.readings]        SyncedReadings           
2026-09-28 13:28:08.795 ++Parentless.process_internal_message analog-temp/synced.readings
2026-09-28 13:28:08.796   OUT mqtt         analog-temp to s                                       ->  [gw/hw1-isone-me-versant-keene-maple-scada-s2/to/s/synced-readings]               SyncedReadings           
2026-09-28 13:28:08.796 --Parentless.process_internal_message  path:0x00000004
2026-09-28 13:28:08.796 --Proactor<s2>.process_message  path:0x00000401
2026-09-28 13:28:08.797 ----------------------------------------------------------------------------------------
2026-09-28 13:28:11.395 
2026-09-28 13:28:11.396 ++++++++++++++++++++++++++++++++++++++++++++++++++++++++++++++++++++++++++++++++++++++++
2026-09-28 13:28:11.396 ++Proactor<s2>.process_message  [analog-temp/synced.readings]
2026-09-28 13:28:11.396   IN  internal     analog-temp to hw1.isone.me.versant.keene.maple.scada.s2     <-  [analog-temp/to/hw1.isone.me.versant.keene.maple.scada.s2/synced.readings]        SyncedReadings           
2026-09-28 13:28:11.396 ++Parentless.process_internal_message analog-temp/synced.readings
2026-09-28 13:28:11.397   OUT mqtt         analog-temp to s                                       ->  [gw/hw1-isone-me-versant-keene-maple-scada-s2/to/s/synced-readings]               SyncedReadings           
2026-09-28 13:28:11.398 --Parentless.process_internal_message  path:0x00000004
2026-09-28 13:28:11.398 --Proactor<s2>.process_message  path:0x00000401
2026-09-28 13:28:11.398 ----------------------------------------------------------------------------------------
2026-09-28 13:28:11.996 
2026-09-28 13:28:11.999 ++++++++++++++++++++++++++++++++++++++++++++++++++++++++++++++++++++++++++++++++++++++++
2026-09-28 13:28:12.000 ++Proactor<s2>.process_message  [analog-temp/synced.readings]
2026-09-28 13:28:12.000   IN  internal     analog-temp to hw1.isone.me.versant.keene.maple.scada.s2     <-  [analog-temp/to/hw1.isone.me.versant.keene.maple.scada.s2/synced.readings]        SyncedReadings           
2026-09-28 13:28:12.000 ++Parentless.process_internal_message analog-temp/synced.readings
2026-09-28 13:28:12.001   OUT mqtt         analog-temp to s                                       ->  [gw/hw1-isone-me-versant-keene-maple-scada-s2/to/s/synced-readings]               SyncedReadings           
2026-09-28 13:28:12.001 --Parentless.process_internal_message  path:0x00000004
2026-09-28 13:28:12.001 --Proactor<s2>.process_message  path:0x00000401
2026-09-28 13:28:12.002 ----------------------------------------------------------------------------------------
2026-09-28 13:28:13.813 
2026-09-28 13:28:13.813 ++++++++++++++++++++++++++++++++++++++++++++++++++++++++++++++++++++++++++++++++++++++++
2026-09-28 13:28:13.814 ++Proactor<s2>.process_message  [analog-temp/synced.readings]
2026-09-28 13:28:13.814   IN  internal     analog-temp to hw1.isone.me.versant.keene.maple.scada.s2     <-  [analog-temp/to/hw1.isone.me.versant.keene.maple.scada.s2/synced.readings]        SyncedReadings           
2026-09-28 13:28:13.815 ++Parentless.process_internal_message analog-temp/synced.readings
2026-09-28 13:28:13.816   OUT mqtt         analog-temp to s                                       ->  [gw/hw1-isone-me-versant-keene-maple-scada-s2/to/s/synced-readings]               SyncedReadings           
2026-09-28 13:28:13.817 --Parentless.process_internal_message  path:0x00000004
2026-09-28 13:28:13.817 --Proactor<s2>.process_message  path:0x00000401
2026-09-28 13:28:13.818 ----------------------------------------------------------------------------------------
2026-09-28 13:28:15.614 
2026-09-28 13:28:15.614 ++++++++++++++++++++++++++++++++++++++++++++++++++++++++++++++++++++++++++++++++++++++++
2026-09-28 13:28:15.615 ++Proactor<s2>.process_message  [analog-temp/synced.readings]
2026-09-28 13:28:15.615   IN  internal     analog-temp to hw1.isone.me.versant.keene.maple.scada.s2     <-  [analog-temp/to/hw1.isone.me.versant.keene.maple.scada.s2/synced.readings]        SyncedReadings           
2026-09-28 13:28:15.616 ++Parentless.process_internal_message analog-temp/synced.readings
2026-09-28 13:28:15.617   OUT mqtt         analog-temp to s                                       ->  [gw/hw1-isone-me-versant-keene-maple-scada-s2/to/s/synced-readings]               SyncedReadings           
2026-09-28 13:28:15.618 --Parentless.process_internal_message  path:0x00000004
2026-09-28 13:28:15.619 --Proactor<s2>.process_message  path:0x00000401
2026-09-28 13:28:15.619 ----------------------------------------------------------------------------------------
2026-09-28 13:28:17.416 
2026-09-28 13:28:17.419 ++++++++++++++++++++++++++++++++++++++++++++++++++++++++++++++++++++++++++++++++++++++++
2026-09-28 13:28:17.419 ++Proactor<s2>.process_message  [analog-temp/synced.readings]
2026-09-28 13:28:17.420   IN  internal     analog-temp to hw1.isone.me.versant.keene.maple.scada.s2     <-  [analog-temp/to/hw1.isone.me.versant.keene.maple.scada.s2/synced.readings]        SyncedReadings           
2026-09-28 13:28:17.420 ++Parentless.process_internal_message analog-temp/synced.readings
2026-09-28 13:28:17.422   OUT mqtt         analog-temp to s                                       ->  [gw/hw1-isone-me-versant-keene-maple-scada-s2/to/s/synced-readings]               SyncedReadings           
2026-09-28 13:28:17.423 --Parentless.process_internal_message  path:0x00000004
2026-09-28 13:28:17.423 --Proactor<s2>.process_message  path:0x00000401
2026-09-28 13:28:17.424 ----------------------------------------------------------------------------------------
2026-09-28 13:28:19.217 
2026-09-28 13:28:19.218 ++++++++++++++++++++++++++++++++++++++++++++++++++++++++++++++++++++++++++++++++++++++++
2026-09-28 13:28:19.218 ++Proactor<s2>.process_message  [analog-temp/synced.readings]
2026-09-28 13:28:19.219   IN  internal     analog-temp to hw1.isone.me.versant.keene.maple.scada.s2     <-  [analog-temp/to/hw1.isone.me.versant.keene.maple.scada.s2/synced.readings]        SyncedReadings           
2026-09-28 13:28:19.219 ++Parentless.process_internal_message analog-temp/synced.readings
2026-09-28 13:28:19.220   OUT mqtt         analog-temp to s                                       ->  [gw/hw1-isone-me-versant-keene-maple-scada-s2/to/s/synced-readings]               SyncedReadings           
2026-09-28 13:28:19.221 --Parentless.process_internal_message  path:0x00000004
2026-09-28 13:28:19.222 --Proactor<s2>.process_message  path:0x00000401
2026-09-28 13:28:19.222 ----------------------------------------------------------------------------------------
2026-09-28 13:28:20.801 
2026-09-28 13:28:20.801 ++++++++++++++++++++++++++++++++++++++++++++++++++++++++++++++++++++++++++++++++++++++++
2026-09-28 13:28:20.801 ++Proactor<s2>.process_message  [analog-temp/synced.readings]
2026-09-28 13:28:20.802   IN  internal     analog-temp to hw1.isone.me.versant.keene.maple.scada.s2     <-  [analog-temp/to/hw1.isone.me.versant.keene.maple.scada.s2/synced.readings]        SyncedReadings           
2026-09-28 13:28:20.802 ++Parentless.process_internal_message analog-temp/synced.readings
2026-09-28 13:28:20.802   OUT mqtt         analog-temp to s                                       ->  [gw/hw1-isone-me-versant-keene-maple-scada-s2/to/s/synced-readings]               SyncedReadings           
2026-09-28 13:28:20.803 --Parentless.process_internal_message  path:0x00000004
2026-09-28 13:28:20.804 --Proactor<s2>.process_message  path:0x00000401
2026-09-28 13:28:20.804 ----------------------------------------------------------------------------------------
2026-09-28 13:28:21.401 
2026-09-28 13:28:21.401 ++++++++++++++++++++++++++++++++++++++++++++++++++++++++++++++++++++++++++++++++++++++++
2026-09-28 13:28:21.402 ++Proactor<s2>.process_message  [analog-temp/synced.readings]
2026-09-28 13:28:21.402   IN  internal     analog-temp to hw1.isone.me.versant.keene.maple.scada.s2     <-  [analog-temp/to/hw1.isone.me.versant.keene.maple.scada.s2/synced.readings]        SyncedReadings           
2026-09-28 13:28:21.402 ++Parentless.process_internal_message analog-temp/synced.readings
2026-09-28 13:28:21.403   OUT mqtt         analog-temp to s                                       ->  [gw/hw1-isone-me-versant-keene-maple-scada-s2/to/s/synced-readings]               SyncedReadings           
2026-09-28 13:28:21.403 --Parentless.process_internal_message  path:0x00000004
2026-09-28 13:28:21.403 --Proactor<s2>.process_message  path:0x00000401
2026-09-28 13:28:21.404 ----------------------------------------------------------------------------------------
2026-09-28 13:28:23.602 
2026-09-28 13:28:23.603 ++++++++++++++++++++++++++++++++++++++++++++++++++++++++++++++++++++++++++++++++++++++++
2026-09-28 13:28:23.603 ++Proactor<s2>.process_message  [analog-temp/synced.readings]
2026-09-28 13:28:23.603   IN  internal     analog-temp to hw1.isone.me.versant.keene.maple.scada.s2     <-  [analog-temp/to/hw1.isone.me.versant.keene.maple.scada.s2/synced.readings]        SyncedReadings           
2026-09-28 13:28:23.603 ++Parentless.process_internal_message analog-temp/synced.readings
2026-09-28 13:28:23.604   OUT mqtt         analog-temp to s                                       ->  [gw/hw1-isone-me-versant-keene-maple-scada-s2/to/s/synced-readings]               SyncedReadings           
2026-09-28 13:28:23.604 --Parentless.process_internal_message  path:0x00000004
2026-09-28 13:28:23.605 --Proactor<s2>.process_message  path:0x00000401
2026-09-28 13:28:23.605 ----------------------------------------------------------------------------------------
2026-09-28 13:28:26.020 
2026-09-28 13:28:26.021 ++++++++++++++++++++++++++++++++++++++++++++++++++++++++++++++++++++++++++++++++++++++++
2026-09-28 13:28:26.021 ++Proactor<s2>.process_message  [analog-temp/synced.readings]
2026-09-28 13:28:26.022   IN  internal     analog-temp to hw1.isone.me.versant.keene.maple.scada.s2     <-  [analog-temp/to/hw1.isone.me.versant.keene.maple.scada.s2/synced.readings]        SyncedReadings           
2026-09-28 13:28:26.022 ++Parentless.process_internal_message analog-temp/synced.readings
2026-09-28 13:28:26.024   OUT mqtt         analog-temp to s                                       ->  [gw/hw1-isone-me-versant-keene-maple-scada-s2/to/s/synced-readings]               SyncedReadings           
2026-09-28 13:28:26.025 --Parentless.process_internal_message  path:0x00000004
2026-09-28 13:28:26.025 --Proactor<s2>.process_message  path:0x00000401
2026-09-28 13:28:26.026 ----------------------------------------------------------------------------------------
2026-09-28 13:28:29.021 
2026-09-28 13:28:29.022 ++++++++++++++++++++++++++++++++++++++++++++++++++++++++++++++++++++++++++++++++++++++++
2026-09-28 13:28:29.022 ++Proactor<s2>.process_message  [analog-temp/synced.readings]
2026-09-28 13:28:29.023   IN  internal     analog-temp to hw1.isone.me.versant.keene.maple.scada.s2     <-  [analog-temp/to/hw1.isone.me.versant.keene.maple.scada.s2/synced.readings]        SyncedReadings           
2026-09-28 13:28:29.023 ++Parentless.process_internal_message analog-temp/synced.readings
2026-09-28 13:28:29.025   OUT mqtt         analog-temp to s                                       ->  [gw/hw1-isone-me-versant-keene-maple-scada-s2/to/s/synced-readings]               SyncedReadings           
2026-09-28 13:28:29.026 --Parentless.process_internal_message  path:0x00000004
2026-09-28 13:28:29.026 --Proactor<s2>.process_message  path:0x00000401
2026-09-28 13:28:29.027 ----------------------------------------------------------------------------------------
2026-09-28 13:28:32.409 
2026-09-28 13:28:32.409 ++++++++++++++++++++++++++++++++++++++++++++++++++++++++++++++++++++++++++++++++++++++++
2026-09-28 13:28:32.409 ++Proactor<s2>.process_message  [analog-temp/synced.readings]
2026-09-28 13:28:32.410   IN  internal     analog-temp to hw1.isone.me.versant.keene.maple.scada.s2     <-  [analog-temp/to/hw1.isone.me.versant.keene.maple.scada.s2/synced.readings]        SyncedReadings           
2026-09-28 13:28:32.410 ++Parentless.process_internal_message analog-temp/synced.readings
2026-09-28 13:28:32.410   OUT mqtt         analog-temp to s                                       ->  [gw/hw1-isone-me-versant-keene-maple-scada-s2/to/s/synced-readings]               SyncedReadings           
2026-09-28 13:28:32.411 --Parentless.process_internal_message  path:0x00000004
2026-09-28 13:28:32.411 --Proactor<s2>.process_message  path:0x00000401
2026-09-28 13:28:32.411 ----------------------------------------------------------------------------------------
2026-09-28 13:28:33.208 
2026-09-28 13:28:33.208 ++++++++++++++++++++++++++++++++++++++++++++++++++++++++++++++++++++++++++++++++++++++++
2026-09-28 13:28:33.208 ++Proactor<s2>.process_message  [analog-temp/synced.readings]
2026-09-28 13:28:33.208   IN  internal     analog-temp to hw1.isone.me.versant.keene.maple.scada.s2     <-  [analog-temp/to/hw1.isone.me.versant.keene.maple.scada.s2/synced.readings]        SyncedReadings           
2026-09-28 13:28:33.209 ++Parentless.process_internal_message analog-temp/synced.readings
2026-09-28 13:28:33.209   OUT mqtt         analog-temp to s                                       ->  [gw/hw1-isone-me-versant-keene-maple-scada-s2/to/s/synced-readings]               SyncedReadings           
2026-09-28 13:28:33.210 --Parentless.process_internal_message  path:0x00000004
2026-09-28 13:28:33.210 --Proactor<s2>.process_message  path:0x00000401
2026-09-28 13:28:33.210 ----------------------------------------------------------------------------------------
2026-09-28 13:28:33.408 
2026-09-28 13:28:33.409 ++++++++++++++++++++++++++++++++++++++++++++++++++++++++++++++++++++++++++++++++++++++++
2026-09-28 13:28:33.409 ++Proactor<s2>.process_message  [analog-temp/synced.readings]
2026-09-28 13:28:33.409   IN  internal     analog-temp to hw1.isone.me.versant.keene.maple.scada.s2     <-  [analog-temp/to/hw1.isone.me.versant.keene.maple.scada.s2/synced.readings]        SyncedReadings           
2026-09-28 13:28:33.409 ++Parentless.process_internal_message analog-temp/synced.readings
2026-09-28 13:28:33.410   OUT mqtt         analog-temp to s                                       ->  [gw/hw1-isone-me-versant-keene-maple-scada-s2/to/s/synced-readings]               SyncedReadings           
2026-09-28 13:28:33.410 --Parentless.process_internal_message  path:0x00000004
2026-09-28 13:28:33.411 --Proactor<s2>.process_message  path:0x00000401
2026-09-28 13:28:33.411 ----------------------------------------------------------------------------------------
2026-09-28 13:28:35.209 
2026-09-28 13:28:35.209 ++++++++++++++++++++++++++++++++++++++++++++++++++++++++++++++++++++++++++++++++++++++++
2026-09-28 13:28:35.209 ++Proactor<s2>.process_message  [analog-temp/synced.readings]
2026-09-28 13:28:35.209   IN  internal     analog-temp to hw1.isone.me.versant.keene.maple.scada.s2     <-  [analog-temp/to/hw1.isone.me.versant.keene.maple.scada.s2/synced.readings]        SyncedReadings           
2026-09-28 13:28:35.209 ++Parentless.process_internal_message analog-temp/synced.readings
2026-09-28 13:28:35.210   OUT mqtt         analog-temp to s                                       ->  [gw/hw1-isone-me-versant-keene-maple-scada-s2/to/s/synced-readings]               SyncedReadings           
2026-09-28 13:28:35.210 --Parentless.process_internal_message  path:0x00000004
2026-09-28 13:28:35.211 --Proactor<s2>.process_message  path:0x00000401
2026-09-28 13:28:35.211 ----------------------------------------------------------------------------------------
2026-09-28 13:28:37.904 
2026-09-28 13:28:37.904 ++++++++++++++++++++++++++++++++++++++++++++++++++++++++++++++++++++++++++++++++++++++++
2026-09-28 13:28:37.905 ++Proactor<s2>.process_message  [gridworks-ping]
2026-09-28 13:28:37.905 ++Proactor<s2>._process_mqtt_message mqtt_clients/mqtt_message
2026-09-28 13:28:37.906   IN  mqtt         hw1.isone.me.versant.keene.maple.scada to s2           <-  [gw/hw1-isone-me-versant-keene-maple-scada/to/s2/gridworks-ping]                  Ping                      148aad1f...
2026-09-28 13:28:37.907   OUT mqtt         hw1.isone.me.versant.keene.maple.scada.s2 to s         ->  [gw/hw1-isone-me-versant-keene-maple-scada-s2/to/s/gridworks-ack]                 Ack                       148aad1f...
2026-09-28 13:28:37.908 --Proactor<s2>._process_mqtt_message:1  path:0x00000223
2026-09-28 13:28:37.909 --Proactor<s2>.process_message  path:0x00000002
2026-09-28 13:28:37.909 ----------------------------------------------------------------------------------------
2026-09-28 13:28:38.227 
2026-09-28 13:28:38.227 ++++++++++++++++++++++++++++++++++++++++++++++++++++++++++++++++++++++++++++++++++++++++
2026-09-28 13:28:38.228 ++Proactor<s2>.process_message  [analog-temp/synced.readings]
2026-09-28 13:28:38.228   IN  internal     analog-temp to hw1.isone.me.versant.keene.maple.scada.s2     <-  [analog-temp/to/hw1.isone.me.versant.keene.maple.scada.s2/synced.readings]        SyncedReadings           
2026-09-28 13:28:38.229 ++Parentless.process_internal_message analog-temp/synced.readings
2026-09-28 13:28:38.230   OUT mqtt         analog-temp to s                                       ->  [gw/hw1-isone-me-versant-keene-maple-scada-s2/to/s/synced-readings]               SyncedReadings           
2026-09-28 13:28:38.231 --Parentless.process_internal_message  path:0x00000004
2026-09-28 13:28:38.232 --Proactor<s2>.process_message  path:0x00000401
2026-09-28 13:28:38.233 ----------------------------------------------------------------------------------------
2026-09-28 13:28:38.826 
2026-09-28 13:28:38.827 ++++++++++++++++++++++++++++++++++++++++++++++++++++++++++++++++++++++++++++++++++++++++
2026-09-28 13:28:38.827 ++Proactor<s2>.process_message  [analog-temp/synced.readings]
2026-09-28 13:28:38.828   IN  internal     analog-temp to hw1.isone.me.versant.keene.maple.scada.s2     <-  [analog-temp/to/hw1.isone.me.versant.keene.maple.scada.s2/synced.readings]        SyncedReadings           
2026-09-28 13:28:38.829 ++Parentless.process_internal_message analog-temp/synced.readings
2026-09-28 13:28:38.830   OUT mqtt         analog-temp to s                                       ->  [gw/hw1-isone-me-versant-keene-maple-scada-s2/to/s/synced-readings]               SyncedReadings           
2026-09-28 13:28:38.831 --Parentless.process_internal_message  path:0x00000004
2026-09-28 13:28:38.832 --Proactor<s2>.process_message  path:0x00000401
2026-09-28 13:28:38.832 ----------------------------------------------------------------------------------------
2026-09-28 13:28:39.027 
2026-09-28 13:28:39.028 ++++++++++++++++++++++++++++++++++++++++++++++++++++++++++++++++++++++++++++++++++++++++
2026-09-28 13:28:39.029 ++Proactor<s2>.process_message  [analog-temp/synced.readings]
2026-09-28 13:28:39.029   IN  internal     analog-temp to hw1.isone.me.versant.keene.maple.scada.s2     <-  [analog-temp/to/hw1.isone.me.versant.keene.maple.scada.s2/synced.readings]        SyncedReadings           
2026-09-28 13:28:39.030 ++Parentless.process_internal_message analog-temp/synced.readings
2026-09-28 13:28:39.031   OUT mqtt         analog-temp to s                                       ->  [gw/hw1-isone-me-versant-keene-maple-scada-s2/to/s/synced-readings]               SyncedReadings           
2026-09-28 13:28:39.032 --Parentless.process_internal_message  path:0x00000004
2026-09-28 13:28:39.033 --Proactor<s2>.process_message  path:0x00000401
2026-09-28 13:28:39.033 ----------------------------------------------------------------------------------------
2026-09-28 13:28:41.227 
2026-09-28 13:28:41.228 ++++++++++++++++++++++++++++++++++++++++++++++++++++++++++++++++++++++++++++++++++++++++
2026-09-28 13:28:41.229 ++Proactor<s2>.process_message  [analog-temp/synced.readings]
2026-09-28 13:28:41.229   IN  internal     analog-temp to hw1.isone.me.versant.keene.maple.scada.s2     <-  [analog-temp/to/hw1.isone.me.versant.keene.maple.scada.s2/synced.readings]        SyncedReadings           
2026-09-28 13:28:41.230 ++Parentless.process_internal_message analog-temp/synced.readings
2026-09-28 13:28:41.231   OUT mqtt         analog-temp to s                                       ->  [gw/hw1-isone-me-versant-keene-maple-scada-s2/to/s/synced-readings]               SyncedReadings           
2026-09-28 13:28:41.232 --Parentless.process_internal_message  path:0x00000004
2026-09-28 13:28:41.233 --Proactor<s2>.process_message  path:0x00000401
2026-09-28 13:28:41.234 ----------------------------------------------------------------------------------------
2026-09-28 13:28:44.421 
2026-09-28 13:28:44.421 ++++++++++++++++++++++++++++++++++++++++++++++++++++++++++++++++++++++++++++++++++++++++
2026-09-28 13:28:44.422 ++Proactor<s2>.process_message  [analog-temp/synced.readings]
2026-09-28 13:28:44.422   IN  internal     analog-temp to hw1.isone.me.versant.keene.maple.scada.s2     <-  [analog-temp/to/hw1.isone.me.versant.keene.maple.scada.s2/synced.readings]        SyncedReadings           
2026-09-28 13:28:44.422 ++Parentless.process_internal_message analog-temp/synced.readings
2026-09-28 13:28:44.423   OUT mqtt         analog-temp to s                                       ->  [gw/hw1-isone-me-versant-keene-maple-scada-s2/to/s/synced-readings]               SyncedReadings           
2026-09-28 13:28:44.423 --Parentless.process_internal_message  path:0x00000004
2026-09-28 13:28:44.423 --Proactor<s2>.process_message  path:0x00000401
2026-09-28 13:28:44.424 ----------------------------------------------------------------------------------------
2026-09-28 13:28:46.616 
2026-09-28 13:28:46.616 ++++++++++++++++++++++++++++++++++++++++++++++++++++++++++++++++++++++++++++++++++++++++
2026-09-28 13:28:46.616 ++Proactor<s2>.process_message  [analog-temp/synced.readings]
2026-09-28 13:28:46.617   IN  internal     analog-temp to hw1.isone.me.versant.keene.maple.scada.s2     <-  [analog-temp/to/hw1.isone.me.versant.keene.maple.scada.s2/synced.readings]        SyncedReadings           
2026-09-28 13:28:46.617 ++Parentless.process_internal_message analog-temp/synced.readings
2026-09-28 13:28:46.617   OUT mqtt         analog-temp to s                                       ->  [gw/hw1-isone-me-versant-keene-maple-scada-s2/to/s/synced-readings]               SyncedReadings           
2026-09-28 13:28:46.618 --Parentless.process_internal_message  path:0x00000004
2026-09-28 13:28:46.618 --Proactor<s2>.process_message  path:0x00000401
2026-09-28 13:28:46.618 ----------------------------------------------------------------------------------------
2026-09-28 13:28:48.015 
2026-09-28 13:28:48.016 ++++++++++++++++++++++++++++++++++++++++++++++++++++++++++++++++++++++++++++++++++++++++
2026-09-28 13:28:48.016 ++Proactor<s2>.process_message  [analog-temp/synced.readings]
2026-09-28 13:28:48.016   IN  internal     analog-temp to hw1.isone.me.versant.keene.maple.scada.s2     <-  [analog-temp/to/hw1.isone.me.versant.keene.maple.scada.s2/synced.readings]        SyncedReadings           
2026-09-28 13:28:48.016 ++Parentless.process_internal_message analog-temp/synced.readings
2026-09-28 13:28:48.017   OUT mqtt         analog-temp to s                                       ->  [gw/hw1-isone-me-versant-keene-maple-scada-s2/to/s/synced-readings]               SyncedReadings           
2026-09-28 13:28:48.017 --Parentless.process_internal_message  path:0x00000004
2026-09-28 13:28:48.018 --Proactor<s2>.process_message  path:0x00000401
2026-09-28 13:28:48.018 ----------------------------------------------------------------------------------------
2026-09-28 13:28:50.834 
2026-09-28 13:28:50.834 ++++++++++++++++++++++++++++++++++++++++++++++++++++++++++++++++++++++++++++++++++++++++
2026-09-28 13:28:50.835 ++Proactor<s2>.process_message  [analog-temp/synced.readings]
2026-09-28 13:28:50.836   IN  internal     analog-temp to hw1.isone.me.versant.keene.maple.scada.s2     <-  [analog-temp/to/hw1.isone.me.versant.keene.maple.scada.s2/synced.readings]        SyncedReadings           
2026-09-28 13:28:50.836 ++Parentless.process_internal_message analog-temp/synced.readings
2026-09-28 13:28:50.837   OUT mqtt         analog-temp to s                                       ->  [gw/hw1-isone-me-versant-keene-maple-scada-s2/to/s/synced-readings]               SyncedReadings           
2026-09-28 13:28:50.838 --Parentless.process_internal_message  path:0x00000004
2026-09-28 13:28:50.839 --Proactor<s2>.process_message  path:0x00000401
2026-09-28 13:28:50.839 ----------------------------------------------------------------------------------------
2026-09-28 13:28:51.434 
2026-09-28 13:28:51.434 ++++++++++++++++++++++++++++++++++++++++++++++++++++++++++++++++++++++++++++++++++++++++
2026-09-28 13:28:51.435 ++Proactor<s2>.process_message  [analog-temp/synced.readings]
2026-09-28 13:28:51.436   IN  internal     analog-temp to hw1.isone.me.versant.keene.maple.scada.s2     <-  [analog-temp/to/hw1.isone.me.versant.keene.maple.scada.s2/synced.readings]        SyncedReadings           
2026-09-28 13:28:51.436 ++Parentless.process_internal_message analog-temp/synced.readings
2026-09-28 13:28:51.438   OUT mqtt         analog-temp to s                                       ->  [gw/hw1-isone-me-versant-keene-maple-scada-s2/to/s/synced-readings]               SyncedReadings           
2026-09-28 13:28:51.439 --Parentless.process_internal_message  path:0x00000004
2026-09-28 13:28:51.439 --Proactor<s2>.process_message  path:0x00000401
2026-09-28 13:28:51.440 ----------------------------------------------------------------------------------------
2026-09-28 13:28:55.821 
2026-09-28 13:28:55.821 ++++++++++++++++++++++++++++++++++++++++++++++++++++++++++++++++++++++++++++++++++++++++
2026-09-28 13:28:55.821 ++Proactor<s2>.process_message  [analog-temp/synced.readings]
2026-09-28 13:28:55.821   IN  internal     analog-temp to hw1.isone.me.versant.keene.maple.scada.s2     <-  [analog-temp/to/hw1.isone.me.versant.keene.maple.scada.s2/synced.readings]        SyncedReadings           
2026-09-28 13:28:55.822 ++Parentless.process_internal_message analog-temp/synced.readings
2026-09-28 13:28:55.822   OUT mqtt         analog-temp to s                                       ->  [gw/hw1-isone-me-versant-keene-maple-scada-s2/to/s/synced-readings]               SyncedReadings           
2026-09-28 13:28:55.823 --Parentless.process_internal_message  path:0x00000004
2026-09-28 13:28:55.823 --Proactor<s2>.process_message  path:0x00000401
2026-09-28 13:28:55.823 ----------------------------------------------------------------------------------------
2026-09-28 13:28:56.821 
2026-09-28 13:28:56.821 ++++++++++++++++++++++++++++++++++++++++++++++++++++++++++++++++++++++++++++++++++++++++
2026-09-28 13:28:56.821 ++Proactor<s2>.process_message  [analog-temp/synced.readings]
2026-09-28 13:28:56.821   IN  internal     analog-temp to hw1.isone.me.versant.keene.maple.scada.s2     <-  [analog-temp/to/hw1.isone.me.versant.keene.maple.scada.s2/synced.readings]        SyncedReadings           
2026-09-28 13:28:56.822 ++Parentless.process_internal_message analog-temp/synced.readings
2026-09-28 13:28:56.822   OUT mqtt         analog-temp to s                                       ->  [gw/hw1-isone-me-versant-keene-maple-scada-s2/to/s/synced-readings]               SyncedReadings           
2026-09-28 13:28:56.823 --Parentless.process_internal_message  path:0x00000004
2026-09-28 13:28:56.823 --Proactor<s2>.process_message  path:0x00000401
2026-09-28 13:28:56.823 ----------------------------------------------------------------------------------------
2026-09-28 13:29:01.240 
2026-09-28 13:29:01.241 ++++++++++++++++++++++++++++++++++++++++++++++++++++++++++++++++++++++++++++++++++++++++
2026-09-28 13:29:01.241 ++Proactor<s2>.process_message  [analog-temp/synced.readings]
2026-09-28 13:29:01.242   IN  internal     analog-temp to hw1.isone.me.versant.keene.maple.scada.s2     <-  [analog-temp/to/hw1.isone.me.versant.keene.maple.scada.s2/synced.readings]        SyncedReadings           
2026-09-28 13:29:01.243 ++Parentless.process_internal_message analog-temp/synced.readings
2026-09-28 13:29:01.244   OUT mqtt         analog-temp to s                                       ->  [gw/hw1-isone-me-versant-keene-maple-scada-s2/to/s/synced-readings]               SyncedReadings           
2026-09-28 13:29:01.245 --Parentless.process_internal_message  path:0x00000004
2026-09-28 13:29:01.246 --Proactor<s2>.process_message  path:0x00000401
2026-09-28 13:29:01.246 ----------------------------------------------------------------------------------------
2026-09-28 13:29:06.043 
2026-09-28 13:29:06.043 ++++++++++++++++++++++++++++++++++++++++++++++++++++++++++++++++++++++++++++++++++++++++
2026-09-28 13:29:06.044 ++Proactor<s2>.process_message  [analog-temp/synced.readings]
2026-09-28 13:29:06.045   IN  internal     analog-temp to hw1.isone.me.versant.keene.maple.scada.s2     <-  [analog-temp/to/hw1.isone.me.versant.keene.maple.scada.s2/synced.readings]        SyncedReadings           
2026-09-28 13:29:06.045 ++Parentless.process_internal_message analog-temp/synced.readings
2026-09-28 13:29:06.047   OUT mqtt         analog-temp to s                                       ->  [gw/hw1-isone-me-versant-keene-maple-scada-s2/to/s/synced-readings]               SyncedReadings           
2026-09-28 13:29:06.048 --Parentless.process_internal_message  path:0x00000004
2026-09-28 13:29:06.048 --Proactor<s2>.process_message  path:0x00000401
2026-09-28 13:29:06.049 ----------------------------------------------------------------------------------------
2026-09-28 13:29:07.243 
2026-09-28 13:29:07.244 ++++++++++++++++++++++++++++++++++++++++++++++++++++++++++++++++++++++++++++++++++++++++
2026-09-28 13:29:07.245 ++Proactor<s2>.process_message  [analog-temp/synced.readings]
2026-09-28 13:29:07.245   IN  internal     analog-temp to hw1.isone.me.versant.keene.maple.scada.s2     <-  [analog-temp/to/hw1.isone.me.versant.keene.maple.scada.s2/synced.readings]        SyncedReadings           
2026-09-28 13:29:07.246 ++Parentless.process_internal_message analog-temp/synced.readings
2026-09-28 13:29:07.247   OUT mqtt         analog-temp to s                                       ->  [gw/hw1-isone-me-versant-keene-maple-scada-s2/to/s/synced-readings]               SyncedReadings           
2026-09-28 13:29:07.248 --Parentless.process_internal_message  path:0x00000004
2026-09-28 13:29:07.249 --Proactor<s2>.process_message  path:0x00000401
2026-09-28 13:29:07.250 ----------------------------------------------------------------------------------------
2026-09-28 13:29:08.829 
2026-09-28 13:29:08.829 ++++++++++++++++++++++++++++++++++++++++++++++++++++++++++++++++++++++++++++++++++++++++
2026-09-28 13:29:08.829 ++Proactor<s2>.process_message  [analog-temp/synced.readings]
2026-09-28 13:29:08.830   IN  internal     analog-temp to hw1.isone.me.versant.keene.maple.scada.s2     <-  [analog-temp/to/hw1.isone.me.versant.keene.maple.scada.s2/synced.readings]        SyncedReadings           
2026-09-28 13:29:08.830 ++Parentless.process_internal_message analog-temp/synced.readings
2026-09-28 13:29:08.830   OUT mqtt         analog-temp to s                                       ->  [gw/hw1-isone-me-versant-keene-maple-scada-s2/to/s/synced-readings]               SyncedReadings           
2026-09-28 13:29:08.831 --Parentless.process_internal_message  path:0x00000004
2026-09-28 13:29:08.831 --Proactor<s2>.process_message  path:0x00000401
2026-09-28 13:29:08.831 ----------------------------------------------------------------------------------------
2026-09-28 13:29:12.430 
2026-09-28 13:29:12.434 ++++++++++++++++++++++++++++++++++++++++++++++++++++++++++++++++++++++++++++++++++++++++
2026-09-28 13:29:12.434 ++Proactor<s2>.process_message  [analog-temp/synced.readings]
2026-09-28 13:29:12.435   IN  internal     analog-temp to hw1.isone.me.versant.keene.maple.scada.s2     <-  [analog-temp/to/hw1.isone.me.versant.keene.maple.scada.s2/synced.readings]        SyncedReadings           
2026-09-28 13:29:12.435 ++Parentless.process_internal_message analog-temp/synced.readings
2026-09-28 13:29:12.436   OUT mqtt         analog-temp to s                                       ->  [gw/hw1-isone-me-versant-keene-maple-scada-s2/to/s/synced-readings]               SyncedReadings           
2026-09-28 13:29:12.436 --Parentless.process_internal_message  path:0x00000004
2026-09-28 13:29:12.436 --Proactor<s2>.process_message  path:0x00000401
2026-09-28 13:29:12.436 ----------------------------------------------------------------------------------------
2026-09-28 13:29:17.248 
2026-09-28 13:29:17.249 ++++++++++++++++++++++++++++++++++++++++++++++++++++++++++++++++++++++++++++++++++++++++
2026-09-28 13:29:17.249 ++Proactor<s2>.process_message  [analog-temp/synced.readings]
2026-09-28 13:29:17.250   IN  internal     analog-temp to hw1.isone.me.versant.keene.maple.scada.s2     <-  [analog-temp/to/hw1.isone.me.versant.keene.maple.scada.s2/synced.readings]        SyncedReadings           
2026-09-28 13:29:17.250 ++Parentless.process_internal_message analog-temp/synced.readings
2026-09-28 13:29:17.252   OUT mqtt         analog-temp to s                                       ->  [gw/hw1-isone-me-versant-keene-maple-scada-s2/to/s/synced-readings]               SyncedReadings           
2026-09-28 13:29:17.252 --Parentless.process_internal_message  path:0x00000004
2026-09-28 13:29:17.253 --Proactor<s2>.process_message  path:0x00000401
2026-09-28 13:29:17.253 ----------------------------------------------------------------------------------------
2026-09-28 13:29:21.650 
2026-09-28 13:29:21.650 ++++++++++++++++++++++++++++++++++++++++++++++++++++++++++++++++++++++++++++++++++++++++
2026-09-28 13:29:21.651 ++Proactor<s2>.process_message  [analog-temp/synced.readings]
2026-09-28 13:29:21.651   IN  internal     analog-temp to hw1.isone.me.versant.keene.maple.scada.s2     <-  [analog-temp/to/hw1.isone.me.versant.keene.maple.scada.s2/synced.readings]        SyncedReadings           
2026-09-28 13:29:21.652 ++Parentless.process_internal_message analog-temp/synced.readings
2026-09-28 13:29:21.653   OUT mqtt         analog-temp to s                                       ->  [gw/hw1-isone-me-versant-keene-maple-scada-s2/to/s/synced-readings]               SyncedReadings           
2026-09-28 13:29:21.654 --Parentless.process_internal_message  path:0x00000004
2026-09-28 13:29:21.654 --Proactor<s2>.process_message  path:0x00000401
2026-09-28 13:29:21.654 ----------------------------------------------------------------------------------------
2026-09-28 13:29:22.835 
2026-09-28 13:29:22.836 ++++++++++++++++++++++++++++++++++++++++++++++++++++++++++++++++++++++++++++++++++++++++
2026-09-28 13:29:22.836 ++Proactor<s2>.process_message  [analog-temp/synced.readings]
2026-09-28 13:29:22.836   IN  internal     analog-temp to hw1.isone.me.versant.keene.maple.scada.s2     <-  [analog-temp/to/hw1.isone.me.versant.keene.maple.scada.s2/synced.readings]        SyncedReadings           
2026-09-28 13:29:22.836 ++Parentless.process_internal_message analog-temp/synced.readings
2026-09-28 13:29:22.837   OUT mqtt         analog-temp to s                                       ->  [gw/hw1-isone-me-versant-keene-maple-scada-s2/to/s/synced-readings]               SyncedReadings           
2026-09-28 13:29:22.837 --Parentless.process_internal_message  path:0x00000004
2026-09-28 13:29:22.837 --Proactor<s2>.process_message  path:0x00000401
2026-09-28 13:29:22.838 ----------------------------------------------------------------------------------------
2026-09-28 13:29:23.636 
2026-09-28 13:29:23.636 ++++++++++++++++++++++++++++++++++++++++++++++++++++++++++++++++++++++++++++++++++++++++
2026-09-28 13:29:23.637 ++Proactor<s2>.process_message  [analog-temp/synced.readings]
2026-09-28 13:29:23.637   IN  internal     analog-temp to hw1.isone.me.versant.keene.maple.scada.s2     <-  [analog-temp/to/hw1.isone.me.versant.keene.maple.scada.s2/synced.readings]        SyncedReadings           
2026-09-28 13:29:23.637 ++Parentless.process_internal_message analog-temp/synced.readings
2026-09-28 13:29:23.638   OUT mqtt         analog-temp to s                                       ->  [gw/hw1-isone-me-versant-keene-maple-scada-s2/to/s/synced-readings]               SyncedReadings           
2026-09-28 13:29:23.638 --Parentless.process_internal_message  path:0x00000004
2026-09-28 13:29:23.638 --Proactor<s2>.process_message  path:0x00000401
2026-09-28 13:29:23.638 ----------------------------------------------------------------------------------------
2026-09-28 13:29:28.950 
2026-09-28 13:29:28.950 ++++++++++++++++++++++++++++++++++++++++++++++++++++++++++++++++++++++++++++++++++++++++
2026-09-28 13:29:28.951 ++Proactor<s2>.process_message  [zone2-bedroom-stat/synced.readings]
2026-09-28 13:29:28.952   IN  internal     zone2-bedroom-stat to hw1.isone.me.versant.keene.maple.scada.s2     <-  [zone2-bedroom-stat/to/hw1.isone.me.versant.keene.maple.scada.s2/synced.readings]  SyncedReadings           
2026-09-28 13:29:28.952 ++Parentless.process_internal_message zone2-bedroom-stat/synced.readings
2026-09-28 13:29:28.953   OUT mqtt         zone2-bedroom-stat to s                                ->  [gw/hw1-isone-me-versant-keene-maple-scada-s2/to/s/synced-readings]               SyncedReadings           
2026-09-28 13:29:28.954 --Parentless.process_internal_message  path:0x00000004
2026-09-28 13:29:28.955 --Proactor<s2>.process_message  path:0x00000401
2026-09-28 13:29:28.955 ----------------------------------------------------------------------------------------
2026-09-28 13:29:29.014 
2026-09-28 13:29:29.015 ++++++++++++++++++++++++++++++++++++++++++++++++++++++++++++++++++++++++++++++++++++++++
2026-09-28 13:29:29.016 ++Proactor<s2>.process_message  [zone1-living-rm-stat/synced.readings]
2026-09-28 13:29:29.016   IN  internal     zone1-living-rm-stat to hw1.isone.me.versant.keene.maple.scada.s2     <-  [zone1-living-rm-stat/to/hw1.isone.me.versant.keene.maple.scada.s2/synced.readings]  SyncedReadings           
2026-09-28 13:29:29.017 ++Parentless.process_internal_message zone1-living-rm-stat/synced.readings
2026-09-28 13:29:29.018   OUT mqtt         zone1-living-rm-stat to s                              ->  [gw/hw1-isone-me-versant-keene-maple-scada-s2/to/s/synced-readings]               SyncedReadings           
2026-09-28 13:29:29.019 --Parentless.process_internal_message  path:0x00000004
2026-09-28 13:29:29.020 --Proactor<s2>.process_message  path:0x00000401
2026-09-28 13:29:29.021 ----------------------------------------------------------------------------------------
2026-09-28 13:29:34.658 
2026-09-28 13:29:34.658 ++++++++++++++++++++++++++++++++++++++++++++++++++++++++++++++++++++++++++++++++++++++++
2026-09-28 13:29:34.658 ++Proactor<s2>.process_message  [analog-temp/synced.readings]
2026-09-28 13:29:34.658   IN  internal     analog-temp to hw1.isone.me.versant.keene.maple.scada.s2     <-  [analog-temp/to/hw1.isone.me.versant.keene.maple.scada.s2/synced.readings]        SyncedReadings           
2026-09-28 13:29:34.659 ++Parentless.process_internal_message analog-temp/synced.readings
2026-09-28 13:29:34.659   OUT mqtt         analog-temp to s                                       ->  [gw/hw1-isone-me-versant-keene-maple-scada-s2/to/s/synced-readings]               SyncedReadings           
2026-09-28 13:29:34.660 --Parentless.process_internal_message  path:0x00000004
2026-09-28 13:29:34.660 --Proactor<s2>.process_message  path:0x00000401
2026-09-28 13:29:34.660 ----------------------------------------------------------------------------------------
2026-09-28 13:29:36.242 
2026-09-28 13:29:36.243 ++++++++++++++++++++++++++++++++++++++++++++++++++++++++++++++++++++++++++++++++++++++++
2026-09-28 13:29:36.243 ++Proactor<s2>.process_message  [analog-temp/synced.readings]
2026-09-28 13:29:36.243   IN  internal     analog-temp to hw1.isone.me.versant.keene.maple.scada.s2     <-  [analog-temp/to/hw1.isone.me.versant.keene.maple.scada.s2/synced.readings]        SyncedReadings           
2026-09-28 13:29:36.243 ++Parentless.process_internal_message analog-temp/synced.readings
2026-09-28 13:29:36.244   OUT mqtt         analog-temp to s                                       ->  [gw/hw1-isone-me-versant-keene-maple-scada-s2/to/s/synced-readings]               SyncedReadings           
2026-09-28 13:29:36.244 --Parentless.process_internal_message  path:0x00000004
2026-09-28 13:29:36.244 --Proactor<s2>.process_message  path:0x00000401
2026-09-28 13:29:36.245 ----------------------------------------------------------------------------------------
2026-09-28 13:29:38.535 
2026-09-28 13:29:38.535 ++++++++++++++++++++++++++++++++++++++++++++++++++++++++++++++++++++++++++++++++++++++++
2026-09-28 13:29:38.535 ++Proactor<s2>.process_message  [gridworks-ping]
2026-09-28 13:29:38.536 ++Proactor<s2>._process_mqtt_message mqtt_clients/mqtt_message
2026-09-28 13:29:38.536   IN  mqtt         hw1.isone.me.versant.keene.maple.scada to s2           <-  [gw/hw1-isone-me-versant-keene-maple-scada/to/s2/gridworks-ping]                  Ping                      cc8f786a...
2026-09-28 13:29:38.537   OUT mqtt         hw1.isone.me.versant.keene.maple.scada.s2 to s         ->  [gw/hw1-isone-me-versant-keene-maple-scada-s2/to/s/gridworks-ack]                 Ack                       cc8f786a...
2026-09-28 13:29:38.537 --Proactor<s2>._process_mqtt_message:1  path:0x00000223
2026-09-28 13:29:38.537 --Proactor<s2>.process_message  path:0x00000002
2026-09-28 13:29:38.537 ----------------------------------------------------------------------------------------
2026-09-28 13:29:42.863 
2026-09-28 13:29:42.864 ++++++++++++++++++++++++++++++++++++++++++++++++++++++++++++++++++++++++++++++++++++++++
2026-09-28 13:29:42.864 ++Proactor<s2>.process_message  [analog-temp/synced.readings]
2026-09-28 13:29:42.865   IN  internal     analog-temp to hw1.isone.me.versant.keene.maple.scada.s2     <-  [analog-temp/to/hw1.isone.me.versant.keene.maple.scada.s2/synced.readings]        SyncedReadings           
2026-09-28 13:29:42.865 ++Parentless.process_internal_message analog-temp/synced.readings
2026-09-28 13:29:42.866   OUT mqtt         analog-temp to s                                       ->  [gw/hw1-isone-me-versant-keene-maple-scada-s2/to/s/synced-readings]               SyncedReadings           
2026-09-28 13:29:42.868 --Parentless.process_internal_message  path:0x00000004
2026-09-28 13:29:42.869 --Proactor<s2>.process_message  path:0x00000401
2026-09-28 13:29:42.869 ----------------------------------------------------------------------------------------
2026-09-28 13:29:44.064 
2026-09-28 13:29:44.064 ++++++++++++++++++++++++++++++++++++++++++++++++++++++++++++++++++++++++++++++++++++++++
2026-09-28 13:29:44.065 ++Proactor<s2>.process_message  [analog-temp/synced.readings]
2026-09-28 13:29:44.065   IN  internal     analog-temp to hw1.isone.me.versant.keene.maple.scada.s2     <-  [analog-temp/to/hw1.isone.me.versant.keene.maple.scada.s2/synced.readings]        SyncedReadings           
2026-09-28 13:29:44.066 ++Parentless.process_internal_message analog-temp/synced.readings
2026-09-28 13:29:44.068   OUT mqtt         analog-temp to s                                       ->  [gw/hw1-isone-me-versant-keene-maple-scada-s2/to/s/synced-readings]               SyncedReadings           
2026-09-28 13:29:44.070 --Parentless.process_internal_message  path:0x00000004
2026-09-28 13:29:44.071 --Proactor<s2>.process_message  path:0x00000401
2026-09-28 13:29:44.072 ----------------------------------------------------------------------------------------
2026-09-28 13:29:49.450 
2026-09-28 13:29:49.450 ++++++++++++++++++++++++++++++++++++++++++++++++++++++++++++++++++++++++++++++++++++++++
2026-09-28 13:29:49.450 ++Proactor<s2>.process_message  [analog-temp/synced.readings]
2026-09-28 13:29:49.451   IN  internal     analog-temp to hw1.isone.me.versant.keene.maple.scada.s2     <-  [analog-temp/to/hw1.isone.me.versant.keene.maple.scada.s2/synced.readings]        SyncedReadings           
2026-09-28 13:29:49.451 ++Parentless.process_internal_message analog-temp/synced.readings
2026-09-28 13:29:49.451   OUT mqtt         analog-temp to s                                       ->  [gw/hw1-isone-me-versant-keene-maple-scada-s2/to/s/synced-readings]               SyncedReadings           
2026-09-28 13:29:49.452 --Parentless.process_internal_message  path:0x00000004
2026-09-28 13:29:49.452 --Proactor<s2>.process_message  path:0x00000401
2026-09-28 13:29:49.452 ----------------------------------------------------------------------------------------
2026-09-28 13:29:51.251 
2026-09-28 13:29:51.251 ++++++++++++++++++++++++++++++++++++++++++++++++++++++++++++++++++++++++++++++++++++++++
2026-09-28 13:29:51.251 ++Proactor<s2>.process_message  [analog-temp/synced.readings]
2026-09-28 13:29:51.251   IN  internal     analog-temp to hw1.isone.me.versant.keene.maple.scada.s2     <-  [analog-temp/to/hw1.isone.me.versant.keene.maple.scada.s2/synced.readings]        SyncedReadings           
2026-09-28 13:29:51.252 ++Parentless.process_internal_message analog-temp/synced.readings
2026-09-28 13:29:51.252   OUT mqtt         analog-temp to s                                       ->  [gw/hw1-isone-me-versant-keene-maple-scada-s2/to/s/synced-readings]               SyncedReadings           
2026-09-28 13:29:51.253 --Parentless.process_internal_message  path:0x00000004
2026-09-28 13:29:51.253 --Proactor<s2>.process_message  path:0x00000401
2026-09-28 13:29:51.253 ----------------------------------------------------------------------------------------
2026-09-28 13:29:59.658 
2026-09-28 13:29:59.658 ++++++++++++++++++++++++++++++++++++++++++++++++++++++++++++++++++++++++++++++++++++++++
2026-09-28 13:29:59.658 ++Proactor<s2>.process_message  [analog-temp/synced.readings]
2026-09-28 13:29:59.659   IN  internal     analog-temp to hw1.isone.me.versant.keene.maple.scada.s2     <-  [analog-temp/to/hw1.isone.me.versant.keene.maple.scada.s2/synced.readings]        SyncedReadings           
2026-09-28 13:29:59.659 ++Parentless.process_internal_message analog-temp/synced.readings
2026-09-28 13:29:59.660   OUT mqtt         analog-temp to s                                       ->  [gw/hw1-isone-me-versant-keene-maple-scada-s2/to/s/synced-readings]               SyncedReadings           
2026-09-28 13:29:59.660 --Parentless.process_internal_message  path:0x00000004
2026-09-28 13:29:59.660 --Proactor<s2>.process_message  path:0x00000401
2026-09-28 13:29:59.660 ----------------------------------------------------------------------------------------
2026-09-28 13:29:59.857 
2026-09-28 13:29:59.857 ++++++++++++++++++++++++++++++++++++++++++++++++++++++++++++++++++++++++++++++++++++++++
2026-09-28 13:29:59.858 ++Proactor<s2>.process_message  [analog-temp/synced.readings]
2026-09-28 13:29:59.858   IN  internal     analog-temp to hw1.isone.me.versant.keene.maple.scada.s2     <-  [analog-temp/to/hw1.isone.me.versant.keene.maple.scada.s2/synced.readings]        SyncedReadings           
2026-09-28 13:29:59.858 ++Parentless.process_internal_message analog-temp/synced.readings
2026-09-28 13:29:59.859   OUT mqtt         analog-temp to s                                       ->  [gw/hw1-isone-me-versant-keene-maple-scada-s2/to/s/synced-readings]               SyncedReadings           
2026-09-28 13:29:59.859 --Parentless.process_internal_message  path:0x00000004
2026-09-28 13:29:59.859 --Proactor<s2>.process_message  path:0x00000401
2026-09-28 13:29:59.860 ----------------------------------------------------------------------------------------
2026-09-28 13:30:01.455 
2026-09-28 13:30:01.456 ++++++++++++++++++++++++++++++++++++++++++++++++++++++++++++++++++++++++++++++++++++++++
2026-09-28 13:30:01.456 ++Proactor<s2>.process_message  [analog-temp/synced.readings]
2026-09-28 13:30:01.456   IN  internal     analog-temp to hw1.isone.me.versant.keene.maple.scada.s2     <-  [analog-temp/to/hw1.isone.me.versant.keene.maple.scada.s2/synced.readings]        SyncedReadings           
2026-09-28 13:30:01.456 ++Parentless.process_internal_message analog-temp/synced.readings
2026-09-28 13:30:01.457   OUT mqtt         analog-temp to s                                       ->  [gw/hw1-isone-me-versant-keene-maple-scada-s2/to/s/synced-readings]               SyncedReadings           
2026-09-28 13:30:01.457 --Parentless.process_internal_message  path:0x00000004
2026-09-28 13:30:01.458 --Proactor<s2>.process_message  path:0x00000401
2026-09-28 13:30:01.458 ----------------------------------------------------------------------------------------
2026-09-28 13:30:05.274 
2026-09-28 13:30:05.275 ++++++++++++++++++++++++++++++++++++++++++++++++++++++++++++++++++++++++++++++++++++++++
2026-09-28 13:30:05.275 ++Proactor<s2>.process_message  [analog-temp/synced.readings]
2026-09-28 13:30:05.276   IN  internal     analog-temp to hw1.isone.me.versant.keene.maple.scada.s2     <-  [analog-temp/to/hw1.isone.me.versant.keene.maple.scada.s2/synced.readings]        SyncedReadings           
2026-09-28 13:30:05.277 ++Parentless.process_internal_message analog-temp/synced.readings
2026-09-28 13:30:05.278   OUT mqtt         analog-temp to s                                       ->  [gw/hw1-isone-me-versant-keene-maple-scada-s2/to/s/synced-readings]               SyncedReadings           
2026-09-28 13:30:05.279 --Parentless.process_internal_message  path:0x00000004
2026-09-28 13:30:05.280 --Proactor<s2>.process_message  path:0x00000401
2026-09-28 13:30:05.280 ----------------------------------------------------------------------------------------
2026-09-28 13:30:13.080 
2026-09-28 13:30:13.081 ++++++++++++++++++++++++++++++++++++++++++++++++++++++++++++++++++++++++++++++++++++++++
2026-09-28 13:30:13.081 ++Proactor<s2>.process_message  [analog-temp/synced.readings]
2026-09-28 13:30:13.082   IN  internal     analog-temp to hw1.isone.me.versant.keene.maple.scada.s2     <-  [analog-temp/to/hw1.isone.me.versant.keene.maple.scada.s2/synced.readings]        SyncedReadings           
2026-09-28 13:30:13.082 ++Parentless.process_internal_message analog-temp/synced.readings
2026-09-28 13:30:13.083   OUT mqtt         analog-temp to s                                       ->  [gw/hw1-isone-me-versant-keene-maple-scada-s2/to/s/synced-readings]               SyncedReadings           
2026-09-28 13:30:13.084 --Parentless.process_internal_message  path:0x00000004
2026-09-28 13:30:13.085 --Proactor<s2>.process_message  path:0x00000401
2026-09-28 13:30:13.085 ----------------------------------------------------------------------------------------
2026-09-28 13:30:13.678 
2026-09-28 13:30:13.679 ++++++++++++++++++++++++++++++++++++++++++++++++++++++++++++++++++++++++++++++++++++++++
2026-09-28 13:30:13.679 ++Proactor<s2>.process_message  [analog-temp/synced.readings]
2026-09-28 13:30:13.680   IN  internal     analog-temp to hw1.isone.me.versant.keene.maple.scada.s2     <-  [analog-temp/to/hw1.isone.me.versant.keene.maple.scada.s2/synced.readings]        SyncedReadings           
2026-09-28 13:30:13.680 ++Parentless.process_internal_message analog-temp/synced.readings
2026-09-28 13:30:13.682   OUT mqtt         analog-temp to s                                       ->  [gw/hw1-isone-me-versant-keene-maple-scada-s2/to/s/synced-readings]               SyncedReadings           
2026-09-28 13:30:13.683 --Parentless.process_internal_message  path:0x00000004
2026-09-28 13:30:13.684 --Proactor<s2>.process_message  path:0x00000401
2026-09-28 13:30:13.684 ----------------------------------------------------------------------------------------
