2026-09-19 14:10:49.572 
2026-09-19 14:10:49.573 Env file: </home/pi/envs/dev.env>  exists: True
2026-09-19 14:10:49.573 Settings:
2026-09-19 14:10:49.574 {
  "paths": {
    "base": "gridworks",
    "name": "scada-experiment",
    "relative_path": "gridworks/scada-experiment",
    "data_home": "/home/pi/.local/share",
    "state_home": "/home/pi/.local/state",
    "config_home": "/home/pi/.config",
    "data_dir": "/home/pi/.local/share/gridworks/scada-experiment",
    "config_dir": "/home/pi/.config/gridworks/scada-experiment",
    "certs_dir": "/home/pi/.config/gridworks/scada-experiment/certs",
    "event_dir": "/home/pi/.local/share/gridworks/scada-experiment/event",
    "log_dir": "/home/pi/.local/state/gridworks/scada-experiment/log",
    "hardware_layout": "/home/pi/.config/gridworks/scada-experiment/hardware-layout.json",
    "operational_params": "/home/pi/.config/gridworks/scada-experiment/operational-params.json",
    "tadeed": "/home/pi/.config/gridworks/scada-experiment/ta-deed.json"
  },
  "logging": {
    "base_log_name": "gridworks",
    "base_log_level": 10,
    "levels": {
      "message_summary": 10,
      "lifecycle": 20,
      "comm_event": 20,
      "io_loop": 20
    },
    "formatter": {
      "fmt": "%(asctime)s %(message)s",
      "datefmt": "",
      "default_msec_format": "%s.%03d",
      "use_utc": false
    },
    "file_handler": {
      "filename": "proactor.log",
      "bytes_per_log_file": 2097152,
      "num_log_files": 10,
      "level": 0
    },
    "io_loop": {
      "file_handler": {
        "filename": "io_loop.log",
        "bytes_per_log_file": 2097152,
        "num_log_files": 2,
        "level": 0
      },
      "on_screen": false
    },
    "aiohttp_logging": false,
    "paho_logging": false
  },
  "proactor": {
    "mqtt_link_poll_seconds": 60.0,
    "ack_timeout_seconds": 5.0,
    "num_initial_event_reuploads": 5,
    "num_inflight_events": 50
  },
  "pico_cycler_state_logging": false,
  "power_meter_logging_level": 30,
  "contract_rep_logging_level": 20,
  "paho_logging": false,
  "local_mqtt": {
    "host": "localhost",
    "port": 1883,
    "keepalive": 60,
    "bind_address": "",
    "bind_port": 0,
    "username": "sara",
    "password": "**********",
    "tls": {
      "use_tls": false,
      "port": 8883,
      "paths": {
        "ca_cert_path": "/home/pi/.config/gridworks/scada-experiment/certs/local_mqtt/ca.crt",
        "cert_path": "/home/pi/.config/gridworks/scada-experiment/certs/local_mqtt/local_mqtt.crt",
        "private_key_path": "/home/pi/.config/gridworks/scada-experiment/certs/local_mqtt/private/local_mqtt.pem"
      },
      "cert_reqs": 2,
      "ciphers": null,
      "keyfile_password": ""
    }
  },
  "gridworks_mqtt": {
    "host": "localhost",
    "port": 1885,
    "keepalive": 60,
    "bind_address": "",
    "bind_port": 0,
    "username": "smqPublic",
    "password": "**********",
    "tls": {
      "use_tls": false,
      "port": 8883,
      "paths": {
        "ca_cert_path": "/home/pi/.config/gridworks/scada-experiment/certs/gridworks_mqtt/ca.crt",
        "cert_path": "/home/pi/.config/gridworks/scada-experiment/certs/gridworks_mqtt/gridworks_mqtt.crt",
        "private_key_path": "/home/pi/.config/gridworks/scada-experiment/certs/gridworks_mqtt/private/gridworks_mqtt.pem"
      },
      "cert_reqs": 2,
      "ciphers": null,
      "keyfile_password": ""
    }
  },
  "seconds_per_report": 300,
  "seconds_per_snapshot": 30,
  "async_power_reporting_threshold": 0.02,
  "persister": {
    "max_bytes": 524288000
  },
  "admin": {
    "host": "localhost",
    "port": 1883,
    "keepalive": 60,
    "bind_address": "",
    "bind_port": 0,
    "username": "sara",
    "password": "**********",
    "tls": {
      "use_tls": false,
      "port": 8883,
      "paths": {
        "ca_cert_path": "/home/pi/.config/gridworks/scada-experiment/certs/admin/ca.crt",
        "cert_path": "/home/pi/.config/gridworks/scada-experiment/certs/admin/admin.crt",
        "private_key_path": "/home/pi/.config/gridworks/scada-experiment/certs/admin/private/admin.pem"
      },
      "cert_reqs": 2,
      "ciphers": null,
      "keyfile_password": ""
    },
    "enabled": true,
    "name": "admin",
    "max_timeout_seconds": 86400.0
  },
  "latitude": 45.6573,
  "longitude": -68.7098,
  "airtable_pat": "bogus_pat"
}
ScadaSettings(
    paths=ScadaPaths(
        base=PosixPath('gridworks'),
        name=PosixPath('scada-experiment'),
        relative_path=PosixPath('gridworks/scada-experiment'),
        data_home=PosixPath('/home/pi/.local/share'),
        state_home=PosixPath('/home/pi/.local/state'),
        config_home=PosixPath('/home/pi/.config'),
        data_dir=PosixPath('/home/pi/.local/share/gridworks/scada-experiment'),
        config_dir=PosixPath('/home/pi/.config/gridworks/scada-experiment'),
        certs_dir=PosixPath('/home/pi/.config/gridworks/scada-experiment/certs')
,
        event_dir=PosixPath('/home/pi/.local/share/gridworks/scada-experiment/ev
ent'),
        log_dir=PosixPath('/home/pi/.local/state/gridworks/scada-experiment/log'
),
        hardware_layout=PosixPath('/home/pi/.config/gridworks/scada-experiment/h
ardware-layout.json'),
        operational_params=PosixPath('/home/pi/.config/gridworks/scada-experimen
t/operational-params.json'),
        tadeed=PosixPath('/home/pi/.config/gridworks/scada-experiment/ta-deed.js
on')
    ),
    logging=LoggingSettings(
        base_log_name='gridworks',
        base_log_level=10,
        levels=LoggerLevels(
            message_summary=10,
            lifecycle=20,
            comm_event=20,
            io_loop=20
        ),
        formatter=FormatterSettings(
            fmt='%(asctime)s %(message)s',
            datefmt='',
            default_msec_format='%s.%03d',
            use_utc=False
        ),
        file_handler=RotatingFileHandlerSettings(
            filename='proactor.log',
            bytes_per_log_file=2097152,
            num_log_files=10,
            level=0
        ),
        io_loop=IOLoopLoggerSettings(
            file_handler=RotatingFileHandlerSettings(
                filename='io_loop.log',
                bytes_per_log_file=2097152,
                num_log_files=2,
                level=0
            ),
            on_screen=False
        ),
        aiohttp_logging=False,
        paho_logging=False
    ),
    proactor=ProactorSettings(
        mqtt_link_poll_seconds=60.0,
        ack_timeout_seconds=5.0,
        num_initial_event_reuploads=5,
        num_inflight_events=50
    ),
    pico_cycler_state_logging=False,
    power_meter_logging_level=30,
    contract_rep_logging_level=20,
    paho_logging=False,
    local_mqtt=MQTTClient(
        host='localhost',
        port=1883,
        keepalive=60,
        bind_address='',
        bind_port=0,
        username='sara',
        password=SecretStr('**********'),
        tls=TLSInfo(
            use_tls=False,
            port=8883,
            paths=TLSPaths(
                ca_cert_path=PosixPath('/home/pi/.config/gridworks/scada-experim
ent/certs/local_mqtt/ca.crt'),
                cert_path=PosixPath('/home/pi/.config/gridworks/scada-experiment
/certs/local_mqtt/local_mqtt.crt'),
                private_key_path=PosixPath('/home/pi/.config/gridworks/scada-exp
eriment/certs/local_mqtt/private/local_mqtt.pem')
            ),
            cert_reqs=<VerifyMode.CERT_REQUIRED: 2>,
            ciphers=None,
            keyfile_password=SecretStr('')
        )
    ),
    gridworks_mqtt=MQTTClient(
        host='localhost',
        port=1885,
        keepalive=60,
        bind_address='',
        bind_port=0,
        username='smqPublic',
        password=SecretStr('**********'),
        tls=TLSInfo(
            use_tls=False,
            port=8883,
            paths=TLSPaths(
                ca_cert_path=PosixPath('/home/pi/.config/gridworks/scada-experim
ent/certs/gridworks_mqtt/ca.crt'),
                cert_path=PosixPath('/home/pi/.config/gridworks/scada-experiment
/certs/gridworks_mqtt/gridworks_mqtt.crt'),
                private_key_path=PosixPath('/home/pi/.config/gridworks/scada-exp
eriment/certs/gridworks_mqtt/private/gridworks_mqtt.pem')
            ),
            cert_reqs=<VerifyMode.CERT_REQUIRED: 2>,
            ciphers=None,
            keyfile_password=SecretStr('')
        )
    ),
    seconds_per_report=300,
    seconds_per_snapshot=30,
    async_power_reporting_threshold=0.02,
    persister=PersisterSettings(max_bytes=524288000),
    admin=AdminLinkSettings(
        host='localhost',
        port=1883,
        keepalive=60,
        bind_address='',
        bind_port=0,
        username='sara',
        password=SecretStr('**********'),
        tls=TLSInfo(
            use_tls=False,
            port=8883,
            paths=TLSPaths(
                ca_cert_path=PosixPath('/home/pi/.config/gridworks/scada-experim
ent/certs/admin/ca.crt'),
                cert_path=PosixPath('/home/pi/.config/gridworks/scada-experiment
/certs/admin/admin.crt'),
                private_key_path=PosixPath('/home/pi/.config/gridworks/scada-exp
eriment/certs/admin/private/admin.pem')
            ),
            cert_reqs=<VerifyMode.CERT_REQUIRED: 2>,
            ciphers=None,
            keyfile_password=SecretStr('')
        ),
        enabled=True,
        name='admin',
        max_timeout_seconds=86400.0
    ),
    latitude=45.6573,
    longitude=-68.7098,
    airtable_pat='bogus_pat'
)
2026-09-19 14:10:49.761 Proactor <ProactorName(long_name='hw1.isone.me.versant.keene.beech.scada', short_name='s')> reindexing events
2026-09-19 14:10:49.762 Proactor <ProactorName(long_name='hw1.isone.me.versant.keene.beech.scada', short_name='s')> reindexing complete.
  13 events present for upload, using approximately 75 KB / 0.1 MB storage space.
2026-09-19 14:10:49.774   OUT mqtt         hw1.isone.me.versant.keene.beech.scada to ltn          ->  [gw/hw1-isone-me-versant-keene-beech-scada/to/ltn/new-command-tree]               NewCommandTree           
2026-09-19 14:10:49.775 Skip binding of 'trigger' to model due to model override policy.
2026-09-19 14:10:49.775 Skip binding of 'may_trigger' to model due to model override policy.
2026-09-19 14:10:49.818 [la] Params: AlphaTimes10=55 BetaTimes100=-10 GammaEx6=0 IntermediatePowerKw=1.5 IntermediateRswtF=100 DdPowerKw=5.5 DdRswtF=150 DdDeltaTF=20 HpMaxKwEl=10.0 MaxEwtF=170 LoadOverestimationPercent=0 CopIntercept=1.02 CopOatCoeff=0.0257 CopLwtCoeff=0.0 CopMin=1.4 CopMinOatF=15.0 HpTurnOnMinutes=12 TypeName='ha1.params' Version='006'
2026-09-19 14:10:49.819 Creating LeafAlly with strategy AllTanks, using actors.leaf_ally.house0.all_tanks.AllTanksLeafAlly
2026-09-19 14:10:49.821 Skip binding of 'WakeUp' to model due to model override policy.
2026-09-19 14:10:49.821 [derived-generator] self.timezone: America/New_York
2026-09-19 14:10:49.822 [derived-generator] self.latitude: 45.6573
2026-09-19 14:10:49.822 [derived-generator] self.longitude: -68.7098
2026-09-19 14:10:49.822 [derived-generator] Params: AlphaTimes10=55 BetaTimes100=-10 GammaEx6=0 IntermediatePowerKw=1.5 IntermediateRswtF=100 DdPowerKw=5.5 DdRswtF=150 DdDeltaTF=20 HpMaxKwEl=10.0 MaxEwtF=170 LoadOverestimationPercent=0 CopIntercept=1.02 CopOatCoeff=0.0257 CopLwtCoeff=0.0 CopMin=1.4 CopMinOatF=15.0 HpTurnOnMinutes=12 TypeName='ha1.params' Version='006'
2026-09-19 14:10:49.829   OUT mqtt         hw1.isone.me.versant.keene.beech.scada to ltn          ->  [gw/hw1-isone-me-versant-keene-beech-scada/to/ltn/new-command-tree]               NewCommandTree           
2026-09-19 14:10:49.830 [lc] Set auto.lc.n command tree
2026-09-19 14:10:49.830 [lc] Starting Standby Local Control
2026-09-19 14:10:49.830 Creating LocalControl with actuation authority Standby and seasonal storage mode AllTanks, using actors.local_control.house0.standby.StandbyLocalControl
2026-09-19 14:10:49.832 Skip binding of 'trigger' to model due to model override policy.
2026-09-19 14:10:49.832 Skip binding of 'may_trigger' to model due to model override policy.
2026-09-19 14:10:49.850 
Subscription info for <hw1.isone.me.versant.keene.beech.scada> [construction]
  Client name: <gridworks_mqtt>  topic_dst: <ltn>
    Publish to: gw/hw1-isone-me-versant-keene-beech-scada/to/ltn/SOME_MESSAGE_TYPE
    Subscriptions:
      [('gw/hw1-isone-me-versant-keene-beech/to/s/#', <QOS.AtMostOnce: 0>)]
  Client name: <local_mqtt>  topic_dst: <s2>
    Publish to: gw/hw1-isone-me-versant-keene-beech-scada/to/s2/SOME_MESSAGE_TYPE
    Subscriptions:
      [('gw/hw1-isone-me-versant-keene-beech-scada-s2/to/s/#', <QOS.AtMostOnce: 0>)]
  Client name: <admin>  topic_dst: <admin>
    Publish to: gw/hw1-isone-me-versant-keene-beech-scada/to/admin/SOME_MESSAGE_TYPE
    Subscriptions:
      [('gw/admin/to/hw1-isone-me-versant-keene-beech-scada/#', <QOS.AtMostOnce: 0>)]

== window boot: hw1.isone.me.versant.keene.beech.scada for 300s, broker localhost:1885 ==
2026-09-19 14:10:49.851 ++LinkManager.start
2026-09-19 14:10:49.853 ++generate_event gridworks.event.startup  f: 0  (p: 13)  (pr: 0  r: 0  c: 0)
2026-09-19 14:10:49.856 --generate_event gridworks.event.startup  f: 0  (p: 14)  (pr: 1  r: 0  c: 0)  problems: (0 0)  path:0x00000041
2026-09-19 14:10:49.857 --LinkManager.start
2026-09-19 14:10:49.858 WatchdogManager: []
2026-09-19 14:10:49.863   OUT internal     la to s                                                ->  [la/to/s/single.machine.state]                                                    SingleMachineState       
2026-09-19 14:10:49.864   OUT internal     five-v-boss to s                                       ->  [five-v-boss/to/s/single.machine.state]                                           SingleMachineState       
2026-09-19 14:10:49.867   OUT internal     pico-cycler to s                                       ->  [pico-cycler/to/s/machine.states]                                                 MachineStates            
2026-09-19 14:10:49.868   OUT internal     pico-cycler to s                                       ->  [pico-cycler/to/s/machine.states]                                                 MachineStates            
2026-09-19 14:10:49.869   OUT internal     pico-cycler to s                                       ->  [pico-cycler/to/s/machine.states]                                                 MachineStates            
2026-09-19 14:10:49.869   OUT internal     pico-cycler to s                                       ->  [pico-cycler/to/s/machine.states]                                                 MachineStates            
2026-09-19 14:10:49.870   OUT internal     pico-cycler to s                                       ->  [pico-cycler/to/s/machine.states]                                                 MachineStates            
2026-09-19 14:10:49.870   OUT internal     pico-cycler to s                                       ->  [pico-cycler/to/s/machine.states]                                                 MachineStates            
2026-09-19 14:10:49.871   OUT internal     pico-cycler to s                                       ->  [pico-cycler/to/s/machine.states]                                                 MachineStates            
2026-09-19 14:10:49.871   OUT internal     pico-cycler to s                                       ->  [pico-cycler/to/s/machine.states]                                                 MachineStates            
2026-09-19 14:10:49.872   OUT internal     pico-cycler to s                                       ->  [pico-cycler/to/s/machine.states]                                                 MachineStates            
2026-09-19 14:10:49.872   OUT internal     lc to s                                                ->  [lc/to/s/single.machine.state]                                                    SingleMachineState       
2026-09-19 14:10:49.873   OUT internal     hp-boss to s                                           ->  [hp-boss/to/s/single.machine.state]                                               SingleMachineState       
2026-09-19 14:10:49.875   OUT internal     dist-010v to s                                         ->  [dist-010v/to/s/actuators.ready]                                                  ActuatorsReady           
2026-09-19 14:10:49.876   OUT internal     primary-010v to s                                      ->  [primary-010v/to/s/actuators.ready]                                               ActuatorsReady           
2026-09-19 14:10:49.877   OUT internal     store-010v to s                                        ->  [store-010v/to/s/actuators.ready]                                                 ActuatorsReady           
2026-09-19 14:10:49.877 ++Proactor<s>.join()
2026-09-19 14:10:49.879 Tasks: 59  [Proactor.join() - all tasks]
	1/59  report_sender                   done:False   exception: None  <coroutine object Scada.report_sending_task at 0x7f7e693ca0>
	2/59  charge-discharge-relay-boot-adopt  done:False   exception: None  <coroutine object Relay._boot_adopt at 0x7f7e625b40>
	3/59  relay state reporter            done:False   exception: None  <coroutine object Relay.main at 0x7f7e666c50>
	4/59  Task-2                          done:False   exception: None  <coroutine object Proactor.run_forever at 0x7f7e70c880>
	5/59  primary-pump-failsafe-relay-boot-adopt  done:False   exception: None  <coroutine object Relay._boot_adopt at 0x7f7e626040>
	6/59  store-010v-main                 done:False   exception: None  <coroutine object ZeroTenOutputer.main_loop at 0x7f7e693a00>
	7/59  snap_sender                     done:False   exception: None  <coroutine object Scada.snap_sending_task at 0x7f7e693e60>
	8/59  relay state reporter            done:False   exception: None  <coroutine object Relay.main at 0x7f7e6662f0>
	9/59  zone2-up-failsafe-relay-boot-adopt  done:False   exception: None  <coroutine object Relay._boot_adopt at 0x7f7e626740>
	10/59  pat_watchdog                    done:False   exception: None  <coroutine object WatchdogManager._check_pats at 0x7f7e9f3810>
	11/59  relay state reporter            done:False   exception: None  <coroutine object Relay.main at 0x7f7e6667a0>
	12/59  ApiBtuMeter keepalive           done:False   exception: None  <coroutine object ApiBtuMeter.main at 0x7f7e693d80>
	13/59  scada top_state_tracker         done:False   exception: None  <coroutine object Scada.state_tracker at 0x7f7e9f3ba0>
	14/59  Derived Generator keepalive     done:False   exception: None  <coroutine object DerivedGenerator.main at 0x7f7e666020>
	15/59  relay state reporter            done:False   exception: None  <coroutine object Relay.main at 0x7f7e666d40>
	16/59  hp-failsafe-relay-boot-adopt    done:False   exception: None  <coroutine object Relay._boot_adopt at 0x7f7e625c40>
	17/59  Task-1                          done:False   exception: None  <coroutine object _run_bounded at 0x7f7e9bfca0>
	18/59  primary-pump-scada-ops-relay-boot-adopt  done:False   exception: None  <coroutine object Relay._boot_adopt at 0x7f7e626140>
	19/59  ApiBtuMeter keepalive           done:False   exception: None  <coroutine object ApiBtuMeter.main at 0x7f7e693bc0>
	20/59  picocycler keepalive            done:False   exception: None  <coroutine object PicoCycler.main at 0x7f7ea2b760>
	21/59  startup_announcer               done:False   exception: None  <coroutine object Scada.announce_at_first_broker_link at 0x7f7e786dc0>
	22/59  relay state reporter            done:False   exception: None  <coroutine object Relay.main at 0x7f7e6663e0>
	23/59  zone2-up-ops-relay-boot-adopt   done:False   exception: None  <coroutine object Relay._boot_adopt at 0x7f7e626340>
	24/59  relay state reporter            done:False   exception: None  <coroutine object Relay.main at 0x7f7e666890>
	25/59  ApiFlowModule keepalive         done:False   exception: None  <coroutine object ApiFlowModule.main at 0x7f7e68c7b0>
	26/59  LocalControl keepalive          done:False   exception: None  <coroutine object StandbyLocalControl.main at 0x7f7e692b20>
	27/59  hp-scada-ops-relay-boot-adopt   done:False   exception: None  <coroutine object Relay._boot_adopt at 0x7f7e625d40>
	28/59  relay state reporter            done:False   exception: None  <coroutine object Relay.main at 0x7f7e666e30>
	29/59  hp-loop-on-off-relay-boot-adopt  done:False   exception: None  <coroutine object Relay._boot_adopt at 0x7f7e626240>
	30/59  ApiFlowModule keepalive         done:False   exception: None  <coroutine object ApiFlowModule.main at 0x7f7e68c260>
	31/59  Sieg Loop Synchronous Report    done:False   exception: None  <coroutine object SiegLoop.main at 0x7f7e68c590>
	32/59  relay state reporter            done:False   exception: None  <coroutine object Relay.main at 0x7f7e6664d0>
	33/59  ApiTankModule keepalive         done:False   exception: None  <coroutine object ApiTankModule.main at 0x7f7e692ce0>
	34/59  hp-loop-keep-send-relay-boot-adopt  done:False   exception: None  <coroutine object Relay._boot_adopt at 0x7f7e626440>
	35/59  ApiFlowModule keepalive         done:False   exception: None  <coroutine object ApiFlowModule.main at 0x7f7e68c370>
	36/59  i2c-bus-heartbeat               done:False   exception: None  <coroutine object I2cBus._heartbeat at 0x7f7e692ea0>
	37/59  aquastat-ctrl-relay-boot-adopt  done:False   exception: None  <coroutine object Relay._boot_adopt at 0x7f7e625e40>
	38/59  ApiTankModule keepalive         done:False   exception: None  <coroutine object ApiTankModule.main at 0x7f7e692dc0>
	39/59  LeafAlly keepalive              done:False   exception: None  <coroutine object AllTanksLeafAlly.main at 0x7f7e5fef80>
	40/59  relay state reporter            done:False   exception: None  <coroutine object Relay.main at 0x7f7e666a70>
	41/59  process_messages                done:False   exception: None  <coroutine object Proactor.process_messages at 0x7f7e9f3a70>
	42/59  vdc-relay-boot-adopt            done:False   exception: None  <coroutine object Relay._boot_adopt at 0x7f7e625340>
	43/59  relay state reporter            done:False   exception: None  <coroutine object Relay.main at 0x7f7e666980>
	44/59  ApiTankModule keepalive         done:False   exception: None  <coroutine object ApiTankModule.main at 0x7f7e692f80>
	45/59  zone1-down-failsafe-relay-boot-adopt  done:False   exception: None  <coroutine object Relay._boot_adopt at 0x7f7e626540>
	46/59  send_ping<gridworks_mqtt>       done:False   exception: None  <coroutine object LinkManager.send_ping at 0x7f7e626840>
	47/59  relay state reporter            done:False   exception: None  <coroutine object Relay.main at 0x7f7e666110>
	48/59  relay state reporter            done:False   exception: None  <coroutine object Relay.main at 0x7f7e6665c0>
	49/59  ApiTankModule keepalive         done:False   exception: None  <coroutine object ApiTankModule.main at 0x7f7e693060>
	50/59  relay state reporter            done:False   exception: None  <coroutine object Relay.main at 0x7f7e666b60>
	51/59  send_ping<local_mqtt>           done:False   exception: None  <coroutine object LinkManager.send_ping at 0x7f7e626940>
	52/59  relay state reporter            done:False   exception: None  <coroutine object Relay.main at 0x7f7e6666b0>
	53/59  tstat-common-relay-boot-adopt   done:False   exception: None  <coroutine object Relay._boot_adopt at 0x7f7e625a40>
	54/59  store-pump-relay-boot-adopt     done:False   exception: None  <coroutine object Relay._boot_adopt at 0x7f7e625f40>
	55/59  dist-010v-main                  done:False   exception: None  <coroutine object ZeroTenOutputer.main_loop at 0x7f7e693140>
	56/59  zone1-down-ops-relay-boot-adopt  done:False   exception: None  <coroutine object Relay._boot_adopt at 0x7f7e626640>
	57/59  send_ping<admin>                done:False   exception: None  <coroutine object LinkManager.send_ping at 0x7f7e626a40>
	58/59  relay state reporter            done:False   exception: None  <coroutine object Relay.main at 0x7f7e666200>
	59/59  primary-010v-main               done:False   exception: None  <coroutine object ZeroTenOutputer.main_loop at 0x7f7e693680>

2026-09-19 14:10:49.880 Tasks: 97  [WAITING FOR]
	1/97  relay state reporter            done:False   exception: None  <coroutine object Relay.main at 0x7f7e666c50>
	2/97  tank1.join                      done:False   exception: None  <coroutine object ApiTankModule.join at 0x7f7e6a3f40>
	3/97  hp-boss.join                    done:False   exception: None  <coroutine object HpBoss.join at 0x7f7e6a1fc0>
	4/97  zone2-up-failsafe-relay-boot-adopt  done:False   exception: None  <coroutine object Relay._boot_adopt at 0x7f7e626740>
	5/97  relay state reporter            done:False   exception: None  <coroutine object Relay.main at 0x7f7e666d40>
	6/97  tank2.join                      done:False   exception: None  <coroutine object ApiTankModule.join at 0x7f7e6b0100>
	7/97  sieg-loop.join                  done:False   exception: None  <coroutine object SiegLoop.join at 0x7f7e6a2140>
	8/97  zone2-up-ops-relay-boot-adopt   done:False   exception: None  <coroutine object Relay._boot_adopt at 0x7f7e626340>
	9/97  relay state reporter            done:False   exception: None  <coroutine object Relay.main at 0x7f7e666e30>
	10/97  tank3.join                      done:False   exception: None  <coroutine object ApiTankModule.join at 0x7f7e6b0280>
	11/97  power-meter.join                done:False   exception: None  <coroutine object SyncThreadActor.join at 0x7f7e6a22c0>
	12/97  ApiTankModule keepalive         done:False   exception: None  <coroutine object ApiTankModule.main at 0x7f7e692ce0>
	13/97  ApiTankModule keepalive         done:False   exception: None  <coroutine object ApiTankModule.main at 0x7f7e692dc0>
	14/97  dist-010v.join                  done:False   exception: None  <coroutine object ZeroTenOutputer.join at 0x7f7e6b0400>
	15/97  LeafAlly keepalive              done:False   exception: None  <coroutine object AllTanksLeafAlly.main at 0x7f7e5fef80>
	16/97  hubitat.join                    done:False   exception: None  <coroutine object Hubitat.join at 0x7f7e6a2440>
	17/97  ApiTankModule keepalive         done:False   exception: None  <coroutine object ApiTankModule.main at 0x7f7e692f80>
	18/97  ApiTankModule keepalive         done:False   exception: None  <coroutine object ApiTankModule.main at 0x7f7e693060>
	19/97  primary-010v.join               done:False   exception: None  <coroutine object ZeroTenOutputer.join at 0x7f7e6b0580>
	20/97  i2c-bus.join                    done:False   exception: None  <coroutine object I2cBus.join at 0x7f7e6a25c0>
	21/97  dist-010v-main                  done:False   exception: None  <coroutine object ZeroTenOutputer.main_loop at 0x7f7e693140>
	22/97  primary-010v-main               done:False   exception: None  <coroutine object ZeroTenOutputer.main_loop at 0x7f7e693680>
	23/97  store-010v.join                 done:False   exception: None  <coroutine object ZeroTenOutputer.join at 0x7f7e6b0700>
	24/97  vdc-relay.join                  done:False   exception: None  <coroutine object Relay.join at 0x7f7e6a2740>
	25/97  store-010v-main                 done:False   exception: None  <coroutine object ZeroTenOutputer.main_loop at 0x7f7e693a00>
	26/97  ApiBtuMeter keepalive           done:False   exception: None  <coroutine object ApiBtuMeter.main at 0x7f7e693d80>
	27/97  primary-btu.join                done:False   exception: None  <coroutine object ApiBtuMeter.join at 0x7f7e6b0880>
	28/97  Derived Generator keepalive     done:False   exception: None  <coroutine object DerivedGenerator.main at 0x7f7e666020>
	29/97  tstat-common-relay.join         done:False   exception: None  <coroutine object Relay.join at 0x7f7e6a28c0>
	30/97  ApiBtuMeter keepalive           done:False   exception: None  <coroutine object ApiBtuMeter.main at 0x7f7e693bc0>
	31/97  picocycler keepalive            done:False   exception: None  <coroutine object PicoCycler.main at 0x7f7ea2b760>
	32/97  ApiFlowModule keepalive         done:False   exception: None  <coroutine object ApiFlowModule.main at 0x7f7e68c7b0>
	33/97  dist-btu.join                   done:False   exception: None  <coroutine object ApiBtuMeter.join at 0x7f7e6b0a00>
	34/97  LocalControl keepalive          done:False   exception: None  <coroutine object StandbyLocalControl.main at 0x7f7e692b20>
	35/97  charge-discharge-relay.join     done:False   exception: None  <coroutine object Relay.join at 0x7f7e6a2a40>
	36/97  ApiFlowModule keepalive         done:False   exception: None  <coroutine object ApiFlowModule.main at 0x7f7e68c260>
	37/97  Sieg Loop Synchronous Report    done:False   exception: None  <coroutine object SiegLoop.main at 0x7f7e68c590>
	38/97  ApiFlowModule keepalive         done:False   exception: None  <coroutine object ApiFlowModule.main at 0x7f7e68c370>
	39/97  sieg-flow.join                  done:False   exception: None  <coroutine object ApiFlowModule.join at 0x7f7e6b0b80>
	40/97  i2c-bus-heartbeat               done:False   exception: None  <coroutine object I2cBus._heartbeat at 0x7f7e692ea0>
	41/97  hp-failsafe-relay.join          done:False   exception: None  <coroutine object Relay.join at 0x7f7e6a2bc0>
	42/97  process_messages                done:False   exception: None  <coroutine object Proactor.process_messages at 0x7f7e9f3a70>
	43/97  vdc-relay-boot-adopt            done:False   exception: None  <coroutine object Relay._boot_adopt at 0x7f7e625340>
	44/97  send_ping<gridworks_mqtt>       done:False   exception: None  <coroutine object LinkManager.send_ping at 0x7f7e626840>
	45/97  store-flow.join                 done:False   exception: None  <coroutine object ApiFlowModule.join at 0x7f7e6b0d00>
	46/97  relay state reporter            done:False   exception: None  <coroutine object Relay.main at 0x7f7e666110>
	47/97  hp-scada-ops-relay.join         done:False   exception: None  <coroutine object Relay.join at 0x7f7e6a2d40>
	48/97  send_ping<local_mqtt>           done:False   exception: None  <coroutine object LinkManager.send_ping at 0x7f7e626940>
	49/97  tstat-common-relay-boot-adopt   done:False   exception: None  <coroutine object Relay._boot_adopt at 0x7f7e625a40>
	50/97  send_ping<admin>                done:False   exception: None  <coroutine object LinkManager.send_ping at 0x7f7e626a40>
	51/97  dist2-flow.join                 done:False   exception: None  <coroutine object ApiFlowModule.join at 0x7f7e6b0e80>
	52/97  aquastat-ctrl-relay.join        done:False   exception: None  <coroutine object Relay.join at 0x7f7e6a2ec0>
	53/97  relay state reporter            done:False   exception: None  <coroutine object Relay.main at 0x7f7e666200>
	54/97  report_sender                   done:False   exception: None  <coroutine object Scada.report_sending_task at 0x7f7e693ca0>
	55/97  charge-discharge-relay-boot-adopt  done:False   exception: None  <coroutine object Relay._boot_adopt at 0x7f7e625b40>
	56/97  snap_sender                     done:False   exception: None  <coroutine object Scada.snap_sending_task at 0x7f7e693e60>
	57/97  relay state reporter            done:False   exception: None  <coroutine object Relay.main at 0x7f7e6662f0>
	58/97  store-pump-relay.join           done:False   exception: None  <coroutine object Relay.join at 0x7f7e6a3040>
	59/97  scada top_state_tracker         done:False   exception: None  <coroutine object Scada.state_tracker at 0x7f7e9f3ba0>
	60/97  hp-failsafe-relay-boot-adopt    done:False   exception: None  <coroutine object Relay._boot_adopt at 0x7f7e625c40>
	61/97  startup_announcer               done:False   exception: None  <coroutine object Scada.announce_at_first_broker_link at 0x7f7e786dc0>
	62/97  relay state reporter            done:False   exception: None  <coroutine object Relay.main at 0x7f7e6663e0>
	63/97  primary-pump-failsafe-relay.join  done:False   exception: None  <coroutine object Relay.join at 0x7f7e6a31c0>
	64/97  watchdog_manager.join           done:False   exception: None  <coroutine object WatchdogManager.join at 0x7f7e6a8120>
	65/97  hp-scada-ops-relay-boot-adopt   done:False   exception: None  <coroutine object Relay._boot_adopt at 0x7f7e625d40>
	66/97  relay state reporter            done:False   exception: None  <coroutine object Relay.main at 0x7f7e6664d0>
	67/97  primary-pump-scada-ops-relay.join  done:False   exception: None  <coroutine object Relay.join at 0x7f7e6a3340>
	68/97  io_loop_manager.join            done:False   exception: None  <coroutine object IOLoop.join at 0x7f7e6a13c0>
	69/97  aquastat-ctrl-relay-boot-adopt  done:False   exception: None  <coroutine object Relay._boot_adopt at 0x7f7e625e40>
	70/97  relay state reporter            done:False   exception: None  <coroutine object Relay.main at 0x7f7e666980>
	71/97  hp-loop-on-off-relay.join       done:False   exception: None  <coroutine object Relay.join at 0x7f7e6a34c0>
	72/97  _WebManager.join                done:False   exception: None  <coroutine object _WebManager.join at 0x7f7e6a1540>
	73/97  relay state reporter            done:False   exception: None  <coroutine object Relay.main at 0x7f7e6665c0>
	74/97  store-pump-relay-boot-adopt     done:False   exception: None  <coroutine object Relay._boot_adopt at 0x7f7e625f40>
	75/97  hp-loop-keep-send-relay.join    done:False   exception: None  <coroutine object Relay.join at 0x7f7e6a3640>
	76/97  s.join                          done:False   exception: None  <coroutine object PrimeActor.join at 0x7f7e6a16c0>
	77/97  relay state reporter            done:False   exception: None  <coroutine object Relay.main at 0x7f7e6666b0>
	78/97  primary-pump-failsafe-relay-boot-adopt  done:False   exception: None  <coroutine object Relay._boot_adopt at 0x7f7e626040>
	79/97  zone1-down-failsafe-relay.join  done:False   exception: None  <coroutine object Relay.join at 0x7f7e6a37c0>
	80/97  la.join                         done:False   exception: None  <coroutine object LeafAlly.join at 0x7f7e6a1840>
	81/97  relay state reporter            done:False   exception: None  <coroutine object Relay.main at 0x7f7e6667a0>
	82/97  primary-pump-scada-ops-relay-boot-adopt  done:False   exception: None  <coroutine object Relay._boot_adopt at 0x7f7e626140>
	83/97  zone1-down-ops-relay.join       done:False   exception: None  <coroutine object Relay.join at 0x7f7e6a3940>
	84/97  five-v-boss.join                done:False   exception: None  <coroutine object FiveVBoss.join at 0x7f7e6a19c0>
	85/97  relay state reporter            done:False   exception: None  <coroutine object Relay.main at 0x7f7e666890>
	86/97  hp-loop-on-off-relay-boot-adopt  done:False   exception: None  <coroutine object Relay._boot_adopt at 0x7f7e626240>
	87/97  zone2-up-failsafe-relay.join    done:False   exception: None  <coroutine object Relay.join at 0x7f7e6a3ac0>
	88/97  pico-cycler.join                done:False   exception: None  <coroutine object PicoCycler.join at 0x7f7e6a1b40>
	89/97  hp-loop-keep-send-relay-boot-adopt  done:False   exception: None  <coroutine object Relay._boot_adopt at 0x7f7e626440>
	90/97  relay state reporter            done:False   exception: None  <coroutine object Relay.main at 0x7f7e666a70>
	91/97  zone2-up-ops-relay.join         done:False   exception: None  <coroutine object Relay.join at 0x7f7e6a3c40>
	92/97  derived-generator.join          done:False   exception: None  <coroutine object DerivedGenerator.join at 0x7f7e6a1cc0>
	93/97  zone1-down-failsafe-relay-boot-adopt  done:False   exception: None  <coroutine object Relay._boot_adopt at 0x7f7e626540>
	94/97  relay state reporter            done:False   exception: None  <coroutine object Relay.main at 0x7f7e666b60>
	95/97  buffer.join                     done:False   exception: None  <coroutine object ApiTankModule.join at 0x7f7e6a3dc0>
	96/97  lc.join                         done:False   exception: None  <coroutine object LocalControl.join at 0x7f7e6a1e40>
	97/97  zone1-down-ops-relay-boot-adopt  done:False   exception: None  <coroutine object Relay._boot_adopt at 0x7f7e626640>

2026-09-19 14:10:49.882 [derived-generator] SynthGen about to get forecasts
2026-09-19 14:10:49.884 [sieg-loop] Engaging brain, control state is Initializing, hp boss state is HpOn
2026-09-19 14:10:49.884 [sieg-loop] Waiting for actuators to be ready to get out of Initializing state
2026-09-19 14:10:49.884   OUT internal     sieg-loop to s                                         ->  [sieg-loop/to/s/single.machine.state]                                             SingleMachineState       
2026-09-19 14:10:49.887   OUT internal     dist-010v to i2c-bus                                   ->  [dist-010v/to/i2c-bus/i2c.write.reg]                                              I2cWriteReg              
2026-09-19 14:10:49.888   OUT internal     primary-010v to i2c-bus                                ->  [primary-010v/to/i2c-bus/i2c.write.reg]                                           I2cWriteReg              
2026-09-19 14:10:49.889   OUT internal     store-010v to i2c-bus                                  ->  [store-010v/to/i2c-bus/i2c.write.reg]                                             I2cWriteReg              
2026-09-19 14:10:49.891   OUT internal     dist2-flow to s                                        ->  [dist2-flow/to/s/synced.readings]                                                 SyncedReadings           
2026-09-19 14:10:49.892   OUT internal     dist2-flow to pico-cycler                              ->  [dist2-flow/to/pico-cycler/channel.readings]                                      ChannelReadings          
2026-09-19 14:10:49.893 
2026-09-19 14:10:49.893 ++++++++++++++++++++++++++++++++++++++++++++++++++++++++++++++++++++++++++++++++++++++++
2026-09-19 14:10:49.893 ++Proactor<s>.process_message  [la/single.machine.state]
2026-09-19 14:10:49.894   IN  internal     la to s                                                <-  [la/to/s/single.machine.state]                                                    SingleMachineState       
2026-09-19 14:10:49.895 --Proactor<s>.process_message  path:0x00000401
2026-09-19 14:10:49.895 ----------------------------------------------------------------------------------------
2026-09-19 14:10:49.895 
2026-09-19 14:10:49.895 ++++++++++++++++++++++++++++++++++++++++++++++++++++++++++++++++++++++++++++++++++++++++
2026-09-19 14:10:49.895 ++Proactor<s>.process_message  [five-v-boss/single.machine.state]
2026-09-19 14:10:49.896   IN  internal     five-v-boss to s                                       <-  [five-v-boss/to/s/single.machine.state]                                           SingleMachineState       
2026-09-19 14:10:49.896   OUT mqtt         hw1.isone.me.versant.keene.beech.scada to admin        ->  [gw/hw1-isone-me-versant-keene-beech-scada/to/admin/single-machine-state]         SingleMachineState       
2026-09-19 14:10:49.897 --Proactor<s>.process_message  path:0x00000401
2026-09-19 14:10:49.897 ----------------------------------------------------------------------------------------
2026-09-19 14:10:49.898 
2026-09-19 14:10:49.898 ++++++++++++++++++++++++++++++++++++++++++++++++++++++++++++++++++++++++++++++++++++++++
2026-09-19 14:10:49.898 ++Proactor<s>.process_message  [pico-cycler/machine.states]
2026-09-19 14:10:49.898   IN  internal     pico-cycler to s                                       <-  [pico-cycler/to/s/machine.states]                                                 MachineStates            
2026-09-19 14:10:49.899 --Proactor<s>.process_message  path:0x00000401
2026-09-19 14:10:49.899 ----------------------------------------------------------------------------------------
2026-09-19 14:10:49.899 
2026-09-19 14:10:49.899 ++++++++++++++++++++++++++++++++++++++++++++++++++++++++++++++++++++++++++++++++++++++++
2026-09-19 14:10:49.900 ++Proactor<s>.process_message  [pico-cycler/machine.states]
2026-09-19 14:10:49.900   IN  internal     pico-cycler to s                                       <-  [pico-cycler/to/s/machine.states]                                                 MachineStates            
2026-09-19 14:10:49.900 --Proactor<s>.process_message  path:0x00000401
2026-09-19 14:10:49.900 ----------------------------------------------------------------------------------------
2026-09-19 14:10:49.900 
2026-09-19 14:10:49.901 ++++++++++++++++++++++++++++++++++++++++++++++++++++++++++++++++++++++++++++++++++++++++
2026-09-19 14:10:49.901 ++Proactor<s>.process_message  [pico-cycler/machine.states]
2026-09-19 14:10:49.901   IN  internal     pico-cycler to s                                       <-  [pico-cycler/to/s/machine.states]                                                 MachineStates            
2026-09-19 14:10:49.901 --Proactor<s>.process_message  path:0x00000401
2026-09-19 14:10:49.902 ----------------------------------------------------------------------------------------
2026-09-19 14:10:49.902 
2026-09-19 14:10:49.902 ++++++++++++++++++++++++++++++++++++++++++++++++++++++++++++++++++++++++++++++++++++++++
2026-09-19 14:10:49.902 ++Proactor<s>.process_message  [pico-cycler/machine.states]
2026-09-19 14:10:49.902   IN  internal     pico-cycler to s                                       <-  [pico-cycler/to/s/machine.states]                                                 MachineStates            
2026-09-19 14:10:49.903 --Proactor<s>.process_message  path:0x00000401
2026-09-19 14:10:49.903 ----------------------------------------------------------------------------------------
2026-09-19 14:10:49.903 
2026-09-19 14:10:49.903 ++++++++++++++++++++++++++++++++++++++++++++++++++++++++++++++++++++++++++++++++++++++++
2026-09-19 14:10:49.903 ++Proactor<s>.process_message  [pico-cycler/machine.states]
2026-09-19 14:10:49.904   IN  internal     pico-cycler to s                                       <-  [pico-cycler/to/s/machine.states]                                                 MachineStates            
2026-09-19 14:10:49.904 --Proactor<s>.process_message  path:0x00000401
2026-09-19 14:10:49.904 ----------------------------------------------------------------------------------------
2026-09-19 14:10:49.904 
2026-09-19 14:10:49.904 ++++++++++++++++++++++++++++++++++++++++++++++++++++++++++++++++++++++++++++++++++++++++
2026-09-19 14:10:49.905 ++Proactor<s>.process_message  [pico-cycler/machine.states]
2026-09-19 14:10:49.905   IN  internal     pico-cycler to s                                       <-  [pico-cycler/to/s/machine.states]                                                 MachineStates            
2026-09-19 14:10:49.905 --Proactor<s>.process_message  path:0x00000401
2026-09-19 14:10:49.905 ----------------------------------------------------------------------------------------
2026-09-19 14:10:49.906 
2026-09-19 14:10:49.906 ++++++++++++++++++++++++++++++++++++++++++++++++++++++++++++++++++++++++++++++++++++++++
2026-09-19 14:10:49.906 ++Proactor<s>.process_message  [pico-cycler/machine.states]
2026-09-19 14:10:49.906   IN  internal     pico-cycler to s                                       <-  [pico-cycler/to/s/machine.states]                                                 MachineStates            
2026-09-19 14:10:49.906 --Proactor<s>.process_message  path:0x00000401
2026-09-19 14:10:49.907 ----------------------------------------------------------------------------------------
2026-09-19 14:10:49.907 
2026-09-19 14:10:49.907 ++++++++++++++++++++++++++++++++++++++++++++++++++++++++++++++++++++++++++++++++++++++++
2026-09-19 14:10:49.907 ++Proactor<s>.process_message  [pico-cycler/machine.states]
2026-09-19 14:10:49.907   IN  internal     pico-cycler to s                                       <-  [pico-cycler/to/s/machine.states]                                                 MachineStates            
2026-09-19 14:10:49.908 --Proactor<s>.process_message  path:0x00000401
2026-09-19 14:10:49.908 ----------------------------------------------------------------------------------------
2026-09-19 14:10:49.908 
2026-09-19 14:10:49.908 ++++++++++++++++++++++++++++++++++++++++++++++++++++++++++++++++++++++++++++++++++++++++
2026-09-19 14:10:49.908 ++Proactor<s>.process_message  [pico-cycler/machine.states]
2026-09-19 14:10:49.909   IN  internal     pico-cycler to s                                       <-  [pico-cycler/to/s/machine.states]                                                 MachineStates            
2026-09-19 14:10:49.909 --Proactor<s>.process_message  path:0x00000401
2026-09-19 14:10:49.910 ----------------------------------------------------------------------------------------
2026-09-19 14:10:49.910 
2026-09-19 14:10:49.910 ++++++++++++++++++++++++++++++++++++++++++++++++++++++++++++++++++++++++++++++++++++++++
2026-09-19 14:10:49.910 ++Proactor<s>.process_message  [lc/single.machine.state]
2026-09-19 14:10:49.910   IN  internal     lc to s                                                <-  [lc/to/s/single.machine.state]                                                    SingleMachineState       
2026-09-19 14:10:49.911 --Proactor<s>.process_message  path:0x00000401
2026-09-19 14:10:49.911 ----------------------------------------------------------------------------------------
2026-09-19 14:10:49.911 
2026-09-19 14:10:49.911 ++++++++++++++++++++++++++++++++++++++++++++++++++++++++++++++++++++++++++++++++++++++++
2026-09-19 14:10:49.911 ++Proactor<s>.process_message  [hp-boss/single.machine.state]
2026-09-19 14:10:49.912   IN  internal     hp-boss to s                                           <-  [hp-boss/to/s/single.machine.state]                                               SingleMachineState       
2026-09-19 14:10:49.912 [scada] Sending auto.lc.n.hp-boss state to sieg-loop
2026-09-19 14:10:49.912 [sieg-loop] Just received state HpOff from HpBoss
2026-09-19 14:10:49.912 [sieg-loop] Engaging brain, control state is Initializing, hp boss state is HpOff
2026-09-19 14:10:49.913 [sieg-loop] Waiting for actuators to be ready to get out of Initializing state
2026-09-19 14:10:49.913   OUT mqtt         hw1.isone.me.versant.keene.beech.scada to admin        ->  [gw/hw1-isone-me-versant-keene-beech-scada/to/admin/single-machine-state]         SingleMachineState       
2026-09-19 14:10:49.914 --Proactor<s>.process_message  path:0x00000401
2026-09-19 14:10:49.914 ----------------------------------------------------------------------------------------
2026-09-19 14:10:49.914 
2026-09-19 14:10:49.914 ++++++++++++++++++++++++++++++++++++++++++++++++++++++++++++++++++++++++++++++++++++++++
2026-09-19 14:10:49.914 ++Proactor<s>.process_message  [dist-010v/actuators.ready]
2026-09-19 14:10:49.915   IN  internal     dist-010v to s                                         <-  [dist-010v/to/s/actuators.ready]                                                  ActuatorsReady           
2026-09-19 14:10:49.915 [scada] Actuator dist-010v is ready. 1/3
2026-09-19 14:10:49.915 --Proactor<s>.process_message  path:0x00000401
2026-09-19 14:10:49.915 ----------------------------------------------------------------------------------------
2026-09-19 14:10:49.916 
2026-09-19 14:10:49.916 ++++++++++++++++++++++++++++++++++++++++++++++++++++++++++++++++++++++++++++++++++++++++
2026-09-19 14:10:49.916 ++Proactor<s>.process_message  [primary-010v/actuators.ready]
2026-09-19 14:10:49.916   IN  internal     primary-010v to s                                      <-  [primary-010v/to/s/actuators.ready]                                               ActuatorsReady           
2026-09-19 14:10:49.916 [scada] Actuator primary-010v is ready. 2/3
2026-09-19 14:10:49.917 --Proactor<s>.process_message  path:0x00000401
2026-09-19 14:10:49.917 ----------------------------------------------------------------------------------------
2026-09-19 14:10:49.917 
2026-09-19 14:10:49.917 ++++++++++++++++++++++++++++++++++++++++++++++++++++++++++++++++++++++++++++++++++++++++
2026-09-19 14:10:49.917 ++Proactor<s>.process_message  [store-010v/actuators.ready]
2026-09-19 14:10:49.917   IN  internal     store-010v to s                                        <-  [store-010v/to/s/actuators.ready]                                                 ActuatorsReady           
2026-09-19 14:10:49.918 [scada] Actuator store-010v is ready. 3/3
2026-09-19 14:10:49.918 [scada] All actuators are ready!
2026-09-19 14:10:49.919 [sieg-loop] Engaging brain, control state is Initializing, hp boss state is HpOff
2026-09-19 14:10:49.919 [sieg-loop] DoneInitializingBlind: Initializing -> Blind
2026-09-19 14:10:49.919 [sieg-loop] Moving to full send
2026-09-19 14:10:49.920   OUT internal     sieg-loop to s                                         ->  [sieg-loop/to/s/single.machine.state]                                             SingleMachineState       
2026-09-19 14:10:49.920 [lc] Initializing relays
2026-09-19 14:10:49.921 [lc] de-energizing most relays
2026-09-19 14:10:49.922   OUT internal     n to charge-discharge-relay                            ->  [n/to/charge-discharge-relay/fsm.event]                                           FsmEvent                 
2026-09-19 14:10:49.922 [lc] DischargeStore to charge-discharge-relay
2026-09-19 14:10:49.923   OUT internal     n to primary-pump-failsafe-relay                       ->  [n/to/primary-pump-failsafe-relay/fsm.event]                                      FsmEvent                 
2026-09-19 14:10:49.923 [lc] SwitchToHeatPump to primary-pump-failsafe-relay
2026-09-19 14:10:49.924   OUT internal     n to primary-pump-scada-ops-relay                      ->  [n/to/primary-pump-scada-ops-relay/fsm.event]                                     FsmEvent                 
2026-09-19 14:10:49.924 [lc] OpenRelay to primary-pump-scada-ops-relay
2026-09-19 14:10:49.925   OUT internal     n to store-pump-relay                                  ->  [n/to/store-pump-relay/fsm.event]                                                 FsmEvent                 
2026-09-19 14:10:49.925 [lc] OpenRelay to store-pump-relay
2026-09-19 14:10:49.926   OUT internal     n to tstat-common-relay                                ->  [n/to/tstat-common-relay/fsm.event]                                               FsmEvent                 
2026-09-19 14:10:49.926 [lc] CloseRelay to tstat-common-relay
2026-09-19 14:10:49.927   OUT internal     n to zone1-down-failsafe-relay                         ->  [n/to/zone1-down-failsafe-relay/fsm.event]                                        FsmEvent                 
2026-09-19 14:10:49.927 [lc] SwitchToWallThermostat to zone1-down-failsafe-relay
2026-09-19 14:10:49.927   OUT internal     n to zone1-down-ops-relay                              ->  [n/to/zone1-down-ops-relay/fsm.event]                                             FsmEvent                 
2026-09-19 14:10:49.928 [lc] OpenRelay to zone1-down-ops-relay
2026-09-19 14:10:49.928   OUT internal     n to zone2-up-failsafe-relay                           ->  [n/to/zone2-up-failsafe-relay/fsm.event]                                          FsmEvent                 
2026-09-19 14:10:49.928 [lc] SwitchToWallThermostat to zone2-up-failsafe-relay
2026-09-19 14:10:49.929   OUT internal     n to zone2-up-ops-relay                                ->  [n/to/zone2-up-ops-relay/fsm.event]                                               FsmEvent                 
2026-09-19 14:10:49.929 [lc] OpenRelay to zone2-up-ops-relay
2026-09-19 14:10:49.929 [lc] energizing key relays for keeping things off
2026-09-19 14:10:49.930   OUT internal     n to hp-failsafe-relay                                 ->  [n/to/hp-failsafe-relay/fsm.event]                                                FsmEvent                 
2026-09-19 14:10:49.930 [lc] auto.lc.n sending SwitchToScada to Hp Failsafe auto.lc.n.hp-failsafe-relay
2026-09-19 14:10:49.930   OUT internal     n to aquastat-ctrl-relay                               ->  [n/to/aquastat-ctrl-relay/fsm.event]                                              FsmEvent                 
2026-09-19 14:10:49.931 [lc] auto.lc.n sending SwitchToScada to Aquastat Ctrl auto.lc.n.aquastat-ctrl-relay
2026-09-19 14:10:49.931   OUT internal     n to hp-boss                                           ->  [n/to/hp-boss/fsm.event]                                                          FsmEvent                 
2026-09-19 14:10:49.931 [lc] TurnOff to hp-boss
2026-09-19 14:10:49.932 --Proactor<s>.process_message  path:0x00000401
2026-09-19 14:10:49.932 ----------------------------------------------------------------------------------------
2026-09-19 14:10:49.932 
2026-09-19 14:10:49.932 ++++++++++++++++++++++++++++++++++++++++++++++++++++++++++++++++++++++++++++++++++++++++
2026-09-19 14:10:49.932 ++Proactor<s>.process_message  [mqtt_clients/mqtt_connected]
2026-09-19 14:10:49.933   IN  internal     mqtt_clients to proactor                               <-  [mqtt_clients/to/proactor/mqtt_connected]                                         MQTTConnectPayload       
2026-09-19 14:10:49.933 admin:  connecting -- mqtt_connected --> awaiting_setup_and_peer
2026-09-19 14:10:49.933 ++generate_event gridworks.event.comm.mqtt.connect  f: 0  (p: 14)  (pr: 1  r: 0  c: 0)
2026-09-19 14:10:49.934 --generate_event gridworks.event.comm.mqtt.connect  f: 0  (p: 15)  (pr: 2  r: 0  c: 0)  problems: (0 0)  path:0x00000043
2026-09-19 14:10:49.934 --Proactor<s>.process_message  path:0x00000005
2026-09-19 14:10:49.935 ----------------------------------------------------------------------------------------
2026-09-19 14:10:49.935 
2026-09-19 14:10:49.935 ++++++++++++++++++++++++++++++++++++++++++++++++++++++++++++++++++++++++++++++++++++++++
2026-09-19 14:10:49.935 ++Proactor<s>.process_message  [mqtt_clients/mqtt_connected]
2026-09-19 14:10:49.935   IN  internal     mqtt_clients to proactor                               <-  [mqtt_clients/to/proactor/mqtt_connected]                                         MQTTConnectPayload       
2026-09-19 14:10:49.936 local_mqtt:  connecting -- mqtt_connected --> awaiting_setup_and_peer
2026-09-19 14:10:49.936 ++generate_event gridworks.event.comm.mqtt.connect  f: 0  (p: 15)  (pr: 2  r: 0  c: 0)
2026-09-19 14:10:49.936 --generate_event gridworks.event.comm.mqtt.connect  f: 0  (p: 16)  (pr: 3  r: 0  c: 0)  problems: (0 0)  path:0x00000043
2026-09-19 14:10:49.937 --Proactor<s>.process_message  path:0x00000005
2026-09-19 14:10:49.939 ----------------------------------------------------------------------------------------
2026-09-19 14:10:49.939 
2026-09-19 14:10:49.940 ++++++++++++++++++++++++++++++++++++++++++++++++++++++++++++++++++++++++++++++++++++++++
2026-09-19 14:10:49.940 ++Proactor<s>.process_message  [sieg-loop/single.machine.state]
2026-09-19 14:10:49.940   IN  internal     sieg-loop to s                                         <-  [sieg-loop/to/s/single.machine.state]                                             SingleMachineState       
2026-09-19 14:10:49.941 --Proactor<s>.process_message  path:0x00000401
2026-09-19 14:10:49.941 ----------------------------------------------------------------------------------------
2026-09-19 14:10:49.942 
2026-09-19 14:10:49.943 ++++++++++++++++++++++++++++++++++++++++++++++++++++++++++++++++++++++++++++++++++++++++
2026-09-19 14:10:49.943 ++Proactor<s>.process_message  [dist-010v/i2c.write.reg]
2026-09-19 14:10:49.943   IN  internal     dist-010v to i2c-bus                                   <-  [dist-010v/to/i2c-bus/i2c.write.reg]                                              I2cWriteReg              
2026-09-19 14:10:49.945   OUT internal     i2c-bus to dist-010v                                   ->  [i2c-bus/to/dist-010v/i2c.result]                                                 I2cResult                
2026-09-19 14:10:49.946 --Proactor<s>.process_message  path:0x00000401
2026-09-19 14:10:49.946 ----------------------------------------------------------------------------------------
2026-09-19 14:10:49.946 
2026-09-19 14:10:49.946 ++++++++++++++++++++++++++++++++++++++++++++++++++++++++++++++++++++++++++++++++++++++++
2026-09-19 14:10:49.946 ++Proactor<s>.process_message  [primary-010v/i2c.write.reg]
2026-09-19 14:10:49.947   IN  internal     primary-010v to i2c-bus                                <-  [primary-010v/to/i2c-bus/i2c.write.reg]                                           I2cWriteReg              
2026-09-19 14:10:49.948   OUT internal     i2c-bus to primary-010v                                ->  [i2c-bus/to/primary-010v/i2c.result]                                              I2cResult                
2026-09-19 14:10:49.948 --Proactor<s>.process_message  path:0x00000401
2026-09-19 14:10:49.948 ----------------------------------------------------------------------------------------
2026-09-19 14:10:49.949 
2026-09-19 14:10:49.949 ++++++++++++++++++++++++++++++++++++++++++++++++++++++++++++++++++++++++++++++++++++++++
2026-09-19 14:10:49.949 ++Proactor<s>.process_message  [store-010v/i2c.write.reg]
2026-09-19 14:10:49.949   IN  internal     store-010v to i2c-bus                                  <-  [store-010v/to/i2c-bus/i2c.write.reg]                                             I2cWriteReg              
2026-09-19 14:10:49.950   OUT internal     i2c-bus to store-010v                                  ->  [i2c-bus/to/store-010v/i2c.result]                                                I2cResult                
2026-09-19 14:10:49.951 --Proactor<s>.process_message  path:0x00000401
2026-09-19 14:10:49.951 ----------------------------------------------------------------------------------------
2026-09-19 14:10:49.951 
2026-09-19 14:10:49.951 ++++++++++++++++++++++++++++++++++++++++++++++++++++++++++++++++++++++++++++++++++++++++
2026-09-19 14:10:49.952 ++Proactor<s>.process_message  [dist2-flow/synced.readings]
2026-09-19 14:10:49.952   IN  internal     dist2-flow to s                                        <-  [dist2-flow/to/s/synced.readings]                                                 SyncedReadings           
2026-09-19 14:10:49.952 ++process_synced_readingsfrom: dist2-flow  channels: 2
2026-09-19 14:10:49.953 --Proactor<s>.process_message  path:0x00000401
2026-09-19 14:10:49.953 ----------------------------------------------------------------------------------------
2026-09-19 14:10:49.953 
2026-09-19 14:10:49.953 ++++++++++++++++++++++++++++++++++++++++++++++++++++++++++++++++++++++++++++++++++++++++
2026-09-19 14:10:49.953 ++Proactor<s>.process_message  [dist2-flow/channel.readings]
2026-09-19 14:10:49.954   IN  internal     dist2-flow to pico-cycler                              <-  [dist2-flow/to/pico-cycler/channel.readings]                                      ChannelReadings          
2026-09-19 14:10:49.954 ++pico_cycler  channel.readings
2026-09-19 14:10:49.955 --pico_cycler  path:0x00000003
2026-09-19 14:10:49.955 --Proactor<s>.process_message  path:0x00000401
2026-09-19 14:10:49.955 ----------------------------------------------------------------------------------------
2026-09-19 14:10:49.955 
2026-09-19 14:10:49.955 ++++++++++++++++++++++++++++++++++++++++++++++++++++++++++++++++++++++++++++++++++++++++
2026-09-19 14:10:49.955 ++Proactor<s>.process_message  [sieg-loop/single.machine.state]
2026-09-19 14:10:49.956   IN  internal     sieg-loop to s                                         <-  [sieg-loop/to/s/single.machine.state]                                             SingleMachineState       
2026-09-19 14:10:49.956 --Proactor<s>.process_message  path:0x00000401
2026-09-19 14:10:49.956 ----------------------------------------------------------------------------------------
2026-09-19 14:10:49.957 
2026-09-19 14:10:49.957 ++++++++++++++++++++++++++++++++++++++++++++++++++++++++++++++++++++++++++++++++++++++++
2026-09-19 14:10:49.957 ++Proactor<s>.process_message  [n/fsm.event]
2026-09-19 14:10:49.957   IN  internal     n to charge-discharge-relay                            <-  [n/to/charge-discharge-relay/fsm.event]                                           FsmEvent                 
2026-09-19 14:10:49.959   OUT internal     charge-discharge-relay to lc                           ->  [charge-discharge-relay/to/lc/gw.dispatch.ack]                                    DispatchAck              
2026-09-19 14:10:49.959 --Proactor<s>.process_message  path:0x00000401
2026-09-19 14:10:49.959 ----------------------------------------------------------------------------------------
2026-09-19 14:10:49.959 
2026-09-19 14:10:49.959 ++++++++++++++++++++++++++++++++++++++++++++++++++++++++++++++++++++++++++++++++++++++++
2026-09-19 14:10:49.960 ++Proactor<s>.process_message  [n/fsm.event]
2026-09-19 14:10:49.960   IN  internal     n to primary-pump-failsafe-relay                       <-  [n/to/primary-pump-failsafe-relay/fsm.event]                                      FsmEvent                 
2026-09-19 14:10:49.961   OUT internal     primary-pump-failsafe-relay to lc                      ->  [primary-pump-failsafe-relay/to/lc/gw.dispatch.ack]                               DispatchAck              
2026-09-19 14:10:49.961 --Proactor<s>.process_message  path:0x00000401
2026-09-19 14:10:49.961 ----------------------------------------------------------------------------------------
2026-09-19 14:10:49.961 
2026-09-19 14:10:49.961 ++++++++++++++++++++++++++++++++++++++++++++++++++++++++++++++++++++++++++++++++++++++++
2026-09-19 14:10:49.962 ++Proactor<s>.process_message  [n/fsm.event]
2026-09-19 14:10:49.962   IN  internal     n to primary-pump-scada-ops-relay                      <-  [n/to/primary-pump-scada-ops-relay/fsm.event]                                     FsmEvent                 
2026-09-19 14:10:49.963   OUT internal     primary-pump-scada-ops-relay to lc                     ->  [primary-pump-scada-ops-relay/to/lc/gw.dispatch.ack]                              DispatchAck              
2026-09-19 14:10:49.963 --Proactor<s>.process_message  path:0x00000401
2026-09-19 14:10:49.963 ----------------------------------------------------------------------------------------
2026-09-19 14:10:49.963 
2026-09-19 14:10:49.963 ++++++++++++++++++++++++++++++++++++++++++++++++++++++++++++++++++++++++++++++++++++++++
2026-09-19 14:10:49.964 ++Proactor<s>.process_message  [n/fsm.event]
2026-09-19 14:10:49.964   IN  internal     n to store-pump-relay                                  <-  [n/to/store-pump-relay/fsm.event]                                                 FsmEvent                 
2026-09-19 14:10:49.964   OUT internal     store-pump-relay to lc                                 ->  [store-pump-relay/to/lc/gw.dispatch.ack]                                          DispatchAck              
2026-09-19 14:10:49.965 --Proactor<s>.process_message  path:0x00000401
2026-09-19 14:10:49.965 ----------------------------------------------------------------------------------------
2026-09-19 14:10:49.965 
2026-09-19 14:10:49.965 ++++++++++++++++++++++++++++++++++++++++++++++++++++++++++++++++++++++++++++++++++++++++
2026-09-19 14:10:49.965 ++Proactor<s>.process_message  [n/fsm.event]
2026-09-19 14:10:49.966   IN  internal     n to tstat-common-relay                                <-  [n/to/tstat-common-relay/fsm.event]                                               FsmEvent                 
2026-09-19 14:10:49.966   OUT internal     tstat-common-relay to lc                               ->  [tstat-common-relay/to/lc/gw.dispatch.ack]                                        DispatchAck              
2026-09-19 14:10:49.967 --Proactor<s>.process_message  path:0x00000401
2026-09-19 14:10:49.967 ----------------------------------------------------------------------------------------
2026-09-19 14:10:49.967 
2026-09-19 14:10:49.967 ++++++++++++++++++++++++++++++++++++++++++++++++++++++++++++++++++++++++++++++++++++++++
2026-09-19 14:10:49.967 ++Proactor<s>.process_message  [n/fsm.event]
2026-09-19 14:10:49.968   IN  internal     n to zone1-down-failsafe-relay                         <-  [n/to/zone1-down-failsafe-relay/fsm.event]                                        FsmEvent                 
2026-09-19 14:10:49.968   OUT internal     zone1-down-failsafe-relay to lc                        ->  [zone1-down-failsafe-relay/to/lc/gw.dispatch.ack]                                 DispatchAck              
2026-09-19 14:10:49.969 --Proactor<s>.process_message  path:0x00000401
2026-09-19 14:10:49.969 ----------------------------------------------------------------------------------------
2026-09-19 14:10:49.969 
2026-09-19 14:10:49.969 ++++++++++++++++++++++++++++++++++++++++++++++++++++++++++++++++++++++++++++++++++++++++
2026-09-19 14:10:49.969 ++Proactor<s>.process_message  [n/fsm.event]
2026-09-19 14:10:49.969   IN  internal     n to zone1-down-ops-relay                              <-  [n/to/zone1-down-ops-relay/fsm.event]                                             FsmEvent                 
2026-09-19 14:10:49.970   OUT internal     zone1-down-ops-relay to lc                             ->  [zone1-down-ops-relay/to/lc/gw.dispatch.ack]                                      DispatchAck              
2026-09-19 14:10:49.970 --Proactor<s>.process_message  path:0x00000401
2026-09-19 14:10:49.971 ----------------------------------------------------------------------------------------
2026-09-19 14:10:49.971 
2026-09-19 14:10:49.971 ++++++++++++++++++++++++++++++++++++++++++++++++++++++++++++++++++++++++++++++++++++++++
2026-09-19 14:10:49.971 ++Proactor<s>.process_message  [n/fsm.event]
2026-09-19 14:10:49.971   IN  internal     n to zone2-up-failsafe-relay                           <-  [n/to/zone2-up-failsafe-relay/fsm.event]                                          FsmEvent                 
2026-09-19 14:10:49.972   OUT internal     zone2-up-failsafe-relay to lc                          ->  [zone2-up-failsafe-relay/to/lc/gw.dispatch.ack]                                   DispatchAck              
2026-09-19 14:10:49.972 --Proactor<s>.process_message  path:0x00000401
2026-09-19 14:10:49.973 ----------------------------------------------------------------------------------------
2026-09-19 14:10:49.973 
2026-09-19 14:10:49.973 ++++++++++++++++++++++++++++++++++++++++++++++++++++++++++++++++++++++++++++++++++++++++
2026-09-19 14:10:49.973 ++Proactor<s>.process_message  [n/fsm.event]
2026-09-19 14:10:49.973   IN  internal     n to zone2-up-ops-relay                                <-  [n/to/zone2-up-ops-relay/fsm.event]                                               FsmEvent                 
2026-09-19 14:10:49.974   OUT internal     zone2-up-ops-relay to lc                               ->  [zone2-up-ops-relay/to/lc/gw.dispatch.ack]                                        DispatchAck              
2026-09-19 14:10:49.975 --Proactor<s>.process_message  path:0x00000401
2026-09-19 14:10:49.975 ----------------------------------------------------------------------------------------
2026-09-19 14:10:49.975 
2026-09-19 14:10:49.975 ++++++++++++++++++++++++++++++++++++++++++++++++++++++++++++++++++++++++++++++++++++++++
2026-09-19 14:10:49.975 ++Proactor<s>.process_message  [n/fsm.event]
2026-09-19 14:10:49.975   IN  internal     n to hp-failsafe-relay                                 <-  [n/to/hp-failsafe-relay/fsm.event]                                                FsmEvent                 
2026-09-19 14:10:49.976   OUT internal     hp-failsafe-relay to lc                                ->  [hp-failsafe-relay/to/lc/gw.dispatch.ack]                                         DispatchAck              
2026-09-19 14:10:49.976 --Proactor<s>.process_message  path:0x00000401
2026-09-19 14:10:49.977 ----------------------------------------------------------------------------------------
2026-09-19 14:10:49.977 
2026-09-19 14:10:49.977 ++++++++++++++++++++++++++++++++++++++++++++++++++++++++++++++++++++++++++++++++++++++++
2026-09-19 14:10:49.977 ++Proactor<s>.process_message  [n/fsm.event]
2026-09-19 14:10:49.977   IN  internal     n to aquastat-ctrl-relay                               <-  [n/to/aquastat-ctrl-relay/fsm.event]                                              FsmEvent                 
2026-09-19 14:10:49.978   OUT internal     aquastat-ctrl-relay to lc                              ->  [aquastat-ctrl-relay/to/lc/gw.dispatch.ack]                                       DispatchAck              
2026-09-19 14:10:49.978 --Proactor<s>.process_message  path:0x00000401
2026-09-19 14:10:49.978 ----------------------------------------------------------------------------------------
2026-09-19 14:10:49.979 
2026-09-19 14:10:49.979 ++++++++++++++++++++++++++++++++++++++++++++++++++++++++++++++++++++++++++++++++++++++++
2026-09-19 14:10:49.979 ++Proactor<s>.process_message  [n/fsm.event]
2026-09-19 14:10:49.979   IN  internal     n to hp-boss                                           <-  [n/to/hp-boss/fsm.event]                                                          FsmEvent                 
2026-09-19 14:10:49.980 [hp-boss] Got FromHandle='auto.lc.n' ToHandle='auto.lc.n.hp-boss' EventType='turn.hp.on.off' EventName='TurnOff' TriggerId='62dc58cb-45bf-4aef-8539-b6fcd2e13328' SendTimeUnixMs=1789841449931 TypeName='fsm.event' Version='000'
2026-09-19 14:10:49.980   OUT internal     hp-boss to lc                                          ->  [hp-boss/to/lc/gw.dispatch.ack]                                                   DispatchAck              
2026-09-19 14:10:49.981   OUT internal     hp-boss to hp-scada-ops-relay                          ->  [hp-boss/to/hp-scada-ops-relay/fsm.event]                                         FsmEvent                 
2026-09-19 14:10:49.981 [hp-boss] auto.lc.n.hp-boss sending OpenRelay to auto.lc.n.hp-boss.hp-scada-ops-relay
2026-09-19 14:10:49.981   OUT internal     hp-boss to s                                           ->  [hp-boss/to/s/single.machine.state]                                               SingleMachineState       
2026-09-19 14:10:49.982 --Proactor<s>.process_message  path:0x00000401
2026-09-19 14:10:49.982 ----------------------------------------------------------------------------------------
2026-09-19 14:10:49.982 
2026-09-19 14:10:49.982 ++++++++++++++++++++++++++++++++++++++++++++++++++++++++++++++++++++++++++++++++++++++++
2026-09-19 14:10:49.982 ++Proactor<s>.process_message  [i2c-bus/i2c.result]
2026-09-19 14:10:49.983   IN  internal     i2c-bus to dist-010v                                   <-  [i2c-bus/to/dist-010v/i2c.result]                                                 I2cResult                
2026-09-19 14:10:49.983 --Proactor<s>.process_message  path:0x00000401
2026-09-19 14:10:49.983 ----------------------------------------------------------------------------------------
2026-09-19 14:10:49.984 
2026-09-19 14:10:49.984 ++++++++++++++++++++++++++++++++++++++++++++++++++++++++++++++++++++++++++++++++++++++++
2026-09-19 14:10:49.984 ++Proactor<s>.process_message  [i2c-bus/i2c.result]
2026-09-19 14:10:49.984   IN  internal     i2c-bus to primary-010v                                <-  [i2c-bus/to/primary-010v/i2c.result]                                              I2cResult                
2026-09-19 14:10:49.984 --Proactor<s>.process_message  path:0x00000401
2026-09-19 14:10:49.985 ----------------------------------------------------------------------------------------
2026-09-19 14:10:49.985 
2026-09-19 14:10:49.985 ++++++++++++++++++++++++++++++++++++++++++++++++++++++++++++++++++++++++++++++++++++++++
2026-09-19 14:10:49.985 ++Proactor<s>.process_message  [i2c-bus/i2c.result]
2026-09-19 14:10:49.985   IN  internal     i2c-bus to store-010v                                  <-  [i2c-bus/to/store-010v/i2c.result]                                                I2cResult                
2026-09-19 14:10:49.986 --Proactor<s>.process_message  path:0x00000401
2026-09-19 14:10:49.986 ----------------------------------------------------------------------------------------
2026-09-19 14:10:49.986 
2026-09-19 14:10:49.987 ++++++++++++++++++++++++++++++++++++++++++++++++++++++++++++++++++++++++++++++++++++++++
2026-09-19 14:10:49.987 ++Proactor<s>.process_message  [charge-discharge-relay/gw.dispatch.ack]
2026-09-19 14:10:49.987   IN  internal     charge-discharge-relay to lc                           <-  [charge-discharge-relay/to/lc/gw.dispatch.ack]                                    DispatchAck              
2026-09-19 14:10:49.988 --Proactor<s>.process_message  path:0x00000401
2026-09-19 14:10:49.988 ----------------------------------------------------------------------------------------
2026-09-19 14:10:49.988 
2026-09-19 14:10:49.988 ++++++++++++++++++++++++++++++++++++++++++++++++++++++++++++++++++++++++++++++++++++++++
2026-09-19 14:10:49.988 ++Proactor<s>.process_message  [primary-pump-failsafe-relay/gw.dispatch.ack]
2026-09-19 14:10:49.989   IN  internal     primary-pump-failsafe-relay to lc                      <-  [primary-pump-failsafe-relay/to/lc/gw.dispatch.ack]                               DispatchAck              
2026-09-19 14:10:49.989 --Proactor<s>.process_message  path:0x00000401
2026-09-19 14:10:49.989 ----------------------------------------------------------------------------------------
2026-09-19 14:10:49.989 
2026-09-19 14:10:49.990 ++++++++++++++++++++++++++++++++++++++++++++++++++++++++++++++++++++++++++++++++++++++++
2026-09-19 14:10:49.990 ++Proactor<s>.process_message  [primary-pump-scada-ops-relay/gw.dispatch.ack]
2026-09-19 14:10:49.990   IN  internal     primary-pump-scada-ops-relay to lc                     <-  [primary-pump-scada-ops-relay/to/lc/gw.dispatch.ack]                              DispatchAck              
2026-09-19 14:10:49.990 --Proactor<s>.process_message  path:0x00000401
2026-09-19 14:10:49.991 ----------------------------------------------------------------------------------------
2026-09-19 14:10:49.991 
2026-09-19 14:10:49.991 ++++++++++++++++++++++++++++++++++++++++++++++++++++++++++++++++++++++++++++++++++++++++
2026-09-19 14:10:49.991 ++Proactor<s>.process_message  [store-pump-relay/gw.dispatch.ack]
2026-09-19 14:10:49.991   IN  internal     store-pump-relay to lc                                 <-  [store-pump-relay/to/lc/gw.dispatch.ack]                                          DispatchAck              
2026-09-19 14:10:49.992 --Proactor<s>.process_message  path:0x00000401
2026-09-19 14:10:49.992 ----------------------------------------------------------------------------------------
2026-09-19 14:10:49.992 
2026-09-19 14:10:49.992 ++++++++++++++++++++++++++++++++++++++++++++++++++++++++++++++++++++++++++++++++++++++++
2026-09-19 14:10:49.992 ++Proactor<s>.process_message  [tstat-common-relay/gw.dispatch.ack]
2026-09-19 14:10:49.993   IN  internal     tstat-common-relay to lc                               <-  [tstat-common-relay/to/lc/gw.dispatch.ack]                                        DispatchAck              
2026-09-19 14:10:49.994 --Proactor<s>.process_message  path:0x00000401
2026-09-19 14:10:49.995 ----------------------------------------------------------------------------------------
2026-09-19 14:10:49.995 
2026-09-19 14:10:49.995 ++++++++++++++++++++++++++++++++++++++++++++++++++++++++++++++++++++++++++++++++++++++++
2026-09-19 14:10:49.995 ++Proactor<s>.process_message  [zone1-down-failsafe-relay/gw.dispatch.ack]
2026-09-19 14:10:49.995   IN  internal     zone1-down-failsafe-relay to lc                        <-  [zone1-down-failsafe-relay/to/lc/gw.dispatch.ack]                                 DispatchAck              
2026-09-19 14:10:49.996 --Proactor<s>.process_message  path:0x00000401
2026-09-19 14:10:49.996 ----------------------------------------------------------------------------------------
2026-09-19 14:10:49.996 
2026-09-19 14:10:49.996 ++++++++++++++++++++++++++++++++++++++++++++++++++++++++++++++++++++++++++++++++++++++++
2026-09-19 14:10:49.996 ++Proactor<s>.process_message  [zone1-down-ops-relay/gw.dispatch.ack]
2026-09-19 14:10:49.997   IN  internal     zone1-down-ops-relay to lc                             <-  [zone1-down-ops-relay/to/lc/gw.dispatch.ack]                                      DispatchAck              
2026-09-19 14:10:49.997 --Proactor<s>.process_message  path:0x00000401
2026-09-19 14:10:49.997 ----------------------------------------------------------------------------------------
2026-09-19 14:10:49.997 
2026-09-19 14:10:49.998 ++++++++++++++++++++++++++++++++++++++++++++++++++++++++++++++++++++++++++++++++++++++++
2026-09-19 14:10:49.998 ++Proactor<s>.process_message  [zone2-up-failsafe-relay/gw.dispatch.ack]
2026-09-19 14:10:49.998   IN  internal     zone2-up-failsafe-relay to lc                          <-  [zone2-up-failsafe-relay/to/lc/gw.dispatch.ack]                                   DispatchAck              
2026-09-19 14:10:49.998 --Proactor<s>.process_message  path:0x00000401
2026-09-19 14:10:49.999 ----------------------------------------------------------------------------------------
2026-09-19 14:10:49.999 
2026-09-19 14:10:49.999 ++++++++++++++++++++++++++++++++++++++++++++++++++++++++++++++++++++++++++++++++++++++++
2026-09-19 14:10:49.999 ++Proactor<s>.process_message  [zone2-up-ops-relay/gw.dispatch.ack]
2026-09-19 14:10:49.999   IN  internal     zone2-up-ops-relay to lc                               <-  [zone2-up-ops-relay/to/lc/gw.dispatch.ack]                                        DispatchAck              
2026-09-19 14:10:50.000 --Proactor<s>.process_message  path:0x00000401
2026-09-19 14:10:50.000 ----------------------------------------------------------------------------------------
2026-09-19 14:10:50.000 
2026-09-19 14:10:50.000 ++++++++++++++++++++++++++++++++++++++++++++++++++++++++++++++++++++++++++++++++++++++++
2026-09-19 14:10:50.000 ++Proactor<s>.process_message  [hp-failsafe-relay/gw.dispatch.ack]
2026-09-19 14:10:50.000   IN  internal     hp-failsafe-relay to lc                                <-  [hp-failsafe-relay/to/lc/gw.dispatch.ack]                                         DispatchAck              
2026-09-19 14:10:50.001 --Proactor<s>.process_message  path:0x00000401
2026-09-19 14:10:50.001 ----------------------------------------------------------------------------------------
2026-09-19 14:10:50.001 
2026-09-19 14:10:50.001 ++++++++++++++++++++++++++++++++++++++++++++++++++++++++++++++++++++++++++++++++++++++++
2026-09-19 14:10:50.002 ++Proactor<s>.process_message  [aquastat-ctrl-relay/gw.dispatch.ack]
2026-09-19 14:10:50.002   IN  internal     aquastat-ctrl-relay to lc                              <-  [aquastat-ctrl-relay/to/lc/gw.dispatch.ack]                                       DispatchAck              
2026-09-19 14:10:50.002 --Proactor<s>.process_message  path:0x00000401
2026-09-19 14:10:50.002 ----------------------------------------------------------------------------------------
2026-09-19 14:10:50.002 
2026-09-19 14:10:50.003 ++++++++++++++++++++++++++++++++++++++++++++++++++++++++++++++++++++++++++++++++++++++++
2026-09-19 14:10:50.003 ++Proactor<s>.process_message  [hp-boss/gw.dispatch.ack]
2026-09-19 14:10:50.003   IN  internal     hp-boss to lc                                          <-  [hp-boss/to/lc/gw.dispatch.ack]                                                   DispatchAck              
2026-09-19 14:10:50.003 --Proactor<s>.process_message  path:0x00000401
2026-09-19 14:10:50.004 ----------------------------------------------------------------------------------------
2026-09-19 14:10:50.004 
2026-09-19 14:10:50.004 ++++++++++++++++++++++++++++++++++++++++++++++++++++++++++++++++++++++++++++++++++++++++
2026-09-19 14:10:50.004 ++Proactor<s>.process_message  [hp-boss/fsm.event]
2026-09-19 14:10:50.004   IN  internal     hp-boss to hp-scada-ops-relay                          <-  [hp-boss/to/hp-scada-ops-relay/fsm.event]                                         FsmEvent                 
2026-09-19 14:10:50.005   OUT internal     hp-scada-ops-relay to hp-boss                          ->  [hp-scada-ops-relay/to/hp-boss/gw.dispatch.ack]                                   DispatchAck              
2026-09-19 14:10:50.005 --Proactor<s>.process_message  path:0x00000401
2026-09-19 14:10:50.005 ----------------------------------------------------------------------------------------
2026-09-19 14:10:50.006 
2026-09-19 14:10:50.006 ++++++++++++++++++++++++++++++++++++++++++++++++++++++++++++++++++++++++++++++++++++++++
2026-09-19 14:10:50.006 ++Proactor<s>.process_message  [hp-boss/single.machine.state]
2026-09-19 14:10:50.006   IN  internal     hp-boss to s                                           <-  [hp-boss/to/s/single.machine.state]                                               SingleMachineState       
2026-09-19 14:10:50.007 [scada] Sending auto.lc.n.hp-boss state to sieg-loop
2026-09-19 14:10:50.007 [sieg-loop] Just received state HpOff from HpBoss
2026-09-19 14:10:50.007 [sieg-loop] Engaging brain, control state is Blind, hp boss state is HpOff
2026-09-19 14:10:50.008   OUT mqtt         hw1.isone.me.versant.keene.beech.scada to admin        ->  [gw/hw1-isone-me-versant-keene-beech-scada/to/admin/single-machine-state]         SingleMachineState       
2026-09-19 14:10:50.008 --Proactor<s>.process_message  path:0x00000401
2026-09-19 14:10:50.009 ----------------------------------------------------------------------------------------
2026-09-19 14:10:50.009 
2026-09-19 14:10:50.009 ++++++++++++++++++++++++++++++++++++++++++++++++++++++++++++++++++++++++++++++++++++++++
2026-09-19 14:10:50.009 ++Proactor<s>.process_message  [hp-scada-ops-relay/gw.dispatch.ack]
2026-09-19 14:10:50.009   IN  internal     hp-scada-ops-relay to hp-boss                          <-  [hp-scada-ops-relay/to/hp-boss/gw.dispatch.ack]                                   DispatchAck              
2026-09-19 14:10:50.010 [hp-boss] hp-boss received unexpected message: Src='hp-scada-ops-relay' Dst='hp-boss' MessageType='gw.dispatch.ack' MessageId='' AckRequired=False TypeName='gridworks.header' Version='001'
2026-09-19 14:10:50.010 --Proactor<s>.process_message  path:0x00000401
2026-09-19 14:10:50.010 ----------------------------------------------------------------------------------------
2026-09-19 14:10:50.013 [sieg-loop] Task efc8: move to send for 110 seconds
2026-09-19 14:10:50.015 Tasks: 54  [DONE]
	1/54  vdc-relay.join                  done:True   exception: None  <coroutine object Relay.join at 0x7f7e6a2740>
	2/54  tank1.join                      done:True   exception: None  <coroutine object ApiTankModule.join at 0x7f7e6a3f40>
	3/54  charge-discharge-relay-boot-adopt  done:True   exception: None  <coroutine object Relay._boot_adopt at 0x7f7e625b40>
	4/54  hp-boss.join                    done:True   exception: None  <coroutine object HpBoss.join at 0x7f7e6a1fc0>
	5/54  primary-pump-failsafe-relay-boot-adopt  done:True   exception: None  <coroutine object Relay._boot_adopt at 0x7f7e626040>
	6/54  zone1-down-failsafe-relay.join  done:True   exception: None  <coroutine object Relay.join at 0x7f7e6a37c0>
	7/54  zone2-up-failsafe-relay-boot-adopt  done:True   exception: None  <coroutine object Relay._boot_adopt at 0x7f7e626740>
	8/54  store-pump-relay.join           done:True   exception: None  <coroutine object Relay.join at 0x7f7e6a3040>
	9/54  la.join                         done:True   exception: None  <coroutine object LeafAlly.join at 0x7f7e6a1840>
	10/54  primary-btu.join                done:True   exception: None  <coroutine object ApiBtuMeter.join at 0x7f7e6b0880>
	11/54  tstat-common-relay.join         done:True   exception: None  <coroutine object Relay.join at 0x7f7e6a28c0>
	12/54  hp-failsafe-relay-boot-adopt    done:True   exception: None  <coroutine object Relay._boot_adopt at 0x7f7e625c40>
	13/54  tank2.join                      done:True   exception: None  <coroutine object ApiTankModule.join at 0x7f7e6b0100>
	14/54  sieg-loop.join                  done:True   exception: None  <coroutine object SiegLoop.join at 0x7f7e6a2140>
	15/54  primary-pump-scada-ops-relay-boot-adopt  done:True   exception: None  <coroutine object Relay._boot_adopt at 0x7f7e626140>
	16/54  zone1-down-ops-relay.join       done:True   exception: None  <coroutine object Relay.join at 0x7f7e6a3940>
	17/54  zone2-up-ops-relay-boot-adopt   done:True   exception: None  <coroutine object Relay._boot_adopt at 0x7f7e626340>
	18/54  primary-pump-failsafe-relay.join  done:True   exception: None  <coroutine object Relay.join at 0x7f7e6a31c0>
	19/54  five-v-boss.join                done:True   exception: None  <coroutine object FiveVBoss.join at 0x7f7e6a19c0>
	20/54  dist-btu.join                   done:True   exception: None  <coroutine object ApiBtuMeter.join at 0x7f7e6b0a00>
	21/54  charge-discharge-relay.join     done:True   exception: None  <coroutine object Relay.join at 0x7f7e6a2a40>
	22/54  tank3.join                      done:True   exception: None  <coroutine object ApiTankModule.join at 0x7f7e6b0280>
	23/54  hp-scada-ops-relay-boot-adopt   done:True   exception: None  <coroutine object Relay._boot_adopt at 0x7f7e625d40>
	24/54  hp-loop-on-off-relay-boot-adopt  done:True   exception: None  <coroutine object Relay._boot_adopt at 0x7f7e626240>
	25/54  zone2-up-failsafe-relay.join    done:True   exception: None  <coroutine object Relay.join at 0x7f7e6a3ac0>
	26/54  primary-pump-scada-ops-relay.join  done:True   exception: None  <coroutine object Relay.join at 0x7f7e6a3340>
	27/54  pico-cycler.join                done:True   exception: None  <coroutine object PicoCycler.join at 0x7f7e6a1b40>
	28/54  sieg-flow.join                  done:True   exception: None  <coroutine object ApiFlowModule.join at 0x7f7e6b0b80>
	29/54  hp-loop-keep-send-relay-boot-adopt  done:True   exception: None  <coroutine object Relay._boot_adopt at 0x7f7e626440>
	30/54  io_loop_manager.join            done:True   exception: None  <coroutine object IOLoop.join at 0x7f7e6a13c0>
	31/54  hp-failsafe-relay.join          done:True   exception: None  <coroutine object Relay.join at 0x7f7e6a2bc0>
	32/54  dist-010v.join                  done:True   exception: None  <coroutine object ZeroTenOutputer.join at 0x7f7e6b0400>
	33/54  aquastat-ctrl-relay-boot-adopt  done:True   exception: None  <coroutine object Relay._boot_adopt at 0x7f7e625e40>
	34/54  hubitat.join                    done:True   exception: None  <coroutine object Hubitat.join at 0x7f7e6a2440>
	35/54  zone2-up-ops-relay.join         done:True   exception: None  <coroutine object Relay.join at 0x7f7e6a3c40>
	36/54  vdc-relay-boot-adopt            done:True   exception: None  <coroutine object Relay._boot_adopt at 0x7f7e625340>
	37/54  hp-loop-on-off-relay.join       done:True   exception: None  <coroutine object Relay.join at 0x7f7e6a34c0>
	38/54  derived-generator.join          done:True   exception: None  <coroutine object DerivedGenerator.join at 0x7f7e6a1cc0>
	39/54  store-flow.join                 done:True   exception: None  <coroutine object ApiFlowModule.join at 0x7f7e6b0d00>
	40/54  zone1-down-failsafe-relay-boot-adopt  done:True   exception: None  <coroutine object Relay._boot_adopt at 0x7f7e626540>
	41/54  _WebManager.join                done:True   exception: None  <coroutine object _WebManager.join at 0x7f7e6a1540>
	42/54  hp-scada-ops-relay.join         done:True   exception: None  <coroutine object Relay.join at 0x7f7e6a2d40>
	43/54  primary-010v.join               done:True   exception: None  <coroutine object ZeroTenOutputer.join at 0x7f7e6b0580>
	44/54  i2c-bus.join                    done:True   exception: None  <coroutine object I2cBus.join at 0x7f7e6a25c0>
	45/54  buffer.join                     done:True   exception: None  <coroutine object ApiTankModule.join at 0x7f7e6a3dc0>
	46/54  tstat-common-relay-boot-adopt   done:True   exception: None  <coroutine object Relay._boot_adopt at 0x7f7e625a40>
	47/54  store-pump-relay-boot-adopt     done:True   exception: None  <coroutine object Relay._boot_adopt at 0x7f7e625f40>
	48/54  hp-loop-keep-send-relay.join    done:True   exception: None  <coroutine object Relay.join at 0x7f7e6a3640>
	49/54  lc.join                         done:True   exception: None  <coroutine object LocalControl.join at 0x7f7e6a1e40>
	50/54  aquastat-ctrl-relay.join        done:True   exception: None  <coroutine object Relay.join at 0x7f7e6a2ec0>
	51/54  dist2-flow.join                 done:True   exception: None  <coroutine object ApiFlowModule.join at 0x7f7e6b0e80>
	52/54  zone1-down-ops-relay-boot-adopt  done:True   exception: None  <coroutine object Relay._boot_adopt at 0x7f7e626640>
	53/54  s.join                          done:True   exception: None  <coroutine object PrimeActor.join at 0x7f7e6a16c0>
	54/54  store-010v.join                 done:True   exception: None  <coroutine object ZeroTenOutputer.join at 0x7f7e6b0700>

2026-09-19 14:10:50.016 Tasks: 43  [PENDING]
	1/43  report_sender                   done:False   exception: None  <coroutine object Scada.report_sending_task at 0x7f7e693ca0>
	2/43  relay state reporter            done:False   exception: None  <coroutine object Relay.main at 0x7f7e666c50>
	3/43  store-010v-main                 done:False   exception: None  <coroutine object ZeroTenOutputer.main_loop at 0x7f7e693a00>
	4/43  snap_sender                     done:False   exception: None  <coroutine object Scada.snap_sending_task at 0x7f7e693e60>
	5/43  relay state reporter            done:False   exception: None  <coroutine object Relay.main at 0x7f7e6662f0>
	6/43  ApiBtuMeter keepalive           done:False   exception: None  <coroutine object ApiBtuMeter.main at 0x7f7e693d80>
	7/43  relay state reporter            done:False   exception: None  <coroutine object Relay.main at 0x7f7e6667a0>
	8/43  scada top_state_tracker         done:False   exception: None  <coroutine object Scada.state_tracker at 0x7f7e9f3ba0>
	9/43  Derived Generator keepalive     done:False   exception: None  <coroutine object DerivedGenerator.main at 0x7f7e666020>
	10/43  relay state reporter            done:False   exception: None  <coroutine object Relay.main at 0x7f7e666d40>
	11/43  ApiBtuMeter keepalive           done:False   exception: None  <coroutine object ApiBtuMeter.main at 0x7f7e693bc0>
	12/43  startup_announcer               done:False   exception: None  <coroutine object Scada.announce_at_first_broker_link at 0x7f7e786dc0>
	13/43  picocycler keepalive            done:False   exception: None  <coroutine object PicoCycler.main at 0x7f7ea2b760>
	14/43  relay state reporter            done:False   exception: None  <coroutine object Relay.main at 0x7f7e6663e0>
	15/43  ApiFlowModule keepalive         done:False   exception: None  <coroutine object ApiFlowModule.main at 0x7f7e68c7b0>
	16/43  relay state reporter            done:False   exception: None  <coroutine object Relay.main at 0x7f7e666890>
	17/43  watchdog_manager.join           done:False   exception: None  <coroutine object WatchdogManager.join at 0x7f7e6a8120>
	18/43  LocalControl keepalive          done:False   exception: None  <coroutine object StandbyLocalControl.main at 0x7f7e692b20>
	19/43  relay state reporter            done:False   exception: None  <coroutine object Relay.main at 0x7f7e666e30>
	20/43  power-meter.join                done:False   exception: None  <coroutine object SyncThreadActor.join at 0x7f7e6a22c0>
	21/43  ApiFlowModule keepalive         done:False   exception: None  <coroutine object ApiFlowModule.main at 0x7f7e68c260>
	22/43  Sieg Loop Synchronous Report    done:False   exception: None  <coroutine object SiegLoop.main at 0x7f7e68c590>
	23/43  ApiTankModule keepalive         done:False   exception: None  <coroutine object ApiTankModule.main at 0x7f7e692ce0>
	24/43  relay state reporter            done:False   exception: None  <coroutine object Relay.main at 0x7f7e6664d0>
	25/43  ApiFlowModule keepalive         done:False   exception: None  <coroutine object ApiFlowModule.main at 0x7f7e68c370>
	26/43  i2c-bus-heartbeat               done:False   exception: None  <coroutine object I2cBus._heartbeat at 0x7f7e692ea0>
	27/43  ApiTankModule keepalive         done:False   exception: None  <coroutine object ApiTankModule.main at 0x7f7e692dc0>
	28/43  LeafAlly keepalive              done:False   exception: None  <coroutine object AllTanksLeafAlly.main at 0x7f7e5fef80>
	29/43  process_messages                done:False   exception: None  <coroutine object Proactor.process_messages at 0x7f7e9f3a70>
	30/43  relay state reporter            done:False   exception: None  <coroutine object Relay.main at 0x7f7e666a70>
	31/43  relay state reporter            done:False   exception: None  <coroutine object Relay.main at 0x7f7e666980>
	32/43  ApiTankModule keepalive         done:False   exception: None  <coroutine object ApiTankModule.main at 0x7f7e692f80>
	33/43  send_ping<gridworks_mqtt>       done:False   exception: None  <coroutine object LinkManager.send_ping at 0x7f7e626840>
	34/43  relay state reporter            done:False   exception: None  <coroutine object Relay.main at 0x7f7e666110>
	35/43  ApiTankModule keepalive         done:False   exception: None  <coroutine object ApiTankModule.main at 0x7f7e693060>
	36/43  relay state reporter            done:False   exception: None  <coroutine object Relay.main at 0x7f7e6665c0>
	37/43  relay state reporter            done:False   exception: None  <coroutine object Relay.main at 0x7f7e6666b0>
	38/43  send_ping<local_mqtt>           done:False   exception: None  <coroutine object LinkManager.send_ping at 0x7f7e626940>
	39/43  relay state reporter            done:False   exception: None  <coroutine object Relay.main at 0x7f7e666b60>
	40/43  dist-010v-main                  done:False   exception: None  <coroutine object ZeroTenOutputer.main_loop at 0x7f7e693140>
	41/43  send_ping<admin>                done:False   exception: None  <coroutine object LinkManager.send_ping at 0x7f7e626a40>
	42/43  relay state reporter            done:False   exception: None  <coroutine object Relay.main at 0x7f7e666200>
	43/43  primary-010v-main               done:False   exception: None  <coroutine object ZeroTenOutputer.main_loop at 0x7f7e693680>

2026-09-19 14:10:50.016 Tasks: 43  [WAITING FOR]
	1/43  report_sender                   done:False   exception: None  <coroutine object Scada.report_sending_task at 0x7f7e693ca0>
	2/43  relay state reporter            done:False   exception: None  <coroutine object Relay.main at 0x7f7e666c50>
	3/43  store-010v-main                 done:False   exception: None  <coroutine object ZeroTenOutputer.main_loop at 0x7f7e693a00>
	4/43  snap_sender                     done:False   exception: None  <coroutine object Scada.snap_sending_task at 0x7f7e693e60>
	5/43  relay state reporter            done:False   exception: None  <coroutine object Relay.main at 0x7f7e6662f0>
	6/43  ApiBtuMeter keepalive           done:False   exception: None  <coroutine object ApiBtuMeter.main at 0x7f7e693d80>
	7/43  relay state reporter            done:False   exception: None  <coroutine object Relay.main at 0x7f7e6667a0>
	8/43  scada top_state_tracker         done:False   exception: None  <coroutine object Scada.state_tracker at 0x7f7e9f3ba0>
	9/43  Derived Generator keepalive     done:False   exception: None  <coroutine object DerivedGenerator.main at 0x7f7e666020>
	10/43  relay state reporter            done:False   exception: None  <coroutine object Relay.main at 0x7f7e666d40>
	11/43  ApiBtuMeter keepalive           done:False   exception: None  <coroutine object ApiBtuMeter.main at 0x7f7e693bc0>
	12/43  startup_announcer               done:False   exception: None  <coroutine object Scada.announce_at_first_broker_link at 0x7f7e786dc0>
	13/43  picocycler keepalive            done:False   exception: None  <coroutine object PicoCycler.main at 0x7f7ea2b760>
	14/43  relay state reporter            done:False   exception: None  <coroutine object Relay.main at 0x7f7e6663e0>
	15/43  ApiFlowModule keepalive         done:False   exception: None  <coroutine object ApiFlowModule.main at 0x7f7e68c7b0>
	16/43  relay state reporter            done:False   exception: None  <coroutine object Relay.main at 0x7f7e666890>
	17/43  watchdog_manager.join           done:False   exception: None  <coroutine object WatchdogManager.join at 0x7f7e6a8120>
	18/43  LocalControl keepalive          done:False   exception: None  <coroutine object StandbyLocalControl.main at 0x7f7e692b20>
	19/43  relay state reporter            done:False   exception: None  <coroutine object Relay.main at 0x7f7e666e30>
	20/43  power-meter.join                done:False   exception: None  <coroutine object SyncThreadActor.join at 0x7f7e6a22c0>
	21/43  ApiFlowModule keepalive         done:False   exception: None  <coroutine object ApiFlowModule.main at 0x7f7e68c260>
	22/43  Sieg Loop Synchronous Report    done:False   exception: None  <coroutine object SiegLoop.main at 0x7f7e68c590>
	23/43  ApiTankModule keepalive         done:False   exception: None  <coroutine object ApiTankModule.main at 0x7f7e692ce0>
	24/43  relay state reporter            done:False   exception: None  <coroutine object Relay.main at 0x7f7e6664d0>
	25/43  ApiFlowModule keepalive         done:False   exception: None  <coroutine object ApiFlowModule.main at 0x7f7e68c370>
	26/43  i2c-bus-heartbeat               done:False   exception: None  <coroutine object I2cBus._heartbeat at 0x7f7e692ea0>
	27/43  ApiTankModule keepalive         done:False   exception: None  <coroutine object ApiTankModule.main at 0x7f7e692dc0>
	28/43  LeafAlly keepalive              done:False   exception: None  <coroutine object AllTanksLeafAlly.main at 0x7f7e5fef80>
	29/43  process_messages                done:False   exception: None  <coroutine object Proactor.process_messages at 0x7f7e9f3a70>
	30/43  relay state reporter            done:False   exception: None  <coroutine object Relay.main at 0x7f7e666a70>
	31/43  relay state reporter            done:False   exception: None  <coroutine object Relay.main at 0x7f7e666980>
	32/43  ApiTankModule keepalive         done:False   exception: None  <coroutine object ApiTankModule.main at 0x7f7e692f80>
	33/43  send_ping<gridworks_mqtt>       done:False   exception: None  <coroutine object LinkManager.send_ping at 0x7f7e626840>
	34/43  relay state reporter            done:False   exception: None  <coroutine object Relay.main at 0x7f7e666110>
	35/43  ApiTankModule keepalive         done:False   exception: None  <coroutine object ApiTankModule.main at 0x7f7e693060>
	36/43  relay state reporter            done:False   exception: None  <coroutine object Relay.main at 0x7f7e6665c0>
	37/43  relay state reporter            done:False   exception: None  <coroutine object Relay.main at 0x7f7e6666b0>
	38/43  send_ping<local_mqtt>           done:False   exception: None  <coroutine object LinkManager.send_ping at 0x7f7e626940>
	39/43  relay state reporter            done:False   exception: None  <coroutine object Relay.main at 0x7f7e666b60>
	40/43  dist-010v-main                  done:False   exception: None  <coroutine object ZeroTenOutputer.main_loop at 0x7f7e693140>
	41/43  send_ping<admin>                done:False   exception: None  <coroutine object LinkManager.send_ping at 0x7f7e626a40>
	42/43  relay state reporter            done:False   exception: None  <coroutine object Relay.main at 0x7f7e666200>
	43/43  primary-010v-main               done:False   exception: None  <coroutine object ZeroTenOutputer.main_loop at 0x7f7e693680>

2026-09-19 14:10:50.017   OUT internal     sieg-loop to hp-loop-keep-send-relay                   ->  [sieg-loop/to/hp-loop-keep-send-relay/fsm.event]                                  FsmEvent                 
2026-09-19 14:10:50.017 [sieg-loop] auto.lc.n.sieg-loop sending SendMore to HpLoopKeepSend relay auto.lc.n.sieg-loop.hp-loop-keep-send-relay
2026-09-19 14:10:50.018   OUT internal     sieg-loop to hp-loop-on-off-relay                      ->  [sieg-loop/to/hp-loop-on-off-relay/fsm.event]                                     FsmEvent                 
2026-09-19 14:10:50.018 [sieg-loop] auto.lc.n.sieg-loop sending CloseRelay to HpLoopOnOff relay auto.lc.n.sieg-loop.hp-loop-on-off-relay
2026-09-19 14:10:50.019 [sieg-loop] StartKeepingLess: FullyKeep -> KeepingLess
2026-09-19 14:10:50.019 [sieg-loop] keep seconds 100  [efc8]
2026-09-19 14:10:50.020 
2026-09-19 14:10:50.020 ++++++++++++++++++++++++++++++++++++++++++++++++++++++++++++++++++++++++++++++++++++++++
2026-09-19 14:10:50.020 ++Proactor<s>.process_message  [mqtt_clients/mqtt_suback]
2026-09-19 14:10:50.020   IN  internal     mqtt_clients to proactor                               <-  [mqtt_clients/to/proactor/mqtt_suback]                                            MQTTSubackPayload        
2026-09-19 14:10:50.021 ++Proactor<s>._process_mqtt_suback client:local_mqtt
2026-09-19 14:10:50.021 ++LinkManager.process_mqtt_suback client:local_mqtt
2026-09-19 14:10:50.022 local_mqtt:  awaiting_setup_and_peer -- mqtt_suback --> awaiting_peer
2026-09-19 14:10:50.022 ++generate_event gridworks.event.comm.mqtt.fully.subscribed  f: 0  (p: 16)  (pr: 3  r: 0  c: 0)
2026-09-19 14:10:50.023 --generate_event gridworks.event.comm.mqtt.fully.subscribed  f: 0  (p: 17)  (pr: 4  r: 0  c: 0)  problems: (0 0)  path:0x00000043
2026-09-19 14:10:50.024   OUT mqtt         hw1.isone.me.versant.keene.beech.scada to s2           ->  [gw/hw1-isone-me-versant-keene-beech-scada/to/s2/gridworks-ping]                  Ping                      d42ff512...
2026-09-19 14:10:50.025 --LinkManager.process_mqtt_suback:1  path:0x00000007
2026-09-19 14:10:50.025 --Proactor._process_mqtt_suback:1  path:0x00000001
2026-09-19 14:10:50.025 --Proactor<s>.process_message  path:0x00000021
2026-09-19 14:10:50.025 ----------------------------------------------------------------------------------------
2026-09-19 14:10:50.026 
2026-09-19 14:10:50.026 ++++++++++++++++++++++++++++++++++++++++++++++++++++++++++++++++++++++++++++++++++++++++
2026-09-19 14:10:50.026 ++Proactor<s>.process_message  [mqtt_clients/mqtt_suback]
2026-09-19 14:10:50.027   IN  internal     mqtt_clients to proactor                               <-  [mqtt_clients/to/proactor/mqtt_suback]                                            MQTTSubackPayload        
2026-09-19 14:10:50.027 ++Proactor<s>._process_mqtt_suback client:admin
2026-09-19 14:10:50.027 ++LinkManager.process_mqtt_suback client:admin
2026-09-19 14:10:50.027 admin:  awaiting_setup_and_peer -- mqtt_suback --> awaiting_peer
2026-09-19 14:10:50.027 ++generate_event gridworks.event.comm.mqtt.fully.subscribed  f: 0  (p: 17)  (pr: 4  r: 0  c: 0)
2026-09-19 14:10:50.028 --generate_event gridworks.event.comm.mqtt.fully.subscribed  f: 0  (p: 18)  (pr: 5  r: 0  c: 0)  problems: (0 0)  path:0x00000043
2026-09-19 14:10:50.029   OUT mqtt         hw1.isone.me.versant.keene.beech.scada to admin        ->  [gw/hw1-isone-me-versant-keene-beech-scada/to/admin/gridworks-ping]               Ping                      6d2a6d06...
2026-09-19 14:10:50.030 --LinkManager.process_mqtt_suback:1  path:0x00000007
2026-09-19 14:10:50.030 --Proactor._process_mqtt_suback:1  path:0x00000001
2026-09-19 14:10:50.030 --Proactor<s>.process_message  path:0x00000021
2026-09-19 14:10:50.031 ----------------------------------------------------------------------------------------
2026-09-19 14:10:50.031 
2026-09-19 14:10:50.031 ++++++++++++++++++++++++++++++++++++++++++++++++++++++++++++++++++++++++++++++++++++++++
2026-09-19 14:10:50.031 ++Proactor<s>.process_message  [mqtt_clients/mqtt_connected]
2026-09-19 14:10:50.031   IN  internal     mqtt_clients to proactor                               <-  [mqtt_clients/to/proactor/mqtt_connected]                                         MQTTConnectPayload       
2026-09-19 14:10:50.032 gridworks_mqtt:  connecting -- mqtt_connected --> awaiting_setup_and_peer
2026-09-19 14:10:50.032 ++generate_event gridworks.event.comm.mqtt.connect  f: 0  (p: 18)  (pr: 5  r: 0  c: 0)
2026-09-19 14:10:50.033 --generate_event gridworks.event.comm.mqtt.connect  f: 0  (p: 19)  (pr: 6  r: 0  c: 0)  problems: (0 0)  path:0x00000043
2026-09-19 14:10:50.034 --Proactor<s>.process_message  path:0x00000005
2026-09-19 14:10:50.034 ----------------------------------------------------------------------------------------
2026-09-19 14:10:50.035 
2026-09-19 14:10:50.035 ++++++++++++++++++++++++++++++++++++++++++++++++++++++++++++++++++++++++++++++++++++++++
2026-09-19 14:10:50.035 ++Proactor<s>.process_message  [sieg-loop/fsm.event]
2026-09-19 14:10:50.035   IN  internal     sieg-loop to hp-loop-keep-send-relay                   <-  [sieg-loop/to/hp-loop-keep-send-relay/fsm.event]                                  FsmEvent                 
2026-09-19 14:10:50.036   OUT internal     hp-loop-keep-send-relay to sieg-loop                   ->  [hp-loop-keep-send-relay/to/sieg-loop/gw.dispatch.ack]                            DispatchAck              
2026-09-19 14:10:50.037 --Proactor<s>.process_message  path:0x00000401
2026-09-19 14:10:50.037 ----------------------------------------------------------------------------------------
2026-09-19 14:10:50.037 
2026-09-19 14:10:50.038 ++++++++++++++++++++++++++++++++++++++++++++++++++++++++++++++++++++++++++++++++++++++++
2026-09-19 14:10:50.038 ++Proactor<s>.process_message  [sieg-loop/fsm.event]
2026-09-19 14:10:50.038   IN  internal     sieg-loop to hp-loop-on-off-relay                      <-  [sieg-loop/to/hp-loop-on-off-relay/fsm.event]                                     FsmEvent                 
2026-09-19 14:10:50.039   OUT internal     hp-loop-on-off-relay to sieg-loop                      ->  [hp-loop-on-off-relay/to/sieg-loop/gw.dispatch.ack]                               DispatchAck              
2026-09-19 14:10:50.039 --Proactor<s>.process_message  path:0x00000401
2026-09-19 14:10:50.040 ----------------------------------------------------------------------------------------
2026-09-19 14:10:50.040 
2026-09-19 14:10:50.040 ++++++++++++++++++++++++++++++++++++++++++++++++++++++++++++++++++++++++++++++++++++++++
2026-09-19 14:10:50.040 ++Proactor<s>.process_message  [hp-loop-keep-send-relay/gw.dispatch.ack]
2026-09-19 14:10:50.040   IN  internal     hp-loop-keep-send-relay to sieg-loop                   <-  [hp-loop-keep-send-relay/to/sieg-loop/gw.dispatch.ack]                            DispatchAck              
2026-09-19 14:10:50.041 [sieg-loop] sieg-loop received unexpected message: Src='hp-loop-keep-send-relay' Dst='sieg-loop' MessageType='gw.dispatch.ack' MessageId='' AckRequired=False TypeName='gridworks.header' Version='001'
2026-09-19 14:10:50.042 --Proactor<s>.process_message  path:0x00000401
2026-09-19 14:10:50.042 ----------------------------------------------------------------------------------------
2026-09-19 14:10:50.042 
2026-09-19 14:10:50.042 ++++++++++++++++++++++++++++++++++++++++++++++++++++++++++++++++++++++++++++++++++++++++
2026-09-19 14:10:50.042 ++Proactor<s>.process_message  [hp-loop-on-off-relay/gw.dispatch.ack]
2026-09-19 14:10:50.045   IN  internal     hp-loop-on-off-relay to sieg-loop                      <-  [hp-loop-on-off-relay/to/sieg-loop/gw.dispatch.ack]                               DispatchAck              
2026-09-19 14:10:50.046 [sieg-loop] sieg-loop received unexpected message: Src='hp-loop-on-off-relay' Dst='sieg-loop' MessageType='gw.dispatch.ack' MessageId='' AckRequired=False TypeName='gridworks.header' Version='001'
2026-09-19 14:10:50.046 --Proactor<s>.process_message  path:0x00000401
2026-09-19 14:10:50.046 ----------------------------------------------------------------------------------------
2026-09-19 14:10:50.046 [dist-010v] dist-010v: output range set to 0-10 V
2026-09-19 14:10:50.047   OUT internal     dist-010v to i2c-bus                                   ->  [dist-010v/to/i2c-bus/i2c.write.reg]                                              I2cWriteReg              
2026-09-19 14:10:50.048 [primary-010v] primary-010v: output range set to 0-10 V
2026-09-19 14:10:50.049   OUT internal     primary-010v to i2c-bus                                ->  [primary-010v/to/i2c-bus/i2c.write.reg]                                           I2cWriteReg              
2026-09-19 14:10:50.049 [store-010v] store-010v: output range set to 0-10 V
2026-09-19 14:10:50.050   OUT internal     store-010v to i2c-bus                                  ->  [store-010v/to/i2c-bus/i2c.write.reg]                                             I2cWriteReg              
2026-09-19 14:10:50.050 
2026-09-19 14:10:50.051 ++++++++++++++++++++++++++++++++++++++++++++++++++++++++++++++++++++++++++++++++++++++++
2026-09-19 14:10:50.051 ++Proactor<s>.process_message  [dist-010v/i2c.write.reg]
2026-09-19 14:10:50.051   IN  internal     dist-010v to i2c-bus                                   <-  [dist-010v/to/i2c-bus/i2c.write.reg]                                              I2cWriteReg              
2026-09-19 14:10:50.052   OUT internal     i2c-bus to dist-010v                                   ->  [i2c-bus/to/dist-010v/i2c.result]                                                 I2cResult                
2026-09-19 14:10:50.053 --Proactor<s>.process_message  path:0x00000401
2026-09-19 14:10:50.053 ----------------------------------------------------------------------------------------
2026-09-19 14:10:50.053 
2026-09-19 14:10:50.053 ++++++++++++++++++++++++++++++++++++++++++++++++++++++++++++++++++++++++++++++++++++++++
2026-09-19 14:10:50.053 ++Proactor<s>.process_message  [primary-010v/i2c.write.reg]
2026-09-19 14:10:50.053   IN  internal     primary-010v to i2c-bus                                <-  [primary-010v/to/i2c-bus/i2c.write.reg]                                           I2cWriteReg              
2026-09-19 14:10:50.055   OUT internal     i2c-bus to primary-010v                                ->  [i2c-bus/to/primary-010v/i2c.result]                                              I2cResult                
2026-09-19 14:10:50.055 --Proactor<s>.process_message  path:0x00000401
2026-09-19 14:10:50.055 ----------------------------------------------------------------------------------------
2026-09-19 14:10:50.055 
2026-09-19 14:10:50.055 ++++++++++++++++++++++++++++++++++++++++++++++++++++++++++++++++++++++++++++++++++++++++
2026-09-19 14:10:50.056 ++Proactor<s>.process_message  [store-010v/i2c.write.reg]
2026-09-19 14:10:50.056   IN  internal     store-010v to i2c-bus                                  <-  [store-010v/to/i2c-bus/i2c.write.reg]                                             I2cWriteReg              
2026-09-19 14:10:50.057   OUT internal     i2c-bus to store-010v                                  ->  [i2c-bus/to/store-010v/i2c.result]                                                I2cResult                
2026-09-19 14:10:50.057 --Proactor<s>.process_message  path:0x00000401
2026-09-19 14:10:50.058 ----------------------------------------------------------------------------------------
2026-09-19 14:10:50.058 
2026-09-19 14:10:50.058 ++++++++++++++++++++++++++++++++++++++++++++++++++++++++++++++++++++++++++++++++++++++++
2026-09-19 14:10:50.058 ++Proactor<s>.process_message  [power-meter/power.watts]
2026-09-19 14:10:50.058   IN  internal     power-meter to s                                       <-  [power-meter/to/s/power.watts]                                                    PowerWatts               
2026-09-19 14:10:50.059   OUT mqtt         hw1.isone.me.versant.keene.beech.scada to ltn          ->  [gw/hw1-isone-me-versant-keene-beech-scada/to/ltn/power-watts]                    PowerWatts               
2026-09-19 14:10:50.060 --Proactor<s>.process_message  path:0x00000401
2026-09-19 14:10:50.060 ----------------------------------------------------------------------------------------
2026-09-19 14:10:50.060 
2026-09-19 14:10:50.060 ++++++++++++++++++++++++++++++++++++++++++++++++++++++++++++++++++++++++++++++++++++++++
2026-09-19 14:10:50.061 ++Proactor<s>.process_message  [power-meter/synced.readings]
2026-09-19 14:10:50.061   IN  internal     power-meter to s                                       <-  [power-meter/to/s/synced.readings]                                                SyncedReadings           
2026-09-19 14:10:50.061 ++process_synced_readingsfrom: power-meter  channels: 8
2026-09-19 14:10:50.062 --Proactor<s>.process_message  path:0x00000401
2026-09-19 14:10:50.062 ----------------------------------------------------------------------------------------
2026-09-19 14:10:50.062 
2026-09-19 14:10:50.062 ++++++++++++++++++++++++++++++++++++++++++++++++++++++++++++++++++++++++++++++++++++++++
2026-09-19 14:10:50.062 ++Proactor<s>.process_message  [i2c-bus/i2c.result]
2026-09-19 14:10:50.062   IN  internal     i2c-bus to dist-010v                                   <-  [i2c-bus/to/dist-010v/i2c.result]                                                 I2cResult                
2026-09-19 14:10:50.063 --Proactor<s>.process_message  path:0x00000401
2026-09-19 14:10:50.063 ----------------------------------------------------------------------------------------
2026-09-19 14:10:50.063 
2026-09-19 14:10:50.063 ++++++++++++++++++++++++++++++++++++++++++++++++++++++++++++++++++++++++++++++++++++++++
2026-09-19 14:10:50.064 ++Proactor<s>.process_message  [i2c-bus/i2c.result]
2026-09-19 14:10:50.064   IN  internal     i2c-bus to primary-010v                                <-  [i2c-bus/to/primary-010v/i2c.result]                                              I2cResult                
2026-09-19 14:10:50.064 --Proactor<s>.process_message  path:0x00000401
2026-09-19 14:10:50.064 ----------------------------------------------------------------------------------------
2026-09-19 14:10:50.065 
2026-09-19 14:10:50.065 ++++++++++++++++++++++++++++++++++++++++++++++++++++++++++++++++++++++++++++++++++++++++
2026-09-19 14:10:50.065 ++Proactor<s>.process_message  [i2c-bus/i2c.result]
2026-09-19 14:10:50.065   IN  internal     i2c-bus to store-010v                                  <-  [i2c-bus/to/store-010v/i2c.result]                                                I2cResult                
2026-09-19 14:10:50.066 --Proactor<s>.process_message  path:0x00000401
2026-09-19 14:10:50.066 ----------------------------------------------------------------------------------------
2026-09-19 14:10:50.067   OUT internal     charge-discharge-relay to i2c-bus                      ->  [charge-discharge-relay/to/i2c-bus/i2c.write.bit]                                 I2cWriteBit              
2026-09-19 14:10:50.068   OUT internal     primary-pump-failsafe-relay to i2c-bus                 ->  [primary-pump-failsafe-relay/to/i2c-bus/i2c.write.bit]                            I2cWriteBit              
2026-09-19 14:10:50.069   OUT internal     primary-pump-scada-ops-relay to i2c-bus                ->  [primary-pump-scada-ops-relay/to/i2c-bus/i2c.write.bit]                           I2cWriteBit              
2026-09-19 14:10:50.069   OUT internal     store-pump-relay to i2c-bus                            ->  [store-pump-relay/to/i2c-bus/i2c.write.bit]                                       I2cWriteBit              
2026-09-19 14:10:50.070   OUT internal     tstat-common-relay to i2c-bus                          ->  [tstat-common-relay/to/i2c-bus/i2c.write.bit]                                     I2cWriteBit              
2026-09-19 14:10:50.071   OUT internal     zone1-down-failsafe-relay to i2c-bus                   ->  [zone1-down-failsafe-relay/to/i2c-bus/i2c.write.bit]                              I2cWriteBit              
2026-09-19 14:10:50.072   OUT internal     zone1-down-ops-relay to i2c-bus                        ->  [zone1-down-ops-relay/to/i2c-bus/i2c.write.bit]                                   I2cWriteBit              
2026-09-19 14:10:50.072   OUT internal     zone2-up-failsafe-relay to i2c-bus                     ->  [zone2-up-failsafe-relay/to/i2c-bus/i2c.write.bit]                                I2cWriteBit              
2026-09-19 14:10:50.073   OUT internal     zone2-up-ops-relay to i2c-bus                          ->  [zone2-up-ops-relay/to/i2c-bus/i2c.write.bit]                                     I2cWriteBit              
2026-09-19 14:10:50.073   OUT internal     hp-failsafe-relay to i2c-bus                           ->  [hp-failsafe-relay/to/i2c-bus/i2c.write.bit]                                      I2cWriteBit              
2026-09-19 14:10:50.074   OUT internal     aquastat-ctrl-relay to i2c-bus                         ->  [aquastat-ctrl-relay/to/i2c-bus/i2c.write.bit]                                    I2cWriteBit              
2026-09-19 14:10:50.075   OUT internal     hp-scada-ops-relay to i2c-bus                          ->  [hp-scada-ops-relay/to/i2c-bus/i2c.write.bit]                                     I2cWriteBit              
2026-09-19 14:10:50.075 
2026-09-19 14:10:50.075 ++++++++++++++++++++++++++++++++++++++++++++++++++++++++++++++++++++++++++++++++++++++++
2026-09-19 14:10:50.075 ++Proactor<s>.process_message  [charge-discharge-relay/i2c.write.bit]
2026-09-19 14:10:50.076   IN  internal     charge-discharge-relay to i2c-bus                      <-  [charge-discharge-relay/to/i2c-bus/i2c.write.bit]                                 I2cWriteBit              
2026-09-19 14:10:50.078   OUT internal     i2c-bus to charge-discharge-relay                      ->  [i2c-bus/to/charge-discharge-relay/i2c.result]                                    I2cResult                
2026-09-19 14:10:50.078 --Proactor<s>.process_message  path:0x00000401
2026-09-19 14:10:50.078 ----------------------------------------------------------------------------------------
2026-09-19 14:10:50.078 
2026-09-19 14:10:50.078 ++++++++++++++++++++++++++++++++++++++++++++++++++++++++++++++++++++++++++++++++++++++++
2026-09-19 14:10:50.079 ++Proactor<s>.process_message  [primary-pump-failsafe-relay/i2c.write.bit]
2026-09-19 14:10:50.079   IN  internal     primary-pump-failsafe-relay to i2c-bus                 <-  [primary-pump-failsafe-relay/to/i2c-bus/i2c.write.bit]                            I2cWriteBit              
2026-09-19 14:10:50.080   OUT internal     i2c-bus to primary-pump-failsafe-relay                 ->  [i2c-bus/to/primary-pump-failsafe-relay/i2c.result]                               I2cResult                
2026-09-19 14:10:50.081 --Proactor<s>.process_message  path:0x00000401
2026-09-19 14:10:50.081 ----------------------------------------------------------------------------------------
2026-09-19 14:10:50.082 
2026-09-19 14:10:50.082 ++++++++++++++++++++++++++++++++++++++++++++++++++++++++++++++++++++++++++++++++++++++++
2026-09-19 14:10:50.082 ++Proactor<s>.process_message  [primary-pump-scada-ops-relay/i2c.write.bit]
2026-09-19 14:10:50.082   IN  internal     primary-pump-scada-ops-relay to i2c-bus                <-  [primary-pump-scada-ops-relay/to/i2c-bus/i2c.write.bit]                           I2cWriteBit              
2026-09-19 14:10:50.084   OUT internal     i2c-bus to primary-pump-scada-ops-relay                ->  [i2c-bus/to/primary-pump-scada-ops-relay/i2c.result]                              I2cResult                
2026-09-19 14:10:50.084 --Proactor<s>.process_message  path:0x00000401
2026-09-19 14:10:50.084 ----------------------------------------------------------------------------------------
2026-09-19 14:10:50.084 
2026-09-19 14:10:50.084 ++++++++++++++++++++++++++++++++++++++++++++++++++++++++++++++++++++++++++++++++++++++++
2026-09-19 14:10:50.085 ++Proactor<s>.process_message  [store-pump-relay/i2c.write.bit]
2026-09-19 14:10:50.085   IN  internal     store-pump-relay to i2c-bus                            <-  [store-pump-relay/to/i2c-bus/i2c.write.bit]                                       I2cWriteBit              
2026-09-19 14:10:50.086   OUT internal     i2c-bus to store-pump-relay                            ->  [i2c-bus/to/store-pump-relay/i2c.result]                                          I2cResult                
2026-09-19 14:10:50.087 --Proactor<s>.process_message  path:0x00000401
2026-09-19 14:10:50.087 ----------------------------------------------------------------------------------------
2026-09-19 14:10:50.087 
2026-09-19 14:10:50.087 ++++++++++++++++++++++++++++++++++++++++++++++++++++++++++++++++++++++++++++++++++++++++
2026-09-19 14:10:50.087 ++Proactor<s>.process_message  [tstat-common-relay/i2c.write.bit]
2026-09-19 14:10:50.088   IN  internal     tstat-common-relay to i2c-bus                          <-  [tstat-common-relay/to/i2c-bus/i2c.write.bit]                                     I2cWriteBit              
2026-09-19 14:10:50.089   OUT internal     i2c-bus to tstat-common-relay                          ->  [i2c-bus/to/tstat-common-relay/i2c.result]                                        I2cResult                
2026-09-19 14:10:50.089 --Proactor<s>.process_message  path:0x00000401
2026-09-19 14:10:50.090 ----------------------------------------------------------------------------------------
2026-09-19 14:10:50.090 
2026-09-19 14:10:50.090 ++++++++++++++++++++++++++++++++++++++++++++++++++++++++++++++++++++++++++++++++++++++++
2026-09-19 14:10:50.090 ++Proactor<s>.process_message  [zone1-down-failsafe-relay/i2c.write.bit]
2026-09-19 14:10:50.090   IN  internal     zone1-down-failsafe-relay to i2c-bus                   <-  [zone1-down-failsafe-relay/to/i2c-bus/i2c.write.bit]                              I2cWriteBit              
2026-09-19 14:10:50.092   OUT internal     i2c-bus to zone1-down-failsafe-relay                   ->  [i2c-bus/to/zone1-down-failsafe-relay/i2c.result]                                 I2cResult                
2026-09-19 14:10:50.092 --Proactor<s>.process_message  path:0x00000401
2026-09-19 14:10:50.092 ----------------------------------------------------------------------------------------
2026-09-19 14:10:50.092 
2026-09-19 14:10:50.092 ++++++++++++++++++++++++++++++++++++++++++++++++++++++++++++++++++++++++++++++++++++++++
2026-09-19 14:10:50.093 ++Proactor<s>.process_message  [zone1-down-ops-relay/i2c.write.bit]
2026-09-19 14:10:50.093   IN  internal     zone1-down-ops-relay to i2c-bus                        <-  [zone1-down-ops-relay/to/i2c-bus/i2c.write.bit]                                   I2cWriteBit              
2026-09-19 14:10:50.094   OUT internal     i2c-bus to zone1-down-ops-relay                        ->  [i2c-bus/to/zone1-down-ops-relay/i2c.result]                                      I2cResult                
2026-09-19 14:10:50.095 --Proactor<s>.process_message  path:0x00000401
2026-09-19 14:10:50.095 ----------------------------------------------------------------------------------------
2026-09-19 14:10:50.095 
2026-09-19 14:10:50.095 ++++++++++++++++++++++++++++++++++++++++++++++++++++++++++++++++++++++++++++++++++++++++
2026-09-19 14:10:50.095 ++Proactor<s>.process_message  [zone2-up-failsafe-relay/i2c.write.bit]
2026-09-19 14:10:50.095   IN  internal     zone2-up-failsafe-relay to i2c-bus                     <-  [zone2-up-failsafe-relay/to/i2c-bus/i2c.write.bit]                                I2cWriteBit              
2026-09-19 14:10:50.097   OUT internal     i2c-bus to zone2-up-failsafe-relay                     ->  [i2c-bus/to/zone2-up-failsafe-relay/i2c.result]                                   I2cResult                
2026-09-19 14:10:50.097 --Proactor<s>.process_message  path:0x00000401
2026-09-19 14:10:50.097 ----------------------------------------------------------------------------------------
2026-09-19 14:10:50.098 
2026-09-19 14:10:50.098 ++++++++++++++++++++++++++++++++++++++++++++++++++++++++++++++++++++++++++++++++++++++++
2026-09-19 14:10:50.098 ++Proactor<s>.process_message  [zone2-up-ops-relay/i2c.write.bit]
2026-09-19 14:10:50.098   IN  internal     zone2-up-ops-relay to i2c-bus                          <-  [zone2-up-ops-relay/to/i2c-bus/i2c.write.bit]                                     I2cWriteBit              
2026-09-19 14:10:50.100   OUT internal     i2c-bus to zone2-up-ops-relay                          ->  [i2c-bus/to/zone2-up-ops-relay/i2c.result]                                        I2cResult                
2026-09-19 14:10:50.100 --Proactor<s>.process_message  path:0x00000401
2026-09-19 14:10:50.100 ----------------------------------------------------------------------------------------
2026-09-19 14:10:50.100 
2026-09-19 14:10:50.100 ++++++++++++++++++++++++++++++++++++++++++++++++++++++++++++++++++++++++++++++++++++++++
2026-09-19 14:10:50.100 ++Proactor<s>.process_message  [hp-failsafe-relay/i2c.write.bit]
2026-09-19 14:10:50.101   IN  internal     hp-failsafe-relay to i2c-bus                           <-  [hp-failsafe-relay/to/i2c-bus/i2c.write.bit]                                      I2cWriteBit              
2026-09-19 14:10:50.102   OUT internal     i2c-bus to hp-failsafe-relay                           ->  [i2c-bus/to/hp-failsafe-relay/i2c.result]                                         I2cResult                
2026-09-19 14:10:50.102 --Proactor<s>.process_message  path:0x00000401
2026-09-19 14:10:50.103 ----------------------------------------------------------------------------------------
2026-09-19 14:10:50.103 
2026-09-19 14:10:50.103 ++++++++++++++++++++++++++++++++++++++++++++++++++++++++++++++++++++++++++++++++++++++++
2026-09-19 14:10:50.103 ++Proactor<s>.process_message  [aquastat-ctrl-relay/i2c.write.bit]
2026-09-19 14:10:50.103   IN  internal     aquastat-ctrl-relay to i2c-bus                         <-  [aquastat-ctrl-relay/to/i2c-bus/i2c.write.bit]                                    I2cWriteBit              
2026-09-19 14:10:50.105   OUT internal     i2c-bus to aquastat-ctrl-relay                         ->  [i2c-bus/to/aquastat-ctrl-relay/i2c.result]                                       I2cResult                
2026-09-19 14:10:50.105 --Proactor<s>.process_message  path:0x00000401
2026-09-19 14:10:50.105 ----------------------------------------------------------------------------------------
2026-09-19 14:10:50.105 
2026-09-19 14:10:50.106 ++++++++++++++++++++++++++++++++++++++++++++++++++++++++++++++++++++++++++++++++++++++++
2026-09-19 14:10:50.106 ++Proactor<s>.process_message  [hp-scada-ops-relay/i2c.write.bit]
2026-09-19 14:10:50.106   IN  internal     hp-scada-ops-relay to i2c-bus                          <-  [hp-scada-ops-relay/to/i2c-bus/i2c.write.bit]                                     I2cWriteBit              
2026-09-19 14:10:50.107   OUT internal     i2c-bus to hp-scada-ops-relay                          ->  [i2c-bus/to/hp-scada-ops-relay/i2c.result]                                        I2cResult                
2026-09-19 14:10:50.108 --Proactor<s>.process_message  path:0x00000401
2026-09-19 14:10:50.108 ----------------------------------------------------------------------------------------
2026-09-19 14:10:50.109 
2026-09-19 14:10:50.110 ++++++++++++++++++++++++++++++++++++++++++++++++++++++++++++++++++++++++++++++++++++++++
2026-09-19 14:10:50.110 ++Proactor<s>.process_message  [i2c-bus/i2c.result]
2026-09-19 14:10:50.110   IN  internal     i2c-bus to charge-discharge-relay                      <-  [i2c-bus/to/charge-discharge-relay/i2c.result]                                    I2cResult                
2026-09-19 14:10:50.111 --Proactor<s>.process_message  path:0x00000401
2026-09-19 14:10:50.111 ----------------------------------------------------------------------------------------
2026-09-19 14:10:50.111 
2026-09-19 14:10:50.111 ++++++++++++++++++++++++++++++++++++++++++++++++++++++++++++++++++++++++++++++++++++++++
2026-09-19 14:10:50.111 ++Proactor<s>.process_message  [i2c-bus/i2c.result]
2026-09-19 14:10:50.112   IN  internal     i2c-bus to primary-pump-failsafe-relay                 <-  [i2c-bus/to/primary-pump-failsafe-relay/i2c.result]                               I2cResult                
2026-09-19 14:10:50.112 --Proactor<s>.process_message  path:0x00000401
2026-09-19 14:10:50.112 ----------------------------------------------------------------------------------------
2026-09-19 14:10:50.112 
2026-09-19 14:10:50.113 ++++++++++++++++++++++++++++++++++++++++++++++++++++++++++++++++++++++++++++++++++++++++
2026-09-19 14:10:50.113 ++Proactor<s>.process_message  [i2c-bus/i2c.result]
2026-09-19 14:10:50.113   IN  internal     i2c-bus to primary-pump-scada-ops-relay                <-  [i2c-bus/to/primary-pump-scada-ops-relay/i2c.result]                              I2cResult                
2026-09-19 14:10:50.113 --Proactor<s>.process_message  path:0x00000401
2026-09-19 14:10:50.114 ----------------------------------------------------------------------------------------
2026-09-19 14:10:50.114 
2026-09-19 14:10:50.114 ++++++++++++++++++++++++++++++++++++++++++++++++++++++++++++++++++++++++++++++++++++++++
2026-09-19 14:10:50.114 ++Proactor<s>.process_message  [i2c-bus/i2c.result]
2026-09-19 14:10:50.114   IN  internal     i2c-bus to store-pump-relay                            <-  [i2c-bus/to/store-pump-relay/i2c.result]                                          I2cResult                
2026-09-19 14:10:50.115 --Proactor<s>.process_message  path:0x00000401
2026-09-19 14:10:50.115 ----------------------------------------------------------------------------------------
2026-09-19 14:10:50.115 
2026-09-19 14:10:50.115 ++++++++++++++++++++++++++++++++++++++++++++++++++++++++++++++++++++++++++++++++++++++++
2026-09-19 14:10:50.115 ++Proactor<s>.process_message  [i2c-bus/i2c.result]
2026-09-19 14:10:50.115   IN  internal     i2c-bus to tstat-common-relay                          <-  [i2c-bus/to/tstat-common-relay/i2c.result]                                        I2cResult                
2026-09-19 14:10:50.116 --Proactor<s>.process_message  path:0x00000401
2026-09-19 14:10:50.116 ----------------------------------------------------------------------------------------
2026-09-19 14:10:50.116 
2026-09-19 14:10:50.116 ++++++++++++++++++++++++++++++++++++++++++++++++++++++++++++++++++++++++++++++++++++++++
2026-09-19 14:10:50.117 ++Proactor<s>.process_message  [i2c-bus/i2c.result]
2026-09-19 14:10:50.117   IN  internal     i2c-bus to zone1-down-failsafe-relay                   <-  [i2c-bus/to/zone1-down-failsafe-relay/i2c.result]                                 I2cResult                
2026-09-19 14:10:50.117 --Proactor<s>.process_message  path:0x00000401
2026-09-19 14:10:50.117 ----------------------------------------------------------------------------------------
2026-09-19 14:10:50.118 
2026-09-19 14:10:50.118 ++++++++++++++++++++++++++++++++++++++++++++++++++++++++++++++++++++++++++++++++++++++++
2026-09-19 14:10:50.118 ++Proactor<s>.process_message  [i2c-bus/i2c.result]
2026-09-19 14:10:50.118   IN  internal     i2c-bus to zone1-down-ops-relay                        <-  [i2c-bus/to/zone1-down-ops-relay/i2c.result]                                      I2cResult                
2026-09-19 14:10:50.118 --Proactor<s>.process_message  path:0x00000401
2026-09-19 14:10:50.119 ----------------------------------------------------------------------------------------
2026-09-19 14:10:50.119 
2026-09-19 14:10:50.119 ++++++++++++++++++++++++++++++++++++++++++++++++++++++++++++++++++++++++++++++++++++++++
2026-09-19 14:10:50.119 ++Proactor<s>.process_message  [i2c-bus/i2c.result]
2026-09-19 14:10:50.119   IN  internal     i2c-bus to zone2-up-failsafe-relay                     <-  [i2c-bus/to/zone2-up-failsafe-relay/i2c.result]                                   I2cResult                
2026-09-19 14:10:50.120 --Proactor<s>.process_message  path:0x00000401
2026-09-19 14:10:50.120 ----------------------------------------------------------------------------------------
2026-09-19 14:10:50.120 
2026-09-19 14:10:50.120 ++++++++++++++++++++++++++++++++++++++++++++++++++++++++++++++++++++++++++++++++++++++++
2026-09-19 14:10:50.120 ++Proactor<s>.process_message  [i2c-bus/i2c.result]
2026-09-19 14:10:50.121   IN  internal     i2c-bus to zone2-up-ops-relay                          <-  [i2c-bus/to/zone2-up-ops-relay/i2c.result]                                        I2cResult                
2026-09-19 14:10:50.121 --Proactor<s>.process_message  path:0x00000401
2026-09-19 14:10:50.121 ----------------------------------------------------------------------------------------
2026-09-19 14:10:50.121 
2026-09-19 14:10:50.121 ++++++++++++++++++++++++++++++++++++++++++++++++++++++++++++++++++++++++++++++++++++++++
2026-09-19 14:10:50.122 ++Proactor<s>.process_message  [i2c-bus/i2c.result]
2026-09-19 14:10:50.122   IN  internal     i2c-bus to hp-failsafe-relay                           <-  [i2c-bus/to/hp-failsafe-relay/i2c.result]                                         I2cResult                
2026-09-19 14:10:50.122 --Proactor<s>.process_message  path:0x00000401
2026-09-19 14:10:50.122 ----------------------------------------------------------------------------------------
2026-09-19 14:10:50.123 
2026-09-19 14:10:50.123 ++++++++++++++++++++++++++++++++++++++++++++++++++++++++++++++++++++++++++++++++++++++++
2026-09-19 14:10:50.123 ++Proactor<s>.process_message  [i2c-bus/i2c.result]
2026-09-19 14:10:50.123   IN  internal     i2c-bus to aquastat-ctrl-relay                         <-  [i2c-bus/to/aquastat-ctrl-relay/i2c.result]                                       I2cResult                
2026-09-19 14:10:50.124 --Proactor<s>.process_message  path:0x00000401
2026-09-19 14:10:50.124 ----------------------------------------------------------------------------------------
2026-09-19 14:10:50.124 
2026-09-19 14:10:50.124 ++++++++++++++++++++++++++++++++++++++++++++++++++++++++++++++++++++++++++++++++++++++++
2026-09-19 14:10:50.124 ++Proactor<s>.process_message  [i2c-bus/i2c.result]
2026-09-19 14:10:50.124   IN  internal     i2c-bus to hp-scada-ops-relay                          <-  [i2c-bus/to/hp-scada-ops-relay/i2c.result]                                        I2cResult                
2026-09-19 14:10:50.125 --Proactor<s>.process_message  path:0x00000401
2026-09-19 14:10:50.125 ----------------------------------------------------------------------------------------
2026-09-19 14:10:50.129   OUT internal     dist-010v to s                                         ->  [dist-010v/to/s/single.reading]                                                   SingleReading            
2026-09-19 14:10:50.130   OUT internal     primary-010v to s                                      ->  [primary-010v/to/s/single.reading]                                                SingleReading            
2026-09-19 14:10:50.131   OUT internal     store-010v to s                                        ->  [store-010v/to/s/single.reading]                                                  SingleReading            
2026-09-19 14:10:50.132   OUT internal     hp-loop-keep-send-relay to i2c-bus                     ->  [hp-loop-keep-send-relay/to/i2c-bus/i2c.write.bit]                                I2cWriteBit              
2026-09-19 14:10:50.132   OUT internal     hp-loop-on-off-relay to i2c-bus                        ->  [hp-loop-on-off-relay/to/i2c-bus/i2c.write.bit]                                   I2cWriteBit              
2026-09-19 14:10:50.133 
2026-09-19 14:10:50.133 ++++++++++++++++++++++++++++++++++++++++++++++++++++++++++++++++++++++++++++++++++++++++
2026-09-19 14:10:50.133 ++Proactor<s>.process_message  [dist-010v/single.reading]
2026-09-19 14:10:50.133   IN  internal     dist-010v to s                                         <-  [dist-010v/to/s/single.reading]                                                   SingleReading            
2026-09-19 14:10:50.134   OUT mqtt         hw1.isone.me.versant.keene.beech.scada to admin        ->  [gw/hw1-isone-me-versant-keene-beech-scada/to/admin/single-reading]               SingleReading            
2026-09-19 14:10:50.135 --Proactor<s>.process_message  path:0x00000401
2026-09-19 14:10:50.135 ----------------------------------------------------------------------------------------
2026-09-19 14:10:50.135 
2026-09-19 14:10:50.136 ++++++++++++++++++++++++++++++++++++++++++++++++++++++++++++++++++++++++++++++++++++++++
2026-09-19 14:10:50.136 ++Proactor<s>.process_message  [primary-010v/single.reading]
2026-09-19 14:10:50.136   IN  internal     primary-010v to s                                      <-  [primary-010v/to/s/single.reading]                                                SingleReading            
2026-09-19 14:10:50.137   OUT mqtt         hw1.isone.me.versant.keene.beech.scada to admin        ->  [gw/hw1-isone-me-versant-keene-beech-scada/to/admin/single-reading]               SingleReading            
2026-09-19 14:10:50.137 --Proactor<s>.process_message  path:0x00000401
2026-09-19 14:10:50.138 ----------------------------------------------------------------------------------------
2026-09-19 14:10:50.138 
2026-09-19 14:10:50.138 ++++++++++++++++++++++++++++++++++++++++++++++++++++++++++++++++++++++++++++++++++++++++
2026-09-19 14:10:50.138 ++Proactor<s>.process_message  [store-010v/single.reading]
2026-09-19 14:10:50.138   IN  internal     store-010v to s                                        <-  [store-010v/to/s/single.reading]                                                  SingleReading            
2026-09-19 14:10:50.139   OUT mqtt         hw1.isone.me.versant.keene.beech.scada to admin        ->  [gw/hw1-isone-me-versant-keene-beech-scada/to/admin/single-reading]               SingleReading            
2026-09-19 14:10:50.140 --Proactor<s>.process_message  path:0x00000401
2026-09-19 14:10:50.140 ----------------------------------------------------------------------------------------
2026-09-19 14:10:50.140 
2026-09-19 14:10:50.140 ++++++++++++++++++++++++++++++++++++++++++++++++++++++++++++++++++++++++++++++++++++++++
2026-09-19 14:10:50.140 ++Proactor<s>.process_message  [hp-loop-keep-send-relay/i2c.write.bit]
2026-09-19 14:10:50.141   IN  internal     hp-loop-keep-send-relay to i2c-bus                     <-  [hp-loop-keep-send-relay/to/i2c-bus/i2c.write.bit]                                I2cWriteBit              
2026-09-19 14:10:50.142   OUT internal     i2c-bus to hp-loop-keep-send-relay                     ->  [i2c-bus/to/hp-loop-keep-send-relay/i2c.result]                                   I2cResult                
2026-09-19 14:10:50.143 --Proactor<s>.process_message  path:0x00000401
2026-09-19 14:10:50.143 ----------------------------------------------------------------------------------------
2026-09-19 14:10:50.143 
2026-09-19 14:10:50.143 ++++++++++++++++++++++++++++++++++++++++++++++++++++++++++++++++++++++++++++++++++++++++
2026-09-19 14:10:50.143 ++Proactor<s>.process_message  [hp-loop-on-off-relay/i2c.write.bit]
2026-09-19 14:10:50.143   IN  internal     hp-loop-on-off-relay to i2c-bus                        <-  [hp-loop-on-off-relay/to/i2c-bus/i2c.write.bit]                                   I2cWriteBit              
2026-09-19 14:10:50.145   OUT internal     i2c-bus to hp-loop-on-off-relay                        ->  [i2c-bus/to/hp-loop-on-off-relay/i2c.result]                                      I2cResult                
2026-09-19 14:10:50.145 --Proactor<s>.process_message  path:0x00000401
2026-09-19 14:10:50.145 ----------------------------------------------------------------------------------------
2026-09-19 14:10:50.146 
2026-09-19 14:10:50.146 ++++++++++++++++++++++++++++++++++++++++++++++++++++++++++++++++++++++++++++++++++++++++
2026-09-19 14:10:50.146 ++Proactor<s>.process_message  [mqtt_clients/mqtt_suback]
2026-09-19 14:10:50.146   IN  internal     mqtt_clients to proactor                               <-  [mqtt_clients/to/proactor/mqtt_suback]                                            MQTTSubackPayload        
2026-09-19 14:10:50.146 ++Proactor<s>._process_mqtt_suback client:gridworks_mqtt
2026-09-19 14:10:50.146 ++LinkManager.process_mqtt_suback client:gridworks_mqtt
2026-09-19 14:10:50.147 gridworks_mqtt:  awaiting_setup_and_peer -- mqtt_suback --> awaiting_peer
2026-09-19 14:10:50.147 ++generate_event gridworks.event.comm.mqtt.fully.subscribed  f: 0  (p: 19)  (pr: 6  r: 0  c: 0)
2026-09-19 14:10:50.148 --generate_event gridworks.event.comm.mqtt.fully.subscribed  f: 0  (p: 20)  (pr: 7  r: 0  c: 0)  problems: (0 0)  path:0x00000043
2026-09-19 14:10:50.148   OUT mqtt         hw1.isone.me.versant.keene.beech.scada to ltn          ->  [gw/hw1-isone-me-versant-keene-beech-scada/to/ltn/gridworks-ping]                 Ping                      9d3af168...
2026-09-19 14:10:50.149 --LinkManager.process_mqtt_suback:1  path:0x00000007
2026-09-19 14:10:50.149 --Proactor._process_mqtt_suback:1  path:0x00000001
2026-09-19 14:10:50.150 --Proactor<s>.process_message  path:0x00000021
2026-09-19 14:10:50.150 ----------------------------------------------------------------------------------------
2026-09-19 14:10:50.150 
2026-09-19 14:10:50.150 ++++++++++++++++++++++++++++++++++++++++++++++++++++++++++++++++++++++++++++++++++++++++
2026-09-19 14:10:50.150 ++Proactor<s>.process_message  [i2c-bus/i2c.result]
2026-09-19 14:10:50.151   IN  internal     i2c-bus to hp-loop-keep-send-relay                     <-  [i2c-bus/to/hp-loop-keep-send-relay/i2c.result]                                   I2cResult                
2026-09-19 14:10:50.151 --Proactor<s>.process_message  path:0x00000401
2026-09-19 14:10:50.151 ----------------------------------------------------------------------------------------
2026-09-19 14:10:50.151 
2026-09-19 14:10:50.152 ++++++++++++++++++++++++++++++++++++++++++++++++++++++++++++++++++++++++++++++++++++++++
2026-09-19 14:10:50.152 ++Proactor<s>.process_message  [i2c-bus/i2c.result]
2026-09-19 14:10:50.152   IN  internal     i2c-bus to hp-loop-on-off-relay                        <-  [i2c-bus/to/hp-loop-on-off-relay/i2c.result]                                      I2cResult                
2026-09-19 14:10:50.152 --Proactor<s>.process_message  path:0x00000401
2026-09-19 14:10:50.153 ----------------------------------------------------------------------------------------
2026-09-19 14:10:50.154   OUT internal     charge-discharge-relay to s                            ->  [charge-discharge-relay/to/s/single.machine.state]                                SingleMachineState       
2026-09-19 14:10:50.155   OUT internal     charge-discharge-relay to lc                           ->  [charge-discharge-relay/to/lc/fsm.full.report]                                    FsmFullReport            
2026-09-19 14:10:50.156   OUT internal     primary-pump-failsafe-relay to s                       ->  [primary-pump-failsafe-relay/to/s/single.machine.state]                           SingleMachineState       
2026-09-19 14:10:50.156   OUT internal     primary-pump-failsafe-relay to lc                      ->  [primary-pump-failsafe-relay/to/lc/fsm.full.report]                               FsmFullReport            
2026-09-19 14:10:50.157   OUT internal     primary-pump-scada-ops-relay to s                      ->  [primary-pump-scada-ops-relay/to/s/single.machine.state]                          SingleMachineState       
2026-09-19 14:10:50.157   OUT internal     primary-pump-scada-ops-relay to lc                     ->  [primary-pump-scada-ops-relay/to/lc/fsm.full.report]                              FsmFullReport            
2026-09-19 14:10:50.158   OUT internal     store-pump-relay to s                                  ->  [store-pump-relay/to/s/single.machine.state]                                      SingleMachineState       
2026-09-19 14:10:50.159   OUT internal     store-pump-relay to lc                                 ->  [store-pump-relay/to/lc/fsm.full.report]                                          FsmFullReport            
2026-09-19 14:10:50.159   OUT internal     tstat-common-relay to s                                ->  [tstat-common-relay/to/s/single.machine.state]                                    SingleMachineState       
2026-09-19 14:10:50.160   OUT internal     tstat-common-relay to lc                               ->  [tstat-common-relay/to/lc/fsm.full.report]                                        FsmFullReport            
2026-09-19 14:10:50.160   OUT internal     zone1-down-failsafe-relay to s                         ->  [zone1-down-failsafe-relay/to/s/single.machine.state]                             SingleMachineState       
2026-09-19 14:10:50.161   OUT internal     zone1-down-failsafe-relay to lc                        ->  [zone1-down-failsafe-relay/to/lc/fsm.full.report]                                 FsmFullReport            
2026-09-19 14:10:50.162   OUT internal     zone1-down-ops-relay to s                              ->  [zone1-down-ops-relay/to/s/single.machine.state]                                  SingleMachineState       
2026-09-19 14:10:50.162   OUT internal     zone1-down-ops-relay to lc                             ->  [zone1-down-ops-relay/to/lc/fsm.full.report]                                      FsmFullReport            
2026-09-19 14:10:50.163   OUT internal     zone2-up-failsafe-relay to s                           ->  [zone2-up-failsafe-relay/to/s/single.machine.state]                               SingleMachineState       
2026-09-19 14:10:50.163   OUT internal     zone2-up-failsafe-relay to lc                          ->  [zone2-up-failsafe-relay/to/lc/fsm.full.report]                                   FsmFullReport            
2026-09-19 14:10:50.164   OUT internal     zone2-up-ops-relay to s                                ->  [zone2-up-ops-relay/to/s/single.machine.state]                                    SingleMachineState       
2026-09-19 14:10:50.164   OUT internal     zone2-up-ops-relay to lc                               ->  [zone2-up-ops-relay/to/lc/fsm.full.report]                                        FsmFullReport            
2026-09-19 14:10:50.165   OUT internal     hp-failsafe-relay to s                                 ->  [hp-failsafe-relay/to/s/single.machine.state]                                     SingleMachineState       
2026-09-19 14:10:50.166   OUT internal     hp-failsafe-relay to lc                                ->  [hp-failsafe-relay/to/lc/fsm.full.report]                                         FsmFullReport            
2026-09-19 14:10:50.166   OUT internal     aquastat-ctrl-relay to s                               ->  [aquastat-ctrl-relay/to/s/single.machine.state]                                   SingleMachineState       
2026-09-19 14:10:50.167   OUT internal     aquastat-ctrl-relay to lc                              ->  [aquastat-ctrl-relay/to/lc/fsm.full.report]                                       FsmFullReport            
2026-09-19 14:10:50.168   OUT internal     hp-scada-ops-relay to s                                ->  [hp-scada-ops-relay/to/s/single.machine.state]                                    SingleMachineState       
2026-09-19 14:10:50.168   OUT internal     hp-scada-ops-relay to hp-boss                          ->  [hp-scada-ops-relay/to/hp-boss/fsm.full.report]                                   FsmFullReport            
2026-09-19 14:10:50.169 
2026-09-19 14:10:50.169 ++++++++++++++++++++++++++++++++++++++++++++++++++++++++++++++++++++++++++++++++++++++++
2026-09-19 14:10:50.169 ++Proactor<s>.process_message  [charge-discharge-relay/single.machine.state]
2026-09-19 14:10:50.169   IN  internal     charge-discharge-relay to s                            <-  [charge-discharge-relay/to/s/single.machine.state]                                SingleMachineState       
2026-09-19 14:10:50.170   OUT mqtt         hw1.isone.me.versant.keene.beech.scada to admin        ->  [gw/hw1-isone-me-versant-keene-beech-scada/to/admin/single-machine-state]         SingleMachineState       
2026-09-19 14:10:50.171 --Proactor<s>.process_message  path:0x00000401
2026-09-19 14:10:50.171 ----------------------------------------------------------------------------------------
2026-09-19 14:10:50.171 
2026-09-19 14:10:50.171 ++++++++++++++++++++++++++++++++++++++++++++++++++++++++++++++++++++++++++++++++++++++++
2026-09-19 14:10:50.171 ++Proactor<s>.process_message  [charge-discharge-relay/fsm.full.report]
2026-09-19 14:10:50.172   IN  internal     charge-discharge-relay to lc                           <-  [charge-discharge-relay/to/lc/fsm.full.report]                                    FsmFullReport            
2026-09-19 14:10:50.172 --Proactor<s>.process_message  path:0x00000401
2026-09-19 14:10:50.173 ----------------------------------------------------------------------------------------
2026-09-19 14:10:50.173 
2026-09-19 14:10:50.173 ++++++++++++++++++++++++++++++++++++++++++++++++++++++++++++++++++++++++++++++++++++++++
2026-09-19 14:10:50.173 ++Proactor<s>.process_message  [primary-pump-failsafe-relay/single.machine.state]
2026-09-19 14:10:50.173   IN  internal     primary-pump-failsafe-relay to s                       <-  [primary-pump-failsafe-relay/to/s/single.machine.state]                           SingleMachineState       
2026-09-19 14:10:50.174   OUT mqtt         hw1.isone.me.versant.keene.beech.scada to admin        ->  [gw/hw1-isone-me-versant-keene-beech-scada/to/admin/single-machine-state]         SingleMachineState       
2026-09-19 14:10:50.175 --Proactor<s>.process_message  path:0x00000401
2026-09-19 14:10:50.175 ----------------------------------------------------------------------------------------
2026-09-19 14:10:50.175 
2026-09-19 14:10:50.175 ++++++++++++++++++++++++++++++++++++++++++++++++++++++++++++++++++++++++++++++++++++++++
2026-09-19 14:10:50.175 ++Proactor<s>.process_message  [primary-pump-failsafe-relay/fsm.full.report]
2026-09-19 14:10:50.176   IN  internal     primary-pump-failsafe-relay to lc                      <-  [primary-pump-failsafe-relay/to/lc/fsm.full.report]                               FsmFullReport            
2026-09-19 14:10:50.176 --Proactor<s>.process_message  path:0x00000401
2026-09-19 14:10:50.176 ----------------------------------------------------------------------------------------
2026-09-19 14:10:50.176 
2026-09-19 14:10:50.177 ++++++++++++++++++++++++++++++++++++++++++++++++++++++++++++++++++++++++++++++++++++++++
2026-09-19 14:10:50.177 ++Proactor<s>.process_message  [primary-pump-scada-ops-relay/single.machine.state]
2026-09-19 14:10:50.177   IN  internal     primary-pump-scada-ops-relay to s                      <-  [primary-pump-scada-ops-relay/to/s/single.machine.state]                          SingleMachineState       
2026-09-19 14:10:50.178   OUT mqtt         hw1.isone.me.versant.keene.beech.scada to admin        ->  [gw/hw1-isone-me-versant-keene-beech-scada/to/admin/single-machine-state]         SingleMachineState       
2026-09-19 14:10:50.178 --Proactor<s>.process_message  path:0x00000401
2026-09-19 14:10:50.179 ----------------------------------------------------------------------------------------
2026-09-19 14:10:50.179 
2026-09-19 14:10:50.179 ++++++++++++++++++++++++++++++++++++++++++++++++++++++++++++++++++++++++++++++++++++++++
2026-09-19 14:10:50.179 ++Proactor<s>.process_message  [primary-pump-scada-ops-relay/fsm.full.report]
2026-09-19 14:10:50.179   IN  internal     primary-pump-scada-ops-relay to lc                     <-  [primary-pump-scada-ops-relay/to/lc/fsm.full.report]                              FsmFullReport            
2026-09-19 14:10:50.180 --Proactor<s>.process_message  path:0x00000401
2026-09-19 14:10:50.180 ----------------------------------------------------------------------------------------
2026-09-19 14:10:50.180 
2026-09-19 14:10:50.180 ++++++++++++++++++++++++++++++++++++++++++++++++++++++++++++++++++++++++++++++++++++++++
2026-09-19 14:10:50.180 ++Proactor<s>.process_message  [store-pump-relay/single.machine.state]
2026-09-19 14:10:50.181   IN  internal     store-pump-relay to s                                  <-  [store-pump-relay/to/s/single.machine.state]                                      SingleMachineState       
2026-09-19 14:10:50.181   OUT mqtt         hw1.isone.me.versant.keene.beech.scada to admin        ->  [gw/hw1-isone-me-versant-keene-beech-scada/to/admin/single-machine-state]         SingleMachineState       
2026-09-19 14:10:50.182 --Proactor<s>.process_message  path:0x00000401
2026-09-19 14:10:50.182 ----------------------------------------------------------------------------------------
2026-09-19 14:10:50.182 
2026-09-19 14:10:50.183 ++++++++++++++++++++++++++++++++++++++++++++++++++++++++++++++++++++++++++++++++++++++++
2026-09-19 14:10:50.183 ++Proactor<s>.process_message  [store-pump-relay/fsm.full.report]
2026-09-19 14:10:50.183   IN  internal     store-pump-relay to lc                                 <-  [store-pump-relay/to/lc/fsm.full.report]                                          FsmFullReport            
2026-09-19 14:10:50.183 --Proactor<s>.process_message  path:0x00000401
2026-09-19 14:10:50.184 ----------------------------------------------------------------------------------------
2026-09-19 14:10:50.184 
2026-09-19 14:10:50.184 ++++++++++++++++++++++++++++++++++++++++++++++++++++++++++++++++++++++++++++++++++++++++
2026-09-19 14:10:50.184 ++Proactor<s>.process_message  [tstat-common-relay/single.machine.state]
2026-09-19 14:10:50.184   IN  internal     tstat-common-relay to s                                <-  [tstat-common-relay/to/s/single.machine.state]                                    SingleMachineState       
2026-09-19 14:10:50.185   OUT mqtt         hw1.isone.me.versant.keene.beech.scada to admin        ->  [gw/hw1-isone-me-versant-keene-beech-scada/to/admin/single-machine-state]         SingleMachineState       
2026-09-19 14:10:50.186 --Proactor<s>.process_message  path:0x00000401
2026-09-19 14:10:50.186 ----------------------------------------------------------------------------------------
2026-09-19 14:10:50.186 
2026-09-19 14:10:50.186 ++++++++++++++++++++++++++++++++++++++++++++++++++++++++++++++++++++++++++++++++++++++++
2026-09-19 14:10:50.186 ++Proactor<s>.process_message  [tstat-common-relay/fsm.full.report]
2026-09-19 14:10:50.187   IN  internal     tstat-common-relay to lc                               <-  [tstat-common-relay/to/lc/fsm.full.report]                                        FsmFullReport            
2026-09-19 14:10:50.187 --Proactor<s>.process_message  path:0x00000401
2026-09-19 14:10:50.187 ----------------------------------------------------------------------------------------
2026-09-19 14:10:50.187 
2026-09-19 14:10:50.188 ++++++++++++++++++++++++++++++++++++++++++++++++++++++++++++++++++++++++++++++++++++++++
2026-09-19 14:10:50.188 ++Proactor<s>.process_message  [zone1-down-failsafe-relay/single.machine.state]
2026-09-19 14:10:50.188   IN  internal     zone1-down-failsafe-relay to s                         <-  [zone1-down-failsafe-relay/to/s/single.machine.state]                             SingleMachineState       
2026-09-19 14:10:50.189   OUT mqtt         hw1.isone.me.versant.keene.beech.scada to admin        ->  [gw/hw1-isone-me-versant-keene-beech-scada/to/admin/single-machine-state]         SingleMachineState       
2026-09-19 14:10:50.189 --Proactor<s>.process_message  path:0x00000401
2026-09-19 14:10:50.189 ----------------------------------------------------------------------------------------
2026-09-19 14:10:50.190 
2026-09-19 14:10:50.190 ++++++++++++++++++++++++++++++++++++++++++++++++++++++++++++++++++++++++++++++++++++++++
2026-09-19 14:10:50.190 ++Proactor<s>.process_message  [zone1-down-failsafe-relay/fsm.full.report]
2026-09-19 14:10:50.190   IN  internal     zone1-down-failsafe-relay to lc                        <-  [zone1-down-failsafe-relay/to/lc/fsm.full.report]                                 FsmFullReport            
2026-09-19 14:10:50.191 --Proactor<s>.process_message  path:0x00000401
2026-09-19 14:10:50.191 ----------------------------------------------------------------------------------------
2026-09-19 14:10:50.191 
2026-09-19 14:10:50.191 ++++++++++++++++++++++++++++++++++++++++++++++++++++++++++++++++++++++++++++++++++++++++
2026-09-19 14:10:50.191 ++Proactor<s>.process_message  [zone1-down-ops-relay/single.machine.state]
2026-09-19 14:10:50.192   IN  internal     zone1-down-ops-relay to s                              <-  [zone1-down-ops-relay/to/s/single.machine.state]                                  SingleMachineState       
2026-09-19 14:10:50.192   OUT mqtt         hw1.isone.me.versant.keene.beech.scada to admin        ->  [gw/hw1-isone-me-versant-keene-beech-scada/to/admin/single-machine-state]         SingleMachineState       
2026-09-19 14:10:50.193 --Proactor<s>.process_message  path:0x00000401
2026-09-19 14:10:50.193 ----------------------------------------------------------------------------------------
2026-09-19 14:10:50.193 
2026-09-19 14:10:50.193 ++++++++++++++++++++++++++++++++++++++++++++++++++++++++++++++++++++++++++++++++++++++++
2026-09-19 14:10:50.194 ++Proactor<s>.process_message  [zone1-down-ops-relay/fsm.full.report]
2026-09-19 14:10:50.194   IN  internal     zone1-down-ops-relay to lc                             <-  [zone1-down-ops-relay/to/lc/fsm.full.report]                                      FsmFullReport            
2026-09-19 14:10:50.194 --Proactor<s>.process_message  path:0x00000401
2026-09-19 14:10:50.194 ----------------------------------------------------------------------------------------
2026-09-19 14:10:50.195 
2026-09-19 14:10:50.195 ++++++++++++++++++++++++++++++++++++++++++++++++++++++++++++++++++++++++++++++++++++++++
2026-09-19 14:10:50.195 ++Proactor<s>.process_message  [zone2-up-failsafe-relay/single.machine.state]
2026-09-19 14:10:50.195   IN  internal     zone2-up-failsafe-relay to s                           <-  [zone2-up-failsafe-relay/to/s/single.machine.state]                               SingleMachineState       
2026-09-19 14:10:50.196   OUT mqtt         hw1.isone.me.versant.keene.beech.scada to admin        ->  [gw/hw1-isone-me-versant-keene-beech-scada/to/admin/single-machine-state]         SingleMachineState       
2026-09-19 14:10:50.196 --Proactor<s>.process_message  path:0x00000401
2026-09-19 14:10:50.197 ----------------------------------------------------------------------------------------
2026-09-19 14:10:50.197 
2026-09-19 14:10:50.197 ++++++++++++++++++++++++++++++++++++++++++++++++++++++++++++++++++++++++++++++++++++++++
2026-09-19 14:10:50.197 ++Proactor<s>.process_message  [zone2-up-failsafe-relay/fsm.full.report]
2026-09-19 14:10:50.197   IN  internal     zone2-up-failsafe-relay to lc                          <-  [zone2-up-failsafe-relay/to/lc/fsm.full.report]                                   FsmFullReport            
2026-09-19 14:10:50.198 --Proactor<s>.process_message  path:0x00000401
2026-09-19 14:10:50.198 ----------------------------------------------------------------------------------------
2026-09-19 14:10:50.198 
2026-09-19 14:10:50.198 ++++++++++++++++++++++++++++++++++++++++++++++++++++++++++++++++++++++++++++++++++++++++
2026-09-19 14:10:50.198 ++Proactor<s>.process_message  [zone2-up-ops-relay/single.machine.state]
2026-09-19 14:10:50.199   IN  internal     zone2-up-ops-relay to s                                <-  [zone2-up-ops-relay/to/s/single.machine.state]                                    SingleMachineState       
2026-09-19 14:10:50.199   OUT mqtt         hw1.isone.me.versant.keene.beech.scada to admin        ->  [gw/hw1-isone-me-versant-keene-beech-scada/to/admin/single-machine-state]         SingleMachineState       
2026-09-19 14:10:50.200 --Proactor<s>.process_message  path:0x00000401
2026-09-19 14:10:50.200 ----------------------------------------------------------------------------------------
2026-09-19 14:10:50.200 
2026-09-19 14:10:50.200 ++++++++++++++++++++++++++++++++++++++++++++++++++++++++++++++++++++++++++++++++++++++++
2026-09-19 14:10:50.201 ++Proactor<s>.process_message  [zone2-up-ops-relay/fsm.full.report]
2026-09-19 14:10:50.201   IN  internal     zone2-up-ops-relay to lc                               <-  [zone2-up-ops-relay/to/lc/fsm.full.report]                                        FsmFullReport            
2026-09-19 14:10:50.201 --Proactor<s>.process_message  path:0x00000401
2026-09-19 14:10:50.202 ----------------------------------------------------------------------------------------
2026-09-19 14:10:50.202 
2026-09-19 14:10:50.202 ++++++++++++++++++++++++++++++++++++++++++++++++++++++++++++++++++++++++++++++++++++++++
2026-09-19 14:10:50.202 ++Proactor<s>.process_message  [hp-failsafe-relay/single.machine.state]
2026-09-19 14:10:50.202   IN  internal     hp-failsafe-relay to s                                 <-  [hp-failsafe-relay/to/s/single.machine.state]                                     SingleMachineState       
2026-09-19 14:10:50.203   OUT mqtt         hw1.isone.me.versant.keene.beech.scada to admin        ->  [gw/hw1-isone-me-versant-keene-beech-scada/to/admin/single-machine-state]         SingleMachineState       
2026-09-19 14:10:50.203 --Proactor<s>.process_message  path:0x00000401
2026-09-19 14:10:50.204 ----------------------------------------------------------------------------------------
2026-09-19 14:10:50.204 
2026-09-19 14:10:50.204 ++++++++++++++++++++++++++++++++++++++++++++++++++++++++++++++++++++++++++++++++++++++++
2026-09-19 14:10:50.204 ++Proactor<s>.process_message  [hp-failsafe-relay/fsm.full.report]
2026-09-19 14:10:50.204   IN  internal     hp-failsafe-relay to lc                                <-  [hp-failsafe-relay/to/lc/fsm.full.report]                                         FsmFullReport            
2026-09-19 14:10:50.205 --Proactor<s>.process_message  path:0x00000401
2026-09-19 14:10:50.205 ----------------------------------------------------------------------------------------
2026-09-19 14:10:50.205 
2026-09-19 14:10:50.205 ++++++++++++++++++++++++++++++++++++++++++++++++++++++++++++++++++++++++++++++++++++++++
2026-09-19 14:10:50.206 ++Proactor<s>.process_message  [aquastat-ctrl-relay/single.machine.state]
2026-09-19 14:10:50.206   IN  internal     aquastat-ctrl-relay to s                               <-  [aquastat-ctrl-relay/to/s/single.machine.state]                                   SingleMachineState       
2026-09-19 14:10:50.206   OUT mqtt         hw1.isone.me.versant.keene.beech.scada to admin        ->  [gw/hw1-isone-me-versant-keene-beech-scada/to/admin/single-machine-state]         SingleMachineState       
2026-09-19 14:10:50.207 --Proactor<s>.process_message  path:0x00000401
2026-09-19 14:10:50.207 ----------------------------------------------------------------------------------------
2026-09-19 14:10:50.207 
2026-09-19 14:10:50.208 ++++++++++++++++++++++++++++++++++++++++++++++++++++++++++++++++++++++++++++++++++++++++
2026-09-19 14:10:50.208 ++Proactor<s>.process_message  [aquastat-ctrl-relay/fsm.full.report]
2026-09-19 14:10:50.208   IN  internal     aquastat-ctrl-relay to lc                              <-  [aquastat-ctrl-relay/to/lc/fsm.full.report]                                       FsmFullReport            
2026-09-19 14:10:50.208 --Proactor<s>.process_message  path:0x00000401
2026-09-19 14:10:50.209 ----------------------------------------------------------------------------------------
2026-09-19 14:10:50.209 
2026-09-19 14:10:50.209 ++++++++++++++++++++++++++++++++++++++++++++++++++++++++++++++++++++++++++++++++++++++++
2026-09-19 14:10:50.209 ++Proactor<s>.process_message  [hp-scada-ops-relay/single.machine.state]
2026-09-19 14:10:50.209   IN  internal     hp-scada-ops-relay to s                                <-  [hp-scada-ops-relay/to/s/single.machine.state]                                    SingleMachineState       
2026-09-19 14:10:50.210   OUT mqtt         hw1.isone.me.versant.keene.beech.scada to admin        ->  [gw/hw1-isone-me-versant-keene-beech-scada/to/admin/single-machine-state]         SingleMachineState       
2026-09-19 14:10:50.211 --Proactor<s>.process_message  path:0x00000401
2026-09-19 14:10:50.211 ----------------------------------------------------------------------------------------
2026-09-19 14:10:50.211 
2026-09-19 14:10:50.211 ++++++++++++++++++++++++++++++++++++++++++++++++++++++++++++++++++++++++++++++++++++++++
2026-09-19 14:10:50.211 ++Proactor<s>.process_message  [hp-scada-ops-relay/fsm.full.report]
2026-09-19 14:10:50.212   IN  internal     hp-scada-ops-relay to hp-boss                          <-  [hp-scada-ops-relay/to/hp-boss/fsm.full.report]                                   FsmFullReport            
2026-09-19 14:10:50.212 --Proactor<s>.process_message  path:0x00000401
2026-09-19 14:10:50.212 ----------------------------------------------------------------------------------------
2026-09-19 14:10:50.213   OUT internal     hp-loop-keep-send-relay to s                           ->  [hp-loop-keep-send-relay/to/s/single.machine.state]                               SingleMachineState       
2026-09-19 14:10:50.214   OUT internal     hp-loop-keep-send-relay to sieg-loop                   ->  [hp-loop-keep-send-relay/to/sieg-loop/fsm.full.report]                            FsmFullReport            
2026-09-19 14:10:50.214   OUT internal     hp-loop-on-off-relay to s                              ->  [hp-loop-on-off-relay/to/s/single.machine.state]                                  SingleMachineState       
2026-09-19 14:10:50.215   OUT internal     hp-loop-on-off-relay to sieg-loop                      ->  [hp-loop-on-off-relay/to/sieg-loop/fsm.full.report]                               FsmFullReport            
2026-09-19 14:10:50.216 
2026-09-19 14:10:50.216 ++++++++++++++++++++++++++++++++++++++++++++++++++++++++++++++++++++++++++++++++++++++++
2026-09-19 14:10:50.216 ++Proactor<s>.process_message  [hp-loop-keep-send-relay/single.machine.state]
2026-09-19 14:10:50.216   IN  internal     hp-loop-keep-send-relay to s                           <-  [hp-loop-keep-send-relay/to/s/single.machine.state]                               SingleMachineState       
2026-09-19 14:10:50.217   OUT mqtt         hw1.isone.me.versant.keene.beech.scada to admin        ->  [gw/hw1-isone-me-versant-keene-beech-scada/to/admin/single-machine-state]         SingleMachineState       
2026-09-19 14:10:50.218 --Proactor<s>.process_message  path:0x00000401
2026-09-19 14:10:50.218 ----------------------------------------------------------------------------------------
2026-09-19 14:10:50.218 
2026-09-19 14:10:50.218 ++++++++++++++++++++++++++++++++++++++++++++++++++++++++++++++++++++++++++++++++++++++++
2026-09-19 14:10:50.218 ++Proactor<s>.process_message  [hp-loop-keep-send-relay/fsm.full.report]
2026-09-19 14:10:50.219   IN  internal     hp-loop-keep-send-relay to sieg-loop                   <-  [hp-loop-keep-send-relay/to/sieg-loop/fsm.full.report]                            FsmFullReport            
2026-09-19 14:10:50.219 [sieg-loop] sieg-loop received unexpected message: Src='hp-loop-keep-send-relay' Dst='sieg-loop' MessageType='fsm.full.report' MessageId='' AckRequired=False TypeName='gridworks.header' Version='001'
2026-09-19 14:10:50.219 --Proactor<s>.process_message  path:0x00000401
2026-09-19 14:10:50.219 ----------------------------------------------------------------------------------------
2026-09-19 14:10:50.220 
2026-09-19 14:10:50.220 ++++++++++++++++++++++++++++++++++++++++++++++++++++++++++++++++++++++++++++++++++++++++
2026-09-19 14:10:50.220 ++Proactor<s>.process_message  [hp-loop-on-off-relay/single.machine.state]
2026-09-19 14:10:50.220   IN  internal     hp-loop-on-off-relay to s                              <-  [hp-loop-on-off-relay/to/s/single.machine.state]                                  SingleMachineState       
2026-09-19 14:10:50.221   OUT mqtt         hw1.isone.me.versant.keene.beech.scada to admin        ->  [gw/hw1-isone-me-versant-keene-beech-scada/to/admin/single-machine-state]         SingleMachineState       
2026-09-19 14:10:50.222 --Proactor<s>.process_message  path:0x00000401
2026-09-19 14:10:50.222 ----------------------------------------------------------------------------------------
2026-09-19 14:10:50.222 
2026-09-19 14:10:50.222 ++++++++++++++++++++++++++++++++++++++++++++++++++++++++++++++++++++++++++++++++++++++++
2026-09-19 14:10:50.222 ++Proactor<s>.process_message  [hp-loop-on-off-relay/fsm.full.report]
2026-09-19 14:10:50.222   IN  internal     hp-loop-on-off-relay to sieg-loop                      <-  [hp-loop-on-off-relay/to/sieg-loop/fsm.full.report]                               FsmFullReport            
2026-09-19 14:10:50.223 [sieg-loop] sieg-loop received unexpected message: Src='hp-loop-on-off-relay' Dst='sieg-loop' MessageType='fsm.full.report' MessageId='' AckRequired=False TypeName='gridworks.header' Version='001'
2026-09-19 14:10:50.223 --Proactor<s>.process_message  path:0x00000401
2026-09-19 14:10:50.223 ----------------------------------------------------------------------------------------
2026-09-19 14:10:50.515 [derived-generator] Obtained a 154-hour weather forecast starting at 1789844400
2026-09-19 14:10:50.519 [derived-generator] Calculating rswt_quadratic_params: [ 4.91228070e-04 -4.28070175e-02  8.68421053e-01]
2026-09-19 14:10:50.525   OUT mqtt         hw1.isone.me.versant.keene.beech.scada to ltn          ->  [gw/hw1-isone-me-versant-keene-beech-scada/to/ltn/heating-forecast]               HeatingForecast          
2026-09-19 14:10:50.527   OUT mqtt         hw1.isone.me.versant.keene.beech.scada to ltn          ->  [gw/hw1-isone-me-versant-keene-beech-scada/to/ltn/weather-forecast]               WeatherForecast          
2026-09-19 14:10:50.527 [derived-generator] Updating usable and required energy
2026-09-19 14:10:50.528 [derived-generator] Got forecast starting 2026-09-19 15:00:00
2026-09-19 14:10:51.031   OUT mqtt         hw1.isone.me.versant.keene.beech.scada to ltn          ->  [gw/hw1-isone-me-versant-keene-beech-scada/to/ltn/layout-lite]                    LayoutLite                b065a7fa...
2026-09-19 14:10:51.034   OUT mqtt         hw1.isone.me.versant.keene.beech.scada to ltn          ->  [gw/hw1-isone-me-versant-keene-beech-scada/to/ltn/glitch]                         Glitch                   
2026-09-19 14:10:51.036 Tasks: 1  [DONE]
	1/1  startup_announcer               done:True   exception: None  <coroutine object Scada.announce_at_first_broker_link at 0x7f7e786dc0>

2026-09-19 14:10:51.036 Tasks: 42  [PENDING]
	1/42  report_sender                   done:False   exception: None  <coroutine object Scada.report_sending_task at 0x7f7e693ca0>
	2/42  relay state reporter            done:False   exception: None  <coroutine object Relay.main at 0x7f7e666c50>
	3/42  store-010v-main                 done:False   exception: None  <coroutine object ZeroTenOutputer.main_loop at 0x7f7e693a00>
	4/42  snap_sender                     done:False   exception: None  <coroutine object Scada.snap_sending_task at 0x7f7e693e60>
	5/42  relay state reporter            done:False   exception: None  <coroutine object Relay.main at 0x7f7e6662f0>
	6/42  ApiBtuMeter keepalive           done:False   exception: None  <coroutine object ApiBtuMeter.main at 0x7f7e693d80>
	7/42  relay state reporter            done:False   exception: None  <coroutine object Relay.main at 0x7f7e6667a0>
	8/42  Derived Generator keepalive     done:False   exception: None  <coroutine object DerivedGenerator.main at 0x7f7e666020>
	9/42  scada top_state_tracker         done:False   exception: None  <coroutine object Scada.state_tracker at 0x7f7e9f3ba0>
	10/42  relay state reporter            done:False   exception: None  <coroutine object Relay.main at 0x7f7e666d40>
	11/42  ApiBtuMeter keepalive           done:False   exception: None  <coroutine object ApiBtuMeter.main at 0x7f7e693bc0>
	12/42  picocycler keepalive            done:False   exception: None  <coroutine object PicoCycler.main at 0x7f7ea2b760>
	13/42  relay state reporter            done:False   exception: None  <coroutine object Relay.main at 0x7f7e6663e0>
	14/42  ApiFlowModule keepalive         done:False   exception: None  <coroutine object ApiFlowModule.main at 0x7f7e68c7b0>
	15/42  relay state reporter            done:False   exception: None  <coroutine object Relay.main at 0x7f7e666890>
	16/42  watchdog_manager.join           done:False   exception: None  <coroutine object WatchdogManager.join at 0x7f7e6a8120>
	17/42  LocalControl keepalive          done:False   exception: None  <coroutine object StandbyLocalControl.main at 0x7f7e692b20>
	18/42  relay state reporter            done:False   exception: None  <coroutine object Relay.main at 0x7f7e666e30>
	19/42  power-meter.join                done:False   exception: None  <coroutine object SyncThreadActor.join at 0x7f7e6a22c0>
	20/42  ApiFlowModule keepalive         done:False   exception: None  <coroutine object ApiFlowModule.main at 0x7f7e68c260>
	21/42  Sieg Loop Synchronous Report    done:False   exception: None  <coroutine object SiegLoop.main at 0x7f7e68c590>
	22/42  ApiTankModule keepalive         done:False   exception: None  <coroutine object ApiTankModule.main at 0x7f7e692ce0>
	23/42  relay state reporter            done:False   exception: None  <coroutine object Relay.main at 0x7f7e6664d0>
	24/42  ApiFlowModule keepalive         done:False   exception: None  <coroutine object ApiFlowModule.main at 0x7f7e68c370>
	25/42  i2c-bus-heartbeat               done:False   exception: None  <coroutine object I2cBus._heartbeat at 0x7f7e692ea0>
	26/42  ApiTankModule keepalive         done:False   exception: None  <coroutine object ApiTankModule.main at 0x7f7e692dc0>
	27/42  LeafAlly keepalive              done:False   exception: None  <coroutine object AllTanksLeafAlly.main at 0x7f7e5fef80>
	28/42  process_messages                done:False   exception: None  <coroutine object Proactor.process_messages at 0x7f7e9f3a70>
	29/42  relay state reporter            done:False   exception: None  <coroutine object Relay.main at 0x7f7e666a70>
	30/42  relay state reporter            done:False   exception: None  <coroutine object Relay.main at 0x7f7e666980>
	31/42  ApiTankModule keepalive         done:False   exception: None  <coroutine object ApiTankModule.main at 0x7f7e692f80>
	32/42  send_ping<gridworks_mqtt>       done:False   exception: None  <coroutine object LinkManager.send_ping at 0x7f7e626840>
	33/42  relay state reporter            done:False   exception: None  <coroutine object Relay.main at 0x7f7e666110>
	34/42  ApiTankModule keepalive         done:False   exception: None  <coroutine object ApiTankModule.main at 0x7f7e693060>
	35/42  relay state reporter            done:False   exception: None  <coroutine object Relay.main at 0x7f7e6665c0>
	36/42  send_ping<local_mqtt>           done:False   exception: None  <coroutine object LinkManager.send_ping at 0x7f7e626940>
	37/42  relay state reporter            done:False   exception: None  <coroutine object Relay.main at 0x7f7e666b60>
	38/42  dist-010v-main                  done:False   exception: None  <coroutine object ZeroTenOutputer.main_loop at 0x7f7e693140>
	39/42  primary-010v-main               done:False   exception: None  <coroutine object ZeroTenOutputer.main_loop at 0x7f7e693680>
	40/42  send_ping<admin>                done:False   exception: None  <coroutine object LinkManager.send_ping at 0x7f7e626a40>
	41/42  relay state reporter            done:False   exception: None  <coroutine object Relay.main at 0x7f7e666200>
	42/42  relay state reporter            done:False   exception: None  <coroutine object Relay.main at 0x7f7e6666b0>

2026-09-19 14:10:51.037 Tasks: 42  [WAITING FOR]
	1/42  report_sender                   done:False   exception: None  <coroutine object Scada.report_sending_task at 0x7f7e693ca0>
	2/42  relay state reporter            done:False   exception: None  <coroutine object Relay.main at 0x7f7e666c50>
	3/42  store-010v-main                 done:False   exception: None  <coroutine object ZeroTenOutputer.main_loop at 0x7f7e693a00>
	4/42  snap_sender                     done:False   exception: None  <coroutine object Scada.snap_sending_task at 0x7f7e693e60>
	5/42  relay state reporter            done:False   exception: None  <coroutine object Relay.main at 0x7f7e6662f0>
	6/42  ApiBtuMeter keepalive           done:False   exception: None  <coroutine object ApiBtuMeter.main at 0x7f7e693d80>
	7/42  relay state reporter            done:False   exception: None  <coroutine object Relay.main at 0x7f7e6667a0>
	8/42  Derived Generator keepalive     done:False   exception: None  <coroutine object DerivedGenerator.main at 0x7f7e666020>
	9/42  scada top_state_tracker         done:False   exception: None  <coroutine object Scada.state_tracker at 0x7f7e9f3ba0>
	10/42  relay state reporter            done:False   exception: None  <coroutine object Relay.main at 0x7f7e666d40>
	11/42  ApiBtuMeter keepalive           done:False   exception: None  <coroutine object ApiBtuMeter.main at 0x7f7e693bc0>
	12/42  picocycler keepalive            done:False   exception: None  <coroutine object PicoCycler.main at 0x7f7ea2b760>
	13/42  relay state reporter            done:False   exception: None  <coroutine object Relay.main at 0x7f7e6663e0>
	14/42  ApiFlowModule keepalive         done:False   exception: None  <coroutine object ApiFlowModule.main at 0x7f7e68c7b0>
	15/42  relay state reporter            done:False   exception: None  <coroutine object Relay.main at 0x7f7e666890>
	16/42  watchdog_manager.join           done:False   exception: None  <coroutine object WatchdogManager.join at 0x7f7e6a8120>
	17/42  LocalControl keepalive          done:False   exception: None  <coroutine object StandbyLocalControl.main at 0x7f7e692b20>
	18/42  relay state reporter            done:False   exception: None  <coroutine object Relay.main at 0x7f7e666e30>
	19/42  power-meter.join                done:False   exception: None  <coroutine object SyncThreadActor.join at 0x7f7e6a22c0>
	20/42  ApiFlowModule keepalive         done:False   exception: None  <coroutine object ApiFlowModule.main at 0x7f7e68c260>
	21/42  Sieg Loop Synchronous Report    done:False   exception: None  <coroutine object SiegLoop.main at 0x7f7e68c590>
	22/42  ApiTankModule keepalive         done:False   exception: None  <coroutine object ApiTankModule.main at 0x7f7e692ce0>
	23/42  relay state reporter            done:False   exception: None  <coroutine object Relay.main at 0x7f7e6664d0>
	24/42  ApiFlowModule keepalive         done:False   exception: None  <coroutine object ApiFlowModule.main at 0x7f7e68c370>
	25/42  i2c-bus-heartbeat               done:False   exception: None  <coroutine object I2cBus._heartbeat at 0x7f7e692ea0>
	26/42  ApiTankModule keepalive         done:False   exception: None  <coroutine object ApiTankModule.main at 0x7f7e692dc0>
	27/42  LeafAlly keepalive              done:False   exception: None  <coroutine object AllTanksLeafAlly.main at 0x7f7e5fef80>
	28/42  process_messages                done:False   exception: None  <coroutine object Proactor.process_messages at 0x7f7e9f3a70>
	29/42  relay state reporter            done:False   exception: None  <coroutine object Relay.main at 0x7f7e666a70>
	30/42  relay state reporter            done:False   exception: None  <coroutine object Relay.main at 0x7f7e666980>
	31/42  ApiTankModule keepalive         done:False   exception: None  <coroutine object ApiTankModule.main at 0x7f7e692f80>
	32/42  send_ping<gridworks_mqtt>       done:False   exception: None  <coroutine object LinkManager.send_ping at 0x7f7e626840>
	33/42  relay state reporter            done:False   exception: None  <coroutine object Relay.main at 0x7f7e666110>
	34/42  ApiTankModule keepalive         done:False   exception: None  <coroutine object ApiTankModule.main at 0x7f7e693060>
	35/42  relay state reporter            done:False   exception: None  <coroutine object Relay.main at 0x7f7e6665c0>
	36/42  send_ping<local_mqtt>           done:False   exception: None  <coroutine object LinkManager.send_ping at 0x7f7e626940>
	37/42  relay state reporter            done:False   exception: None  <coroutine object Relay.main at 0x7f7e666b60>
	38/42  dist-010v-main                  done:False   exception: None  <coroutine object ZeroTenOutputer.main_loop at 0x7f7e693140>
	39/42  primary-010v-main               done:False   exception: None  <coroutine object ZeroTenOutputer.main_loop at 0x7f7e693680>
	40/42  send_ping<admin>                done:False   exception: None  <coroutine object LinkManager.send_ping at 0x7f7e626a40>
	41/42  relay state reporter            done:False   exception: None  <coroutine object Relay.main at 0x7f7e666200>
	42/42  relay state reporter            done:False   exception: None  <coroutine object Relay.main at 0x7f7e6666b0>

2026-09-19 14:10:51.038 [sieg-loop] keep seconds 99.0  [efc8]
2026-09-19 14:10:51.886   OUT internal     tstat-common-relay to s                                ->  [tstat-common-relay/to/s/single.machine.state]                                    SingleMachineState       
2026-09-19 14:10:51.887   OUT internal     charge-discharge-relay to s                            ->  [charge-discharge-relay/to/s/single.machine.state]                                SingleMachineState       
2026-09-19 14:10:51.887   OUT internal     hp-failsafe-relay to s                                 ->  [hp-failsafe-relay/to/s/single.machine.state]                                     SingleMachineState       
2026-09-19 14:10:51.888   OUT internal     hp-scada-ops-relay to s                                ->  [hp-scada-ops-relay/to/s/single.machine.state]                                    SingleMachineState       
2026-09-19 14:10:51.888   OUT internal     aquastat-ctrl-relay to s                               ->  [aquastat-ctrl-relay/to/s/single.machine.state]                                   SingleMachineState       
2026-09-19 14:10:51.889   OUT internal     store-pump-relay to s                                  ->  [store-pump-relay/to/s/single.machine.state]                                      SingleMachineState       
2026-09-19 14:10:51.889   OUT internal     primary-pump-failsafe-relay to s                       ->  [primary-pump-failsafe-relay/to/s/single.machine.state]                           SingleMachineState       
2026-09-19 14:10:51.890   OUT internal     primary-pump-scada-ops-relay to s                      ->  [primary-pump-scada-ops-relay/to/s/single.machine.state]                          SingleMachineState       
2026-09-19 14:10:51.890   OUT internal     hp-loop-on-off-relay to s                              ->  [hp-loop-on-off-relay/to/s/single.machine.state]                                  SingleMachineState       
2026-09-19 14:10:51.891   OUT internal     hp-loop-keep-send-relay to s                           ->  [hp-loop-keep-send-relay/to/s/single.machine.state]                               SingleMachineState       
2026-09-19 14:10:51.891   OUT internal     zone1-down-failsafe-relay to s                         ->  [zone1-down-failsafe-relay/to/s/single.machine.state]                             SingleMachineState       
2026-09-19 14:10:51.892   OUT internal     zone1-down-ops-relay to s                              ->  [zone1-down-ops-relay/to/s/single.machine.state]                                  SingleMachineState       
2026-09-19 14:10:51.892 
2026-09-19 14:10:51.892 ++++++++++++++++++++++++++++++++++++++++++++++++++++++++++++++++++++++++++++++++++++++++
2026-09-19 14:10:51.892 ++Proactor<s>.process_message  [tstat-common-relay/single.machine.state]
2026-09-19 14:10:51.893   IN  internal     tstat-common-relay to s                                <-  [tstat-common-relay/to/s/single.machine.state]                                    SingleMachineState       
2026-09-19 14:10:51.894   OUT mqtt         hw1.isone.me.versant.keene.beech.scada to admin        ->  [gw/hw1-isone-me-versant-keene-beech-scada/to/admin/single-machine-state]         SingleMachineState       
2026-09-19 14:10:51.894 --Proactor<s>.process_message  path:0x00000401
2026-09-19 14:10:51.895 ----------------------------------------------------------------------------------------
2026-09-19 14:10:51.895 
2026-09-19 14:10:51.895 ++++++++++++++++++++++++++++++++++++++++++++++++++++++++++++++++++++++++++++++++++++++++
2026-09-19 14:10:51.895 ++Proactor<s>.process_message  [charge-discharge-relay/single.machine.state]
2026-09-19 14:10:51.895   IN  internal     charge-discharge-relay to s                            <-  [charge-discharge-relay/to/s/single.machine.state]                                SingleMachineState       
2026-09-19 14:10:51.896   OUT mqtt         hw1.isone.me.versant.keene.beech.scada to admin        ->  [gw/hw1-isone-me-versant-keene-beech-scada/to/admin/single-machine-state]         SingleMachineState       
2026-09-19 14:10:51.897 --Proactor<s>.process_message  path:0x00000401
2026-09-19 14:10:51.897 ----------------------------------------------------------------------------------------
2026-09-19 14:10:51.897 
2026-09-19 14:10:51.897 ++++++++++++++++++++++++++++++++++++++++++++++++++++++++++++++++++++++++++++++++++++++++
2026-09-19 14:10:51.897 ++Proactor<s>.process_message  [hp-failsafe-relay/single.machine.state]
2026-09-19 14:10:51.898   IN  internal     hp-failsafe-relay to s                                 <-  [hp-failsafe-relay/to/s/single.machine.state]                                     SingleMachineState       
2026-09-19 14:10:51.898   OUT mqtt         hw1.isone.me.versant.keene.beech.scada to admin        ->  [gw/hw1-isone-me-versant-keene-beech-scada/to/admin/single-machine-state]         SingleMachineState       
2026-09-19 14:10:51.899 --Proactor<s>.process_message  path:0x00000401
2026-09-19 14:10:51.899 ----------------------------------------------------------------------------------------
2026-09-19 14:10:51.899 
2026-09-19 14:10:51.899 ++++++++++++++++++++++++++++++++++++++++++++++++++++++++++++++++++++++++++++++++++++++++
2026-09-19 14:10:51.900 ++Proactor<s>.process_message  [hp-scada-ops-relay/single.machine.state]
2026-09-19 14:10:51.900   IN  internal     hp-scada-ops-relay to s                                <-  [hp-scada-ops-relay/to/s/single.machine.state]                                    SingleMachineState       
2026-09-19 14:10:51.900   OUT mqtt         hw1.isone.me.versant.keene.beech.scada to admin        ->  [gw/hw1-isone-me-versant-keene-beech-scada/to/admin/single-machine-state]         SingleMachineState       
2026-09-19 14:10:51.901 --Proactor<s>.process_message  path:0x00000401
2026-09-19 14:10:51.901 ----------------------------------------------------------------------------------------
2026-09-19 14:10:51.902 
2026-09-19 14:10:51.902 ++++++++++++++++++++++++++++++++++++++++++++++++++++++++++++++++++++++++++++++++++++++++
2026-09-19 14:10:51.902 ++Proactor<s>.process_message  [aquastat-ctrl-relay/single.machine.state]
2026-09-19 14:10:51.902   IN  internal     aquastat-ctrl-relay to s                               <-  [aquastat-ctrl-relay/to/s/single.machine.state]                                   SingleMachineState       
2026-09-19 14:10:51.903   OUT mqtt         hw1.isone.me.versant.keene.beech.scada to admin        ->  [gw/hw1-isone-me-versant-keene-beech-scada/to/admin/single-machine-state]         SingleMachineState       
2026-09-19 14:10:51.903 --Proactor<s>.process_message  path:0x00000401
2026-09-19 14:10:51.904 ----------------------------------------------------------------------------------------
2026-09-19 14:10:51.904 
2026-09-19 14:10:51.904 ++++++++++++++++++++++++++++++++++++++++++++++++++++++++++++++++++++++++++++++++++++++++
2026-09-19 14:10:51.904 ++Proactor<s>.process_message  [store-pump-relay/single.machine.state]
2026-09-19 14:10:51.904   IN  internal     store-pump-relay to s                                  <-  [store-pump-relay/to/s/single.machine.state]                                      SingleMachineState       
2026-09-19 14:10:51.905   OUT mqtt         hw1.isone.me.versant.keene.beech.scada to admin        ->  [gw/hw1-isone-me-versant-keene-beech-scada/to/admin/single-machine-state]         SingleMachineState       
2026-09-19 14:10:51.906 --Proactor<s>.process_message  path:0x00000401
2026-09-19 14:10:51.906 ----------------------------------------------------------------------------------------
2026-09-19 14:10:51.906 
2026-09-19 14:10:51.906 ++++++++++++++++++++++++++++++++++++++++++++++++++++++++++++++++++++++++++++++++++++++++
2026-09-19 14:10:51.906 ++Proactor<s>.process_message  [primary-pump-failsafe-relay/single.machine.state]
2026-09-19 14:10:51.907   IN  internal     primary-pump-failsafe-relay to s                       <-  [primary-pump-failsafe-relay/to/s/single.machine.state]                           SingleMachineState       
2026-09-19 14:10:51.907   OUT mqtt         hw1.isone.me.versant.keene.beech.scada to admin        ->  [gw/hw1-isone-me-versant-keene-beech-scada/to/admin/single-machine-state]         SingleMachineState       
2026-09-19 14:10:51.908 --Proactor<s>.process_message  path:0x00000401
2026-09-19 14:10:51.908 ----------------------------------------------------------------------------------------
2026-09-19 14:10:51.908 
2026-09-19 14:10:51.908 ++++++++++++++++++++++++++++++++++++++++++++++++++++++++++++++++++++++++++++++++++++++++
2026-09-19 14:10:51.908 ++Proactor<s>.process_message  [primary-pump-scada-ops-relay/single.machine.state]
2026-09-19 14:10:51.909   IN  internal     primary-pump-scada-ops-relay to s                      <-  [primary-pump-scada-ops-relay/to/s/single.machine.state]                          SingleMachineState       
2026-09-19 14:10:51.909   OUT mqtt         hw1.isone.me.versant.keene.beech.scada to admin        ->  [gw/hw1-isone-me-versant-keene-beech-scada/to/admin/single-machine-state]         SingleMachineState       
2026-09-19 14:10:51.910 --Proactor<s>.process_message  path:0x00000401
2026-09-19 14:10:51.910 ----------------------------------------------------------------------------------------
2026-09-19 14:10:51.910 
2026-09-19 14:10:51.911 ++++++++++++++++++++++++++++++++++++++++++++++++++++++++++++++++++++++++++++++++++++++++
2026-09-19 14:10:51.911 ++Proactor<s>.process_message  [hp-loop-on-off-relay/single.machine.state]
2026-09-19 14:10:51.911   IN  internal     hp-loop-on-off-relay to s                              <-  [hp-loop-on-off-relay/to/s/single.machine.state]                                  SingleMachineState       
2026-09-19 14:10:51.912   OUT mqtt         hw1.isone.me.versant.keene.beech.scada to admin        ->  [gw/hw1-isone-me-versant-keene-beech-scada/to/admin/single-machine-state]         SingleMachineState       
2026-09-19 14:10:51.912 --Proactor<s>.process_message  path:0x00000401
2026-09-19 14:10:51.913 ----------------------------------------------------------------------------------------
2026-09-19 14:10:51.913 
2026-09-19 14:10:51.913 ++++++++++++++++++++++++++++++++++++++++++++++++++++++++++++++++++++++++++++++++++++++++
2026-09-19 14:10:51.913 ++Proactor<s>.process_message  [hp-loop-keep-send-relay/single.machine.state]
2026-09-19 14:10:51.913   IN  internal     hp-loop-keep-send-relay to s                           <-  [hp-loop-keep-send-relay/to/s/single.machine.state]                               SingleMachineState       
2026-09-19 14:10:51.914   OUT mqtt         hw1.isone.me.versant.keene.beech.scada to admin        ->  [gw/hw1-isone-me-versant-keene-beech-scada/to/admin/single-machine-state]         SingleMachineState       
2026-09-19 14:10:51.915 --Proactor<s>.process_message  path:0x00000401
2026-09-19 14:10:51.915 ----------------------------------------------------------------------------------------
2026-09-19 14:10:51.915 
2026-09-19 14:10:51.915 ++++++++++++++++++++++++++++++++++++++++++++++++++++++++++++++++++++++++++++++++++++++++
2026-09-19 14:10:51.915 ++Proactor<s>.process_message  [zone1-down-failsafe-relay/single.machine.state]
2026-09-19 14:10:51.915   IN  internal     zone1-down-failsafe-relay to s                         <-  [zone1-down-failsafe-relay/to/s/single.machine.state]                             SingleMachineState       
2026-09-19 14:10:51.916   OUT mqtt         hw1.isone.me.versant.keene.beech.scada to admin        ->  [gw/hw1-isone-me-versant-keene-beech-scada/to/admin/single-machine-state]         SingleMachineState       
2026-09-19 14:10:51.917 --Proactor<s>.process_message  path:0x00000401
2026-09-19 14:10:51.917 ----------------------------------------------------------------------------------------
2026-09-19 14:10:51.917 
2026-09-19 14:10:51.917 ++++++++++++++++++++++++++++++++++++++++++++++++++++++++++++++++++++++++++++++++++++++++
2026-09-19 14:10:51.917 ++Proactor<s>.process_message  [zone1-down-ops-relay/single.machine.state]
2026-09-19 14:10:51.918   IN  internal     zone1-down-ops-relay to s                              <-  [zone1-down-ops-relay/to/s/single.machine.state]                                  SingleMachineState       
2026-09-19 14:10:51.918   OUT mqtt         hw1.isone.me.versant.keene.beech.scada to admin        ->  [gw/hw1-isone-me-versant-keene-beech-scada/to/admin/single-machine-state]         SingleMachineState       
2026-09-19 14:10:51.919 --Proactor<s>.process_message  path:0x00000401
2026-09-19 14:10:51.919 ----------------------------------------------------------------------------------------
2026-09-19 14:10:51.920   OUT internal     zone2-up-failsafe-relay to s                           ->  [zone2-up-failsafe-relay/to/s/single.machine.state]                               SingleMachineState       
2026-09-19 14:10:51.920   OUT internal     zone2-up-ops-relay to s                                ->  [zone2-up-ops-relay/to/s/single.machine.state]                                    SingleMachineState       
2026-09-19 14:10:51.921 
2026-09-19 14:10:51.921 ++++++++++++++++++++++++++++++++++++++++++++++++++++++++++++++++++++++++++++++++++++++++
2026-09-19 14:10:51.921 ++Proactor<s>.process_message  [zone2-up-failsafe-relay/single.machine.state]
2026-09-19 14:10:51.921   IN  internal     zone2-up-failsafe-relay to s                           <-  [zone2-up-failsafe-relay/to/s/single.machine.state]                               SingleMachineState       
2026-09-19 14:10:51.922   OUT mqtt         hw1.isone.me.versant.keene.beech.scada to admin        ->  [gw/hw1-isone-me-versant-keene-beech-scada/to/admin/single-machine-state]         SingleMachineState       
2026-09-19 14:10:51.922 --Proactor<s>.process_message  path:0x00000401
2026-09-19 14:10:51.923 ----------------------------------------------------------------------------------------
2026-09-19 14:10:51.923 
2026-09-19 14:10:51.923 ++++++++++++++++++++++++++++++++++++++++++++++++++++++++++++++++++++++++++++++++++++++++
2026-09-19 14:10:51.923 ++Proactor<s>.process_message  [zone2-up-ops-relay/single.machine.state]
2026-09-19 14:10:51.923   IN  internal     zone2-up-ops-relay to s                                <-  [zone2-up-ops-relay/to/s/single.machine.state]                                    SingleMachineState       
2026-09-19 14:10:51.924   OUT mqtt         hw1.isone.me.versant.keene.beech.scada to admin        ->  [gw/hw1-isone-me-versant-keene-beech-scada/to/admin/single-machine-state]         SingleMachineState       
2026-09-19 14:10:51.925 --Proactor<s>.process_message  path:0x00000401
2026-09-19 14:10:51.925 ----------------------------------------------------------------------------------------
2026-09-19 14:10:52.039 [sieg-loop] keep seconds 98.0  [efc8]
2026-09-19 14:10:52.884   OUT internal     pico-cycler to s                                       ->  [pico-cycler/to/s/machine.states]                                                 MachineStates            
2026-09-19 14:10:52.890 [pico-cycler] TRIGGERING PICO REBOOT! startup
2026-09-19 14:10:52.890   OUT internal     pico-cycler to vdc-relay                               ->  [pico-cycler/to/vdc-relay/fsm.event]                                              FsmEvent                 
2026-09-19 14:10:52.891 [pico-cycler] OpenRelay to vdc-relay
2026-09-19 14:10:52.891 
2026-09-19 14:10:52.891 ++++++++++++++++++++++++++++++++++++++++++++++++++++++++++++++++++++++++++++++++++++++++
2026-09-19 14:10:52.891 ++Proactor<s>.process_message  [pico-cycler/machine.states]
2026-09-19 14:10:52.892   IN  internal     pico-cycler to s                                       <-  [pico-cycler/to/s/machine.states]                                                 MachineStates            
2026-09-19 14:10:52.892   OUT mqtt         hw1.isone.me.versant.keene.beech.scada to admin        ->  [gw/hw1-isone-me-versant-keene-beech-scada/to/admin/single-machine-state]         SingleMachineState       
2026-09-19 14:10:52.893 --Proactor<s>.process_message  path:0x00000401
2026-09-19 14:10:52.893 ----------------------------------------------------------------------------------------
2026-09-19 14:10:52.893 
2026-09-19 14:10:52.894 ++++++++++++++++++++++++++++++++++++++++++++++++++++++++++++++++++++++++++++++++++++++++
2026-09-19 14:10:52.894 ++Proactor<s>.process_message  [pico-cycler/fsm.event]
2026-09-19 14:10:52.894   IN  internal     pico-cycler to vdc-relay                               <-  [pico-cycler/to/vdc-relay/fsm.event]                                              FsmEvent                 
2026-09-19 14:10:52.895   OUT internal     vdc-relay to pico-cycler                               ->  [vdc-relay/to/pico-cycler/gw.dispatch.ack]                                        DispatchAck              
2026-09-19 14:10:52.895 --Proactor<s>.process_message  path:0x00000401
2026-09-19 14:10:52.895 ----------------------------------------------------------------------------------------
2026-09-19 14:10:52.896 
2026-09-19 14:10:52.896 ++++++++++++++++++++++++++++++++++++++++++++++++++++++++++++++++++++++++++++++++++++++++
2026-09-19 14:10:52.896 ++Proactor<s>.process_message  [vdc-relay/gw.dispatch.ack]
2026-09-19 14:10:52.896   IN  internal     vdc-relay to pico-cycler                               <-  [vdc-relay/to/pico-cycler/gw.dispatch.ack]                                        DispatchAck              
2026-09-19 14:10:52.897 ++pico_cycler  gw.dispatch.ack
2026-09-19 14:10:52.897 --pico_cycler  path:0x00000021
2026-09-19 14:10:52.897 --Proactor<s>.process_message  path:0x00000401
2026-09-19 14:10:52.897 ----------------------------------------------------------------------------------------
2026-09-19 14:10:52.898   OUT internal     vdc-relay to i2c-bus                                   ->  [vdc-relay/to/i2c-bus/i2c.write.bit]                                              I2cWriteBit              
2026-09-19 14:10:52.898 
2026-09-19 14:10:52.899 ++++++++++++++++++++++++++++++++++++++++++++++++++++++++++++++++++++++++++++++++++++++++
2026-09-19 14:10:52.899 ++Proactor<s>.process_message  [vdc-relay/i2c.write.bit]
2026-09-19 14:10:52.899   IN  internal     vdc-relay to i2c-bus                                   <-  [vdc-relay/to/i2c-bus/i2c.write.bit]                                              I2cWriteBit              
2026-09-19 14:10:52.901   OUT internal     i2c-bus to vdc-relay                                   ->  [i2c-bus/to/vdc-relay/i2c.result]                                                 I2cResult                
2026-09-19 14:10:52.901 --Proactor<s>.process_message  path:0x00000401
2026-09-19 14:10:52.901 ----------------------------------------------------------------------------------------
2026-09-19 14:10:52.901 
2026-09-19 14:10:52.902 ++++++++++++++++++++++++++++++++++++++++++++++++++++++++++++++++++++++++++++++++++++++++
2026-09-19 14:10:52.902 ++Proactor<s>.process_message  [i2c-bus/i2c.result]
2026-09-19 14:10:52.902   IN  internal     i2c-bus to vdc-relay                                   <-  [i2c-bus/to/vdc-relay/i2c.result]                                                 I2cResult                
2026-09-19 14:10:52.902 --Proactor<s>.process_message  path:0x00000401
2026-09-19 14:10:52.903 ----------------------------------------------------------------------------------------
2026-09-19 14:10:52.903   OUT internal     vdc-relay to s                                         ->  [vdc-relay/to/s/single.machine.state]                                             SingleMachineState       
2026-09-19 14:10:52.904   OUT internal     vdc-relay to pico-cycler                               ->  [vdc-relay/to/pico-cycler/fsm.full.report]                                        FsmFullReport            
2026-09-19 14:10:52.904 
2026-09-19 14:10:52.904 ++++++++++++++++++++++++++++++++++++++++++++++++++++++++++++++++++++++++++++++++++++++++
2026-09-19 14:10:52.904 ++Proactor<s>.process_message  [vdc-relay/single.machine.state]
2026-09-19 14:10:52.905   IN  internal     vdc-relay to s                                         <-  [vdc-relay/to/s/single.machine.state]                                             SingleMachineState       
2026-09-19 14:10:52.905   OUT mqtt         hw1.isone.me.versant.keene.beech.scada to admin        ->  [gw/hw1-isone-me-versant-keene-beech-scada/to/admin/single-machine-state]         SingleMachineState       
2026-09-19 14:10:52.906 --Proactor<s>.process_message  path:0x00000401
2026-09-19 14:10:52.906 ----------------------------------------------------------------------------------------
2026-09-19 14:10:52.906 
2026-09-19 14:10:52.907 ++++++++++++++++++++++++++++++++++++++++++++++++++++++++++++++++++++++++++++++++++++++++
2026-09-19 14:10:52.907 ++Proactor<s>.process_message  [vdc-relay/fsm.full.report]
2026-09-19 14:10:52.907   IN  internal     vdc-relay to pico-cycler                               <-  [vdc-relay/to/pico-cycler/fsm.full.report]                                        FsmFullReport            
2026-09-19 14:10:52.907 ++pico_cycler  fsm.full.report
2026-09-19 14:10:52.908   OUT internal     pico-cycler to s                                       ->  [pico-cycler/to/s/machine.states]                                                 MachineStates            
2026-09-19 14:10:52.909 --pico_cycler  path:0x00000005
2026-09-19 14:10:52.909 --Proactor<s>.process_message  path:0x00000401
2026-09-19 14:10:52.909 ----------------------------------------------------------------------------------------
2026-09-19 14:10:52.909 
2026-09-19 14:10:52.909 ++++++++++++++++++++++++++++++++++++++++++++++++++++++++++++++++++++++++++++++++++++++++
2026-09-19 14:10:52.909 ++Proactor<s>.process_message  [pico-cycler/machine.states]
2026-09-19 14:10:52.910   IN  internal     pico-cycler to s                                       <-  [pico-cycler/to/s/machine.states]                                                 MachineStates            
2026-09-19 14:10:52.910   OUT mqtt         hw1.isone.me.versant.keene.beech.scada to admin        ->  [gw/hw1-isone-me-versant-keene-beech-scada/to/admin/single-machine-state]         SingleMachineState       
2026-09-19 14:10:52.911 --Proactor<s>.process_message  path:0x00000401
2026-09-19 14:10:52.911 ----------------------------------------------------------------------------------------
2026-09-19 14:10:53.041 [sieg-loop] keep seconds 97.0  [efc8]
2026-09-19 14:10:54.012 [scada] About to initialize contracts
2026-09-19 14:10:54.013 No contract
2026-09-19 14:10:54.014 Starting with no contract
2026-09-19 14:10:54.042 [sieg-loop] keep seconds 96.0  [efc8]
2026-09-19 14:10:55.025 
2026-09-19 14:10:55.026 ++++++++++++++++++++++++++++++++++++++++++++++++++++++++++++++++++++++++++++++++++++++++
2026-09-19 14:10:55.027 ++Proactor<s>._process_ack_timeout d42ff512-2345-4445-bee9-b6304da8681c
2026-09-19 14:10:55.027 ++LinkManager.process_ack_timeout  <local_mqtt>  <d42ff512-2345-4445-bee9-b6304da8681c>
2026-09-19 14:10:55.029 --LinkManager.process_ack_timeout path:0x00000001
2026-09-19 14:10:55.030 --Proactor<s>._process_ack_timeout path:0x00000001
2026-09-19 14:10:55.030 ----------------------------------------------------------------------------------------
2026-09-19 14:10:55.031 
2026-09-19 14:10:55.032 ++++++++++++++++++++++++++++++++++++++++++++++++++++++++++++++++++++++++++++++++++++++++
2026-09-19 14:10:55.032 ++Proactor<s>._process_ack_timeout 6d2a6d06-8c41-4014-bf20-014222d7f74e
2026-09-19 14:10:55.033 ++LinkManager.process_ack_timeout  <admin>  <6d2a6d06-8c41-4014-bf20-014222d7f74e>
2026-09-19 14:10:55.034 --LinkManager.process_ack_timeout path:0x00000001
2026-09-19 14:10:55.034 --Proactor<s>._process_ack_timeout path:0x00000001
2026-09-19 14:10:55.035 ----------------------------------------------------------------------------------------
2026-09-19 14:10:55.044 [sieg-loop] keep seconds 95.0  [efc8]
2026-09-19 14:10:55.150 
2026-09-19 14:10:55.150 ++++++++++++++++++++++++++++++++++++++++++++++++++++++++++++++++++++++++++++++++++++++++
2026-09-19 14:10:55.151 ++Proactor<s>._process_ack_timeout 9d3af168-f935-4321-b091-5ca7e6a482e0
2026-09-19 14:10:55.151 ++LinkManager.process_ack_timeout  <gridworks_mqtt>  <9d3af168-f935-4321-b091-5ca7e6a482e0>
2026-09-19 14:10:55.152 --LinkManager.process_ack_timeout path:0x00000001
2026-09-19 14:10:55.152 --Proactor<s>._process_ack_timeout path:0x00000001
2026-09-19 14:10:55.152 ----------------------------------------------------------------------------------------
2026-09-19 14:10:56.045 [sieg-loop] keep seconds 94.0  [efc8]
2026-09-19 14:10:57.047 [sieg-loop] keep seconds 93.0  [efc8]
2026-09-19 14:10:57.915   OUT internal     pico-cycler to s                                       ->  [pico-cycler/to/s/machine.states]                                                 MachineStates            
2026-09-19 14:10:57.916   OUT internal     pico-cycler to vdc-relay                               ->  [pico-cycler/to/vdc-relay/fsm.event]                                              FsmEvent                 
2026-09-19 14:10:57.917 [pico-cycler] CloseRelay to vdc-relay
2026-09-19 14:10:57.918 
2026-09-19 14:10:57.918 ++++++++++++++++++++++++++++++++++++++++++++++++++++++++++++++++++++++++++++++++++++++++
2026-09-19 14:10:57.919 ++Proactor<s>.process_message  [pico-cycler/machine.states]
2026-09-19 14:10:57.919   IN  internal     pico-cycler to s                                       <-  [pico-cycler/to/s/machine.states]                                                 MachineStates            
2026-09-19 14:10:57.921   OUT mqtt         hw1.isone.me.versant.keene.beech.scada to admin        ->  [gw/hw1-isone-me-versant-keene-beech-scada/to/admin/single-machine-state]         SingleMachineState       
2026-09-19 14:10:57.923 --Proactor<s>.process_message  path:0x00000401
2026-09-19 14:10:57.923 ----------------------------------------------------------------------------------------
2026-09-19 14:10:57.924 
2026-09-19 14:10:57.924 ++++++++++++++++++++++++++++++++++++++++++++++++++++++++++++++++++++++++++++++++++++++++
2026-09-19 14:10:57.925 ++Proactor<s>.process_message  [pico-cycler/fsm.event]
2026-09-19 14:10:57.925   IN  internal     pico-cycler to vdc-relay                               <-  [pico-cycler/to/vdc-relay/fsm.event]                                              FsmEvent                 
2026-09-19 14:10:57.927   OUT internal     vdc-relay to pico-cycler                               ->  [vdc-relay/to/pico-cycler/gw.dispatch.ack]                                        DispatchAck              
2026-09-19 14:10:57.928 --Proactor<s>.process_message  path:0x00000401
2026-09-19 14:10:57.929 ----------------------------------------------------------------------------------------
2026-09-19 14:10:57.929 
2026-09-19 14:10:57.930 ++++++++++++++++++++++++++++++++++++++++++++++++++++++++++++++++++++++++++++++++++++++++
2026-09-19 14:10:57.930 ++Proactor<s>.process_message  [vdc-relay/gw.dispatch.ack]
2026-09-19 14:10:57.931   IN  internal     vdc-relay to pico-cycler                               <-  [vdc-relay/to/pico-cycler/gw.dispatch.ack]                                        DispatchAck              
2026-09-19 14:10:57.932 ++pico_cycler  gw.dispatch.ack
2026-09-19 14:10:57.932 --pico_cycler  path:0x00000021
2026-09-19 14:10:57.933 --Proactor<s>.process_message  path:0x00000401
2026-09-19 14:10:57.934 ----------------------------------------------------------------------------------------
2026-09-19 14:10:57.936   OUT internal     vdc-relay to i2c-bus                                   ->  [vdc-relay/to/i2c-bus/i2c.write.bit]                                              I2cWriteBit              
2026-09-19 14:10:57.937 
2026-09-19 14:10:57.938 ++++++++++++++++++++++++++++++++++++++++++++++++++++++++++++++++++++++++++++++++++++++++
2026-09-19 14:10:57.938 ++Proactor<s>.process_message  [vdc-relay/i2c.write.bit]
2026-09-19 14:10:57.939   IN  internal     vdc-relay to i2c-bus                                   <-  [vdc-relay/to/i2c-bus/i2c.write.bit]                                              I2cWriteBit              
2026-09-19 14:10:57.943   OUT internal     i2c-bus to vdc-relay                                   ->  [i2c-bus/to/vdc-relay/i2c.result]                                                 I2cResult                
2026-09-19 14:10:57.943 --Proactor<s>.process_message  path:0x00000401
2026-09-19 14:10:57.944 ----------------------------------------------------------------------------------------
2026-09-19 14:10:57.944 
2026-09-19 14:10:57.945 ++++++++++++++++++++++++++++++++++++++++++++++++++++++++++++++++++++++++++++++++++++++++
2026-09-19 14:10:57.945 ++Proactor<s>.process_message  [i2c-bus/i2c.result]
2026-09-19 14:10:57.946   IN  internal     i2c-bus to vdc-relay                                   <-  [i2c-bus/to/vdc-relay/i2c.result]                                                 I2cResult                
2026-09-19 14:10:57.947 --Proactor<s>.process_message  path:0x00000401
2026-09-19 14:10:57.948 ----------------------------------------------------------------------------------------
2026-09-19 14:10:57.950   OUT internal     vdc-relay to s                                         ->  [vdc-relay/to/s/single.machine.state]                                             SingleMachineState       
2026-09-19 14:10:57.952   OUT internal     vdc-relay to pico-cycler                               ->  [vdc-relay/to/pico-cycler/fsm.full.report]                                        FsmFullReport            
2026-09-19 14:10:57.952 
2026-09-19 14:10:57.953 ++++++++++++++++++++++++++++++++++++++++++++++++++++++++++++++++++++++++++++++++++++++++
2026-09-19 14:10:57.953 ++Proactor<s>.process_message  [vdc-relay/single.machine.state]
2026-09-19 14:10:57.954   IN  internal     vdc-relay to s                                         <-  [vdc-relay/to/s/single.machine.state]                                             SingleMachineState       
2026-09-19 14:10:57.956   OUT mqtt         hw1.isone.me.versant.keene.beech.scada to admin        ->  [gw/hw1-isone-me-versant-keene-beech-scada/to/admin/single-machine-state]         SingleMachineState       
2026-09-19 14:10:57.957 --Proactor<s>.process_message  path:0x00000401
2026-09-19 14:10:57.958 ----------------------------------------------------------------------------------------
2026-09-19 14:10:57.958 
2026-09-19 14:10:57.959 ++++++++++++++++++++++++++++++++++++++++++++++++++++++++++++++++++++++++++++++++++++++++
2026-09-19 14:10:57.959 ++Proactor<s>.process_message  [vdc-relay/fsm.full.report]
2026-09-19 14:10:57.960   IN  internal     vdc-relay to pico-cycler                               <-  [vdc-relay/to/pico-cycler/fsm.full.report]                                        FsmFullReport            
2026-09-19 14:10:57.961 ++pico_cycler  fsm.full.report
2026-09-19 14:10:57.963   OUT internal     pico-cycler to s                                       ->  [pico-cycler/to/s/machine.states]                                                 MachineStates            
2026-09-19 14:10:57.964 --pico_cycler  path:0x00000005
2026-09-19 14:10:57.964 --Proactor<s>.process_message  path:0x00000401
2026-09-19 14:10:57.965 ----------------------------------------------------------------------------------------
2026-09-19 14:10:57.965 
2026-09-19 14:10:57.966 ++++++++++++++++++++++++++++++++++++++++++++++++++++++++++++++++++++++++++++++++++++++++
2026-09-19 14:10:57.966 ++Proactor<s>.process_message  [pico-cycler/machine.states]
2026-09-19 14:10:57.967   IN  internal     pico-cycler to s                                       <-  [pico-cycler/to/s/machine.states]                                                 MachineStates            
2026-09-19 14:10:57.969   OUT mqtt         hw1.isone.me.versant.keene.beech.scada to admin        ->  [gw/hw1-isone-me-versant-keene-beech-scada/to/admin/single-machine-state]         SingleMachineState       
2026-09-19 14:10:57.970 --Proactor<s>.process_message  path:0x00000401
2026-09-19 14:10:57.971 ----------------------------------------------------------------------------------------
2026-09-19 14:10:58.049 [sieg-loop] keep seconds 92.0  [efc8]
2026-09-19 14:10:59.049 [sieg-loop] keep seconds 91.0  [efc8]
2026-09-19 14:11:00.002   OUT mqtt         hw1.isone.me.versant.keene.beech.scada to ltn          ->  [gw/hw1-isone-me-versant-keene-beech-scada/to/ltn/snapshot-spaceheat]             SnapshotSpaceheat        
2026-09-19 14:11:00.004   OUT mqtt         hw1.isone.me.versant.keene.beech.scada to admin        ->  [gw/hw1-isone-me-versant-keene-beech-scada/to/admin/snapshot-spaceheat]           SnapshotSpaceheat        
2026-09-19 14:11:00.050 [sieg-loop] keep seconds 90.0  [efc8]
2026-09-19 14:11:01.051 [sieg-loop] keep seconds 89.0  [efc8]
2026-09-19 14:11:02.052 [sieg-loop] keep seconds 88.0  [efc8]
2026-09-19 14:11:03.054 [sieg-loop] keep seconds 87.0  [efc8]
2026-09-19 14:11:04.061 [sieg-loop] keep seconds 86.0  [efc8]
2026-09-19 14:11:05.063 [sieg-loop] keep seconds 85.0  [efc8]
2026-09-19 14:11:06.065 [sieg-loop] keep seconds 84.0  [efc8]
2026-09-19 14:11:07.066 [sieg-loop] keep seconds 83.0  [efc8]
2026-09-19 14:11:07.394   OUT internal     store-flow to pico-cycler                              ->  [store-flow/to/pico-cycler/pico.missing]                                          PicoMissing              
2026-09-19 14:11:07.395 
2026-09-19 14:11:07.395 ++++++++++++++++++++++++++++++++++++++++++++++++++++++++++++++++++++++++++++++++++++++++
2026-09-19 14:11:07.396 ++Proactor<s>.process_message  [store-flow/pico.missing]
2026-09-19 14:11:07.396   IN  internal     store-flow to pico-cycler                              <-  [store-flow/to/pico-cycler/pico.missing]                                          PicoMissing              
2026-09-19 14:11:07.398 ++pico_cycler  pico.missing
2026-09-19 14:11:07.398 --pico_cycler  path:0x00000009
2026-09-19 14:11:07.399 --Proactor<s>.process_message  path:0x00000401
2026-09-19 14:11:07.399 ----------------------------------------------------------------------------------------
2026-09-19 14:11:07.954   OUT internal     sieg-flow to pico-cycler                               ->  [sieg-flow/to/pico-cycler/pico.missing]                                           PicoMissing              
2026-09-19 14:11:07.955 
2026-09-19 14:11:07.955 ++++++++++++++++++++++++++++++++++++++++++++++++++++++++++++++++++++++++++++++++++++++++
2026-09-19 14:11:07.955 ++Proactor<s>.process_message  [sieg-flow/pico.missing]
2026-09-19 14:11:07.955   IN  internal     sieg-flow to pico-cycler                               <-  [sieg-flow/to/pico-cycler/pico.missing]                                           PicoMissing              
2026-09-19 14:11:07.956 ++pico_cycler  pico.missing
2026-09-19 14:11:07.956 --pico_cycler  path:0x00000009
2026-09-19 14:11:07.956 --Proactor<s>.process_message  path:0x00000401
2026-09-19 14:11:07.956 ----------------------------------------------------------------------------------------
2026-09-19 14:11:08.068 [sieg-loop] keep seconds 82.0  [efc8]
2026-09-19 14:11:09.078 [sieg-loop] keep seconds 81.0  [efc8]
2026-09-19 14:11:10.079 [sieg-loop] keep seconds 80.0  [efc8]
2026-09-19 14:11:11.079 [sieg-loop] keep seconds 79.0  [efc8]
2026-09-19 14:11:12.080 [sieg-loop] keep seconds 78.0  [efc8]
2026-09-19 14:11:13.082 [sieg-loop] keep seconds 77.0  [efc8]
2026-09-19 14:11:14.090 [sieg-loop] keep seconds 76.0  [efc8]
2026-09-19 14:11:14.896   OUT internal     dist2-flow to pico-cycler                              ->  [dist2-flow/to/pico-cycler/pico.missing]                                          PicoMissing              
2026-09-19 14:11:14.897 
2026-09-19 14:11:14.898 ++++++++++++++++++++++++++++++++++++++++++++++++++++++++++++++++++++++++++++++++++++++++
2026-09-19 14:11:14.899 ++Proactor<s>.process_message  [dist2-flow/pico.missing]
2026-09-19 14:11:14.899   IN  internal     dist2-flow to pico-cycler                              <-  [dist2-flow/to/pico-cycler/pico.missing]                                          PicoMissing              
2026-09-19 14:11:14.901 ++pico_cycler  pico.missing
2026-09-19 14:11:14.901 --pico_cycler  path:0x00000009
2026-09-19 14:11:14.902 --Proactor<s>.process_message  path:0x00000401
2026-09-19 14:11:14.902 ----------------------------------------------------------------------------------------
2026-09-19 14:11:15.092 [sieg-loop] keep seconds 75.0  [efc8]
2026-09-19 14:11:16.093 [sieg-loop] keep seconds 74.0  [efc8]
2026-09-19 14:11:17.095 [sieg-loop] keep seconds 73.0  [efc8]
2026-09-19 14:11:18.097 [sieg-loop] keep seconds 72.0  [efc8]
2026-09-19 14:11:19.104 [sieg-loop] keep seconds 71.0  [efc8]
2026-09-19 14:11:19.886 [sieg-loop] Engaging brain, control state is Blind, hp boss state is HpOff
2026-09-19 14:11:19.888   OUT internal     sieg-loop to s                                         ->  [sieg-loop/to/s/single.machine.state]                                             SingleMachineState       
2026-09-19 14:11:19.889 
2026-09-19 14:11:19.889 ++++++++++++++++++++++++++++++++++++++++++++++++++++++++++++++++++++++++++++++++++++++++
2026-09-19 14:11:19.890 ++Proactor<s>.process_message  [sieg-loop/single.machine.state]
2026-09-19 14:11:19.891   IN  internal     sieg-loop to s                                         <-  [sieg-loop/to/s/single.machine.state]                                             SingleMachineState       
2026-09-19 14:11:19.892 --Proactor<s>.process_message  path:0x00000401
2026-09-19 14:11:19.892 ----------------------------------------------------------------------------------------
2026-09-19 14:11:20.106 [sieg-loop] keep seconds 70.0  [efc8]
2026-09-19 14:11:21.108 [sieg-loop] keep seconds 69.0  [efc8]
2026-09-19 14:11:22.110 [sieg-loop] keep seconds 68.0  [efc8]
2026-09-19 14:11:23.112 [sieg-loop] keep seconds 67.0  [efc8]
2026-09-19 14:11:24.118 [sieg-loop] keep seconds 66.0  [efc8]
2026-09-19 14:11:25.120 [sieg-loop] keep seconds 65.0  [efc8]
2026-09-19 14:11:26.122 [sieg-loop] keep seconds 64.0  [efc8]
2026-09-19 14:11:27.124 [sieg-loop] keep seconds 63.0  [efc8]
2026-09-19 14:11:28.125 [sieg-loop] keep seconds 62.0  [efc8]
2026-09-19 14:11:29.131 [sieg-loop] keep seconds 61.0  [efc8]
2026-09-19 14:11:30.003   OUT mqtt         hw1.isone.me.versant.keene.beech.scada to ltn          ->  [gw/hw1-isone-me-versant-keene-beech-scada/to/ltn/snapshot-spaceheat]             SnapshotSpaceheat        
2026-09-19 14:11:30.006   OUT mqtt         hw1.isone.me.versant.keene.beech.scada to admin        ->  [gw/hw1-isone-me-versant-keene-beech-scada/to/admin/snapshot-spaceheat]           SnapshotSpaceheat        
2026-09-19 14:11:30.133 [sieg-loop] keep seconds 59.9  [efc8]
2026-09-19 14:11:31.134 [sieg-loop] keep seconds 58.9  [efc8]
2026-09-19 14:11:32.136 [sieg-loop] keep seconds 57.9  [efc8]
2026-09-19 14:11:33.138 [sieg-loop] keep seconds 56.9  [efc8]
2026-09-19 14:11:34.143 [sieg-loop] keep seconds 55.9  [efc8]
2026-09-19 14:11:35.145 [sieg-loop] keep seconds 54.9  [efc8]
2026-09-19 14:11:36.146 [sieg-loop] keep seconds 53.9  [efc8]
2026-09-19 14:11:37.148 [sieg-loop] keep seconds 52.9  [efc8]
2026-09-19 14:11:38.149 [sieg-loop] keep seconds 51.9  [efc8]
2026-09-19 14:11:39.154 [sieg-loop] keep seconds 50.9  [efc8]
2026-09-19 14:11:40.156 [sieg-loop] keep seconds 49.9  [efc8]
2026-09-19 14:11:41.157 [sieg-loop] keep seconds 48.9  [efc8]
2026-09-19 14:11:42.159 [sieg-loop] keep seconds 47.9  [efc8]
2026-09-19 14:11:43.162 [sieg-loop] keep seconds 46.9  [efc8]
2026-09-19 14:11:44.167 [sieg-loop] keep seconds 45.9  [efc8]
2026-09-19 14:11:45.169 [sieg-loop] keep seconds 44.9  [efc8]
2026-09-19 14:11:46.171 [sieg-loop] keep seconds 43.9  [efc8]
2026-09-19 14:11:47.172 [sieg-loop] keep seconds 42.9  [efc8]
2026-09-19 14:11:48.174 [sieg-loop] keep seconds 41.9  [efc8]
2026-09-19 14:11:49.179 [sieg-loop] keep seconds 40.9  [efc8]
2026-09-19 14:11:49.890 [sieg-loop] Engaging brain, control state is Blind, hp boss state is HpOff
2026-09-19 14:11:49.891   OUT internal     sieg-loop to s                                         ->  [sieg-loop/to/s/single.machine.state]                                             SingleMachineState       
2026-09-19 14:11:49.892 
2026-09-19 14:11:49.893 ++++++++++++++++++++++++++++++++++++++++++++++++++++++++++++++++++++++++++++++++++++++++
2026-09-19 14:11:49.893 ++Proactor<s>.process_message  [sieg-loop/single.machine.state]
2026-09-19 14:11:49.894   IN  internal     sieg-loop to s                                         <-  [sieg-loop/to/s/single.machine.state]                                             SingleMachineState       
2026-09-19 14:11:49.895 --Proactor<s>.process_message  path:0x00000401
2026-09-19 14:11:49.896 ----------------------------------------------------------------------------------------
2026-09-19 14:11:50.026   OUT mqtt         hw1.isone.me.versant.keene.beech.scada to s2           ->  [gw/hw1-isone-me-versant-keene-beech-scada/to/s2/gridworks-ping]                  Ping                      e46c893d...
2026-09-19 14:11:50.133   OUT internal     dist-010v to i2c-bus                                   ->  [dist-010v/to/i2c-bus/i2c.write.reg]                                              I2cWriteReg              
2026-09-19 14:11:50.135   OUT internal     primary-010v to i2c-bus                                ->  [primary-010v/to/i2c-bus/i2c.write.reg]                                           I2cWriteReg              
2026-09-19 14:11:50.136 
2026-09-19 14:11:50.136 ++++++++++++++++++++++++++++++++++++++++++++++++++++++++++++++++++++++++++++++++++++++++
2026-09-19 14:11:50.137 ++Proactor<s>.process_message  [dist-010v/i2c.write.reg]
2026-09-19 14:11:50.137   IN  internal     dist-010v to i2c-bus                                   <-  [dist-010v/to/i2c-bus/i2c.write.reg]                                              I2cWriteReg              
2026-09-19 14:11:50.140   OUT internal     i2c-bus to dist-010v                                   ->  [i2c-bus/to/dist-010v/i2c.result]                                                 I2cResult                
2026-09-19 14:11:50.141 --Proactor<s>.process_message  path:0x00000401
2026-09-19 14:11:50.141 ----------------------------------------------------------------------------------------
2026-09-19 14:11:50.142 
2026-09-19 14:11:50.142 ++++++++++++++++++++++++++++++++++++++++++++++++++++++++++++++++++++++++++++++++++++++++
2026-09-19 14:11:50.143 ++Proactor<s>.process_message  [primary-010v/i2c.write.reg]
2026-09-19 14:11:50.143   IN  internal     primary-010v to i2c-bus                                <-  [primary-010v/to/i2c-bus/i2c.write.reg]                                           I2cWriteReg              
2026-09-19 14:11:50.146   OUT internal     i2c-bus to primary-010v                                ->  [i2c-bus/to/primary-010v/i2c.result]                                              I2cResult                
2026-09-19 14:11:50.147 --Proactor<s>.process_message  path:0x00000401
2026-09-19 14:11:50.147 ----------------------------------------------------------------------------------------
2026-09-19 14:11:50.147 
2026-09-19 14:11:50.148 ++++++++++++++++++++++++++++++++++++++++++++++++++++++++++++++++++++++++++++++++++++++++
2026-09-19 14:11:50.148 ++Proactor<s>.process_message  [i2c-bus/i2c.result]
2026-09-19 14:11:50.149   IN  internal     i2c-bus to dist-010v                                   <-  [i2c-bus/to/dist-010v/i2c.result]                                                 I2cResult                
2026-09-19 14:11:50.150 --Proactor<s>.process_message  path:0x00000401
2026-09-19 14:11:50.150 ----------------------------------------------------------------------------------------
2026-09-19 14:11:50.151 
2026-09-19 14:11:50.151 ++++++++++++++++++++++++++++++++++++++++++++++++++++++++++++++++++++++++++++++++++++++++
2026-09-19 14:11:50.152 ++Proactor<s>.process_message  [i2c-bus/i2c.result]
2026-09-19 14:11:50.152   IN  internal     i2c-bus to primary-010v                                <-  [i2c-bus/to/primary-010v/i2c.result]                                              I2cResult                
2026-09-19 14:11:50.153 --Proactor<s>.process_message  path:0x00000401
2026-09-19 14:11:50.154 ----------------------------------------------------------------------------------------
2026-09-19 14:11:50.155   OUT internal     dist-010v to s                                         ->  [dist-010v/to/s/single.reading]                                                   SingleReading            
2026-09-19 14:11:50.156   OUT internal     primary-010v to s                                      ->  [primary-010v/to/s/single.reading]                                                SingleReading            
2026-09-19 14:11:50.158   OUT internal     store-010v to i2c-bus                                  ->  [store-010v/to/i2c-bus/i2c.write.reg]                                             I2cWriteReg              
2026-09-19 14:11:50.159 
2026-09-19 14:11:50.159 ++++++++++++++++++++++++++++++++++++++++++++++++++++++++++++++++++++++++++++++++++++++++
2026-09-19 14:11:50.160 ++Proactor<s>.process_message  [dist-010v/single.reading]
2026-09-19 14:11:50.160   IN  internal     dist-010v to s                                         <-  [dist-010v/to/s/single.reading]                                                   SingleReading            
2026-09-19 14:11:50.162   OUT mqtt         hw1.isone.me.versant.keene.beech.scada to admin        ->  [gw/hw1-isone-me-versant-keene-beech-scada/to/admin/single-reading]               SingleReading            
2026-09-19 14:11:50.163 --Proactor<s>.process_message  path:0x00000401
2026-09-19 14:11:50.163 ----------------------------------------------------------------------------------------
2026-09-19 14:11:50.164 
2026-09-19 14:11:50.164 ++++++++++++++++++++++++++++++++++++++++++++++++++++++++++++++++++++++++++++++++++++++++
2026-09-19 14:11:50.165 ++Proactor<s>.process_message  [primary-010v/single.reading]
2026-09-19 14:11:50.165   IN  internal     primary-010v to s                                      <-  [primary-010v/to/s/single.reading]                                                SingleReading            
2026-09-19 14:11:50.167   OUT mqtt         hw1.isone.me.versant.keene.beech.scada to admin        ->  [gw/hw1-isone-me-versant-keene-beech-scada/to/admin/single-reading]               SingleReading            
2026-09-19 14:11:50.168 --Proactor<s>.process_message  path:0x00000401
2026-09-19 14:11:50.168 ----------------------------------------------------------------------------------------
2026-09-19 14:11:50.169 
2026-09-19 14:11:50.169 ++++++++++++++++++++++++++++++++++++++++++++++++++++++++++++++++++++++++++++++++++++++++
2026-09-19 14:11:50.170 ++Proactor<s>.process_message  [store-010v/i2c.write.reg]
2026-09-19 14:11:50.170   IN  internal     store-010v to i2c-bus                                  <-  [store-010v/to/i2c-bus/i2c.write.reg]                                             I2cWriteReg              
2026-09-19 14:11:50.173   OUT internal     i2c-bus to store-010v                                  ->  [i2c-bus/to/store-010v/i2c.result]                                                I2cResult                
2026-09-19 14:11:50.174 --Proactor<s>.process_message  path:0x00000401
2026-09-19 14:11:50.174 ----------------------------------------------------------------------------------------
2026-09-19 14:11:50.174 
2026-09-19 14:11:50.175 ++++++++++++++++++++++++++++++++++++++++++++++++++++++++++++++++++++++++++++++++++++++++
2026-09-19 14:11:50.175 ++Proactor<s>.process_message  [i2c-bus/i2c.result]
2026-09-19 14:11:50.176   IN  internal     i2c-bus to store-010v                                  <-  [i2c-bus/to/store-010v/i2c.result]                                                I2cResult                
2026-09-19 14:11:50.177 --Proactor<s>.process_message  path:0x00000401
2026-09-19 14:11:50.177 ----------------------------------------------------------------------------------------
2026-09-19 14:11:50.179   OUT internal     store-010v to s                                        ->  [store-010v/to/s/single.reading]                                                  SingleReading            
2026-09-19 14:11:50.180 
2026-09-19 14:11:50.181 ++++++++++++++++++++++++++++++++++++++++++++++++++++++++++++++++++++++++++++++++++++++++
2026-09-19 14:11:50.181 ++Proactor<s>.process_message  [store-010v/single.reading]
2026-09-19 14:11:50.182   IN  internal     store-010v to s                                        <-  [store-010v/to/s/single.reading]                                                  SingleReading            
2026-09-19 14:11:50.183   OUT mqtt         hw1.isone.me.versant.keene.beech.scada to admin        ->  [gw/hw1-isone-me-versant-keene-beech-scada/to/admin/single-reading]               SingleReading            
2026-09-19 14:11:50.184 --Proactor<s>.process_message  path:0x00000401
2026-09-19 14:11:50.184 ----------------------------------------------------------------------------------------
2026-09-19 14:11:50.185 [sieg-loop] keep seconds 39.9  [efc8]
2026-09-19 14:11:51.187 [sieg-loop] keep seconds 38.9  [efc8]
2026-09-19 14:11:52.187 [sieg-loop] keep seconds 37.9  [efc8]
2026-09-19 14:11:53.189 [sieg-loop] keep seconds 36.9  [efc8]
2026-09-19 14:11:54.193 [sieg-loop] keep seconds 35.9  [efc8]
2026-09-19 14:11:55.028 
2026-09-19 14:11:55.028 ++++++++++++++++++++++++++++++++++++++++++++++++++++++++++++++++++++++++++++++++++++++++
2026-09-19 14:11:55.029 ++Proactor<s>._process_ack_timeout e46c893d-3f69-4519-a168-0152ace04d12
2026-09-19 14:11:55.029 ++LinkManager.process_ack_timeout  <local_mqtt>  <e46c893d-3f69-4519-a168-0152ace04d12>
2026-09-19 14:11:55.029 --LinkManager.process_ack_timeout path:0x00000001
2026-09-19 14:11:55.029 --Proactor<s>._process_ack_timeout path:0x00000001
2026-09-19 14:11:55.030 ----------------------------------------------------------------------------------------
2026-09-19 14:11:55.194 [sieg-loop] keep seconds 34.9  [efc8]
2026-09-19 14:11:56.196 [sieg-loop] keep seconds 33.9  [efc8]
2026-09-19 14:11:57.198 [sieg-loop] keep seconds 32.9  [efc8]
2026-09-19 14:11:57.974   OUT internal     pico-cycler to s                                       ->  [pico-cycler/to/s/machine.states]                                                 MachineStates            
2026-09-19 14:11:57.976   OUT internal     pico-cycler to s                                       ->  [pico-cycler/to/s/fsm.full.report]                                                FsmFullReport            
2026-09-19 14:11:57.977 
2026-09-19 14:11:57.977 ++++++++++++++++++++++++++++++++++++++++++++++++++++++++++++++++++++++++++++++++++++++++
2026-09-19 14:11:57.978 ++Proactor<s>.process_message  [pico-cycler/machine.states]
2026-09-19 14:11:57.978   IN  internal     pico-cycler to s                                       <-  [pico-cycler/to/s/machine.states]                                                 MachineStates            
2026-09-19 14:11:57.980   OUT mqtt         hw1.isone.me.versant.keene.beech.scada to admin        ->  [gw/hw1-isone-me-versant-keene-beech-scada/to/admin/single-machine-state]         SingleMachineState       
2026-09-19 14:11:57.981 --Proactor<s>.process_message  path:0x00000401
2026-09-19 14:11:57.982 ----------------------------------------------------------------------------------------
2026-09-19 14:11:57.983 
2026-09-19 14:11:57.983 ++++++++++++++++++++++++++++++++++++++++++++++++++++++++++++++++++++++++++++++++++++++++
2026-09-19 14:11:57.984 ++Proactor<s>.process_message  [pico-cycler/fsm.full.report]
2026-09-19 14:11:57.984   IN  internal     pico-cycler to s                                       <-  [pico-cycler/to/s/fsm.full.report]                                                FsmFullReport            
2026-09-19 14:11:57.985 --Proactor<s>.process_message  path:0x00000401
2026-09-19 14:11:57.986 ----------------------------------------------------------------------------------------
2026-09-19 14:11:58.199 [sieg-loop] keep seconds 31.9  [efc8]
2026-09-19 14:11:59.205 [sieg-loop] keep seconds 30.9  [efc8]
