2026-09-28 19:39:52.799 
2026-09-28 19:39:52.799 Env file: </home/pi/envs/dev.env>  exists: True
2026-09-28 19:39:52.800 Settings:
2026-09-28 19:39:52.800 {
  "paths": {
    "base": "gridworks",
    "name": "scada-experiment",
    "relative_path": "gridworks/scada-experiment",
    "data_home": "/home/pi/.local/share",
    "state_home": "/home/pi/.local/state",
    "config_home": "/home/pi/.config",
    "data_dir": "/home/pi/.local/share/gridworks/scada-experiment",
    "config_dir": "/home/pi/.config/gridworks/scada-experiment",
    "certs_dir": "/home/pi/.config/gridworks/scada-experiment/certs",
    "event_dir": "/home/pi/.local/share/gridworks/scada-experiment/event",
    "log_dir": "/home/pi/.local/state/gridworks/scada-experiment/log",
    "hardware_layout": "/home/pi/.config/gridworks/scada-experiment/hardware-layout.json",
    "operational_params": "/home/pi/.config/gridworks/scada-experiment/operational-params.json",
    "tadeed": "/home/pi/.config/gridworks/scada-experiment/ta-deed.json"
  },
  "logging": {
    "base_log_name": "gridworks",
    "base_log_level": 30,
    "levels": {
      "message_summary": 30,
      "lifecycle": 20,
      "comm_event": 20,
      "io_loop": 20
    },
    "formatter": {
      "fmt": "%(asctime)s %(message)s",
      "datefmt": "",
      "default_msec_format": "%s.%03d",
      "use_utc": false
    },
    "file_handler": {
      "filename": "proactor.log",
      "bytes_per_log_file": 2097152,
      "num_log_files": 10,
      "level": 0
    },
    "io_loop": {
      "file_handler": {
        "filename": "io_loop.log",
        "bytes_per_log_file": 2097152,
        "num_log_files": 2,
        "level": 0
      },
      "on_screen": false
    },
    "aiohttp_logging": false,
    "paho_logging": false
  },
  "proactor": {
    "mqtt_link_poll_seconds": 60.0,
    "ack_timeout_seconds": 5.0,
    "num_initial_event_reuploads": 5,
    "num_inflight_events": 50
  },
  "pico_cycler_state_logging": false,
  "unknown_channel_logging": true,
  "power_meter_logging_level": 30,
  "contract_rep_logging_level": 20,
  "paho_logging": false,
  "local_mqtt": {
    "host": "localhost",
    "port": 1883,
    "keepalive": 60,
    "bind_address": "",
    "bind_port": 0,
    "username": "sara",
    "password": "**********",
    "tls": {
      "use_tls": false,
      "port": 8883,
      "paths": {
        "ca_cert_path": "/home/pi/.config/gridworks/scada-experiment/certs/local_mqtt/ca.crt",
        "cert_path": "/home/pi/.config/gridworks/scada-experiment/certs/local_mqtt/local_mqtt.crt",
        "private_key_path": "/home/pi/.config/gridworks/scada-experiment/certs/local_mqtt/private/local_mqtt.pem"
      },
      "cert_reqs": 2,
      "ciphers": null,
      "keyfile_password": ""
    }
  },
  "gridworks_mqtt": {
    "host": "localhost",
    "port": 1885,
    "keepalive": 60,
    "bind_address": "",
    "bind_port": 0,
    "username": "smqPublic",
    "password": "**********",
    "tls": {
      "use_tls": false,
      "port": 8883,
      "paths": {
        "ca_cert_path": "/home/pi/.config/gridworks/scada-experiment/certs/gridworks_mqtt/ca.crt",
        "cert_path": "/home/pi/.config/gridworks/scada-experiment/certs/gridworks_mqtt/gridworks_mqtt.crt",
        "private_key_path": "/home/pi/.config/gridworks/scada-experiment/certs/gridworks_mqtt/private/gridworks_mqtt.pem"
      },
      "cert_reqs": 2,
      "ciphers": null,
      "keyfile_password": ""
    }
  },
  "clock_source": "Wall",
  "seconds_per_report": 300,
  "seconds_per_snapshot": 2,
  "async_power_reporting_threshold": 0.02,
  "power_meter_lost_after_s": 10.0,
  "persister": {
    "max_bytes": 524288000
  },
  "admin": {
    "host": "localhost",
    "port": 1883,
    "keepalive": 60,
    "bind_address": "",
    "bind_port": 0,
    "username": "sara",
    "password": "**********",
    "tls": {
      "use_tls": false,
      "port": 8883,
      "paths": {
        "ca_cert_path": "/home/pi/.config/gridworks/scada-experiment/certs/admin/ca.crt",
        "cert_path": "/home/pi/.config/gridworks/scada-experiment/certs/admin/admin.crt",
        "private_key_path": "/home/pi/.config/gridworks/scada-experiment/certs/admin/private/admin.pem"
      },
      "cert_reqs": 2,
      "ciphers": null,
      "keyfile_password": ""
    },
    "enabled": true,
    "name": "admin",
    "max_timeout_seconds": 86400.0
  },
  "latitude": 45.6573,
  "longitude": -68.7098,
  "airtable_pat": "bogus_pat"
}
ScadaSettings(
    paths=ScadaPaths(
        base=PosixPath('gridworks'),
        name=PosixPath('scada-experiment'),
        relative_path=PosixPath('gridworks/scada-experiment'),
        data_home=PosixPath('/home/pi/.local/share'),
        state_home=PosixPath('/home/pi/.local/state'),
        config_home=PosixPath('/home/pi/.config'),
        data_dir=PosixPath('/home/pi/.local/share/gridworks/scada-experiment'),
        config_dir=PosixPath('/home/pi/.config/gridworks/scada-experiment'),
        certs_dir=PosixPath('/home/pi/.config/gridworks/scada-experiment/certs')
,
        event_dir=PosixPath('/home/pi/.local/share/gridworks/scada-experiment/ev
ent'),
        log_dir=PosixPath('/home/pi/.local/state/gridworks/scada-experiment/log'
),
        hardware_layout=PosixPath('/home/pi/.config/gridworks/scada-experiment/h
ardware-layout.json'),
        operational_params=PosixPath('/home/pi/.config/gridworks/scada-experimen
t/operational-params.json'),
        tadeed=PosixPath('/home/pi/.config/gridworks/scada-experiment/ta-deed.js
on')
    ),
    logging=LoggingSettings(
        base_log_name='gridworks',
        base_log_level=30,
        levels=LoggerLevels(
            message_summary=30,
            lifecycle=20,
            comm_event=20,
            io_loop=20
        ),
        formatter=FormatterSettings(
            fmt='%(asctime)s %(message)s',
            datefmt='',
            default_msec_format='%s.%03d',
            use_utc=False
        ),
        file_handler=RotatingFileHandlerSettings(
            filename='proactor.log',
            bytes_per_log_file=2097152,
            num_log_files=10,
            level=0
        ),
        io_loop=IOLoopLoggerSettings(
            file_handler=RotatingFileHandlerSettings(
                filename='io_loop.log',
                bytes_per_log_file=2097152,
                num_log_files=2,
                level=0
            ),
            on_screen=False
        ),
        aiohttp_logging=False,
        paho_logging=False
    ),
    proactor=ProactorSettings(
        mqtt_link_poll_seconds=60.0,
        ack_timeout_seconds=5.0,
        num_initial_event_reuploads=5,
        num_inflight_events=50
    ),
    pico_cycler_state_logging=False,
    unknown_channel_logging=True,
    power_meter_logging_level=30,
    contract_rep_logging_level=20,
    paho_logging=False,
    local_mqtt=MQTTClient(
        host='localhost',
        port=1883,
        keepalive=60,
        bind_address='',
        bind_port=0,
        username='sara',
        password=SecretStr('**********'),
        tls=TLSInfo(
            use_tls=False,
            port=8883,
            paths=TLSPaths(
                ca_cert_path=PosixPath('/home/pi/.config/gridworks/scada-experim
ent/certs/local_mqtt/ca.crt'),
                cert_path=PosixPath('/home/pi/.config/gridworks/scada-experiment
/certs/local_mqtt/local_mqtt.crt'),
                private_key_path=PosixPath('/home/pi/.config/gridworks/scada-exp
eriment/certs/local_mqtt/private/local_mqtt.pem')
            ),
            cert_reqs=<VerifyMode.CERT_REQUIRED: 2>,
            ciphers=None,
            keyfile_password=SecretStr('')
        )
    ),
    gridworks_mqtt=MQTTClient(
        host='localhost',
        port=1885,
        keepalive=60,
        bind_address='',
        bind_port=0,
        username='smqPublic',
        password=SecretStr('**********'),
        tls=TLSInfo(
            use_tls=False,
            port=8883,
            paths=TLSPaths(
                ca_cert_path=PosixPath('/home/pi/.config/gridworks/scada-experim
ent/certs/gridworks_mqtt/ca.crt'),
                cert_path=PosixPath('/home/pi/.config/gridworks/scada-experiment
/certs/gridworks_mqtt/gridworks_mqtt.crt'),
                private_key_path=PosixPath('/home/pi/.config/gridworks/scada-exp
eriment/certs/gridworks_mqtt/private/gridworks_mqtt.pem')
            ),
            cert_reqs=<VerifyMode.CERT_REQUIRED: 2>,
            ciphers=None,
            keyfile_password=SecretStr('')
        )
    ),
    clock_source=<ClockSource.Wall: 'Wall'>,
    seconds_per_report=300,
    seconds_per_snapshot=2,
    async_power_reporting_threshold=0.02,
    power_meter_lost_after_s=10.0,
    persister=PersisterSettings(max_bytes=524288000),
    admin=AdminLinkSettings(
        host='localhost',
        port=1883,
        keepalive=60,
        bind_address='',
        bind_port=0,
        username='sara',
        password=SecretStr('**********'),
        tls=TLSInfo(
            use_tls=False,
            port=8883,
            paths=TLSPaths(
                ca_cert_path=PosixPath('/home/pi/.config/gridworks/scada-experim
ent/certs/admin/ca.crt'),
                cert_path=PosixPath('/home/pi/.config/gridworks/scada-experiment
/certs/admin/admin.crt'),
                private_key_path=PosixPath('/home/pi/.config/gridworks/scada-exp
eriment/certs/admin/private/admin.pem')
            ),
            cert_reqs=<VerifyMode.CERT_REQUIRED: 2>,
            ciphers=None,
            keyfile_password=SecretStr('')
        ),
        enabled=True,
        name='admin',
        max_timeout_seconds=86400.0
    ),
    latitude=45.6573,
    longitude=-68.7098,
    airtable_pat='bogus_pat'
)
2026-09-28 19:39:52.987 Proactor <ProactorName(long_name='hw1.isone.me.versant.keene.maple.scada', short_name='s')> reindexing events
2026-09-28 19:39:53.000 Proactor <ProactorName(long_name='hw1.isone.me.versant.keene.maple.scada', short_name='s')> reindexing complete.
  278 events present for upload, using approximately 2620 KB / 2.6 MB storage space.
2026-09-28 19:39:53.004 [scada] clock: WallClock
2026-09-28 19:39:53.012 Skip binding of 'trigger' to model due to model override policy.
2026-09-28 19:39:53.012 Skip binding of 'may_trigger' to model due to model override policy.
2026-09-28 19:39:53.056 [la] Params: AlphaTimes10=55 BetaTimes100=-10 GammaEx6=0 IntermediatePowerKw=1.5 IntermediateRswtF=100 DdPowerKw=5.5 DdRswtF=150 DdDeltaTF=20 HpMaxKwEl=10.0 MaxEwtF=145 LoadOverestimationPercent=0 CopIntercept=1.02 CopOatCoeff=0.0257 CopLwtCoeff=0.0 CopMin=1.4 CopMinOatF=15.0 HpTurnOnMinutes=12 TypeName='ha1.params' Version='006'
2026-09-28 19:39:53.056 Creating LeafAlly with strategy AllTanks, using actors.leaf_ally.house0.all_tanks.AllTanksLeafAlly
2026-09-28 19:39:53.058 Skip binding of 'WakeUp' to model due to model override policy.
2026-09-28 19:39:53.059 [derived-generator] self.timezone: America/New_York
2026-09-28 19:39:53.059 [derived-generator] self.latitude: 45.6573
2026-09-28 19:39:53.059 [derived-generator] self.longitude: -68.7098
2026-09-28 19:39:53.059 [derived-generator] Params: AlphaTimes10=55 BetaTimes100=-10 GammaEx6=0 IntermediatePowerKw=1.5 IntermediateRswtF=100 DdPowerKw=5.5 DdRswtF=150 DdDeltaTF=20 HpMaxKwEl=10.0 MaxEwtF=145 LoadOverestimationPercent=0 CopIntercept=1.02 CopOatCoeff=0.0257 CopLwtCoeff=0.0 CopMin=1.4 CopMinOatF=15.0 HpTurnOnMinutes=12 TypeName='ha1.params' Version='006'
2026-09-28 19:39:53.064 [lc] Params: AlphaTimes10=55 BetaTimes100=-10 GammaEx6=0 IntermediatePowerKw=1.5 IntermediateRswtF=100 DdPowerKw=5.5 DdRswtF=150 DdDeltaTF=20 HpMaxKwEl=10.0 MaxEwtF=145 LoadOverestimationPercent=0 CopIntercept=1.02 CopOatCoeff=0.0257 CopLwtCoeff=0.0 CopMin=1.4 CopMinOatF=15.0 HpTurnOnMinutes=12 TypeName='ha1.params' Version='006'
2026-09-28 19:39:53.068 [lc] Set auto.lc.n command tree
2026-09-28 19:39:53.070 Skip binding of 'trigger' to model due to model override policy.
2026-09-28 19:39:53.070 Skip binding of 'may_trigger' to model due to model override policy.
2026-09-28 19:39:53.071 Creating LocalControl with actuation authority Active and seasonal storage mode AllTanks, using actors.local_control.house0.all_tanks_tou.AllTanksTouLocalControl
2026-09-28 19:39:53.074 [sieg-loop] Running HoldFullSend
2026-09-28 19:39:53.089 
Subscription info for <hw1.isone.me.versant.keene.maple.scada> [construction]
  Client name: <gridworks_mqtt>  topic_dst: <ltn>
    Publish to: gw/hw1-isone-me-versant-keene-maple-scada/to/ltn/SOME_MESSAGE_TYPE
    Subscriptions:
      [('gw/hw1-isone-me-versant-keene-maple/to/s/#', <QOS.AtMostOnce: 0>)]
  Client name: <local_mqtt>  topic_dst: <s2>
    Publish to: gw/hw1-isone-me-versant-keene-maple-scada/to/s2/SOME_MESSAGE_TYPE
    Subscriptions:
      [('gw/hw1-isone-me-versant-keene-maple-scada-s2/to/s/#', <QOS.AtMostOnce: 0>)]
  Client name: <admin>  topic_dst: <admin>
    Publish to: gw/hw1-isone-me-versant-keene-maple-scada/to/admin/SOME_MESSAGE_TYPE
    Subscriptions:
      [('gw/admin/to/hw1-isone-me-versant-keene-maple-scada/#', <QOS.AtMostOnce: 0>)]

== window boot: hw1.isone.me.versant.keene.maple.scada for 5400s, broker localhost:1885 ==
2026-09-28 19:39:53.103 [hp-boss] auto.lc.n.hp-boss sending OpenRelay to auto.lc.n.hp-boss.hp-scada-ops-relay
2026-09-28 19:39:53.109 ++Proactor<s>.join()
2026-09-28 19:39:53.114 Tasks: 55  [Proactor.join() - all tasks]
	1/55  relay state reporter            done:False   exception: None  <coroutine object Relay.main at 0x7f894f9300>
	2/55  relay state reporter            done:False   exception: None  <coroutine object Relay.main at 0x7f894f8e50>
	3/55  pat_watchdog                    done:False   exception: None  <coroutine object WatchdogManager._check_pats at 0x7f89769df0>
	4/55  relay state reporter            done:False   exception: None  <coroutine object Relay.main at 0x7f894f98a0>
	5/55  scada top_state_tracker         done:False   exception: None  <coroutine object Scada.state_tracker at 0x7f8976a510>
	6/55  tstat-common-relay-boot-adopt   done:False   exception: None  <coroutine object Relay._boot_adopt at 0x7f8947e440>
	7/55  ApiFlowModule keepalive         done:False   exception: None  <coroutine object ApiFlowModule.main at 0x7f89504370>
	8/55  store-pump-relay-boot-adopt     done:False   exception: None  <coroutine object Relay._boot_adopt at 0x7f8947e940>
	9/55  Task-1                          done:False   exception: None  <coroutine object _run_bounded at 0x7f8980a420>
	10/55  LeafAlly keepalive              done:False   exception: None  <coroutine object AllTanksLeafAlly.main at 0x7f89477060>
	11/55  zone2-bedroom-ops-relay-boot-adopt  done:False   exception: None  <coroutine object Relay._boot_adopt at 0x7f8947f040>
	12/55  startup_announcer               done:False   exception: None  <coroutine object Scada.announce_at_first_broker_link at 0x7f894bdff0>
	13/55  relay state reporter            done:False   exception: None  <coroutine object Relay.main at 0x7f894f8f40>
	14/55  ApiFlowModule keepalive         done:False   exception: None  <coroutine object ApiFlowModule.main at 0x7f89504480>
	15/55  relay state reporter            done:False   exception: None  <coroutine object Relay.main at 0x7f894f93f0>
	16/55  relay state reporter            done:False   exception: None  <coroutine object Relay.main at 0x7f894f9990>
	17/55  charge-discharge-relay-boot-adopt  done:False   exception: None  <coroutine object Relay._boot_adopt at 0x7f8947e540>
	18/55  process_messages                done:False   exception: None  <coroutine object Proactor.process_messages at 0x7f8976a3e0>
	19/55  hp-loop-on-off-relay-boot-adopt  done:False   exception: None  <coroutine object Relay._boot_adopt at 0x7f8947ea40>
	20/55  picocycler keepalive            done:False   exception: None  <coroutine object PicoCycler.main at 0x7f89873370>
	21/55  ApiTankModule keepalive         done:False   exception: None  <coroutine object ApiTankModule.main at 0x7f8951d000>
	22/55  relay state reporter            done:False   exception: None  <coroutine object Relay.main at 0x7f894f9030>
	23/55  send_ping<gridworks_mqtt>       done:False   exception: None  <coroutine object LinkManager.send_ping at 0x7f8947ed40>
	24/55  relay state reporter            done:False   exception: None  <coroutine object Relay.main at 0x7f894f94e0>
	25/55  Derived Generator keepalive     done:False   exception: None  <coroutine object DerivedGenerator.main at 0x7f894f8220>
	26/55  ApiTankModule keepalive         done:False   exception: None  <coroutine object ApiTankModule.main at 0x7f8951d1c0>
	27/55  hp-failsafe-relay-boot-adopt    done:False   exception: None  <coroutine object Relay._boot_adopt at 0x7f8947e640>
	28/55  send_ping<local_mqtt>           done:False   exception: None  <coroutine object LinkManager.send_ping at 0x7f8947f140>
	29/55  hp-loop-keep-send-relay-boot-adopt  done:False   exception: None  <coroutine object Relay._boot_adopt at 0x7f8947eb40>
	30/55  LocalControl keepalive          done:False   exception: None  <coroutine object LocalControlTouBase.main at 0x7f894f8d60>
	31/55  ApiTankModule keepalive         done:False   exception: None  <coroutine object ApiTankModule.main at 0x7f8951d380>
	32/55  relay state reporter            done:False   exception: None  <coroutine object Relay.main at 0x7f894f9120>
	33/55  send_ping<admin>                done:False   exception: None  <coroutine object LinkManager.send_ping at 0x7f8947f240>
	34/55  relay state reporter            done:False   exception: None  <coroutine object Relay.main at 0x7f894f95d0>
	35/55  Sieg Loop Synchronous Report    done:False   exception: None  <coroutine object SiegLoop.main at 0x7f894bdcb0>
	36/55  ApiTankModule keepalive         done:False   exception: None  <coroutine object ApiTankModule.main at 0x7f8951d460>
	37/55  hp-scada-ops-relay-boot-adopt   done:False   exception: None  <coroutine object Relay._boot_adopt at 0x7f8947e740>
	38/55  report_sender                   done:False   exception: None  <coroutine object Scada.report_sending_task at 0x7f8951dd20>
	39/55  zone1-living-rm-failsafe-relay-boot-adopt  done:False   exception: None  <coroutine object Relay._boot_adopt at 0x7f8947ec40>
	40/55  dist-010v-main                  done:False   exception: None  <coroutine object ZeroTenOutputer.main_loop at 0x7f8951d540>
	41/55  relay state reporter            done:False   exception: None  <coroutine object Relay.main at 0x7f894f9210>
	42/55  snap_sender                     done:False   exception: None  <coroutine object Scada.snap_sending_task at 0x7f8951dee0>
	43/55  zone1-living-rm-ops-relay-boot-adopt  done:False   exception: None  <coroutine object Relay._boot_adopt at 0x7f8947ee40>
	44/55  i2c-bus-heartbeat               done:False   exception: None  <coroutine object I2cBus._heartbeat at 0x7f8951d2a0>
	45/55  store-010v-main                 done:False   exception: None  <coroutine object ZeroTenOutputer.main_loop at 0x7f8951da80>
	46/55  Task-2                          done:False   exception: None  <coroutine object Proactor.run_forever at 0x7f89450040>
	47/55  aquastat-ctrl-relay-boot-adopt  done:False   exception: None  <coroutine object Relay._boot_adopt at 0x7f8947e840>
	48/55  unknown_channel_logger          done:False   exception: None  <coroutine object Scada.unknown_channel_logging_task at 0x7f8947f340>
	49/55  relay state reporter            done:False   exception: None  <coroutine object Relay.main at 0x7f894f97b0>
	50/55  vdc-relay-boot-adopt            done:False   exception: None  <coroutine object Relay._boot_adopt at 0x7f8947e340>
	51/55  ApiBtuMeter keepalive           done:False   exception: None  <coroutine object ApiBtuMeter.main at 0x7f8951de00>
	52/55  relay state reporter            done:False   exception: None  <coroutine object Relay.main at 0x7f894f96c0>
	53/55  disabled_roster                 done:False   exception: None  <coroutine object Scada.disabled_roster_task at 0x7f8951dfc0>
	54/55  zone2-bedroom-failsafe-relay-boot-adopt  done:False   exception: None  <coroutine object Relay._boot_adopt at 0x7f8947ef40>
	55/55  ApiBtuMeter keepalive           done:False   exception: None  <coroutine object ApiBtuMeter.main at 0x7f8951dc40>

2026-09-28 19:39:53.116 Tasks: 89  [WAITING FOR]
	1/89  scada top_state_tracker         done:False   exception: None  <coroutine object Scada.state_tracker at 0x7f8976a510>
	2/89  tstat-common-relay-boot-adopt   done:False   exception: None  <coroutine object Relay._boot_adopt at 0x7f8947e440>
	3/89  startup_announcer               done:False   exception: None  <coroutine object Scada.announce_at_first_broker_link at 0x7f894bdff0>
	4/89  relay state reporter            done:False   exception: None  <coroutine object Relay.main at 0x7f894f8f40>
	5/89  hp-scada-ops-relay.join         done:False   exception: None  <coroutine object Relay.join at 0x7f89532080>
	6/89  charge-discharge-relay-boot-adopt  done:False   exception: None  <coroutine object Relay._boot_adopt at 0x7f8947e540>
	7/89  relay state reporter            done:False   exception: None  <coroutine object Relay.main at 0x7f894f9030>
	8/89  aquastat-ctrl-relay.join        done:False   exception: None  <coroutine object Relay.join at 0x7f89532200>
	9/89  hp-failsafe-relay-boot-adopt    done:False   exception: None  <coroutine object Relay._boot_adopt at 0x7f8947e640>
	10/89  relay state reporter            done:False   exception: None  <coroutine object Relay.main at 0x7f894f9120>
	11/89  store-pump-relay.join           done:False   exception: None  <coroutine object Relay.join at 0x7f89532380>
	12/89  hp-scada-ops-relay-boot-adopt   done:False   exception: None  <coroutine object Relay._boot_adopt at 0x7f8947e740>
	13/89  relay state reporter            done:False   exception: None  <coroutine object Relay.main at 0x7f894f9210>
	14/89  hp-loop-on-off-relay.join       done:False   exception: None  <coroutine object Relay.join at 0x7f89532500>
	15/89  aquastat-ctrl-relay-boot-adopt  done:False   exception: None  <coroutine object Relay._boot_adopt at 0x7f8947e840>
	16/89  watchdog_manager.join           done:False   exception: None  <coroutine object WatchdogManager.join at 0x7f882f43c0>
	17/89  relay state reporter            done:False   exception: None  <coroutine object Relay.main at 0x7f894f96c0>
	18/89  hp-loop-keep-send-relay.join    done:False   exception: None  <coroutine object Relay.join at 0x7f89532680>
	19/89  io_loop_manager.join            done:False   exception: None  <coroutine object IOLoop.join at 0x7f895301c0>
	20/89  relay state reporter            done:False   exception: None  <coroutine object Relay.main at 0x7f894f8e50>
	21/89  relay state reporter            done:False   exception: None  <coroutine object Relay.main at 0x7f894f9300>
	22/89  store-pump-relay-boot-adopt     done:False   exception: None  <coroutine object Relay._boot_adopt at 0x7f8947e940>
	23/89  zone1-living-rm-failsafe-relay.join  done:False   exception: None  <coroutine object Relay.join at 0x7f89532800>
	24/89  _WebManager.join                done:False   exception: None  <coroutine object _WebManager.join at 0x7f89530880>
	25/89  relay state reporter            done:False   exception: None  <coroutine object Relay.main at 0x7f894f93f0>
	26/89  hp-loop-on-off-relay-boot-adopt  done:False   exception: None  <coroutine object Relay._boot_adopt at 0x7f8947ea40>
	27/89  zone1-living-rm-ops-relay.join  done:False   exception: None  <coroutine object Relay.join at 0x7f89532980>
	28/89  s.join                          done:False   exception: None  <coroutine object PrimeActor.join at 0x7f89530a00>
	29/89  relay state reporter            done:False   exception: None  <coroutine object Relay.main at 0x7f894f94e0>
	30/89  hp-loop-keep-send-relay-boot-adopt  done:False   exception: None  <coroutine object Relay._boot_adopt at 0x7f8947eb40>
	31/89  zone2-bedroom-failsafe-relay.join  done:False   exception: None  <coroutine object Relay.join at 0x7f89532b00>
	32/89  la.join                         done:False   exception: None  <coroutine object LeafAlly.join at 0x7f89530b80>
	33/89  relay state reporter            done:False   exception: None  <coroutine object Relay.main at 0x7f894f95d0>
	34/89  zone1-living-rm-failsafe-relay-boot-adopt  done:False   exception: None  <coroutine object Relay._boot_adopt at 0x7f8947ec40>
	35/89  zone2-bedroom-ops-relay.join    done:False   exception: None  <coroutine object Relay.join at 0x7f89532c80>
	36/89  five-v-boss.join                done:False   exception: None  <coroutine object FiveVBoss.join at 0x7f89530d00>
	37/89  zone1-living-rm-ops-relay-boot-adopt  done:False   exception: None  <coroutine object Relay._boot_adopt at 0x7f8947ee40>
	38/89  relay state reporter            done:False   exception: None  <coroutine object Relay.main at 0x7f894f97b0>
	39/89  buffer.join                     done:False   exception: None  <coroutine object ApiTankModule.join at 0x7f89532e00>
	40/89  pico-cycler.join                done:False   exception: None  <coroutine object PicoCycler.join at 0x7f89530e80>
	41/89  zone2-bedroom-failsafe-relay-boot-adopt  done:False   exception: None  <coroutine object Relay._boot_adopt at 0x7f8947ef40>
	42/89  relay state reporter            done:False   exception: None  <coroutine object Relay.main at 0x7f894f98a0>
	43/89  tank1.join                      done:False   exception: None  <coroutine object ApiTankModule.join at 0x7f89532f80>
	44/89  derived-generator.join          done:False   exception: None  <coroutine object DerivedGenerator.join at 0x7f89531000>
	45/89  zone2-bedroom-ops-relay-boot-adopt  done:False   exception: None  <coroutine object Relay._boot_adopt at 0x7f8947f040>
	46/89  relay state reporter            done:False   exception: None  <coroutine object Relay.main at 0x7f894f9990>
	47/89  tank2.join                      done:False   exception: None  <coroutine object ApiTankModule.join at 0x7f89533100>
	48/89  lc.join                         done:False   exception: None  <coroutine object LocalControl.join at 0x7f89531180>
	49/89  ApiTankModule keepalive         done:False   exception: None  <coroutine object ApiTankModule.main at 0x7f8951d000>
	50/89  ApiTankModule keepalive         done:False   exception: None  <coroutine object ApiTankModule.main at 0x7f8951d1c0>
	51/89  tank3.join                      done:False   exception: None  <coroutine object ApiTankModule.join at 0x7f89533280>
	52/89  hp-boss.join                    done:False   exception: None  <coroutine object HpBoss.join at 0x7f89531300>
	53/89  ApiTankModule keepalive         done:False   exception: None  <coroutine object ApiTankModule.main at 0x7f8951d380>
	54/89  ApiTankModule keepalive         done:False   exception: None  <coroutine object ApiTankModule.main at 0x7f8951d460>
	55/89  dist-010v.join                  done:False   exception: None  <coroutine object ZeroTenOutputer.join at 0x7f89533400>
	56/89  sieg-loop.join                  done:False   exception: None  <coroutine object SiegLoop.join at 0x7f89531480>
	57/89  dist-010v-main                  done:False   exception: None  <coroutine object ZeroTenOutputer.main_loop at 0x7f8951d540>
	58/89  store-010v-main                 done:False   exception: None  <coroutine object ZeroTenOutputer.main_loop at 0x7f8951da80>
	59/89  store-010v.join                 done:False   exception: None  <coroutine object ZeroTenOutputer.join at 0x7f89533580>
	60/89  power-meter.join                done:False   exception: None  <coroutine object SyncThreadActor.join at 0x7f89531600>
	61/89  ApiBtuMeter keepalive           done:False   exception: None  <coroutine object ApiBtuMeter.main at 0x7f8951de00>
	62/89  ApiBtuMeter keepalive           done:False   exception: None  <coroutine object ApiBtuMeter.main at 0x7f8951dc40>
	63/89  sieg-btu.join                   done:False   exception: None  <coroutine object ApiBtuMeter.join at 0x7f89533700>
	64/89  hubitat.join                    done:False   exception: None  <coroutine object Hubitat.join at 0x7f89531780>
	65/89  ApiFlowModule keepalive         done:False   exception: None  <coroutine object ApiFlowModule.main at 0x7f89504370>
	66/89  LeafAlly keepalive              done:False   exception: None  <coroutine object AllTanksLeafAlly.main at 0x7f89477060>
	67/89  ApiFlowModule keepalive         done:False   exception: None  <coroutine object ApiFlowModule.main at 0x7f89504480>
	68/89  store-btu.join                  done:False   exception: None  <coroutine object ApiBtuMeter.join at 0x7f89533880>
	69/89  i2c-bus.join                    done:False   exception: None  <coroutine object I2cBus.join at 0x7f89531900>
	70/89  process_messages                done:False   exception: None  <coroutine object Proactor.process_messages at 0x7f8976a3e0>
	71/89  picocycler keepalive            done:False   exception: None  <coroutine object PicoCycler.main at 0x7f89873370>
	72/89  send_ping<gridworks_mqtt>       done:False   exception: None  <coroutine object LinkManager.send_ping at 0x7f8947ed40>
	73/89  dist-flow.join                  done:False   exception: None  <coroutine object ApiFlowModule.join at 0x7f89533a00>
	74/89  Derived Generator keepalive     done:False   exception: None  <coroutine object DerivedGenerator.main at 0x7f894f8220>
	75/89  vdc-relay.join                  done:False   exception: None  <coroutine object Relay.join at 0x7f89531a80>
	76/89  send_ping<local_mqtt>           done:False   exception: None  <coroutine object LinkManager.send_ping at 0x7f8947f140>
	77/89  LocalControl keepalive          done:False   exception: None  <coroutine object LocalControlTouBase.main at 0x7f894f8d60>
	78/89  send_ping<admin>                done:False   exception: None  <coroutine object LinkManager.send_ping at 0x7f8947f240>
	79/89  sieg-send.join                  done:False   exception: None  <coroutine object ApiFlowModule.join at 0x7f89533b80>
	80/89  Sieg Loop Synchronous Report    done:False   exception: None  <coroutine object SiegLoop.main at 0x7f894bdcb0>
	81/89  tstat-common-relay.join         done:False   exception: None  <coroutine object Relay.join at 0x7f89531c00>
	82/89  report_sender                   done:False   exception: None  <coroutine object Scada.report_sending_task at 0x7f8951dd20>
	83/89  snap_sender                     done:False   exception: None  <coroutine object Scada.snap_sending_task at 0x7f8951dee0>
	84/89  i2c-bus-heartbeat               done:False   exception: None  <coroutine object I2cBus._heartbeat at 0x7f8951d2a0>
	85/89  charge-discharge-relay.join     done:False   exception: None  <coroutine object Relay.join at 0x7f89531d80>
	86/89  unknown_channel_logger          done:False   exception: None  <coroutine object Scada.unknown_channel_logging_task at 0x7f8947f340>
	87/89  vdc-relay-boot-adopt            done:False   exception: None  <coroutine object Relay._boot_adopt at 0x7f8947e340>
	88/89  disabled_roster                 done:False   exception: None  <coroutine object Scada.disabled_roster_task at 0x7f8951dfc0>
	89/89  hp-failsafe-relay.join          done:False   exception: None  <coroutine object Relay.join at 0x7f89531f00>

2026-09-28 19:39:53.119 [derived-generator] SynthGen about to get forecasts
2026-09-28 19:39:53.120 [sieg-loop] sieg-view FullyKeep keep=94.0s hp-lwt=-- hp-ewt=-- sieg-hot=-- sieg-cold=-- sieg-flow=-- sieg-send-flow*=-- primary-flow*=-- hp-odu-pwr=-- hp-idu-pwr=-- buffer-hot-pipe=-- buffer-cold-pipe=-- store-hot-pipe=-- dist-swt=-- dist-rwt=-- | lift=-- pwr=--
2026-09-28 19:39:53.130 [scada] Sending auto.lc.n.hp-boss state to sieg-loop
2026-09-28 19:39:53.131 [sieg-loop] Just received state HpOff from HpBoss
2026-09-28 19:39:53.132 [scada] Actuator dist-010v is ready. 1/2
2026-09-28 19:39:53.133 [scada] Actuator store-010v is ready. 2/2
2026-09-28 19:39:53.133 [scada] All actuators are ready!
2026-09-28 19:39:53.133 [sieg-loop] Moving to full send
2026-09-28 19:39:53.134 [lc] Initializing relays
2026-09-28 19:39:53.134 [lc] de-energizing most relays
2026-09-28 19:39:53.135 [lc] DischargeStore to charge-discharge-relay
2026-09-28 19:39:53.136 [lc] OpenRelay to store-pump-relay
2026-09-28 19:39:53.136 [lc] CloseRelay to tstat-common-relay
2026-09-28 19:39:53.137 [lc] SwitchToWallThermostat to zone1-living-rm-failsafe-relay
2026-09-28 19:39:53.137 [lc] OpenRelay to zone1-living-rm-ops-relay
2026-09-28 19:39:53.137 [lc] SwitchToWallThermostat to zone2-bedroom-failsafe-relay
2026-09-28 19:39:53.138 [lc] OpenRelay to zone2-bedroom-ops-relay
2026-09-28 19:39:53.138 [lc] energizing certain critical relays
2026-09-28 19:39:53.139 [lc] auto.lc.n sending SwitchToScada to Hp Failsafe auto.lc.n.hp-failsafe-relay
2026-09-28 19:39:53.139 [lc] auto.lc.n sending SwitchToScada to Aquastat Ctrl auto.lc.n.aquastat-ctrl-relay
2026-09-28 19:39:53.139 [lc] Is on peak: turning off HP
2026-09-28 19:39:53.140 [lc] TurnOff to hp-boss
2026-09-28 19:39:53.140 [lc] Setting 010 defaults inside initialize_actuators
2026-09-28 19:39:53.142 [lc] Just set auto.lc.n.store-010v to 35 from auto.lc.n 
2026-09-28 19:39:53.142 [lc] Just set auto.lc.n.dist-010v to 35 from auto.lc.n 
2026-09-28 19:39:53.151 [hp-boss] Got FromHandle='auto.lc.n' ToHandle='auto.lc.n.hp-boss' EventType='turn.hp.on.off' EventName='TurnOff' TriggerId='86c1e010-616b-4cb4-9619-a9e3422a65f8' SendTimeUnixMs=1790638793140 TypeName='fsm.event' Version='000'
2026-09-28 19:39:53.152 [hp-boss] Command 9f8eb5a8-d98e-4810-8495-a4e73c344739 superseded by 86c1e010-616b-4cb4-9619-a9e3422a65f8 before its relay reported
2026-09-28 19:39:53.152 [hp-boss] auto.lc.n.hp-boss sending OpenRelay to auto.lc.n.hp-boss.hp-scada-ops-relay
2026-09-28 19:39:53.154 [store-010v] Dispatch from auto.lc.n: volts x10 35 -> code 1434
2026-09-28 19:39:53.154 [dist-010v] Dispatch from auto.lc.n: volts x10 35 -> code 1434
2026-09-28 19:39:53.158 [scada] Sending auto.lc.n.hp-boss state to sieg-loop
2026-09-28 19:39:53.159 [sieg-loop] Just received state HpOff from HpBoss
2026-09-28 19:39:53.161 [UnknownChannels] no value: hp-odu-pwr,hp-idu-pwr,dist-pump-pwr,store-pump-pwr,oil-boiler-pwr,zone1-living-rm-whitewire-pwr,zone2-bedroom-whitewire-pwr,zone1-living-rm-temp,zone1-living-rm-set,zone2-bedroom-temp,zone2-bedroom-set,vdc-relay,tstat-common-relay,charge-discharge-relay,hp-failsafe-relay,hp-scada-ops-relay,aquastat-ctrl-relay,store-pump-relay,hp-loop-on-off-relay,hp-loop-keep-send-relay,zone1-living-rm-failsafe-relay,zone1-living-rm-ops-relay,zone2-bedroom-failsafe-relay,zone2-bedroom-ops-relay,buffer-depth1-device,buffer-depth2-device,buffer-depth3-device,buffer-depth1-micro-v,buffer-depth2-micro-v,buffer-depth3-micro-v,tank1-depth1-device,tank1-depth2-device,tank1-depth3-device,tank1-depth1-micro-v,tank1-depth2-micro-v,tank1-depth3-micro-v,tank2-depth1-device,tank2-depth2-device,tank2-depth3-device,tank2-depth1-micro-v,tank2-depth2-micro-v,tank2-depth3-micro-v,tank3-depth1-device,tank3-depth2-device,tank3-depth3-device,tank3-depth1-micro-v,tank3-depth2-micro-v,tank3-depth3-micro-v,dist-010v,store-010v,sieg-flow,sieg-hot,sieg-cold,store-flow,store-hot-pipe,store-cold-pipe,dist-flow,dist-flow-hz,sieg-send,sieg-send-hz,dist-swt,dist-rwt,hp-lwt,hp-ewt,buffer-hot-pipe,buffer-cold-pipe,oat,zone1-living-rm-gw-temp,transactive-power,sieg-send-flow,primary-flow,required-energy,zone1-living-rm-heat-call,zone2-bedroom-heat-call,buffer-depth1,buffer-depth2,buffer-depth3,tank1-depth1,tank1-depth2,tank1-depth3,tank2-depth1,tank2-depth2,tank2-depth3,tank3-depth1,tank3-depth2,tank3-depth3 | stale: -
2026-09-28 19:39:53.167 [sieg-loop] auto.lc.n.sieg-loop sending SendMore to HpLoopKeepSend relay auto.lc.n.sieg-loop.hp-loop-keep-send-relay
2026-09-28 19:39:53.168 [sieg-loop] auto.lc.n.sieg-loop sending CloseRelay to HpLoopOnOff relay auto.lc.n.sieg-loop.hp-loop-on-off-relay
2026-09-28 19:39:53.168 [sieg-loop] StartKeepingLess: FullyKeep -> KeepingLess
2026-09-28 19:39:53.169 [sieg-loop] sieg-view KeepingLess keep=94.0s hp-lwt=-- hp-ewt=-- sieg-hot=-- sieg-cold=-- sieg-flow=-- sieg-send-flow*=-- primary-flow*=-- hp-odu-pwr=-- hp-idu-pwr=-- buffer-hot-pipe=-- buffer-cold-pipe=-- store-hot-pipe=-- dist-swt=-- dist-rwt=-- | lift=-- pwr=--
2026-09-28 19:39:53.169 [sieg-loop] Motor toward send for 104 s from keep_seconds 94
2026-09-28 19:39:53.170 local_mqtt:  connecting -- mqtt_connected --> awaiting_setup_and_peer
2026-09-28 19:39:53.172 admin:  connecting -- mqtt_connected --> awaiting_setup_and_peer
2026-09-28 19:39:53.179 Tasks: 48  [DONE]
	1/48  tank1.join                      done:True   exception: None  <coroutine object ApiTankModule.join at 0x7f89532f80>
	2/48  hubitat.join                    done:True   exception: None  <coroutine object Hubitat.join at 0x7f89531780>
	3/48  tstat-common-relay-boot-adopt   done:True   exception: None  <coroutine object Relay._boot_adopt at 0x7f8947e440>
	4/48  sieg-btu.join                   done:True   exception: None  <coroutine object ApiBtuMeter.join at 0x7f89533700>
	5/48  derived-generator.join          done:True   exception: None  <coroutine object DerivedGenerator.join at 0x7f89531000>
	6/48  store-pump-relay-boot-adopt     done:True   exception: None  <coroutine object Relay._boot_adopt at 0x7f8947e940>
	7/48  zone1-living-rm-failsafe-relay.join  done:True   exception: None  <coroutine object Relay.join at 0x7f89532800>
	8/48  zone2-bedroom-ops-relay-boot-adopt  done:True   exception: None  <coroutine object Relay._boot_adopt at 0x7f8947f040>
	9/48  hp-scada-ops-relay.join         done:True   exception: None  <coroutine object Relay.join at 0x7f89532080>
	10/48  _WebManager.join                done:True   exception: None  <coroutine object _WebManager.join at 0x7f89530880>
	11/48  store-btu.join                  done:True   exception: None  <coroutine object ApiBtuMeter.join at 0x7f89533880>
	12/48  tank2.join                      done:True   exception: None  <coroutine object ApiTankModule.join at 0x7f89533100>
	13/48  i2c-bus.join                    done:True   exception: None  <coroutine object I2cBus.join at 0x7f89531900>
	14/48  charge-discharge-relay-boot-adopt  done:True   exception: None  <coroutine object Relay._boot_adopt at 0x7f8947e540>
	15/48  lc.join                         done:True   exception: None  <coroutine object LocalControl.join at 0x7f89531180>
	16/48  hp-loop-on-off-relay-boot-adopt  done:True   exception: None  <coroutine object Relay._boot_adopt at 0x7f8947ea40>
	17/48  zone1-living-rm-ops-relay.join  done:True   exception: None  <coroutine object Relay.join at 0x7f89532980>
	18/48  aquastat-ctrl-relay.join        done:True   exception: None  <coroutine object Relay.join at 0x7f89532200>
	19/48  s.join                          done:True   exception: None  <coroutine object PrimeActor.join at 0x7f89530a00>
	20/48  dist-flow.join                  done:True   exception: None  <coroutine object ApiFlowModule.join at 0x7f89533a00>
	21/48  tank3.join                      done:True   exception: None  <coroutine object ApiTankModule.join at 0x7f89533280>
	22/48  vdc-relay.join                  done:True   exception: None  <coroutine object Relay.join at 0x7f89531a80>
	23/48  hp-failsafe-relay-boot-adopt    done:True   exception: None  <coroutine object Relay._boot_adopt at 0x7f8947e640>
	24/48  hp-failsafe-relay.join          done:True   exception: None  <coroutine object Relay.join at 0x7f89531f00>
	25/48  hp-boss.join                    done:True   exception: None  <coroutine object HpBoss.join at 0x7f89531300>
	26/48  hp-loop-keep-send-relay-boot-adopt  done:True   exception: None  <coroutine object Relay._boot_adopt at 0x7f8947eb40>
	27/48  zone2-bedroom-failsafe-relay.join  done:True   exception: None  <coroutine object Relay.join at 0x7f89532b00>
	28/48  store-pump-relay.join           done:True   exception: None  <coroutine object Relay.join at 0x7f89532380>
	29/48  la.join                         done:True   exception: None  <coroutine object LeafAlly.join at 0x7f89530b80>
	30/48  sieg-send.join                  done:True   exception: None  <coroutine object ApiFlowModule.join at 0x7f89533b80>
	31/48  dist-010v.join                  done:True   exception: None  <coroutine object ZeroTenOutputer.join at 0x7f89533400>
	32/48  tstat-common-relay.join         done:True   exception: None  <coroutine object Relay.join at 0x7f89531c00>
	33/48  hp-scada-ops-relay-boot-adopt   done:True   exception: None  <coroutine object Relay._boot_adopt at 0x7f8947e740>
	34/48  sieg-loop.join                  done:True   exception: None  <coroutine object SiegLoop.join at 0x7f89531480>
	35/48  zone1-living-rm-failsafe-relay-boot-adopt  done:True   exception: None  <coroutine object Relay._boot_adopt at 0x7f8947ec40>
	36/48  zone2-bedroom-ops-relay.join    done:True   exception: None  <coroutine object Relay.join at 0x7f89532c80>
	37/48  hp-loop-on-off-relay.join       done:True   exception: None  <coroutine object Relay.join at 0x7f89532500>
	38/48  five-v-boss.join                done:True   exception: None  <coroutine object FiveVBoss.join at 0x7f89530d00>
	39/48  zone1-living-rm-ops-relay-boot-adopt  done:True   exception: None  <coroutine object Relay._boot_adopt at 0x7f8947ee40>
	40/48  store-010v.join                 done:True   exception: None  <coroutine object ZeroTenOutputer.join at 0x7f89533580>
	41/48  charge-discharge-relay.join     done:True   exception: None  <coroutine object Relay.join at 0x7f89531d80>
	42/48  aquastat-ctrl-relay-boot-adopt  done:True   exception: None  <coroutine object Relay._boot_adopt at 0x7f8947e840>
	43/48  buffer.join                     done:True   exception: None  <coroutine object ApiTankModule.join at 0x7f89532e00>
	44/48  vdc-relay-boot-adopt            done:True   exception: None  <coroutine object Relay._boot_adopt at 0x7f8947e340>
	45/48  hp-loop-keep-send-relay.join    done:True   exception: None  <coroutine object Relay.join at 0x7f89532680>
	46/48  pico-cycler.join                done:True   exception: None  <coroutine object PicoCycler.join at 0x7f89530e80>
	47/48  zone2-bedroom-failsafe-relay-boot-adopt  done:True   exception: None  <coroutine object Relay._boot_adopt at 0x7f8947ef40>
	48/48  io_loop_manager.join            done:True   exception: None  <coroutine object IOLoop.join at 0x7f895301c0>

2026-09-28 19:39:53.181 Tasks: 41  [PENDING]
	1/41  relay state reporter            done:False   exception: None  <coroutine object Relay.main at 0x7f894f9300>
	2/41  relay state reporter            done:False   exception: None  <coroutine object Relay.main at 0x7f894f8e50>
	3/41  scada top_state_tracker         done:False   exception: None  <coroutine object Scada.state_tracker at 0x7f8976a510>
	4/41  relay state reporter            done:False   exception: None  <coroutine object Relay.main at 0x7f894f98a0>
	5/41  ApiFlowModule keepalive         done:False   exception: None  <coroutine object ApiFlowModule.main at 0x7f89504370>
	6/41  startup_announcer               done:False   exception: None  <coroutine object Scada.announce_at_first_broker_link at 0x7f894bdff0>
	7/41  LeafAlly keepalive              done:False   exception: None  <coroutine object AllTanksLeafAlly.main at 0x7f89477060>
	8/41  relay state reporter            done:False   exception: None  <coroutine object Relay.main at 0x7f894f8f40>
	9/41  ApiFlowModule keepalive         done:False   exception: None  <coroutine object ApiFlowModule.main at 0x7f89504480>
	10/41  relay state reporter            done:False   exception: None  <coroutine object Relay.main at 0x7f894f93f0>
	11/41  relay state reporter            done:False   exception: None  <coroutine object Relay.main at 0x7f894f9990>
	12/41  process_messages                done:False   exception: None  <coroutine object Proactor.process_messages at 0x7f8976a3e0>
	13/41  ApiTankModule keepalive         done:False   exception: None  <coroutine object ApiTankModule.main at 0x7f8951d000>
	14/41  picocycler keepalive            done:False   exception: None  <coroutine object PicoCycler.main at 0x7f89873370>
	15/41  relay state reporter            done:False   exception: None  <coroutine object Relay.main at 0x7f894f9030>
	16/41  send_ping<gridworks_mqtt>       done:False   exception: None  <coroutine object LinkManager.send_ping at 0x7f8947ed40>
	17/41  relay state reporter            done:False   exception: None  <coroutine object Relay.main at 0x7f894f94e0>
	18/41  ApiTankModule keepalive         done:False   exception: None  <coroutine object ApiTankModule.main at 0x7f8951d1c0>
	19/41  Derived Generator keepalive     done:False   exception: None  <coroutine object DerivedGenerator.main at 0x7f894f8220>
	20/41  send_ping<local_mqtt>           done:False   exception: None  <coroutine object LinkManager.send_ping at 0x7f8947f140>
	21/41  ApiTankModule keepalive         done:False   exception: None  <coroutine object ApiTankModule.main at 0x7f8951d380>
	22/41  LocalControl keepalive          done:False   exception: None  <coroutine object LocalControlTouBase.main at 0x7f894f8d60>
	23/41  relay state reporter            done:False   exception: None  <coroutine object Relay.main at 0x7f894f9120>
	24/41  send_ping<admin>                done:False   exception: None  <coroutine object LinkManager.send_ping at 0x7f8947f240>
	25/41  relay state reporter            done:False   exception: None  <coroutine object Relay.main at 0x7f894f95d0>
	26/41  ApiTankModule keepalive         done:False   exception: None  <coroutine object ApiTankModule.main at 0x7f8951d460>
	27/41  Sieg Loop Synchronous Report    done:False   exception: None  <coroutine object SiegLoop.main at 0x7f894bdcb0>
	28/41  report_sender                   done:False   exception: None  <coroutine object Scada.report_sending_task at 0x7f8951dd20>
	29/41  dist-010v-main                  done:False   exception: None  <coroutine object ZeroTenOutputer.main_loop at 0x7f8951d540>
	30/41  relay state reporter            done:False   exception: None  <coroutine object Relay.main at 0x7f894f9210>
	31/41  snap_sender                     done:False   exception: None  <coroutine object Scada.snap_sending_task at 0x7f8951dee0>
	32/41  store-010v-main                 done:False   exception: None  <coroutine object ZeroTenOutputer.main_loop at 0x7f8951da80>
	33/41  i2c-bus-heartbeat               done:False   exception: None  <coroutine object I2cBus._heartbeat at 0x7f8951d2a0>
	34/41  unknown_channel_logger          done:False   exception: None  <coroutine object Scada.unknown_channel_logging_task at 0x7f8947f340>
	35/41  power-meter.join                done:False   exception: None  <coroutine object SyncThreadActor.join at 0x7f89531600>
	36/41  relay state reporter            done:False   exception: None  <coroutine object Relay.main at 0x7f894f97b0>
	37/41  watchdog_manager.join           done:False   exception: None  <coroutine object WatchdogManager.join at 0x7f882f43c0>
	38/41  ApiBtuMeter keepalive           done:False   exception: None  <coroutine object ApiBtuMeter.main at 0x7f8951de00>
	39/41  relay state reporter            done:False   exception: None  <coroutine object Relay.main at 0x7f894f96c0>
	40/41  disabled_roster                 done:False   exception: None  <coroutine object Scada.disabled_roster_task at 0x7f8951dfc0>
	41/41  ApiBtuMeter keepalive           done:False   exception: None  <coroutine object ApiBtuMeter.main at 0x7f8951dc40>

2026-09-28 19:39:53.182 Tasks: 41  [WAITING FOR]
	1/41  relay state reporter            done:False   exception: None  <coroutine object Relay.main at 0x7f894f9300>
	2/41  relay state reporter            done:False   exception: None  <coroutine object Relay.main at 0x7f894f8e50>
	3/41  scada top_state_tracker         done:False   exception: None  <coroutine object Scada.state_tracker at 0x7f8976a510>
	4/41  relay state reporter            done:False   exception: None  <coroutine object Relay.main at 0x7f894f98a0>
	5/41  ApiFlowModule keepalive         done:False   exception: None  <coroutine object ApiFlowModule.main at 0x7f89504370>
	6/41  startup_announcer               done:False   exception: None  <coroutine object Scada.announce_at_first_broker_link at 0x7f894bdff0>
	7/41  LeafAlly keepalive              done:False   exception: None  <coroutine object AllTanksLeafAlly.main at 0x7f89477060>
	8/41  relay state reporter            done:False   exception: None  <coroutine object Relay.main at 0x7f894f8f40>
	9/41  ApiFlowModule keepalive         done:False   exception: None  <coroutine object ApiFlowModule.main at 0x7f89504480>
	10/41  relay state reporter            done:False   exception: None  <coroutine object Relay.main at 0x7f894f93f0>
	11/41  relay state reporter            done:False   exception: None  <coroutine object Relay.main at 0x7f894f9990>
	12/41  process_messages                done:False   exception: None  <coroutine object Proactor.process_messages at 0x7f8976a3e0>
	13/41  ApiTankModule keepalive         done:False   exception: None  <coroutine object ApiTankModule.main at 0x7f8951d000>
	14/41  picocycler keepalive            done:False   exception: None  <coroutine object PicoCycler.main at 0x7f89873370>
	15/41  relay state reporter            done:False   exception: None  <coroutine object Relay.main at 0x7f894f9030>
	16/41  send_ping<gridworks_mqtt>       done:False   exception: None  <coroutine object LinkManager.send_ping at 0x7f8947ed40>
	17/41  relay state reporter            done:False   exception: None  <coroutine object Relay.main at 0x7f894f94e0>
	18/41  ApiTankModule keepalive         done:False   exception: None  <coroutine object ApiTankModule.main at 0x7f8951d1c0>
	19/41  Derived Generator keepalive     done:False   exception: None  <coroutine object DerivedGenerator.main at 0x7f894f8220>
	20/41  send_ping<local_mqtt>           done:False   exception: None  <coroutine object LinkManager.send_ping at 0x7f8947f140>
	21/41  ApiTankModule keepalive         done:False   exception: None  <coroutine object ApiTankModule.main at 0x7f8951d380>
	22/41  LocalControl keepalive          done:False   exception: None  <coroutine object LocalControlTouBase.main at 0x7f894f8d60>
	23/41  relay state reporter            done:False   exception: None  <coroutine object Relay.main at 0x7f894f9120>
	24/41  send_ping<admin>                done:False   exception: None  <coroutine object LinkManager.send_ping at 0x7f8947f240>
	25/41  relay state reporter            done:False   exception: None  <coroutine object Relay.main at 0x7f894f95d0>
	26/41  ApiTankModule keepalive         done:False   exception: None  <coroutine object ApiTankModule.main at 0x7f8951d460>
	27/41  Sieg Loop Synchronous Report    done:False   exception: None  <coroutine object SiegLoop.main at 0x7f894bdcb0>
	28/41  report_sender                   done:False   exception: None  <coroutine object Scada.report_sending_task at 0x7f8951dd20>
	29/41  dist-010v-main                  done:False   exception: None  <coroutine object ZeroTenOutputer.main_loop at 0x7f8951d540>
	30/41  relay state reporter            done:False   exception: None  <coroutine object Relay.main at 0x7f894f9210>
	31/41  snap_sender                     done:False   exception: None  <coroutine object Scada.snap_sending_task at 0x7f8951dee0>
	32/41  store-010v-main                 done:False   exception: None  <coroutine object ZeroTenOutputer.main_loop at 0x7f8951da80>
	33/41  i2c-bus-heartbeat               done:False   exception: None  <coroutine object I2cBus._heartbeat at 0x7f8951d2a0>
	34/41  unknown_channel_logger          done:False   exception: None  <coroutine object Scada.unknown_channel_logging_task at 0x7f8947f340>
	35/41  power-meter.join                done:False   exception: None  <coroutine object SyncThreadActor.join at 0x7f89531600>
	36/41  relay state reporter            done:False   exception: None  <coroutine object Relay.main at 0x7f894f97b0>
	37/41  watchdog_manager.join           done:False   exception: None  <coroutine object WatchdogManager.join at 0x7f882f43c0>
	38/41  ApiBtuMeter keepalive           done:False   exception: None  <coroutine object ApiBtuMeter.main at 0x7f8951de00>
	39/41  relay state reporter            done:False   exception: None  <coroutine object Relay.main at 0x7f894f96c0>
	40/41  disabled_roster                 done:False   exception: None  <coroutine object Scada.disabled_roster_task at 0x7f8951dfc0>
	41/41  ApiBtuMeter keepalive           done:False   exception: None  <coroutine object ApiBtuMeter.main at 0x7f8951dc40>

2026-09-28 19:39:53.183 [dist-010v] dist-010v: output range set to 0-10 V
2026-09-28 19:39:53.183 [store-010v] store-010v: output range set to 0-10 V
2026-09-28 19:39:53.187 local_mqtt:  awaiting_setup_and_peer -- mqtt_suback --> awaiting_peer
2026-09-28 19:39:53.193 admin:  awaiting_setup_and_peer -- mqtt_suback --> awaiting_peer
2026-09-28 19:39:53.262 local_mqtt:  awaiting_peer -- message_from_peer --> active
2026-09-28 19:39:53.332 gridworks_mqtt:  connecting -- mqtt_connected --> awaiting_setup_and_peer
2026-09-28 19:39:53.353 [derived-generator] Obtained a 155-hour weather forecast starting at 1790640000
2026-09-28 19:39:53.357 [derived-generator] Calculating rswt_quadratic_params: [ 4.91228070e-04 -4.28070175e-02  8.68421053e-01]
2026-09-28 19:39:53.365 [derived-generator] Updating usable and required energy
2026-09-28 19:39:53.365 [derived-generator] Got forecast starting 2026-09-28 20:00:00
2026-09-28 19:39:53.388 gridworks_mqtt:  awaiting_setup_and_peer -- mqtt_suback --> awaiting_peer
2026-09-28 19:39:54.186 Tasks: 1  [DONE]
	1/1  startup_announcer               done:True   exception: None  <coroutine object Scada.announce_at_first_broker_link at 0x7f894bdff0>

2026-09-28 19:39:54.187 Tasks: 40  [PENDING]
	1/40  relay state reporter            done:False   exception: None  <coroutine object Relay.main at 0x7f894f9300>
	2/40  scada top_state_tracker         done:False   exception: None  <coroutine object Scada.state_tracker at 0x7f8976a510>
	3/40  relay state reporter            done:False   exception: None  <coroutine object Relay.main at 0x7f894f98a0>
	4/40  ApiFlowModule keepalive         done:False   exception: None  <coroutine object ApiFlowModule.main at 0x7f89504370>
	5/40  ApiBtuMeter keepalive           done:False   exception: None  <coroutine object ApiBtuMeter.main at 0x7f8951dc40>
	6/40  LeafAlly keepalive              done:False   exception: None  <coroutine object AllTanksLeafAlly.main at 0x7f89477060>
	7/40  relay state reporter            done:False   exception: None  <coroutine object Relay.main at 0x7f894f8f40>
	8/40  ApiFlowModule keepalive         done:False   exception: None  <coroutine object ApiFlowModule.main at 0x7f89504480>
	9/40  relay state reporter            done:False   exception: None  <coroutine object Relay.main at 0x7f894f93f0>
	10/40  relay state reporter            done:False   exception: None  <coroutine object Relay.main at 0x7f894f9990>
	11/40  process_messages                done:False   exception: None  <coroutine object Proactor.process_messages at 0x7f8976a3e0>
	12/40  ApiTankModule keepalive         done:False   exception: None  <coroutine object ApiTankModule.main at 0x7f8951d000>
	13/40  picocycler keepalive            done:False   exception: None  <coroutine object PicoCycler.main at 0x7f89873370>
	14/40  relay state reporter            done:False   exception: None  <coroutine object Relay.main at 0x7f894f9030>
	15/40  send_ping<gridworks_mqtt>       done:False   exception: None  <coroutine object LinkManager.send_ping at 0x7f8947ed40>
	16/40  relay state reporter            done:False   exception: None  <coroutine object Relay.main at 0x7f894f94e0>
	17/40  ApiTankModule keepalive         done:False   exception: None  <coroutine object ApiTankModule.main at 0x7f8951d1c0>
	18/40  Derived Generator keepalive     done:False   exception: None  <coroutine object DerivedGenerator.main at 0x7f894f8220>
	19/40  send_ping<local_mqtt>           done:False   exception: None  <coroutine object LinkManager.send_ping at 0x7f8947f140>
	20/40  ApiTankModule keepalive         done:False   exception: None  <coroutine object ApiTankModule.main at 0x7f8951d380>
	21/40  LocalControl keepalive          done:False   exception: None  <coroutine object LocalControlTouBase.main at 0x7f894f8d60>
	22/40  relay state reporter            done:False   exception: None  <coroutine object Relay.main at 0x7f894f9120>
	23/40  send_ping<admin>                done:False   exception: None  <coroutine object LinkManager.send_ping at 0x7f8947f240>
	24/40  relay state reporter            done:False   exception: None  <coroutine object Relay.main at 0x7f894f95d0>
	25/40  ApiTankModule keepalive         done:False   exception: None  <coroutine object ApiTankModule.main at 0x7f8951d460>
	26/40  Sieg Loop Synchronous Report    done:False   exception: None  <coroutine object SiegLoop.main at 0x7f894bdcb0>
	27/40  report_sender                   done:False   exception: None  <coroutine object Scada.report_sending_task at 0x7f8951dd20>
	28/40  dist-010v-main                  done:False   exception: None  <coroutine object ZeroTenOutputer.main_loop at 0x7f8951d540>
	29/40  relay state reporter            done:False   exception: None  <coroutine object Relay.main at 0x7f894f9210>
	30/40  snap_sender                     done:False   exception: None  <coroutine object Scada.snap_sending_task at 0x7f8951dee0>
	31/40  store-010v-main                 done:False   exception: None  <coroutine object ZeroTenOutputer.main_loop at 0x7f8951da80>
	32/40  i2c-bus-heartbeat               done:False   exception: None  <coroutine object I2cBus._heartbeat at 0x7f8951d2a0>
	33/40  unknown_channel_logger          done:False   exception: None  <coroutine object Scada.unknown_channel_logging_task at 0x7f8947f340>
	34/40  power-meter.join                done:False   exception: None  <coroutine object SyncThreadActor.join at 0x7f89531600>
	35/40  relay state reporter            done:False   exception: None  <coroutine object Relay.main at 0x7f894f97b0>
	36/40  watchdog_manager.join           done:False   exception: None  <coroutine object WatchdogManager.join at 0x7f882f43c0>
	37/40  ApiBtuMeter keepalive           done:False   exception: None  <coroutine object ApiBtuMeter.main at 0x7f8951de00>
	38/40  relay state reporter            done:False   exception: None  <coroutine object Relay.main at 0x7f894f96c0>
	39/40  disabled_roster                 done:False   exception: None  <coroutine object Scada.disabled_roster_task at 0x7f8951dfc0>
	40/40  relay state reporter            done:False   exception: None  <coroutine object Relay.main at 0x7f894f8e50>

2026-09-28 19:39:54.187 Tasks: 40  [WAITING FOR]
	1/40  relay state reporter            done:False   exception: None  <coroutine object Relay.main at 0x7f894f9300>
	2/40  scada top_state_tracker         done:False   exception: None  <coroutine object Scada.state_tracker at 0x7f8976a510>
	3/40  relay state reporter            done:False   exception: None  <coroutine object Relay.main at 0x7f894f98a0>
	4/40  ApiFlowModule keepalive         done:False   exception: None  <coroutine object ApiFlowModule.main at 0x7f89504370>
	5/40  ApiBtuMeter keepalive           done:False   exception: None  <coroutine object ApiBtuMeter.main at 0x7f8951dc40>
	6/40  LeafAlly keepalive              done:False   exception: None  <coroutine object AllTanksLeafAlly.main at 0x7f89477060>
	7/40  relay state reporter            done:False   exception: None  <coroutine object Relay.main at 0x7f894f8f40>
	8/40  ApiFlowModule keepalive         done:False   exception: None  <coroutine object ApiFlowModule.main at 0x7f89504480>
	9/40  relay state reporter            done:False   exception: None  <coroutine object Relay.main at 0x7f894f93f0>
	10/40  relay state reporter            done:False   exception: None  <coroutine object Relay.main at 0x7f894f9990>
	11/40  process_messages                done:False   exception: None  <coroutine object Proactor.process_messages at 0x7f8976a3e0>
	12/40  ApiTankModule keepalive         done:False   exception: None  <coroutine object ApiTankModule.main at 0x7f8951d000>
	13/40  picocycler keepalive            done:False   exception: None  <coroutine object PicoCycler.main at 0x7f89873370>
	14/40  relay state reporter            done:False   exception: None  <coroutine object Relay.main at 0x7f894f9030>
	15/40  send_ping<gridworks_mqtt>       done:False   exception: None  <coroutine object LinkManager.send_ping at 0x7f8947ed40>
	16/40  relay state reporter            done:False   exception: None  <coroutine object Relay.main at 0x7f894f94e0>
	17/40  ApiTankModule keepalive         done:False   exception: None  <coroutine object ApiTankModule.main at 0x7f8951d1c0>
	18/40  Derived Generator keepalive     done:False   exception: None  <coroutine object DerivedGenerator.main at 0x7f894f8220>
	19/40  send_ping<local_mqtt>           done:False   exception: None  <coroutine object LinkManager.send_ping at 0x7f8947f140>
	20/40  ApiTankModule keepalive         done:False   exception: None  <coroutine object ApiTankModule.main at 0x7f8951d380>
	21/40  LocalControl keepalive          done:False   exception: None  <coroutine object LocalControlTouBase.main at 0x7f894f8d60>
	22/40  relay state reporter            done:False   exception: None  <coroutine object Relay.main at 0x7f894f9120>
	23/40  send_ping<admin>                done:False   exception: None  <coroutine object LinkManager.send_ping at 0x7f8947f240>
	24/40  relay state reporter            done:False   exception: None  <coroutine object Relay.main at 0x7f894f95d0>
	25/40  ApiTankModule keepalive         done:False   exception: None  <coroutine object ApiTankModule.main at 0x7f8951d460>
	26/40  Sieg Loop Synchronous Report    done:False   exception: None  <coroutine object SiegLoop.main at 0x7f894bdcb0>
	27/40  report_sender                   done:False   exception: None  <coroutine object Scada.report_sending_task at 0x7f8951dd20>
	28/40  dist-010v-main                  done:False   exception: None  <coroutine object ZeroTenOutputer.main_loop at 0x7f8951d540>
	29/40  relay state reporter            done:False   exception: None  <coroutine object Relay.main at 0x7f894f9210>
	30/40  snap_sender                     done:False   exception: None  <coroutine object Scada.snap_sending_task at 0x7f8951dee0>
	31/40  store-010v-main                 done:False   exception: None  <coroutine object ZeroTenOutputer.main_loop at 0x7f8951da80>
	32/40  i2c-bus-heartbeat               done:False   exception: None  <coroutine object I2cBus._heartbeat at 0x7f8951d2a0>
	33/40  unknown_channel_logger          done:False   exception: None  <coroutine object Scada.unknown_channel_logging_task at 0x7f8947f340>
	34/40  power-meter.join                done:False   exception: None  <coroutine object SyncThreadActor.join at 0x7f89531600>
	35/40  relay state reporter            done:False   exception: None  <coroutine object Relay.main at 0x7f894f97b0>
	36/40  watchdog_manager.join           done:False   exception: None  <coroutine object WatchdogManager.join at 0x7f882f43c0>
	37/40  ApiBtuMeter keepalive           done:False   exception: None  <coroutine object ApiBtuMeter.main at 0x7f8951de00>
	38/40  relay state reporter            done:False   exception: None  <coroutine object Relay.main at 0x7f894f96c0>
	39/40  disabled_roster                 done:False   exception: None  <coroutine object Scada.disabled_roster_task at 0x7f8951dfc0>
	40/40  relay state reporter            done:False   exception: None  <coroutine object Relay.main at 0x7f894f8e50>

2026-09-28 19:39:56.120 [pico-cycler] TRIGGERING PICO REBOOT! startup
2026-09-28 19:39:56.121 [pico-cycler] OpenRelay to vdc-relay
2026-09-28 19:39:57.163 [scada] About to initialize contracts
2026-09-28 19:39:57.164 No contract
2026-09-28 19:39:57.164 Starting with no contract
2026-09-28 19:39:58.120 [lc] Top state: Normal
2026-09-28 19:39:58.121 [lc] LocalControl: AllTanks  |  State: Initializing
2026-09-28 19:39:58.122 [lc] All critical zones are at or above their effective setpoint
2026-09-28 19:39:58.194 local_mqtt:  active -- response_timeout --> awaiting_peer
2026-09-28 19:39:58.203 local_mqtt:  awaiting_peer -- message_from_peer --> active
2026-09-28 19:39:58.802 Top state: Auto
2026-09-28 19:39:58.802 Auto state: LocalControl
2026-09-28 19:40:00.194 [derived-generator] [HeatCall periodic] zone1-living-rm-heat-call now=1790638800.2 next=1790638800 period=300
2026-09-28 19:40:00.195 [derived-generator] [HeatCall periodic] zone2-bedroom-heat-call now=1790638800.2 next=1790638800 period=300
2026-09-28 19:40:01.132 [pico-cycler] CloseRelay to vdc-relay
2026-09-28 19:40:07.457 [sieg-btu] malformed BtuMeter parameters: 3 validation errors for AsyncBtuParams
PicoBoardVariant
  Field required [type=missing, input_value={'AsyncCaptureDeltaCelsiu...me': 'async.btu.params'}, input_type=dict]
    For further information visit https://errors.pydantic.dev/2.11/v/missing
MicropythonVersion
  Field required [type=missing, input_value={'AsyncCaptureDeltaCelsiu...me': 'async.btu.params'}, input_type=dict]
    For further information visit https://errors.pydantic.dev/2.11/v/missing
Version
  Input should be '100' [type=literal_error, input_value='000', input_type=str]
    For further information visit https://errors.pydantic.dev/2.11/v/literal_error
2026-09-28 19:40:08.162 [UnknownChannels] no value: buffer-depth1-device,buffer-depth2-device,buffer-depth3-device,buffer-depth1-micro-v,buffer-depth2-micro-v,buffer-depth3-micro-v,tank1-depth1-device,tank1-depth2-device,tank1-depth3-device,tank1-depth1-micro-v,tank1-depth2-micro-v,tank1-depth3-micro-v,tank2-depth1-device,tank2-depth2-device,tank2-depth3-device,tank2-depth1-micro-v,tank2-depth2-micro-v,tank2-depth3-micro-v,tank3-depth1-device,tank3-depth2-device,tank3-depth3-device,tank3-depth1-micro-v,tank3-depth2-micro-v,tank3-depth3-micro-v,sieg-flow,sieg-hot,sieg-cold,store-flow,store-hot-pipe,store-cold-pipe,sieg-send,sieg-send-hz,sieg-send-flow,primary-flow,required-energy,buffer-depth1,buffer-depth2,buffer-depth3,tank1-depth1,tank1-depth2,tank1-depth3,tank2-depth1,tank2-depth2,tank2-depth3,tank3-depth1,tank3-depth2,tank3-depth3 | stale: -
2026-09-28 19:40:10.229 [scada] First Buffer temps arrived! Sending to LocalControl
2026-09-28 19:40:10.230 [lc] Buffer Temps Available: False
2026-09-28 19:40:10.230 [lc] Blind since 12 seconds
2026-09-28 19:40:12.845 [store-btu] malformed BtuMeter parameters: 3 validation errors for AsyncBtuParams
PicoBoardVariant
  Field required [type=missing, input_value={'AsyncCaptureDeltaCelsiu...me': 'async.btu.params'}, input_type=dict]
    For further information visit https://errors.pydantic.dev/2.11/v/missing
MicropythonVersion
  Field required [type=missing, input_value={'AsyncCaptureDeltaCelsiu...me': 'async.btu.params'}, input_type=dict]
    For further information visit https://errors.pydantic.dev/2.11/v/missing
Version
  Input should be '100' [type=literal_error, input_value='000', input_type=str]
    For further information visit https://errors.pydantic.dev/2.11/v/literal_error
2026-09-28 19:40:17.099 admin:  awaiting_peer -- message_from_peer --> active
2026-09-28 19:40:18.017 [scada] Admin timeout renewed: 300 seconds
2026-09-28 19:40:18.023 [scada] Message from Admin! top_state Admin
2026-09-28 19:40:18.024 [scada] AutoGoesDormant: LocalControl -> Dormant
2026-09-28 19:40:18.037 [lc] Top State TopGoDormant: Normal -> Dormant
2026-09-28 19:40:18.039 [lc] Set top state command tree
2026-09-28 19:40:18.040 [lc] GoDormant: Initializing -> Dormant
2026-09-28 19:40:18.041 [scada] Admin Wakes Up
2026-09-28 19:40:20.620 [scada] AdminDispatch MoveToFullSend to admin.sieg-loop
2026-09-28 19:40:20.623 [sieg-loop] MoveToFullSend from admin: the loop is held until the tree changes hands
2026-09-28 19:40:20.623 [sieg-loop] Full run to send
2026-09-28 19:40:20.626 [sieg-loop] admin.sieg-loop sending OpenRelay to HpLoopOnOff relay admin.sieg-loop.hp-loop-on-off-relay
2026-09-28 19:40:20.627 [sieg-loop] StopKeepingLess: KeepingLess -> SteadyBlend
2026-09-28 19:40:20.629 [sieg-loop] sieg-view SteadyBlend keep=66.6s hp-lwt=97.7F@1s hp-ewt=99.2F@9s sieg-hot=88.0F@11s sieg-cold=90.8F@11s sieg-flow=0.00gpm@11s sieg-send-flow*=4.39gpm@7s primary-flow*=4.39gpm@7s hp-odu-pwr=54W@20s hp-idu-pwr=0W@20s buffer-hot-pipe=94.4F@2s buffer-cold-pipe=98.9F@27s store-hot-pipe=99.5F@6s dist-swt=80.1F@25s dist-rwt=75.3F@27s | lift=0.0F pwr=54W
2026-09-28 19:40:20.630 [sieg-loop] Motor stopped after 27.4 s: keep_seconds 66.6
2026-09-28 19:40:20.637 [sieg-loop] admin.sieg-loop sending SendMore to HpLoopKeepSend relay admin.sieg-loop.hp-loop-keep-send-relay
2026-09-28 19:40:20.639 [sieg-loop] admin.sieg-loop sending CloseRelay to HpLoopOnOff relay admin.sieg-loop.hp-loop-on-off-relay
2026-09-28 19:40:20.640 [sieg-loop] StartKeepingLess: SteadyBlend -> KeepingLess
2026-09-28 19:40:20.642 [sieg-loop] sieg-view KeepingLess keep=66.6s hp-lwt=97.7F@1s hp-ewt=99.2F@9s sieg-hot=88.0F@11s sieg-cold=90.8F@11s sieg-flow=0.00gpm@11s sieg-send-flow*=4.39gpm@7s primary-flow*=4.39gpm@7s hp-odu-pwr=54W@20s hp-idu-pwr=0W@20s buffer-hot-pipe=94.4F@2s buffer-cold-pipe=98.9F@27s store-hot-pipe=99.5F@6s dist-swt=80.1F@25s dist-rwt=75.3F@27s | lift=0.0F pwr=54W
2026-09-28 19:40:20.643 [sieg-loop] Motor toward send for 104 s from keep_seconds 66.6
2026-09-28 19:40:23.122 [sieg-loop] sieg-view KeepingLess keep=66.6s hp-lwt=97.8F@1s hp-ewt=99.3F@0s sieg-hot=88.0F@13s sieg-cold=90.8F@13s sieg-flow=0.00gpm@13s sieg-send-flow*=4.39gpm@10s primary-flow*=4.39gpm@10s hp-odu-pwr=54W@23s hp-idu-pwr=0W@23s buffer-hot-pipe=94.4F@5s buffer-cold-pipe=98.9F@30s store-hot-pipe=99.5F@8s dist-swt=80.1F@27s dist-rwt=75.3F@30s | lift=0.0F pwr=54W
2026-09-28 19:40:23.165 [UnknownChannels] no value: required-energy | stale: -
2026-09-28 19:40:38.166 [UnknownChannels] no value: required-energy | stale: -
2026-09-28 19:40:53.132 [sieg-loop] sieg-view KeepingLess keep=66.6s hp-lwt=98.3F@5s hp-ewt=99.3F@30s sieg-hot=87.6F@17s sieg-cold=91.3F@18s sieg-flow=0.00gpm@43s sieg-send-flow*=4.37gpm@7s primary-flow*=4.37gpm@7s hp-odu-pwr=54W@53s hp-idu-pwr=0W@53s buffer-hot-pipe=97.2F@7s buffer-cold-pipe=98.9F@60s store-hot-pipe=99.5F@38s dist-swt=80.1F@57s dist-rwt=75.3F@60s | lift=0.0F pwr=54W
2026-09-28 19:40:53.168 [UnknownChannels] no value: required-energy | stale: -
2026-09-28 19:40:58.125 [lc] Top state: Dormant
2026-09-28 19:40:58.125 [lc] LocalControl: AllTanks  |  State: Dormant
2026-09-28 19:41:08.171 [UnknownChannels] no value: required-energy | stale: -
2026-09-28 19:41:23.135 [sieg-loop] sieg-view KeepingLess keep=66.6s hp-lwt=98.3F@16s hp-ewt=99.3F@60s sieg-hot=87.6F@13s sieg-cold=90.9F@23s sieg-flow=0.00gpm@73s sieg-send-flow*=4.36gpm@8s primary-flow*=4.36gpm@8s hp-odu-pwr=54W@83s hp-idu-pwr=0W@83s buffer-hot-pipe=97.2F@37s buffer-cold-pipe=98.9F@90s store-hot-pipe=99.5F@68s dist-swt=80.1F@87s dist-rwt=75.3F@90s | lift=0.0F pwr=54W
2026-09-28 19:41:23.173 [UnknownChannels] no value: required-energy | stale: -
2026-09-28 19:41:38.176 [UnknownChannels] no value: required-energy | stale: -
2026-09-28 19:41:53.137 [sieg-loop] sieg-view KeepingLess keep=66.6s hp-lwt=98.3F@20s hp-ewt=99.2F@1s sieg-hot=87.6F@43s sieg-cold=91.4F@16s sieg-flow=0.00gpm@103s sieg-send-flow*=4.34gpm@1s primary-flow*=4.34gpm@1s hp-odu-pwr=54W@113s hp-idu-pwr=0W@113s buffer-hot-pipe=98.1F@20s buffer-cold-pipe=98.9F@120s store-hot-pipe=99.2F@9s dist-swt=80.1F@117s dist-rwt=75.3F@120s | lift=0.0F pwr=54W
2026-09-28 19:41:53.178 [UnknownChannels] no value: required-energy | stale: -
2026-09-28 19:41:58.126 [lc] Top state: Dormant
2026-09-28 19:41:58.127 [lc] LocalControl: AllTanks  |  State: Dormant
2026-09-28 19:42:04.675 [sieg-loop] admin.sieg-loop sending OpenRelay to HpLoopOnOff relay admin.sieg-loop.hp-loop-on-off-relay
2026-09-28 19:42:04.676 [sieg-loop] ResetToFullySend: KeepingLess -> FullySend
2026-09-28 19:42:04.679 [sieg-loop] sieg-view FullySend keep=0.0s hp-lwt=98.2F@1s hp-ewt=99.2F@13s sieg-hot=87.6F@55s sieg-cold=91.0F@2s sieg-flow=0.00gpm@115s sieg-send-flow*=4.35gpm@2s primary-flow*=4.35gpm@2s hp-odu-pwr=54W@124s hp-idu-pwr=0W@124s buffer-hot-pipe=98.1F@32s buffer-cold-pipe=98.9F@131s store-hot-pipe=99.2F@21s dist-swt=80.1F@129s dist-rwt=75.3F@131s | lift=0.0F pwr=54W
2026-09-28 19:42:04.679 [sieg-loop] Motor stopped after 104.0 s: keep_seconds 0
2026-09-28 19:42:08.180 [UnknownChannels] no value: required-energy | stale: transactive-power,usable-energy,zone1-living-rm-heat-call,zone2-bedroom-heat-call
2026-09-28 19:42:09.019 [scada] AdminDispatch ChargeStore to admin.charge-discharge-relay
2026-09-28 19:42:11.028 [scada] AdminDispatch MoveToFullKeep to admin.sieg-loop
2026-09-28 19:42:11.029 [sieg-loop] MoveToFullKeep from admin: the loop is held until the tree changes hands
2026-09-28 19:42:11.030 [sieg-loop] Full run to keep
2026-09-28 19:42:11.031 [sieg-loop] admin.sieg-loop sending SendLessto HpLoopKeepSend relay admin.sieg-loop.hp-loop-keep-send-relay
2026-09-28 19:42:11.032 [sieg-loop] admin.sieg-loop sending CloseRelay to HpLoopOnOff relay admin.sieg-loop.hp-loop-on-off-relay
2026-09-28 19:42:11.032 [sieg-loop] StartKeepingMore: FullySend -> KeepingMore
2026-09-28 19:42:11.033 [sieg-loop] sieg-view KeepingMore keep=0.0s hp-lwt=98.3F@3s hp-ewt=99.2F@19s sieg-hot=87.6F@61s sieg-cold=91.0F@8s sieg-flow=0.00gpm@121s sieg-send-flow*=4.35gpm@8s primary-flow*=4.35gpm@8s hp-odu-pwr=54W@131s hp-idu-pwr=0W@131s buffer-hot-pipe=98.1F@38s buffer-cold-pipe=98.9F@138s store-hot-pipe=99.2F@27s dist-swt=80.1F@135s dist-rwt=75.3F@138s | lift=0.0F pwr=54W
2026-09-28 19:42:11.033 [sieg-loop] Motor toward keep for 104 s from keep_seconds 0
2026-09-28 19:42:18.017 [scada] Admin timeout renewed: 300 seconds
2026-09-28 19:42:23.140 [sieg-loop] sieg-view KeepingMore keep=0.0s hp-lwt=98.2F@7s hp-ewt=99.3F@3s sieg-hot=87.6F@73s sieg-cold=90.6F@3s sieg-flow=0.00gpm@133s sieg-send-flow*=4.36gpm@10s primary-flow*=4.36gpm@10s hp-odu-pwr=54W@143s hp-idu-pwr=0W@143s buffer-hot-pipe=98.1F@50s buffer-cold-pipe=98.9F@150s store-hot-pipe=99.2F@39s dist-swt=80.1F@147s dist-rwt=75.3F@150s | lift=0.0F pwr=54W
2026-09-28 19:42:23.182 [UnknownChannels] no value: required-energy | stale: transactive-power,usable-energy,zone1-living-rm-heat-call,zone2-bedroom-heat-call
2026-09-28 19:42:35.026 [scada] AdminDispatch StopValve to admin.sieg-loop
2026-09-28 19:42:35.029 [sieg-loop] StopValve from admin: the loop is held until the tree changes hands
2026-09-28 19:42:35.030 [sieg-loop] Stopping the motor
2026-09-28 19:42:35.032 [sieg-loop] admin.sieg-loop sending OpenRelay to HpLoopOnOff relay admin.sieg-loop.hp-loop-on-off-relay
2026-09-28 19:42:35.033 [sieg-loop] StopKeepingMore: KeepingMore -> SteadyBlend
2026-09-28 19:42:35.035 [sieg-loop] sieg-view SteadyBlend keep=24.0s hp-lwt=98.3F@5s hp-ewt=99.2F@10s sieg-hot=87.6F@85s sieg-cold=90.1F@0s sieg-flow=0.00gpm@145s sieg-send-flow*=4.27gpm@11s primary-flow*=4.27gpm@11s hp-odu-pwr=54W@155s hp-idu-pwr=0W@155s buffer-hot-pipe=98.1F@62s buffer-cold-pipe=98.9F@162s store-hot-pipe=98.8F@9s dist-swt=80.1F@159s dist-rwt=75.3F@162s | lift=0.0F pwr=54W
2026-09-28 19:42:35.036 [sieg-loop] Motor stopped after 24.0 s: keep_seconds 24.0
2026-09-28 19:42:38.184 [UnknownChannels] no value: required-energy | stale: transactive-power,usable-energy,zone1-living-rm-heat-call,zone2-bedroom-heat-call
2026-09-28 19:42:53.142 [sieg-loop] sieg-view SteadyBlend keep=24.0s hp-lwt=97.8F@0s hp-ewt=84.6F@0s sieg-hot=87.6F@103s sieg-cold=80.8F@0s sieg-flow=0.00gpm@163s sieg-send-flow*=3.94gpm@8s primary-flow*=3.94gpm@8s hp-odu-pwr=54W@173s hp-idu-pwr=0W@173s buffer-hot-pipe=98.1F@80s buffer-cold-pipe=98.9F@180s store-hot-pipe=100.0F@8s dist-swt=80.1F@177s dist-rwt=75.3F@180s | lift=13.2F pwr=54W
2026-09-28 19:42:53.186 [UnknownChannels] no value: required-energy | stale: transactive-power,usable-energy,zone1-living-rm-heat-call,zone2-bedroom-heat-call
2026-09-28 19:42:58.128 [lc] Top state: Dormant
2026-09-28 19:42:58.135 [lc] LocalControl: AllTanks  |  State: Dormant
2026-09-28 19:43:08.188 [UnknownChannels] no value: required-energy | stale: transactive-power,usable-energy,zone1-living-rm-heat-call,zone2-bedroom-heat-call
2026-09-28 19:43:23.145 [sieg-loop] sieg-view SteadyBlend keep=24.0s hp-lwt=79.0F@0s hp-ewt=66.7F@0s sieg-hot=87.2F@12s sieg-cold=67.9F@2s sieg-flow=0.00gpm@193s sieg-send-flow*=3.87gpm@11s primary-flow*=3.87gpm@11s hp-odu-pwr=54W@203s hp-idu-pwr=0W@203s buffer-hot-pipe=98.1F@110s buffer-cold-pipe=98.9F@210s store-hot-pipe=93.0F@0s dist-swt=80.1F@207s dist-rwt=75.3F@210s | lift=12.3F pwr=54W
2026-09-28 19:43:23.191 [UnknownChannels] no value: required-energy | stale: transactive-power,usable-energy,zone1-living-rm-heat-call,zone2-bedroom-heat-call
2026-09-28 19:43:38.193 [UnknownChannels] no value: required-energy | stale: transactive-power,usable-energy,zone1-living-rm-heat-call,zone2-bedroom-heat-call
2026-09-28 19:43:53.147 [sieg-loop] sieg-view SteadyBlend keep=24.0s hp-lwt=67.1F@1s hp-ewt=64.5F@4s sieg-hot=88.0F@13s sieg-cold=65.0F@4s sieg-flow=0.00gpm@223s sieg-send-flow*=3.82gpm@22s primary-flow*=3.82gpm@22s hp-odu-pwr=54W@233s hp-idu-pwr=0W@233s buffer-hot-pipe=98.1F@140s buffer-cold-pipe=98.9F@240s store-hot-pipe=74.7F@0s dist-swt=80.1F@237s dist-rwt=75.3F@240s | lift=2.6F pwr=54W
2026-09-28 19:43:53.196 [UnknownChannels] no value: required-energy | stale: transactive-power,usable-energy,zone1-living-rm-heat-call,zone2-bedroom-heat-call
2026-09-28 19:43:58.137 [lc] Top state: Dormant
2026-09-28 19:43:58.138 [lc] LocalControl: AllTanks  |  State: Dormant
2026-09-28 19:44:08.199 [UnknownChannels] no value: required-energy | stale: transactive-power,usable-energy,zone1-living-rm-heat-call,zone2-bedroom-heat-call
2026-09-28 19:44:18.018 [scada] Admin timeout renewed: 300 seconds
2026-09-28 19:44:23.150 [sieg-loop] sieg-view SteadyBlend keep=24.0s hp-lwt=64.4F@1s hp-ewt=63.8F@3s sieg-hot=88.0F@43s sieg-cold=64.3F@12s sieg-flow=0.00gpm@253s sieg-send-flow*=3.82gpm@8s primary-flow*=3.82gpm@8s hp-odu-pwr=54W@263s hp-idu-pwr=0W@263s buffer-hot-pipe=98.1F@170s buffer-cold-pipe=97.9F@23s store-hot-pipe=68.9F@1s dist-swt=80.1F@267s dist-rwt=75.3F@270s | lift=0.6F pwr=54W
2026-09-28 19:44:23.201 [UnknownChannels] no value: required-energy | stale: transactive-power,usable-energy,zone1-living-rm-heat-call,zone2-bedroom-heat-call
2026-09-28 19:44:38.204 [UnknownChannels] no value: required-energy | stale: transactive-power,usable-energy,zone1-living-rm-heat-call,zone2-bedroom-heat-call
2026-09-28 19:44:53.153 [sieg-loop] sieg-view SteadyBlend keep=24.0s hp-lwt=63.8F@0s hp-ewt=63.6F@11s sieg-hot=88.4F@17s sieg-cold=63.9F@16s sieg-flow=0.00gpm@283s sieg-send-flow*=3.81gpm@16s primary-flow*=3.81gpm@16s hp-odu-pwr=54W@293s hp-idu-pwr=0W@293s buffer-hot-pipe=98.1F@200s buffer-cold-pipe=97.0F@11s store-hot-pipe=67.8F@9s dist-swt=80.1F@297s dist-rwt=75.4F@0s | lift=0.1F pwr=54W
2026-09-28 19:44:53.206 [UnknownChannels] no value: required-energy | stale: transactive-power,usable-energy,zone1-living-rm-heat-call,zone2-bedroom-heat-call
2026-09-28 19:44:58.140 [lc] Top state: Dormant
2026-09-28 19:44:58.141 [lc] LocalControl: AllTanks  |  State: Dormant
2026-09-28 19:44:58.801 Top state: Admin
2026-09-28 19:44:58.801 Auto state: Dormant
2026-09-28 19:45:00.237 [derived-generator] [HeatCall periodic] zone1-living-rm-heat-call now=1790639100.2 next=1790639100 period=300
2026-09-28 19:45:00.237 [derived-generator] [HeatCall periodic] zone2-bedroom-heat-call now=1790639100.2 next=1790639100 period=300
2026-09-28 19:45:05.029 [scada] AdminDispatch MoveToFullSend to admin.sieg-loop
2026-09-28 19:45:05.032 [sieg-loop] MoveToFullSend from admin: the loop is held until the tree changes hands
2026-09-28 19:45:05.033 [sieg-loop] Full run to send
2026-09-28 19:45:05.036 [sieg-loop] admin.sieg-loop sending SendMore to HpLoopKeepSend relay admin.sieg-loop.hp-loop-keep-send-relay
2026-09-28 19:45:05.037 [sieg-loop] admin.sieg-loop sending CloseRelay to HpLoopOnOff relay admin.sieg-loop.hp-loop-on-off-relay
2026-09-28 19:45:05.038 [sieg-loop] StartKeepingLess: SteadyBlend -> KeepingLess
2026-09-28 19:45:05.041 [sieg-loop] sieg-view KeepingLess keep=24.0s hp-lwt=63.6F@10s hp-ewt=63.6F@22s sieg-hot=88.0F@0s sieg-cold=63.9F@28s sieg-flow=0.00gpm@295s sieg-send-flow*=3.81gpm@17s primary-flow*=3.81gpm@17s hp-odu-pwr=54W@5s hp-idu-pwr=0W@5s buffer-hot-pipe=98.1F@212s buffer-cold-pipe=97.0F@23s store-hot-pipe=67.4F@7s dist-swt=80.7F@10s dist-rwt=75.4F@12s | lift=0.0F pwr=54W
2026-09-28 19:45:05.041 [sieg-loop] Motor toward send for 104 s from keep_seconds 24.0
2026-09-28 19:45:08.209 [UnknownChannels] no value: required-energy | stale: usable-energy
2026-09-28 19:45:23.156 [sieg-loop] sieg-view KeepingLess keep=24.0s hp-lwt=63.4F@7s hp-ewt=62.4F@0s sieg-hot=86.7F@3s sieg-cold=63.8F@13s sieg-flow=0.00gpm@13s sieg-send-flow*=4.08gpm@7s primary-flow*=4.08gpm@7s hp-odu-pwr=54W@23s hp-idu-pwr=0W@23s buffer-hot-pipe=98.1F@230s buffer-cold-pipe=96.1F@17s store-hot-pipe=67.1F@8s dist-swt=80.7F@28s dist-rwt=75.4F@30s | lift=1.0F pwr=54W
2026-09-28 19:45:23.211 [UnknownChannels] no value: required-energy | stale: usable-energy
2026-09-28 19:45:38.213 [UnknownChannels] no value: required-energy | stale: usable-energy
2026-09-28 19:45:53.160 [sieg-loop] sieg-view KeepingLess keep=24.0s hp-lwt=62.1F@1s hp-ewt=61.9F@2s sieg-hot=83.8F@1s sieg-cold=63.8F@43s sieg-flow=0.00gpm@43s sieg-send-flow*=4.08gpm@15s primary-flow*=4.08gpm@15s hp-odu-pwr=54W@53s hp-idu-pwr=0W@53s buffer-hot-pipe=97.2F@24s buffer-cold-pipe=95.2F@20s store-hot-pipe=66.3F@3s dist-swt=80.7F@58s dist-rwt=75.4F@60s | lift=0.2F pwr=54W
2026-09-28 19:45:53.215 [UnknownChannels] no value: required-energy | stale: usable-energy
2026-09-28 19:45:58.142 [lc] Top state: Dormant
2026-09-28 19:45:58.143 [lc] LocalControl: AllTanks  |  State: Dormant
2026-09-28 19:46:08.218 [UnknownChannels] no value: required-energy | stale: usable-energy
2026-09-28 19:46:18.031 [scada] Admin timeout renewed: 300 seconds
2026-09-28 19:46:23.163 [sieg-loop] sieg-view KeepingLess keep=24.0s hp-lwt=61.7F@15s hp-ewt=61.9F@32s sieg-hot=80.8F@0s sieg-cold=63.8F@73s sieg-flow=0.00gpm@73s sieg-send-flow*=4.08gpm@16s primary-flow*=4.08gpm@16s hp-odu-pwr=54W@83s hp-idu-pwr=0W@83s buffer-hot-pipe=97.2F@54s buffer-cold-pipe=94.3F@8s store-hot-pipe=65.5F@15s dist-swt=80.7F@88s dist-rwt=75.4F@90s | lift=0.0F pwr=54W
2026-09-28 19:46:23.220 [UnknownChannels] no value: required-energy | stale: usable-energy
2026-09-28 19:46:38.223 [UnknownChannels] no value: required-energy | stale: usable-energy
2026-09-28 19:46:49.071 [sieg-loop] admin.sieg-loop sending OpenRelay to HpLoopOnOff relay admin.sieg-loop.hp-loop-on-off-relay
2026-09-28 19:46:49.072 [sieg-loop] ResetToFullySend: KeepingLess -> FullySend
2026-09-28 19:46:49.075 [sieg-loop] sieg-view FullySend keep=0.0s hp-lwt=61.6F@11s hp-ewt=61.9F@11s sieg-hot=79.7F@3s sieg-cold=63.8F@99s sieg-flow=0.00gpm@99s sieg-send-flow*=4.09gpm@14s primary-flow*=4.09gpm@14s hp-odu-pwr=54W@109s hp-idu-pwr=0W@109s buffer-hot-pipe=97.2F@80s buffer-cold-pipe=94.3F@34s store-hot-pipe=65.1F@23s dist-swt=80.7F@114s dist-rwt=75.4F@116s | lift=0.0F pwr=54W
2026-09-28 19:46:49.075 [sieg-loop] Motor stopped after 104.0 s: keep_seconds 0
2026-09-28 19:46:53.167 [sieg-loop] sieg-view FullySend keep=0.0s hp-lwt=61.4F@1s hp-ewt=61.9F@15s sieg-hot=79.7F@7s sieg-cold=63.8F@103s sieg-flow=0.00gpm@103s sieg-send-flow*=4.10gpm@6s primary-flow*=4.10gpm@6s hp-odu-pwr=54W@113s hp-idu-pwr=0W@113s buffer-hot-pipe=97.2F@84s buffer-cold-pipe=94.3F@38s store-hot-pipe=65.1F@27s dist-swt=80.7F@118s dist-rwt=75.4F@120s | lift=0.0F pwr=54W
2026-09-28 19:46:53.226 [UnknownChannels] no value: required-energy | stale: usable-energy
2026-09-28 19:46:54.025 [scada] AdminDispatch ChargeStore to admin.charge-discharge-relay
2026-09-28 19:46:56.072 [scada] AdminDispatch MoveToFullKeep to admin.sieg-loop
2026-09-28 19:46:56.073 [sieg-loop] MoveToFullKeep from admin: the loop is held until the tree changes hands
2026-09-28 19:46:56.073 [sieg-loop] Full run to keep
2026-09-28 19:46:56.074 [sieg-loop] admin.sieg-loop sending SendLessto HpLoopKeepSend relay admin.sieg-loop.hp-loop-keep-send-relay
2026-09-28 19:46:56.075 [sieg-loop] admin.sieg-loop sending CloseRelay to HpLoopOnOff relay admin.sieg-loop.hp-loop-on-off-relay
2026-09-28 19:46:56.075 [sieg-loop] StartKeepingMore: FullySend -> KeepingMore
2026-09-28 19:46:56.076 [sieg-loop] sieg-view KeepingMore keep=0.0s hp-lwt=61.6F@1s hp-ewt=62.0F@1s sieg-hot=79.3F@0s sieg-cold=63.8F@106s sieg-flow=0.00gpm@106s sieg-send-flow*=4.10gpm@9s primary-flow*=4.10gpm@9s hp-odu-pwr=54W@116s hp-idu-pwr=0W@116s buffer-hot-pipe=97.2F@87s buffer-cold-pipe=94.3F@41s store-hot-pipe=65.1F@30s dist-swt=80.7F@121s dist-rwt=75.4F@123s | lift=0.0F pwr=54W
2026-09-28 19:46:56.076 [sieg-loop] Motor toward keep for 104 s from keep_seconds 0
2026-09-28 19:46:58.144 [lc] Top state: Dormant
2026-09-28 19:46:58.145 [lc] LocalControl: AllTanks  |  State: Dormant
2026-09-28 19:47:08.227 [UnknownChannels] no value: required-energy | stale: transactive-power,usable-energy,zone1-living-rm-heat-call,zone2-bedroom-heat-call
2026-09-28 19:47:23.171 [sieg-loop] sieg-view KeepingMore keep=0.0s hp-lwt=61.6F@12s hp-ewt=62.0F@5s sieg-hot=78.5F@6s sieg-cold=63.8F@133s sieg-flow=0.00gpm@133s sieg-send-flow*=3.62gpm@1s primary-flow*=3.62gpm@1s hp-odu-pwr=54W@143s hp-idu-pwr=0W@143s buffer-hot-pipe=97.2F@114s buffer-cold-pipe=94.3F@68s store-hot-pipe=65.1F@57s dist-swt=80.7F@148s dist-rwt=75.4F@150s | lift=0.0F pwr=54W
2026-09-28 19:47:23.229 [UnknownChannels] no value: required-energy | stale: transactive-power,usable-energy,zone1-living-rm-heat-call,zone2-bedroom-heat-call
2026-09-28 19:47:38.232 [UnknownChannels] no value: required-energy | stale: transactive-power,usable-energy,zone1-living-rm-heat-call,zone2-bedroom-heat-call
2026-09-28 19:47:53.172 [sieg-loop] sieg-view KeepingMore keep=0.0s hp-lwt=63.2F@1s hp-ewt=62.7F@3s sieg-hot=69.2F@1s sieg-cold=63.8F@163s sieg-flow=3.92gpm@0s sieg-send-flow*=0.99gpm@9s primary-flow*=4.91gpm@0s hp-odu-pwr=54W@173s hp-idu-pwr=0W@173s buffer-hot-pipe=97.2F@144s buffer-cold-pipe=93.3F@6s store-hot-pipe=65.1F@87s dist-swt=80.7F@178s dist-rwt=75.4F@180s | lift=0.5F pwr=54W
2026-09-28 19:47:53.234 [UnknownChannels] no value: required-energy | stale: transactive-power,usable-energy,zone1-living-rm-heat-call,zone2-bedroom-heat-call
2026-09-28 19:47:58.147 [lc] Top state: Dormant
2026-09-28 19:47:58.148 [lc] LocalControl: AllTanks  |  State: Dormant
2026-09-28 19:48:08.236 [UnknownChannels] no value: required-energy | stale: transactive-power,usable-energy,zone1-living-rm-heat-call,zone2-bedroom-heat-call
2026-09-28 19:48:18.022 [scada] Admin timeout renewed: 300 seconds
2026-09-28 19:48:23.176 [sieg-loop] sieg-view KeepingMore keep=0.0s hp-lwt=63.0F@5s hp-ewt=63.2F@9s sieg-hot=66.6F@2s sieg-cold=63.8F@193s sieg-flow=4.98gpm@3s sieg-send-flow*=0.03gpm@27s primary-flow*=5.01gpm@3s hp-odu-pwr=54W@203s hp-idu-pwr=0W@203s buffer-hot-pipe=97.2F@174s buffer-cold-pipe=93.3F@36s store-hot-pipe=65.1F@117s dist-swt=80.7F@208s dist-rwt=75.4F@210s | lift=0.0F pwr=54W
2026-09-28 19:48:23.238 [UnknownChannels] no value: required-energy | stale: transactive-power,usable-energy,zone1-living-rm-heat-call,zone2-bedroom-heat-call
2026-09-28 19:48:38.242 [UnknownChannels] no value: required-energy | stale: transactive-power,usable-energy,zone1-living-rm-heat-call,zone2-bedroom-heat-call
2026-09-28 19:48:40.089 [sieg-loop] admin.sieg-loop sending OpenRelay to HpLoopOnOff relay admin.sieg-loop.hp-loop-on-off-relay
2026-09-28 19:48:40.089 [sieg-loop] ResetToFullyKeep: KeepingMore -> FullyKeep
2026-09-28 19:48:40.090 [sieg-loop] sieg-view FullyKeep keep=94.0s hp-lwt=62.9F@6s hp-ewt=63.5F@1s sieg-hot=66.2F@7s sieg-cold=64.2F@13s sieg-flow=5.02gpm@16s sieg-send-flow*=0.03gpm@44s primary-flow*=5.05gpm@16s hp-odu-pwr=54W@220s hp-idu-pwr=0W@220s buffer-hot-pipe=97.2F@191s buffer-cold-pipe=92.4F@6s store-hot-pipe=65.1F@134s dist-swt=80.7F@225s dist-rwt=75.4F@227s | lift=0.0F pwr=54W
2026-09-28 19:48:40.090 [sieg-loop] Motor stopped after 104.0 s: keep_seconds 94
2026-09-28 19:48:45.031 [scada] AdminDispatch MoveToFullSend to admin.sieg-loop
2026-09-28 19:48:45.034 [sieg-loop] MoveToFullSend from admin: the loop is held until the tree changes hands
2026-09-28 19:48:45.035 [sieg-loop] Full run to send
2026-09-28 19:48:45.037 [sieg-loop] admin.sieg-loop sending SendMore to HpLoopKeepSend relay admin.sieg-loop.hp-loop-keep-send-relay
2026-09-28 19:48:45.038 [sieg-loop] admin.sieg-loop sending CloseRelay to HpLoopOnOff relay admin.sieg-loop.hp-loop-on-off-relay
2026-09-28 19:48:45.039 [sieg-loop] StartKeepingLess: FullyKeep -> KeepingLess
2026-09-28 19:48:45.042 [sieg-loop] sieg-view KeepingLess keep=94.0s hp-lwt=62.9F@11s hp-ewt=63.3F@1s sieg-hot=66.2F@12s sieg-cold=64.2F@18s sieg-flow=5.02gpm@21s sieg-send-flow*=0.03gpm@49s primary-flow*=5.05gpm@21s hp-odu-pwr=54W@225s hp-idu-pwr=0W@225s buffer-hot-pipe=96.3F@1s buffer-cold-pipe=92.4F@11s store-hot-pipe=65.1F@139s dist-swt=80.7F@230s dist-rwt=75.4F@232s | lift=0.0F pwr=54W
2026-09-28 19:48:45.042 [sieg-loop] Motor toward send for 104 s from keep_seconds 94
2026-09-28 19:48:53.178 [sieg-loop] sieg-view KeepingLess keep=94.0s hp-lwt=63.0F@3s hp-ewt=63.3F@9s sieg-hot=65.8F@7s sieg-cold=64.5F@4s sieg-flow=5.02gpm@29s sieg-send-flow*=0.03gpm@57s primary-flow*=5.05gpm@29s hp-odu-pwr=54W@233s hp-idu-pwr=0W@233s buffer-hot-pipe=96.3F@9s buffer-cold-pipe=92.4F@19s store-hot-pipe=65.1F@147s dist-swt=80.7F@238s dist-rwt=75.4F@240s | lift=0.0F pwr=54W
2026-09-28 19:48:53.243 [UnknownChannels] no value: required-energy | stale: transactive-power,usable-energy,zone1-living-rm-heat-call,zone2-bedroom-heat-call
2026-09-28 19:48:58.149 [lc] Top state: Dormant
2026-09-28 19:48:58.150 [lc] LocalControl: AllTanks  |  State: Dormant
2026-09-28 19:49:08.246 [UnknownChannels] no value: required-energy | stale: transactive-power,usable-energy,zone1-living-rm-heat-call,zone2-bedroom-heat-call
2026-09-28 19:49:23.181 [sieg-loop] sieg-view KeepingLess keep=94.0s hp-lwt=63.0F@18s hp-ewt=63.2F@2s sieg-hot=65.8F@37s sieg-cold=64.5F@34s sieg-flow=4.21gpm@0s sieg-send-flow*=0.03gpm@87s primary-flow*=4.24gpm@0s hp-odu-pwr=54W@263s hp-idu-pwr=0W@263s buffer-hot-pipe=96.3F@39s buffer-cold-pipe=92.4F@49s store-hot-pipe=65.1F@177s dist-swt=80.7F@268s dist-rwt=75.4F@270s | lift=0.0F pwr=54W
2026-09-28 19:49:23.248 [UnknownChannels] no value: required-energy | stale: transactive-power,usable-energy,zone1-living-rm-heat-call,zone2-bedroom-heat-call
2026-09-28 19:49:38.250 [UnknownChannels] no value: required-energy | stale: transactive-power,usable-energy,zone1-living-rm-heat-call,zone2-bedroom-heat-call
2026-09-28 19:49:53.183 [sieg-loop] sieg-view KeepingLess keep=94.0s hp-lwt=62.8F@0s hp-ewt=63.2F@1s sieg-hot=65.4F@26s sieg-cold=64.2F@27s sieg-flow=0.76gpm@0s sieg-send-flow*=2.91gpm@2s primary-flow*=3.67gpm@0s hp-odu-pwr=54W@293s hp-idu-pwr=0W@293s buffer-hot-pipe=96.3F@69s buffer-cold-pipe=92.4F@79s store-hot-pipe=65.9F@8s dist-swt=80.7F@298s dist-rwt=75.4F@300s | lift=0.0F pwr=54W
2026-09-28 19:49:53.251 [UnknownChannels] no value: required-energy | stale: transactive-power,usable-energy,zone1-living-rm-heat-call,zone2-bedroom-heat-call
2026-09-28 19:49:55.041 [scada] AdminDispatch StopValve to admin.sieg-loop
2026-09-28 19:49:55.049 [sieg-loop] StopValve from admin: the loop is held until the tree changes hands
2026-09-28 19:49:55.050 [sieg-loop] Stopping the motor
2026-09-28 19:49:55.052 [sieg-loop] admin.sieg-loop sending OpenRelay to HpLoopOnOff relay admin.sieg-loop.hp-loop-on-off-relay
2026-09-28 19:49:55.053 [sieg-loop] StopKeepingLess: KeepingLess -> SteadyBlend
2026-09-28 19:49:55.056 [sieg-loop] sieg-view SteadyBlend keep=24.0s hp-lwt=62.8F@2s hp-ewt=63.2F@3s sieg-hot=65.4F@28s sieg-cold=64.2F@29s sieg-flow=0.40gpm@0s sieg-send-flow*=2.91gpm@4s primary-flow*=3.31gpm@0s hp-odu-pwr=54W@295s hp-idu-pwr=0W@295s buffer-hot-pipe=96.3F@71s buffer-cold-pipe=92.4F@81s store-hot-pipe=65.9F@10s dist-swt=80.7F@300s dist-rwt=75.5F@2s | lift=0.0F pwr=54W
2026-09-28 19:49:55.056 [sieg-loop] Motor stopped after 70.0 s: keep_seconds 24.0
2026-09-28 19:49:58.151 [lc] Top state: Dormant
2026-09-28 19:49:58.152 [lc] LocalControl: AllTanks  |  State: Dormant
2026-09-28 19:49:58.801 Top state: Admin
2026-09-28 19:49:58.801 Auto state: Dormant
2026-09-28 19:50:00.836 [derived-generator] [HeatCall periodic] zone1-living-rm-heat-call now=1790639400.8 next=1790639400 period=300
2026-09-28 19:50:00.836 [derived-generator] [HeatCall periodic] zone2-bedroom-heat-call now=1790639400.8 next=1790639400 period=300
2026-09-28 19:50:08.254 [UnknownChannels] no value: required-energy | stale: usable-energy
2026-09-28 19:50:18.078 [scada] Admin timeout renewed: 300 seconds
2026-09-28 19:50:23.185 [sieg-loop] sieg-view SteadyBlend keep=24.0s hp-lwt=62.5F@1s hp-ewt=62.5F@3s sieg-hot=65.2F@13s sieg-cold=64.2F@13s sieg-flow=0.11gpm@2s sieg-send-flow*=3.42gpm@8s primary-flow*=3.53gpm@2s hp-odu-pwr=54W@22s hp-idu-pwr=0W@22s buffer-hot-pipe=96.3F@99s buffer-cold-pipe=92.4F@109s store-hot-pipe=66.0F@8s dist-swt=80.7F@28s dist-rwt=75.5F@30s | lift=0.1F pwr=54W
2026-09-28 19:50:23.256 [UnknownChannels] no value: required-energy | stale: usable-energy
2026-09-28 19:50:38.258 [UnknownChannels] no value: required-energy | stale: usable-energy
2026-09-28 19:50:53.192 [sieg-loop] sieg-view SteadyBlend keep=24.0s hp-lwt=62.2F@10s hp-ewt=62.5F@5s sieg-hot=65.2F@43s sieg-cold=64.2F@43s sieg-flow=0.07gpm@0s sieg-send-flow*=3.47gpm@18s primary-flow*=3.54gpm@0s hp-odu-pwr=54W@52s hp-idu-pwr=0W@52s buffer-hot-pipe=96.3F@129s buffer-cold-pipe=92.4F@139s store-hot-pipe=65.6F@3s dist-swt=80.7F@58s dist-rwt=75.5F@60s | lift=0.0F pwr=54W
2026-09-28 19:50:53.260 [UnknownChannels] no value: required-energy | stale: usable-energy
2026-09-28 19:50:58.155 [lc] Top state: Dormant
2026-09-28 19:50:58.155 [lc] LocalControl: AllTanks  |  State: Dormant
2026-09-28 19:51:08.263 [UnknownChannels] no value: required-energy | stale: usable-energy
2026-09-28 19:51:23.194 [sieg-loop] sieg-view SteadyBlend keep=24.0s hp-lwt=62.1F@6s hp-ewt=62.5F@5s sieg-hot=65.2F@73s sieg-cold=64.2F@73s sieg-flow=0.13gpm@0s sieg-send-flow*=3.47gpm@15s primary-flow*=3.60gpm@0s hp-odu-pwr=54W@82s hp-idu-pwr=0W@82s buffer-hot-pipe=96.3F@159s buffer-cold-pipe=93.3F@23s store-hot-pipe=65.6F@33s dist-swt=80.7F@88s dist-rwt=75.5F@90s | lift=0.0F pwr=54W
2026-09-28 19:51:23.265 [UnknownChannels] no value: required-energy | stale: usable-energy
2026-09-28 19:51:38.267 [UnknownChannels] no value: required-energy | stale: usable-energy
2026-09-28 19:51:53.196 [sieg-loop] sieg-view SteadyBlend keep=24.0s hp-lwt=62.2F@7s hp-ewt=62.7F@1s sieg-hot=64.9F@14s sieg-cold=64.2F@103s sieg-flow=0.11gpm@0s sieg-send-flow*=3.47gpm@12s primary-flow*=3.58gpm@0s hp-odu-pwr=54W@112s hp-idu-pwr=0W@112s buffer-hot-pipe=96.3F@189s buffer-cold-pipe=93.3F@53s store-hot-pipe=65.6F@63s dist-swt=80.7F@118s dist-rwt=75.5F@120s | lift=0.0F pwr=54W
2026-09-28 19:51:53.270 [UnknownChannels] no value: required-energy | stale: usable-energy
2026-09-28 19:51:58.158 [lc] Top state: Dormant
2026-09-28 19:51:58.159 [lc] LocalControl: AllTanks  |  State: Dormant
2026-09-28 19:52:08.272 [UnknownChannels] no value: required-energy | stale: transactive-power,usable-energy,zone1-living-rm-heat-call,zone2-bedroom-heat-call
2026-09-28 19:52:18.030 [scada] Admin timeout renewed: 300 seconds
2026-09-28 19:52:23.199 [sieg-loop] sieg-view SteadyBlend keep=24.0s hp-lwt=62.3F@10s hp-ewt=62.7F@31s sieg-hot=64.9F@44s sieg-cold=64.2F@133s sieg-flow=0.11gpm@2s sieg-send-flow*=3.47gpm@20s primary-flow*=3.58gpm@2s hp-odu-pwr=54W@142s hp-idu-pwr=0W@142s buffer-hot-pipe=96.3F@219s buffer-cold-pipe=93.3F@83s store-hot-pipe=65.6F@93s dist-swt=80.7F@148s dist-rwt=75.5F@150s | lift=0.0F pwr=54W
2026-09-28 19:52:23.273 [UnknownChannels] no value: required-energy | stale: transactive-power,usable-energy,zone1-living-rm-heat-call,zone2-bedroom-heat-call
2026-09-28 19:52:25.339 [scada] AdminDispatch MoveToFullSend to admin.sieg-loop
2026-09-28 19:52:25.342 [sieg-loop] MoveToFullSend from admin: the loop is held until the tree changes hands
2026-09-28 19:52:25.343 [sieg-loop] Full run to send
2026-09-28 19:52:25.345 [sieg-loop] admin.sieg-loop sending SendMore to HpLoopKeepSend relay admin.sieg-loop.hp-loop-keep-send-relay
2026-09-28 19:52:25.346 [sieg-loop] admin.sieg-loop sending CloseRelay to HpLoopOnOff relay admin.sieg-loop.hp-loop-on-off-relay
2026-09-28 19:52:25.347 [sieg-loop] StartKeepingLess: SteadyBlend -> KeepingLess
2026-09-28 19:52:25.350 [sieg-loop] sieg-view KeepingLess keep=24.0s hp-lwt=62.3F@12s hp-ewt=62.7F@33s sieg-hot=64.9F@47s sieg-cold=64.2F@136s sieg-flow=0.10gpm@1s sieg-send-flow*=3.47gpm@11s primary-flow*=3.57gpm@11s hp-odu-pwr=54W@145s hp-idu-pwr=0W@145s buffer-hot-pipe=96.3F@221s buffer-cold-pipe=93.3F@85s store-hot-pipe=65.6F@95s dist-swt=80.7F@150s dist-rwt=75.5F@152s | lift=0.0F pwr=54W
2026-09-28 19:52:25.350 [sieg-loop] Motor toward send for 104 s from keep_seconds 24.0
2026-09-28 19:52:38.275 [UnknownChannels] no value: required-energy | stale: transactive-power,usable-energy,zone1-living-rm-heat-call,zone2-bedroom-heat-call
2026-09-28 19:52:53.201 [sieg-loop] sieg-view KeepingLess keep=24.0s hp-lwt=62.3F@6s hp-ewt=62.8F@11s sieg-hot=64.9F@74s sieg-cold=64.6F@21s sieg-flow=0.00gpm@25s sieg-send-flow*=4.09gpm@6s primary-flow*=4.09gpm@6s hp-odu-pwr=54W@172s hp-idu-pwr=0W@172s buffer-hot-pipe=95.3F@13s buffer-cold-pipe=93.3F@113s store-hot-pipe=65.6F@123s dist-swt=80.7F@178s dist-rwt=75.5F@180s | lift=0.0F pwr=54W
2026-09-28 19:52:53.277 [UnknownChannels] no value: required-energy | stale: transactive-power,usable-energy,zone1-living-rm-heat-call,zone2-bedroom-heat-call
2026-09-28 19:52:58.160 [lc] Top state: Dormant
2026-09-28 19:52:58.161 [lc] LocalControl: AllTanks  |  State: Dormant
2026-09-28 19:53:08.279 [UnknownChannels] no value: required-energy | stale: transactive-power,usable-energy,zone1-living-rm-heat-call,zone2-bedroom-heat-call
2026-09-28 19:53:23.203 [sieg-loop] sieg-view KeepingLess keep=24.0s hp-lwt=62.5F@5s hp-ewt=62.9F@11s sieg-hot=64.9F@104s sieg-cold=64.6F@51s sieg-flow=0.00gpm@55s sieg-send-flow*=4.11gpm@7s primary-flow*=4.11gpm@7s hp-odu-pwr=54W@202s hp-idu-pwr=0W@202s buffer-hot-pipe=95.3F@43s buffer-cold-pipe=93.3F@143s store-hot-pipe=65.6F@153s dist-swt=80.7F@208s dist-rwt=75.5F@210s | lift=0.0F pwr=54W
2026-09-28 19:53:23.281 [UnknownChannels] no value: required-energy | stale: transactive-power,usable-energy,zone1-living-rm-heat-call,zone2-bedroom-heat-call
2026-09-28 19:53:38.283 [UnknownChannels] no value: required-energy | stale: transactive-power,usable-energy,zone1-living-rm-heat-call,zone2-bedroom-heat-call
2026-09-28 19:53:53.205 [sieg-loop] sieg-view KeepingLess keep=24.0s hp-lwt=62.6F@3s hp-ewt=63.1F@0s sieg-hot=64.5F@2s sieg-cold=64.6F@81s sieg-flow=0.00gpm@85s sieg-send-flow*=4.12gpm@12s primary-flow*=4.12gpm@12s hp-odu-pwr=54W@232s hp-idu-pwr=0W@232s buffer-hot-pipe=95.3F@73s buffer-cold-pipe=93.3F@173s store-hot-pipe=65.6F@183s dist-swt=80.7F@238s dist-rwt=75.5F@240s | lift=0.0F pwr=54W
2026-09-28 19:53:53.285 [UnknownChannels] no value: required-energy | stale: transactive-power,usable-energy,zone1-living-rm-heat-call,zone2-bedroom-heat-call
2026-09-28 19:53:58.163 [lc] Top state: Dormant
2026-09-28 19:53:58.164 [lc] LocalControl: AllTanks  |  State: Dormant
2026-09-28 19:54:08.289 [UnknownChannels] no value: required-energy | stale: transactive-power,usable-energy,zone1-living-rm-heat-call,zone2-bedroom-heat-call
2026-09-28 19:54:09.375 [sieg-loop] admin.sieg-loop sending OpenRelay to HpLoopOnOff relay admin.sieg-loop.hp-loop-on-off-relay
2026-09-28 19:54:09.376 [sieg-loop] ResetToFullySend: KeepingLess -> FullySend
2026-09-28 19:54:09.378 [sieg-loop] sieg-view FullySend keep=0.0s hp-lwt=62.6F@19s hp-ewt=63.1F@3s sieg-hot=64.5F@19s sieg-cold=64.6F@98s sieg-flow=0.00gpm@102s sieg-send-flow*=4.12gpm@5s primary-flow*=4.12gpm@5s hp-odu-pwr=54W@249s hp-idu-pwr=0W@249s buffer-hot-pipe=95.3F@89s buffer-cold-pipe=93.3F@189s store-hot-pipe=65.6F@199s dist-swt=80.7F@254s dist-rwt=75.5F@256s | lift=0.0F pwr=54W
2026-09-28 19:54:09.379 [sieg-loop] Motor stopped after 104.0 s: keep_seconds 0
2026-09-28 19:54:14.037 [scada] AdminDispatch DischargeStore to admin.charge-discharge-relay
2026-09-28 19:54:16.098 [scada] AdminDispatch MoveToFullKeep to admin.sieg-loop
2026-09-28 19:54:16.100 [sieg-loop] MoveToFullKeep from admin: the loop is held until the tree changes hands
2026-09-28 19:54:16.100 [sieg-loop] Full run to keep
2026-09-28 19:54:16.101 [sieg-loop] admin.sieg-loop sending SendLessto HpLoopKeepSend relay admin.sieg-loop.hp-loop-keep-send-relay
2026-09-28 19:54:16.102 [sieg-loop] admin.sieg-loop sending CloseRelay to HpLoopOnOff relay admin.sieg-loop.hp-loop-on-off-relay
2026-09-28 19:54:16.102 [sieg-loop] StartKeepingMore: FullySend -> KeepingMore
2026-09-28 19:54:16.103 [sieg-loop] sieg-view KeepingMore keep=0.0s hp-lwt=62.6F@26s hp-ewt=63.2F@3s sieg-hot=64.5F@25s sieg-cold=64.6F@104s sieg-flow=0.00gpm@108s sieg-send-flow*=4.13gpm@1s primary-flow*=4.13gpm@1s hp-odu-pwr=54W@255s hp-idu-pwr=0W@255s buffer-hot-pipe=95.3F@96s buffer-cold-pipe=93.3F@196s store-hot-pipe=65.6F@206s dist-swt=80.7F@261s dist-rwt=75.5F@263s | lift=0.0F pwr=54W
2026-09-28 19:54:16.103 [sieg-loop] Motor toward keep for 104 s from keep_seconds 0
2026-09-28 19:54:18.030 [scada] Admin timeout renewed: 300 seconds
2026-09-28 19:54:23.208 [sieg-loop] sieg-view KeepingMore keep=0.0s hp-lwt=62.6F@33s hp-ewt=63.1F@1s sieg-hot=64.5F@32s sieg-cold=64.6F@111s sieg-flow=0.00gpm@115s sieg-send-flow*=4.13gpm@9s primary-flow*=4.13gpm@9s hp-odu-pwr=54W@262s hp-idu-pwr=0W@262s buffer-hot-pipe=95.3F@103s buffer-cold-pipe=93.3F@203s store-hot-pipe=65.6F@213s dist-swt=80.7F@268s dist-rwt=75.5F@270s | lift=0.0F pwr=54W
2026-09-28 19:54:23.291 [UnknownChannels] no value: required-energy | stale: transactive-power,usable-energy,zone1-living-rm-heat-call,zone2-bedroom-heat-call
2026-09-28 19:54:38.292 [UnknownChannels] no value: required-energy | stale: transactive-power,usable-energy,zone1-living-rm-heat-call,zone2-bedroom-heat-call
2026-09-28 19:54:53.210 [sieg-loop] sieg-view KeepingMore keep=0.0s hp-lwt=64.7F@0s hp-ewt=85.0F@0s sieg-hot=64.5F@62s sieg-cold=81.0F@0s sieg-flow=1.65gpm@0s sieg-send-flow*=3.03gpm@5s primary-flow*=4.68gpm@0s hp-odu-pwr=54W@292s hp-idu-pwr=0W@292s buffer-hot-pipe=73.3F@0s buffer-cold-pipe=96.1F@6s store-hot-pipe=65.6F@243s dist-swt=80.7F@298s dist-rwt=75.3F@0s | lift=0.0F pwr=54W
2026-09-28 19:54:53.295 [UnknownChannels] no value: required-energy | stale: transactive-power,usable-energy,zone1-living-rm-heat-call,zone2-bedroom-heat-call
2026-09-28 19:54:58.166 [lc] Top state: Dormant
2026-09-28 19:54:58.167 [lc] LocalControl: AllTanks  |  State: Dormant
2026-09-28 19:54:58.804 Top state: Admin
2026-09-28 19:54:58.805 Auto state: Dormant
2026-09-28 19:55:00.883 [derived-generator] [HeatCall periodic] zone1-living-rm-heat-call now=1790639700.9 next=1790639700 period=300
2026-09-28 19:55:00.884 [derived-generator] [HeatCall periodic] zone2-bedroom-heat-call now=1790639700.9 next=1790639700 period=300
2026-09-28 19:55:08.297 [UnknownChannels] no value: required-energy | stale: usable-energy
2026-09-28 19:55:10.069 [scada] AdminDispatch StopValve to admin.sieg-loop
2026-09-28 19:55:10.071 [sieg-loop] StopValve from admin: the loop is held until the tree changes hands
2026-09-28 19:55:10.071 [sieg-loop] Stopping the motor
2026-09-28 19:55:10.072 [sieg-loop] admin.sieg-loop sending OpenRelay to HpLoopOnOff relay admin.sieg-loop.hp-loop-on-off-relay
2026-09-28 19:55:10.073 [sieg-loop] StopKeepingMore: KeepingMore -> SteadyBlend
2026-09-28 19:55:10.073 [sieg-loop] sieg-view SteadyBlend keep=54.0s hp-lwt=77.3F@0s hp-ewt=75.7F@0s sieg-hot=66.7F@0s sieg-cold=85.8F@0s sieg-flow=3.71gpm@0s sieg-send-flow*=1.53gpm@11s primary-flow*=5.24gpm@0s hp-odu-pwr=56W@9s hp-idu-pwr=2W@9s buffer-hot-pipe=69.6F@5s buffer-cold-pipe=97.0F@11s store-hot-pipe=65.6F@260s dist-swt=80.5F@15s dist-rwt=75.3F@17s | lift=1.6F pwr=58W
2026-09-28 19:55:10.074 [sieg-loop] Motor stopped after 54.0 s: keep_seconds 54.0
2026-09-28 19:55:23.213 [sieg-loop] sieg-view SteadyBlend keep=54.0s hp-lwt=76.7F@2s hp-ewt=81.7F@0s sieg-hot=72.7F@0s sieg-cold=87.2F@0s sieg-flow=3.84gpm@5s sieg-send-flow*=0.58gpm@12s primary-flow*=4.42gpm@12s hp-odu-pwr=56W@22s hp-idu-pwr=2W@22s buffer-hot-pipe=67.7F@5s buffer-cold-pipe=97.0F@24s store-hot-pipe=65.8F@8s dist-swt=80.5F@28s dist-rwt=75.3F@30s | lift=0.0F pwr=58W
2026-09-28 19:55:23.298 [UnknownChannels] no value: required-energy | stale: usable-energy
2026-09-28 19:55:38.301 [UnknownChannels] no value: required-energy | stale: usable-energy
2026-09-28 19:55:53.216 [sieg-loop] sieg-view SteadyBlend keep=54.0s hp-lwt=80.4F@0s hp-ewt=83.4F@0s sieg-hot=76.3F@3s sieg-cold=88.2F@11s sieg-flow=3.84gpm@35s sieg-send-flow*=0.58gpm@21s primary-flow*=4.42gpm@21s hp-odu-pwr=56W@52s hp-idu-pwr=2W@52s buffer-hot-pipe=68.7F@2s buffer-cold-pipe=97.0F@54s store-hot-pipe=65.8F@38s dist-swt=80.5F@58s dist-rwt=75.3F@60s | lift=0.0F pwr=58W
2026-09-28 19:55:53.303 [UnknownChannels] no value: required-energy | stale: usable-energy
2026-09-28 19:55:58.168 [lc] Top state: Dormant
2026-09-28 19:55:58.168 [lc] LocalControl: AllTanks  |  State: Dormant
2026-09-28 19:56:08.307 [UnknownChannels] no value: required-energy | stale: usable-energy
2026-09-28 19:56:18.033 [scada] Admin timeout renewed: 300 seconds
2026-09-28 19:56:23.218 [sieg-loop] sieg-view SteadyBlend keep=54.0s hp-lwt=83.2F@1s hp-ewt=85.6F@1s sieg-hot=78.7F@6s sieg-cold=88.6F@13s sieg-flow=3.84gpm@65s sieg-send-flow*=0.58gpm@18s primary-flow*=4.42gpm@18s hp-odu-pwr=56W@82s hp-idu-pwr=2W@82s buffer-hot-pipe=73.3F@1s buffer-cold-pipe=97.0F@84s store-hot-pipe=65.8F@68s dist-swt=80.5F@88s dist-rwt=75.3F@90s | lift=0.0F pwr=58W
2026-09-28 19:56:23.309 [UnknownChannels] no value: required-energy | stale: usable-energy
2026-09-28 19:56:38.311 [UnknownChannels] no value: required-energy | stale: usable-energy
2026-09-28 19:56:53.220 [sieg-loop] sieg-view SteadyBlend keep=54.0s hp-lwt=85.2F@4s hp-ewt=87.3F@1s sieg-hot=80.4F@2s sieg-cold=88.9F@3s sieg-flow=3.84gpm@95s sieg-send-flow*=0.58gpm@15s primary-flow*=4.42gpm@15s hp-odu-pwr=56W@112s hp-idu-pwr=2W@112s buffer-hot-pipe=76.1F@8s buffer-cold-pipe=97.0F@114s store-hot-pipe=65.8F@98s dist-swt=80.5F@118s dist-rwt=75.3F@120s | lift=0.0F pwr=58W
2026-09-28 19:56:53.314 [UnknownChannels] no value: required-energy | stale: usable-energy
2026-09-28 19:56:58.170 [lc] Top state: Dormant
2026-09-28 19:56:58.170 [lc] LocalControl: AllTanks  |  State: Dormant
2026-09-28 19:57:08.317 [UnknownChannels] no value: required-energy | stale: transactive-power,usable-energy,zone1-living-rm-heat-call,zone2-bedroom-heat-call
2026-09-28 19:57:23.225 [sieg-loop] sieg-view SteadyBlend keep=54.0s hp-lwt=87.0F@1s hp-ewt=89.0F@0s sieg-hot=81.5F@13s sieg-cold=88.5F@14s sieg-flow=3.84gpm@125s sieg-send-flow*=0.62gpm@5s primary-flow*=4.46gpm@5s hp-odu-pwr=56W@142s hp-idu-pwr=2W@142s buffer-hot-pipe=79.8F@1s buffer-cold-pipe=97.0F@144s store-hot-pipe=65.8F@128s dist-swt=80.5F@148s dist-rwt=75.3F@150s | lift=0.0F pwr=58W
2026-09-28 19:57:23.320 [UnknownChannels] no value: required-energy | stale: transactive-power,usable-energy,zone1-living-rm-heat-call,zone2-bedroom-heat-call
2026-09-28 19:57:38.322 [UnknownChannels] no value: required-energy | stale: transactive-power,usable-energy,zone1-living-rm-heat-call,zone2-bedroom-heat-call
2026-09-28 19:57:40.056 [scada] AdminDispatch MoveToFullSend to admin.sieg-loop
2026-09-28 19:57:40.058 [sieg-loop] MoveToFullSend from admin: the loop is held until the tree changes hands
2026-09-28 19:57:40.059 [sieg-loop] Full run to send
2026-09-28 19:57:40.061 [sieg-loop] admin.sieg-loop sending SendMore to HpLoopKeepSend relay admin.sieg-loop.hp-loop-keep-send-relay
2026-09-28 19:57:40.062 [sieg-loop] admin.sieg-loop sending CloseRelay to HpLoopOnOff relay admin.sieg-loop.hp-loop-on-off-relay
2026-09-28 19:57:40.063 [sieg-loop] StartKeepingLess: SteadyBlend -> KeepingLess
2026-09-28 19:57:40.065 [sieg-loop] sieg-view KeepingLess keep=54.0s hp-lwt=87.9F@0s hp-ewt=89.6F@1s sieg-hot=82.7F@3s sieg-cold=88.5F@31s sieg-flow=3.84gpm@142s sieg-send-flow*=0.59gpm@11s primary-flow*=4.43gpm@11s hp-odu-pwr=56W@159s hp-idu-pwr=2W@159s buffer-hot-pipe=80.7F@7s buffer-cold-pipe=97.0F@161s store-hot-pipe=65.8F@145s dist-swt=80.5F@165s dist-rwt=75.3F@167s | lift=0.0F pwr=58W
2026-09-28 19:57:40.065 [sieg-loop] Motor toward send for 104 s from keep_seconds 54.0
2026-09-28 19:57:53.228 [sieg-loop] sieg-view KeepingLess keep=54.0s hp-lwt=88.4F@1s hp-ewt=90.2F@1s sieg-hot=83.0F@3s sieg-cold=89.0F@5s sieg-flow=3.14gpm@0s sieg-send-flow*=0.64gpm@10s primary-flow*=3.78gpm@0s hp-odu-pwr=56W@172s hp-idu-pwr=2W@172s buffer-hot-pipe=81.6F@10s buffer-cold-pipe=97.0F@174s store-hot-pipe=65.8F@158s dist-swt=80.5F@178s dist-rwt=75.3F@180s | lift=0.0F pwr=58W
2026-09-28 19:57:53.324 [UnknownChannels] no value: required-energy | stale: transactive-power,usable-energy,zone1-living-rm-heat-call,zone2-bedroom-heat-call
2026-09-28 19:57:58.172 [lc] Top state: Dormant
2026-09-28 19:57:58.173 [lc] LocalControl: AllTanks  |  State: Dormant
2026-09-28 19:58:08.326 [UnknownChannels] no value: required-energy | stale: transactive-power,usable-energy,zone1-living-rm-heat-call,zone2-bedroom-heat-call
2026-09-28 19:58:18.035 [scada] Admin timeout renewed: 300 seconds
2026-09-28 19:58:23.231 [sieg-loop] sieg-view KeepingLess keep=54.0s hp-lwt=90.8F@0s hp-ewt=96.1F@1s sieg-hot=83.8F@13s sieg-cold=89.0F@35s sieg-flow=0.00gpm@11s sieg-send-flow*=4.30gpm@6s primary-flow*=4.30gpm@6s hp-odu-pwr=56W@202s hp-idu-pwr=2W@202s buffer-hot-pipe=85.3F@5s buffer-cold-pipe=97.0F@204s store-hot-pipe=65.8F@188s dist-swt=80.5F@208s dist-rwt=75.3F@210s | lift=0.0F pwr=58W
2026-09-28 19:58:23.328 [UnknownChannels] no value: required-energy | stale: transactive-power,usable-energy,zone1-living-rm-heat-call,zone2-bedroom-heat-call
2026-09-28 19:58:38.332 [UnknownChannels] no value: required-energy | stale: transactive-power,usable-energy,zone1-living-rm-heat-call,zone2-bedroom-heat-call
2026-09-28 19:58:53.233 [sieg-loop] sieg-view KeepingLess keep=54.0s hp-lwt=95.3F@0s hp-ewt=97.3F@3s sieg-hot=83.8F@43s sieg-cold=89.4F@22s sieg-flow=0.00gpm@41s sieg-send-flow*=4.36gpm@8s primary-flow*=4.36gpm@8s hp-odu-pwr=56W@232s hp-idu-pwr=2W@232s buffer-hot-pipe=89.9F@5s buffer-cold-pipe=97.0F@234s store-hot-pipe=65.8F@218s dist-swt=80.5F@238s dist-rwt=75.3F@240s | lift=0.0F pwr=58W
2026-09-28 19:58:53.333 [UnknownChannels] no value: required-energy | stale: transactive-power,usable-energy,zone1-living-rm-heat-call,zone2-bedroom-heat-call
2026-09-28 19:58:58.175 [lc] Top state: Dormant
2026-09-28 19:58:58.176 [lc] LocalControl: AllTanks  |  State: Dormant
2026-09-28 19:59:08.337 [UnknownChannels] no value: required-energy | stale: transactive-power,usable-energy,zone1-living-rm-heat-call,zone2-bedroom-heat-call
2026-09-28 19:59:23.236 [sieg-loop] sieg-view KeepingLess keep=54.0s hp-lwt=96.3F@10s hp-ewt=97.4F@20s sieg-hot=83.8F@73s sieg-cold=89.4F@52s sieg-flow=0.00gpm@71s sieg-send-flow*=4.36gpm@12s primary-flow*=4.36gpm@12s hp-odu-pwr=56W@262s hp-idu-pwr=2W@262s buffer-hot-pipe=93.7F@10s buffer-cold-pipe=97.0F@264s store-hot-pipe=66.6F@3s dist-swt=80.5F@268s dist-rwt=75.3F@270s | lift=0.0F pwr=58W
2026-09-28 19:59:23.340 [UnknownChannels] no value: required-energy | stale: transactive-power,usable-energy,zone1-living-rm-heat-call,zone2-bedroom-heat-call
2026-09-28 19:59:24.095 [sieg-loop] admin.sieg-loop sending OpenRelay to HpLoopOnOff relay admin.sieg-loop.hp-loop-on-off-relay
2026-09-28 19:59:24.095 [sieg-loop] ResetToFullySend: KeepingLess -> FullySend
2026-09-28 19:59:24.096 [sieg-loop] sieg-view FullySend keep=0.0s hp-lwt=96.3F@10s hp-ewt=97.4F@20s sieg-hot=83.8F@74s sieg-cold=89.4F@53s sieg-flow=0.00gpm@72s sieg-send-flow*=4.36gpm@2s primary-flow*=4.36gpm@2s hp-odu-pwr=56W@263s hp-idu-pwr=2W@263s buffer-hot-pipe=93.7F@11s buffer-cold-pipe=97.0F@265s store-hot-pipe=66.6F@4s dist-swt=80.5F@269s dist-rwt=75.3F@271s | lift=0.0F pwr=58W
2026-09-28 19:59:24.096 [sieg-loop] Motor stopped after 104.0 s: keep_seconds 0
2026-09-28 19:59:29.063 [scada] AdminDispatch DischargeStore to admin.charge-discharge-relay
2026-09-28 19:59:31.173 [scada] AdminDispatch MoveToFullKeep to admin.sieg-loop
2026-09-28 19:59:31.176 [sieg-loop] MoveToFullKeep from admin: the loop is held until the tree changes hands
2026-09-28 19:59:31.178 [sieg-loop] Full run to keep
2026-09-28 19:59:31.180 [sieg-loop] admin.sieg-loop sending SendLessto HpLoopKeepSend relay admin.sieg-loop.hp-loop-keep-send-relay
2026-09-28 19:59:31.181 [sieg-loop] admin.sieg-loop sending CloseRelay to HpLoopOnOff relay admin.sieg-loop.hp-loop-on-off-relay
2026-09-28 19:59:31.182 [sieg-loop] StartKeepingMore: FullySend -> KeepingMore
2026-09-28 19:59:31.184 [sieg-loop] sieg-view KeepingMore keep=0.0s hp-lwt=96.3F@18s hp-ewt=97.4F@28s sieg-hot=83.8F@81s sieg-cold=89.4F@60s sieg-flow=0.00gpm@79s sieg-send-flow*=4.36gpm@9s primary-flow*=4.36gpm@9s hp-odu-pwr=56W@270s hp-idu-pwr=2W@270s buffer-hot-pipe=94.6F@7s buffer-cold-pipe=97.0F@272s store-hot-pipe=66.6F@11s dist-swt=80.5F@276s dist-rwt=75.3F@278s | lift=0.0F pwr=58W
2026-09-28 19:59:31.185 [sieg-loop] Motor toward keep for 104 s from keep_seconds 0
2026-09-28 19:59:38.342 [UnknownChannels] no value: required-energy | stale: transactive-power,usable-energy,zone1-living-rm-heat-call,zone2-bedroom-heat-call
2026-09-28 19:59:53.240 [sieg-loop] sieg-view KeepingMore keep=0.0s hp-lwt=96.5F@4s hp-ewt=97.5F@17s sieg-hot=84.2F@0s sieg-cold=89.8F@21s sieg-flow=0.00gpm@101s sieg-send-flow*=4.35gpm@8s primary-flow*=4.35gpm@8s hp-odu-pwr=56W@292s hp-idu-pwr=2W@292s buffer-hot-pipe=95.5F@6s buffer-cold-pipe=97.0F@294s store-hot-pipe=67.3F@7s dist-swt=80.5F@298s dist-rwt=75.1F@0s | lift=0.0F pwr=58W
2026-09-28 19:59:53.345 [UnknownChannels] no value: required-energy | stale: transactive-power,usable-energy,zone1-living-rm-heat-call,zone2-bedroom-heat-call
2026-09-28 19:59:58.179 [lc] Top state: Dormant
2026-09-28 19:59:58.183 [lc] LocalControl: AllTanks  |  State: Dormant
2026-09-28 19:59:58.802 Top state: Admin
2026-09-28 19:59:58.802 Auto state: Dormant
2026-09-28 20:00:00.933 [derived-generator] [HeatCall periodic] zone1-living-rm-heat-call now=1790640000.9 next=1790640000 period=300
2026-09-28 20:00:00.933 [derived-generator] [HeatCall periodic] zone2-bedroom-heat-call now=1790640000.9 next=1790640000 period=300
2026-09-28 20:00:08.347 [UnknownChannels] no value: required-energy | stale: usable-energy
2026-09-28 20:00:18.035 [scada] Admin timeout renewed: 300 seconds
2026-09-28 20:00:23.243 [sieg-loop] sieg-view KeepingMore keep=0.0s hp-lwt=95.8F@2s hp-ewt=95.5F@0s sieg-hot=86.4F@0s sieg-cold=89.6F@13s sieg-flow=3.63gpm@0s sieg-send-flow*=1.15gpm@5s primary-flow*=4.78gpm@0s hp-odu-pwr=54W@22s hp-idu-pwr=0W@22s buffer-hot-pipe=95.5F@36s buffer-cold-pipe=96.7F@24s store-hot-pipe=68.6F@0s dist-swt=79.6F@29s dist-rwt=75.1F@30s | lift=0.3F pwr=54W
2026-09-28 20:00:23.349 [UnknownChannels] no value: required-energy | stale: usable-energy
2026-09-28 20:00:38.350 [UnknownChannels] no value: required-energy | stale: usable-energy
2026-09-28 20:00:53.245 [sieg-loop] sieg-view KeepingMore keep=0.0s hp-lwt=95.0F@0s hp-ewt=95.7F@2s sieg-hot=88.4F@0s sieg-cold=90.0F@4s sieg-flow=4.98gpm@1s sieg-send-flow*=0.01gpm@22s primary-flow*=4.99gpm@1s hp-odu-pwr=54W@52s hp-idu-pwr=0W@52s buffer-hot-pipe=95.5F@66s buffer-cold-pipe=96.7F@54s store-hot-pipe=69.0F@23s dist-swt=79.6F@59s dist-rwt=75.1F@60s | lift=0.0F pwr=54W
2026-09-28 20:00:53.354 [UnknownChannels] no value: required-energy | stale: usable-energy
2026-09-28 20:00:58.184 [lc] Top state: Dormant
2026-09-28 20:00:58.184 [lc] LocalControl: AllTanks  |  State: Dormant
2026-09-28 20:01:08.356 [UnknownChannels] no value: required-energy | stale: usable-energy
2026-09-28 20:01:15.212 [sieg-loop] admin.sieg-loop sending OpenRelay to HpLoopOnOff relay admin.sieg-loop.hp-loop-on-off-relay
2026-09-28 20:01:15.213 [sieg-loop] ResetToFullyKeep: KeepingMore -> FullyKeep
2026-09-28 20:01:15.219 [sieg-loop] sieg-view FullyKeep keep=94.0s hp-lwt=94.9F@19s hp-ewt=95.6F@4s sieg-hot=88.4F@22s sieg-cold=88.4F@2s sieg-flow=5.12gpm@18s sieg-send-flow*=0.01gpm@44s primary-flow*=5.13gpm@18s hp-odu-pwr=54W@74s hp-idu-pwr=0W@74s buffer-hot-pipe=95.5F@88s buffer-cold-pipe=96.7F@76s store-hot-pipe=69.3F@19s dist-swt=79.6F@81s dist-rwt=75.1F@82s | lift=0.0F pwr=54W
2026-09-28 20:01:15.219 [sieg-loop] Motor stopped after 104.0 s: keep_seconds 94
2026-09-28 20:01:20.060 [scada] AdminDispatch MoveToFullSend to admin.sieg-loop
2026-09-28 20:01:20.063 [sieg-loop] MoveToFullSend from admin: the loop is held until the tree changes hands
2026-09-28 20:01:20.064 [sieg-loop] Full run to send
2026-09-28 20:01:20.066 [sieg-loop] admin.sieg-loop sending SendMore to HpLoopKeepSend relay admin.sieg-loop.hp-loop-keep-send-relay
2026-09-28 20:01:20.068 [sieg-loop] admin.sieg-loop sending CloseRelay to HpLoopOnOff relay admin.sieg-loop.hp-loop-on-off-relay
2026-09-28 20:01:20.068 [sieg-loop] StartKeepingLess: FullyKeep -> KeepingLess
2026-09-28 20:01:20.071 [sieg-loop] sieg-view KeepingLess keep=94.0s hp-lwt=94.8F@0s hp-ewt=95.5F@1s sieg-hot=88.4F@27s sieg-cold=88.4F@7s sieg-flow=5.07gpm@0s sieg-send-flow*=0.01gpm@48s primary-flow*=5.08gpm@0s hp-odu-pwr=54W@79s hp-idu-pwr=0W@79s buffer-hot-pipe=95.5F@92s buffer-cold-pipe=96.7F@81s store-hot-pipe=69.7F@3s dist-swt=79.6F@86s dist-rwt=75.1F@87s | lift=0.0F pwr=54W
2026-09-28 20:01:20.072 [sieg-loop] Motor toward send for 104 s from keep_seconds 94
2026-09-28 20:01:23.247 [sieg-loop] sieg-view KeepingLess keep=94.0s hp-lwt=94.8F@3s hp-ewt=95.5F@4s sieg-hot=88.4F@30s sieg-cold=88.4F@10s sieg-flow=5.07gpm@3s sieg-send-flow*=0.01gpm@52s primary-flow*=5.08gpm@3s hp-odu-pwr=54W@82s hp-idu-pwr=0W@82s buffer-hot-pipe=95.5F@96s buffer-cold-pipe=96.7F@84s store-hot-pipe=69.7F@6s dist-swt=79.6F@89s dist-rwt=75.1F@90s | lift=0.0F pwr=54W
2026-09-28 20:01:23.357 [UnknownChannels] no value: required-energy | stale: usable-energy
2026-09-28 20:01:38.359 [UnknownChannels] no value: required-energy | stale: usable-energy
2026-09-28 20:01:53.250 [sieg-loop] sieg-view KeepingLess keep=94.0s hp-lwt=94.5F@4s hp-ewt=95.4F@20s sieg-hot=88.4F@60s sieg-cold=88.4F@0s sieg-flow=4.51gpm@0s sieg-send-flow*=0.01gpm@82s primary-flow*=4.52gpm@0s hp-odu-pwr=54W@112s hp-idu-pwr=0W@112s buffer-hot-pipe=95.5F@126s buffer-cold-pipe=96.7F@114s store-hot-pipe=70.1F@13s dist-swt=79.6F@119s dist-rwt=75.1F@120s | lift=0.0F pwr=54W
2026-09-28 20:01:53.362 [UnknownChannels] no value: required-energy | stale: usable-energy
2026-09-28 20:01:58.185 [lc] Top state: Dormant
2026-09-28 20:01:58.185 [lc] LocalControl: AllTanks  |  State: Dormant
2026-09-28 20:02:00.055 [scada] AdminDispatch StopValve to admin.sieg-loop
2026-09-28 20:02:00.056 [sieg-loop] StopValve from admin: the loop is held until the tree changes hands
2026-09-28 20:02:00.056 [sieg-loop] Stopping the motor
2026-09-28 20:02:00.057 [sieg-loop] admin.sieg-loop sending OpenRelay to HpLoopOnOff relay admin.sieg-loop.hp-loop-on-off-relay
2026-09-28 20:02:00.058 [sieg-loop] StopKeepingLess: KeepingLess -> SteadyBlend
2026-09-28 20:02:00.059 [sieg-loop] sieg-view SteadyBlend keep=54.0s hp-lwt=94.5F@11s hp-ewt=95.4F@27s sieg-hot=88.4F@67s sieg-cold=88.4F@7s sieg-flow=4.16gpm@0s sieg-send-flow*=0.01gpm@88s primary-flow*=4.17gpm@0s hp-odu-pwr=54W@119s hp-idu-pwr=0W@119s buffer-hot-pipe=95.5F@132s buffer-cold-pipe=96.7F@121s store-hot-pipe=70.1F@20s dist-swt=79.6F@126s dist-rwt=75.1F@127s | lift=0.0F pwr=54W
2026-09-28 20:02:00.059 [sieg-loop] Motor stopped after 40.0 s: keep_seconds 54.0
2026-09-28 20:02:08.365 [UnknownChannels] no value: required-energy | stale: transactive-power,usable-energy,zone1-living-rm-heat-call,zone2-bedroom-heat-call
2026-09-28 20:02:18.033 [scada] Admin timeout renewed: 300 seconds
2026-09-28 20:02:23.252 [sieg-loop] sieg-view SteadyBlend keep=54.0s hp-lwt=94.5F@6s hp-ewt=95.3F@5s sieg-hot=88.8F@12s sieg-cold=88.1F@6s sieg-flow=4.11gpm@22s sieg-send-flow*=0.34gpm@20s primary-flow*=4.45gpm@20s hp-odu-pwr=54W@142s hp-idu-pwr=0W@142s buffer-hot-pipe=95.5F@156s buffer-cold-pipe=96.7F@144s store-hot-pipe=70.9F@4s dist-swt=79.6F@149s dist-rwt=75.1F@150s | lift=0.0F pwr=54W
2026-09-28 20:02:23.367 [UnknownChannels] no value: required-energy | stale: transactive-power,usable-energy,zone1-living-rm-heat-call,zone2-bedroom-heat-call
2026-09-28 20:02:38.370 [UnknownChannels] no value: required-energy | stale: transactive-power,usable-energy,zone1-living-rm-heat-call,zone2-bedroom-heat-call
2026-09-28 20:02:53.255 [sieg-loop] sieg-view SteadyBlend keep=54.0s hp-lwt=94.4F@13s hp-ewt=95.3F@35s sieg-hot=88.8F@42s sieg-cold=88.1F@36s sieg-flow=4.11gpm@52s sieg-send-flow*=0.34gpm@17s primary-flow*=4.45gpm@17s hp-odu-pwr=54W@172s hp-idu-pwr=0W@172s buffer-hot-pipe=94.6F@15s buffer-cold-pipe=96.7F@174s store-hot-pipe=71.3F@8s dist-swt=79.6F@179s dist-rwt=75.1F@180s | lift=0.0F pwr=54W
2026-09-28 20:02:53.373 [UnknownChannels] no value: required-energy | stale: transactive-power,usable-energy,zone1-living-rm-heat-call,zone2-bedroom-heat-call
2026-09-28 20:02:58.187 [lc] Top state: Dormant
2026-09-28 20:02:58.188 [lc] LocalControl: AllTanks  |  State: Dormant
2026-09-28 20:03:08.375 [UnknownChannels] no value: required-energy | stale: transactive-power,usable-energy,zone1-living-rm-heat-call,zone2-bedroom-heat-call
2026-09-28 20:03:23.257 [sieg-loop] sieg-view SteadyBlend keep=54.0s hp-lwt=94.4F@43s hp-ewt=95.3F@65s sieg-hot=88.8F@72s sieg-cold=89.2F@3s sieg-flow=4.11gpm@82s sieg-send-flow*=0.34gpm@14s primary-flow*=4.45gpm@14s hp-odu-pwr=54W@202s hp-idu-pwr=0W@202s buffer-hot-pipe=94.6F@45s buffer-cold-pipe=96.7F@204s store-hot-pipe=71.7F@19s dist-swt=79.6F@209s dist-rwt=75.1F@210s | lift=0.0F pwr=54W
2026-09-28 20:03:23.377 [UnknownChannels] no value: required-energy | stale: transactive-power,usable-energy,zone1-living-rm-heat-call,zone2-bedroom-heat-call
2026-09-28 20:03:38.380 [UnknownChannels] no value: required-energy | stale: transactive-power,usable-energy,zone1-living-rm-heat-call,zone2-bedroom-heat-call
2026-09-28 20:03:53.259 [sieg-loop] sieg-view SteadyBlend keep=54.0s hp-lwt=94.4F@73s hp-ewt=95.3F@95s sieg-hot=88.4F@15s sieg-cold=89.2F@2s sieg-flow=4.11gpm@112s sieg-send-flow*=0.34gpm@22s primary-flow*=4.45gpm@22s hp-odu-pwr=54W@232s hp-idu-pwr=0W@232s buffer-hot-pipe=93.7F@4s buffer-cold-pipe=96.7F@234s store-hot-pipe=72.4F@3s dist-swt=79.6F@239s dist-rwt=75.1F@240s | lift=0.0F pwr=54W
2026-09-28 20:03:53.382 [UnknownChannels] no value: required-energy | stale: transactive-power,usable-energy,zone1-living-rm-heat-call,zone2-bedroom-heat-call
2026-09-28 20:03:58.189 [lc] Top state: Dormant
2026-09-28 20:03:58.190 [lc] LocalControl: AllTanks  |  State: Dormant
2026-09-28 20:04:08.384 [UnknownChannels] no value: required-energy | stale: transactive-power,usable-energy,zone1-living-rm-heat-call,zone2-bedroom-heat-call
2026-09-28 20:04:18.043 [scada] Admin timeout renewed: 300 seconds
2026-09-28 20:04:23.264 [sieg-loop] sieg-view SteadyBlend keep=54.0s hp-lwt=94.4F@103s hp-ewt=95.4F@16s sieg-hot=88.4F@45s sieg-cold=89.2F@32s sieg-flow=4.11gpm@142s sieg-send-flow*=0.34gpm@19s primary-flow*=4.45gpm@19s hp-odu-pwr=54W@262s hp-idu-pwr=0W@262s buffer-hot-pipe=93.7F@34s buffer-cold-pipe=96.7F@264s store-hot-pipe=73.2F@17s dist-swt=79.6F@269s dist-rwt=75.1F@270s | lift=0.0F pwr=54W
2026-09-28 20:04:23.386 [UnknownChannels] no value: required-energy | stale: transactive-power,usable-energy,zone1-living-rm-heat-call,zone2-bedroom-heat-call
2026-09-28 20:04:30.063 [scada] AdminDispatch MoveToFullSend to admin.sieg-loop
2026-09-28 20:04:30.064 [sieg-loop] MoveToFullSend from admin: the loop is held until the tree changes hands
2026-09-28 20:04:30.065 [sieg-loop] Full run to send
2026-09-28 20:04:30.066 [sieg-loop] admin.sieg-loop sending SendMore to HpLoopKeepSend relay admin.sieg-loop.hp-loop-keep-send-relay
2026-09-28 20:04:30.067 [sieg-loop] admin.sieg-loop sending CloseRelay to HpLoopOnOff relay admin.sieg-loop.hp-loop-on-off-relay
2026-09-28 20:04:30.067 [sieg-loop] StartKeepingLess: SteadyBlend -> KeepingLess
2026-09-28 20:04:30.068 [sieg-loop] sieg-view KeepingLess keep=54.0s hp-lwt=94.4F@110s hp-ewt=95.4F@23s sieg-hot=88.4F@52s sieg-cold=89.2F@39s sieg-flow=4.11gpm@149s sieg-send-flow*=0.34gpm@15s primary-flow*=4.45gpm@15s hp-odu-pwr=54W@269s hp-idu-pwr=0W@269s buffer-hot-pipe=93.7F@41s buffer-cold-pipe=96.7F@271s store-hot-pipe=73.2F@24s dist-swt=79.6F@276s dist-rwt=75.1F@277s | lift=0.0F pwr=54W
2026-09-28 20:04:30.068 [sieg-loop] Motor toward send for 104 s from keep_seconds 54.0
2026-09-28 20:04:38.389 [UnknownChannels] no value: required-energy | stale: transactive-power,usable-energy,zone1-living-rm-heat-call,zone2-bedroom-heat-call
2026-09-28 20:04:53.266 [sieg-loop] sieg-view KeepingLess keep=54.0s hp-lwt=94.7F@1s hp-ewt=95.7F@1s sieg-hot=88.4F@75s sieg-cold=88.4F@5s sieg-flow=1.77gpm@0s sieg-send-flow*=1.85gpm@5s primary-flow*=3.62gpm@0s hp-odu-pwr=54W@292s hp-idu-pwr=0W@292s buffer-hot-pipe=93.7F@64s buffer-cold-pipe=96.7F@294s store-hot-pipe=73.2F@47s dist-swt=79.6F@299s dist-rwt=74.8F@0s | lift=0.0F pwr=54W
2026-09-28 20:04:53.391 [UnknownChannels] no value: required-energy | stale: transactive-power,usable-energy,zone1-living-rm-heat-call,zone2-bedroom-heat-call
2026-09-28 20:04:58.191 [lc] Top state: Dormant
2026-09-28 20:04:58.191 [lc] LocalControl: AllTanks  |  State: Dormant
2026-09-28 20:04:58.801 Top state: Admin
2026-09-28 20:04:58.802 Auto state: Dormant
2026-09-28 20:05:00.976 [derived-generator] [HeatCall periodic] zone1-living-rm-heat-call now=1790640301.0 next=1790640300 period=300
2026-09-28 20:05:00.976 [derived-generator] [HeatCall periodic] zone2-bedroom-heat-call now=1790640301.0 next=1790640300 period=300
2026-09-28 20:05:08.393 [UnknownChannels] no value: required-energy | stale: usable-energy
2026-09-28 20:05:23.269 [sieg-loop] sieg-view KeepingLess keep=54.0s hp-lwt=95.1F@6s hp-ewt=97.2F@3s sieg-hot=88.5F@13s sieg-cold=88.6F@13s sieg-flow=0.00gpm@13s sieg-send-flow*=4.36gpm@3s primary-flow*=4.36gpm@3s hp-odu-pwr=56W@22s hp-idu-pwr=0W@22s buffer-hot-pipe=93.7F@94s buffer-cold-pipe=96.6F@24s store-hot-pipe=74.2F@8s dist-swt=79.4F@29s dist-rwt=74.8F@30s | lift=0.0F pwr=56W
2026-09-28 20:05:23.395 [UnknownChannels] no value: required-energy | stale: usable-energy
2026-09-28 20:05:38.398 [UnknownChannels] no value: required-energy | stale: usable-energy
2026-09-28 20:05:53.272 [sieg-loop] sieg-view KeepingLess keep=54.0s hp-lwt=96.3F@1s hp-ewt=97.4F@13s sieg-hot=88.1F@21s sieg-cold=89.0F@26s sieg-flow=0.00gpm@43s sieg-send-flow*=4.37gpm@10s primary-flow*=4.37gpm@10s hp-odu-pwr=56W@52s hp-idu-pwr=0W@52s buffer-hot-pipe=94.6F@21s buffer-cold-pipe=96.6F@54s store-hot-pipe=75.4F@6s dist-swt=79.4F@59s dist-rwt=74.8F@60s | lift=0.0F pwr=56W
2026-09-28 20:05:53.401 [UnknownChannels] no value: required-energy | stale: usable-energy
2026-09-28 20:05:58.193 [lc] Top state: Dormant
2026-09-28 20:05:58.194 [lc] LocalControl: AllTanks  |  State: Dormant
2026-09-28 20:06:08.403 [UnknownChannels] no value: required-energy | stale: usable-energy
2026-09-28 20:06:14.082 [sieg-loop] admin.sieg-loop sending OpenRelay to HpLoopOnOff relay admin.sieg-loop.hp-loop-on-off-relay
2026-09-28 20:06:14.092 [sieg-loop] ResetToFullySend: KeepingLess -> FullySend
2026-09-28 20:06:14.093 [sieg-loop] sieg-view FullySend keep=0.0s hp-lwt=96.6F@0s hp-ewt=97.4F@34s sieg-hot=87.7F@13s sieg-cold=89.3F@14s sieg-flow=0.00gpm@64s sieg-send-flow*=4.35gpm@9s primary-flow*=4.35gpm@9s hp-odu-pwr=56W@73s hp-idu-pwr=0W@73s buffer-hot-pipe=95.5F@14s buffer-cold-pipe=96.6F@75s store-hot-pipe=76.2F@1s dist-swt=79.4F@80s dist-rwt=74.8F@81s | lift=0.0F pwr=56W
2026-09-28 20:06:14.093 [sieg-loop] Motor stopped after 104.0 s: keep_seconds 0
2026-09-28 20:06:18.066 [scada] Admin timeout renewed: 300 seconds
2026-09-28 20:06:19.068 [scada] AdminDispatch ChargeStore to admin.charge-discharge-relay
2026-09-28 20:06:21.071 [scada] AdminDispatch MoveToFullKeep to admin.sieg-loop
2026-09-28 20:06:21.073 [sieg-loop] MoveToFullKeep from admin: the loop is held until the tree changes hands
2026-09-28 20:06:21.075 [sieg-loop] Full run to keep
2026-09-28 20:06:21.077 [sieg-loop] admin.sieg-loop sending SendLessto HpLoopKeepSend relay admin.sieg-loop.hp-loop-keep-send-relay
2026-09-28 20:06:21.078 [sieg-loop] admin.sieg-loop sending CloseRelay to HpLoopOnOff relay admin.sieg-loop.hp-loop-on-off-relay
2026-09-28 20:06:21.079 [sieg-loop] StartKeepingMore: FullySend -> KeepingMore
2026-09-28 20:06:21.081 [sieg-loop] sieg-view KeepingMore keep=0.0s hp-lwt=96.6F@7s hp-ewt=97.4F@41s sieg-hot=87.7F@20s sieg-cold=89.7F@4s sieg-flow=0.00gpm@71s sieg-send-flow*=4.34gpm@7s primary-flow*=4.34gpm@7s hp-odu-pwr=56W@80s hp-idu-pwr=0W@80s buffer-hot-pipe=95.5F@21s buffer-cold-pipe=96.6F@82s store-hot-pipe=76.6F@1s dist-swt=79.4F@87s dist-rwt=74.8F@88s | lift=0.0F pwr=56W
2026-09-28 20:06:21.082 [sieg-loop] Motor toward keep for 104 s from keep_seconds 0
2026-09-28 20:06:23.275 [sieg-loop] sieg-view KeepingMore keep=0.0s hp-lwt=96.6F@10s hp-ewt=97.4F@43s sieg-hot=87.7F@22s sieg-cold=89.7F@6s sieg-flow=0.00gpm@73s sieg-send-flow*=4.34gpm@10s primary-flow*=4.34gpm@10s hp-odu-pwr=56W@82s hp-idu-pwr=0W@82s buffer-hot-pipe=95.5F@23s buffer-cold-pipe=96.6F@84s store-hot-pipe=76.6F@3s dist-swt=79.4F@89s dist-rwt=74.8F@90s | lift=0.0F pwr=56W
2026-09-28 20:06:23.406 [UnknownChannels] no value: required-energy | stale: usable-energy
2026-09-28 20:06:38.408 [UnknownChannels] no value: required-energy | stale: usable-energy
2026-09-28 20:06:53.278 [sieg-loop] sieg-view KeepingMore keep=0.0s hp-lwt=96.6F@40s hp-ewt=94.2F@0s sieg-hot=87.3F@1s sieg-cold=88.4F@0s sieg-flow=0.83gpm@0s sieg-send-flow*=3.56gpm@4s primary-flow*=4.39gpm@0s hp-odu-pwr=56W@112s hp-idu-pwr=0W@112s buffer-hot-pipe=95.5F@53s buffer-cold-pipe=96.6F@114s store-hot-pipe=93.5F@0s dist-swt=79.4F@119s dist-rwt=74.8F@120s | lift=2.3F pwr=56W
2026-09-28 20:06:53.410 [UnknownChannels] no value: required-energy | stale: usable-energy
2026-09-28 20:06:58.196 [lc] Top state: Dormant
2026-09-28 20:06:58.196 [lc] LocalControl: AllTanks  |  State: Dormant
2026-09-28 20:07:06.095 [scada] AdminDispatch StopValve to admin.sieg-loop
2026-09-28 20:07:06.098 [sieg-loop] StopValve from admin: the loop is held until the tree changes hands
2026-09-28 20:07:06.098 [sieg-loop] Stopping the motor
2026-09-28 20:07:06.100 [sieg-loop] admin.sieg-loop sending OpenRelay to HpLoopOnOff relay admin.sieg-loop.hp-loop-on-off-relay
2026-09-28 20:07:06.101 [sieg-loop] StopKeepingMore: KeepingMore -> SteadyBlend
2026-09-28 20:07:06.102 [sieg-loop] sieg-view SteadyBlend keep=45.0s hp-lwt=95.5F@0s hp-ewt=89.3F@1s sieg-hot=87.7F@6s sieg-cold=81.8F@0s sieg-flow=2.97gpm@0s sieg-send-flow*=1.97gpm@6s primary-flow*=4.94gpm@0s hp-odu-pwr=56W@125s hp-idu-pwr=0W@125s buffer-hot-pipe=95.5F@66s buffer-cold-pipe=96.6F@127s store-hot-pipe=96.5F@2s dist-swt=79.4F@132s dist-rwt=74.8F@133s | lift=6.2F pwr=56W
2026-09-28 20:07:06.103 [sieg-loop] Motor stopped after 45.0 s: keep_seconds 45.0
2026-09-28 20:07:08.414 [UnknownChannels] no value: required-energy | stale: transactive-power,usable-energy,zone1-living-rm-heat-call,zone2-bedroom-heat-call
2026-09-28 20:07:23.280 [sieg-loop] sieg-view SteadyBlend keep=45.0s hp-lwt=90.6F@1s hp-ewt=88.8F@0s sieg-hot=88.6F@11s sieg-cold=76.5F@1s sieg-flow=3.08gpm@16s sieg-send-flow*=1.28gpm@10s primary-flow*=4.36gpm@10s hp-odu-pwr=56W@142s hp-idu-pwr=0W@142s buffer-hot-pipe=95.5F@83s buffer-cold-pipe=96.6F@144s store-hot-pipe=97.2F@6s dist-swt=79.4F@149s dist-rwt=74.8F@150s | lift=1.8F pwr=56W
2026-09-28 20:07:23.415 [UnknownChannels] no value: required-energy | stale: transactive-power,usable-energy,zone1-living-rm-heat-call,zone2-bedroom-heat-call
2026-09-28 20:07:38.417 [UnknownChannels] no value: required-energy | stale: transactive-power,usable-energy,zone1-living-rm-heat-call,zone2-bedroom-heat-call
2026-09-28 20:07:53.284 [sieg-loop] sieg-view SteadyBlend keep=45.0s hp-lwt=85.2F@0s hp-ewt=82.3F@0s sieg-hot=85.1F@3s sieg-cold=69.0F@0s sieg-flow=3.08gpm@46s sieg-send-flow*=1.24gpm@19s primary-flow*=4.32gpm@19s hp-odu-pwr=56W@172s hp-idu-pwr=0W@172s buffer-hot-pipe=95.5F@113s buffer-cold-pipe=96.6F@174s store-hot-pipe=94.2F@1s dist-swt=79.4F@179s dist-rwt=74.8F@180s | lift=2.9F pwr=56W
2026-09-28 20:07:53.420 [UnknownChannels] no value: required-energy | stale: transactive-power,usable-energy,zone1-living-rm-heat-call,zone2-bedroom-heat-call
2026-09-28 20:07:58.198 [lc] Top state: Dormant
2026-09-28 20:07:58.198 [lc] LocalControl: AllTanks  |  State: Dormant
2026-09-28 20:08:08.423 [UnknownChannels] no value: required-energy | stale: transactive-power,usable-energy,zone1-living-rm-heat-call,zone2-bedroom-heat-call
2026-09-28 20:08:18.060 [scada] Admin timeout renewed: 300 seconds
2026-09-28 20:08:23.286 [sieg-loop] sieg-view SteadyBlend keep=45.0s hp-lwt=80.2F@0s hp-ewt=77.8F@0s sieg-hot=80.8F@1s sieg-cold=67.0F@7s sieg-flow=3.08gpm@76s sieg-send-flow*=1.24gpm@17s primary-flow*=4.32gpm@17s hp-odu-pwr=56W@202s hp-idu-pwr=0W@202s buffer-hot-pipe=95.5F@143s buffer-cold-pipe=96.6F@204s store-hot-pipe=89.2F@0s dist-swt=79.4F@209s dist-rwt=74.8F@210s | lift=2.4F pwr=56W
2026-09-28 20:08:23.424 [UnknownChannels] no value: required-energy | stale: transactive-power,usable-energy,zone1-living-rm-heat-call,zone2-bedroom-heat-call
2026-09-28 20:08:38.426 [UnknownChannels] no value: required-energy | stale: transactive-power,usable-energy,zone1-living-rm-heat-call,zone2-bedroom-heat-call
2026-09-28 20:08:53.296 [sieg-loop] sieg-view SteadyBlend keep=45.0s hp-lwt=76.0F@0s hp-ewt=74.2F@1s sieg-hot=77.5F@1s sieg-cold=66.3F@13s sieg-flow=3.08gpm@107s sieg-send-flow*=1.24gpm@14s primary-flow*=4.32gpm@14s hp-odu-pwr=56W@232s hp-idu-pwr=0W@232s buffer-hot-pipe=95.5F@173s buffer-cold-pipe=95.6F@12s store-hot-pipe=84.3F@1s dist-swt=79.4F@239s dist-rwt=74.8F@240s | lift=1.8F pwr=56W
2026-09-28 20:08:53.430 [UnknownChannels] no value: required-energy | stale: transactive-power,usable-energy,zone1-living-rm-heat-call,zone2-bedroom-heat-call
2026-09-28 20:08:58.201 [lc] Top state: Dormant
2026-09-28 20:08:58.201 [lc] LocalControl: AllTanks  |  State: Dormant
2026-09-28 20:09:08.431 [UnknownChannels] no value: required-energy | stale: transactive-power,usable-energy,zone1-living-rm-heat-call,zone2-bedroom-heat-call
2026-09-28 20:09:23.299 [sieg-loop] sieg-view SteadyBlend keep=45.0s hp-lwt=73.1F@1s hp-ewt=71.8F@1s sieg-hot=74.8F@4s sieg-cold=65.9F@17s sieg-flow=3.08gpm@137s sieg-send-flow*=1.20gpm@16s primary-flow*=4.28gpm@16s hp-odu-pwr=56W@262s hp-idu-pwr=0W@262s buffer-hot-pipe=95.5F@203s buffer-cold-pipe=94.7F@12s store-hot-pipe=80.3F@2s dist-swt=79.4F@269s dist-rwt=74.8F@270s | lift=1.3F pwr=56W
2026-09-28 20:09:23.433 [UnknownChannels] no value: required-energy | stale: transactive-power,usable-energy,zone1-living-rm-heat-call,zone2-bedroom-heat-call
2026-09-28 20:09:36.125 [scada] AdminDispatch MoveToFullSend to admin.sieg-loop
2026-09-28 20:09:36.127 [sieg-loop] MoveToFullSend from admin: the loop is held until the tree changes hands
2026-09-28 20:09:36.128 [sieg-loop] Full run to send
2026-09-28 20:09:36.130 [sieg-loop] admin.sieg-loop sending SendMore to HpLoopKeepSend relay admin.sieg-loop.hp-loop-keep-send-relay
2026-09-28 20:09:36.132 [sieg-loop] admin.sieg-loop sending CloseRelay to HpLoopOnOff relay admin.sieg-loop.hp-loop-on-off-relay
2026-09-28 20:09:36.132 [sieg-loop] StartKeepingLess: SteadyBlend -> KeepingLess
2026-09-28 20:09:36.134 [sieg-loop] sieg-view KeepingLess keep=45.0s hp-lwt=71.9F@0s hp-ewt=70.8F@2s sieg-hot=73.6F@0s sieg-cold=65.9F@29s sieg-flow=3.08gpm@149s sieg-send-flow*=1.20gpm@13s primary-flow*=4.28gpm@13s hp-odu-pwr=56W@275s hp-idu-pwr=0W@275s buffer-hot-pipe=95.5F@216s buffer-cold-pipe=94.7F@25s store-hot-pipe=79.0F@1s dist-swt=79.4F@282s dist-rwt=74.8F@283s | lift=1.0F pwr=56W
2026-09-28 20:09:36.135 [sieg-loop] Motor toward send for 104 s from keep_seconds 45.0
2026-09-28 20:09:38.436 [UnknownChannels] no value: required-energy | stale: transactive-power,usable-energy,zone1-living-rm-heat-call,zone2-bedroom-heat-call
2026-09-28 20:09:53.301 [sieg-loop] sieg-view KeepingLess keep=45.0s hp-lwt=70.7F@1s hp-ewt=68.6F@0s sieg-hot=72.7F@6s sieg-cold=65.9F@47s sieg-flow=1.23gpm@1s sieg-send-flow*=1.72gpm@8s primary-flow*=2.95gpm@1s hp-odu-pwr=56W@292s hp-idu-pwr=0W@292s buffer-hot-pipe=95.5F@233s buffer-cold-pipe=93.8F@15s store-hot-pipe=77.3F@2s dist-swt=79.4F@299s dist-rwt=74.8F@0s | lift=2.1F pwr=56W
2026-09-28 20:09:53.438 [UnknownChannels] no value: required-energy | stale: transactive-power,usable-energy,zone1-living-rm-heat-call,zone2-bedroom-heat-call
2026-09-28 20:09:58.203 [lc] Top state: Dormant
2026-09-28 20:09:58.203 [lc] LocalControl: AllTanks  |  State: Dormant
2026-09-28 20:09:58.802 Top state: Admin
2026-09-28 20:09:58.809 Auto state: Dormant
2026-09-28 20:10:00.235 [derived-generator] [HeatCall periodic] zone1-living-rm-heat-call now=1790640600.2 next=1790640600 period=300
2026-09-28 20:10:00.236 [derived-generator] [HeatCall periodic] zone2-bedroom-heat-call now=1790640600.2 next=1790640600 period=300
2026-09-28 20:10:08.440 [UnknownChannels] no value: required-energy | stale: usable-energy
2026-09-28 20:10:18.040 [scada] Admin timeout renewed: 300 seconds
2026-09-28 20:10:23.304 [sieg-loop] sieg-view KeepingLess keep=45.0s hp-lwt=67.0F@0s hp-ewt=64.6F@1s sieg-hot=71.7F@14s sieg-cold=65.7F@14s sieg-flow=0.00gpm@14s sieg-send-flow*=4.12gpm@5s primary-flow*=4.12gpm@5s hp-odu-pwr=54W@23s hp-idu-pwr=-2W@23s buffer-hot-pipe=95.5F@263s buffer-cold-pipe=93.8F@45s store-hot-pipe=72.8F@1s dist-swt=79.3F@29s dist-rwt=74.8F@30s | lift=2.4F pwr=52W
2026-09-28 20:10:23.442 [UnknownChannels] no value: required-energy | stale: usable-energy
2026-09-28 20:10:38.444 [UnknownChannels] no value: required-energy | stale: usable-energy
2026-09-28 20:10:53.306 [sieg-loop] sieg-view KeepingLess keep=45.0s hp-lwt=64.5F@4s hp-ewt=64.1F@6s sieg-hot=71.3F@21s sieg-cold=65.7F@44s sieg-flow=0.00gpm@44s sieg-send-flow*=4.09gpm@4s primary-flow*=4.09gpm@4s hp-odu-pwr=54W@53s hp-idu-pwr=-2W@53s buffer-hot-pipe=95.5F@293s buffer-cold-pipe=92.9F@16s store-hot-pipe=68.8F@2s dist-swt=79.3F@59s dist-rwt=74.8F@60s | lift=0.4F pwr=52W
2026-09-28 20:10:53.446 [UnknownChannels] no value: required-energy | stale: usable-energy
2026-09-28 20:10:58.206 [lc] Top state: Dormant
2026-09-28 20:10:58.207 [lc] LocalControl: AllTanks  |  State: Dormant
2026-09-28 20:11:08.448 [UnknownChannels] no value: required-energy | stale: usable-energy
2026-09-28 20:11:20.163 [sieg-loop] admin.sieg-loop sending OpenRelay to HpLoopOnOff relay admin.sieg-loop.hp-loop-on-off-relay
2026-09-28 20:11:20.164 [sieg-loop] ResetToFullySend: KeepingLess -> FullySend
2026-09-28 20:11:20.166 [sieg-loop] sieg-view FullySend keep=0.0s hp-lwt=63.9F@11s hp-ewt=64.2F@5s sieg-hot=71.0F@2s sieg-cold=65.7F@70s sieg-flow=0.00gpm@70s sieg-send-flow*=4.11gpm@18s primary-flow*=4.11gpm@18s hp-odu-pwr=54W@80s hp-idu-pwr=-2W@80s buffer-hot-pipe=95.1F@21s buffer-cold-pipe=92.9F@43s store-hot-pipe=67.6F@6s dist-swt=79.3F@86s dist-rwt=74.8F@87s | lift=0.0F pwr=52W
2026-09-28 20:11:20.167 [sieg-loop] Motor stopped after 104.0 s: keep_seconds 0
2026-09-28 20:11:23.308 [sieg-loop] sieg-view FullySend keep=0.0s hp-lwt=63.8F@1s hp-ewt=64.1F@1s sieg-hot=71.0F@6s sieg-cold=65.7F@74s sieg-flow=0.00gpm@74s sieg-send-flow*=4.11gpm@21s primary-flow*=4.11gpm@21s hp-odu-pwr=54W@83s hp-idu-pwr=-2W@83s buffer-hot-pipe=95.1F@24s buffer-cold-pipe=92.9F@46s store-hot-pipe=67.6F@9s dist-swt=79.3F@89s dist-rwt=74.8F@90s | lift=0.0F pwr=52W
2026-09-28 20:11:23.451 [UnknownChannels] no value: required-energy | stale: usable-energy
2026-09-28 20:11:25.076 [scada] AdminDispatch ChargeStore to admin.charge-discharge-relay
2026-09-28 20:11:27.093 [scada] AdminDispatch MoveToFullKeep to admin.sieg-loop
2026-09-28 20:11:27.096 [sieg-loop] MoveToFullKeep from admin: the loop is held until the tree changes hands
2026-09-28 20:11:27.097 [sieg-loop] Full run to keep
2026-09-28 20:11:27.099 [sieg-loop] admin.sieg-loop sending SendLessto HpLoopKeepSend relay admin.sieg-loop.hp-loop-keep-send-relay
2026-09-28 20:11:27.100 [sieg-loop] admin.sieg-loop sending CloseRelay to HpLoopOnOff relay admin.sieg-loop.hp-loop-on-off-relay
2026-09-28 20:11:27.101 [sieg-loop] StartKeepingMore: FullySend -> KeepingMore
2026-09-28 20:11:27.103 [sieg-loop] sieg-view KeepingMore keep=0.0s hp-lwt=63.8F@5s hp-ewt=64.1F@5s sieg-hot=71.0F@9s sieg-cold=65.7F@77s sieg-flow=0.00gpm@77s sieg-send-flow*=4.10gpm@10s primary-flow*=4.10gpm@10s hp-odu-pwr=54W@87s hp-idu-pwr=-2W@87s buffer-hot-pipe=95.1F@28s buffer-cold-pipe=92.9F@50s store-hot-pipe=67.6F@13s dist-swt=79.3F@93s dist-rwt=74.8F@94s | lift=0.0F pwr=52W
2026-09-28 20:11:27.104 [sieg-loop] Motor toward keep for 104 s from keep_seconds 0
2026-09-28 20:11:38.453 [UnknownChannels] no value: required-energy | stale: usable-energy
2026-09-28 20:11:53.311 [sieg-loop] sieg-view KeepingMore keep=0.0s hp-lwt=63.8F@31s hp-ewt=64.3F@2s sieg-hot=71.0F@36s sieg-cold=65.7F@104s sieg-flow=0.00gpm@104s sieg-send-flow*=4.05gpm@7s primary-flow*=4.05gpm@7s hp-odu-pwr=54W@113s hp-idu-pwr=-2W@113s buffer-hot-pipe=95.1F@54s buffer-cold-pipe=92.9F@76s store-hot-pipe=67.3F@22s dist-swt=79.3F@119s dist-rwt=74.8F@120s | lift=0.0F pwr=52W
2026-09-28 20:11:53.457 [UnknownChannels] no value: required-energy | stale: usable-energy
2026-09-28 20:11:58.208 [lc] Top state: Dormant
2026-09-28 20:11:58.208 [lc] LocalControl: AllTanks  |  State: Dormant
2026-09-28 20:12:08.459 [UnknownChannels] no value: required-energy | stale: transactive-power,usable-energy,zone1-living-rm-heat-call,zone2-bedroom-heat-call
2026-09-28 20:12:18.049 [scada] Admin timeout renewed: 300 seconds
2026-09-28 20:12:23.313 [sieg-loop] sieg-view KeepingMore keep=0.0s hp-lwt=64.9F@0s hp-ewt=64.9F@0s sieg-hot=68.5F@2s sieg-cold=65.7F@134s sieg-flow=3.85gpm@1s sieg-send-flow*=0.76gpm@5s primary-flow*=4.61gpm@1s hp-odu-pwr=54W@143s hp-idu-pwr=-2W@143s buffer-hot-pipe=95.1F@84s buffer-cold-pipe=92.9F@106s store-hot-pipe=67.3F@52s dist-swt=79.3F@149s dist-rwt=74.8F@150s | lift=0.0F pwr=52W
2026-09-28 20:12:23.460 [UnknownChannels] no value: required-energy | stale: transactive-power,usable-energy,zone1-living-rm-heat-call,zone2-bedroom-heat-call
2026-09-28 20:12:38.462 [UnknownChannels] no value: required-energy | stale: transactive-power,usable-energy,zone1-living-rm-heat-call,zone2-bedroom-heat-call
2026-09-28 20:12:53.317 [sieg-loop] sieg-view KeepingMore keep=0.0s hp-lwt=64.9F@4s hp-ewt=65.2F@0s sieg-hot=67.4F@4s sieg-cold=65.7F@164s sieg-flow=5.00gpm@2s sieg-send-flow*=0.00gpm@26s primary-flow*=5.00gpm@2s hp-odu-pwr=54W@173s hp-idu-pwr=-2W@173s buffer-hot-pipe=95.1F@114s buffer-cold-pipe=92.0F@24s store-hot-pipe=67.3F@82s dist-swt=79.3F@179s dist-rwt=74.8F@180s | lift=0.0F pwr=52W
2026-09-28 20:12:53.465 [UnknownChannels] no value: required-energy | stale: transactive-power,usable-energy,zone1-living-rm-heat-call,zone2-bedroom-heat-call
2026-09-28 20:12:58.210 [lc] Top state: Dormant
2026-09-28 20:12:58.211 [lc] LocalControl: AllTanks  |  State: Dormant
2026-09-28 20:13:08.469 [UnknownChannels] no value: required-energy | stale: transactive-power,usable-energy,zone1-living-rm-heat-call,zone2-bedroom-heat-call
2026-09-28 20:13:11.135 [sieg-loop] admin.sieg-loop sending OpenRelay to HpLoopOnOff relay admin.sieg-loop.hp-loop-on-off-relay
2026-09-28 20:13:11.136 [sieg-loop] ResetToFullyKeep: KeepingMore -> FullyKeep
2026-09-28 20:13:11.137 [sieg-loop] sieg-view FullyKeep keep=94.0s hp-lwt=64.9F@7s hp-ewt=65.4F@10s sieg-hot=67.4F@21s sieg-cold=65.7F@181s sieg-flow=5.02gpm@6s sieg-send-flow*=0.00gpm@44s primary-flow*=5.02gpm@6s hp-odu-pwr=54W@191s hp-idu-pwr=-2W@191s buffer-hot-pipe=95.1F@132s buffer-cold-pipe=92.0F@41s store-hot-pipe=67.3F@100s dist-swt=79.3F@197s dist-rwt=74.8F@198s | lift=0.0F pwr=52W
2026-09-28 20:13:11.137 [sieg-loop] Motor stopped after 104.0 s: keep_seconds 94
2026-09-28 20:13:16.085 [scada] AdminDispatch MoveToFullSend to admin.sieg-loop
2026-09-28 20:13:16.088 [sieg-loop] MoveToFullSend from admin: the loop is held until the tree changes hands
2026-09-28 20:13:16.089 [sieg-loop] Full run to send
2026-09-28 20:13:16.091 [sieg-loop] admin.sieg-loop sending SendMore to HpLoopKeepSend relay admin.sieg-loop.hp-loop-keep-send-relay
2026-09-28 20:13:16.093 [sieg-loop] admin.sieg-loop sending CloseRelay to HpLoopOnOff relay admin.sieg-loop.hp-loop-on-off-relay
2026-09-28 20:13:16.093 [sieg-loop] StartKeepingLess: FullyKeep -> KeepingLess
2026-09-28 20:13:16.095 [sieg-loop] sieg-view KeepingLess keep=94.0s hp-lwt=64.9F@12s hp-ewt=65.4F@15s sieg-hot=67.0F@0s sieg-cold=65.7F@186s sieg-flow=5.02gpm@11s sieg-send-flow*=0.00gpm@49s primary-flow*=5.02gpm@11s hp-odu-pwr=54W@196s hp-idu-pwr=-2W@196s buffer-hot-pipe=95.1F@137s buffer-cold-pipe=92.0F@46s store-hot-pipe=67.3F@105s dist-swt=79.3F@202s dist-rwt=74.8F@203s | lift=0.0F pwr=52W
2026-09-28 20:13:16.096 [sieg-loop] Motor toward send for 104 s from keep_seconds 94
2026-09-28 20:13:23.319 [sieg-loop] sieg-view KeepingLess keep=94.0s hp-lwt=65.0F@1s hp-ewt=65.4F@22s sieg-hot=67.0F@8s sieg-cold=65.7F@194s sieg-flow=5.02gpm@19s sieg-send-flow*=0.00gpm@56s primary-flow*=5.02gpm@19s hp-odu-pwr=54W@203s hp-idu-pwr=-2W@203s buffer-hot-pipe=95.1F@144s buffer-cold-pipe=92.0F@54s store-hot-pipe=67.3F@112s dist-swt=79.3F@209s dist-rwt=74.8F@210s | lift=0.0F pwr=52W
2026-09-28 20:13:23.470 [UnknownChannels] no value: required-energy | stale: transactive-power,usable-energy,zone1-living-rm-heat-call,zone2-bedroom-heat-call
2026-09-28 20:13:38.472 [UnknownChannels] no value: required-energy | stale: transactive-power,usable-energy,zone1-living-rm-heat-call,zone2-bedroom-heat-call
2026-09-28 20:13:53.321 [sieg-loop] sieg-view KeepingLess keep=94.0s hp-lwt=65.0F@19s hp-ewt=65.4F@52s sieg-hot=67.0F@38s sieg-cold=66.1F@26s sieg-flow=4.28gpm@1s sieg-send-flow*=0.00gpm@86s primary-flow*=4.28gpm@1s hp-odu-pwr=54W@233s hp-idu-pwr=-2W@233s buffer-hot-pipe=95.1F@174s buffer-cold-pipe=92.0F@84s store-hot-pipe=67.3F@142s dist-swt=79.3F@239s dist-rwt=74.8F@240s | lift=0.0F pwr=52W
2026-09-28 20:13:53.331 [scada] AdminDispatch StopValve to admin.sieg-loop
2026-09-28 20:13:53.334 [sieg-loop] StopValve from admin: the loop is held until the tree changes hands
2026-09-28 20:13:53.334 [sieg-loop] Stopping the motor
2026-09-28 20:13:53.336 [sieg-loop] admin.sieg-loop sending OpenRelay to HpLoopOnOff relay admin.sieg-loop.hp-loop-on-off-relay
2026-09-28 20:13:53.337 [sieg-loop] StopKeepingLess: KeepingLess -> SteadyBlend
2026-09-28 20:13:53.339 [sieg-loop] sieg-view SteadyBlend keep=56.8s hp-lwt=65.0F@19s hp-ewt=65.4F@52s sieg-hot=67.0F@38s sieg-cold=66.1F@26s sieg-flow=4.28gpm@1s sieg-send-flow*=0.00gpm@86s primary-flow*=4.28gpm@1s hp-odu-pwr=54W@233s hp-idu-pwr=-2W@233s buffer-hot-pipe=95.1F@174s buffer-cold-pipe=92.0F@84s store-hot-pipe=67.3F@142s dist-swt=79.3F@239s dist-rwt=74.8F@240s | lift=0.0F pwr=52W
2026-09-28 20:13:53.340 [sieg-loop] Motor stopped after 37.2 s: keep_seconds 56.8
2026-09-28 20:13:53.473 [UnknownChannels] no value: required-energy | stale: transactive-power,usable-energy,zone1-living-rm-heat-call,zone2-bedroom-heat-call
2026-09-28 20:13:58.213 [lc] Top state: Dormant
2026-09-28 20:13:58.214 [lc] LocalControl: AllTanks  |  State: Dormant
2026-09-28 20:14:08.476 [UnknownChannels] no value: required-energy | stale: transactive-power,usable-energy,zone1-living-rm-heat-call,zone2-bedroom-heat-call
2026-09-28 20:14:18.056 [scada] Admin timeout renewed: 300 seconds
2026-09-28 20:14:23.322 [sieg-loop] sieg-view SteadyBlend keep=56.8s hp-lwt=65.0F@2s hp-ewt=65.2F@8s sieg-hot=67.0F@68s sieg-cold=65.7F@27s sieg-flow=4.23gpm@30s sieg-send-flow*=0.00gpm@11s primary-flow*=4.23gpm@11s hp-odu-pwr=54W@263s hp-idu-pwr=-2W@263s buffer-hot-pipe=95.1F@204s buffer-cold-pipe=92.0F@114s store-hot-pipe=67.8F@2s dist-swt=79.3F@269s dist-rwt=74.8F@270s | lift=0.0F pwr=52W
2026-09-28 20:14:23.478 [UnknownChannels] no value: required-energy | stale: transactive-power,usable-energy,zone1-living-rm-heat-call,zone2-bedroom-heat-call
2026-09-28 20:14:38.480 [UnknownChannels] no value: required-energy | stale: transactive-power,usable-energy,zone1-living-rm-heat-call,zone2-bedroom-heat-call
2026-09-28 20:14:53.326 [sieg-loop] sieg-view SteadyBlend keep=56.8s hp-lwt=64.9F@7s hp-ewt=65.2F@2s sieg-hot=67.0F@98s sieg-cold=66.0F@7s sieg-flow=4.18gpm@26s sieg-send-flow*=0.00gpm@19s primary-flow*=4.18gpm@19s hp-odu-pwr=54W@293s hp-idu-pwr=-2W@293s buffer-hot-pipe=95.1F@234s buffer-cold-pipe=92.0F@144s store-hot-pipe=67.8F@32s dist-swt=79.3F@299s dist-rwt=74.6F@0s | lift=0.0F pwr=52W
2026-09-28 20:14:53.483 [UnknownChannels] no value: required-energy | stale: transactive-power,usable-energy,zone1-living-rm-heat-call,zone2-bedroom-heat-call
2026-09-28 20:14:58.215 [lc] Top state: Dormant
2026-09-28 20:14:58.215 [lc] LocalControl: AllTanks  |  State: Dormant
2026-09-28 20:14:58.801 Top state: Admin
2026-09-28 20:14:58.802 Auto state: Dormant
2026-09-28 20:15:00.281 [derived-generator] [HeatCall periodic] zone1-living-rm-heat-call now=1790640900.3 next=1790640900 period=300
2026-09-28 20:15:00.281 [derived-generator] [HeatCall periodic] zone2-bedroom-heat-call now=1790640900.3 next=1790640900 period=300
2026-09-28 20:15:08.486 [UnknownChannels] no value: required-energy | stale: usable-energy
2026-09-28 20:15:23.329 [sieg-loop] sieg-view SteadyBlend keep=56.8s hp-lwt=65.0F@1s hp-ewt=65.3F@5s sieg-hot=66.7F@14s sieg-cold=66.1F@14s sieg-flow=4.19gpm@14s sieg-send-flow*=0.00gpm@15s primary-flow*=4.19gpm@15s hp-odu-pwr=56W@23s hp-idu-pwr=2W@23s buffer-hot-pipe=95.1F@264s buffer-cold-pipe=92.0F@174s store-hot-pipe=68.1F@8s dist-swt=79.3F@29s dist-rwt=74.6F@30s | lift=0.0F pwr=58W
2026-09-28 20:15:23.487 [UnknownChannels] no value: required-energy | stale: usable-energy
2026-09-28 20:15:38.496 [UnknownChannels] no value: required-energy | stale: usable-energy
2026-09-28 20:15:53.332 [sieg-loop] sieg-view SteadyBlend keep=56.8s hp-lwt=64.8F@28s hp-ewt=65.2F@16s sieg-hot=66.7F@44s sieg-cold=66.1F@44s sieg-flow=4.21gpm@3s sieg-send-flow*=0.00gpm@12s primary-flow*=4.21gpm@12s hp-odu-pwr=56W@53s hp-idu-pwr=2W@53s buffer-hot-pipe=94.2F@16s buffer-cold-pipe=92.0F@204s store-hot-pipe=68.1F@38s dist-swt=79.3F@59s dist-rwt=74.6F@60s | lift=0.0F pwr=58W
2026-09-28 20:15:53.499 [UnknownChannels] no value: required-energy | stale: usable-energy
2026-09-28 20:15:58.216 [lc] Top state: Dormant
2026-09-28 20:15:58.217 [lc] LocalControl: AllTanks  |  State: Dormant
2026-09-28 20:16:08.501 [UnknownChannels] no value: required-energy | stale: usable-energy
2026-09-28 20:16:18.050 [scada] Admin timeout renewed: 300 seconds
2026-09-28 20:16:23.086 [scada] AdminDispatch MoveToFullSend to admin.sieg-loop
2026-09-28 20:16:23.089 [sieg-loop] MoveToFullSend from admin: the loop is held until the tree changes hands
2026-09-28 20:16:23.090 [sieg-loop] Full run to send
2026-09-28 20:16:23.092 [sieg-loop] admin.sieg-loop sending SendMore to HpLoopKeepSend relay admin.sieg-loop.hp-loop-keep-send-relay
2026-09-28 20:16:23.094 [sieg-loop] admin.sieg-loop sending CloseRelay to HpLoopOnOff relay admin.sieg-loop.hp-loop-on-off-relay
2026-09-28 20:16:23.094 [sieg-loop] StartKeepingLess: SteadyBlend -> KeepingLess
2026-09-28 20:16:23.097 [sieg-loop] sieg-view KeepingLess keep=56.8s hp-lwt=64.8F@58s hp-ewt=65.2F@22s sieg-hot=66.7F@73s sieg-cold=66.1F@73s sieg-flow=4.21gpm@32s sieg-send-flow*=0.00gpm@21s primary-flow*=4.21gpm@21s hp-odu-pwr=56W@83s hp-idu-pwr=2W@83s buffer-hot-pipe=94.2F@45s buffer-cold-pipe=92.0F@233s store-hot-pipe=68.1F@68s dist-swt=79.3F@89s dist-rwt=74.6F@90s | lift=0.0F pwr=58W
2026-09-28 20:16:23.098 [sieg-loop] Motor toward send for 104 s from keep_seconds 56.8
2026-09-28 20:16:23.336 [sieg-loop] sieg-view KeepingLess keep=56.8s hp-lwt=64.8F@58s hp-ewt=65.2F@23s sieg-hot=66.7F@74s sieg-cold=66.1F@74s sieg-flow=4.21gpm@33s sieg-send-flow*=0.00gpm@21s primary-flow*=4.21gpm@21s hp-odu-pwr=56W@83s hp-idu-pwr=2W@83s buffer-hot-pipe=94.2F@46s buffer-cold-pipe=92.0F@234s store-hot-pipe=68.1F@68s dist-swt=79.3F@89s dist-rwt=74.6F@90s | lift=0.0F pwr=58W
2026-09-28 20:16:23.503 [UnknownChannels] no value: required-energy | stale: usable-energy
2026-09-28 20:16:38.506 [UnknownChannels] no value: required-energy | stale: usable-energy
2026-09-28 20:16:53.338 [sieg-loop] sieg-view KeepingLess keep=56.8s hp-lwt=64.8F@1s hp-ewt=65.2F@1s sieg-hot=66.7F@104s sieg-cold=66.1F@104s sieg-flow=0.94gpm@1s sieg-send-flow*=2.05gpm@7s primary-flow*=2.99gpm@1s hp-odu-pwr=56W@113s hp-idu-pwr=2W@113s buffer-hot-pipe=94.2F@76s buffer-cold-pipe=92.0F@264s store-hot-pipe=68.1F@98s dist-swt=79.3F@119s dist-rwt=74.6F@120s | lift=0.0F pwr=58W
2026-09-28 20:16:53.508 [UnknownChannels] no value: required-energy | stale: usable-energy
2026-09-28 20:16:58.218 [lc] Top state: Dormant
2026-09-28 20:16:58.218 [lc] LocalControl: AllTanks  |  State: Dormant
2026-09-28 20:17:08.510 [UnknownChannels] no value: required-energy | stale: transactive-power,usable-energy,zone1-living-rm-heat-call,zone2-bedroom-heat-call
2026-09-28 20:17:23.341 [sieg-loop] sieg-view KeepingLess keep=56.8s hp-lwt=64.8F@19s hp-ewt=64.9F@1s sieg-hot=66.7F@134s sieg-cold=66.1F@134s sieg-flow=0.00gpm@26s sieg-send-flow*=4.10gpm@9s primary-flow*=4.10gpm@9s hp-odu-pwr=56W@143s hp-idu-pwr=2W@143s buffer-hot-pipe=94.2F@106s buffer-cold-pipe=92.0F@294s store-hot-pipe=68.1F@128s dist-swt=79.3F@149s dist-rwt=74.6F@150s | lift=0.0F pwr=58W
2026-09-28 20:17:23.512 [UnknownChannels] no value: required-energy | stale: transactive-power,usable-energy,zone1-living-rm-heat-call,zone2-bedroom-heat-call
2026-09-28 20:17:38.514 [UnknownChannels] no value: required-energy | stale: transactive-power,usable-energy,zone1-living-rm-heat-call,zone2-bedroom-heat-call
2026-09-28 20:17:53.344 [sieg-loop] sieg-view KeepingLess keep=56.8s hp-lwt=64.6F@0s hp-ewt=65.0F@15s sieg-hot=66.7F@164s sieg-cold=66.1F@164s sieg-flow=0.00gpm@56s sieg-send-flow*=4.11gpm@1s primary-flow*=4.11gpm@1s hp-odu-pwr=56W@173s hp-idu-pwr=2W@173s buffer-hot-pipe=94.2F@136s buffer-cold-pipe=92.1F@24s store-hot-pipe=67.8F@4s dist-swt=79.3F@179s dist-rwt=74.6F@180s | lift=0.0F pwr=58W
2026-09-28 20:17:53.516 [UnknownChannels] no value: required-energy | stale: transactive-power,usable-energy,zone1-living-rm-heat-call,zone2-bedroom-heat-call
2026-09-28 20:17:58.220 [lc] Top state: Dormant
2026-09-28 20:17:58.221 [lc] LocalControl: AllTanks  |  State: Dormant
2026-09-28 20:18:07.131 [sieg-loop] admin.sieg-loop sending OpenRelay to HpLoopOnOff relay admin.sieg-loop.hp-loop-on-off-relay
2026-09-28 20:18:07.132 [sieg-loop] ResetToFullySend: KeepingLess -> FullySend
2026-09-28 20:18:07.134 [sieg-loop] sieg-view FullySend keep=0.0s hp-lwt=64.6F@3s hp-ewt=65.2F@2s sieg-hot=66.7F@177s sieg-cold=66.1F@177s sieg-flow=0.00gpm@69s sieg-send-flow*=4.12gpm@6s primary-flow*=4.12gpm@6s hp-odu-pwr=56W@187s hp-idu-pwr=2W@187s buffer-hot-pipe=94.2F@150s buffer-cold-pipe=92.1F@38s store-hot-pipe=67.8F@18s dist-swt=79.3F@193s dist-rwt=74.6F@194s | lift=0.0F pwr=58W
2026-09-28 20:18:07.135 [sieg-loop] Motor stopped after 104.0 s: keep_seconds 0
2026-09-28 20:18:08.525 [UnknownChannels] no value: required-energy | stale: transactive-power,usable-energy,zone1-living-rm-heat-call,zone2-bedroom-heat-call
2026-09-28 20:18:12.087 [scada] AdminDispatch DischargeStore to admin.charge-discharge-relay
2026-09-28 20:18:14.086 [scada] AdminDispatch MoveToFullKeep to admin.sieg-loop
2026-09-28 20:18:14.088 [sieg-loop] MoveToFullKeep from admin: the loop is held until the tree changes hands
2026-09-28 20:18:14.089 [sieg-loop] Full run to keep
2026-09-28 20:18:14.091 [sieg-loop] admin.sieg-loop sending SendLessto HpLoopKeepSend relay admin.sieg-loop.hp-loop-keep-send-relay
2026-09-28 20:18:14.092 [sieg-loop] admin.sieg-loop sending CloseRelay to HpLoopOnOff relay admin.sieg-loop.hp-loop-on-off-relay
2026-09-28 20:18:14.092 [sieg-loop] StartKeepingMore: FullySend -> KeepingMore
2026-09-28 20:18:14.093 [sieg-loop] sieg-view KeepingMore keep=0.0s hp-lwt=64.6F@10s hp-ewt=65.2F@9s sieg-hot=66.7F@184s sieg-cold=66.1F@184s sieg-flow=0.00gpm@76s sieg-send-flow*=4.12gpm@13s primary-flow*=4.12gpm@13s hp-odu-pwr=56W@194s hp-idu-pwr=2W@194s buffer-hot-pipe=94.2F@156s buffer-cold-pipe=92.1F@45s store-hot-pipe=67.8F@25s dist-swt=79.3F@200s dist-rwt=74.6F@201s | lift=0.0F pwr=58W
2026-09-28 20:18:14.094 [sieg-loop] Motor toward keep for 104 s from keep_seconds 0
2026-09-28 20:18:18.062 [scada] Admin timeout renewed: 300 seconds
2026-09-28 20:18:23.348 [sieg-loop] sieg-view KeepingMore keep=0.0s hp-lwt=64.7F@4s hp-ewt=65.4F@7s sieg-hot=66.7F@194s sieg-cold=66.5F@7s sieg-flow=0.00gpm@86s sieg-send-flow*=4.13gpm@10s primary-flow*=4.13gpm@10s hp-odu-pwr=56W@203s hp-idu-pwr=2W@203s buffer-hot-pipe=94.2F@166s buffer-cold-pipe=92.1F@54s store-hot-pipe=67.8F@34s dist-swt=79.3F@209s dist-rwt=74.6F@210s | lift=0.0F pwr=58W
2026-09-28 20:18:23.528 [UnknownChannels] no value: required-energy | stale: transactive-power,usable-energy,zone1-living-rm-heat-call,zone2-bedroom-heat-call
2026-09-28 20:18:38.530 [UnknownChannels] no value: required-energy | stale: transactive-power,usable-energy,zone1-living-rm-heat-call,zone2-bedroom-heat-call
2026-09-28 20:18:41.094 [scada] AdminDispatch StopValve to admin.sieg-loop
2026-09-28 20:18:41.095 [sieg-loop] StopValve from admin: the loop is held until the tree changes hands
2026-09-28 20:18:41.096 [sieg-loop] Stopping the motor
2026-09-28 20:18:41.097 [sieg-loop] admin.sieg-loop sending OpenRelay to HpLoopOnOff relay admin.sieg-loop.hp-loop-on-off-relay
2026-09-28 20:18:41.097 [sieg-loop] StopKeepingMore: KeepingMore -> SteadyBlend
2026-09-28 20:18:41.098 [sieg-loop] sieg-view SteadyBlend keep=27.0s hp-lwt=64.8F@3s hp-ewt=76.6F@0s sieg-hot=66.7F@211s sieg-cold=74.1F@0s sieg-flow=0.00gpm@103s sieg-send-flow*=4.10gpm@5s primary-flow*=4.10gpm@5s hp-odu-pwr=56W@221s hp-idu-pwr=2W@221s buffer-hot-pipe=80.9F@0s buffer-cold-pipe=94.0F@3s store-hot-pipe=67.8F@52s dist-swt=79.3F@227s dist-rwt=74.6F@228s | lift=0.0F pwr=58W
2026-09-28 20:18:41.098 [sieg-loop] Motor stopped after 27.0 s: keep_seconds 27.0
2026-09-28 20:18:53.354 [sieg-loop] sieg-view SteadyBlend keep=27.0s hp-lwt=68.0F@0s hp-ewt=88.2F@0s sieg-hot=66.7F@224s sieg-cold=82.1F@1s sieg-flow=0.00gpm@116s sieg-send-flow*=3.69gpm@6s primary-flow*=3.69gpm@6s hp-odu-pwr=56W@233s hp-idu-pwr=2W@233s buffer-hot-pipe=74.2F@2s buffer-cold-pipe=94.9F@7s store-hot-pipe=67.8F@64s dist-swt=79.3F@239s dist-rwt=74.6F@240s | lift=0.0F pwr=58W
2026-09-28 20:18:53.533 [UnknownChannels] no value: required-energy | stale: transactive-power,usable-energy,zone1-living-rm-heat-call,zone2-bedroom-heat-call
2026-09-28 20:18:58.223 [lc] Top state: Dormant
2026-09-28 20:18:58.224 [lc] LocalControl: AllTanks  |  State: Dormant
2026-09-28 20:19:08.536 [UnknownChannels] no value: required-energy | stale: transactive-power,usable-energy,zone1-living-rm-heat-call,zone2-bedroom-heat-call
2026-09-28 20:19:23.357 [sieg-loop] sieg-view SteadyBlend keep=27.0s hp-lwt=86.5F@0s hp-ewt=92.2F@3s sieg-hot=66.3F@15s sieg-cold=87.2F@4s sieg-flow=0.00gpm@146s sieg-send-flow*=3.74gpm@5s primary-flow*=3.74gpm@5s hp-odu-pwr=56W@263s hp-idu-pwr=2W@263s buffer-hot-pipe=73.3F@2s buffer-cold-pipe=95.8F@20s store-hot-pipe=67.8F@94s dist-swt=79.3F@269s dist-rwt=74.6F@270s | lift=0.0F pwr=58W
2026-09-28 20:19:23.539 [UnknownChannels] no value: required-energy | stale: transactive-power,usable-energy,zone1-living-rm-heat-call,zone2-bedroom-heat-call
2026-09-28 20:19:38.540 [UnknownChannels] no value: required-energy | stale: transactive-power,usable-energy,zone1-living-rm-heat-call,zone2-bedroom-heat-call
2026-09-28 20:19:53.360 [sieg-loop] sieg-view SteadyBlend keep=27.0s hp-lwt=90.1F@4s hp-ewt=92.4F@2s sieg-hot=67.2F@2s sieg-cold=87.6F@8s sieg-flow=0.00gpm@176s sieg-send-flow*=3.74gpm@22s primary-flow*=3.74gpm@22s hp-odu-pwr=56W@293s hp-idu-pwr=2W@293s buffer-hot-pipe=85.7F@0s buffer-cold-pipe=95.8F@50s store-hot-pipe=67.8F@124s dist-swt=79.3F@299s dist-rwt=74.5F@0s | lift=0.0F pwr=58W
2026-09-28 20:19:53.542 [UnknownChannels] no value: required-energy | stale: transactive-power,usable-energy,zone1-living-rm-heat-call,zone2-bedroom-heat-call
2026-09-28 20:19:58.225 [lc] Top state: Dormant
2026-09-28 20:19:58.226 [lc] LocalControl: AllTanks  |  State: Dormant
2026-09-28 20:19:58.801 Top state: Admin
2026-09-28 20:19:58.802 Auto state: Dormant
2026-09-28 20:20:00.338 [derived-generator] [HeatCall periodic] zone1-living-rm-heat-call now=1790641200.3 next=1790641200 period=300
2026-09-28 20:20:00.338 [derived-generator] [HeatCall periodic] zone2-bedroom-heat-call now=1790641200.3 next=1790641200 period=300
2026-09-28 20:20:08.545 [UnknownChannels] no value: required-energy | stale: usable-energy
2026-09-28 20:20:18.056 [scada] Admin timeout renewed: 300 seconds
2026-09-28 20:20:23.363 [sieg-loop] sieg-view SteadyBlend keep=27.0s hp-lwt=91.3F@1s hp-ewt=94.1F@0s sieg-hot=74.0F@2s sieg-cold=87.4F@14s sieg-flow=0.00gpm@14s sieg-send-flow*=3.73gpm@19s primary-flow*=3.73gpm@19s hp-odu-pwr=56W@23s hp-idu-pwr=2W@23s buffer-hot-pipe=89.4F@3s buffer-cold-pipe=95.8F@80s store-hot-pipe=67.7F@8s dist-swt=79.1F@29s dist-rwt=74.5F@30s | lift=0.0F pwr=58W
2026-09-28 20:20:23.546 [UnknownChannels] no value: required-energy | stale: usable-energy
2026-09-28 20:20:38.548 [UnknownChannels] no value: required-energy | stale: usable-energy
2026-09-28 20:20:53.367 [sieg-loop] sieg-view SteadyBlend keep=27.0s hp-lwt=93.0F@3s hp-ewt=95.1F@2s sieg-hot=80.1F@2s sieg-cold=88.6F@9s sieg-flow=0.00gpm@2s sieg-send-flow*=3.75gpm@5s primary-flow*=3.75gpm@2s hp-odu-pwr=56W@53s hp-idu-pwr=2W@53s buffer-hot-pipe=90.3F@17s buffer-cold-pipe=95.8F@110s store-hot-pipe=67.7F@38s dist-swt=79.1F@59s dist-rwt=74.5F@60s | lift=0.0F pwr=58W
2026-09-28 20:20:53.550 [UnknownChannels] no value: required-energy | stale: usable-energy
2026-09-28 20:20:58.227 [lc] Top state: Dormant
2026-09-28 20:20:58.227 [lc] LocalControl: AllTanks  |  State: Dormant
2026-09-28 20:21:08.553 [UnknownChannels] no value: required-energy | stale: usable-energy
2026-09-28 20:21:11.094 [scada] AdminDispatch MoveToFullSend to admin.sieg-loop
2026-09-28 20:21:11.100 [sieg-loop] MoveToFullSend from admin: the loop is held until the tree changes hands
2026-09-28 20:21:11.101 [sieg-loop] Full run to send
2026-09-28 20:21:11.102 [sieg-loop] admin.sieg-loop sending SendMore to HpLoopKeepSend relay admin.sieg-loop.hp-loop-keep-send-relay
2026-09-28 20:21:11.103 [sieg-loop] admin.sieg-loop sending CloseRelay to HpLoopOnOff relay admin.sieg-loop.hp-loop-on-off-relay
2026-09-28 20:21:11.103 [sieg-loop] StartKeepingLess: SteadyBlend -> KeepingLess
2026-09-28 20:21:11.104 [sieg-loop] sieg-view KeepingLess keep=27.0s hp-lwt=93.7F@1s hp-ewt=95.4F@0s sieg-hot=82.3F@2s sieg-cold=87.8F@12s sieg-flow=0.00gpm@19s sieg-send-flow*=3.77gpm@1s primary-flow*=3.77gpm@1s hp-odu-pwr=56W@71s hp-idu-pwr=2W@71s buffer-hot-pipe=92.2F@1s buffer-cold-pipe=95.8F@128s store-hot-pipe=67.7F@56s dist-swt=79.1F@77s dist-rwt=74.5F@78s | lift=0.0F pwr=58W
2026-09-28 20:21:11.104 [sieg-loop] Motor toward send for 104 s from keep_seconds 27.0
2026-09-28 20:21:23.369 [sieg-loop] sieg-view KeepingLess keep=27.0s hp-lwt=94.0F@3s hp-ewt=95.5F@2s sieg-hot=83.2F@5s sieg-cold=87.8F@25s sieg-flow=0.00gpm@32s sieg-send-flow*=4.28gpm@3s primary-flow*=4.28gpm@3s hp-odu-pwr=56W@83s hp-idu-pwr=2W@83s buffer-hot-pipe=92.2F@13s buffer-cold-pipe=95.8F@140s store-hot-pipe=67.7F@68s dist-swt=79.1F@89s dist-rwt=74.5F@90s | lift=0.0F pwr=58W
2026-09-28 20:21:23.554 [UnknownChannels] no value: required-energy | stale: usable-energy
2026-09-28 20:21:38.557 [UnknownChannels] no value: required-energy | stale: usable-energy
2026-09-28 20:21:53.372 [sieg-loop] sieg-view KeepingLess keep=27.0s hp-lwt=94.5F@5s hp-ewt=95.8F@2s sieg-hot=84.3F@17s sieg-cold=88.6F@4s sieg-flow=0.00gpm@62s sieg-send-flow*=4.38gpm@11s primary-flow*=4.38gpm@11s hp-odu-pwr=56W@113s hp-idu-pwr=2W@113s buffer-hot-pipe=93.1F@21s buffer-cold-pipe=95.8F@170s store-hot-pipe=68.5F@2s dist-swt=79.1F@119s dist-rwt=74.5F@120s | lift=0.0F pwr=58W
2026-09-28 20:21:53.560 [UnknownChannels] no value: required-energy | stale: usable-energy
2026-09-28 20:21:58.228 [lc] Top state: Dormant
2026-09-28 20:21:58.228 [lc] LocalControl: AllTanks  |  State: Dormant
2026-09-28 20:22:08.562 [UnknownChannels] no value: required-energy | stale: transactive-power,usable-energy,zone1-living-rm-heat-call,zone2-bedroom-heat-call
2026-09-28 20:22:18.069 [scada] Admin timeout renewed: 300 seconds
2026-09-28 20:22:23.375 [sieg-loop] sieg-view KeepingLess keep=27.0s hp-lwt=95.0F@2s hp-ewt=95.9F@26s sieg-hot=84.7F@8s sieg-cold=88.2F@15s sieg-flow=0.00gpm@92s sieg-send-flow*=4.36gpm@18s primary-flow*=4.36gpm@18s hp-odu-pwr=56W@143s hp-idu-pwr=2W@143s buffer-hot-pipe=94.0F@17s buffer-cold-pipe=95.8F@200s store-hot-pipe=69.3F@6s dist-swt=79.1F@149s dist-rwt=74.5F@150s | lift=0.0F pwr=58W
2026-09-28 20:22:23.564 [UnknownChannels] no value: required-energy | stale: transactive-power,usable-energy,zone1-living-rm-heat-call,zone2-bedroom-heat-call
2026-09-28 20:22:38.567 [UnknownChannels] no value: required-energy | stale: transactive-power,usable-energy,zone1-living-rm-heat-call,zone2-bedroom-heat-call
2026-09-28 20:22:53.377 [sieg-loop] sieg-view KeepingLess keep=27.0s hp-lwt=95.0F@22s hp-ewt=95.9F@56s sieg-hot=84.7F@38s sieg-cold=88.7F@5s sieg-flow=0.00gpm@122s sieg-send-flow*=4.35gpm@10s primary-flow*=4.35gpm@10s hp-odu-pwr=56W@173s hp-idu-pwr=2W@173s buffer-hot-pipe=94.0F@47s buffer-cold-pipe=95.8F@230s store-hot-pipe=70.5F@6s dist-swt=79.1F@179s dist-rwt=74.5F@180s | lift=0.0F pwr=58W
2026-09-28 20:22:53.569 [UnknownChannels] no value: required-energy | stale: transactive-power,usable-energy,zone1-living-rm-heat-call,zone2-bedroom-heat-call
2026-09-28 20:22:55.116 [sieg-loop] admin.sieg-loop sending OpenRelay to HpLoopOnOff relay admin.sieg-loop.hp-loop-on-off-relay
2026-09-28 20:22:55.117 [sieg-loop] ResetToFullySend: KeepingLess -> FullySend
2026-09-28 20:22:55.117 [sieg-loop] sieg-view FullySend keep=0.0s hp-lwt=95.0F@24s hp-ewt=96.0F@1s sieg-hot=84.7F@39s sieg-cold=88.7F@6s sieg-flow=0.00gpm@123s sieg-send-flow*=4.35gpm@12s primary-flow*=4.35gpm@12s hp-odu-pwr=56W@175s hp-idu-pwr=2W@175s buffer-hot-pipe=94.0F@49s buffer-cold-pipe=95.8F@232s store-hot-pipe=70.5F@8s dist-swt=79.1F@181s dist-rwt=74.5F@182s | lift=0.0F pwr=58W
2026-09-28 20:22:55.118 [sieg-loop] Motor stopped after 104.0 s: keep_seconds 0
2026-09-28 20:22:58.230 [lc] Top state: Dormant
2026-09-28 20:22:58.231 [lc] LocalControl: AllTanks  |  State: Dormant
2026-09-28 20:23:00.107 [scada] AdminDispatch DischargeStore to admin.charge-discharge-relay
2026-09-28 20:23:02.101 [scada] AdminDispatch MoveToFullKeep to admin.sieg-loop
2026-09-28 20:23:02.103 [sieg-loop] MoveToFullKeep from admin: the loop is held until the tree changes hands
2026-09-28 20:23:02.104 [sieg-loop] Full run to keep
2026-09-28 20:23:02.106 [sieg-loop] admin.sieg-loop sending SendLessto HpLoopKeepSend relay admin.sieg-loop.hp-loop-keep-send-relay
2026-09-28 20:23:02.107 [sieg-loop] admin.sieg-loop sending CloseRelay to HpLoopOnOff relay admin.sieg-loop.hp-loop-on-off-relay
2026-09-28 20:23:02.108 [sieg-loop] StartKeepingMore: FullySend -> KeepingMore
2026-09-28 20:23:02.110 [sieg-loop] sieg-view KeepingMore keep=0.0s hp-lwt=95.0F@31s hp-ewt=96.0F@8s sieg-hot=84.7F@46s sieg-cold=88.7F@13s sieg-flow=0.00gpm@130s sieg-send-flow*=4.35gpm@7s primary-flow*=4.35gpm@7s hp-odu-pwr=56W@182s hp-idu-pwr=2W@182s buffer-hot-pipe=94.0F@56s buffer-cold-pipe=95.8F@239s store-hot-pipe=70.9F@2s dist-swt=79.1F@188s dist-rwt=74.5F@189s | lift=0.0F pwr=58W
2026-09-28 20:23:02.111 [sieg-loop] Motor toward keep for 104 s from keep_seconds 0
2026-09-28 20:23:08.571 [UnknownChannels] no value: required-energy | stale: transactive-power,usable-energy,zone1-living-rm-heat-call,zone2-bedroom-heat-call
2026-09-28 20:23:23.380 [sieg-loop] sieg-view KeepingMore keep=0.0s hp-lwt=95.1F@18s hp-ewt=96.0F@29s sieg-hot=84.7F@68s sieg-cold=88.2F@15s sieg-flow=0.00gpm@152s sieg-send-flow*=4.25gpm@4s primary-flow*=4.25gpm@4s hp-odu-pwr=56W@203s hp-idu-pwr=2W@203s buffer-hot-pipe=94.9F@7s buffer-cold-pipe=95.8F@260s store-hot-pipe=71.6F@5s dist-swt=79.1F@209s dist-rwt=74.5F@210s | lift=0.0F pwr=58W
2026-09-28 20:23:23.573 [UnknownChannels] no value: required-energy | stale: transactive-power,usable-energy,zone1-living-rm-heat-call,zone2-bedroom-heat-call
2026-09-28 20:23:38.577 [UnknownChannels] no value: required-energy | stale: transactive-power,usable-energy,zone1-living-rm-heat-call,zone2-bedroom-heat-call
2026-09-28 20:23:53.382 [sieg-loop] sieg-view KeepingMore keep=0.0s hp-lwt=94.8F@1s hp-ewt=95.1F@0s sieg-hot=86.8F@2s sieg-cold=88.2F@7s sieg-flow=3.56gpm@1s sieg-send-flow*=1.67gpm@9s primary-flow*=5.23gpm@1s hp-odu-pwr=56W@233s hp-idu-pwr=2W@233s buffer-hot-pipe=94.9F@37s buffer-cold-pipe=95.8F@290s store-hot-pipe=72.8F@11s dist-swt=79.1F@239s dist-rwt=74.5F@240s | lift=0.0F pwr=58W
2026-09-28 20:23:53.578 [UnknownChannels] no value: required-energy | stale: transactive-power,usable-energy,zone1-living-rm-heat-call,zone2-bedroom-heat-call
2026-09-28 20:23:58.233 [lc] Top state: Dormant
2026-09-28 20:23:58.234 [lc] LocalControl: AllTanks  |  State: Dormant
2026-09-28 20:24:08.581 [UnknownChannels] no value: required-energy | stale: transactive-power,usable-energy,zone1-living-rm-heat-call,zone2-bedroom-heat-call
2026-09-28 20:24:18.068 [scada] Admin timeout renewed: 300 seconds
2026-09-28 20:24:23.386 [sieg-loop] sieg-view KeepingMore keep=0.0s hp-lwt=94.4F@3s hp-ewt=95.0F@10s sieg-hot=87.9F@9s sieg-cold=88.6F@20s sieg-flow=4.95gpm@1s sieg-send-flow*=0.02gpm@21s primary-flow*=4.97gpm@1s hp-odu-pwr=56W@263s hp-idu-pwr=2W@263s buffer-hot-pipe=94.9F@67s buffer-cold-pipe=95.3F@21s store-hot-pipe=73.9F@6s dist-swt=79.1F@269s dist-rwt=74.5F@270s | lift=0.0F pwr=58W
2026-09-28 20:24:23.584 [UnknownChannels] no value: required-energy | stale: transactive-power,usable-energy,zone1-living-rm-heat-call,zone2-bedroom-heat-call
2026-09-28 20:24:38.586 [UnknownChannels] no value: required-energy | stale: transactive-power,usable-energy,zone1-living-rm-heat-call,zone2-bedroom-heat-call
2026-09-28 20:24:46.139 [sieg-loop] admin.sieg-loop sending OpenRelay to HpLoopOnOff relay admin.sieg-loop.hp-loop-on-off-relay
2026-09-28 20:24:46.140 [sieg-loop] ResetToFullyKeep: KeepingMore -> FullyKeep
2026-09-28 20:24:46.142 [sieg-loop] sieg-view FullyKeep keep=94.0s hp-lwt=94.2F@15s hp-ewt=95.0F@13s sieg-hot=88.3F@9s sieg-cold=88.6F@4s sieg-flow=5.12gpm@7s sieg-send-flow*=0.02gpm@44s primary-flow*=5.14gpm@7s hp-odu-pwr=56W@286s hp-idu-pwr=2W@286s buffer-hot-pipe=94.9F@90s buffer-cold-pipe=95.3F@44s store-hot-pipe=74.3F@7s dist-swt=79.1F@292s dist-rwt=74.5F@293s | lift=0.0F pwr=58W
2026-09-28 20:24:46.143 [sieg-loop] Motor stopped after 104.0 s: keep_seconds 94
2026-09-28 20:24:51.240 [scada] AdminDispatch MoveToFullSend to admin.sieg-loop
2026-09-28 20:24:51.241 [sieg-loop] MoveToFullSend from admin: the loop is held until the tree changes hands
2026-09-28 20:24:51.242 [sieg-loop] Full run to send
2026-09-28 20:24:51.243 [sieg-loop] admin.sieg-loop sending SendMore to HpLoopKeepSend relay admin.sieg-loop.hp-loop-keep-send-relay
2026-09-28 20:24:51.243 [sieg-loop] admin.sieg-loop sending CloseRelay to HpLoopOnOff relay admin.sieg-loop.hp-loop-on-off-relay
2026-09-28 20:24:51.244 [sieg-loop] StartKeepingLess: FullyKeep -> KeepingLess
2026-09-28 20:24:51.244 [sieg-loop] sieg-view KeepingLess keep=94.0s hp-lwt=94.2F@21s hp-ewt=95.0F@19s sieg-hot=88.3F@14s sieg-cold=88.6F@9s sieg-flow=5.12gpm@12s sieg-send-flow*=0.02gpm@49s primary-flow*=5.14gpm@12s hp-odu-pwr=56W@291s hp-idu-pwr=2W@291s buffer-hot-pipe=94.9F@95s buffer-cold-pipe=95.3F@49s store-hot-pipe=74.3F@12s dist-swt=79.1F@297s dist-rwt=74.5F@298s | lift=0.0F pwr=58W
2026-09-28 20:24:51.245 [sieg-loop] Motor toward send for 104 s from keep_seconds 94
2026-09-28 20:24:53.390 [sieg-loop] sieg-view KeepingLess keep=94.0s hp-lwt=94.2F@23s hp-ewt=95.0F@21s sieg-hot=88.3F@17s sieg-cold=88.2F@2s sieg-flow=5.12gpm@15s sieg-send-flow*=0.02gpm@51s primary-flow*=5.14gpm@15s hp-odu-pwr=56W@293s hp-idu-pwr=2W@293s buffer-hot-pipe=94.9F@97s buffer-cold-pipe=95.3F@51s store-hot-pipe=74.6F@1s dist-swt=79.1F@299s dist-rwt=74.3F@0s | lift=0.0F pwr=58W
2026-09-28 20:24:53.589 [UnknownChannels] no value: required-energy | stale: transactive-power,usable-energy,zone1-living-rm-heat-call,zone2-bedroom-heat-call
2026-09-28 20:24:58.236 [lc] Top state: Dormant
2026-09-28 20:24:58.236 [lc] LocalControl: AllTanks  |  State: Dormant
2026-09-28 20:24:58.801 Top state: Admin
2026-09-28 20:24:58.802 Auto state: Dormant
2026-09-28 20:25:00.399 [derived-generator] [HeatCall periodic] zone1-living-rm-heat-call now=1790641500.4 next=1790641500 period=300
2026-09-28 20:25:00.399 [derived-generator] [HeatCall periodic] zone2-bedroom-heat-call now=1790641500.4 next=1790641500 period=300
2026-09-28 20:25:08.592 [UnknownChannels] no value: required-energy | stale: usable-energy
2026-09-28 20:25:23.394 [sieg-loop] sieg-view KeepingLess keep=94.0s hp-lwt=94.0F@15s hp-ewt=94.9F@1s sieg-hot=88.2F@14s sieg-cold=87.6F@14s sieg-flow=4.55gpm@1s sieg-send-flow*=0.02gpm@9s primary-flow*=4.57gpm@1s hp-odu-pwr=54W@23s hp-idu-pwr=0W@23s buffer-hot-pipe=94.9F@127s buffer-cold-pipe=95.3F@81s store-hot-pipe=75.0F@8s dist-swt=78.4F@29s dist-rwt=74.3F@30s | lift=0.0F pwr=54W
2026-09-28 20:25:23.593 [UnknownChannels] no value: required-energy | stale: usable-energy
2026-09-28 20:25:38.596 [UnknownChannels] no value: required-energy | stale: usable-energy
2026-09-28 20:25:52.105 [scada] AdminDispatch StopValve to admin.sieg-loop
2026-09-28 20:25:52.107 [sieg-loop] StopValve from admin: the loop is held until the tree changes hands
2026-09-28 20:25:52.108 [sieg-loop] Stopping the motor
2026-09-28 20:25:52.110 [sieg-loop] admin.sieg-loop sending OpenRelay to HpLoopOnOff relay admin.sieg-loop.hp-loop-on-off-relay
2026-09-28 20:25:52.111 [sieg-loop] StopKeepingLess: KeepingLess -> SteadyBlend
2026-09-28 20:25:52.113 [sieg-loop] sieg-view SteadyBlend keep=33.1s hp-lwt=93.9F@12s hp-ewt=94.4F@0s sieg-hot=88.2F@42s sieg-cold=86.8F@0s sieg-flow=2.12gpm@0s sieg-send-flow*=1.69gpm@4s primary-flow*=3.81gpm@0s hp-odu-pwr=54W@52s hp-idu-pwr=0W@52s buffer-hot-pipe=94.0F@10s buffer-cold-pipe=95.3F@110s store-hot-pipe=75.4F@26s dist-swt=78.4F@58s dist-rwt=74.3F@59s | lift=0.0F pwr=54W
2026-09-28 20:25:52.113 [sieg-loop] Motor stopped after 60.9 s: keep_seconds 33.1
2026-09-28 20:25:53.397 [sieg-loop] sieg-view SteadyBlend keep=33.1s hp-lwt=93.9F@13s hp-ewt=94.4F@2s sieg-hot=88.2F@44s sieg-cold=86.8F@2s sieg-flow=1.97gpm@1s sieg-send-flow*=1.69gpm@5s primary-flow*=3.66gpm@1s hp-odu-pwr=54W@53s hp-idu-pwr=0W@53s buffer-hot-pipe=94.0F@12s buffer-cold-pipe=95.3F@111s store-hot-pipe=75.4F@27s dist-swt=78.4F@59s dist-rwt=74.3F@60s | lift=0.0F pwr=54W
2026-09-28 20:25:53.599 [UnknownChannels] no value: required-energy | stale: usable-energy
2026-09-28 20:25:58.238 [lc] Top state: Dormant
2026-09-28 20:25:58.238 [lc] LocalControl: AllTanks  |  State: Dormant
2026-09-28 20:26:08.602 [UnknownChannels] no value: required-energy | stale: usable-energy
2026-09-28 20:26:18.081 [scada] Admin timeout renewed: 300 seconds
2026-09-28 20:26:23.401 [sieg-loop] sieg-view SteadyBlend keep=33.1s hp-lwt=93.8F@3s hp-ewt=95.1F@3s sieg-hot=88.2F@74s sieg-cold=87.6F@21s sieg-flow=1.92gpm@30s sieg-send-flow*=2.34gpm@13s primary-flow*=4.26gpm@13s hp-odu-pwr=54W@83s hp-idu-pwr=0W@83s buffer-hot-pipe=94.0F@42s buffer-cold-pipe=95.3F@141s store-hot-pipe=76.1F@9s dist-swt=78.4F@89s dist-rwt=74.3F@90s | lift=0.0F pwr=54W
2026-09-28 20:26:23.606 [UnknownChannels] no value: required-energy | stale: usable-energy
2026-09-28 20:26:38.608 [UnknownChannels] no value: required-energy | stale: usable-energy
2026-09-28 20:26:53.406 [sieg-loop] sieg-view SteadyBlend keep=33.1s hp-lwt=94.2F@4s hp-ewt=95.3F@2s sieg-hot=88.2F@104s sieg-cold=87.9F@4s sieg-flow=1.92gpm@60s sieg-send-flow*=2.34gpm@21s primary-flow*=4.26gpm@21s hp-odu-pwr=54W@113s hp-idu-pwr=0W@113s buffer-hot-pipe=94.0F@72s buffer-cold-pipe=95.3F@171s store-hot-pipe=76.5F@11s dist-swt=78.4F@119s dist-rwt=74.3F@120s | lift=0.0F pwr=54W
2026-09-28 20:26:53.611 [UnknownChannels] no value: required-energy | stale: usable-energy
2026-09-28 20:26:58.240 [lc] Top state: Dormant
2026-09-28 20:26:58.241 [lc] LocalControl: AllTanks  |  State: Dormant
2026-09-28 20:27:08.613 [UnknownChannels] no value: required-energy | stale: transactive-power,usable-energy,zone1-living-rm-heat-call,zone2-bedroom-heat-call
2026-09-28 20:27:23.409 [sieg-loop] sieg-view SteadyBlend keep=33.1s hp-lwt=94.5F@11s hp-ewt=95.5F@11s sieg-hot=88.2F@134s sieg-cold=87.5F@15s sieg-flow=1.92gpm@90s sieg-send-flow*=2.34gpm@18s primary-flow*=4.26gpm@18s hp-odu-pwr=54W@143s hp-idu-pwr=0W@143s buffer-hot-pipe=94.0F@102s buffer-cold-pipe=95.3F@201s store-hot-pipe=77.3F@9s dist-swt=78.4F@149s dist-rwt=74.3F@150s | lift=0.0F pwr=54W
2026-09-28 20:27:23.616 [UnknownChannels] no value: required-energy | stale: transactive-power,usable-energy,zone1-living-rm-heat-call,zone2-bedroom-heat-call
2026-09-28 20:27:38.619 [UnknownChannels] no value: required-energy | stale: transactive-power,usable-energy,zone1-living-rm-heat-call,zone2-bedroom-heat-call
2026-09-28 20:27:53.412 [sieg-loop] sieg-view SteadyBlend keep=33.1s hp-lwt=94.6F@30s hp-ewt=95.6F@29s sieg-hot=88.2F@164s sieg-cold=87.5F@45s sieg-flow=1.92gpm@120s sieg-send-flow*=2.34gpm@15s primary-flow*=4.26gpm@15s hp-odu-pwr=54W@173s hp-idu-pwr=0W@173s buffer-hot-pipe=94.0F@132s buffer-cold-pipe=95.3F@231s store-hot-pipe=78.0F@15s dist-swt=78.4F@179s dist-rwt=74.3F@180s | lift=0.0F pwr=54W
2026-09-28 20:27:53.621 [UnknownChannels] no value: required-energy | stale: transactive-power,usable-energy,zone1-living-rm-heat-call,zone2-bedroom-heat-call
2026-09-28 20:27:58.243 [lc] Top state: Dormant
2026-09-28 20:27:58.243 [lc] LocalControl: AllTanks  |  State: Dormant
2026-09-28 20:28:08.624 [UnknownChannels] no value: required-energy | stale: transactive-power,usable-energy,zone1-living-rm-heat-call,zone2-bedroom-heat-call
2026-09-28 20:28:18.064 [scada] Admin timeout renewed: 300 seconds
2026-09-28 20:28:22.108 [scada] AdminDispatch MoveToFullSend to admin.sieg-loop
2026-09-28 20:28:22.109 [sieg-loop] MoveToFullSend from admin: the loop is held until the tree changes hands
2026-09-28 20:28:22.110 [sieg-loop] Full run to send
2026-09-28 20:28:22.111 [sieg-loop] admin.sieg-loop sending SendMore to HpLoopKeepSend relay admin.sieg-loop.hp-loop-keep-send-relay
2026-09-28 20:28:22.112 [sieg-loop] admin.sieg-loop sending CloseRelay to HpLoopOnOff relay admin.sieg-loop.hp-loop-on-off-relay
2026-09-28 20:28:22.112 [sieg-loop] StartKeepingLess: SteadyBlend -> KeepingLess
2026-09-28 20:28:22.113 [sieg-loop] sieg-view KeepingLess keep=33.1s hp-lwt=94.8F@1s hp-ewt=95.6F@58s sieg-hot=88.2F@192s sieg-cold=87.9F@6s sieg-flow=1.92gpm@148s sieg-send-flow*=2.34gpm@22s primary-flow*=4.26gpm@22s hp-odu-pwr=54W@202s hp-idu-pwr=0W@202s buffer-hot-pipe=94.0F@160s buffer-cold-pipe=95.3F@260s store-hot-pipe=78.4F@9s dist-swt=78.4F@208s dist-rwt=74.3F@209s | lift=0.0F pwr=54W
2026-09-28 20:28:22.114 [sieg-loop] Motor toward send for 104 s from keep_seconds 33.1
2026-09-28 20:28:23.415 [sieg-loop] sieg-view KeepingLess keep=33.1s hp-lwt=94.8F@2s hp-ewt=95.6F@59s sieg-hot=88.2F@194s sieg-cold=87.9F@8s sieg-flow=1.92gpm@150s sieg-send-flow*=2.34gpm@12s primary-flow*=4.26gpm@12s hp-odu-pwr=54W@203s hp-idu-pwr=0W@203s buffer-hot-pipe=94.0F@162s buffer-cold-pipe=95.3F@261s store-hot-pipe=78.4F@10s dist-swt=78.4F@209s dist-rwt=74.3F@210s | lift=0.0F pwr=54W
2026-09-28 20:28:23.627 [UnknownChannels] no value: required-energy | stale: transactive-power,usable-energy,zone1-living-rm-heat-call,zone2-bedroom-heat-call
2026-09-28 20:28:38.629 [UnknownChannels] no value: required-energy | stale: transactive-power,usable-energy,zone1-living-rm-heat-call,zone2-bedroom-heat-call
2026-09-28 20:28:53.417 [sieg-loop] sieg-view KeepingLess keep=33.1s hp-lwt=94.6F@4s hp-ewt=95.9F@7s sieg-hot=88.2F@224s sieg-cold=87.9F@11s sieg-flow=0.00gpm@20s sieg-send-flow*=4.34gpm@13s primary-flow*=4.34gpm@13s hp-odu-pwr=54W@233s hp-idu-pwr=0W@233s buffer-hot-pipe=94.0F@192s buffer-cold-pipe=95.3F@291s store-hot-pipe=79.2F@9s dist-swt=78.4F@239s dist-rwt=74.3F@240s | lift=0.0F pwr=54W
2026-09-28 20:28:53.632 [UnknownChannels] no value: required-energy | stale: transactive-power,usable-energy,zone1-living-rm-heat-call,zone2-bedroom-heat-call
2026-09-28 20:28:58.244 [lc] Top state: Dormant
2026-09-28 20:28:58.245 [lc] LocalControl: AllTanks  |  State: Dormant
2026-09-28 20:29:08.639 [UnknownChannels] no value: required-energy | stale: transactive-power,usable-energy,zone1-living-rm-heat-call,zone2-bedroom-heat-call
2026-09-28 20:29:23.421 [sieg-loop] sieg-view KeepingLess keep=33.1s hp-lwt=95.1F@3s hp-ewt=96.0F@17s sieg-hot=87.8F@3s sieg-cold=88.0F@6s sieg-flow=0.00gpm@50s sieg-send-flow*=4.35gpm@7s primary-flow*=4.35gpm@7s hp-odu-pwr=54W@263s hp-idu-pwr=0W@263s buffer-hot-pipe=94.0F@222s buffer-cold-pipe=95.1F@21s store-hot-pipe=80.0F@3s dist-swt=78.4F@269s dist-rwt=74.3F@270s | lift=0.0F pwr=54W
2026-09-28 20:29:23.641 [UnknownChannels] no value: required-energy | stale: transactive-power,usable-energy,zone1-living-rm-heat-call,zone2-bedroom-heat-call
2026-09-28 20:29:38.644 [UnknownChannels] no value: required-energy | stale: transactive-power,usable-energy,zone1-living-rm-heat-call,zone2-bedroom-heat-call
2026-09-28 20:29:53.423 [sieg-loop] sieg-view KeepingLess keep=33.1s hp-lwt=95.2F@1s hp-ewt=96.0F@18s sieg-hot=87.8F@33s sieg-cold=88.4F@27s sieg-flow=0.00gpm@80s sieg-send-flow*=4.35gpm@5s primary-flow*=4.35gpm@5s hp-odu-pwr=54W@293s hp-idu-pwr=0W@293s buffer-hot-pipe=94.9F@8s buffer-cold-pipe=95.1F@51s store-hot-pipe=81.1F@9s dist-swt=78.4F@299s dist-rwt=74.1F@0s | lift=0.0F pwr=54W
2026-09-28 20:29:53.647 [UnknownChannels] no value: required-energy | stale: transactive-power,usable-energy,zone1-living-rm-heat-call,zone2-bedroom-heat-call
2026-09-28 20:29:58.247 [lc] Top state: Dormant
2026-09-28 20:29:58.247 [lc] LocalControl: AllTanks  |  State: Dormant
2026-09-28 20:29:58.801 Top state: Admin
2026-09-28 20:29:58.805 Auto state: Dormant
2026-09-28 20:30:00.788 [derived-generator] [HeatCall periodic] zone1-living-rm-heat-call now=1790641800.8 next=1790641800 period=300
2026-09-28 20:30:00.789 [derived-generator] [HeatCall periodic] zone2-bedroom-heat-call now=1790641800.8 next=1790641800 period=300
2026-09-28 20:30:06.129 [sieg-loop] admin.sieg-loop sending OpenRelay to HpLoopOnOff relay admin.sieg-loop.hp-loop-on-off-relay
2026-09-28 20:30:06.129 [sieg-loop] ResetToFullySend: KeepingLess -> FullySend
2026-09-28 20:30:06.131 [sieg-loop] sieg-view FullySend keep=0.0s hp-lwt=95.2F@2s hp-ewt=96.0F@31s sieg-hot=87.8F@45s sieg-cold=88.4F@39s sieg-flow=0.00gpm@92s sieg-send-flow*=4.37gpm@10s primary-flow*=4.37gpm@10s hp-odu-pwr=58W@5s hp-idu-pwr=2W@5s buffer-hot-pipe=94.9F@21s buffer-cold-pipe=95.1F@64s store-hot-pipe=81.1F@22s dist-swt=78.7F@12s dist-rwt=74.1F@13s | lift=0.0F pwr=60W
2026-09-28 20:30:06.132 [sieg-loop] Motor stopped after 104.0 s: keep_seconds 0
2026-09-28 20:30:08.649 [UnknownChannels] no value: required-energy | stale: usable-energy
2026-09-28 20:30:11.113 [scada] AdminDispatch ChargeStore to admin.charge-discharge-relay
2026-09-28 20:30:13.117 [scada] AdminDispatch MoveToFullKeep to admin.sieg-loop
2026-09-28 20:30:13.119 [sieg-loop] MoveToFullKeep from admin: the loop is held until the tree changes hands
2026-09-28 20:30:13.121 [sieg-loop] Full run to keep
2026-09-28 20:30:13.123 [sieg-loop] admin.sieg-loop sending SendLessto HpLoopKeepSend relay admin.sieg-loop.hp-loop-keep-send-relay
2026-09-28 20:30:13.124 [sieg-loop] admin.sieg-loop sending CloseRelay to HpLoopOnOff relay admin.sieg-loop.hp-loop-on-off-relay
2026-09-28 20:30:13.125 [sieg-loop] StartKeepingMore: FullySend -> KeepingMore
2026-09-28 20:30:13.128 [sieg-loop] sieg-view KeepingMore keep=0.0s hp-lwt=95.2F@9s hp-ewt=96.0F@38s sieg-hot=87.6F@3s sieg-cold=88.6F@3s sieg-flow=0.00gpm@3s sieg-send-flow*=4.34gpm@1s primary-flow*=4.34gpm@1s hp-odu-pwr=58W@12s hp-idu-pwr=2W@12s buffer-hot-pipe=94.9F@28s buffer-cold-pipe=95.1F@71s store-hot-pipe=81.5F@6s dist-swt=78.7F@19s dist-rwt=74.1F@20s | lift=0.0F pwr=60W
2026-09-28 20:30:13.128 [sieg-loop] Motor toward keep for 104 s from keep_seconds 0
2026-09-28 20:30:18.073 [scada] Admin timeout renewed: 300 seconds
2026-09-28 20:30:23.425 [sieg-loop] sieg-view KeepingMore keep=0.0s hp-lwt=95.1F@2s hp-ewt=96.0F@48s sieg-hot=87.6F@14s sieg-cold=88.6F@14s sieg-flow=0.00gpm@14s sieg-send-flow*=4.30gpm@1s primary-flow*=4.30gpm@1s hp-odu-pwr=58W@23s hp-idu-pwr=2W@23s buffer-hot-pipe=94.9F@38s buffer-cold-pipe=95.1F@81s store-hot-pipe=81.9F@8s dist-swt=78.7F@29s dist-rwt=74.1F@30s | lift=0.0F pwr=60W
2026-09-28 20:30:23.652 [UnknownChannels] no value: required-energy | stale: usable-energy
2026-09-28 20:30:38.654 [UnknownChannels] no value: required-energy | stale: usable-energy
2026-09-28 20:30:53.427 [sieg-loop] sieg-view KeepingMore keep=0.0s hp-lwt=95.0F@0s hp-ewt=89.5F@0s sieg-hot=87.2F@8s sieg-cold=83.0F@1s sieg-flow=2.25gpm@1s sieg-send-flow*=3.04gpm@8s primary-flow*=5.29gpm@1s hp-odu-pwr=58W@53s hp-idu-pwr=2W@53s buffer-hot-pipe=94.9F@68s buffer-cold-pipe=95.1F@111s store-hot-pipe=95.5F@0s dist-swt=78.7F@59s dist-rwt=74.1F@60s | lift=5.4F pwr=60W
2026-09-28 20:30:53.657 [UnknownChannels] no value: required-energy | stale: usable-energy
2026-09-28 20:30:55.118 [scada] AdminDispatch StopValve to admin.sieg-loop
2026-09-28 20:30:55.121 [sieg-loop] StopValve from admin: the loop is held until the tree changes hands
2026-09-28 20:30:55.122 [sieg-loop] Stopping the motor
2026-09-28 20:30:55.124 [sieg-loop] admin.sieg-loop sending OpenRelay to HpLoopOnOff relay admin.sieg-loop.hp-loop-on-off-relay
2026-09-28 20:30:55.125 [sieg-loop] StopKeepingMore: KeepingMore -> SteadyBlend
2026-09-28 20:30:55.128 [sieg-loop] sieg-view SteadyBlend keep=42.0s hp-lwt=94.7F@0s hp-ewt=89.3F@0s sieg-hot=87.2F@9s sieg-cold=82.0F@0s sieg-flow=2.56gpm@0s sieg-send-flow*=3.04gpm@10s primary-flow*=5.60gpm@0s hp-odu-pwr=58W@54s hp-idu-pwr=2W@54s buffer-hot-pipe=94.9F@70s buffer-cold-pipe=95.1F@113s store-hot-pipe=95.5F@2s dist-swt=78.7F@61s dist-rwt=74.1F@62s | lift=5.5F pwr=60W
2026-09-28 20:30:55.128 [sieg-loop] Motor stopped after 42.0 s: keep_seconds 42.0
2026-09-28 20:30:58.249 [lc] Top state: Dormant
2026-09-28 20:30:58.250 [lc] LocalControl: AllTanks  |  State: Dormant
2026-09-28 20:31:08.660 [UnknownChannels] no value: required-energy | stale: usable-energy
2026-09-28 20:31:23.429 [sieg-loop] sieg-view SteadyBlend keep=42.0s hp-lwt=88.6F@0s hp-ewt=84.7F@0s sieg-hot=86.9F@1s sieg-cold=73.0F@1s sieg-flow=2.75gpm@27s sieg-send-flow*=1.56gpm@6s primary-flow*=4.31gpm@6s hp-odu-pwr=58W@83s hp-idu-pwr=2W@83s buffer-hot-pipe=94.9F@98s buffer-cold-pipe=95.1F@141s store-hot-pipe=96.3F@13s dist-swt=78.7F@89s dist-rwt=74.1F@90s | lift=4.0F pwr=60W
2026-09-28 20:31:23.663 [UnknownChannels] no value: required-energy | stale: usable-energy
2026-09-28 20:31:38.664 [UnknownChannels] no value: required-energy | stale: usable-energy
2026-09-28 20:31:53.432 [sieg-loop] sieg-view SteadyBlend keep=42.0s hp-lwt=82.5F@0s hp-ewt=79.4F@0s sieg-hot=82.9F@2s sieg-cold=68.9F@6s sieg-flow=2.75gpm@57s sieg-send-flow*=1.56gpm@13s primary-flow*=4.31gpm@13s hp-odu-pwr=58W@113s hp-idu-pwr=2W@113s buffer-hot-pipe=94.9F@128s buffer-cold-pipe=95.1F@171s store-hot-pipe=91.2F@0s dist-swt=78.7F@119s dist-rwt=74.1F@120s | lift=3.0F pwr=60W
2026-09-28 20:31:53.666 [UnknownChannels] no value: required-energy | stale: usable-energy
2026-09-28 20:31:58.252 [lc] Top state: Dormant
2026-09-28 20:31:58.252 [lc] LocalControl: AllTanks  |  State: Dormant
2026-09-28 20:32:08.669 [UnknownChannels] no value: required-energy | stale: transactive-power,usable-energy,zone1-living-rm-heat-call,zone2-bedroom-heat-call
2026-09-28 20:32:18.067 [scada] Admin timeout renewed: 300 seconds
2026-09-28 20:32:23.435 [sieg-loop] sieg-view SteadyBlend keep=42.0s hp-lwt=77.8F@1s hp-ewt=75.6F@0s sieg-hot=79.6F@3s sieg-cold=67.8F@4s sieg-flow=2.75gpm@87s sieg-send-flow*=1.56gpm@21s primary-flow*=4.31gpm@21s hp-odu-pwr=58W@143s hp-idu-pwr=2W@143s buffer-hot-pipe=94.9F@158s buffer-cold-pipe=95.1F@201s store-hot-pipe=85.8F@1s dist-swt=78.7F@149s dist-rwt=74.1F@150s | lift=2.2F pwr=60W
2026-09-28 20:32:23.671 [UnknownChannels] no value: required-energy | stale: transactive-power,usable-energy,zone1-living-rm-heat-call,zone2-bedroom-heat-call
2026-09-28 20:32:38.673 [UnknownChannels] no value: required-energy | stale: transactive-power,usable-energy,zone1-living-rm-heat-call,zone2-bedroom-heat-call
2026-09-28 20:32:53.438 [sieg-loop] sieg-view SteadyBlend keep=42.0s hp-lwt=74.2F@0s hp-ewt=72.8F@0s sieg-hot=76.2F@5s sieg-cold=67.4F@1s sieg-flow=2.75gpm@117s sieg-send-flow*=1.52gpm@10s primary-flow*=4.27gpm@10s hp-odu-pwr=58W@173s hp-idu-pwr=2W@173s buffer-hot-pipe=94.9F@188s buffer-cold-pipe=94.2F@13s store-hot-pipe=81.1F@1s dist-swt=78.7F@179s dist-rwt=74.1F@180s | lift=1.4F pwr=60W
2026-09-28 20:32:53.677 [UnknownChannels] no value: required-energy | stale: transactive-power,usable-energy,zone1-living-rm-heat-call,zone2-bedroom-heat-call
2026-09-28 20:32:58.253 [lc] Top state: Dormant
2026-09-28 20:32:58.254 [lc] LocalControl: AllTanks  |  State: Dormant
2026-09-28 20:33:08.679 [UnknownChannels] no value: required-energy | stale: transactive-power,usable-energy,zone1-living-rm-heat-call,zone2-bedroom-heat-call
2026-09-28 20:33:23.441 [sieg-loop] sieg-view SteadyBlend keep=42.0s hp-lwt=71.8F@0s hp-ewt=70.9F@0s sieg-hot=73.7F@4s sieg-cold=67.4F@31s sieg-flow=2.75gpm@147s sieg-send-flow*=1.52gpm@15s primary-flow*=4.27gpm@15s hp-odu-pwr=58W@203s hp-idu-pwr=2W@203s buffer-hot-pipe=94.9F@218s buffer-cold-pipe=93.3F@9s store-hot-pipe=78.2F@3s dist-swt=78.7F@209s dist-rwt=74.1F@210s | lift=0.9F pwr=60W
2026-09-28 20:33:23.682 [UnknownChannels] no value: required-energy | stale: transactive-power,usable-energy,zone1-living-rm-heat-call,zone2-bedroom-heat-call
2026-09-28 20:33:25.126 [scada] AdminDispatch MoveToFullSend to admin.sieg-loop
2026-09-28 20:33:25.129 [sieg-loop] MoveToFullSend from admin: the loop is held until the tree changes hands
2026-09-28 20:33:25.130 [sieg-loop] Full run to send
2026-09-28 20:33:25.132 [sieg-loop] admin.sieg-loop sending SendMore to HpLoopKeepSend relay admin.sieg-loop.hp-loop-keep-send-relay
2026-09-28 20:33:25.133 [sieg-loop] admin.sieg-loop sending CloseRelay to HpLoopOnOff relay admin.sieg-loop.hp-loop-on-off-relay
2026-09-28 20:33:25.134 [sieg-loop] StartKeepingLess: SteadyBlend -> KeepingLess
2026-09-28 20:33:25.136 [sieg-loop] sieg-view KeepingLess keep=42.0s hp-lwt=71.7F@1s hp-ewt=70.8F@0s sieg-hot=73.3F@0s sieg-cold=67.4F@32s sieg-flow=2.75gpm@148s sieg-send-flow*=1.52gpm@17s primary-flow*=4.27gpm@17s hp-odu-pwr=58W@204s hp-idu-pwr=2W@204s buffer-hot-pipe=94.9F@220s buffer-cold-pipe=93.3F@11s store-hot-pipe=77.8F@1s dist-swt=78.7F@211s dist-rwt=74.1F@212s | lift=0.9F pwr=60W
2026-09-28 20:33:25.136 [sieg-loop] Motor toward send for 104 s from keep_seconds 42.0
2026-09-28 20:33:38.685 [UnknownChannels] no value: required-energy | stale: transactive-power,usable-energy,zone1-living-rm-heat-call,zone2-bedroom-heat-call
2026-09-28 20:33:53.445 [sieg-loop] sieg-view KeepingLess keep=42.0s hp-lwt=70.1F@2s hp-ewt=67.6F@0s sieg-hot=72.1F@2s sieg-cold=67.4F@61s sieg-flow=0.00gpm@9s sieg-send-flow*=3.33gpm@11s primary-flow*=3.33gpm@11s hp-odu-pwr=58W@233s hp-idu-pwr=2W@233s buffer-hot-pipe=94.9F@248s buffer-cold-pipe=93.3F@39s store-hot-pipe=74.7F@0s dist-swt=78.7F@239s dist-rwt=74.1F@240s | lift=2.5F pwr=60W
2026-09-28 20:33:53.687 [UnknownChannels] no value: required-energy | stale: transactive-power,usable-energy,zone1-living-rm-heat-call,zone2-bedroom-heat-call
2026-09-28 20:33:58.255 [lc] Top state: Dormant
2026-09-28 20:33:58.256 [lc] LocalControl: AllTanks  |  State: Dormant
2026-09-28 20:34:08.690 [UnknownChannels] no value: required-energy | stale: transactive-power,usable-energy,zone1-living-rm-heat-call,zone2-bedroom-heat-call
2026-09-28 20:34:18.071 [scada] Admin timeout renewed: 300 seconds
2026-09-28 20:34:23.447 [sieg-loop] sieg-view KeepingLess keep=42.0s hp-lwt=67.1F@0s hp-ewt=66.6F@2s sieg-hot=71.7F@20s sieg-cold=67.4F@91s sieg-flow=0.00gpm@39s sieg-send-flow*=4.11gpm@11s primary-flow*=4.11gpm@11s hp-odu-pwr=58W@263s hp-idu-pwr=2W@263s buffer-hot-pipe=94.0F@14s buffer-cold-pipe=92.4F@26s store-hot-pipe=71.8F@1s dist-swt=78.7F@269s dist-rwt=74.1F@270s | lift=0.5F pwr=60W
2026-09-28 20:34:23.693 [UnknownChannels] no value: required-energy | stale: transactive-power,usable-energy,zone1-living-rm-heat-call,zone2-bedroom-heat-call
2026-09-28 20:34:38.695 [UnknownChannels] no value: required-energy | stale: transactive-power,usable-energy,zone1-living-rm-heat-call,zone2-bedroom-heat-call
2026-09-28 20:34:53.450 [sieg-loop] sieg-view KeepingLess keep=42.0s hp-lwt=66.3F@8s hp-ewt=66.6F@3s sieg-hot=71.3F@24s sieg-cold=67.4F@121s sieg-flow=0.00gpm@69s sieg-send-flow*=4.11gpm@11s primary-flow*=4.11gpm@11s hp-odu-pwr=58W@293s hp-idu-pwr=2W@293s buffer-hot-pipe=94.0F@44s buffer-cold-pipe=92.4F@56s store-hot-pipe=69.8F@2s dist-swt=78.7F@299s dist-rwt=74.2F@0s | lift=0.0F pwr=60W
2026-09-28 20:34:53.697 [UnknownChannels] no value: required-energy | stale: transactive-power,usable-energy,zone1-living-rm-heat-call,zone2-bedroom-heat-call
2026-09-28 20:34:58.258 [lc] Top state: Dormant
2026-09-28 20:34:58.258 [lc] LocalControl: AllTanks  |  State: Dormant
2026-09-28 20:34:58.802 Top state: Admin
2026-09-28 20:34:58.802 Auto state: Dormant
2026-09-28 20:35:00.842 [derived-generator] [HeatCall periodic] zone1-living-rm-heat-call now=1790642100.8 next=1790642100 period=300
2026-09-28 20:35:00.843 [derived-generator] [HeatCall periodic] zone2-bedroom-heat-call now=1790642100.8 next=1790642100 period=300
2026-09-28 20:35:08.700 [UnknownChannels] no value: required-energy | stale: usable-energy
2026-09-28 20:35:09.163 [sieg-loop] admin.sieg-loop sending OpenRelay to HpLoopOnOff relay admin.sieg-loop.hp-loop-on-off-relay
2026-09-28 20:35:09.164 [sieg-loop] ResetToFullySend: KeepingLess -> FullySend
2026-09-28 20:35:09.166 [sieg-loop] sieg-view FullySend keep=0.0s hp-lwt=66.2F@13s hp-ewt=66.7F@7s sieg-hot=71.3F@39s sieg-cold=67.4F@136s sieg-flow=0.00gpm@84s sieg-send-flow*=4.11gpm@12s primary-flow*=4.11gpm@12s hp-odu-pwr=54W@8s hp-idu-pwr=0W@8s buffer-hot-pipe=94.0F@60s buffer-cold-pipe=92.4F@72s store-hot-pipe=69.8F@18s dist-swt=78.6F@15s dist-rwt=74.2F@16s | lift=0.0F pwr=54W
2026-09-28 20:35:09.167 [sieg-loop] Motor stopped after 104.0 s: keep_seconds 0
2026-09-28 20:35:14.133 [scada] AdminDispatch ChargeStore to admin.charge-discharge-relay
2026-09-28 20:35:16.135 [scada] AdminDispatch MoveToFullKeep to admin.sieg-loop
2026-09-28 20:35:16.136 [sieg-loop] MoveToFullKeep from admin: the loop is held until the tree changes hands
2026-09-28 20:35:16.137 [sieg-loop] Full run to keep
2026-09-28 20:35:16.138 [sieg-loop] admin.sieg-loop sending SendLessto HpLoopKeepSend relay admin.sieg-loop.hp-loop-keep-send-relay
2026-09-28 20:35:16.139 [sieg-loop] admin.sieg-loop sending CloseRelay to HpLoopOnOff relay admin.sieg-loop.hp-loop-on-off-relay
2026-09-28 20:35:16.139 [sieg-loop] StartKeepingMore: FullySend -> KeepingMore
2026-09-28 20:35:16.140 [sieg-loop] sieg-view KeepingMore keep=0.0s hp-lwt=66.2F@20s hp-ewt=66.7F@14s sieg-hot=71.0F@6s sieg-cold=67.3F@6s sieg-flow=0.00gpm@6s sieg-send-flow*=4.11gpm@2s primary-flow*=4.11gpm@2s hp-odu-pwr=54W@15s hp-idu-pwr=0W@15s buffer-hot-pipe=94.0F@67s buffer-cold-pipe=92.4F@79s store-hot-pipe=69.5F@1s dist-swt=78.6F@22s dist-rwt=74.2F@23s | lift=0.0F pwr=54W
2026-09-28 20:35:16.140 [sieg-loop] Motor toward keep for 104 s from keep_seconds 0
2026-09-28 20:35:23.454 [sieg-loop] sieg-view KeepingMore keep=0.0s hp-lwt=66.2F@27s hp-ewt=66.7F@21s sieg-hot=71.0F@14s sieg-cold=67.3F@14s sieg-flow=0.00gpm@14s sieg-send-flow*=4.11gpm@14s primary-flow*=4.11gpm@14s hp-odu-pwr=54W@23s hp-idu-pwr=0W@23s buffer-hot-pipe=94.0F@74s buffer-cold-pipe=91.5F@5s store-hot-pipe=69.5F@8s dist-swt=78.6F@29s dist-rwt=74.2F@30s | lift=0.0F pwr=54W
2026-09-28 20:35:23.702 [UnknownChannels] no value: required-energy | stale: usable-energy
2026-09-28 20:35:38.703 [UnknownChannels] no value: required-energy | stale: usable-energy
2026-09-28 20:35:53.457 [sieg-loop] sieg-view KeepingMore keep=0.0s hp-lwt=66.4F@6s hp-ewt=67.6F@1s sieg-hot=71.0F@44s sieg-cold=67.7F@1s sieg-flow=1.72gpm@1s sieg-send-flow*=2.22gpm@0s primary-flow*=3.94gpm@0s hp-odu-pwr=54W@53s hp-idu-pwr=0W@53s buffer-hot-pipe=94.0F@104s buffer-cold-pipe=91.5F@35s store-hot-pipe=69.5F@38s dist-swt=78.6F@59s dist-rwt=74.2F@60s | lift=0.0F pwr=54W
2026-09-28 20:35:53.706 [UnknownChannels] no value: required-energy | stale: usable-energy
2026-09-28 20:35:58.259 [lc] Top state: Dormant
2026-09-28 20:35:58.260 [lc] LocalControl: AllTanks  |  State: Dormant
2026-09-28 20:36:08.707 [UnknownChannels] no value: required-energy | stale: usable-energy
2026-09-28 20:36:18.079 [scada] Admin timeout renewed: 300 seconds
2026-09-28 20:36:23.459 [sieg-loop] sieg-view KeepingMore keep=0.0s hp-lwt=67.3F@2s hp-ewt=67.7F@0s sieg-hot=69.1F@3s sieg-cold=67.7F@31s sieg-flow=4.47gpm@1s sieg-send-flow*=0.28gpm@9s primary-flow*=4.75gpm@1s hp-odu-pwr=54W@83s hp-idu-pwr=0W@83s buffer-hot-pipe=94.0F@134s buffer-cold-pipe=91.5F@65s store-hot-pipe=69.5F@68s dist-swt=78.6F@89s dist-rwt=74.2F@90s | lift=0.0F pwr=54W
2026-09-28 20:36:23.708 [UnknownChannels] no value: required-energy | stale: usable-energy
2026-09-28 20:36:38.712 [UnknownChannels] no value: required-energy | stale: usable-energy
2026-09-28 20:36:53.462 [sieg-loop] sieg-view KeepingMore keep=0.0s hp-lwt=67.2F@19s hp-ewt=67.7F@8s sieg-hot=68.7F@5s sieg-cold=67.7F@61s sieg-flow=5.02gpm@13s sieg-send-flow*=0.03gpm@37s primary-flow*=5.05gpm@13s hp-odu-pwr=54W@113s hp-idu-pwr=0W@113s buffer-hot-pipe=94.0F@164s buffer-cold-pipe=90.6F@14s store-hot-pipe=69.5F@98s dist-swt=78.6F@119s dist-rwt=74.2F@120s | lift=0.0F pwr=54W
2026-09-28 20:36:53.715 [UnknownChannels] no value: required-energy | stale: usable-energy
2026-09-28 20:36:58.262 [lc] Top state: Dormant
2026-09-28 20:36:58.262 [lc] LocalControl: AllTanks  |  State: Dormant
2026-09-28 20:37:00.153 [sieg-loop] admin.sieg-loop sending OpenRelay to HpLoopOnOff relay admin.sieg-loop.hp-loop-on-off-relay
2026-09-28 20:37:00.154 [sieg-loop] ResetToFullyKeep: KeepingMore -> FullyKeep
2026-09-28 20:37:00.155 [sieg-loop] sieg-view FullyKeep keep=94.0s hp-lwt=67.2F@25s hp-ewt=67.7F@15s sieg-hot=68.7F@11s sieg-cold=68.1F@1s sieg-flow=5.02gpm@19s sieg-send-flow*=0.03gpm@44s primary-flow*=5.05gpm@19s hp-odu-pwr=54W@119s hp-idu-pwr=0W@119s buffer-hot-pipe=94.0F@171s buffer-cold-pipe=90.6F@21s store-hot-pipe=69.5F@105s dist-swt=78.6F@126s dist-rwt=74.2F@127s | lift=0.0F pwr=54W
2026-09-28 20:37:00.155 [sieg-loop] Motor stopped after 104.0 s: keep_seconds 94
2026-09-28 20:37:05.663 [scada] AdminDispatch MoveToFullSend to admin.sieg-loop
2026-09-28 20:37:05.666 [sieg-loop] MoveToFullSend from admin: the loop is held until the tree changes hands
2026-09-28 20:37:05.667 [sieg-loop] Full run to send
2026-09-28 20:37:05.670 [sieg-loop] admin.sieg-loop sending SendMore to HpLoopKeepSend relay admin.sieg-loop.hp-loop-keep-send-relay
2026-09-28 20:37:05.671 [sieg-loop] admin.sieg-loop sending CloseRelay to HpLoopOnOff relay admin.sieg-loop.hp-loop-on-off-relay
2026-09-28 20:37:05.672 [sieg-loop] StartKeepingLess: FullyKeep -> KeepingLess
2026-09-28 20:37:05.674 [sieg-loop] sieg-view KeepingLess keep=94.0s hp-lwt=67.2F@31s hp-ewt=67.7F@21s sieg-hot=68.7F@17s sieg-cold=68.1F@7s sieg-flow=5.02gpm@25s sieg-send-flow*=0.03gpm@50s primary-flow*=5.05gpm@25s hp-odu-pwr=54W@125s hp-idu-pwr=0W@125s buffer-hot-pipe=94.0F@176s buffer-cold-pipe=90.6F@27s store-hot-pipe=69.5F@111s dist-swt=78.6F@132s dist-rwt=74.2F@133s | lift=0.0F pwr=54W
2026-09-28 20:37:05.675 [sieg-loop] Motor toward send for 104 s from keep_seconds 94
2026-09-28 20:37:08.717 [UnknownChannels] no value: required-energy | stale: transactive-power,usable-energy,zone1-living-rm-heat-call,zone2-bedroom-heat-call
2026-09-28 20:37:23.465 [sieg-loop] sieg-view KeepingLess keep=94.0s hp-lwt=67.2F@49s hp-ewt=67.7F@38s sieg-hot=68.7F@35s sieg-cold=68.1F@25s sieg-flow=4.98gpm@1s sieg-send-flow*=0.03gpm@67s primary-flow*=5.01gpm@1s hp-odu-pwr=54W@143s hp-idu-pwr=0W@143s buffer-hot-pipe=94.0F@194s buffer-cold-pipe=90.6F@44s store-hot-pipe=69.5F@128s dist-swt=78.6F@149s dist-rwt=74.2F@150s | lift=0.0F pwr=54W
2026-09-28 20:37:23.718 [UnknownChannels] no value: required-energy | stale: transactive-power,usable-energy,zone1-living-rm-heat-call,zone2-bedroom-heat-call
2026-09-28 20:37:38.721 [UnknownChannels] no value: required-energy | stale: transactive-power,usable-energy,zone1-living-rm-heat-call,zone2-bedroom-heat-call
2026-09-28 20:37:53.468 [sieg-loop] sieg-view KeepingLess keep=94.0s hp-lwt=67.3F@24s hp-ewt=67.7F@16s sieg-hot=68.7F@65s sieg-cold=68.1F@55s sieg-flow=3.60gpm@1s sieg-send-flow*=0.47gpm@4s primary-flow*=4.07gpm@1s hp-odu-pwr=54W@173s hp-idu-pwr=0W@173s buffer-hot-pipe=93.1F@27s buffer-cold-pipe=90.6F@74s store-hot-pipe=70.2F@5s dist-swt=78.6F@179s dist-rwt=74.2F@180s | lift=0.0F pwr=54W
2026-09-28 20:37:53.724 [UnknownChannels] no value: required-energy | stale: transactive-power,usable-energy,zone1-living-rm-heat-call,zone2-bedroom-heat-call
2026-09-28 20:37:58.264 [lc] Top state: Dormant
2026-09-28 20:37:58.265 [lc] LocalControl: AllTanks  |  State: Dormant
2026-09-28 20:38:08.726 [UnknownChannels] no value: required-energy | stale: transactive-power,usable-energy,zone1-living-rm-heat-call,zone2-bedroom-heat-call
2026-09-28 20:38:12.202 [scada] AdminDispatch StopValve to admin.sieg-loop
2026-09-28 20:38:12.205 [sieg-loop] StopValve from admin: the loop is held until the tree changes hands
2026-09-28 20:38:12.206 [sieg-loop] Stopping the motor
2026-09-28 20:38:12.208 [sieg-loop] admin.sieg-loop sending OpenRelay to HpLoopOnOff relay admin.sieg-loop.hp-loop-on-off-relay
2026-09-28 20:38:12.209 [sieg-loop] StopKeepingLess: KeepingLess -> SteadyBlend
2026-09-28 20:38:12.211 [sieg-loop] sieg-view SteadyBlend keep=27.5s hp-lwt=67.2F@11s hp-ewt=67.8F@2s sieg-hot=68.7F@83s sieg-cold=68.1F@73s sieg-flow=1.08gpm@0s sieg-send-flow*=2.85gpm@1s primary-flow*=3.93gpm@0s hp-odu-pwr=54W@191s hp-idu-pwr=0W@191s buffer-hot-pipe=93.1F@46s buffer-cold-pipe=90.6F@93s store-hot-pipe=70.2F@24s dist-swt=78.6F@198s dist-rwt=74.2F@199s | lift=0.0F pwr=54W
2026-09-28 20:38:12.212 [sieg-loop] Motor stopped after 66.5 s: keep_seconds 27.5
2026-09-28 20:38:18.078 [scada] Admin timeout renewed: 300 seconds
2026-09-28 20:38:23.470 [sieg-loop] sieg-view SteadyBlend keep=27.5s hp-lwt=67.2F@5s hp-ewt=67.7F@9s sieg-hot=68.3F@4s sieg-cold=68.1F@85s sieg-flow=0.80gpm@10s sieg-send-flow*=3.07gpm@11s primary-flow*=3.87gpm@11s hp-odu-pwr=54W@203s hp-idu-pwr=0W@203s buffer-hot-pipe=93.1F@57s buffer-cold-pipe=90.6F@104s store-hot-pipe=70.2F@35s dist-swt=78.6F@209s dist-rwt=74.2F@210s | lift=0.0F pwr=54W
2026-09-28 20:38:23.728 [UnknownChannels] no value: required-energy | stale: transactive-power,usable-energy,zone1-living-rm-heat-call,zone2-bedroom-heat-call
2026-09-28 20:38:38.731 [UnknownChannels] no value: required-energy | stale: transactive-power,usable-energy,zone1-living-rm-heat-call,zone2-bedroom-heat-call
2026-09-28 20:38:53.472 [sieg-loop] sieg-view SteadyBlend keep=27.5s hp-lwt=67.1F@2s hp-ewt=67.5F@19s sieg-hot=68.3F@34s sieg-cold=68.1F@115s sieg-flow=0.80gpm@40s sieg-send-flow*=3.07gpm@20s primary-flow*=3.87gpm@20s hp-odu-pwr=54W@233s hp-idu-pwr=0W@233s buffer-hot-pipe=93.1F@87s buffer-cold-pipe=90.6F@134s store-hot-pipe=70.2F@65s dist-swt=78.6F@239s dist-rwt=74.2F@240s | lift=0.0F pwr=54W
2026-09-28 20:38:53.733 [UnknownChannels] no value: required-energy | stale: transactive-power,usable-energy,zone1-living-rm-heat-call,zone2-bedroom-heat-call
2026-09-28 20:38:58.267 [lc] Top state: Dormant
2026-09-28 20:38:58.268 [lc] LocalControl: AllTanks  |  State: Dormant
2026-09-28 20:39:08.735 [UnknownChannels] no value: required-energy | stale: transactive-power,usable-energy,zone1-living-rm-heat-call,zone2-bedroom-heat-call
2026-09-28 20:39:23.477 [sieg-loop] sieg-view SteadyBlend keep=27.5s hp-lwt=67.2F@18s hp-ewt=67.9F@4s sieg-hot=68.3F@64s sieg-cold=68.4F@14s sieg-flow=0.80gpm@70s sieg-send-flow*=3.07gpm@17s primary-flow*=3.87gpm@17s hp-odu-pwr=54W@263s hp-idu-pwr=0W@263s buffer-hot-pipe=93.1F@117s buffer-cold-pipe=90.6F@164s store-hot-pipe=70.2F@95s dist-swt=78.6F@269s dist-rwt=74.2F@270s | lift=0.0F pwr=54W
2026-09-28 20:39:23.738 [UnknownChannels] no value: required-energy | stale: transactive-power,usable-energy,zone1-living-rm-heat-call,zone2-bedroom-heat-call
2026-09-28 20:39:38.741 [UnknownChannels] no value: required-energy | stale: transactive-power,usable-energy,zone1-living-rm-heat-call,zone2-bedroom-heat-call
2026-09-28 20:39:53.480 [sieg-loop] sieg-view SteadyBlend keep=27.5s hp-lwt=67.3F@18s hp-ewt=68.0F@11s sieg-hot=68.3F@94s sieg-cold=68.1F@2s sieg-flow=0.80gpm@100s sieg-send-flow*=3.07gpm@14s primary-flow*=3.87gpm@14s hp-odu-pwr=54W@293s hp-idu-pwr=0W@293s buffer-hot-pipe=93.1F@147s buffer-cold-pipe=90.6F@194s store-hot-pipe=70.2F@125s dist-swt=78.6F@299s dist-rwt=74.2F@0s | lift=0.0F pwr=54W
2026-09-28 20:39:53.743 [UnknownChannels] no value: required-energy | stale: transactive-power,usable-energy,zone1-living-rm-heat-call,zone2-bedroom-heat-call
2026-09-28 20:39:58.269 [lc] Top state: Dormant
2026-09-28 20:39:58.270 [lc] LocalControl: AllTanks  |  State: Dormant
2026-09-28 20:39:58.801 Top state: Admin
2026-09-28 20:39:58.802 Auto state: Dormant
2026-09-28 20:40:00.887 [derived-generator] [HeatCall periodic] zone1-living-rm-heat-call now=1790642400.9 next=1790642400 period=300
2026-09-28 20:40:00.888 [derived-generator] [HeatCall periodic] zone2-bedroom-heat-call now=1790642400.9 next=1790642400 period=300
2026-09-28 20:40:08.745 [UnknownChannels] no value: required-energy | stale: usable-energy
2026-09-28 20:40:18.081 [scada] Admin timeout renewed: 300 seconds
2026-09-28 20:40:23.483 [sieg-loop] sieg-view SteadyBlend keep=27.5s hp-lwt=67.6F@2s hp-ewt=68.2F@5s sieg-hot=68.4F@14s sieg-cold=68.4F@14s sieg-flow=0.80gpm@14s sieg-send-flow*=3.06gpm@11s primary-flow*=3.86gpm@11s hp-odu-pwr=56W@23s hp-idu-pwr=0W@23s buffer-hot-pipe=93.1F@177s buffer-cold-pipe=90.6F@224s store-hot-pipe=70.4F@8s dist-swt=78.4F@29s dist-rwt=74.2F@30s | lift=0.0F pwr=56W
2026-09-28 20:40:23.748 [UnknownChannels] no value: required-energy | stale: usable-energy
2026-09-28 20:40:38.751 [UnknownChannels] no value: required-energy | stale: usable-energy
2026-09-28 20:40:42.144 [scada] AdminDispatch MoveToFullSend to admin.sieg-loop
2026-09-28 20:40:42.146 [sieg-loop] MoveToFullSend from admin: the loop is held until the tree changes hands
2026-09-28 20:40:42.147 [sieg-loop] Full run to send
2026-09-28 20:40:42.149 [sieg-loop] admin.sieg-loop sending SendMore to HpLoopKeepSend relay admin.sieg-loop.hp-loop-keep-send-relay
2026-09-28 20:40:42.151 [sieg-loop] admin.sieg-loop sending CloseRelay to HpLoopOnOff relay admin.sieg-loop.hp-loop-on-off-relay
2026-09-28 20:40:42.151 [sieg-loop] StartKeepingLess: SteadyBlend -> KeepingLess
2026-09-28 20:40:42.153 [sieg-loop] sieg-view KeepingLess keep=27.5s hp-lwt=67.7F@0s hp-ewt=68.3F@10s sieg-hot=68.4F@32s sieg-cold=68.4F@32s sieg-flow=0.80gpm@32s sieg-send-flow*=3.06gpm@16s primary-flow*=3.86gpm@16s hp-odu-pwr=56W@41s hp-idu-pwr=0W@41s buffer-hot-pipe=93.1F@196s buffer-cold-pipe=90.6F@243s store-hot-pipe=70.4F@27s dist-swt=81.6F@0s dist-rwt=70.1F@1s | lift=0.0F pwr=56W
2026-09-28 20:40:42.154 [sieg-loop] Motor toward send for 104 s from keep_seconds 27.5
2026-09-28 20:40:53.485 [sieg-loop] sieg-view KeepingLess keep=27.5s hp-lwt=67.7F@11s hp-ewt=68.4F@1s sieg-hot=68.4F@44s sieg-cold=68.4F@44s sieg-flow=0.00gpm@6s sieg-send-flow*=3.39gpm@8s primary-flow*=3.39gpm@6s hp-odu-pwr=56W@53s hp-idu-pwr=0W@53s buffer-hot-pipe=93.1F@207s buffer-cold-pipe=83.6F@1s store-hot-pipe=70.4F@38s dist-swt=91.4F@1s dist-rwt=64.1F@0s | lift=0.0F pwr=56W
2026-09-28 20:40:53.753 [UnknownChannels] no value: required-energy | stale: usable-energy
2026-09-28 20:40:58.271 [lc] Top state: Dormant
2026-09-28 20:40:58.272 [lc] LocalControl: AllTanks  |  State: Dormant
2026-09-28 20:41:08.756 [UnknownChannels] no value: required-energy | stale: usable-energy
2026-09-28 20:41:23.488 [sieg-loop] sieg-view KeepingLess keep=27.5s hp-lwt=67.9F@4s hp-ewt=68.6F@4s sieg-hot=68.4F@74s sieg-cold=68.4F@74s sieg-flow=0.00gpm@36s sieg-send-flow*=4.11gpm@6s primary-flow*=4.11gpm@6s hp-odu-pwr=56W@83s hp-idu-pwr=0W@83s buffer-hot-pipe=94.9F@12s buffer-cold-pipe=67.9F@2s store-hot-pipe=70.8F@12s dist-swt=94.3F@16s dist-rwt=63.2F@20s | lift=0.0F pwr=56W
2026-09-28 20:41:23.759 [UnknownChannels] no value: required-energy | stale: usable-energy
2026-09-28 20:41:38.760 [UnknownChannels] no value: required-energy | stale: usable-energy
2026-09-28 20:41:53.489 [sieg-loop] sieg-view KeepingLess keep=27.5s hp-lwt=68.2F@12s hp-ewt=68.9F@1s sieg-hot=68.4F@104s sieg-cold=68.8F@21s sieg-flow=0.00gpm@66s sieg-send-flow*=4.14gpm@5s primary-flow*=4.14gpm@5s hp-odu-pwr=56W@113s hp-idu-pwr=0W@113s buffer-hot-pipe=94.9F@42s buffer-cold-pipe=65.2F@6s store-hot-pipe=70.8F@42s dist-swt=95.2F@24s dist-rwt=63.2F@50s | lift=0.0F pwr=56W
2026-09-28 20:41:53.762 [UnknownChannels] no value: required-energy | stale: usable-energy
2026-09-28 20:41:58.275 [lc] Top state: Dormant
2026-09-28 20:41:58.276 [lc] LocalControl: AllTanks  |  State: Dormant
2026-09-28 20:42:08.764 [UnknownChannels] no value: required-energy | stale: transactive-power,usable-energy,zone1-living-rm-heat-call,zone2-bedroom-heat-call
2026-09-28 20:42:18.083 [scada] Admin timeout renewed: 300 seconds
2026-09-28 20:42:23.493 [sieg-loop] sieg-view KeepingLess keep=27.5s hp-lwt=68.4F@8s hp-ewt=69.0F@20s sieg-hot=68.4F@134s sieg-cold=69.2F@6s sieg-flow=0.00gpm@96s sieg-send-flow*=4.14gpm@11s primary-flow*=4.14gpm@11s hp-odu-pwr=56W@143s hp-idu-pwr=0W@143s buffer-hot-pipe=94.9F@72s buffer-cold-pipe=65.2F@36s store-hot-pipe=71.2F@27s dist-swt=95.2F@54s dist-rwt=63.2F@80s | lift=0.0F pwr=56W
2026-09-28 20:42:23.767 [UnknownChannels] no value: required-energy | stale: transactive-power,usable-energy,zone1-living-rm-heat-call,zone2-bedroom-heat-call
2026-09-28 20:42:26.182 [sieg-loop] admin.sieg-loop sending OpenRelay to HpLoopOnOff relay admin.sieg-loop.hp-loop-on-off-relay
2026-09-28 20:42:26.182 [sieg-loop] ResetToFullySend: KeepingLess -> FullySend
2026-09-28 20:42:26.183 [sieg-loop] sieg-view FullySend keep=0.0s hp-lwt=68.4F@11s hp-ewt=69.0F@23s sieg-hot=68.4F@136s sieg-cold=69.2F@8s sieg-flow=0.00gpm@98s sieg-send-flow*=4.15gpm@2s primary-flow*=4.15gpm@2s hp-odu-pwr=56W@145s hp-idu-pwr=0W@145s buffer-hot-pipe=94.9F@75s buffer-cold-pipe=65.2F@38s store-hot-pipe=71.2F@30s dist-swt=95.2F@56s dist-rwt=63.2F@82s | lift=0.0F pwr=56W
2026-09-28 20:42:26.184 [sieg-loop] Motor stopped after 104.0 s: keep_seconds 0
2026-09-28 20:42:31.147 [scada] AdminDispatch DischargeStore to admin.charge-discharge-relay
2026-09-28 20:42:33.202 [scada] AdminDispatch MoveToFullKeep to admin.sieg-loop
2026-09-28 20:42:33.205 [sieg-loop] MoveToFullKeep from admin: the loop is held until the tree changes hands
2026-09-28 20:42:33.206 [sieg-loop] Full run to keep
2026-09-28 20:42:33.209 [sieg-loop] admin.sieg-loop sending SendLessto HpLoopKeepSend relay admin.sieg-loop.hp-loop-keep-send-relay
2026-09-28 20:42:33.210 [sieg-loop] admin.sieg-loop sending CloseRelay to HpLoopOnOff relay admin.sieg-loop.hp-loop-on-off-relay
2026-09-28 20:42:33.211 [sieg-loop] StartKeepingMore: FullySend -> KeepingMore
2026-09-28 20:42:33.213 [sieg-loop] sieg-view KeepingMore keep=0.0s hp-lwt=68.4F@18s hp-ewt=69.0F@2s sieg-hot=68.4F@143s sieg-cold=69.2F@15s sieg-flow=0.00gpm@105s sieg-send-flow*=4.15gpm@9s primary-flow*=4.15gpm@9s hp-odu-pwr=56W@152s hp-idu-pwr=0W@152s buffer-hot-pipe=94.9F@82s buffer-cold-pipe=65.2F@45s store-hot-pipe=71.2F@37s dist-swt=95.2F@63s dist-rwt=63.2F@89s | lift=0.0F pwr=56W
2026-09-28 20:42:33.214 [sieg-loop] Motor toward keep for 104 s from keep_seconds 0
2026-09-28 20:42:38.768 [UnknownChannels] no value: required-energy | stale: transactive-power,usable-energy,zone1-living-rm-heat-call,zone2-bedroom-heat-call
2026-09-28 20:42:53.497 [sieg-loop] sieg-view KeepingMore keep=0.0s hp-lwt=68.5F@4s hp-ewt=69.0F@0s sieg-hot=68.4F@164s sieg-cold=69.2F@36s sieg-flow=0.00gpm@126s sieg-send-flow*=4.23gpm@13s primary-flow*=4.23gpm@13s hp-odu-pwr=56W@173s hp-idu-pwr=0W@173s buffer-hot-pipe=91.9F@1s buffer-cold-pipe=65.2F@66s store-hot-pipe=71.2F@58s dist-swt=89.0F@0s dist-rwt=64.1F@15s | lift=0.0F pwr=56W
2026-09-28 20:42:53.771 [UnknownChannels] no value: required-energy | stale: transactive-power,usable-energy,zone1-living-rm-heat-call,zone2-bedroom-heat-call
2026-09-28 20:42:58.278 [lc] Top state: Dormant
2026-09-28 20:42:58.278 [lc] LocalControl: AllTanks  |  State: Dormant
2026-09-28 20:43:08.774 [UnknownChannels] no value: required-energy | stale: transactive-power,usable-energy,zone1-living-rm-heat-call,zone2-bedroom-heat-call
2026-09-28 20:43:23.500 [sieg-loop] sieg-view KeepingMore keep=0.0s hp-lwt=67.3F@4s hp-ewt=68.3F@9s sieg-hot=68.4F@194s sieg-cold=68.5F@11s sieg-flow=3.42gpm@1s sieg-send-flow*=1.17gpm@4s primary-flow*=4.59gpm@1s hp-odu-pwr=56W@203s hp-idu-pwr=0W@203s buffer-hot-pipe=76.8F@8s buffer-cold-pipe=75.5F@2s store-hot-pipe=71.2F@88s dist-swt=71.5F@7s dist-rwt=66.0F@2s | lift=0.0F pwr=56W
2026-09-28 20:43:23.776 [UnknownChannels] no value: required-energy | stale: transactive-power,usable-energy,zone2-bedroom-heat-call
2026-09-28 20:43:24.154 [scada] AdminDispatch StopValve to admin.sieg-loop
2026-09-28 20:43:24.155 [sieg-loop] StopValve from admin: the loop is held until the tree changes hands
2026-09-28 20:43:24.156 [sieg-loop] Stopping the motor
2026-09-28 20:43:24.157 [sieg-loop] admin.sieg-loop sending OpenRelay to HpLoopOnOff relay admin.sieg-loop.hp-loop-on-off-relay
2026-09-28 20:43:24.157 [sieg-loop] StopKeepingMore: KeepingMore -> SteadyBlend
2026-09-28 20:43:24.158 [sieg-loop] sieg-view SteadyBlend keep=50.9s hp-lwt=67.3F@4s hp-ewt=68.4F@1s sieg-hot=68.4F@194s sieg-cold=68.5F@11s sieg-flow=3.50gpm@0s sieg-send-flow*=1.17gpm@5s primary-flow*=4.67gpm@0s hp-odu-pwr=56W@203s hp-idu-pwr=0W@203s buffer-hot-pipe=76.8F@9s buffer-cold-pipe=75.5F@2s store-hot-pipe=71.2F@88s dist-swt=71.5F@8s dist-rwt=66.0F@2s | lift=0.0F pwr=56W
2026-09-28 20:43:24.158 [sieg-loop] Motor stopped after 50.9 s: keep_seconds 50.9
2026-09-28 20:43:38.777 [UnknownChannels] no value: required-energy | stale: transactive-power,usable-energy,zone2-bedroom-heat-call
2026-09-28 20:43:53.503 [sieg-loop] sieg-view SteadyBlend keep=50.9s hp-lwt=67.4F@1s hp-ewt=67.8F@6s sieg-hot=68.4F@224s sieg-cold=67.3F@7s sieg-flow=3.56gpm@29s sieg-send-flow*=0.78gpm@12s primary-flow*=4.34gpm@12s hp-odu-pwr=56W@233s hp-idu-pwr=0W@233s buffer-hot-pipe=73.1F@2s buffer-cold-pipe=80.2F@7s store-hot-pipe=71.2F@118s dist-swt=71.5F@37s dist-rwt=66.9F@17s | lift=0.0F pwr=56W
2026-09-28 20:43:53.779 [UnknownChannels] no value: required-energy | stale: transactive-power,usable-energy,zone2-bedroom-heat-call
2026-09-28 20:43:58.280 [lc] Top state: Dormant
2026-09-28 20:43:58.280 [lc] LocalControl: AllTanks  |  State: Dormant
2026-09-28 20:44:08.781 [UnknownChannels] no value: required-energy | stale: transactive-power,usable-energy,zone2-bedroom-heat-call
2026-09-28 20:44:18.099 [scada] Admin timeout renewed: 300 seconds
2026-09-28 20:44:23.505 [sieg-loop] sieg-view SteadyBlend keep=50.9s hp-lwt=68.3F@1s hp-ewt=70.6F@0s sieg-hot=68.4F@254s sieg-cold=74.0F@2s sieg-flow=3.56gpm@59s sieg-send-flow*=0.78gpm@20s primary-flow*=4.34gpm@20s hp-odu-pwr=56W@263s hp-idu-pwr=0W@263s buffer-hot-pipe=70.3F@3s buffer-cold-pipe=83.0F@9s store-hot-pipe=71.2F@148s dist-swt=70.6F@11s dist-rwt=66.9F@47s | lift=0.0F pwr=56W
2026-09-28 20:44:23.784 [UnknownChannels] no value: required-energy | stale: transactive-power,usable-energy,zone2-bedroom-heat-call
2026-09-28 20:44:38.787 [UnknownChannels] no value: required-energy | stale: transactive-power,usable-energy,zone2-bedroom-heat-call
2026-09-28 20:44:53.509 [sieg-loop] sieg-view SteadyBlend keep=50.9s hp-lwt=70.9F@1s hp-ewt=73.1F@0s sieg-hot=70.0F@1s sieg-cold=77.9F@1s sieg-flow=3.61gpm@4s sieg-send-flow*=0.78gpm@17s primary-flow*=4.39gpm@4s hp-odu-pwr=56W@293s hp-idu-pwr=0W@293s buffer-hot-pipe=69.4F@9s buffer-cold-pipe=85.7F@3s store-hot-pipe=71.2F@178s dist-swt=70.6F@41s dist-rwt=66.9F@77s | lift=0.0F pwr=56W
2026-09-28 20:44:53.789 [UnknownChannels] no value: required-energy | stale: transactive-power,usable-energy,zone2-bedroom-heat-call
2026-09-28 20:44:58.281 [lc] Top state: Dormant
2026-09-28 20:44:58.282 [lc] LocalControl: AllTanks  |  State: Dormant
2026-09-28 20:44:58.801 Top state: Admin
2026-09-28 20:44:58.801 Auto state: Dormant
2026-09-28 20:45:00.932 [derived-generator] [HeatCall periodic] zone1-living-rm-heat-call now=1790642700.9 next=1790642700 period=300
2026-09-28 20:45:00.933 [derived-generator] [HeatCall periodic] zone2-bedroom-heat-call now=1790642700.9 next=1790642700 period=300
2026-09-28 20:45:08.793 [UnknownChannels] no value: required-energy | stale: usable-energy
2026-09-28 20:45:23.512 [sieg-loop] sieg-view SteadyBlend keep=50.9s hp-lwt=73.2F@1s hp-ewt=75.8F@1s sieg-hot=71.4F@8s sieg-cold=79.5F@7s sieg-flow=3.59gpm@14s sieg-send-flow*=0.78gpm@14s primary-flow*=4.37gpm@14s hp-odu-pwr=58W@23s hp-idu-pwr=0W@23s buffer-hot-pipe=69.4F@39s buffer-cold-pipe=87.6F@11s store-hot-pipe=71.2F@9s dist-swt=70.6F@71s dist-rwt=66.9F@107s | lift=0.0F pwr=58W
2026-09-28 20:45:23.794 [UnknownChannels] no value: required-energy | stale: usable-energy
2026-09-28 20:45:38.797 [UnknownChannels] no value: required-energy | stale: usable-energy
2026-09-28 20:45:53.515 [sieg-loop] sieg-view SteadyBlend keep=50.9s hp-lwt=75.9F@0s hp-ewt=78.4F@1s sieg-hot=73.4F@5s sieg-cold=82.0F@5s sieg-flow=3.59gpm@44s sieg-send-flow*=0.78gpm@11s primary-flow*=4.37gpm@11s hp-odu-pwr=58W@53s hp-idu-pwr=0W@53s buffer-hot-pipe=70.3F@6s buffer-cold-pipe=89.4F@7s store-hot-pipe=71.2F@39s dist-swt=70.6F@101s dist-rwt=66.9F@137s | lift=0.0F pwr=58W
2026-09-28 20:45:53.799 [UnknownChannels] no value: required-energy | stale: usable-energy
2026-09-28 20:45:54.157 [scada] AdminDispatch MoveToFullSend to admin.sieg-loop
2026-09-28 20:45:54.159 [sieg-loop] MoveToFullSend from admin: the loop is held until the tree changes hands
2026-09-28 20:45:54.160 [sieg-loop] Full run to send
2026-09-28 20:45:54.162 [sieg-loop] admin.sieg-loop sending SendMore to HpLoopKeepSend relay admin.sieg-loop.hp-loop-keep-send-relay
2026-09-28 20:45:54.163 [sieg-loop] admin.sieg-loop sending CloseRelay to HpLoopOnOff relay admin.sieg-loop.hp-loop-on-off-relay
2026-09-28 20:45:54.164 [sieg-loop] StartKeepingLess: SteadyBlend -> KeepingLess
2026-09-28 20:45:54.166 [sieg-loop] sieg-view KeepingLess keep=50.9s hp-lwt=76.0F@0s hp-ewt=78.5F@0s sieg-hot=73.4F@5s sieg-cold=82.0F@5s sieg-flow=3.59gpm@44s sieg-send-flow*=0.78gpm@12s primary-flow*=4.37gpm@12s hp-odu-pwr=58W@53s hp-idu-pwr=0W@53s buffer-hot-pipe=70.3F@7s buffer-cold-pipe=89.4F@8s store-hot-pipe=71.2F@39s dist-swt=70.6F@101s dist-rwt=66.9F@137s | lift=0.0F pwr=58W
2026-09-28 20:45:54.166 [sieg-loop] Motor toward send for 104 s from keep_seconds 50.9
2026-09-28 20:45:58.282 [lc] Top state: Dormant
2026-09-28 20:45:58.283 [lc] LocalControl: AllTanks  |  State: Dormant
2026-09-28 20:46:08.801 [UnknownChannels] no value: required-energy | stale: usable-energy
2026-09-28 20:46:18.092 [scada] Admin timeout renewed: 300 seconds
2026-09-28 20:46:23.517 [sieg-loop] sieg-view KeepingLess keep=50.9s hp-lwt=78.8F@0s hp-ewt=85.5F@0s sieg-hot=75.3F@5s sieg-cold=83.2F@9s sieg-flow=0.00gpm@1s sieg-send-flow*=2.77gpm@8s primary-flow*=2.77gpm@1s hp-odu-pwr=58W@83s hp-idu-pwr=0W@83s buffer-hot-pipe=73.1F@0s buffer-cold-pipe=90.4F@8s store-hot-pipe=71.2F@69s dist-swt=70.6F@131s dist-rwt=66.9F@167s | lift=0.0F pwr=58W
2026-09-28 20:46:23.803 [UnknownChannels] no value: required-energy | stale: usable-energy
2026-09-28 20:46:38.806 [UnknownChannels] no value: required-energy | stale: usable-energy
2026-09-28 20:46:53.519 [sieg-loop] sieg-view KeepingLess keep=50.9s hp-lwt=86.2F@0s hp-ewt=91.0F@0s sieg-hot=75.7F@21s sieg-cold=84.8F@11s sieg-flow=0.00gpm@31s sieg-send-flow*=4.33gpm@13s primary-flow*=4.33gpm@13s hp-odu-pwr=58W@113s hp-idu-pwr=0W@113s buffer-hot-pipe=78.7F@1s buffer-cold-pipe=90.4F@38s store-hot-pipe=71.2F@99s dist-swt=70.6F@161s dist-rwt=66.9F@197s | lift=0.0F pwr=58W
2026-09-28 20:46:53.808 [UnknownChannels] no value: required-energy | stale: usable-energy
2026-09-28 20:46:58.285 [lc] Top state: Dormant
2026-09-28 20:46:58.286 [lc] LocalControl: AllTanks  |  State: Dormant
2026-09-28 20:47:08.810 [UnknownChannels] no value: required-energy | stale: transactive-power,usable-energy,zone1-living-rm-heat-call,zone2-bedroom-heat-call
2026-09-28 20:47:23.522 [sieg-loop] sieg-view KeepingLess keep=50.9s hp-lwt=89.6F@0s hp-ewt=91.5F@3s sieg-hot=75.7F@51s sieg-cold=85.6F@2s sieg-flow=0.00gpm@61s sieg-send-flow*=4.34gpm@2s primary-flow*=4.34gpm@2s hp-odu-pwr=58W@143s hp-idu-pwr=0W@143s buffer-hot-pipe=85.2F@4s buffer-cold-pipe=90.4F@68s store-hot-pipe=71.2F@129s dist-swt=70.6F@191s dist-rwt=66.9F@227s | lift=0.0F pwr=58W
2026-09-28 20:47:23.812 [UnknownChannels] no value: required-energy | stale: transactive-power,usable-energy,zone1-living-rm-heat-call,zone2-bedroom-heat-call
2026-09-28 20:47:38.194 [sieg-loop] admin.sieg-loop sending OpenRelay to HpLoopOnOff relay admin.sieg-loop.hp-loop-on-off-relay
2026-09-28 20:47:38.195 [sieg-loop] ResetToFullySend: KeepingLess -> FullySend
2026-09-28 20:47:38.198 [sieg-loop] sieg-view FullySend keep=0.0s hp-lwt=90.1F@4s hp-ewt=91.3F@8s sieg-hot=76.2F@10s sieg-cold=85.9F@0s sieg-flow=0.00gpm@75s sieg-send-flow*=4.35gpm@11s primary-flow*=4.35gpm@11s hp-odu-pwr=58W@157s hp-idu-pwr=0W@157s buffer-hot-pipe=87.0F@7s buffer-cold-pipe=90.4F@82s store-hot-pipe=71.2F@143s dist-swt=70.6F@205s dist-rwt=66.9F@241s | lift=0.0F pwr=58W
2026-09-28 20:47:38.199 [sieg-loop] Motor stopped after 104.0 s: keep_seconds 0
2026-09-28 20:47:38.814 [UnknownChannels] no value: required-energy | stale: transactive-power,usable-energy,zone1-living-rm-heat-call,zone2-bedroom-heat-call
2026-09-28 20:47:43.160 [scada] AdminDispatch DischargeStore to admin.charge-discharge-relay
2026-09-28 20:47:45.182 [scada] AdminDispatch MoveToFullKeep to admin.sieg-loop
2026-09-28 20:47:45.183 [sieg-loop] MoveToFullKeep from admin: the loop is held until the tree changes hands
2026-09-28 20:47:45.183 [sieg-loop] Full run to keep
2026-09-28 20:47:45.184 [sieg-loop] admin.sieg-loop sending SendLessto HpLoopKeepSend relay admin.sieg-loop.hp-loop-keep-send-relay
2026-09-28 20:47:45.185 [sieg-loop] admin.sieg-loop sending CloseRelay to HpLoopOnOff relay admin.sieg-loop.hp-loop-on-off-relay
2026-09-28 20:47:45.185 [sieg-loop] StartKeepingMore: FullySend -> KeepingMore
2026-09-28 20:47:45.187 [sieg-loop] sieg-view KeepingMore keep=0.0s hp-lwt=90.3F@1s hp-ewt=91.5F@2s sieg-hot=76.2F@17s sieg-cold=85.9F@7s sieg-flow=0.00gpm@82s sieg-send-flow*=4.35gpm@3s primary-flow*=4.35gpm@3s hp-odu-pwr=58W@164s hp-idu-pwr=0W@164s buffer-hot-pipe=87.9F@5s buffer-cold-pipe=90.4F@89s store-hot-pipe=71.2F@150s dist-swt=70.6F@212s dist-rwt=66.9F@248s | lift=0.0F pwr=58W
2026-09-28 20:47:45.187 [sieg-loop] Motor toward keep for 104 s from keep_seconds 0
2026-09-28 20:47:53.525 [sieg-loop] sieg-view KeepingMore keep=0.0s hp-lwt=90.3F@10s hp-ewt=91.8F@2s sieg-hot=76.5F@3s sieg-cold=85.9F@16s sieg-flow=0.00gpm@91s sieg-send-flow*=4.35gpm@11s primary-flow*=4.35gpm@11s hp-odu-pwr=58W@173s hp-idu-pwr=0W@173s buffer-hot-pipe=88.9F@0s buffer-cold-pipe=91.3F@2s store-hot-pipe=71.2F@159s dist-swt=70.6F@221s dist-rwt=66.9F@257s | lift=0.0F pwr=58W
2026-09-28 20:47:53.817 [UnknownChannels] no value: required-energy | stale: transactive-power,usable-energy,zone1-living-rm-heat-call,zone2-bedroom-heat-call
2026-09-28 20:47:58.287 [lc] Top state: Dormant
2026-09-28 20:47:58.288 [lc] LocalControl: AllTanks  |  State: Dormant
2026-09-28 20:48:08.819 [UnknownChannels] no value: required-energy | stale: transactive-power,usable-energy,zone1-living-rm-heat-call,zone2-bedroom-heat-call
2026-09-28 20:48:18.093 [scada] Admin timeout renewed: 300 seconds
2026-09-28 20:48:23.528 [sieg-loop] sieg-view KeepingMore keep=0.0s hp-lwt=91.2F@1s hp-ewt=89.5F@0s sieg-hot=76.5F@3s sieg-cold=86.3F@5s sieg-flow=1.91gpm@1s sieg-send-flow*=3.19gpm@7s primary-flow*=5.10gpm@1s hp-odu-pwr=58W@203s hp-idu-pwr=0W@203s buffer-hot-pipe=89.8F@7s buffer-cold-pipe=91.3F@32s store-hot-pipe=71.2F@189s dist-swt=70.6F@251s dist-rwt=66.9F@287s | lift=1.7F pwr=58W
2026-09-28 20:48:23.821 [UnknownChannels] no value: required-energy | stale: transactive-power,usable-energy,zone1-living-rm-heat-call,zone2-bedroom-heat-call
2026-09-28 20:48:38.823 [UnknownChannels] no value: required-energy | stale: transactive-power,usable-energy,zone1-living-rm-heat-call,zone2-bedroom-heat-call
2026-09-28 20:48:53.530 [sieg-loop] sieg-view KeepingMore keep=0.0s hp-lwt=88.8F@0s hp-ewt=89.9F@0s sieg-hot=82.2F@8s sieg-cold=85.5F@18s sieg-flow=4.52gpm@2s sieg-send-flow*=0.01gpm@8s primary-flow*=4.53gpm@2s hp-odu-pwr=58W@233s hp-idu-pwr=0W@233s buffer-hot-pipe=89.8F@37s buffer-cold-pipe=92.2F@28s store-hot-pipe=71.2F@219s dist-swt=70.6F@281s dist-rwt=66.5F@17s | lift=0.0F pwr=58W
2026-09-28 20:48:53.826 [UnknownChannels] no value: required-energy | stale: transactive-power,usable-energy,zone1-living-rm-heat-call,zone2-bedroom-heat-call
2026-09-28 20:48:58.289 [lc] Top state: Dormant
2026-09-28 20:48:58.290 [lc] LocalControl: AllTanks  |  State: Dormant
2026-09-28 20:49:08.828 [UnknownChannels] no value: required-energy | stale: transactive-power,usable-energy,zone1-living-rm-heat-call,zone2-bedroom-heat-call
2026-09-28 20:49:23.533 [sieg-loop] sieg-view KeepingMore keep=0.0s hp-lwt=89.1F@2s hp-ewt=89.8F@4s sieg-hot=83.7F@12s sieg-cold=84.3F@1s sieg-flow=5.08gpm@14s sieg-send-flow*=0.01gpm@38s primary-flow*=5.09gpm@14s hp-odu-pwr=58W@263s hp-idu-pwr=0W@263s buffer-hot-pipe=89.8F@67s buffer-cold-pipe=92.2F@58s store-hot-pipe=71.6F@18s dist-swt=70.2F@11s dist-rwt=66.5F@47s | lift=0.0F pwr=58W
2026-09-28 20:49:23.830 [UnknownChannels] no value: required-energy | stale: transactive-power,usable-energy,zone1-living-rm-heat-call,zone2-bedroom-heat-call
2026-09-28 20:49:29.203 [sieg-loop] admin.sieg-loop sending OpenRelay to HpLoopOnOff relay admin.sieg-loop.hp-loop-on-off-relay
2026-09-28 20:49:29.207 [sieg-loop] ResetToFullyKeep: KeepingMore -> FullyKeep
2026-09-28 20:49:29.210 [sieg-loop] sieg-view FullyKeep keep=94.0s hp-lwt=89.1F@8s hp-ewt=89.7F@4s sieg-hot=83.7F@17s sieg-cold=84.3F@6s sieg-flow=5.08gpm@19s sieg-send-flow*=0.01gpm@44s primary-flow*=5.09gpm@19s hp-odu-pwr=58W@268s hp-idu-pwr=0W@268s buffer-hot-pipe=89.8F@73s buffer-cold-pipe=92.2F@64s store-hot-pipe=71.6F@23s dist-swt=70.2F@17s dist-rwt=66.5F@53s | lift=0.0F pwr=58W
2026-09-28 20:49:29.211 [sieg-loop] Motor stopped after 104.0 s: keep_seconds 94
2026-09-28 20:49:34.162 [scada] AdminDispatch MoveToFullSend to admin.sieg-loop
2026-09-28 20:49:34.163 [sieg-loop] MoveToFullSend from admin: the loop is held until the tree changes hands
2026-09-28 20:49:34.163 [sieg-loop] Full run to send
2026-09-28 20:49:34.164 [sieg-loop] admin.sieg-loop sending SendMore to HpLoopKeepSend relay admin.sieg-loop.hp-loop-keep-send-relay
2026-09-28 20:49:34.165 [sieg-loop] admin.sieg-loop sending CloseRelay to HpLoopOnOff relay admin.sieg-loop.hp-loop-on-off-relay
2026-09-28 20:49:34.165 [sieg-loop] StartKeepingLess: FullyKeep -> KeepingLess
2026-09-28 20:49:34.166 [sieg-loop] sieg-view KeepingLess keep=94.0s hp-lwt=89.1F@12s hp-ewt=89.8F@1s sieg-hot=84.1F@0s sieg-cold=84.3F@11s sieg-flow=5.08gpm@24s sieg-send-flow*=0.01gpm@49s primary-flow*=5.09gpm@24s hp-odu-pwr=58W@273s hp-idu-pwr=0W@273s buffer-hot-pipe=89.8F@78s buffer-cold-pipe=92.2F@69s store-hot-pipe=71.6F@28s dist-swt=70.2F@22s dist-rwt=66.5F@58s | lift=0.0F pwr=58W
2026-09-28 20:49:34.167 [sieg-loop] Motor toward send for 104 s from keep_seconds 94
2026-09-28 20:49:38.832 [UnknownChannels] no value: required-energy | stale: transactive-power,usable-energy,zone1-living-rm-heat-call,zone2-bedroom-heat-call
2026-09-28 20:49:53.536 [sieg-loop] sieg-view KeepingLess keep=94.0s hp-lwt=88.9F@1s hp-ewt=89.7F@11s sieg-hot=84.1F@20s sieg-cold=84.3F@31s sieg-flow=5.02gpm@2s sieg-send-flow*=0.01gpm@68s primary-flow*=5.03gpm@2s hp-odu-pwr=58W@293s hp-idu-pwr=0W@293s buffer-hot-pipe=89.8F@97s buffer-cold-pipe=92.2F@88s store-hot-pipe=71.9F@15s dist-swt=70.2F@41s dist-rwt=66.5F@77s | lift=0.0F pwr=58W
2026-09-28 20:49:53.834 [UnknownChannels] no value: required-energy | stale: transactive-power,usable-energy,zone1-living-rm-heat-call,zone2-bedroom-heat-call
2026-09-28 20:49:58.291 [lc] Top state: Dormant
2026-09-28 20:49:58.291 [lc] LocalControl: AllTanks  |  State: Dormant
2026-09-28 20:49:58.802 Top state: Admin
2026-09-28 20:49:58.802 Auto state: Dormant
2026-09-28 20:50:00.216 [derived-generator] [HeatCall periodic] zone1-living-rm-heat-call now=1790643000.2 next=1790643000 period=300
2026-09-28 20:50:00.216 [derived-generator] [HeatCall periodic] zone2-bedroom-heat-call now=1790643000.2 next=1790643000 period=300
2026-09-28 20:50:08.836 [UnknownChannels] no value: required-energy | stale: usable-energy
2026-09-28 20:50:18.090 [scada] Admin timeout renewed: 300 seconds
2026-09-28 20:50:20.189 [scada] AdminDispatch StopValve to admin.sieg-loop
2026-09-28 20:50:20.191 [sieg-loop] StopValve from admin: the loop is held until the tree changes hands
2026-09-28 20:50:20.191 [sieg-loop] Stopping the motor
2026-09-28 20:50:20.192 [sieg-loop] admin.sieg-loop sending OpenRelay to HpLoopOnOff relay admin.sieg-loop.hp-loop-on-off-relay
2026-09-28 20:50:20.192 [sieg-loop] StopKeepingLess: KeepingLess -> SteadyBlend
2026-09-28 20:50:20.193 [sieg-loop] sieg-view SteadyBlend keep=48.0s hp-lwt=88.9F@19s hp-ewt=89.9F@2s sieg-hot=84.2F@10s sieg-cold=84.9F@3s sieg-flow=3.73gpm@0s sieg-send-flow*=0.01gpm@6s primary-flow*=3.74gpm@0s hp-odu-pwr=54W@20s hp-idu-pwr=2W@20s buffer-hot-pipe=89.8F@124s buffer-cold-pipe=92.2F@115s store-hot-pipe=72.3F@5s dist-swt=70.2F@68s dist-rwt=66.5F@104s | lift=0.0F pwr=56W
2026-09-28 20:50:20.193 [sieg-loop] Motor stopped after 46.0 s: keep_seconds 48.0
2026-09-28 20:50:23.540 [sieg-loop] sieg-view SteadyBlend keep=48.0s hp-lwt=88.9F@22s hp-ewt=90.0F@1s sieg-hot=84.2F@14s sieg-cold=84.9F@7s sieg-flow=3.66gpm@3s sieg-send-flow*=0.71gpm@4s primary-flow*=4.37gpm@3s hp-odu-pwr=54W@23s hp-idu-pwr=2W@23s buffer-hot-pipe=89.8F@127s buffer-cold-pipe=92.2F@118s store-hot-pipe=72.3F@9s dist-swt=70.2F@71s dist-rwt=66.5F@107s | lift=0.0F pwr=56W
2026-09-28 20:50:23.838 [UnknownChannels] no value: required-energy | stale: usable-energy
2026-09-28 20:50:38.843 [UnknownChannels] no value: required-energy | stale: usable-energy
2026-09-28 20:50:53.542 [sieg-loop] sieg-view SteadyBlend keep=48.0s hp-lwt=89.2F@11s hp-ewt=90.1F@0s sieg-hot=84.2F@44s sieg-cold=84.4F@3s sieg-flow=3.66gpm@33s sieg-send-flow*=0.79gpm@11s primary-flow*=4.45gpm@11s hp-odu-pwr=54W@53s hp-idu-pwr=2W@53s buffer-hot-pipe=89.8F@157s buffer-cold-pipe=92.2F@148s store-hot-pipe=72.3F@39s dist-swt=70.2F@101s dist-rwt=66.5F@137s | lift=0.0F pwr=56W
2026-09-28 20:50:53.845 [UnknownChannels] no value: required-energy | stale: usable-energy
2026-09-28 20:50:58.293 [lc] Top state: Dormant
2026-09-28 20:50:58.294 [lc] LocalControl: AllTanks  |  State: Dormant
2026-09-28 20:51:08.846 [UnknownChannels] no value: required-energy | stale: usable-energy
2026-09-28 20:51:23.545 [sieg-loop] sieg-view SteadyBlend keep=48.0s hp-lwt=89.5F@4s hp-ewt=90.5F@5s sieg-hot=84.5F@16s sieg-cold=85.3F@13s sieg-flow=3.66gpm@63s sieg-send-flow*=0.79gpm@19s primary-flow*=4.45gpm@19s hp-odu-pwr=54W@83s hp-idu-pwr=2W@83s buffer-hot-pipe=88.9F@24s buffer-cold-pipe=92.2F@178s store-hot-pipe=73.0F@12s dist-swt=70.2F@131s dist-rwt=66.5F@167s | lift=0.0F pwr=56W
2026-09-28 20:51:23.848 [UnknownChannels] no value: required-energy | stale: usable-energy
2026-09-28 20:51:38.852 [UnknownChannels] no value: required-energy | stale: usable-energy
2026-09-28 20:51:53.547 [sieg-loop] sieg-view SteadyBlend keep=48.0s hp-lwt=89.8F@2s hp-ewt=90.8F@3s sieg-hot=84.5F@46s sieg-cold=84.8F@27s sieg-flow=3.64gpm@16s sieg-send-flow*=0.79gpm@16s primary-flow*=4.43gpm@16s hp-odu-pwr=54W@113s hp-idu-pwr=2W@113s buffer-hot-pipe=88.9F@54s buffer-cold-pipe=92.2F@208s store-hot-pipe=73.4F@2s dist-swt=70.2F@161s dist-rwt=66.5F@197s | lift=0.0F pwr=56W
2026-09-28 20:51:53.854 [UnknownChannels] no value: required-energy | stale: usable-energy
2026-09-28 20:51:58.297 [lc] Top state: Dormant
2026-09-28 20:51:58.298 [lc] LocalControl: AllTanks  |  State: Dormant
2026-09-28 20:52:08.856 [UnknownChannels] no value: required-energy | stale: transactive-power,usable-energy,zone1-living-rm-heat-call,zone2-bedroom-heat-call
2026-09-28 20:52:18.096 [scada] Admin timeout renewed: 300 seconds
2026-09-28 20:52:23.551 [sieg-loop] sieg-view SteadyBlend keep=48.0s hp-lwt=90.0F@10s hp-ewt=91.1F@7s sieg-hot=84.9F@3s sieg-cold=86.0F@5s sieg-flow=3.64gpm@46s sieg-send-flow*=0.79gpm@13s primary-flow*=4.43gpm@13s hp-odu-pwr=54W@143s hp-idu-pwr=2W@143s buffer-hot-pipe=88.9F@84s buffer-cold-pipe=92.2F@238s store-hot-pipe=73.8F@15s dist-swt=70.2F@191s dist-rwt=66.5F@227s | lift=0.0F pwr=56W
2026-09-28 20:52:23.859 [UnknownChannels] no value: required-energy | stale: transactive-power,usable-energy,zone1-living-rm-heat-call,zone2-bedroom-heat-call
2026-09-28 20:52:38.860 [UnknownChannels] no value: required-energy | stale: transactive-power,usable-energy,zone1-living-rm-heat-call,zone2-bedroom-heat-call
2026-09-28 20:52:50.171 [scada] AdminDispatch MoveToFullSend to admin.sieg-loop
2026-09-28 20:52:50.172 [sieg-loop] MoveToFullSend from admin: the loop is held until the tree changes hands
2026-09-28 20:52:50.173 [sieg-loop] Full run to send
2026-09-28 20:52:50.174 [sieg-loop] admin.sieg-loop sending SendMore to HpLoopKeepSend relay admin.sieg-loop.hp-loop-keep-send-relay
2026-09-28 20:52:50.174 [sieg-loop] admin.sieg-loop sending CloseRelay to HpLoopOnOff relay admin.sieg-loop.hp-loop-on-off-relay
2026-09-28 20:52:50.175 [sieg-loop] StartKeepingLess: SteadyBlend -> KeepingLess
2026-09-28 20:52:50.176 [sieg-loop] sieg-view KeepingLess keep=48.0s hp-lwt=90.2F@11s hp-ewt=91.2F@13s sieg-hot=84.9F@29s sieg-cold=85.3F@6s sieg-flow=3.64gpm@72s sieg-send-flow*=0.79gpm@18s primary-flow*=4.43gpm@18s hp-odu-pwr=54W@170s hp-idu-pwr=2W@170s buffer-hot-pipe=88.9F@110s buffer-cold-pipe=92.2F@265s store-hot-pipe=74.2F@3s dist-swt=71.1F@12s dist-rwt=66.5F@254s | lift=0.0F pwr=56W
2026-09-28 20:52:50.176 [sieg-loop] Motor toward send for 104 s from keep_seconds 48.0
2026-09-28 20:52:53.554 [sieg-loop] sieg-view KeepingLess keep=48.0s hp-lwt=90.4F@1s hp-ewt=91.2F@16s sieg-hot=84.9F@33s sieg-cold=85.3F@10s sieg-flow=3.55gpm@1s sieg-send-flow*=0.79gpm@21s primary-flow*=4.34gpm@1s hp-odu-pwr=54W@173s hp-idu-pwr=2W@173s buffer-hot-pipe=88.9F@114s buffer-cold-pipe=92.2F@268s store-hot-pipe=74.2F@7s dist-swt=71.1F@16s dist-rwt=66.5F@257s | lift=0.0F pwr=56W
2026-09-28 20:52:53.862 [UnknownChannels] no value: required-energy | stale: transactive-power,usable-energy,zone1-living-rm-heat-call,zone2-bedroom-heat-call
2026-09-28 20:52:58.301 [lc] Top state: Dormant
2026-09-28 20:52:58.302 [lc] LocalControl: AllTanks  |  State: Dormant
2026-09-28 20:53:08.865 [UnknownChannels] no value: required-energy | stale: transactive-power,usable-energy,zone1-living-rm-heat-call,zone2-bedroom-heat-call
2026-09-28 20:53:23.556 [sieg-loop] sieg-view KeepingLess keep=48.0s hp-lwt=90.6F@1s hp-ewt=92.5F@0s sieg-hot=85.3F@25s sieg-cold=85.7F@19s sieg-flow=0.00gpm@8s sieg-send-flow*=3.86gpm@7s primary-flow*=3.86gpm@7s hp-odu-pwr=54W@203s hp-idu-pwr=2W@203s buffer-hot-pipe=88.9F@144s buffer-cold-pipe=92.2F@298s store-hot-pipe=74.5F@15s dist-swt=71.1F@46s dist-rwt=66.5F@287s | lift=0.0F pwr=56W
2026-09-28 20:53:23.867 [UnknownChannels] no value: required-energy | stale: transactive-power,usable-energy,zone1-living-rm-heat-call,zone2-bedroom-heat-call
2026-09-28 20:53:38.870 [UnknownChannels] no value: required-energy | stale: transactive-power,usable-energy,zone1-living-rm-heat-call,zone2-bedroom-heat-call
2026-09-28 20:53:53.559 [sieg-loop] sieg-view KeepingLess keep=48.0s hp-lwt=91.5F@6s hp-ewt=92.9F@18s sieg-hot=84.9F@2s sieg-cold=85.7F@49s sieg-flow=0.00gpm@38s sieg-send-flow*=4.32gpm@5s primary-flow*=4.32gpm@5s hp-odu-pwr=54W@233s hp-idu-pwr=2W@233s buffer-hot-pipe=89.8F@24s buffer-cold-pipe=92.2F@29s store-hot-pipe=75.3F@2s dist-swt=71.1F@76s dist-rwt=66.4F@18s | lift=0.0F pwr=56W
2026-09-28 20:53:53.872 [UnknownChannels] no value: required-energy | stale: transactive-power,usable-energy,zone1-living-rm-heat-call,zone2-bedroom-heat-call
2026-09-28 20:53:58.304 [lc] Top state: Dormant
2026-09-28 20:53:58.304 [lc] LocalControl: AllTanks  |  State: Dormant
2026-09-28 20:54:08.875 [UnknownChannels] no value: required-energy | stale: transactive-power,usable-energy,zone1-living-rm-heat-call,zone2-bedroom-heat-call
2026-09-28 20:54:18.102 [scada] Admin timeout renewed: 300 seconds
2026-09-28 20:54:23.562 [sieg-loop] sieg-view KeepingLess keep=48.0s hp-lwt=92.0F@15s hp-ewt=93.0F@25s sieg-hot=84.5F@3s sieg-cold=86.5F@6s sieg-flow=0.00gpm@68s sieg-send-flow*=4.36gpm@2s primary-flow*=4.36gpm@2s hp-odu-pwr=54W@263s hp-idu-pwr=2W@263s buffer-hot-pipe=90.7F@26s buffer-cold-pipe=92.2F@59s store-hot-pipe=76.0F@11s dist-swt=71.1F@106s dist-rwt=66.4F@48s | lift=0.0F pwr=56W
2026-09-28 20:54:23.877 [UnknownChannels] no value: required-energy | stale: transactive-power,usable-energy,zone1-living-rm-heat-call,zone2-bedroom-heat-call
2026-09-28 20:54:34.190 [sieg-loop] admin.sieg-loop sending OpenRelay to HpLoopOnOff relay admin.sieg-loop.hp-loop-on-off-relay
2026-09-28 20:54:34.190 [sieg-loop] ResetToFullySend: KeepingLess -> FullySend
2026-09-28 20:54:34.191 [sieg-loop] sieg-view FullySend keep=0.0s hp-lwt=92.1F@3s hp-ewt=93.0F@36s sieg-hot=84.5F@13s sieg-cold=86.1F@1s sieg-flow=0.00gpm@78s sieg-send-flow*=4.36gpm@1s primary-flow*=4.36gpm@1s hp-odu-pwr=54W@274s hp-idu-pwr=2W@274s buffer-hot-pipe=91.6F@5s buffer-cold-pipe=92.2F@69s store-hot-pipe=76.4F@6s dist-swt=71.1F@116s dist-rwt=66.4F@58s | lift=0.0F pwr=56W
2026-09-28 20:54:34.191 [sieg-loop] Motor stopped after 104.0 s: keep_seconds 0
2026-09-28 20:54:38.881 [UnknownChannels] no value: required-energy | stale: transactive-power,usable-energy,zone1-living-rm-heat-call,zone2-bedroom-heat-call
2026-09-28 20:54:39.436 [scada] AdminDispatch ChargeStore to admin.charge-discharge-relay
2026-09-28 20:54:41.636 [scada] AdminDispatch MoveToFullKeep to admin.sieg-loop
2026-09-28 20:54:41.639 [sieg-loop] MoveToFullKeep from admin: the loop is held until the tree changes hands
2026-09-28 20:54:41.640 [sieg-loop] Full run to keep
2026-09-28 20:54:41.642 [sieg-loop] admin.sieg-loop sending SendLessto HpLoopKeepSend relay admin.sieg-loop.hp-loop-keep-send-relay
2026-09-28 20:54:41.643 [sieg-loop] admin.sieg-loop sending CloseRelay to HpLoopOnOff relay admin.sieg-loop.hp-loop-on-off-relay
2026-09-28 20:54:41.644 [sieg-loop] StartKeepingMore: FullySend -> KeepingMore
2026-09-28 20:54:41.647 [sieg-loop] sieg-view KeepingMore keep=0.0s hp-lwt=92.1F@10s hp-ewt=93.1F@7s sieg-hot=84.5F@21s sieg-cold=86.5F@1s sieg-flow=0.00gpm@86s sieg-send-flow*=4.36gpm@8s primary-flow*=4.36gpm@8s hp-odu-pwr=54W@281s hp-idu-pwr=2W@281s buffer-hot-pipe=91.6F@12s buffer-cold-pipe=92.2F@77s store-hot-pipe=76.8F@3s dist-swt=71.1F@124s dist-rwt=66.4F@66s | lift=0.0F pwr=56W
2026-09-28 20:54:41.647 [sieg-loop] Motor toward keep for 104 s from keep_seconds 0
2026-09-28 20:54:53.565 [sieg-loop] sieg-view KeepingMore keep=0.0s hp-lwt=92.2F@5s hp-ewt=93.1F@19s sieg-hot=84.5F@33s sieg-cold=86.5F@13s sieg-flow=0.00gpm@98s sieg-send-flow*=4.35gpm@17s primary-flow*=4.35gpm@17s hp-odu-pwr=54W@293s hp-idu-pwr=2W@293s buffer-hot-pipe=91.6F@24s buffer-cold-pipe=92.2F@89s store-hot-pipe=77.2F@3s dist-swt=72.0F@6s dist-rwt=66.4F@78s | lift=0.0F pwr=56W
2026-09-28 20:54:53.884 [UnknownChannels] no value: required-energy | stale: transactive-power,usable-energy,zone1-living-rm-heat-call,zone2-bedroom-heat-call
2026-09-28 20:54:58.305 [lc] Top state: Dormant
2026-09-28 20:54:58.306 [lc] LocalControl: AllTanks  |  State: Dormant
2026-09-28 20:54:58.801 Top state: Admin
2026-09-28 20:54:58.801 Auto state: Dormant
2026-09-28 20:55:00.262 [derived-generator] [HeatCall periodic] zone1-living-rm-heat-call now=1790643300.3 next=1790643300 period=300
2026-09-28 20:55:00.263 [derived-generator] [HeatCall periodic] zone2-bedroom-heat-call now=1790643300.3 next=1790643300 period=300
2026-09-28 20:55:08.887 [UnknownChannels] no value: required-energy | stale: usable-energy
2026-09-28 20:55:17.237 [scada] AdminDispatch StopValve to admin.sieg-loop
2026-09-28 20:55:17.240 [sieg-loop] StopValve from admin: the loop is held until the tree changes hands
2026-09-28 20:55:17.241 [sieg-loop] Stopping the motor
2026-09-28 20:55:17.244 [sieg-loop] admin.sieg-loop sending OpenRelay to HpLoopOnOff relay admin.sieg-loop.hp-loop-on-off-relay
2026-09-28 20:55:17.244 [sieg-loop] StopKeepingMore: KeepingMore -> SteadyBlend
2026-09-28 20:55:17.247 [sieg-loop] sieg-view SteadyBlend keep=35.6s hp-lwt=92.2F@0s hp-ewt=88.9F@0s sieg-hot=84.3F@7s sieg-cold=83.4F@1s sieg-flow=1.48gpm@0s sieg-send-flow*=3.97gpm@3s primary-flow*=5.45gpm@0s hp-odu-pwr=54W@17s hp-idu-pwr=0W@17s buffer-hot-pipe=91.6F@48s buffer-cold-pipe=92.2F@112s store-hot-pipe=91.6F@0s dist-swt=72.0F@29s dist-rwt=66.4F@101s | lift=3.3F pwr=54W
2026-09-28 20:55:17.247 [sieg-loop] Motor stopped after 35.6 s: keep_seconds 35.6
2026-09-28 20:55:23.567 [sieg-loop] sieg-view SteadyBlend keep=35.6s hp-lwt=92.0F@1s hp-ewt=87.0F@1s sieg-hot=84.3F@14s sieg-cold=81.4F@2s sieg-flow=1.74gpm@5s sieg-send-flow*=2.46gpm@6s primary-flow*=4.20gpm@5s hp-odu-pwr=54W@23s hp-idu-pwr=0W@23s buffer-hot-pipe=91.6F@54s buffer-cold-pipe=92.2F@119s store-hot-pipe=92.4F@2s dist-swt=72.0F@36s dist-rwt=66.4F@108s | lift=5.0F pwr=54W
2026-09-28 20:55:23.889 [UnknownChannels] no value: required-energy | stale: usable-energy
2026-09-28 20:55:38.891 [UnknownChannels] no value: required-energy | stale: usable-energy
2026-09-28 20:55:53.570 [sieg-loop] sieg-view SteadyBlend keep=35.6s hp-lwt=84.6F@0s hp-ewt=80.2F@0s sieg-hot=85.2F@18s sieg-cold=72.9F@1s sieg-flow=1.74gpm@35s sieg-send-flow*=2.42gpm@14s primary-flow*=4.16gpm@14s hp-odu-pwr=54W@53s hp-idu-pwr=0W@53s buffer-hot-pipe=91.6F@84s buffer-cold-pipe=92.2F@149s store-hot-pipe=92.4F@3s dist-swt=72.0F@66s dist-rwt=66.4F@138s | lift=4.4F pwr=54W
2026-09-28 20:55:53.894 [UnknownChannels] no value: required-energy | stale: usable-energy
2026-09-28 20:55:58.307 [lc] Top state: Dormant
2026-09-28 20:55:58.307 [lc] LocalControl: AllTanks  |  State: Dormant
2026-09-28 20:56:08.896 [UnknownChannels] no value: required-energy | stale: usable-energy
2026-09-28 20:56:18.102 [scada] Admin timeout renewed: 300 seconds
2026-09-28 20:56:23.572 [sieg-loop] sieg-view SteadyBlend keep=35.6s hp-lwt=78.8F@0s hp-ewt=76.3F@0s sieg-hot=81.4F@3s sieg-cold=70.8F@9s sieg-flow=1.74gpm@65s sieg-send-flow*=2.38gpm@4s primary-flow*=4.12gpm@4s hp-odu-pwr=54W@83s hp-idu-pwr=0W@83s buffer-hot-pipe=91.6F@114s buffer-cold-pipe=92.2F@179s store-hot-pipe=85.6F@1s dist-swt=72.0F@96s dist-rwt=66.4F@168s | lift=2.4F pwr=54W
2026-09-28 20:56:23.898 [UnknownChannels] no value: required-energy | stale: usable-energy
2026-09-28 20:56:38.901 [UnknownChannels] no value: required-energy | stale: usable-energy
2026-09-28 20:56:53.575 [sieg-loop] sieg-view SteadyBlend keep=35.6s hp-lwt=75.0F@0s hp-ewt=73.7F@0s sieg-hot=77.4F@1s sieg-cold=70.1F@17s sieg-flow=1.74gpm@95s sieg-send-flow*=2.38gpm@19s primary-flow*=4.12gpm@19s hp-odu-pwr=54W@113s hp-idu-pwr=0W@113s buffer-hot-pipe=91.6F@144s buffer-cold-pipe=92.2F@209s store-hot-pipe=80.5F@2s dist-swt=72.0F@126s dist-rwt=66.4F@198s | lift=1.4F pwr=54W
2026-09-28 20:56:53.904 [UnknownChannels] no value: required-energy | stale: usable-energy
2026-09-28 20:56:58.309 [lc] Top state: Dormant
2026-09-28 20:56:58.309 [lc] LocalControl: AllTanks  |  State: Dormant
2026-09-28 20:57:08.906 [UnknownChannels] no value: required-energy | stale: transactive-power,usable-energy,zone1-living-rm-heat-call,zone2-bedroom-heat-call
2026-09-28 20:57:23.578 [sieg-loop] sieg-view SteadyBlend keep=35.6s hp-lwt=72.8F@0s hp-ewt=72.1F@2s sieg-hot=74.8F@2s sieg-cold=69.7F@27s sieg-flow=1.74gpm@125s sieg-send-flow*=2.38gpm@16s primary-flow*=4.12gpm@16s hp-odu-pwr=54W@143s hp-idu-pwr=0W@143s buffer-hot-pipe=91.6F@174s buffer-cold-pipe=92.2F@239s store-hot-pipe=77.6F@1s dist-swt=72.0F@156s dist-rwt=66.4F@228s | lift=0.7F pwr=54W
2026-09-28 20:57:23.908 [UnknownChannels] no value: required-energy | stale: transactive-power,usable-energy,zone1-living-rm-heat-call,zone2-bedroom-heat-call
2026-09-28 20:57:38.911 [UnknownChannels] no value: required-energy | stale: transactive-power,usable-energy,zone1-living-rm-heat-call,zone2-bedroom-heat-call
2026-09-28 20:57:47.184 [scada] AdminDispatch MoveToFullSend to admin.sieg-loop
2026-09-28 20:57:47.187 [sieg-loop] MoveToFullSend from admin: the loop is held until the tree changes hands
2026-09-28 20:57:47.188 [sieg-loop] Full run to send
2026-09-28 20:57:47.191 [sieg-loop] admin.sieg-loop sending SendMore to HpLoopKeepSend relay admin.sieg-loop.hp-loop-keep-send-relay
2026-09-28 20:57:47.192 [sieg-loop] admin.sieg-loop sending CloseRelay to HpLoopOnOff relay admin.sieg-loop.hp-loop-on-off-relay
2026-09-28 20:57:47.193 [sieg-loop] StartKeepingLess: SteadyBlend -> KeepingLess
2026-09-28 20:57:47.195 [sieg-loop] sieg-view KeepingLess keep=35.6s hp-lwt=71.7F@0s hp-ewt=71.5F@1s sieg-hot=73.2F@1s sieg-cold=69.7F@50s sieg-flow=1.74gpm@148s sieg-send-flow*=2.38gpm@18s primary-flow*=4.12gpm@18s hp-odu-pwr=54W@167s hp-idu-pwr=0W@167s buffer-hot-pipe=91.6F@198s buffer-cold-pipe=92.2F@262s store-hot-pipe=76.0F@2s dist-swt=73.0F@5s dist-rwt=66.4F@251s | lift=0.3F pwr=54W
2026-09-28 20:57:47.196 [sieg-loop] Motor toward send for 104 s from keep_seconds 35.6
2026-09-28 20:57:53.580 [sieg-loop] sieg-view KeepingLess keep=35.6s hp-lwt=71.4F@1s hp-ewt=71.3F@3s sieg-hot=73.2F@8s sieg-cold=69.7F@57s sieg-flow=1.56gpm@1s sieg-send-flow*=2.38gpm@13s primary-flow*=3.94gpm@1s hp-odu-pwr=54W@173s hp-idu-pwr=0W@173s buffer-hot-pipe=91.6F@204s buffer-cold-pipe=91.3F@6s store-hot-pipe=75.6F@2s dist-swt=73.0F@12s dist-rwt=66.4F@258s | lift=0.1F pwr=54W
2026-09-28 20:57:53.913 [UnknownChannels] no value: required-energy | stale: transactive-power,usable-energy,zone1-living-rm-heat-call,zone2-bedroom-heat-call
2026-09-28 20:57:58.311 [lc] Top state: Dormant
2026-09-28 20:57:58.312 [lc] LocalControl: AllTanks  |  State: Dormant
2026-09-28 20:58:08.915 [UnknownChannels] no value: required-energy | stale: transactive-power,usable-energy,zone1-living-rm-heat-call,zone2-bedroom-heat-call
2026-09-28 20:58:18.101 [scada] Admin timeout renewed: 300 seconds
2026-09-28 20:58:23.584 [sieg-loop] sieg-view KeepingLess keep=35.6s hp-lwt=70.5F@1s hp-ewt=70.2F@1s sieg-hot=72.0F@2s sieg-cold=69.7F@87s sieg-flow=0.00gpm@23s sieg-send-flow*=4.12gpm@13s primary-flow*=4.12gpm@13s hp-odu-pwr=54W@203s hp-idu-pwr=0W@203s buffer-hot-pipe=91.6F@234s buffer-cold-pipe=91.3F@36s store-hot-pipe=74.1F@1s dist-swt=73.0F@42s dist-rwt=66.4F@288s | lift=0.3F pwr=54W
2026-09-28 20:58:23.918 [UnknownChannels] no value: required-energy | stale: transactive-power,usable-energy,zone1-living-rm-heat-call,zone2-bedroom-heat-call
2026-09-28 20:58:38.921 [UnknownChannels] no value: required-energy | stale: transactive-power,usable-energy,zone1-living-rm-heat-call,zone2-bedroom-heat-call
2026-09-28 20:58:53.588 [sieg-loop] sieg-view KeepingLess keep=35.6s hp-lwt=69.7F@5s hp-ewt=70.1F@7s sieg-hot=71.7F@22s sieg-cold=69.7F@117s sieg-flow=0.00gpm@53s sieg-send-flow*=4.12gpm@10s primary-flow*=4.12gpm@10s hp-odu-pwr=54W@233s hp-idu-pwr=0W@233s buffer-hot-pipe=91.6F@264s buffer-cold-pipe=90.4F@6s store-hot-pipe=73.4F@11s dist-swt=73.0F@72s dist-rwt=67.0F@17s | lift=0.0F pwr=54W
2026-09-28 20:58:53.922 [UnknownChannels] no value: required-energy | stale: transactive-power,usable-energy,zone1-living-rm-heat-call,zone2-bedroom-heat-call
2026-09-28 20:58:58.315 [lc] Top state: Dormant
2026-09-28 20:58:58.316 [lc] LocalControl: AllTanks  |  State: Dormant
2026-09-28 20:59:08.925 [UnknownChannels] no value: required-energy | stale: transactive-power,usable-energy,zone1-living-rm-heat-call,zone2-bedroom-heat-call
2026-09-28 20:59:23.591 [sieg-loop] sieg-view KeepingLess keep=35.6s hp-lwt=69.6F@15s hp-ewt=70.1F@37s sieg-hot=71.7F@52s sieg-cold=70.1F@17s sieg-flow=0.00gpm@83s sieg-send-flow*=4.12gpm@11s primary-flow*=4.12gpm@11s hp-odu-pwr=54W@263s hp-idu-pwr=0W@263s buffer-hot-pipe=91.6F@294s buffer-cold-pipe=90.4F@36s store-hot-pipe=73.0F@26s dist-swt=73.0F@102s dist-rwt=67.0F@47s | lift=0.0F pwr=54W
2026-09-28 20:59:23.928 [UnknownChannels] no value: required-energy | stale: transactive-power,usable-energy,zone1-living-rm-heat-call,zone2-bedroom-heat-call
2026-09-28 20:59:31.229 [sieg-loop] admin.sieg-loop sending OpenRelay to HpLoopOnOff relay admin.sieg-loop.hp-loop-on-off-relay
2026-09-28 20:59:31.230 [sieg-loop] ResetToFullySend: KeepingLess -> FullySend
2026-09-28 20:59:31.233 [sieg-loop] sieg-view FullySend keep=0.0s hp-lwt=69.6F@22s hp-ewt=70.2F@6s sieg-hot=71.7F@59s sieg-cold=70.1F@24s sieg-flow=0.00gpm@90s sieg-send-flow*=4.12gpm@2s primary-flow*=4.12gpm@2s hp-odu-pwr=54W@271s hp-idu-pwr=0W@271s buffer-hot-pipe=90.9F@2s buffer-cold-pipe=90.4F@43s store-hot-pipe=73.0F@33s dist-swt=73.0F@109s dist-rwt=67.0F@55s | lift=0.0F pwr=54W
2026-09-28 20:59:31.234 [sieg-loop] Motor stopped after 104.0 s: keep_seconds 0
2026-09-28 20:59:36.180 [scada] AdminDispatch ChargeStore to admin.charge-discharge-relay
2026-09-28 20:59:38.185 [scada] AdminDispatch MoveToFullKeep to admin.sieg-loop
2026-09-28 20:59:38.186 [sieg-loop] MoveToFullKeep from admin: the loop is held until the tree changes hands
2026-09-28 20:59:38.187 [sieg-loop] Full run to keep
2026-09-28 20:59:38.188 [sieg-loop] admin.sieg-loop sending SendLessto HpLoopKeepSend relay admin.sieg-loop.hp-loop-keep-send-relay
2026-09-28 20:59:38.188 [sieg-loop] admin.sieg-loop sending CloseRelay to HpLoopOnOff relay admin.sieg-loop.hp-loop-on-off-relay
2026-09-28 20:59:38.188 [sieg-loop] StartKeepingMore: FullySend -> KeepingMore
2026-09-28 20:59:38.189 [sieg-loop] sieg-view KeepingMore keep=0.0s hp-lwt=69.6F@29s hp-ewt=70.2F@13s sieg-hot=71.7F@66s sieg-cold=70.1F@31s sieg-flow=0.00gpm@97s sieg-send-flow*=4.12gpm@9s primary-flow*=4.12gpm@9s hp-odu-pwr=54W@278s hp-idu-pwr=0W@278s buffer-hot-pipe=90.9F@9s buffer-cold-pipe=90.4F@50s store-hot-pipe=73.0F@40s dist-swt=73.0F@116s dist-rwt=67.0F@62s | lift=0.0F pwr=54W
2026-09-28 20:59:38.189 [sieg-loop] Motor toward keep for 104 s from keep_seconds 0
2026-09-28 20:59:38.930 [UnknownChannels] no value: required-energy | stale: transactive-power,usable-energy,zone1-living-rm-heat-call,zone2-bedroom-heat-call
2026-09-28 20:59:53.595 [sieg-loop] sieg-view KeepingMore keep=0.0s hp-lwt=69.7F@15s hp-ewt=70.3F@5s sieg-hot=71.7F@82s sieg-cold=70.1F@47s sieg-flow=0.00gpm@113s sieg-send-flow*=4.08gpm@1s primary-flow*=4.08gpm@1s hp-odu-pwr=54W@293s hp-idu-pwr=0W@293s buffer-hot-pipe=90.9F@25s buffer-cold-pipe=90.4F@66s store-hot-pipe=73.0F@56s dist-swt=73.0F@132s dist-rwt=67.0F@77s | lift=0.0F pwr=54W
2026-09-28 20:59:53.932 [UnknownChannels] no value: required-energy | stale: transactive-power,usable-energy,zone1-living-rm-heat-call,zone2-bedroom-heat-call
2026-09-28 20:59:58.317 [lc] Top state: Dormant
2026-09-28 20:59:58.318 [lc] LocalControl: AllTanks  |  State: Dormant
2026-09-28 20:59:58.802 Top state: Admin
2026-09-28 20:59:58.806 Auto state: Dormant
2026-09-28 21:00:00.315 [derived-generator] [HeatCall periodic] zone1-living-rm-heat-call now=1790643600.3 next=1790643600 period=300
2026-09-28 21:00:00.315 [derived-generator] [HeatCall periodic] zone2-bedroom-heat-call now=1790643600.3 next=1790643600 period=300
2026-09-28 21:00:08.935 [UnknownChannels] no value: required-energy | stale: usable-energy
2026-09-28 21:00:18.106 [scada] Admin timeout renewed: 300 seconds
2026-09-28 21:00:23.598 [sieg-loop] sieg-view KeepingMore keep=0.0s hp-lwt=69.7F@22s hp-ewt=70.7F@2s sieg-hot=71.3F@14s sieg-cold=70.0F@14s sieg-flow=2.92gpm@1s sieg-send-flow*=2.39gpm@10s primary-flow*=5.31gpm@1s hp-odu-pwr=56W@23s hp-idu-pwr=0W@23s buffer-hot-pipe=90.9F@55s buffer-cold-pipe=90.4F@96s store-hot-pipe=72.8F@9s dist-swt=73.0F@162s dist-rwt=67.0F@107s | lift=0.0F pwr=56W
2026-09-28 21:00:23.937 [UnknownChannels] no value: required-energy | stale: usable-energy
2026-09-28 21:00:38.939 [UnknownChannels] no value: required-energy | stale: usable-energy
2026-09-28 21:00:53.601 [sieg-loop] sieg-view KeepingMore keep=0.0s hp-lwt=70.0F@12s hp-ewt=70.5F@6s sieg-hot=71.0F@26s sieg-cold=69.7F@9s sieg-flow=4.75gpm@1s sieg-send-flow*=0.08gpm@16s primary-flow*=4.83gpm@1s hp-odu-pwr=56W@53s hp-idu-pwr=0W@53s buffer-hot-pipe=90.9F@85s buffer-cold-pipe=89.5F@22s store-hot-pipe=72.8F@39s dist-swt=73.0F@192s dist-rwt=67.0F@137s | lift=0.0F pwr=56W
2026-09-28 21:00:53.942 [UnknownChannels] no value: required-energy | stale: usable-energy
2026-09-28 21:00:58.319 [lc] Top state: Dormant
2026-09-28 21:00:58.320 [lc] LocalControl: AllTanks  |  State: Dormant
2026-09-28 21:01:08.945 [UnknownChannels] no value: required-energy | stale: usable-energy
2026-09-28 21:01:22.203 [sieg-loop] admin.sieg-loop sending OpenRelay to HpLoopOnOff relay admin.sieg-loop.hp-loop-on-off-relay
2026-09-28 21:01:22.203 [sieg-loop] ResetToFullyKeep: KeepingMore -> FullyKeep
2026-09-28 21:01:22.204 [sieg-loop] sieg-view FullyKeep keep=94.0s hp-lwt=70.0F@23s hp-ewt=70.5F@12s sieg-hot=71.0F@54s sieg-cold=69.7F@37s sieg-flow=5.03gpm@19s sieg-send-flow*=0.00gpm@43s primary-flow*=5.03gpm@19s hp-odu-pwr=56W@82s hp-idu-pwr=0W@82s buffer-hot-pipe=90.9F@113s buffer-cold-pipe=89.5F@51s store-hot-pipe=72.8F@67s dist-swt=73.9F@0s dist-rwt=67.0F@166s | lift=0.0F pwr=56W
2026-09-28 21:01:22.204 [sieg-loop] Motor stopped after 104.0 s: keep_seconds 94
2026-09-28 21:01:23.604 [sieg-loop] sieg-view FullyKeep keep=94.0s hp-lwt=70.0F@24s hp-ewt=70.5F@13s sieg-hot=71.0F@56s sieg-cold=69.7F@39s sieg-flow=5.03gpm@21s sieg-send-flow*=0.00gpm@45s primary-flow*=5.03gpm@21s hp-odu-pwr=56W@83s hp-idu-pwr=0W@83s buffer-hot-pipe=90.9F@115s buffer-cold-pipe=89.5F@52s store-hot-pipe=72.8F@69s dist-swt=73.9F@2s dist-rwt=67.0F@167s | lift=0.0F pwr=56W
2026-09-28 21:01:23.947 [UnknownChannels] no value: required-energy | stale: usable-energy
2026-09-28 21:01:27.193 [scada] AdminDispatch MoveToFullSend to admin.sieg-loop
2026-09-28 21:01:27.196 [sieg-loop] MoveToFullSend from admin: the loop is held until the tree changes hands
2026-09-28 21:01:27.196 [sieg-loop] Full run to send
2026-09-28 21:01:27.199 [sieg-loop] admin.sieg-loop sending SendMore to HpLoopKeepSend relay admin.sieg-loop.hp-loop-keep-send-relay
2026-09-28 21:01:27.201 [sieg-loop] admin.sieg-loop sending CloseRelay to HpLoopOnOff relay admin.sieg-loop.hp-loop-on-off-relay
2026-09-28 21:01:27.201 [sieg-loop] StartKeepingLess: FullyKeep -> KeepingLess
2026-09-28 21:01:27.204 [sieg-loop] sieg-view KeepingLess keep=94.0s hp-lwt=70.0F@28s hp-ewt=70.5F@17s sieg-hot=71.0F@59s sieg-cold=69.7F@42s sieg-flow=5.03gpm@24s sieg-send-flow*=0.00gpm@48s primary-flow*=5.03gpm@24s hp-odu-pwr=56W@87s hp-idu-pwr=0W@87s buffer-hot-pipe=90.9F@118s buffer-cold-pipe=89.5F@56s store-hot-pipe=72.8F@72s dist-swt=73.9F@5s dist-rwt=67.0F@171s | lift=0.0F pwr=56W
2026-09-28 21:01:27.204 [sieg-loop] Motor toward send for 104 s from keep_seconds 94
2026-09-28 21:01:38.949 [UnknownChannels] no value: required-energy | stale: usable-energy
2026-09-28 21:01:53.607 [sieg-loop] sieg-view KeepingLess keep=94.0s hp-lwt=70.0F@3s hp-ewt=70.5F@43s sieg-hot=71.0F@86s sieg-cold=70.1F@12s sieg-flow=4.73gpm@2s sieg-send-flow*=0.00gpm@75s primary-flow*=4.73gpm@2s hp-odu-pwr=56W@113s hp-idu-pwr=0W@113s buffer-hot-pipe=90.9F@145s buffer-cold-pipe=88.6F@1s store-hot-pipe=72.8F@99s dist-swt=73.9F@32s dist-rwt=67.0F@197s | lift=0.0F pwr=56W
2026-09-28 21:01:53.951 [UnknownChannels] no value: required-energy | stale: usable-energy
2026-09-28 21:01:58.321 [lc] Top state: Dormant
2026-09-28 21:01:58.321 [lc] LocalControl: AllTanks  |  State: Dormant
2026-09-28 21:02:08.953 [UnknownChannels] no value: required-energy | stale: transactive-power,usable-energy,zone1-living-rm-heat-call,zone2-bedroom-heat-call
2026-09-28 21:02:13.192 [scada] AdminDispatch StopValve to admin.sieg-loop
2026-09-28 21:02:13.195 [sieg-loop] StopValve from admin: the loop is held until the tree changes hands
2026-09-28 21:02:13.196 [sieg-loop] Stopping the motor
2026-09-28 21:02:13.198 [sieg-loop] admin.sieg-loop sending OpenRelay to HpLoopOnOff relay admin.sieg-loop.hp-loop-on-off-relay
2026-09-28 21:02:13.199 [sieg-loop] StopKeepingLess: KeepingLess -> SteadyBlend
2026-09-28 21:02:13.201 [sieg-loop] sieg-view SteadyBlend keep=48.0s hp-lwt=70.0F@22s hp-ewt=70.5F@4s sieg-hot=70.6F@8s sieg-cold=70.1F@31s sieg-flow=3.71gpm@0s sieg-send-flow*=0.38gpm@3s primary-flow*=4.09gpm@0s hp-odu-pwr=56W@133s hp-idu-pwr=0W@133s buffer-hot-pipe=90.9F@164s buffer-cold-pipe=88.6F@21s store-hot-pipe=73.1F@2s dist-swt=73.9F@51s dist-rwt=67.0F@217s | lift=0.0F pwr=56W
2026-09-28 21:02:13.202 [sieg-loop] Motor stopped after 46.0 s: keep_seconds 48.0
2026-09-28 21:02:18.265 [scada] Admin timeout renewed: 300 seconds
2026-09-28 21:02:23.610 [sieg-loop] sieg-view SteadyBlend keep=48.0s hp-lwt=70.0F@33s hp-ewt=70.4F@9s sieg-hot=70.6F@19s sieg-cold=70.1F@42s sieg-flow=3.64gpm@10s sieg-send-flow*=0.75gpm@6s primary-flow*=4.39gpm@6s hp-odu-pwr=56W@143s hp-idu-pwr=0W@143s buffer-hot-pipe=90.9F@175s buffer-cold-pipe=88.6F@31s store-hot-pipe=73.1F@13s dist-swt=73.9F@62s dist-rwt=67.0F@227s | lift=0.0F pwr=56W
2026-09-28 21:02:23.955 [UnknownChannels] no value: required-energy | stale: transactive-power,usable-energy,zone1-living-rm-heat-call,zone2-bedroom-heat-call
2026-09-28 21:02:38.959 [UnknownChannels] no value: required-energy | stale: transactive-power,usable-energy,zone1-living-rm-heat-call,zone2-bedroom-heat-call
2026-09-28 21:02:53.612 [sieg-loop] sieg-view SteadyBlend keep=48.0s hp-lwt=70.0F@9s hp-ewt=70.4F@3s sieg-hot=70.6F@49s sieg-cold=70.1F@72s sieg-flow=3.64gpm@40s sieg-send-flow*=0.75gpm@21s primary-flow*=4.39gpm@21s hp-odu-pwr=56W@173s hp-idu-pwr=0W@173s buffer-hot-pipe=90.9F@205s buffer-cold-pipe=88.6F@61s store-hot-pipe=73.1F@43s dist-swt=73.9F@92s dist-rwt=67.0F@257s | lift=0.0F pwr=56W
2026-09-28 21:02:53.961 [UnknownChannels] no value: required-energy | stale: transactive-power,usable-energy,zone1-living-rm-heat-call,zone2-bedroom-heat-call
2026-09-28 21:02:58.323 [lc] Top state: Dormant
2026-09-28 21:02:58.324 [lc] LocalControl: AllTanks  |  State: Dormant
2026-09-28 21:03:08.962 [UnknownChannels] no value: required-energy | stale: transactive-power,usable-energy,zone1-living-rm-heat-call,zone2-bedroom-heat-call
2026-09-28 21:03:23.615 [sieg-loop] sieg-view SteadyBlend keep=48.0s hp-lwt=69.9F@0s hp-ewt=70.4F@1s sieg-hot=70.6F@79s sieg-cold=70.1F@102s sieg-flow=3.64gpm@70s sieg-send-flow*=0.75gpm@18s primary-flow*=4.39gpm@18s hp-odu-pwr=56W@203s hp-idu-pwr=0W@203s buffer-hot-pipe=90.9F@235s buffer-cold-pipe=88.6F@91s store-hot-pipe=73.1F@73s dist-swt=73.9F@122s dist-rwt=67.0F@287s | lift=0.0F pwr=56W
2026-09-28 21:03:23.964 [UnknownChannels] no value: required-energy | stale: transactive-power,usable-energy,zone1-living-rm-heat-call,zone2-bedroom-heat-call
2026-09-28 21:03:38.967 [UnknownChannels] no value: required-energy | stale: transactive-power,usable-energy,zone1-living-rm-heat-call,zone2-bedroom-heat-call
2026-09-28 21:03:53.618 [sieg-loop] sieg-view SteadyBlend keep=48.0s hp-lwt=69.9F@5s hp-ewt=70.4F@5s sieg-hot=70.6F@109s sieg-cold=70.1F@132s sieg-flow=3.64gpm@100s sieg-send-flow*=0.75gpm@15s primary-flow*=4.39gpm@15s hp-odu-pwr=56W@233s hp-idu-pwr=0W@233s buffer-hot-pipe=90.9F@265s buffer-cold-pipe=88.6F@121s store-hot-pipe=73.1F@103s dist-swt=73.9F@152s dist-rwt=67.7F@17s | lift=0.0F pwr=56W
2026-09-28 21:03:53.969 [UnknownChannels] no value: required-energy | stale: transactive-power,usable-energy,zone1-living-rm-heat-call,zone2-bedroom-heat-call
2026-09-28 21:03:58.327 [lc] Top state: Dormant
2026-09-28 21:03:58.328 [lc] LocalControl: AllTanks  |  State: Dormant
2026-09-28 21:04:08.972 [UnknownChannels] no value: required-energy | stale: transactive-power,usable-energy,zone1-living-rm-heat-call,zone2-bedroom-heat-call
2026-09-28 21:04:18.113 [scada] Admin timeout renewed: 300 seconds
2026-09-28 21:04:23.620 [sieg-loop] sieg-view SteadyBlend keep=48.0s hp-lwt=69.9F@2s hp-ewt=70.4F@35s sieg-hot=70.6F@139s sieg-cold=70.1F@162s sieg-flow=3.64gpm@130s sieg-send-flow*=0.75gpm@12s primary-flow*=4.39gpm@12s hp-odu-pwr=56W@263s hp-idu-pwr=0W@263s buffer-hot-pipe=90.0F@9s buffer-cold-pipe=88.6F@151s store-hot-pipe=73.1F@133s dist-swt=73.9F@182s dist-rwt=67.7F@47s | lift=0.0F pwr=56W
2026-09-28 21:04:23.976 [UnknownChannels] no value: required-energy | stale: transactive-power,usable-energy,zone1-living-rm-heat-call,zone2-bedroom-heat-call
2026-09-28 21:04:38.978 [UnknownChannels] no value: required-energy | stale: transactive-power,usable-energy,zone1-living-rm-heat-call,zone2-bedroom-heat-call
2026-09-28 21:04:43.206 [scada] AdminDispatch MoveToFullSend to admin.sieg-loop
2026-09-28 21:04:43.210 [sieg-loop] MoveToFullSend from admin: the loop is held until the tree changes hands
2026-09-28 21:04:43.211 [sieg-loop] Full run to send
2026-09-28 21:04:43.213 [sieg-loop] admin.sieg-loop sending SendMore to HpLoopKeepSend relay admin.sieg-loop.hp-loop-keep-send-relay
2026-09-28 21:04:43.214 [sieg-loop] admin.sieg-loop sending CloseRelay to HpLoopOnOff relay admin.sieg-loop.hp-loop-on-off-relay
2026-09-28 21:04:43.215 [sieg-loop] StartKeepingLess: SteadyBlend -> KeepingLess
2026-09-28 21:04:43.217 [sieg-loop] sieg-view KeepingLess keep=48.0s hp-lwt=70.0F@5s hp-ewt=70.4F@55s sieg-hot=70.6F@158s sieg-cold=69.7F@6s sieg-flow=3.64gpm@149s sieg-send-flow*=0.70gpm@11s primary-flow*=4.34gpm@11s hp-odu-pwr=56W@283s hp-idu-pwr=0W@283s buffer-hot-pipe=90.0F@29s buffer-cold-pipe=88.6F@171s store-hot-pipe=73.1F@152s dist-swt=73.9F@201s dist-rwt=67.7F@67s | lift=0.0F pwr=56W
2026-09-28 21:04:43.218 [sieg-loop] Motor toward send for 104 s from keep_seconds 48.0
2026-09-28 21:04:53.624 [sieg-loop] sieg-view KeepingLess keep=48.0s hp-lwt=69.9F@10s hp-ewt=70.4F@65s sieg-hot=70.6F@169s sieg-cold=69.7F@17s sieg-flow=2.81gpm@1s sieg-send-flow*=0.74gpm@19s primary-flow*=3.55gpm@1s hp-odu-pwr=56W@293s hp-idu-pwr=0W@293s buffer-hot-pipe=90.0F@39s buffer-cold-pipe=88.6F@181s store-hot-pipe=73.1F@163s dist-swt=73.9F@212s dist-rwt=67.7F@77s | lift=0.0F pwr=56W
2026-09-28 21:04:53.981 [UnknownChannels] no value: required-energy | stale: transactive-power,usable-energy,zone1-living-rm-heat-call,zone2-bedroom-heat-call
2026-09-28 21:04:58.330 [lc] Top state: Dormant
2026-09-28 21:04:58.331 [lc] LocalControl: AllTanks  |  State: Dormant
2026-09-28 21:04:58.801 Top state: Admin
2026-09-28 21:04:58.801 Auto state: Dormant
2026-09-28 21:05:00.392 [derived-generator] [HeatCall periodic] zone1-living-rm-heat-call now=1790643900.4 next=1790643900 period=300
2026-09-28 21:05:00.393 [derived-generator] [HeatCall periodic] zone2-bedroom-heat-call now=1790643900.4 next=1790643900 period=300
2026-09-28 21:05:08.983 [UnknownChannels] no value: required-energy | stale: usable-energy
2026-09-28 21:05:23.626 [sieg-loop] sieg-view KeepingLess keep=48.0s hp-lwt=69.9F@5s hp-ewt=70.6F@9s sieg-hot=70.4F@14s sieg-cold=70.0F@14s sieg-flow=0.00gpm@14s sieg-send-flow*=4.09gpm@8s primary-flow*=4.09gpm@8s hp-odu-pwr=54W@23s hp-idu-pwr=0W@23s buffer-hot-pipe=90.0F@69s buffer-cold-pipe=88.6F@211s store-hot-pipe=72.9F@9s dist-swt=73.9F@242s dist-rwt=67.7F@107s | lift=0.0F pwr=54W
2026-09-28 21:05:23.984 [UnknownChannels] no value: required-energy | stale: usable-energy
2026-09-28 21:05:38.986 [UnknownChannels] no value: required-energy | stale: usable-energy
2026-09-28 21:05:53.629 [sieg-loop] sieg-view KeepingLess keep=48.0s hp-lwt=70.0F@4s hp-ewt=70.4F@1s sieg-hot=70.4F@44s sieg-cold=70.0F@44s sieg-flow=0.00gpm@44s sieg-send-flow*=4.13gpm@11s primary-flow*=4.13gpm@11s hp-odu-pwr=54W@53s hp-idu-pwr=0W@53s buffer-hot-pipe=90.0F@99s buffer-cold-pipe=88.6F@241s store-hot-pipe=72.9F@39s dist-swt=73.9F@272s dist-rwt=67.7F@137s | lift=0.0F pwr=54W
2026-09-28 21:05:53.990 [UnknownChannels] no value: required-energy | stale: usable-energy
2026-09-28 21:05:58.332 [lc] Top state: Dormant
2026-09-28 21:05:58.333 [lc] LocalControl: AllTanks  |  State: Dormant
2026-09-28 21:06:08.992 [UnknownChannels] no value: required-energy | stale: usable-energy
2026-09-28 21:06:18.113 [scada] Admin timeout renewed: 300 seconds
2026-09-28 21:06:23.631 [sieg-loop] sieg-view KeepingLess keep=48.0s hp-lwt=70.0F@34s hp-ewt=70.5F@14s sieg-hot=70.4F@74s sieg-cold=70.0F@74s sieg-flow=0.00gpm@74s sieg-send-flow*=4.13gpm@6s primary-flow*=4.13gpm@6s hp-odu-pwr=54W@83s hp-idu-pwr=0W@83s buffer-hot-pipe=90.0F@129s buffer-cold-pipe=88.6F@271s store-hot-pipe=72.9F@69s dist-swt=74.3F@3s dist-rwt=67.7F@167s | lift=0.0F pwr=54W
2026-09-28 21:06:23.994 [UnknownChannels] no value: required-energy | stale: usable-energy
2026-09-28 21:06:27.252 [sieg-loop] admin.sieg-loop sending OpenRelay to HpLoopOnOff relay admin.sieg-loop.hp-loop-on-off-relay
2026-09-28 21:06:27.253 [sieg-loop] ResetToFullySend: KeepingLess -> FullySend
2026-09-28 21:06:27.255 [sieg-loop] sieg-view FullySend keep=0.0s hp-lwt=70.0F@37s hp-ewt=70.5F@17s sieg-hot=70.4F@77s sieg-cold=70.0F@77s sieg-flow=0.00gpm@77s sieg-send-flow*=4.13gpm@10s primary-flow*=4.13gpm@10s hp-odu-pwr=54W@87s hp-idu-pwr=0W@87s buffer-hot-pipe=90.0F@133s buffer-cold-pipe=88.6F@275s store-hot-pipe=72.9F@72s dist-swt=74.3F@6s dist-rwt=67.7F@171s | lift=0.0F pwr=54W
2026-09-28 21:06:27.256 [sieg-loop] Motor stopped after 104.0 s: keep_seconds 0
2026-09-28 21:06:32.434 [scada] Admin releases control: Auto
2026-09-28 21:06:32.441 [scada] AutoWakesUp: Dormant -> LocalControl
2026-09-28 21:06:32.447 [lc] Top State TopWakeUp: Dormant -> Normal
2026-09-28 21:06:32.447 [lc] need to initialize actuators again
2026-09-28 21:06:32.448 [lc] Set top state command tree
2026-09-28 21:06:32.452 [lc] Set auto.lc.n command tree
2026-09-28 21:06:32.452 [lc] WakeUp: Dormant -> Initializing
2026-09-28 21:06:32.453 [lc] Initializing relays
2026-09-28 21:06:32.453 [lc] de-energizing most relays
2026-09-28 21:06:32.454 [lc] DischargeStore to charge-discharge-relay
2026-09-28 21:06:32.455 [lc] OpenRelay to store-pump-relay
2026-09-28 21:06:32.455 [lc] CloseRelay to tstat-common-relay
2026-09-28 21:06:32.456 [lc] SwitchToWallThermostat to zone1-living-rm-failsafe-relay
2026-09-28 21:06:32.456 [lc] OpenRelay to zone1-living-rm-ops-relay
2026-09-28 21:06:32.457 [lc] SwitchToWallThermostat to zone2-bedroom-failsafe-relay
2026-09-28 21:06:32.457 [lc] OpenRelay to zone2-bedroom-ops-relay
2026-09-28 21:06:32.457 [lc] energizing certain critical relays
2026-09-28 21:06:32.458 [lc] auto.lc.n sending SwitchToScada to Hp Failsafe auto.lc.n.hp-failsafe-relay
2026-09-28 21:06:32.458 [lc] auto.lc.n sending SwitchToScada to Aquastat Ctrl auto.lc.n.aquastat-ctrl-relay
2026-09-28 21:06:32.459 [lc] Setting 010 defaults inside initialize_actuators
2026-09-28 21:06:32.459 [lc] Just set auto.lc.n.store-010v to 35 from auto.lc.n 
2026-09-28 21:06:32.460 [lc] Just set auto.lc.n.dist-010v to 35 from auto.lc.n 
2026-09-28 21:06:32.461 [five-v-boss] wake.up in PicoCycler: nothing to restore
2026-09-28 21:06:32.466 [store-010v] Dispatch from auto.lc.n: volts x10 35 -> code 1434
2026-09-28 21:06:32.467 [dist-010v] Dispatch from auto.lc.n: volts x10 35 -> code 1434
2026-09-28 21:06:38.998 [UnknownChannels] no value: required-energy | stale: usable-energy
