2026-09-28 18:23:42.939 
2026-09-28 18:23:42.939 Env file: </home/pi/envs/dev.env>  exists: True
2026-09-28 18:23:42.940 Settings:
2026-09-28 18:23:42.940 {
  "paths": {
    "base": "gridworks",
    "name": "scada-experiment",
    "relative_path": "gridworks/scada-experiment",
    "data_home": "/home/pi/.local/share",
    "state_home": "/home/pi/.local/state",
    "config_home": "/home/pi/.config",
    "data_dir": "/home/pi/.local/share/gridworks/scada-experiment",
    "config_dir": "/home/pi/.config/gridworks/scada-experiment",
    "certs_dir": "/home/pi/.config/gridworks/scada-experiment/certs",
    "event_dir": "/home/pi/.local/share/gridworks/scada-experiment/event",
    "log_dir": "/home/pi/.local/state/gridworks/scada-experiment/log",
    "hardware_layout": "/home/pi/.config/gridworks/scada-experiment/hardware-layout.json",
    "operational_params": "/home/pi/.config/gridworks/scada-experiment/operational-params.json",
    "tadeed": "/home/pi/.config/gridworks/scada-experiment/ta-deed.json"
  },
  "logging": {
    "base_log_name": "gridworks",
    "base_log_level": 30,
    "levels": {
      "message_summary": 30,
      "lifecycle": 20,
      "comm_event": 20,
      "io_loop": 20
    },
    "formatter": {
      "fmt": "%(asctime)s %(message)s",
      "datefmt": "",
      "default_msec_format": "%s.%03d",
      "use_utc": false
    },
    "file_handler": {
      "filename": "proactor.log",
      "bytes_per_log_file": 2097152,
      "num_log_files": 10,
      "level": 0
    },
    "io_loop": {
      "file_handler": {
        "filename": "io_loop.log",
        "bytes_per_log_file": 2097152,
        "num_log_files": 2,
        "level": 0
      },
      "on_screen": false
    },
    "aiohttp_logging": false,
    "paho_logging": false
  },
  "proactor": {
    "mqtt_link_poll_seconds": 60.0,
    "ack_timeout_seconds": 5.0,
    "num_initial_event_reuploads": 5,
    "num_inflight_events": 50
  },
  "pico_cycler_state_logging": false,
  "unknown_channel_logging": true,
  "power_meter_logging_level": 30,
  "contract_rep_logging_level": 20,
  "paho_logging": false,
  "local_mqtt": {
    "host": "localhost",
    "port": 1883,
    "keepalive": 60,
    "bind_address": "",
    "bind_port": 0,
    "username": "sara",
    "password": "**********",
    "tls": {
      "use_tls": false,
      "port": 8883,
      "paths": {
        "ca_cert_path": "/home/pi/.config/gridworks/scada-experiment/certs/local_mqtt/ca.crt",
        "cert_path": "/home/pi/.config/gridworks/scada-experiment/certs/local_mqtt/local_mqtt.crt",
        "private_key_path": "/home/pi/.config/gridworks/scada-experiment/certs/local_mqtt/private/local_mqtt.pem"
      },
      "cert_reqs": 2,
      "ciphers": null,
      "keyfile_password": ""
    }
  },
  "gridworks_mqtt": {
    "host": "localhost",
    "port": 1885,
    "keepalive": 60,
    "bind_address": "",
    "bind_port": 0,
    "username": "smqPublic",
    "password": "**********",
    "tls": {
      "use_tls": false,
      "port": 8883,
      "paths": {
        "ca_cert_path": "/home/pi/.config/gridworks/scada-experiment/certs/gridworks_mqtt/ca.crt",
        "cert_path": "/home/pi/.config/gridworks/scada-experiment/certs/gridworks_mqtt/gridworks_mqtt.crt",
        "private_key_path": "/home/pi/.config/gridworks/scada-experiment/certs/gridworks_mqtt/private/gridworks_mqtt.pem"
      },
      "cert_reqs": 2,
      "ciphers": null,
      "keyfile_password": ""
    }
  },
  "clock_source": "Wall",
  "seconds_per_report": 300,
  "seconds_per_snapshot": 2,
  "async_power_reporting_threshold": 0.02,
  "power_meter_lost_after_s": 10.0,
  "persister": {
    "max_bytes": 524288000
  },
  "admin": {
    "host": "localhost",
    "port": 1883,
    "keepalive": 60,
    "bind_address": "",
    "bind_port": 0,
    "username": "sara",
    "password": "**********",
    "tls": {
      "use_tls": false,
      "port": 8883,
      "paths": {
        "ca_cert_path": "/home/pi/.config/gridworks/scada-experiment/certs/admin/ca.crt",
        "cert_path": "/home/pi/.config/gridworks/scada-experiment/certs/admin/admin.crt",
        "private_key_path": "/home/pi/.config/gridworks/scada-experiment/certs/admin/private/admin.pem"
      },
      "cert_reqs": 2,
      "ciphers": null,
      "keyfile_password": ""
    },
    "enabled": true,
    "name": "admin",
    "max_timeout_seconds": 86400.0
  },
  "latitude": 45.6573,
  "longitude": -68.7098,
  "airtable_pat": "bogus_pat"
}
ScadaSettings(
    paths=ScadaPaths(
        base=PosixPath('gridworks'),
        name=PosixPath('scada-experiment'),
        relative_path=PosixPath('gridworks/scada-experiment'),
        data_home=PosixPath('/home/pi/.local/share'),
        state_home=PosixPath('/home/pi/.local/state'),
        config_home=PosixPath('/home/pi/.config'),
        data_dir=PosixPath('/home/pi/.local/share/gridworks/scada-experiment'),
        config_dir=PosixPath('/home/pi/.config/gridworks/scada-experiment'),
        certs_dir=PosixPath('/home/pi/.config/gridworks/scada-experiment/certs')
,
        event_dir=PosixPath('/home/pi/.local/share/gridworks/scada-experiment/ev
ent'),
        log_dir=PosixPath('/home/pi/.local/state/gridworks/scada-experiment/log'
),
        hardware_layout=PosixPath('/home/pi/.config/gridworks/scada-experiment/h
ardware-layout.json'),
        operational_params=PosixPath('/home/pi/.config/gridworks/scada-experimen
t/operational-params.json'),
        tadeed=PosixPath('/home/pi/.config/gridworks/scada-experiment/ta-deed.js
on')
    ),
    logging=LoggingSettings(
        base_log_name='gridworks',
        base_log_level=30,
        levels=LoggerLevels(
            message_summary=30,
            lifecycle=20,
            comm_event=20,
            io_loop=20
        ),
        formatter=FormatterSettings(
            fmt='%(asctime)s %(message)s',
            datefmt='',
            default_msec_format='%s.%03d',
            use_utc=False
        ),
        file_handler=RotatingFileHandlerSettings(
            filename='proactor.log',
            bytes_per_log_file=2097152,
            num_log_files=10,
            level=0
        ),
        io_loop=IOLoopLoggerSettings(
            file_handler=RotatingFileHandlerSettings(
                filename='io_loop.log',
                bytes_per_log_file=2097152,
                num_log_files=2,
                level=0
            ),
            on_screen=False
        ),
        aiohttp_logging=False,
        paho_logging=False
    ),
    proactor=ProactorSettings(
        mqtt_link_poll_seconds=60.0,
        ack_timeout_seconds=5.0,
        num_initial_event_reuploads=5,
        num_inflight_events=50
    ),
    pico_cycler_state_logging=False,
    unknown_channel_logging=True,
    power_meter_logging_level=30,
    contract_rep_logging_level=20,
    paho_logging=False,
    local_mqtt=MQTTClient(
        host='localhost',
        port=1883,
        keepalive=60,
        bind_address='',
        bind_port=0,
        username='sara',
        password=SecretStr('**********'),
        tls=TLSInfo(
            use_tls=False,
            port=8883,
            paths=TLSPaths(
                ca_cert_path=PosixPath('/home/pi/.config/gridworks/scada-experim
ent/certs/local_mqtt/ca.crt'),
                cert_path=PosixPath('/home/pi/.config/gridworks/scada-experiment
/certs/local_mqtt/local_mqtt.crt'),
                private_key_path=PosixPath('/home/pi/.config/gridworks/scada-exp
eriment/certs/local_mqtt/private/local_mqtt.pem')
            ),
            cert_reqs=<VerifyMode.CERT_REQUIRED: 2>,
            ciphers=None,
            keyfile_password=SecretStr('')
        )
    ),
    gridworks_mqtt=MQTTClient(
        host='localhost',
        port=1885,
        keepalive=60,
        bind_address='',
        bind_port=0,
        username='smqPublic',
        password=SecretStr('**********'),
        tls=TLSInfo(
            use_tls=False,
            port=8883,
            paths=TLSPaths(
                ca_cert_path=PosixPath('/home/pi/.config/gridworks/scada-experim
ent/certs/gridworks_mqtt/ca.crt'),
                cert_path=PosixPath('/home/pi/.config/gridworks/scada-experiment
/certs/gridworks_mqtt/gridworks_mqtt.crt'),
                private_key_path=PosixPath('/home/pi/.config/gridworks/scada-exp
eriment/certs/gridworks_mqtt/private/gridworks_mqtt.pem')
            ),
            cert_reqs=<VerifyMode.CERT_REQUIRED: 2>,
            ciphers=None,
            keyfile_password=SecretStr('')
        )
    ),
    clock_source=<ClockSource.Wall: 'Wall'>,
    seconds_per_report=300,
    seconds_per_snapshot=2,
    async_power_reporting_threshold=0.02,
    power_meter_lost_after_s=10.0,
    persister=PersisterSettings(max_bytes=524288000),
    admin=AdminLinkSettings(
        host='localhost',
        port=1883,
        keepalive=60,
        bind_address='',
        bind_port=0,
        username='sara',
        password=SecretStr('**********'),
        tls=TLSInfo(
            use_tls=False,
            port=8883,
            paths=TLSPaths(
                ca_cert_path=PosixPath('/home/pi/.config/gridworks/scada-experim
ent/certs/admin/ca.crt'),
                cert_path=PosixPath('/home/pi/.config/gridworks/scada-experiment
/certs/admin/admin.crt'),
                private_key_path=PosixPath('/home/pi/.config/gridworks/scada-exp
eriment/certs/admin/private/admin.pem')
            ),
            cert_reqs=<VerifyMode.CERT_REQUIRED: 2>,
            ciphers=None,
            keyfile_password=SecretStr('')
        ),
        enabled=True,
        name='admin',
        max_timeout_seconds=86400.0
    ),
    latitude=45.6573,
    longitude=-68.7098,
    airtable_pat='bogus_pat'
)
2026-09-28 18:23:43.128 Proactor <ProactorName(long_name='hw1.isone.me.versant.keene.maple.scada', short_name='s')> reindexing events
2026-09-28 18:23:43.139 Proactor <ProactorName(long_name='hw1.isone.me.versant.keene.maple.scada', short_name='s')> reindexing complete.
  248 events present for upload, using approximately 1769 KB / 1.7 MB storage space.
2026-09-28 18:23:43.143 [scada] clock: WallClock
2026-09-28 18:23:43.151 Skip binding of 'trigger' to model due to model override policy.
2026-09-28 18:23:43.151 Skip binding of 'may_trigger' to model due to model override policy.
2026-09-28 18:23:43.194 [la] Params: AlphaTimes10=55 BetaTimes100=-10 GammaEx6=0 IntermediatePowerKw=1.5 IntermediateRswtF=100 DdPowerKw=5.5 DdRswtF=150 DdDeltaTF=20 HpMaxKwEl=10.0 MaxEwtF=145 LoadOverestimationPercent=0 CopIntercept=1.02 CopOatCoeff=0.0257 CopLwtCoeff=0.0 CopMin=1.4 CopMinOatF=15.0 HpTurnOnMinutes=12 TypeName='ha1.params' Version='006'
2026-09-28 18:23:43.195 Creating LeafAlly with strategy AllTanks, using actors.leaf_ally.house0.all_tanks.AllTanksLeafAlly
2026-09-28 18:23:43.197 Skip binding of 'WakeUp' to model due to model override policy.
2026-09-28 18:23:43.197 [derived-generator] self.timezone: America/New_York
2026-09-28 18:23:43.197 [derived-generator] self.latitude: 45.6573
2026-09-28 18:23:43.198 [derived-generator] self.longitude: -68.7098
2026-09-28 18:23:43.198 [derived-generator] Params: AlphaTimes10=55 BetaTimes100=-10 GammaEx6=0 IntermediatePowerKw=1.5 IntermediateRswtF=100 DdPowerKw=5.5 DdRswtF=150 DdDeltaTF=20 HpMaxKwEl=10.0 MaxEwtF=145 LoadOverestimationPercent=0 CopIntercept=1.02 CopOatCoeff=0.0257 CopLwtCoeff=0.0 CopMin=1.4 CopMinOatF=15.0 HpTurnOnMinutes=12 TypeName='ha1.params' Version='006'
2026-09-28 18:23:43.203 [lc] Params: AlphaTimes10=55 BetaTimes100=-10 GammaEx6=0 IntermediatePowerKw=1.5 IntermediateRswtF=100 DdPowerKw=5.5 DdRswtF=150 DdDeltaTF=20 HpMaxKwEl=10.0 MaxEwtF=145 LoadOverestimationPercent=0 CopIntercept=1.02 CopOatCoeff=0.0257 CopLwtCoeff=0.0 CopMin=1.4 CopMinOatF=15.0 HpTurnOnMinutes=12 TypeName='ha1.params' Version='006'
2026-09-28 18:23:43.207 [lc] Set auto.lc.n command tree
2026-09-28 18:23:43.208 Skip binding of 'trigger' to model due to model override policy.
2026-09-28 18:23:43.209 Skip binding of 'may_trigger' to model due to model override policy.
2026-09-28 18:23:43.209 Creating LocalControl with actuation authority Active and seasonal storage mode AllTanks, using actors.local_control.house0.all_tanks_tou.AllTanksTouLocalControl
2026-09-28 18:23:43.210 [sieg-loop] Running HoldFullSend
2026-09-28 18:23:43.227 
Subscription info for <hw1.isone.me.versant.keene.maple.scada> [construction]
  Client name: <gridworks_mqtt>  topic_dst: <ltn>
    Publish to: gw/hw1-isone-me-versant-keene-maple-scada/to/ltn/SOME_MESSAGE_TYPE
    Subscriptions:
      [('gw/hw1-isone-me-versant-keene-maple/to/s/#', <QOS.AtMostOnce: 0>)]
  Client name: <local_mqtt>  topic_dst: <s2>
    Publish to: gw/hw1-isone-me-versant-keene-maple-scada/to/s2/SOME_MESSAGE_TYPE
    Subscriptions:
      [('gw/hw1-isone-me-versant-keene-maple-scada-s2/to/s/#', <QOS.AtMostOnce: 0>)]
  Client name: <admin>  topic_dst: <admin>
    Publish to: gw/hw1-isone-me-versant-keene-maple-scada/to/admin/SOME_MESSAGE_TYPE
    Subscriptions:
      [('gw/admin/to/hw1-isone-me-versant-keene-maple-scada/#', <QOS.AtMostOnce: 0>)]

== window boot: hw1.isone.me.versant.keene.maple.scada for 4500s, broker localhost:1885 ==
2026-09-28 18:23:43.241 [hp-boss] auto.lc.n.hp-boss sending OpenRelay to auto.lc.n.hp-boss.hp-scada-ops-relay
2026-09-28 18:23:43.247 ++Proactor<s>.join()
2026-09-28 18:23:43.251 Tasks: 55  [Proactor.join() - all tasks]
	1/55  relay state reporter            done:False   exception: None  <coroutine object Relay.main at 0x7f88d7d6c0>
	2/55  disabled_roster                 done:False   exception: None  <coroutine object Scada.disabled_roster_task at 0x7f88da0660>
	3/55  Task-2                          done:False   exception: None  <coroutine object Proactor.run_forever at 0x7f88e3c100>
	4/55  zone2-bedroom-failsafe-relay-boot-adopt  done:False   exception: None  <coroutine object Relay._boot_adopt at 0x7f88cfaf40>
	5/55  relay state reporter            done:False   exception: None  <coroutine object Relay.main at 0x7f88d7cd60>
	6/55  ApiBtuMeter keepalive           done:False   exception: None  <coroutine object ApiBtuMeter.main at 0x7f88da02e0>
	7/55  relay state reporter            done:False   exception: None  <coroutine object Relay.main at 0x7f88d7d300>
	8/55  pat_watchdog                    done:False   exception: None  <coroutine object WatchdogManager._check_pats at 0x7f88fde050>
	9/55  relay state reporter            done:False   exception: None  <coroutine object Relay.main at 0x7f88d7d8a0>
	10/55  scada top_state_tracker         done:False   exception: None  <coroutine object Scada.state_tracker at 0x7f88fde770>
	11/55  tstat-common-relay-boot-adopt   done:False   exception: None  <coroutine object Relay._boot_adopt at 0x7f88cfa240>
	12/55  ApiFlowModule keepalive         done:False   exception: None  <coroutine object ApiFlowModule.main at 0x7f88d80370>
	13/55  store-pump-relay-boot-adopt     done:False   exception: None  <coroutine object Relay._boot_adopt at 0x7f88cfa940>
	14/55  zone2-bedroom-ops-relay-boot-adopt  done:False   exception: None  <coroutine object Relay._boot_adopt at 0x7f88cfb040>
	15/55  startup_announcer               done:False   exception: None  <coroutine object Scada.announce_at_first_broker_link at 0x7f88d35f20>
	16/55  Task-1                          done:False   exception: None  <coroutine object _run_bounded at 0x7f8908a500>
	17/55  relay state reporter            done:False   exception: None  <coroutine object Relay.main at 0x7f88d7cf40>
	18/55  ApiFlowModule keepalive         done:False   exception: None  <coroutine object ApiFlowModule.main at 0x7f88d80480>
	19/55  relay state reporter            done:False   exception: None  <coroutine object Relay.main at 0x7f88d7d3f0>
	20/55  picocycler keepalive            done:False   exception: None  <coroutine object PicoCycler.main at 0x7f892eb4c0>
	21/55  relay state reporter            done:False   exception: None  <coroutine object Relay.main at 0x7f88d7d990>
	22/55  charge-discharge-relay-boot-adopt  done:False   exception: None  <coroutine object Relay._boot_adopt at 0x7f88cfa540>
	23/55  process_messages                done:False   exception: None  <coroutine object Proactor.process_messages at 0x7f88fde640>
	24/55  hp-loop-on-off-relay-boot-adopt  done:False   exception: None  <coroutine object Relay._boot_adopt at 0x7f88cfaa40>
	25/55  LeafAlly keepalive              done:False   exception: None  <coroutine object AllTanksLeafAlly.main at 0x7f88d69620>
	26/55  ApiTankModule keepalive         done:False   exception: None  <coroutine object ApiTankModule.main at 0x7f88d6b680>
	27/55  relay state reporter            done:False   exception: None  <coroutine object Relay.main at 0x7f88d7d030>
	28/55  send_ping<gridworks_mqtt>       done:False   exception: None  <coroutine object LinkManager.send_ping at 0x7f88cfad40>
	29/55  relay state reporter            done:False   exception: None  <coroutine object Relay.main at 0x7f88d7d4e0>
	30/55  Derived Generator keepalive     done:False   exception: None  <coroutine object DerivedGenerator.main at 0x7f88d7c220>
	31/55  ApiTankModule keepalive         done:False   exception: None  <coroutine object ApiTankModule.main at 0x7f88d6b760>
	32/55  hp-failsafe-relay-boot-adopt    done:False   exception: None  <coroutine object Relay._boot_adopt at 0x7f88cfa640>
	33/55  send_ping<local_mqtt>           done:False   exception: None  <coroutine object LinkManager.send_ping at 0x7f88cfb140>
	34/55  hp-loop-keep-send-relay-boot-adopt  done:False   exception: None  <coroutine object Relay._boot_adopt at 0x7f88cfab40>
	35/55  LocalControl keepalive          done:False   exception: None  <coroutine object LocalControlTouBase.main at 0x7f88d7cc70>
	36/55  ApiTankModule keepalive         done:False   exception: None  <coroutine object ApiTankModule.main at 0x7f88d6b920>
	37/55  relay state reporter            done:False   exception: None  <coroutine object Relay.main at 0x7f88d7d120>
	38/55  send_ping<admin>                done:False   exception: None  <coroutine object LinkManager.send_ping at 0x7f88cfb240>
	39/55  relay state reporter            done:False   exception: None  <coroutine object Relay.main at 0x7f88d7d5d0>
	40/55  Sieg Loop Synchronous Report    done:False   exception: None  <coroutine object SiegLoop.main at 0x7f88d35cb0>
	41/55  ApiTankModule keepalive         done:False   exception: None  <coroutine object ApiTankModule.main at 0x7f88d6ba00>
	42/55  hp-scada-ops-relay-boot-adopt   done:False   exception: None  <coroutine object Relay._boot_adopt at 0x7f88cfa740>
	43/55  report_sender                   done:False   exception: None  <coroutine object Scada.report_sending_task at 0x7f88da03c0>
	44/55  vdc-relay-boot-adopt            done:False   exception: None  <coroutine object Relay._boot_adopt at 0x7f88cfa440>
	45/55  zone1-living-rm-failsafe-relay-boot-adopt  done:False   exception: None  <coroutine object Relay._boot_adopt at 0x7f88cfac40>
	46/55  dist-010v-main                  done:False   exception: None  <coroutine object ZeroTenOutputer.main_loop at 0x7f88d6bae0>
	47/55  relay state reporter            done:False   exception: None  <coroutine object Relay.main at 0x7f88d7d210>
	48/55  snap_sender                     done:False   exception: None  <coroutine object Scada.snap_sending_task at 0x7f88da0580>
	49/55  zone1-living-rm-ops-relay-boot-adopt  done:False   exception: None  <coroutine object Relay._boot_adopt at 0x7f88cfae40>
	50/55  i2c-bus-heartbeat               done:False   exception: None  <coroutine object I2cBus._heartbeat at 0x7f88d6b840>
	51/55  store-010v-main                 done:False   exception: None  <coroutine object ZeroTenOutputer.main_loop at 0x7f88d6be60>
	52/55  aquastat-ctrl-relay-boot-adopt  done:False   exception: None  <coroutine object Relay._boot_adopt at 0x7f88cfa840>
	53/55  unknown_channel_logger          done:False   exception: None  <coroutine object Scada.unknown_channel_logging_task at 0x7f88cfb340>
	54/55  relay state reporter            done:False   exception: None  <coroutine object Relay.main at 0x7f88d7d7b0>
	55/55  ApiBtuMeter keepalive           done:False   exception: None  <coroutine object ApiBtuMeter.main at 0x7f88da04a0>

2026-09-28 18:23:43.255 Tasks: 89  [WAITING FOR]
	1/89  disabled_roster                 done:False   exception: None  <coroutine object Scada.disabled_roster_task at 0x7f88da0660>
	2/89  relay state reporter            done:False   exception: None  <coroutine object Relay.main at 0x7f88d7cd60>
	3/89  hp-failsafe-relay.join          done:False   exception: None  <coroutine object Relay.join at 0x7f88da9fc0>
	4/89  scada top_state_tracker         done:False   exception: None  <coroutine object Scada.state_tracker at 0x7f88fde770>
	5/89  tstat-common-relay-boot-adopt   done:False   exception: None  <coroutine object Relay._boot_adopt at 0x7f88cfa240>
	6/89  startup_announcer               done:False   exception: None  <coroutine object Scada.announce_at_first_broker_link at 0x7f88d35f20>
	7/89  relay state reporter            done:False   exception: None  <coroutine object Relay.main at 0x7f88d7cf40>
	8/89  hp-scada-ops-relay.join         done:False   exception: None  <coroutine object Relay.join at 0x7f88daa140>
	9/89  watchdog_manager.join           done:False   exception: None  <coroutine object WatchdogManager.join at 0x7f88da2180>
	10/89  charge-discharge-relay-boot-adopt  done:False   exception: None  <coroutine object Relay._boot_adopt at 0x7f88cfa540>
	11/89  relay state reporter            done:False   exception: None  <coroutine object Relay.main at 0x7f88d7d030>
	12/89  aquastat-ctrl-relay.join        done:False   exception: None  <coroutine object Relay.join at 0x7f88daa2c0>
	13/89  hp-failsafe-relay-boot-adopt    done:False   exception: None  <coroutine object Relay._boot_adopt at 0x7f88cfa640>
	14/89  relay state reporter            done:False   exception: None  <coroutine object Relay.main at 0x7f88d7d120>
	15/89  store-pump-relay.join           done:False   exception: None  <coroutine object Relay.join at 0x7f88daa440>
	16/89  hp-scada-ops-relay-boot-adopt   done:False   exception: None  <coroutine object Relay._boot_adopt at 0x7f88cfa740>
	17/89  relay state reporter            done:False   exception: None  <coroutine object Relay.main at 0x7f88d7d210>
	18/89  hp-loop-on-off-relay.join       done:False   exception: None  <coroutine object Relay.join at 0x7f88daa5c0>
	19/89  aquastat-ctrl-relay-boot-adopt  done:False   exception: None  <coroutine object Relay._boot_adopt at 0x7f88cfa840>
	20/89  relay state reporter            done:False   exception: None  <coroutine object Relay.main at 0x7f88d7d6c0>
	21/89  hp-loop-keep-send-relay.join    done:False   exception: None  <coroutine object Relay.join at 0x7f88daa740>
	22/89  io_loop_manager.join            done:False   exception: None  <coroutine object IOLoop.join at 0x7f88da8700>
	23/89  relay state reporter            done:False   exception: None  <coroutine object Relay.main at 0x7f88d7d300>
	24/89  store-pump-relay-boot-adopt     done:False   exception: None  <coroutine object Relay._boot_adopt at 0x7f88cfa940>
	25/89  zone1-living-rm-failsafe-relay.join  done:False   exception: None  <coroutine object Relay.join at 0x7f88daa8c0>
	26/89  _WebManager.join                done:False   exception: None  <coroutine object _WebManager.join at 0x7f88da8940>
	27/89  relay state reporter            done:False   exception: None  <coroutine object Relay.main at 0x7f88d7d3f0>
	28/89  hp-loop-on-off-relay-boot-adopt  done:False   exception: None  <coroutine object Relay._boot_adopt at 0x7f88cfaa40>
	29/89  zone1-living-rm-ops-relay.join  done:False   exception: None  <coroutine object Relay.join at 0x7f88daaa40>
	30/89  s.join                          done:False   exception: None  <coroutine object PrimeActor.join at 0x7f88da8ac0>
	31/89  relay state reporter            done:False   exception: None  <coroutine object Relay.main at 0x7f88d7d4e0>
	32/89  hp-loop-keep-send-relay-boot-adopt  done:False   exception: None  <coroutine object Relay._boot_adopt at 0x7f88cfab40>
	33/89  zone2-bedroom-failsafe-relay.join  done:False   exception: None  <coroutine object Relay.join at 0x7f88daabc0>
	34/89  la.join                         done:False   exception: None  <coroutine object LeafAlly.join at 0x7f88da8c40>
	35/89  relay state reporter            done:False   exception: None  <coroutine object Relay.main at 0x7f88d7d5d0>
	36/89  zone1-living-rm-failsafe-relay-boot-adopt  done:False   exception: None  <coroutine object Relay._boot_adopt at 0x7f88cfac40>
	37/89  zone2-bedroom-ops-relay.join    done:False   exception: None  <coroutine object Relay.join at 0x7f88daad40>
	38/89  five-v-boss.join                done:False   exception: None  <coroutine object FiveVBoss.join at 0x7f88da8dc0>
	39/89  zone1-living-rm-ops-relay-boot-adopt  done:False   exception: None  <coroutine object Relay._boot_adopt at 0x7f88cfae40>
	40/89  relay state reporter            done:False   exception: None  <coroutine object Relay.main at 0x7f88d7d7b0>
	41/89  buffer.join                     done:False   exception: None  <coroutine object ApiTankModule.join at 0x7f88daaec0>
	42/89  pico-cycler.join                done:False   exception: None  <coroutine object PicoCycler.join at 0x7f88da8f40>
	43/89  zone2-bedroom-failsafe-relay-boot-adopt  done:False   exception: None  <coroutine object Relay._boot_adopt at 0x7f88cfaf40>
	44/89  relay state reporter            done:False   exception: None  <coroutine object Relay.main at 0x7f88d7d8a0>
	45/89  tank1.join                      done:False   exception: None  <coroutine object ApiTankModule.join at 0x7f88dab040>
	46/89  derived-generator.join          done:False   exception: None  <coroutine object DerivedGenerator.join at 0x7f88da90c0>
	47/89  zone2-bedroom-ops-relay-boot-adopt  done:False   exception: None  <coroutine object Relay._boot_adopt at 0x7f88cfb040>
	48/89  relay state reporter            done:False   exception: None  <coroutine object Relay.main at 0x7f88d7d990>
	49/89  tank2.join                      done:False   exception: None  <coroutine object ApiTankModule.join at 0x7f88dab1c0>
	50/89  lc.join                         done:False   exception: None  <coroutine object LocalControl.join at 0x7f88da9240>
	51/89  ApiTankModule keepalive         done:False   exception: None  <coroutine object ApiTankModule.main at 0x7f88d6b680>
	52/89  ApiTankModule keepalive         done:False   exception: None  <coroutine object ApiTankModule.main at 0x7f88d6b760>
	53/89  tank3.join                      done:False   exception: None  <coroutine object ApiTankModule.join at 0x7f88dab340>
	54/89  hp-boss.join                    done:False   exception: None  <coroutine object HpBoss.join at 0x7f88da93c0>
	55/89  ApiTankModule keepalive         done:False   exception: None  <coroutine object ApiTankModule.main at 0x7f88d6b920>
	56/89  ApiTankModule keepalive         done:False   exception: None  <coroutine object ApiTankModule.main at 0x7f88d6ba00>
	57/89  dist-010v.join                  done:False   exception: None  <coroutine object ZeroTenOutputer.join at 0x7f88dab4c0>
	58/89  sieg-loop.join                  done:False   exception: None  <coroutine object SiegLoop.join at 0x7f88da9540>
	59/89  dist-010v-main                  done:False   exception: None  <coroutine object ZeroTenOutputer.main_loop at 0x7f88d6bae0>
	60/89  store-010v-main                 done:False   exception: None  <coroutine object ZeroTenOutputer.main_loop at 0x7f88d6be60>
	61/89  store-010v.join                 done:False   exception: None  <coroutine object ZeroTenOutputer.join at 0x7f88dab640>
	62/89  power-meter.join                done:False   exception: None  <coroutine object SyncThreadActor.join at 0x7f88da96c0>
	63/89  ApiBtuMeter keepalive           done:False   exception: None  <coroutine object ApiBtuMeter.main at 0x7f88da04a0>
	64/89  ApiBtuMeter keepalive           done:False   exception: None  <coroutine object ApiBtuMeter.main at 0x7f88da02e0>
	65/89  sieg-btu.join                   done:False   exception: None  <coroutine object ApiBtuMeter.join at 0x7f88dab7c0>
	66/89  hubitat.join                    done:False   exception: None  <coroutine object Hubitat.join at 0x7f88da9840>
	67/89  ApiFlowModule keepalive         done:False   exception: None  <coroutine object ApiFlowModule.main at 0x7f88d80370>
	68/89  ApiFlowModule keepalive         done:False   exception: None  <coroutine object ApiFlowModule.main at 0x7f88d80480>
	69/89  store-btu.join                  done:False   exception: None  <coroutine object ApiBtuMeter.join at 0x7f88dab940>
	70/89  picocycler keepalive            done:False   exception: None  <coroutine object PicoCycler.main at 0x7f892eb4c0>
	71/89  i2c-bus.join                    done:False   exception: None  <coroutine object I2cBus.join at 0x7f88da99c0>
	72/89  process_messages                done:False   exception: None  <coroutine object Proactor.process_messages at 0x7f88fde640>
	73/89  LeafAlly keepalive              done:False   exception: None  <coroutine object AllTanksLeafAlly.main at 0x7f88d69620>
	74/89  send_ping<gridworks_mqtt>       done:False   exception: None  <coroutine object LinkManager.send_ping at 0x7f88cfad40>
	75/89  dist-flow.join                  done:False   exception: None  <coroutine object ApiFlowModule.join at 0x7f88dabac0>
	76/89  Derived Generator keepalive     done:False   exception: None  <coroutine object DerivedGenerator.main at 0x7f88d7c220>
	77/89  vdc-relay.join                  done:False   exception: None  <coroutine object Relay.join at 0x7f88da9b40>
	78/89  send_ping<local_mqtt>           done:False   exception: None  <coroutine object LinkManager.send_ping at 0x7f88cfb140>
	79/89  LocalControl keepalive          done:False   exception: None  <coroutine object LocalControlTouBase.main at 0x7f88d7cc70>
	80/89  send_ping<admin>                done:False   exception: None  <coroutine object LinkManager.send_ping at 0x7f88cfb240>
	81/89  sieg-send.join                  done:False   exception: None  <coroutine object ApiFlowModule.join at 0x7f88dabc40>
	82/89  Sieg Loop Synchronous Report    done:False   exception: None  <coroutine object SiegLoop.main at 0x7f88d35cb0>
	83/89  tstat-common-relay.join         done:False   exception: None  <coroutine object Relay.join at 0x7f88da9cc0>
	84/89  report_sender                   done:False   exception: None  <coroutine object Scada.report_sending_task at 0x7f88da03c0>
	85/89  snap_sender                     done:False   exception: None  <coroutine object Scada.snap_sending_task at 0x7f88da0580>
	86/89  i2c-bus-heartbeat               done:False   exception: None  <coroutine object I2cBus._heartbeat at 0x7f88d6b840>
	87/89  charge-discharge-relay.join     done:False   exception: None  <coroutine object Relay.join at 0x7f88da9e40>
	88/89  unknown_channel_logger          done:False   exception: None  <coroutine object Scada.unknown_channel_logging_task at 0x7f88cfb340>
	89/89  vdc-relay-boot-adopt            done:False   exception: None  <coroutine object Relay._boot_adopt at 0x7f88cfa440>

2026-09-28 18:23:43.257 [derived-generator] SynthGen about to get forecasts
2026-09-28 18:23:43.259 [sieg-loop] sieg-view FullyKeep keep=94.0s hp-lwt=-- hp-ewt=-- sieg-hot=-- sieg-cold=-- sieg-flow=-- sieg-send-flow*=-- primary-flow*=-- hp-odu-pwr=-- hp-idu-pwr=-- buffer-hot-pipe=-- buffer-cold-pipe=-- store-hot-pipe=-- dist-swt=-- dist-rwt=-- | lift=-- pwr=--
2026-09-28 18:23:43.269 [scada] Sending auto.lc.n.hp-boss state to sieg-loop
2026-09-28 18:23:43.270 [sieg-loop] Just received state HpOff from HpBoss
2026-09-28 18:23:43.271 [scada] Actuator dist-010v is ready. 1/2
2026-09-28 18:23:43.272 [scada] Actuator store-010v is ready. 2/2
2026-09-28 18:23:43.272 [scada] All actuators are ready!
2026-09-28 18:23:43.272 [lc] Initializing relays
2026-09-28 18:23:43.273 [lc] de-energizing most relays
2026-09-28 18:23:43.273 [lc] DischargeStore to charge-discharge-relay
2026-09-28 18:23:43.274 [lc] OpenRelay to store-pump-relay
2026-09-28 18:23:43.275 [lc] CloseRelay to tstat-common-relay
2026-09-28 18:23:43.276 [lc] SwitchToWallThermostat to zone1-living-rm-failsafe-relay
2026-09-28 18:23:43.276 [lc] OpenRelay to zone1-living-rm-ops-relay
2026-09-28 18:23:43.277 [lc] SwitchToWallThermostat to zone2-bedroom-failsafe-relay
2026-09-28 18:23:43.277 [lc] OpenRelay to zone2-bedroom-ops-relay
2026-09-28 18:23:43.277 [lc] energizing certain critical relays
2026-09-28 18:23:43.278 [lc] auto.lc.n sending SwitchToScada to Hp Failsafe auto.lc.n.hp-failsafe-relay
2026-09-28 18:23:43.278 [lc] auto.lc.n sending SwitchToScada to Aquastat Ctrl auto.lc.n.aquastat-ctrl-relay
2026-09-28 18:23:43.279 [lc] Is on peak: turning off HP
2026-09-28 18:23:43.279 [lc] TurnOff to hp-boss
2026-09-28 18:23:43.279 [lc] Setting 010 defaults inside initialize_actuators
2026-09-28 18:23:43.281 [lc] Just set auto.lc.n.dist-010v to 35 from auto.lc.n 
2026-09-28 18:23:43.281 [lc] Just set auto.lc.n.store-010v to 35 from auto.lc.n 
2026-09-28 18:23:43.282 [sieg-loop] Moving to full send
2026-09-28 18:23:43.291 [hp-boss] Got FromHandle='auto.lc.n' ToHandle='auto.lc.n.hp-boss' EventType='turn.hp.on.off' EventName='TurnOff' TriggerId='abd29de9-91f8-4e5f-98a4-ef49ce172721' SendTimeUnixMs=1790634223279 TypeName='fsm.event' Version='000'
2026-09-28 18:23:43.291 [hp-boss] Command b41f5a20-279f-43d3-b3a1-e15cab93dd5d superseded by abd29de9-91f8-4e5f-98a4-ef49ce172721 before its relay reported
2026-09-28 18:23:43.292 [hp-boss] auto.lc.n.hp-boss sending OpenRelay to auto.lc.n.hp-boss.hp-scada-ops-relay
2026-09-28 18:23:43.293 [dist-010v] Dispatch from auto.lc.n: volts x10 35 -> code 1434
2026-09-28 18:23:43.294 [store-010v] Dispatch from auto.lc.n: volts x10 35 -> code 1434
2026-09-28 18:23:43.298 [scada] Sending auto.lc.n.hp-boss state to sieg-loop
2026-09-28 18:23:43.299 [sieg-loop] Just received state HpOff from HpBoss
2026-09-28 18:23:43.301 [UnknownChannels] no value: hp-odu-pwr,hp-idu-pwr,dist-pump-pwr,store-pump-pwr,oil-boiler-pwr,zone1-living-rm-whitewire-pwr,zone2-bedroom-whitewire-pwr,zone1-living-rm-temp,zone1-living-rm-set,zone2-bedroom-temp,zone2-bedroom-set,vdc-relay,tstat-common-relay,charge-discharge-relay,hp-failsafe-relay,hp-scada-ops-relay,aquastat-ctrl-relay,store-pump-relay,hp-loop-on-off-relay,hp-loop-keep-send-relay,zone1-living-rm-failsafe-relay,zone1-living-rm-ops-relay,zone2-bedroom-failsafe-relay,zone2-bedroom-ops-relay,buffer-depth1-device,buffer-depth2-device,buffer-depth3-device,buffer-depth1-micro-v,buffer-depth2-micro-v,buffer-depth3-micro-v,tank1-depth1-device,tank1-depth2-device,tank1-depth3-device,tank1-depth1-micro-v,tank1-depth2-micro-v,tank1-depth3-micro-v,tank2-depth1-device,tank2-depth2-device,tank2-depth3-device,tank2-depth1-micro-v,tank2-depth2-micro-v,tank2-depth3-micro-v,tank3-depth1-device,tank3-depth2-device,tank3-depth3-device,tank3-depth1-micro-v,tank3-depth2-micro-v,tank3-depth3-micro-v,dist-010v,store-010v,sieg-flow,sieg-hot,sieg-cold,store-flow,store-hot-pipe,store-cold-pipe,dist-flow,dist-flow-hz,sieg-send,sieg-send-hz,dist-swt,dist-rwt,hp-lwt,hp-ewt,buffer-hot-pipe,buffer-cold-pipe,oat,zone1-living-rm-gw-temp,transactive-power,sieg-send-flow,primary-flow,required-energy,zone1-living-rm-heat-call,zone2-bedroom-heat-call,buffer-depth1,buffer-depth2,buffer-depth3,tank1-depth1,tank1-depth2,tank1-depth3,tank2-depth1,tank2-depth2,tank2-depth3,tank3-depth1,tank3-depth2,tank3-depth3 | stale: -
2026-09-28 18:23:43.307 [sieg-loop] auto.lc.n.sieg-loop sending SendMore to HpLoopKeepSend relay auto.lc.n.sieg-loop.hp-loop-keep-send-relay
2026-09-28 18:23:43.308 [sieg-loop] auto.lc.n.sieg-loop sending CloseRelay to HpLoopOnOff relay auto.lc.n.sieg-loop.hp-loop-on-off-relay
2026-09-28 18:23:43.309 [sieg-loop] StartKeepingLess: FullyKeep -> KeepingLess
2026-09-28 18:23:43.309 [sieg-loop] sieg-view KeepingLess keep=94.0s hp-lwt=-- hp-ewt=-- sieg-hot=-- sieg-cold=-- sieg-flow=-- sieg-send-flow*=-- primary-flow*=-- hp-odu-pwr=-- hp-idu-pwr=-- buffer-hot-pipe=-- buffer-cold-pipe=-- store-hot-pipe=-- dist-swt=-- dist-rwt=-- | lift=-- pwr=--
2026-09-28 18:23:43.310 [sieg-loop] Motor toward send for 104 s from keep_seconds 94
2026-09-28 18:23:43.311 local_mqtt:  connecting -- mqtt_connected --> awaiting_setup_and_peer
2026-09-28 18:23:43.312 admin:  connecting -- mqtt_connected --> awaiting_setup_and_peer
2026-09-28 18:23:43.318 Tasks: 48  [DONE]
	1/48  pico-cycler.join                done:True   exception: None  <coroutine object PicoCycler.join at 0x7f88da8f40>
	2/48  hp-loop-keep-send-relay.join    done:True   exception: None  <coroutine object Relay.join at 0x7f88daa740>
	3/48  zone2-bedroom-failsafe-relay-boot-adopt  done:True   exception: None  <coroutine object Relay._boot_adopt at 0x7f88cfaf40>
	4/48  hp-failsafe-relay.join          done:True   exception: None  <coroutine object Relay.join at 0x7f88da9fc0>
	5/48  io_loop_manager.join            done:True   exception: None  <coroutine object IOLoop.join at 0x7f88da8700>
	6/48  sieg-btu.join                   done:True   exception: None  <coroutine object ApiBtuMeter.join at 0x7f88dab7c0>
	7/48  tank1.join                      done:True   exception: None  <coroutine object ApiTankModule.join at 0x7f88dab040>
	8/48  hubitat.join                    done:True   exception: None  <coroutine object Hubitat.join at 0x7f88da9840>
	9/48  tstat-common-relay-boot-adopt   done:True   exception: None  <coroutine object Relay._boot_adopt at 0x7f88cfa240>
	10/48  derived-generator.join          done:True   exception: None  <coroutine object DerivedGenerator.join at 0x7f88da90c0>
	11/48  store-pump-relay-boot-adopt     done:True   exception: None  <coroutine object Relay._boot_adopt at 0x7f88cfa940>
	12/48  zone1-living-rm-failsafe-relay.join  done:True   exception: None  <coroutine object Relay.join at 0x7f88daa8c0>
	13/48  zone2-bedroom-ops-relay-boot-adopt  done:True   exception: None  <coroutine object Relay._boot_adopt at 0x7f88cfb040>
	14/48  hp-scada-ops-relay.join         done:True   exception: None  <coroutine object Relay.join at 0x7f88daa140>
	15/48  _WebManager.join                done:True   exception: None  <coroutine object _WebManager.join at 0x7f88da8940>
	16/48  store-btu.join                  done:True   exception: None  <coroutine object ApiBtuMeter.join at 0x7f88dab940>
	17/48  tank2.join                      done:True   exception: None  <coroutine object ApiTankModule.join at 0x7f88dab1c0>
	18/48  i2c-bus.join                    done:True   exception: None  <coroutine object I2cBus.join at 0x7f88da99c0>
	19/48  charge-discharge-relay-boot-adopt  done:True   exception: None  <coroutine object Relay._boot_adopt at 0x7f88cfa540>
	20/48  lc.join                         done:True   exception: None  <coroutine object LocalControl.join at 0x7f88da9240>
	21/48  hp-loop-on-off-relay-boot-adopt  done:True   exception: None  <coroutine object Relay._boot_adopt at 0x7f88cfaa40>
	22/48  zone1-living-rm-ops-relay.join  done:True   exception: None  <coroutine object Relay.join at 0x7f88daaa40>
	23/48  aquastat-ctrl-relay.join        done:True   exception: None  <coroutine object Relay.join at 0x7f88daa2c0>
	24/48  s.join                          done:True   exception: None  <coroutine object PrimeActor.join at 0x7f88da8ac0>
	25/48  dist-flow.join                  done:True   exception: None  <coroutine object ApiFlowModule.join at 0x7f88dabac0>
	26/48  tank3.join                      done:True   exception: None  <coroutine object ApiTankModule.join at 0x7f88dab340>
	27/48  vdc-relay.join                  done:True   exception: None  <coroutine object Relay.join at 0x7f88da9b40>
	28/48  hp-failsafe-relay-boot-adopt    done:True   exception: None  <coroutine object Relay._boot_adopt at 0x7f88cfa640>
	29/48  hp-boss.join                    done:True   exception: None  <coroutine object HpBoss.join at 0x7f88da93c0>
	30/48  hp-loop-keep-send-relay-boot-adopt  done:True   exception: None  <coroutine object Relay._boot_adopt at 0x7f88cfab40>
	31/48  zone2-bedroom-failsafe-relay.join  done:True   exception: None  <coroutine object Relay.join at 0x7f88daabc0>
	32/48  store-pump-relay.join           done:True   exception: None  <coroutine object Relay.join at 0x7f88daa440>
	33/48  la.join                         done:True   exception: None  <coroutine object LeafAlly.join at 0x7f88da8c40>
	34/48  sieg-send.join                  done:True   exception: None  <coroutine object ApiFlowModule.join at 0x7f88dabc40>
	35/48  dist-010v.join                  done:True   exception: None  <coroutine object ZeroTenOutputer.join at 0x7f88dab4c0>
	36/48  tstat-common-relay.join         done:True   exception: None  <coroutine object Relay.join at 0x7f88da9cc0>
	37/48  hp-scada-ops-relay-boot-adopt   done:True   exception: None  <coroutine object Relay._boot_adopt at 0x7f88cfa740>
	38/48  sieg-loop.join                  done:True   exception: None  <coroutine object SiegLoop.join at 0x7f88da9540>
	39/48  zone1-living-rm-failsafe-relay-boot-adopt  done:True   exception: None  <coroutine object Relay._boot_adopt at 0x7f88cfac40>
	40/48  zone2-bedroom-ops-relay.join    done:True   exception: None  <coroutine object Relay.join at 0x7f88daad40>
	41/48  hp-loop-on-off-relay.join       done:True   exception: None  <coroutine object Relay.join at 0x7f88daa5c0>
	42/48  five-v-boss.join                done:True   exception: None  <coroutine object FiveVBoss.join at 0x7f88da8dc0>
	43/48  zone1-living-rm-ops-relay-boot-adopt  done:True   exception: None  <coroutine object Relay._boot_adopt at 0x7f88cfae40>
	44/48  store-010v.join                 done:True   exception: None  <coroutine object ZeroTenOutputer.join at 0x7f88dab640>
	45/48  charge-discharge-relay.join     done:True   exception: None  <coroutine object Relay.join at 0x7f88da9e40>
	46/48  aquastat-ctrl-relay-boot-adopt  done:True   exception: None  <coroutine object Relay._boot_adopt at 0x7f88cfa840>
	47/48  buffer.join                     done:True   exception: None  <coroutine object ApiTankModule.join at 0x7f88daaec0>
	48/48  vdc-relay-boot-adopt            done:True   exception: None  <coroutine object Relay._boot_adopt at 0x7f88cfa440>

2026-09-28 18:23:43.320 Tasks: 41  [PENDING]
	1/41  relay state reporter            done:False   exception: None  <coroutine object Relay.main at 0x7f88d7d6c0>
	2/41  disabled_roster                 done:False   exception: None  <coroutine object Scada.disabled_roster_task at 0x7f88da0660>
	3/41  relay state reporter            done:False   exception: None  <coroutine object Relay.main at 0x7f88d7cd60>
	4/41  ApiBtuMeter keepalive           done:False   exception: None  <coroutine object ApiBtuMeter.main at 0x7f88da02e0>
	5/41  relay state reporter            done:False   exception: None  <coroutine object Relay.main at 0x7f88d7d300>
	6/41  scada top_state_tracker         done:False   exception: None  <coroutine object Scada.state_tracker at 0x7f88fde770>
	7/41  relay state reporter            done:False   exception: None  <coroutine object Relay.main at 0x7f88d7d8a0>
	8/41  ApiFlowModule keepalive         done:False   exception: None  <coroutine object ApiFlowModule.main at 0x7f88d80370>
	9/41  startup_announcer               done:False   exception: None  <coroutine object Scada.announce_at_first_broker_link at 0x7f88d35f20>
	10/41  relay state reporter            done:False   exception: None  <coroutine object Relay.main at 0x7f88d7cf40>
	11/41  ApiFlowModule keepalive         done:False   exception: None  <coroutine object ApiFlowModule.main at 0x7f88d80480>
	12/41  relay state reporter            done:False   exception: None  <coroutine object Relay.main at 0x7f88d7d3f0>
	13/41  watchdog_manager.join           done:False   exception: None  <coroutine object WatchdogManager.join at 0x7f88da2180>
	14/41  relay state reporter            done:False   exception: None  <coroutine object Relay.main at 0x7f88d7d990>
	15/41  picocycler keepalive            done:False   exception: None  <coroutine object PicoCycler.main at 0x7f892eb4c0>
	16/41  process_messages                done:False   exception: None  <coroutine object Proactor.process_messages at 0x7f88fde640>
	17/41  ApiTankModule keepalive         done:False   exception: None  <coroutine object ApiTankModule.main at 0x7f88d6b680>
	18/41  LeafAlly keepalive              done:False   exception: None  <coroutine object AllTanksLeafAlly.main at 0x7f88d69620>
	19/41  relay state reporter            done:False   exception: None  <coroutine object Relay.main at 0x7f88d7d030>
	20/41  send_ping<gridworks_mqtt>       done:False   exception: None  <coroutine object LinkManager.send_ping at 0x7f88cfad40>
	21/41  relay state reporter            done:False   exception: None  <coroutine object Relay.main at 0x7f88d7d4e0>
	22/41  ApiTankModule keepalive         done:False   exception: None  <coroutine object ApiTankModule.main at 0x7f88d6b760>
	23/41  Derived Generator keepalive     done:False   exception: None  <coroutine object DerivedGenerator.main at 0x7f88d7c220>
	24/41  send_ping<local_mqtt>           done:False   exception: None  <coroutine object LinkManager.send_ping at 0x7f88cfb140>
	25/41  ApiTankModule keepalive         done:False   exception: None  <coroutine object ApiTankModule.main at 0x7f88d6b920>
	26/41  LocalControl keepalive          done:False   exception: None  <coroutine object LocalControlTouBase.main at 0x7f88d7cc70>
	27/41  relay state reporter            done:False   exception: None  <coroutine object Relay.main at 0x7f88d7d120>
	28/41  send_ping<admin>                done:False   exception: None  <coroutine object LinkManager.send_ping at 0x7f88cfb240>
	29/41  relay state reporter            done:False   exception: None  <coroutine object Relay.main at 0x7f88d7d7b0>
	30/41  relay state reporter            done:False   exception: None  <coroutine object Relay.main at 0x7f88d7d5d0>
	31/41  ApiTankModule keepalive         done:False   exception: None  <coroutine object ApiTankModule.main at 0x7f88d6ba00>
	32/41  Sieg Loop Synchronous Report    done:False   exception: None  <coroutine object SiegLoop.main at 0x7f88d35cb0>
	33/41  report_sender                   done:False   exception: None  <coroutine object Scada.report_sending_task at 0x7f88da03c0>
	34/41  dist-010v-main                  done:False   exception: None  <coroutine object ZeroTenOutputer.main_loop at 0x7f88d6bae0>
	35/41  relay state reporter            done:False   exception: None  <coroutine object Relay.main at 0x7f88d7d210>
	36/41  snap_sender                     done:False   exception: None  <coroutine object Scada.snap_sending_task at 0x7f88da0580>
	37/41  store-010v-main                 done:False   exception: None  <coroutine object ZeroTenOutputer.main_loop at 0x7f88d6be60>
	38/41  i2c-bus-heartbeat               done:False   exception: None  <coroutine object I2cBus._heartbeat at 0x7f88d6b840>
	39/41  unknown_channel_logger          done:False   exception: None  <coroutine object Scada.unknown_channel_logging_task at 0x7f88cfb340>
	40/41  power-meter.join                done:False   exception: None  <coroutine object SyncThreadActor.join at 0x7f88da96c0>
	41/41  ApiBtuMeter keepalive           done:False   exception: None  <coroutine object ApiBtuMeter.main at 0x7f88da04a0>

2026-09-28 18:23:43.320 Tasks: 41  [WAITING FOR]
	1/41  relay state reporter            done:False   exception: None  <coroutine object Relay.main at 0x7f88d7d6c0>
	2/41  disabled_roster                 done:False   exception: None  <coroutine object Scada.disabled_roster_task at 0x7f88da0660>
	3/41  relay state reporter            done:False   exception: None  <coroutine object Relay.main at 0x7f88d7cd60>
	4/41  ApiBtuMeter keepalive           done:False   exception: None  <coroutine object ApiBtuMeter.main at 0x7f88da02e0>
	5/41  relay state reporter            done:False   exception: None  <coroutine object Relay.main at 0x7f88d7d300>
	6/41  scada top_state_tracker         done:False   exception: None  <coroutine object Scada.state_tracker at 0x7f88fde770>
	7/41  relay state reporter            done:False   exception: None  <coroutine object Relay.main at 0x7f88d7d8a0>
	8/41  ApiFlowModule keepalive         done:False   exception: None  <coroutine object ApiFlowModule.main at 0x7f88d80370>
	9/41  startup_announcer               done:False   exception: None  <coroutine object Scada.announce_at_first_broker_link at 0x7f88d35f20>
	10/41  relay state reporter            done:False   exception: None  <coroutine object Relay.main at 0x7f88d7cf40>
	11/41  ApiFlowModule keepalive         done:False   exception: None  <coroutine object ApiFlowModule.main at 0x7f88d80480>
	12/41  relay state reporter            done:False   exception: None  <coroutine object Relay.main at 0x7f88d7d3f0>
	13/41  watchdog_manager.join           done:False   exception: None  <coroutine object WatchdogManager.join at 0x7f88da2180>
	14/41  relay state reporter            done:False   exception: None  <coroutine object Relay.main at 0x7f88d7d990>
	15/41  picocycler keepalive            done:False   exception: None  <coroutine object PicoCycler.main at 0x7f892eb4c0>
	16/41  process_messages                done:False   exception: None  <coroutine object Proactor.process_messages at 0x7f88fde640>
	17/41  ApiTankModule keepalive         done:False   exception: None  <coroutine object ApiTankModule.main at 0x7f88d6b680>
	18/41  LeafAlly keepalive              done:False   exception: None  <coroutine object AllTanksLeafAlly.main at 0x7f88d69620>
	19/41  relay state reporter            done:False   exception: None  <coroutine object Relay.main at 0x7f88d7d030>
	20/41  send_ping<gridworks_mqtt>       done:False   exception: None  <coroutine object LinkManager.send_ping at 0x7f88cfad40>
	21/41  relay state reporter            done:False   exception: None  <coroutine object Relay.main at 0x7f88d7d4e0>
	22/41  ApiTankModule keepalive         done:False   exception: None  <coroutine object ApiTankModule.main at 0x7f88d6b760>
	23/41  Derived Generator keepalive     done:False   exception: None  <coroutine object DerivedGenerator.main at 0x7f88d7c220>
	24/41  send_ping<local_mqtt>           done:False   exception: None  <coroutine object LinkManager.send_ping at 0x7f88cfb140>
	25/41  ApiTankModule keepalive         done:False   exception: None  <coroutine object ApiTankModule.main at 0x7f88d6b920>
	26/41  LocalControl keepalive          done:False   exception: None  <coroutine object LocalControlTouBase.main at 0x7f88d7cc70>
	27/41  relay state reporter            done:False   exception: None  <coroutine object Relay.main at 0x7f88d7d120>
	28/41  send_ping<admin>                done:False   exception: None  <coroutine object LinkManager.send_ping at 0x7f88cfb240>
	29/41  relay state reporter            done:False   exception: None  <coroutine object Relay.main at 0x7f88d7d7b0>
	30/41  relay state reporter            done:False   exception: None  <coroutine object Relay.main at 0x7f88d7d5d0>
	31/41  ApiTankModule keepalive         done:False   exception: None  <coroutine object ApiTankModule.main at 0x7f88d6ba00>
	32/41  Sieg Loop Synchronous Report    done:False   exception: None  <coroutine object SiegLoop.main at 0x7f88d35cb0>
	33/41  report_sender                   done:False   exception: None  <coroutine object Scada.report_sending_task at 0x7f88da03c0>
	34/41  dist-010v-main                  done:False   exception: None  <coroutine object ZeroTenOutputer.main_loop at 0x7f88d6bae0>
	35/41  relay state reporter            done:False   exception: None  <coroutine object Relay.main at 0x7f88d7d210>
	36/41  snap_sender                     done:False   exception: None  <coroutine object Scada.snap_sending_task at 0x7f88da0580>
	37/41  store-010v-main                 done:False   exception: None  <coroutine object ZeroTenOutputer.main_loop at 0x7f88d6be60>
	38/41  i2c-bus-heartbeat               done:False   exception: None  <coroutine object I2cBus._heartbeat at 0x7f88d6b840>
	39/41  unknown_channel_logger          done:False   exception: None  <coroutine object Scada.unknown_channel_logging_task at 0x7f88cfb340>
	40/41  power-meter.join                done:False   exception: None  <coroutine object SyncThreadActor.join at 0x7f88da96c0>
	41/41  ApiBtuMeter keepalive           done:False   exception: None  <coroutine object ApiBtuMeter.main at 0x7f88da04a0>

2026-09-28 18:23:43.321 [dist-010v] dist-010v: output range set to 0-10 V
2026-09-28 18:23:43.322 [store-010v] store-010v: output range set to 0-10 V
2026-09-28 18:23:43.323 gridworks_mqtt:  connecting -- mqtt_connected --> awaiting_setup_and_peer
2026-09-28 18:23:43.326 local_mqtt:  awaiting_setup_and_peer -- mqtt_suback --> awaiting_peer
2026-09-28 18:23:43.329 admin:  awaiting_setup_and_peer -- mqtt_suback --> awaiting_peer
2026-09-28 18:23:43.363 local_mqtt:  awaiting_peer -- message_from_peer --> active
2026-09-28 18:23:43.412 gridworks_mqtt:  awaiting_setup_and_peer -- mqtt_suback --> awaiting_peer
2026-09-28 18:23:43.495 [derived-generator] Obtained a 155-hour weather forecast starting at 1790636400
2026-09-28 18:23:43.499 [derived-generator] Calculating rswt_quadratic_params: [ 4.91228070e-04 -4.28070175e-02  8.68421053e-01]
2026-09-28 18:23:43.507 [derived-generator] Updating usable and required energy
2026-09-28 18:23:43.507 [derived-generator] Got forecast starting 2026-09-28 19:00:00
2026-09-28 18:23:44.326 Tasks: 1  [DONE]
	1/1  startup_announcer               done:True   exception: None  <coroutine object Scada.announce_at_first_broker_link at 0x7f88d35f20>

2026-09-28 18:23:44.326 Tasks: 40  [PENDING]
	1/40  relay state reporter            done:False   exception: None  <coroutine object Relay.main at 0x7f88d7d6c0>
	2/40  disabled_roster                 done:False   exception: None  <coroutine object Scada.disabled_roster_task at 0x7f88da0660>
	3/40  relay state reporter            done:False   exception: None  <coroutine object Relay.main at 0x7f88d7cd60>
	4/40  ApiBtuMeter keepalive           done:False   exception: None  <coroutine object ApiBtuMeter.main at 0x7f88da02e0>
	5/40  relay state reporter            done:False   exception: None  <coroutine object Relay.main at 0x7f88d7d300>
	6/40  scada top_state_tracker         done:False   exception: None  <coroutine object Scada.state_tracker at 0x7f88fde770>
	7/40  relay state reporter            done:False   exception: None  <coroutine object Relay.main at 0x7f88d7d8a0>
	8/40  ApiFlowModule keepalive         done:False   exception: None  <coroutine object ApiFlowModule.main at 0x7f88d80370>
	9/40  relay state reporter            done:False   exception: None  <coroutine object Relay.main at 0x7f88d7cf40>
	10/40  ApiFlowModule keepalive         done:False   exception: None  <coroutine object ApiFlowModule.main at 0x7f88d80480>
	11/40  relay state reporter            done:False   exception: None  <coroutine object Relay.main at 0x7f88d7d3f0>
	12/40  power-meter.join                done:False   exception: None  <coroutine object SyncThreadActor.join at 0x7f88da96c0>
	13/40  watchdog_manager.join           done:False   exception: None  <coroutine object WatchdogManager.join at 0x7f88da2180>
	14/40  relay state reporter            done:False   exception: None  <coroutine object Relay.main at 0x7f88d7d990>
	15/40  picocycler keepalive            done:False   exception: None  <coroutine object PicoCycler.main at 0x7f892eb4c0>
	16/40  process_messages                done:False   exception: None  <coroutine object Proactor.process_messages at 0x7f88fde640>
	17/40  ApiTankModule keepalive         done:False   exception: None  <coroutine object ApiTankModule.main at 0x7f88d6b680>
	18/40  LeafAlly keepalive              done:False   exception: None  <coroutine object AllTanksLeafAlly.main at 0x7f88d69620>
	19/40  send_ping<gridworks_mqtt>       done:False   exception: None  <coroutine object LinkManager.send_ping at 0x7f88cfad40>
	20/40  relay state reporter            done:False   exception: None  <coroutine object Relay.main at 0x7f88d7d030>
	21/40  relay state reporter            done:False   exception: None  <coroutine object Relay.main at 0x7f88d7d4e0>
	22/40  ApiTankModule keepalive         done:False   exception: None  <coroutine object ApiTankModule.main at 0x7f88d6b760>
	23/40  Derived Generator keepalive     done:False   exception: None  <coroutine object DerivedGenerator.main at 0x7f88d7c220>
	24/40  send_ping<local_mqtt>           done:False   exception: None  <coroutine object LinkManager.send_ping at 0x7f88cfb140>
	25/40  ApiTankModule keepalive         done:False   exception: None  <coroutine object ApiTankModule.main at 0x7f88d6b920>
	26/40  LocalControl keepalive          done:False   exception: None  <coroutine object LocalControlTouBase.main at 0x7f88d7cc70>
	27/40  relay state reporter            done:False   exception: None  <coroutine object Relay.main at 0x7f88d7d120>
	28/40  send_ping<admin>                done:False   exception: None  <coroutine object LinkManager.send_ping at 0x7f88cfb240>
	29/40  relay state reporter            done:False   exception: None  <coroutine object Relay.main at 0x7f88d7d5d0>
	30/40  ApiTankModule keepalive         done:False   exception: None  <coroutine object ApiTankModule.main at 0x7f88d6ba00>
	31/40  Sieg Loop Synchronous Report    done:False   exception: None  <coroutine object SiegLoop.main at 0x7f88d35cb0>
	32/40  report_sender                   done:False   exception: None  <coroutine object Scada.report_sending_task at 0x7f88da03c0>
	33/40  dist-010v-main                  done:False   exception: None  <coroutine object ZeroTenOutputer.main_loop at 0x7f88d6bae0>
	34/40  relay state reporter            done:False   exception: None  <coroutine object Relay.main at 0x7f88d7d210>
	35/40  snap_sender                     done:False   exception: None  <coroutine object Scada.snap_sending_task at 0x7f88da0580>
	36/40  store-010v-main                 done:False   exception: None  <coroutine object ZeroTenOutputer.main_loop at 0x7f88d6be60>
	37/40  i2c-bus-heartbeat               done:False   exception: None  <coroutine object I2cBus._heartbeat at 0x7f88d6b840>
	38/40  unknown_channel_logger          done:False   exception: None  <coroutine object Scada.unknown_channel_logging_task at 0x7f88cfb340>
	39/40  relay state reporter            done:False   exception: None  <coroutine object Relay.main at 0x7f88d7d7b0>
	40/40  ApiBtuMeter keepalive           done:False   exception: None  <coroutine object ApiBtuMeter.main at 0x7f88da04a0>

2026-09-28 18:23:44.327 Tasks: 40  [WAITING FOR]
	1/40  relay state reporter            done:False   exception: None  <coroutine object Relay.main at 0x7f88d7d6c0>
	2/40  disabled_roster                 done:False   exception: None  <coroutine object Scada.disabled_roster_task at 0x7f88da0660>
	3/40  relay state reporter            done:False   exception: None  <coroutine object Relay.main at 0x7f88d7cd60>
	4/40  ApiBtuMeter keepalive           done:False   exception: None  <coroutine object ApiBtuMeter.main at 0x7f88da02e0>
	5/40  relay state reporter            done:False   exception: None  <coroutine object Relay.main at 0x7f88d7d300>
	6/40  scada top_state_tracker         done:False   exception: None  <coroutine object Scada.state_tracker at 0x7f88fde770>
	7/40  relay state reporter            done:False   exception: None  <coroutine object Relay.main at 0x7f88d7d8a0>
	8/40  ApiFlowModule keepalive         done:False   exception: None  <coroutine object ApiFlowModule.main at 0x7f88d80370>
	9/40  relay state reporter            done:False   exception: None  <coroutine object Relay.main at 0x7f88d7cf40>
	10/40  ApiFlowModule keepalive         done:False   exception: None  <coroutine object ApiFlowModule.main at 0x7f88d80480>
	11/40  relay state reporter            done:False   exception: None  <coroutine object Relay.main at 0x7f88d7d3f0>
	12/40  power-meter.join                done:False   exception: None  <coroutine object SyncThreadActor.join at 0x7f88da96c0>
	13/40  watchdog_manager.join           done:False   exception: None  <coroutine object WatchdogManager.join at 0x7f88da2180>
	14/40  relay state reporter            done:False   exception: None  <coroutine object Relay.main at 0x7f88d7d990>
	15/40  picocycler keepalive            done:False   exception: None  <coroutine object PicoCycler.main at 0x7f892eb4c0>
	16/40  process_messages                done:False   exception: None  <coroutine object Proactor.process_messages at 0x7f88fde640>
	17/40  ApiTankModule keepalive         done:False   exception: None  <coroutine object ApiTankModule.main at 0x7f88d6b680>
	18/40  LeafAlly keepalive              done:False   exception: None  <coroutine object AllTanksLeafAlly.main at 0x7f88d69620>
	19/40  send_ping<gridworks_mqtt>       done:False   exception: None  <coroutine object LinkManager.send_ping at 0x7f88cfad40>
	20/40  relay state reporter            done:False   exception: None  <coroutine object Relay.main at 0x7f88d7d030>
	21/40  relay state reporter            done:False   exception: None  <coroutine object Relay.main at 0x7f88d7d4e0>
	22/40  ApiTankModule keepalive         done:False   exception: None  <coroutine object ApiTankModule.main at 0x7f88d6b760>
	23/40  Derived Generator keepalive     done:False   exception: None  <coroutine object DerivedGenerator.main at 0x7f88d7c220>
	24/40  send_ping<local_mqtt>           done:False   exception: None  <coroutine object LinkManager.send_ping at 0x7f88cfb140>
	25/40  ApiTankModule keepalive         done:False   exception: None  <coroutine object ApiTankModule.main at 0x7f88d6b920>
	26/40  LocalControl keepalive          done:False   exception: None  <coroutine object LocalControlTouBase.main at 0x7f88d7cc70>
	27/40  relay state reporter            done:False   exception: None  <coroutine object Relay.main at 0x7f88d7d120>
	28/40  send_ping<admin>                done:False   exception: None  <coroutine object LinkManager.send_ping at 0x7f88cfb240>
	29/40  relay state reporter            done:False   exception: None  <coroutine object Relay.main at 0x7f88d7d5d0>
	30/40  ApiTankModule keepalive         done:False   exception: None  <coroutine object ApiTankModule.main at 0x7f88d6ba00>
	31/40  Sieg Loop Synchronous Report    done:False   exception: None  <coroutine object SiegLoop.main at 0x7f88d35cb0>
	32/40  report_sender                   done:False   exception: None  <coroutine object Scada.report_sending_task at 0x7f88da03c0>
	33/40  dist-010v-main                  done:False   exception: None  <coroutine object ZeroTenOutputer.main_loop at 0x7f88d6bae0>
	34/40  relay state reporter            done:False   exception: None  <coroutine object Relay.main at 0x7f88d7d210>
	35/40  snap_sender                     done:False   exception: None  <coroutine object Scada.snap_sending_task at 0x7f88da0580>
	36/40  store-010v-main                 done:False   exception: None  <coroutine object ZeroTenOutputer.main_loop at 0x7f88d6be60>
	37/40  i2c-bus-heartbeat               done:False   exception: None  <coroutine object I2cBus._heartbeat at 0x7f88d6b840>
	38/40  unknown_channel_logger          done:False   exception: None  <coroutine object Scada.unknown_channel_logging_task at 0x7f88cfb340>
	39/40  relay state reporter            done:False   exception: None  <coroutine object Relay.main at 0x7f88d7d7b0>
	40/40  ApiBtuMeter keepalive           done:False   exception: None  <coroutine object ApiBtuMeter.main at 0x7f88da04a0>

2026-09-28 18:23:46.259 [pico-cycler] TRIGGERING PICO REBOOT! startup
2026-09-28 18:23:46.260 [pico-cycler] OpenRelay to vdc-relay
2026-09-28 18:23:47.305 [scada] About to initialize contracts
2026-09-28 18:23:47.306 No contract
2026-09-28 18:23:47.306 Starting with no contract
2026-09-28 18:23:48.259 [lc] Top state: Normal
2026-09-28 18:23:48.260 [lc] LocalControl: AllTanks  |  State: Initializing
2026-09-28 18:23:48.261 [lc] zone1-living-rm temperature is at least 1F lower than the effective setpoint (min of on-peak start and current)
2026-09-28 18:23:48.261 [lc] Buffer not empty (dist-swt: 86.4 >= 70.8 F), RSWT is 70.8F
2026-09-28 18:23:51.271 [pico-cycler] CloseRelay to vdc-relay
2026-09-28 18:23:57.096 [sieg-btu] malformed BtuMeter parameters: 3 validation errors for AsyncBtuParams
PicoBoardVariant
  Field required [type=missing, input_value={'AsyncCaptureDeltaCelsiu...me': 'async.btu.params'}, input_type=dict]
    For further information visit https://errors.pydantic.dev/2.11/v/missing
MicropythonVersion
  Field required [type=missing, input_value={'AsyncCaptureDeltaCelsiu...me': 'async.btu.params'}, input_type=dict]
    For further information visit https://errors.pydantic.dev/2.11/v/missing
Version
  Input should be '100' [type=literal_error, input_value='000', input_type=str]
    For further information visit https://errors.pydantic.dev/2.11/v/literal_error
2026-09-28 18:23:58.304 [UnknownChannels] no value: buffer-depth1-device,buffer-depth2-device,buffer-depth3-device,buffer-depth1-micro-v,buffer-depth2-micro-v,buffer-depth3-micro-v,tank1-depth1-device,tank1-depth2-device,tank1-depth3-device,tank1-depth1-micro-v,tank1-depth2-micro-v,tank1-depth3-micro-v,tank2-depth1-device,tank2-depth2-device,tank2-depth3-device,tank2-depth1-micro-v,tank2-depth2-micro-v,tank2-depth3-micro-v,tank3-depth1-device,tank3-depth2-device,tank3-depth3-device,tank3-depth1-micro-v,tank3-depth2-micro-v,tank3-depth3-micro-v,sieg-flow,sieg-hot,sieg-cold,store-flow,store-hot-pipe,store-cold-pipe,dist-flow,dist-flow-hz,sieg-send,sieg-send-hz,sieg-send-flow,primary-flow,required-energy,buffer-depth1,buffer-depth2,buffer-depth3,tank1-depth1,tank1-depth2,tank1-depth3,tank2-depth1,tank2-depth2,tank2-depth3,tank3-depth1,tank3-depth2,tank3-depth3 | stale: -
2026-09-28 18:24:02.986 [store-btu] malformed BtuMeter parameters: 3 validation errors for AsyncBtuParams
PicoBoardVariant
  Field required [type=missing, input_value={'AsyncCaptureDeltaCelsiu...me': 'async.btu.params'}, input_type=dict]
    For further information visit https://errors.pydantic.dev/2.11/v/missing
MicropythonVersion
  Field required [type=missing, input_value={'AsyncCaptureDeltaCelsiu...me': 'async.btu.params'}, input_type=dict]
    For further information visit https://errors.pydantic.dev/2.11/v/missing
Version
  Input should be '100' [type=literal_error, input_value='000', input_type=str]
    For further information visit https://errors.pydantic.dev/2.11/v/literal_error
2026-09-28 18:24:05.041 [scada] First Buffer temps arrived! Sending to LocalControl
2026-09-28 18:24:05.045 [lc] Buffer Temps Available: False
2026-09-28 18:24:05.046 [lc] Blind since 16 seconds
2026-09-28 18:24:13.261 [sieg-loop] sieg-view KeepingLess keep=94.0s hp-lwt=82.3F@24s hp-ewt=82.8F@3s sieg-hot=80.3F@14s sieg-cold=80.0F@14s sieg-flow=4.63gpm@1s sieg-send-flow*=-- primary-flow*=-- hp-odu-pwr=54W@30s hp-idu-pwr=2W@30s buffer-hot-pipe=102.5F@30s buffer-cold-pipe=94.9F@30s store-hot-pipe=87.1F@8s dist-swt=86.4F@30s dist-rwt=74.6F@30s | lift=0.0F pwr=56W
2026-09-28 18:24:13.306 [UnknownChannels] no value: sieg-send,sieg-send-hz,sieg-send-flow,primary-flow,required-energy | stale: -
2026-09-28 18:24:18.852 admin:  awaiting_peer -- message_from_peer --> active
2026-09-28 18:24:19.754 [scada] Admin timeout renewed: 300 seconds
2026-09-28 18:24:19.755 [scada] Message from Admin! top_state Admin
2026-09-28 18:24:19.756 [scada] AutoGoesDormant: LocalControl -> Dormant
2026-09-28 18:24:19.771 [lc] Top State TopGoDormant: Normal -> Dormant
2026-09-28 18:24:19.772 [lc] Set top state command tree
2026-09-28 18:24:19.773 [lc] GoDormant: Initializing -> Dormant
2026-09-28 18:24:19.774 [scada] Admin Wakes Up
2026-09-28 18:24:21.757 [scada] AdminDispatch MoveToFullSend to admin.sieg-loop
2026-09-28 18:24:21.761 [sieg-loop] MoveToFullSend from admin: the loop is held until the tree changes hands
2026-09-28 18:24:21.762 [sieg-loop] Full run to send
2026-09-28 18:24:21.764 [sieg-loop] admin.sieg-loop sending OpenRelay to HpLoopOnOff relay admin.sieg-loop.hp-loop-on-off-relay
2026-09-28 18:24:21.765 [sieg-loop] StopKeepingLess: KeepingLess -> SteadyBlend
2026-09-28 18:24:21.768 [sieg-loop] sieg-view SteadyBlend keep=55.7s hp-lwt=82.3F@33s hp-ewt=82.2F@0s sieg-hot=80.3F@22s sieg-cold=78.2F@0s sieg-flow=4.27gpm@0s sieg-send-flow*=-- primary-flow*=-- hp-odu-pwr=54W@38s hp-idu-pwr=2W@38s buffer-hot-pipe=102.5F@39s buffer-cold-pipe=94.9F@39s store-hot-pipe=87.1F@17s dist-swt=86.4F@39s dist-rwt=74.6F@39s | lift=0.1F pwr=56W
2026-09-28 18:24:21.768 [sieg-loop] Motor stopped after 38.3 s: keep_seconds 55.7
2026-09-28 18:24:21.775 [sieg-loop] admin.sieg-loop sending SendMore to HpLoopKeepSend relay admin.sieg-loop.hp-loop-keep-send-relay
2026-09-28 18:24:21.776 [sieg-loop] admin.sieg-loop sending CloseRelay to HpLoopOnOff relay admin.sieg-loop.hp-loop-on-off-relay
2026-09-28 18:24:21.777 [sieg-loop] StartKeepingLess: SteadyBlend -> KeepingLess
2026-09-28 18:24:21.779 [sieg-loop] sieg-view KeepingLess keep=55.7s hp-lwt=82.3F@33s hp-ewt=82.2F@0s sieg-hot=80.3F@22s sieg-cold=78.2F@0s sieg-flow=4.27gpm@0s sieg-send-flow*=-- primary-flow*=-- hp-odu-pwr=54W@38s hp-idu-pwr=2W@38s buffer-hot-pipe=102.5F@39s buffer-cold-pipe=94.9F@39s store-hot-pipe=87.1F@17s dist-swt=86.4F@39s dist-rwt=74.6F@39s | lift=0.1F pwr=56W
2026-09-28 18:24:21.779 [sieg-loop] Motor toward send for 104 s from keep_seconds 55.7
2026-09-28 18:24:28.308 [UnknownChannels] no value: sieg-send,sieg-send-hz,sieg-send-flow,primary-flow,required-energy | stale: -
2026-09-28 18:24:43.264 [sieg-loop] sieg-view KeepingLess keep=55.7s hp-lwt=81.4F@1s hp-ewt=79.8F@1s sieg-hot=80.3F@44s sieg-cold=74.1F@3s sieg-flow=2.37gpm@1s sieg-send-flow*=-- primary-flow*=-- hp-odu-pwr=54W@60s hp-idu-pwr=2W@60s buffer-hot-pipe=94.8F@1s buffer-cold-pipe=94.9F@60s store-hot-pipe=87.1F@38s dist-swt=86.4F@60s dist-rwt=74.6F@60s | lift=1.6F pwr=56W
2026-09-28 18:24:43.312 [UnknownChannels] no value: sieg-send,sieg-send-hz,sieg-send-flow,primary-flow,required-energy | stale: -
2026-09-28 18:24:48.262 [lc] Top state: Dormant
2026-09-28 18:24:48.263 [lc] LocalControl: AllTanks  |  State: Dormant
2026-09-28 18:24:58.315 [UnknownChannels] no value: sieg-send,sieg-send-hz,sieg-send-flow,primary-flow,required-energy | stale: -
2026-09-28 18:24:58.800 Top state: Admin
2026-09-28 18:24:58.801 Auto state: Dormant
2026-09-28 18:25:00.444 [derived-generator] [HeatCall periodic] zone1-living-rm-heat-call now=1790634300.4 next=1790634300 period=300
2026-09-28 18:25:00.444 [derived-generator] [HeatCall periodic] zone2-bedroom-heat-call now=1790634300.4 next=1790634300 period=300
2026-09-28 18:25:10.775 [pico-cycler] sieg-send pico_481731 flatlined
2026-09-28 18:25:10.776 [pico-cycler] TRIGGERING PICO REBOOT! triggered by sieg-send pico_481731
2026-09-28 18:25:10.776 [pico-cycler] OpenRelay to vdc-relay
2026-09-28 18:25:13.267 [sieg-loop] sieg-view KeepingLess keep=55.7s hp-lwt=84.0F@0s hp-ewt=95.3F@1s sieg-hot=79.9F@26s sieg-cold=87.5F@4s sieg-flow=0.00gpm@18s sieg-send-flow*=-- primary-flow*=-- hp-odu-pwr=56W@13s hp-idu-pwr=2W@13s buffer-hot-pipe=84.3F@5s buffer-cold-pipe=96.7F@14s store-hot-pipe=87.1F@68s dist-swt=86.4F@90s dist-rwt=74.6F@90s | lift=0.0F pwr=58W
2026-09-28 18:25:13.316 [UnknownChannels] no value: sieg-send,sieg-send-hz,sieg-send-flow,primary-flow,required-energy | stale: -
2026-09-28 18:25:15.788 [pico-cycler] CloseRelay to vdc-relay
2026-09-28 18:25:28.112 [sieg-btu] malformed BtuMeter parameters: 3 validation errors for AsyncBtuParams
PicoBoardVariant
  Field required [type=missing, input_value={'AsyncCaptureDeltaCelsiu...me': 'async.btu.params'}, input_type=dict]
    For further information visit https://errors.pydantic.dev/2.11/v/missing
MicropythonVersion
  Field required [type=missing, input_value={'AsyncCaptureDeltaCelsiu...me': 'async.btu.params'}, input_type=dict]
    For further information visit https://errors.pydantic.dev/2.11/v/missing
Version
  Input should be '100' [type=literal_error, input_value='000', input_type=str]
    For further information visit https://errors.pydantic.dev/2.11/v/literal_error
2026-09-28 18:25:28.318 [UnknownChannels] no value: required-energy | stale: -
2026-09-28 18:25:28.437 [store-btu] malformed BtuMeter parameters: 3 validation errors for AsyncBtuParams
PicoBoardVariant
  Field required [type=missing, input_value={'AsyncCaptureDeltaCelsiu...me': 'async.btu.params'}, input_type=dict]
    For further information visit https://errors.pydantic.dev/2.11/v/missing
MicropythonVersion
  Field required [type=missing, input_value={'AsyncCaptureDeltaCelsiu...me': 'async.btu.params'}, input_type=dict]
    For further information visit https://errors.pydantic.dev/2.11/v/missing
Version
  Input should be '100' [type=literal_error, input_value='000', input_type=str]
    For further information visit https://errors.pydantic.dev/2.11/v/literal_error
2026-09-28 18:25:43.268 [sieg-loop] sieg-view KeepingLess keep=55.7s hp-lwt=94.5F@1s hp-ewt=97.9F@1s sieg-hot=79.2F@13s sieg-cold=91.6F@1s sieg-flow=0.00gpm@13s sieg-send-flow*=4.31gpm@5s primary-flow*=4.31gpm@5s hp-odu-pwr=56W@43s hp-idu-pwr=2W@43s buffer-hot-pipe=87.1F@1s buffer-cold-pipe=98.6F@1s store-hot-pipe=87.2F@13s dist-swt=86.4F@120s dist-rwt=74.6F@120s | lift=0.0F pwr=58W
2026-09-28 18:25:43.320 [UnknownChannels] no value: required-energy | stale: -
2026-09-28 18:25:48.265 [lc] Top state: Dormant
2026-09-28 18:25:48.266 [lc] LocalControl: AllTanks  |  State: Dormant
2026-09-28 18:25:58.321 [UnknownChannels] no value: required-energy | stale: usable-energy
2026-09-28 18:26:05.805 [sieg-loop] admin.sieg-loop sending OpenRelay to HpLoopOnOff relay admin.sieg-loop.hp-loop-on-off-relay
2026-09-28 18:26:05.806 [sieg-loop] ResetToFullySend: KeepingLess -> FullySend
2026-09-28 18:26:05.809 [sieg-loop] sieg-view FullySend keep=0.0s hp-lwt=97.2F@0s hp-ewt=101.2F@1s sieg-hot=80.0F@1s sieg-cold=94.1F@3s sieg-flow=0.00gpm@35s sieg-send-flow*=4.35gpm@7s primary-flow*=4.35gpm@7s hp-odu-pwr=56W@65s hp-idu-pwr=2W@65s buffer-hot-pipe=92.7F@3s buffer-cold-pipe=100.5F@10s store-hot-pipe=87.2F@35s dist-swt=86.4F@143s dist-rwt=74.6F@143s | lift=0.0F pwr=58W
2026-09-28 18:26:05.809 [sieg-loop] Motor stopped after 104.0 s: keep_seconds 0
2026-09-28 18:26:10.756 [scada] AdminDispatch ChargeStore to admin.charge-discharge-relay
2026-09-28 18:26:12.759 [scada] AdminDispatch MoveToFullKeep to admin.sieg-loop
2026-09-28 18:26:12.763 [sieg-loop] MoveToFullKeep from admin: the loop is held until the tree changes hands
2026-09-28 18:26:12.764 [sieg-loop] Full run to keep
2026-09-28 18:26:12.766 [sieg-loop] admin.sieg-loop sending SendLessto HpLoopKeepSend relay admin.sieg-loop.hp-loop-keep-send-relay
2026-09-28 18:26:12.767 [sieg-loop] admin.sieg-loop sending CloseRelay to HpLoopOnOff relay admin.sieg-loop.hp-loop-on-off-relay
2026-09-28 18:26:12.768 [sieg-loop] StartKeepingMore: FullySend -> KeepingMore
2026-09-28 18:26:12.771 [sieg-loop] sieg-view KeepingMore keep=0.0s hp-lwt=98.3F@1s hp-ewt=101.6F@2s sieg-hot=80.4F@0s sieg-cold=94.5F@4s sieg-flow=0.00gpm@42s sieg-send-flow*=4.36gpm@5s primary-flow*=4.36gpm@5s hp-odu-pwr=56W@72s hp-idu-pwr=2W@72s buffer-hot-pipe=93.6F@6s buffer-cold-pipe=100.5F@17s store-hot-pipe=87.6F@5s dist-swt=86.4F@150s dist-rwt=74.6F@150s | lift=0.0F pwr=58W
2026-09-28 18:26:12.771 [sieg-loop] Motor toward keep for 104 s from keep_seconds 0
2026-09-28 18:26:13.271 [sieg-loop] sieg-view KeepingMore keep=0.0s hp-lwt=98.4F@0s hp-ewt=101.6F@3s sieg-hot=80.4F@1s sieg-cold=94.5F@5s sieg-flow=0.00gpm@43s sieg-send-flow*=4.36gpm@6s primary-flow*=4.36gpm@6s hp-odu-pwr=56W@73s hp-idu-pwr=2W@73s buffer-hot-pipe=93.6F@6s buffer-cold-pipe=100.5F@18s store-hot-pipe=87.6F@6s dist-swt=86.4F@150s dist-rwt=74.6F@150s | lift=0.0F pwr=58W
2026-09-28 18:26:13.324 [UnknownChannels] no value: required-energy | stale: usable-energy
2026-09-28 18:26:19.757 [scada] Admin timeout renewed: 300 seconds
2026-09-28 18:26:28.327 [UnknownChannels] no value: required-energy | stale: usable-energy
2026-09-28 18:26:43.274 [sieg-loop] sieg-view KeepingMore keep=0.0s hp-lwt=100.9F@2s hp-ewt=99.8F@0s sieg-hot=81.1F@7s sieg-cold=93.8F@1s sieg-flow=0.50gpm@1s sieg-send-flow*=4.16gpm@9s primary-flow*=4.66gpm@1s hp-odu-pwr=56W@103s hp-idu-pwr=2W@103s buffer-hot-pipe=97.3F@9s buffer-cold-pipe=101.4F@28s store-hot-pipe=96.9F@1s dist-swt=86.4F@180s dist-rwt=74.6F@180s | lift=1.1F pwr=58W
2026-09-28 18:26:43.329 [UnknownChannels] no value: required-energy | stale: usable-energy
2026-09-28 18:26:48.268 [lc] Top state: Dormant
2026-09-28 18:26:48.268 [lc] LocalControl: AllTanks  |  State: Dormant
2026-09-28 18:26:58.331 [UnknownChannels] no value: required-energy | stale: usable-energy
2026-09-28 18:27:03.763 [scada] AdminDispatch StopValve to admin.sieg-loop
2026-09-28 18:27:03.764 [sieg-loop] StopValve from admin: the loop is held until the tree changes hands
2026-09-28 18:27:03.764 [sieg-loop] Stopping the motor
2026-09-28 18:27:03.765 [sieg-loop] admin.sieg-loop sending OpenRelay to HpLoopOnOff relay admin.sieg-loop.hp-loop-on-off-relay
2026-09-28 18:27:03.765 [sieg-loop] StopKeepingMore: KeepingMore -> SteadyBlend
2026-09-28 18:27:03.766 [sieg-loop] sieg-view SteadyBlend keep=51.0s hp-lwt=96.2F@0s hp-ewt=89.8F@0s sieg-hot=84.5F@0s sieg-cold=82.2F@0s sieg-flow=3.60gpm@0s sieg-send-flow*=1.48gpm@8s primary-flow*=5.08gpm@0s hp-odu-pwr=56W@123s hp-idu-pwr=2W@123s buffer-hot-pipe=98.2F@20s buffer-cold-pipe=101.4F@49s store-hot-pipe=101.9F@0s dist-swt=86.4F@201s dist-rwt=74.6F@201s | lift=6.4F pwr=58W
2026-09-28 18:27:03.767 [sieg-loop] Motor stopped after 51.0 s: keep_seconds 51.0
2026-09-28 18:27:13.277 [sieg-loop] sieg-view SteadyBlend keep=51.0s hp-lwt=90.6F@0s hp-ewt=92.7F@0s sieg-hot=87.6F@3s sieg-cold=79.3F@1s sieg-flow=3.66gpm@9s sieg-send-flow*=0.81gpm@9s primary-flow*=4.47gpm@9s hp-odu-pwr=56W@133s hp-idu-pwr=2W@133s buffer-hot-pipe=98.2F@29s buffer-cold-pipe=101.4F@58s store-hot-pipe=102.3F@1s dist-swt=86.4F@210s dist-rwt=74.6F@210s | lift=0.0F pwr=58W
2026-09-28 18:27:13.335 [UnknownChannels] no value: required-energy | stale: transactive-power,usable-energy,zone1-living-rm-heat-call,zone2-bedroom-heat-call
2026-09-28 18:27:28.336 [UnknownChannels] no value: required-energy | stale: transactive-power,usable-energy,zone1-living-rm-heat-call,zone2-bedroom-heat-call
2026-09-28 18:27:43.279 [sieg-loop] sieg-view SteadyBlend keep=51.0s hp-lwt=87.6F@0s hp-ewt=85.6F@0s sieg-hot=86.0F@18s sieg-cold=70.9F@1s sieg-flow=3.66gpm@39s sieg-send-flow*=0.81gpm@14s primary-flow*=4.47gpm@14s hp-odu-pwr=56W@163s hp-idu-pwr=2W@163s buffer-hot-pipe=100.0F@14s buffer-cold-pipe=101.4F@88s store-hot-pipe=100.7F@2s dist-swt=86.4F@240s dist-rwt=74.6F@240s | lift=2.0F pwr=58W
2026-09-28 18:27:43.338 [UnknownChannels] no value: required-energy | stale: transactive-power,usable-energy,zone1-living-rm-heat-call,zone2-bedroom-heat-call
2026-09-28 18:27:48.271 [lc] Top state: Dormant
2026-09-28 18:27:48.272 [lc] LocalControl: AllTanks  |  State: Dormant
2026-09-28 18:27:58.341 [UnknownChannels] no value: required-energy | stale: transactive-power,usable-energy,zone1-living-rm-heat-call,zone2-bedroom-heat-call
2026-09-28 18:28:13.283 [sieg-loop] sieg-view SteadyBlend keep=51.0s hp-lwt=83.2F@1s hp-ewt=81.0F@1s sieg-hot=83.1F@4s sieg-cold=67.3F@1s sieg-flow=3.66gpm@69s sieg-send-flow*=0.77gpm@11s primary-flow*=4.43gpm@11s hp-odu-pwr=56W@193s hp-idu-pwr=2W@193s buffer-hot-pipe=101.0F@25s buffer-cold-pipe=101.4F@118s store-hot-pipe=93.6F@2s dist-swt=86.4F@270s dist-rwt=74.6F@270s | lift=2.2F pwr=58W
2026-09-28 18:28:13.343 [UnknownChannels] no value: required-energy | stale: transactive-power,usable-energy,zone1-living-rm-heat-call,zone2-bedroom-heat-call
2026-09-28 18:28:19.764 [scada] Admin timeout renewed: 300 seconds
2026-09-28 18:28:28.346 [UnknownChannels] no value: required-energy | stale: transactive-power,usable-energy,zone1-living-rm-heat-call,zone2-bedroom-heat-call
2026-09-28 18:28:43.285 [sieg-loop] sieg-view SteadyBlend keep=51.0s hp-lwt=79.1F@1s hp-ewt=77.0F@1s sieg-hot=80.1F@7s sieg-cold=65.8F@3s sieg-flow=3.61gpm@25s sieg-send-flow*=0.77gpm@19s primary-flow*=4.38gpm@19s hp-odu-pwr=56W@223s hp-idu-pwr=2W@223s buffer-hot-pipe=101.0F@55s buffer-cold-pipe=100.5F@6s store-hot-pipe=89.0F@2s dist-swt=85.6F@0s dist-rwt=74.3F@0s | lift=2.0F pwr=58W
2026-09-28 18:28:43.350 [UnknownChannels] no value: required-energy | stale: transactive-power,usable-energy,zone1-living-rm-heat-call,zone2-bedroom-heat-call
2026-09-28 18:28:48.275 [lc] Top state: Dormant
2026-09-28 18:28:48.275 [lc] LocalControl: AllTanks  |  State: Dormant
2026-09-28 18:28:58.353 [UnknownChannels] no value: required-energy | stale: transactive-power,usable-energy,zone1-living-rm-heat-call,zone2-bedroom-heat-call
2026-09-28 18:29:13.289 [sieg-loop] sieg-view SteadyBlend keep=51.0s hp-lwt=75.7F@1s hp-ewt=74.1F@3s sieg-hot=77.0F@1s sieg-cold=65.0F@9s sieg-flow=3.61gpm@55s sieg-send-flow*=0.77gpm@16s primary-flow*=4.38gpm@16s hp-odu-pwr=56W@253s hp-idu-pwr=2W@253s buffer-hot-pipe=101.0F@85s buffer-cold-pipe=99.5F@16s store-hot-pipe=84.7F@2s dist-swt=85.6F@30s dist-rwt=74.3F@30s | lift=1.5F pwr=58W
2026-09-28 18:29:13.355 [UnknownChannels] no value: required-energy | stale: transactive-power,usable-energy,zone1-living-rm-heat-call,zone2-bedroom-heat-call
2026-09-28 18:29:28.358 [UnknownChannels] no value: required-energy | stale: transactive-power,usable-energy,zone1-living-rm-heat-call,zone2-bedroom-heat-call
2026-09-28 18:29:33.761 [scada] AdminDispatch MoveToFullSend to admin.sieg-loop
2026-09-28 18:29:33.763 [sieg-loop] MoveToFullSend from admin: the loop is held until the tree changes hands
2026-09-28 18:29:33.763 [sieg-loop] Full run to send
2026-09-28 18:29:33.764 [sieg-loop] admin.sieg-loop sending SendMore to HpLoopKeepSend relay admin.sieg-loop.hp-loop-keep-send-relay
2026-09-28 18:29:33.765 [sieg-loop] admin.sieg-loop sending CloseRelay to HpLoopOnOff relay admin.sieg-loop.hp-loop-on-off-relay
2026-09-28 18:29:33.765 [sieg-loop] StartKeepingLess: SteadyBlend -> KeepingLess
2026-09-28 18:29:33.766 [sieg-loop] sieg-view KeepingLess keep=51.0s hp-lwt=73.5F@1s hp-ewt=72.2F@1s sieg-hot=75.5F@1s sieg-cold=64.6F@11s sieg-flow=3.61gpm@75s sieg-send-flow*=0.77gpm@7s primary-flow*=4.38gpm@7s hp-odu-pwr=56W@273s hp-idu-pwr=2W@273s buffer-hot-pipe=101.0F@105s buffer-cold-pipe=98.6F@7s store-hot-pipe=81.9F@0s dist-swt=85.6F@51s dist-rwt=74.3F@51s | lift=1.3F pwr=58W
2026-09-28 18:29:33.766 [sieg-loop] Motor toward send for 104 s from keep_seconds 51.0
2026-09-28 18:29:43.292 [sieg-loop] sieg-view KeepingLess keep=51.0s hp-lwt=72.7F@1s hp-ewt=71.3F@0s sieg-hot=74.6F@1s sieg-cold=64.6F@21s sieg-flow=3.28gpm@1s sieg-send-flow*=0.91gpm@3s primary-flow*=4.19gpm@1s hp-odu-pwr=56W@283s hp-idu-pwr=2W@283s buffer-hot-pipe=101.0F@115s buffer-cold-pipe=98.6F@17s store-hot-pipe=81.0F@2s dist-swt=85.6F@60s dist-rwt=74.3F@60s | lift=1.4F pwr=58W
2026-09-28 18:29:43.360 [UnknownChannels] no value: required-energy | stale: transactive-power,usable-energy,zone1-living-rm-heat-call,zone2-bedroom-heat-call
2026-09-28 18:29:48.276 [lc] Top state: Dormant
2026-09-28 18:29:48.277 [lc] LocalControl: AllTanks  |  State: Dormant
2026-09-28 18:29:58.362 [UnknownChannels] no value: required-energy | stale: transactive-power,usable-energy,zone1-living-rm-heat-call,zone2-bedroom-heat-call
2026-09-28 18:29:58.800 Top state: Admin
2026-09-28 18:29:58.801 Auto state: Dormant
2026-09-28 18:30:00.539 [derived-generator] [HeatCall periodic] zone1-living-rm-heat-call now=1790634600.5 next=1790634600 period=300
2026-09-28 18:30:00.540 [derived-generator] [HeatCall periodic] zone2-bedroom-heat-call now=1790634600.5 next=1790634600 period=300
2026-09-28 18:30:13.294 [sieg-loop] sieg-view KeepingLess keep=51.0s hp-lwt=69.2F@0s hp-ewt=63.1F@0s sieg-hot=73.0F@6s sieg-cold=63.8F@4s sieg-flow=0.00gpm@10s sieg-send-flow*=3.62gpm@10s primary-flow*=3.62gpm@10s hp-odu-pwr=54W@13s hp-idu-pwr=0W@13s buffer-hot-pipe=101.0F@145s buffer-cold-pipe=98.6F@47s store-hot-pipe=75.8F@2s dist-swt=85.6F@90s dist-rwt=74.3F@90s | lift=6.2F pwr=54W
2026-09-28 18:30:13.364 [UnknownChannels] no value: required-energy | stale: usable-energy
2026-09-28 18:30:19.813 [scada] Admin timeout renewed: 300 seconds
2026-09-28 18:30:28.367 [UnknownChannels] no value: required-energy | stale: usable-energy
2026-09-28 18:30:43.297 [sieg-loop] sieg-view KeepingLess keep=51.0s hp-lwt=62.7F@1s hp-ewt=61.0F@2s sieg-hot=72.4F@13s sieg-cold=63.3F@13s sieg-flow=0.00gpm@13s sieg-send-flow*=4.03gpm@8s primary-flow*=4.03gpm@8s hp-odu-pwr=54W@43s hp-idu-pwr=0W@43s buffer-hot-pipe=101.0F@175s buffer-cold-pipe=97.7F@3s store-hot-pipe=69.1F@1s dist-swt=85.6F@120s dist-rwt=74.3F@120s | lift=1.7F pwr=54W
2026-09-28 18:30:43.370 [UnknownChannels] no value: required-energy | stale: usable-energy
2026-09-28 18:30:48.278 [lc] Top state: Dormant
2026-09-28 18:30:48.279 [lc] LocalControl: AllTanks  |  State: Dormant
2026-09-28 18:30:58.373 [UnknownChannels] no value: required-energy | stale: usable-energy
2026-09-28 18:31:13.300 [sieg-loop] sieg-view KeepingLess keep=51.0s hp-lwt=61.0F@5s hp-ewt=60.7F@2s sieg-hot=72.0F@24s sieg-cold=62.9F@6s sieg-flow=0.00gpm@43s sieg-send-flow*=4.07gpm@4s primary-flow*=4.07gpm@4s hp-odu-pwr=54W@73s hp-idu-pwr=0W@73s buffer-hot-pipe=101.0F@205s buffer-cold-pipe=97.7F@33s store-hot-pipe=65.2F@3s dist-swt=85.6F@150s dist-rwt=74.3F@150s | lift=0.3F pwr=54W
2026-09-28 18:31:13.374 [UnknownChannels] no value: required-energy | stale: usable-energy
2026-09-28 18:31:17.780 [sieg-loop] admin.sieg-loop sending OpenRelay to HpLoopOnOff relay admin.sieg-loop.hp-loop-on-off-relay
2026-09-28 18:31:17.781 [sieg-loop] ResetToFullySend: KeepingLess -> FullySend
2026-09-28 18:31:17.784 [sieg-loop] sieg-view FullySend keep=0.0s hp-lwt=60.7F@0s hp-ewt=60.6F@0s sieg-hot=72.0F@28s sieg-cold=62.9F@10s sieg-flow=0.00gpm@47s sieg-send-flow*=4.07gpm@9s primary-flow*=4.07gpm@9s hp-odu-pwr=54W@77s hp-idu-pwr=0W@77s buffer-hot-pipe=101.0F@209s buffer-cold-pipe=97.7F@37s store-hot-pipe=64.8F@0s dist-swt=85.6F@155s dist-rwt=74.3F@155s | lift=0.1F pwr=54W
2026-09-28 18:31:17.784 [sieg-loop] Motor stopped after 104.0 s: keep_seconds 0
2026-09-28 18:31:22.807 [scada] AdminDispatch ChargeStore to admin.charge-discharge-relay
2026-09-28 18:31:24.765 [scada] AdminDispatch MoveToFullKeep to admin.sieg-loop
2026-09-28 18:31:24.766 [sieg-loop] MoveToFullKeep from admin: the loop is held until the tree changes hands
2026-09-28 18:31:24.767 [sieg-loop] Full run to keep
2026-09-28 18:31:24.768 [sieg-loop] admin.sieg-loop sending SendLessto HpLoopKeepSend relay admin.sieg-loop.hp-loop-keep-send-relay
2026-09-28 18:31:24.768 [sieg-loop] admin.sieg-loop sending CloseRelay to HpLoopOnOff relay admin.sieg-loop.hp-loop-on-off-relay
2026-09-28 18:31:24.768 [sieg-loop] StartKeepingMore: FullySend -> KeepingMore
2026-09-28 18:31:24.769 [sieg-loop] sieg-view KeepingMore keep=0.0s hp-lwt=60.7F@2s hp-ewt=60.6F@7s sieg-hot=72.0F@35s sieg-cold=62.9F@17s sieg-flow=0.00gpm@54s sieg-send-flow*=4.06gpm@8s primary-flow*=4.06gpm@8s hp-odu-pwr=54W@84s hp-idu-pwr=0W@84s buffer-hot-pipe=101.0F@216s buffer-cold-pipe=97.7F@44s store-hot-pipe=64.8F@7s dist-swt=85.6F@162s dist-rwt=74.3F@162s | lift=0.1F pwr=54W
2026-09-28 18:31:24.770 [sieg-loop] Motor toward keep for 104 s from keep_seconds 0
2026-09-28 18:31:28.378 [UnknownChannels] no value: required-energy | stale: usable-energy
2026-09-28 18:31:43.303 [sieg-loop] sieg-view KeepingMore keep=0.0s hp-lwt=60.4F@2s hp-ewt=60.5F@2s sieg-hot=71.6F@1s sieg-cold=62.9F@36s sieg-flow=0.00gpm@73s sieg-send-flow*=4.01gpm@6s primary-flow*=4.01gpm@6s hp-odu-pwr=54W@103s hp-idu-pwr=0W@103s buffer-hot-pipe=101.0F@235s buffer-cold-pipe=97.7F@63s store-hot-pipe=64.4F@14s dist-swt=85.6F@180s dist-rwt=74.3F@180s | lift=0.0F pwr=54W
2026-09-28 18:31:43.380 [UnknownChannels] no value: required-energy | stale: usable-energy
2026-09-28 18:31:48.279 [lc] Top state: Dormant
2026-09-28 18:31:48.280 [lc] LocalControl: AllTanks  |  State: Dormant
2026-09-28 18:31:58.382 [UnknownChannels] no value: required-energy | stale: usable-energy
2026-09-28 18:32:13.305 [sieg-loop] sieg-view KeepingMore keep=0.0s hp-lwt=60.8F@1s hp-ewt=64.4F@0s sieg-hot=70.2F@1s sieg-cold=62.9F@66s sieg-flow=3.25gpm@1s sieg-send-flow*=1.89gpm@9s primary-flow*=5.14gpm@1s hp-odu-pwr=54W@133s hp-idu-pwr=0W@133s buffer-hot-pipe=101.0F@265s buffer-cold-pipe=97.7F@93s store-hot-pipe=64.1F@29s dist-swt=85.6F@210s dist-rwt=74.3F@210s | lift=0.0F pwr=54W
2026-09-28 18:32:13.383 [UnknownChannels] no value: required-energy | stale: transactive-power,usable-energy,zone1-living-rm-heat-call,zone2-bedroom-heat-call
2026-09-28 18:32:19.865 [scada] Admin timeout renewed: 300 seconds
2026-09-28 18:32:28.386 [UnknownChannels] no value: required-energy | stale: transactive-power,usable-energy,zone1-living-rm-heat-call,zone2-bedroom-heat-call
2026-09-28 18:32:43.307 [sieg-loop] sieg-view KeepingMore keep=0.0s hp-lwt=61.9F@4s hp-ewt=62.7F@2s sieg-hot=66.0F@1s sieg-cold=62.9F@96s sieg-flow=4.78gpm@2s sieg-send-flow*=0.00gpm@17s primary-flow*=4.78gpm@2s hp-odu-pwr=54W@163s hp-idu-pwr=0W@163s buffer-hot-pipe=101.0F@295s buffer-cold-pipe=96.8F@16s store-hot-pipe=64.1F@59s dist-swt=85.6F@240s dist-rwt=74.3F@240s | lift=0.0F pwr=54W
2026-09-28 18:32:43.388 [UnknownChannels] no value: required-energy | stale: transactive-power,usable-energy,zone1-living-rm-heat-call,zone2-bedroom-heat-call
2026-09-28 18:32:48.282 [lc] Top state: Dormant
2026-09-28 18:32:48.283 [lc] LocalControl: AllTanks  |  State: Dormant
2026-09-28 18:32:58.389 [UnknownChannels] no value: required-energy | stale: transactive-power,usable-energy,zone1-living-rm-heat-call,zone2-bedroom-heat-call
2026-09-28 18:33:08.782 [sieg-loop] admin.sieg-loop sending OpenRelay to HpLoopOnOff relay admin.sieg-loop.hp-loop-on-off-relay
2026-09-28 18:33:08.783 [sieg-loop] ResetToFullyKeep: KeepingMore -> FullyKeep
2026-09-28 18:33:08.784 [sieg-loop] sieg-view FullyKeep keep=94.0s hp-lwt=62.1F@6s hp-ewt=62.6F@2s sieg-hot=65.2F@3s sieg-cold=63.7F@1s sieg-flow=5.01gpm@17s sieg-send-flow*=0.00gpm@43s primary-flow*=5.01gpm@17s hp-odu-pwr=54W@188s hp-idu-pwr=0W@188s buffer-hot-pipe=101.7F@21s buffer-cold-pipe=96.8F@41s store-hot-pipe=64.1F@84s dist-swt=85.6F@266s dist-rwt=74.3F@266s | lift=0.0F pwr=54W
2026-09-28 18:33:08.784 [sieg-loop] Motor stopped after 104.0 s: keep_seconds 94
2026-09-28 18:33:13.310 [sieg-loop] sieg-view FullyKeep keep=94.0s hp-lwt=62.1F@11s hp-ewt=62.5F@1s sieg-hot=65.2F@8s sieg-cold=63.7F@6s sieg-flow=5.01gpm@22s sieg-send-flow*=0.00gpm@47s primary-flow*=5.01gpm@22s hp-odu-pwr=54W@193s hp-idu-pwr=0W@193s buffer-hot-pipe=101.7F@25s buffer-cold-pipe=96.8F@46s store-hot-pipe=64.1F@89s dist-swt=85.6F@270s dist-rwt=74.3F@270s | lift=0.0F pwr=54W
2026-09-28 18:33:13.391 [UnknownChannels] no value: required-energy | stale: transactive-power,usable-energy,zone1-living-rm-heat-call,zone2-bedroom-heat-call
2026-09-28 18:33:13.858 [scada] AdminDispatch MoveToFullSend to admin.sieg-loop
2026-09-28 18:33:13.862 [sieg-loop] MoveToFullSend from admin: the loop is held until the tree changes hands
2026-09-28 18:33:13.863 [sieg-loop] Full run to send
2026-09-28 18:33:13.865 [sieg-loop] admin.sieg-loop sending SendMore to HpLoopKeepSend relay admin.sieg-loop.hp-loop-keep-send-relay
2026-09-28 18:33:13.866 [sieg-loop] admin.sieg-loop sending CloseRelay to HpLoopOnOff relay admin.sieg-loop.hp-loop-on-off-relay
2026-09-28 18:33:13.867 [sieg-loop] StartKeepingLess: FullyKeep -> KeepingLess
2026-09-28 18:33:13.869 [sieg-loop] sieg-view KeepingLess keep=94.0s hp-lwt=62.1F@12s hp-ewt=62.5F@2s sieg-hot=65.2F@8s sieg-cold=63.7F@6s sieg-flow=5.01gpm@22s sieg-send-flow*=0.00gpm@48s primary-flow*=5.01gpm@22s hp-odu-pwr=54W@193s hp-idu-pwr=0W@193s buffer-hot-pipe=101.7F@26s buffer-cold-pipe=96.8F@46s store-hot-pipe=64.1F@89s dist-swt=85.6F@271s dist-rwt=74.3F@271s | lift=0.0F pwr=54W
2026-09-28 18:33:13.869 [sieg-loop] Motor toward send for 104 s from keep_seconds 94
2026-09-28 18:33:28.394 [UnknownChannels] no value: required-energy | stale: transactive-power,usable-energy,zone1-living-rm-heat-call,zone2-bedroom-heat-call
2026-09-28 18:33:43.313 [sieg-loop] sieg-view KeepingLess keep=94.0s hp-lwt=62.1F@5s hp-ewt=62.5F@4s sieg-hot=65.2F@38s sieg-cold=64.0F@14s sieg-flow=4.57gpm@1s sieg-send-flow*=0.00gpm@77s primary-flow*=4.57gpm@1s hp-odu-pwr=54W@223s hp-idu-pwr=0W@223s buffer-hot-pipe=101.7F@55s buffer-cold-pipe=95.9F@19s store-hot-pipe=64.1F@119s dist-swt=85.5F@0s dist-rwt=74.5F@0s | lift=0.0F pwr=54W
2026-09-28 18:33:43.398 [UnknownChannels] no value: required-energy | stale: transactive-power,usable-energy,zone1-living-rm-heat-call,zone2-bedroom-heat-call
2026-09-28 18:33:48.285 [lc] Top state: Dormant
2026-09-28 18:33:48.292 [lc] LocalControl: AllTanks  |  State: Dormant
2026-09-28 18:33:58.399 [UnknownChannels] no value: required-energy | stale: transactive-power,usable-energy,zone1-living-rm-heat-call,zone2-bedroom-heat-call
2026-09-28 18:34:08.818 [scada] AdminDispatch StopValve to admin.sieg-loop
2026-09-28 18:34:08.820 [sieg-loop] StopValve from admin: the loop is held until the tree changes hands
2026-09-28 18:34:08.820 [sieg-loop] Stopping the motor
2026-09-28 18:34:08.821 [sieg-loop] admin.sieg-loop sending OpenRelay to HpLoopOnOff relay admin.sieg-loop.hp-loop-on-off-relay
2026-09-28 18:34:08.822 [sieg-loop] StopKeepingLess: KeepingLess -> SteadyBlend
2026-09-28 18:34:08.822 [sieg-loop] sieg-view SteadyBlend keep=39.1s hp-lwt=62.1F@7s hp-ewt=62.1F@0s sieg-hot=64.8F@1s sieg-cold=63.2F@9s sieg-flow=2.91gpm@0s sieg-send-flow*=0.62gpm@9s primary-flow*=3.53gpm@0s hp-odu-pwr=54W@248s hp-idu-pwr=0W@248s buffer-hot-pipe=101.7F@81s buffer-cold-pipe=95.9F@44s store-hot-pipe=65.3F@10s dist-swt=85.5F@26s dist-rwt=74.5F@26s | lift=0.0F pwr=54W
2026-09-28 18:34:08.823 [sieg-loop] Motor stopped after 54.9 s: keep_seconds 39.1
2026-09-28 18:34:13.317 [sieg-loop] sieg-view SteadyBlend keep=39.1s hp-lwt=62.1F@12s hp-ewt=62.1F@5s sieg-hot=64.8F@6s sieg-cold=63.2F@14s sieg-flow=2.75gpm@3s sieg-send-flow*=1.42gpm@4s primary-flow*=4.17gpm@4s hp-odu-pwr=54W@253s hp-idu-pwr=0W@253s buffer-hot-pipe=101.7F@85s buffer-cold-pipe=95.9F@49s store-hot-pipe=64.9F@4s dist-swt=85.5F@30s dist-rwt=74.5F@30s | lift=0.0F pwr=54W
2026-09-28 18:34:13.402 [UnknownChannels] no value: required-energy | stale: transactive-power,usable-energy,zone1-living-rm-heat-call,zone2-bedroom-heat-call
2026-09-28 18:34:19.784 [scada] Admin timeout renewed: 300 seconds
2026-09-28 18:34:28.406 [UnknownChannels] no value: required-energy | stale: transactive-power,usable-energy,zone1-living-rm-heat-call,zone2-bedroom-heat-call
2026-09-28 18:34:43.320 [sieg-loop] sieg-view SteadyBlend keep=39.1s hp-lwt=61.8F@3s hp-ewt=61.8F@2s sieg-hot=64.8F@36s sieg-cold=63.6F@24s sieg-flow=2.75gpm@33s sieg-send-flow*=1.46gpm@21s primary-flow*=4.21gpm@21s hp-odu-pwr=54W@283s hp-idu-pwr=0W@283s buffer-hot-pipe=101.7F@115s buffer-cold-pipe=95.9F@79s store-hot-pipe=65.3F@21s dist-swt=85.5F@60s dist-rwt=74.5F@60s | lift=0.0F pwr=54W
2026-09-28 18:34:43.408 [UnknownChannels] no value: required-energy | stale: transactive-power,usable-energy,zone1-living-rm-heat-call,zone2-bedroom-heat-call
2026-09-28 18:34:48.293 [lc] Top state: Dormant
2026-09-28 18:34:48.294 [lc] LocalControl: AllTanks  |  State: Dormant
2026-09-28 18:34:58.410 [UnknownChannels] no value: required-energy | stale: transactive-power,usable-energy,zone1-living-rm-heat-call,zone2-bedroom-heat-call
2026-09-28 18:34:58.801 Top state: Admin
2026-09-28 18:34:58.801 Auto state: Dormant
2026-09-28 18:35:00.587 [derived-generator] [HeatCall periodic] zone1-living-rm-heat-call now=1790634900.6 next=1790634900 period=300
2026-09-28 18:35:00.587 [derived-generator] [HeatCall periodic] zone2-bedroom-heat-call now=1790634900.6 next=1790634900 period=300
2026-09-28 18:35:13.322 [sieg-loop] sieg-view SteadyBlend keep=39.1s hp-lwt=61.6F@12s hp-ewt=61.6F@0s sieg-hot=64.8F@66s sieg-cold=63.6F@54s sieg-flow=2.75gpm@63s sieg-send-flow*=1.46gpm@18s primary-flow*=4.21gpm@18s hp-odu-pwr=56W@13s hp-idu-pwr=0W@13s buffer-hot-pipe=101.7F@145s buffer-cold-pipe=95.9F@109s store-hot-pipe=65.3F@51s dist-swt=85.5F@90s dist-rwt=74.5F@90s | lift=0.0F pwr=56W
2026-09-28 18:35:13.412 [UnknownChannels] no value: required-energy | stale: usable-energy
2026-09-28 18:35:28.416 [UnknownChannels] no value: required-energy | stale: usable-energy
2026-09-28 18:35:43.325 [sieg-loop] sieg-view SteadyBlend keep=39.1s hp-lwt=61.2F@14s hp-ewt=61.4F@14s sieg-hot=64.3F@13s sieg-cold=63.2F@13s sieg-flow=2.76gpm@13s sieg-send-flow*=1.46gpm@15s primary-flow*=4.22gpm@15s hp-odu-pwr=56W@43s hp-idu-pwr=0W@43s buffer-hot-pipe=101.7F@175s buffer-cold-pipe=95.9F@139s store-hot-pipe=65.0F@13s dist-swt=85.5F@120s dist-rwt=74.5F@120s | lift=0.0F pwr=56W
2026-09-28 18:35:43.418 [UnknownChannels] no value: required-energy | stale: usable-energy
2026-09-28 18:35:48.296 [lc] Top state: Dormant
2026-09-28 18:35:48.297 [lc] LocalControl: AllTanks  |  State: Dormant
2026-09-28 18:35:58.421 [UnknownChannels] no value: required-energy | stale: usable-energy
2026-09-28 18:36:13.328 [sieg-loop] sieg-view SteadyBlend keep=39.1s hp-lwt=60.9F@2s hp-ewt=61.2F@3s sieg-hot=64.3F@43s sieg-cold=63.2F@43s sieg-flow=2.76gpm@43s sieg-send-flow*=1.46gpm@3s primary-flow*=4.22gpm@3s hp-odu-pwr=56W@73s hp-idu-pwr=0W@73s buffer-hot-pipe=101.7F@205s buffer-cold-pipe=95.9F@169s store-hot-pipe=64.7F@13s dist-swt=85.5F@150s dist-rwt=74.5F@150s | lift=0.0F pwr=56W
2026-09-28 18:36:13.424 [UnknownChannels] no value: required-energy | stale: usable-energy
2026-09-28 18:36:19.803 [scada] Admin timeout renewed: 300 seconds
2026-09-28 18:36:28.425 [UnknownChannels] no value: required-energy | stale: usable-energy
2026-09-28 18:36:38.800 [scada] AdminDispatch MoveToFullSend to admin.sieg-loop
2026-09-28 18:36:38.803 [sieg-loop] MoveToFullSend from admin: the loop is held until the tree changes hands
2026-09-28 18:36:38.804 [sieg-loop] Full run to send
2026-09-28 18:36:38.807 [sieg-loop] admin.sieg-loop sending SendMore to HpLoopKeepSend relay admin.sieg-loop.hp-loop-keep-send-relay
2026-09-28 18:36:38.808 [sieg-loop] admin.sieg-loop sending CloseRelay to HpLoopOnOff relay admin.sieg-loop.hp-loop-on-off-relay
2026-09-28 18:36:38.809 [sieg-loop] StartKeepingLess: SteadyBlend -> KeepingLess
2026-09-28 18:36:38.811 [sieg-loop] sieg-view KeepingLess keep=39.1s hp-lwt=60.8F@4s hp-ewt=61.1F@4s sieg-hot=63.9F@24s sieg-cold=63.2F@68s sieg-flow=2.76gpm@68s sieg-send-flow*=1.41gpm@13s primary-flow*=4.17gpm@13s hp-odu-pwr=56W@98s hp-idu-pwr=0W@98s buffer-hot-pipe=101.7F@231s buffer-cold-pipe=95.9F@194s store-hot-pipe=64.7F@38s dist-swt=85.5F@176s dist-rwt=74.5F@176s | lift=0.0F pwr=56W
2026-09-28 18:36:38.812 [sieg-loop] Motor toward send for 104 s from keep_seconds 39.1
2026-09-28 18:36:43.330 [sieg-loop] sieg-view KeepingLess keep=39.1s hp-lwt=60.8F@8s hp-ewt=61.1F@8s sieg-hot=63.9F@29s sieg-cold=63.2F@73s sieg-flow=2.40gpm@1s sieg-send-flow*=1.41gpm@18s primary-flow*=3.81gpm@1s hp-odu-pwr=56W@103s hp-idu-pwr=0W@103s buffer-hot-pipe=101.7F@235s buffer-cold-pipe=95.9F@199s store-hot-pipe=64.7F@43s dist-swt=85.5F@180s dist-rwt=74.5F@180s | lift=0.0F pwr=56W
2026-09-28 18:36:43.426 [UnknownChannels] no value: required-energy | stale: usable-energy
2026-09-28 18:36:48.299 [lc] Top state: Dormant
2026-09-28 18:36:48.300 [lc] LocalControl: AllTanks  |  State: Dormant
2026-09-28 18:36:58.430 [UnknownChannels] no value: required-energy | stale: usable-energy
2026-09-28 18:37:13.333 [sieg-loop] sieg-view KeepingLess keep=39.1s hp-lwt=60.6F@0s hp-ewt=60.7F@1s sieg-hot=63.9F@59s sieg-cold=63.2F@103s sieg-flow=0.00gpm@17s sieg-send-flow*=4.03gpm@11s primary-flow*=4.03gpm@11s hp-odu-pwr=56W@133s hp-idu-pwr=0W@133s buffer-hot-pipe=101.7F@265s buffer-cold-pipe=95.9F@229s store-hot-pipe=64.3F@22s dist-swt=85.5F@210s dist-rwt=74.5F@210s | lift=0.0F pwr=56W
2026-09-28 18:37:13.432 [UnknownChannels] no value: required-energy | stale: transactive-power,usable-energy,zone1-living-rm-heat-call,zone2-bedroom-heat-call
2026-09-28 18:37:28.435 [UnknownChannels] no value: required-energy | stale: transactive-power,usable-energy,zone1-living-rm-heat-call,zone2-bedroom-heat-call
2026-09-28 18:37:43.335 [sieg-loop] sieg-view KeepingLess keep=39.1s hp-lwt=60.1F@4s hp-ewt=60.3F@5s sieg-hot=63.9F@89s sieg-cold=63.2F@133s sieg-flow=0.00gpm@47s sieg-send-flow*=4.08gpm@4s primary-flow*=4.08gpm@4s hp-odu-pwr=56W@163s hp-idu-pwr=0W@163s buffer-hot-pipe=101.7F@295s buffer-cold-pipe=95.9F@259s store-hot-pipe=63.9F@14s dist-swt=85.5F@240s dist-rwt=74.5F@240s | lift=0.0F pwr=56W
2026-09-28 18:37:43.437 [UnknownChannels] no value: required-energy | stale: transactive-power,usable-energy,zone1-living-rm-heat-call,zone2-bedroom-heat-call
2026-09-28 18:37:48.302 [lc] Top state: Dormant
2026-09-28 18:37:48.303 [lc] LocalControl: AllTanks  |  State: Dormant
2026-09-28 18:37:58.438 [UnknownChannels] no value: required-energy | stale: transactive-power,usable-energy,zone1-living-rm-heat-call,zone2-bedroom-heat-call
2026-09-28 18:38:13.339 [sieg-loop] sieg-view KeepingLess keep=39.1s hp-lwt=60.0F@7s hp-ewt=60.3F@35s sieg-hot=63.6F@9s sieg-cold=62.8F@26s sieg-flow=0.00gpm@77s sieg-send-flow*=4.05gpm@4s primary-flow*=4.05gpm@4s hp-odu-pwr=56W@193s hp-idu-pwr=0W@193s buffer-hot-pipe=101.3F@25s buffer-cold-pipe=95.9F@289s store-hot-pipe=63.5F@14s dist-swt=85.5F@270s dist-rwt=74.5F@270s | lift=0.0F pwr=56W
2026-09-28 18:38:13.442 [UnknownChannels] no value: required-energy | stale: transactive-power,usable-energy,zone1-living-rm-heat-call,zone2-bedroom-heat-call
2026-09-28 18:38:19.773 [scada] Admin timeout renewed: 300 seconds
2026-09-28 18:38:22.845 [sieg-loop] admin.sieg-loop sending OpenRelay to HpLoopOnOff relay admin.sieg-loop.hp-loop-on-off-relay
2026-09-28 18:38:22.846 [sieg-loop] ResetToFullySend: KeepingLess -> FullySend
2026-09-28 18:38:22.848 [sieg-loop] sieg-view FullySend keep=0.0s hp-lwt=60.0F@4s hp-ewt=60.3F@45s sieg-hot=63.6F@18s sieg-cold=62.8F@35s sieg-flow=0.00gpm@86s sieg-send-flow*=4.05gpm@13s primary-flow*=4.05gpm@13s hp-odu-pwr=56W@202s hp-idu-pwr=0W@202s buffer-hot-pipe=101.3F@35s buffer-cold-pipe=95.9F@298s store-hot-pipe=63.5F@23s dist-swt=85.5F@280s dist-rwt=74.5F@280s | lift=0.0F pwr=56W
2026-09-28 18:38:22.849 [sieg-loop] Motor stopped after 104.0 s: keep_seconds 0
2026-09-28 18:38:27.780 [scada] AdminDispatch DischargeStore to admin.charge-discharge-relay
2026-09-28 18:38:28.444 [UnknownChannels] no value: required-energy | stale: transactive-power,usable-energy,zone1-living-rm-heat-call,zone2-bedroom-heat-call
2026-09-28 18:38:29.780 [scada] AdminDispatch MoveToFullKeep to admin.sieg-loop
2026-09-28 18:38:29.782 [sieg-loop] MoveToFullKeep from admin: the loop is held until the tree changes hands
2026-09-28 18:38:29.783 [sieg-loop] Full run to keep
2026-09-28 18:38:29.786 [sieg-loop] admin.sieg-loop sending SendLessto HpLoopKeepSend relay admin.sieg-loop.hp-loop-keep-send-relay
2026-09-28 18:38:29.787 [sieg-loop] admin.sieg-loop sending CloseRelay to HpLoopOnOff relay admin.sieg-loop.hp-loop-on-off-relay
2026-09-28 18:38:29.788 [sieg-loop] StartKeepingMore: FullySend -> KeepingMore
2026-09-28 18:38:29.790 [sieg-loop] sieg-view KeepingMore keep=0.0s hp-lwt=60.0F@1s hp-ewt=60.4F@1s sieg-hot=63.6F@25s sieg-cold=62.8F@42s sieg-flow=0.00gpm@93s sieg-send-flow*=4.05gpm@10s primary-flow*=4.05gpm@10s hp-odu-pwr=56W@209s hp-idu-pwr=0W@209s buffer-hot-pipe=101.3F@42s buffer-cold-pipe=96.3F@6s store-hot-pipe=63.5F@30s dist-swt=85.5F@287s dist-rwt=74.5F@287s | lift=0.0F pwr=56W
2026-09-28 18:38:29.791 [sieg-loop] Motor toward keep for 104 s from keep_seconds 0
2026-09-28 18:38:43.341 [sieg-loop] sieg-view KeepingMore keep=0.0s hp-lwt=60.0F@1s hp-ewt=60.3F@7s sieg-hot=63.6F@39s sieg-cold=62.8F@56s sieg-flow=0.00gpm@107s sieg-send-flow*=4.09gpm@9s primary-flow*=4.09gpm@9s hp-odu-pwr=56W@223s hp-idu-pwr=0W@223s buffer-hot-pipe=101.3F@55s buffer-cold-pipe=96.3F@19s store-hot-pipe=63.5F@44s dist-swt=85.4F@0s dist-rwt=74.5F@0s | lift=0.0F pwr=56W
2026-09-28 18:38:43.445 [UnknownChannels] no value: required-energy | stale: transactive-power,usable-energy,zone1-living-rm-heat-call,zone2-bedroom-heat-call
2026-09-28 18:38:48.305 [lc] Top state: Dormant
2026-09-28 18:38:48.306 [lc] LocalControl: AllTanks  |  State: Dormant
2026-09-28 18:38:58.448 [UnknownChannels] no value: required-energy | stale: transactive-power,usable-energy,zone1-living-rm-heat-call,zone2-bedroom-heat-call
2026-09-28 18:39:11.783 [scada] AdminDispatch StopValve to admin.sieg-loop
2026-09-28 18:39:11.785 [sieg-loop] StopValve from admin: the loop is held until the tree changes hands
2026-09-28 18:39:11.786 [sieg-loop] Stopping the motor
2026-09-28 18:39:11.789 [sieg-loop] admin.sieg-loop sending OpenRelay to HpLoopOnOff relay admin.sieg-loop.hp-loop-on-off-relay
2026-09-28 18:39:11.789 [sieg-loop] StopKeepingMore: KeepingMore -> SteadyBlend
2026-09-28 18:39:11.792 [sieg-loop] sieg-view SteadyBlend keep=42.0s hp-lwt=66.8F@0s hp-ewt=82.7F@0s sieg-hot=63.6F@67s sieg-cold=85.2F@0s sieg-flow=2.49gpm@0s sieg-send-flow*=2.13gpm@4s primary-flow*=4.62gpm@0s hp-odu-pwr=56W@251s hp-idu-pwr=0W@251s buffer-hot-pipe=71.3F@1s buffer-cold-pipe=100.0F@2s store-hot-pipe=63.5F@72s dist-swt=85.4F@29s dist-rwt=74.5F@29s | lift=0.0F pwr=56W
2026-09-28 18:39:11.793 [sieg-loop] Motor stopped after 42.0 s: keep_seconds 42.0
2026-09-28 18:39:13.343 [sieg-loop] sieg-view SteadyBlend keep=42.0s hp-lwt=68.2F@0s hp-ewt=81.3F@0s sieg-hot=63.6F@69s sieg-cold=85.6F@1s sieg-flow=2.63gpm@1s sieg-send-flow*=2.13gpm@6s primary-flow*=4.76gpm@1s hp-odu-pwr=56W@253s hp-idu-pwr=0W@253s buffer-hot-pipe=71.3F@2s buffer-cold-pipe=100.0F@4s store-hot-pipe=63.5F@74s dist-swt=85.4F@30s dist-rwt=74.5F@30s | lift=0.0F pwr=56W
2026-09-28 18:39:13.456 [UnknownChannels] no value: required-energy | stale: transactive-power,usable-energy,zone1-living-rm-heat-call,zone2-bedroom-heat-call
2026-09-28 18:39:28.458 [UnknownChannels] no value: required-energy | stale: transactive-power,usable-energy,zone1-living-rm-heat-call,zone2-bedroom-heat-call
2026-09-28 18:39:43.347 [sieg-loop] sieg-view SteadyBlend keep=42.0s hp-lwt=78.6F@0s hp-ewt=86.3F@1s sieg-hot=73.3F@2s sieg-cold=90.3F@7s sieg-flow=2.67gpm@30s sieg-send-flow*=1.60gpm@3s primary-flow*=4.27gpm@3s hp-odu-pwr=56W@283s hp-idu-pwr=0W@283s buffer-hot-pipe=66.7F@13s buffer-cold-pipe=100.0F@34s store-hot-pipe=63.5F@104s dist-swt=85.4F@60s dist-rwt=74.5F@60s | lift=0.0F pwr=56W
2026-09-28 18:39:43.460 [UnknownChannels] no value: required-energy | stale: transactive-power,usable-energy,zone1-living-rm-heat-call,zone2-bedroom-heat-call
2026-09-28 18:39:48.308 [lc] Top state: Dormant
2026-09-28 18:39:48.308 [lc] LocalControl: AllTanks  |  State: Dormant
2026-09-28 18:39:58.462 [UnknownChannels] no value: required-energy | stale: transactive-power,usable-energy,zone1-living-rm-heat-call,zone2-bedroom-heat-call
2026-09-28 18:39:58.802 Top state: Admin
2026-09-28 18:39:58.802 Auto state: Dormant
2026-09-28 18:40:00.632 [derived-generator] [HeatCall periodic] zone1-living-rm-heat-call now=1790635200.6 next=1790635200 period=300
2026-09-28 18:40:00.633 [derived-generator] [HeatCall periodic] zone2-bedroom-heat-call now=1790635200.6 next=1790635200 period=300
2026-09-28 18:40:13.350 [sieg-loop] sieg-view SteadyBlend keep=42.0s hp-lwt=85.2F@0s hp-ewt=89.5F@0s sieg-hot=78.9F@1s sieg-cold=90.7F@5s sieg-flow=2.67gpm@60s sieg-send-flow*=1.60gpm@21s primary-flow*=4.27gpm@21s hp-odu-pwr=52W@13s hp-idu-pwr=2W@13s buffer-hot-pipe=74.3F@3s buffer-cold-pipe=100.0F@64s store-hot-pipe=63.5F@134s dist-swt=85.4F@90s dist-rwt=74.5F@90s | lift=0.0F pwr=54W
2026-09-28 18:40:13.464 [UnknownChannels] no value: required-energy | stale: usable-energy
2026-09-28 18:40:19.781 [scada] Admin timeout renewed: 300 seconds
2026-09-28 18:40:28.465 [UnknownChannels] no value: required-energy | stale: usable-energy
2026-09-28 18:40:43.353 [sieg-loop] sieg-view SteadyBlend keep=42.0s hp-lwt=89.3F@1s hp-ewt=92.6F@0s sieg-hot=82.2F@2s sieg-cold=91.3F@13s sieg-flow=2.70gpm@13s sieg-send-flow*=1.64gpm@8s primary-flow*=4.34gpm@8s hp-odu-pwr=52W@43s hp-idu-pwr=2W@43s buffer-hot-pipe=80.8F@2s buffer-cold-pipe=100.0F@94s store-hot-pipe=63.4F@13s dist-swt=85.4F@120s dist-rwt=74.5F@120s | lift=0.0F pwr=54W
2026-09-28 18:40:43.468 [UnknownChannels] no value: required-energy | stale: usable-energy
2026-09-28 18:40:48.309 [lc] Top state: Dormant
2026-09-28 18:40:48.310 [lc] LocalControl: AllTanks  |  State: Dormant
2026-09-28 18:40:58.471 [UnknownChannels] no value: required-energy | stale: usable-energy
2026-09-28 18:41:13.356 [sieg-loop] sieg-view SteadyBlend keep=42.0s hp-lwt=92.5F@1s hp-ewt=95.1F@2s sieg-hot=85.2F@3s sieg-cold=91.7F@28s sieg-flow=2.70gpm@43s sieg-send-flow*=1.64gpm@15s primary-flow*=4.34gpm@15s hp-odu-pwr=52W@73s hp-idu-pwr=2W@73s buffer-hot-pipe=85.4F@3s buffer-cold-pipe=100.9F@27s store-hot-pipe=63.4F@43s dist-swt=85.4F@150s dist-rwt=74.5F@150s | lift=0.0F pwr=54W
2026-09-28 18:41:13.473 [UnknownChannels] no value: required-energy | stale: usable-energy
2026-09-28 18:41:28.477 [UnknownChannels] no value: required-energy | stale: usable-energy
2026-09-28 18:41:41.782 [scada] AdminDispatch MoveToFullSend to admin.sieg-loop
2026-09-28 18:41:41.783 [sieg-loop] MoveToFullSend from admin: the loop is held until the tree changes hands
2026-09-28 18:41:41.784 [sieg-loop] Full run to send
2026-09-28 18:41:41.785 [sieg-loop] admin.sieg-loop sending SendMore to HpLoopKeepSend relay admin.sieg-loop.hp-loop-keep-send-relay
2026-09-28 18:41:41.786 [sieg-loop] admin.sieg-loop sending CloseRelay to HpLoopOnOff relay admin.sieg-loop.hp-loop-on-off-relay
2026-09-28 18:41:41.786 [sieg-loop] StartKeepingLess: SteadyBlend -> KeepingLess
2026-09-28 18:41:41.787 [sieg-loop] sieg-view KeepingLess keep=42.0s hp-lwt=94.7F@0s hp-ewt=96.9F@0s sieg-hot=86.9F@7s sieg-cold=91.3F@8s sieg-flow=2.70gpm@71s sieg-send-flow*=1.64gpm@22s primary-flow*=4.34gpm@22s hp-odu-pwr=52W@101s hp-idu-pwr=2W@101s buffer-hot-pipe=89.0F@1s buffer-cold-pipe=100.9F@55s store-hot-pipe=63.4F@71s dist-swt=85.4F@179s dist-rwt=74.5F@179s | lift=0.0F pwr=54W
2026-09-28 18:41:41.788 [sieg-loop] Motor toward send for 104 s from keep_seconds 42.0
2026-09-28 18:41:43.359 [sieg-loop] sieg-view KeepingLess keep=42.0s hp-lwt=94.8F@1s hp-ewt=97.1F@1s sieg-hot=86.9F@9s sieg-cold=91.3F@10s sieg-flow=2.70gpm@73s sieg-send-flow*=1.64gpm@12s primary-flow*=4.34gpm@12s hp-odu-pwr=52W@103s hp-idu-pwr=2W@103s buffer-hot-pipe=89.0F@2s buffer-cold-pipe=100.9F@57s store-hot-pipe=63.4F@73s dist-swt=85.4F@180s dist-rwt=74.5F@180s | lift=0.0F pwr=54W
2026-09-28 18:41:43.479 [UnknownChannels] no value: required-energy | stale: usable-energy
2026-09-28 18:41:48.312 [lc] Top state: Dormant
2026-09-28 18:41:48.313 [lc] LocalControl: AllTanks  |  State: Dormant
2026-09-28 18:41:58.482 [UnknownChannels] no value: required-energy | stale: usable-energy
2026-09-28 18:42:13.361 [sieg-loop] sieg-view KeepingLess keep=42.0s hp-lwt=96.7F@0s hp-ewt=101.1F@1s sieg-hot=88.4F@5s sieg-cold=92.5F@9s sieg-flow=0.00gpm@11s sieg-send-flow*=4.11gpm@9s primary-flow*=4.11gpm@9s hp-odu-pwr=52W@133s hp-idu-pwr=2W@133s buffer-hot-pipe=92.7F@3s buffer-cold-pipe=100.9F@87s store-hot-pipe=63.4F@103s dist-swt=85.4F@210s dist-rwt=74.5F@210s | lift=0.0F pwr=54W
2026-09-28 18:42:13.484 [UnknownChannels] no value: required-energy | stale: transactive-power,usable-energy,zone1-living-rm-heat-call,zone2-bedroom-heat-call
2026-09-28 18:42:19.776 [scada] Admin timeout renewed: 300 seconds
2026-09-28 18:42:28.487 [UnknownChannels] no value: required-energy | stale: transactive-power,usable-energy,zone1-living-rm-heat-call,zone2-bedroom-heat-call
2026-09-28 18:42:43.363 [sieg-loop] sieg-view KeepingLess keep=42.0s hp-lwt=100.2F@1s hp-ewt=102.2F@0s sieg-hot=88.4F@35s sieg-cold=92.9F@4s sieg-flow=0.00gpm@41s sieg-send-flow*=4.33gpm@6s primary-flow*=4.33gpm@6s hp-odu-pwr=52W@163s hp-idu-pwr=2W@163s buffer-hot-pipe=96.4F@1s buffer-cold-pipe=100.9F@117s store-hot-pipe=64.1F@6s dist-swt=85.4F@240s dist-rwt=74.5F@240s | lift=0.0F pwr=54W
2026-09-28 18:42:43.491 [UnknownChannels] no value: required-energy | stale: transactive-power,usable-energy,zone1-living-rm-heat-call,zone2-bedroom-heat-call
2026-09-28 18:42:48.315 [lc] Top state: Dormant
2026-09-28 18:42:48.316 [lc] LocalControl: AllTanks  |  State: Dormant
2026-09-28 18:42:58.494 [UnknownChannels] no value: required-energy | stale: transactive-power,usable-energy,zone1-living-rm-heat-call,zone2-bedroom-heat-call
2026-09-28 18:43:13.365 [sieg-loop] sieg-view KeepingLess keep=42.0s hp-lwt=101.2F@9s hp-ewt=102.6F@6s sieg-hot=88.4F@65s sieg-cold=93.3F@15s sieg-flow=0.00gpm@71s sieg-send-flow*=4.36gpm@5s primary-flow*=4.36gpm@5s hp-odu-pwr=52W@193s hp-idu-pwr=2W@193s buffer-hot-pipe=99.1F@7s buffer-cold-pipe=101.8F@22s store-hot-pipe=64.9F@9s dist-swt=84.5F@5s dist-rwt=74.5F@270s | lift=0.0F pwr=54W
2026-09-28 18:43:13.496 [UnknownChannels] no value: required-energy | stale: transactive-power,usable-energy,zone1-living-rm-heat-call,zone2-bedroom-heat-call
2026-09-28 18:43:25.804 [sieg-loop] admin.sieg-loop sending OpenRelay to HpLoopOnOff relay admin.sieg-loop.hp-loop-on-off-relay
2026-09-28 18:43:25.805 [sieg-loop] ResetToFullySend: KeepingLess -> FullySend
2026-09-28 18:43:25.806 [sieg-loop] sieg-view FullySend keep=0.0s hp-lwt=101.4F@10s hp-ewt=102.6F@19s sieg-hot=88.4F@77s sieg-cold=92.6F@6s sieg-flow=0.00gpm@83s sieg-send-flow*=4.37gpm@9s primary-flow*=4.37gpm@9s hp-odu-pwr=52W@205s hp-idu-pwr=2W@205s buffer-hot-pipe=100.0F@1s buffer-cold-pipe=101.8F@34s store-hot-pipe=65.7F@6s dist-swt=84.5F@18s dist-rwt=74.5F@283s | lift=0.0F pwr=54W
2026-09-28 18:43:25.806 [sieg-loop] Motor stopped after 104.0 s: keep_seconds 0
2026-09-28 18:43:28.498 [UnknownChannels] no value: required-energy | stale: transactive-power,usable-energy,zone1-living-rm-heat-call,zone2-bedroom-heat-call
2026-09-28 18:43:30.789 [scada] AdminDispatch DischargeStore to admin.charge-discharge-relay
2026-09-28 18:43:32.789 [scada] AdminDispatch MoveToFullKeep to admin.sieg-loop
2026-09-28 18:43:32.792 [sieg-loop] MoveToFullKeep from admin: the loop is held until the tree changes hands
2026-09-28 18:43:32.793 [sieg-loop] Full run to keep
2026-09-28 18:43:32.795 [sieg-loop] admin.sieg-loop sending SendLessto HpLoopKeepSend relay admin.sieg-loop.hp-loop-keep-send-relay
2026-09-28 18:43:32.797 [sieg-loop] admin.sieg-loop sending CloseRelay to HpLoopOnOff relay admin.sieg-loop.hp-loop-on-off-relay
2026-09-28 18:43:32.797 [sieg-loop] StartKeepingMore: FullySend -> KeepingMore
2026-09-28 18:43:32.800 [sieg-loop] sieg-view KeepingMore keep=0.0s hp-lwt=101.5F@7s hp-ewt=102.7F@7s sieg-hot=88.4F@84s sieg-cold=93.0F@3s sieg-flow=0.00gpm@90s sieg-send-flow*=4.34gpm@1s primary-flow*=4.34gpm@1s hp-odu-pwr=52W@212s hp-idu-pwr=2W@212s buffer-hot-pipe=100.0F@8s buffer-cold-pipe=101.8F@41s store-hot-pipe=66.0F@5s dist-swt=84.5F@25s dist-rwt=74.5F@290s | lift=0.0F pwr=54W
2026-09-28 18:43:32.801 [sieg-loop] Motor toward keep for 104 s from keep_seconds 0
2026-09-28 18:43:43.368 [sieg-loop] sieg-view KeepingMore keep=0.0s hp-lwt=101.6F@4s hp-ewt=102.8F@2s sieg-hot=88.8F@4s sieg-cold=93.0F@14s sieg-flow=0.00gpm@101s sieg-send-flow*=4.36gpm@3s primary-flow*=4.36gpm@3s hp-odu-pwr=52W@223s hp-idu-pwr=2W@223s buffer-hot-pipe=100.0F@19s buffer-cold-pipe=101.8F@52s store-hot-pipe=66.4F@7s dist-swt=84.5F@35s dist-rwt=74.5F@0s | lift=0.0F pwr=54W
2026-09-28 18:43:43.502 [UnknownChannels] no value: required-energy | stale: transactive-power,usable-energy,zone1-living-rm-heat-call,zone2-bedroom-heat-call
2026-09-28 18:43:48.318 [lc] Top state: Dormant
2026-09-28 18:43:48.319 [lc] LocalControl: AllTanks  |  State: Dormant
2026-09-28 18:43:58.504 [UnknownChannels] no value: required-energy | stale: transactive-power,usable-energy,zone1-living-rm-heat-call,zone2-bedroom-heat-call
2026-09-28 18:44:13.372 [sieg-loop] sieg-view KeepingMore keep=0.0s hp-lwt=101.8F@8s hp-ewt=100.8F@0s sieg-hot=88.4F@15s sieg-cold=93.0F@2s sieg-flow=2.24gpm@1s sieg-send-flow*=3.05gpm@8s primary-flow*=5.29gpm@1s hp-odu-pwr=52W@253s hp-idu-pwr=2W@253s buffer-hot-pipe=101.0F@19s buffer-cold-pipe=101.8F@82s store-hot-pipe=67.9F@4s dist-swt=84.5F@66s dist-rwt=74.5F@30s | lift=1.0F pwr=54W
2026-09-28 18:44:13.507 [UnknownChannels] no value: required-energy | stale: transactive-power,usable-energy,zone1-living-rm-heat-call,zone2-bedroom-heat-call
2026-09-28 18:44:19.785 [scada] Admin timeout renewed: 300 seconds
2026-09-28 18:44:28.509 [UnknownChannels] no value: required-energy | stale: transactive-power,usable-energy,zone1-living-rm-heat-call,zone2-bedroom-heat-call
2026-09-28 18:44:43.374 [sieg-loop] sieg-view KeepingMore keep=0.0s hp-lwt=100.5F@1s hp-ewt=101.2F@0s sieg-hot=91.7F@13s sieg-cold=92.2F@14s sieg-flow=4.62gpm@1s sieg-send-flow*=0.00gpm@9s primary-flow*=4.62gpm@1s hp-odu-pwr=52W@283s hp-idu-pwr=2W@283s buffer-hot-pipe=101.0F@49s buffer-cold-pipe=101.8F@112s store-hot-pipe=69.4F@1s dist-swt=84.5F@96s dist-rwt=74.5F@60s | lift=0.0F pwr=54W
2026-09-28 18:44:43.511 [UnknownChannels] no value: required-energy | stale: transactive-power,usable-energy,zone1-living-rm-heat-call,zone2-bedroom-heat-call
2026-09-28 18:44:48.321 [lc] Top state: Dormant
2026-09-28 18:44:48.322 [lc] LocalControl: AllTanks  |  State: Dormant
2026-09-28 18:44:58.513 [UnknownChannels] no value: required-energy | stale: transactive-power,usable-energy,zone1-living-rm-heat-call,zone2-bedroom-heat-call
2026-09-28 18:44:58.800 Top state: Admin
2026-09-28 18:44:58.801 Auto state: Dormant
2026-09-28 18:45:00.682 [derived-generator] [HeatCall periodic] zone1-living-rm-heat-call now=1790635500.7 next=1790635500 period=300
2026-09-28 18:45:00.687 [derived-generator] [HeatCall periodic] zone2-bedroom-heat-call now=1790635500.7 next=1790635500 period=300
2026-09-28 18:45:13.377 [sieg-loop] sieg-view KeepingMore keep=0.0s hp-lwt=100.3F@17s hp-ewt=101.1F@5s sieg-hot=92.5F@15s sieg-cold=91.5F@3s sieg-flow=5.13gpm@11s sieg-send-flow*=0.00gpm@39s primary-flow*=5.13gpm@11s hp-odu-pwr=54W@13s hp-idu-pwr=0W@13s buffer-hot-pipe=101.0F@79s buffer-cold-pipe=101.8F@142s store-hot-pipe=69.8F@11s dist-swt=84.5F@126s dist-rwt=74.5F@90s | lift=0.0F pwr=54W
2026-09-28 18:45:13.514 [UnknownChannels] no value: required-energy | stale: usable-energy
2026-09-28 18:45:16.832 [sieg-loop] admin.sieg-loop sending OpenRelay to HpLoopOnOff relay admin.sieg-loop.hp-loop-on-off-relay
2026-09-28 18:45:16.833 [sieg-loop] ResetToFullyKeep: KeepingMore -> FullyKeep
2026-09-28 18:45:16.836 [sieg-loop] sieg-view FullyKeep keep=94.0s hp-lwt=100.3F@20s hp-ewt=101.1F@9s sieg-hot=92.5F@18s sieg-cold=91.5F@6s sieg-flow=5.09gpm@0s sieg-send-flow*=0.00gpm@2s primary-flow*=5.09gpm@0s hp-odu-pwr=54W@16s hp-idu-pwr=0W@16s buffer-hot-pipe=101.0F@82s buffer-cold-pipe=101.8F@145s store-hot-pipe=69.8F@14s dist-swt=84.5F@129s dist-rwt=74.5F@94s | lift=0.0F pwr=54W
2026-09-28 18:45:16.837 [sieg-loop] Motor stopped after 104.0 s: keep_seconds 94
2026-09-28 18:45:21.792 [scada] AdminDispatch MoveToFullSend to admin.sieg-loop
2026-09-28 18:45:21.795 [sieg-loop] MoveToFullSend from admin: the loop is held until the tree changes hands
2026-09-28 18:45:21.796 [sieg-loop] Full run to send
2026-09-28 18:45:21.799 [sieg-loop] admin.sieg-loop sending SendMore to HpLoopKeepSend relay admin.sieg-loop.hp-loop-keep-send-relay
2026-09-28 18:45:21.800 [sieg-loop] admin.sieg-loop sending CloseRelay to HpLoopOnOff relay admin.sieg-loop.hp-loop-on-off-relay
2026-09-28 18:45:21.801 [sieg-loop] StartKeepingLess: FullyKeep -> KeepingLess
2026-09-28 18:45:21.803 [sieg-loop] sieg-view KeepingLess keep=94.0s hp-lwt=100.2F@2s hp-ewt=101.1F@14s sieg-hot=92.5F@23s sieg-cold=91.5F@11s sieg-flow=5.09gpm@5s sieg-send-flow*=0.00gpm@7s primary-flow*=5.09gpm@5s hp-odu-pwr=54W@21s hp-idu-pwr=0W@21s buffer-hot-pipe=101.0F@87s buffer-cold-pipe=101.8F@150s store-hot-pipe=69.8F@19s dist-swt=84.5F@134s dist-rwt=74.5F@99s | lift=0.0F pwr=54W
2026-09-28 18:45:21.804 [sieg-loop] Motor toward send for 104 s from keep_seconds 94
2026-09-28 18:45:28.515 [UnknownChannels] no value: required-energy | stale: usable-energy
2026-09-28 18:45:43.380 [sieg-loop] sieg-view KeepingLess keep=94.0s hp-lwt=100.1F@11s hp-ewt=101.0F@13s sieg-hot=92.5F@13s sieg-cold=92.0F@13s sieg-flow=4.93gpm@1s sieg-send-flow*=0.00gpm@28s primary-flow*=4.93gpm@1s hp-odu-pwr=54W@43s hp-idu-pwr=0W@43s buffer-hot-pipe=101.0F@109s buffer-cold-pipe=101.8F@172s store-hot-pipe=71.0F@3s dist-swt=84.5F@156s dist-rwt=74.5F@120s | lift=0.0F pwr=54W
2026-09-28 18:45:43.518 [UnknownChannels] no value: required-energy | stale: usable-energy
2026-09-28 18:45:48.325 [lc] Top state: Dormant
2026-09-28 18:45:48.326 [lc] LocalControl: AllTanks  |  State: Dormant
2026-09-28 18:45:58.520 [UnknownChannels] no value: required-energy | stale: usable-energy
2026-09-28 18:46:13.383 [sieg-loop] sieg-view KeepingLess keep=94.0s hp-lwt=100.0F@28s hp-ewt=100.9F@29s sieg-hot=92.5F@43s sieg-cold=92.0F@43s sieg-flow=3.39gpm@1s sieg-send-flow*=0.77gpm@5s primary-flow*=4.16gpm@1s hp-odu-pwr=54W@73s hp-idu-pwr=0W@73s buffer-hot-pipe=101.0F@139s buffer-cold-pipe=101.8F@202s store-hot-pipe=71.8F@4s dist-swt=84.5F@186s dist-rwt=74.5F@150s | lift=0.0F pwr=54W
2026-09-28 18:46:13.522 [UnknownChannels] no value: required-energy | stale: usable-energy
2026-09-28 18:46:16.806 [scada] AdminDispatch StopValve to admin.sieg-loop
2026-09-28 18:46:16.815 [sieg-loop] StopValve from admin: the loop is held until the tree changes hands
2026-09-28 18:46:16.816 [sieg-loop] Stopping the motor
2026-09-28 18:46:16.817 [sieg-loop] admin.sieg-loop sending OpenRelay to HpLoopOnOff relay admin.sieg-loop.hp-loop-on-off-relay
2026-09-28 18:46:16.817 [sieg-loop] StopKeepingLess: KeepingLess -> SteadyBlend
2026-09-28 18:46:16.818 [sieg-loop] sieg-view SteadyBlend keep=39.0s hp-lwt=100.0F@31s hp-ewt=100.8F@1s sieg-hot=92.5F@46s sieg-cold=91.6F@1s sieg-flow=2.96gpm@0s sieg-send-flow*=0.77gpm@9s primary-flow*=3.73gpm@0s hp-odu-pwr=54W@76s hp-idu-pwr=0W@76s buffer-hot-pipe=101.0F@142s buffer-cold-pipe=101.8F@205s store-hot-pipe=71.8F@7s dist-swt=84.5F@189s dist-rwt=74.5F@154s | lift=0.0F pwr=54W
2026-09-28 18:46:16.818 [sieg-loop] Motor stopped after 55.0 s: keep_seconds 39.0
2026-09-28 18:46:19.811 [scada] Admin timeout renewed: 300 seconds
2026-09-28 18:46:28.524 [UnknownChannels] no value: required-energy | stale: usable-energy
2026-09-28 18:46:43.386 [sieg-loop] sieg-view SteadyBlend keep=39.0s hp-lwt=99.7F@1s hp-ewt=101.0F@6s sieg-hot=92.5F@73s sieg-cold=92.0F@1s sieg-flow=2.84gpm@26s sieg-send-flow*=1.55gpm@12s primary-flow*=4.39gpm@12s hp-odu-pwr=54W@103s hp-idu-pwr=0W@103s buffer-hot-pipe=100.0F@16s buffer-cold-pipe=101.8F@232s store-hot-pipe=72.9F@9s dist-swt=84.5F@216s dist-rwt=74.5F@180s | lift=0.0F pwr=54W
2026-09-28 18:46:43.527 [UnknownChannels] no value: required-energy | stale: usable-energy
2026-09-28 18:46:48.327 [lc] Top state: Dormant
2026-09-28 18:46:48.328 [lc] LocalControl: AllTanks  |  State: Dormant
2026-09-28 18:46:58.529 [UnknownChannels] no value: required-energy | stale: usable-energy
2026-09-28 18:47:13.388 [sieg-loop] sieg-view SteadyBlend keep=39.0s hp-lwt=100.0F@13s hp-ewt=101.2F@1s sieg-hot=92.5F@103s sieg-cold=92.0F@31s sieg-flow=2.84gpm@56s sieg-send-flow*=1.55gpm@20s primary-flow*=4.39gpm@20s hp-odu-pwr=54W@133s hp-idu-pwr=0W@133s buffer-hot-pipe=100.0F@46s buffer-cold-pipe=101.8F@262s store-hot-pipe=73.7F@9s dist-swt=84.5F@246s dist-rwt=74.5F@210s | lift=0.0F pwr=54W
2026-09-28 18:47:13.531 [UnknownChannels] no value: required-energy | stale: transactive-power,usable-energy,zone1-living-rm-heat-call,zone2-bedroom-heat-call
2026-09-28 18:47:28.534 [UnknownChannels] no value: required-energy | stale: transactive-power,usable-energy,zone1-living-rm-heat-call,zone2-bedroom-heat-call
2026-09-28 18:47:43.391 [sieg-loop] sieg-view SteadyBlend keep=39.0s hp-lwt=100.4F@8s hp-ewt=101.4F@9s sieg-hot=92.1F@25s sieg-cold=92.4F@20s sieg-flow=2.84gpm@86s sieg-send-flow*=1.55gpm@17s primary-flow*=4.39gpm@17s hp-odu-pwr=54W@163s hp-idu-pwr=0W@163s buffer-hot-pipe=100.0F@76s buffer-cold-pipe=101.8F@292s store-hot-pipe=74.5F@8s dist-swt=84.5F@276s dist-rwt=74.5F@240s | lift=0.0F pwr=54W
2026-09-28 18:47:43.536 [UnknownChannels] no value: required-energy | stale: transactive-power,usable-energy,zone1-living-rm-heat-call,zone2-bedroom-heat-call
2026-09-28 18:47:48.329 [lc] Top state: Dormant
2026-09-28 18:47:48.329 [lc] LocalControl: AllTanks  |  State: Dormant
2026-09-28 18:47:58.540 [UnknownChannels] no value: required-energy | stale: transactive-power,usable-energy,zone1-living-rm-heat-call,zone2-bedroom-heat-call
2026-09-28 18:48:13.393 [sieg-loop] sieg-view SteadyBlend keep=39.0s hp-lwt=100.6F@13s hp-ewt=101.6F@13s sieg-hot=92.8F@21s sieg-cold=92.8F@4s sieg-flow=2.84gpm@116s sieg-send-flow*=1.55gpm@14s primary-flow*=4.39gpm@14s hp-odu-pwr=54W@193s hp-idu-pwr=0W@193s buffer-hot-pipe=100.0F@106s buffer-cold-pipe=102.0F@22s store-hot-pipe=74.9F@15s dist-swt=84.0F@6s dist-rwt=74.5F@270s | lift=0.0F pwr=54W
2026-09-28 18:48:13.541 [UnknownChannels] no value: required-energy | stale: transactive-power,usable-energy,zone1-living-rm-heat-call,zone2-bedroom-heat-call
2026-09-28 18:48:19.793 [scada] Admin timeout renewed: 300 seconds
2026-09-28 18:48:28.543 [UnknownChannels] no value: required-energy | stale: transactive-power,usable-energy,zone1-living-rm-heat-call,zone2-bedroom-heat-call
2026-09-28 18:48:43.395 [sieg-loop] sieg-view SteadyBlend keep=39.0s hp-lwt=100.8F@9s hp-ewt=101.8F@9s sieg-hot=92.8F@51s sieg-cold=93.2F@2s sieg-flow=2.84gpm@146s sieg-send-flow*=1.55gpm@11s primary-flow*=4.39gpm@11s hp-odu-pwr=54W@223s hp-idu-pwr=0W@223s buffer-hot-pipe=100.0F@136s buffer-cold-pipe=102.0F@52s store-hot-pipe=75.6F@10s dist-swt=84.0F@36s dist-rwt=74.5F@0s | lift=0.0F pwr=54W
2026-09-28 18:48:43.546 [UnknownChannels] no value: required-energy | stale: transactive-power,usable-energy,zone1-living-rm-heat-call,zone2-bedroom-heat-call
2026-09-28 18:48:46.799 [scada] AdminDispatch MoveToFullSend to admin.sieg-loop
2026-09-28 18:48:46.802 [sieg-loop] MoveToFullSend from admin: the loop is held until the tree changes hands
2026-09-28 18:48:46.803 [sieg-loop] Full run to send
2026-09-28 18:48:46.806 [sieg-loop] admin.sieg-loop sending SendMore to HpLoopKeepSend relay admin.sieg-loop.hp-loop-keep-send-relay
2026-09-28 18:48:46.807 [sieg-loop] admin.sieg-loop sending CloseRelay to HpLoopOnOff relay admin.sieg-loop.hp-loop-on-off-relay
2026-09-28 18:48:46.808 [sieg-loop] StartKeepingLess: SteadyBlend -> KeepingLess
2026-09-28 18:48:46.810 [sieg-loop] sieg-view KeepingLess keep=39.0s hp-lwt=100.8F@13s hp-ewt=101.8F@12s sieg-hot=92.8F@54s sieg-cold=93.2F@5s sieg-flow=2.84gpm@149s sieg-send-flow*=1.55gpm@15s primary-flow*=4.39gpm@15s hp-odu-pwr=54W@226s hp-idu-pwr=0W@226s buffer-hot-pipe=100.0F@140s buffer-cold-pipe=102.0F@56s store-hot-pipe=75.6F@13s dist-swt=84.0F@40s dist-rwt=74.5F@4s | lift=0.0F pwr=54W
2026-09-28 18:48:46.811 [sieg-loop] Motor toward send for 104 s from keep_seconds 39.0
2026-09-28 18:48:48.331 [lc] Top state: Dormant
2026-09-28 18:48:48.332 [lc] LocalControl: AllTanks  |  State: Dormant
2026-09-28 18:48:58.548 [UnknownChannels] no value: required-energy | stale: transactive-power,usable-energy,zone1-living-rm-heat-call,zone2-bedroom-heat-call
2026-09-28 18:49:13.399 [sieg-loop] sieg-view KeepingLess keep=39.0s hp-lwt=101.0F@1s hp-ewt=102.6F@2s sieg-hot=92.8F@81s sieg-cold=93.2F@1s sieg-flow=0.00gpm@9s sieg-send-flow*=3.99gpm@9s primary-flow*=3.99gpm@9s hp-odu-pwr=54W@253s hp-idu-pwr=0W@253s buffer-hot-pipe=100.0F@166s buffer-cold-pipe=102.0F@82s store-hot-pipe=76.8F@3s dist-swt=84.0F@66s dist-rwt=74.5F@30s | lift=0.0F pwr=54W
2026-09-28 18:49:13.550 [UnknownChannels] no value: required-energy | stale: transactive-power,usable-energy,zone1-living-rm-heat-call,zone2-bedroom-heat-call
2026-09-28 18:49:28.554 [UnknownChannels] no value: required-energy | stale: transactive-power,usable-energy,zone1-living-rm-heat-call,zone2-bedroom-heat-call
2026-09-28 18:49:43.403 [sieg-loop] sieg-view KeepingLess keep=39.0s hp-lwt=101.7F@5s hp-ewt=103.0F@3s sieg-hot=92.1F@4s sieg-cold=93.2F@31s sieg-flow=0.00gpm@39s sieg-send-flow*=4.36gpm@11s primary-flow*=4.36gpm@11s hp-odu-pwr=54W@283s hp-idu-pwr=0W@283s buffer-hot-pipe=100.0F@196s buffer-cold-pipe=102.0F@112s store-hot-pipe=78.0F@5s dist-swt=84.0F@96s dist-rwt=74.5F@60s | lift=0.0F pwr=54W
2026-09-28 18:49:43.556 [UnknownChannels] no value: required-energy | stale: transactive-power,usable-energy,zone1-living-rm-heat-call,zone2-bedroom-heat-call
2026-09-28 18:49:48.334 [lc] Top state: Dormant
2026-09-28 18:49:48.334 [lc] LocalControl: AllTanks  |  State: Dormant
2026-09-28 18:49:58.559 [UnknownChannels] no value: required-energy | stale: transactive-power,usable-energy,zone1-living-rm-heat-call,zone2-bedroom-heat-call
2026-09-28 18:49:58.801 Top state: Admin
2026-09-28 18:49:58.806 Auto state: Dormant
2026-09-28 18:50:00.729 [derived-generator] [HeatCall periodic] zone1-living-rm-heat-call now=1790635800.7 next=1790635800 period=300
2026-09-28 18:50:00.729 [derived-generator] [HeatCall periodic] zone2-bedroom-heat-call now=1790635800.7 next=1790635800 period=300
2026-09-28 18:50:13.404 [sieg-loop] sieg-view KeepingLess keep=39.0s hp-lwt=102.1F@2s hp-ewt=103.2F@13s sieg-hot=92.1F@34s sieg-cold=93.6F@18s sieg-flow=0.00gpm@69s sieg-send-flow*=4.41gpm@2s primary-flow*=4.41gpm@2s hp-odu-pwr=54W@13s hp-idu-pwr=0W@13s buffer-hot-pipe=101.0F@24s buffer-cold-pipe=102.0F@142s store-hot-pipe=79.2F@9s dist-swt=84.0F@126s dist-rwt=74.5F@90s | lift=0.0F pwr=54W
2026-09-28 18:50:13.561 [UnknownChannels] no value: required-energy | stale: usable-energy
2026-09-28 18:50:19.813 [scada] Admin timeout renewed: 300 seconds
2026-09-28 18:50:28.564 [UnknownChannels] no value: required-energy | stale: usable-energy
2026-09-28 18:50:30.846 [sieg-loop] admin.sieg-loop sending OpenRelay to HpLoopOnOff relay admin.sieg-loop.hp-loop-on-off-relay
2026-09-28 18:50:30.847 [sieg-loop] ResetToFullySend: KeepingLess -> FullySend
2026-09-28 18:50:30.850 [sieg-loop] sieg-view FullySend keep=0.0s hp-lwt=102.1F@19s hp-ewt=103.2F@31s sieg-hot=92.1F@0s sieg-cold=93.7F@0s sieg-flow=0.00gpm@0s sieg-send-flow*=4.37gpm@16s primary-flow*=4.37gpm@0s hp-odu-pwr=54W@30s hp-idu-pwr=0W@30s buffer-hot-pipe=101.0F@41s buffer-cold-pipe=102.0F@160s store-hot-pipe=80.1F@0s dist-swt=84.0F@144s dist-rwt=74.5F@108s | lift=0.0F pwr=54W
2026-09-28 18:50:30.850 [sieg-loop] Motor stopped after 104.0 s: keep_seconds 0
2026-09-28 18:50:35.802 [scada] AdminDispatch ChargeStore to admin.charge-discharge-relay
2026-09-28 18:50:37.800 [scada] AdminDispatch MoveToFullKeep to admin.sieg-loop
2026-09-28 18:50:37.801 [sieg-loop] MoveToFullKeep from admin: the loop is held until the tree changes hands
2026-09-28 18:50:37.802 [sieg-loop] Full run to keep
2026-09-28 18:50:37.803 [sieg-loop] admin.sieg-loop sending SendLessto HpLoopKeepSend relay admin.sieg-loop.hp-loop-keep-send-relay
2026-09-28 18:50:37.803 [sieg-loop] admin.sieg-loop sending CloseRelay to HpLoopOnOff relay admin.sieg-loop.hp-loop-on-off-relay
2026-09-28 18:50:37.804 [sieg-loop] StartKeepingMore: FullySend -> KeepingMore
2026-09-28 18:50:37.805 [sieg-loop] sieg-view KeepingMore keep=0.0s hp-lwt=102.2F@3s hp-ewt=103.3F@2s sieg-hot=92.1F@7s sieg-cold=93.7F@7s sieg-flow=0.00gpm@7s sieg-send-flow*=4.37gpm@6s primary-flow*=4.37gpm@6s hp-odu-pwr=54W@37s hp-idu-pwr=0W@37s buffer-hot-pipe=101.9F@2s buffer-cold-pipe=102.0F@167s store-hot-pipe=80.6F@0s dist-swt=84.0F@151s dist-rwt=74.5F@115s | lift=0.0F pwr=54W
2026-09-28 18:50:37.805 [sieg-loop] Motor toward keep for 104 s from keep_seconds 0
2026-09-28 18:50:43.407 [sieg-loop] sieg-view KeepingMore keep=0.0s hp-lwt=102.2F@8s hp-ewt=103.2F@2s sieg-hot=91.7F@3s sieg-cold=93.7F@13s sieg-flow=0.00gpm@13s sieg-send-flow*=4.37gpm@11s primary-flow*=4.37gpm@11s hp-odu-pwr=54W@43s hp-idu-pwr=0W@43s buffer-hot-pipe=101.9F@7s buffer-cold-pipe=102.0F@172s store-hot-pipe=81.0F@1s dist-swt=84.0F@156s dist-rwt=74.5F@120s | lift=0.0F pwr=54W
2026-09-28 18:50:43.567 [UnknownChannels] no value: required-energy | stale: usable-energy
2026-09-28 18:50:48.335 [lc] Top state: Dormant
2026-09-28 18:50:48.335 [lc] LocalControl: AllTanks  |  State: Dormant
2026-09-28 18:50:58.569 [UnknownChannels] no value: required-energy | stale: usable-energy
2026-09-28 18:51:07.833 [scada] AdminDispatch StopValve to admin.sieg-loop
2026-09-28 18:51:07.835 [sieg-loop] StopValve from admin: the loop is held until the tree changes hands
2026-09-28 18:51:07.840 [sieg-loop] Stopping the motor
2026-09-28 18:51:07.842 [sieg-loop] admin.sieg-loop sending OpenRelay to HpLoopOnOff relay admin.sieg-loop.hp-loop-on-off-relay
2026-09-28 18:51:07.843 [sieg-loop] StopKeepingMore: KeepingMore -> SteadyBlend
2026-09-28 18:51:07.845 [sieg-loop] sieg-view SteadyBlend keep=30.0s hp-lwt=102.2F@33s hp-ewt=101.0F@0s sieg-hot=91.7F@27s sieg-cold=92.0F@0s sieg-flow=0.45gpm@0s sieg-send-flow*=3.57gpm@2s primary-flow*=4.02gpm@0s hp-odu-pwr=54W@67s hp-idu-pwr=0W@67s buffer-hot-pipe=101.9F@32s buffer-cold-pipe=102.0F@197s store-hot-pipe=97.6F@0s dist-swt=84.0F@181s dist-rwt=74.5F@145s | lift=1.2F pwr=54W
2026-09-28 18:51:07.846 [sieg-loop] Motor stopped after 30.0 s: keep_seconds 30.0
2026-09-28 18:51:13.409 [sieg-loop] sieg-view SteadyBlend keep=30.0s hp-lwt=102.2F@38s hp-ewt=96.1F@0s sieg-hot=91.7F@33s sieg-cold=88.9F@1s sieg-flow=0.69gpm@4s sieg-send-flow*=3.57gpm@8s primary-flow*=4.26gpm@4s hp-odu-pwr=54W@73s hp-idu-pwr=0W@73s buffer-hot-pipe=101.9F@37s buffer-cold-pipe=102.0F@202s store-hot-pipe=100.5F@1s dist-swt=84.0F@186s dist-rwt=74.5F@150s | lift=6.1F pwr=54W
2026-09-28 18:51:13.571 [UnknownChannels] no value: required-energy | stale: usable-energy
2026-09-28 18:51:28.574 [UnknownChannels] no value: required-energy | stale: usable-energy
2026-09-28 18:51:43.414 [sieg-loop] sieg-view SteadyBlend keep=30.0s hp-lwt=89.1F@0s hp-ewt=75.1F@0s sieg-hot=92.1F@4s sieg-cold=71.1F@2s sieg-flow=0.70gpm@8s sieg-send-flow*=3.20gpm@11s primary-flow*=3.90gpm@11s hp-odu-pwr=54W@103s hp-idu-pwr=0W@103s buffer-hot-pipe=101.9F@67s buffer-cold-pipe=102.0F@232s store-hot-pipe=101.2F@1s dist-swt=84.0F@216s dist-rwt=74.5F@180s | lift=14.0F pwr=54W
2026-09-28 18:51:43.576 [UnknownChannels] no value: required-energy | stale: usable-energy
2026-09-28 18:51:48.336 [lc] Top state: Dormant
2026-09-28 18:51:48.337 [lc] LocalControl: AllTanks  |  State: Dormant
2026-09-28 18:51:58.578 [UnknownChannels] no value: required-energy | stale: usable-energy
2026-09-28 18:52:13.417 [sieg-loop] sieg-view SteadyBlend keep=30.0s hp-lwt=75.0F@0s hp-ewt=70.1F@1s sieg-hot=89.5F@1s sieg-cold=65.5F@2s sieg-flow=0.70gpm@38s sieg-send-flow*=3.16gpm@11s primary-flow*=3.86gpm@11s hp-odu-pwr=54W@133s hp-idu-pwr=0W@133s buffer-hot-pipe=101.9F@97s buffer-cold-pipe=102.0F@262s store-hot-pipe=84.9F@1s dist-swt=84.0F@246s dist-rwt=74.5F@210s | lift=5.0F pwr=54W
2026-09-28 18:52:13.581 [UnknownChannels] no value: required-energy | stale: transactive-power,usable-energy,zone1-living-rm-heat-call,zone2-bedroom-heat-call
2026-09-28 18:52:19.788 [scada] Admin timeout renewed: 300 seconds
2026-09-28 18:52:28.584 [UnknownChannels] no value: required-energy | stale: transactive-power,usable-energy,zone1-living-rm-heat-call,zone2-bedroom-heat-call
2026-09-28 18:52:43.420 [sieg-loop] sieg-view SteadyBlend keep=30.0s hp-lwt=69.1F@0s hp-ewt=65.5F@0s sieg-hot=79.8F@1s sieg-cold=64.3F@11s sieg-flow=0.64gpm@3s sieg-send-flow*=3.12gpm@16s primary-flow*=3.76gpm@3s hp-odu-pwr=54W@163s hp-idu-pwr=0W@163s buffer-hot-pipe=101.9F@127s buffer-cold-pipe=102.0F@292s store-hot-pipe=76.0F@2s dist-swt=84.0F@276s dist-rwt=74.5F@240s | lift=3.5F pwr=54W
2026-09-28 18:52:43.586 [UnknownChannels] no value: required-energy | stale: transactive-power,usable-energy,zone1-living-rm-heat-call,zone2-bedroom-heat-call
2026-09-28 18:52:48.338 [lc] Top state: Dormant
2026-09-28 18:52:48.338 [lc] LocalControl: AllTanks  |  State: Dormant
2026-09-28 18:52:58.589 [UnknownChannels] no value: required-energy | stale: transactive-power,usable-energy,zone1-living-rm-heat-call,zone2-bedroom-heat-call
2026-09-28 18:53:13.423 [sieg-loop] sieg-view SteadyBlend keep=30.0s hp-lwt=65.2F@1s hp-ewt=63.6F@3s sieg-hot=73.6F@3s sieg-cold=63.6F@13s sieg-flow=0.64gpm@33s sieg-send-flow*=3.12gpm@17s primary-flow*=3.76gpm@17s hp-odu-pwr=54W@193s hp-idu-pwr=0W@193s buffer-hot-pipe=101.9F@157s buffer-cold-pipe=100.3F@0s store-hot-pipe=70.9F@2s dist-swt=83.9F@6s dist-rwt=74.5F@270s | lift=1.6F pwr=54W
2026-09-28 18:53:13.591 [UnknownChannels] no value: required-energy | stale: transactive-power,usable-energy,zone1-living-rm-heat-call,zone2-bedroom-heat-call
2026-09-28 18:53:28.593 [UnknownChannels] no value: required-energy | stale: transactive-power,usable-energy,zone1-living-rm-heat-call,zone2-bedroom-heat-call
2026-09-28 18:53:37.811 [scada] AdminDispatch MoveToFullSend to admin.sieg-loop
2026-09-28 18:53:37.814 [sieg-loop] MoveToFullSend from admin: the loop is held until the tree changes hands
2026-09-28 18:53:37.815 [sieg-loop] Full run to send
2026-09-28 18:53:37.817 [sieg-loop] admin.sieg-loop sending SendMore to HpLoopKeepSend relay admin.sieg-loop.hp-loop-keep-send-relay
2026-09-28 18:53:37.819 [sieg-loop] admin.sieg-loop sending CloseRelay to HpLoopOnOff relay admin.sieg-loop.hp-loop-on-off-relay
2026-09-28 18:53:37.820 [sieg-loop] StartKeepingLess: SteadyBlend -> KeepingLess
2026-09-28 18:53:37.822 [sieg-loop] sieg-view KeepingLess keep=30.0s hp-lwt=63.5F@1s hp-ewt=62.4F@1s sieg-hot=70.1F@3s sieg-cold=63.6F@37s sieg-flow=0.69gpm@22s sieg-send-flow*=3.12gpm@20s primary-flow*=3.81gpm@20s hp-odu-pwr=54W@217s hp-idu-pwr=0W@217s buffer-hot-pipe=101.9F@182s buffer-cold-pipe=99.3F@2s store-hot-pipe=68.3F@2s dist-swt=83.9F@31s dist-rwt=74.5F@295s | lift=1.0F pwr=54W
2026-09-28 18:53:37.823 [sieg-loop] Motor toward send for 104 s from keep_seconds 30.0
2026-09-28 18:53:43.425 [sieg-loop] sieg-view KeepingLess keep=30.0s hp-lwt=63.0F@0s hp-ewt=62.2F@3s sieg-hot=69.2F@1s sieg-cold=63.2F@4s sieg-flow=0.69gpm@28s sieg-send-flow*=3.12gpm@14s primary-flow*=3.81gpm@14s hp-odu-pwr=54W@223s hp-idu-pwr=0W@223s buffer-hot-pipe=101.9F@187s buffer-cold-pipe=99.3F@8s store-hot-pipe=67.9F@2s dist-swt=83.9F@36s dist-rwt=74.8F@0s | lift=0.8F pwr=54W
2026-09-28 18:53:43.595 [UnknownChannels] no value: required-energy | stale: transactive-power,usable-energy,zone1-living-rm-heat-call,zone2-bedroom-heat-call
2026-09-28 18:53:48.340 [lc] Top state: Dormant
2026-09-28 18:53:48.341 [lc] LocalControl: AllTanks  |  State: Dormant
2026-09-28 18:53:58.596 [UnknownChannels] no value: required-energy | stale: transactive-power,usable-energy,zone1-living-rm-heat-call,zone2-bedroom-heat-call
2026-09-28 18:54:13.428 [sieg-loop] sieg-view KeepingLess keep=30.0s hp-lwt=61.6F@0s hp-ewt=60.9F@1s sieg-hot=67.2F@1s sieg-cold=63.2F@34s sieg-flow=0.00gpm@28s sieg-send-flow*=4.08gpm@5s primary-flow*=4.08gpm@5s hp-odu-pwr=54W@253s hp-idu-pwr=0W@253s buffer-hot-pipe=101.9F@217s buffer-cold-pipe=98.4F@11s store-hot-pipe=66.0F@3s dist-swt=83.9F@66s dist-rwt=74.8F@30s | lift=0.7F pwr=54W
2026-09-28 18:54:13.599 [UnknownChannels] no value: required-energy | stale: transactive-power,usable-energy,zone1-living-rm-heat-call,zone2-bedroom-heat-call
2026-09-28 18:54:19.789 [scada] Admin timeout renewed: 300 seconds
2026-09-28 18:54:28.602 [UnknownChannels] no value: required-energy | stale: transactive-power,usable-energy,zone1-living-rm-heat-call,zone2-bedroom-heat-call
2026-09-28 18:54:43.430 [sieg-loop] sieg-view KeepingLess keep=30.0s hp-lwt=60.8F@1s hp-ewt=60.7F@17s sieg-hot=66.8F@18s sieg-cold=62.8F@1s sieg-flow=0.00gpm@58s sieg-send-flow*=4.03gpm@8s primary-flow*=4.03gpm@8s hp-odu-pwr=54W@283s hp-idu-pwr=0W@283s buffer-hot-pipe=101.9F@247s buffer-cold-pipe=98.4F@41s store-hot-pipe=64.8F@8s dist-swt=83.9F@96s dist-rwt=74.8F@60s | lift=0.1F pwr=54W
2026-09-28 18:54:43.604 [UnknownChannels] no value: required-energy | stale: transactive-power,usable-energy,zone1-living-rm-heat-call,zone2-bedroom-heat-call
2026-09-28 18:54:48.342 [lc] Top state: Dormant
2026-09-28 18:54:48.343 [lc] LocalControl: AllTanks  |  State: Dormant
2026-09-28 18:54:58.607 [UnknownChannels] no value: required-energy | stale: transactive-power,usable-energy,zone1-living-rm-heat-call,zone2-bedroom-heat-call
2026-09-28 18:54:58.801 Top state: Admin
2026-09-28 18:54:58.802 Auto state: Dormant
2026-09-28 18:55:00.785 [derived-generator] [HeatCall periodic] zone1-living-rm-heat-call now=1790636100.8 next=1790636100 period=300
2026-09-28 18:55:00.787 [derived-generator] [HeatCall periodic] zone2-bedroom-heat-call now=1790636100.8 next=1790636100 period=300
2026-09-28 18:55:13.435 [sieg-loop] sieg-view KeepingLess keep=30.0s hp-lwt=60.3F@11s hp-ewt=60.6F@26s sieg-hot=66.4F@22s sieg-cold=62.8F@31s sieg-flow=0.00gpm@88s sieg-send-flow*=4.07gpm@9s primary-flow*=4.07gpm@9s hp-odu-pwr=54W@13s hp-idu-pwr=0W@13s buffer-hot-pipe=101.0F@25s buffer-cold-pipe=97.5F@23s store-hot-pipe=64.0F@12s dist-swt=83.9F@126s dist-rwt=74.8F@90s | lift=0.0F pwr=54W
2026-09-28 18:55:13.610 [UnknownChannels] no value: required-energy | stale: usable-energy
2026-09-28 18:55:21.855 [sieg-loop] admin.sieg-loop sending OpenRelay to HpLoopOnOff relay admin.sieg-loop.hp-loop-on-off-relay
2026-09-28 18:55:21.855 [sieg-loop] ResetToFullySend: KeepingLess -> FullySend
2026-09-28 18:55:21.856 [sieg-loop] sieg-view FullySend keep=0.0s hp-lwt=60.3F@20s hp-ewt=60.6F@34s sieg-hot=66.4F@30s sieg-cold=62.8F@39s sieg-flow=0.00gpm@96s sieg-send-flow*=4.07gpm@10s primary-flow*=4.07gpm@10s hp-odu-pwr=54W@21s hp-idu-pwr=0W@21s buffer-hot-pipe=101.0F@34s buffer-cold-pipe=97.5F@31s store-hot-pipe=64.0F@20s dist-swt=83.9F@135s dist-rwt=74.8F@99s | lift=0.0F pwr=54W
2026-09-28 18:55:21.857 [sieg-loop] Motor stopped after 104.0 s: keep_seconds 0
2026-09-28 18:55:26.817 [scada] AdminDispatch ChargeStore to admin.charge-discharge-relay
2026-09-28 18:55:28.612 [UnknownChannels] no value: required-energy | stale: usable-energy
2026-09-28 18:55:28.913 [scada] AdminDispatch MoveToFullKeep to admin.sieg-loop
2026-09-28 18:55:28.915 [sieg-loop] MoveToFullKeep from admin: the loop is held until the tree changes hands
2026-09-28 18:55:28.916 [sieg-loop] Full run to keep
2026-09-28 18:55:28.918 [sieg-loop] admin.sieg-loop sending SendLessto HpLoopKeepSend relay admin.sieg-loop.hp-loop-keep-send-relay
2026-09-28 18:55:28.919 [sieg-loop] admin.sieg-loop sending CloseRelay to HpLoopOnOff relay admin.sieg-loop.hp-loop-on-off-relay
2026-09-28 18:55:28.920 [sieg-loop] StartKeepingMore: FullySend -> KeepingMore
2026-09-28 18:55:28.922 [sieg-loop] sieg-view KeepingMore keep=0.0s hp-lwt=60.3F@27s hp-ewt=60.6F@41s sieg-hot=66.4F@37s sieg-cold=62.8F@46s sieg-flow=0.00gpm@103s sieg-send-flow*=4.07gpm@17s primary-flow*=4.07gpm@17s hp-odu-pwr=54W@28s hp-idu-pwr=0W@28s buffer-hot-pipe=101.0F@41s buffer-cold-pipe=97.5F@38s store-hot-pipe=64.0F@27s dist-swt=83.9F@142s dist-rwt=74.8F@106s | lift=0.0F pwr=54W
2026-09-28 18:55:28.923 [sieg-loop] Motor toward keep for 104 s from keep_seconds 0
2026-09-28 18:55:43.437 [sieg-loop] sieg-view KeepingMore keep=0.0s hp-lwt=60.2F@5s hp-ewt=60.5F@5s sieg-hot=66.1F@13s sieg-cold=62.9F@13s sieg-flow=0.00gpm@13s sieg-send-flow*=4.02gpm@4s primary-flow*=4.02gpm@4s hp-odu-pwr=54W@43s hp-idu-pwr=0W@43s buffer-hot-pipe=101.0F@55s buffer-cold-pipe=97.5F@53s store-hot-pipe=63.7F@13s dist-swt=83.9F@156s dist-rwt=74.8F@120s | lift=0.0F pwr=54W
2026-09-28 18:55:43.615 [UnknownChannels] no value: required-energy | stale: usable-energy
2026-09-28 18:55:48.345 [lc] Top state: Dormant
2026-09-28 18:55:48.346 [lc] LocalControl: AllTanks  |  State: Dormant
2026-09-28 18:55:58.616 [UnknownChannels] no value: required-energy | stale: usable-energy
2026-09-28 18:56:13.441 [sieg-loop] sieg-view KeepingMore keep=0.0s hp-lwt=60.3F@6s hp-ewt=61.7F@3s sieg-hot=66.1F@43s sieg-cold=62.9F@43s sieg-flow=2.59gpm@2s sieg-send-flow*=2.66gpm@11s primary-flow*=5.25gpm@2s hp-odu-pwr=54W@73s hp-idu-pwr=0W@73s buffer-hot-pipe=101.0F@85s buffer-cold-pipe=97.5F@83s store-hot-pipe=63.7F@43s dist-swt=83.9F@186s dist-rwt=74.8F@150s | lift=0.0F pwr=54W
2026-09-28 18:56:13.619 [UnknownChannels] no value: required-energy | stale: usable-energy
2026-09-28 18:56:19.793 [scada] Admin timeout renewed: 300 seconds
2026-09-28 18:56:28.620 [UnknownChannels] no value: required-energy | stale: usable-energy
2026-09-28 18:56:43.443 [sieg-loop] sieg-view KeepingMore keep=0.0s hp-lwt=60.8F@8s hp-ewt=61.4F@2s sieg-hot=64.2F@9s sieg-cold=62.9F@73s sieg-flow=4.64gpm@2s sieg-send-flow*=0.00gpm@15s primary-flow*=4.64gpm@2s hp-odu-pwr=54W@103s hp-idu-pwr=0W@103s buffer-hot-pipe=101.0F@115s buffer-cold-pipe=96.6F@18s store-hot-pipe=63.7F@73s dist-swt=83.9F@216s dist-rwt=74.8F@180s | lift=0.0F pwr=54W
2026-09-28 18:56:43.622 [UnknownChannels] no value: required-energy | stale: usable-energy
2026-09-28 18:56:48.348 [lc] Top state: Dormant
2026-09-28 18:56:48.349 [lc] LocalControl: AllTanks  |  State: Dormant
2026-09-28 18:56:58.623 [UnknownChannels] no value: required-energy | stale: usable-energy
2026-09-28 18:57:12.951 [sieg-loop] admin.sieg-loop sending OpenRelay to HpLoopOnOff relay admin.sieg-loop.hp-loop-on-off-relay
2026-09-28 18:57:12.952 [sieg-loop] ResetToFullyKeep: KeepingMore -> FullyKeep
2026-09-28 18:57:12.955 [sieg-loop] sieg-view FullyKeep keep=94.0s hp-lwt=60.8F@20s hp-ewt=61.2F@1s sieg-hot=63.8F@18s sieg-cold=62.9F@103s sieg-flow=4.97gpm@1s sieg-send-flow*=0.00gpm@44s primary-flow*=4.97gpm@1s hp-odu-pwr=54W@132s hp-idu-pwr=0W@132s buffer-hot-pipe=101.0F@145s buffer-cold-pipe=96.6F@48s store-hot-pipe=63.7F@102s dist-swt=83.9F@246s dist-rwt=74.8F@210s | lift=0.0F pwr=54W
2026-09-28 18:57:12.955 [sieg-loop] Motor stopped after 104.0 s: keep_seconds 94
2026-09-28 18:57:13.446 [sieg-loop] sieg-view FullyKeep keep=94.0s hp-lwt=60.8F@21s hp-ewt=61.2F@1s sieg-hot=63.8F@18s sieg-cold=62.9F@103s sieg-flow=4.97gpm@1s sieg-send-flow*=0.00gpm@45s primary-flow*=4.97gpm@1s hp-odu-pwr=54W@133s hp-idu-pwr=0W@133s buffer-hot-pipe=101.0F@145s buffer-cold-pipe=96.6F@48s store-hot-pipe=63.7F@103s dist-swt=83.9F@246s dist-rwt=74.8F@210s | lift=0.0F pwr=54W
2026-09-28 18:57:13.627 [UnknownChannels] no value: required-energy | stale: transactive-power,usable-energy,zone1-living-rm-heat-call,zone2-bedroom-heat-call
2026-09-28 18:57:17.816 [scada] AdminDispatch MoveToFullSend to admin.sieg-loop
2026-09-28 18:57:17.817 [sieg-loop] MoveToFullSend from admin: the loop is held until the tree changes hands
2026-09-28 18:57:17.818 [sieg-loop] Full run to send
2026-09-28 18:57:17.819 [sieg-loop] admin.sieg-loop sending SendMore to HpLoopKeepSend relay admin.sieg-loop.hp-loop-keep-send-relay
2026-09-28 18:57:17.819 [sieg-loop] admin.sieg-loop sending CloseRelay to HpLoopOnOff relay admin.sieg-loop.hp-loop-on-off-relay
2026-09-28 18:57:17.820 [sieg-loop] StartKeepingLess: FullyKeep -> KeepingLess
2026-09-28 18:57:17.821 [sieg-loop] sieg-view KeepingLess keep=94.0s hp-lwt=60.8F@25s hp-ewt=61.3F@2s sieg-hot=63.8F@22s sieg-cold=63.2F@3s sieg-flow=4.97gpm@5s sieg-send-flow*=0.00gpm@49s primary-flow*=4.97gpm@5s hp-odu-pwr=54W@137s hp-idu-pwr=0W@137s buffer-hot-pipe=101.0F@150s buffer-cold-pipe=96.6F@53s store-hot-pipe=63.7F@107s dist-swt=83.9F@251s dist-rwt=74.8F@215s | lift=0.0F pwr=54W
2026-09-28 18:57:17.821 [sieg-loop] Motor toward send for 104 s from keep_seconds 94
2026-09-28 18:57:28.629 [UnknownChannels] no value: required-energy | stale: transactive-power,usable-energy,zone1-living-rm-heat-call,zone2-bedroom-heat-call
2026-09-28 18:57:43.449 [sieg-loop] sieg-view KeepingLess keep=94.0s hp-lwt=60.8F@11s hp-ewt=61.3F@28s sieg-hot=63.8F@48s sieg-cold=63.2F@29s sieg-flow=4.75gpm@2s sieg-send-flow*=0.00gpm@75s primary-flow*=4.75gpm@2s hp-odu-pwr=54W@163s hp-idu-pwr=0W@163s buffer-hot-pipe=101.0F@175s buffer-cold-pipe=95.7F@21s store-hot-pipe=63.7F@133s dist-swt=83.9F@276s dist-rwt=74.8F@240s | lift=0.0F pwr=54W
2026-09-28 18:57:43.631 [UnknownChannels] no value: required-energy | stale: transactive-power,usable-energy,zone1-living-rm-heat-call,zone2-bedroom-heat-call
2026-09-28 18:57:48.352 [lc] Top state: Dormant
2026-09-28 18:57:48.353 [lc] LocalControl: AllTanks  |  State: Dormant
2026-09-28 18:57:54.934 [scada] AdminDispatch StopValve to admin.sieg-loop
2026-09-28 18:57:54.938 [sieg-loop] StopValve from admin: the loop is held until the tree changes hands
2026-09-28 18:57:54.939 [sieg-loop] Stopping the motor
2026-09-28 18:57:54.941 [sieg-loop] admin.sieg-loop sending OpenRelay to HpLoopOnOff relay admin.sieg-loop.hp-loop-on-off-relay
2026-09-28 18:57:54.942 [sieg-loop] StopKeepingLess: KeepingLess -> SteadyBlend
2026-09-28 18:57:54.944 [sieg-loop] sieg-view SteadyBlend keep=56.9s hp-lwt=60.8F@22s hp-ewt=61.2F@3s sieg-hot=63.8F@59s sieg-cold=63.2F@40s sieg-flow=4.28gpm@0s sieg-send-flow*=0.00gpm@86s primary-flow*=4.28gpm@0s hp-odu-pwr=54W@174s hp-idu-pwr=0W@174s buffer-hot-pipe=101.0F@187s buffer-cold-pipe=95.7F@32s store-hot-pipe=63.7F@144s dist-swt=83.9F@288s dist-rwt=74.8F@252s | lift=0.0F pwr=54W
2026-09-28 18:57:54.945 [sieg-loop] Motor stopped after 37.1 s: keep_seconds 56.9
2026-09-28 18:57:58.635 [UnknownChannels] no value: required-energy | stale: transactive-power,usable-energy,zone1-living-rm-heat-call,zone2-bedroom-heat-call
2026-09-28 18:58:13.452 [sieg-loop] sieg-view SteadyBlend keep=56.9s hp-lwt=60.8F@6s hp-ewt=61.2F@2s sieg-hot=63.8F@78s sieg-cold=63.2F@59s sieg-flow=4.19gpm@16s sieg-send-flow*=0.00gpm@13s primary-flow*=4.19gpm@13s hp-odu-pwr=54W@193s hp-idu-pwr=0W@193s buffer-hot-pipe=101.0F@205s buffer-cold-pipe=95.7F@51s store-hot-pipe=64.6F@13s dist-swt=83.8F@6s dist-rwt=74.8F@270s | lift=0.0F pwr=54W
2026-09-28 18:58:13.636 [UnknownChannels] no value: required-energy | stale: transactive-power,usable-energy,zone1-living-rm-heat-call,zone2-bedroom-heat-call
2026-09-28 18:58:19.799 [scada] Admin timeout renewed: 300 seconds
2026-09-28 18:58:28.639 [UnknownChannels] no value: required-energy | stale: transactive-power,usable-energy,zone1-living-rm-heat-call,zone2-bedroom-heat-call
2026-09-28 18:58:43.458 [sieg-loop] sieg-view SteadyBlend keep=56.9s hp-lwt=60.8F@25s hp-ewt=61.4F@2s sieg-hot=63.8F@108s sieg-cold=63.6F@0s sieg-flow=4.19gpm@46s sieg-send-flow*=0.00gpm@13s primary-flow*=4.19gpm@13s hp-odu-pwr=54W@223s hp-idu-pwr=0W@223s buffer-hot-pipe=100.0F@11s buffer-cold-pipe=95.7F@81s store-hot-pipe=64.3F@18s dist-swt=83.8F@36s dist-rwt=75.3F@0s | lift=0.0F pwr=54W
2026-09-28 18:58:43.641 [UnknownChannels] no value: required-energy | stale: transactive-power,usable-energy,zone1-living-rm-heat-call,zone2-bedroom-heat-call
2026-09-28 18:58:48.356 [lc] Top state: Dormant
2026-09-28 18:58:48.357 [lc] LocalControl: AllTanks  |  State: Dormant
2026-09-28 18:58:58.644 [UnknownChannels] no value: required-energy | stale: transactive-power,usable-energy,zone1-living-rm-heat-call,zone2-bedroom-heat-call
2026-09-28 18:59:13.462 [sieg-loop] sieg-view SteadyBlend keep=56.9s hp-lwt=60.9F@25s hp-ewt=61.5F@1s sieg-hot=63.8F@138s sieg-cold=63.6F@30s sieg-flow=4.19gpm@76s sieg-send-flow*=0.00gpm@10s primary-flow*=4.19gpm@10s hp-odu-pwr=54W@253s hp-idu-pwr=0W@253s buffer-hot-pipe=100.0F@41s buffer-cold-pipe=95.7F@111s store-hot-pipe=64.3F@48s dist-swt=83.8F@66s dist-rwt=75.3F@30s | lift=0.0F pwr=54W
2026-09-28 18:59:13.645 [UnknownChannels] no value: required-energy | stale: transactive-power,usable-energy,zone1-living-rm-heat-call,zone2-bedroom-heat-call
2026-09-28 18:59:28.648 [UnknownChannels] no value: required-energy | stale: transactive-power,usable-energy,zone1-living-rm-heat-call,zone2-bedroom-heat-call
2026-09-28 18:59:43.465 [sieg-loop] sieg-view SteadyBlend keep=56.9s hp-lwt=61.1F@29s hp-ewt=61.5F@4s sieg-hot=63.8F@168s sieg-cold=63.6F@60s sieg-flow=4.19gpm@106s sieg-send-flow*=0.00gpm@19s primary-flow*=4.19gpm@19s hp-odu-pwr=54W@283s hp-idu-pwr=0W@283s buffer-hot-pipe=100.0F@71s buffer-cold-pipe=95.7F@141s store-hot-pipe=64.3F@78s dist-swt=83.8F@96s dist-rwt=75.3F@60s | lift=0.0F pwr=54W
2026-09-28 18:59:43.651 [UnknownChannels] no value: required-energy | stale: transactive-power,usable-energy,zone1-living-rm-heat-call,zone2-bedroom-heat-call
2026-09-28 18:59:48.358 [lc] Top state: Dormant
2026-09-28 18:59:48.358 [lc] LocalControl: AllTanks  |  State: Dormant
2026-09-28 18:59:58.653 [UnknownChannels] no value: required-energy | stale: transactive-power,usable-energy,zone1-living-rm-heat-call,zone2-bedroom-heat-call
2026-09-28 18:59:58.800 Top state: Admin
2026-09-28 18:59:58.801 Auto state: Dormant
2026-09-28 19:00:00.822 [derived-generator] [HeatCall periodic] zone1-living-rm-heat-call now=1790636400.8 next=1790636400 period=300
2026-09-28 19:00:00.823 [derived-generator] [HeatCall periodic] zone2-bedroom-heat-call now=1790636400.8 next=1790636400 period=300
2026-09-28 19:00:13.469 [sieg-loop] sieg-view SteadyBlend keep=56.9s hp-lwt=61.2F@5s hp-ewt=61.6F@5s sieg-hot=63.8F@198s sieg-cold=63.6F@90s sieg-flow=4.19gpm@136s sieg-send-flow*=0.00gpm@15s primary-flow*=4.19gpm@15s hp-odu-pwr=60W@13s hp-idu-pwr=0W@13s buffer-hot-pipe=100.0F@101s buffer-cold-pipe=95.7F@171s store-hot-pipe=64.3F@108s dist-swt=83.8F@126s dist-rwt=75.3F@90s | lift=0.0F pwr=60W
2026-09-28 19:00:13.657 [UnknownChannels] no value: required-energy | stale: usable-energy
2026-09-28 19:00:19.797 [scada] Admin timeout renewed: 300 seconds
2026-09-28 19:00:24.819 [scada] AdminDispatch MoveToFullSend to admin.sieg-loop
2026-09-28 19:00:24.829 [sieg-loop] MoveToFullSend from admin: the loop is held until the tree changes hands
2026-09-28 19:00:24.830 [sieg-loop] Full run to send
2026-09-28 19:00:24.837 [sieg-loop] admin.sieg-loop sending SendMore to HpLoopKeepSend relay admin.sieg-loop.hp-loop-keep-send-relay
2026-09-28 19:00:24.839 [sieg-loop] admin.sieg-loop sending CloseRelay to HpLoopOnOff relay admin.sieg-loop.hp-loop-on-off-relay
2026-09-28 19:00:24.840 [sieg-loop] StartKeepingLess: SteadyBlend -> KeepingLess
2026-09-28 19:00:24.843 [sieg-loop] sieg-view KeepingLess keep=56.9s hp-lwt=61.2F@16s hp-ewt=61.6F@4s sieg-hot=63.8F@209s sieg-cold=63.6F@101s sieg-flow=4.19gpm@147s sieg-send-flow*=0.00gpm@16s primary-flow*=4.19gpm@16s hp-odu-pwr=60W@24s hp-idu-pwr=0W@24s buffer-hot-pipe=100.0F@112s buffer-cold-pipe=95.7F@182s store-hot-pipe=64.3F@119s dist-swt=83.8F@138s dist-rwt=75.3F@102s | lift=0.0F pwr=60W
2026-09-28 19:00:24.843 [sieg-loop] Motor toward send for 104 s from keep_seconds 56.9
2026-09-28 19:00:28.659 [UnknownChannels] no value: required-energy | stale: usable-energy
2026-09-28 19:00:43.470 [sieg-loop] sieg-view KeepingLess keep=56.9s hp-lwt=61.3F@1s hp-ewt=61.8F@0s sieg-hot=63.9F@13s sieg-cold=63.9F@13s sieg-flow=2.78gpm@0s sieg-send-flow*=1.16gpm@3s primary-flow*=3.94gpm@0s hp-odu-pwr=60W@43s hp-idu-pwr=0W@43s buffer-hot-pipe=100.0F@131s buffer-cold-pipe=95.7F@201s store-hot-pipe=64.4F@13s dist-swt=83.8F@156s dist-rwt=75.3F@120s | lift=0.0F pwr=60W
2026-09-28 19:00:43.661 [UnknownChannels] no value: required-energy | stale: usable-energy
2026-09-28 19:00:48.360 [lc] Top state: Dormant
2026-09-28 19:00:48.362 [lc] LocalControl: AllTanks  |  State: Dormant
2026-09-28 19:00:58.663 [UnknownChannels] no value: required-energy | stale: usable-energy
2026-09-28 19:01:13.473 [sieg-loop] sieg-view KeepingLess keep=56.9s hp-lwt=61.3F@7s hp-ewt=61.2F@1s sieg-hot=63.9F@43s sieg-cold=63.5F@4s sieg-flow=0.00gpm@14s sieg-send-flow*=3.93gpm@11s primary-flow*=3.93gpm@11s hp-odu-pwr=60W@73s hp-idu-pwr=0W@73s buffer-hot-pipe=100.0F@161s buffer-cold-pipe=95.7F@231s store-hot-pipe=64.4F@43s dist-swt=83.8F@186s dist-rwt=75.3F@150s | lift=0.1F pwr=60W
2026-09-28 19:01:13.666 [UnknownChannels] no value: required-energy | stale: usable-energy
2026-09-28 19:01:28.667 [UnknownChannels] no value: required-energy | stale: usable-energy
2026-09-28 19:01:43.475 [sieg-loop] sieg-view KeepingLess keep=56.9s hp-lwt=60.6F@0s hp-ewt=60.7F@2s sieg-hot=63.9F@73s sieg-cold=63.1F@15s sieg-flow=0.00gpm@44s sieg-send-flow*=4.08gpm@18s primary-flow*=4.08gpm@18s hp-odu-pwr=60W@103s hp-idu-pwr=0W@103s buffer-hot-pipe=100.0F@191s buffer-cold-pipe=96.6F@26s store-hot-pipe=64.4F@73s dist-swt=83.8F@216s dist-rwt=75.3F@180s | lift=0.0F pwr=60W
2026-09-28 19:01:43.670 [UnknownChannels] no value: required-energy | stale: usable-energy
2026-09-28 19:01:48.365 [lc] Top state: Dormant
2026-09-28 19:01:48.365 [lc] LocalControl: AllTanks  |  State: Dormant
2026-09-28 19:01:58.672 [UnknownChannels] no value: required-energy | stale: usable-energy
2026-09-28 19:02:08.874 [sieg-loop] admin.sieg-loop sending OpenRelay to HpLoopOnOff relay admin.sieg-loop.hp-loop-on-off-relay
2026-09-28 19:02:08.875 [sieg-loop] ResetToFullySend: KeepingLess -> FullySend
2026-09-28 19:02:08.878 [sieg-loop] sieg-view FullySend keep=0.0s hp-lwt=60.3F@5s hp-ewt=60.6F@0s sieg-hot=63.9F@98s sieg-cold=63.1F@40s sieg-flow=0.00gpm@69s sieg-send-flow*=4.07gpm@22s primary-flow*=4.07gpm@22s hp-odu-pwr=60W@128s hp-idu-pwr=0W@128s buffer-hot-pipe=99.1F@10s buffer-cold-pipe=96.6F@52s store-hot-pipe=64.0F@14s dist-swt=83.8F@242s dist-rwt=75.3F@206s | lift=0.0F pwr=60W
2026-09-28 19:02:08.879 [sieg-loop] Motor stopped after 104.0 s: keep_seconds 0
2026-09-28 19:02:13.479 [sieg-loop] sieg-view FullySend keep=0.0s hp-lwt=60.2F@5s hp-ewt=60.6F@5s sieg-hot=63.9F@103s sieg-cold=63.1F@45s sieg-flow=0.00gpm@74s sieg-send-flow*=4.07gpm@15s primary-flow*=4.07gpm@15s hp-odu-pwr=60W@133s hp-idu-pwr=0W@133s buffer-hot-pipe=99.1F@15s buffer-cold-pipe=96.6F@56s store-hot-pipe=64.0F@19s dist-swt=83.8F@246s dist-rwt=75.3F@210s | lift=0.0F pwr=60W
2026-09-28 19:02:13.675 [UnknownChannels] no value: required-energy | stale: transactive-power,usable-energy,zone1-living-rm-heat-call,zone2-bedroom-heat-call
2026-09-28 19:02:13.836 [scada] AdminDispatch DischargeStore to admin.charge-discharge-relay
2026-09-28 19:02:15.822 [scada] AdminDispatch MoveToFullKeep to admin.sieg-loop
2026-09-28 19:02:15.823 [sieg-loop] MoveToFullKeep from admin: the loop is held until the tree changes hands
2026-09-28 19:02:15.824 [sieg-loop] Full run to keep
2026-09-28 19:02:15.825 [sieg-loop] admin.sieg-loop sending SendLessto HpLoopKeepSend relay admin.sieg-loop.hp-loop-keep-send-relay
2026-09-28 19:02:15.825 [sieg-loop] admin.sieg-loop sending CloseRelay to HpLoopOnOff relay admin.sieg-loop.hp-loop-on-off-relay
2026-09-28 19:02:15.825 [sieg-loop] StartKeepingMore: FullySend -> KeepingMore
2026-09-28 19:02:15.826 [sieg-loop] sieg-view KeepingMore keep=0.0s hp-lwt=60.2F@7s hp-ewt=60.6F@7s sieg-hot=63.9F@105s sieg-cold=63.1F@47s sieg-flow=0.00gpm@76s sieg-send-flow*=4.07gpm@18s primary-flow*=4.07gpm@18s hp-odu-pwr=60W@135s hp-idu-pwr=0W@135s buffer-hot-pipe=99.1F@17s buffer-cold-pipe=96.6F@59s store-hot-pipe=63.6F@2s dist-swt=83.8F@249s dist-rwt=75.3F@213s | lift=0.0F pwr=60W
2026-09-28 19:02:15.826 [sieg-loop] Motor toward keep for 104 s from keep_seconds 0
2026-09-28 19:02:19.800 [scada] Admin timeout renewed: 300 seconds
2026-09-28 19:02:28.676 [UnknownChannels] no value: required-energy | stale: transactive-power,usable-energy,zone1-living-rm-heat-call,zone2-bedroom-heat-call
2026-09-28 19:02:43.482 [sieg-loop] sieg-view KeepingMore keep=0.0s hp-lwt=60.3F@3s hp-ewt=76.9F@0s sieg-hot=63.9F@133s sieg-cold=73.1F@1s sieg-flow=0.00gpm@104s sieg-send-flow*=3.77gpm@2s primary-flow*=3.77gpm@2s hp-odu-pwr=60W@163s hp-idu-pwr=0W@163s buffer-hot-pipe=82.2F@1s buffer-cold-pipe=98.4F@5s store-hot-pipe=63.6F@30s dist-swt=83.8F@276s dist-rwt=75.3F@240s | lift=0.0F pwr=60W
2026-09-28 19:02:43.678 [UnknownChannels] no value: required-energy | stale: transactive-power,usable-energy,zone1-living-rm-heat-call,zone2-bedroom-heat-call
2026-09-28 19:02:45.824 [scada] AdminDispatch StopValve to admin.sieg-loop
2026-09-28 19:02:45.827 [sieg-loop] StopValve from admin: the loop is held until the tree changes hands
2026-09-28 19:02:45.828 [sieg-loop] Stopping the motor
2026-09-28 19:02:45.830 [sieg-loop] admin.sieg-loop sending OpenRelay to HpLoopOnOff relay admin.sieg-loop.hp-loop-on-off-relay
2026-09-28 19:02:45.831 [sieg-loop] StopKeepingMore: KeepingMore -> SteadyBlend
2026-09-28 19:02:45.833 [sieg-loop] sieg-view SteadyBlend keep=30.0s hp-lwt=60.3F@5s hp-ewt=82.1F@0s sieg-hot=63.9F@135s sieg-cold=77.3F@0s sieg-flow=0.27gpm@0s sieg-send-flow*=3.77gpm@4s primary-flow*=4.04gpm@0s hp-odu-pwr=60W@165s hp-idu-pwr=0W@165s buffer-hot-pipe=79.1F@0s buffer-cold-pipe=99.4F@2s store-hot-pipe=63.6F@32s dist-swt=83.8F@279s dist-rwt=75.3F@243s | lift=0.0F pwr=60W
2026-09-28 19:02:45.834 [sieg-loop] Motor stopped after 30.0 s: keep_seconds 30.0
2026-09-28 19:02:48.367 [lc] Top state: Dormant
2026-09-28 19:02:48.367 [lc] LocalControl: AllTanks  |  State: Dormant
2026-09-28 19:02:58.681 [UnknownChannels] no value: required-energy | stale: transactive-power,usable-energy,zone1-living-rm-heat-call,zone2-bedroom-heat-call
2026-09-28 19:03:13.484 [sieg-loop] sieg-view SteadyBlend keep=30.0s hp-lwt=81.4F@0s hp-ewt=92.1F@1s sieg-hot=63.9F@163s sieg-cold=89.5F@2s sieg-flow=0.54gpm@26s sieg-send-flow*=3.31gpm@20s primary-flow*=3.85gpm@20s hp-odu-pwr=60W@193s hp-idu-pwr=0W@193s buffer-hot-pipe=67.4F@5s buffer-cold-pipe=100.3F@21s store-hot-pipe=63.6F@60s dist-swt=83.6F@6s dist-rwt=75.3F@270s | lift=0.0F pwr=60W
2026-09-28 19:03:13.683 [UnknownChannels] no value: required-energy | stale: transactive-power,usable-energy,zone1-living-rm-heat-call,zone2-bedroom-heat-call
2026-09-28 19:03:28.685 [UnknownChannels] no value: required-energy | stale: transactive-power,usable-energy,zone1-living-rm-heat-call,zone2-bedroom-heat-call
2026-09-28 19:03:43.486 [sieg-loop] sieg-view SteadyBlend keep=30.0s hp-lwt=89.7F@0s hp-ewt=95.0F@1s sieg-hot=69.4F@0s sieg-cold=90.8F@15s sieg-flow=0.52gpm@0s sieg-send-flow*=3.35gpm@17s primary-flow*=3.87gpm@0s hp-odu-pwr=60W@223s hp-idu-pwr=0W@223s buffer-hot-pipe=79.8F@2s buffer-cold-pipe=100.3F@51s store-hot-pipe=63.6F@90s dist-swt=83.6F@36s dist-rwt=75.4F@0s | lift=0.0F pwr=60W
2026-09-28 19:03:43.689 [UnknownChannels] no value: required-energy | stale: transactive-power,usable-energy,zone1-living-rm-heat-call,zone2-bedroom-heat-call
2026-09-28 19:03:48.369 [lc] Top state: Dormant
2026-09-28 19:03:48.370 [lc] LocalControl: AllTanks  |  State: Dormant
2026-09-28 19:03:58.692 [UnknownChannels] no value: required-energy | stale: transactive-power,usable-energy,zone1-living-rm-heat-call,zone2-bedroom-heat-call
2026-09-28 19:04:13.490 [sieg-loop] sieg-view SteadyBlend keep=30.0s hp-lwt=94.0F@0s hp-ewt=98.2F@1s sieg-hot=80.0F@0s sieg-cold=91.5F@1s sieg-flow=0.58gpm@29s sieg-send-flow*=3.37gpm@5s primary-flow*=3.95gpm@5s hp-odu-pwr=60W@253s hp-idu-pwr=0W@253s buffer-hot-pipe=88.3F@3s buffer-cold-pipe=100.3F@81s store-hot-pipe=63.6F@120s dist-swt=83.6F@66s dist-rwt=75.4F@30s | lift=0.0F pwr=60W
2026-09-28 19:04:13.694 [UnknownChannels] no value: required-energy | stale: transactive-power,usable-energy,zone1-living-rm-heat-call,zone2-bedroom-heat-call
2026-09-28 19:04:19.798 [scada] Admin timeout renewed: 300 seconds
2026-09-28 19:04:28.698 [UnknownChannels] no value: required-energy | stale: transactive-power,usable-energy,zone1-living-rm-heat-call,zone2-bedroom-heat-call
2026-09-28 19:04:43.491 [sieg-loop] sieg-view SteadyBlend keep=30.0s hp-lwt=96.9F@0s hp-ewt=99.5F@0s sieg-hot=85.3F@0s sieg-cold=92.9F@6s sieg-flow=0.58gpm@59s sieg-send-flow*=3.40gpm@3s primary-flow*=3.98gpm@3s hp-odu-pwr=60W@283s hp-idu-pwr=0W@283s buffer-hot-pipe=92.9F@2s buffer-cold-pipe=100.3F@111s store-hot-pipe=63.6F@150s dist-swt=83.6F@96s dist-rwt=75.4F@60s | lift=0.0F pwr=60W
2026-09-28 19:04:43.700 [UnknownChannels] no value: required-energy | stale: transactive-power,usable-energy,zone1-living-rm-heat-call,zone2-bedroom-heat-call
2026-09-28 19:04:48.372 [lc] Top state: Dormant
2026-09-28 19:04:48.373 [lc] LocalControl: AllTanks  |  State: Dormant
2026-09-28 19:04:58.701 [UnknownChannels] no value: required-energy | stale: transactive-power,usable-energy,zone1-living-rm-heat-call,zone2-bedroom-heat-call
2026-09-28 19:04:58.800 Top state: Admin
2026-09-28 19:04:58.801 Auto state: Dormant
2026-09-28 19:05:00.875 [derived-generator] [HeatCall periodic] zone1-living-rm-heat-call now=1790636700.9 next=1790636700 period=300
2026-09-28 19:05:00.875 [derived-generator] [HeatCall periodic] zone2-bedroom-heat-call now=1790636700.9 next=1790636700 period=300
2026-09-28 19:05:13.494 [sieg-loop] sieg-view SteadyBlend keep=30.0s hp-lwt=98.2F@5s hp-ewt=100.1F@6s sieg-hot=88.4F@0s sieg-cold=92.5F@14s sieg-flow=0.58gpm@89s sieg-send-flow*=3.37gpm@9s primary-flow*=3.95gpm@9s hp-odu-pwr=52W@13s hp-idu-pwr=0W@13s buffer-hot-pipe=95.7F@6s buffer-cold-pipe=100.3F@141s store-hot-pipe=63.6F@180s dist-swt=83.6F@126s dist-rwt=75.4F@90s | lift=0.0F pwr=52W
2026-09-28 19:05:13.703 [UnknownChannels] no value: required-energy | stale: usable-energy
2026-09-28 19:05:15.827 [scada] AdminDispatch MoveToFullSend to admin.sieg-loop
2026-09-28 19:05:15.830 [sieg-loop] MoveToFullSend from admin: the loop is held until the tree changes hands
2026-09-28 19:05:15.831 [sieg-loop] Full run to send
2026-09-28 19:05:15.834 [sieg-loop] admin.sieg-loop sending SendMore to HpLoopKeepSend relay admin.sieg-loop.hp-loop-keep-send-relay
2026-09-28 19:05:15.835 [sieg-loop] admin.sieg-loop sending CloseRelay to HpLoopOnOff relay admin.sieg-loop.hp-loop-on-off-relay
2026-09-28 19:05:15.836 [sieg-loop] StartKeepingLess: SteadyBlend -> KeepingLess
2026-09-28 19:05:15.838 [sieg-loop] sieg-view KeepingLess keep=30.0s hp-lwt=98.3F@2s hp-ewt=100.2F@0s sieg-hot=88.4F@2s sieg-cold=92.5F@16s sieg-flow=0.58gpm@91s sieg-send-flow*=3.37gpm@2s primary-flow*=3.95gpm@2s hp-odu-pwr=52W@15s hp-idu-pwr=0W@15s buffer-hot-pipe=95.7F@9s buffer-cold-pipe=100.3F@144s store-hot-pipe=63.6F@182s dist-swt=83.6F@129s dist-rwt=75.4F@93s | lift=0.0F pwr=52W
2026-09-28 19:05:15.839 [sieg-loop] Motor toward send for 104 s from keep_seconds 30.0
2026-09-28 19:05:28.705 [UnknownChannels] no value: required-energy | stale: usable-energy
2026-09-28 19:05:43.496 [sieg-loop] sieg-view KeepingLess keep=30.0s hp-lwt=99.0F@2s hp-ewt=101.1F@3s sieg-hot=89.7F@13s sieg-cold=91.9F@4s sieg-flow=0.00gpm@13s sieg-send-flow*=4.35gpm@6s primary-flow*=4.35gpm@6s hp-odu-pwr=52W@43s hp-idu-pwr=0W@43s buffer-hot-pipe=97.5F@5s buffer-cold-pipe=100.3F@171s store-hot-pipe=63.8F@13s dist-swt=83.6F@156s dist-rwt=75.4F@120s | lift=0.0F pwr=52W
2026-09-28 19:05:43.707 [UnknownChannels] no value: required-energy | stale: usable-energy
2026-09-28 19:05:48.375 [lc] Top state: Dormant
2026-09-28 19:05:48.376 [lc] LocalControl: AllTanks  |  State: Dormant
2026-09-28 19:05:58.710 [UnknownChannels] no value: required-energy | stale: usable-energy
2026-09-28 19:06:13.499 [sieg-loop] sieg-view KeepingLess keep=30.0s hp-lwt=100.0F@2s hp-ewt=101.3F@17s sieg-hot=89.7F@43s sieg-cold=92.3F@11s sieg-flow=0.00gpm@43s sieg-send-flow*=4.36gpm@3s primary-flow*=4.36gpm@3s hp-odu-pwr=52W@73s hp-idu-pwr=0W@73s buffer-hot-pipe=98.4F@10s buffer-cold-pipe=100.3F@201s store-hot-pipe=65.0F@8s dist-swt=83.6F@186s dist-rwt=75.4F@150s | lift=0.0F pwr=52W
2026-09-28 19:06:13.712 [UnknownChannels] no value: required-energy | stale: usable-energy
2026-09-28 19:06:19.802 [scada] Admin timeout renewed: 300 seconds
2026-09-28 19:06:28.715 [UnknownChannels] no value: required-energy | stale: usable-energy
2026-09-28 19:06:43.502 [sieg-loop] sieg-view KeepingLess keep=30.0s hp-lwt=100.4F@1s hp-ewt=101.4F@13s sieg-hot=89.7F@73s sieg-cold=92.3F@15s sieg-flow=0.00gpm@73s sieg-send-flow*=4.37gpm@14s primary-flow*=4.37gpm@14s hp-odu-pwr=52W@103s hp-idu-pwr=0W@103s buffer-hot-pipe=99.4F@15s buffer-cold-pipe=100.3F@231s store-hot-pipe=66.6F@3s dist-swt=83.6F@216s dist-rwt=75.4F@180s | lift=0.0F pwr=52W
2026-09-28 19:06:43.717 [UnknownChannels] no value: required-energy | stale: usable-energy
2026-09-28 19:06:48.379 [lc] Top state: Dormant
2026-09-28 19:06:48.379 [lc] LocalControl: AllTanks  |  State: Dormant
2026-09-28 19:06:58.719 [UnknownChannels] no value: required-energy | stale: usable-energy
2026-09-28 19:06:59.867 [sieg-loop] admin.sieg-loop sending OpenRelay to HpLoopOnOff relay admin.sieg-loop.hp-loop-on-off-relay
2026-09-28 19:06:59.868 [sieg-loop] ResetToFullySend: KeepingLess -> FullySend
2026-09-28 19:06:59.870 [sieg-loop] sieg-view FullySend keep=0.0s hp-lwt=100.4F@17s hp-ewt=101.4F@30s sieg-hot=89.7F@89s sieg-cold=92.3F@31s sieg-flow=0.00gpm@89s sieg-send-flow*=4.36gpm@6s primary-flow*=4.36gpm@6s hp-odu-pwr=52W@119s hp-idu-pwr=0W@119s buffer-hot-pipe=99.4F@31s buffer-cold-pipe=100.3F@248s store-hot-pipe=67.9F@1s dist-swt=83.6F@233s dist-rwt=75.4F@197s | lift=0.0F pwr=52W
2026-09-28 19:06:59.871 [sieg-loop] Motor stopped after 104.0 s: keep_seconds 0
2026-09-28 19:07:04.829 [scada] AdminDispatch DischargeStore to admin.charge-discharge-relay
2026-09-28 19:07:06.829 [scada] AdminDispatch MoveToFullKeep to admin.sieg-loop
2026-09-28 19:07:06.831 [sieg-loop] MoveToFullKeep from admin: the loop is held until the tree changes hands
2026-09-28 19:07:06.831 [sieg-loop] Full run to keep
2026-09-28 19:07:06.832 [sieg-loop] admin.sieg-loop sending SendLessto HpLoopKeepSend relay admin.sieg-loop.hp-loop-keep-send-relay
2026-09-28 19:07:06.833 [sieg-loop] admin.sieg-loop sending CloseRelay to HpLoopOnOff relay admin.sieg-loop.hp-loop-on-off-relay
2026-09-28 19:07:06.833 [sieg-loop] StartKeepingMore: FullySend -> KeepingMore
2026-09-28 19:07:06.834 [sieg-loop] sieg-view KeepingMore keep=0.0s hp-lwt=100.4F@24s hp-ewt=101.4F@37s sieg-hot=89.7F@96s sieg-cold=92.3F@38s sieg-flow=0.00gpm@96s sieg-send-flow*=4.36gpm@9s primary-flow*=4.36gpm@9s hp-odu-pwr=52W@126s hp-idu-pwr=0W@126s buffer-hot-pipe=99.4F@38s buffer-cold-pipe=100.3F@255s store-hot-pipe=68.2F@2s dist-swt=83.6F@240s dist-rwt=75.4F@204s | lift=0.0F pwr=52W
2026-09-28 19:07:06.834 [sieg-loop] Motor toward keep for 104 s from keep_seconds 0
2026-09-28 19:07:13.504 [sieg-loop] sieg-view KeepingMore keep=0.0s hp-lwt=100.4F@31s hp-ewt=101.4F@43s sieg-hot=89.7F@103s sieg-cold=91.9F@5s sieg-flow=0.00gpm@103s sieg-send-flow*=4.36gpm@16s primary-flow*=4.36gpm@16s hp-odu-pwr=52W@133s hp-idu-pwr=0W@133s buffer-hot-pipe=99.4F@45s buffer-cold-pipe=100.3F@261s store-hot-pipe=68.6F@3s dist-swt=83.6F@246s dist-rwt=75.4F@210s | lift=0.0F pwr=52W
2026-09-28 19:07:13.721 [UnknownChannels] no value: required-energy | stale: transactive-power,usable-energy,zone1-living-rm-heat-call,zone2-bedroom-heat-call
2026-09-28 19:07:28.723 [UnknownChannels] no value: required-energy | stale: transactive-power,usable-energy,zone1-living-rm-heat-call,zone2-bedroom-heat-call
2026-09-28 19:07:43.508 [sieg-loop] sieg-view KeepingMore keep=0.0s hp-lwt=100.5F@28s hp-ewt=100.9F@1s sieg-hot=89.3F@17s sieg-cold=92.3F@5s sieg-flow=1.72gpm@0s sieg-send-flow*=3.08gpm@5s primary-flow*=4.80gpm@0s hp-odu-pwr=52W@163s hp-idu-pwr=0W@163s buffer-hot-pipe=99.4F@75s buffer-cold-pipe=100.3F@291s store-hot-pipe=70.0F@9s dist-swt=82.7F@10s dist-rwt=75.4F@240s | lift=0.0F pwr=52W
2026-09-28 19:07:43.725 [UnknownChannels] no value: required-energy | stale: transactive-power,usable-energy,zone1-living-rm-heat-call,zone2-bedroom-heat-call
2026-09-28 19:07:48.382 [lc] Top state: Dormant
2026-09-28 19:07:48.383 [lc] LocalControl: AllTanks  |  State: Dormant
2026-09-28 19:07:58.728 [UnknownChannels] no value: required-energy | stale: transactive-power,usable-energy,zone1-living-rm-heat-call,zone2-bedroom-heat-call
2026-09-28 19:08:13.510 [sieg-loop] sieg-view KeepingMore keep=0.0s hp-lwt=99.5F@5s hp-ewt=100.6F@1s sieg-hot=91.5F@9s sieg-cold=91.5F@4s sieg-flow=4.46gpm@1s sieg-send-flow*=0.03gpm@6s primary-flow*=4.49gpm@1s hp-odu-pwr=52W@193s hp-idu-pwr=0W@193s buffer-hot-pipe=99.4F@105s buffer-cold-pipe=100.7F@21s store-hot-pipe=71.2F@10s dist-swt=82.7F@40s dist-rwt=75.4F@270s | lift=0.0F pwr=52W
2026-09-28 19:08:13.730 [UnknownChannels] no value: required-energy | stale: transactive-power,usable-energy,zone1-living-rm-heat-call,zone2-bedroom-heat-call
2026-09-28 19:08:19.808 [scada] Admin timeout renewed: 300 seconds
2026-09-28 19:08:28.731 [UnknownChannels] no value: required-energy | stale: transactive-power,usable-energy,zone1-living-rm-heat-call,zone2-bedroom-heat-call
2026-09-28 19:08:43.513 [sieg-loop] sieg-view KeepingMore keep=0.0s hp-lwt=99.5F@11s hp-ewt=100.3F@2s sieg-hot=91.5F@39s sieg-cold=91.5F@7s sieg-flow=5.08gpm@2s sieg-send-flow*=0.03gpm@36s primary-flow*=5.11gpm@2s hp-odu-pwr=52W@223s hp-idu-pwr=0W@223s buffer-hot-pipe=99.4F@135s buffer-cold-pipe=100.7F@51s store-hot-pipe=72.0F@13s dist-swt=82.7F@70s dist-rwt=75.2F@0s | lift=0.0F pwr=52W
2026-09-28 19:08:43.733 [UnknownChannels] no value: required-energy | stale: transactive-power,usable-energy,zone1-living-rm-heat-call,zone2-bedroom-heat-call
2026-09-28 19:08:48.385 [lc] Top state: Dormant
2026-09-28 19:08:48.386 [lc] LocalControl: AllTanks  |  State: Dormant
2026-09-28 19:08:50.850 [sieg-loop] admin.sieg-loop sending OpenRelay to HpLoopOnOff relay admin.sieg-loop.hp-loop-on-off-relay
2026-09-28 19:08:50.851 [sieg-loop] ResetToFullyKeep: KeepingMore -> FullyKeep
2026-09-28 19:08:50.853 [sieg-loop] sieg-view FullyKeep keep=94.0s hp-lwt=99.5F@18s hp-ewt=100.3F@9s sieg-hot=91.5F@46s sieg-cold=91.5F@14s sieg-flow=5.12gpm@3s sieg-send-flow*=0.03gpm@44s primary-flow*=5.15gpm@3s hp-odu-pwr=52W@230s hp-idu-pwr=0W@230s buffer-hot-pipe=99.4F@142s buffer-cold-pipe=100.7F@59s store-hot-pipe=72.0F@20s dist-swt=82.7F@77s dist-rwt=75.2F@8s | lift=0.0F pwr=52W
2026-09-28 19:08:50.854 [sieg-loop] Motor stopped after 104.0 s: keep_seconds 94
2026-09-28 19:08:55.831 [scada] AdminDispatch MoveToFullSend to admin.sieg-loop
2026-09-28 19:08:55.834 [sieg-loop] MoveToFullSend from admin: the loop is held until the tree changes hands
2026-09-28 19:08:55.835 [sieg-loop] Full run to send
2026-09-28 19:08:55.837 [sieg-loop] admin.sieg-loop sending SendMore to HpLoopKeepSend relay admin.sieg-loop.hp-loop-keep-send-relay
2026-09-28 19:08:55.839 [sieg-loop] admin.sieg-loop sending CloseRelay to HpLoopOnOff relay admin.sieg-loop.hp-loop-on-off-relay
2026-09-28 19:08:55.839 [sieg-loop] StartKeepingLess: FullyKeep -> KeepingLess
2026-09-28 19:08:55.842 [sieg-loop] sieg-view KeepingLess keep=94.0s hp-lwt=99.4F@1s hp-ewt=100.2F@2s sieg-hot=91.5F@51s sieg-cold=91.5F@19s sieg-flow=5.12gpm@8s sieg-send-flow*=0.03gpm@49s primary-flow*=5.15gpm@8s hp-odu-pwr=52W@235s hp-idu-pwr=0W@235s buffer-hot-pipe=99.4F@147s buffer-cold-pipe=100.7F@64s store-hot-pipe=72.4F@3s dist-swt=82.7F@82s dist-rwt=75.2F@13s | lift=0.0F pwr=52W
2026-09-28 19:08:55.842 [sieg-loop] Motor toward send for 104 s from keep_seconds 94
2026-09-28 19:08:58.735 [UnknownChannels] no value: required-energy | stale: transactive-power,usable-energy,zone1-living-rm-heat-call,zone2-bedroom-heat-call
2026-09-28 19:09:13.516 [sieg-loop] sieg-view KeepingLess keep=94.0s hp-lwt=99.3F@5s hp-ewt=100.1F@5s sieg-hot=91.5F@69s sieg-cold=91.1F@4s sieg-flow=5.06gpm@0s sieg-send-flow*=0.03gpm@66s primary-flow*=5.09gpm@0s hp-odu-pwr=52W@253s hp-idu-pwr=0W@253s buffer-hot-pipe=99.4F@165s buffer-cold-pipe=100.7F@81s store-hot-pipe=72.7F@11s dist-swt=82.7F@100s dist-rwt=75.2F@30s | lift=0.0F pwr=52W
2026-09-28 19:09:13.736 [UnknownChannels] no value: required-energy | stale: transactive-power,usable-energy,zone1-living-rm-heat-call,zone2-bedroom-heat-call
2026-09-28 19:09:28.738 [UnknownChannels] no value: required-energy | stale: transactive-power,usable-energy,zone1-living-rm-heat-call,zone2-bedroom-heat-call
2026-09-28 19:09:29.839 [scada] AdminDispatch StopValve to admin.sieg-loop
2026-09-28 19:09:29.841 [sieg-loop] StopValve from admin: the loop is held until the tree changes hands
2026-09-28 19:09:29.842 [sieg-loop] Stopping the motor
2026-09-28 19:09:29.844 [sieg-loop] admin.sieg-loop sending OpenRelay to HpLoopOnOff relay admin.sieg-loop.hp-loop-on-off-relay
2026-09-28 19:09:29.845 [sieg-loop] StopKeepingLess: KeepingLess -> SteadyBlend
2026-09-28 19:09:29.848 [sieg-loop] sieg-view SteadyBlend keep=60.0s hp-lwt=99.2F@2s hp-ewt=100.1F@21s sieg-hot=91.9F@14s sieg-cold=91.5F@1s sieg-flow=4.48gpm@0s sieg-send-flow*=0.03gpm@83s primary-flow*=4.51gpm@0s hp-odu-pwr=52W@269s hp-idu-pwr=0W@269s buffer-hot-pipe=99.4F@181s buffer-cold-pipe=100.7F@98s store-hot-pipe=73.1F@11s dist-swt=82.7F@116s dist-rwt=75.2F@47s | lift=0.0F pwr=52W
2026-09-28 19:09:29.848 [sieg-loop] Motor stopped after 34.0 s: keep_seconds 60.0
2026-09-28 19:09:43.518 [sieg-loop] sieg-view SteadyBlend keep=60.0s hp-lwt=99.2F@16s hp-ewt=100.0F@5s sieg-hot=91.9F@28s sieg-cold=91.1F@9s sieg-flow=4.43gpm@13s sieg-send-flow*=0.03gpm@96s primary-flow*=4.46gpm@13s hp-odu-pwr=52W@283s hp-idu-pwr=0W@283s buffer-hot-pipe=99.4F@195s buffer-cold-pipe=100.7F@111s store-hot-pipe=73.5F@8s dist-swt=82.7F@130s dist-rwt=75.2F@60s | lift=0.0F pwr=52W
2026-09-28 19:09:43.741 [UnknownChannels] no value: required-energy | stale: transactive-power,usable-energy,zone1-living-rm-heat-call,zone2-bedroom-heat-call
2026-09-28 19:09:48.387 [lc] Top state: Dormant
2026-09-28 19:09:48.388 [lc] LocalControl: AllTanks  |  State: Dormant
2026-09-28 19:09:58.743 [UnknownChannels] no value: required-energy | stale: transactive-power,usable-energy,zone1-living-rm-heat-call,zone2-bedroom-heat-call
2026-09-28 19:09:58.801 Top state: Admin
2026-09-28 19:09:58.801 Auto state: Dormant
2026-09-28 19:10:00.932 [derived-generator] [HeatCall periodic] zone1-living-rm-heat-call now=1790637000.9 next=1790637000 period=300
2026-09-28 19:10:00.941 [derived-generator] [HeatCall periodic] zone2-bedroom-heat-call now=1790637000.9 next=1790637000 period=300
2026-09-28 19:10:13.523 [sieg-loop] sieg-view SteadyBlend keep=60.0s hp-lwt=99.0F@1s hp-ewt=99.7F@10s sieg-hot=91.9F@58s sieg-cold=89.5F@1s sieg-flow=4.43gpm@43s sieg-send-flow*=0.03gpm@126s primary-flow*=4.46gpm@43s hp-odu-pwr=58W@13s hp-idu-pwr=0W@13s buffer-hot-pipe=99.4F@225s buffer-cold-pipe=100.7F@141s store-hot-pipe=74.3F@5s dist-swt=82.7F@160s dist-rwt=75.2F@90s | lift=0.0F pwr=58W
2026-09-28 19:10:13.745 [UnknownChannels] no value: required-energy | stale: sieg-send-flow,usable-energy
2026-09-28 19:10:19.808 [scada] Admin timeout renewed: 300 seconds
2026-09-28 19:10:28.748 [UnknownChannels] no value: required-energy | stale: usable-energy
2026-09-28 19:10:43.525 [sieg-loop] sieg-view SteadyBlend keep=60.0s hp-lwt=98.7F@5s hp-ewt=99.4F@16s sieg-hot=91.6F@13s sieg-cold=89.8F@3s sieg-flow=4.44gpm@13s sieg-send-flow*=0.03gpm@29s primary-flow*=4.47gpm@13s hp-odu-pwr=58W@43s hp-idu-pwr=0W@43s buffer-hot-pipe=98.5F@15s buffer-cold-pipe=100.7F@171s store-hot-pipe=74.9F@13s dist-swt=82.7F@190s dist-rwt=75.2F@120s | lift=0.0F pwr=58W
2026-09-28 19:10:43.751 [UnknownChannels] no value: required-energy | stale: usable-energy
2026-09-28 19:10:48.389 [lc] Top state: Dormant
2026-09-28 19:10:48.390 [lc] LocalControl: AllTanks  |  State: Dormant
2026-09-28 19:10:58.752 [UnknownChannels] no value: required-energy | stale: usable-energy
2026-09-28 19:11:13.529 [sieg-loop] sieg-view SteadyBlend keep=60.0s hp-lwt=98.6F@20s hp-ewt=99.2F@10s sieg-hot=91.6F@14s sieg-cold=90.5F@14s sieg-flow=4.44gpm@43s sieg-send-flow*=0.03gpm@59s primary-flow*=4.47gpm@43s hp-odu-pwr=58W@73s hp-idu-pwr=0W@73s buffer-hot-pipe=98.5F@45s buffer-cold-pipe=100.7F@201s store-hot-pipe=75.3F@29s dist-swt=82.7F@220s dist-rwt=75.2F@150s | lift=0.0F pwr=58W
2026-09-28 19:11:13.755 [UnknownChannels] no value: required-energy | stale: usable-energy
2026-09-28 19:11:28.757 [UnknownChannels] no value: required-energy | stale: usable-energy
2026-09-28 19:11:43.531 [sieg-loop] sieg-view SteadyBlend keep=60.0s hp-lwt=98.3F@16s hp-ewt=99.1F@16s sieg-hot=91.2F@5s sieg-cold=90.2F@2s sieg-flow=4.44gpm@73s sieg-send-flow*=0.03gpm@89s primary-flow*=4.47gpm@73s hp-odu-pwr=58W@103s hp-idu-pwr=0W@103s buffer-hot-pipe=98.5F@75s buffer-cold-pipe=100.7F@231s store-hot-pipe=76.0F@7s dist-swt=82.7F@250s dist-rwt=75.2F@180s | lift=0.0F pwr=58W
2026-09-28 19:11:43.759 [UnknownChannels] no value: required-energy | stale: usable-energy
2026-09-28 19:11:48.392 [lc] Top state: Dormant
2026-09-28 19:11:48.393 [lc] LocalControl: AllTanks  |  State: Dormant
2026-09-28 19:11:58.761 [UnknownChannels] no value: required-energy | stale: usable-energy
2026-09-28 19:11:59.839 [scada] AdminDispatch MoveToFullSend to admin.sieg-loop
2026-09-28 19:11:59.842 [sieg-loop] MoveToFullSend from admin: the loop is held until the tree changes hands
2026-09-28 19:11:59.843 [sieg-loop] Full run to send
2026-09-28 19:11:59.845 [sieg-loop] admin.sieg-loop sending SendMore to HpLoopKeepSend relay admin.sieg-loop.hp-loop-keep-send-relay
2026-09-28 19:11:59.846 [sieg-loop] admin.sieg-loop sending CloseRelay to HpLoopOnOff relay admin.sieg-loop.hp-loop-on-off-relay
2026-09-28 19:11:59.847 [sieg-loop] StartKeepingLess: SteadyBlend -> KeepingLess
2026-09-28 19:11:59.849 [sieg-loop] sieg-view KeepingLess keep=60.0s hp-lwt=98.2F@0s hp-ewt=99.1F@33s sieg-hot=91.2F@21s sieg-cold=90.2F@18s sieg-flow=4.44gpm@89s sieg-send-flow*=0.03gpm@105s primary-flow*=4.47gpm@89s hp-odu-pwr=58W@119s hp-idu-pwr=0W@119s buffer-hot-pipe=98.5F@91s buffer-cold-pipe=100.7F@248s store-hot-pipe=76.0F@23s dist-swt=82.7F@266s dist-rwt=75.2F@197s | lift=0.0F pwr=58W
2026-09-28 19:11:59.850 [sieg-loop] Motor toward send for 104 s from keep_seconds 60.0
2026-09-28 19:12:13.534 [sieg-loop] sieg-view KeepingLess keep=60.0s hp-lwt=98.2F@14s hp-ewt=99.1F@46s sieg-hot=91.2F@35s sieg-cold=90.2F@32s sieg-flow=3.60gpm@0s sieg-send-flow*=0.33gpm@7s primary-flow*=3.93gpm@0s hp-odu-pwr=58W@133s hp-idu-pwr=0W@133s buffer-hot-pipe=97.5F@13s buffer-cold-pipe=100.7F@261s store-hot-pipe=76.4F@13s dist-swt=82.7F@280s dist-rwt=75.2F@210s | lift=0.0F pwr=58W
2026-09-28 19:12:13.764 [UnknownChannels] no value: required-energy | stale: transactive-power,usable-energy,zone1-living-rm-heat-call,zone2-bedroom-heat-call
2026-09-28 19:12:19.807 [scada] Admin timeout renewed: 300 seconds
2026-09-28 19:12:28.766 [UnknownChannels] no value: required-energy | stale: transactive-power,usable-energy,zone1-living-rm-heat-call,zone2-bedroom-heat-call
2026-09-28 19:12:43.538 [sieg-loop] sieg-view KeepingLess keep=60.0s hp-lwt=98.2F@12s hp-ewt=100.5F@0s sieg-hot=90.8F@1s sieg-cold=91.3F@6s sieg-flow=0.00gpm@5s sieg-send-flow*=4.08gpm@4s primary-flow*=4.08gpm@4s hp-odu-pwr=58W@163s hp-idu-pwr=0W@163s buffer-hot-pipe=97.5F@43s buffer-cold-pipe=100.7F@291s store-hot-pipe=76.7F@23s dist-swt=82.7F@11s dist-rwt=75.2F@240s | lift=0.0F pwr=58W
2026-09-28 19:12:43.768 [UnknownChannels] no value: required-energy | stale: transactive-power,usable-energy,zone1-living-rm-heat-call,zone2-bedroom-heat-call
2026-09-28 19:12:48.395 [lc] Top state: Dormant
2026-09-28 19:12:48.396 [lc] LocalControl: AllTanks  |  State: Dormant
2026-09-28 19:12:58.771 [UnknownChannels] no value: required-energy | stale: transactive-power,usable-energy,zone1-living-rm-heat-call,zone2-bedroom-heat-call
2026-09-28 19:13:13.540 [sieg-loop] sieg-view KeepingLess keep=60.0s hp-lwt=99.8F@0s hp-ewt=101.2F@12s sieg-hot=90.8F@31s sieg-cold=92.1F@13s sieg-flow=0.00gpm@35s sieg-send-flow*=4.40gpm@1s primary-flow*=4.40gpm@1s hp-odu-pwr=58W@193s hp-idu-pwr=0W@193s buffer-hot-pipe=97.5F@73s buffer-cold-pipe=100.6F@21s store-hot-pipe=78.0F@3s dist-swt=82.7F@41s dist-rwt=75.2F@270s | lift=0.0F pwr=58W
2026-09-28 19:13:13.772 [UnknownChannels] no value: required-energy | stale: transactive-power,usable-energy,zone1-living-rm-heat-call,zone2-bedroom-heat-call
2026-09-28 19:13:28.774 [UnknownChannels] no value: required-energy | stale: transactive-power,usable-energy,zone1-living-rm-heat-call,zone2-bedroom-heat-call
2026-09-28 19:13:43.542 [sieg-loop] sieg-view KeepingLess keep=60.0s hp-lwt=100.3F@8s hp-ewt=101.4F@30s sieg-hot=90.0F@9s sieg-cold=92.9F@0s sieg-flow=0.00gpm@65s sieg-send-flow*=4.36gpm@12s primary-flow*=4.36gpm@12s hp-odu-pwr=58W@223s hp-idu-pwr=0W@223s buffer-hot-pipe=99.4F@7s buffer-cold-pipe=100.6F@51s store-hot-pipe=79.2F@12s dist-swt=82.7F@71s dist-rwt=75.3F@0s | lift=0.0F pwr=58W
2026-09-28 19:13:43.777 [UnknownChannels] no value: required-energy | stale: transactive-power,usable-energy,zone1-living-rm-heat-call,zone2-bedroom-heat-call
2026-09-28 19:13:43.879 [sieg-loop] admin.sieg-loop sending OpenRelay to HpLoopOnOff relay admin.sieg-loop.hp-loop-on-off-relay
2026-09-28 19:13:43.880 [sieg-loop] ResetToFullySend: KeepingLess -> FullySend
2026-09-28 19:13:43.883 [sieg-loop] sieg-view FullySend keep=0.0s hp-lwt=100.3F@9s hp-ewt=101.4F@30s sieg-hot=90.0F@9s sieg-cold=92.9F@0s sieg-flow=0.00gpm@65s sieg-send-flow*=4.36gpm@13s primary-flow*=4.36gpm@13s hp-odu-pwr=58W@223s hp-idu-pwr=0W@223s buffer-hot-pipe=99.4F@7s buffer-cold-pipe=100.6F@52s store-hot-pipe=79.2F@12s dist-swt=82.7F@71s dist-rwt=75.3F@1s | lift=0.0F pwr=58W
2026-09-28 19:13:43.883 [sieg-loop] Motor stopped after 104.0 s: keep_seconds 0
2026-09-28 19:13:48.398 [lc] Top state: Dormant
2026-09-28 19:13:48.398 [lc] LocalControl: AllTanks  |  State: Dormant
2026-09-28 19:13:48.842 [scada] AdminDispatch ChargeStore to admin.charge-discharge-relay
2026-09-28 19:13:50.846 [scada] AdminDispatch MoveToFullKeep to admin.sieg-loop
2026-09-28 19:13:50.847 [sieg-loop] MoveToFullKeep from admin: the loop is held until the tree changes hands
2026-09-28 19:13:50.848 [sieg-loop] Full run to keep
2026-09-28 19:13:50.849 [sieg-loop] admin.sieg-loop sending SendLessto HpLoopKeepSend relay admin.sieg-loop.hp-loop-keep-send-relay
2026-09-28 19:13:50.850 [sieg-loop] admin.sieg-loop sending CloseRelay to HpLoopOnOff relay admin.sieg-loop.hp-loop-on-off-relay
2026-09-28 19:13:50.850 [sieg-loop] StartKeepingMore: FullySend -> KeepingMore
2026-09-28 19:13:50.851 [sieg-loop] sieg-view KeepingMore keep=0.0s hp-lwt=100.4F@0s hp-ewt=101.4F@37s sieg-hot=90.0F@16s sieg-cold=92.9F@7s sieg-flow=0.00gpm@72s sieg-send-flow*=4.37gpm@5s primary-flow*=4.37gpm@5s hp-odu-pwr=58W@230s hp-idu-pwr=0W@230s buffer-hot-pipe=99.4F@14s buffer-cold-pipe=100.6F@59s store-hot-pipe=79.6F@1s dist-swt=82.7F@78s dist-rwt=75.3F@8s | lift=0.0F pwr=58W
2026-09-28 19:13:50.851 [sieg-loop] Motor toward keep for 104 s from keep_seconds 0
2026-09-28 19:13:58.780 [UnknownChannels] no value: required-energy | stale: transactive-power,usable-energy,zone1-living-rm-heat-call,zone2-bedroom-heat-call
2026-09-28 19:14:13.546 [sieg-loop] sieg-view KeepingMore keep=0.0s hp-lwt=100.4F@23s hp-ewt=101.4F@60s sieg-hot=90.0F@39s sieg-cold=92.5F@16s sieg-flow=0.00gpm@95s sieg-send-flow*=4.25gpm@6s primary-flow*=4.25gpm@6s hp-odu-pwr=58W@253s hp-idu-pwr=0W@253s buffer-hot-pipe=99.4F@37s buffer-cold-pipe=100.6F@81s store-hot-pipe=84.2F@1s dist-swt=82.7F@101s dist-rwt=75.3F@30s | lift=0.0F pwr=58W
2026-09-28 19:14:13.782 [UnknownChannels] no value: required-energy | stale: transactive-power,usable-energy,zone1-living-rm-heat-call,zone2-bedroom-heat-call
2026-09-28 19:14:19.820 [scada] Admin timeout renewed: 300 seconds
2026-09-28 19:14:23.857 [scada] AdminDispatch StopValve to admin.sieg-loop
2026-09-28 19:14:23.858 [sieg-loop] StopValve from admin: the loop is held until the tree changes hands
2026-09-28 19:14:23.859 [sieg-loop] Stopping the motor
2026-09-28 19:14:23.860 [sieg-loop] admin.sieg-loop sending OpenRelay to HpLoopOnOff relay admin.sieg-loop.hp-loop-on-off-relay
2026-09-28 19:14:23.860 [sieg-loop] StopKeepingMore: KeepingMore -> SteadyBlend
2026-09-28 19:14:23.861 [sieg-loop] sieg-view SteadyBlend keep=33.0s hp-lwt=100.5F@1s hp-ewt=96.9F@0s sieg-hot=90.0F@49s sieg-cold=89.1F@0s sieg-flow=0.99gpm@0s sieg-send-flow*=3.57gpm@5s primary-flow*=4.56gpm@0s hp-odu-pwr=58W@263s hp-idu-pwr=0W@263s buffer-hot-pipe=99.4F@47s buffer-cold-pipe=100.6F@92s store-hot-pipe=97.9F@0s dist-swt=82.7F@111s dist-rwt=75.3F@41s | lift=3.6F pwr=58W
2026-09-28 19:14:23.861 [sieg-loop] Motor stopped after 33.0 s: keep_seconds 33.0
2026-09-28 19:14:28.785 [UnknownChannels] no value: required-energy | stale: transactive-power,usable-energy,zone1-living-rm-heat-call,zone2-bedroom-heat-call
2026-09-28 19:14:43.548 [sieg-loop] sieg-view SteadyBlend keep=33.0s hp-lwt=96.0F@0s hp-ewt=84.7F@0s sieg-hot=90.4F@1s sieg-cold=77.3F@0s sieg-flow=1.27gpm@18s sieg-send-flow*=2.78gpm@3s primary-flow*=4.05gpm@3s hp-odu-pwr=58W@283s hp-idu-pwr=0W@283s buffer-hot-pipe=99.4F@67s buffer-cold-pipe=100.6F@112s store-hot-pipe=100.6F@7s dist-swt=82.7F@131s dist-rwt=75.3F@60s | lift=11.2F pwr=58W
2026-09-28 19:14:43.787 [UnknownChannels] no value: required-energy | stale: transactive-power,usable-energy,zone1-living-rm-heat-call,zone2-bedroom-heat-call
2026-09-28 19:14:48.400 [lc] Top state: Dormant
2026-09-28 19:14:48.400 [lc] LocalControl: AllTanks  |  State: Dormant
2026-09-28 19:14:58.788 [UnknownChannels] no value: required-energy | stale: transactive-power,usable-energy,zone1-living-rm-heat-call,zone2-bedroom-heat-call
2026-09-28 19:14:58.800 Top state: Admin
2026-09-28 19:14:58.800 Auto state: Dormant
2026-09-28 19:15:00.980 [derived-generator] [HeatCall periodic] zone1-living-rm-heat-call now=1790637301.0 next=1790637300 period=300
2026-09-28 19:15:00.981 [derived-generator] [HeatCall periodic] zone2-bedroom-heat-call now=1790637301.0 next=1790637300 period=300
2026-09-28 19:15:13.550 [sieg-loop] sieg-view SteadyBlend keep=33.0s hp-lwt=81.5F@0s hp-ewt=75.1F@0s sieg-hot=89.3F@1s sieg-cold=67.0F@0s sieg-flow=1.27gpm@48s sieg-send-flow*=2.78gpm@22s primary-flow*=4.05gpm@22s hp-odu-pwr=54W@13s hp-idu-pwr=0W@13s buffer-hot-pipe=99.4F@97s buffer-cold-pipe=100.6F@142s store-hot-pipe=93.3F@1s dist-swt=82.7F@161s dist-rwt=75.3F@90s | lift=6.4F pwr=54W
2026-09-28 19:15:13.791 [UnknownChannels] no value: required-energy | stale: usable-energy
2026-09-28 19:15:28.793 [UnknownChannels] no value: required-energy | stale: usable-energy
2026-09-28 19:15:43.552 [sieg-loop] sieg-view SteadyBlend keep=33.0s hp-lwt=73.3F@0s hp-ewt=69.2F@0s sieg-hot=80.8F@1s sieg-cold=65.0F@7s sieg-flow=1.28gpm@13s sieg-send-flow*=2.74gpm@18s primary-flow*=4.02gpm@18s hp-odu-pwr=54W@43s hp-idu-pwr=0W@43s buffer-hot-pipe=99.4F@127s buffer-cold-pipe=100.6F@172s store-hot-pipe=81.6F@1s dist-swt=82.7F@191s dist-rwt=75.3F@120s | lift=4.1F pwr=54W
2026-09-28 19:15:43.795 [UnknownChannels] no value: required-energy | stale: usable-energy
2026-09-28 19:15:48.402 [lc] Top state: Dormant
2026-09-28 19:15:48.402 [lc] LocalControl: AllTanks  |  State: Dormant
2026-09-28 19:15:58.798 [UnknownChannels] no value: required-energy | stale: usable-energy
2026-09-28 19:16:13.555 [sieg-loop] sieg-view SteadyBlend keep=33.0s hp-lwt=67.9F@0s hp-ewt=65.8F@0s sieg-hot=74.7F@1s sieg-cold=63.9F@7s sieg-flow=1.28gpm@43s sieg-send-flow*=2.70gpm@11s primary-flow*=3.98gpm@11s hp-odu-pwr=54W@73s hp-idu-pwr=0W@73s buffer-hot-pipe=99.4F@157s buffer-cold-pipe=99.7F@12s store-hot-pipe=75.1F@2s dist-swt=82.7F@221s dist-rwt=75.3F@150s | lift=2.2F pwr=54W
2026-09-28 19:16:13.800 [UnknownChannels] no value: required-energy | stale: usable-energy
2026-09-28 19:16:19.814 [scada] Admin timeout renewed: 300 seconds
2026-09-28 19:16:28.801 [UnknownChannels] no value: required-energy | stale: usable-energy
2026-09-28 19:16:43.558 [sieg-loop] sieg-view SteadyBlend keep=33.0s hp-lwt=65.0F@1s hp-ewt=63.8F@0s sieg-hot=70.3F@2s sieg-cold=63.6F@19s sieg-flow=1.28gpm@73s sieg-send-flow*=2.70gpm@13s primary-flow*=3.98gpm@13s hp-odu-pwr=54W@103s hp-idu-pwr=0W@103s buffer-hot-pipe=99.4F@187s buffer-cold-pipe=98.8F@21s store-hot-pipe=70.4F@1s dist-swt=82.7F@251s dist-rwt=75.3F@180s | lift=1.2F pwr=54W
2026-09-28 19:16:43.803 [UnknownChannels] no value: required-energy | stale: usable-energy
2026-09-28 19:16:48.405 [lc] Top state: Dormant
2026-09-28 19:16:48.406 [lc] LocalControl: AllTanks  |  State: Dormant
2026-09-28 19:16:53.857 [scada] AdminDispatch MoveToFullSend to admin.sieg-loop
2026-09-28 19:16:53.864 [sieg-loop] MoveToFullSend from admin: the loop is held until the tree changes hands
2026-09-28 19:16:53.864 [sieg-loop] Full run to send
2026-09-28 19:16:53.865 [sieg-loop] admin.sieg-loop sending SendMore to HpLoopKeepSend relay admin.sieg-loop.hp-loop-keep-send-relay
2026-09-28 19:16:53.866 [sieg-loop] admin.sieg-loop sending CloseRelay to HpLoopOnOff relay admin.sieg-loop.hp-loop-on-off-relay
2026-09-28 19:16:53.866 [sieg-loop] StartKeepingLess: SteadyBlend -> KeepingLess
2026-09-28 19:16:53.867 [sieg-loop] sieg-view KeepingLess keep=33.0s hp-lwt=64.4F@1s hp-ewt=63.4F@0s sieg-hot=69.0F@0s sieg-cold=63.6F@29s sieg-flow=1.28gpm@83s sieg-send-flow*=2.70gpm@12s primary-flow*=3.98gpm@12s hp-odu-pwr=54W@113s hp-idu-pwr=0W@113s buffer-hot-pipe=99.4F@197s buffer-cold-pipe=97.8F@9s store-hot-pipe=69.5F@2s dist-swt=82.7F@261s dist-rwt=75.3F@191s | lift=1.0F pwr=54W
2026-09-28 19:16:53.868 [sieg-loop] Motor toward send for 104 s from keep_seconds 33.0
2026-09-28 19:16:58.805 [UnknownChannels] no value: required-energy | stale: usable-energy
2026-09-28 19:17:13.561 [sieg-loop] sieg-view KeepingLess keep=33.0s hp-lwt=63.3F@2s hp-ewt=61.8F@1s sieg-hot=67.9F@5s sieg-cold=63.6F@49s sieg-flow=0.00gpm@9s sieg-send-flow*=3.48gpm@10s primary-flow*=3.48gpm@9s hp-odu-pwr=54W@133s hp-idu-pwr=0W@133s buffer-hot-pipe=99.4F@217s buffer-cold-pipe=97.8F@29s store-hot-pipe=68.0F@4s dist-swt=82.7F@281s dist-rwt=75.3F@210s | lift=1.5F pwr=54W
2026-09-28 19:17:13.807 [UnknownChannels] no value: required-energy | stale: transactive-power,usable-energy,zone1-living-rm-heat-call,zone2-bedroom-heat-call
2026-09-28 19:17:28.809 [UnknownChannels] no value: required-energy | stale: transactive-power,usable-energy,zone1-living-rm-heat-call,zone2-bedroom-heat-call
2026-09-28 19:17:43.563 [sieg-loop] sieg-view KeepingLess keep=33.0s hp-lwt=61.5F@1s hp-ewt=61.1F@10s sieg-hot=66.7F@2s sieg-cold=63.2F@17s sieg-flow=0.00gpm@39s sieg-send-flow*=4.08gpm@8s primary-flow*=4.08gpm@8s hp-odu-pwr=54W@163s hp-idu-pwr=0W@163s buffer-hot-pipe=99.4F@247s buffer-cold-pipe=96.9F@29s store-hot-pipe=66.0F@4s dist-swt=82.5F@10s dist-rwt=75.3F@240s | lift=0.5F pwr=54W
2026-09-28 19:17:43.812 [UnknownChannels] no value: required-energy | stale: transactive-power,usable-energy,zone1-living-rm-heat-call,zone2-bedroom-heat-call
2026-09-28 19:17:48.407 [lc] Top state: Dormant
2026-09-28 19:17:48.408 [lc] LocalControl: AllTanks  |  State: Dormant
2026-09-28 19:17:58.815 [UnknownChannels] no value: required-energy | stale: transactive-power,usable-energy,zone1-living-rm-heat-call,zone2-bedroom-heat-call
2026-09-28 19:18:13.566 [sieg-loop] sieg-view KeepingLess keep=33.0s hp-lwt=60.9F@2s hp-ewt=61.0F@30s sieg-hot=66.7F@32s sieg-cold=63.2F@47s sieg-flow=0.00gpm@69s sieg-send-flow*=4.08gpm@15s primary-flow*=4.08gpm@15s hp-odu-pwr=54W@193s hp-idu-pwr=0W@193s buffer-hot-pipe=99.4F@277s buffer-cold-pipe=96.0F@16s store-hot-pipe=64.8F@12s dist-swt=82.5F@40s dist-rwt=75.3F@270s | lift=0.0F pwr=54W
2026-09-28 19:18:13.817 [UnknownChannels] no value: required-energy | stale: transactive-power,usable-energy,zone1-living-rm-heat-call,zone2-bedroom-heat-call
2026-09-28 19:18:19.819 [scada] Admin timeout renewed: 300 seconds
2026-09-28 19:18:28.819 [UnknownChannels] no value: required-energy | stale: transactive-power,usable-energy,zone1-living-rm-heat-call,zone2-bedroom-heat-call
2026-09-28 19:18:37.881 [sieg-loop] admin.sieg-loop sending OpenRelay to HpLoopOnOff relay admin.sieg-loop.hp-loop-on-off-relay
2026-09-28 19:18:37.881 [sieg-loop] ResetToFullySend: KeepingLess -> FullySend
2026-09-28 19:18:37.882 [sieg-loop] sieg-view FullySend keep=0.0s hp-lwt=60.7F@19s hp-ewt=60.9F@10s sieg-hot=66.4F@22s sieg-cold=63.2F@71s sieg-flow=0.00gpm@93s sieg-send-flow*=4.07gpm@7s primary-flow*=4.07gpm@7s hp-odu-pwr=54W@217s hp-idu-pwr=0W@217s buffer-hot-pipe=99.0F@2s buffer-cold-pipe=96.0F@40s store-hot-pipe=64.5F@24s dist-swt=82.5F@65s dist-rwt=75.3F@295s | lift=0.0F pwr=54W
2026-09-28 19:18:37.882 [sieg-loop] Motor stopped after 104.0 s: keep_seconds 0
2026-09-28 19:18:42.853 [scada] AdminDispatch ChargeStore to admin.charge-discharge-relay
2026-09-28 19:18:43.569 [sieg-loop] sieg-view FullySend keep=0.0s hp-lwt=60.7F@25s hp-ewt=60.9F@15s sieg-hot=66.4F@28s sieg-cold=63.2F@77s sieg-flow=0.00gpm@99s sieg-send-flow*=4.07gpm@8s primary-flow*=4.07gpm@8s hp-odu-pwr=54W@223s hp-idu-pwr=0W@223s buffer-hot-pipe=99.0F@8s buffer-cold-pipe=96.0F@46s store-hot-pipe=64.1F@1s dist-swt=82.5F@70s dist-rwt=75.6F@1s | lift=0.0F pwr=54W
2026-09-28 19:18:43.823 [UnknownChannels] no value: required-energy | stale: transactive-power,usable-energy,zone1-living-rm-heat-call,zone2-bedroom-heat-call
2026-09-28 19:18:44.856 [scada] AdminDispatch MoveToFullKeep to admin.sieg-loop
2026-09-28 19:18:44.857 [sieg-loop] MoveToFullKeep from admin: the loop is held until the tree changes hands
2026-09-28 19:18:44.858 [sieg-loop] Full run to keep
2026-09-28 19:18:44.860 [sieg-loop] admin.sieg-loop sending SendLessto HpLoopKeepSend relay admin.sieg-loop.hp-loop-keep-send-relay
2026-09-28 19:18:44.860 [sieg-loop] admin.sieg-loop sending CloseRelay to HpLoopOnOff relay admin.sieg-loop.hp-loop-on-off-relay
2026-09-28 19:18:44.861 [sieg-loop] StartKeepingMore: FullySend -> KeepingMore
2026-09-28 19:18:44.862 [sieg-loop] sieg-view KeepingMore keep=0.0s hp-lwt=60.7F@26s hp-ewt=60.9F@17s sieg-hot=66.4F@29s sieg-cold=63.2F@78s sieg-flow=0.00gpm@100s sieg-send-flow*=4.07gpm@9s primary-flow*=4.07gpm@9s hp-odu-pwr=54W@224s hp-idu-pwr=0W@224s buffer-hot-pipe=99.0F@9s buffer-cold-pipe=96.0F@47s store-hot-pipe=64.1F@2s dist-swt=82.5F@72s dist-rwt=75.6F@2s | lift=0.0F pwr=54W
2026-09-28 19:18:44.863 [sieg-loop] Motor toward keep for 104 s from keep_seconds 0
2026-09-28 19:18:48.411 [lc] Top state: Dormant
2026-09-28 19:18:48.412 [lc] LocalControl: AllTanks  |  State: Dormant
2026-09-28 19:18:58.826 [UnknownChannels] no value: required-energy | stale: transactive-power,usable-energy,zone1-living-rm-heat-call,zone2-bedroom-heat-call
2026-09-28 19:19:13.572 [sieg-loop] sieg-view KeepingMore keep=0.0s hp-lwt=60.5F@11s hp-ewt=60.9F@45s sieg-hot=66.4F@58s sieg-cold=63.2F@107s sieg-flow=0.11gpm@0s sieg-send-flow*=4.07gpm@20s primary-flow*=4.18gpm@0s hp-odu-pwr=54W@253s hp-idu-pwr=0W@253s buffer-hot-pipe=99.0F@38s buffer-cold-pipe=96.0F@76s store-hot-pipe=64.1F@31s dist-swt=82.5F@100s dist-rwt=75.6F@31s | lift=0.0F pwr=54W
2026-09-28 19:19:13.829 [UnknownChannels] no value: required-energy | stale: transactive-power,usable-energy,zone1-living-rm-heat-call,zone2-bedroom-heat-call
2026-09-28 19:19:28.831 [UnknownChannels] no value: required-energy | stale: transactive-power,usable-energy,zone1-living-rm-heat-call,zone2-bedroom-heat-call
2026-09-28 19:19:43.575 [sieg-loop] sieg-view KeepingMore keep=0.0s hp-lwt=61.2F@1s hp-ewt=61.2F@4s sieg-hot=64.9F@5s sieg-cold=63.2F@137s sieg-flow=4.00gpm@1s sieg-send-flow*=0.70gpm@6s primary-flow*=4.70gpm@1s hp-odu-pwr=54W@283s hp-idu-pwr=0W@283s buffer-hot-pipe=99.0F@68s buffer-cold-pipe=95.1F@10s store-hot-pipe=64.1F@61s dist-swt=82.5F@130s dist-rwt=75.6F@61s | lift=0.0F pwr=54W
2026-09-28 19:19:43.833 [UnknownChannels] no value: required-energy | stale: transactive-power,usable-energy,zone1-living-rm-heat-call,zone2-bedroom-heat-call
2026-09-28 19:19:48.414 [lc] Top state: Dormant
2026-09-28 19:19:48.415 [lc] LocalControl: AllTanks  |  State: Dormant
2026-09-28 19:19:58.801 Top state: Admin
2026-09-28 19:19:58.802 Auto state: Dormant
2026-09-28 19:19:58.836 [UnknownChannels] no value: required-energy | stale: transactive-power,usable-energy,zone1-living-rm-heat-call,zone2-bedroom-heat-call
2026-09-28 19:20:00.098 [derived-generator] [HeatCall periodic] zone1-living-rm-heat-call now=1790637600.1 next=1790637600 period=300
2026-09-28 19:20:00.099 [derived-generator] [HeatCall periodic] zone2-bedroom-heat-call now=1790637600.1 next=1790637600 period=300
2026-09-28 19:20:13.578 [sieg-loop] sieg-view KeepingMore keep=0.0s hp-lwt=61.1F@3s hp-ewt=61.5F@3s sieg-hot=64.1F@5s sieg-cold=63.2F@167s sieg-flow=4.99gpm@4s sieg-send-flow*=0.01gpm@29s primary-flow*=5.00gpm@4s hp-odu-pwr=58W@13s hp-idu-pwr=0W@13s buffer-hot-pipe=99.0F@98s buffer-cold-pipe=95.1F@40s store-hot-pipe=64.1F@91s dist-swt=82.5F@160s dist-rwt=75.6F@91s | lift=0.0F pwr=58W
2026-09-28 19:20:13.839 [UnknownChannels] no value: required-energy | stale: usable-energy
2026-09-28 19:20:19.823 [scada] Admin timeout renewed: 300 seconds
2026-09-28 19:20:28.842 [UnknownChannels] no value: required-energy | stale: usable-energy
2026-09-28 19:20:28.882 [sieg-loop] admin.sieg-loop sending OpenRelay to HpLoopOnOff relay admin.sieg-loop.hp-loop-on-off-relay
2026-09-28 19:20:28.882 [sieg-loop] ResetToFullyKeep: KeepingMore -> FullyKeep
2026-09-28 19:20:28.883 [sieg-loop] sieg-view FullyKeep keep=94.0s hp-lwt=61.1F@6s hp-ewt=61.6F@11s sieg-hot=64.1F@20s sieg-cold=63.2F@182s sieg-flow=4.99gpm@19s sieg-send-flow*=0.01gpm@14s primary-flow*=5.00gpm@14s hp-odu-pwr=58W@29s hp-idu-pwr=0W@29s buffer-hot-pipe=99.0F@113s buffer-cold-pipe=94.2F@2s store-hot-pipe=64.1F@106s dist-swt=82.5F@176s dist-rwt=75.6F@106s | lift=0.0F pwr=58W
2026-09-28 19:20:28.883 [sieg-loop] Motor stopped after 104.0 s: keep_seconds 94
2026-09-28 19:20:33.869 [scada] AdminDispatch MoveToFullSend to admin.sieg-loop
2026-09-28 19:20:33.872 [sieg-loop] MoveToFullSend from admin: the loop is held until the tree changes hands
2026-09-28 19:20:33.873 [sieg-loop] Full run to send
2026-09-28 19:20:33.875 [sieg-loop] admin.sieg-loop sending SendMore to HpLoopKeepSend relay admin.sieg-loop.hp-loop-keep-send-relay
2026-09-28 19:20:33.876 [sieg-loop] admin.sieg-loop sending CloseRelay to HpLoopOnOff relay admin.sieg-loop.hp-loop-on-off-relay
2026-09-28 19:20:33.877 [sieg-loop] StartKeepingLess: FullyKeep -> KeepingLess
2026-09-28 19:20:33.879 [sieg-loop] sieg-view KeepingLess keep=94.0s hp-lwt=61.1F@11s hp-ewt=61.6F@16s sieg-hot=64.0F@3s sieg-cold=63.3F@3s sieg-flow=5.00gpm@3s sieg-send-flow*=0.01gpm@19s primary-flow*=5.01gpm@3s hp-odu-pwr=58W@34s hp-idu-pwr=0W@34s buffer-hot-pipe=99.0F@118s buffer-cold-pipe=94.2F@7s store-hot-pipe=64.1F@3s dist-swt=82.5F@181s dist-rwt=75.6F@111s | lift=0.0F pwr=58W
2026-09-28 19:20:33.879 [sieg-loop] Motor toward send for 104 s from keep_seconds 94
2026-09-28 19:20:43.582 [sieg-loop] sieg-view KeepingLess keep=94.0s hp-lwt=61.2F@4s hp-ewt=61.6F@26s sieg-hot=64.0F@13s sieg-cold=63.3F@13s sieg-flow=5.00gpm@13s sieg-send-flow*=0.01gpm@29s primary-flow*=5.01gpm@13s hp-odu-pwr=58W@43s hp-idu-pwr=0W@43s buffer-hot-pipe=99.0F@128s buffer-cold-pipe=94.2F@17s store-hot-pipe=64.1F@13s dist-swt=82.5F@190s dist-rwt=75.6F@121s | lift=0.0F pwr=58W
2026-09-28 19:20:43.844 [UnknownChannels] no value: required-energy | stale: usable-energy
2026-09-28 19:20:48.418 [lc] Top state: Dormant
2026-09-28 19:20:48.419 [lc] LocalControl: AllTanks  |  State: Dormant
2026-09-28 19:20:58.848 [UnknownChannels] no value: required-energy | stale: usable-energy
2026-09-28 19:21:13.585 [sieg-loop] sieg-view KeepingLess keep=94.0s hp-lwt=61.1F@2s hp-ewt=61.5F@3s sieg-hot=64.0F@43s sieg-cold=63.3F@43s sieg-flow=4.11gpm@0s sieg-send-flow*=0.01gpm@59s primary-flow*=4.12gpm@0s hp-odu-pwr=58W@73s hp-idu-pwr=0W@73s buffer-hot-pipe=99.0F@158s buffer-cold-pipe=94.2F@47s store-hot-pipe=64.1F@43s dist-swt=82.5F@220s dist-rwt=75.6F@151s | lift=0.0F pwr=58W
2026-09-28 19:21:13.850 [UnknownChannels] no value: required-energy | stale: usable-energy
2026-09-28 19:21:28.851 [UnknownChannels] no value: required-energy | stale: usable-energy
2026-09-28 19:21:31.869 [scada] AdminDispatch StopValve to admin.sieg-loop
2026-09-28 19:21:31.871 [sieg-loop] StopValve from admin: the loop is held until the tree changes hands
2026-09-28 19:21:31.871 [sieg-loop] Stopping the motor
2026-09-28 19:21:31.872 [sieg-loop] admin.sieg-loop sending OpenRelay to HpLoopOnOff relay admin.sieg-loop.hp-loop-on-off-relay
2026-09-28 19:21:31.873 [sieg-loop] StopKeepingLess: KeepingLess -> SteadyBlend
2026-09-28 19:21:31.873 [sieg-loop] sieg-view SteadyBlend keep=36.0s hp-lwt=61.1F@9s hp-ewt=61.5F@11s sieg-hot=64.0F@61s sieg-cold=63.3F@61s sieg-flow=2.54gpm@0s sieg-send-flow*=1.60gpm@1s primary-flow*=4.14gpm@0s hp-odu-pwr=58W@92s hp-idu-pwr=0W@92s buffer-hot-pipe=99.0F@176s buffer-cold-pipe=94.2F@65s store-hot-pipe=64.8F@15s dist-swt=82.5F@239s dist-rwt=75.6F@169s | lift=0.0F pwr=58W
2026-09-28 19:21:31.874 [sieg-loop] Motor stopped after 58.0 s: keep_seconds 36.0
2026-09-28 19:21:43.588 [sieg-loop] sieg-view SteadyBlend keep=36.0s hp-lwt=61.1F@21s hp-ewt=61.8F@5s sieg-hot=64.0F@73s sieg-cold=63.7F@4s sieg-flow=2.33gpm@10s sieg-send-flow*=1.77gpm@11s primary-flow*=4.10gpm@11s hp-odu-pwr=58W@103s hp-idu-pwr=0W@103s buffer-hot-pipe=98.1F@10s buffer-cold-pipe=94.2F@77s store-hot-pipe=64.8F@27s dist-swt=82.5F@250s dist-rwt=75.6F@181s | lift=0.0F pwr=58W
2026-09-28 19:21:43.853 [UnknownChannels] no value: required-energy | stale: usable-energy
2026-09-28 19:21:48.420 [lc] Top state: Dormant
2026-09-28 19:21:48.421 [lc] LocalControl: AllTanks  |  State: Dormant
2026-09-28 19:21:58.856 [UnknownChannels] no value: required-energy | stale: usable-energy
2026-09-28 19:22:13.591 [sieg-loop] sieg-view SteadyBlend keep=36.0s hp-lwt=61.3F@20s hp-ewt=61.6F@15s sieg-hot=64.0F@103s sieg-cold=63.7F@34s sieg-flow=2.33gpm@40s sieg-send-flow*=1.81gpm@21s primary-flow*=4.14gpm@21s hp-odu-pwr=58W@133s hp-idu-pwr=0W@133s buffer-hot-pipe=98.1F@40s buffer-cold-pipe=94.2F@107s store-hot-pipe=64.5F@10s dist-swt=82.5F@280s dist-rwt=75.6F@211s | lift=0.0F pwr=58W
2026-09-28 19:22:13.859 [UnknownChannels] no value: required-energy | stale: transactive-power,usable-energy,zone1-living-rm-heat-call,zone2-bedroom-heat-call
2026-09-28 19:22:19.831 [scada] Admin timeout renewed: 300 seconds
2026-09-28 19:22:28.862 [UnknownChannels] no value: required-energy | stale: transactive-power,usable-energy,zone1-living-rm-heat-call,zone2-bedroom-heat-call
2026-09-28 19:22:43.594 [sieg-loop] sieg-view SteadyBlend keep=36.0s hp-lwt=61.2F@3s hp-ewt=61.6F@45s sieg-hot=64.0F@133s sieg-cold=63.7F@64s sieg-flow=2.33gpm@70s sieg-send-flow*=1.81gpm@18s primary-flow*=4.14gpm@18s hp-odu-pwr=58W@163s hp-idu-pwr=0W@163s buffer-hot-pipe=98.1F@70s buffer-cold-pipe=94.2F@137s store-hot-pipe=64.5F@40s dist-swt=82.5F@10s dist-rwt=75.6F@241s | lift=0.0F pwr=58W
2026-09-28 19:22:43.864 [UnknownChannels] no value: required-energy | stale: transactive-power,usable-energy,zone1-living-rm-heat-call,zone2-bedroom-heat-call
2026-09-28 19:22:48.423 [lc] Top state: Dormant
2026-09-28 19:22:48.424 [lc] LocalControl: AllTanks  |  State: Dormant
2026-09-28 19:22:58.873 [UnknownChannels] no value: required-energy | stale: transactive-power,usable-energy,zone1-living-rm-heat-call,zone2-bedroom-heat-call
2026-09-28 19:23:13.597 [sieg-loop] sieg-view SteadyBlend keep=36.0s hp-lwt=61.0F@2s hp-ewt=61.3F@4s sieg-hot=64.0F@163s sieg-cold=63.7F@94s sieg-flow=2.33gpm@100s sieg-send-flow*=1.81gpm@15s primary-flow*=4.14gpm@15s hp-odu-pwr=58W@194s hp-idu-pwr=0W@194s buffer-hot-pipe=98.1F@100s buffer-cold-pipe=95.1F@22s store-hot-pipe=64.5F@70s dist-swt=82.5F@40s dist-rwt=75.6F@271s | lift=0.0F pwr=58W
2026-09-28 19:23:13.877 [UnknownChannels] no value: required-energy | stale: transactive-power,usable-energy,zone1-living-rm-heat-call,zone2-bedroom-heat-call
2026-09-28 19:23:28.879 [UnknownChannels] no value: required-energy | stale: transactive-power,usable-energy,zone1-living-rm-heat-call,zone2-bedroom-heat-call
2026-09-28 19:23:43.600 [sieg-loop] sieg-view SteadyBlend keep=36.0s hp-lwt=61.0F@10s hp-ewt=61.3F@34s sieg-hot=64.0F@193s sieg-cold=63.7F@124s sieg-flow=2.33gpm@130s sieg-send-flow*=1.81gpm@12s primary-flow*=4.14gpm@12s hp-odu-pwr=58W@224s hp-idu-pwr=0W@224s buffer-hot-pipe=98.1F@130s buffer-cold-pipe=95.1F@52s store-hot-pipe=64.5F@100s dist-swt=82.5F@70s dist-rwt=75.7F@0s | lift=0.0F pwr=58W
2026-09-28 19:23:43.881 [UnknownChannels] no value: required-energy | stale: transactive-power,usable-energy,zone1-living-rm-heat-call,zone2-bedroom-heat-call
2026-09-28 19:23:48.426 [lc] Top state: Dormant
2026-09-28 19:23:48.427 [lc] LocalControl: AllTanks  |  State: Dormant
2026-09-28 19:23:58.884 [UnknownChannels] no value: required-energy | stale: transactive-power,usable-energy,zone1-living-rm-heat-call,zone2-bedroom-heat-call
2026-09-28 19:24:01.865 [scada] AdminDispatch MoveToFullSend to admin.sieg-loop
2026-09-28 19:24:01.867 [sieg-loop] MoveToFullSend from admin: the loop is held until the tree changes hands
2026-09-28 19:24:01.867 [sieg-loop] Full run to send
2026-09-28 19:24:01.868 [sieg-loop] admin.sieg-loop sending SendMore to HpLoopKeepSend relay admin.sieg-loop.hp-loop-keep-send-relay
2026-09-28 19:24:01.869 [sieg-loop] admin.sieg-loop sending CloseRelay to HpLoopOnOff relay admin.sieg-loop.hp-loop-on-off-relay
2026-09-28 19:24:01.869 [sieg-loop] StartKeepingLess: SteadyBlend -> KeepingLess
2026-09-28 19:24:01.870 [sieg-loop] sieg-view KeepingLess keep=36.0s hp-lwt=61.0F@29s hp-ewt=61.2F@5s sieg-hot=64.0F@211s sieg-cold=63.4F@15s sieg-flow=2.33gpm@148s sieg-send-flow*=1.81gpm@19s primary-flow*=4.14gpm@19s hp-odu-pwr=58W@242s hp-idu-pwr=0W@242s buffer-hot-pipe=98.1F@148s buffer-cold-pipe=95.1F@70s store-hot-pipe=64.5F@118s dist-swt=82.5F@89s dist-rwt=75.7F@19s | lift=0.0F pwr=58W
2026-09-28 19:24:01.870 [sieg-loop] Motor toward send for 104 s from keep_seconds 36.0
2026-09-28 19:24:13.603 [sieg-loop] sieg-view KeepingLess keep=36.0s hp-lwt=61.0F@40s hp-ewt=61.4F@1s sieg-hot=64.0F@223s sieg-cold=63.4F@27s sieg-flow=0.42gpm@0s sieg-send-flow*=2.16gpm@9s primary-flow*=2.58gpm@0s hp-odu-pwr=58W@254s hp-idu-pwr=0W@254s buffer-hot-pipe=98.1F@160s buffer-cold-pipe=95.1F@82s store-hot-pipe=64.5F@130s dist-swt=82.5F@100s dist-rwt=75.7F@30s | lift=0.0F pwr=58W
2026-09-28 19:24:13.886 [UnknownChannels] no value: required-energy | stale: transactive-power,usable-energy,zone1-living-rm-heat-call,zone2-bedroom-heat-call
2026-09-28 19:24:19.835 [scada] Admin timeout renewed: 300 seconds
2026-09-28 19:24:28.889 [UnknownChannels] no value: required-energy | stale: transactive-power,usable-energy,zone1-living-rm-heat-call,zone2-bedroom-heat-call
2026-09-28 19:24:43.606 [sieg-loop] sieg-view KeepingLess keep=36.0s hp-lwt=60.9F@2s hp-ewt=61.0F@3s sieg-hot=64.0F@253s sieg-cold=63.4F@57s sieg-flow=0.00gpm@28s sieg-send-flow*=4.08gpm@14s primary-flow*=4.08gpm@14s hp-odu-pwr=58W@284s hp-idu-pwr=0W@284s buffer-hot-pipe=98.1F@190s buffer-cold-pipe=95.1F@112s store-hot-pipe=64.5F@160s dist-swt=82.5F@130s dist-rwt=75.7F@60s | lift=0.0F pwr=58W
2026-09-28 19:24:43.893 [UnknownChannels] no value: required-energy | stale: transactive-power,usable-energy,zone1-living-rm-heat-call,zone2-bedroom-heat-call
2026-09-28 19:24:48.428 [lc] Top state: Dormant
2026-09-28 19:24:48.428 [lc] LocalControl: AllTanks  |  State: Dormant
2026-09-28 19:24:58.801 Top state: Admin
2026-09-28 19:24:58.801 Auto state: Dormant
2026-09-28 19:24:58.895 [UnknownChannels] no value: required-energy | stale: transactive-power,usable-energy,zone1-living-rm-heat-call,zone2-bedroom-heat-call
2026-09-28 19:25:00.107 [derived-generator] [HeatCall periodic] zone1-living-rm-heat-call now=1790637900.1 next=1790637900 period=300
2026-09-28 19:25:00.108 [derived-generator] [HeatCall periodic] zone2-bedroom-heat-call now=1790637900.1 next=1790637900 period=300
2026-09-28 19:25:13.609 [sieg-loop] sieg-view KeepingLess keep=36.0s hp-lwt=60.6F@6s hp-ewt=60.9F@9s sieg-hot=64.0F@283s sieg-cold=63.4F@87s sieg-flow=0.00gpm@58s sieg-send-flow*=4.08gpm@3s primary-flow*=4.08gpm@3s hp-odu-pwr=52W@14s hp-idu-pwr=0W@14s buffer-hot-pipe=98.1F@220s buffer-cold-pipe=95.1F@142s store-hot-pipe=64.1F@8s dist-swt=82.5F@160s dist-rwt=75.7F@90s | lift=0.0F pwr=52W
2026-09-28 19:25:13.896 [UnknownChannels] no value: required-energy | stale: usable-energy
2026-09-28 19:25:28.898 [UnknownChannels] no value: required-energy | stale: usable-energy
2026-09-28 19:25:43.612 [sieg-loop] sieg-view KeepingLess keep=36.0s hp-lwt=60.6F@36s hp-ewt=61.0F@10s sieg-hot=63.7F@13s sieg-cold=63.2F@13s sieg-flow=0.00gpm@13s sieg-send-flow*=4.08gpm@11s primary-flow*=4.08gpm@11s hp-odu-pwr=52W@44s hp-idu-pwr=0W@44s buffer-hot-pipe=98.1F@250s buffer-cold-pipe=95.1F@172s store-hot-pipe=64.0F@13s dist-swt=82.5F@190s dist-rwt=75.7F@120s | lift=0.0F pwr=52W
2026-09-28 19:25:43.901 [UnknownChannels] no value: required-energy | stale: usable-energy
2026-09-28 19:25:45.884 [sieg-loop] admin.sieg-loop sending OpenRelay to HpLoopOnOff relay admin.sieg-loop.hp-loop-on-off-relay
2026-09-28 19:25:45.884 [sieg-loop] ResetToFullySend: KeepingLess -> FullySend
2026-09-28 19:25:45.885 [sieg-loop] sieg-view FullySend keep=0.0s hp-lwt=60.6F@38s hp-ewt=61.0F@12s sieg-hot=63.7F@15s sieg-cold=63.2F@15s sieg-flow=0.00gpm@15s sieg-send-flow*=4.08gpm@2s primary-flow*=4.08gpm@2s hp-odu-pwr=52W@46s hp-idu-pwr=0W@46s buffer-hot-pipe=98.1F@252s buffer-cold-pipe=95.1F@174s store-hot-pipe=64.0F@15s dist-swt=82.5F@193s dist-rwt=75.7F@123s | lift=0.0F pwr=52W
2026-09-28 19:25:45.885 [sieg-loop] Motor stopped after 104.0 s: keep_seconds 0
2026-09-28 19:25:48.429 [lc] Top state: Dormant
2026-09-28 19:25:48.430 [lc] LocalControl: AllTanks  |  State: Dormant
2026-09-28 19:25:50.871 [scada] AdminDispatch DischargeStore to admin.charge-discharge-relay
2026-09-28 19:25:52.878 [scada] AdminDispatch MoveToFullKeep to admin.sieg-loop
2026-09-28 19:25:52.881 [sieg-loop] MoveToFullKeep from admin: the loop is held until the tree changes hands
2026-09-28 19:25:52.882 [sieg-loop] Full run to keep
2026-09-28 19:25:52.885 [sieg-loop] admin.sieg-loop sending SendLessto HpLoopKeepSend relay admin.sieg-loop.hp-loop-keep-send-relay
2026-09-28 19:25:52.886 [sieg-loop] admin.sieg-loop sending CloseRelay to HpLoopOnOff relay admin.sieg-loop.hp-loop-on-off-relay
2026-09-28 19:25:52.887 [sieg-loop] StartKeepingMore: FullySend -> KeepingMore
2026-09-28 19:25:52.889 [sieg-loop] sieg-view KeepingMore keep=0.0s hp-lwt=60.6F@45s hp-ewt=60.9F@2s sieg-hot=63.7F@22s sieg-cold=63.2F@22s sieg-flow=0.00gpm@22s sieg-send-flow*=4.08gpm@9s primary-flow*=4.08gpm@9s hp-odu-pwr=52W@53s hp-idu-pwr=0W@53s buffer-hot-pipe=97.2F@0s buffer-cold-pipe=95.1F@181s store-hot-pipe=64.0F@22s dist-swt=82.5F@200s dist-rwt=75.7F@130s | lift=0.0F pwr=52W
2026-09-28 19:25:52.890 [sieg-loop] Motor toward keep for 104 s from keep_seconds 0
2026-09-28 19:25:58.902 [UnknownChannels] no value: required-energy | stale: usable-energy
2026-09-28 19:26:13.614 [sieg-loop] sieg-view KeepingMore keep=0.0s hp-lwt=60.6F@66s hp-ewt=62.3F@0s sieg-hot=63.7F@43s sieg-cold=64.8F@0s sieg-flow=0.00gpm@43s sieg-send-flow*=4.16gpm@9s primary-flow*=4.16gpm@9s hp-odu-pwr=52W@74s hp-idu-pwr=0W@74s buffer-hot-pipe=89.9F@1s buffer-cold-pipe=96.0F@1s store-hot-pipe=64.0F@43s dist-swt=82.5F@220s dist-rwt=75.7F@150s | lift=0.0F pwr=52W
2026-09-28 19:26:13.904 [UnknownChannels] no value: required-energy | stale: usable-energy
2026-09-28 19:26:19.857 [scada] Admin timeout renewed: 300 seconds
2026-09-28 19:26:28.906 [UnknownChannels] no value: required-energy | stale: usable-energy
2026-09-28 19:26:43.616 [sieg-loop] sieg-view KeepingMore keep=0.0s hp-lwt=75.7F@0s hp-ewt=75.2F@0s sieg-hot=64.3F@0s sieg-cold=86.5F@1s sieg-flow=3.52gpm@0s sieg-send-flow*=1.21gpm@5s primary-flow*=4.73gpm@0s hp-odu-pwr=52W@104s hp-idu-pwr=0W@104s buffer-hot-pipe=68.3F@1s buffer-cold-pipe=98.8F@14s store-hot-pipe=64.0F@73s dist-swt=82.5F@250s dist-rwt=75.7F@180s | lift=0.4F pwr=52W
2026-09-28 19:26:43.907 [UnknownChannels] no value: required-energy | stale: usable-energy
2026-09-28 19:26:48.432 [lc] Top state: Dormant
2026-09-28 19:26:48.433 [lc] LocalControl: AllTanks  |  State: Dormant
2026-09-28 19:26:52.876 [scada] AdminDispatch StopValve to admin.sieg-loop
2026-09-28 19:26:52.879 [sieg-loop] StopValve from admin: the loop is held until the tree changes hands
2026-09-28 19:26:52.880 [sieg-loop] Stopping the motor
2026-09-28 19:26:52.882 [sieg-loop] admin.sieg-loop sending OpenRelay to HpLoopOnOff relay admin.sieg-loop.hp-loop-on-off-relay
2026-09-28 19:26:52.883 [sieg-loop] StopKeepingMore: KeepingMore -> SteadyBlend
2026-09-28 19:26:52.886 [sieg-loop] sieg-view SteadyBlend keep=60.0s hp-lwt=77.4F@1s hp-ewt=78.4F@0s sieg-hot=69.3F@0s sieg-cold=87.9F@1s sieg-flow=4.14gpm@0s sieg-send-flow*=0.43gpm@4s primary-flow*=4.57gpm@0s hp-odu-pwr=52W@113s hp-idu-pwr=0W@113s buffer-hot-pipe=67.3F@5s buffer-cold-pipe=98.8F@23s store-hot-pipe=64.0F@82s dist-swt=82.5F@260s dist-rwt=75.7F@190s | lift=0.0F pwr=52W
2026-09-28 19:26:52.886 [sieg-loop] Motor stopped after 60.0 s: keep_seconds 60.0
2026-09-28 19:26:58.910 [UnknownChannels] no value: required-energy | stale: usable-energy
2026-09-28 19:27:13.620 [sieg-loop] sieg-view SteadyBlend keep=60.0s hp-lwt=78.4F@0s hp-ewt=80.4F@2s sieg-hot=74.0F@1s sieg-cold=88.7F@8s sieg-flow=4.20gpm@20s sieg-send-flow*=0.02gpm@3s primary-flow*=4.22gpm@3s hp-odu-pwr=52W@134s hp-idu-pwr=0W@134s buffer-hot-pipe=65.5F@2s buffer-cold-pipe=98.8F@44s store-hot-pipe=64.0F@103s dist-swt=82.5F@280s dist-rwt=75.7F@210s | lift=0.0F pwr=52W
2026-09-28 19:27:13.913 [UnknownChannels] no value: required-energy | stale: transactive-power,usable-energy,zone1-living-rm-heat-call,zone2-bedroom-heat-call
2026-09-28 19:27:28.915 [UnknownChannels] no value: required-energy | stale: transactive-power,usable-energy,zone1-living-rm-heat-call,zone2-bedroom-heat-call
2026-09-28 19:27:43.622 [sieg-loop] sieg-view SteadyBlend keep=60.0s hp-lwt=80.9F@1s hp-ewt=83.0F@1s sieg-hot=76.9F@6s sieg-cold=89.4F@1s sieg-flow=4.20gpm@50s sieg-send-flow*=0.08gpm@10s primary-flow*=4.28gpm@10s hp-odu-pwr=52W@164s hp-idu-pwr=0W@164s buffer-hot-pipe=67.3F@3s buffer-cold-pipe=98.8F@74s store-hot-pipe=64.0F@133s dist-swt=82.1F@11s dist-rwt=75.7F@240s | lift=0.0F pwr=52W
2026-09-28 19:27:43.916 [UnknownChannels] no value: required-energy | stale: transactive-power,usable-energy,zone1-living-rm-heat-call,zone2-bedroom-heat-call
2026-09-28 19:27:48.435 [lc] Top state: Dormant
2026-09-28 19:27:48.436 [lc] LocalControl: AllTanks  |  State: Dormant
2026-09-28 19:27:58.918 [UnknownChannels] no value: required-energy | stale: transactive-power,usable-energy,zone1-living-rm-heat-call,zone2-bedroom-heat-call
2026-09-28 19:28:13.625 [sieg-loop] sieg-view SteadyBlend keep=60.0s hp-lwt=82.9F@1s hp-ewt=84.9F@1s sieg-hot=78.9F@6s sieg-cold=89.1F@16s sieg-flow=4.20gpm@80s sieg-send-flow*=0.01gpm@7s primary-flow*=4.21gpm@7s hp-odu-pwr=52W@194s hp-idu-pwr=0W@194s buffer-hot-pipe=71.0F@7s buffer-cold-pipe=98.8F@104s store-hot-pipe=64.0F@163s dist-swt=82.1F@41s dist-rwt=75.7F@270s | lift=0.0F pwr=52W
2026-09-28 19:28:13.920 [UnknownChannels] no value: required-energy | stale: transactive-power,usable-energy,zone1-living-rm-heat-call,zone2-bedroom-heat-call
2026-09-28 19:28:19.835 [scada] Admin timeout renewed: 300 seconds
2026-09-28 19:28:28.937 [UnknownChannels] no value: required-energy | stale: transactive-power,usable-energy,zone1-living-rm-heat-call,zone2-bedroom-heat-call
2026-09-28 19:28:43.628 [sieg-loop] sieg-view SteadyBlend keep=60.0s hp-lwt=84.5F@3s hp-ewt=86.3F@3s sieg-hot=80.1F@6s sieg-cold=88.7F@28s sieg-flow=4.20gpm@110s sieg-send-flow*=0.07gpm@4s primary-flow*=4.27gpm@4s hp-odu-pwr=52W@224s hp-idu-pwr=0W@224s buffer-hot-pipe=74.7F@3s buffer-cold-pipe=98.8F@134s store-hot-pipe=64.0F@193s dist-swt=82.1F@71s dist-rwt=75.6F@0s | lift=0.0F pwr=52W
2026-09-28 19:28:43.939 [UnknownChannels] no value: required-energy | stale: transactive-power,usable-energy,zone1-living-rm-heat-call,zone2-bedroom-heat-call
2026-09-28 19:28:48.437 [lc] Top state: Dormant
2026-09-28 19:28:48.437 [lc] LocalControl: AllTanks  |  State: Dormant
2026-09-28 19:28:58.942 [UnknownChannels] no value: required-energy | stale: transactive-power,usable-energy,zone1-living-rm-heat-call,zone2-bedroom-heat-call
2026-09-28 19:29:13.630 [sieg-loop] sieg-view SteadyBlend keep=60.0s hp-lwt=86.1F@2s hp-ewt=87.9F@0s sieg-hot=81.3F@6s sieg-cold=88.7F@58s sieg-flow=4.20gpm@140s sieg-send-flow*=0.01gpm@1s primary-flow*=4.21gpm@1s hp-odu-pwr=52W@254s hp-idu-pwr=0W@254s buffer-hot-pipe=77.5F@2s buffer-cold-pipe=98.8F@164s store-hot-pipe=64.0F@223s dist-swt=82.1F@101s dist-rwt=75.6F@30s | lift=0.0F pwr=52W
2026-09-28 19:29:13.944 [UnknownChannels] no value: required-energy | stale: transactive-power,usable-energy,zone1-living-rm-heat-call,zone2-bedroom-heat-call
2026-09-28 19:29:22.894 [scada] AdminDispatch MoveToFullSend to admin.sieg-loop
2026-09-28 19:29:22.896 [sieg-loop] MoveToFullSend from admin: the loop is held until the tree changes hands
2026-09-28 19:29:22.896 [sieg-loop] Full run to send
2026-09-28 19:29:22.897 [sieg-loop] admin.sieg-loop sending SendMore to HpLoopKeepSend relay admin.sieg-loop.hp-loop-keep-send-relay
2026-09-28 19:29:22.898 [sieg-loop] admin.sieg-loop sending CloseRelay to HpLoopOnOff relay admin.sieg-loop.hp-loop-on-off-relay
2026-09-28 19:29:22.898 [sieg-loop] StartKeepingLess: SteadyBlend -> KeepingLess
2026-09-28 19:29:22.899 [sieg-loop] sieg-view KeepingLess keep=60.0s hp-lwt=86.5F@1s hp-ewt=88.2F@0s sieg-hot=81.7F@7s sieg-cold=88.3F@6s sieg-flow=4.20gpm@149s sieg-send-flow*=0.01gpm@11s primary-flow*=4.21gpm@11s hp-odu-pwr=52W@263s hp-idu-pwr=0W@263s buffer-hot-pipe=77.5F@11s buffer-cold-pipe=98.8F@173s store-hot-pipe=64.0F@232s dist-swt=82.1F@110s dist-rwt=75.6F@40s | lift=0.0F pwr=52W
2026-09-28 19:29:22.899 [sieg-loop] Motor toward send for 104 s from keep_seconds 60.0
2026-09-28 19:29:28.947 [UnknownChannels] no value: required-energy | stale: transactive-power,usable-energy,zone1-living-rm-heat-call,zone2-bedroom-heat-call
2026-09-28 19:29:43.632 [sieg-loop] sieg-view KeepingLess keep=60.0s hp-lwt=87.4F@2s hp-ewt=89.9F@0s sieg-hot=82.5F@3s sieg-cold=89.6F@7s sieg-flow=2.95gpm@0s sieg-send-flow*=0.71gpm@9s primary-flow*=3.66gpm@0s hp-odu-pwr=52W@284s hp-idu-pwr=0W@284s buffer-hot-pipe=79.4F@7s buffer-cold-pipe=98.8F@194s store-hot-pipe=64.0F@253s dist-swt=82.1F@131s dist-rwt=75.6F@60s | lift=0.0F pwr=52W
2026-09-28 19:29:43.949 [UnknownChannels] no value: required-energy | stale: transactive-power,usable-energy,zone1-living-rm-heat-call,zone2-bedroom-heat-call
2026-09-28 19:29:48.439 [lc] Top state: Dormant
2026-09-28 19:29:48.439 [lc] LocalControl: AllTanks  |  State: Dormant
2026-09-28 19:29:58.800 Top state: Admin
2026-09-28 19:29:58.801 Auto state: Dormant
2026-09-28 19:29:58.952 [UnknownChannels] no value: required-energy | stale: transactive-power,usable-energy,zone1-living-rm-heat-call,zone2-bedroom-heat-call
2026-09-28 19:30:00.328 [derived-generator] [HeatCall periodic] zone1-living-rm-heat-call now=1790638200.3 next=1790638200 period=300
2026-09-28 19:30:00.329 [derived-generator] [HeatCall periodic] zone2-bedroom-heat-call now=1790638200.3 next=1790638200 period=300
2026-09-28 19:30:13.636 [sieg-loop] sieg-view KeepingLess keep=60.0s hp-lwt=91.0F@0s hp-ewt=98.1F@0s sieg-hot=83.2F@7s sieg-cold=90.9F@17s sieg-flow=0.00gpm@12s sieg-send-flow*=4.31gpm@7s primary-flow*=4.31gpm@7s hp-odu-pwr=54W@13s hp-idu-pwr=0W@13s buffer-hot-pipe=84.0F@4s buffer-cold-pipe=98.8F@224s store-hot-pipe=64.0F@283s dist-swt=82.1F@161s dist-rwt=75.6F@90s | lift=0.0F pwr=54W
2026-09-28 19:30:13.954 [UnknownChannels] no value: required-energy | stale: usable-energy
2026-09-28 19:30:19.833 [scada] Admin timeout renewed: 300 seconds
2026-09-28 19:30:28.957 [UnknownChannels] no value: required-energy | stale: usable-energy
2026-09-28 19:30:43.638 [sieg-loop] sieg-view KeepingLess keep=60.0s hp-lwt=97.1F@0s hp-ewt=99.2F@10s sieg-hot=83.0F@13s sieg-cold=91.4F@8s sieg-flow=0.00gpm@13s sieg-send-flow*=4.36gpm@5s primary-flow*=4.36gpm@5s hp-odu-pwr=54W@43s hp-idu-pwr=0W@43s buffer-hot-pipe=90.5F@3s buffer-cold-pipe=98.8F@254s store-hot-pipe=64.0F@13s dist-swt=82.1F@191s dist-rwt=75.6F@120s | lift=0.0F pwr=54W
2026-09-28 19:30:43.959 [UnknownChannels] no value: required-energy | stale: usable-energy
2026-09-28 19:30:48.442 [lc] Top state: Dormant
2026-09-28 19:30:48.443 [lc] LocalControl: AllTanks  |  State: Dormant
2026-09-28 19:30:58.963 [UnknownChannels] no value: required-energy | stale: usable-energy
2026-09-28 19:31:06.913 [sieg-loop] admin.sieg-loop sending OpenRelay to HpLoopOnOff relay admin.sieg-loop.hp-loop-on-off-relay
2026-09-28 19:31:06.913 [sieg-loop] ResetToFullySend: KeepingLess -> FullySend
2026-09-28 19:31:06.914 [sieg-loop] sieg-view FullySend keep=0.0s hp-lwt=98.1F@1s hp-ewt=99.4F@10s sieg-hot=83.0F@36s sieg-cold=91.0F@21s sieg-flow=0.00gpm@36s sieg-send-flow*=4.35gpm@4s primary-flow*=4.35gpm@4s hp-odu-pwr=54W@67s hp-idu-pwr=0W@67s buffer-hot-pipe=95.1F@1s buffer-cold-pipe=98.8F@277s store-hot-pipe=64.4F@5s dist-swt=82.1F@214s dist-rwt=75.6F@144s | lift=0.0F pwr=54W
2026-09-28 19:31:06.915 [sieg-loop] Motor stopped after 104.0 s: keep_seconds 0
2026-09-28 19:31:11.903 [scada] AdminDispatch DischargeStore to admin.charge-discharge-relay
2026-09-28 19:31:13.641 [sieg-loop] sieg-view FullySend keep=0.0s hp-lwt=98.2F@4s hp-ewt=99.2F@1s sieg-hot=83.0F@43s sieg-cold=91.4F@6s sieg-flow=0.00gpm@43s sieg-send-flow*=4.35gpm@11s primary-flow*=4.35gpm@11s hp-odu-pwr=54W@73s hp-idu-pwr=0W@73s buffer-hot-pipe=95.1F@8s buffer-cold-pipe=98.8F@284s store-hot-pipe=64.4F@12s dist-swt=82.1F@221s dist-rwt=75.6F@150s | lift=0.0F pwr=54W
2026-09-28 19:31:13.902 [scada] AdminDispatch MoveToFullKeep to admin.sieg-loop
2026-09-28 19:31:13.905 [sieg-loop] MoveToFullKeep from admin: the loop is held until the tree changes hands
2026-09-28 19:31:13.906 [sieg-loop] Full run to keep
2026-09-28 19:31:13.908 [sieg-loop] admin.sieg-loop sending SendLessto HpLoopKeepSend relay admin.sieg-loop.hp-loop-keep-send-relay
2026-09-28 19:31:13.910 [sieg-loop] admin.sieg-loop sending CloseRelay to HpLoopOnOff relay admin.sieg-loop.hp-loop-on-off-relay
2026-09-28 19:31:13.910 [sieg-loop] StartKeepingMore: FullySend -> KeepingMore
2026-09-28 19:31:13.913 [sieg-loop] sieg-view KeepingMore keep=0.0s hp-lwt=98.2F@4s hp-ewt=99.2F@2s sieg-hot=83.0F@43s sieg-cold=91.4F@6s sieg-flow=0.00gpm@43s sieg-send-flow*=4.35gpm@11s primary-flow*=4.35gpm@11s hp-odu-pwr=54W@74s hp-idu-pwr=0W@74s buffer-hot-pipe=95.1F@8s buffer-cold-pipe=98.8F@284s store-hot-pipe=64.4F@12s dist-swt=82.1F@221s dist-rwt=75.6F@151s | lift=0.0F pwr=54W
2026-09-28 19:31:13.913 [sieg-loop] Motor toward keep for 104 s from keep_seconds 0
2026-09-28 19:31:13.964 [UnknownChannels] no value: required-energy | stale: usable-energy
2026-09-28 19:31:28.966 [UnknownChannels] no value: required-energy | stale: usable-energy
2026-09-28 19:31:43.644 [sieg-loop] sieg-view KeepingMore keep=0.0s hp-lwt=98.4F@4s hp-ewt=99.5F@14s sieg-hot=83.7F@17s sieg-cold=90.6F@1s sieg-flow=0.42gpm@0s sieg-send-flow*=4.18gpm@8s primary-flow*=4.60gpm@0s hp-odu-pwr=54W@103s hp-idu-pwr=0W@103s buffer-hot-pipe=97.0F@14s buffer-cold-pipe=98.8F@15s store-hot-pipe=65.2F@11s dist-swt=81.2F@8s dist-rwt=75.6F@180s | lift=0.0F pwr=54W
2026-09-28 19:31:43.968 [UnknownChannels] no value: required-energy | stale: usable-energy
2026-09-28 19:31:48.444 [lc] Top state: Dormant
2026-09-28 19:31:48.445 [lc] LocalControl: AllTanks  |  State: Dormant
2026-09-28 19:31:58.970 [UnknownChannels] no value: required-energy | stale: usable-energy
2026-09-28 19:32:13.646 [sieg-loop] sieg-view KeepingMore keep=0.0s hp-lwt=96.0F@1s hp-ewt=98.2F@2s sieg-hot=88.2F@0s sieg-cold=91.0F@12s sieg-flow=4.17gpm@0s sieg-send-flow*=0.57gpm@5s primary-flow*=4.74gpm@0s hp-odu-pwr=54W@133s hp-idu-pwr=0W@133s buffer-hot-pipe=97.0F@44s buffer-cold-pipe=98.8F@45s store-hot-pipe=66.4F@3s dist-swt=81.2F@38s dist-rwt=75.6F@210s | lift=0.0F pwr=54W
2026-09-28 19:32:13.972 [UnknownChannels] no value: required-energy | stale: transactive-power,usable-energy,zone1-living-rm-heat-call,zone2-bedroom-heat-call
2026-09-28 19:32:19.852 [scada] Admin timeout renewed: 300 seconds
2026-09-28 19:32:28.973 [UnknownChannels] no value: required-energy | stale: transactive-power,usable-energy,zone1-living-rm-heat-call,zone2-bedroom-heat-call
2026-09-28 19:32:43.650 [sieg-loop] sieg-view KeepingMore keep=0.0s hp-lwt=96.4F@3s hp-ewt=97.4F@6s sieg-hot=89.5F@3s sieg-cold=90.6F@1s sieg-flow=5.10gpm@5s sieg-send-flow*=0.00gpm@29s primary-flow*=5.10gpm@5s hp-odu-pwr=54W@163s hp-idu-pwr=0W@163s buffer-hot-pipe=97.0F@74s buffer-cold-pipe=98.8F@75s store-hot-pipe=67.1F@10s dist-swt=81.2F@68s dist-rwt=75.6F@240s | lift=0.0F pwr=54W
2026-09-28 19:32:43.977 [UnknownChannels] no value: required-energy | stale: transactive-power,usable-energy,zone1-living-rm-heat-call,zone2-bedroom-heat-call
2026-09-28 19:32:48.446 [lc] Top state: Dormant
2026-09-28 19:32:48.446 [lc] LocalControl: AllTanks  |  State: Dormant
2026-09-28 19:32:57.947 [sieg-loop] admin.sieg-loop sending OpenRelay to HpLoopOnOff relay admin.sieg-loop.hp-loop-on-off-relay
2026-09-28 19:32:57.948 [sieg-loop] ResetToFullyKeep: KeepingMore -> FullyKeep
2026-09-28 19:32:57.951 [sieg-loop] sieg-view FullyKeep keep=94.0s hp-lwt=96.4F@8s hp-ewt=97.1F@4s sieg-hot=89.5F@17s sieg-cold=89.9F@1s sieg-flow=5.10gpm@19s sieg-send-flow*=0.00gpm@43s primary-flow*=5.10gpm@19s hp-odu-pwr=54W@178s hp-idu-pwr=0W@178s buffer-hot-pipe=97.0F@88s buffer-cold-pipe=98.8F@89s store-hot-pipe=67.5F@5s dist-swt=81.2F@82s dist-rwt=75.6F@255s | lift=0.0F pwr=54W
2026-09-28 19:32:57.951 [sieg-loop] Motor stopped after 104.0 s: keep_seconds 94
2026-09-28 19:32:58.980 [UnknownChannels] no value: required-energy | stale: transactive-power,usable-energy,zone1-living-rm-heat-call,zone2-bedroom-heat-call
2026-09-28 19:33:02.889 [scada] AdminDispatch MoveToFullSend to admin.sieg-loop
2026-09-28 19:33:02.890 [sieg-loop] MoveToFullSend from admin: the loop is held until the tree changes hands
2026-09-28 19:33:02.891 [sieg-loop] Full run to send
2026-09-28 19:33:02.892 [sieg-loop] admin.sieg-loop sending SendMore to HpLoopKeepSend relay admin.sieg-loop.hp-loop-keep-send-relay
2026-09-28 19:33:02.892 [sieg-loop] admin.sieg-loop sending CloseRelay to HpLoopOnOff relay admin.sieg-loop.hp-loop-on-off-relay
2026-09-28 19:33:02.893 [sieg-loop] StartKeepingLess: FullyKeep -> KeepingLess
2026-09-28 19:33:02.894 [sieg-loop] sieg-view KeepingLess keep=94.0s hp-lwt=96.4F@13s hp-ewt=97.1F@9s sieg-hot=89.5F@22s sieg-cold=89.9F@6s sieg-flow=5.10gpm@24s sieg-send-flow*=0.00gpm@48s primary-flow*=5.10gpm@24s hp-odu-pwr=54W@183s hp-idu-pwr=0W@183s buffer-hot-pipe=97.0F@93s buffer-cold-pipe=98.8F@94s store-hot-pipe=67.5F@10s dist-swt=81.2F@87s dist-rwt=75.6F@260s | lift=0.0F pwr=54W
2026-09-28 19:33:02.894 [sieg-loop] Motor toward send for 104 s from keep_seconds 94
2026-09-28 19:33:13.652 [sieg-loop] sieg-view KeepingLess keep=94.0s hp-lwt=96.3F@7s hp-ewt=97.1F@19s sieg-hot=89.5F@33s sieg-cold=89.5F@9s sieg-flow=5.10gpm@35s sieg-send-flow*=0.00gpm@59s primary-flow*=5.10gpm@35s hp-odu-pwr=54W@193s hp-idu-pwr=0W@193s buffer-hot-pipe=97.0F@104s buffer-cold-pipe=98.8F@105s store-hot-pipe=67.9F@9s dist-swt=81.2F@98s dist-rwt=75.6F@270s | lift=0.0F pwr=54W
2026-09-28 19:33:13.982 [UnknownChannels] no value: required-energy | stale: transactive-power,usable-energy,zone1-living-rm-heat-call,zone2-bedroom-heat-call
2026-09-28 19:33:28.985 [UnknownChannels] no value: required-energy | stale: transactive-power,usable-energy,zone1-living-rm-heat-call,zone2-bedroom-heat-call
2026-09-28 19:33:43.655 [sieg-loop] sieg-view KeepingLess keep=94.0s hp-lwt=96.2F@14s hp-ewt=97.1F@2s sieg-hot=89.9F@17s sieg-cold=89.5F@39s sieg-flow=4.12gpm@0s sieg-send-flow*=0.21gpm@1s primary-flow*=4.33gpm@0s hp-odu-pwr=54W@223s hp-idu-pwr=0W@223s buffer-hot-pipe=97.0F@134s buffer-cold-pipe=98.8F@135s store-hot-pipe=68.3F@22s dist-swt=81.2F@128s dist-rwt=75.3F@1s | lift=0.0F pwr=54W
2026-09-28 19:33:43.988 [UnknownChannels] no value: required-energy | stale: transactive-power,usable-energy,zone1-living-rm-heat-call,zone2-bedroom-heat-call
2026-09-28 19:33:48.447 [lc] Top state: Dormant
2026-09-28 19:33:48.448 [lc] LocalControl: AllTanks  |  State: Dormant
2026-09-28 19:33:51.896 [scada] AdminDispatch StopValve to admin.sieg-loop
2026-09-28 19:33:51.898 [sieg-loop] StopValve from admin: the loop is held until the tree changes hands
2026-09-28 19:33:51.898 [sieg-loop] Stopping the motor
2026-09-28 19:33:51.899 [sieg-loop] admin.sieg-loop sending OpenRelay to HpLoopOnOff relay admin.sieg-loop.hp-loop-on-off-relay
2026-09-28 19:33:51.899 [sieg-loop] StopKeepingLess: KeepingLess -> SteadyBlend
2026-09-28 19:33:51.900 [sieg-loop] sieg-view SteadyBlend keep=45.0s hp-lwt=96.2F@22s hp-ewt=97.1F@11s sieg-hot=89.9F@25s sieg-cold=89.9F@6s sieg-flow=3.56gpm@0s sieg-send-flow*=0.21gpm@10s primary-flow*=3.77gpm@0s hp-odu-pwr=54W@232s hp-idu-pwr=0W@232s buffer-hot-pipe=97.0F@142s buffer-cold-pipe=98.8F@143s store-hot-pipe=68.3F@30s dist-swt=81.2F@136s dist-rwt=75.3F@9s | lift=0.0F pwr=54W
2026-09-28 19:33:51.901 [sieg-loop] Motor stopped after 49.0 s: keep_seconds 45.0
2026-09-28 19:33:58.991 [UnknownChannels] no value: required-energy | stale: transactive-power,usable-energy,zone1-living-rm-heat-call,zone2-bedroom-heat-call
2026-09-28 19:34:13.657 [sieg-loop] sieg-view SteadyBlend keep=45.0s hp-lwt=96.2F@44s hp-ewt=97.0F@2s sieg-hot=89.9F@47s sieg-cold=89.5F@6s sieg-flow=3.47gpm@21s sieg-send-flow*=0.99gpm@17s primary-flow*=4.46gpm@17s hp-odu-pwr=54W@253s hp-idu-pwr=0W@253s buffer-hot-pipe=97.0F@164s buffer-cold-pipe=98.8F@165s store-hot-pipe=68.6F@17s dist-swt=81.2F@158s dist-rwt=75.3F@31s | lift=0.0F pwr=54W
2026-09-28 19:34:13.993 [UnknownChannels] no value: required-energy | stale: transactive-power,usable-energy,zone1-living-rm-heat-call,zone2-bedroom-heat-call
2026-09-28 19:34:19.843 [scada] Admin timeout renewed: 300 seconds
2026-09-28 19:34:28.996 [UnknownChannels] no value: required-energy | stale: transactive-power,usable-energy,zone1-living-rm-heat-call,zone2-bedroom-heat-call
2026-09-28 19:34:43.660 [sieg-loop] sieg-view SteadyBlend keep=45.0s hp-lwt=96.2F@9s hp-ewt=97.3F@4s sieg-hot=89.9F@77s sieg-cold=89.5F@36s sieg-flow=3.47gpm@51s sieg-send-flow*=0.99gpm@17s primary-flow*=4.46gpm@17s hp-odu-pwr=54W@283s hp-idu-pwr=0W@283s buffer-hot-pipe=96.0F@25s buffer-cold-pipe=98.8F@195s store-hot-pipe=69.8F@7s dist-swt=81.2F@188s dist-rwt=75.3F@61s | lift=0.0F pwr=54W
2026-09-28 19:34:43.999 [UnknownChannels] no value: required-energy | stale: transactive-power,usable-energy,zone1-living-rm-heat-call,zone2-bedroom-heat-call
2026-09-28 19:34:48.449 [lc] Top state: Dormant
2026-09-28 19:34:48.450 [lc] LocalControl: AllTanks  |  State: Dormant
2026-09-28 19:34:58.802 Top state: Admin
2026-09-28 19:34:58.803 Auto state: Dormant
2026-09-28 19:34:59.001 [UnknownChannels] no value: required-energy | stale: transactive-power,usable-energy,zone1-living-rm-heat-call,zone2-bedroom-heat-call
2026-09-28 19:35:00.379 [derived-generator] [HeatCall periodic] zone1-living-rm-heat-call now=1790638500.4 next=1790638500 period=300
2026-09-28 19:35:00.379 [derived-generator] [HeatCall periodic] zone2-bedroom-heat-call now=1790638500.4 next=1790638500 period=300
2026-09-28 19:35:13.663 [sieg-loop] sieg-view SteadyBlend keep=45.0s hp-lwt=96.5F@13s hp-ewt=97.5F@15s sieg-hot=89.9F@107s sieg-cold=90.4F@24s sieg-flow=3.47gpm@81s sieg-send-flow*=0.99gpm@14s primary-flow*=4.46gpm@14s hp-odu-pwr=54W@13s hp-idu-pwr=2W@13s buffer-hot-pipe=96.0F@55s buffer-cold-pipe=98.8F@225s store-hot-pipe=70.6F@16s dist-swt=81.2F@218s dist-rwt=75.3F@91s | lift=0.0F pwr=56W
2026-09-28 19:35:14.012 [UnknownChannels] no value: required-energy | stale: usable-energy
2026-09-28 19:35:29.022 [UnknownChannels] no value: required-energy | stale: usable-energy
2026-09-28 19:35:43.666 [sieg-loop] sieg-view SteadyBlend keep=45.0s hp-lwt=96.7F@10s hp-ewt=97.7F@11s sieg-hot=90.0F@2s sieg-cold=90.7F@13s sieg-flow=3.47gpm@13s sieg-send-flow*=0.99gpm@22s primary-flow*=4.46gpm@22s hp-odu-pwr=54W@43s hp-idu-pwr=2W@43s buffer-hot-pipe=96.0F@85s buffer-cold-pipe=98.8F@255s store-hot-pipe=71.3F@1s dist-swt=81.2F@248s dist-rwt=75.3F@121s | lift=0.0F pwr=56W
2026-09-28 19:35:44.023 [UnknownChannels] no value: required-energy | stale: usable-energy
2026-09-28 19:35:48.451 [lc] Top state: Dormant
2026-09-28 19:35:48.452 [lc] LocalControl: AllTanks  |  State: Dormant
2026-09-28 19:35:59.025 [UnknownChannels] no value: required-energy | stale: usable-energy
2026-09-28 19:36:13.669 [sieg-loop] sieg-view SteadyBlend keep=45.0s hp-lwt=96.9F@15s hp-ewt=98.0F@13s sieg-hot=90.0F@32s sieg-cold=90.3F@17s sieg-flow=3.47gpm@43s sieg-send-flow*=0.99gpm@19s primary-flow*=4.46gpm@19s hp-odu-pwr=54W@73s hp-idu-pwr=2W@73s buffer-hot-pipe=96.0F@115s buffer-cold-pipe=98.8F@285s store-hot-pipe=71.7F@13s dist-swt=81.2F@278s dist-rwt=75.3F@151s | lift=0.0F pwr=56W
2026-09-28 19:36:14.027 [UnknownChannels] no value: required-energy | stale: usable-energy
2026-09-28 19:36:19.848 [scada] Admin timeout renewed: 300 seconds
2026-09-28 19:36:21.898 [scada] AdminDispatch MoveToFullSend to admin.sieg-loop
2026-09-28 19:36:21.901 [sieg-loop] MoveToFullSend from admin: the loop is held until the tree changes hands
2026-09-28 19:36:21.903 [sieg-loop] Full run to send
2026-09-28 19:36:21.907 [sieg-loop] admin.sieg-loop sending SendMore to HpLoopKeepSend relay admin.sieg-loop.hp-loop-keep-send-relay
2026-09-28 19:36:21.908 [sieg-loop] admin.sieg-loop sending CloseRelay to HpLoopOnOff relay admin.sieg-loop.hp-loop-on-off-relay
2026-09-28 19:36:21.909 [sieg-loop] StartKeepingLess: SteadyBlend -> KeepingLess
2026-09-28 19:36:21.911 [sieg-loop] sieg-view KeepingLess keep=45.0s hp-lwt=97.0F@2s hp-ewt=98.1F@1s sieg-hot=90.4F@4s sieg-cold=90.7F@6s sieg-flow=3.47gpm@51s sieg-send-flow*=0.99gpm@16s primary-flow*=4.46gpm@16s hp-odu-pwr=54W@82s hp-idu-pwr=2W@82s buffer-hot-pipe=96.0F@123s buffer-cold-pipe=98.8F@293s store-hot-pipe=72.1F@5s dist-swt=81.2F@286s dist-rwt=75.3F@159s | lift=0.0F pwr=56W
2026-09-28 19:36:21.912 [sieg-loop] Motor toward send for 104 s from keep_seconds 45.0
2026-09-28 19:36:29.032 [UnknownChannels] no value: required-energy | stale: usable-energy
2026-09-28 19:36:43.671 [sieg-loop] sieg-view KeepingLess keep=45.0s hp-lwt=97.1F@13s hp-ewt=98.5F@2s sieg-hot=90.4F@26s sieg-cold=90.7F@28s sieg-flow=0.31gpm@0s sieg-send-flow*=3.09gpm@5s primary-flow*=3.40gpm@0s hp-odu-pwr=54W@103s hp-idu-pwr=2W@103s buffer-hot-pipe=96.0F@145s buffer-cold-pipe=98.7F@15s store-hot-pipe=72.4F@20s dist-swt=80.9F@8s dist-rwt=75.3F@181s | lift=0.0F pwr=56W
2026-09-28 19:36:44.035 [UnknownChannels] no value: required-energy | stale: usable-energy
2026-09-28 19:36:48.454 [lc] Top state: Dormant
2026-09-28 19:36:48.455 [lc] LocalControl: AllTanks  |  State: Dormant
2026-09-28 19:36:59.038 [UnknownChannels] no value: required-energy | stale: usable-energy
2026-09-28 19:37:13.675 [sieg-loop] sieg-view KeepingLess keep=45.0s hp-lwt=97.9F@1s hp-ewt=99.5F@7s sieg-hot=90.0F@14s sieg-cold=91.1F@13s sieg-flow=0.00gpm@29s sieg-send-flow*=4.33gpm@3s primary-flow*=4.33gpm@3s hp-odu-pwr=54W@133s hp-idu-pwr=2W@133s buffer-hot-pipe=96.0F@175s buffer-cold-pipe=98.7F@45s store-hot-pipe=74.0F@0s dist-swt=80.9F@38s dist-rwt=75.3F@211s | lift=0.0F pwr=56W
2026-09-28 19:37:14.040 [UnknownChannels] no value: required-energy | stale: transactive-power,usable-energy,zone1-living-rm-heat-call,zone2-bedroom-heat-call
2026-09-28 19:37:29.043 [UnknownChannels] no value: required-energy | stale: transactive-power,usable-energy,zone1-living-rm-heat-call,zone2-bedroom-heat-call
2026-09-28 19:37:43.677 [sieg-loop] sieg-view KeepingLess keep=45.0s hp-lwt=98.5F@4s hp-ewt=99.6F@16s sieg-hot=89.6F@6s sieg-cold=91.1F@43s sieg-flow=0.00gpm@59s sieg-send-flow*=4.36gpm@10s primary-flow*=4.36gpm@10s hp-odu-pwr=54W@163s hp-idu-pwr=2W@163s buffer-hot-pipe=97.0F@27s buffer-cold-pipe=98.7F@75s store-hot-pipe=74.8F@7s dist-swt=80.9F@68s dist-rwt=75.3F@241s | lift=0.0F pwr=56W
2026-09-28 19:37:44.046 [UnknownChannels] no value: required-energy | stale: transactive-power,usable-energy,zone1-living-rm-heat-call,zone2-bedroom-heat-call
2026-09-28 19:37:48.457 [lc] Top state: Dormant
2026-09-28 19:37:48.458 [lc] LocalControl: AllTanks  |  State: Dormant
2026-09-28 19:37:59.049 [UnknownChannels] no value: required-energy | stale: transactive-power,usable-energy,zone1-living-rm-heat-call,zone2-bedroom-heat-call
2026-09-28 19:38:05.945 [sieg-loop] admin.sieg-loop sending OpenRelay to HpLoopOnOff relay admin.sieg-loop.hp-loop-on-off-relay
2026-09-28 19:38:05.946 [sieg-loop] ResetToFullySend: KeepingLess -> FullySend
2026-09-28 19:38:05.949 [sieg-loop] sieg-view FullySend keep=0.0s hp-lwt=98.7F@14s hp-ewt=99.6F@39s sieg-hot=89.6F@28s sieg-cold=91.1F@65s sieg-flow=0.00gpm@81s sieg-send-flow*=4.37gpm@12s primary-flow*=4.37gpm@12s hp-odu-pwr=54W@186s hp-idu-pwr=2W@186s buffer-hot-pipe=97.9F@18s buffer-cold-pipe=98.7F@97s store-hot-pipe=75.9F@6s dist-swt=80.9F@91s dist-rwt=75.3F@263s | lift=0.0F pwr=56W
2026-09-28 19:38:05.949 [sieg-loop] Motor stopped after 104.0 s: keep_seconds 0
2026-09-28 19:38:10.914 [scada] AdminDispatch ChargeStore to admin.charge-discharge-relay
2026-09-28 19:38:12.899 [scada] AdminDispatch MoveToFullKeep to admin.sieg-loop
2026-09-28 19:38:12.900 [sieg-loop] MoveToFullKeep from admin: the loop is held until the tree changes hands
2026-09-28 19:38:12.901 [sieg-loop] Full run to keep
2026-09-28 19:38:12.902 [sieg-loop] admin.sieg-loop sending SendLessto HpLoopKeepSend relay admin.sieg-loop.hp-loop-keep-send-relay
2026-09-28 19:38:12.902 [sieg-loop] admin.sieg-loop sending CloseRelay to HpLoopOnOff relay admin.sieg-loop.hp-loop-on-off-relay
2026-09-28 19:38:12.902 [sieg-loop] StartKeepingMore: FullySend -> KeepingMore
2026-09-28 19:38:12.903 [sieg-loop] sieg-view KeepingMore keep=0.0s hp-lwt=98.7F@21s hp-ewt=99.6F@45s sieg-hot=89.6F@35s sieg-cold=91.1F@72s sieg-flow=0.00gpm@88s sieg-send-flow*=4.40gpm@6s primary-flow*=4.40gpm@6s hp-odu-pwr=54W@193s hp-idu-pwr=2W@193s buffer-hot-pipe=97.9F@25s buffer-cold-pipe=98.7F@104s store-hot-pipe=76.3F@5s dist-swt=80.9F@98s dist-rwt=75.3F@270s | lift=0.0F pwr=56W
2026-09-28 19:38:12.904 [sieg-loop] Motor toward keep for 104 s from keep_seconds 0
2026-09-28 19:38:13.680 [sieg-loop] sieg-view KeepingMore keep=0.0s hp-lwt=98.7F@21s hp-ewt=99.6F@46s sieg-hot=89.6F@36s sieg-cold=91.1F@73s sieg-flow=0.00gpm@89s sieg-send-flow*=4.40gpm@7s primary-flow*=4.40gpm@7s hp-odu-pwr=54W@193s hp-idu-pwr=2W@193s buffer-hot-pipe=97.9F@26s buffer-cold-pipe=98.7F@105s store-hot-pipe=76.3F@6s dist-swt=80.9F@98s dist-rwt=75.3F@271s | lift=0.0F pwr=56W
2026-09-28 19:38:14.051 [UnknownChannels] no value: required-energy | stale: transactive-power,usable-energy,zone1-living-rm-heat-call,zone2-bedroom-heat-call
2026-09-28 19:38:19.848 [scada] Admin timeout renewed: 300 seconds
2026-09-28 19:38:29.054 [UnknownChannels] no value: required-energy | stale: transactive-power,usable-energy,zone1-living-rm-heat-call,zone2-bedroom-heat-call
2026-09-28 19:38:36.902 [scada] AdminDispatch StopValve to admin.sieg-loop
2026-09-28 19:38:36.904 [sieg-loop] StopValve from admin: the loop is held until the tree changes hands
2026-09-28 19:38:36.904 [sieg-loop] Stopping the motor
2026-09-28 19:38:36.905 [sieg-loop] admin.sieg-loop sending OpenRelay to HpLoopOnOff relay admin.sieg-loop.hp-loop-on-off-relay
2026-09-28 19:38:36.906 [sieg-loop] StopKeepingMore: KeepingMore -> SteadyBlend
2026-09-28 19:38:36.906 [sieg-loop] sieg-view SteadyBlend keep=24.0s hp-lwt=98.7F@45s hp-ewt=99.6F@5s sieg-hot=89.3F@14s sieg-cold=91.8F@2s sieg-flow=0.00gpm@112s sieg-send-flow*=4.28gpm@10s primary-flow*=4.28gpm@10s hp-odu-pwr=54W@217s hp-idu-pwr=2W@217s buffer-hot-pipe=97.9F@49s buffer-cold-pipe=98.7F@128s store-hot-pipe=85.0F@0s dist-swt=80.9F@122s dist-rwt=75.3F@294s | lift=0.0F pwr=56W
2026-09-28 19:38:36.907 [sieg-loop] Motor stopped after 24.0 s: keep_seconds 24.0
[pico-cycler] Sleeping for 71.73978114128113
[pico-cycler] Sleeping for 2.2
[pico-cycler] Sleeping for 297.79388451576233
[pico-cycler] Sleeping for 2.2
[pico-cycler] Sleeping for 297.793559551239
[pico-cycler] Sleeping for 2.2
[pico-cycler] Sleeping for 297.78852701187134
[pico-cycler] Sleeping for 2.2
[pico-cycler] Sleeping for 297.7825622558594
[pico-cycler] Sleeping for 2.2
[pico-cycler] Sleeping for 297.7833094596863
[pico-cycler] Sleeping for 2.2
[pico-cycler] Sleeping for 297.78319787979126
[pico-cycler] Sleeping for 2.2
[pico-cycler] Sleeping for 297.7886736392975
[pico-cycler] Sleeping for 2.2
[pico-cycler] Sleeping for 297.789137840271
[pico-cycler] Sleeping for 2.2
[pico-cycler] Sleeping for 297.7884213924408
[pico-cycler] Sleeping for 2.2
[pico-cycler] Sleeping for 297.7927026748657
[pico-cycler] Sleeping for 2.2
[pico-cycler] Sleeping for 297.789354801178
[pico-cycler] Sleeping for 2.2
[pico-cycler] Sleeping for 297.77183413505554
[pico-cycler] Sleeping for 2.2
[pico-cycler] Sleeping for 297.7927188873291
[pico-cycler] Sleeping for 2.2
[pico-cycler] Sleeping for 297.78786277770996
[pico-cycler] Sleeping for 2.2
[pico-cycler] Sleeping for 297.79230880737305
== window done: 1/1 zone gw channels populated ==
  zone1-living-rm-gw-temp = 1972
