2026-09-28 12:41:19.628 
2026-09-28 12:41:19.629 Env file: </home/pi/envs/dev.env>  exists: True
2026-09-28 12:41:19.629 Settings:
2026-09-28 12:41:19.630 {
  "paths": {
    "base": "gridworks",
    "name": "scada-experiment",
    "relative_path": "gridworks/scada-experiment",
    "data_home": "/home/pi/.local/share",
    "state_home": "/home/pi/.local/state",
    "config_home": "/home/pi/.config",
    "data_dir": "/home/pi/.local/share/gridworks/scada-experiment",
    "config_dir": "/home/pi/.config/gridworks/scada-experiment",
    "certs_dir": "/home/pi/.config/gridworks/scada-experiment/certs",
    "event_dir": "/home/pi/.local/share/gridworks/scada-experiment/event",
    "log_dir": "/home/pi/.local/state/gridworks/scada-experiment/log",
    "hardware_layout": "/home/pi/.config/gridworks/scada-experiment/hardware-layout.json",
    "operational_params": "/home/pi/.config/gridworks/scada-experiment/operational-params.json",
    "tadeed": "/home/pi/.config/gridworks/scada-experiment/ta-deed.json"
  },
  "logging": {
    "base_log_name": "gridworks",
    "base_log_level": 10,
    "levels": {
      "message_summary": 10,
      "lifecycle": 20,
      "comm_event": 20,
      "io_loop": 20
    },
    "formatter": {
      "fmt": "%(asctime)s %(message)s",
      "datefmt": "",
      "default_msec_format": "%s.%03d",
      "use_utc": false
    },
    "file_handler": {
      "filename": "proactor.log",
      "bytes_per_log_file": 2097152,
      "num_log_files": 10,
      "level": 0
    },
    "io_loop": {
      "file_handler": {
        "filename": "io_loop.log",
        "bytes_per_log_file": 2097152,
        "num_log_files": 2,
        "level": 0
      },
      "on_screen": false
    },
    "aiohttp_logging": false,
    "paho_logging": false
  },
  "proactor": {
    "mqtt_link_poll_seconds": 60.0,
    "ack_timeout_seconds": 5.0,
    "num_initial_event_reuploads": 5,
    "num_inflight_events": 50
  },
  "pico_cycler_state_logging": false,
  "unknown_channel_logging": false,
  "power_meter_logging_level": 30,
  "contract_rep_logging_level": 20,
  "paho_logging": false,
  "local_mqtt": {
    "host": "maple.local",
    "port": 1883,
    "keepalive": 60,
    "bind_address": "",
    "bind_port": 0,
    "username": "sara",
    "password": "**********",
    "tls": {
      "use_tls": false,
      "port": 8883,
      "paths": {
        "ca_cert_path": "/home/pi/.config/gridworks/scada-experiment/certs/local_mqtt/ca.crt",
        "cert_path": "/home/pi/.config/gridworks/scada-experiment/certs/local_mqtt/local_mqtt.crt",
        "private_key_path": "/home/pi/.config/gridworks/scada-experiment/certs/local_mqtt/private/local_mqtt.pem"
      },
      "cert_reqs": 2,
      "ciphers": null,
      "keyfile_password": ""
    }
  },
  "gridworks_mqtt": {
    "host": "localhost",
    "port": 1883,
    "keepalive": 60,
    "bind_address": "",
    "bind_port": 0,
    "username": null,
    "password": "",
    "tls": {
      "use_tls": false,
      "port": 8883,
      "paths": {
        "ca_cert_path": "/home/pi/.config/gridworks/scada-experiment/certs/gridworks_mqtt/ca.crt",
        "cert_path": "/home/pi/.config/gridworks/scada-experiment/certs/gridworks_mqtt/gridworks_mqtt.crt",
        "private_key_path": "/home/pi/.config/gridworks/scada-experiment/certs/gridworks_mqtt/private/gridworks_mqtt.pem"
      },
      "cert_reqs": 2,
      "ciphers": null,
      "keyfile_password": ""
    }
  },
  "clock_source": "Wall",
  "seconds_per_report": 300,
  "seconds_per_snapshot": 30,
  "async_power_reporting_threshold": 0.02,
  "power_meter_lost_after_s": 10.0,
  "persister": {
    "max_bytes": 524288000
  },
  "admin": {
    "host": "localhost",
    "port": 1883,
    "keepalive": 60,
    "bind_address": "",
    "bind_port": 0,
    "username": null,
    "password": "",
    "tls": {
      "use_tls": false,
      "port": 8883,
      "paths": {
        "ca_cert_path": "/home/pi/.config/gridworks/scada-experiment/certs/admin/ca.crt",
        "cert_path": "/home/pi/.config/gridworks/scada-experiment/certs/admin/admin.crt",
        "private_key_path": "/home/pi/.config/gridworks/scada-experiment/certs/admin/private/admin.pem"
      },
      "cert_reqs": 2,
      "ciphers": null,
      "keyfile_password": ""
    },
    "enabled": false,
    "name": "admin",
    "max_timeout_seconds": 86400.0
  },
  "latitude": 45.6573,
  "longitude": -68.7098,
  "airtable_pat": "bogus_pat"
}
ScadaSettings(
    paths=ScadaPaths(
        base=PosixPath('gridworks'),
        name=PosixPath('scada-experiment'),
        relative_path=PosixPath('gridworks/scada-experiment'),
        data_home=PosixPath('/home/pi/.local/share'),
        state_home=PosixPath('/home/pi/.local/state'),
        config_home=PosixPath('/home/pi/.config'),
        data_dir=PosixPath('/home/pi/.local/share/gridworks/scada-experiment'),
        config_dir=PosixPath('/home/pi/.config/gridworks/scada-experiment'),
        certs_dir=PosixPath('/home/pi/.config/gridworks/scada-experiment/certs')
,
        event_dir=PosixPath('/home/pi/.local/share/gridworks/scada-experiment/ev
ent'),
        log_dir=PosixPath('/home/pi/.local/state/gridworks/scada-experiment/log'
),
        hardware_layout=PosixPath('/home/pi/.config/gridworks/scada-experiment/h
ardware-layout.json'),
        operational_params=PosixPath('/home/pi/.config/gridworks/scada-experimen
t/operational-params.json'),
        tadeed=PosixPath('/home/pi/.config/gridworks/scada-experiment/ta-deed.js
on')
    ),
    logging=LoggingSettings(
        base_log_name='gridworks',
        base_log_level=10,
        levels=LoggerLevels(
            message_summary=10,
            lifecycle=20,
            comm_event=20,
            io_loop=20
        ),
        formatter=FormatterSettings(
            fmt='%(asctime)s %(message)s',
            datefmt='',
            default_msec_format='%s.%03d',
            use_utc=False
        ),
        file_handler=RotatingFileHandlerSettings(
            filename='proactor.log',
            bytes_per_log_file=2097152,
            num_log_files=10,
            level=0
        ),
        io_loop=IOLoopLoggerSettings(
            file_handler=RotatingFileHandlerSettings(
                filename='io_loop.log',
                bytes_per_log_file=2097152,
                num_log_files=2,
                level=0
            ),
            on_screen=False
        ),
        aiohttp_logging=False,
        paho_logging=False
    ),
    proactor=ProactorSettings(
        mqtt_link_poll_seconds=60.0,
        ack_timeout_seconds=5.0,
        num_initial_event_reuploads=5,
        num_inflight_events=50
    ),
    pico_cycler_state_logging=False,
    unknown_channel_logging=False,
    power_meter_logging_level=30,
    contract_rep_logging_level=20,
    paho_logging=False,
    local_mqtt=MQTTClient(
        host='maple.local',
        port=1883,
        keepalive=60,
        bind_address='',
        bind_port=0,
        username='sara',
        password=SecretStr('**********'),
        tls=TLSInfo(
            use_tls=False,
            port=8883,
            paths=TLSPaths(
                ca_cert_path=PosixPath('/home/pi/.config/gridworks/scada-experim
ent/certs/local_mqtt/ca.crt'),
                cert_path=PosixPath('/home/pi/.config/gridworks/scada-experiment
/certs/local_mqtt/local_mqtt.crt'),
                private_key_path=PosixPath('/home/pi/.config/gridworks/scada-exp
eriment/certs/local_mqtt/private/local_mqtt.pem')
            ),
            cert_reqs=<VerifyMode.CERT_REQUIRED: 2>,
            ciphers=None,
            keyfile_password=SecretStr('')
        )
    ),
    gridworks_mqtt=MQTTClient(
        host='localhost',
        port=1883,
        keepalive=60,
        bind_address='',
        bind_port=0,
        username=None,
        password=SecretStr(''),
        tls=TLSInfo(
            use_tls=False,
            port=8883,
            paths=TLSPaths(
                ca_cert_path=PosixPath('/home/pi/.config/gridworks/scada-experim
ent/certs/gridworks_mqtt/ca.crt'),
                cert_path=PosixPath('/home/pi/.config/gridworks/scada-experiment
/certs/gridworks_mqtt/gridworks_mqtt.crt'),
                private_key_path=PosixPath('/home/pi/.config/gridworks/scada-exp
eriment/certs/gridworks_mqtt/private/gridworks_mqtt.pem')
            ),
            cert_reqs=<VerifyMode.CERT_REQUIRED: 2>,
            ciphers=None,
            keyfile_password=SecretStr('')
        )
    ),
    clock_source=<ClockSource.Wall: 'Wall'>,
    seconds_per_report=300,
    seconds_per_snapshot=30,
    async_power_reporting_threshold=0.02,
    power_meter_lost_after_s=10.0,
    persister=PersisterSettings(max_bytes=524288000),
    admin=AdminLinkSettings(
        host='localhost',
        port=1883,
        keepalive=60,
        bind_address='',
        bind_port=0,
        username=None,
        password=SecretStr(''),
        tls=TLSInfo(
            use_tls=False,
            port=8883,
            paths=TLSPaths(
                ca_cert_path=PosixPath('/home/pi/.config/gridworks/scada-experim
ent/certs/admin/ca.crt'),
                cert_path=PosixPath('/home/pi/.config/gridworks/scada-experiment
/certs/admin/admin.crt'),
                private_key_path=PosixPath('/home/pi/.config/gridworks/scada-exp
eriment/certs/admin/private/admin.pem')
            ),
            cert_reqs=<VerifyMode.CERT_REQUIRED: 2>,
            ciphers=None,
            keyfile_password=SecretStr('')
        ),
        enabled=False,
        name='admin',
        max_timeout_seconds=86400
    ),
    latitude=45.6573,
    longitude=-68.7098,
    airtable_pat='bogus_pat'
)
2026-09-28 12:41:19.817 Proactor <ProactorName(long_name='hw1.isone.me.versant.keene.maple.scada.s2', short_name='s2')> reindexing events
2026-09-28 12:41:19.817 Proactor <ProactorName(long_name='hw1.isone.me.versant.keene.maple.scada.s2', short_name='s2')> reindexing complete.
  0 events present for upload, using approximately 0 KB / 0.0 MB storage space.
2026-09-28 12:41:19.850 
Subscription info for <hw1.isone.me.versant.keene.maple.scada.s2> [construction]
  Client name: <local_mqtt>  topic_dst: <s>
    Publish to: gw/hw1-isone-me-versant-keene-maple-scada-s2/to/s/SOME_MESSAGE_TYPE
    Subscriptions:
      [('gw/hw1-isone-me-versant-keene-maple-scada/to/s2/#', <QOS.AtMostOnce: 0>)]

== window boot: scada2 of hw1.isone.me.versant.keene.maple.scada for 1800s, broker localhost:1883 ==
2026-09-28 12:41:19.851 ++LinkManager.start
2026-09-28 12:41:19.852 ++generate_event gridworks.event.startup  f: 0  (p: 0)  (pr: 0  r: 0  c: 0)
2026-09-28 12:41:19.854 --generate_event gridworks.event.startup  f: 0  (p: 1)  (pr: 1  r: 0  c: 0)  problems: (0 0)  path:0x00000041
2026-09-28 12:41:19.855 --LinkManager.start
2026-09-28 12:41:19.856 WatchdogManager: []
2026-09-28 12:41:19.858 ++Proactor<s2>.join()
2026-09-28 12:41:19.860 Tasks: 5  [Proactor.join() - all tasks]
	1/5  process_messages                done:False   exception: None  <coroutine object Proactor.process_messages at 0x7fa2f5f0f0>
	2/5  Task-2                          done:False   exception: None  <coroutine object Proactor.run_forever at 0x7fa2e5ae00>
	3/5  pat_watchdog                    done:False   exception: None  <coroutine object WatchdogManager._check_pats at 0x7fa2f5e770>
	4/5  Task-1                          done:False   exception: None  <coroutine object _run_bounded at 0x7fa30f2880>
	5/5  send_ping<local_mqtt>           done:False   exception: None  <coroutine object LinkManager.send_ping at 0x7fa2e66a40>

2026-09-28 12:41:19.862 Tasks: 9  [WAITING FOR]
	1/9  zone1-living-rm-stat.join       done:False   exception: None  <coroutine object HubitatPoller.join at 0x7fa2e5b940>
	2/9  process_messages                done:False   exception: None  <coroutine object Proactor.process_messages at 0x7fa2f5f0f0>
	3/9  watchdog_manager.join           done:False   exception: None  <coroutine object WatchdogManager.join at 0x7fa2d19700>
	4/9  s2.join                         done:False   exception: None  <coroutine object PrimeActor.join at 0x7fa2e5b7c0>
	5/9  _WebManager.join                done:False   exception: None  <coroutine object _WebManager.join at 0x7fa2e5b640>
	6/9  analog-temp.join                done:False   exception: None  <coroutine object SyncThreadActor.join at 0x7fa2e5bc40>
	7/9  zone2-bedroom-stat.join         done:False   exception: None  <coroutine object HubitatPoller.join at 0x7fa2e5bac0>
	8/9  io_loop_manager.join            done:False   exception: None  <coroutine object IOLoop.join at 0x7fa2e5b400>
	9/9  send_ping<local_mqtt>           done:False   exception: None  <coroutine object LinkManager.send_ping at 0x7fa2e66a40>

2026-09-28 12:41:19.864 Tasks: 5  [DONE]
	1/5  zone1-living-rm-stat.join       done:True   exception: None  <coroutine object HubitatPoller.join at 0x7fa2e5b940>
	2/5  s2.join                         done:True   exception: None  <coroutine object PrimeActor.join at 0x7fa2e5b7c0>
	3/5  _WebManager.join                done:True   exception: None  <coroutine object _WebManager.join at 0x7fa2e5b640>
	4/5  zone2-bedroom-stat.join         done:True   exception: None  <coroutine object HubitatPoller.join at 0x7fa2e5bac0>
	5/5  io_loop_manager.join            done:True   exception: None  <coroutine object IOLoop.join at 0x7fa2e5b400>

2026-09-28 12:41:19.866 Tasks: 4  [PENDING]
	1/4  watchdog_manager.join           done:False   exception: None  <coroutine object WatchdogManager.join at 0x7fa2d19700>
	2/4  process_messages                done:False   exception: None  <coroutine object Proactor.process_messages at 0x7fa2f5f0f0>
	3/4  send_ping<local_mqtt>           done:False   exception: None  <coroutine object LinkManager.send_ping at 0x7fa2e66a40>
	4/4  analog-temp.join                done:False   exception: None  <coroutine object SyncThreadActor.join at 0x7fa2e5bc40>

2026-09-28 12:41:19.867 Tasks: 4  [WAITING FOR]
	1/4  watchdog_manager.join           done:False   exception: None  <coroutine object WatchdogManager.join at 0x7fa2d19700>
	2/4  process_messages                done:False   exception: None  <coroutine object Proactor.process_messages at 0x7fa2f5f0f0>
	3/4  send_ping<local_mqtt>           done:False   exception: None  <coroutine object LinkManager.send_ping at 0x7fa2e66a40>
	4/4  analog-temp.join                done:False   exception: None  <coroutine object SyncThreadActor.join at 0x7fa2e5bc40>

2026-09-28 12:41:19.955 
2026-09-28 12:41:19.956 ++++++++++++++++++++++++++++++++++++++++++++++++++++++++++++++++++++++++++++++++++++++++
2026-09-28 12:41:19.956 ++Proactor<s2>.process_message  [analog-temp/synced.readings]
2026-09-28 12:41:19.956   IN  internal     analog-temp to hw1.isone.me.versant.keene.maple.scada.s2     <-  [analog-temp/to/hw1.isone.me.versant.keene.maple.scada.s2/synced.readings]        SyncedReadings           
2026-09-28 12:41:19.957 ++Parentless.process_internal_message analog-temp/synced.readings
2026-09-28 12:41:19.957   OUT mqtt         analog-temp to s                                       ->  [gw/hw1-isone-me-versant-keene-maple-scada-s2/to/s/synced-readings]               SyncedReadings           
2026-09-28 12:41:19.958 --Parentless.process_internal_message  path:0x00000004
2026-09-28 12:41:19.958 --Proactor<s2>.process_message  path:0x00000401
2026-09-28 12:41:19.958 ----------------------------------------------------------------------------------------
2026-09-28 12:41:20.017 
2026-09-28 12:41:20.017 ++++++++++++++++++++++++++++++++++++++++++++++++++++++++++++++++++++++++++++++++++++++++
2026-09-28 12:41:20.017 ++Proactor<s2>.process_message  [mqtt_clients/mqtt_connected]
2026-09-28 12:41:20.018   IN  internal     mqtt_clients to proactor                               <-  [mqtt_clients/to/proactor/mqtt_connected]                                         MQTTConnectPayload       
2026-09-28 12:41:20.018 local_mqtt:  connecting -- mqtt_connected --> awaiting_setup_and_peer
2026-09-28 12:41:20.018 ++generate_event gridworks.event.comm.mqtt.connect  f: 0  (p: 1)  (pr: 1  r: 0  c: 0)
2026-09-28 12:41:20.019 --generate_event gridworks.event.comm.mqtt.connect  f: 0  (p: 2)  (pr: 2  r: 0  c: 0)  problems: (0 0)  path:0x00000043
2026-09-28 12:41:20.020 --Proactor<s2>.process_message  path:0x00000005
2026-09-28 12:41:20.020 ----------------------------------------------------------------------------------------
2026-09-28 12:41:20.022 
2026-09-28 12:41:20.022 ++++++++++++++++++++++++++++++++++++++++++++++++++++++++++++++++++++++++++++++++++++++++
2026-09-28 12:41:20.022 ++Proactor<s2>.process_message  [mqtt_clients/mqtt_suback]
2026-09-28 12:41:20.022   IN  internal     mqtt_clients to proactor                               <-  [mqtt_clients/to/proactor/mqtt_suback]                                            MQTTSubackPayload        
2026-09-28 12:41:20.023 ++Proactor<s2>._process_mqtt_suback client:local_mqtt
2026-09-28 12:41:20.023 ++LinkManager.process_mqtt_suback client:local_mqtt
2026-09-28 12:41:20.023 local_mqtt:  awaiting_setup_and_peer -- mqtt_suback --> awaiting_peer
2026-09-28 12:41:20.023 ++generate_event gridworks.event.comm.mqtt.fully.subscribed  f: 0  (p: 2)  (pr: 2  r: 0  c: 0)
2026-09-28 12:41:20.024 --generate_event gridworks.event.comm.mqtt.fully.subscribed  f: 0  (p: 3)  (pr: 3  r: 0  c: 0)  problems: (0 0)  path:0x00000043
2026-09-28 12:41:20.025   OUT mqtt         hw1.isone.me.versant.keene.maple.scada.s2 to s         ->  [gw/hw1-isone-me-versant-keene-maple-scada-s2/to/s/gridworks-ping]                Ping                      af0898f6...
2026-09-28 12:41:20.026 --LinkManager.process_mqtt_suback:1  path:0x00000007
2026-09-28 12:41:20.026 --Proactor._process_mqtt_suback:1  path:0x00000001
2026-09-28 12:41:20.026 --Proactor<s2>.process_message  path:0x00000021
2026-09-28 12:41:20.026 ----------------------------------------------------------------------------------------
2026-09-28 12:41:20.035 
2026-09-28 12:41:20.036 ++++++++++++++++++++++++++++++++++++++++++++++++++++++++++++++++++++++++++++++++++++++++
2026-09-28 12:41:20.036 ++Proactor<s2>.process_message  [gridworks-ack]
2026-09-28 12:41:20.036 ++Proactor<s2>._process_mqtt_message mqtt_clients/mqtt_message
2026-09-28 12:41:20.036   IN  mqtt         hw1.isone.me.versant.keene.maple.scada to s2           <-  [gw/hw1-isone-me-versant-keene-maple-scada/to/s2/gridworks-ack]                   Ack                       af0898f6...
2026-09-28 12:41:20.037 local_mqtt:  awaiting_peer -- message_from_peer --> active
2026-09-28 12:41:20.037 ++LinkManager._recv_activated.<local_mqtt:  awaiting_peer -- message_from_peer --> active>
2026-09-28 12:41:20.038 start_reupload: sent 3 events. 0 reupload events pending. Total events in reupload: 3.  Reuploads started: 1  completed: 0.
2026-09-28 12:41:20.038 Reuploads  reuploading:1  unacked/sent:3  pending/unsent:0  num initial:5
  unacked:3
    db789272...
    56fce011...
    9ee71ce3...
  pending:0
2026-09-28 12:41:20.038 ++_continue_reupload  3
2026-09-28 12:41:20.038 ++_reupload_event  db789272-867f-4874-afd7-052d6a2f3766
2026-09-28 12:41:20.039   OUT mqtt         hw1.isone.me.versant.keene.maple.scada.s2 to s         ->  [gw/hw1-isone-me-versant-keene-maple-scada-s2/to/s/gridworks-event-startup]       dict                      db789272...
2026-09-28 12:41:20.040 --_reupload_event:1  path:0x000000A9
2026-09-28 12:41:20.040   1 event path:0x0000000C
2026-09-28 12:41:20.040 ++_reupload_event  56fce011-bf70-4fee-ace1-587d424de323
2026-09-28 12:41:20.041   OUT mqtt         hw1.isone.me.versant.keene.maple.scada.s2 to s         ->  [gw/hw1-isone-me-versant-keene-maple-scada-s2/to/s/gridworks-event-comm-mqtt-connect]  dict                      56fce011...
2026-09-28 12:41:20.041 --_reupload_event:1  path:0x000000A9
2026-09-28 12:41:20.041   1 event path:0x0000000C
2026-09-28 12:41:20.042 ++_reupload_event  9ee71ce3-d035-466a-a4d4-9467ed8c16ec
2026-09-28 12:41:20.042   OUT mqtt         hw1.isone.me.versant.keene.maple.scada.s2 to s         ->  [gw/hw1-isone-me-versant-keene-maple-scada-s2/to/s/gridworks-event-comm-mqtt-fully-subscribed]  dict                      9ee71ce3...
2026-09-28 12:41:20.042 --_reupload_event:1  path:0x000000A9
2026-09-28 12:41:20.043   1 event path:0x0000000C
2026-09-28 12:41:20.043   1 continuation path:0x0000000E
2026-09-28 12:41:20.043 --_continue_reupload  path:0x0000001F  sent:3  tried:3  continuations:0
2026-09-28 12:41:20.043 ++generate_event gridworks.event.comm.peer.active  f: 0  (p: 3)  (pr: 3  r: 3  c: 0)
2026-09-28 12:41:20.044   OUT mqtt         hw1.isone.me.versant.keene.maple.scada.s2 to s         ->  [gw/hw1-isone-me-versant-keene-maple-scada-s2/to/s/gridworks-event-comm-peer-active]  PeerActiveEvent           078ed04b...
2026-09-28 12:41:20.045 --generate_event gridworks.event.comm.peer.active  f: 1  (p: 3)  (pr: 3  r: 3  c: 0)  problems: (0 0)  path:0x0000002B
2026-09-28 12:41:20.045 --LinkManager._recv_activated.<local_mqtt:  awaiting_peer -- message_from_peer --> active>  path:0x00000001
2026-09-28 12:41:20.046   OUT mqtt         analog-temp to s                                       ->  [gw/hw1-isone-me-versant-keene-maple-scada-s2/to/s/synced-readings]               SyncedReadings           
2026-09-28 12:41:20.046 ++LinkManager.process_ack  <local_mqtt>  af0898f6-85a7-432b-bb8a-f42695755676
2026-09-28 12:41:20.047 --LinkManager.process_ack path:0x00000001
2026-09-28 12:41:20.047 --Proactor<s2>._process_mqtt_message:1  path:0x00000017
2026-09-28 12:41:20.047 --Proactor<s2>.process_message  path:0x00000002
2026-09-28 12:41:20.047 ----------------------------------------------------------------------------------------
2026-09-28 12:41:20.048 
2026-09-28 12:41:20.049 ++++++++++++++++++++++++++++++++++++++++++++++++++++++++++++++++++++++++++++++++++++++++
2026-09-28 12:41:20.049 ++Proactor<s2>.process_message  [gridworks-ack]
2026-09-28 12:41:20.049 ++Proactor<s2>._process_mqtt_message mqtt_clients/mqtt_message
2026-09-28 12:41:20.050   IN  mqtt         hw1.isone.me.versant.keene.maple.scada to s2           <-  [gw/hw1-isone-me-versant-keene-maple-scada/to/s2/gridworks-ack]                   Ack                       db789272...
2026-09-28 12:41:20.050 ++LinkManager.process_ack  <local_mqtt>  db789272-867f-4874-afd7-052d6a2f3766
2026-09-28 12:41:20.050 --process_ack_for_reupload  Begin reuploads:
Reuploads  reuploading:1  unacked/sent:3  pending/unsent:0  num initial:5
  unacked:3
    db789272...
    56fce011...
    9ee71ce3...
  pending:0
End reuploads:
Reuploads  reuploading:1  unacked/sent:2  pending/unsent:0  num initial:5
  unacked:2
    56fce011...
    9ee71ce3...
  pending:0
path:0x00000001  reuploading: 1 -> 1  unacked: 3 -> 2  pending: 0 -> 0  
2026-09-28 12:41:20.051 ++_continue_reupload  0
2026-09-28 12:41:20.051 --_continue_reupload  path:0x00000000  sent:0  tried:0  continuations:-1
2026-09-28 12:41:20.051 --LinkManager.process_ack path:0x0000000D
2026-09-28 12:41:20.051 --Proactor<s2>._process_mqtt_message:1  path:0x00000013
2026-09-28 12:41:20.051 --Proactor<s2>.process_message  path:0x00000002
2026-09-28 12:41:20.052 ----------------------------------------------------------------------------------------
2026-09-28 12:41:20.054 
2026-09-28 12:41:20.055 ++++++++++++++++++++++++++++++++++++++++++++++++++++++++++++++++++++++++++++++++++++++++
2026-09-28 12:41:20.055 ++Proactor<s2>.process_message  [gridworks-ack]
2026-09-28 12:41:20.055 ++Proactor<s2>._process_mqtt_message mqtt_clients/mqtt_message
2026-09-28 12:41:20.055   IN  mqtt         hw1.isone.me.versant.keene.maple.scada to s2           <-  [gw/hw1-isone-me-versant-keene-maple-scada/to/s2/gridworks-ack]                   Ack                       56fce011...
2026-09-28 12:41:20.056 ++LinkManager.process_ack  <local_mqtt>  56fce011-bf70-4fee-ace1-587d424de323
2026-09-28 12:41:20.056 --process_ack_for_reupload  Begin reuploads:
Reuploads  reuploading:1  unacked/sent:2  pending/unsent:0  num initial:5
  unacked:2
    56fce011...
    9ee71ce3...
  pending:0
End reuploads:
Reuploads  reuploading:1  unacked/sent:1  pending/unsent:0  num initial:5
  unacked:1
    9ee71ce3...
  pending:0
path:0x00000001  reuploading: 1 -> 1  unacked: 2 -> 1  pending: 0 -> 0  
2026-09-28 12:41:20.056 ++_continue_reupload  0
2026-09-28 12:41:20.057 --_continue_reupload  path:0x00000000  sent:0  tried:0  continuations:-1
2026-09-28 12:41:20.057 --LinkManager.process_ack path:0x0000000D
2026-09-28 12:41:20.057 --Proactor<s2>._process_mqtt_message:1  path:0x00000013
2026-09-28 12:41:20.057 --Proactor<s2>.process_message  path:0x00000002
2026-09-28 12:41:20.057 ----------------------------------------------------------------------------------------
2026-09-28 12:41:20.075 
2026-09-28 12:41:20.075 ++++++++++++++++++++++++++++++++++++++++++++++++++++++++++++++++++++++++++++++++++++++++
2026-09-28 12:41:20.075 ++Proactor<s2>.process_message  [zone2-bedroom-stat/synced.readings]
2026-09-28 12:41:20.076   IN  internal     zone2-bedroom-stat to hw1.isone.me.versant.keene.maple.scada.s2     <-  [zone2-bedroom-stat/to/hw1.isone.me.versant.keene.maple.scada.s2/synced.readings]  SyncedReadings           
2026-09-28 12:41:20.076 ++Parentless.process_internal_message zone2-bedroom-stat/synced.readings
2026-09-28 12:41:20.076   OUT mqtt         zone2-bedroom-stat to s                                ->  [gw/hw1-isone-me-versant-keene-maple-scada-s2/to/s/synced-readings]               SyncedReadings           
2026-09-28 12:41:20.077 --Parentless.process_internal_message  path:0x00000004
2026-09-28 12:41:20.077 --Proactor<s2>.process_message  path:0x00000401
2026-09-28 12:41:20.077 ----------------------------------------------------------------------------------------
2026-09-28 12:41:20.078 
2026-09-28 12:41:20.079 ++++++++++++++++++++++++++++++++++++++++++++++++++++++++++++++++++++++++++++++++++++++++
2026-09-28 12:41:20.079 ++Proactor<s2>.process_message  [gridworks-ack]
2026-09-28 12:41:20.079 ++Proactor<s2>._process_mqtt_message mqtt_clients/mqtt_message
2026-09-28 12:41:20.080   IN  mqtt         hw1.isone.me.versant.keene.maple.scada to s2           <-  [gw/hw1-isone-me-versant-keene-maple-scada/to/s2/gridworks-ack]                   Ack                       9ee71ce3...
2026-09-28 12:41:20.080 ++LinkManager.process_ack  <local_mqtt>  9ee71ce3-d035-466a-a4d4-9467ed8c16ec
2026-09-28 12:41:20.081 Reupload completed. Reuploads started: 1  completed: 1.
2026-09-28 12:41:20.081 --process_ack_for_reupload  Begin reuploads:
Reuploads  reuploading:1  unacked/sent:1  pending/unsent:0  num initial:5
  unacked:1
    9ee71ce3...
  pending:0
End reuploads:
Reuploads  reuploading:0  unacked/sent:0  pending/unsent:0  num initial:5
  unacked:0
  pending:0
path:0x00000009  reuploading: 1 -> 0  unacked: 1 -> 0  pending: 0 -> 0  
2026-09-28 12:41:20.081 ++_continue_reupload  0
2026-09-28 12:41:20.081 --_continue_reupload  path:0x00000000  sent:0  tried:0  continuations:-1
2026-09-28 12:41:20.082 reupload complete.
2026-09-28 12:41:20.082 --LinkManager.process_ack path:0x0000001D
2026-09-28 12:41:20.082 --Proactor<s2>._process_mqtt_message:1  path:0x00000013
2026-09-28 12:41:20.082 --Proactor<s2>.process_message  path:0x00000002
2026-09-28 12:41:20.083 ----------------------------------------------------------------------------------------
2026-09-28 12:41:20.120 
2026-09-28 12:41:20.121 ++++++++++++++++++++++++++++++++++++++++++++++++++++++++++++++++++++++++++++++++++++++++
2026-09-28 12:41:20.121 ++Proactor<s2>.process_message  [gridworks-ack]
2026-09-28 12:41:20.121 ++Proactor<s2>._process_mqtt_message mqtt_clients/mqtt_message
2026-09-28 12:41:20.122   IN  mqtt         hw1.isone.me.versant.keene.maple.scada to s2           <-  [gw/hw1-isone-me-versant-keene-maple-scada/to/s2/gridworks-ack]                   Ack                       078ed04b...
2026-09-28 12:41:20.122 ++LinkManager.process_ack  <local_mqtt>  078ed04b-1266-4a3b-8a9e-e160b82c0f72
2026-09-28 12:41:20.122 --LinkManager.process_ack path:0x00000003
2026-09-28 12:41:20.123 --Proactor<s2>._process_mqtt_message:1  path:0x00000013
2026-09-28 12:41:20.123 --Proactor<s2>.process_message  path:0x00000002
2026-09-28 12:41:20.123 ----------------------------------------------------------------------------------------
2026-09-28 12:41:20.153 
2026-09-28 12:41:20.153 ++++++++++++++++++++++++++++++++++++++++++++++++++++++++++++++++++++++++++++++++++++++++
2026-09-28 12:41:20.154 ++Proactor<s2>.process_message  [zone1-living-rm-stat/synced.readings]
2026-09-28 12:41:20.154   IN  internal     zone1-living-rm-stat to hw1.isone.me.versant.keene.maple.scada.s2     <-  [zone1-living-rm-stat/to/hw1.isone.me.versant.keene.maple.scada.s2/synced.readings]  SyncedReadings           
2026-09-28 12:41:20.154 ++Parentless.process_internal_message zone1-living-rm-stat/synced.readings
2026-09-28 12:41:20.155   OUT mqtt         zone1-living-rm-stat to s                              ->  [gw/hw1-isone-me-versant-keene-maple-scada-s2/to/s/synced-readings]               SyncedReadings           
2026-09-28 12:41:20.156 --Parentless.process_internal_message  path:0x00000004
2026-09-28 12:41:20.156 --Proactor<s2>.process_message  path:0x00000401
2026-09-28 12:41:20.156 ----------------------------------------------------------------------------------------
2026-09-28 12:41:24.242 
2026-09-28 12:41:24.242 ++++++++++++++++++++++++++++++++++++++++++++++++++++++++++++++++++++++++++++++++++++++++
2026-09-28 12:41:24.242 ++Proactor<s2>.process_message  [gridworks-ping]
2026-09-28 12:41:24.243 ++Proactor<s2>._process_mqtt_message mqtt_clients/mqtt_message
2026-09-28 12:41:24.243   IN  mqtt         hw1.isone.me.versant.keene.maple.scada to s2           <-  [gw/hw1-isone-me-versant-keene-maple-scada/to/s2/gridworks-ping]                  Ping                      54fbcce6...
2026-09-28 12:41:24.244   OUT mqtt         hw1.isone.me.versant.keene.maple.scada.s2 to s         ->  [gw/hw1-isone-me-versant-keene-maple-scada-s2/to/s/gridworks-ack]                 Ack                       54fbcce6...
2026-09-28 12:41:24.245 --Proactor<s2>._process_mqtt_message:1  path:0x00000223
2026-09-28 12:41:24.245 --Proactor<s2>.process_message  path:0x00000002
2026-09-28 12:41:24.245 ----------------------------------------------------------------------------------------
2026-09-28 12:41:26.372 
2026-09-28 12:41:26.372 ++++++++++++++++++++++++++++++++++++++++++++++++++++++++++++++++++++++++++++++++++++++++
2026-09-28 12:41:26.373 ++Proactor<s2>.process_message  [analog-temp/synced.readings]
2026-09-28 12:41:26.373   IN  internal     analog-temp to hw1.isone.me.versant.keene.maple.scada.s2     <-  [analog-temp/to/hw1.isone.me.versant.keene.maple.scada.s2/synced.readings]        SyncedReadings           
2026-09-28 12:41:26.374 ++Parentless.process_internal_message analog-temp/synced.readings
2026-09-28 12:41:26.375   OUT mqtt         analog-temp to s                                       ->  [gw/hw1-isone-me-versant-keene-maple-scada-s2/to/s/synced-readings]               SyncedReadings           
2026-09-28 12:41:26.376 --Parentless.process_internal_message  path:0x00000004
2026-09-28 12:41:26.377 --Proactor<s2>.process_message  path:0x00000401
2026-09-28 12:41:26.377 ----------------------------------------------------------------------------------------
2026-09-28 12:41:35.578 
2026-09-28 12:41:35.579 ++++++++++++++++++++++++++++++++++++++++++++++++++++++++++++++++++++++++++++++++++++++++
2026-09-28 12:41:35.580 ++Proactor<s2>.process_message  [analog-temp/synced.readings]
2026-09-28 12:41:35.581   IN  internal     analog-temp to hw1.isone.me.versant.keene.maple.scada.s2     <-  [analog-temp/to/hw1.isone.me.versant.keene.maple.scada.s2/synced.readings]        SyncedReadings           
2026-09-28 12:41:35.581 ++Parentless.process_internal_message analog-temp/synced.readings
2026-09-28 12:41:35.583   OUT mqtt         analog-temp to s                                       ->  [gw/hw1-isone-me-versant-keene-maple-scada-s2/to/s/synced-readings]               SyncedReadings           
2026-09-28 12:41:35.584 --Parentless.process_internal_message  path:0x00000004
2026-09-28 12:41:35.584 --Proactor<s2>.process_message  path:0x00000401
2026-09-28 12:41:35.585 ----------------------------------------------------------------------------------------
2026-09-28 12:41:50.571 
2026-09-28 12:41:50.572 ++++++++++++++++++++++++++++++++++++++++++++++++++++++++++++++++++++++++++++++++++++++++
2026-09-28 12:41:50.572 ++Proactor<s2>.process_message  [analog-temp/synced.readings]
2026-09-28 12:41:50.572   IN  internal     analog-temp to hw1.isone.me.versant.keene.maple.scada.s2     <-  [analog-temp/to/hw1.isone.me.versant.keene.maple.scada.s2/synced.readings]        SyncedReadings           
2026-09-28 12:41:50.572 ++Parentless.process_internal_message analog-temp/synced.readings
2026-09-28 12:41:50.573   OUT mqtt         analog-temp to s                                       ->  [gw/hw1-isone-me-versant-keene-maple-scada-s2/to/s/synced-readings]               SyncedReadings           
2026-09-28 12:41:50.573 --Parentless.process_internal_message  path:0x00000004
2026-09-28 12:41:50.574 --Proactor<s2>.process_message  path:0x00000401
2026-09-28 12:41:50.574 ----------------------------------------------------------------------------------------
2026-09-28 12:41:57.589 
2026-09-28 12:41:57.589 ++++++++++++++++++++++++++++++++++++++++++++++++++++++++++++++++++++++++++++++++++++++++
2026-09-28 12:41:57.590 ++Proactor<s2>.process_message  [analog-temp/synced.readings]
2026-09-28 12:41:57.591   IN  internal     analog-temp to hw1.isone.me.versant.keene.maple.scada.s2     <-  [analog-temp/to/hw1.isone.me.versant.keene.maple.scada.s2/synced.readings]        SyncedReadings           
2026-09-28 12:41:57.591 ++Parentless.process_internal_message analog-temp/synced.readings
2026-09-28 12:41:57.593   OUT mqtt         analog-temp to s                                       ->  [gw/hw1-isone-me-versant-keene-maple-scada-s2/to/s/synced-readings]               SyncedReadings           
2026-09-28 12:41:57.594 --Parentless.process_internal_message  path:0x00000004
2026-09-28 12:41:57.594 --Proactor<s2>.process_message  path:0x00000401
2026-09-28 12:41:57.595 ----------------------------------------------------------------------------------------
2026-09-28 12:41:59.989 
2026-09-28 12:41:59.990 ++++++++++++++++++++++++++++++++++++++++++++++++++++++++++++++++++++++++++++++++++++++++
2026-09-28 12:41:59.990 ++Proactor<s2>.process_message  [analog-temp/synced.readings]
2026-09-28 12:41:59.991   IN  internal     analog-temp to hw1.isone.me.versant.keene.maple.scada.s2     <-  [analog-temp/to/hw1.isone.me.versant.keene.maple.scada.s2/synced.readings]        SyncedReadings           
2026-09-28 12:41:59.992 ++Parentless.process_internal_message analog-temp/synced.readings
2026-09-28 12:41:59.993   OUT mqtt         analog-temp to s                                       ->  [gw/hw1-isone-me-versant-keene-maple-scada-s2/to/s/synced-readings]               SyncedReadings           
2026-09-28 12:41:59.994 --Parentless.process_internal_message  path:0x00000004
2026-09-28 12:41:59.994 --Proactor<s2>.process_message  path:0x00000401
2026-09-28 12:41:59.995 ----------------------------------------------------------------------------------------
2026-09-28 12:42:00.590 
2026-09-28 12:42:00.591 ++++++++++++++++++++++++++++++++++++++++++++++++++++++++++++++++++++++++++++++++++++++++
2026-09-28 12:42:00.592 ++Proactor<s2>.process_message  [analog-temp/synced.readings]
2026-09-28 12:42:00.592   IN  internal     analog-temp to hw1.isone.me.versant.keene.maple.scada.s2     <-  [analog-temp/to/hw1.isone.me.versant.keene.maple.scada.s2/synced.readings]        SyncedReadings           
2026-09-28 12:42:00.593 ++Parentless.process_internal_message analog-temp/synced.readings
2026-09-28 12:42:00.594   OUT mqtt         analog-temp to s                                       ->  [gw/hw1-isone-me-versant-keene-maple-scada-s2/to/s/synced-readings]               SyncedReadings           
2026-09-28 12:42:00.595 --Parentless.process_internal_message  path:0x00000004
2026-09-28 12:42:00.596 --Proactor<s2>.process_message  path:0x00000401
2026-09-28 12:42:00.596 ----------------------------------------------------------------------------------------
2026-09-28 12:42:02.576 
2026-09-28 12:42:02.577 ++++++++++++++++++++++++++++++++++++++++++++++++++++++++++++++++++++++++++++++++++++++++
2026-09-28 12:42:02.577 ++Proactor<s2>.process_message  [analog-temp/synced.readings]
2026-09-28 12:42:02.577   IN  internal     analog-temp to hw1.isone.me.versant.keene.maple.scada.s2     <-  [analog-temp/to/hw1.isone.me.versant.keene.maple.scada.s2/synced.readings]        SyncedReadings           
2026-09-28 12:42:02.577 ++Parentless.process_internal_message analog-temp/synced.readings
2026-09-28 12:42:02.578   OUT mqtt         analog-temp to s                                       ->  [gw/hw1-isone-me-versant-keene-maple-scada-s2/to/s/synced-readings]               SyncedReadings           
2026-09-28 12:42:02.578 --Parentless.process_internal_message  path:0x00000004
2026-09-28 12:42:02.579 --Proactor<s2>.process_message  path:0x00000401
2026-09-28 12:42:02.579 ----------------------------------------------------------------------------------------
2026-09-28 12:42:03.378 
2026-09-28 12:42:03.378 ++++++++++++++++++++++++++++++++++++++++++++++++++++++++++++++++++++++++++++++++++++++++
2026-09-28 12:42:03.378 ++Proactor<s2>.process_message  [analog-temp/synced.readings]
2026-09-28 12:42:03.378   IN  internal     analog-temp to hw1.isone.me.versant.keene.maple.scada.s2     <-  [analog-temp/to/hw1.isone.me.versant.keene.maple.scada.s2/synced.readings]        SyncedReadings           
2026-09-28 12:42:03.379 ++Parentless.process_internal_message analog-temp/synced.readings
2026-09-28 12:42:03.379   OUT mqtt         analog-temp to s                                       ->  [gw/hw1-isone-me-versant-keene-maple-scada-s2/to/s/synced-readings]               SyncedReadings           
2026-09-28 12:42:03.380 --Parentless.process_internal_message  path:0x00000004
2026-09-28 12:42:03.380 --Proactor<s2>.process_message  path:0x00000401
2026-09-28 12:42:03.380 ----------------------------------------------------------------------------------------
2026-09-28 12:42:05.177 
2026-09-28 12:42:05.177 ++++++++++++++++++++++++++++++++++++++++++++++++++++++++++++++++++++++++++++++++++++++++
2026-09-28 12:42:05.178 ++Proactor<s2>.process_message  [analog-temp/synced.readings]
2026-09-28 12:42:05.178   IN  internal     analog-temp to hw1.isone.me.versant.keene.maple.scada.s2     <-  [analog-temp/to/hw1.isone.me.versant.keene.maple.scada.s2/synced.readings]        SyncedReadings           
2026-09-28 12:42:05.178 ++Parentless.process_internal_message analog-temp/synced.readings
2026-09-28 12:42:05.179   OUT mqtt         analog-temp to s                                       ->  [gw/hw1-isone-me-versant-keene-maple-scada-s2/to/s/synced-readings]               SyncedReadings           
2026-09-28 12:42:05.179 --Parentless.process_internal_message  path:0x00000004
2026-09-28 12:42:05.179 --Proactor<s2>.process_message  path:0x00000401
2026-09-28 12:42:05.180 ----------------------------------------------------------------------------------------
2026-09-28 12:42:08.194 
2026-09-28 12:42:08.195 ++++++++++++++++++++++++++++++++++++++++++++++++++++++++++++++++++++++++++++++++++++++++
2026-09-28 12:42:08.195 ++Proactor<s2>.process_message  [analog-temp/synced.readings]
2026-09-28 12:42:08.196   IN  internal     analog-temp to hw1.isone.me.versant.keene.maple.scada.s2     <-  [analog-temp/to/hw1.isone.me.versant.keene.maple.scada.s2/synced.readings]        SyncedReadings           
2026-09-28 12:42:08.197 ++Parentless.process_internal_message analog-temp/synced.readings
2026-09-28 12:42:08.198   OUT mqtt         analog-temp to s                                       ->  [gw/hw1-isone-me-versant-keene-maple-scada-s2/to/s/synced-readings]               SyncedReadings           
2026-09-28 12:42:08.199 --Parentless.process_internal_message  path:0x00000004
2026-09-28 12:42:08.200 --Proactor<s2>.process_message  path:0x00000401
2026-09-28 12:42:08.201 ----------------------------------------------------------------------------------------
2026-09-28 12:42:08.994 
2026-09-28 12:42:08.995 ++++++++++++++++++++++++++++++++++++++++++++++++++++++++++++++++++++++++++++++++++++++++
2026-09-28 12:42:08.996 ++Proactor<s2>.process_message  [analog-temp/synced.readings]
2026-09-28 12:42:08.996   IN  internal     analog-temp to hw1.isone.me.versant.keene.maple.scada.s2     <-  [analog-temp/to/hw1.isone.me.versant.keene.maple.scada.s2/synced.readings]        SyncedReadings           
2026-09-28 12:42:08.997 ++Parentless.process_internal_message analog-temp/synced.readings
2026-09-28 12:42:08.998   OUT mqtt         analog-temp to s                                       ->  [gw/hw1-isone-me-versant-keene-maple-scada-s2/to/s/synced-readings]               SyncedReadings           
2026-09-28 12:42:08.999 --Parentless.process_internal_message  path:0x00000004
2026-09-28 12:42:09.000 --Proactor<s2>.process_message  path:0x00000401
2026-09-28 12:42:09.001 ----------------------------------------------------------------------------------------
2026-09-28 12:42:10.597 
2026-09-28 12:42:10.597 ++++++++++++++++++++++++++++++++++++++++++++++++++++++++++++++++++++++++++++++++++++++++
2026-09-28 12:42:10.598 ++Proactor<s2>.process_message  [analog-temp/synced.readings]
2026-09-28 12:42:10.598   IN  internal     analog-temp to hw1.isone.me.versant.keene.maple.scada.s2     <-  [analog-temp/to/hw1.isone.me.versant.keene.maple.scada.s2/synced.readings]        SyncedReadings           
2026-09-28 12:42:10.599 ++Parentless.process_internal_message analog-temp/synced.readings
2026-09-28 12:42:10.600   OUT mqtt         analog-temp to s                                       ->  [gw/hw1-isone-me-versant-keene-maple-scada-s2/to/s/synced-readings]               SyncedReadings           
2026-09-28 12:42:10.601 --Parentless.process_internal_message  path:0x00000004
2026-09-28 12:42:10.602 --Proactor<s2>.process_message  path:0x00000401
2026-09-28 12:42:10.602 ----------------------------------------------------------------------------------------
2026-09-28 12:42:12.396 
2026-09-28 12:42:12.397 ++++++++++++++++++++++++++++++++++++++++++++++++++++++++++++++++++++++++++++++++++++++++
2026-09-28 12:42:12.397 ++Proactor<s2>.process_message  [analog-temp/synced.readings]
2026-09-28 12:42:12.398   IN  internal     analog-temp to hw1.isone.me.versant.keene.maple.scada.s2     <-  [analog-temp/to/hw1.isone.me.versant.keene.maple.scada.s2/synced.readings]        SyncedReadings           
2026-09-28 12:42:12.398 ++Parentless.process_internal_message analog-temp/synced.readings
2026-09-28 12:42:12.400   OUT mqtt         analog-temp to s                                       ->  [gw/hw1-isone-me-versant-keene-maple-scada-s2/to/s/synced-readings]               SyncedReadings           
2026-09-28 12:42:12.401 --Parentless.process_internal_message  path:0x00000004
2026-09-28 12:42:12.401 --Proactor<s2>.process_message  path:0x00000401
2026-09-28 12:42:12.402 ----------------------------------------------------------------------------------------
2026-09-28 12:42:13.798 
2026-09-28 12:42:13.799 ++++++++++++++++++++++++++++++++++++++++++++++++++++++++++++++++++++++++++++++++++++++++
2026-09-28 12:42:13.800 ++Proactor<s2>.process_message  [analog-temp/synced.readings]
2026-09-28 12:42:13.800   IN  internal     analog-temp to hw1.isone.me.versant.keene.maple.scada.s2     <-  [analog-temp/to/hw1.isone.me.versant.keene.maple.scada.s2/synced.readings]        SyncedReadings           
2026-09-28 12:42:13.801 ++Parentless.process_internal_message analog-temp/synced.readings
2026-09-28 12:42:13.802   OUT mqtt         analog-temp to s                                       ->  [gw/hw1-isone-me-versant-keene-maple-scada-s2/to/s/synced-readings]               SyncedReadings           
2026-09-28 12:42:13.803 --Parentless.process_internal_message  path:0x00000004
2026-09-28 12:42:13.804 --Proactor<s2>.process_message  path:0x00000401
2026-09-28 12:42:13.804 ----------------------------------------------------------------------------------------
2026-09-28 12:42:15.200 
2026-09-28 12:42:15.201 ++++++++++++++++++++++++++++++++++++++++++++++++++++++++++++++++++++++++++++++++++++++++
2026-09-28 12:42:15.201 ++Proactor<s2>.process_message  [analog-temp/synced.readings]
2026-09-28 12:42:15.202   IN  internal     analog-temp to hw1.isone.me.versant.keene.maple.scada.s2     <-  [analog-temp/to/hw1.isone.me.versant.keene.maple.scada.s2/synced.readings]        SyncedReadings           
2026-09-28 12:42:15.203 ++Parentless.process_internal_message analog-temp/synced.readings
2026-09-28 12:42:15.205   OUT mqtt         analog-temp to s                                       ->  [gw/hw1-isone-me-versant-keene-maple-scada-s2/to/s/synced-readings]               SyncedReadings           
2026-09-28 12:42:15.207 --Parentless.process_internal_message  path:0x00000004
2026-09-28 12:42:15.208 --Proactor<s2>.process_message  path:0x00000401
2026-09-28 12:42:15.208 ----------------------------------------------------------------------------------------
2026-09-28 12:42:16.383 
2026-09-28 12:42:16.384 ++++++++++++++++++++++++++++++++++++++++++++++++++++++++++++++++++++++++++++++++++++++++
2026-09-28 12:42:16.384 ++Proactor<s2>.process_message  [analog-temp/synced.readings]
2026-09-28 12:42:16.384   IN  internal     analog-temp to hw1.isone.me.versant.keene.maple.scada.s2     <-  [analog-temp/to/hw1.isone.me.versant.keene.maple.scada.s2/synced.readings]        SyncedReadings           
2026-09-28 12:42:16.384 ++Parentless.process_internal_message analog-temp/synced.readings
2026-09-28 12:42:16.385   OUT mqtt         analog-temp to s                                       ->  [gw/hw1-isone-me-versant-keene-maple-scada-s2/to/s/synced-readings]               SyncedReadings           
2026-09-28 12:42:16.385 --Parentless.process_internal_message  path:0x00000004
2026-09-28 12:42:16.386 --Proactor<s2>.process_message  path:0x00000401
2026-09-28 12:42:16.386 ----------------------------------------------------------------------------------------
2026-09-28 12:42:16.583 
2026-09-28 12:42:16.583 ++++++++++++++++++++++++++++++++++++++++++++++++++++++++++++++++++++++++++++++++++++++++
2026-09-28 12:42:16.584 ++Proactor<s2>.process_message  [analog-temp/synced.readings]
2026-09-28 12:42:16.584   IN  internal     analog-temp to hw1.isone.me.versant.keene.maple.scada.s2     <-  [analog-temp/to/hw1.isone.me.versant.keene.maple.scada.s2/synced.readings]        SyncedReadings           
2026-09-28 12:42:16.584 ++Parentless.process_internal_message analog-temp/synced.readings
2026-09-28 12:42:16.585   OUT mqtt         analog-temp to s                                       ->  [gw/hw1-isone-me-versant-keene-maple-scada-s2/to/s/synced-readings]               SyncedReadings           
2026-09-28 12:42:16.585 --Parentless.process_internal_message  path:0x00000004
2026-09-28 12:42:16.585 --Proactor<s2>.process_message  path:0x00000401
2026-09-28 12:42:16.585 ----------------------------------------------------------------------------------------
2026-09-28 12:42:17.384 
2026-09-28 12:42:17.384 ++++++++++++++++++++++++++++++++++++++++++++++++++++++++++++++++++++++++++++++++++++++++
2026-09-28 12:42:17.384 ++Proactor<s2>.process_message  [analog-temp/synced.readings]
2026-09-28 12:42:17.384   IN  internal     analog-temp to hw1.isone.me.versant.keene.maple.scada.s2     <-  [analog-temp/to/hw1.isone.me.versant.keene.maple.scada.s2/synced.readings]        SyncedReadings           
2026-09-28 12:42:17.385 ++Parentless.process_internal_message analog-temp/synced.readings
2026-09-28 12:42:17.385   OUT mqtt         analog-temp to s                                       ->  [gw/hw1-isone-me-versant-keene-maple-scada-s2/to/s/synced-readings]               SyncedReadings           
2026-09-28 12:42:17.386 --Parentless.process_internal_message  path:0x00000004
2026-09-28 12:42:17.386 --Proactor<s2>.process_message  path:0x00000401
2026-09-28 12:42:17.386 ----------------------------------------------------------------------------------------
2026-09-28 12:42:18.384 
2026-09-28 12:42:18.384 ++++++++++++++++++++++++++++++++++++++++++++++++++++++++++++++++++++++++++++++++++++++++
2026-09-28 12:42:18.384 ++Proactor<s2>.process_message  [analog-temp/synced.readings]
2026-09-28 12:42:18.384   IN  internal     analog-temp to hw1.isone.me.versant.keene.maple.scada.s2     <-  [analog-temp/to/hw1.isone.me.versant.keene.maple.scada.s2/synced.readings]        SyncedReadings           
2026-09-28 12:42:18.384 ++Parentless.process_internal_message analog-temp/synced.readings
2026-09-28 12:42:18.385   OUT mqtt         analog-temp to s                                       ->  [gw/hw1-isone-me-versant-keene-maple-scada-s2/to/s/synced-readings]               SyncedReadings           
2026-09-28 12:42:18.385 --Parentless.process_internal_message  path:0x00000004
2026-09-28 12:42:18.386 --Proactor<s2>.process_message  path:0x00000401
2026-09-28 12:42:18.386 ----------------------------------------------------------------------------------------
2026-09-28 12:42:19.384 
2026-09-28 12:42:19.385 ++++++++++++++++++++++++++++++++++++++++++++++++++++++++++++++++++++++++++++++++++++++++
2026-09-28 12:42:19.385 ++Proactor<s2>.process_message  [analog-temp/synced.readings]
2026-09-28 12:42:19.385   IN  internal     analog-temp to hw1.isone.me.versant.keene.maple.scada.s2     <-  [analog-temp/to/hw1.isone.me.versant.keene.maple.scada.s2/synced.readings]        SyncedReadings           
2026-09-28 12:42:19.385 ++Parentless.process_internal_message analog-temp/synced.readings
2026-09-28 12:42:19.386   OUT mqtt         analog-temp to s                                       ->  [gw/hw1-isone-me-versant-keene-maple-scada-s2/to/s/synced-readings]               SyncedReadings           
2026-09-28 12:42:19.386 --Parentless.process_internal_message  path:0x00000004
2026-09-28 12:42:19.386 --Proactor<s2>.process_message  path:0x00000401
2026-09-28 12:42:19.387 ----------------------------------------------------------------------------------------
2026-09-28 12:42:19.984 
2026-09-28 12:42:19.984 ++++++++++++++++++++++++++++++++++++++++++++++++++++++++++++++++++++++++++++++++++++++++
2026-09-28 12:42:19.985 ++Proactor<s2>.process_message  [analog-temp/synced.readings]
2026-09-28 12:42:19.985   IN  internal     analog-temp to hw1.isone.me.versant.keene.maple.scada.s2     <-  [analog-temp/to/hw1.isone.me.versant.keene.maple.scada.s2/synced.readings]        SyncedReadings           
2026-09-28 12:42:19.985 ++Parentless.process_internal_message analog-temp/synced.readings
2026-09-28 12:42:19.986   OUT mqtt         analog-temp to s                                       ->  [gw/hw1-isone-me-versant-keene-maple-scada-s2/to/s/synced-readings]               SyncedReadings           
2026-09-28 12:42:19.986 --Parentless.process_internal_message  path:0x00000004
2026-09-28 12:42:19.986 --Proactor<s2>.process_message  path:0x00000401
2026-09-28 12:42:19.986 ----------------------------------------------------------------------------------------
2026-09-28 12:42:20.401 
2026-09-28 12:42:20.402 ++++++++++++++++++++++++++++++++++++++++++++++++++++++++++++++++++++++++++++++++++++++++
2026-09-28 12:42:20.402 ++Proactor<s2>.process_message  [analog-temp/synced.readings]
2026-09-28 12:42:20.403   IN  internal     analog-temp to hw1.isone.me.versant.keene.maple.scada.s2     <-  [analog-temp/to/hw1.isone.me.versant.keene.maple.scada.s2/synced.readings]        SyncedReadings           
2026-09-28 12:42:20.404 ++Parentless.process_internal_message analog-temp/synced.readings
2026-09-28 12:42:20.405   OUT mqtt         analog-temp to s                                       ->  [gw/hw1-isone-me-versant-keene-maple-scada-s2/to/s/synced-readings]               SyncedReadings           
2026-09-28 12:42:20.406 --Parentless.process_internal_message  path:0x00000004
2026-09-28 12:42:20.407 --Proactor<s2>.process_message  path:0x00000401
2026-09-28 12:42:20.408 ----------------------------------------------------------------------------------------
2026-09-28 12:42:21.201 
2026-09-28 12:42:21.202 ++++++++++++++++++++++++++++++++++++++++++++++++++++++++++++++++++++++++++++++++++++++++
2026-09-28 12:42:21.203 ++Proactor<s2>.process_message  [analog-temp/synced.readings]
2026-09-28 12:42:21.203   IN  internal     analog-temp to hw1.isone.me.versant.keene.maple.scada.s2     <-  [analog-temp/to/hw1.isone.me.versant.keene.maple.scada.s2/synced.readings]        SyncedReadings           
2026-09-28 12:42:21.204 ++Parentless.process_internal_message analog-temp/synced.readings
2026-09-28 12:42:21.205   OUT mqtt         analog-temp to s                                       ->  [gw/hw1-isone-me-versant-keene-maple-scada-s2/to/s/synced-readings]               SyncedReadings           
2026-09-28 12:42:21.206 --Parentless.process_internal_message  path:0x00000004
2026-09-28 12:42:21.207 --Proactor<s2>.process_message  path:0x00000401
2026-09-28 12:42:21.208 ----------------------------------------------------------------------------------------
2026-09-28 12:42:21.402 
2026-09-28 12:42:21.402 ++++++++++++++++++++++++++++++++++++++++++++++++++++++++++++++++++++++++++++++++++++++++
2026-09-28 12:42:21.403 ++Proactor<s2>.process_message  [analog-temp/synced.readings]
2026-09-28 12:42:21.404   IN  internal     analog-temp to hw1.isone.me.versant.keene.maple.scada.s2     <-  [analog-temp/to/hw1.isone.me.versant.keene.maple.scada.s2/synced.readings]        SyncedReadings           
2026-09-28 12:42:21.404 ++Parentless.process_internal_message analog-temp/synced.readings
2026-09-28 12:42:21.406   OUT mqtt         analog-temp to s                                       ->  [gw/hw1-isone-me-versant-keene-maple-scada-s2/to/s/synced-readings]               SyncedReadings           
2026-09-28 12:42:21.407 --Parentless.process_internal_message  path:0x00000004
2026-09-28 12:42:21.407 --Proactor<s2>.process_message  path:0x00000401
2026-09-28 12:42:21.408 ----------------------------------------------------------------------------------------
2026-09-28 12:42:22.402 
2026-09-28 12:42:22.403 ++++++++++++++++++++++++++++++++++++++++++++++++++++++++++++++++++++++++++++++++++++++++
2026-09-28 12:42:22.403 ++Proactor<s2>.process_message  [analog-temp/synced.readings]
2026-09-28 12:42:22.404   IN  internal     analog-temp to hw1.isone.me.versant.keene.maple.scada.s2     <-  [analog-temp/to/hw1.isone.me.versant.keene.maple.scada.s2/synced.readings]        SyncedReadings           
2026-09-28 12:42:22.405 ++Parentless.process_internal_message analog-temp/synced.readings
2026-09-28 12:42:22.406   OUT mqtt         analog-temp to s                                       ->  [gw/hw1-isone-me-versant-keene-maple-scada-s2/to/s/synced-readings]               SyncedReadings           
2026-09-28 12:42:22.407 --Parentless.process_internal_message  path:0x00000004
2026-09-28 12:42:22.408 --Proactor<s2>.process_message  path:0x00000401
2026-09-28 12:42:22.408 ----------------------------------------------------------------------------------------
2026-09-28 12:42:23.402 
2026-09-28 12:42:23.403 ++++++++++++++++++++++++++++++++++++++++++++++++++++++++++++++++++++++++++++++++++++++++
2026-09-28 12:42:23.404 ++Proactor<s2>.process_message  [analog-temp/synced.readings]
2026-09-28 12:42:23.404   IN  internal     analog-temp to hw1.isone.me.versant.keene.maple.scada.s2     <-  [analog-temp/to/hw1.isone.me.versant.keene.maple.scada.s2/synced.readings]        SyncedReadings           
2026-09-28 12:42:23.405 ++Parentless.process_internal_message analog-temp/synced.readings
2026-09-28 12:42:23.407   OUT mqtt         analog-temp to s                                       ->  [gw/hw1-isone-me-versant-keene-maple-scada-s2/to/s/synced-readings]               SyncedReadings           
2026-09-28 12:42:23.408 --Parentless.process_internal_message  path:0x00000004
2026-09-28 12:42:23.408 --Proactor<s2>.process_message  path:0x00000401
2026-09-28 12:42:23.409 ----------------------------------------------------------------------------------------
2026-09-28 12:42:24.247 
2026-09-28 12:42:24.248 ++++++++++++++++++++++++++++++++++++++++++++++++++++++++++++++++++++++++++++++++++++++++
2026-09-28 12:42:24.248 ++Proactor<s2>.process_message  [gridworks-ping]
2026-09-28 12:42:24.248 ++Proactor<s2>._process_mqtt_message mqtt_clients/mqtt_message
2026-09-28 12:42:24.250   IN  mqtt         hw1.isone.me.versant.keene.maple.scada to s2           <-  [gw/hw1-isone-me-versant-keene-maple-scada/to/s2/gridworks-ping]                  Ping                      36cde7b4...
2026-09-28 12:42:24.251   OUT mqtt         hw1.isone.me.versant.keene.maple.scada.s2 to s         ->  [gw/hw1-isone-me-versant-keene-maple-scada-s2/to/s/gridworks-ack]                 Ack                       36cde7b4...
2026-09-28 12:42:24.252 --Proactor<s2>._process_mqtt_message:1  path:0x00000223
2026-09-28 12:42:24.252 --Proactor<s2>.process_message  path:0x00000002
2026-09-28 12:42:24.253 ----------------------------------------------------------------------------------------
2026-09-28 12:42:24.403 
2026-09-28 12:42:24.406 ++++++++++++++++++++++++++++++++++++++++++++++++++++++++++++++++++++++++++++++++++++++++
2026-09-28 12:42:24.407 ++Proactor<s2>.process_message  [analog-temp/synced.readings]
2026-09-28 12:42:24.408   IN  internal     analog-temp to hw1.isone.me.versant.keene.maple.scada.s2     <-  [analog-temp/to/hw1.isone.me.versant.keene.maple.scada.s2/synced.readings]        SyncedReadings           
2026-09-28 12:42:24.408 ++Parentless.process_internal_message analog-temp/synced.readings
2026-09-28 12:42:24.409   OUT mqtt         analog-temp to s                                       ->  [gw/hw1-isone-me-versant-keene-maple-scada-s2/to/s/synced-readings]               SyncedReadings           
2026-09-28 12:42:24.410 --Parentless.process_internal_message  path:0x00000004
2026-09-28 12:42:24.411 --Proactor<s2>.process_message  path:0x00000401
2026-09-28 12:42:24.411 ----------------------------------------------------------------------------------------
2026-09-28 12:42:25.406 
2026-09-28 12:42:25.406 ++++++++++++++++++++++++++++++++++++++++++++++++++++++++++++++++++++++++++++++++++++++++
2026-09-28 12:42:25.407 ++Proactor<s2>.process_message  [analog-temp/synced.readings]
2026-09-28 12:42:25.408   IN  internal     analog-temp to hw1.isone.me.versant.keene.maple.scada.s2     <-  [analog-temp/to/hw1.isone.me.versant.keene.maple.scada.s2/synced.readings]        SyncedReadings           
2026-09-28 12:42:25.408 ++Parentless.process_internal_message analog-temp/synced.readings
2026-09-28 12:42:25.410   OUT mqtt         analog-temp to s                                       ->  [gw/hw1-isone-me-versant-keene-maple-scada-s2/to/s/synced-readings]               SyncedReadings           
2026-09-28 12:42:25.411 --Parentless.process_internal_message  path:0x00000004
2026-09-28 12:42:25.412 --Proactor<s2>.process_message  path:0x00000401
2026-09-28 12:42:25.413 ----------------------------------------------------------------------------------------
2026-09-28 12:42:26.404 
2026-09-28 12:42:26.405 ++++++++++++++++++++++++++++++++++++++++++++++++++++++++++++++++++++++++++++++++++++++++
2026-09-28 12:42:26.406 ++Proactor<s2>.process_message  [analog-temp/synced.readings]
2026-09-28 12:42:26.406   IN  internal     analog-temp to hw1.isone.me.versant.keene.maple.scada.s2     <-  [analog-temp/to/hw1.isone.me.versant.keene.maple.scada.s2/synced.readings]        SyncedReadings           
2026-09-28 12:42:26.407 ++Parentless.process_internal_message analog-temp/synced.readings
2026-09-28 12:42:26.408   OUT mqtt         analog-temp to s                                       ->  [gw/hw1-isone-me-versant-keene-maple-scada-s2/to/s/synced-readings]               SyncedReadings           
2026-09-28 12:42:26.409 --Parentless.process_internal_message  path:0x00000004
2026-09-28 12:42:26.410 --Proactor<s2>.process_message  path:0x00000401
2026-09-28 12:42:26.411 ----------------------------------------------------------------------------------------
2026-09-28 12:42:27.405 
2026-09-28 12:42:27.406 ++++++++++++++++++++++++++++++++++++++++++++++++++++++++++++++++++++++++++++++++++++++++
2026-09-28 12:42:27.406 ++Proactor<s2>.process_message  [analog-temp/synced.readings]
2026-09-28 12:42:27.407   IN  internal     analog-temp to hw1.isone.me.versant.keene.maple.scada.s2     <-  [analog-temp/to/hw1.isone.me.versant.keene.maple.scada.s2/synced.readings]        SyncedReadings           
2026-09-28 12:42:27.407 ++Parentless.process_internal_message analog-temp/synced.readings
2026-09-28 12:42:27.408   OUT mqtt         analog-temp to s                                       ->  [gw/hw1-isone-me-versant-keene-maple-scada-s2/to/s/synced-readings]               SyncedReadings           
2026-09-28 12:42:27.409 --Parentless.process_internal_message  path:0x00000004
2026-09-28 12:42:27.410 --Proactor<s2>.process_message  path:0x00000401
2026-09-28 12:42:27.410 ----------------------------------------------------------------------------------------
2026-09-28 12:42:27.990 
2026-09-28 12:42:27.990 ++++++++++++++++++++++++++++++++++++++++++++++++++++++++++++++++++++++++++++++++++++++++
2026-09-28 12:42:27.990 ++Proactor<s2>.process_message  [analog-temp/synced.readings]
2026-09-28 12:42:27.990   IN  internal     analog-temp to hw1.isone.me.versant.keene.maple.scada.s2     <-  [analog-temp/to/hw1.isone.me.versant.keene.maple.scada.s2/synced.readings]        SyncedReadings           
2026-09-28 12:42:27.991 ++Parentless.process_internal_message analog-temp/synced.readings
2026-09-28 12:42:27.991   OUT mqtt         analog-temp to s                                       ->  [gw/hw1-isone-me-versant-keene-maple-scada-s2/to/s/synced-readings]               SyncedReadings           
2026-09-28 12:42:27.992 --Parentless.process_internal_message  path:0x00000004
2026-09-28 12:42:27.992 --Proactor<s2>.process_message  path:0x00000401
2026-09-28 12:42:27.992 ----------------------------------------------------------------------------------------
2026-09-28 12:42:28.191 
2026-09-28 12:42:28.191 ++++++++++++++++++++++++++++++++++++++++++++++++++++++++++++++++++++++++++++++++++++++++
2026-09-28 12:42:28.191 ++Proactor<s2>.process_message  [analog-temp/synced.readings]
2026-09-28 12:42:28.192   IN  internal     analog-temp to hw1.isone.me.versant.keene.maple.scada.s2     <-  [analog-temp/to/hw1.isone.me.versant.keene.maple.scada.s2/synced.readings]        SyncedReadings           
2026-09-28 12:42:28.192 ++Parentless.process_internal_message analog-temp/synced.readings
2026-09-28 12:42:28.193   OUT mqtt         analog-temp to s                                       ->  [gw/hw1-isone-me-versant-keene-maple-scada-s2/to/s/synced-readings]               SyncedReadings           
2026-09-28 12:42:28.193 --Parentless.process_internal_message  path:0x00000004
2026-09-28 12:42:28.194 --Proactor<s2>.process_message  path:0x00000401
2026-09-28 12:42:28.194 ----------------------------------------------------------------------------------------
2026-09-28 12:42:28.391 
2026-09-28 12:42:28.391 ++++++++++++++++++++++++++++++++++++++++++++++++++++++++++++++++++++++++++++++++++++++++
2026-09-28 12:42:28.392 ++Proactor<s2>.process_message  [analog-temp/synced.readings]
2026-09-28 12:42:28.392   IN  internal     analog-temp to hw1.isone.me.versant.keene.maple.scada.s2     <-  [analog-temp/to/hw1.isone.me.versant.keene.maple.scada.s2/synced.readings]        SyncedReadings           
2026-09-28 12:42:28.393 ++Parentless.process_internal_message analog-temp/synced.readings
2026-09-28 12:42:28.393   OUT mqtt         analog-temp to s                                       ->  [gw/hw1-isone-me-versant-keene-maple-scada-s2/to/s/synced-readings]               SyncedReadings           
2026-09-28 12:42:28.394 --Parentless.process_internal_message  path:0x00000004
2026-09-28 12:42:28.394 --Proactor<s2>.process_message  path:0x00000401
2026-09-28 12:42:28.395 ----------------------------------------------------------------------------------------
2026-09-28 12:42:29.390 
2026-09-28 12:42:29.390 ++++++++++++++++++++++++++++++++++++++++++++++++++++++++++++++++++++++++++++++++++++++++
2026-09-28 12:42:29.390 ++Proactor<s2>.process_message  [analog-temp/synced.readings]
2026-09-28 12:42:29.391   IN  internal     analog-temp to hw1.isone.me.versant.keene.maple.scada.s2     <-  [analog-temp/to/hw1.isone.me.versant.keene.maple.scada.s2/synced.readings]        SyncedReadings           
2026-09-28 12:42:29.391 ++Parentless.process_internal_message analog-temp/synced.readings
2026-09-28 12:42:29.392   OUT mqtt         analog-temp to s                                       ->  [gw/hw1-isone-me-versant-keene-maple-scada-s2/to/s/synced-readings]               SyncedReadings           
2026-09-28 12:42:29.392 --Parentless.process_internal_message  path:0x00000004
2026-09-28 12:42:29.392 --Proactor<s2>.process_message  path:0x00000401
2026-09-28 12:42:29.392 ----------------------------------------------------------------------------------------
2026-09-28 12:42:29.990 
2026-09-28 12:42:29.990 ++++++++++++++++++++++++++++++++++++++++++++++++++++++++++++++++++++++++++++++++++++++++
2026-09-28 12:42:29.990 ++Proactor<s2>.process_message  [analog-temp/synced.readings]
2026-09-28 12:42:29.990   IN  internal     analog-temp to hw1.isone.me.versant.keene.maple.scada.s2     <-  [analog-temp/to/hw1.isone.me.versant.keene.maple.scada.s2/synced.readings]        SyncedReadings           
2026-09-28 12:42:29.991 ++Parentless.process_internal_message analog-temp/synced.readings
2026-09-28 12:42:29.998   OUT mqtt         analog-temp to s                                       ->  [gw/hw1-isone-me-versant-keene-maple-scada-s2/to/s/synced-readings]               SyncedReadings           
2026-09-28 12:42:29.998 --Parentless.process_internal_message  path:0x00000004
2026-09-28 12:42:29.998 --Proactor<s2>.process_message  path:0x00000401
2026-09-28 12:42:29.999 ----------------------------------------------------------------------------------------
2026-09-28 12:42:30.390 
2026-09-28 12:42:30.390 ++++++++++++++++++++++++++++++++++++++++++++++++++++++++++++++++++++++++++++++++++++++++
2026-09-28 12:42:30.391 ++Proactor<s2>.process_message  [analog-temp/synced.readings]
2026-09-28 12:42:30.391   IN  internal     analog-temp to hw1.isone.me.versant.keene.maple.scada.s2     <-  [analog-temp/to/hw1.isone.me.versant.keene.maple.scada.s2/synced.readings]        SyncedReadings           
2026-09-28 12:42:30.391 ++Parentless.process_internal_message analog-temp/synced.readings
2026-09-28 12:42:30.392   OUT mqtt         analog-temp to s                                       ->  [gw/hw1-isone-me-versant-keene-maple-scada-s2/to/s/synced-readings]               SyncedReadings           
2026-09-28 12:42:30.392 --Parentless.process_internal_message  path:0x00000004
2026-09-28 12:42:30.392 --Proactor<s2>.process_message  path:0x00000401
2026-09-28 12:42:30.392 ----------------------------------------------------------------------------------------
2026-09-28 12:42:31.391 
2026-09-28 12:42:31.391 ++++++++++++++++++++++++++++++++++++++++++++++++++++++++++++++++++++++++++++++++++++++++
2026-09-28 12:42:31.391 ++Proactor<s2>.process_message  [analog-temp/synced.readings]
2026-09-28 12:42:31.392   IN  internal     analog-temp to hw1.isone.me.versant.keene.maple.scada.s2     <-  [analog-temp/to/hw1.isone.me.versant.keene.maple.scada.s2/synced.readings]        SyncedReadings           
2026-09-28 12:42:31.392 ++Parentless.process_internal_message analog-temp/synced.readings
2026-09-28 12:42:31.392   OUT mqtt         analog-temp to s                                       ->  [gw/hw1-isone-me-versant-keene-maple-scada-s2/to/s/synced-readings]               SyncedReadings           
2026-09-28 12:42:31.393 --Parentless.process_internal_message  path:0x00000004
2026-09-28 12:42:31.393 --Proactor<s2>.process_message  path:0x00000401
2026-09-28 12:42:31.393 ----------------------------------------------------------------------------------------
2026-09-28 12:42:32.607 
2026-09-28 12:42:32.607 ++++++++++++++++++++++++++++++++++++++++++++++++++++++++++++++++++++++++++++++++++++++++
2026-09-28 12:42:32.608 ++Proactor<s2>.process_message  [analog-temp/synced.readings]
2026-09-28 12:42:32.608   IN  internal     analog-temp to hw1.isone.me.versant.keene.maple.scada.s2     <-  [analog-temp/to/hw1.isone.me.versant.keene.maple.scada.s2/synced.readings]        SyncedReadings           
2026-09-28 12:42:32.609 ++Parentless.process_internal_message analog-temp/synced.readings
2026-09-28 12:42:32.610   OUT mqtt         analog-temp to s                                       ->  [gw/hw1-isone-me-versant-keene-maple-scada-s2/to/s/synced-readings]               SyncedReadings           
2026-09-28 12:42:32.611 --Parentless.process_internal_message  path:0x00000004
2026-09-28 12:42:32.612 --Proactor<s2>.process_message  path:0x00000401
2026-09-28 12:42:32.612 ----------------------------------------------------------------------------------------
2026-09-28 12:42:33.808 
2026-09-28 12:42:33.808 ++++++++++++++++++++++++++++++++++++++++++++++++++++++++++++++++++++++++++++++++++++++++
2026-09-28 12:42:33.808 ++Proactor<s2>.process_message  [analog-temp/synced.readings]
2026-09-28 12:42:33.809   IN  internal     analog-temp to hw1.isone.me.versant.keene.maple.scada.s2     <-  [analog-temp/to/hw1.isone.me.versant.keene.maple.scada.s2/synced.readings]        SyncedReadings           
2026-09-28 12:42:33.810 ++Parentless.process_internal_message analog-temp/synced.readings
2026-09-28 12:42:33.811   OUT mqtt         analog-temp to s                                       ->  [gw/hw1-isone-me-versant-keene-maple-scada-s2/to/s/synced-readings]               SyncedReadings           
2026-09-28 12:42:33.812 --Parentless.process_internal_message  path:0x00000004
2026-09-28 12:42:33.812 --Proactor<s2>.process_message  path:0x00000401
2026-09-28 12:42:33.812 ----------------------------------------------------------------------------------------
2026-09-28 12:42:35.010 
2026-09-28 12:42:35.013 ++++++++++++++++++++++++++++++++++++++++++++++++++++++++++++++++++++++++++++++++++++++++
2026-09-28 12:42:35.013 ++Proactor<s2>.process_message  [analog-temp/synced.readings]
2026-09-28 12:42:35.014   IN  internal     analog-temp to hw1.isone.me.versant.keene.maple.scada.s2     <-  [analog-temp/to/hw1.isone.me.versant.keene.maple.scada.s2/synced.readings]        SyncedReadings           
2026-09-28 12:42:35.014 ++Parentless.process_internal_message analog-temp/synced.readings
2026-09-28 12:42:35.016   OUT mqtt         analog-temp to s                                       ->  [gw/hw1-isone-me-versant-keene-maple-scada-s2/to/s/synced-readings]               SyncedReadings           
2026-09-28 12:42:35.017 --Parentless.process_internal_message  path:0x00000004
2026-09-28 12:42:35.018 --Proactor<s2>.process_message  path:0x00000401
2026-09-28 12:42:35.018 ----------------------------------------------------------------------------------------
2026-09-28 12:42:36.209 
2026-09-28 12:42:36.210 ++++++++++++++++++++++++++++++++++++++++++++++++++++++++++++++++++++++++++++++++++++++++
2026-09-28 12:42:36.210 ++Proactor<s2>.process_message  [analog-temp/synced.readings]
2026-09-28 12:42:36.211   IN  internal     analog-temp to hw1.isone.me.versant.keene.maple.scada.s2     <-  [analog-temp/to/hw1.isone.me.versant.keene.maple.scada.s2/synced.readings]        SyncedReadings           
2026-09-28 12:42:36.212 ++Parentless.process_internal_message analog-temp/synced.readings
2026-09-28 12:42:36.213   OUT mqtt         analog-temp to s                                       ->  [gw/hw1-isone-me-versant-keene-maple-scada-s2/to/s/synced-readings]               SyncedReadings           
2026-09-28 12:42:36.214 --Parentless.process_internal_message  path:0x00000004
2026-09-28 12:42:36.215 --Proactor<s2>.process_message  path:0x00000401
2026-09-28 12:42:36.215 ----------------------------------------------------------------------------------------
2026-09-28 12:42:36.810 
2026-09-28 12:42:36.811 ++++++++++++++++++++++++++++++++++++++++++++++++++++++++++++++++++++++++++++++++++++++++
2026-09-28 12:42:36.812 ++Proactor<s2>.process_message  [analog-temp/synced.readings]
2026-09-28 12:42:36.812   IN  internal     analog-temp to hw1.isone.me.versant.keene.maple.scada.s2     <-  [analog-temp/to/hw1.isone.me.versant.keene.maple.scada.s2/synced.readings]        SyncedReadings           
2026-09-28 12:42:36.813 ++Parentless.process_internal_message analog-temp/synced.readings
2026-09-28 12:42:36.814   OUT mqtt         analog-temp to s                                       ->  [gw/hw1-isone-me-versant-keene-maple-scada-s2/to/s/synced-readings]               SyncedReadings           
2026-09-28 12:42:36.815 --Parentless.process_internal_message  path:0x00000004
2026-09-28 12:42:36.816 --Proactor<s2>.process_message  path:0x00000401
2026-09-28 12:42:36.816 ----------------------------------------------------------------------------------------
2026-09-28 12:42:37.611 
2026-09-28 12:42:37.612 ++++++++++++++++++++++++++++++++++++++++++++++++++++++++++++++++++++++++++++++++++++++++
2026-09-28 12:42:37.612 ++Proactor<s2>.process_message  [analog-temp/synced.readings]
2026-09-28 12:42:37.613   IN  internal     analog-temp to hw1.isone.me.versant.keene.maple.scada.s2     <-  [analog-temp/to/hw1.isone.me.versant.keene.maple.scada.s2/synced.readings]        SyncedReadings           
2026-09-28 12:42:37.613 ++Parentless.process_internal_message analog-temp/synced.readings
2026-09-28 12:42:37.615   OUT mqtt         analog-temp to s                                       ->  [gw/hw1-isone-me-versant-keene-maple-scada-s2/to/s/synced-readings]               SyncedReadings           
2026-09-28 12:42:37.616 --Parentless.process_internal_message  path:0x00000004
2026-09-28 12:42:37.616 --Proactor<s2>.process_message  path:0x00000401
2026-09-28 12:42:37.617 ----------------------------------------------------------------------------------------
2026-09-28 12:42:39.013 
2026-09-28 12:42:39.014 ++++++++++++++++++++++++++++++++++++++++++++++++++++++++++++++++++++++++++++++++++++++++
2026-09-28 12:42:39.014 ++Proactor<s2>.process_message  [analog-temp/synced.readings]
2026-09-28 12:42:39.015   IN  internal     analog-temp to hw1.isone.me.versant.keene.maple.scada.s2     <-  [analog-temp/to/hw1.isone.me.versant.keene.maple.scada.s2/synced.readings]        SyncedReadings           
2026-09-28 12:42:39.016 ++Parentless.process_internal_message analog-temp/synced.readings
2026-09-28 12:42:39.017   OUT mqtt         analog-temp to s                                       ->  [gw/hw1-isone-me-versant-keene-maple-scada-s2/to/s/synced-readings]               SyncedReadings           
2026-09-28 12:42:39.018 --Parentless.process_internal_message  path:0x00000004
2026-09-28 12:42:39.019 --Proactor<s2>.process_message  path:0x00000401
2026-09-28 12:42:39.019 ----------------------------------------------------------------------------------------
2026-09-28 12:42:40.809 
2026-09-28 12:42:40.810 ++++++++++++++++++++++++++++++++++++++++++++++++++++++++++++++++++++++++++++++++++++++++
2026-09-28 12:42:40.810 ++Proactor<s2>.process_message  [analog-temp/synced.readings]
2026-09-28 12:42:40.811   IN  internal     analog-temp to hw1.isone.me.versant.keene.maple.scada.s2     <-  [analog-temp/to/hw1.isone.me.versant.keene.maple.scada.s2/synced.readings]        SyncedReadings           
2026-09-28 12:42:40.811 ++Parentless.process_internal_message analog-temp/synced.readings
2026-09-28 12:42:40.812   OUT mqtt         analog-temp to s                                       ->  [gw/hw1-isone-me-versant-keene-maple-scada-s2/to/s/synced-readings]               SyncedReadings           
2026-09-28 12:42:40.813 --Parentless.process_internal_message  path:0x00000004
2026-09-28 12:42:40.814 --Proactor<s2>.process_message  path:0x00000401
2026-09-28 12:42:40.814 ----------------------------------------------------------------------------------------
2026-09-28 12:42:42.597 
2026-09-28 12:42:42.597 ++++++++++++++++++++++++++++++++++++++++++++++++++++++++++++++++++++++++++++++++++++++++
2026-09-28 12:42:42.597 ++Proactor<s2>.process_message  [analog-temp/synced.readings]
2026-09-28 12:42:42.598   IN  internal     analog-temp to hw1.isone.me.versant.keene.maple.scada.s2     <-  [analog-temp/to/hw1.isone.me.versant.keene.maple.scada.s2/synced.readings]        SyncedReadings           
2026-09-28 12:42:42.598 ++Parentless.process_internal_message analog-temp/synced.readings
2026-09-28 12:42:42.599   OUT mqtt         analog-temp to s                                       ->  [gw/hw1-isone-me-versant-keene-maple-scada-s2/to/s/synced-readings]               SyncedReadings           
2026-09-28 12:42:42.599 --Parentless.process_internal_message  path:0x00000004
2026-09-28 12:42:42.599 --Proactor<s2>.process_message  path:0x00000401
2026-09-28 12:42:42.599 ----------------------------------------------------------------------------------------
2026-09-28 12:42:44.597 
2026-09-28 12:42:44.598 ++++++++++++++++++++++++++++++++++++++++++++++++++++++++++++++++++++++++++++++++++++++++
2026-09-28 12:42:44.598 ++Proactor<s2>.process_message  [analog-temp/synced.readings]
2026-09-28 12:42:44.598   IN  internal     analog-temp to hw1.isone.me.versant.keene.maple.scada.s2     <-  [analog-temp/to/hw1.isone.me.versant.keene.maple.scada.s2/synced.readings]        SyncedReadings           
2026-09-28 12:42:44.598 ++Parentless.process_internal_message analog-temp/synced.readings
2026-09-28 12:42:44.599   OUT mqtt         analog-temp to s                                       ->  [gw/hw1-isone-me-versant-keene-maple-scada-s2/to/s/synced-readings]               SyncedReadings           
2026-09-28 12:42:44.600 --Parentless.process_internal_message  path:0x00000004
2026-09-28 12:42:44.600 --Proactor<s2>.process_message  path:0x00000401
2026-09-28 12:42:44.600 ----------------------------------------------------------------------------------------
2026-09-28 12:42:46.614 
2026-09-28 12:42:46.615 ++++++++++++++++++++++++++++++++++++++++++++++++++++++++++++++++++++++++++++++++++++++++
2026-09-28 12:42:46.616 ++Proactor<s2>.process_message  [analog-temp/synced.readings]
2026-09-28 12:42:46.616   IN  internal     analog-temp to hw1.isone.me.versant.keene.maple.scada.s2     <-  [analog-temp/to/hw1.isone.me.versant.keene.maple.scada.s2/synced.readings]        SyncedReadings           
2026-09-28 12:42:46.617 ++Parentless.process_internal_message analog-temp/synced.readings
2026-09-28 12:42:46.618   OUT mqtt         analog-temp to s                                       ->  [gw/hw1-isone-me-versant-keene-maple-scada-s2/to/s/synced-readings]               SyncedReadings           
2026-09-28 12:42:46.619 --Parentless.process_internal_message  path:0x00000004
2026-09-28 12:42:46.619 --Proactor<s2>.process_message  path:0x00000401
2026-09-28 12:42:46.620 ----------------------------------------------------------------------------------------
2026-09-28 12:42:48.617 
2026-09-28 12:42:48.617 ++++++++++++++++++++++++++++++++++++++++++++++++++++++++++++++++++++++++++++++++++++++++
2026-09-28 12:42:48.618 ++Proactor<s2>.process_message  [analog-temp/synced.readings]
2026-09-28 12:42:48.619   IN  internal     analog-temp to hw1.isone.me.versant.keene.maple.scada.s2     <-  [analog-temp/to/hw1.isone.me.versant.keene.maple.scada.s2/synced.readings]        SyncedReadings           
2026-09-28 12:42:48.619 ++Parentless.process_internal_message analog-temp/synced.readings
2026-09-28 12:42:48.621   OUT mqtt         analog-temp to s                                       ->  [gw/hw1-isone-me-versant-keene-maple-scada-s2/to/s/synced-readings]               SyncedReadings           
2026-09-28 12:42:48.622 --Parentless.process_internal_message  path:0x00000004
2026-09-28 12:42:48.622 --Proactor<s2>.process_message  path:0x00000401
2026-09-28 12:42:48.623 ----------------------------------------------------------------------------------------
2026-09-28 12:42:51.020 
2026-09-28 12:42:51.020 ++++++++++++++++++++++++++++++++++++++++++++++++++++++++++++++++++++++++++++++++++++++++
2026-09-28 12:42:51.021 ++Proactor<s2>.process_message  [analog-temp/synced.readings]
2026-09-28 12:42:51.021   IN  internal     analog-temp to hw1.isone.me.versant.keene.maple.scada.s2     <-  [analog-temp/to/hw1.isone.me.versant.keene.maple.scada.s2/synced.readings]        SyncedReadings           
2026-09-28 12:42:51.022 ++Parentless.process_internal_message analog-temp/synced.readings
2026-09-28 12:42:51.024   OUT mqtt         analog-temp to s                                       ->  [gw/hw1-isone-me-versant-keene-maple-scada-s2/to/s/synced-readings]               SyncedReadings           
2026-09-28 12:42:51.025 --Parentless.process_internal_message  path:0x00000004
2026-09-28 12:42:51.025 --Proactor<s2>.process_message  path:0x00000401
2026-09-28 12:42:51.026 ----------------------------------------------------------------------------------------
2026-09-28 12:42:53.204 
2026-09-28 12:42:53.205 ++++++++++++++++++++++++++++++++++++++++++++++++++++++++++++++++++++++++++++++++++++++++
2026-09-28 12:42:53.205 ++Proactor<s2>.process_message  [analog-temp/synced.readings]
2026-09-28 12:42:53.205   IN  internal     analog-temp to hw1.isone.me.versant.keene.maple.scada.s2     <-  [analog-temp/to/hw1.isone.me.versant.keene.maple.scada.s2/synced.readings]        SyncedReadings           
2026-09-28 12:42:53.205 ++Parentless.process_internal_message analog-temp/synced.readings
2026-09-28 12:42:53.206   OUT mqtt         analog-temp to s                                       ->  [gw/hw1-isone-me-versant-keene-maple-scada-s2/to/s/synced-readings]               SyncedReadings           
2026-09-28 12:42:53.206 --Parentless.process_internal_message  path:0x00000004
2026-09-28 12:42:53.207 --Proactor<s2>.process_message  path:0x00000401
2026-09-28 12:42:53.207 ----------------------------------------------------------------------------------------
2026-09-28 12:42:53.403 
2026-09-28 12:42:53.404 ++++++++++++++++++++++++++++++++++++++++++++++++++++++++++++++++++++++++++++++++++++++++
2026-09-28 12:42:53.404 ++Proactor<s2>.process_message  [analog-temp/synced.readings]
2026-09-28 12:42:53.404   IN  internal     analog-temp to hw1.isone.me.versant.keene.maple.scada.s2     <-  [analog-temp/to/hw1.isone.me.versant.keene.maple.scada.s2/synced.readings]        SyncedReadings           
2026-09-28 12:42:53.404 ++Parentless.process_internal_message analog-temp/synced.readings
2026-09-28 12:42:53.405   OUT mqtt         analog-temp to s                                       ->  [gw/hw1-isone-me-versant-keene-maple-scada-s2/to/s/synced-readings]               SyncedReadings           
2026-09-28 12:42:53.405 --Parentless.process_internal_message  path:0x00000004
2026-09-28 12:42:53.405 --Proactor<s2>.process_message  path:0x00000401
2026-09-28 12:42:53.406 ----------------------------------------------------------------------------------------
2026-09-28 12:42:54.203 
2026-09-28 12:42:54.204 ++++++++++++++++++++++++++++++++++++++++++++++++++++++++++++++++++++++++++++++++++++++++
2026-09-28 12:42:54.204 ++Proactor<s2>.process_message  [analog-temp/synced.readings]
2026-09-28 12:42:54.204   IN  internal     analog-temp to hw1.isone.me.versant.keene.maple.scada.s2     <-  [analog-temp/to/hw1.isone.me.versant.keene.maple.scada.s2/synced.readings]        SyncedReadings           
2026-09-28 12:42:54.204 ++Parentless.process_internal_message analog-temp/synced.readings
2026-09-28 12:42:54.205   OUT mqtt         analog-temp to s                                       ->  [gw/hw1-isone-me-versant-keene-maple-scada-s2/to/s/synced-readings]               SyncedReadings           
2026-09-28 12:42:54.205 --Parentless.process_internal_message  path:0x00000004
2026-09-28 12:42:54.206 --Proactor<s2>.process_message  path:0x00000401
2026-09-28 12:42:54.206 ----------------------------------------------------------------------------------------
2026-09-28 12:42:57.420 
2026-09-28 12:42:57.421 ++++++++++++++++++++++++++++++++++++++++++++++++++++++++++++++++++++++++++++++++++++++++
2026-09-28 12:42:57.421 ++Proactor<s2>.process_message  [analog-temp/synced.readings]
2026-09-28 12:42:57.422   IN  internal     analog-temp to hw1.isone.me.versant.keene.maple.scada.s2     <-  [analog-temp/to/hw1.isone.me.versant.keene.maple.scada.s2/synced.readings]        SyncedReadings           
2026-09-28 12:42:57.423 ++Parentless.process_internal_message analog-temp/synced.readings
2026-09-28 12:42:57.424   OUT mqtt         analog-temp to s                                       ->  [gw/hw1-isone-me-versant-keene-maple-scada-s2/to/s/synced-readings]               SyncedReadings           
2026-09-28 12:42:57.425 --Parentless.process_internal_message  path:0x00000004
2026-09-28 12:42:57.425 --Proactor<s2>.process_message  path:0x00000401
2026-09-28 12:42:57.426 ----------------------------------------------------------------------------------------
2026-09-28 12:43:01.023 
2026-09-28 12:43:01.023 ++++++++++++++++++++++++++++++++++++++++++++++++++++++++++++++++++++++++++++++++++++++++
2026-09-28 12:43:01.024 ++Proactor<s2>.process_message  [analog-temp/synced.readings]
2026-09-28 12:43:01.024   IN  internal     analog-temp to hw1.isone.me.versant.keene.maple.scada.s2     <-  [analog-temp/to/hw1.isone.me.versant.keene.maple.scada.s2/synced.readings]        SyncedReadings           
2026-09-28 12:43:01.025 ++Parentless.process_internal_message analog-temp/synced.readings
2026-09-28 12:43:01.026   OUT mqtt         analog-temp to s                                       ->  [gw/hw1-isone-me-versant-keene-maple-scada-s2/to/s/synced-readings]               SyncedReadings           
2026-09-28 12:43:01.027 --Parentless.process_internal_message  path:0x00000004
2026-09-28 12:43:01.028 --Proactor<s2>.process_message  path:0x00000401
2026-09-28 12:43:01.028 ----------------------------------------------------------------------------------------
2026-09-28 12:43:04.810 
2026-09-28 12:43:04.810 ++++++++++++++++++++++++++++++++++++++++++++++++++++++++++++++++++++++++++++++++++++++++
2026-09-28 12:43:04.811 ++Proactor<s2>.process_message  [analog-temp/synced.readings]
2026-09-28 12:43:04.811   IN  internal     analog-temp to hw1.isone.me.versant.keene.maple.scada.s2     <-  [analog-temp/to/hw1.isone.me.versant.keene.maple.scada.s2/synced.readings]        SyncedReadings           
2026-09-28 12:43:04.811 ++Parentless.process_internal_message analog-temp/synced.readings
2026-09-28 12:43:04.812   OUT mqtt         analog-temp to s                                       ->  [gw/hw1-isone-me-versant-keene-maple-scada-s2/to/s/synced-readings]               SyncedReadings           
2026-09-28 12:43:04.812 --Parentless.process_internal_message  path:0x00000004
2026-09-28 12:43:04.812 --Proactor<s2>.process_message  path:0x00000401
2026-09-28 12:43:04.813 ----------------------------------------------------------------------------------------
2026-09-28 12:43:05.810 
2026-09-28 12:43:05.811 ++++++++++++++++++++++++++++++++++++++++++++++++++++++++++++++++++++++++++++++++++++++++
2026-09-28 12:43:05.811 ++Proactor<s2>.process_message  [analog-temp/synced.readings]
2026-09-28 12:43:05.811   IN  internal     analog-temp to hw1.isone.me.versant.keene.maple.scada.s2     <-  [analog-temp/to/hw1.isone.me.versant.keene.maple.scada.s2/synced.readings]        SyncedReadings           
2026-09-28 12:43:05.811 ++Parentless.process_internal_message analog-temp/synced.readings
2026-09-28 12:43:05.812   OUT mqtt         analog-temp to s                                       ->  [gw/hw1-isone-me-versant-keene-maple-scada-s2/to/s/synced-readings]               SyncedReadings           
2026-09-28 12:43:05.812 --Parentless.process_internal_message  path:0x00000004
2026-09-28 12:43:05.813 --Proactor<s2>.process_message  path:0x00000401
2026-09-28 12:43:05.813 ----------------------------------------------------------------------------------------
2026-09-28 12:43:11.429 
2026-09-28 12:43:11.430 ++++++++++++++++++++++++++++++++++++++++++++++++++++++++++++++++++++++++++++++++++++++++
2026-09-28 12:43:11.432 ++Proactor<s2>.process_message  [analog-temp/synced.readings]
2026-09-28 12:43:11.433   IN  internal     analog-temp to hw1.isone.me.versant.keene.maple.scada.s2     <-  [analog-temp/to/hw1.isone.me.versant.keene.maple.scada.s2/synced.readings]        SyncedReadings           
2026-09-28 12:43:11.433 ++Parentless.process_internal_message analog-temp/synced.readings
2026-09-28 12:43:11.435   OUT mqtt         analog-temp to s                                       ->  [gw/hw1-isone-me-versant-keene-maple-scada-s2/to/s/synced-readings]               SyncedReadings           
2026-09-28 12:43:11.436 --Parentless.process_internal_message  path:0x00000004
2026-09-28 12:43:11.436 --Proactor<s2>.process_message  path:0x00000401
2026-09-28 12:43:11.437 ----------------------------------------------------------------------------------------
2026-09-28 12:43:17.016 
2026-09-28 12:43:17.016 ++++++++++++++++++++++++++++++++++++++++++++++++++++++++++++++++++++++++++++++++++++++++
2026-09-28 12:43:17.016 ++Proactor<s2>.process_message  [analog-temp/synced.readings]
2026-09-28 12:43:17.017   IN  internal     analog-temp to hw1.isone.me.versant.keene.maple.scada.s2     <-  [analog-temp/to/hw1.isone.me.versant.keene.maple.scada.s2/synced.readings]        SyncedReadings           
2026-09-28 12:43:17.017 ++Parentless.process_internal_message analog-temp/synced.readings
2026-09-28 12:43:17.018   OUT mqtt         analog-temp to s                                       ->  [gw/hw1-isone-me-versant-keene-maple-scada-s2/to/s/synced-readings]               SyncedReadings           
2026-09-28 12:43:17.018 --Parentless.process_internal_message  path:0x00000004
2026-09-28 12:43:17.018 --Proactor<s2>.process_message  path:0x00000401
2026-09-28 12:43:17.018 ----------------------------------------------------------------------------------------
2026-09-28 12:43:18.216 
2026-09-28 12:43:18.217 ++++++++++++++++++++++++++++++++++++++++++++++++++++++++++++++++++++++++++++++++++++++++
2026-09-28 12:43:18.217 ++Proactor<s2>.process_message  [analog-temp/synced.readings]
2026-09-28 12:43:18.217   IN  internal     analog-temp to hw1.isone.me.versant.keene.maple.scada.s2     <-  [analog-temp/to/hw1.isone.me.versant.keene.maple.scada.s2/synced.readings]        SyncedReadings           
2026-09-28 12:43:18.217 ++Parentless.process_internal_message analog-temp/synced.readings
2026-09-28 12:43:18.218   OUT mqtt         analog-temp to s                                       ->  [gw/hw1-isone-me-versant-keene-maple-scada-s2/to/s/synced-readings]               SyncedReadings           
2026-09-28 12:43:18.218 --Parentless.process_internal_message  path:0x00000004
2026-09-28 12:43:18.219 --Proactor<s2>.process_message  path:0x00000401
2026-09-28 12:43:18.219 ----------------------------------------------------------------------------------------
2026-09-28 12:43:21.833 
2026-09-28 12:43:21.834 ++++++++++++++++++++++++++++++++++++++++++++++++++++++++++++++++++++++++++++++++++++++++
2026-09-28 12:43:21.834 ++Proactor<s2>.process_message  [analog-temp/synced.readings]
2026-09-28 12:43:21.835   IN  internal     analog-temp to hw1.isone.me.versant.keene.maple.scada.s2     <-  [analog-temp/to/hw1.isone.me.versant.keene.maple.scada.s2/synced.readings]        SyncedReadings           
2026-09-28 12:43:21.835 ++Parentless.process_internal_message analog-temp/synced.readings
2026-09-28 12:43:21.837   OUT mqtt         analog-temp to s                                       ->  [gw/hw1-isone-me-versant-keene-maple-scada-s2/to/s/synced-readings]               SyncedReadings           
2026-09-28 12:43:21.837 --Parentless.process_internal_message  path:0x00000004
2026-09-28 12:43:21.838 --Proactor<s2>.process_message  path:0x00000401
2026-09-28 12:43:21.838 ----------------------------------------------------------------------------------------
2026-09-28 12:43:24.248 
2026-09-28 12:43:24.249 ++++++++++++++++++++++++++++++++++++++++++++++++++++++++++++++++++++++++++++++++++++++++
2026-09-28 12:43:24.250 ++Proactor<s2>.process_message  [gridworks-ping]
2026-09-28 12:43:24.250 ++Proactor<s2>._process_mqtt_message mqtt_clients/mqtt_message
2026-09-28 12:43:24.251   IN  mqtt         hw1.isone.me.versant.keene.maple.scada to s2           <-  [gw/hw1-isone-me-versant-keene-maple-scada/to/s2/gridworks-ping]                  Ping                      0d49b61e...
2026-09-28 12:43:24.252   OUT mqtt         hw1.isone.me.versant.keene.maple.scada.s2 to s         ->  [gw/hw1-isone-me-versant-keene-maple-scada-s2/to/s/gridworks-ack]                 Ack                       0d49b61e...
2026-09-28 12:43:24.253 --Proactor<s2>._process_mqtt_message:1  path:0x00000223
2026-09-28 12:43:24.254 --Proactor<s2>.process_message  path:0x00000002
2026-09-28 12:43:24.254 ----------------------------------------------------------------------------------------
2026-09-28 12:43:31.425 
2026-09-28 12:43:31.426 ++++++++++++++++++++++++++++++++++++++++++++++++++++++++++++++++++++++++++++++++++++++++
2026-09-28 12:43:31.426 ++Proactor<s2>.process_message  [analog-temp/synced.readings]
2026-09-28 12:43:31.426   IN  internal     analog-temp to hw1.isone.me.versant.keene.maple.scada.s2     <-  [analog-temp/to/hw1.isone.me.versant.keene.maple.scada.s2/synced.readings]        SyncedReadings           
2026-09-28 12:43:31.426 ++Parentless.process_internal_message analog-temp/synced.readings
2026-09-28 12:43:31.427   OUT mqtt         analog-temp to s                                       ->  [gw/hw1-isone-me-versant-keene-maple-scada-s2/to/s/synced-readings]               SyncedReadings           
2026-09-28 12:43:31.427 --Parentless.process_internal_message  path:0x00000004
2026-09-28 12:43:31.428 --Proactor<s2>.process_message  path:0x00000401
2026-09-28 12:43:31.428 ----------------------------------------------------------------------------------------
2026-09-28 12:43:32.425 
2026-09-28 12:43:32.426 ++++++++++++++++++++++++++++++++++++++++++++++++++++++++++++++++++++++++++++++++++++++++
2026-09-28 12:43:32.426 ++Proactor<s2>.process_message  [analog-temp/synced.readings]
2026-09-28 12:43:32.426   IN  internal     analog-temp to hw1.isone.me.versant.keene.maple.scada.s2     <-  [analog-temp/to/hw1.isone.me.versant.keene.maple.scada.s2/synced.readings]        SyncedReadings           
2026-09-28 12:43:32.426 ++Parentless.process_internal_message analog-temp/synced.readings
2026-09-28 12:43:32.427   OUT mqtt         analog-temp to s                                       ->  [gw/hw1-isone-me-versant-keene-maple-scada-s2/to/s/synced-readings]               SyncedReadings           
2026-09-28 12:43:32.427 --Parentless.process_internal_message  path:0x00000004
2026-09-28 12:43:32.428 --Proactor<s2>.process_message  path:0x00000401
2026-09-28 12:43:32.428 ----------------------------------------------------------------------------------------
2026-09-28 12:43:43.040 
2026-09-28 12:43:43.041 ++++++++++++++++++++++++++++++++++++++++++++++++++++++++++++++++++++++++++++++++++++++++
2026-09-28 12:43:43.041 ++Proactor<s2>.process_message  [analog-temp/synced.readings]
2026-09-28 12:43:43.041   IN  internal     analog-temp to hw1.isone.me.versant.keene.maple.scada.s2     <-  [analog-temp/to/hw1.isone.me.versant.keene.maple.scada.s2/synced.readings]        SyncedReadings           
2026-09-28 12:43:43.042 ++Parentless.process_internal_message analog-temp/synced.readings
2026-09-28 12:43:43.042   OUT mqtt         analog-temp to s                                       ->  [gw/hw1-isone-me-versant-keene-maple-scada-s2/to/s/synced-readings]               SyncedReadings           
2026-09-28 12:43:43.043 --Parentless.process_internal_message  path:0x00000004
2026-09-28 12:43:43.043 --Proactor<s2>.process_message  path:0x00000401
2026-09-28 12:43:43.044 ----------------------------------------------------------------------------------------
2026-09-28 12:43:44.432 
2026-09-28 12:43:44.433 ++++++++++++++++++++++++++++++++++++++++++++++++++++++++++++++++++++++++++++++++++++++++
2026-09-28 12:43:44.433 ++Proactor<s2>.process_message  [analog-temp/synced.readings]
2026-09-28 12:43:44.433   IN  internal     analog-temp to hw1.isone.me.versant.keene.maple.scada.s2     <-  [analog-temp/to/hw1.isone.me.versant.keene.maple.scada.s2/synced.readings]        SyncedReadings           
2026-09-28 12:43:44.433 ++Parentless.process_internal_message analog-temp/synced.readings
2026-09-28 12:43:44.434   OUT mqtt         analog-temp to s                                       ->  [gw/hw1-isone-me-versant-keene-maple-scada-s2/to/s/synced-readings]               SyncedReadings           
2026-09-28 12:43:44.434 --Parentless.process_internal_message  path:0x00000004
2026-09-28 12:43:44.435 --Proactor<s2>.process_message  path:0x00000401
2026-09-28 12:43:44.435 ----------------------------------------------------------------------------------------
2026-09-28 12:43:46.033 
2026-09-28 12:43:46.033 ++++++++++++++++++++++++++++++++++++++++++++++++++++++++++++++++++++++++++++++++++++++++
2026-09-28 12:43:46.033 ++Proactor<s2>.process_message  [analog-temp/synced.readings]
2026-09-28 12:43:46.034   IN  internal     analog-temp to hw1.isone.me.versant.keene.maple.scada.s2     <-  [analog-temp/to/hw1.isone.me.versant.keene.maple.scada.s2/synced.readings]        SyncedReadings           
2026-09-28 12:43:46.034 ++Parentless.process_internal_message analog-temp/synced.readings
2026-09-28 12:43:46.034   OUT mqtt         analog-temp to s                                       ->  [gw/hw1-isone-me-versant-keene-maple-scada-s2/to/s/synced-readings]               SyncedReadings           
2026-09-28 12:43:46.035 --Parentless.process_internal_message  path:0x00000004
2026-09-28 12:43:46.035 --Proactor<s2>.process_message  path:0x00000401
2026-09-28 12:43:46.035 ----------------------------------------------------------------------------------------
2026-09-28 12:43:50.050 
2026-09-28 12:43:50.050 ++++++++++++++++++++++++++++++++++++++++++++++++++++++++++++++++++++++++++++++++++++++++
2026-09-28 12:43:50.051 ++Proactor<s2>.process_message  [analog-temp/synced.readings]
2026-09-28 12:43:50.052   IN  internal     analog-temp to hw1.isone.me.versant.keene.maple.scada.s2     <-  [analog-temp/to/hw1.isone.me.versant.keene.maple.scada.s2/synced.readings]        SyncedReadings           
2026-09-28 12:43:50.052 ++Parentless.process_internal_message analog-temp/synced.readings
2026-09-28 12:43:50.053   OUT mqtt         analog-temp to s                                       ->  [gw/hw1-isone-me-versant-keene-maple-scada-s2/to/s/synced-readings]               SyncedReadings           
2026-09-28 12:43:50.054 --Parentless.process_internal_message  path:0x00000004
2026-09-28 12:43:50.055 --Proactor<s2>.process_message  path:0x00000401
2026-09-28 12:43:50.055 ----------------------------------------------------------------------------------------
2026-09-28 12:44:00.457 
2026-09-28 12:44:00.458 ++++++++++++++++++++++++++++++++++++++++++++++++++++++++++++++++++++++++++++++++++++++++
2026-09-28 12:44:00.458 ++Proactor<s2>.process_message  [analog-temp/synced.readings]
2026-09-28 12:44:00.459   IN  internal     analog-temp to hw1.isone.me.versant.keene.maple.scada.s2     <-  [analog-temp/to/hw1.isone.me.versant.keene.maple.scada.s2/synced.readings]        SyncedReadings           
2026-09-28 12:44:00.460 ++Parentless.process_internal_message analog-temp/synced.readings
2026-09-28 12:44:00.461   OUT mqtt         analog-temp to s                                       ->  [gw/hw1-isone-me-versant-keene-maple-scada-s2/to/s/synced-readings]               SyncedReadings           
2026-09-28 12:44:00.462 --Parentless.process_internal_message  path:0x00000004
2026-09-28 12:44:00.463 --Proactor<s2>.process_message  path:0x00000401
2026-09-28 12:44:00.464 ----------------------------------------------------------------------------------------
2026-09-28 12:44:02.060 
2026-09-28 12:44:02.061 ++++++++++++++++++++++++++++++++++++++++++++++++++++++++++++++++++++++++++++++++++++++++
2026-09-28 12:44:02.061 ++Proactor<s2>.process_message  [analog-temp/synced.readings]
2026-09-28 12:44:02.062   IN  internal     analog-temp to hw1.isone.me.versant.keene.maple.scada.s2     <-  [analog-temp/to/hw1.isone.me.versant.keene.maple.scada.s2/synced.readings]        SyncedReadings           
2026-09-28 12:44:02.063 ++Parentless.process_internal_message analog-temp/synced.readings
2026-09-28 12:44:02.064   OUT mqtt         analog-temp to s                                       ->  [gw/hw1-isone-me-versant-keene-maple-scada-s2/to/s/synced-readings]               SyncedReadings           
2026-09-28 12:44:02.065 --Parentless.process_internal_message  path:0x00000004
2026-09-28 12:44:02.066 --Proactor<s2>.process_message  path:0x00000401
2026-09-28 12:44:02.067 ----------------------------------------------------------------------------------------
2026-09-28 12:44:03.660 
2026-09-28 12:44:03.661 ++++++++++++++++++++++++++++++++++++++++++++++++++++++++++++++++++++++++++++++++++++++++
2026-09-28 12:44:03.661 ++Proactor<s2>.process_message  [analog-temp/synced.readings]
2026-09-28 12:44:03.662   IN  internal     analog-temp to hw1.isone.me.versant.keene.maple.scada.s2     <-  [analog-temp/to/hw1.isone.me.versant.keene.maple.scada.s2/synced.readings]        SyncedReadings           
2026-09-28 12:44:03.662 ++Parentless.process_internal_message analog-temp/synced.readings
2026-09-28 12:44:03.664   OUT mqtt         analog-temp to s                                       ->  [gw/hw1-isone-me-versant-keene-maple-scada-s2/to/s/synced-readings]               SyncedReadings           
2026-09-28 12:44:03.665 --Parentless.process_internal_message  path:0x00000004
2026-09-28 12:44:03.666 --Proactor<s2>.process_message  path:0x00000401
2026-09-28 12:44:03.666 ----------------------------------------------------------------------------------------
2026-09-28 12:44:06.461 
2026-09-28 12:44:06.462 ++++++++++++++++++++++++++++++++++++++++++++++++++++++++++++++++++++++++++++++++++++++++
2026-09-28 12:44:06.462 ++Proactor<s2>.process_message  [analog-temp/synced.readings]
2026-09-28 12:44:06.463   IN  internal     analog-temp to hw1.isone.me.versant.keene.maple.scada.s2     <-  [analog-temp/to/hw1.isone.me.versant.keene.maple.scada.s2/synced.readings]        SyncedReadings           
2026-09-28 12:44:06.464 ++Parentless.process_internal_message analog-temp/synced.readings
2026-09-28 12:44:06.465   OUT mqtt         analog-temp to s                                       ->  [gw/hw1-isone-me-versant-keene-maple-scada-s2/to/s/synced-readings]               SyncedReadings           
2026-09-28 12:44:06.466 --Parentless.process_internal_message  path:0x00000004
2026-09-28 12:44:06.467 --Proactor<s2>.process_message  path:0x00000401
2026-09-28 12:44:06.467 ----------------------------------------------------------------------------------------
2026-09-28 12:44:10.047 
2026-09-28 12:44:10.047 ++++++++++++++++++++++++++++++++++++++++++++++++++++++++++++++++++++++++++++++++++++++++
2026-09-28 12:44:10.048 ++Proactor<s2>.process_message  [analog-temp/synced.readings]
2026-09-28 12:44:10.048   IN  internal     analog-temp to hw1.isone.me.versant.keene.maple.scada.s2     <-  [analog-temp/to/hw1.isone.me.versant.keene.maple.scada.s2/synced.readings]        SyncedReadings           
2026-09-28 12:44:10.048 ++Parentless.process_internal_message analog-temp/synced.readings
2026-09-28 12:44:10.049   OUT mqtt         analog-temp to s                                       ->  [gw/hw1-isone-me-versant-keene-maple-scada-s2/to/s/synced-readings]               SyncedReadings           
2026-09-28 12:44:10.049 --Parentless.process_internal_message  path:0x00000004
2026-09-28 12:44:10.049 --Proactor<s2>.process_message  path:0x00000401
2026-09-28 12:44:10.050 ----------------------------------------------------------------------------------------
2026-09-28 12:44:11.047 
2026-09-28 12:44:11.048 ++++++++++++++++++++++++++++++++++++++++++++++++++++++++++++++++++++++++++++++++++++++++
2026-09-28 12:44:11.048 ++Proactor<s2>.process_message  [analog-temp/synced.readings]
2026-09-28 12:44:11.048   IN  internal     analog-temp to hw1.isone.me.versant.keene.maple.scada.s2     <-  [analog-temp/to/hw1.isone.me.versant.keene.maple.scada.s2/synced.readings]        SyncedReadings           
2026-09-28 12:44:11.049 ++Parentless.process_internal_message analog-temp/synced.readings
2026-09-28 12:44:11.049   OUT mqtt         analog-temp to s                                       ->  [gw/hw1-isone-me-versant-keene-maple-scada-s2/to/s/synced-readings]               SyncedReadings           
2026-09-28 12:44:11.050 --Parentless.process_internal_message  path:0x00000004
2026-09-28 12:44:11.050 --Proactor<s2>.process_message  path:0x00000401
2026-09-28 12:44:11.050 ----------------------------------------------------------------------------------------
2026-09-28 12:44:13.249 
2026-09-28 12:44:13.249 ++++++++++++++++++++++++++++++++++++++++++++++++++++++++++++++++++++++++++++++++++++++++
2026-09-28 12:44:13.249 ++Proactor<s2>.process_message  [analog-temp/synced.readings]
2026-09-28 12:44:13.250   IN  internal     analog-temp to hw1.isone.me.versant.keene.maple.scada.s2     <-  [analog-temp/to/hw1.isone.me.versant.keene.maple.scada.s2/synced.readings]        SyncedReadings           
2026-09-28 12:44:13.250 ++Parentless.process_internal_message analog-temp/synced.readings
2026-09-28 12:44:13.250   OUT mqtt         analog-temp to s                                       ->  [gw/hw1-isone-me-versant-keene-maple-scada-s2/to/s/synced-readings]               SyncedReadings           
2026-09-28 12:44:13.251 --Parentless.process_internal_message  path:0x00000004
2026-09-28 12:44:13.251 --Proactor<s2>.process_message  path:0x00000401
2026-09-28 12:44:13.251 ----------------------------------------------------------------------------------------
2026-09-28 12:44:14.865 
2026-09-28 12:44:14.866 ++++++++++++++++++++++++++++++++++++++++++++++++++++++++++++++++++++++++++++++++++++++++
2026-09-28 12:44:14.866 ++Proactor<s2>.process_message  [analog-temp/synced.readings]
2026-09-28 12:44:14.867   IN  internal     analog-temp to hw1.isone.me.versant.keene.maple.scada.s2     <-  [analog-temp/to/hw1.isone.me.versant.keene.maple.scada.s2/synced.readings]        SyncedReadings           
2026-09-28 12:44:14.868 ++Parentless.process_internal_message analog-temp/synced.readings
2026-09-28 12:44:14.869   OUT mqtt         analog-temp to s                                       ->  [gw/hw1-isone-me-versant-keene-maple-scada-s2/to/s/synced-readings]               SyncedReadings           
2026-09-28 12:44:14.870 --Parentless.process_internal_message  path:0x00000004
2026-09-28 12:44:14.871 --Proactor<s2>.process_message  path:0x00000401
2026-09-28 12:44:14.871 ----------------------------------------------------------------------------------------
2026-09-28 12:44:19.068 
2026-09-28 12:44:19.068 ++++++++++++++++++++++++++++++++++++++++++++++++++++++++++++++++++++++++++++++++++++++++
2026-09-28 12:44:19.069 ++Proactor<s2>.process_message  [analog-temp/synced.readings]
2026-09-28 12:44:19.069   IN  internal     analog-temp to hw1.isone.me.versant.keene.maple.scada.s2     <-  [analog-temp/to/hw1.isone.me.versant.keene.maple.scada.s2/synced.readings]        SyncedReadings           
2026-09-28 12:44:19.070 ++Parentless.process_internal_message analog-temp/synced.readings
2026-09-28 12:44:19.071   OUT mqtt         analog-temp to s                                       ->  [gw/hw1-isone-me-versant-keene-maple-scada-s2/to/s/synced-readings]               SyncedReadings           
2026-09-28 12:44:19.072 --Parentless.process_internal_message  path:0x00000004
2026-09-28 12:44:19.073 --Proactor<s2>.process_message  path:0x00000401
2026-09-28 12:44:19.073 ----------------------------------------------------------------------------------------
2026-09-28 12:44:24.054 
2026-09-28 12:44:24.055 ++++++++++++++++++++++++++++++++++++++++++++++++++++++++++++++++++++++++++++++++++++++++
2026-09-28 12:44:24.055 ++Proactor<s2>.process_message  [analog-temp/synced.readings]
2026-09-28 12:44:24.055   IN  internal     analog-temp to hw1.isone.me.versant.keene.maple.scada.s2     <-  [analog-temp/to/hw1.isone.me.versant.keene.maple.scada.s2/synced.readings]        SyncedReadings           
2026-09-28 12:44:24.055 ++Parentless.process_internal_message analog-temp/synced.readings
2026-09-28 12:44:24.056   OUT mqtt         analog-temp to s                                       ->  [gw/hw1-isone-me-versant-keene-maple-scada-s2/to/s/synced-readings]               SyncedReadings           
2026-09-28 12:44:24.056 --Parentless.process_internal_message  path:0x00000004
2026-09-28 12:44:24.057 --Proactor<s2>.process_message  path:0x00000401
2026-09-28 12:44:24.057 ----------------------------------------------------------------------------------------
2026-09-28 12:44:24.248 
2026-09-28 12:44:24.248 ++++++++++++++++++++++++++++++++++++++++++++++++++++++++++++++++++++++++++++++++++++++++
2026-09-28 12:44:24.249 ++Proactor<s2>.process_message  [gridworks-ping]
2026-09-28 12:44:24.249 ++Proactor<s2>._process_mqtt_message mqtt_clients/mqtt_message
2026-09-28 12:44:24.249   IN  mqtt         hw1.isone.me.versant.keene.maple.scada to s2           <-  [gw/hw1-isone-me-versant-keene-maple-scada/to/s2/gridworks-ping]                  Ping                      ce8f0280...
2026-09-28 12:44:24.250   OUT mqtt         hw1.isone.me.versant.keene.maple.scada.s2 to s         ->  [gw/hw1-isone-me-versant-keene-maple-scada-s2/to/s/gridworks-ack]                 Ack                       ce8f0280...
2026-09-28 12:44:24.250 --Proactor<s2>._process_mqtt_message:1  path:0x00000223
2026-09-28 12:44:24.250 --Proactor<s2>.process_message  path:0x00000002
2026-09-28 12:44:24.251 ----------------------------------------------------------------------------------------
2026-09-28 12:44:24.254 
2026-09-28 12:44:24.255 ++++++++++++++++++++++++++++++++++++++++++++++++++++++++++++++++++++++++++++++++++++++++
2026-09-28 12:44:24.255 ++Proactor<s2>.process_message  [analog-temp/synced.readings]
2026-09-28 12:44:24.255   IN  internal     analog-temp to hw1.isone.me.versant.keene.maple.scada.s2     <-  [analog-temp/to/hw1.isone.me.versant.keene.maple.scada.s2/synced.readings]        SyncedReadings           
2026-09-28 12:44:24.255 ++Parentless.process_internal_message analog-temp/synced.readings
2026-09-28 12:44:24.256   OUT mqtt         analog-temp to s                                       ->  [gw/hw1-isone-me-versant-keene-maple-scada-s2/to/s/synced-readings]               SyncedReadings           
2026-09-28 12:44:24.256 --Parentless.process_internal_message  path:0x00000004
2026-09-28 12:44:24.257 --Proactor<s2>.process_message  path:0x00000401
2026-09-28 12:44:24.257 ----------------------------------------------------------------------------------------
2026-09-28 12:44:27.672 
2026-09-28 12:44:27.673 ++++++++++++++++++++++++++++++++++++++++++++++++++++++++++++++++++++++++++++++++++++++++
2026-09-28 12:44:27.673 ++Proactor<s2>.process_message  [analog-temp/synced.readings]
2026-09-28 12:44:27.674   IN  internal     analog-temp to hw1.isone.me.versant.keene.maple.scada.s2     <-  [analog-temp/to/hw1.isone.me.versant.keene.maple.scada.s2/synced.readings]        SyncedReadings           
2026-09-28 12:44:27.674 ++Parentless.process_internal_message analog-temp/synced.readings
2026-09-28 12:44:27.676   OUT mqtt         analog-temp to s                                       ->  [gw/hw1-isone-me-versant-keene-maple-scada-s2/to/s/synced-readings]               SyncedReadings           
2026-09-28 12:44:27.677 --Parentless.process_internal_message  path:0x00000004
2026-09-28 12:44:27.678 --Proactor<s2>.process_message  path:0x00000401
2026-09-28 12:44:27.678 ----------------------------------------------------------------------------------------
2026-09-28 12:44:30.474 
2026-09-28 12:44:30.475 ++++++++++++++++++++++++++++++++++++++++++++++++++++++++++++++++++++++++++++++++++++++++
2026-09-28 12:44:30.475 ++Proactor<s2>.process_message  [analog-temp/synced.readings]
2026-09-28 12:44:30.476   IN  internal     analog-temp to hw1.isone.me.versant.keene.maple.scada.s2     <-  [analog-temp/to/hw1.isone.me.versant.keene.maple.scada.s2/synced.readings]        SyncedReadings           
2026-09-28 12:44:30.476 ++Parentless.process_internal_message analog-temp/synced.readings
2026-09-28 12:44:30.478   OUT mqtt         analog-temp to s                                       ->  [gw/hw1-isone-me-versant-keene-maple-scada-s2/to/s/synced-readings]               SyncedReadings           
2026-09-28 12:44:30.478 --Parentless.process_internal_message  path:0x00000004
2026-09-28 12:44:30.479 --Proactor<s2>.process_message  path:0x00000401
2026-09-28 12:44:30.479 ----------------------------------------------------------------------------------------
2026-09-28 12:44:31.274 
2026-09-28 12:44:31.275 ++++++++++++++++++++++++++++++++++++++++++++++++++++++++++++++++++++++++++++++++++++++++
2026-09-28 12:44:31.275 ++Proactor<s2>.process_message  [analog-temp/synced.readings]
2026-09-28 12:44:31.276   IN  internal     analog-temp to hw1.isone.me.versant.keene.maple.scada.s2     <-  [analog-temp/to/hw1.isone.me.versant.keene.maple.scada.s2/synced.readings]        SyncedReadings           
2026-09-28 12:44:31.277 ++Parentless.process_internal_message analog-temp/synced.readings
2026-09-28 12:44:31.278   OUT mqtt         analog-temp to s                                       ->  [gw/hw1-isone-me-versant-keene-maple-scada-s2/to/s/synced-readings]               SyncedReadings           
2026-09-28 12:44:31.279 --Parentless.process_internal_message  path:0x00000004
2026-09-28 12:44:31.280 --Proactor<s2>.process_message  path:0x00000401
2026-09-28 12:44:31.280 ----------------------------------------------------------------------------------------
2026-09-28 12:44:35.276 
2026-09-28 12:44:35.277 ++++++++++++++++++++++++++++++++++++++++++++++++++++++++++++++++++++++++++++++++++++++++
2026-09-28 12:44:35.278 ++Proactor<s2>.process_message  [analog-temp/synced.readings]
2026-09-28 12:44:35.278   IN  internal     analog-temp to hw1.isone.me.versant.keene.maple.scada.s2     <-  [analog-temp/to/hw1.isone.me.versant.keene.maple.scada.s2/synced.readings]        SyncedReadings           
2026-09-28 12:44:35.279 ++Parentless.process_internal_message analog-temp/synced.readings
2026-09-28 12:44:35.281   OUT mqtt         analog-temp to s                                       ->  [gw/hw1-isone-me-versant-keene-maple-scada-s2/to/s/synced-readings]               SyncedReadings           
2026-09-28 12:44:35.282 --Parentless.process_internal_message  path:0x00000004
2026-09-28 12:44:35.282 --Proactor<s2>.process_message  path:0x00000401
2026-09-28 12:44:35.283 ----------------------------------------------------------------------------------------
2026-09-28 12:44:38.877 
2026-09-28 12:44:38.878 ++++++++++++++++++++++++++++++++++++++++++++++++++++++++++++++++++++++++++++++++++++++++
2026-09-28 12:44:38.879 ++Proactor<s2>.process_message  [analog-temp/synced.readings]
2026-09-28 12:44:38.879   IN  internal     analog-temp to hw1.isone.me.versant.keene.maple.scada.s2     <-  [analog-temp/to/hw1.isone.me.versant.keene.maple.scada.s2/synced.readings]        SyncedReadings           
2026-09-28 12:44:38.880 ++Parentless.process_internal_message analog-temp/synced.readings
2026-09-28 12:44:38.882   OUT mqtt         analog-temp to s                                       ->  [gw/hw1-isone-me-versant-keene-maple-scada-s2/to/s/synced-readings]               SyncedReadings           
2026-09-28 12:44:38.882 --Parentless.process_internal_message  path:0x00000004
2026-09-28 12:44:38.883 --Proactor<s2>.process_message  path:0x00000401
2026-09-28 12:44:38.884 ----------------------------------------------------------------------------------------
2026-09-28 12:44:41.481 
2026-09-28 12:44:41.482 ++++++++++++++++++++++++++++++++++++++++++++++++++++++++++++++++++++++++++++++++++++++++
2026-09-28 12:44:41.482 ++Proactor<s2>.process_message  [analog-temp/synced.readings]
2026-09-28 12:44:41.483   IN  internal     analog-temp to hw1.isone.me.versant.keene.maple.scada.s2     <-  [analog-temp/to/hw1.isone.me.versant.keene.maple.scada.s2/synced.readings]        SyncedReadings           
2026-09-28 12:44:41.484 ++Parentless.process_internal_message analog-temp/synced.readings
2026-09-28 12:44:41.485   OUT mqtt         analog-temp to s                                       ->  [gw/hw1-isone-me-versant-keene-maple-scada-s2/to/s/synced-readings]               SyncedReadings           
2026-09-28 12:44:41.486 --Parentless.process_internal_message  path:0x00000004
2026-09-28 12:44:41.487 --Proactor<s2>.process_message  path:0x00000401
2026-09-28 12:44:41.488 ----------------------------------------------------------------------------------------
2026-09-28 12:44:42.481 
2026-09-28 12:44:42.482 ++++++++++++++++++++++++++++++++++++++++++++++++++++++++++++++++++++++++++++++++++++++++
2026-09-28 12:44:42.482 ++Proactor<s2>.process_message  [analog-temp/synced.readings]
2026-09-28 12:44:42.483   IN  internal     analog-temp to hw1.isone.me.versant.keene.maple.scada.s2     <-  [analog-temp/to/hw1.isone.me.versant.keene.maple.scada.s2/synced.readings]        SyncedReadings           
2026-09-28 12:44:42.484 ++Parentless.process_internal_message analog-temp/synced.readings
2026-09-28 12:44:42.485   OUT mqtt         analog-temp to s                                       ->  [gw/hw1-isone-me-versant-keene-maple-scada-s2/to/s/synced-readings]               SyncedReadings           
2026-09-28 12:44:42.486 --Parentless.process_internal_message  path:0x00000004
2026-09-28 12:44:42.487 --Proactor<s2>.process_message  path:0x00000401
2026-09-28 12:44:42.488 ----------------------------------------------------------------------------------------
2026-09-28 12:44:43.082 
2026-09-28 12:44:43.082 ++++++++++++++++++++++++++++++++++++++++++++++++++++++++++++++++++++++++++++++++++++++++
2026-09-28 12:44:43.083 ++Proactor<s2>.process_message  [analog-temp/synced.readings]
2026-09-28 12:44:43.084   IN  internal     analog-temp to hw1.isone.me.versant.keene.maple.scada.s2     <-  [analog-temp/to/hw1.isone.me.versant.keene.maple.scada.s2/synced.readings]        SyncedReadings           
2026-09-28 12:44:43.084 ++Parentless.process_internal_message analog-temp/synced.readings
2026-09-28 12:44:43.086   OUT mqtt         analog-temp to s                                       ->  [gw/hw1-isone-me-versant-keene-maple-scada-s2/to/s/synced-readings]               SyncedReadings           
2026-09-28 12:44:43.087 --Parentless.process_internal_message  path:0x00000004
2026-09-28 12:44:43.088 --Proactor<s2>.process_message  path:0x00000401
2026-09-28 12:44:43.088 ----------------------------------------------------------------------------------------
2026-09-28 12:44:46.078 
2026-09-28 12:44:46.078 ++++++++++++++++++++++++++++++++++++++++++++++++++++++++++++++++++++++++++++++++++++++++
2026-09-28 12:44:46.078 ++Proactor<s2>.process_message  [analog-temp/synced.readings]
2026-09-28 12:44:46.079   IN  internal     analog-temp to hw1.isone.me.versant.keene.maple.scada.s2     <-  [analog-temp/to/hw1.isone.me.versant.keene.maple.scada.s2/synced.readings]        SyncedReadings           
2026-09-28 12:44:46.079 ++Parentless.process_internal_message analog-temp/synced.readings
2026-09-28 12:44:46.080   OUT mqtt         analog-temp to s                                       ->  [gw/hw1-isone-me-versant-keene-maple-scada-s2/to/s/synced-readings]               SyncedReadings           
2026-09-28 12:44:46.081 --Parentless.process_internal_message  path:0x00000004
2026-09-28 12:44:46.081 --Proactor<s2>.process_message  path:0x00000401
2026-09-28 12:44:46.082 ----------------------------------------------------------------------------------------
2026-09-28 12:44:48.668 
2026-09-28 12:44:48.668 ++++++++++++++++++++++++++++++++++++++++++++++++++++++++++++++++++++++++++++++++++++++++
2026-09-28 12:44:48.668 ++Proactor<s2>.process_message  [analog-temp/synced.readings]
2026-09-28 12:44:48.668   IN  internal     analog-temp to hw1.isone.me.versant.keene.maple.scada.s2     <-  [analog-temp/to/hw1.isone.me.versant.keene.maple.scada.s2/synced.readings]        SyncedReadings           
2026-09-28 12:44:48.669 ++Parentless.process_internal_message analog-temp/synced.readings
2026-09-28 12:44:48.669   OUT mqtt         analog-temp to s                                       ->  [gw/hw1-isone-me-versant-keene-maple-scada-s2/to/s/synced-readings]               SyncedReadings           
2026-09-28 12:44:48.670 --Parentless.process_internal_message  path:0x00000004
2026-09-28 12:44:48.670 --Proactor<s2>.process_message  path:0x00000401
2026-09-28 12:44:48.670 ----------------------------------------------------------------------------------------
2026-09-28 12:44:49.268 
2026-09-28 12:44:49.268 ++++++++++++++++++++++++++++++++++++++++++++++++++++++++++++++++++++++++++++++++++++++++
2026-09-28 12:44:49.268 ++Proactor<s2>.process_message  [analog-temp/synced.readings]
2026-09-28 12:44:49.269   IN  internal     analog-temp to hw1.isone.me.versant.keene.maple.scada.s2     <-  [analog-temp/to/hw1.isone.me.versant.keene.maple.scada.s2/synced.readings]        SyncedReadings           
2026-09-28 12:44:49.269 ++Parentless.process_internal_message analog-temp/synced.readings
2026-09-28 12:44:49.270   OUT mqtt         analog-temp to s                                       ->  [gw/hw1-isone-me-versant-keene-maple-scada-s2/to/s/synced-readings]               SyncedReadings           
2026-09-28 12:44:49.270 --Parentless.process_internal_message  path:0x00000004
2026-09-28 12:44:49.271 --Proactor<s2>.process_message  path:0x00000401
2026-09-28 12:44:49.271 ----------------------------------------------------------------------------------------
2026-09-28 12:44:49.868 
2026-09-28 12:44:49.875 ++++++++++++++++++++++++++++++++++++++++++++++++++++++++++++++++++++++++++++++++++++++++
2026-09-28 12:44:49.875 ++Proactor<s2>.process_message  [analog-temp/synced.readings]
2026-09-28 12:44:49.875   IN  internal     analog-temp to hw1.isone.me.versant.keene.maple.scada.s2     <-  [analog-temp/to/hw1.isone.me.versant.keene.maple.scada.s2/synced.readings]        SyncedReadings           
2026-09-28 12:44:49.876 ++Parentless.process_internal_message analog-temp/synced.readings
2026-09-28 12:44:49.876   OUT mqtt         analog-temp to s                                       ->  [gw/hw1-isone-me-versant-keene-maple-scada-s2/to/s/synced-readings]               SyncedReadings           
2026-09-28 12:44:49.877 --Parentless.process_internal_message  path:0x00000004
2026-09-28 12:44:49.877 --Proactor<s2>.process_message  path:0x00000401
2026-09-28 12:44:49.877 ----------------------------------------------------------------------------------------
2026-09-28 12:44:51.269 
2026-09-28 12:44:51.269 ++++++++++++++++++++++++++++++++++++++++++++++++++++++++++++++++++++++++++++++++++++++++
2026-09-28 12:44:51.270 ++Proactor<s2>.process_message  [analog-temp/synced.readings]
2026-09-28 12:44:51.270   IN  internal     analog-temp to hw1.isone.me.versant.keene.maple.scada.s2     <-  [analog-temp/to/hw1.isone.me.versant.keene.maple.scada.s2/synced.readings]        SyncedReadings           
2026-09-28 12:44:51.270 ++Parentless.process_internal_message analog-temp/synced.readings
2026-09-28 12:44:51.271   OUT mqtt         analog-temp to s                                       ->  [gw/hw1-isone-me-versant-keene-maple-scada-s2/to/s/synced-readings]               SyncedReadings           
2026-09-28 12:44:51.271 --Parentless.process_internal_message  path:0x00000004
2026-09-28 12:44:51.271 --Proactor<s2>.process_message  path:0x00000401
2026-09-28 12:44:51.271 ----------------------------------------------------------------------------------------
2026-09-28 12:44:51.878 
2026-09-28 12:44:51.879 ++++++++++++++++++++++++++++++++++++++++++++++++++++++++++++++++++++++++++++++++++++++++
2026-09-28 12:44:51.879 ++Proactor<s2>.process_message  [analog-temp/synced.readings]
2026-09-28 12:44:51.880   IN  internal     analog-temp to hw1.isone.me.versant.keene.maple.scada.s2     <-  [analog-temp/to/hw1.isone.me.versant.keene.maple.scada.s2/synced.readings]        SyncedReadings           
2026-09-28 12:44:51.881 ++Parentless.process_internal_message analog-temp/synced.readings
2026-09-28 12:44:51.882   OUT mqtt         analog-temp to s                                       ->  [gw/hw1-isone-me-versant-keene-maple-scada-s2/to/s/synced-readings]               SyncedReadings           
2026-09-28 12:44:51.883 --Parentless.process_internal_message  path:0x00000004
2026-09-28 12:44:51.884 --Proactor<s2>.process_message  path:0x00000401
2026-09-28 12:44:51.884 ----------------------------------------------------------------------------------------
2026-09-28 12:44:53.485 
2026-09-28 12:44:53.486 ++++++++++++++++++++++++++++++++++++++++++++++++++++++++++++++++++++++++++++++++++++++++
2026-09-28 12:44:53.486 ++Proactor<s2>.process_message  [analog-temp/synced.readings]
2026-09-28 12:44:53.487   IN  internal     analog-temp to hw1.isone.me.versant.keene.maple.scada.s2     <-  [analog-temp/to/hw1.isone.me.versant.keene.maple.scada.s2/synced.readings]        SyncedReadings           
2026-09-28 12:44:53.488 ++Parentless.process_internal_message analog-temp/synced.readings
2026-09-28 12:44:53.489   OUT mqtt         analog-temp to s                                       ->  [gw/hw1-isone-me-versant-keene-maple-scada-s2/to/s/synced-readings]               SyncedReadings           
2026-09-28 12:44:53.490 --Parentless.process_internal_message  path:0x00000004
2026-09-28 12:44:53.490 --Proactor<s2>.process_message  path:0x00000401
2026-09-28 12:44:53.491 ----------------------------------------------------------------------------------------
2026-09-28 12:44:54.086 
2026-09-28 12:44:54.087 ++++++++++++++++++++++++++++++++++++++++++++++++++++++++++++++++++++++++++++++++++++++++
2026-09-28 12:44:54.087 ++Proactor<s2>.process_message  [analog-temp/synced.readings]
2026-09-28 12:44:54.088   IN  internal     analog-temp to hw1.isone.me.versant.keene.maple.scada.s2     <-  [analog-temp/to/hw1.isone.me.versant.keene.maple.scada.s2/synced.readings]        SyncedReadings           
2026-09-28 12:44:54.088 ++Parentless.process_internal_message analog-temp/synced.readings
2026-09-28 12:44:54.090   OUT mqtt         analog-temp to s                                       ->  [gw/hw1-isone-me-versant-keene-maple-scada-s2/to/s/synced-readings]               SyncedReadings           
2026-09-28 12:44:54.090 --Parentless.process_internal_message  path:0x00000004
2026-09-28 12:44:54.091 --Proactor<s2>.process_message  path:0x00000401
2026-09-28 12:44:54.092 ----------------------------------------------------------------------------------------
2026-09-28 12:44:54.686 
2026-09-28 12:44:54.687 ++++++++++++++++++++++++++++++++++++++++++++++++++++++++++++++++++++++++++++++++++++++++
2026-09-28 12:44:54.687 ++Proactor<s2>.process_message  [analog-temp/synced.readings]
2026-09-28 12:44:54.688   IN  internal     analog-temp to hw1.isone.me.versant.keene.maple.scada.s2     <-  [analog-temp/to/hw1.isone.me.versant.keene.maple.scada.s2/synced.readings]        SyncedReadings           
2026-09-28 12:44:54.688 ++Parentless.process_internal_message analog-temp/synced.readings
2026-09-28 12:44:54.689   OUT mqtt         analog-temp to s                                       ->  [gw/hw1-isone-me-versant-keene-maple-scada-s2/to/s/synced-readings]               SyncedReadings           
2026-09-28 12:44:54.690 --Parentless.process_internal_message  path:0x00000004
2026-09-28 12:44:54.691 --Proactor<s2>.process_message  path:0x00000401
2026-09-28 12:44:54.691 ----------------------------------------------------------------------------------------
2026-09-28 12:44:57.688 
2026-09-28 12:44:57.689 ++++++++++++++++++++++++++++++++++++++++++++++++++++++++++++++++++++++++++++++++++++++++
2026-09-28 12:44:57.689 ++Proactor<s2>.process_message  [analog-temp/synced.readings]
2026-09-28 12:44:57.690   IN  internal     analog-temp to hw1.isone.me.versant.keene.maple.scada.s2     <-  [analog-temp/to/hw1.isone.me.versant.keene.maple.scada.s2/synced.readings]        SyncedReadings           
2026-09-28 12:44:57.690 ++Parentless.process_internal_message analog-temp/synced.readings
2026-09-28 12:44:57.692   OUT mqtt         analog-temp to s                                       ->  [gw/hw1-isone-me-versant-keene-maple-scada-s2/to/s/synced-readings]               SyncedReadings           
2026-09-28 12:44:57.693 --Parentless.process_internal_message  path:0x00000004
2026-09-28 12:44:57.694 --Proactor<s2>.process_message  path:0x00000401
2026-09-28 12:44:57.694 ----------------------------------------------------------------------------------------
2026-09-28 12:44:57.888 
2026-09-28 12:44:57.889 ++++++++++++++++++++++++++++++++++++++++++++++++++++++++++++++++++++++++++++++++++++++++
2026-09-28 12:44:57.889 ++Proactor<s2>.process_message  [analog-temp/synced.readings]
2026-09-28 12:44:57.890   IN  internal     analog-temp to hw1.isone.me.versant.keene.maple.scada.s2     <-  [analog-temp/to/hw1.isone.me.versant.keene.maple.scada.s2/synced.readings]        SyncedReadings           
2026-09-28 12:44:57.890 ++Parentless.process_internal_message analog-temp/synced.readings
2026-09-28 12:44:57.892   OUT mqtt         analog-temp to s                                       ->  [gw/hw1-isone-me-versant-keene-maple-scada-s2/to/s/synced-readings]               SyncedReadings           
2026-09-28 12:44:57.893 --Parentless.process_internal_message  path:0x00000004
2026-09-28 12:44:57.893 --Proactor<s2>.process_message  path:0x00000401
2026-09-28 12:44:57.894 ----------------------------------------------------------------------------------------
2026-09-28 12:45:00.273 
2026-09-28 12:45:00.274 ++++++++++++++++++++++++++++++++++++++++++++++++++++++++++++++++++++++++++++++++++++++++
2026-09-28 12:45:00.274 ++Proactor<s2>.process_message  [analog-temp/synced.readings]
2026-09-28 12:45:00.274   IN  internal     analog-temp to hw1.isone.me.versant.keene.maple.scada.s2     <-  [analog-temp/to/hw1.isone.me.versant.keene.maple.scada.s2/synced.readings]        SyncedReadings           
2026-09-28 12:45:00.274 ++Parentless.process_internal_message analog-temp/synced.readings
2026-09-28 12:45:00.275   OUT mqtt         analog-temp to s                                       ->  [gw/hw1-isone-me-versant-keene-maple-scada-s2/to/s/synced-readings]               SyncedReadings           
2026-09-28 12:45:00.275 --Parentless.process_internal_message  path:0x00000004
2026-09-28 12:45:00.276 --Proactor<s2>.process_message  path:0x00000401
2026-09-28 12:45:00.276 ----------------------------------------------------------------------------------------
2026-09-28 12:45:01.073 
2026-09-28 12:45:01.074 ++++++++++++++++++++++++++++++++++++++++++++++++++++++++++++++++++++++++++++++++++++++++
2026-09-28 12:45:01.074 ++Proactor<s2>.process_message  [analog-temp/synced.readings]
2026-09-28 12:45:01.074   IN  internal     analog-temp to hw1.isone.me.versant.keene.maple.scada.s2     <-  [analog-temp/to/hw1.isone.me.versant.keene.maple.scada.s2/synced.readings]        SyncedReadings           
2026-09-28 12:45:01.074 ++Parentless.process_internal_message analog-temp/synced.readings
2026-09-28 12:45:01.075   OUT mqtt         analog-temp to s                                       ->  [gw/hw1-isone-me-versant-keene-maple-scada-s2/to/s/synced-readings]               SyncedReadings           
2026-09-28 12:45:01.075 --Parentless.process_internal_message  path:0x00000004
2026-09-28 12:45:01.076 --Proactor<s2>.process_message  path:0x00000401
2026-09-28 12:45:01.076 ----------------------------------------------------------------------------------------
2026-09-28 12:45:01.274 
2026-09-28 12:45:01.274 ++++++++++++++++++++++++++++++++++++++++++++++++++++++++++++++++++++++++++++++++++++++++
2026-09-28 12:45:01.274 ++Proactor<s2>.process_message  [analog-temp/synced.readings]
2026-09-28 12:45:01.275   IN  internal     analog-temp to hw1.isone.me.versant.keene.maple.scada.s2     <-  [analog-temp/to/hw1.isone.me.versant.keene.maple.scada.s2/synced.readings]        SyncedReadings           
2026-09-28 12:45:01.275 ++Parentless.process_internal_message analog-temp/synced.readings
2026-09-28 12:45:01.275   OUT mqtt         analog-temp to s                                       ->  [gw/hw1-isone-me-versant-keene-maple-scada-s2/to/s/synced-readings]               SyncedReadings           
2026-09-28 12:45:01.276 --Parentless.process_internal_message  path:0x00000004
2026-09-28 12:45:01.276 --Proactor<s2>.process_message  path:0x00000401
2026-09-28 12:45:01.276 ----------------------------------------------------------------------------------------
2026-09-28 12:45:02.274 
2026-09-28 12:45:02.279 ++++++++++++++++++++++++++++++++++++++++++++++++++++++++++++++++++++++++++++++++++++++++
2026-09-28 12:45:02.279 ++Proactor<s2>.process_message  [analog-temp/synced.readings]
2026-09-28 12:45:02.279   IN  internal     analog-temp to hw1.isone.me.versant.keene.maple.scada.s2     <-  [analog-temp/to/hw1.isone.me.versant.keene.maple.scada.s2/synced.readings]        SyncedReadings           
2026-09-28 12:45:02.279 ++Parentless.process_internal_message analog-temp/synced.readings
2026-09-28 12:45:02.280   OUT mqtt         analog-temp to s                                       ->  [gw/hw1-isone-me-versant-keene-maple-scada-s2/to/s/synced-readings]               SyncedReadings           
2026-09-28 12:45:02.280 --Parentless.process_internal_message  path:0x00000004
2026-09-28 12:45:02.281 --Proactor<s2>.process_message  path:0x00000401
2026-09-28 12:45:02.281 ----------------------------------------------------------------------------------------
2026-09-28 12:45:06.093 
2026-09-28 12:45:06.094 ++++++++++++++++++++++++++++++++++++++++++++++++++++++++++++++++++++++++++++++++++++++++
2026-09-28 12:45:06.094 ++Proactor<s2>.process_message  [analog-temp/synced.readings]
2026-09-28 12:45:06.095   IN  internal     analog-temp to hw1.isone.me.versant.keene.maple.scada.s2     <-  [analog-temp/to/hw1.isone.me.versant.keene.maple.scada.s2/synced.readings]        SyncedReadings           
2026-09-28 12:45:06.096 ++Parentless.process_internal_message analog-temp/synced.readings
2026-09-28 12:45:06.097   OUT mqtt         analog-temp to s                                       ->  [gw/hw1-isone-me-versant-keene-maple-scada-s2/to/s/synced-readings]               SyncedReadings           
2026-09-28 12:45:06.098 --Parentless.process_internal_message  path:0x00000004
2026-09-28 12:45:06.099 --Proactor<s2>.process_message  path:0x00000401
2026-09-28 12:45:06.099 ----------------------------------------------------------------------------------------
2026-09-28 12:45:06.292 
2026-09-28 12:45:06.293 ++++++++++++++++++++++++++++++++++++++++++++++++++++++++++++++++++++++++++++++++++++++++
2026-09-28 12:45:06.293 ++Proactor<s2>.process_message  [analog-temp/synced.readings]
2026-09-28 12:45:06.294   IN  internal     analog-temp to hw1.isone.me.versant.keene.maple.scada.s2     <-  [analog-temp/to/hw1.isone.me.versant.keene.maple.scada.s2/synced.readings]        SyncedReadings           
2026-09-28 12:45:06.294 ++Parentless.process_internal_message analog-temp/synced.readings
2026-09-28 12:45:06.296   OUT mqtt         analog-temp to s                                       ->  [gw/hw1-isone-me-versant-keene-maple-scada-s2/to/s/synced-readings]               SyncedReadings           
2026-09-28 12:45:06.296 --Parentless.process_internal_message  path:0x00000004
2026-09-28 12:45:06.297 --Proactor<s2>.process_message  path:0x00000401
2026-09-28 12:45:06.297 ----------------------------------------------------------------------------------------
2026-09-28 12:45:06.492 
2026-09-28 12:45:06.493 ++++++++++++++++++++++++++++++++++++++++++++++++++++++++++++++++++++++++++++++++++++++++
2026-09-28 12:45:06.493 ++Proactor<s2>.process_message  [analog-temp/synced.readings]
2026-09-28 12:45:06.494   IN  internal     analog-temp to hw1.isone.me.versant.keene.maple.scada.s2     <-  [analog-temp/to/hw1.isone.me.versant.keene.maple.scada.s2/synced.readings]        SyncedReadings           
2026-09-28 12:45:06.494 ++Parentless.process_internal_message analog-temp/synced.readings
2026-09-28 12:45:06.495   OUT mqtt         analog-temp to s                                       ->  [gw/hw1-isone-me-versant-keene-maple-scada-s2/to/s/synced-readings]               SyncedReadings           
2026-09-28 12:45:06.496 --Parentless.process_internal_message  path:0x00000004
2026-09-28 12:45:06.497 --Proactor<s2>.process_message  path:0x00000401
2026-09-28 12:45:06.497 ----------------------------------------------------------------------------------------
2026-09-28 12:45:09.093 
2026-09-28 12:45:09.094 ++++++++++++++++++++++++++++++++++++++++++++++++++++++++++++++++++++++++++++++++++++++++
2026-09-28 12:45:09.094 ++Proactor<s2>.process_message  [analog-temp/synced.readings]
2026-09-28 12:45:09.095   IN  internal     analog-temp to hw1.isone.me.versant.keene.maple.scada.s2     <-  [analog-temp/to/hw1.isone.me.versant.keene.maple.scada.s2/synced.readings]        SyncedReadings           
2026-09-28 12:45:09.095 ++Parentless.process_internal_message analog-temp/synced.readings
2026-09-28 12:45:09.097   OUT mqtt         analog-temp to s                                       ->  [gw/hw1-isone-me-versant-keene-maple-scada-s2/to/s/synced-readings]               SyncedReadings           
2026-09-28 12:45:09.098 --Parentless.process_internal_message  path:0x00000004
2026-09-28 12:45:09.098 --Proactor<s2>.process_message  path:0x00000401
2026-09-28 12:45:09.099 ----------------------------------------------------------------------------------------
2026-09-28 12:45:10.496 
2026-09-28 12:45:10.497 ++++++++++++++++++++++++++++++++++++++++++++++++++++++++++++++++++++++++++++++++++++++++
2026-09-28 12:45:10.497 ++Proactor<s2>.process_message  [analog-temp/synced.readings]
2026-09-28 12:45:10.498   IN  internal     analog-temp to hw1.isone.me.versant.keene.maple.scada.s2     <-  [analog-temp/to/hw1.isone.me.versant.keene.maple.scada.s2/synced.readings]        SyncedReadings           
2026-09-28 12:45:10.499 ++Parentless.process_internal_message analog-temp/synced.readings
2026-09-28 12:45:10.500   OUT mqtt         analog-temp to s                                       ->  [gw/hw1-isone-me-versant-keene-maple-scada-s2/to/s/synced-readings]               SyncedReadings           
2026-09-28 12:45:10.501 --Parentless.process_internal_message  path:0x00000004
2026-09-28 12:45:10.502 --Proactor<s2>.process_message  path:0x00000401
2026-09-28 12:45:10.502 ----------------------------------------------------------------------------------------
2026-09-28 12:45:11.079 
2026-09-28 12:45:11.080 ++++++++++++++++++++++++++++++++++++++++++++++++++++++++++++++++++++++++++++++++++++++++
2026-09-28 12:45:11.080 ++Proactor<s2>.process_message  [analog-temp/synced.readings]
2026-09-28 12:45:11.080   IN  internal     analog-temp to hw1.isone.me.versant.keene.maple.scada.s2     <-  [analog-temp/to/hw1.isone.me.versant.keene.maple.scada.s2/synced.readings]        SyncedReadings           
2026-09-28 12:45:11.080 ++Parentless.process_internal_message analog-temp/synced.readings
2026-09-28 12:45:11.081   OUT mqtt         analog-temp to s                                       ->  [gw/hw1-isone-me-versant-keene-maple-scada-s2/to/s/synced-readings]               SyncedReadings           
2026-09-28 12:45:11.081 --Parentless.process_internal_message  path:0x00000004
2026-09-28 12:45:11.082 --Proactor<s2>.process_message  path:0x00000401
2026-09-28 12:45:11.082 ----------------------------------------------------------------------------------------
2026-09-28 12:45:11.881 
2026-09-28 12:45:11.882 ++++++++++++++++++++++++++++++++++++++++++++++++++++++++++++++++++++++++++++++++++++++++
2026-09-28 12:45:11.882 ++Proactor<s2>.process_message  [analog-temp/synced.readings]
2026-09-28 12:45:11.882   IN  internal     analog-temp to hw1.isone.me.versant.keene.maple.scada.s2     <-  [analog-temp/to/hw1.isone.me.versant.keene.maple.scada.s2/synced.readings]        SyncedReadings           
2026-09-28 12:45:11.882 ++Parentless.process_internal_message analog-temp/synced.readings
2026-09-28 12:45:11.883   OUT mqtt         analog-temp to s                                       ->  [gw/hw1-isone-me-versant-keene-maple-scada-s2/to/s/synced-readings]               SyncedReadings           
2026-09-28 12:45:11.884 --Parentless.process_internal_message  path:0x00000004
2026-09-28 12:45:11.884 --Proactor<s2>.process_message  path:0x00000401
2026-09-28 12:45:11.884 ----------------------------------------------------------------------------------------
2026-09-28 12:45:12.480 
2026-09-28 12:45:12.480 ++++++++++++++++++++++++++++++++++++++++++++++++++++++++++++++++++++++++++++++++++++++++
2026-09-28 12:45:12.480 ++Proactor<s2>.process_message  [analog-temp/synced.readings]
2026-09-28 12:45:12.480   IN  internal     analog-temp to hw1.isone.me.versant.keene.maple.scada.s2     <-  [analog-temp/to/hw1.isone.me.versant.keene.maple.scada.s2/synced.readings]        SyncedReadings           
2026-09-28 12:45:12.481 ++Parentless.process_internal_message analog-temp/synced.readings
2026-09-28 12:45:12.481   OUT mqtt         analog-temp to s                                       ->  [gw/hw1-isone-me-versant-keene-maple-scada-s2/to/s/synced-readings]               SyncedReadings           
2026-09-28 12:45:12.482 --Parentless.process_internal_message  path:0x00000004
2026-09-28 12:45:12.482 --Proactor<s2>.process_message  path:0x00000401
2026-09-28 12:45:12.482 ----------------------------------------------------------------------------------------
2026-09-28 12:45:15.681 
2026-09-28 12:45:15.681 ++++++++++++++++++++++++++++++++++++++++++++++++++++++++++++++++++++++++++++++++++++++++
2026-09-28 12:45:15.681 ++Proactor<s2>.process_message  [analog-temp/synced.readings]
2026-09-28 12:45:15.681   IN  internal     analog-temp to hw1.isone.me.versant.keene.maple.scada.s2     <-  [analog-temp/to/hw1.isone.me.versant.keene.maple.scada.s2/synced.readings]        SyncedReadings           
2026-09-28 12:45:15.682 ++Parentless.process_internal_message analog-temp/synced.readings
2026-09-28 12:45:15.682   OUT mqtt         analog-temp to s                                       ->  [gw/hw1-isone-me-versant-keene-maple-scada-s2/to/s/synced-readings]               SyncedReadings           
2026-09-28 12:45:15.683 --Parentless.process_internal_message  path:0x00000004
2026-09-28 12:45:15.683 --Proactor<s2>.process_message  path:0x00000401
2026-09-28 12:45:15.683 ----------------------------------------------------------------------------------------
2026-09-28 12:45:16.298 
2026-09-28 12:45:16.298 ++++++++++++++++++++++++++++++++++++++++++++++++++++++++++++++++++++++++++++++++++++++++
2026-09-28 12:45:16.299 ++Proactor<s2>.process_message  [analog-temp/synced.readings]
2026-09-28 12:45:16.300   IN  internal     analog-temp to hw1.isone.me.versant.keene.maple.scada.s2     <-  [analog-temp/to/hw1.isone.me.versant.keene.maple.scada.s2/synced.readings]        SyncedReadings           
2026-09-28 12:45:16.300 ++Parentless.process_internal_message analog-temp/synced.readings
2026-09-28 12:45:16.302   OUT mqtt         analog-temp to s                                       ->  [gw/hw1-isone-me-versant-keene-maple-scada-s2/to/s/synced-readings]               SyncedReadings           
2026-09-28 12:45:16.303 --Parentless.process_internal_message  path:0x00000004
2026-09-28 12:45:16.304 --Proactor<s2>.process_message  path:0x00000401
2026-09-28 12:45:16.304 ----------------------------------------------------------------------------------------
2026-09-28 12:45:19.898 
2026-09-28 12:45:19.899 ++++++++++++++++++++++++++++++++++++++++++++++++++++++++++++++++++++++++++++++++++++++++
2026-09-28 12:45:19.899 ++Proactor<s2>.process_message  [analog-temp/synced.readings]
2026-09-28 12:45:19.900   IN  internal     analog-temp to hw1.isone.me.versant.keene.maple.scada.s2     <-  [analog-temp/to/hw1.isone.me.versant.keene.maple.scada.s2/synced.readings]        SyncedReadings           
2026-09-28 12:45:19.900 ++Parentless.process_internal_message analog-temp/synced.readings
2026-09-28 12:45:19.901   OUT mqtt         analog-temp to s                                       ->  [gw/hw1-isone-me-versant-keene-maple-scada-s2/to/s/synced-readings]               SyncedReadings           
2026-09-28 12:45:19.902 --Parentless.process_internal_message  path:0x00000004
2026-09-28 12:45:19.903 --Proactor<s2>.process_message  path:0x00000401
2026-09-28 12:45:19.903 ----------------------------------------------------------------------------------------
2026-09-28 12:45:22.501 
2026-09-28 12:45:22.501 ++++++++++++++++++++++++++++++++++++++++++++++++++++++++++++++++++++++++++++++++++++++++
2026-09-28 12:45:22.502 ++Proactor<s2>.process_message  [analog-temp/synced.readings]
2026-09-28 12:45:22.502   IN  internal     analog-temp to hw1.isone.me.versant.keene.maple.scada.s2     <-  [analog-temp/to/hw1.isone.me.versant.keene.maple.scada.s2/synced.readings]        SyncedReadings           
2026-09-28 12:45:22.503 ++Parentless.process_internal_message analog-temp/synced.readings
2026-09-28 12:45:22.504   OUT mqtt         analog-temp to s                                       ->  [gw/hw1-isone-me-versant-keene-maple-scada-s2/to/s/synced-readings]               SyncedReadings           
2026-09-28 12:45:22.505 --Parentless.process_internal_message  path:0x00000004
2026-09-28 12:45:22.506 --Proactor<s2>.process_message  path:0x00000401
2026-09-28 12:45:22.506 ----------------------------------------------------------------------------------------
2026-09-28 12:45:24.250 
2026-09-28 12:45:24.251 ++++++++++++++++++++++++++++++++++++++++++++++++++++++++++++++++++++++++++++++++++++++++
2026-09-28 12:45:24.251 ++Proactor<s2>.process_message  [gridworks-ping]
2026-09-28 12:45:24.251 ++Proactor<s2>._process_mqtt_message mqtt_clients/mqtt_message
2026-09-28 12:45:24.252   IN  mqtt         hw1.isone.me.versant.keene.maple.scada to s2           <-  [gw/hw1-isone-me-versant-keene-maple-scada/to/s2/gridworks-ping]                  Ping                      94d42f2c...
2026-09-28 12:45:24.252   OUT mqtt         hw1.isone.me.versant.keene.maple.scada.s2 to s         ->  [gw/hw1-isone-me-versant-keene-maple-scada-s2/to/s/gridworks-ack]                 Ack                       94d42f2c...
2026-09-28 12:45:24.253 --Proactor<s2>._process_mqtt_message:1  path:0x00000223
2026-09-28 12:45:24.253 --Proactor<s2>.process_message  path:0x00000002
2026-09-28 12:45:24.253 ----------------------------------------------------------------------------------------
2026-09-28 12:45:24.686 
2026-09-28 12:45:24.687 ++++++++++++++++++++++++++++++++++++++++++++++++++++++++++++++++++++++++++++++++++++++++
2026-09-28 12:45:24.687 ++Proactor<s2>.process_message  [analog-temp/synced.readings]
2026-09-28 12:45:24.687   IN  internal     analog-temp to hw1.isone.me.versant.keene.maple.scada.s2     <-  [analog-temp/to/hw1.isone.me.versant.keene.maple.scada.s2/synced.readings]        SyncedReadings           
2026-09-28 12:45:24.687 ++Parentless.process_internal_message analog-temp/synced.readings
2026-09-28 12:45:24.688   OUT mqtt         analog-temp to s                                       ->  [gw/hw1-isone-me-versant-keene-maple-scada-s2/to/s/synced-readings]               SyncedReadings           
2026-09-28 12:45:24.688 --Parentless.process_internal_message  path:0x00000004
2026-09-28 12:45:24.689 --Proactor<s2>.process_message  path:0x00000401
2026-09-28 12:45:24.689 ----------------------------------------------------------------------------------------
2026-09-28 12:45:26.088 
2026-09-28 12:45:26.088 ++++++++++++++++++++++++++++++++++++++++++++++++++++++++++++++++++++++++++++++++++++++++
2026-09-28 12:45:26.088 ++Proactor<s2>.process_message  [analog-temp/synced.readings]
2026-09-28 12:45:26.088   IN  internal     analog-temp to hw1.isone.me.versant.keene.maple.scada.s2     <-  [analog-temp/to/hw1.isone.me.versant.keene.maple.scada.s2/synced.readings]        SyncedReadings           
2026-09-28 12:45:26.089 ++Parentless.process_internal_message analog-temp/synced.readings
2026-09-28 12:45:26.089   OUT mqtt         analog-temp to s                                       ->  [gw/hw1-isone-me-versant-keene-maple-scada-s2/to/s/synced-readings]               SyncedReadings           
2026-09-28 12:45:26.090 --Parentless.process_internal_message  path:0x00000004
2026-09-28 12:45:26.090 --Proactor<s2>.process_message  path:0x00000401
2026-09-28 12:45:26.090 ----------------------------------------------------------------------------------------
2026-09-28 12:45:26.487 
2026-09-28 12:45:26.487 ++++++++++++++++++++++++++++++++++++++++++++++++++++++++++++++++++++++++++++++++++++++++
2026-09-28 12:45:26.488 ++Proactor<s2>.process_message  [analog-temp/synced.readings]
2026-09-28 12:45:26.488   IN  internal     analog-temp to hw1.isone.me.versant.keene.maple.scada.s2     <-  [analog-temp/to/hw1.isone.me.versant.keene.maple.scada.s2/synced.readings]        SyncedReadings           
2026-09-28 12:45:26.488 ++Parentless.process_internal_message analog-temp/synced.readings
2026-09-28 12:45:26.489   OUT mqtt         analog-temp to s                                       ->  [gw/hw1-isone-me-versant-keene-maple-scada-s2/to/s/synced-readings]               SyncedReadings           
2026-09-28 12:45:26.489 --Parentless.process_internal_message  path:0x00000004
2026-09-28 12:45:26.489 --Proactor<s2>.process_message  path:0x00000401
2026-09-28 12:45:26.490 ----------------------------------------------------------------------------------------
2026-09-28 12:45:30.906 
2026-09-28 12:45:30.906 ++++++++++++++++++++++++++++++++++++++++++++++++++++++++++++++++++++++++++++++++++++++++
2026-09-28 12:45:30.907 ++Proactor<s2>.process_message  [analog-temp/synced.readings]
2026-09-28 12:45:30.908   IN  internal     analog-temp to hw1.isone.me.versant.keene.maple.scada.s2     <-  [analog-temp/to/hw1.isone.me.versant.keene.maple.scada.s2/synced.readings]        SyncedReadings           
2026-09-28 12:45:30.908 ++Parentless.process_internal_message analog-temp/synced.readings
2026-09-28 12:45:30.910   OUT mqtt         analog-temp to s                                       ->  [gw/hw1-isone-me-versant-keene-maple-scada-s2/to/s/synced-readings]               SyncedReadings           
2026-09-28 12:45:30.911 --Parentless.process_internal_message  path:0x00000004
2026-09-28 12:45:30.911 --Proactor<s2>.process_message  path:0x00000401
2026-09-28 12:45:30.912 ----------------------------------------------------------------------------------------
2026-09-28 12:45:34.908 
2026-09-28 12:45:34.909 ++++++++++++++++++++++++++++++++++++++++++++++++++++++++++++++++++++++++++++++++++++++++
2026-09-28 12:45:34.909 ++Proactor<s2>.process_message  [analog-temp/synced.readings]
2026-09-28 12:45:34.910   IN  internal     analog-temp to hw1.isone.me.versant.keene.maple.scada.s2     <-  [analog-temp/to/hw1.isone.me.versant.keene.maple.scada.s2/synced.readings]        SyncedReadings           
2026-09-28 12:45:34.910 ++Parentless.process_internal_message analog-temp/synced.readings
2026-09-28 12:45:34.912   OUT mqtt         analog-temp to s                                       ->  [gw/hw1-isone-me-versant-keene-maple-scada-s2/to/s/synced-readings]               SyncedReadings           
2026-09-28 12:45:34.912 --Parentless.process_internal_message  path:0x00000004
2026-09-28 12:45:34.913 --Proactor<s2>.process_message  path:0x00000401
2026-09-28 12:45:34.913 ----------------------------------------------------------------------------------------
2026-09-28 12:45:36.694 
2026-09-28 12:45:36.694 ++++++++++++++++++++++++++++++++++++++++++++++++++++++++++++++++++++++++++++++++++++++++
2026-09-28 12:45:36.694 ++Proactor<s2>.process_message  [analog-temp/synced.readings]
2026-09-28 12:45:36.694   IN  internal     analog-temp to hw1.isone.me.versant.keene.maple.scada.s2     <-  [analog-temp/to/hw1.isone.me.versant.keene.maple.scada.s2/synced.readings]        SyncedReadings           
2026-09-28 12:45:36.695 ++Parentless.process_internal_message analog-temp/synced.readings
2026-09-28 12:45:36.695   OUT mqtt         analog-temp to s                                       ->  [gw/hw1-isone-me-versant-keene-maple-scada-s2/to/s/synced-readings]               SyncedReadings           
2026-09-28 12:45:36.696 --Parentless.process_internal_message  path:0x00000004
2026-09-28 12:45:36.696 --Proactor<s2>.process_message  path:0x00000401
2026-09-28 12:45:36.696 ----------------------------------------------------------------------------------------
2026-09-28 12:45:38.094 
2026-09-28 12:45:38.094 ++++++++++++++++++++++++++++++++++++++++++++++++++++++++++++++++++++++++++++++++++++++++
2026-09-28 12:45:38.095 ++Proactor<s2>.process_message  [analog-temp/synced.readings]
2026-09-28 12:45:38.095   IN  internal     analog-temp to hw1.isone.me.versant.keene.maple.scada.s2     <-  [analog-temp/to/hw1.isone.me.versant.keene.maple.scada.s2/synced.readings]        SyncedReadings           
2026-09-28 12:45:38.095 ++Parentless.process_internal_message analog-temp/synced.readings
2026-09-28 12:45:38.096   OUT mqtt         analog-temp to s                                       ->  [gw/hw1-isone-me-versant-keene-maple-scada-s2/to/s/synced-readings]               SyncedReadings           
2026-09-28 12:45:38.096 --Parentless.process_internal_message  path:0x00000004
2026-09-28 12:45:38.097 --Proactor<s2>.process_message  path:0x00000401
2026-09-28 12:45:38.097 ----------------------------------------------------------------------------------------
2026-09-28 12:45:41.495 
2026-09-28 12:45:41.495 ++++++++++++++++++++++++++++++++++++++++++++++++++++++++++++++++++++++++++++++++++++++++
2026-09-28 12:45:41.495 ++Proactor<s2>.process_message  [analog-temp/synced.readings]
2026-09-28 12:45:41.496   IN  internal     analog-temp to hw1.isone.me.versant.keene.maple.scada.s2     <-  [analog-temp/to/hw1.isone.me.versant.keene.maple.scada.s2/synced.readings]        SyncedReadings           
2026-09-28 12:45:41.496 ++Parentless.process_internal_message analog-temp/synced.readings
2026-09-28 12:45:41.497   OUT mqtt         analog-temp to s                                       ->  [gw/hw1-isone-me-versant-keene-maple-scada-s2/to/s/synced-readings]               SyncedReadings           
2026-09-28 12:45:41.497 --Parentless.process_internal_message  path:0x00000004
2026-09-28 12:45:41.497 --Proactor<s2>.process_message  path:0x00000401
2026-09-28 12:45:41.497 ----------------------------------------------------------------------------------------
2026-09-28 12:45:48.300 
2026-09-28 12:45:48.300 ++++++++++++++++++++++++++++++++++++++++++++++++++++++++++++++++++++++++++++++++++++++++
2026-09-28 12:45:48.301 ++Proactor<s2>.process_message  [analog-temp/synced.readings]
2026-09-28 12:45:48.301   IN  internal     analog-temp to hw1.isone.me.versant.keene.maple.scada.s2     <-  [analog-temp/to/hw1.isone.me.versant.keene.maple.scada.s2/synced.readings]        SyncedReadings           
2026-09-28 12:45:48.301 ++Parentless.process_internal_message analog-temp/synced.readings
2026-09-28 12:45:48.302   OUT mqtt         analog-temp to s                                       ->  [gw/hw1-isone-me-versant-keene-maple-scada-s2/to/s/synced-readings]               SyncedReadings           
2026-09-28 12:45:48.302 --Parentless.process_internal_message  path:0x00000004
2026-09-28 12:45:48.302 --Proactor<s2>.process_message  path:0x00000401
2026-09-28 12:45:48.303 ----------------------------------------------------------------------------------------
2026-09-28 12:45:48.501 
2026-09-28 12:45:48.502 ++++++++++++++++++++++++++++++++++++++++++++++++++++++++++++++++++++++++++++++++++++++++
2026-09-28 12:45:48.502 ++Proactor<s2>.process_message  [analog-temp/synced.readings]
2026-09-28 12:45:48.502   IN  internal     analog-temp to hw1.isone.me.versant.keene.maple.scada.s2     <-  [analog-temp/to/hw1.isone.me.versant.keene.maple.scada.s2/synced.readings]        SyncedReadings           
2026-09-28 12:45:48.502 ++Parentless.process_internal_message analog-temp/synced.readings
2026-09-28 12:45:48.503   OUT mqtt         analog-temp to s                                       ->  [gw/hw1-isone-me-versant-keene-maple-scada-s2/to/s/synced-readings]               SyncedReadings           
2026-09-28 12:45:48.503 --Parentless.process_internal_message  path:0x00000004
2026-09-28 12:45:48.504 --Proactor<s2>.process_message  path:0x00000401
2026-09-28 12:45:48.504 ----------------------------------------------------------------------------------------
2026-09-28 12:45:50.301 
2026-09-28 12:45:50.301 ++++++++++++++++++++++++++++++++++++++++++++++++++++++++++++++++++++++++++++++++++++++++
2026-09-28 12:45:50.301 ++Proactor<s2>.process_message  [analog-temp/synced.readings]
2026-09-28 12:45:50.301   IN  internal     analog-temp to hw1.isone.me.versant.keene.maple.scada.s2     <-  [analog-temp/to/hw1.isone.me.versant.keene.maple.scada.s2/synced.readings]        SyncedReadings           
2026-09-28 12:45:50.302 ++Parentless.process_internal_message analog-temp/synced.readings
2026-09-28 12:45:50.302   OUT mqtt         analog-temp to s                                       ->  [gw/hw1-isone-me-versant-keene-maple-scada-s2/to/s/synced-readings]               SyncedReadings           
2026-09-28 12:45:50.303 --Parentless.process_internal_message  path:0x00000004
2026-09-28 12:45:50.303 --Proactor<s2>.process_message  path:0x00000401
2026-09-28 12:45:50.303 ----------------------------------------------------------------------------------------
2026-09-28 12:45:51.701 
2026-09-28 12:45:51.702 ++++++++++++++++++++++++++++++++++++++++++++++++++++++++++++++++++++++++++++++++++++++++
2026-09-28 12:45:51.702 ++Proactor<s2>.process_message  [analog-temp/synced.readings]
2026-09-28 12:45:51.702   IN  internal     analog-temp to hw1.isone.me.versant.keene.maple.scada.s2     <-  [analog-temp/to/hw1.isone.me.versant.keene.maple.scada.s2/synced.readings]        SyncedReadings           
2026-09-28 12:45:51.702 ++Parentless.process_internal_message analog-temp/synced.readings
2026-09-28 12:45:51.703   OUT mqtt         analog-temp to s                                       ->  [gw/hw1-isone-me-versant-keene-maple-scada-s2/to/s/synced-readings]               SyncedReadings           
2026-09-28 12:45:51.703 --Parentless.process_internal_message  path:0x00000004
2026-09-28 12:45:51.704 --Proactor<s2>.process_message  path:0x00000401
2026-09-28 12:45:51.704 ----------------------------------------------------------------------------------------
2026-09-28 12:45:54.718 
2026-09-28 12:45:54.719 ++++++++++++++++++++++++++++++++++++++++++++++++++++++++++++++++++++++++++++++++++++++++
2026-09-28 12:45:54.720 ++Proactor<s2>.process_message  [analog-temp/synced.readings]
2026-09-28 12:45:54.720   IN  internal     analog-temp to hw1.isone.me.versant.keene.maple.scada.s2     <-  [analog-temp/to/hw1.isone.me.versant.keene.maple.scada.s2/synced.readings]        SyncedReadings           
2026-09-28 12:45:54.721 ++Parentless.process_internal_message analog-temp/synced.readings
2026-09-28 12:45:54.722   OUT mqtt         analog-temp to s                                       ->  [gw/hw1-isone-me-versant-keene-maple-scada-s2/to/s/synced-readings]               SyncedReadings           
2026-09-28 12:45:54.723 --Parentless.process_internal_message  path:0x00000004
2026-09-28 12:45:54.724 --Proactor<s2>.process_message  path:0x00000401
2026-09-28 12:45:54.724 ----------------------------------------------------------------------------------------
2026-09-28 12:46:00.705 
2026-09-28 12:46:00.706 ++++++++++++++++++++++++++++++++++++++++++++++++++++++++++++++++++++++++++++++++++++++++
2026-09-28 12:46:00.706 ++Proactor<s2>.process_message  [analog-temp/synced.readings]
2026-09-28 12:46:00.706   IN  internal     analog-temp to hw1.isone.me.versant.keene.maple.scada.s2     <-  [analog-temp/to/hw1.isone.me.versant.keene.maple.scada.s2/synced.readings]        SyncedReadings           
2026-09-28 12:46:00.706 ++Parentless.process_internal_message analog-temp/synced.readings
2026-09-28 12:46:00.707   OUT mqtt         analog-temp to s                                       ->  [gw/hw1-isone-me-versant-keene-maple-scada-s2/to/s/synced-readings]               SyncedReadings           
2026-09-28 12:46:00.707 --Parentless.process_internal_message  path:0x00000004
2026-09-28 12:46:00.708 --Proactor<s2>.process_message  path:0x00000401
2026-09-28 12:46:00.708 ----------------------------------------------------------------------------------------
2026-09-28 12:46:01.106 
2026-09-28 12:46:01.106 ++++++++++++++++++++++++++++++++++++++++++++++++++++++++++++++++++++++++++++++++++++++++
2026-09-28 12:46:01.106 ++Proactor<s2>.process_message  [analog-temp/synced.readings]
2026-09-28 12:46:01.107   IN  internal     analog-temp to hw1.isone.me.versant.keene.maple.scada.s2     <-  [analog-temp/to/hw1.isone.me.versant.keene.maple.scada.s2/synced.readings]        SyncedReadings           
2026-09-28 12:46:01.107 ++Parentless.process_internal_message analog-temp/synced.readings
2026-09-28 12:46:01.108   OUT mqtt         analog-temp to s                                       ->  [gw/hw1-isone-me-versant-keene-maple-scada-s2/to/s/synced-readings]               SyncedReadings           
2026-09-28 12:46:01.108 --Parentless.process_internal_message  path:0x00000004
2026-09-28 12:46:01.108 --Proactor<s2>.process_message  path:0x00000401
2026-09-28 12:46:01.108 ----------------------------------------------------------------------------------------
2026-09-28 12:46:02.506 
2026-09-28 12:46:02.507 ++++++++++++++++++++++++++++++++++++++++++++++++++++++++++++++++++++++++++++++++++++++++
2026-09-28 12:46:02.507 ++Proactor<s2>.process_message  [analog-temp/synced.readings]
2026-09-28 12:46:02.507   IN  internal     analog-temp to hw1.isone.me.versant.keene.maple.scada.s2     <-  [analog-temp/to/hw1.isone.me.versant.keene.maple.scada.s2/synced.readings]        SyncedReadings           
2026-09-28 12:46:02.508 ++Parentless.process_internal_message analog-temp/synced.readings
2026-09-28 12:46:02.508   OUT mqtt         analog-temp to s                                       ->  [gw/hw1-isone-me-versant-keene-maple-scada-s2/to/s/synced-readings]               SyncedReadings           
2026-09-28 12:46:02.509 --Parentless.process_internal_message  path:0x00000004
2026-09-28 12:46:02.509 --Proactor<s2>.process_message  path:0x00000401
2026-09-28 12:46:02.509 ----------------------------------------------------------------------------------------
2026-09-28 12:46:07.327 
2026-09-28 12:46:07.327 ++++++++++++++++++++++++++++++++++++++++++++++++++++++++++++++++++++++++++++++++++++++++
2026-09-28 12:46:07.328 ++Proactor<s2>.process_message  [analog-temp/synced.readings]
2026-09-28 12:46:07.329   IN  internal     analog-temp to hw1.isone.me.versant.keene.maple.scada.s2     <-  [analog-temp/to/hw1.isone.me.versant.keene.maple.scada.s2/synced.readings]        SyncedReadings           
2026-09-28 12:46:07.329 ++Parentless.process_internal_message analog-temp/synced.readings
2026-09-28 12:46:07.331   OUT mqtt         analog-temp to s                                       ->  [gw/hw1-isone-me-versant-keene-maple-scada-s2/to/s/synced-readings]               SyncedReadings           
2026-09-28 12:46:07.332 --Parentless.process_internal_message  path:0x00000004
2026-09-28 12:46:07.332 --Proactor<s2>.process_message  path:0x00000401
2026-09-28 12:46:07.333 ----------------------------------------------------------------------------------------
2026-09-28 12:46:13.514 
2026-09-28 12:46:13.515 ++++++++++++++++++++++++++++++++++++++++++++++++++++++++++++++++++++++++++++++++++++++++
2026-09-28 12:46:13.515 ++Proactor<s2>.process_message  [analog-temp/synced.readings]
2026-09-28 12:46:13.515   IN  internal     analog-temp to hw1.isone.me.versant.keene.maple.scada.s2     <-  [analog-temp/to/hw1.isone.me.versant.keene.maple.scada.s2/synced.readings]        SyncedReadings           
2026-09-28 12:46:13.515 ++Parentless.process_internal_message analog-temp/synced.readings
2026-09-28 12:46:13.516   OUT mqtt         analog-temp to s                                       ->  [gw/hw1-isone-me-versant-keene-maple-scada-s2/to/s/synced-readings]               SyncedReadings           
2026-09-28 12:46:13.516 --Parentless.process_internal_message  path:0x00000004
2026-09-28 12:46:13.517 --Proactor<s2>.process_message  path:0x00000401
2026-09-28 12:46:13.517 ----------------------------------------------------------------------------------------
2026-09-28 12:46:14.113 
2026-09-28 12:46:14.113 ++++++++++++++++++++++++++++++++++++++++++++++++++++++++++++++++++++++++++++++++++++++++
2026-09-28 12:46:14.113 ++Proactor<s2>.process_message  [analog-temp/synced.readings]
2026-09-28 12:46:14.114   IN  internal     analog-temp to hw1.isone.me.versant.keene.maple.scada.s2     <-  [analog-temp/to/hw1.isone.me.versant.keene.maple.scada.s2/synced.readings]        SyncedReadings           
2026-09-28 12:46:14.114 ++Parentless.process_internal_message analog-temp/synced.readings
2026-09-28 12:46:14.115   OUT mqtt         analog-temp to s                                       ->  [gw/hw1-isone-me-versant-keene-maple-scada-s2/to/s/synced-readings]               SyncedReadings           
2026-09-28 12:46:14.115 --Parentless.process_internal_message  path:0x00000004
2026-09-28 12:46:14.115 --Proactor<s2>.process_message  path:0x00000401
2026-09-28 12:46:14.116 ----------------------------------------------------------------------------------------
2026-09-28 12:46:17.514 
2026-09-28 12:46:17.514 ++++++++++++++++++++++++++++++++++++++++++++++++++++++++++++++++++++++++++++++++++++++++
2026-09-28 12:46:17.514 ++Proactor<s2>.process_message  [analog-temp/synced.readings]
2026-09-28 12:46:17.515   IN  internal     analog-temp to hw1.isone.me.versant.keene.maple.scada.s2     <-  [analog-temp/to/hw1.isone.me.versant.keene.maple.scada.s2/synced.readings]        SyncedReadings           
2026-09-28 12:46:17.515 ++Parentless.process_internal_message analog-temp/synced.readings
2026-09-28 12:46:17.516   OUT mqtt         analog-temp to s                                       ->  [gw/hw1-isone-me-versant-keene-maple-scada-s2/to/s/synced-readings]               SyncedReadings           
2026-09-28 12:46:17.516 --Parentless.process_internal_message  path:0x00000004
2026-09-28 12:46:17.516 --Proactor<s2>.process_message  path:0x00000401
2026-09-28 12:46:17.516 ----------------------------------------------------------------------------------------
2026-09-28 12:46:19.131 
2026-09-28 12:46:19.132 ++++++++++++++++++++++++++++++++++++++++++++++++++++++++++++++++++++++++++++++++++++++++
2026-09-28 12:46:19.132 ++Proactor<s2>.process_message  [analog-temp/synced.readings]
2026-09-28 12:46:19.133   IN  internal     analog-temp to hw1.isone.me.versant.keene.maple.scada.s2     <-  [analog-temp/to/hw1.isone.me.versant.keene.maple.scada.s2/synced.readings]        SyncedReadings           
2026-09-28 12:46:19.133 ++Parentless.process_internal_message analog-temp/synced.readings
2026-09-28 12:46:19.134   OUT mqtt         analog-temp to s                                       ->  [gw/hw1-isone-me-versant-keene-maple-scada-s2/to/s/synced-readings]               SyncedReadings           
2026-09-28 12:46:19.135 --Parentless.process_internal_message  path:0x00000004
2026-09-28 12:46:19.136 --Proactor<s2>.process_message  path:0x00000401
2026-09-28 12:46:19.136 ----------------------------------------------------------------------------------------
2026-09-28 12:46:19.330 
2026-09-28 12:46:19.331 ++++++++++++++++++++++++++++++++++++++++++++++++++++++++++++++++++++++++++++++++++++++++
2026-09-28 12:46:19.332 ++Proactor<s2>.process_message  [analog-temp/synced.readings]
2026-09-28 12:46:19.332   IN  internal     analog-temp to hw1.isone.me.versant.keene.maple.scada.s2     <-  [analog-temp/to/hw1.isone.me.versant.keene.maple.scada.s2/synced.readings]        SyncedReadings           
2026-09-28 12:46:19.333 ++Parentless.process_internal_message analog-temp/synced.readings
2026-09-28 12:46:19.334   OUT mqtt         analog-temp to s                                       ->  [gw/hw1-isone-me-versant-keene-maple-scada-s2/to/s/synced-readings]               SyncedReadings           
2026-09-28 12:46:19.335 --Parentless.process_internal_message  path:0x00000004
2026-09-28 12:46:19.335 --Proactor<s2>.process_message  path:0x00000401
2026-09-28 12:46:19.336 ----------------------------------------------------------------------------------------
2026-09-28 12:46:20.279 
2026-09-28 12:46:20.280 ++++++++++++++++++++++++++++++++++++++++++++++++++++++++++++++++++++++++++++++++++++++++
2026-09-28 12:46:20.280 ++Proactor<s2>.process_message  [zone2-bedroom-stat/synced.readings]
2026-09-28 12:46:20.281   IN  internal     zone2-bedroom-stat to hw1.isone.me.versant.keene.maple.scada.s2     <-  [zone2-bedroom-stat/to/hw1.isone.me.versant.keene.maple.scada.s2/synced.readings]  SyncedReadings           
2026-09-28 12:46:20.282 ++Parentless.process_internal_message zone2-bedroom-stat/synced.readings
2026-09-28 12:46:20.283   OUT mqtt         zone2-bedroom-stat to s                                ->  [gw/hw1-isone-me-versant-keene-maple-scada-s2/to/s/synced-readings]               SyncedReadings           
2026-09-28 12:46:20.284 --Parentless.process_internal_message  path:0x00000004
2026-09-28 12:46:20.285 --Proactor<s2>.process_message  path:0x00000401
2026-09-28 12:46:20.285 ----------------------------------------------------------------------------------------
2026-09-28 12:46:20.399 
2026-09-28 12:46:20.400 ++++++++++++++++++++++++++++++++++++++++++++++++++++++++++++++++++++++++++++++++++++++++
2026-09-28 12:46:20.400 ++Proactor<s2>.process_message  [zone1-living-rm-stat/synced.readings]
2026-09-28 12:46:20.401   IN  internal     zone1-living-rm-stat to hw1.isone.me.versant.keene.maple.scada.s2     <-  [zone1-living-rm-stat/to/hw1.isone.me.versant.keene.maple.scada.s2/synced.readings]  SyncedReadings           
2026-09-28 12:46:20.401 ++Parentless.process_internal_message zone1-living-rm-stat/synced.readings
2026-09-28 12:46:20.402   OUT mqtt         zone1-living-rm-stat to s                              ->  [gw/hw1-isone-me-versant-keene-maple-scada-s2/to/s/synced-readings]               SyncedReadings           
2026-09-28 12:46:20.403 --Parentless.process_internal_message  path:0x00000004
2026-09-28 12:46:20.404 --Proactor<s2>.process_message  path:0x00000401
2026-09-28 12:46:20.404 ----------------------------------------------------------------------------------------
2026-09-28 12:46:21.533 
2026-09-28 12:46:21.534 ++++++++++++++++++++++++++++++++++++++++++++++++++++++++++++++++++++++++++++++++++++++++
2026-09-28 12:46:21.534 ++Proactor<s2>.process_message  [analog-temp/synced.readings]
2026-09-28 12:46:21.535   IN  internal     analog-temp to hw1.isone.me.versant.keene.maple.scada.s2     <-  [analog-temp/to/hw1.isone.me.versant.keene.maple.scada.s2/synced.readings]        SyncedReadings           
2026-09-28 12:46:21.536 ++Parentless.process_internal_message analog-temp/synced.readings
2026-09-28 12:46:21.537   OUT mqtt         analog-temp to s                                       ->  [gw/hw1-isone-me-versant-keene-maple-scada-s2/to/s/synced-readings]               SyncedReadings           
2026-09-28 12:46:21.538 --Parentless.process_internal_message  path:0x00000004
2026-09-28 12:46:21.539 --Proactor<s2>.process_message  path:0x00000401
2026-09-28 12:46:21.539 ----------------------------------------------------------------------------------------
2026-09-28 12:46:21.934 
2026-09-28 12:46:21.934 ++++++++++++++++++++++++++++++++++++++++++++++++++++++++++++++++++++++++++++++++++++++++
2026-09-28 12:46:21.935 ++Proactor<s2>.process_message  [analog-temp/synced.readings]
2026-09-28 12:46:21.936   IN  internal     analog-temp to hw1.isone.me.versant.keene.maple.scada.s2     <-  [analog-temp/to/hw1.isone.me.versant.keene.maple.scada.s2/synced.readings]        SyncedReadings           
2026-09-28 12:46:21.936 ++Parentless.process_internal_message analog-temp/synced.readings
2026-09-28 12:46:21.937   OUT mqtt         analog-temp to s                                       ->  [gw/hw1-isone-me-versant-keene-maple-scada-s2/to/s/synced-readings]               SyncedReadings           
2026-09-28 12:46:21.938 --Parentless.process_internal_message  path:0x00000004
2026-09-28 12:46:21.939 --Proactor<s2>.process_message  path:0x00000401
2026-09-28 12:46:21.939 ----------------------------------------------------------------------------------------
2026-09-28 12:46:24.252 
2026-09-28 12:46:24.253 ++++++++++++++++++++++++++++++++++++++++++++++++++++++++++++++++++++++++++++++++++++++++
2026-09-28 12:46:24.253 ++Proactor<s2>.process_message  [gridworks-ping]
2026-09-28 12:46:24.254 ++Proactor<s2>._process_mqtt_message mqtt_clients/mqtt_message
2026-09-28 12:46:24.255   IN  mqtt         hw1.isone.me.versant.keene.maple.scada to s2           <-  [gw/hw1-isone-me-versant-keene-maple-scada/to/s2/gridworks-ping]                  Ping                      42b91a6e...
2026-09-28 12:46:24.257   OUT mqtt         hw1.isone.me.versant.keene.maple.scada.s2 to s         ->  [gw/hw1-isone-me-versant-keene-maple-scada-s2/to/s/gridworks-ack]                 Ack                       42b91a6e...
2026-09-28 12:46:24.258 --Proactor<s2>._process_mqtt_message:1  path:0x00000223
2026-09-28 12:46:24.258 --Proactor<s2>.process_message  path:0x00000002
2026-09-28 12:46:24.259 ----------------------------------------------------------------------------------------
2026-09-28 12:46:28.120 
2026-09-28 12:46:28.120 ++++++++++++++++++++++++++++++++++++++++++++++++++++++++++++++++++++++++++++++++++++++++
2026-09-28 12:46:28.120 ++Proactor<s2>.process_message  [analog-temp/synced.readings]
2026-09-28 12:46:28.120   IN  internal     analog-temp to hw1.isone.me.versant.keene.maple.scada.s2     <-  [analog-temp/to/hw1.isone.me.versant.keene.maple.scada.s2/synced.readings]        SyncedReadings           
2026-09-28 12:46:28.121 ++Parentless.process_internal_message analog-temp/synced.readings
2026-09-28 12:46:28.121   OUT mqtt         analog-temp to s                                       ->  [gw/hw1-isone-me-versant-keene-maple-scada-s2/to/s/synced-readings]               SyncedReadings           
2026-09-28 12:46:28.122 --Parentless.process_internal_message  path:0x00000004
2026-09-28 12:46:28.122 --Proactor<s2>.process_message  path:0x00000401
2026-09-28 12:46:28.122 ----------------------------------------------------------------------------------------
2026-09-28 12:46:31.937 
2026-09-28 12:46:31.938 ++++++++++++++++++++++++++++++++++++++++++++++++++++++++++++++++++++++++++++++++++++++++
2026-09-28 12:46:31.938 ++Proactor<s2>.process_message  [analog-temp/synced.readings]
2026-09-28 12:46:31.939   IN  internal     analog-temp to hw1.isone.me.versant.keene.maple.scada.s2     <-  [analog-temp/to/hw1.isone.me.versant.keene.maple.scada.s2/synced.readings]        SyncedReadings           
2026-09-28 12:46:31.939 ++Parentless.process_internal_message analog-temp/synced.readings
2026-09-28 12:46:31.941   OUT mqtt         analog-temp to s                                       ->  [gw/hw1-isone-me-versant-keene-maple-scada-s2/to/s/synced-readings]               SyncedReadings           
2026-09-28 12:46:31.941 --Parentless.process_internal_message  path:0x00000004
2026-09-28 12:46:31.942 --Proactor<s2>.process_message  path:0x00000401
2026-09-28 12:46:31.942 ----------------------------------------------------------------------------------------
2026-09-28 12:46:34.940 
2026-09-28 12:46:34.943 ++++++++++++++++++++++++++++++++++++++++++++++++++++++++++++++++++++++++++++++++++++++++
2026-09-28 12:46:34.943 ++Proactor<s2>.process_message  [analog-temp/synced.readings]
2026-09-28 12:46:34.944   IN  internal     analog-temp to hw1.isone.me.versant.keene.maple.scada.s2     <-  [analog-temp/to/hw1.isone.me.versant.keene.maple.scada.s2/synced.readings]        SyncedReadings           
2026-09-28 12:46:34.944 ++Parentless.process_internal_message analog-temp/synced.readings
2026-09-28 12:46:34.946   OUT mqtt         analog-temp to s                                       ->  [gw/hw1-isone-me-versant-keene-maple-scada-s2/to/s/synced-readings]               SyncedReadings           
2026-09-28 12:46:34.947 --Parentless.process_internal_message  path:0x00000004
2026-09-28 12:46:34.947 --Proactor<s2>.process_message  path:0x00000401
2026-09-28 12:46:34.948 ----------------------------------------------------------------------------------------
2026-09-28 12:46:40.726 
2026-09-28 12:46:40.733 ++++++++++++++++++++++++++++++++++++++++++++++++++++++++++++++++++++++++++++++++++++++++
2026-09-28 12:46:40.733 ++Proactor<s2>.process_message  [analog-temp/synced.readings]
2026-09-28 12:46:40.734   IN  internal     analog-temp to hw1.isone.me.versant.keene.maple.scada.s2     <-  [analog-temp/to/hw1.isone.me.versant.keene.maple.scada.s2/synced.readings]        SyncedReadings           
2026-09-28 12:46:40.734 ++Parentless.process_internal_message analog-temp/synced.readings
2026-09-28 12:46:40.735   OUT mqtt         analog-temp to s                                       ->  [gw/hw1-isone-me-versant-keene-maple-scada-s2/to/s/synced-readings]               SyncedReadings           
2026-09-28 12:46:40.735 --Parentless.process_internal_message  path:0x00000004
2026-09-28 12:46:40.735 --Proactor<s2>.process_message  path:0x00000401
2026-09-28 12:46:40.735 ----------------------------------------------------------------------------------------
2026-09-28 12:46:45.145 
2026-09-28 12:46:45.146 ++++++++++++++++++++++++++++++++++++++++++++++++++++++++++++++++++++++++++++++++++++++++
2026-09-28 12:46:45.146 ++Proactor<s2>.process_message  [analog-temp/synced.readings]
2026-09-28 12:46:45.147   IN  internal     analog-temp to hw1.isone.me.versant.keene.maple.scada.s2     <-  [analog-temp/to/hw1.isone.me.versant.keene.maple.scada.s2/synced.readings]        SyncedReadings           
2026-09-28 12:46:45.147 ++Parentless.process_internal_message analog-temp/synced.readings
2026-09-28 12:46:45.149   OUT mqtt         analog-temp to s                                       ->  [gw/hw1-isone-me-versant-keene-maple-scada-s2/to/s/synced-readings]               SyncedReadings           
2026-09-28 12:46:45.150 --Parentless.process_internal_message  path:0x00000004
2026-09-28 12:46:45.150 --Proactor<s2>.process_message  path:0x00000401
2026-09-28 12:46:45.151 ----------------------------------------------------------------------------------------
2026-09-28 12:46:45.345 
2026-09-28 12:46:45.346 ++++++++++++++++++++++++++++++++++++++++++++++++++++++++++++++++++++++++++++++++++++++++
2026-09-28 12:46:45.346 ++Proactor<s2>.process_message  [analog-temp/synced.readings]
2026-09-28 12:46:45.347   IN  internal     analog-temp to hw1.isone.me.versant.keene.maple.scada.s2     <-  [analog-temp/to/hw1.isone.me.versant.keene.maple.scada.s2/synced.readings]        SyncedReadings           
2026-09-28 12:46:45.347 ++Parentless.process_internal_message analog-temp/synced.readings
2026-09-28 12:46:45.348   OUT mqtt         analog-temp to s                                       ->  [gw/hw1-isone-me-versant-keene-maple-scada-s2/to/s/synced-readings]               SyncedReadings           
2026-09-28 12:46:45.349 --Parentless.process_internal_message  path:0x00000004
2026-09-28 12:46:45.350 --Proactor<s2>.process_message  path:0x00000401
2026-09-28 12:46:45.350 ----------------------------------------------------------------------------------------
2026-09-28 12:46:50.332 
2026-09-28 12:46:50.332 ++++++++++++++++++++++++++++++++++++++++++++++++++++++++++++++++++++++++++++++++++++++++
2026-09-28 12:46:50.333 ++Proactor<s2>.process_message  [analog-temp/synced.readings]
2026-09-28 12:46:50.333   IN  internal     analog-temp to hw1.isone.me.versant.keene.maple.scada.s2     <-  [analog-temp/to/hw1.isone.me.versant.keene.maple.scada.s2/synced.readings]        SyncedReadings           
2026-09-28 12:46:50.333 ++Parentless.process_internal_message analog-temp/synced.readings
2026-09-28 12:46:50.334   OUT mqtt         analog-temp to s                                       ->  [gw/hw1-isone-me-versant-keene-maple-scada-s2/to/s/synced-readings]               SyncedReadings           
2026-09-28 12:46:50.334 --Parentless.process_internal_message  path:0x00000004
2026-09-28 12:46:50.334 --Proactor<s2>.process_message  path:0x00000401
2026-09-28 12:46:50.335 ----------------------------------------------------------------------------------------
2026-09-28 12:46:52.532 
2026-09-28 12:46:52.533 ++++++++++++++++++++++++++++++++++++++++++++++++++++++++++++++++++++++++++++++++++++++++
2026-09-28 12:46:52.533 ++Proactor<s2>.process_message  [analog-temp/synced.readings]
2026-09-28 12:46:52.533   IN  internal     analog-temp to hw1.isone.me.versant.keene.maple.scada.s2     <-  [analog-temp/to/hw1.isone.me.versant.keene.maple.scada.s2/synced.readings]        SyncedReadings           
2026-09-28 12:46:52.533 ++Parentless.process_internal_message analog-temp/synced.readings
2026-09-28 12:46:52.534   OUT mqtt         analog-temp to s                                       ->  [gw/hw1-isone-me-versant-keene-maple-scada-s2/to/s/synced-readings]               SyncedReadings           
2026-09-28 12:46:52.535 --Parentless.process_internal_message  path:0x00000004
2026-09-28 12:46:52.535 --Proactor<s2>.process_message  path:0x00000401
2026-09-28 12:46:52.535 ----------------------------------------------------------------------------------------
2026-09-28 12:46:59.751 
2026-09-28 12:46:59.752 ++++++++++++++++++++++++++++++++++++++++++++++++++++++++++++++++++++++++++++++++++++++++
2026-09-28 12:46:59.753 ++Proactor<s2>.process_message  [analog-temp/synced.readings]
2026-09-28 12:46:59.753   IN  internal     analog-temp to hw1.isone.me.versant.keene.maple.scada.s2     <-  [analog-temp/to/hw1.isone.me.versant.keene.maple.scada.s2/synced.readings]        SyncedReadings           
2026-09-28 12:46:59.754 ++Parentless.process_internal_message analog-temp/synced.readings
2026-09-28 12:46:59.755   OUT mqtt         analog-temp to s                                       ->  [gw/hw1-isone-me-versant-keene-maple-scada-s2/to/s/synced-readings]               SyncedReadings           
2026-09-28 12:46:59.756 --Parentless.process_internal_message  path:0x00000004
2026-09-28 12:46:59.756 --Proactor<s2>.process_message  path:0x00000401
2026-09-28 12:46:59.757 ----------------------------------------------------------------------------------------
2026-09-28 12:47:02.340 
2026-09-28 12:47:02.340 ++++++++++++++++++++++++++++++++++++++++++++++++++++++++++++++++++++++++++++++++++++++++
2026-09-28 12:47:02.340 ++Proactor<s2>.process_message  [analog-temp/synced.readings]
2026-09-28 12:47:02.340   IN  internal     analog-temp to hw1.isone.me.versant.keene.maple.scada.s2     <-  [analog-temp/to/hw1.isone.me.versant.keene.maple.scada.s2/synced.readings]        SyncedReadings           
2026-09-28 12:47:02.341 ++Parentless.process_internal_message analog-temp/synced.readings
2026-09-28 12:47:02.341   OUT mqtt         analog-temp to s                                       ->  [gw/hw1-isone-me-versant-keene-maple-scada-s2/to/s/synced-readings]               SyncedReadings           
2026-09-28 12:47:02.342 --Parentless.process_internal_message  path:0x00000004
2026-09-28 12:47:02.342 --Proactor<s2>.process_message  path:0x00000401
2026-09-28 12:47:02.342 ----------------------------------------------------------------------------------------
2026-09-28 12:47:04.339 
2026-09-28 12:47:04.339 ++++++++++++++++++++++++++++++++++++++++++++++++++++++++++++++++++++++++++++++++++++++++
2026-09-28 12:47:04.339 ++Proactor<s2>.process_message  [analog-temp/synced.readings]
2026-09-28 12:47:04.340   IN  internal     analog-temp to hw1.isone.me.versant.keene.maple.scada.s2     <-  [analog-temp/to/hw1.isone.me.versant.keene.maple.scada.s2/synced.readings]        SyncedReadings           
2026-09-28 12:47:04.340 ++Parentless.process_internal_message analog-temp/synced.readings
2026-09-28 12:47:04.340   OUT mqtt         analog-temp to s                                       ->  [gw/hw1-isone-me-versant-keene-maple-scada-s2/to/s/synced-readings]               SyncedReadings           
2026-09-28 12:47:04.341 --Parentless.process_internal_message  path:0x00000004
2026-09-28 12:47:04.341 --Proactor<s2>.process_message  path:0x00000401
2026-09-28 12:47:04.341 ----------------------------------------------------------------------------------------
2026-09-28 12:47:14.345 
2026-09-28 12:47:14.345 ++++++++++++++++++++++++++++++++++++++++++++++++++++++++++++++++++++++++++++++++++++++++
2026-09-28 12:47:14.345 ++Proactor<s2>.process_message  [analog-temp/synced.readings]
2026-09-28 12:47:14.345   IN  internal     analog-temp to hw1.isone.me.versant.keene.maple.scada.s2     <-  [analog-temp/to/hw1.isone.me.versant.keene.maple.scada.s2/synced.readings]        SyncedReadings           
2026-09-28 12:47:14.346 ++Parentless.process_internal_message analog-temp/synced.readings
2026-09-28 12:47:14.346   OUT mqtt         analog-temp to s                                       ->  [gw/hw1-isone-me-versant-keene-maple-scada-s2/to/s/synced-readings]               SyncedReadings           
2026-09-28 12:47:14.347 --Parentless.process_internal_message  path:0x00000004
2026-09-28 12:47:14.347 --Proactor<s2>.process_message  path:0x00000401
2026-09-28 12:47:14.347 ----------------------------------------------------------------------------------------
2026-09-28 12:47:14.944 
2026-09-28 12:47:14.944 ++++++++++++++++++++++++++++++++++++++++++++++++++++++++++++++++++++++++++++++++++++++++
2026-09-28 12:47:14.945 ++Proactor<s2>.process_message  [analog-temp/synced.readings]
2026-09-28 12:47:14.945   IN  internal     analog-temp to hw1.isone.me.versant.keene.maple.scada.s2     <-  [analog-temp/to/hw1.isone.me.versant.keene.maple.scada.s2/synced.readings]        SyncedReadings           
2026-09-28 12:47:14.945 ++Parentless.process_internal_message analog-temp/synced.readings
2026-09-28 12:47:14.946   OUT mqtt         analog-temp to s                                       ->  [gw/hw1-isone-me-versant-keene-maple-scada-s2/to/s/synced-readings]               SyncedReadings           
2026-09-28 12:47:14.946 --Parentless.process_internal_message  path:0x00000004
2026-09-28 12:47:14.946 --Proactor<s2>.process_message  path:0x00000401
2026-09-28 12:47:14.947 ----------------------------------------------------------------------------------------
2026-09-28 12:47:15.745 
2026-09-28 12:47:15.745 ++++++++++++++++++++++++++++++++++++++++++++++++++++++++++++++++++++++++++++++++++++++++
2026-09-28 12:47:15.745 ++Proactor<s2>.process_message  [analog-temp/synced.readings]
2026-09-28 12:47:15.745   IN  internal     analog-temp to hw1.isone.me.versant.keene.maple.scada.s2     <-  [analog-temp/to/hw1.isone.me.versant.keene.maple.scada.s2/synced.readings]        SyncedReadings           
2026-09-28 12:47:15.746 ++Parentless.process_internal_message analog-temp/synced.readings
2026-09-28 12:47:15.746   OUT mqtt         analog-temp to s                                       ->  [gw/hw1-isone-me-versant-keene-maple-scada-s2/to/s/synced-readings]               SyncedReadings           
2026-09-28 12:47:15.747 --Parentless.process_internal_message  path:0x00000004
2026-09-28 12:47:15.747 --Proactor<s2>.process_message  path:0x00000401
2026-09-28 12:47:15.747 ----------------------------------------------------------------------------------------
2026-09-28 12:47:20.764 
2026-09-28 12:47:20.764 ++++++++++++++++++++++++++++++++++++++++++++++++++++++++++++++++++++++++++++++++++++++++
2026-09-28 12:47:20.765 ++Proactor<s2>.process_message  [analog-temp/synced.readings]
2026-09-28 12:47:20.765   IN  internal     analog-temp to hw1.isone.me.versant.keene.maple.scada.s2     <-  [analog-temp/to/hw1.isone.me.versant.keene.maple.scada.s2/synced.readings]        SyncedReadings           
2026-09-28 12:47:20.766 ++Parentless.process_internal_message analog-temp/synced.readings
2026-09-28 12:47:20.767   OUT mqtt         analog-temp to s                                       ->  [gw/hw1-isone-me-versant-keene-maple-scada-s2/to/s/synced-readings]               SyncedReadings           
2026-09-28 12:47:20.768 --Parentless.process_internal_message  path:0x00000004
2026-09-28 12:47:20.769 --Proactor<s2>.process_message  path:0x00000401
2026-09-28 12:47:20.769 ----------------------------------------------------------------------------------------
2026-09-28 12:47:21.963 
2026-09-28 12:47:21.964 ++++++++++++++++++++++++++++++++++++++++++++++++++++++++++++++++++++++++++++++++++++++++
2026-09-28 12:47:21.965 ++Proactor<s2>.process_message  [analog-temp/synced.readings]
2026-09-28 12:47:21.965   IN  internal     analog-temp to hw1.isone.me.versant.keene.maple.scada.s2     <-  [analog-temp/to/hw1.isone.me.versant.keene.maple.scada.s2/synced.readings]        SyncedReadings           
2026-09-28 12:47:21.966 ++Parentless.process_internal_message analog-temp/synced.readings
2026-09-28 12:47:21.967   OUT mqtt         analog-temp to s                                       ->  [gw/hw1-isone-me-versant-keene-maple-scada-s2/to/s/synced-readings]               SyncedReadings           
2026-09-28 12:47:21.968 --Parentless.process_internal_message  path:0x00000004
2026-09-28 12:47:21.969 --Proactor<s2>.process_message  path:0x00000401
2026-09-28 12:47:21.969 ----------------------------------------------------------------------------------------
2026-09-28 12:47:24.592 
2026-09-28 12:47:24.592 ++++++++++++++++++++++++++++++++++++++++++++++++++++++++++++++++++++++++++++++++++++++++
2026-09-28 12:47:24.593 ++Proactor<s2>.process_message  [gridworks-ping]
2026-09-28 12:47:24.593 ++Proactor<s2>._process_mqtt_message mqtt_clients/mqtt_message
2026-09-28 12:47:24.594   IN  mqtt         hw1.isone.me.versant.keene.maple.scada to s2           <-  [gw/hw1-isone-me-versant-keene-maple-scada/to/s2/gridworks-ping]                  Ping                      65aa6e06...
2026-09-28 12:47:24.595   OUT mqtt         hw1.isone.me.versant.keene.maple.scada.s2 to s         ->  [gw/hw1-isone-me-versant-keene-maple-scada-s2/to/s/gridworks-ack]                 Ack                       65aa6e06...
2026-09-28 12:47:24.596 --Proactor<s2>._process_mqtt_message:1  path:0x00000223
2026-09-28 12:47:24.596 --Proactor<s2>.process_message  path:0x00000002
2026-09-28 12:47:24.597 ----------------------------------------------------------------------------------------
2026-09-28 12:47:25.367 
2026-09-28 12:47:25.367 ++++++++++++++++++++++++++++++++++++++++++++++++++++++++++++++++++++++++++++++++++++++++
2026-09-28 12:47:25.368 ++Proactor<s2>.process_message  [analog-temp/synced.readings]
2026-09-28 12:47:25.369   IN  internal     analog-temp to hw1.isone.me.versant.keene.maple.scada.s2     <-  [analog-temp/to/hw1.isone.me.versant.keene.maple.scada.s2/synced.readings]        SyncedReadings           
2026-09-28 12:47:25.369 ++Parentless.process_internal_message analog-temp/synced.readings
2026-09-28 12:47:25.371   OUT mqtt         analog-temp to s                                       ->  [gw/hw1-isone-me-versant-keene-maple-scada-s2/to/s/synced-readings]               SyncedReadings           
2026-09-28 12:47:25.372 --Parentless.process_internal_message  path:0x00000004
2026-09-28 12:47:25.372 --Proactor<s2>.process_message  path:0x00000401
2026-09-28 12:47:25.373 ----------------------------------------------------------------------------------------
2026-09-28 12:47:26.951 
2026-09-28 12:47:26.952 ++++++++++++++++++++++++++++++++++++++++++++++++++++++++++++++++++++++++++++++++++++++++
2026-09-28 12:47:26.952 ++Proactor<s2>.process_message  [analog-temp/synced.readings]
2026-09-28 12:47:26.952   IN  internal     analog-temp to hw1.isone.me.versant.keene.maple.scada.s2     <-  [analog-temp/to/hw1.isone.me.versant.keene.maple.scada.s2/synced.readings]        SyncedReadings           
2026-09-28 12:47:26.952 ++Parentless.process_internal_message analog-temp/synced.readings
2026-09-28 12:47:26.953   OUT mqtt         analog-temp to s                                       ->  [gw/hw1-isone-me-versant-keene-maple-scada-s2/to/s/synced-readings]               SyncedReadings           
2026-09-28 12:47:26.953 --Parentless.process_internal_message  path:0x00000004
2026-09-28 12:47:26.954 --Proactor<s2>.process_message  path:0x00000401
2026-09-28 12:47:26.954 ----------------------------------------------------------------------------------------
2026-09-28 12:47:30.953 
2026-09-28 12:47:30.953 ++++++++++++++++++++++++++++++++++++++++++++++++++++++++++++++++++++++++++++++++++++++++
2026-09-28 12:47:30.953 ++Proactor<s2>.process_message  [analog-temp/synced.readings]
2026-09-28 12:47:30.954   IN  internal     analog-temp to hw1.isone.me.versant.keene.maple.scada.s2     <-  [analog-temp/to/hw1.isone.me.versant.keene.maple.scada.s2/synced.readings]        SyncedReadings           
2026-09-28 12:47:30.954 ++Parentless.process_internal_message analog-temp/synced.readings
2026-09-28 12:47:30.954   OUT mqtt         analog-temp to s                                       ->  [gw/hw1-isone-me-versant-keene-maple-scada-s2/to/s/synced-readings]               SyncedReadings           
2026-09-28 12:47:30.955 --Parentless.process_internal_message  path:0x00000004
2026-09-28 12:47:30.955 --Proactor<s2>.process_message  path:0x00000401
2026-09-28 12:47:30.955 ----------------------------------------------------------------------------------------
2026-09-28 12:47:35.373 
2026-09-28 12:47:35.373 ++++++++++++++++++++++++++++++++++++++++++++++++++++++++++++++++++++++++++++++++++++++++
2026-09-28 12:47:35.374 ++Proactor<s2>.process_message  [analog-temp/synced.readings]
2026-09-28 12:47:35.375   IN  internal     analog-temp to hw1.isone.me.versant.keene.maple.scada.s2     <-  [analog-temp/to/hw1.isone.me.versant.keene.maple.scada.s2/synced.readings]        SyncedReadings           
2026-09-28 12:47:35.375 ++Parentless.process_internal_message analog-temp/synced.readings
2026-09-28 12:47:35.377   OUT mqtt         analog-temp to s                                       ->  [gw/hw1-isone-me-versant-keene-maple-scada-s2/to/s/synced-readings]               SyncedReadings           
2026-09-28 12:47:35.378 --Parentless.process_internal_message  path:0x00000004
2026-09-28 12:47:35.378 --Proactor<s2>.process_message  path:0x00000401
2026-09-28 12:47:35.379 ----------------------------------------------------------------------------------------
2026-09-28 12:47:37.774 
2026-09-28 12:47:37.775 ++++++++++++++++++++++++++++++++++++++++++++++++++++++++++++++++++++++++++++++++++++++++
2026-09-28 12:47:37.775 ++Proactor<s2>.process_message  [analog-temp/synced.readings]
2026-09-28 12:47:37.776   IN  internal     analog-temp to hw1.isone.me.versant.keene.maple.scada.s2     <-  [analog-temp/to/hw1.isone.me.versant.keene.maple.scada.s2/synced.readings]        SyncedReadings           
2026-09-28 12:47:37.777 ++Parentless.process_internal_message analog-temp/synced.readings
2026-09-28 12:47:37.778   OUT mqtt         analog-temp to s                                       ->  [gw/hw1-isone-me-versant-keene-maple-scada-s2/to/s/synced-readings]               SyncedReadings           
2026-09-28 12:47:37.779 --Parentless.process_internal_message  path:0x00000004
2026-09-28 12:47:37.780 --Proactor<s2>.process_message  path:0x00000401
2026-09-28 12:47:37.780 ----------------------------------------------------------------------------------------
2026-09-28 12:47:39.358 
2026-09-28 12:47:39.358 ++++++++++++++++++++++++++++++++++++++++++++++++++++++++++++++++++++++++++++++++++++++++
2026-09-28 12:47:39.358 ++Proactor<s2>.process_message  [analog-temp/synced.readings]
2026-09-28 12:47:39.359   IN  internal     analog-temp to hw1.isone.me.versant.keene.maple.scada.s2     <-  [analog-temp/to/hw1.isone.me.versant.keene.maple.scada.s2/synced.readings]        SyncedReadings           
2026-09-28 12:47:39.359 ++Parentless.process_internal_message analog-temp/synced.readings
2026-09-28 12:47:39.360   OUT mqtt         analog-temp to s                                       ->  [gw/hw1-isone-me-versant-keene-maple-scada-s2/to/s/synced-readings]               SyncedReadings           
2026-09-28 12:47:39.360 --Parentless.process_internal_message  path:0x00000004
2026-09-28 12:47:39.360 --Proactor<s2>.process_message  path:0x00000401
2026-09-28 12:47:39.361 ----------------------------------------------------------------------------------------
2026-09-28 12:47:40.359 
2026-09-28 12:47:40.359 ++++++++++++++++++++++++++++++++++++++++++++++++++++++++++++++++++++++++++++++++++++++++
2026-09-28 12:47:40.360 ++Proactor<s2>.process_message  [analog-temp/synced.readings]
2026-09-28 12:47:40.360   IN  internal     analog-temp to hw1.isone.me.versant.keene.maple.scada.s2     <-  [analog-temp/to/hw1.isone.me.versant.keene.maple.scada.s2/synced.readings]        SyncedReadings           
2026-09-28 12:47:40.360 ++Parentless.process_internal_message analog-temp/synced.readings
2026-09-28 12:47:40.361   OUT mqtt         analog-temp to s                                       ->  [gw/hw1-isone-me-versant-keene-maple-scada-s2/to/s/synced-readings]               SyncedReadings           
2026-09-28 12:47:40.361 --Parentless.process_internal_message  path:0x00000004
2026-09-28 12:47:40.361 --Proactor<s2>.process_message  path:0x00000401
2026-09-28 12:47:40.361 ----------------------------------------------------------------------------------------
2026-09-28 12:47:42.960 
2026-09-28 12:47:42.960 ++++++++++++++++++++++++++++++++++++++++++++++++++++++++++++++++++++++++++++++++++++++++
2026-09-28 12:47:42.961 ++Proactor<s2>.process_message  [analog-temp/synced.readings]
2026-09-28 12:47:42.961   IN  internal     analog-temp to hw1.isone.me.versant.keene.maple.scada.s2     <-  [analog-temp/to/hw1.isone.me.versant.keene.maple.scada.s2/synced.readings]        SyncedReadings           
2026-09-28 12:47:42.961 ++Parentless.process_internal_message analog-temp/synced.readings
2026-09-28 12:47:42.962   OUT mqtt         analog-temp to s                                       ->  [gw/hw1-isone-me-versant-keene-maple-scada-s2/to/s/synced-readings]               SyncedReadings           
2026-09-28 12:47:42.962 --Parentless.process_internal_message  path:0x00000004
2026-09-28 12:47:42.962 --Proactor<s2>.process_message  path:0x00000401
2026-09-28 12:47:42.962 ----------------------------------------------------------------------------------------
2026-09-28 12:47:43.360 
2026-09-28 12:47:43.360 ++++++++++++++++++++++++++++++++++++++++++++++++++++++++++++++++++++++++++++++++++++++++
2026-09-28 12:47:43.360 ++Proactor<s2>.process_message  [analog-temp/synced.readings]
2026-09-28 12:47:43.360   IN  internal     analog-temp to hw1.isone.me.versant.keene.maple.scada.s2     <-  [analog-temp/to/hw1.isone.me.versant.keene.maple.scada.s2/synced.readings]        SyncedReadings           
2026-09-28 12:47:43.361 ++Parentless.process_internal_message analog-temp/synced.readings
2026-09-28 12:47:43.361   OUT mqtt         analog-temp to s                                       ->  [gw/hw1-isone-me-versant-keene-maple-scada-s2/to/s/synced-readings]               SyncedReadings           
2026-09-28 12:47:43.362 --Parentless.process_internal_message  path:0x00000004
2026-09-28 12:47:43.362 --Proactor<s2>.process_message  path:0x00000401
2026-09-28 12:47:43.362 ----------------------------------------------------------------------------------------
2026-09-28 12:47:44.977 
2026-09-28 12:47:44.977 ++++++++++++++++++++++++++++++++++++++++++++++++++++++++++++++++++++++++++++++++++++++++
2026-09-28 12:47:44.978 ++Proactor<s2>.process_message  [analog-temp/synced.readings]
2026-09-28 12:47:44.979   IN  internal     analog-temp to hw1.isone.me.versant.keene.maple.scada.s2     <-  [analog-temp/to/hw1.isone.me.versant.keene.maple.scada.s2/synced.readings]        SyncedReadings           
2026-09-28 12:47:44.979 ++Parentless.process_internal_message analog-temp/synced.readings
2026-09-28 12:47:44.981   OUT mqtt         analog-temp to s                                       ->  [gw/hw1-isone-me-versant-keene-maple-scada-s2/to/s/synced-readings]               SyncedReadings           
2026-09-28 12:47:44.982 --Parentless.process_internal_message  path:0x00000004
2026-09-28 12:47:44.982 --Proactor<s2>.process_message  path:0x00000401
2026-09-28 12:47:44.983 ----------------------------------------------------------------------------------------
2026-09-28 12:47:48.379 
2026-09-28 12:47:48.382 ++++++++++++++++++++++++++++++++++++++++++++++++++++++++++++++++++++++++++++++++++++++++
2026-09-28 12:47:48.383 ++Proactor<s2>.process_message  [analog-temp/synced.readings]
2026-09-28 12:47:48.384   IN  internal     analog-temp to hw1.isone.me.versant.keene.maple.scada.s2     <-  [analog-temp/to/hw1.isone.me.versant.keene.maple.scada.s2/synced.readings]        SyncedReadings           
2026-09-28 12:47:48.384 ++Parentless.process_internal_message analog-temp/synced.readings
2026-09-28 12:47:48.386   OUT mqtt         analog-temp to s                                       ->  [gw/hw1-isone-me-versant-keene-maple-scada-s2/to/s/synced-readings]               SyncedReadings           
2026-09-28 12:47:48.387 --Parentless.process_internal_message  path:0x00000004
2026-09-28 12:47:48.388 --Proactor<s2>.process_message  path:0x00000401
2026-09-28 12:47:48.389 ----------------------------------------------------------------------------------------
2026-09-28 12:47:51.180 
2026-09-28 12:47:51.181 ++++++++++++++++++++++++++++++++++++++++++++++++++++++++++++++++++++++++++++++++++++++++
2026-09-28 12:47:51.181 ++Proactor<s2>.process_message  [analog-temp/synced.readings]
2026-09-28 12:47:51.182   IN  internal     analog-temp to hw1.isone.me.versant.keene.maple.scada.s2     <-  [analog-temp/to/hw1.isone.me.versant.keene.maple.scada.s2/synced.readings]        SyncedReadings           
2026-09-28 12:47:51.182 ++Parentless.process_internal_message analog-temp/synced.readings
2026-09-28 12:47:51.184   OUT mqtt         analog-temp to s                                       ->  [gw/hw1-isone-me-versant-keene-maple-scada-s2/to/s/synced-readings]               SyncedReadings           
2026-09-28 12:47:51.185 --Parentless.process_internal_message  path:0x00000004
2026-09-28 12:47:51.185 --Proactor<s2>.process_message  path:0x00000401
2026-09-28 12:47:51.186 ----------------------------------------------------------------------------------------
2026-09-28 12:47:52.365 
2026-09-28 12:47:52.366 ++++++++++++++++++++++++++++++++++++++++++++++++++++++++++++++++++++++++++++++++++++++++
2026-09-28 12:47:52.366 ++Proactor<s2>.process_message  [analog-temp/synced.readings]
2026-09-28 12:47:52.366   IN  internal     analog-temp to hw1.isone.me.versant.keene.maple.scada.s2     <-  [analog-temp/to/hw1.isone.me.versant.keene.maple.scada.s2/synced.readings]        SyncedReadings           
2026-09-28 12:47:52.366 ++Parentless.process_internal_message analog-temp/synced.readings
2026-09-28 12:47:52.367   OUT mqtt         analog-temp to s                                       ->  [gw/hw1-isone-me-versant-keene-maple-scada-s2/to/s/synced-readings]               SyncedReadings           
2026-09-28 12:47:52.367 --Parentless.process_internal_message  path:0x00000004
2026-09-28 12:47:52.368 --Proactor<s2>.process_message  path:0x00000401
2026-09-28 12:47:52.368 ----------------------------------------------------------------------------------------
2026-09-28 12:47:53.366 
2026-09-28 12:47:53.366 ++++++++++++++++++++++++++++++++++++++++++++++++++++++++++++++++++++++++++++++++++++++++
2026-09-28 12:47:53.366 ++Proactor<s2>.process_message  [analog-temp/synced.readings]
2026-09-28 12:47:53.366   IN  internal     analog-temp to hw1.isone.me.versant.keene.maple.scada.s2     <-  [analog-temp/to/hw1.isone.me.versant.keene.maple.scada.s2/synced.readings]        SyncedReadings           
2026-09-28 12:47:53.367 ++Parentless.process_internal_message analog-temp/synced.readings
2026-09-28 12:47:53.367   OUT mqtt         analog-temp to s                                       ->  [gw/hw1-isone-me-versant-keene-maple-scada-s2/to/s/synced-readings]               SyncedReadings           
2026-09-28 12:47:53.368 --Parentless.process_internal_message  path:0x00000004
2026-09-28 12:47:53.368 --Proactor<s2>.process_message  path:0x00000401
2026-09-28 12:47:53.368 ----------------------------------------------------------------------------------------
2026-09-28 12:47:53.966 
2026-09-28 12:47:53.966 ++++++++++++++++++++++++++++++++++++++++++++++++++++++++++++++++++++++++++++++++++++++++
2026-09-28 12:47:53.966 ++Proactor<s2>.process_message  [analog-temp/synced.readings]
2026-09-28 12:47:53.967   IN  internal     analog-temp to hw1.isone.me.versant.keene.maple.scada.s2     <-  [analog-temp/to/hw1.isone.me.versant.keene.maple.scada.s2/synced.readings]        SyncedReadings           
2026-09-28 12:47:53.967 ++Parentless.process_internal_message analog-temp/synced.readings
2026-09-28 12:47:53.968   OUT mqtt         analog-temp to s                                       ->  [gw/hw1-isone-me-versant-keene-maple-scada-s2/to/s/synced-readings]               SyncedReadings           
2026-09-28 12:47:53.968 --Parentless.process_internal_message  path:0x00000004
2026-09-28 12:47:53.968 --Proactor<s2>.process_message  path:0x00000401
2026-09-28 12:47:53.968 ----------------------------------------------------------------------------------------
2026-09-28 12:47:54.167 
2026-09-28 12:47:54.167 ++++++++++++++++++++++++++++++++++++++++++++++++++++++++++++++++++++++++++++++++++++++++
2026-09-28 12:47:54.167 ++Proactor<s2>.process_message  [analog-temp/synced.readings]
2026-09-28 12:47:54.168   IN  internal     analog-temp to hw1.isone.me.versant.keene.maple.scada.s2     <-  [analog-temp/to/hw1.isone.me.versant.keene.maple.scada.s2/synced.readings]        SyncedReadings           
2026-09-28 12:47:54.168 ++Parentless.process_internal_message analog-temp/synced.readings
2026-09-28 12:47:54.168   OUT mqtt         analog-temp to s                                       ->  [gw/hw1-isone-me-versant-keene-maple-scada-s2/to/s/synced-readings]               SyncedReadings           
2026-09-28 12:47:54.169 --Parentless.process_internal_message  path:0x00000004
2026-09-28 12:47:54.169 --Proactor<s2>.process_message  path:0x00000401
2026-09-28 12:47:54.169 ----------------------------------------------------------------------------------------
2026-09-28 12:47:59.585 
2026-09-28 12:47:59.586 ++++++++++++++++++++++++++++++++++++++++++++++++++++++++++++++++++++++++++++++++++++++++
2026-09-28 12:47:59.586 ++Proactor<s2>.process_message  [analog-temp/synced.readings]
2026-09-28 12:47:59.587   IN  internal     analog-temp to hw1.isone.me.versant.keene.maple.scada.s2     <-  [analog-temp/to/hw1.isone.me.versant.keene.maple.scada.s2/synced.readings]        SyncedReadings           
2026-09-28 12:47:59.588 ++Parentless.process_internal_message analog-temp/synced.readings
2026-09-28 12:47:59.589   OUT mqtt         analog-temp to s                                       ->  [gw/hw1-isone-me-versant-keene-maple-scada-s2/to/s/synced-readings]               SyncedReadings           
2026-09-28 12:47:59.590 --Parentless.process_internal_message  path:0x00000004
2026-09-28 12:47:59.591 --Proactor<s2>.process_message  path:0x00000401
2026-09-28 12:47:59.591 ----------------------------------------------------------------------------------------
2026-09-28 12:48:02.586 
2026-09-28 12:48:02.587 ++++++++++++++++++++++++++++++++++++++++++++++++++++++++++++++++++++++++++++++++++++++++
2026-09-28 12:48:02.587 ++Proactor<s2>.process_message  [analog-temp/synced.readings]
2026-09-28 12:48:02.588   IN  internal     analog-temp to hw1.isone.me.versant.keene.maple.scada.s2     <-  [analog-temp/to/hw1.isone.me.versant.keene.maple.scada.s2/synced.readings]        SyncedReadings           
2026-09-28 12:48:02.589 ++Parentless.process_internal_message analog-temp/synced.readings
2026-09-28 12:48:02.590   OUT mqtt         analog-temp to s                                       ->  [gw/hw1-isone-me-versant-keene-maple-scada-s2/to/s/synced-readings]               SyncedReadings           
2026-09-28 12:48:02.591 --Parentless.process_internal_message  path:0x00000004
2026-09-28 12:48:02.591 --Proactor<s2>.process_message  path:0x00000401
2026-09-28 12:48:02.592 ----------------------------------------------------------------------------------------
2026-09-28 12:48:05.175 
2026-09-28 12:48:05.175 ++++++++++++++++++++++++++++++++++++++++++++++++++++++++++++++++++++++++++++++++++++++++
2026-09-28 12:48:05.175 ++Proactor<s2>.process_message  [analog-temp/synced.readings]
2026-09-28 12:48:05.175   IN  internal     analog-temp to hw1.isone.me.versant.keene.maple.scada.s2     <-  [analog-temp/to/hw1.isone.me.versant.keene.maple.scada.s2/synced.readings]        SyncedReadings           
2026-09-28 12:48:05.176 ++Parentless.process_internal_message analog-temp/synced.readings
2026-09-28 12:48:05.176   OUT mqtt         analog-temp to s                                       ->  [gw/hw1-isone-me-versant-keene-maple-scada-s2/to/s/synced-readings]               SyncedReadings           
2026-09-28 12:48:05.177 --Parentless.process_internal_message  path:0x00000004
2026-09-28 12:48:05.177 --Proactor<s2>.process_message  path:0x00000401
2026-09-28 12:48:05.177 ----------------------------------------------------------------------------------------
2026-09-28 12:48:07.173 
2026-09-28 12:48:07.173 ++++++++++++++++++++++++++++++++++++++++++++++++++++++++++++++++++++++++++++++++++++++++
2026-09-28 12:48:07.173 ++Proactor<s2>.process_message  [analog-temp/synced.readings]
2026-09-28 12:48:07.174   IN  internal     analog-temp to hw1.isone.me.versant.keene.maple.scada.s2     <-  [analog-temp/to/hw1.isone.me.versant.keene.maple.scada.s2/synced.readings]        SyncedReadings           
2026-09-28 12:48:07.174 ++Parentless.process_internal_message analog-temp/synced.readings
2026-09-28 12:48:07.175   OUT mqtt         analog-temp to s                                       ->  [gw/hw1-isone-me-versant-keene-maple-scada-s2/to/s/synced-readings]               SyncedReadings           
2026-09-28 12:48:07.175 --Parentless.process_internal_message  path:0x00000004
2026-09-28 12:48:07.175 --Proactor<s2>.process_message  path:0x00000401
2026-09-28 12:48:07.175 ----------------------------------------------------------------------------------------
2026-09-28 12:48:07.573 
2026-09-28 12:48:07.573 ++++++++++++++++++++++++++++++++++++++++++++++++++++++++++++++++++++++++++++++++++++++++
2026-09-28 12:48:07.573 ++Proactor<s2>.process_message  [analog-temp/synced.readings]
2026-09-28 12:48:07.574   IN  internal     analog-temp to hw1.isone.me.versant.keene.maple.scada.s2     <-  [analog-temp/to/hw1.isone.me.versant.keene.maple.scada.s2/synced.readings]        SyncedReadings           
2026-09-28 12:48:07.574 ++Parentless.process_internal_message analog-temp/synced.readings
2026-09-28 12:48:07.574   OUT mqtt         analog-temp to s                                       ->  [gw/hw1-isone-me-versant-keene-maple-scada-s2/to/s/synced-readings]               SyncedReadings           
2026-09-28 12:48:07.575 --Parentless.process_internal_message  path:0x00000004
2026-09-28 12:48:07.575 --Proactor<s2>.process_message  path:0x00000401
2026-09-28 12:48:07.575 ----------------------------------------------------------------------------------------
2026-09-28 12:48:09.373 
2026-09-28 12:48:09.374 ++++++++++++++++++++++++++++++++++++++++++++++++++++++++++++++++++++++++++++++++++++++++
2026-09-28 12:48:09.374 ++Proactor<s2>.process_message  [analog-temp/synced.readings]
2026-09-28 12:48:09.374   IN  internal     analog-temp to hw1.isone.me.versant.keene.maple.scada.s2     <-  [analog-temp/to/hw1.isone.me.versant.keene.maple.scada.s2/synced.readings]        SyncedReadings           
2026-09-28 12:48:09.374 ++Parentless.process_internal_message analog-temp/synced.readings
2026-09-28 12:48:09.375   OUT mqtt         analog-temp to s                                       ->  [gw/hw1-isone-me-versant-keene-maple-scada-s2/to/s/synced-readings]               SyncedReadings           
2026-09-28 12:48:09.375 --Parentless.process_internal_message  path:0x00000004
2026-09-28 12:48:09.375 --Proactor<s2>.process_message  path:0x00000401
2026-09-28 12:48:09.376 ----------------------------------------------------------------------------------------
2026-09-28 12:48:11.590 
2026-09-28 12:48:11.591 ++++++++++++++++++++++++++++++++++++++++++++++++++++++++++++++++++++++++++++++++++++++++
2026-09-28 12:48:11.591 ++Proactor<s2>.process_message  [analog-temp/synced.readings]
2026-09-28 12:48:11.592   IN  internal     analog-temp to hw1.isone.me.versant.keene.maple.scada.s2     <-  [analog-temp/to/hw1.isone.me.versant.keene.maple.scada.s2/synced.readings]        SyncedReadings           
2026-09-28 12:48:11.592 ++Parentless.process_internal_message analog-temp/synced.readings
2026-09-28 12:48:11.593   OUT mqtt         analog-temp to s                                       ->  [gw/hw1-isone-me-versant-keene-maple-scada-s2/to/s/synced-readings]               SyncedReadings           
2026-09-28 12:48:11.594 --Parentless.process_internal_message  path:0x00000004
2026-09-28 12:48:11.595 --Proactor<s2>.process_message  path:0x00000401
2026-09-28 12:48:11.595 ----------------------------------------------------------------------------------------
2026-09-28 12:48:11.990 
2026-09-28 12:48:11.991 ++++++++++++++++++++++++++++++++++++++++++++++++++++++++++++++++++++++++++++++++++++++++
2026-09-28 12:48:11.991 ++Proactor<s2>.process_message  [analog-temp/synced.readings]
2026-09-28 12:48:11.992   IN  internal     analog-temp to hw1.isone.me.versant.keene.maple.scada.s2     <-  [analog-temp/to/hw1.isone.me.versant.keene.maple.scada.s2/synced.readings]        SyncedReadings           
2026-09-28 12:48:11.992 ++Parentless.process_internal_message analog-temp/synced.readings
2026-09-28 12:48:11.994   OUT mqtt         analog-temp to s                                       ->  [gw/hw1-isone-me-versant-keene-maple-scada-s2/to/s/synced-readings]               SyncedReadings           
2026-09-28 12:48:11.995 --Parentless.process_internal_message  path:0x00000004
2026-09-28 12:48:11.995 --Proactor<s2>.process_message  path:0x00000401
2026-09-28 12:48:11.996 ----------------------------------------------------------------------------------------
2026-09-28 12:48:13.993 
2026-09-28 12:48:13.993 ++++++++++++++++++++++++++++++++++++++++++++++++++++++++++++++++++++++++++++++++++++++++
2026-09-28 12:48:13.994 ++Proactor<s2>.process_message  [analog-temp/synced.readings]
2026-09-28 12:48:13.995   IN  internal     analog-temp to hw1.isone.me.versant.keene.maple.scada.s2     <-  [analog-temp/to/hw1.isone.me.versant.keene.maple.scada.s2/synced.readings]        SyncedReadings           
2026-09-28 12:48:13.995 ++Parentless.process_internal_message analog-temp/synced.readings
2026-09-28 12:48:13.997   OUT mqtt         analog-temp to s                                       ->  [gw/hw1-isone-me-versant-keene-maple-scada-s2/to/s/synced-readings]               SyncedReadings           
2026-09-28 12:48:13.998 --Parentless.process_internal_message  path:0x00000004
2026-09-28 12:48:13.998 --Proactor<s2>.process_message  path:0x00000401
2026-09-28 12:48:13.999 ----------------------------------------------------------------------------------------
2026-09-28 12:48:21.379 
2026-09-28 12:48:21.380 ++++++++++++++++++++++++++++++++++++++++++++++++++++++++++++++++++++++++++++++++++++++++
2026-09-28 12:48:21.380 ++Proactor<s2>.process_message  [analog-temp/synced.readings]
2026-09-28 12:48:21.380   IN  internal     analog-temp to hw1.isone.me.versant.keene.maple.scada.s2     <-  [analog-temp/to/hw1.isone.me.versant.keene.maple.scada.s2/synced.readings]        SyncedReadings           
2026-09-28 12:48:21.380 ++Parentless.process_internal_message analog-temp/synced.readings
2026-09-28 12:48:21.381   OUT mqtt         analog-temp to s                                       ->  [gw/hw1-isone-me-versant-keene-maple-scada-s2/to/s/synced-readings]               SyncedReadings           
2026-09-28 12:48:21.381 --Parentless.process_internal_message  path:0x00000004
2026-09-28 12:48:21.382 --Proactor<s2>.process_message  path:0x00000401
2026-09-28 12:48:21.382 ----------------------------------------------------------------------------------------
2026-09-28 12:48:21.784 
2026-09-28 12:48:21.792 ++++++++++++++++++++++++++++++++++++++++++++++++++++++++++++++++++++++++++++++++++++++++
2026-09-28 12:48:21.792 ++Proactor<s2>.process_message  [analog-temp/synced.readings]
2026-09-28 12:48:21.793   IN  internal     analog-temp to hw1.isone.me.versant.keene.maple.scada.s2     <-  [analog-temp/to/hw1.isone.me.versant.keene.maple.scada.s2/synced.readings]        SyncedReadings           
2026-09-28 12:48:21.794 ++Parentless.process_internal_message analog-temp/synced.readings
2026-09-28 12:48:21.795   OUT mqtt         analog-temp to s                                       ->  [gw/hw1-isone-me-versant-keene-maple-scada-s2/to/s/synced-readings]               SyncedReadings           
2026-09-28 12:48:21.796 --Parentless.process_internal_message  path:0x00000004
2026-09-28 12:48:21.797 --Proactor<s2>.process_message  path:0x00000401
2026-09-28 12:48:21.797 ----------------------------------------------------------------------------------------
2026-09-28 12:48:23.197 
2026-09-28 12:48:23.198 ++++++++++++++++++++++++++++++++++++++++++++++++++++++++++++++++++++++++++++++++++++++++
2026-09-28 12:48:23.198 ++Proactor<s2>.process_message  [analog-temp/synced.readings]
2026-09-28 12:48:23.199   IN  internal     analog-temp to hw1.isone.me.versant.keene.maple.scada.s2     <-  [analog-temp/to/hw1.isone.me.versant.keene.maple.scada.s2/synced.readings]        SyncedReadings           
2026-09-28 12:48:23.200 ++Parentless.process_internal_message analog-temp/synced.readings
2026-09-28 12:48:23.201   OUT mqtt         analog-temp to s                                       ->  [gw/hw1-isone-me-versant-keene-maple-scada-s2/to/s/synced-readings]               SyncedReadings           
2026-09-28 12:48:23.202 --Parentless.process_internal_message  path:0x00000004
2026-09-28 12:48:23.203 --Proactor<s2>.process_message  path:0x00000401
2026-09-28 12:48:23.203 ----------------------------------------------------------------------------------------
2026-09-28 12:48:25.186 
2026-09-28 12:48:25.186 ++++++++++++++++++++++++++++++++++++++++++++++++++++++++++++++++++++++++++++++++++++++++
2026-09-28 12:48:25.187 ++Proactor<s2>.process_message  [gridworks-ping]
2026-09-28 12:48:25.188 ++Proactor<s2>._process_mqtt_message mqtt_clients/mqtt_message
2026-09-28 12:48:25.189   IN  mqtt         hw1.isone.me.versant.keene.maple.scada to s2           <-  [gw/hw1-isone-me-versant-keene-maple-scada/to/s2/gridworks-ping]                  Ping                      37b26231...
2026-09-28 12:48:25.190   OUT mqtt         hw1.isone.me.versant.keene.maple.scada.s2 to s         ->  [gw/hw1-isone-me-versant-keene-maple-scada-s2/to/s/gridworks-ack]                 Ack                       37b26231...
2026-09-28 12:48:25.192 --Proactor<s2>._process_mqtt_message:1  path:0x00000223
2026-09-28 12:48:25.192 --Proactor<s2>.process_message  path:0x00000002
2026-09-28 12:48:25.193 ----------------------------------------------------------------------------------------
2026-09-28 12:48:28.199 
2026-09-28 12:48:28.200 ++++++++++++++++++++++++++++++++++++++++++++++++++++++++++++++++++++++++++++++++++++++++
2026-09-28 12:48:28.200 ++Proactor<s2>.process_message  [analog-temp/synced.readings]
2026-09-28 12:48:28.201   IN  internal     analog-temp to hw1.isone.me.versant.keene.maple.scada.s2     <-  [analog-temp/to/hw1.isone.me.versant.keene.maple.scada.s2/synced.readings]        SyncedReadings           
2026-09-28 12:48:28.202 ++Parentless.process_internal_message analog-temp/synced.readings
2026-09-28 12:48:28.203   OUT mqtt         analog-temp to s                                       ->  [gw/hw1-isone-me-versant-keene-maple-scada-s2/to/s/synced-readings]               SyncedReadings           
2026-09-28 12:48:28.204 --Parentless.process_internal_message  path:0x00000004
2026-09-28 12:48:28.204 --Proactor<s2>.process_message  path:0x00000401
2026-09-28 12:48:28.205 ----------------------------------------------------------------------------------------
2026-09-28 12:48:29.984 
2026-09-28 12:48:29.985 ++++++++++++++++++++++++++++++++++++++++++++++++++++++++++++++++++++++++++++++++++++++++
2026-09-28 12:48:29.985 ++Proactor<s2>.process_message  [analog-temp/synced.readings]
2026-09-28 12:48:29.985   IN  internal     analog-temp to hw1.isone.me.versant.keene.maple.scada.s2     <-  [analog-temp/to/hw1.isone.me.versant.keene.maple.scada.s2/synced.readings]        SyncedReadings           
2026-09-28 12:48:29.985 ++Parentless.process_internal_message analog-temp/synced.readings
2026-09-28 12:48:29.986   OUT mqtt         analog-temp to s                                       ->  [gw/hw1-isone-me-versant-keene-maple-scada-s2/to/s/synced-readings]               SyncedReadings           
2026-09-28 12:48:29.986 --Parentless.process_internal_message  path:0x00000004
2026-09-28 12:48:29.987 --Proactor<s2>.process_message  path:0x00000401
2026-09-28 12:48:29.987 ----------------------------------------------------------------------------------------
2026-09-28 12:48:35.603 
2026-09-28 12:48:35.603 ++++++++++++++++++++++++++++++++++++++++++++++++++++++++++++++++++++++++++++++++++++++++
2026-09-28 12:48:35.604 ++Proactor<s2>.process_message  [analog-temp/synced.readings]
2026-09-28 12:48:35.604   IN  internal     analog-temp to hw1.isone.me.versant.keene.maple.scada.s2     <-  [analog-temp/to/hw1.isone.me.versant.keene.maple.scada.s2/synced.readings]        SyncedReadings           
2026-09-28 12:48:35.605 ++Parentless.process_internal_message analog-temp/synced.readings
2026-09-28 12:48:35.606   OUT mqtt         analog-temp to s                                       ->  [gw/hw1-isone-me-versant-keene-maple-scada-s2/to/s/synced-readings]               SyncedReadings           
2026-09-28 12:48:35.607 --Parentless.process_internal_message  path:0x00000004
2026-09-28 12:48:35.608 --Proactor<s2>.process_message  path:0x00000401
2026-09-28 12:48:35.608 ----------------------------------------------------------------------------------------
2026-09-28 12:48:43.009 
2026-09-28 12:48:43.009 ++++++++++++++++++++++++++++++++++++++++++++++++++++++++++++++++++++++++++++++++++++++++
2026-09-28 12:48:43.010 ++Proactor<s2>.process_message  [analog-temp/synced.readings]
2026-09-28 12:48:43.010   IN  internal     analog-temp to hw1.isone.me.versant.keene.maple.scada.s2     <-  [analog-temp/to/hw1.isone.me.versant.keene.maple.scada.s2/synced.readings]        SyncedReadings           
2026-09-28 12:48:43.011 ++Parentless.process_internal_message analog-temp/synced.readings
2026-09-28 12:48:43.013   OUT mqtt         analog-temp to s                                       ->  [gw/hw1-isone-me-versant-keene-maple-scada-s2/to/s/synced-readings]               SyncedReadings           
2026-09-28 12:48:43.014 --Parentless.process_internal_message  path:0x00000004
2026-09-28 12:48:43.014 --Proactor<s2>.process_message  path:0x00000401
2026-09-28 12:48:43.015 ----------------------------------------------------------------------------------------
2026-09-28 12:48:45.810 
2026-09-28 12:48:45.811 ++++++++++++++++++++++++++++++++++++++++++++++++++++++++++++++++++++++++++++++++++++++++
2026-09-28 12:48:45.811 ++Proactor<s2>.process_message  [analog-temp/synced.readings]
2026-09-28 12:48:45.812   IN  internal     analog-temp to hw1.isone.me.versant.keene.maple.scada.s2     <-  [analog-temp/to/hw1.isone.me.versant.keene.maple.scada.s2/synced.readings]        SyncedReadings           
2026-09-28 12:48:45.813 ++Parentless.process_internal_message analog-temp/synced.readings
2026-09-28 12:48:45.814   OUT mqtt         analog-temp to s                                       ->  [gw/hw1-isone-me-versant-keene-maple-scada-s2/to/s/synced-readings]               SyncedReadings           
2026-09-28 12:48:45.815 --Parentless.process_internal_message  path:0x00000004
2026-09-28 12:48:45.815 --Proactor<s2>.process_message  path:0x00000401
2026-09-28 12:48:45.816 ----------------------------------------------------------------------------------------
2026-09-28 12:48:53.810 
2026-09-28 12:48:53.811 ++++++++++++++++++++++++++++++++++++++++++++++++++++++++++++++++++++++++++++++++++++++++
2026-09-28 12:48:53.811 ++Proactor<s2>.process_message  [analog-temp/synced.readings]
2026-09-28 12:48:53.812   IN  internal     analog-temp to hw1.isone.me.versant.keene.maple.scada.s2     <-  [analog-temp/to/hw1.isone.me.versant.keene.maple.scada.s2/synced.readings]        SyncedReadings           
2026-09-28 12:48:53.812 ++Parentless.process_internal_message analog-temp/synced.readings
2026-09-28 12:48:53.813   OUT mqtt         analog-temp to s                                       ->  [gw/hw1-isone-me-versant-keene-maple-scada-s2/to/s/synced-readings]               SyncedReadings           
2026-09-28 12:48:53.814 --Parentless.process_internal_message  path:0x00000004
2026-09-28 12:48:53.815 --Proactor<s2>.process_message  path:0x00000401
2026-09-28 12:48:53.815 ----------------------------------------------------------------------------------------
2026-09-28 12:48:54.998 
2026-09-28 12:48:54.999 ++++++++++++++++++++++++++++++++++++++++++++++++++++++++++++++++++++++++++++++++++++++++
2026-09-28 12:48:54.999 ++Proactor<s2>.process_message  [analog-temp/synced.readings]
2026-09-28 12:48:54.999   IN  internal     analog-temp to hw1.isone.me.versant.keene.maple.scada.s2     <-  [analog-temp/to/hw1.isone.me.versant.keene.maple.scada.s2/synced.readings]        SyncedReadings           
2026-09-28 12:48:54.999 ++Parentless.process_internal_message analog-temp/synced.readings
2026-09-28 12:48:55.000   OUT mqtt         analog-temp to s                                       ->  [gw/hw1-isone-me-versant-keene-maple-scada-s2/to/s/synced-readings]               SyncedReadings           
2026-09-28 12:48:55.000 --Parentless.process_internal_message  path:0x00000004
2026-09-28 12:48:55.001 --Proactor<s2>.process_message  path:0x00000401
2026-09-28 12:48:55.001 ----------------------------------------------------------------------------------------
2026-09-28 12:48:57.199 
2026-09-28 12:48:57.200 ++++++++++++++++++++++++++++++++++++++++++++++++++++++++++++++++++++++++++++++++++++++++
2026-09-28 12:48:57.200 ++Proactor<s2>.process_message  [analog-temp/synced.readings]
2026-09-28 12:48:57.200   IN  internal     analog-temp to hw1.isone.me.versant.keene.maple.scada.s2     <-  [analog-temp/to/hw1.isone.me.versant.keene.maple.scada.s2/synced.readings]        SyncedReadings           
2026-09-28 12:48:57.200 ++Parentless.process_internal_message analog-temp/synced.readings
2026-09-28 12:48:57.201   OUT mqtt         analog-temp to s                                       ->  [gw/hw1-isone-me-versant-keene-maple-scada-s2/to/s/synced-readings]               SyncedReadings           
2026-09-28 12:48:57.201 --Parentless.process_internal_message  path:0x00000004
2026-09-28 12:48:57.202 --Proactor<s2>.process_message  path:0x00000401
2026-09-28 12:48:57.202 ----------------------------------------------------------------------------------------
2026-09-28 12:48:58.800 
2026-09-28 12:48:58.800 ++++++++++++++++++++++++++++++++++++++++++++++++++++++++++++++++++++++++++++++++++++++++
2026-09-28 12:48:58.800 ++Proactor<s2>.process_message  [analog-temp/synced.readings]
2026-09-28 12:48:58.800   IN  internal     analog-temp to hw1.isone.me.versant.keene.maple.scada.s2     <-  [analog-temp/to/hw1.isone.me.versant.keene.maple.scada.s2/synced.readings]        SyncedReadings           
2026-09-28 12:48:58.801 ++Parentless.process_internal_message analog-temp/synced.readings
2026-09-28 12:48:58.801   OUT mqtt         analog-temp to s                                       ->  [gw/hw1-isone-me-versant-keene-maple-scada-s2/to/s/synced-readings]               SyncedReadings           
2026-09-28 12:48:58.802 --Parentless.process_internal_message  path:0x00000004
2026-09-28 12:48:58.802 --Proactor<s2>.process_message  path:0x00000401
2026-09-28 12:48:58.802 ----------------------------------------------------------------------------------------
2026-09-28 12:49:22.613 
2026-09-28 12:49:22.613 ++++++++++++++++++++++++++++++++++++++++++++++++++++++++++++++++++++++++++++++++++++++++
2026-09-28 12:49:22.614 ++Proactor<s2>.process_message  [analog-temp/synced.readings]
2026-09-28 12:49:22.614   IN  internal     analog-temp to hw1.isone.me.versant.keene.maple.scada.s2     <-  [analog-temp/to/hw1.isone.me.versant.keene.maple.scada.s2/synced.readings]        SyncedReadings           
2026-09-28 12:49:22.614 ++Parentless.process_internal_message analog-temp/synced.readings
2026-09-28 12:49:22.615   OUT mqtt         analog-temp to s                                       ->  [gw/hw1-isone-me-versant-keene-maple-scada-s2/to/s/synced-readings]               SyncedReadings           
2026-09-28 12:49:22.615 --Parentless.process_internal_message  path:0x00000004
2026-09-28 12:49:22.615 --Proactor<s2>.process_message  path:0x00000401
2026-09-28 12:49:22.616 ----------------------------------------------------------------------------------------
2026-09-28 12:49:25.840 
2026-09-28 12:49:25.841 ++++++++++++++++++++++++++++++++++++++++++++++++++++++++++++++++++++++++++++++++++++++++
2026-09-28 12:49:25.842 ++Proactor<s2>.process_message  [gridworks-ping]
2026-09-28 12:49:25.842 ++Proactor<s2>._process_mqtt_message mqtt_clients/mqtt_message
2026-09-28 12:49:25.843   IN  mqtt         hw1.isone.me.versant.keene.maple.scada to s2           <-  [gw/hw1-isone-me-versant-keene-maple-scada/to/s2/gridworks-ping]                  Ping                      638335e3...
2026-09-28 12:49:25.845   OUT mqtt         hw1.isone.me.versant.keene.maple.scada.s2 to s         ->  [gw/hw1-isone-me-versant-keene-maple-scada-s2/to/s/gridworks-ack]                 Ack                       638335e3...
2026-09-28 12:49:25.846 --Proactor<s2>._process_mqtt_message:1  path:0x00000223
2026-09-28 12:49:25.847 --Proactor<s2>.process_message  path:0x00000002
2026-09-28 12:49:25.847 ----------------------------------------------------------------------------------------
2026-09-28 12:49:30.818 
2026-09-28 12:49:30.819 ++++++++++++++++++++++++++++++++++++++++++++++++++++++++++++++++++++++++++++++++++++++++
2026-09-28 12:49:30.819 ++Proactor<s2>.process_message  [analog-temp/synced.readings]
2026-09-28 12:49:30.819   IN  internal     analog-temp to hw1.isone.me.versant.keene.maple.scada.s2     <-  [analog-temp/to/hw1.isone.me.versant.keene.maple.scada.s2/synced.readings]        SyncedReadings           
2026-09-28 12:49:30.819 ++Parentless.process_internal_message analog-temp/synced.readings
2026-09-28 12:49:30.820   OUT mqtt         analog-temp to s                                       ->  [gw/hw1-isone-me-versant-keene-maple-scada-s2/to/s/synced-readings]               SyncedReadings           
2026-09-28 12:49:30.821 --Parentless.process_internal_message  path:0x00000004
2026-09-28 12:49:30.821 --Proactor<s2>.process_message  path:0x00000401
2026-09-28 12:49:30.821 ----------------------------------------------------------------------------------------
2026-09-28 12:49:37.638 
2026-09-28 12:49:37.639 ++++++++++++++++++++++++++++++++++++++++++++++++++++++++++++++++++++++++++++++++++++++++
2026-09-28 12:49:37.639 ++Proactor<s2>.process_message  [analog-temp/synced.readings]
2026-09-28 12:49:37.640   IN  internal     analog-temp to hw1.isone.me.versant.keene.maple.scada.s2     <-  [analog-temp/to/hw1.isone.me.versant.keene.maple.scada.s2/synced.readings]        SyncedReadings           
2026-09-28 12:49:37.641 ++Parentless.process_internal_message analog-temp/synced.readings
2026-09-28 12:49:37.642   OUT mqtt         analog-temp to s                                       ->  [gw/hw1-isone-me-versant-keene-maple-scada-s2/to/s/synced-readings]               SyncedReadings           
2026-09-28 12:49:37.643 --Parentless.process_internal_message  path:0x00000004
2026-09-28 12:49:37.644 --Proactor<s2>.process_message  path:0x00000401
2026-09-28 12:49:37.644 ----------------------------------------------------------------------------------------
2026-09-28 12:49:38.437 
2026-09-28 12:49:38.438 ++++++++++++++++++++++++++++++++++++++++++++++++++++++++++++++++++++++++++++++++++++++++
2026-09-28 12:49:38.438 ++Proactor<s2>.process_message  [analog-temp/synced.readings]
2026-09-28 12:49:38.439   IN  internal     analog-temp to hw1.isone.me.versant.keene.maple.scada.s2     <-  [analog-temp/to/hw1.isone.me.versant.keene.maple.scada.s2/synced.readings]        SyncedReadings           
2026-09-28 12:49:38.440 ++Parentless.process_internal_message analog-temp/synced.readings
2026-09-28 12:49:38.441   OUT mqtt         analog-temp to s                                       ->  [gw/hw1-isone-me-versant-keene-maple-scada-s2/to/s/synced-readings]               SyncedReadings           
2026-09-28 12:49:38.442 --Parentless.process_internal_message  path:0x00000004
2026-09-28 12:49:38.443 --Proactor<s2>.process_message  path:0x00000401
2026-09-28 12:49:38.443 ----------------------------------------------------------------------------------------
2026-09-28 12:49:43.424 
2026-09-28 12:49:43.424 ++++++++++++++++++++++++++++++++++++++++++++++++++++++++++++++++++++++++++++++++++++++++
2026-09-28 12:49:43.424 ++Proactor<s2>.process_message  [analog-temp/synced.readings]
2026-09-28 12:49:43.425   IN  internal     analog-temp to hw1.isone.me.versant.keene.maple.scada.s2     <-  [analog-temp/to/hw1.isone.me.versant.keene.maple.scada.s2/synced.readings]        SyncedReadings           
2026-09-28 12:49:43.425 ++Parentless.process_internal_message analog-temp/synced.readings
2026-09-28 12:49:43.426   OUT mqtt         analog-temp to s                                       ->  [gw/hw1-isone-me-versant-keene-maple-scada-s2/to/s/synced-readings]               SyncedReadings           
2026-09-28 12:49:43.426 --Parentless.process_internal_message  path:0x00000004
2026-09-28 12:49:43.426 --Proactor<s2>.process_message  path:0x00000401
2026-09-28 12:49:43.426 ----------------------------------------------------------------------------------------
2026-09-28 12:49:57.031 
2026-09-28 12:49:57.031 ++++++++++++++++++++++++++++++++++++++++++++++++++++++++++++++++++++++++++++++++++++++++
2026-09-28 12:49:57.031 ++Proactor<s2>.process_message  [analog-temp/synced.readings]
2026-09-28 12:49:57.032   IN  internal     analog-temp to hw1.isone.me.versant.keene.maple.scada.s2     <-  [analog-temp/to/hw1.isone.me.versant.keene.maple.scada.s2/synced.readings]        SyncedReadings           
2026-09-28 12:49:57.032 ++Parentless.process_internal_message analog-temp/synced.readings
2026-09-28 12:49:57.033   OUT mqtt         analog-temp to s                                       ->  [gw/hw1-isone-me-versant-keene-maple-scada-s2/to/s/synced-readings]               SyncedReadings           
2026-09-28 12:49:57.033 --Parentless.process_internal_message  path:0x00000004
2026-09-28 12:49:57.033 --Proactor<s2>.process_message  path:0x00000401
2026-09-28 12:49:57.033 ----------------------------------------------------------------------------------------
2026-09-28 12:50:06.636 
2026-09-28 12:50:06.637 ++++++++++++++++++++++++++++++++++++++++++++++++++++++++++++++++++++++++++++++++++++++++
2026-09-28 12:50:06.637 ++Proactor<s2>.process_message  [analog-temp/synced.readings]
2026-09-28 12:50:06.637   IN  internal     analog-temp to hw1.isone.me.versant.keene.maple.scada.s2     <-  [analog-temp/to/hw1.isone.me.versant.keene.maple.scada.s2/synced.readings]        SyncedReadings           
2026-09-28 12:50:06.637 ++Parentless.process_internal_message analog-temp/synced.readings
2026-09-28 12:50:06.638   OUT mqtt         analog-temp to s                                       ->  [gw/hw1-isone-me-versant-keene-maple-scada-s2/to/s/synced-readings]               SyncedReadings           
2026-09-28 12:50:06.638 --Parentless.process_internal_message  path:0x00000004
2026-09-28 12:50:06.639 --Proactor<s2>.process_message  path:0x00000401
2026-09-28 12:50:06.639 ----------------------------------------------------------------------------------------
2026-09-28 12:50:07.636 
2026-09-28 12:50:07.637 ++++++++++++++++++++++++++++++++++++++++++++++++++++++++++++++++++++++++++++++++++++++++
2026-09-28 12:50:07.637 ++Proactor<s2>.process_message  [analog-temp/synced.readings]
2026-09-28 12:50:07.637   IN  internal     analog-temp to hw1.isone.me.versant.keene.maple.scada.s2     <-  [analog-temp/to/hw1.isone.me.versant.keene.maple.scada.s2/synced.readings]        SyncedReadings           
2026-09-28 12:50:07.637 ++Parentless.process_internal_message analog-temp/synced.readings
2026-09-28 12:50:07.638   OUT mqtt         analog-temp to s                                       ->  [gw/hw1-isone-me-versant-keene-maple-scada-s2/to/s/synced-readings]               SyncedReadings           
2026-09-28 12:50:07.638 --Parentless.process_internal_message  path:0x00000004
2026-09-28 12:50:07.639 --Proactor<s2>.process_message  path:0x00000401
2026-09-28 12:50:07.639 ----------------------------------------------------------------------------------------
2026-09-28 12:50:13.054 
2026-09-28 12:50:13.055 ++++++++++++++++++++++++++++++++++++++++++++++++++++++++++++++++++++++++++++++++++++++++
2026-09-28 12:50:13.056 ++Proactor<s2>.process_message  [analog-temp/synced.readings]
2026-09-28 12:50:13.056   IN  internal     analog-temp to hw1.isone.me.versant.keene.maple.scada.s2     <-  [analog-temp/to/hw1.isone.me.versant.keene.maple.scada.s2/synced.readings]        SyncedReadings           
2026-09-28 12:50:13.057 ++Parentless.process_internal_message analog-temp/synced.readings
2026-09-28 12:50:13.058   OUT mqtt         analog-temp to s                                       ->  [gw/hw1-isone-me-versant-keene-maple-scada-s2/to/s/synced-readings]               SyncedReadings           
2026-09-28 12:50:13.059 --Parentless.process_internal_message  path:0x00000004
2026-09-28 12:50:13.060 --Proactor<s2>.process_message  path:0x00000401
2026-09-28 12:50:13.060 ----------------------------------------------------------------------------------------
2026-09-28 12:50:16.257 
2026-09-28 12:50:16.258 ++++++++++++++++++++++++++++++++++++++++++++++++++++++++++++++++++++++++++++++++++++++++
2026-09-28 12:50:16.258 ++Proactor<s2>.process_message  [analog-temp/synced.readings]
2026-09-28 12:50:16.259   IN  internal     analog-temp to hw1.isone.me.versant.keene.maple.scada.s2     <-  [analog-temp/to/hw1.isone.me.versant.keene.maple.scada.s2/synced.readings]        SyncedReadings           
2026-09-28 12:50:16.260 ++Parentless.process_internal_message analog-temp/synced.readings
2026-09-28 12:50:16.261   OUT mqtt         analog-temp to s                                       ->  [gw/hw1-isone-me-versant-keene-maple-scada-s2/to/s/synced-readings]               SyncedReadings           
2026-09-28 12:50:16.262 --Parentless.process_internal_message  path:0x00000004
2026-09-28 12:50:16.262 --Proactor<s2>.process_message  path:0x00000401
2026-09-28 12:50:16.263 ----------------------------------------------------------------------------------------
2026-09-28 12:50:24.454 
2026-09-28 12:50:24.454 ++++++++++++++++++++++++++++++++++++++++++++++++++++++++++++++++++++++++++++++++++++++++
2026-09-28 12:50:24.455 ++Proactor<s2>.process_message  [analog-temp/synced.readings]
2026-09-28 12:50:24.456   IN  internal     analog-temp to hw1.isone.me.versant.keene.maple.scada.s2     <-  [analog-temp/to/hw1.isone.me.versant.keene.maple.scada.s2/synced.readings]        SyncedReadings           
2026-09-28 12:50:24.456 ++Parentless.process_internal_message analog-temp/synced.readings
2026-09-28 12:50:24.458   OUT mqtt         analog-temp to s                                       ->  [gw/hw1-isone-me-versant-keene-maple-scada-s2/to/s/synced-readings]               SyncedReadings           
2026-09-28 12:50:24.459 --Parentless.process_internal_message  path:0x00000004
2026-09-28 12:50:24.459 --Proactor<s2>.process_message  path:0x00000401
2026-09-28 12:50:24.460 ----------------------------------------------------------------------------------------
2026-09-28 12:50:26.061 
2026-09-28 12:50:26.061 ++++++++++++++++++++++++++++++++++++++++++++++++++++++++++++++++++++++++++++++++++++++++
2026-09-28 12:50:26.062 ++Proactor<s2>.process_message  [analog-temp/synced.readings]
2026-09-28 12:50:26.062   IN  internal     analog-temp to hw1.isone.me.versant.keene.maple.scada.s2     <-  [analog-temp/to/hw1.isone.me.versant.keene.maple.scada.s2/synced.readings]        SyncedReadings           
2026-09-28 12:50:26.063 ++Parentless.process_internal_message analog-temp/synced.readings
2026-09-28 12:50:26.064   OUT mqtt         analog-temp to s                                       ->  [gw/hw1-isone-me-versant-keene-maple-scada-s2/to/s/synced-readings]               SyncedReadings           
2026-09-28 12:50:26.065 --Parentless.process_internal_message  path:0x00000004
2026-09-28 12:50:26.066 --Proactor<s2>.process_message  path:0x00000401
2026-09-28 12:50:26.066 ----------------------------------------------------------------------------------------
2026-09-28 12:50:26.455 
2026-09-28 12:50:26.456 ++++++++++++++++++++++++++++++++++++++++++++++++++++++++++++++++++++++++++++++++++++++++
2026-09-28 12:50:26.457 ++Proactor<s2>.process_message  [gridworks-ping]
2026-09-28 12:50:26.457 ++Proactor<s2>._process_mqtt_message mqtt_clients/mqtt_message
2026-09-28 12:50:26.458   IN  mqtt         hw1.isone.me.versant.keene.maple.scada to s2           <-  [gw/hw1-isone-me-versant-keene-maple-scada/to/s2/gridworks-ping]                  Ping                      cce725f6...
2026-09-28 12:50:26.460   OUT mqtt         hw1.isone.me.versant.keene.maple.scada.s2 to s         ->  [gw/hw1-isone-me-versant-keene-maple-scada-s2/to/s/gridworks-ack]                 Ack                       cce725f6...
2026-09-28 12:50:26.462 --Proactor<s2>._process_mqtt_message:1  path:0x00000223
2026-09-28 12:50:26.462 --Proactor<s2>.process_message  path:0x00000002
2026-09-28 12:50:26.463 ----------------------------------------------------------------------------------------
2026-09-28 12:50:30.464 
2026-09-28 12:50:30.465 ++++++++++++++++++++++++++++++++++++++++++++++++++++++++++++++++++++++++++++++++++++++++
2026-09-28 12:50:30.465 ++Proactor<s2>.process_message  [analog-temp/synced.readings]
2026-09-28 12:50:30.466   IN  internal     analog-temp to hw1.isone.me.versant.keene.maple.scada.s2     <-  [analog-temp/to/hw1.isone.me.versant.keene.maple.scada.s2/synced.readings]        SyncedReadings           
2026-09-28 12:50:30.466 ++Parentless.process_internal_message analog-temp/synced.readings
2026-09-28 12:50:30.467   OUT mqtt         analog-temp to s                                       ->  [gw/hw1-isone-me-versant-keene-maple-scada-s2/to/s/synced-readings]               SyncedReadings           
2026-09-28 12:50:30.469 --Parentless.process_internal_message  path:0x00000004
2026-09-28 12:50:30.470 --Proactor<s2>.process_message  path:0x00000401
2026-09-28 12:50:30.470 ----------------------------------------------------------------------------------------
2026-09-28 12:50:31.650 
2026-09-28 12:50:31.650 ++++++++++++++++++++++++++++++++++++++++++++++++++++++++++++++++++++++++++++++++++++++++
2026-09-28 12:50:31.651 ++Proactor<s2>.process_message  [analog-temp/synced.readings]
2026-09-28 12:50:31.651   IN  internal     analog-temp to hw1.isone.me.versant.keene.maple.scada.s2     <-  [analog-temp/to/hw1.isone.me.versant.keene.maple.scada.s2/synced.readings]        SyncedReadings           
2026-09-28 12:50:31.651 ++Parentless.process_internal_message analog-temp/synced.readings
2026-09-28 12:50:31.652   OUT mqtt         analog-temp to s                                       ->  [gw/hw1-isone-me-versant-keene-maple-scada-s2/to/s/synced-readings]               SyncedReadings           
2026-09-28 12:50:31.653 --Parentless.process_internal_message  path:0x00000004
2026-09-28 12:50:31.653 --Proactor<s2>.process_message  path:0x00000401
2026-09-28 12:50:31.654 ----------------------------------------------------------------------------------------
2026-09-28 12:50:41.469 
2026-09-28 12:50:41.469 ++++++++++++++++++++++++++++++++++++++++++++++++++++++++++++++++++++++++++++++++++++++++
2026-09-28 12:50:41.470 ++Proactor<s2>.process_message  [analog-temp/synced.readings]
2026-09-28 12:50:41.470   IN  internal     analog-temp to hw1.isone.me.versant.keene.maple.scada.s2     <-  [analog-temp/to/hw1.isone.me.versant.keene.maple.scada.s2/synced.readings]        SyncedReadings           
2026-09-28 12:50:41.471 ++Parentless.process_internal_message analog-temp/synced.readings
2026-09-28 12:50:41.472   OUT mqtt         analog-temp to s                                       ->  [gw/hw1-isone-me-versant-keene-maple-scada-s2/to/s/synced-readings]               SyncedReadings           
2026-09-28 12:50:41.473 --Parentless.process_internal_message  path:0x00000004
2026-09-28 12:50:41.474 --Proactor<s2>.process_message  path:0x00000401
2026-09-28 12:50:41.474 ----------------------------------------------------------------------------------------
2026-09-28 12:50:43.274 
2026-09-28 12:50:43.274 ++++++++++++++++++++++++++++++++++++++++++++++++++++++++++++++++++++++++++++++++++++++++
2026-09-28 12:50:43.275 ++Proactor<s2>.process_message  [analog-temp/synced.readings]
2026-09-28 12:50:43.276   IN  internal     analog-temp to hw1.isone.me.versant.keene.maple.scada.s2     <-  [analog-temp/to/hw1.isone.me.versant.keene.maple.scada.s2/synced.readings]        SyncedReadings           
2026-09-28 12:50:43.276 ++Parentless.process_internal_message analog-temp/synced.readings
2026-09-28 12:50:43.278   OUT mqtt         analog-temp to s                                       ->  [gw/hw1-isone-me-versant-keene-maple-scada-s2/to/s/synced-readings]               SyncedReadings           
2026-09-28 12:50:43.279 --Parentless.process_internal_message  path:0x00000004
2026-09-28 12:50:43.280 --Proactor<s2>.process_message  path:0x00000401
2026-09-28 12:50:43.280 ----------------------------------------------------------------------------------------
2026-09-28 12:50:44.256 
2026-09-28 12:50:44.256 ++++++++++++++++++++++++++++++++++++++++++++++++++++++++++++++++++++++++++++++++++++++++
2026-09-28 12:50:44.256 ++Proactor<s2>.process_message  [analog-temp/synced.readings]
2026-09-28 12:50:44.257   IN  internal     analog-temp to hw1.isone.me.versant.keene.maple.scada.s2     <-  [analog-temp/to/hw1.isone.me.versant.keene.maple.scada.s2/synced.readings]        SyncedReadings           
2026-09-28 12:50:44.257 ++Parentless.process_internal_message analog-temp/synced.readings
2026-09-28 12:50:44.257   OUT mqtt         analog-temp to s                                       ->  [gw/hw1-isone-me-versant-keene-maple-scada-s2/to/s/synced-readings]               SyncedReadings           
2026-09-28 12:50:44.258 --Parentless.process_internal_message  path:0x00000004
2026-09-28 12:50:44.258 --Proactor<s2>.process_message  path:0x00000401
2026-09-28 12:50:44.258 ----------------------------------------------------------------------------------------
2026-09-28 12:50:53.476 
2026-09-28 12:50:53.477 ++++++++++++++++++++++++++++++++++++++++++++++++++++++++++++++++++++++++++++++++++++++++
2026-09-28 12:50:53.478 ++Proactor<s2>.process_message  [analog-temp/synced.readings]
2026-09-28 12:50:53.478   IN  internal     analog-temp to hw1.isone.me.versant.keene.maple.scada.s2     <-  [analog-temp/to/hw1.isone.me.versant.keene.maple.scada.s2/synced.readings]        SyncedReadings           
2026-09-28 12:50:53.479 ++Parentless.process_internal_message analog-temp/synced.readings
2026-09-28 12:50:53.481   OUT mqtt         analog-temp to s                                       ->  [gw/hw1-isone-me-versant-keene-maple-scada-s2/to/s/synced-readings]               SyncedReadings           
2026-09-28 12:50:53.482 --Parentless.process_internal_message  path:0x00000004
2026-09-28 12:50:53.482 --Proactor<s2>.process_message  path:0x00000401
2026-09-28 12:50:53.483 ----------------------------------------------------------------------------------------
2026-09-28 12:50:54.677 
2026-09-28 12:50:54.678 ++++++++++++++++++++++++++++++++++++++++++++++++++++++++++++++++++++++++++++++++++++++++
2026-09-28 12:50:54.678 ++Proactor<s2>.process_message  [analog-temp/synced.readings]
2026-09-28 12:50:54.679   IN  internal     analog-temp to hw1.isone.me.versant.keene.maple.scada.s2     <-  [analog-temp/to/hw1.isone.me.versant.keene.maple.scada.s2/synced.readings]        SyncedReadings           
2026-09-28 12:50:54.680 ++Parentless.process_internal_message analog-temp/synced.readings
2026-09-28 12:50:54.681   OUT mqtt         analog-temp to s                                       ->  [gw/hw1-isone-me-versant-keene-maple-scada-s2/to/s/synced-readings]               SyncedReadings           
2026-09-28 12:50:54.682 --Parentless.process_internal_message  path:0x00000004
2026-09-28 12:50:54.683 --Proactor<s2>.process_message  path:0x00000401
2026-09-28 12:50:54.683 ----------------------------------------------------------------------------------------
2026-09-28 12:51:01.264 
2026-09-28 12:51:01.264 ++++++++++++++++++++++++++++++++++++++++++++++++++++++++++++++++++++++++++++++++++++++++
2026-09-28 12:51:01.264 ++Proactor<s2>.process_message  [analog-temp/synced.readings]
2026-09-28 12:51:01.265   IN  internal     analog-temp to hw1.isone.me.versant.keene.maple.scada.s2     <-  [analog-temp/to/hw1.isone.me.versant.keene.maple.scada.s2/synced.readings]        SyncedReadings           
2026-09-28 12:51:01.265 ++Parentless.process_internal_message analog-temp/synced.readings
2026-09-28 12:51:01.265   OUT mqtt         analog-temp to s                                       ->  [gw/hw1-isone-me-versant-keene-maple-scada-s2/to/s/synced-readings]               SyncedReadings           
2026-09-28 12:51:01.266 --Parentless.process_internal_message  path:0x00000004
2026-09-28 12:51:01.266 --Proactor<s2>.process_message  path:0x00000401
2026-09-28 12:51:01.266 ----------------------------------------------------------------------------------------
2026-09-28 12:51:02.881 
2026-09-28 12:51:02.882 ++++++++++++++++++++++++++++++++++++++++++++++++++++++++++++++++++++++++++++++++++++++++
2026-09-28 12:51:02.882 ++Proactor<s2>.process_message  [analog-temp/synced.readings]
2026-09-28 12:51:02.883   IN  internal     analog-temp to hw1.isone.me.versant.keene.maple.scada.s2     <-  [analog-temp/to/hw1.isone.me.versant.keene.maple.scada.s2/synced.readings]        SyncedReadings           
2026-09-28 12:51:02.884 ++Parentless.process_internal_message analog-temp/synced.readings
2026-09-28 12:51:02.885   OUT mqtt         analog-temp to s                                       ->  [gw/hw1-isone-me-versant-keene-maple-scada-s2/to/s/synced-readings]               SyncedReadings           
2026-09-28 12:51:02.886 --Parentless.process_internal_message  path:0x00000004
2026-09-28 12:51:02.886 --Proactor<s2>.process_message  path:0x00000401
2026-09-28 12:51:02.887 ----------------------------------------------------------------------------------------
2026-09-28 12:51:05.083 
2026-09-28 12:51:05.084 ++++++++++++++++++++++++++++++++++++++++++++++++++++++++++++++++++++++++++++++++++++++++
2026-09-28 12:51:05.084 ++Proactor<s2>.process_message  [analog-temp/synced.readings]
2026-09-28 12:51:05.085   IN  internal     analog-temp to hw1.isone.me.versant.keene.maple.scada.s2     <-  [analog-temp/to/hw1.isone.me.versant.keene.maple.scada.s2/synced.readings]        SyncedReadings           
2026-09-28 12:51:05.086 ++Parentless.process_internal_message analog-temp/synced.readings
2026-09-28 12:51:05.087   OUT mqtt         analog-temp to s                                       ->  [gw/hw1-isone-me-versant-keene-maple-scada-s2/to/s/synced-readings]               SyncedReadings           
2026-09-28 12:51:05.088 --Parentless.process_internal_message  path:0x00000004
2026-09-28 12:51:05.089 --Proactor<s2>.process_message  path:0x00000401
2026-09-28 12:51:05.090 ----------------------------------------------------------------------------------------
2026-09-28 12:51:07.885 
2026-09-28 12:51:07.886 ++++++++++++++++++++++++++++++++++++++++++++++++++++++++++++++++++++++++++++++++++++++++
2026-09-28 12:51:07.886 ++Proactor<s2>.process_message  [analog-temp/synced.readings]
2026-09-28 12:51:07.886   IN  internal     analog-temp to hw1.isone.me.versant.keene.maple.scada.s2     <-  [analog-temp/to/hw1.isone.me.versant.keene.maple.scada.s2/synced.readings]        SyncedReadings           
2026-09-28 12:51:07.887 ++Parentless.process_internal_message analog-temp/synced.readings
2026-09-28 12:51:07.888   OUT mqtt         analog-temp to s                                       ->  [gw/hw1-isone-me-versant-keene-maple-scada-s2/to/s/synced-readings]               SyncedReadings           
2026-09-28 12:51:07.889 --Parentless.process_internal_message  path:0x00000004
2026-09-28 12:51:07.889 --Proactor<s2>.process_message  path:0x00000401
2026-09-28 12:51:07.890 ----------------------------------------------------------------------------------------
2026-09-28 12:51:09.669 
2026-09-28 12:51:09.670 ++++++++++++++++++++++++++++++++++++++++++++++++++++++++++++++++++++++++++++++++++++++++
2026-09-28 12:51:09.670 ++Proactor<s2>.process_message  [analog-temp/synced.readings]
2026-09-28 12:51:09.670   IN  internal     analog-temp to hw1.isone.me.versant.keene.maple.scada.s2     <-  [analog-temp/to/hw1.isone.me.versant.keene.maple.scada.s2/synced.readings]        SyncedReadings           
2026-09-28 12:51:09.670 ++Parentless.process_internal_message analog-temp/synced.readings
2026-09-28 12:51:09.671   OUT mqtt         analog-temp to s                                       ->  [gw/hw1-isone-me-versant-keene-maple-scada-s2/to/s/synced-readings]               SyncedReadings           
2026-09-28 12:51:09.672 --Parentless.process_internal_message  path:0x00000004
2026-09-28 12:51:09.672 --Proactor<s2>.process_message  path:0x00000401
2026-09-28 12:51:09.672 ----------------------------------------------------------------------------------------
2026-09-28 12:51:15.288 
2026-09-28 12:51:15.289 ++++++++++++++++++++++++++++++++++++++++++++++++++++++++++++++++++++++++++++++++++++++++
2026-09-28 12:51:15.290 ++Proactor<s2>.process_message  [analog-temp/synced.readings]
2026-09-28 12:51:15.290   IN  internal     analog-temp to hw1.isone.me.versant.keene.maple.scada.s2     <-  [analog-temp/to/hw1.isone.me.versant.keene.maple.scada.s2/synced.readings]        SyncedReadings           
2026-09-28 12:51:15.291 ++Parentless.process_internal_message analog-temp/synced.readings
2026-09-28 12:51:15.292   OUT mqtt         analog-temp to s                                       ->  [gw/hw1-isone-me-versant-keene-maple-scada-s2/to/s/synced-readings]               SyncedReadings           
2026-09-28 12:51:15.293 --Parentless.process_internal_message  path:0x00000004
2026-09-28 12:51:15.294 --Proactor<s2>.process_message  path:0x00000401
2026-09-28 12:51:15.295 ----------------------------------------------------------------------------------------
2026-09-28 12:51:16.489 
2026-09-28 12:51:16.490 ++++++++++++++++++++++++++++++++++++++++++++++++++++++++++++++++++++++++++++++++++++++++
2026-09-28 12:51:16.490 ++Proactor<s2>.process_message  [analog-temp/synced.readings]
2026-09-28 12:51:16.491   IN  internal     analog-temp to hw1.isone.me.versant.keene.maple.scada.s2     <-  [analog-temp/to/hw1.isone.me.versant.keene.maple.scada.s2/synced.readings]        SyncedReadings           
2026-09-28 12:51:16.492 ++Parentless.process_internal_message analog-temp/synced.readings
2026-09-28 12:51:16.493   OUT mqtt         analog-temp to s                                       ->  [gw/hw1-isone-me-versant-keene-maple-scada-s2/to/s/synced-readings]               SyncedReadings           
2026-09-28 12:51:16.494 --Parentless.process_internal_message  path:0x00000004
2026-09-28 12:51:16.495 --Proactor<s2>.process_message  path:0x00000401
2026-09-28 12:51:16.495 ----------------------------------------------------------------------------------------
2026-09-28 12:51:19.090 
2026-09-28 12:51:19.091 ++++++++++++++++++++++++++++++++++++++++++++++++++++++++++++++++++++++++++++++++++++++++
2026-09-28 12:51:19.091 ++Proactor<s2>.process_message  [analog-temp/synced.readings]
2026-09-28 12:51:19.092   IN  internal     analog-temp to hw1.isone.me.versant.keene.maple.scada.s2     <-  [analog-temp/to/hw1.isone.me.versant.keene.maple.scada.s2/synced.readings]        SyncedReadings           
2026-09-28 12:51:19.093 ++Parentless.process_internal_message analog-temp/synced.readings
2026-09-28 12:51:19.094   OUT mqtt         analog-temp to s                                       ->  [gw/hw1-isone-me-versant-keene-maple-scada-s2/to/s/synced-readings]               SyncedReadings           
2026-09-28 12:51:19.095 --Parentless.process_internal_message  path:0x00000004
2026-09-28 12:51:19.096 --Proactor<s2>.process_message  path:0x00000401
2026-09-28 12:51:19.096 ----------------------------------------------------------------------------------------
2026-09-28 12:51:20.436 
2026-09-28 12:51:20.436 ++++++++++++++++++++++++++++++++++++++++++++++++++++++++++++++++++++++++++++++++++++++++
2026-09-28 12:51:20.436 ++Proactor<s2>.process_message  [zone2-bedroom-stat/synced.readings]
2026-09-28 12:51:20.437   IN  internal     zone2-bedroom-stat to hw1.isone.me.versant.keene.maple.scada.s2     <-  [zone2-bedroom-stat/to/hw1.isone.me.versant.keene.maple.scada.s2/synced.readings]  SyncedReadings           
2026-09-28 12:51:20.437 ++Parentless.process_internal_message zone2-bedroom-stat/synced.readings
2026-09-28 12:51:20.438   OUT mqtt         zone2-bedroom-stat to s                                ->  [gw/hw1-isone-me-versant-keene-maple-scada-s2/to/s/synced-readings]               SyncedReadings           
2026-09-28 12:51:20.438 --Parentless.process_internal_message  path:0x00000004
2026-09-28 12:51:20.438 --Proactor<s2>.process_message  path:0x00000401
2026-09-28 12:51:20.438 ----------------------------------------------------------------------------------------
2026-09-28 12:51:20.590 
2026-09-28 12:51:20.590 ++++++++++++++++++++++++++++++++++++++++++++++++++++++++++++++++++++++++++++++++++++++++
2026-09-28 12:51:20.590 ++Proactor<s2>.process_message  [zone1-living-rm-stat/synced.readings]
2026-09-28 12:51:20.591   IN  internal     zone1-living-rm-stat to hw1.isone.me.versant.keene.maple.scada.s2     <-  [zone1-living-rm-stat/to/hw1.isone.me.versant.keene.maple.scada.s2/synced.readings]  SyncedReadings           
2026-09-28 12:51:20.591 ++Parentless.process_internal_message zone1-living-rm-stat/synced.readings
2026-09-28 12:51:20.592   OUT mqtt         zone1-living-rm-stat to s                              ->  [gw/hw1-isone-me-versant-keene-maple-scada-s2/to/s/synced-readings]               SyncedReadings           
2026-09-28 12:51:20.592 --Parentless.process_internal_message  path:0x00000004
2026-09-28 12:51:20.592 --Proactor<s2>.process_message  path:0x00000401
2026-09-28 12:51:20.592 ----------------------------------------------------------------------------------------
2026-09-28 12:51:20.675 
2026-09-28 12:51:20.676 ++++++++++++++++++++++++++++++++++++++++++++++++++++++++++++++++++++++++++++++++++++++++
2026-09-28 12:51:20.676 ++Proactor<s2>.process_message  [analog-temp/synced.readings]
2026-09-28 12:51:20.676   IN  internal     analog-temp to hw1.isone.me.versant.keene.maple.scada.s2     <-  [analog-temp/to/hw1.isone.me.versant.keene.maple.scada.s2/synced.readings]        SyncedReadings           
2026-09-28 12:51:20.676 ++Parentless.process_internal_message analog-temp/synced.readings
2026-09-28 12:51:20.677   OUT mqtt         analog-temp to s                                       ->  [gw/hw1-isone-me-versant-keene-maple-scada-s2/to/s/synced-readings]               SyncedReadings           
2026-09-28 12:51:20.677 --Parentless.process_internal_message  path:0x00000004
2026-09-28 12:51:20.678 --Proactor<s2>.process_message  path:0x00000401
2026-09-28 12:51:20.678 ----------------------------------------------------------------------------------------
2026-09-28 12:51:23.676 
2026-09-28 12:51:23.676 ++++++++++++++++++++++++++++++++++++++++++++++++++++++++++++++++++++++++++++++++++++++++
2026-09-28 12:51:23.676 ++Proactor<s2>.process_message  [analog-temp/synced.readings]
2026-09-28 12:51:23.677   IN  internal     analog-temp to hw1.isone.me.versant.keene.maple.scada.s2     <-  [analog-temp/to/hw1.isone.me.versant.keene.maple.scada.s2/synced.readings]        SyncedReadings           
2026-09-28 12:51:23.677 ++Parentless.process_internal_message analog-temp/synced.readings
2026-09-28 12:51:23.677   OUT mqtt         analog-temp to s                                       ->  [gw/hw1-isone-me-versant-keene-maple-scada-s2/to/s/synced-readings]               SyncedReadings           
2026-09-28 12:51:23.678 --Parentless.process_internal_message  path:0x00000004
2026-09-28 12:51:23.678 --Proactor<s2>.process_message  path:0x00000401
2026-09-28 12:51:23.678 ----------------------------------------------------------------------------------------
2026-09-28 12:51:26.295 
2026-09-28 12:51:26.296 ++++++++++++++++++++++++++++++++++++++++++++++++++++++++++++++++++++++++++++++++++++++++
2026-09-28 12:51:26.296 ++Proactor<s2>.process_message  [analog-temp/synced.readings]
2026-09-28 12:51:26.297   IN  internal     analog-temp to hw1.isone.me.versant.keene.maple.scada.s2     <-  [analog-temp/to/hw1.isone.me.versant.keene.maple.scada.s2/synced.readings]        SyncedReadings           
2026-09-28 12:51:26.297 ++Parentless.process_internal_message analog-temp/synced.readings
2026-09-28 12:51:26.299   OUT mqtt         analog-temp to s                                       ->  [gw/hw1-isone-me-versant-keene-maple-scada-s2/to/s/synced-readings]               SyncedReadings           
2026-09-28 12:51:26.300 --Parentless.process_internal_message  path:0x00000004
2026-09-28 12:51:26.300 --Proactor<s2>.process_message  path:0x00000401
2026-09-28 12:51:26.301 ----------------------------------------------------------------------------------------
2026-09-28 12:51:27.081 
2026-09-28 12:51:27.082 ++++++++++++++++++++++++++++++++++++++++++++++++++++++++++++++++++++++++++++++++++++++++
2026-09-28 12:51:27.083 ++Proactor<s2>.process_message  [gridworks-ping]
2026-09-28 12:51:27.083 ++Proactor<s2>._process_mqtt_message mqtt_clients/mqtt_message
2026-09-28 12:51:27.085   IN  mqtt         hw1.isone.me.versant.keene.maple.scada to s2           <-  [gw/hw1-isone-me-versant-keene-maple-scada/to/s2/gridworks-ping]                  Ping                      5455533b...
2026-09-28 12:51:27.086   OUT mqtt         hw1.isone.me.versant.keene.maple.scada.s2 to s         ->  [gw/hw1-isone-me-versant-keene-maple-scada-s2/to/s/gridworks-ack]                 Ack                       5455533b...
2026-09-28 12:51:27.088 --Proactor<s2>._process_mqtt_message:1  path:0x00000223
2026-09-28 12:51:27.088 --Proactor<s2>.process_message  path:0x00000002
2026-09-28 12:51:27.089 ----------------------------------------------------------------------------------------
2026-09-28 12:51:29.895 
2026-09-28 12:51:29.895 ++++++++++++++++++++++++++++++++++++++++++++++++++++++++++++++++++++++++++++++++++++++++
2026-09-28 12:51:29.896 ++Proactor<s2>.process_message  [analog-temp/synced.readings]
2026-09-28 12:51:29.896   IN  internal     analog-temp to hw1.isone.me.versant.keene.maple.scada.s2     <-  [analog-temp/to/hw1.isone.me.versant.keene.maple.scada.s2/synced.readings]        SyncedReadings           
2026-09-28 12:51:29.897 ++Parentless.process_internal_message analog-temp/synced.readings
2026-09-28 12:51:29.898   OUT mqtt         analog-temp to s                                       ->  [gw/hw1-isone-me-versant-keene-maple-scada-s2/to/s/synced-readings]               SyncedReadings           
2026-09-28 12:51:29.899 --Parentless.process_internal_message  path:0x00000004
2026-09-28 12:51:29.900 --Proactor<s2>.process_message  path:0x00000401
2026-09-28 12:51:29.900 ----------------------------------------------------------------------------------------
2026-09-28 12:51:45.304 
2026-09-28 12:51:45.305 ++++++++++++++++++++++++++++++++++++++++++++++++++++++++++++++++++++++++++++++++++++++++
2026-09-28 12:51:45.305 ++Proactor<s2>.process_message  [analog-temp/synced.readings]
2026-09-28 12:51:45.306   IN  internal     analog-temp to hw1.isone.me.versant.keene.maple.scada.s2     <-  [analog-temp/to/hw1.isone.me.versant.keene.maple.scada.s2/synced.readings]        SyncedReadings           
2026-09-28 12:51:45.307 ++Parentless.process_internal_message analog-temp/synced.readings
2026-09-28 12:51:45.308   OUT mqtt         analog-temp to s                                       ->  [gw/hw1-isone-me-versant-keene-maple-scada-s2/to/s/synced-readings]               SyncedReadings           
2026-09-28 12:51:45.309 --Parentless.process_internal_message  path:0x00000004
2026-09-28 12:51:45.309 --Proactor<s2>.process_message  path:0x00000401
2026-09-28 12:51:45.310 ----------------------------------------------------------------------------------------
2026-09-28 12:51:45.703 
2026-09-28 12:51:45.704 ++++++++++++++++++++++++++++++++++++++++++++++++++++++++++++++++++++++++++++++++++++++++
2026-09-28 12:51:45.704 ++Proactor<s2>.process_message  [analog-temp/synced.readings]
2026-09-28 12:51:45.705   IN  internal     analog-temp to hw1.isone.me.versant.keene.maple.scada.s2     <-  [analog-temp/to/hw1.isone.me.versant.keene.maple.scada.s2/synced.readings]        SyncedReadings           
2026-09-28 12:51:45.706 ++Parentless.process_internal_message analog-temp/synced.readings
2026-09-28 12:51:45.707   OUT mqtt         analog-temp to s                                       ->  [gw/hw1-isone-me-versant-keene-maple-scada-s2/to/s/synced-readings]               SyncedReadings           
2026-09-28 12:51:45.708 --Parentless.process_internal_message  path:0x00000004
2026-09-28 12:51:45.708 --Proactor<s2>.process_message  path:0x00000401
2026-09-28 12:51:45.709 ----------------------------------------------------------------------------------------
2026-09-28 12:51:46.889 
2026-09-28 12:51:46.889 ++++++++++++++++++++++++++++++++++++++++++++++++++++++++++++++++++++++++++++++++++++++++
2026-09-28 12:51:46.889 ++Proactor<s2>.process_message  [analog-temp/synced.readings]
2026-09-28 12:51:46.890   IN  internal     analog-temp to hw1.isone.me.versant.keene.maple.scada.s2     <-  [analog-temp/to/hw1.isone.me.versant.keene.maple.scada.s2/synced.readings]        SyncedReadings           
2026-09-28 12:51:46.890 ++Parentless.process_internal_message analog-temp/synced.readings
2026-09-28 12:51:46.891   OUT mqtt         analog-temp to s                                       ->  [gw/hw1-isone-me-versant-keene-maple-scada-s2/to/s/synced-readings]               SyncedReadings           
2026-09-28 12:51:46.891 --Parentless.process_internal_message  path:0x00000004
2026-09-28 12:51:46.891 --Proactor<s2>.process_message  path:0x00000401
2026-09-28 12:51:46.891 ----------------------------------------------------------------------------------------
2026-09-28 12:52:00.700 
2026-09-28 12:52:00.701 ++++++++++++++++++++++++++++++++++++++++++++++++++++++++++++++++++++++++++++++++++++++++
2026-09-28 12:52:00.701 ++Proactor<s2>.process_message  [analog-temp/synced.readings]
2026-09-28 12:52:00.701   IN  internal     analog-temp to hw1.isone.me.versant.keene.maple.scada.s2     <-  [analog-temp/to/hw1.isone.me.versant.keene.maple.scada.s2/synced.readings]        SyncedReadings           
2026-09-28 12:52:00.702 ++Parentless.process_internal_message analog-temp/synced.readings
2026-09-28 12:52:00.702   OUT mqtt         analog-temp to s                                       ->  [gw/hw1-isone-me-versant-keene-maple-scada-s2/to/s/synced-readings]               SyncedReadings           
2026-09-28 12:52:00.703 --Parentless.process_internal_message  path:0x00000004
2026-09-28 12:52:00.703 --Proactor<s2>.process_message  path:0x00000401
2026-09-28 12:52:00.704 ----------------------------------------------------------------------------------------
2026-09-28 12:52:01.696 
2026-09-28 12:52:01.696 ++++++++++++++++++++++++++++++++++++++++++++++++++++++++++++++++++++++++++++++++++++++++
2026-09-28 12:52:01.697 ++Proactor<s2>.process_message  [analog-temp/synced.readings]
2026-09-28 12:52:01.697   IN  internal     analog-temp to hw1.isone.me.versant.keene.maple.scada.s2     <-  [analog-temp/to/hw1.isone.me.versant.keene.maple.scada.s2/synced.readings]        SyncedReadings           
2026-09-28 12:52:01.697 ++Parentless.process_internal_message analog-temp/synced.readings
2026-09-28 12:52:01.698   OUT mqtt         analog-temp to s                                       ->  [gw/hw1-isone-me-versant-keene-maple-scada-s2/to/s/synced-readings]               SyncedReadings           
2026-09-28 12:52:01.698 --Parentless.process_internal_message  path:0x00000004
2026-09-28 12:52:01.698 --Proactor<s2>.process_message  path:0x00000401
2026-09-28 12:52:01.699 ----------------------------------------------------------------------------------------
2026-09-28 12:52:13.311 
2026-09-28 12:52:13.312 ++++++++++++++++++++++++++++++++++++++++++++++++++++++++++++++++++++++++++++++++++++++++
2026-09-28 12:52:13.312 ++Proactor<s2>.process_message  [analog-temp/synced.readings]
2026-09-28 12:52:13.312   IN  internal     analog-temp to hw1.isone.me.versant.keene.maple.scada.s2     <-  [analog-temp/to/hw1.isone.me.versant.keene.maple.scada.s2/synced.readings]        SyncedReadings           
2026-09-28 12:52:13.313 ++Parentless.process_internal_message analog-temp/synced.readings
2026-09-28 12:52:13.314   OUT mqtt         analog-temp to s                                       ->  [gw/hw1-isone-me-versant-keene-maple-scada-s2/to/s/synced-readings]               SyncedReadings           
2026-09-28 12:52:13.314 --Parentless.process_internal_message  path:0x00000004
2026-09-28 12:52:13.315 --Proactor<s2>.process_message  path:0x00000401
2026-09-28 12:52:13.315 ----------------------------------------------------------------------------------------
2026-09-28 12:52:14.120 
2026-09-28 12:52:14.121 ++++++++++++++++++++++++++++++++++++++++++++++++++++++++++++++++++++++++++++++++++++++++
2026-09-28 12:52:14.121 ++Proactor<s2>.process_message  [analog-temp/synced.readings]
2026-09-28 12:52:14.122   IN  internal     analog-temp to hw1.isone.me.versant.keene.maple.scada.s2     <-  [analog-temp/to/hw1.isone.me.versant.keene.maple.scada.s2/synced.readings]        SyncedReadings           
2026-09-28 12:52:14.123 ++Parentless.process_internal_message analog-temp/synced.readings
2026-09-28 12:52:14.124   OUT mqtt         analog-temp to s                                       ->  [gw/hw1-isone-me-versant-keene-maple-scada-s2/to/s/synced-readings]               SyncedReadings           
2026-09-28 12:52:14.125 --Parentless.process_internal_message  path:0x00000004
2026-09-28 12:52:14.126 --Proactor<s2>.process_message  path:0x00000401
2026-09-28 12:52:14.126 ----------------------------------------------------------------------------------------
2026-09-28 12:52:27.665 
2026-09-28 12:52:27.665 ++++++++++++++++++++++++++++++++++++++++++++++++++++++++++++++++++++++++++++++++++++++++
2026-09-28 12:52:27.666 ++Proactor<s2>.process_message  [gridworks-ping]
2026-09-28 12:52:27.667 ++Proactor<s2>._process_mqtt_message mqtt_clients/mqtt_message
2026-09-28 12:52:27.668   IN  mqtt         hw1.isone.me.versant.keene.maple.scada to s2           <-  [gw/hw1-isone-me-versant-keene-maple-scada/to/s2/gridworks-ping]                  Ping                      7219a59f...
2026-09-28 12:52:27.670   OUT mqtt         hw1.isone.me.versant.keene.maple.scada.s2 to s         ->  [gw/hw1-isone-me-versant-keene-maple-scada-s2/to/s/gridworks-ack]                 Ack                       7219a59f...
2026-09-28 12:52:27.671 --Proactor<s2>._process_mqtt_message:1  path:0x00000223
2026-09-28 12:52:27.673 --Proactor<s2>.process_message  path:0x00000002
2026-09-28 12:52:27.673 ----------------------------------------------------------------------------------------
2026-09-28 12:52:27.729 
2026-09-28 12:52:27.730 ++++++++++++++++++++++++++++++++++++++++++++++++++++++++++++++++++++++++++++++++++++++++
2026-09-28 12:52:27.730 ++Proactor<s2>.process_message  [analog-temp/synced.readings]
2026-09-28 12:52:27.731   IN  internal     analog-temp to hw1.isone.me.versant.keene.maple.scada.s2     <-  [analog-temp/to/hw1.isone.me.versant.keene.maple.scada.s2/synced.readings]        SyncedReadings           
2026-09-28 12:52:27.732 ++Parentless.process_internal_message analog-temp/synced.readings
2026-09-28 12:52:27.733   OUT mqtt         analog-temp to s                                       ->  [gw/hw1-isone-me-versant-keene-maple-scada-s2/to/s/synced-readings]               SyncedReadings           
2026-09-28 12:52:27.734 --Parentless.process_internal_message  path:0x00000004
2026-09-28 12:52:27.735 --Proactor<s2>.process_message  path:0x00000401
2026-09-28 12:52:27.735 ----------------------------------------------------------------------------------------
2026-09-28 12:52:30.114 
2026-09-28 12:52:30.114 ++++++++++++++++++++++++++++++++++++++++++++++++++++++++++++++++++++++++++++++++++++++++
2026-09-28 12:52:30.114 ++Proactor<s2>.process_message  [analog-temp/synced.readings]
2026-09-28 12:52:30.115   IN  internal     analog-temp to hw1.isone.me.versant.keene.maple.scada.s2     <-  [analog-temp/to/hw1.isone.me.versant.keene.maple.scada.s2/synced.readings]        SyncedReadings           
2026-09-28 12:52:30.115 ++Parentless.process_internal_message analog-temp/synced.readings
2026-09-28 12:52:30.116   OUT mqtt         analog-temp to s                                       ->  [gw/hw1-isone-me-versant-keene-maple-scada-s2/to/s/synced-readings]               SyncedReadings           
2026-09-28 12:52:30.116 --Parentless.process_internal_message  path:0x00000004
2026-09-28 12:52:30.116 --Proactor<s2>.process_message  path:0x00000401
2026-09-28 12:52:30.116 ----------------------------------------------------------------------------------------
2026-09-28 12:52:42.321 
2026-09-28 12:52:42.321 ++++++++++++++++++++++++++++++++++++++++++++++++++++++++++++++++++++++++++++++++++++++++
2026-09-28 12:52:42.321 ++Proactor<s2>.process_message  [analog-temp/synced.readings]
2026-09-28 12:52:42.322   IN  internal     analog-temp to hw1.isone.me.versant.keene.maple.scada.s2     <-  [analog-temp/to/hw1.isone.me.versant.keene.maple.scada.s2/synced.readings]        SyncedReadings           
2026-09-28 12:52:42.322 ++Parentless.process_internal_message analog-temp/synced.readings
2026-09-28 12:52:42.323   OUT mqtt         analog-temp to s                                       ->  [gw/hw1-isone-me-versant-keene-maple-scada-s2/to/s/synced-readings]               SyncedReadings           
2026-09-28 12:52:42.324 --Parentless.process_internal_message  path:0x00000004
2026-09-28 12:52:42.324 --Proactor<s2>.process_message  path:0x00000401
2026-09-28 12:52:42.325 ----------------------------------------------------------------------------------------
2026-09-28 12:52:43.519 
2026-09-28 12:52:43.519 ++++++++++++++++++++++++++++++++++++++++++++++++++++++++++++++++++++++++++++++++++++++++
2026-09-28 12:52:43.519 ++Proactor<s2>.process_message  [analog-temp/synced.readings]
2026-09-28 12:52:43.520   IN  internal     analog-temp to hw1.isone.me.versant.keene.maple.scada.s2     <-  [analog-temp/to/hw1.isone.me.versant.keene.maple.scada.s2/synced.readings]        SyncedReadings           
2026-09-28 12:52:43.520 ++Parentless.process_internal_message analog-temp/synced.readings
2026-09-28 12:52:43.520   OUT mqtt         analog-temp to s                                       ->  [gw/hw1-isone-me-versant-keene-maple-scada-s2/to/s/synced-readings]               SyncedReadings           
2026-09-28 12:52:43.521 --Parentless.process_internal_message  path:0x00000004
2026-09-28 12:52:43.521 --Proactor<s2>.process_message  path:0x00000401
2026-09-28 12:52:43.521 ----------------------------------------------------------------------------------------
2026-09-28 12:52:51.339 
2026-09-28 12:52:51.340 ++++++++++++++++++++++++++++++++++++++++++++++++++++++++++++++++++++++++++++++++++++++++
2026-09-28 12:52:51.340 ++Proactor<s2>.process_message  [analog-temp/synced.readings]
2026-09-28 12:52:51.341   IN  internal     analog-temp to hw1.isone.me.versant.keene.maple.scada.s2     <-  [analog-temp/to/hw1.isone.me.versant.keene.maple.scada.s2/synced.readings]        SyncedReadings           
2026-09-28 12:52:51.342 ++Parentless.process_internal_message analog-temp/synced.readings
2026-09-28 12:52:51.343   OUT mqtt         analog-temp to s                                       ->  [gw/hw1-isone-me-versant-keene-maple-scada-s2/to/s/synced-readings]               SyncedReadings           
2026-09-28 12:52:51.344 --Parentless.process_internal_message  path:0x00000004
2026-09-28 12:52:51.345 --Proactor<s2>.process_message  path:0x00000401
2026-09-28 12:52:51.346 ----------------------------------------------------------------------------------------
2026-09-28 12:52:53.941 
2026-09-28 12:52:53.944 ++++++++++++++++++++++++++++++++++++++++++++++++++++++++++++++++++++++++++++++++++++++++
2026-09-28 12:52:53.944 ++Proactor<s2>.process_message  [analog-temp/synced.readings]
2026-09-28 12:52:53.945   IN  internal     analog-temp to hw1.isone.me.versant.keene.maple.scada.s2     <-  [analog-temp/to/hw1.isone.me.versant.keene.maple.scada.s2/synced.readings]        SyncedReadings           
2026-09-28 12:52:53.946 ++Parentless.process_internal_message analog-temp/synced.readings
2026-09-28 12:52:53.947   OUT mqtt         analog-temp to s                                       ->  [gw/hw1-isone-me-versant-keene-maple-scada-s2/to/s/synced-readings]               SyncedReadings           
2026-09-28 12:52:53.948 --Parentless.process_internal_message  path:0x00000004
2026-09-28 12:52:53.949 --Proactor<s2>.process_message  path:0x00000401
2026-09-28 12:52:53.949 ----------------------------------------------------------------------------------------
2026-09-28 12:52:54.926 
2026-09-28 12:52:54.927 ++++++++++++++++++++++++++++++++++++++++++++++++++++++++++++++++++++++++++++++++++++++++
2026-09-28 12:52:54.927 ++Proactor<s2>.process_message  [analog-temp/synced.readings]
2026-09-28 12:52:54.927   IN  internal     analog-temp to hw1.isone.me.versant.keene.maple.scada.s2     <-  [analog-temp/to/hw1.isone.me.versant.keene.maple.scada.s2/synced.readings]        SyncedReadings           
2026-09-28 12:52:54.927 ++Parentless.process_internal_message analog-temp/synced.readings
2026-09-28 12:52:54.928   OUT mqtt         analog-temp to s                                       ->  [gw/hw1-isone-me-versant-keene-maple-scada-s2/to/s/synced-readings]               SyncedReadings           
2026-09-28 12:52:54.928 --Parentless.process_internal_message  path:0x00000004
2026-09-28 12:52:54.929 --Proactor<s2>.process_message  path:0x00000401
2026-09-28 12:52:54.929 ----------------------------------------------------------------------------------------
2026-09-28 12:52:55.726 
2026-09-28 12:52:55.726 ++++++++++++++++++++++++++++++++++++++++++++++++++++++++++++++++++++++++++++++++++++++++
2026-09-28 12:52:55.726 ++Proactor<s2>.process_message  [analog-temp/synced.readings]
2026-09-28 12:52:55.727   IN  internal     analog-temp to hw1.isone.me.versant.keene.maple.scada.s2     <-  [analog-temp/to/hw1.isone.me.versant.keene.maple.scada.s2/synced.readings]        SyncedReadings           
2026-09-28 12:52:55.727 ++Parentless.process_internal_message analog-temp/synced.readings
2026-09-28 12:52:55.728   OUT mqtt         analog-temp to s                                       ->  [gw/hw1-isone-me-versant-keene-maple-scada-s2/to/s/synced-readings]               SyncedReadings           
2026-09-28 12:52:55.728 --Parentless.process_internal_message  path:0x00000004
2026-09-28 12:52:55.728 --Proactor<s2>.process_message  path:0x00000401
2026-09-28 12:52:55.728 ----------------------------------------------------------------------------------------
2026-09-28 12:52:55.926 
2026-09-28 12:52:55.926 ++++++++++++++++++++++++++++++++++++++++++++++++++++++++++++++++++++++++++++++++++++++++
2026-09-28 12:52:55.926 ++Proactor<s2>.process_message  [analog-temp/synced.readings]
2026-09-28 12:52:55.926   IN  internal     analog-temp to hw1.isone.me.versant.keene.maple.scada.s2     <-  [analog-temp/to/hw1.isone.me.versant.keene.maple.scada.s2/synced.readings]        SyncedReadings           
2026-09-28 12:52:55.927 ++Parentless.process_internal_message analog-temp/synced.readings
2026-09-28 12:52:55.927   OUT mqtt         analog-temp to s                                       ->  [gw/hw1-isone-me-versant-keene-maple-scada-s2/to/s/synced-readings]               SyncedReadings           
2026-09-28 12:52:55.928 --Parentless.process_internal_message  path:0x00000004
2026-09-28 12:52:55.928 --Proactor<s2>.process_message  path:0x00000401
2026-09-28 12:52:55.928 ----------------------------------------------------------------------------------------
2026-09-28 12:52:57.727 
2026-09-28 12:52:57.727 ++++++++++++++++++++++++++++++++++++++++++++++++++++++++++++++++++++++++++++++++++++++++
2026-09-28 12:52:57.727 ++Proactor<s2>.process_message  [analog-temp/synced.readings]
2026-09-28 12:52:57.727   IN  internal     analog-temp to hw1.isone.me.versant.keene.maple.scada.s2     <-  [analog-temp/to/hw1.isone.me.versant.keene.maple.scada.s2/synced.readings]        SyncedReadings           
2026-09-28 12:52:57.728 ++Parentless.process_internal_message analog-temp/synced.readings
2026-09-28 12:52:57.728   OUT mqtt         analog-temp to s                                       ->  [gw/hw1-isone-me-versant-keene-maple-scada-s2/to/s/synced-readings]               SyncedReadings           
2026-09-28 12:52:57.729 --Parentless.process_internal_message  path:0x00000004
2026-09-28 12:52:57.729 --Proactor<s2>.process_message  path:0x00000401
2026-09-28 12:52:57.729 ----------------------------------------------------------------------------------------
2026-09-28 12:52:59.943 
2026-09-28 12:52:59.950 ++++++++++++++++++++++++++++++++++++++++++++++++++++++++++++++++++++++++++++++++++++++++
2026-09-28 12:52:59.951 ++Proactor<s2>.process_message  [analog-temp/synced.readings]
2026-09-28 12:52:59.952   IN  internal     analog-temp to hw1.isone.me.versant.keene.maple.scada.s2     <-  [analog-temp/to/hw1.isone.me.versant.keene.maple.scada.s2/synced.readings]        SyncedReadings           
2026-09-28 12:52:59.952 ++Parentless.process_internal_message analog-temp/synced.readings
2026-09-28 12:52:59.954   OUT mqtt         analog-temp to s                                       ->  [gw/hw1-isone-me-versant-keene-maple-scada-s2/to/s/synced-readings]               SyncedReadings           
2026-09-28 12:52:59.955 --Parentless.process_internal_message  path:0x00000004
2026-09-28 12:52:59.956 --Proactor<s2>.process_message  path:0x00000401
2026-09-28 12:52:59.956 ----------------------------------------------------------------------------------------
2026-09-28 12:53:01.145 
2026-09-28 12:53:01.145 ++++++++++++++++++++++++++++++++++++++++++++++++++++++++++++++++++++++++++++++++++++++++
2026-09-28 12:53:01.146 ++Proactor<s2>.process_message  [analog-temp/synced.readings]
2026-09-28 12:53:01.147   IN  internal     analog-temp to hw1.isone.me.versant.keene.maple.scada.s2     <-  [analog-temp/to/hw1.isone.me.versant.keene.maple.scada.s2/synced.readings]        SyncedReadings           
2026-09-28 12:53:01.147 ++Parentless.process_internal_message analog-temp/synced.readings
2026-09-28 12:53:01.149   OUT mqtt         analog-temp to s                                       ->  [gw/hw1-isone-me-versant-keene-maple-scada-s2/to/s/synced-readings]               SyncedReadings           
2026-09-28 12:53:01.150 --Parentless.process_internal_message  path:0x00000004
2026-09-28 12:53:01.150 --Proactor<s2>.process_message  path:0x00000401
2026-09-28 12:53:01.151 ----------------------------------------------------------------------------------------
2026-09-28 12:53:02.347 
2026-09-28 12:53:02.348 ++++++++++++++++++++++++++++++++++++++++++++++++++++++++++++++++++++++++++++++++++++++++
2026-09-28 12:53:02.348 ++Proactor<s2>.process_message  [analog-temp/synced.readings]
2026-09-28 12:53:02.349   IN  internal     analog-temp to hw1.isone.me.versant.keene.maple.scada.s2     <-  [analog-temp/to/hw1.isone.me.versant.keene.maple.scada.s2/synced.readings]        SyncedReadings           
2026-09-28 12:53:02.349 ++Parentless.process_internal_message analog-temp/synced.readings
2026-09-28 12:53:02.351   OUT mqtt         analog-temp to s                                       ->  [gw/hw1-isone-me-versant-keene-maple-scada-s2/to/s/synced-readings]               SyncedReadings           
2026-09-28 12:53:02.352 --Parentless.process_internal_message  path:0x00000004
2026-09-28 12:53:02.352 --Proactor<s2>.process_message  path:0x00000401
2026-09-28 12:53:02.353 ----------------------------------------------------------------------------------------
2026-09-28 12:53:04.146 
2026-09-28 12:53:04.147 ++++++++++++++++++++++++++++++++++++++++++++++++++++++++++++++++++++++++++++++++++++++++
2026-09-28 12:53:04.148 ++Proactor<s2>.process_message  [analog-temp/synced.readings]
2026-09-28 12:53:04.148   IN  internal     analog-temp to hw1.isone.me.versant.keene.maple.scada.s2     <-  [analog-temp/to/hw1.isone.me.versant.keene.maple.scada.s2/synced.readings]        SyncedReadings           
2026-09-28 12:53:04.149 ++Parentless.process_internal_message analog-temp/synced.readings
2026-09-28 12:53:04.150   OUT mqtt         analog-temp to s                                       ->  [gw/hw1-isone-me-versant-keene-maple-scada-s2/to/s/synced-readings]               SyncedReadings           
2026-09-28 12:53:04.151 --Parentless.process_internal_message  path:0x00000004
2026-09-28 12:53:04.152 --Proactor<s2>.process_message  path:0x00000401
2026-09-28 12:53:04.153 ----------------------------------------------------------------------------------------
2026-09-28 12:53:04.947 
2026-09-28 12:53:04.949 ++++++++++++++++++++++++++++++++++++++++++++++++++++++++++++++++++++++++++++++++++++++++
2026-09-28 12:53:04.950 ++Proactor<s2>.process_message  [analog-temp/synced.readings]
2026-09-28 12:53:04.951   IN  internal     analog-temp to hw1.isone.me.versant.keene.maple.scada.s2     <-  [analog-temp/to/hw1.isone.me.versant.keene.maple.scada.s2/synced.readings]        SyncedReadings           
2026-09-28 12:53:04.951 ++Parentless.process_internal_message analog-temp/synced.readings
2026-09-28 12:53:04.953   OUT mqtt         analog-temp to s                                       ->  [gw/hw1-isone-me-versant-keene-maple-scada-s2/to/s/synced-readings]               SyncedReadings           
2026-09-28 12:53:04.954 --Parentless.process_internal_message  path:0x00000004
2026-09-28 12:53:04.954 --Proactor<s2>.process_message  path:0x00000401
2026-09-28 12:53:04.955 ----------------------------------------------------------------------------------------
2026-09-28 12:53:05.549 
2026-09-28 12:53:05.549 ++++++++++++++++++++++++++++++++++++++++++++++++++++++++++++++++++++++++++++++++++++++++
2026-09-28 12:53:05.550 ++Proactor<s2>.process_message  [analog-temp/synced.readings]
2026-09-28 12:53:05.550   IN  internal     analog-temp to hw1.isone.me.versant.keene.maple.scada.s2     <-  [analog-temp/to/hw1.isone.me.versant.keene.maple.scada.s2/synced.readings]        SyncedReadings           
2026-09-28 12:53:05.551 ++Parentless.process_internal_message analog-temp/synced.readings
2026-09-28 12:53:05.553   OUT mqtt         analog-temp to s                                       ->  [gw/hw1-isone-me-versant-keene-maple-scada-s2/to/s/synced-readings]               SyncedReadings           
2026-09-28 12:53:05.553 --Parentless.process_internal_message  path:0x00000004
2026-09-28 12:53:05.554 --Proactor<s2>.process_message  path:0x00000401
2026-09-28 12:53:05.555 ----------------------------------------------------------------------------------------
2026-09-28 12:53:06.347 
2026-09-28 12:53:06.348 ++++++++++++++++++++++++++++++++++++++++++++++++++++++++++++++++++++++++++++++++++++++++
2026-09-28 12:53:06.348 ++Proactor<s2>.process_message  [analog-temp/synced.readings]
2026-09-28 12:53:06.349   IN  internal     analog-temp to hw1.isone.me.versant.keene.maple.scada.s2     <-  [analog-temp/to/hw1.isone.me.versant.keene.maple.scada.s2/synced.readings]        SyncedReadings           
2026-09-28 12:53:06.349 ++Parentless.process_internal_message analog-temp/synced.readings
2026-09-28 12:53:06.351   OUT mqtt         analog-temp to s                                       ->  [gw/hw1-isone-me-versant-keene-maple-scada-s2/to/s/synced-readings]               SyncedReadings           
2026-09-28 12:53:06.352 --Parentless.process_internal_message  path:0x00000004
2026-09-28 12:53:06.352 --Proactor<s2>.process_message  path:0x00000401
2026-09-28 12:53:06.353 ----------------------------------------------------------------------------------------
2026-09-28 12:53:07.132 
2026-09-28 12:53:07.132 ++++++++++++++++++++++++++++++++++++++++++++++++++++++++++++++++++++++++++++++++++++++++
2026-09-28 12:53:07.132 ++Proactor<s2>.process_message  [analog-temp/synced.readings]
2026-09-28 12:53:07.132   IN  internal     analog-temp to hw1.isone.me.versant.keene.maple.scada.s2     <-  [analog-temp/to/hw1.isone.me.versant.keene.maple.scada.s2/synced.readings]        SyncedReadings           
2026-09-28 12:53:07.133 ++Parentless.process_internal_message analog-temp/synced.readings
2026-09-28 12:53:07.133   OUT mqtt         analog-temp to s                                       ->  [gw/hw1-isone-me-versant-keene-maple-scada-s2/to/s/synced-readings]               SyncedReadings           
2026-09-28 12:53:07.134 --Parentless.process_internal_message  path:0x00000004
2026-09-28 12:53:07.134 --Proactor<s2>.process_message  path:0x00000401
2026-09-28 12:53:07.134 ----------------------------------------------------------------------------------------
2026-09-28 12:53:07.934 
2026-09-28 12:53:07.935 ++++++++++++++++++++++++++++++++++++++++++++++++++++++++++++++++++++++++++++++++++++++++
2026-09-28 12:53:07.935 ++Proactor<s2>.process_message  [analog-temp/synced.readings]
2026-09-28 12:53:07.935   IN  internal     analog-temp to hw1.isone.me.versant.keene.maple.scada.s2     <-  [analog-temp/to/hw1.isone.me.versant.keene.maple.scada.s2/synced.readings]        SyncedReadings           
2026-09-28 12:53:07.935 ++Parentless.process_internal_message analog-temp/synced.readings
2026-09-28 12:53:07.936   OUT mqtt         analog-temp to s                                       ->  [gw/hw1-isone-me-versant-keene-maple-scada-s2/to/s/synced-readings]               SyncedReadings           
2026-09-28 12:53:07.936 --Parentless.process_internal_message  path:0x00000004
2026-09-28 12:53:07.937 --Proactor<s2>.process_message  path:0x00000401
2026-09-28 12:53:07.937 ----------------------------------------------------------------------------------------
2026-09-28 12:53:08.132 
2026-09-28 12:53:08.132 ++++++++++++++++++++++++++++++++++++++++++++++++++++++++++++++++++++++++++++++++++++++++
2026-09-28 12:53:08.132 ++Proactor<s2>.process_message  [analog-temp/synced.readings]
2026-09-28 12:53:08.133   IN  internal     analog-temp to hw1.isone.me.versant.keene.maple.scada.s2     <-  [analog-temp/to/hw1.isone.me.versant.keene.maple.scada.s2/synced.readings]        SyncedReadings           
2026-09-28 12:53:08.133 ++Parentless.process_internal_message analog-temp/synced.readings
2026-09-28 12:53:08.133   OUT mqtt         analog-temp to s                                       ->  [gw/hw1-isone-me-versant-keene-maple-scada-s2/to/s/synced-readings]               SyncedReadings           
2026-09-28 12:53:08.134 --Parentless.process_internal_message  path:0x00000004
2026-09-28 12:53:08.134 --Proactor<s2>.process_message  path:0x00000401
2026-09-28 12:53:08.134 ----------------------------------------------------------------------------------------
2026-09-28 12:53:10.333 
2026-09-28 12:53:10.339 ++++++++++++++++++++++++++++++++++++++++++++++++++++++++++++++++++++++++++++++++++++++++
2026-09-28 12:53:10.340 ++Proactor<s2>.process_message  [analog-temp/synced.readings]
2026-09-28 12:53:10.340   IN  internal     analog-temp to hw1.isone.me.versant.keene.maple.scada.s2     <-  [analog-temp/to/hw1.isone.me.versant.keene.maple.scada.s2/synced.readings]        SyncedReadings           
2026-09-28 12:53:10.340 ++Parentless.process_internal_message analog-temp/synced.readings
2026-09-28 12:53:10.341   OUT mqtt         analog-temp to s                                       ->  [gw/hw1-isone-me-versant-keene-maple-scada-s2/to/s/synced-readings]               SyncedReadings           
2026-09-28 12:53:10.341 --Parentless.process_internal_message  path:0x00000004
2026-09-28 12:53:10.341 --Proactor<s2>.process_message  path:0x00000401
2026-09-28 12:53:10.342 ----------------------------------------------------------------------------------------
2026-09-28 12:53:12.350 
2026-09-28 12:53:12.350 ++++++++++++++++++++++++++++++++++++++++++++++++++++++++++++++++++++++++++++++++++++++++
2026-09-28 12:53:12.351 ++Proactor<s2>.process_message  [analog-temp/synced.readings]
2026-09-28 12:53:12.352   IN  internal     analog-temp to hw1.isone.me.versant.keene.maple.scada.s2     <-  [analog-temp/to/hw1.isone.me.versant.keene.maple.scada.s2/synced.readings]        SyncedReadings           
2026-09-28 12:53:12.352 ++Parentless.process_internal_message analog-temp/synced.readings
2026-09-28 12:53:12.354   OUT mqtt         analog-temp to s                                       ->  [gw/hw1-isone-me-versant-keene-maple-scada-s2/to/s/synced-readings]               SyncedReadings           
2026-09-28 12:53:12.355 --Parentless.process_internal_message  path:0x00000004
2026-09-28 12:53:12.355 --Proactor<s2>.process_message  path:0x00000401
2026-09-28 12:53:12.356 ----------------------------------------------------------------------------------------
2026-09-28 12:53:12.750 
2026-09-28 12:53:12.751 ++++++++++++++++++++++++++++++++++++++++++++++++++++++++++++++++++++++++++++++++++++++++
2026-09-28 12:53:12.752 ++Proactor<s2>.process_message  [analog-temp/synced.readings]
2026-09-28 12:53:12.752   IN  internal     analog-temp to hw1.isone.me.versant.keene.maple.scada.s2     <-  [analog-temp/to/hw1.isone.me.versant.keene.maple.scada.s2/synced.readings]        SyncedReadings           
2026-09-28 12:53:12.753 ++Parentless.process_internal_message analog-temp/synced.readings
2026-09-28 12:53:12.754   OUT mqtt         analog-temp to s                                       ->  [gw/hw1-isone-me-versant-keene-maple-scada-s2/to/s/synced-readings]               SyncedReadings           
2026-09-28 12:53:12.756 --Parentless.process_internal_message  path:0x00000004
2026-09-28 12:53:12.756 --Proactor<s2>.process_message  path:0x00000401
2026-09-28 12:53:12.757 ----------------------------------------------------------------------------------------
2026-09-28 12:53:15.553 
2026-09-28 12:53:15.556 ++++++++++++++++++++++++++++++++++++++++++++++++++++++++++++++++++++++++++++++++++++++++
2026-09-28 12:53:15.556 ++Proactor<s2>.process_message  [analog-temp/synced.readings]
2026-09-28 12:53:15.557   IN  internal     analog-temp to hw1.isone.me.versant.keene.maple.scada.s2     <-  [analog-temp/to/hw1.isone.me.versant.keene.maple.scada.s2/synced.readings]        SyncedReadings           
2026-09-28 12:53:15.558 ++Parentless.process_internal_message analog-temp/synced.readings
2026-09-28 12:53:15.559   OUT mqtt         analog-temp to s                                       ->  [gw/hw1-isone-me-versant-keene-maple-scada-s2/to/s/synced-readings]               SyncedReadings           
2026-09-28 12:53:15.560 --Parentless.process_internal_message  path:0x00000004
2026-09-28 12:53:15.561 --Proactor<s2>.process_message  path:0x00000401
2026-09-28 12:53:15.561 ----------------------------------------------------------------------------------------
2026-09-28 12:53:17.553 
2026-09-28 12:53:17.553 ++++++++++++++++++++++++++++++++++++++++++++++++++++++++++++++++++++++++++++++++++++++++
2026-09-28 12:53:17.554 ++Proactor<s2>.process_message  [analog-temp/synced.readings]
2026-09-28 12:53:17.554   IN  internal     analog-temp to hw1.isone.me.versant.keene.maple.scada.s2     <-  [analog-temp/to/hw1.isone.me.versant.keene.maple.scada.s2/synced.readings]        SyncedReadings           
2026-09-28 12:53:17.555 ++Parentless.process_internal_message analog-temp/synced.readings
2026-09-28 12:53:17.556   OUT mqtt         analog-temp to s                                       ->  [gw/hw1-isone-me-versant-keene-maple-scada-s2/to/s/synced-readings]               SyncedReadings           
2026-09-28 12:53:17.557 --Parentless.process_internal_message  path:0x00000004
2026-09-28 12:53:17.558 --Proactor<s2>.process_message  path:0x00000401
2026-09-28 12:53:17.558 ----------------------------------------------------------------------------------------
2026-09-28 12:53:17.753 
2026-09-28 12:53:17.753 ++++++++++++++++++++++++++++++++++++++++++++++++++++++++++++++++++++++++++++++++++++++++
2026-09-28 12:53:17.754 ++Proactor<s2>.process_message  [analog-temp/synced.readings]
2026-09-28 12:53:17.754   IN  internal     analog-temp to hw1.isone.me.versant.keene.maple.scada.s2     <-  [analog-temp/to/hw1.isone.me.versant.keene.maple.scada.s2/synced.readings]        SyncedReadings           
2026-09-28 12:53:17.755 ++Parentless.process_internal_message analog-temp/synced.readings
2026-09-28 12:53:17.756   OUT mqtt         analog-temp to s                                       ->  [gw/hw1-isone-me-versant-keene-maple-scada-s2/to/s/synced-readings]               SyncedReadings           
2026-09-28 12:53:17.757 --Parentless.process_internal_message  path:0x00000004
2026-09-28 12:53:17.758 --Proactor<s2>.process_message  path:0x00000401
2026-09-28 12:53:17.758 ----------------------------------------------------------------------------------------
2026-09-28 12:53:18.954 
2026-09-28 12:53:18.954 ++++++++++++++++++++++++++++++++++++++++++++++++++++++++++++++++++++++++++++++++++++++++
2026-09-28 12:53:18.955 ++Proactor<s2>.process_message  [analog-temp/synced.readings]
2026-09-28 12:53:18.956   IN  internal     analog-temp to hw1.isone.me.versant.keene.maple.scada.s2     <-  [analog-temp/to/hw1.isone.me.versant.keene.maple.scada.s2/synced.readings]        SyncedReadings           
2026-09-28 12:53:18.956 ++Parentless.process_internal_message analog-temp/synced.readings
2026-09-28 12:53:18.958   OUT mqtt         analog-temp to s                                       ->  [gw/hw1-isone-me-versant-keene-maple-scada-s2/to/s/synced-readings]               SyncedReadings           
2026-09-28 12:53:18.959 --Parentless.process_internal_message  path:0x00000004
2026-09-28 12:53:18.959 --Proactor<s2>.process_message  path:0x00000401
2026-09-28 12:53:18.960 ----------------------------------------------------------------------------------------
2026-09-28 12:53:19.354 
2026-09-28 12:53:19.355 ++++++++++++++++++++++++++++++++++++++++++++++++++++++++++++++++++++++++++++++++++++++++
2026-09-28 12:53:19.355 ++Proactor<s2>.process_message  [analog-temp/synced.readings]
2026-09-28 12:53:19.356   IN  internal     analog-temp to hw1.isone.me.versant.keene.maple.scada.s2     <-  [analog-temp/to/hw1.isone.me.versant.keene.maple.scada.s2/synced.readings]        SyncedReadings           
2026-09-28 12:53:19.357 ++Parentless.process_internal_message analog-temp/synced.readings
2026-09-28 12:53:19.358   OUT mqtt         analog-temp to s                                       ->  [gw/hw1-isone-me-versant-keene-maple-scada-s2/to/s/synced-readings]               SyncedReadings           
2026-09-28 12:53:19.359 --Parentless.process_internal_message  path:0x00000004
2026-09-28 12:53:19.360 --Proactor<s2>.process_message  path:0x00000401
2026-09-28 12:53:19.360 ----------------------------------------------------------------------------------------
2026-09-28 12:53:21.740 
2026-09-28 12:53:21.740 ++++++++++++++++++++++++++++++++++++++++++++++++++++++++++++++++++++++++++++++++++++++++
2026-09-28 12:53:21.740 ++Proactor<s2>.process_message  [analog-temp/synced.readings]
2026-09-28 12:53:21.741   IN  internal     analog-temp to hw1.isone.me.versant.keene.maple.scada.s2     <-  [analog-temp/to/hw1.isone.me.versant.keene.maple.scada.s2/synced.readings]        SyncedReadings           
2026-09-28 12:53:21.741 ++Parentless.process_internal_message analog-temp/synced.readings
2026-09-28 12:53:21.741   OUT mqtt         analog-temp to s                                       ->  [gw/hw1-isone-me-versant-keene-maple-scada-s2/to/s/synced-readings]               SyncedReadings           
2026-09-28 12:53:21.742 --Parentless.process_internal_message  path:0x00000004
2026-09-28 12:53:21.742 --Proactor<s2>.process_message  path:0x00000401
2026-09-28 12:53:21.742 ----------------------------------------------------------------------------------------
2026-09-28 12:53:22.739 
2026-09-28 12:53:22.740 ++++++++++++++++++++++++++++++++++++++++++++++++++++++++++++++++++++++++++++++++++++++++
2026-09-28 12:53:22.740 ++Proactor<s2>.process_message  [analog-temp/synced.readings]
2026-09-28 12:53:22.740   IN  internal     analog-temp to hw1.isone.me.versant.keene.maple.scada.s2     <-  [analog-temp/to/hw1.isone.me.versant.keene.maple.scada.s2/synced.readings]        SyncedReadings           
2026-09-28 12:53:22.740 ++Parentless.process_internal_message analog-temp/synced.readings
2026-09-28 12:53:22.741   OUT mqtt         analog-temp to s                                       ->  [gw/hw1-isone-me-versant-keene-maple-scada-s2/to/s/synced-readings]               SyncedReadings           
2026-09-28 12:53:22.741 --Parentless.process_internal_message  path:0x00000004
2026-09-28 12:53:22.742 --Proactor<s2>.process_message  path:0x00000401
2026-09-28 12:53:22.742 ----------------------------------------------------------------------------------------
2026-09-28 12:53:23.340 
2026-09-28 12:53:23.341 ++++++++++++++++++++++++++++++++++++++++++++++++++++++++++++++++++++++++++++++++++++++++
2026-09-28 12:53:23.341 ++Proactor<s2>.process_message  [analog-temp/synced.readings]
2026-09-28 12:53:23.341   IN  internal     analog-temp to hw1.isone.me.versant.keene.maple.scada.s2     <-  [analog-temp/to/hw1.isone.me.versant.keene.maple.scada.s2/synced.readings]        SyncedReadings           
2026-09-28 12:53:23.341 ++Parentless.process_internal_message analog-temp/synced.readings
2026-09-28 12:53:23.342   OUT mqtt         analog-temp to s                                       ->  [gw/hw1-isone-me-versant-keene-maple-scada-s2/to/s/synced-readings]               SyncedReadings           
2026-09-28 12:53:23.342 --Parentless.process_internal_message  path:0x00000004
2026-09-28 12:53:23.342 --Proactor<s2>.process_message  path:0x00000401
2026-09-28 12:53:23.343 ----------------------------------------------------------------------------------------
2026-09-28 12:53:24.941 
2026-09-28 12:53:24.941 ++++++++++++++++++++++++++++++++++++++++++++++++++++++++++++++++++++++++++++++++++++++++
2026-09-28 12:53:24.941 ++Proactor<s2>.process_message  [analog-temp/synced.readings]
2026-09-28 12:53:24.941   IN  internal     analog-temp to hw1.isone.me.versant.keene.maple.scada.s2     <-  [analog-temp/to/hw1.isone.me.versant.keene.maple.scada.s2/synced.readings]        SyncedReadings           
2026-09-28 12:53:24.942 ++Parentless.process_internal_message analog-temp/synced.readings
2026-09-28 12:53:24.942   OUT mqtt         analog-temp to s                                       ->  [gw/hw1-isone-me-versant-keene-maple-scada-s2/to/s/synced-readings]               SyncedReadings           
2026-09-28 12:53:24.943 --Parentless.process_internal_message  path:0x00000004
2026-09-28 12:53:24.943 --Proactor<s2>.process_message  path:0x00000401
2026-09-28 12:53:24.943 ----------------------------------------------------------------------------------------
2026-09-28 12:53:25.541 
2026-09-28 12:53:25.541 ++++++++++++++++++++++++++++++++++++++++++++++++++++++++++++++++++++++++++++++++++++++++
2026-09-28 12:53:25.541 ++Proactor<s2>.process_message  [analog-temp/synced.readings]
2026-09-28 12:53:25.542   IN  internal     analog-temp to hw1.isone.me.versant.keene.maple.scada.s2     <-  [analog-temp/to/hw1.isone.me.versant.keene.maple.scada.s2/synced.readings]        SyncedReadings           
2026-09-28 12:53:25.542 ++Parentless.process_internal_message analog-temp/synced.readings
2026-09-28 12:53:25.543   OUT mqtt         analog-temp to s                                       ->  [gw/hw1-isone-me-versant-keene-maple-scada-s2/to/s/synced-readings]               SyncedReadings           
2026-09-28 12:53:25.543 --Parentless.process_internal_message  path:0x00000004
2026-09-28 12:53:25.543 --Proactor<s2>.process_message  path:0x00000401
2026-09-28 12:53:25.543 ----------------------------------------------------------------------------------------
2026-09-28 12:53:27.958 
2026-09-28 12:53:27.959 ++++++++++++++++++++++++++++++++++++++++++++++++++++++++++++++++++++++++++++++++++++++++
2026-09-28 12:53:27.960 ++Proactor<s2>.process_message  [analog-temp/synced.readings]
2026-09-28 12:53:27.960   IN  internal     analog-temp to hw1.isone.me.versant.keene.maple.scada.s2     <-  [analog-temp/to/hw1.isone.me.versant.keene.maple.scada.s2/synced.readings]        SyncedReadings           
2026-09-28 12:53:27.961 ++Parentless.process_internal_message analog-temp/synced.readings
2026-09-28 12:53:27.962   OUT mqtt         analog-temp to s                                       ->  [gw/hw1-isone-me-versant-keene-maple-scada-s2/to/s/synced-readings]               SyncedReadings           
2026-09-28 12:53:27.963 --Parentless.process_internal_message  path:0x00000004
2026-09-28 12:53:27.964 --Proactor<s2>.process_message  path:0x00000401
2026-09-28 12:53:27.964 ----------------------------------------------------------------------------------------
2026-09-28 12:53:28.287 
2026-09-28 12:53:28.288 ++++++++++++++++++++++++++++++++++++++++++++++++++++++++++++++++++++++++++++++++++++++++
2026-09-28 12:53:28.288 ++Proactor<s2>.process_message  [gridworks-ping]
2026-09-28 12:53:28.289 ++Proactor<s2>._process_mqtt_message mqtt_clients/mqtt_message
2026-09-28 12:53:28.290   IN  mqtt         hw1.isone.me.versant.keene.maple.scada to s2           <-  [gw/hw1-isone-me-versant-keene-maple-scada/to/s2/gridworks-ping]                  Ping                      05a2a826...
2026-09-28 12:53:28.292   OUT mqtt         hw1.isone.me.versant.keene.maple.scada.s2 to s         ->  [gw/hw1-isone-me-versant-keene-maple-scada-s2/to/s/gridworks-ack]                 Ack                       05a2a826...
2026-09-28 12:53:28.293 --Proactor<s2>._process_mqtt_message:1  path:0x00000223
2026-09-28 12:53:28.294 --Proactor<s2>.process_message  path:0x00000002
2026-09-28 12:53:28.294 ----------------------------------------------------------------------------------------
2026-09-28 12:53:29.558 
2026-09-28 12:53:29.559 ++++++++++++++++++++++++++++++++++++++++++++++++++++++++++++++++++++++++++++++++++++++++
2026-09-28 12:53:29.560 ++Proactor<s2>.process_message  [analog-temp/synced.readings]
2026-09-28 12:53:29.560   IN  internal     analog-temp to hw1.isone.me.versant.keene.maple.scada.s2     <-  [analog-temp/to/hw1.isone.me.versant.keene.maple.scada.s2/synced.readings]        SyncedReadings           
2026-09-28 12:53:29.561 ++Parentless.process_internal_message analog-temp/synced.readings
2026-09-28 12:53:29.562   OUT mqtt         analog-temp to s                                       ->  [gw/hw1-isone-me-versant-keene-maple-scada-s2/to/s/synced-readings]               SyncedReadings           
2026-09-28 12:53:29.563 --Parentless.process_internal_message  path:0x00000004
2026-09-28 12:53:29.564 --Proactor<s2>.process_message  path:0x00000401
2026-09-28 12:53:29.564 ----------------------------------------------------------------------------------------
2026-09-28 12:53:32.160 
2026-09-28 12:53:32.161 ++++++++++++++++++++++++++++++++++++++++++++++++++++++++++++++++++++++++++++++++++++++++
2026-09-28 12:53:32.161 ++Proactor<s2>.process_message  [analog-temp/synced.readings]
2026-09-28 12:53:32.162   IN  internal     analog-temp to hw1.isone.me.versant.keene.maple.scada.s2     <-  [analog-temp/to/hw1.isone.me.versant.keene.maple.scada.s2/synced.readings]        SyncedReadings           
2026-09-28 12:53:32.162 ++Parentless.process_internal_message analog-temp/synced.readings
2026-09-28 12:53:32.164   OUT mqtt         analog-temp to s                                       ->  [gw/hw1-isone-me-versant-keene-maple-scada-s2/to/s/synced-readings]               SyncedReadings           
2026-09-28 12:53:32.165 --Parentless.process_internal_message  path:0x00000004
2026-09-28 12:53:32.165 --Proactor<s2>.process_message  path:0x00000401
2026-09-28 12:53:32.166 ----------------------------------------------------------------------------------------
2026-09-28 12:53:33.763 
2026-09-28 12:53:33.764 ++++++++++++++++++++++++++++++++++++++++++++++++++++++++++++++++++++++++++++++++++++++++
2026-09-28 12:53:33.765 ++Proactor<s2>.process_message  [analog-temp/synced.readings]
2026-09-28 12:53:33.765   IN  internal     analog-temp to hw1.isone.me.versant.keene.maple.scada.s2     <-  [analog-temp/to/hw1.isone.me.versant.keene.maple.scada.s2/synced.readings]        SyncedReadings           
2026-09-28 12:53:33.767 ++Parentless.process_internal_message analog-temp/synced.readings
2026-09-28 12:53:33.768   OUT mqtt         analog-temp to s                                       ->  [gw/hw1-isone-me-versant-keene-maple-scada-s2/to/s/synced-readings]               SyncedReadings           
2026-09-28 12:53:33.769 --Parentless.process_internal_message  path:0x00000004
2026-09-28 12:53:33.770 --Proactor<s2>.process_message  path:0x00000401
2026-09-28 12:53:33.770 ----------------------------------------------------------------------------------------
2026-09-28 12:53:34.346 
2026-09-28 12:53:34.346 ++++++++++++++++++++++++++++++++++++++++++++++++++++++++++++++++++++++++++++++++++++++++
2026-09-28 12:53:34.347 ++Proactor<s2>.process_message  [analog-temp/synced.readings]
2026-09-28 12:53:34.347   IN  internal     analog-temp to hw1.isone.me.versant.keene.maple.scada.s2     <-  [analog-temp/to/hw1.isone.me.versant.keene.maple.scada.s2/synced.readings]        SyncedReadings           
2026-09-28 12:53:34.347 ++Parentless.process_internal_message analog-temp/synced.readings
2026-09-28 12:53:34.348   OUT mqtt         analog-temp to s                                       ->  [gw/hw1-isone-me-versant-keene-maple-scada-s2/to/s/synced-readings]               SyncedReadings           
2026-09-28 12:53:34.348 --Parentless.process_internal_message  path:0x00000004
2026-09-28 12:53:34.348 --Proactor<s2>.process_message  path:0x00000401
2026-09-28 12:53:34.349 ----------------------------------------------------------------------------------------
2026-09-28 12:53:35.546 
2026-09-28 12:53:35.547 ++++++++++++++++++++++++++++++++++++++++++++++++++++++++++++++++++++++++++++++++++++++++
2026-09-28 12:53:35.547 ++Proactor<s2>.process_message  [analog-temp/synced.readings]
2026-09-28 12:53:35.547   IN  internal     analog-temp to hw1.isone.me.versant.keene.maple.scada.s2     <-  [analog-temp/to/hw1.isone.me.versant.keene.maple.scada.s2/synced.readings]        SyncedReadings           
2026-09-28 12:53:35.547 ++Parentless.process_internal_message analog-temp/synced.readings
2026-09-28 12:53:35.548   OUT mqtt         analog-temp to s                                       ->  [gw/hw1-isone-me-versant-keene-maple-scada-s2/to/s/synced-readings]               SyncedReadings           
2026-09-28 12:53:35.548 --Parentless.process_internal_message  path:0x00000004
2026-09-28 12:53:35.548 --Proactor<s2>.process_message  path:0x00000401
2026-09-28 12:53:35.549 ----------------------------------------------------------------------------------------
2026-09-28 12:53:35.746 
2026-09-28 12:53:35.747 ++++++++++++++++++++++++++++++++++++++++++++++++++++++++++++++++++++++++++++++++++++++++
2026-09-28 12:53:35.747 ++Proactor<s2>.process_message  [analog-temp/synced.readings]
2026-09-28 12:53:35.747   IN  internal     analog-temp to hw1.isone.me.versant.keene.maple.scada.s2     <-  [analog-temp/to/hw1.isone.me.versant.keene.maple.scada.s2/synced.readings]        SyncedReadings           
2026-09-28 12:53:35.747 ++Parentless.process_internal_message analog-temp/synced.readings
2026-09-28 12:53:35.748   OUT mqtt         analog-temp to s                                       ->  [gw/hw1-isone-me-versant-keene-maple-scada-s2/to/s/synced-readings]               SyncedReadings           
2026-09-28 12:53:35.748 --Parentless.process_internal_message  path:0x00000004
2026-09-28 12:53:35.749 --Proactor<s2>.process_message  path:0x00000401
2026-09-28 12:53:35.749 ----------------------------------------------------------------------------------------
2026-09-28 12:53:35.947 
2026-09-28 12:53:35.947 ++++++++++++++++++++++++++++++++++++++++++++++++++++++++++++++++++++++++++++++++++++++++
2026-09-28 12:53:35.948 ++Proactor<s2>.process_message  [analog-temp/synced.readings]
2026-09-28 12:53:35.948   IN  internal     analog-temp to hw1.isone.me.versant.keene.maple.scada.s2     <-  [analog-temp/to/hw1.isone.me.versant.keene.maple.scada.s2/synced.readings]        SyncedReadings           
2026-09-28 12:53:35.948 ++Parentless.process_internal_message analog-temp/synced.readings
2026-09-28 12:53:35.949   OUT mqtt         analog-temp to s                                       ->  [gw/hw1-isone-me-versant-keene-maple-scada-s2/to/s/synced-readings]               SyncedReadings           
2026-09-28 12:53:35.949 --Parentless.process_internal_message  path:0x00000004
2026-09-28 12:53:35.949 --Proactor<s2>.process_message  path:0x00000401
2026-09-28 12:53:35.949 ----------------------------------------------------------------------------------------
2026-09-28 12:53:37.747 
2026-09-28 12:53:37.748 ++++++++++++++++++++++++++++++++++++++++++++++++++++++++++++++++++++++++++++++++++++++++
2026-09-28 12:53:37.748 ++Proactor<s2>.process_message  [analog-temp/synced.readings]
2026-09-28 12:53:37.748   IN  internal     analog-temp to hw1.isone.me.versant.keene.maple.scada.s2     <-  [analog-temp/to/hw1.isone.me.versant.keene.maple.scada.s2/synced.readings]        SyncedReadings           
2026-09-28 12:53:37.748 ++Parentless.process_internal_message analog-temp/synced.readings
2026-09-28 12:53:37.749   OUT mqtt         analog-temp to s                                       ->  [gw/hw1-isone-me-versant-keene-maple-scada-s2/to/s/synced-readings]               SyncedReadings           
2026-09-28 12:53:37.749 --Parentless.process_internal_message  path:0x00000004
2026-09-28 12:53:37.749 --Proactor<s2>.process_message  path:0x00000401
2026-09-28 12:53:37.750 ----------------------------------------------------------------------------------------
2026-09-28 12:53:39.764 
2026-09-28 12:53:39.765 ++++++++++++++++++++++++++++++++++++++++++++++++++++++++++++++++++++++++++++++++++++++++
2026-09-28 12:53:39.765 ++Proactor<s2>.process_message  [analog-temp/synced.readings]
2026-09-28 12:53:39.766   IN  internal     analog-temp to hw1.isone.me.versant.keene.maple.scada.s2     <-  [analog-temp/to/hw1.isone.me.versant.keene.maple.scada.s2/synced.readings]        SyncedReadings           
2026-09-28 12:53:39.766 ++Parentless.process_internal_message analog-temp/synced.readings
2026-09-28 12:53:39.768   OUT mqtt         analog-temp to s                                       ->  [gw/hw1-isone-me-versant-keene-maple-scada-s2/to/s/synced-readings]               SyncedReadings           
2026-09-28 12:53:39.769 --Parentless.process_internal_message  path:0x00000004
2026-09-28 12:53:39.770 --Proactor<s2>.process_message  path:0x00000401
2026-09-28 12:53:39.770 ----------------------------------------------------------------------------------------
2026-09-28 12:53:42.765 
2026-09-28 12:53:42.766 ++++++++++++++++++++++++++++++++++++++++++++++++++++++++++++++++++++++++++++++++++++++++
2026-09-28 12:53:42.766 ++Proactor<s2>.process_message  [analog-temp/synced.readings]
2026-09-28 12:53:42.767   IN  internal     analog-temp to hw1.isone.me.versant.keene.maple.scada.s2     <-  [analog-temp/to/hw1.isone.me.versant.keene.maple.scada.s2/synced.readings]        SyncedReadings           
2026-09-28 12:53:42.768 ++Parentless.process_internal_message analog-temp/synced.readings
2026-09-28 12:53:42.769   OUT mqtt         analog-temp to s                                       ->  [gw/hw1-isone-me-versant-keene-maple-scada-s2/to/s/synced-readings]               SyncedReadings           
2026-09-28 12:53:42.770 --Parentless.process_internal_message  path:0x00000004
2026-09-28 12:53:42.771 --Proactor<s2>.process_message  path:0x00000401
2026-09-28 12:53:42.771 ----------------------------------------------------------------------------------------
2026-09-28 12:53:43.965 
2026-09-28 12:53:43.966 ++++++++++++++++++++++++++++++++++++++++++++++++++++++++++++++++++++++++++++++++++++++++
2026-09-28 12:53:43.966 ++Proactor<s2>.process_message  [analog-temp/synced.readings]
2026-09-28 12:53:43.967   IN  internal     analog-temp to hw1.isone.me.versant.keene.maple.scada.s2     <-  [analog-temp/to/hw1.isone.me.versant.keene.maple.scada.s2/synced.readings]        SyncedReadings           
2026-09-28 12:53:43.967 ++Parentless.process_internal_message analog-temp/synced.readings
2026-09-28 12:53:43.968   OUT mqtt         analog-temp to s                                       ->  [gw/hw1-isone-me-versant-keene-maple-scada-s2/to/s/synced-readings]               SyncedReadings           
2026-09-28 12:53:43.969 --Parentless.process_internal_message  path:0x00000004
2026-09-28 12:53:43.970 --Proactor<s2>.process_message  path:0x00000401
2026-09-28 12:53:43.970 ----------------------------------------------------------------------------------------
2026-09-28 12:53:45.752 
2026-09-28 12:53:45.752 ++++++++++++++++++++++++++++++++++++++++++++++++++++++++++++++++++++++++++++++++++++++++
2026-09-28 12:53:45.753 ++Proactor<s2>.process_message  [analog-temp/synced.readings]
2026-09-28 12:53:45.753   IN  internal     analog-temp to hw1.isone.me.versant.keene.maple.scada.s2     <-  [analog-temp/to/hw1.isone.me.versant.keene.maple.scada.s2/synced.readings]        SyncedReadings           
2026-09-28 12:53:45.753 ++Parentless.process_internal_message analog-temp/synced.readings
2026-09-28 12:53:45.754   OUT mqtt         analog-temp to s                                       ->  [gw/hw1-isone-me-versant-keene-maple-scada-s2/to/s/synced-readings]               SyncedReadings           
2026-09-28 12:53:45.754 --Parentless.process_internal_message  path:0x00000004
2026-09-28 12:53:45.754 --Proactor<s2>.process_message  path:0x00000401
2026-09-28 12:53:45.755 ----------------------------------------------------------------------------------------
2026-09-28 12:53:46.554 
2026-09-28 12:53:46.555 ++++++++++++++++++++++++++++++++++++++++++++++++++++++++++++++++++++++++++++++++++++++++
2026-09-28 12:53:46.555 ++Proactor<s2>.process_message  [analog-temp/synced.readings]
2026-09-28 12:53:46.555   IN  internal     analog-temp to hw1.isone.me.versant.keene.maple.scada.s2     <-  [analog-temp/to/hw1.isone.me.versant.keene.maple.scada.s2/synced.readings]        SyncedReadings           
2026-09-28 12:53:46.556 ++Parentless.process_internal_message analog-temp/synced.readings
2026-09-28 12:53:46.556   OUT mqtt         analog-temp to s                                       ->  [gw/hw1-isone-me-versant-keene-maple-scada-s2/to/s/synced-readings]               SyncedReadings           
2026-09-28 12:53:46.557 --Parentless.process_internal_message  path:0x00000004
2026-09-28 12:53:46.557 --Proactor<s2>.process_message  path:0x00000401
2026-09-28 12:53:46.557 ----------------------------------------------------------------------------------------
2026-09-28 12:53:47.553 
2026-09-28 12:53:47.553 ++++++++++++++++++++++++++++++++++++++++++++++++++++++++++++++++++++++++++++++++++++++++
2026-09-28 12:53:47.553 ++Proactor<s2>.process_message  [analog-temp/synced.readings]
2026-09-28 12:53:47.554   IN  internal     analog-temp to hw1.isone.me.versant.keene.maple.scada.s2     <-  [analog-temp/to/hw1.isone.me.versant.keene.maple.scada.s2/synced.readings]        SyncedReadings           
2026-09-28 12:53:47.554 ++Parentless.process_internal_message analog-temp/synced.readings
2026-09-28 12:53:47.554   OUT mqtt         analog-temp to s                                       ->  [gw/hw1-isone-me-versant-keene-maple-scada-s2/to/s/synced-readings]               SyncedReadings           
2026-09-28 12:53:47.555 --Parentless.process_internal_message  path:0x00000004
2026-09-28 12:53:47.555 --Proactor<s2>.process_message  path:0x00000401
2026-09-28 12:53:47.555 ----------------------------------------------------------------------------------------
2026-09-28 12:53:48.153 
2026-09-28 12:53:48.153 ++++++++++++++++++++++++++++++++++++++++++++++++++++++++++++++++++++++++++++++++++++++++
2026-09-28 12:53:48.153 ++Proactor<s2>.process_message  [analog-temp/synced.readings]
2026-09-28 12:53:48.154   IN  internal     analog-temp to hw1.isone.me.versant.keene.maple.scada.s2     <-  [analog-temp/to/hw1.isone.me.versant.keene.maple.scada.s2/synced.readings]        SyncedReadings           
2026-09-28 12:53:48.154 ++Parentless.process_internal_message analog-temp/synced.readings
2026-09-28 12:53:48.154   OUT mqtt         analog-temp to s                                       ->  [gw/hw1-isone-me-versant-keene-maple-scada-s2/to/s/synced-readings]               SyncedReadings           
2026-09-28 12:53:48.155 --Parentless.process_internal_message  path:0x00000004
2026-09-28 12:53:48.155 --Proactor<s2>.process_message  path:0x00000401
2026-09-28 12:53:48.155 ----------------------------------------------------------------------------------------
2026-09-28 12:53:52.970 
2026-09-28 12:53:52.971 ++++++++++++++++++++++++++++++++++++++++++++++++++++++++++++++++++++++++++++++++++++++++
2026-09-28 12:53:52.971 ++Proactor<s2>.process_message  [analog-temp/synced.readings]
2026-09-28 12:53:52.972   IN  internal     analog-temp to hw1.isone.me.versant.keene.maple.scada.s2     <-  [analog-temp/to/hw1.isone.me.versant.keene.maple.scada.s2/synced.readings]        SyncedReadings           
2026-09-28 12:53:52.972 ++Parentless.process_internal_message analog-temp/synced.readings
2026-09-28 12:53:52.974   OUT mqtt         analog-temp to s                                       ->  [gw/hw1-isone-me-versant-keene-maple-scada-s2/to/s/synced-readings]               SyncedReadings           
2026-09-28 12:53:52.975 --Parentless.process_internal_message  path:0x00000004
2026-09-28 12:53:52.975 --Proactor<s2>.process_message  path:0x00000401
2026-09-28 12:53:52.976 ----------------------------------------------------------------------------------------
2026-09-28 12:53:53.371 
2026-09-28 12:53:53.372 ++++++++++++++++++++++++++++++++++++++++++++++++++++++++++++++++++++++++++++++++++++++++
2026-09-28 12:53:53.372 ++Proactor<s2>.process_message  [analog-temp/synced.readings]
2026-09-28 12:53:53.373   IN  internal     analog-temp to hw1.isone.me.versant.keene.maple.scada.s2     <-  [analog-temp/to/hw1.isone.me.versant.keene.maple.scada.s2/synced.readings]        SyncedReadings           
2026-09-28 12:53:53.373 ++Parentless.process_internal_message analog-temp/synced.readings
2026-09-28 12:53:53.374   OUT mqtt         analog-temp to s                                       ->  [gw/hw1-isone-me-versant-keene-maple-scada-s2/to/s/synced-readings]               SyncedReadings           
2026-09-28 12:53:53.375 --Parentless.process_internal_message  path:0x00000004
2026-09-28 12:53:53.376 --Proactor<s2>.process_message  path:0x00000401
2026-09-28 12:53:53.376 ----------------------------------------------------------------------------------------
2026-09-28 12:53:57.776 
2026-09-28 12:53:57.777 ++++++++++++++++++++++++++++++++++++++++++++++++++++++++++++++++++++++++++++++++++++++++
2026-09-28 12:53:57.778 ++Proactor<s2>.process_message  [analog-temp/synced.readings]
2026-09-28 12:53:57.778   IN  internal     analog-temp to hw1.isone.me.versant.keene.maple.scada.s2     <-  [analog-temp/to/hw1.isone.me.versant.keene.maple.scada.s2/synced.readings]        SyncedReadings           
2026-09-28 12:53:57.779 ++Parentless.process_internal_message analog-temp/synced.readings
2026-09-28 12:53:57.780   OUT mqtt         analog-temp to s                                       ->  [gw/hw1-isone-me-versant-keene-maple-scada-s2/to/s/synced-readings]               SyncedReadings           
2026-09-28 12:53:57.781 --Parentless.process_internal_message  path:0x00000004
2026-09-28 12:53:57.782 --Proactor<s2>.process_message  path:0x00000401
2026-09-28 12:53:57.782 ----------------------------------------------------------------------------------------
2026-09-28 12:53:57.962 
2026-09-28 12:53:57.962 ++++++++++++++++++++++++++++++++++++++++++++++++++++++++++++++++++++++++++++++++++++++++
2026-09-28 12:53:57.963 ++Proactor<s2>.process_message  [analog-temp/synced.readings]
2026-09-28 12:53:57.963   IN  internal     analog-temp to hw1.isone.me.versant.keene.maple.scada.s2     <-  [analog-temp/to/hw1.isone.me.versant.keene.maple.scada.s2/synced.readings]        SyncedReadings           
2026-09-28 12:53:57.963 ++Parentless.process_internal_message analog-temp/synced.readings
2026-09-28 12:53:57.964   OUT mqtt         analog-temp to s                                       ->  [gw/hw1-isone-me-versant-keene-maple-scada-s2/to/s/synced-readings]               SyncedReadings           
2026-09-28 12:53:57.964 --Parentless.process_internal_message  path:0x00000004
2026-09-28 12:53:57.965 --Proactor<s2>.process_message  path:0x00000401
2026-09-28 12:53:57.965 ----------------------------------------------------------------------------------------
2026-09-28 12:53:58.360 
2026-09-28 12:53:58.360 ++++++++++++++++++++++++++++++++++++++++++++++++++++++++++++++++++++++++++++++++++++++++
2026-09-28 12:53:58.360 ++Proactor<s2>.process_message  [analog-temp/synced.readings]
2026-09-28 12:53:58.361   IN  internal     analog-temp to hw1.isone.me.versant.keene.maple.scada.s2     <-  [analog-temp/to/hw1.isone.me.versant.keene.maple.scada.s2/synced.readings]        SyncedReadings           
2026-09-28 12:53:58.361 ++Parentless.process_internal_message analog-temp/synced.readings
2026-09-28 12:53:58.361   OUT mqtt         analog-temp to s                                       ->  [gw/hw1-isone-me-versant-keene-maple-scada-s2/to/s/synced-readings]               SyncedReadings           
2026-09-28 12:53:58.362 --Parentless.process_internal_message  path:0x00000004
2026-09-28 12:53:58.362 --Proactor<s2>.process_message  path:0x00000401
2026-09-28 12:53:58.362 ----------------------------------------------------------------------------------------
2026-09-28 12:53:58.760 
2026-09-28 12:53:58.761 ++++++++++++++++++++++++++++++++++++++++++++++++++++++++++++++++++++++++++++++++++++++++
2026-09-28 12:53:58.761 ++Proactor<s2>.process_message  [analog-temp/synced.readings]
2026-09-28 12:53:58.761   IN  internal     analog-temp to hw1.isone.me.versant.keene.maple.scada.s2     <-  [analog-temp/to/hw1.isone.me.versant.keene.maple.scada.s2/synced.readings]        SyncedReadings           
2026-09-28 12:53:58.761 ++Parentless.process_internal_message analog-temp/synced.readings
2026-09-28 12:53:58.762   OUT mqtt         analog-temp to s                                       ->  [gw/hw1-isone-me-versant-keene-maple-scada-s2/to/s/synced-readings]               SyncedReadings           
2026-09-28 12:53:58.763 --Parentless.process_internal_message  path:0x00000004
2026-09-28 12:53:58.763 --Proactor<s2>.process_message  path:0x00000401
2026-09-28 12:53:58.763 ----------------------------------------------------------------------------------------
2026-09-28 12:53:59.559 
2026-09-28 12:53:59.560 ++++++++++++++++++++++++++++++++++++++++++++++++++++++++++++++++++++++++++++++++++++++++
2026-09-28 12:53:59.560 ++Proactor<s2>.process_message  [analog-temp/synced.readings]
2026-09-28 12:53:59.560   IN  internal     analog-temp to hw1.isone.me.versant.keene.maple.scada.s2     <-  [analog-temp/to/hw1.isone.me.versant.keene.maple.scada.s2/synced.readings]        SyncedReadings           
2026-09-28 12:53:59.560 ++Parentless.process_internal_message analog-temp/synced.readings
2026-09-28 12:53:59.561   OUT mqtt         analog-temp to s                                       ->  [gw/hw1-isone-me-versant-keene-maple-scada-s2/to/s/synced-readings]               SyncedReadings           
2026-09-28 12:53:59.562 --Parentless.process_internal_message  path:0x00000004
2026-09-28 12:53:59.562 --Proactor<s2>.process_message  path:0x00000401
2026-09-28 12:53:59.562 ----------------------------------------------------------------------------------------
2026-09-28 12:54:01.960 
2026-09-28 12:54:01.961 ++++++++++++++++++++++++++++++++++++++++++++++++++++++++++++++++++++++++++++++++++++++++
2026-09-28 12:54:01.961 ++Proactor<s2>.process_message  [analog-temp/synced.readings]
2026-09-28 12:54:01.961   IN  internal     analog-temp to hw1.isone.me.versant.keene.maple.scada.s2     <-  [analog-temp/to/hw1.isone.me.versant.keene.maple.scada.s2/synced.readings]        SyncedReadings           
2026-09-28 12:54:01.961 ++Parentless.process_internal_message analog-temp/synced.readings
2026-09-28 12:54:01.962   OUT mqtt         analog-temp to s                                       ->  [gw/hw1-isone-me-versant-keene-maple-scada-s2/to/s/synced-readings]               SyncedReadings           
2026-09-28 12:54:01.962 --Parentless.process_internal_message  path:0x00000004
2026-09-28 12:54:01.962 --Proactor<s2>.process_message  path:0x00000401
2026-09-28 12:54:01.963 ----------------------------------------------------------------------------------------
2026-09-28 12:54:02.560 
2026-09-28 12:54:02.561 ++++++++++++++++++++++++++++++++++++++++++++++++++++++++++++++++++++++++++++++++++++++++
2026-09-28 12:54:02.561 ++Proactor<s2>.process_message  [analog-temp/synced.readings]
2026-09-28 12:54:02.561   IN  internal     analog-temp to hw1.isone.me.versant.keene.maple.scada.s2     <-  [analog-temp/to/hw1.isone.me.versant.keene.maple.scada.s2/synced.readings]        SyncedReadings           
2026-09-28 12:54:02.561 ++Parentless.process_internal_message analog-temp/synced.readings
2026-09-28 12:54:02.562   OUT mqtt         analog-temp to s                                       ->  [gw/hw1-isone-me-versant-keene-maple-scada-s2/to/s/synced-readings]               SyncedReadings           
2026-09-28 12:54:02.562 --Parentless.process_internal_message  path:0x00000004
2026-09-28 12:54:02.562 --Proactor<s2>.process_message  path:0x00000401
2026-09-28 12:54:02.563 ----------------------------------------------------------------------------------------
2026-09-28 12:54:05.779 
2026-09-28 12:54:05.780 ++++++++++++++++++++++++++++++++++++++++++++++++++++++++++++++++++++++++++++++++++++++++
2026-09-28 12:54:05.780 ++Proactor<s2>.process_message  [analog-temp/synced.readings]
2026-09-28 12:54:05.781   IN  internal     analog-temp to hw1.isone.me.versant.keene.maple.scada.s2     <-  [analog-temp/to/hw1.isone.me.versant.keene.maple.scada.s2/synced.readings]        SyncedReadings           
2026-09-28 12:54:05.781 ++Parentless.process_internal_message analog-temp/synced.readings
2026-09-28 12:54:05.783   OUT mqtt         analog-temp to s                                       ->  [gw/hw1-isone-me-versant-keene-maple-scada-s2/to/s/synced-readings]               SyncedReadings           
2026-09-28 12:54:05.784 --Parentless.process_internal_message  path:0x00000004
2026-09-28 12:54:05.784 --Proactor<s2>.process_message  path:0x00000401
2026-09-28 12:54:05.785 ----------------------------------------------------------------------------------------
2026-09-28 12:54:07.580 
2026-09-28 12:54:07.581 ++++++++++++++++++++++++++++++++++++++++++++++++++++++++++++++++++++++++++++++++++++++++
2026-09-28 12:54:07.581 ++Proactor<s2>.process_message  [analog-temp/synced.readings]
2026-09-28 12:54:07.582   IN  internal     analog-temp to hw1.isone.me.versant.keene.maple.scada.s2     <-  [analog-temp/to/hw1.isone.me.versant.keene.maple.scada.s2/synced.readings]        SyncedReadings           
2026-09-28 12:54:07.582 ++Parentless.process_internal_message analog-temp/synced.readings
2026-09-28 12:54:07.583   OUT mqtt         analog-temp to s                                       ->  [gw/hw1-isone-me-versant-keene-maple-scada-s2/to/s/synced-readings]               SyncedReadings           
2026-09-28 12:54:07.584 --Parentless.process_internal_message  path:0x00000004
2026-09-28 12:54:07.585 --Proactor<s2>.process_message  path:0x00000401
2026-09-28 12:54:07.585 ----------------------------------------------------------------------------------------
2026-09-28 12:54:07.779 
2026-09-28 12:54:07.780 ++++++++++++++++++++++++++++++++++++++++++++++++++++++++++++++++++++++++++++++++++++++++
2026-09-28 12:54:07.780 ++Proactor<s2>.process_message  [analog-temp/synced.readings]
2026-09-28 12:54:07.781   IN  internal     analog-temp to hw1.isone.me.versant.keene.maple.scada.s2     <-  [analog-temp/to/hw1.isone.me.versant.keene.maple.scada.s2/synced.readings]        SyncedReadings           
2026-09-28 12:54:07.781 ++Parentless.process_internal_message analog-temp/synced.readings
2026-09-28 12:54:07.783   OUT mqtt         analog-temp to s                                       ->  [gw/hw1-isone-me-versant-keene-maple-scada-s2/to/s/synced-readings]               SyncedReadings           
2026-09-28 12:54:07.784 --Parentless.process_internal_message  path:0x00000004
2026-09-28 12:54:07.784 --Proactor<s2>.process_message  path:0x00000401
2026-09-28 12:54:07.785 ----------------------------------------------------------------------------------------
2026-09-28 12:54:10.572 
2026-09-28 12:54:10.573 ++++++++++++++++++++++++++++++++++++++++++++++++++++++++++++++++++++++++++++++++++++++++
2026-09-28 12:54:10.573 ++Proactor<s2>.process_message  [analog-temp/synced.readings]
2026-09-28 12:54:10.573   IN  internal     analog-temp to hw1.isone.me.versant.keene.maple.scada.s2     <-  [analog-temp/to/hw1.isone.me.versant.keene.maple.scada.s2/synced.readings]        SyncedReadings           
2026-09-28 12:54:10.574 ++Parentless.process_internal_message analog-temp/synced.readings
2026-09-28 12:54:10.575   OUT mqtt         analog-temp to s                                       ->  [gw/hw1-isone-me-versant-keene-maple-scada-s2/to/s/synced-readings]               SyncedReadings           
2026-09-28 12:54:10.575 --Parentless.process_internal_message  path:0x00000004
2026-09-28 12:54:10.576 --Proactor<s2>.process_message  path:0x00000401
2026-09-28 12:54:10.576 ----------------------------------------------------------------------------------------
2026-09-28 12:54:11.966 
2026-09-28 12:54:11.966 ++++++++++++++++++++++++++++++++++++++++++++++++++++++++++++++++++++++++++++++++++++++++
2026-09-28 12:54:11.966 ++Proactor<s2>.process_message  [analog-temp/synced.readings]
2026-09-28 12:54:11.967   IN  internal     analog-temp to hw1.isone.me.versant.keene.maple.scada.s2     <-  [analog-temp/to/hw1.isone.me.versant.keene.maple.scada.s2/synced.readings]        SyncedReadings           
2026-09-28 12:54:11.967 ++Parentless.process_internal_message analog-temp/synced.readings
2026-09-28 12:54:11.968   OUT mqtt         analog-temp to s                                       ->  [gw/hw1-isone-me-versant-keene-maple-scada-s2/to/s/synced-readings]               SyncedReadings           
2026-09-28 12:54:11.968 --Parentless.process_internal_message  path:0x00000004
2026-09-28 12:54:11.968 --Proactor<s2>.process_message  path:0x00000401
2026-09-28 12:54:11.968 ----------------------------------------------------------------------------------------
2026-09-28 12:54:12.166 
2026-09-28 12:54:12.167 ++++++++++++++++++++++++++++++++++++++++++++++++++++++++++++++++++++++++++++++++++++++++
2026-09-28 12:54:12.167 ++Proactor<s2>.process_message  [analog-temp/synced.readings]
2026-09-28 12:54:12.167   IN  internal     analog-temp to hw1.isone.me.versant.keene.maple.scada.s2     <-  [analog-temp/to/hw1.isone.me.versant.keene.maple.scada.s2/synced.readings]        SyncedReadings           
2026-09-28 12:54:12.167 ++Parentless.process_internal_message analog-temp/synced.readings
2026-09-28 12:54:12.168   OUT mqtt         analog-temp to s                                       ->  [gw/hw1-isone-me-versant-keene-maple-scada-s2/to/s/synced-readings]               SyncedReadings           
2026-09-28 12:54:12.168 --Parentless.process_internal_message  path:0x00000004
2026-09-28 12:54:12.168 --Proactor<s2>.process_message  path:0x00000401
2026-09-28 12:54:12.169 ----------------------------------------------------------------------------------------
2026-09-28 12:54:16.984 
2026-09-28 12:54:16.985 ++++++++++++++++++++++++++++++++++++++++++++++++++++++++++++++++++++++++++++++++++++++++
2026-09-28 12:54:16.986 ++Proactor<s2>.process_message  [analog-temp/synced.readings]
2026-09-28 12:54:16.986   IN  internal     analog-temp to hw1.isone.me.versant.keene.maple.scada.s2     <-  [analog-temp/to/hw1.isone.me.versant.keene.maple.scada.s2/synced.readings]        SyncedReadings           
2026-09-28 12:54:16.987 ++Parentless.process_internal_message analog-temp/synced.readings
2026-09-28 12:54:16.989   OUT mqtt         analog-temp to s                                       ->  [gw/hw1-isone-me-versant-keene-maple-scada-s2/to/s/synced-readings]               SyncedReadings           
2026-09-28 12:54:16.990 --Parentless.process_internal_message  path:0x00000004
2026-09-28 12:54:16.990 --Proactor<s2>.process_message  path:0x00000401
2026-09-28 12:54:16.991 ----------------------------------------------------------------------------------------
2026-09-28 12:54:17.586 
2026-09-28 12:54:17.586 ++++++++++++++++++++++++++++++++++++++++++++++++++++++++++++++++++++++++++++++++++++++++
2026-09-28 12:54:17.587 ++Proactor<s2>.process_message  [analog-temp/synced.readings]
2026-09-28 12:54:17.588   IN  internal     analog-temp to hw1.isone.me.versant.keene.maple.scada.s2     <-  [analog-temp/to/hw1.isone.me.versant.keene.maple.scada.s2/synced.readings]        SyncedReadings           
2026-09-28 12:54:17.588 ++Parentless.process_internal_message analog-temp/synced.readings
2026-09-28 12:54:17.590   OUT mqtt         analog-temp to s                                       ->  [gw/hw1-isone-me-versant-keene-maple-scada-s2/to/s/synced-readings]               SyncedReadings           
2026-09-28 12:54:17.591 --Parentless.process_internal_message  path:0x00000004
2026-09-28 12:54:17.591 --Proactor<s2>.process_message  path:0x00000401
2026-09-28 12:54:17.592 ----------------------------------------------------------------------------------------
2026-09-28 12:54:22.187 
2026-09-28 12:54:22.190 ++++++++++++++++++++++++++++++++++++++++++++++++++++++++++++++++++++++++++++++++++++++++
2026-09-28 12:54:22.190 ++Proactor<s2>.process_message  [analog-temp/synced.readings]
2026-09-28 12:54:22.191   IN  internal     analog-temp to hw1.isone.me.versant.keene.maple.scada.s2     <-  [analog-temp/to/hw1.isone.me.versant.keene.maple.scada.s2/synced.readings]        SyncedReadings           
2026-09-28 12:54:22.192 ++Parentless.process_internal_message analog-temp/synced.readings
2026-09-28 12:54:22.193   OUT mqtt         analog-temp to s                                       ->  [gw/hw1-isone-me-versant-keene-maple-scada-s2/to/s/synced-readings]               SyncedReadings           
2026-09-28 12:54:22.194 --Parentless.process_internal_message  path:0x00000004
2026-09-28 12:54:22.194 --Proactor<s2>.process_message  path:0x00000401
2026-09-28 12:54:22.195 ----------------------------------------------------------------------------------------
2026-09-28 12:54:22.588 
2026-09-28 12:54:22.588 ++++++++++++++++++++++++++++++++++++++++++++++++++++++++++++++++++++++++++++++++++++++++
2026-09-28 12:54:22.589 ++Proactor<s2>.process_message  [analog-temp/synced.readings]
2026-09-28 12:54:22.590   IN  internal     analog-temp to hw1.isone.me.versant.keene.maple.scada.s2     <-  [analog-temp/to/hw1.isone.me.versant.keene.maple.scada.s2/synced.readings]        SyncedReadings           
2026-09-28 12:54:22.590 ++Parentless.process_internal_message analog-temp/synced.readings
2026-09-28 12:54:22.591   OUT mqtt         analog-temp to s                                       ->  [gw/hw1-isone-me-versant-keene-maple-scada-s2/to/s/synced-readings]               SyncedReadings           
2026-09-28 12:54:22.592 --Parentless.process_internal_message  path:0x00000004
2026-09-28 12:54:22.593 --Proactor<s2>.process_message  path:0x00000401
2026-09-28 12:54:22.593 ----------------------------------------------------------------------------------------
2026-09-28 12:54:26.574 
2026-09-28 12:54:26.574 ++++++++++++++++++++++++++++++++++++++++++++++++++++++++++++++++++++++++++++++++++++++++
2026-09-28 12:54:26.574 ++Proactor<s2>.process_message  [analog-temp/synced.readings]
2026-09-28 12:54:26.574   IN  internal     analog-temp to hw1.isone.me.versant.keene.maple.scada.s2     <-  [analog-temp/to/hw1.isone.me.versant.keene.maple.scada.s2/synced.readings]        SyncedReadings           
2026-09-28 12:54:26.575 ++Parentless.process_internal_message analog-temp/synced.readings
2026-09-28 12:54:26.575   OUT mqtt         analog-temp to s                                       ->  [gw/hw1-isone-me-versant-keene-maple-scada-s2/to/s/synced-readings]               SyncedReadings           
2026-09-28 12:54:26.576 --Parentless.process_internal_message  path:0x00000004
2026-09-28 12:54:26.576 --Proactor<s2>.process_message  path:0x00000401
2026-09-28 12:54:26.576 ----------------------------------------------------------------------------------------
2026-09-28 12:54:26.974 
2026-09-28 12:54:26.974 ++++++++++++++++++++++++++++++++++++++++++++++++++++++++++++++++++++++++++++++++++++++++
2026-09-28 12:54:26.974 ++Proactor<s2>.process_message  [analog-temp/synced.readings]
2026-09-28 12:54:26.975   IN  internal     analog-temp to hw1.isone.me.versant.keene.maple.scada.s2     <-  [analog-temp/to/hw1.isone.me.versant.keene.maple.scada.s2/synced.readings]        SyncedReadings           
2026-09-28 12:54:26.975 ++Parentless.process_internal_message analog-temp/synced.readings
2026-09-28 12:54:26.976   OUT mqtt         analog-temp to s                                       ->  [gw/hw1-isone-me-versant-keene-maple-scada-s2/to/s/synced-readings]               SyncedReadings           
2026-09-28 12:54:26.976 --Parentless.process_internal_message  path:0x00000004
2026-09-28 12:54:26.976 --Proactor<s2>.process_message  path:0x00000401
2026-09-28 12:54:26.976 ----------------------------------------------------------------------------------------
2026-09-28 12:54:28.919 
2026-09-28 12:54:28.920 ++++++++++++++++++++++++++++++++++++++++++++++++++++++++++++++++++++++++++++++++++++++++
2026-09-28 12:54:28.921 ++Proactor<s2>.process_message  [gridworks-ping]
2026-09-28 12:54:28.921 ++Proactor<s2>._process_mqtt_message mqtt_clients/mqtt_message
2026-09-28 12:54:28.922   IN  mqtt         hw1.isone.me.versant.keene.maple.scada to s2           <-  [gw/hw1-isone-me-versant-keene-maple-scada/to/s2/gridworks-ping]                  Ping                      a248df7a...
2026-09-28 12:54:28.924   OUT mqtt         hw1.isone.me.versant.keene.maple.scada.s2 to s         ->  [gw/hw1-isone-me-versant-keene-maple-scada-s2/to/s/gridworks-ack]                 Ack                       a248df7a...
2026-09-28 12:54:28.926 --Proactor<s2>._process_mqtt_message:1  path:0x00000223
2026-09-28 12:54:28.927 --Proactor<s2>.process_message  path:0x00000002
2026-09-28 12:54:28.928 ----------------------------------------------------------------------------------------
2026-09-28 12:54:28.993 
2026-09-28 12:54:28.993 ++++++++++++++++++++++++++++++++++++++++++++++++++++++++++++++++++++++++++++++++++++++++
2026-09-28 12:54:28.994 ++Proactor<s2>.process_message  [analog-temp/synced.readings]
2026-09-28 12:54:28.995   IN  internal     analog-temp to hw1.isone.me.versant.keene.maple.scada.s2     <-  [analog-temp/to/hw1.isone.me.versant.keene.maple.scada.s2/synced.readings]        SyncedReadings           
2026-09-28 12:54:28.995 ++Parentless.process_internal_message analog-temp/synced.readings
2026-09-28 12:54:28.997   OUT mqtt         analog-temp to s                                       ->  [gw/hw1-isone-me-versant-keene-maple-scada-s2/to/s/synced-readings]               SyncedReadings           
2026-09-28 12:54:28.998 --Parentless.process_internal_message  path:0x00000004
2026-09-28 12:54:28.998 --Proactor<s2>.process_message  path:0x00000401
2026-09-28 12:54:28.999 ----------------------------------------------------------------------------------------
2026-09-28 12:54:31.993 
2026-09-28 12:54:31.994 ++++++++++++++++++++++++++++++++++++++++++++++++++++++++++++++++++++++++++++++++++++++++
2026-09-28 12:54:31.995 ++Proactor<s2>.process_message  [analog-temp/synced.readings]
2026-09-28 12:54:31.995   IN  internal     analog-temp to hw1.isone.me.versant.keene.maple.scada.s2     <-  [analog-temp/to/hw1.isone.me.versant.keene.maple.scada.s2/synced.readings]        SyncedReadings           
2026-09-28 12:54:31.996 ++Parentless.process_internal_message analog-temp/synced.readings
2026-09-28 12:54:31.997   OUT mqtt         analog-temp to s                                       ->  [gw/hw1-isone-me-versant-keene-maple-scada-s2/to/s/synced-readings]               SyncedReadings           
2026-09-28 12:54:31.998 --Parentless.process_internal_message  path:0x00000004
2026-09-28 12:54:31.999 --Proactor<s2>.process_message  path:0x00000401
2026-09-28 12:54:32.000 ----------------------------------------------------------------------------------------
2026-09-28 12:54:32.393 
2026-09-28 12:54:32.393 ++++++++++++++++++++++++++++++++++++++++++++++++++++++++++++++++++++++++++++++++++++++++
2026-09-28 12:54:32.394 ++Proactor<s2>.process_message  [analog-temp/synced.readings]
2026-09-28 12:54:32.395   IN  internal     analog-temp to hw1.isone.me.versant.keene.maple.scada.s2     <-  [analog-temp/to/hw1.isone.me.versant.keene.maple.scada.s2/synced.readings]        SyncedReadings           
2026-09-28 12:54:32.395 ++Parentless.process_internal_message analog-temp/synced.readings
2026-09-28 12:54:32.397   OUT mqtt         analog-temp to s                                       ->  [gw/hw1-isone-me-versant-keene-maple-scada-s2/to/s/synced-readings]               SyncedReadings           
2026-09-28 12:54:32.398 --Parentless.process_internal_message  path:0x00000004
2026-09-28 12:54:32.399 --Proactor<s2>.process_message  path:0x00000401
2026-09-28 12:54:32.399 ----------------------------------------------------------------------------------------
2026-09-28 12:54:35.983 
2026-09-28 12:54:35.983 ++++++++++++++++++++++++++++++++++++++++++++++++++++++++++++++++++++++++++++++++++++++++
2026-09-28 12:54:35.983 ++Proactor<s2>.process_message  [analog-temp/synced.readings]
2026-09-28 12:54:35.984   IN  internal     analog-temp to hw1.isone.me.versant.keene.maple.scada.s2     <-  [analog-temp/to/hw1.isone.me.versant.keene.maple.scada.s2/synced.readings]        SyncedReadings           
2026-09-28 12:54:35.985 ++Parentless.process_internal_message analog-temp/synced.readings
2026-09-28 12:54:35.986   OUT mqtt         analog-temp to s                                       ->  [gw/hw1-isone-me-versant-keene-maple-scada-s2/to/s/synced-readings]               SyncedReadings           
2026-09-28 12:54:35.987 --Parentless.process_internal_message  path:0x00000004
2026-09-28 12:54:35.987 --Proactor<s2>.process_message  path:0x00000401
2026-09-28 12:54:35.988 ----------------------------------------------------------------------------------------
2026-09-28 12:54:36.580 
2026-09-28 12:54:36.580 ++++++++++++++++++++++++++++++++++++++++++++++++++++++++++++++++++++++++++++++++++++++++
2026-09-28 12:54:36.580 ++Proactor<s2>.process_message  [analog-temp/synced.readings]
2026-09-28 12:54:36.580   IN  internal     analog-temp to hw1.isone.me.versant.keene.maple.scada.s2     <-  [analog-temp/to/hw1.isone.me.versant.keene.maple.scada.s2/synced.readings]        SyncedReadings           
2026-09-28 12:54:36.581 ++Parentless.process_internal_message analog-temp/synced.readings
2026-09-28 12:54:36.581   OUT mqtt         analog-temp to s                                       ->  [gw/hw1-isone-me-versant-keene-maple-scada-s2/to/s/synced-readings]               SyncedReadings           
2026-09-28 12:54:36.582 --Parentless.process_internal_message  path:0x00000004
2026-09-28 12:54:36.582 --Proactor<s2>.process_message  path:0x00000401
2026-09-28 12:54:36.582 ----------------------------------------------------------------------------------------
2026-09-28 12:54:41.397 
2026-09-28 12:54:41.398 ++++++++++++++++++++++++++++++++++++++++++++++++++++++++++++++++++++++++++++++++++++++++
2026-09-28 12:54:41.398 ++Proactor<s2>.process_message  [analog-temp/synced.readings]
2026-09-28 12:54:41.399   IN  internal     analog-temp to hw1.isone.me.versant.keene.maple.scada.s2     <-  [analog-temp/to/hw1.isone.me.versant.keene.maple.scada.s2/synced.readings]        SyncedReadings           
2026-09-28 12:54:41.399 ++Parentless.process_internal_message analog-temp/synced.readings
2026-09-28 12:54:41.400   OUT mqtt         analog-temp to s                                       ->  [gw/hw1-isone-me-versant-keene-maple-scada-s2/to/s/synced-readings]               SyncedReadings           
2026-09-28 12:54:41.401 --Parentless.process_internal_message  path:0x00000004
2026-09-28 12:54:41.402 --Proactor<s2>.process_message  path:0x00000401
2026-09-28 12:54:41.402 ----------------------------------------------------------------------------------------
2026-09-28 12:54:41.797 
2026-09-28 12:54:41.798 ++++++++++++++++++++++++++++++++++++++++++++++++++++++++++++++++++++++++++++++++++++++++
2026-09-28 12:54:41.798 ++Proactor<s2>.process_message  [analog-temp/synced.readings]
2026-09-28 12:54:41.799   IN  internal     analog-temp to hw1.isone.me.versant.keene.maple.scada.s2     <-  [analog-temp/to/hw1.isone.me.versant.keene.maple.scada.s2/synced.readings]        SyncedReadings           
2026-09-28 12:54:41.799 ++Parentless.process_internal_message analog-temp/synced.readings
2026-09-28 12:54:41.801   OUT mqtt         analog-temp to s                                       ->  [gw/hw1-isone-me-versant-keene-maple-scada-s2/to/s/synced-readings]               SyncedReadings           
2026-09-28 12:54:41.801 --Parentless.process_internal_message  path:0x00000004
2026-09-28 12:54:41.802 --Proactor<s2>.process_message  path:0x00000401
2026-09-28 12:54:41.802 ----------------------------------------------------------------------------------------
2026-09-28 12:54:41.998 
2026-09-28 12:54:41.999 ++++++++++++++++++++++++++++++++++++++++++++++++++++++++++++++++++++++++++++++++++++++++
2026-09-28 12:54:41.999 ++Proactor<s2>.process_message  [analog-temp/synced.readings]
2026-09-28 12:54:42.000   IN  internal     analog-temp to hw1.isone.me.versant.keene.maple.scada.s2     <-  [analog-temp/to/hw1.isone.me.versant.keene.maple.scada.s2/synced.readings]        SyncedReadings           
2026-09-28 12:54:42.000 ++Parentless.process_internal_message analog-temp/synced.readings
2026-09-28 12:54:42.002   OUT mqtt         analog-temp to s                                       ->  [gw/hw1-isone-me-versant-keene-maple-scada-s2/to/s/synced-readings]               SyncedReadings           
2026-09-28 12:54:42.002 --Parentless.process_internal_message  path:0x00000004
2026-09-28 12:54:42.003 --Proactor<s2>.process_message  path:0x00000401
2026-09-28 12:54:42.004 ----------------------------------------------------------------------------------------
2026-09-28 12:54:47.202 
2026-09-28 12:54:47.203 ++++++++++++++++++++++++++++++++++++++++++++++++++++++++++++++++++++++++++++++++++++++++
2026-09-28 12:54:47.204 ++Proactor<s2>.process_message  [analog-temp/synced.readings]
2026-09-28 12:54:47.204   IN  internal     analog-temp to hw1.isone.me.versant.keene.maple.scada.s2     <-  [analog-temp/to/hw1.isone.me.versant.keene.maple.scada.s2/synced.readings]        SyncedReadings           
2026-09-28 12:54:47.205 ++Parentless.process_internal_message analog-temp/synced.readings
2026-09-28 12:54:47.206   OUT mqtt         analog-temp to s                                       ->  [gw/hw1-isone-me-versant-keene-maple-scada-s2/to/s/synced-readings]               SyncedReadings           
2026-09-28 12:54:47.207 --Parentless.process_internal_message  path:0x00000004
2026-09-28 12:54:47.208 --Proactor<s2>.process_message  path:0x00000401
2026-09-28 12:54:47.209 ----------------------------------------------------------------------------------------
2026-09-28 12:54:47.989 
2026-09-28 12:54:47.989 ++++++++++++++++++++++++++++++++++++++++++++++++++++++++++++++++++++++++++++++++++++++++
2026-09-28 12:54:47.989 ++Proactor<s2>.process_message  [analog-temp/synced.readings]
2026-09-28 12:54:47.990   IN  internal     analog-temp to hw1.isone.me.versant.keene.maple.scada.s2     <-  [analog-temp/to/hw1.isone.me.versant.keene.maple.scada.s2/synced.readings]        SyncedReadings           
2026-09-28 12:54:47.990 ++Parentless.process_internal_message analog-temp/synced.readings
2026-09-28 12:54:47.991   OUT mqtt         analog-temp to s                                       ->  [gw/hw1-isone-me-versant-keene-maple-scada-s2/to/s/synced-readings]               SyncedReadings           
2026-09-28 12:54:47.991 --Parentless.process_internal_message  path:0x00000004
2026-09-28 12:54:47.991 --Proactor<s2>.process_message  path:0x00000401
2026-09-28 12:54:47.991 ----------------------------------------------------------------------------------------
2026-09-28 12:54:48.786 
2026-09-28 12:54:48.786 ++++++++++++++++++++++++++++++++++++++++++++++++++++++++++++++++++++++++++++++++++++++++
2026-09-28 12:54:48.787 ++Proactor<s2>.process_message  [analog-temp/synced.readings]
2026-09-28 12:54:48.787   IN  internal     analog-temp to hw1.isone.me.versant.keene.maple.scada.s2     <-  [analog-temp/to/hw1.isone.me.versant.keene.maple.scada.s2/synced.readings]        SyncedReadings           
2026-09-28 12:54:48.787 ++Parentless.process_internal_message analog-temp/synced.readings
2026-09-28 12:54:48.788   OUT mqtt         analog-temp to s                                       ->  [gw/hw1-isone-me-versant-keene-maple-scada-s2/to/s/synced-readings]               SyncedReadings           
2026-09-28 12:54:48.788 --Parentless.process_internal_message  path:0x00000004
2026-09-28 12:54:48.788 --Proactor<s2>.process_message  path:0x00000401
2026-09-28 12:54:48.789 ----------------------------------------------------------------------------------------
2026-09-28 12:54:49.186 
2026-09-28 12:54:49.187 ++++++++++++++++++++++++++++++++++++++++++++++++++++++++++++++++++++++++++++++++++++++++
2026-09-28 12:54:49.187 ++Proactor<s2>.process_message  [analog-temp/synced.readings]
2026-09-28 12:54:49.187   IN  internal     analog-temp to hw1.isone.me.versant.keene.maple.scada.s2     <-  [analog-temp/to/hw1.isone.me.versant.keene.maple.scada.s2/synced.readings]        SyncedReadings           
2026-09-28 12:54:49.187 ++Parentless.process_internal_message analog-temp/synced.readings
2026-09-28 12:54:49.188   OUT mqtt         analog-temp to s                                       ->  [gw/hw1-isone-me-versant-keene-maple-scada-s2/to/s/synced-readings]               SyncedReadings           
2026-09-28 12:54:49.188 --Parentless.process_internal_message  path:0x00000004
2026-09-28 12:54:49.189 --Proactor<s2>.process_message  path:0x00000401
2026-09-28 12:54:49.189 ----------------------------------------------------------------------------------------
2026-09-28 12:54:51.587 
2026-09-28 12:54:51.588 ++++++++++++++++++++++++++++++++++++++++++++++++++++++++++++++++++++++++++++++++++++++++
2026-09-28 12:54:51.588 ++Proactor<s2>.process_message  [analog-temp/synced.readings]
2026-09-28 12:54:51.588   IN  internal     analog-temp to hw1.isone.me.versant.keene.maple.scada.s2     <-  [analog-temp/to/hw1.isone.me.versant.keene.maple.scada.s2/synced.readings]        SyncedReadings           
2026-09-28 12:54:51.588 ++Parentless.process_internal_message analog-temp/synced.readings
2026-09-28 12:54:51.589   OUT mqtt         analog-temp to s                                       ->  [gw/hw1-isone-me-versant-keene-maple-scada-s2/to/s/synced-readings]               SyncedReadings           
2026-09-28 12:54:51.589 --Parentless.process_internal_message  path:0x00000004
2026-09-28 12:54:51.590 --Proactor<s2>.process_message  path:0x00000401
2026-09-28 12:54:51.590 ----------------------------------------------------------------------------------------
2026-09-28 12:54:51.787 
2026-09-28 12:54:51.788 ++++++++++++++++++++++++++++++++++++++++++++++++++++++++++++++++++++++++++++++++++++++++
2026-09-28 12:54:51.788 ++Proactor<s2>.process_message  [analog-temp/synced.readings]
2026-09-28 12:54:51.788   IN  internal     analog-temp to hw1.isone.me.versant.keene.maple.scada.s2     <-  [analog-temp/to/hw1.isone.me.versant.keene.maple.scada.s2/synced.readings]        SyncedReadings           
2026-09-28 12:54:51.788 ++Parentless.process_internal_message analog-temp/synced.readings
2026-09-28 12:54:51.789   OUT mqtt         analog-temp to s                                       ->  [gw/hw1-isone-me-versant-keene-maple-scada-s2/to/s/synced-readings]               SyncedReadings           
2026-09-28 12:54:51.789 --Parentless.process_internal_message  path:0x00000004
2026-09-28 12:54:51.789 --Proactor<s2>.process_message  path:0x00000401
2026-09-28 12:54:51.790 ----------------------------------------------------------------------------------------
2026-09-28 12:54:57.208 
2026-09-28 12:54:57.208 ++++++++++++++++++++++++++++++++++++++++++++++++++++++++++++++++++++++++++++++++++++++++
2026-09-28 12:54:57.209 ++Proactor<s2>.process_message  [analog-temp/synced.readings]
2026-09-28 12:54:57.209   IN  internal     analog-temp to hw1.isone.me.versant.keene.maple.scada.s2     <-  [analog-temp/to/hw1.isone.me.versant.keene.maple.scada.s2/synced.readings]        SyncedReadings           
2026-09-28 12:54:57.210 ++Parentless.process_internal_message analog-temp/synced.readings
2026-09-28 12:54:57.212   OUT mqtt         analog-temp to s                                       ->  [gw/hw1-isone-me-versant-keene-maple-scada-s2/to/s/synced-readings]               SyncedReadings           
2026-09-28 12:54:57.213 --Parentless.process_internal_message  path:0x00000004
2026-09-28 12:54:57.213 --Proactor<s2>.process_message  path:0x00000401
2026-09-28 12:54:57.214 ----------------------------------------------------------------------------------------
2026-09-28 12:55:01.793 
2026-09-28 12:55:01.793 ++++++++++++++++++++++++++++++++++++++++++++++++++++++++++++++++++++++++++++++++++++++++
2026-09-28 12:55:01.793 ++Proactor<s2>.process_message  [analog-temp/synced.readings]
2026-09-28 12:55:01.794   IN  internal     analog-temp to hw1.isone.me.versant.keene.maple.scada.s2     <-  [analog-temp/to/hw1.isone.me.versant.keene.maple.scada.s2/synced.readings]        SyncedReadings           
2026-09-28 12:55:01.794 ++Parentless.process_internal_message analog-temp/synced.readings
2026-09-28 12:55:01.794   OUT mqtt         analog-temp to s                                       ->  [gw/hw1-isone-me-versant-keene-maple-scada-s2/to/s/synced-readings]               SyncedReadings           
2026-09-28 12:55:01.795 --Parentless.process_internal_message  path:0x00000004
2026-09-28 12:55:01.795 --Proactor<s2>.process_message  path:0x00000401
2026-09-28 12:55:01.795 ----------------------------------------------------------------------------------------
2026-09-28 12:55:01.993 
2026-09-28 12:55:01.993 ++++++++++++++++++++++++++++++++++++++++++++++++++++++++++++++++++++++++++++++++++++++++
2026-09-28 12:55:01.994 ++Proactor<s2>.process_message  [analog-temp/synced.readings]
2026-09-28 12:55:01.994   IN  internal     analog-temp to hw1.isone.me.versant.keene.maple.scada.s2     <-  [analog-temp/to/hw1.isone.me.versant.keene.maple.scada.s2/synced.readings]        SyncedReadings           
2026-09-28 12:55:01.994 ++Parentless.process_internal_message analog-temp/synced.readings
2026-09-28 12:55:01.995   OUT mqtt         analog-temp to s                                       ->  [gw/hw1-isone-me-versant-keene-maple-scada-s2/to/s/synced-readings]               SyncedReadings           
2026-09-28 12:55:01.995 --Parentless.process_internal_message  path:0x00000004
2026-09-28 12:55:01.996 --Proactor<s2>.process_message  path:0x00000401
2026-09-28 12:55:01.996 ----------------------------------------------------------------------------------------
2026-09-28 12:55:04.802 
2026-09-28 12:55:04.802 ++++++++++++++++++++++++++++++++++++++++++++++++++++++++++++++++++++++++++++++++++++++++
2026-09-28 12:55:04.803 ++Proactor<s2>.process_message  [analog-temp/synced.readings]
2026-09-28 12:55:04.804   IN  internal     analog-temp to hw1.isone.me.versant.keene.maple.scada.s2     <-  [analog-temp/to/hw1.isone.me.versant.keene.maple.scada.s2/synced.readings]        SyncedReadings           
2026-09-28 12:55:04.804 ++Parentless.process_internal_message analog-temp/synced.readings
2026-09-28 12:55:04.806   OUT mqtt         analog-temp to s                                       ->  [gw/hw1-isone-me-versant-keene-maple-scada-s2/to/s/synced-readings]               SyncedReadings           
2026-09-28 12:55:04.806 --Parentless.process_internal_message  path:0x00000004
2026-09-28 12:55:04.807 --Proactor<s2>.process_message  path:0x00000401
2026-09-28 12:55:04.808 ----------------------------------------------------------------------------------------
2026-09-28 12:55:05.811 
2026-09-28 12:55:05.816 ++++++++++++++++++++++++++++++++++++++++++++++++++++++++++++++++++++++++++++++++++++++++
2026-09-28 12:55:05.816 ++Proactor<s2>.process_message  [analog-temp/synced.readings]
2026-09-28 12:55:05.817   IN  internal     analog-temp to hw1.isone.me.versant.keene.maple.scada.s2     <-  [analog-temp/to/hw1.isone.me.versant.keene.maple.scada.s2/synced.readings]        SyncedReadings           
2026-09-28 12:55:05.817 ++Parentless.process_internal_message analog-temp/synced.readings
2026-09-28 12:55:05.819   OUT mqtt         analog-temp to s                                       ->  [gw/hw1-isone-me-versant-keene-maple-scada-s2/to/s/synced-readings]               SyncedReadings           
2026-09-28 12:55:05.820 --Parentless.process_internal_message  path:0x00000004
2026-09-28 12:55:05.821 --Proactor<s2>.process_message  path:0x00000401
2026-09-28 12:55:05.821 ----------------------------------------------------------------------------------------
2026-09-28 12:55:07.213 
2026-09-28 12:55:07.213 ++++++++++++++++++++++++++++++++++++++++++++++++++++++++++++++++++++++++++++++++++++++++
2026-09-28 12:55:07.214 ++Proactor<s2>.process_message  [analog-temp/synced.readings]
2026-09-28 12:55:07.214   IN  internal     analog-temp to hw1.isone.me.versant.keene.maple.scada.s2     <-  [analog-temp/to/hw1.isone.me.versant.keene.maple.scada.s2/synced.readings]        SyncedReadings           
2026-09-28 12:55:07.215 ++Parentless.process_internal_message analog-temp/synced.readings
2026-09-28 12:55:07.217   OUT mqtt         analog-temp to s                                       ->  [gw/hw1-isone-me-versant-keene-maple-scada-s2/to/s/synced-readings]               SyncedReadings           
2026-09-28 12:55:07.218 --Parentless.process_internal_message  path:0x00000004
2026-09-28 12:55:07.219 --Proactor<s2>.process_message  path:0x00000401
2026-09-28 12:55:07.219 ----------------------------------------------------------------------------------------
2026-09-28 12:55:07.413 
2026-09-28 12:55:07.414 ++++++++++++++++++++++++++++++++++++++++++++++++++++++++++++++++++++++++++++++++++++++++
2026-09-28 12:55:07.414 ++Proactor<s2>.process_message  [analog-temp/synced.readings]
2026-09-28 12:55:07.415   IN  internal     analog-temp to hw1.isone.me.versant.keene.maple.scada.s2     <-  [analog-temp/to/hw1.isone.me.versant.keene.maple.scada.s2/synced.readings]        SyncedReadings           
2026-09-28 12:55:07.415 ++Parentless.process_internal_message analog-temp/synced.readings
2026-09-28 12:55:07.417   OUT mqtt         analog-temp to s                                       ->  [gw/hw1-isone-me-versant-keene-maple-scada-s2/to/s/synced-readings]               SyncedReadings           
2026-09-28 12:55:07.418 --Parentless.process_internal_message  path:0x00000004
2026-09-28 12:55:07.419 --Proactor<s2>.process_message  path:0x00000401
2026-09-28 12:55:07.419 ----------------------------------------------------------------------------------------
2026-09-28 12:55:10.414 
2026-09-28 12:55:10.415 ++++++++++++++++++++++++++++++++++++++++++++++++++++++++++++++++++++++++++++++++++++++++
2026-09-28 12:55:10.416 ++Proactor<s2>.process_message  [analog-temp/synced.readings]
2026-09-28 12:55:10.416   IN  internal     analog-temp to hw1.isone.me.versant.keene.maple.scada.s2     <-  [analog-temp/to/hw1.isone.me.versant.keene.maple.scada.s2/synced.readings]        SyncedReadings           
2026-09-28 12:55:10.417 ++Parentless.process_internal_message analog-temp/synced.readings
2026-09-28 12:55:10.418   OUT mqtt         analog-temp to s                                       ->  [gw/hw1-isone-me-versant-keene-maple-scada-s2/to/s/synced-readings]               SyncedReadings           
2026-09-28 12:55:10.419 --Parentless.process_internal_message  path:0x00000004
2026-09-28 12:55:10.420 --Proactor<s2>.process_message  path:0x00000401
2026-09-28 12:55:10.420 ----------------------------------------------------------------------------------------
2026-09-28 12:55:12.214 
2026-09-28 12:55:12.215 ++++++++++++++++++++++++++++++++++++++++++++++++++++++++++++++++++++++++++++++++++++++++
2026-09-28 12:55:12.215 ++Proactor<s2>.process_message  [analog-temp/synced.readings]
2026-09-28 12:55:12.216   IN  internal     analog-temp to hw1.isone.me.versant.keene.maple.scada.s2     <-  [analog-temp/to/hw1.isone.me.versant.keene.maple.scada.s2/synced.readings]        SyncedReadings           
2026-09-28 12:55:12.216 ++Parentless.process_internal_message analog-temp/synced.readings
2026-09-28 12:55:12.218   OUT mqtt         analog-temp to s                                       ->  [gw/hw1-isone-me-versant-keene-maple-scada-s2/to/s/synced-readings]               SyncedReadings           
2026-09-28 12:55:12.219 --Parentless.process_internal_message  path:0x00000004
2026-09-28 12:55:12.220 --Proactor<s2>.process_message  path:0x00000401
2026-09-28 12:55:12.220 ----------------------------------------------------------------------------------------
2026-09-28 12:55:12.399 
2026-09-28 12:55:12.399 ++++++++++++++++++++++++++++++++++++++++++++++++++++++++++++++++++++++++++++++++++++++++
2026-09-28 12:55:12.399 ++Proactor<s2>.process_message  [analog-temp/synced.readings]
2026-09-28 12:55:12.400   IN  internal     analog-temp to hw1.isone.me.versant.keene.maple.scada.s2     <-  [analog-temp/to/hw1.isone.me.versant.keene.maple.scada.s2/synced.readings]        SyncedReadings           
2026-09-28 12:55:12.400 ++Parentless.process_internal_message analog-temp/synced.readings
2026-09-28 12:55:12.401   OUT mqtt         analog-temp to s                                       ->  [gw/hw1-isone-me-versant-keene-maple-scada-s2/to/s/synced-readings]               SyncedReadings           
2026-09-28 12:55:12.401 --Parentless.process_internal_message  path:0x00000004
2026-09-28 12:55:12.401 --Proactor<s2>.process_message  path:0x00000401
2026-09-28 12:55:12.401 ----------------------------------------------------------------------------------------
2026-09-28 12:55:17.201 
2026-09-28 12:55:17.201 ++++++++++++++++++++++++++++++++++++++++++++++++++++++++++++++++++++++++++++++++++++++++
2026-09-28 12:55:17.202 ++Proactor<s2>.process_message  [analog-temp/synced.readings]
2026-09-28 12:55:17.202   IN  internal     analog-temp to hw1.isone.me.versant.keene.maple.scada.s2     <-  [analog-temp/to/hw1.isone.me.versant.keene.maple.scada.s2/synced.readings]        SyncedReadings           
2026-09-28 12:55:17.202 ++Parentless.process_internal_message analog-temp/synced.readings
2026-09-28 12:55:17.203   OUT mqtt         analog-temp to s                                       ->  [gw/hw1-isone-me-versant-keene-maple-scada-s2/to/s/synced-readings]               SyncedReadings           
2026-09-28 12:55:17.207 --Parentless.process_internal_message  path:0x00000004
2026-09-28 12:55:17.207 --Proactor<s2>.process_message  path:0x00000401
2026-09-28 12:55:17.207 ----------------------------------------------------------------------------------------
2026-09-28 12:55:19.017 
2026-09-28 12:55:19.017 ++++++++++++++++++++++++++++++++++++++++++++++++++++++++++++++++++++++++++++++++++++++++
2026-09-28 12:55:19.018 ++Proactor<s2>.process_message  [analog-temp/synced.readings]
2026-09-28 12:55:19.018   IN  internal     analog-temp to hw1.isone.me.versant.keene.maple.scada.s2     <-  [analog-temp/to/hw1.isone.me.versant.keene.maple.scada.s2/synced.readings]        SyncedReadings           
2026-09-28 12:55:19.019 ++Parentless.process_internal_message analog-temp/synced.readings
2026-09-28 12:55:19.020   OUT mqtt         analog-temp to s                                       ->  [gw/hw1-isone-me-versant-keene-maple-scada-s2/to/s/synced-readings]               SyncedReadings           
2026-09-28 12:55:19.021 --Parentless.process_internal_message  path:0x00000004
2026-09-28 12:55:19.022 --Proactor<s2>.process_message  path:0x00000401
2026-09-28 12:55:19.022 ----------------------------------------------------------------------------------------
2026-09-28 12:55:22.620 
2026-09-28 12:55:22.620 ++++++++++++++++++++++++++++++++++++++++++++++++++++++++++++++++++++++++++++++++++++++++
2026-09-28 12:55:22.621 ++Proactor<s2>.process_message  [analog-temp/synced.readings]
2026-09-28 12:55:22.622   IN  internal     analog-temp to hw1.isone.me.versant.keene.maple.scada.s2     <-  [analog-temp/to/hw1.isone.me.versant.keene.maple.scada.s2/synced.readings]        SyncedReadings           
2026-09-28 12:55:22.622 ++Parentless.process_internal_message analog-temp/synced.readings
2026-09-28 12:55:22.624   OUT mqtt         analog-temp to s                                       ->  [gw/hw1-isone-me-versant-keene-maple-scada-s2/to/s/synced-readings]               SyncedReadings           
2026-09-28 12:55:22.625 --Parentless.process_internal_message  path:0x00000004
2026-09-28 12:55:22.626 --Proactor<s2>.process_message  path:0x00000401
2026-09-28 12:55:22.626 ----------------------------------------------------------------------------------------
2026-09-28 12:55:22.820 
2026-09-28 12:55:22.820 ++++++++++++++++++++++++++++++++++++++++++++++++++++++++++++++++++++++++++++++++++++++++
2026-09-28 12:55:22.821 ++Proactor<s2>.process_message  [analog-temp/synced.readings]
2026-09-28 12:55:22.821   IN  internal     analog-temp to hw1.isone.me.versant.keene.maple.scada.s2     <-  [analog-temp/to/hw1.isone.me.versant.keene.maple.scada.s2/synced.readings]        SyncedReadings           
2026-09-28 12:55:22.822 ++Parentless.process_internal_message analog-temp/synced.readings
2026-09-28 12:55:22.824   OUT mqtt         analog-temp to s                                       ->  [gw/hw1-isone-me-versant-keene-maple-scada-s2/to/s/synced-readings]               SyncedReadings           
2026-09-28 12:55:22.825 --Parentless.process_internal_message  path:0x00000004
2026-09-28 12:55:22.825 --Proactor<s2>.process_message  path:0x00000401
2026-09-28 12:55:22.826 ----------------------------------------------------------------------------------------
2026-09-28 12:55:25.005 
2026-09-28 12:55:25.006 ++++++++++++++++++++++++++++++++++++++++++++++++++++++++++++++++++++++++++++++++++++++++
2026-09-28 12:55:25.006 ++Proactor<s2>.process_message  [analog-temp/synced.readings]
2026-09-28 12:55:25.006   IN  internal     analog-temp to hw1.isone.me.versant.keene.maple.scada.s2     <-  [analog-temp/to/hw1.isone.me.versant.keene.maple.scada.s2/synced.readings]        SyncedReadings           
2026-09-28 12:55:25.007 ++Parentless.process_internal_message analog-temp/synced.readings
2026-09-28 12:55:25.007   OUT mqtt         analog-temp to s                                       ->  [gw/hw1-isone-me-versant-keene-maple-scada-s2/to/s/synced-readings]               SyncedReadings           
2026-09-28 12:55:25.008 --Parentless.process_internal_message  path:0x00000004
2026-09-28 12:55:25.008 --Proactor<s2>.process_message  path:0x00000401
2026-09-28 12:55:25.008 ----------------------------------------------------------------------------------------
2026-09-28 12:55:25.805 
2026-09-28 12:55:25.806 ++++++++++++++++++++++++++++++++++++++++++++++++++++++++++++++++++++++++++++++++++++++++
2026-09-28 12:55:25.806 ++Proactor<s2>.process_message  [analog-temp/synced.readings]
2026-09-28 12:55:25.806   IN  internal     analog-temp to hw1.isone.me.versant.keene.maple.scada.s2     <-  [analog-temp/to/hw1.isone.me.versant.keene.maple.scada.s2/synced.readings]        SyncedReadings           
2026-09-28 12:55:25.806 ++Parentless.process_internal_message analog-temp/synced.readings
2026-09-28 12:55:25.807   OUT mqtt         analog-temp to s                                       ->  [gw/hw1-isone-me-versant-keene-maple-scada-s2/to/s/synced-readings]               SyncedReadings           
2026-09-28 12:55:25.807 --Parentless.process_internal_message  path:0x00000004
2026-09-28 12:55:25.808 --Proactor<s2>.process_message  path:0x00000401
2026-09-28 12:55:25.808 ----------------------------------------------------------------------------------------
2026-09-28 12:55:27.206 
2026-09-28 12:55:27.206 ++++++++++++++++++++++++++++++++++++++++++++++++++++++++++++++++++++++++++++++++++++++++
2026-09-28 12:55:27.207 ++Proactor<s2>.process_message  [analog-temp/synced.readings]
2026-09-28 12:55:27.207   IN  internal     analog-temp to hw1.isone.me.versant.keene.maple.scada.s2     <-  [analog-temp/to/hw1.isone.me.versant.keene.maple.scada.s2/synced.readings]        SyncedReadings           
2026-09-28 12:55:27.207 ++Parentless.process_internal_message analog-temp/synced.readings
2026-09-28 12:55:27.208   OUT mqtt         analog-temp to s                                       ->  [gw/hw1-isone-me-versant-keene-maple-scada-s2/to/s/synced-readings]               SyncedReadings           
2026-09-28 12:55:27.208 --Parentless.process_internal_message  path:0x00000004
2026-09-28 12:55:27.208 --Proactor<s2>.process_message  path:0x00000401
2026-09-28 12:55:27.208 ----------------------------------------------------------------------------------------
2026-09-28 12:55:27.606 
2026-09-28 12:55:27.610 ++++++++++++++++++++++++++++++++++++++++++++++++++++++++++++++++++++++++++++++++++++++++
2026-09-28 12:55:27.611 ++Proactor<s2>.process_message  [analog-temp/synced.readings]
2026-09-28 12:55:27.611   IN  internal     analog-temp to hw1.isone.me.versant.keene.maple.scada.s2     <-  [analog-temp/to/hw1.isone.me.versant.keene.maple.scada.s2/synced.readings]        SyncedReadings           
2026-09-28 12:55:27.611 ++Parentless.process_internal_message analog-temp/synced.readings
2026-09-28 12:55:27.612   OUT mqtt         analog-temp to s                                       ->  [gw/hw1-isone-me-versant-keene-maple-scada-s2/to/s/synced-readings]               SyncedReadings           
2026-09-28 12:55:27.612 --Parentless.process_internal_message  path:0x00000004
2026-09-28 12:55:27.613 --Proactor<s2>.process_message  path:0x00000401
2026-09-28 12:55:27.613 ----------------------------------------------------------------------------------------
2026-09-28 12:55:29.550 
2026-09-28 12:55:29.550 ++++++++++++++++++++++++++++++++++++++++++++++++++++++++++++++++++++++++++++++++++++++++
2026-09-28 12:55:29.550 ++Proactor<s2>.process_message  [gridworks-ping]
2026-09-28 12:55:29.550 ++Proactor<s2>._process_mqtt_message mqtt_clients/mqtt_message
2026-09-28 12:55:29.551   IN  mqtt         hw1.isone.me.versant.keene.maple.scada to s2           <-  [gw/hw1-isone-me-versant-keene-maple-scada/to/s2/gridworks-ping]                  Ping                      c8723cc5...
2026-09-28 12:55:29.552   OUT mqtt         hw1.isone.me.versant.keene.maple.scada.s2 to s         ->  [gw/hw1-isone-me-versant-keene-maple-scada-s2/to/s/gridworks-ack]                 Ack                       c8723cc5...
2026-09-28 12:55:29.552 --Proactor<s2>._process_mqtt_message:1  path:0x00000223
2026-09-28 12:55:29.553 --Proactor<s2>.process_message  path:0x00000002
2026-09-28 12:55:29.553 ----------------------------------------------------------------------------------------
2026-09-28 12:55:33.024 
2026-09-28 12:55:33.027 ++++++++++++++++++++++++++++++++++++++++++++++++++++++++++++++++++++++++++++++++++++++++
2026-09-28 12:55:33.028 ++Proactor<s2>.process_message  [analog-temp/synced.readings]
2026-09-28 12:55:33.028   IN  internal     analog-temp to hw1.isone.me.versant.keene.maple.scada.s2     <-  [analog-temp/to/hw1.isone.me.versant.keene.maple.scada.s2/synced.readings]        SyncedReadings           
2026-09-28 12:55:33.029 ++Parentless.process_internal_message analog-temp/synced.readings
2026-09-28 12:55:33.031   OUT mqtt         analog-temp to s                                       ->  [gw/hw1-isone-me-versant-keene-maple-scada-s2/to/s/synced-readings]               SyncedReadings           
2026-09-28 12:55:33.032 --Parentless.process_internal_message  path:0x00000004
2026-09-28 12:55:33.033 --Proactor<s2>.process_message  path:0x00000401
2026-09-28 12:55:33.033 ----------------------------------------------------------------------------------------
2026-09-28 12:55:33.225 
2026-09-28 12:55:33.226 ++++++++++++++++++++++++++++++++++++++++++++++++++++++++++++++++++++++++++++++++++++++++
2026-09-28 12:55:33.226 ++Proactor<s2>.process_message  [analog-temp/synced.readings]
2026-09-28 12:55:33.227   IN  internal     analog-temp to hw1.isone.me.versant.keene.maple.scada.s2     <-  [analog-temp/to/hw1.isone.me.versant.keene.maple.scada.s2/synced.readings]        SyncedReadings           
2026-09-28 12:55:33.228 ++Parentless.process_internal_message analog-temp/synced.readings
2026-09-28 12:55:33.229   OUT mqtt         analog-temp to s                                       ->  [gw/hw1-isone-me-versant-keene-maple-scada-s2/to/s/synced-readings]               SyncedReadings           
2026-09-28 12:55:33.230 --Parentless.process_internal_message  path:0x00000004
2026-09-28 12:55:33.231 --Proactor<s2>.process_message  path:0x00000401
2026-09-28 12:55:33.231 ----------------------------------------------------------------------------------------
2026-09-28 12:55:37.812 
2026-09-28 12:55:37.812 ++++++++++++++++++++++++++++++++++++++++++++++++++++++++++++++++++++++++++++++++++++++++
2026-09-28 12:55:37.812 ++Proactor<s2>.process_message  [analog-temp/synced.readings]
2026-09-28 12:55:37.813   IN  internal     analog-temp to hw1.isone.me.versant.keene.maple.scada.s2     <-  [analog-temp/to/hw1.isone.me.versant.keene.maple.scada.s2/synced.readings]        SyncedReadings           
2026-09-28 12:55:37.813 ++Parentless.process_internal_message analog-temp/synced.readings
2026-09-28 12:55:37.813   OUT mqtt         analog-temp to s                                       ->  [gw/hw1-isone-me-versant-keene-maple-scada-s2/to/s/synced-readings]               SyncedReadings           
2026-09-28 12:55:37.814 --Parentless.process_internal_message  path:0x00000004
2026-09-28 12:55:37.814 --Proactor<s2>.process_message  path:0x00000401
2026-09-28 12:55:37.814 ----------------------------------------------------------------------------------------
2026-09-28 12:55:43.430 
2026-09-28 12:55:43.431 ++++++++++++++++++++++++++++++++++++++++++++++++++++++++++++++++++++++++++++++++++++++++
2026-09-28 12:55:43.431 ++Proactor<s2>.process_message  [analog-temp/synced.readings]
2026-09-28 12:55:43.432   IN  internal     analog-temp to hw1.isone.me.versant.keene.maple.scada.s2     <-  [analog-temp/to/hw1.isone.me.versant.keene.maple.scada.s2/synced.readings]        SyncedReadings           
2026-09-28 12:55:43.433 ++Parentless.process_internal_message analog-temp/synced.readings
2026-09-28 12:55:43.434   OUT mqtt         analog-temp to s                                       ->  [gw/hw1-isone-me-versant-keene-maple-scada-s2/to/s/synced-readings]               SyncedReadings           
2026-09-28 12:55:43.435 --Parentless.process_internal_message  path:0x00000004
2026-09-28 12:55:43.436 --Proactor<s2>.process_message  path:0x00000401
2026-09-28 12:55:43.436 ----------------------------------------------------------------------------------------
2026-09-28 12:55:49.034 
2026-09-28 12:55:49.037 ++++++++++++++++++++++++++++++++++++++++++++++++++++++++++++++++++++++++++++++++++++++++
2026-09-28 12:55:49.037 ++Proactor<s2>.process_message  [analog-temp/synced.readings]
2026-09-28 12:55:49.038   IN  internal     analog-temp to hw1.isone.me.versant.keene.maple.scada.s2     <-  [analog-temp/to/hw1.isone.me.versant.keene.maple.scada.s2/synced.readings]        SyncedReadings           
2026-09-28 12:55:49.039 ++Parentless.process_internal_message analog-temp/synced.readings
2026-09-28 12:55:49.040   OUT mqtt         analog-temp to s                                       ->  [gw/hw1-isone-me-versant-keene-maple-scada-s2/to/s/synced-readings]               SyncedReadings           
2026-09-28 12:55:49.041 --Parentless.process_internal_message  path:0x00000004
2026-09-28 12:55:49.041 --Proactor<s2>.process_message  path:0x00000401
2026-09-28 12:55:49.042 ----------------------------------------------------------------------------------------
2026-09-28 12:55:49.433 
2026-09-28 12:55:49.434 ++++++++++++++++++++++++++++++++++++++++++++++++++++++++++++++++++++++++++++++++++++++++
2026-09-28 12:55:49.434 ++Proactor<s2>.process_message  [analog-temp/synced.readings]
2026-09-28 12:55:49.435   IN  internal     analog-temp to hw1.isone.me.versant.keene.maple.scada.s2     <-  [analog-temp/to/hw1.isone.me.versant.keene.maple.scada.s2/synced.readings]        SyncedReadings           
2026-09-28 12:55:49.435 ++Parentless.process_internal_message analog-temp/synced.readings
2026-09-28 12:55:49.437   OUT mqtt         analog-temp to s                                       ->  [gw/hw1-isone-me-versant-keene-maple-scada-s2/to/s/synced-readings]               SyncedReadings           
2026-09-28 12:55:49.437 --Parentless.process_internal_message  path:0x00000004
2026-09-28 12:55:49.438 --Proactor<s2>.process_message  path:0x00000401
2026-09-28 12:55:49.439 ----------------------------------------------------------------------------------------
2026-09-28 12:55:50.620 
2026-09-28 12:55:50.621 ++++++++++++++++++++++++++++++++++++++++++++++++++++++++++++++++++++++++++++++++++++++++
2026-09-28 12:55:50.621 ++Proactor<s2>.process_message  [analog-temp/synced.readings]
2026-09-28 12:55:50.621   IN  internal     analog-temp to hw1.isone.me.versant.keene.maple.scada.s2     <-  [analog-temp/to/hw1.isone.me.versant.keene.maple.scada.s2/synced.readings]        SyncedReadings           
2026-09-28 12:55:50.621 ++Parentless.process_internal_message analog-temp/synced.readings
2026-09-28 12:55:50.622   OUT mqtt         analog-temp to s                                       ->  [gw/hw1-isone-me-versant-keene-maple-scada-s2/to/s/synced-readings]               SyncedReadings           
2026-09-28 12:55:50.622 --Parentless.process_internal_message  path:0x00000004
2026-09-28 12:55:50.623 --Proactor<s2>.process_message  path:0x00000401
2026-09-28 12:55:50.623 ----------------------------------------------------------------------------------------
2026-09-28 12:55:53.620 
2026-09-28 12:55:53.620 ++++++++++++++++++++++++++++++++++++++++++++++++++++++++++++++++++++++++++++++++++++++++
2026-09-28 12:55:53.620 ++Proactor<s2>.process_message  [analog-temp/synced.readings]
2026-09-28 12:55:53.620   IN  internal     analog-temp to hw1.isone.me.versant.keene.maple.scada.s2     <-  [analog-temp/to/hw1.isone.me.versant.keene.maple.scada.s2/synced.readings]        SyncedReadings           
2026-09-28 12:55:53.621 ++Parentless.process_internal_message analog-temp/synced.readings
2026-09-28 12:55:53.621   OUT mqtt         analog-temp to s                                       ->  [gw/hw1-isone-me-versant-keene-maple-scada-s2/to/s/synced-readings]               SyncedReadings           
2026-09-28 12:55:53.622 --Parentless.process_internal_message  path:0x00000004
2026-09-28 12:55:53.622 --Proactor<s2>.process_message  path:0x00000401
2026-09-28 12:55:53.622 ----------------------------------------------------------------------------------------
2026-09-28 12:55:54.420 
2026-09-28 12:55:54.427 ++++++++++++++++++++++++++++++++++++++++++++++++++++++++++++++++++++++++++++++++++++++++
2026-09-28 12:55:54.427 ++Proactor<s2>.process_message  [analog-temp/synced.readings]
2026-09-28 12:55:54.427   IN  internal     analog-temp to hw1.isone.me.versant.keene.maple.scada.s2     <-  [analog-temp/to/hw1.isone.me.versant.keene.maple.scada.s2/synced.readings]        SyncedReadings           
2026-09-28 12:55:54.428 ++Parentless.process_internal_message analog-temp/synced.readings
2026-09-28 12:55:54.428   OUT mqtt         analog-temp to s                                       ->  [gw/hw1-isone-me-versant-keene-maple-scada-s2/to/s/synced-readings]               SyncedReadings           
2026-09-28 12:55:54.429 --Parentless.process_internal_message  path:0x00000004
2026-09-28 12:55:54.429 --Proactor<s2>.process_message  path:0x00000401
2026-09-28 12:55:54.429 ----------------------------------------------------------------------------------------
2026-09-28 12:55:57.838 
2026-09-28 12:55:57.839 ++++++++++++++++++++++++++++++++++++++++++++++++++++++++++++++++++++++++++++++++++++++++
2026-09-28 12:55:57.840 ++Proactor<s2>.process_message  [analog-temp/synced.readings]
2026-09-28 12:55:57.840   IN  internal     analog-temp to hw1.isone.me.versant.keene.maple.scada.s2     <-  [analog-temp/to/hw1.isone.me.versant.keene.maple.scada.s2/synced.readings]        SyncedReadings           
2026-09-28 12:55:57.841 ++Parentless.process_internal_message analog-temp/synced.readings
2026-09-28 12:55:57.842   OUT mqtt         analog-temp to s                                       ->  [gw/hw1-isone-me-versant-keene-maple-scada-s2/to/s/synced-readings]               SyncedReadings           
2026-09-28 12:55:57.843 --Parentless.process_internal_message  path:0x00000004
2026-09-28 12:55:57.844 --Proactor<s2>.process_message  path:0x00000401
2026-09-28 12:55:57.845 ----------------------------------------------------------------------------------------
2026-09-28 12:56:00.240 
2026-09-28 12:56:00.241 ++++++++++++++++++++++++++++++++++++++++++++++++++++++++++++++++++++++++++++++++++++++++
2026-09-28 12:56:00.241 ++Proactor<s2>.process_message  [analog-temp/synced.readings]
2026-09-28 12:56:00.242   IN  internal     analog-temp to hw1.isone.me.versant.keene.maple.scada.s2     <-  [analog-temp/to/hw1.isone.me.versant.keene.maple.scada.s2/synced.readings]        SyncedReadings           
2026-09-28 12:56:00.242 ++Parentless.process_internal_message analog-temp/synced.readings
2026-09-28 12:56:00.244   OUT mqtt         analog-temp to s                                       ->  [gw/hw1-isone-me-versant-keene-maple-scada-s2/to/s/synced-readings]               SyncedReadings           
2026-09-28 12:56:00.245 --Parentless.process_internal_message  path:0x00000004
2026-09-28 12:56:00.245 --Proactor<s2>.process_message  path:0x00000401
2026-09-28 12:56:00.246 ----------------------------------------------------------------------------------------
2026-09-28 12:56:01.241 
2026-09-28 12:56:01.241 ++++++++++++++++++++++++++++++++++++++++++++++++++++++++++++++++++++++++++++++++++++++++
2026-09-28 12:56:01.242 ++Proactor<s2>.process_message  [analog-temp/synced.readings]
2026-09-28 12:56:01.242   IN  internal     analog-temp to hw1.isone.me.versant.keene.maple.scada.s2     <-  [analog-temp/to/hw1.isone.me.versant.keene.maple.scada.s2/synced.readings]        SyncedReadings           
2026-09-28 12:56:01.243 ++Parentless.process_internal_message analog-temp/synced.readings
2026-09-28 12:56:01.244   OUT mqtt         analog-temp to s                                       ->  [gw/hw1-isone-me-versant-keene-maple-scada-s2/to/s/synced-readings]               SyncedReadings           
2026-09-28 12:56:01.245 --Parentless.process_internal_message  path:0x00000004
2026-09-28 12:56:01.246 --Proactor<s2>.process_message  path:0x00000401
2026-09-28 12:56:01.246 ----------------------------------------------------------------------------------------
2026-09-28 12:56:04.026 
2026-09-28 12:56:04.026 ++++++++++++++++++++++++++++++++++++++++++++++++++++++++++++++++++++++++++++++++++++++++
2026-09-28 12:56:04.026 ++Proactor<s2>.process_message  [analog-temp/synced.readings]
2026-09-28 12:56:04.027   IN  internal     analog-temp to hw1.isone.me.versant.keene.maple.scada.s2     <-  [analog-temp/to/hw1.isone.me.versant.keene.maple.scada.s2/synced.readings]        SyncedReadings           
2026-09-28 12:56:04.027 ++Parentless.process_internal_message analog-temp/synced.readings
2026-09-28 12:56:04.028   OUT mqtt         analog-temp to s                                       ->  [gw/hw1-isone-me-versant-keene-maple-scada-s2/to/s/synced-readings]               SyncedReadings           
2026-09-28 12:56:04.028 --Parentless.process_internal_message  path:0x00000004
2026-09-28 12:56:04.028 --Proactor<s2>.process_message  path:0x00000401
2026-09-28 12:56:04.028 ----------------------------------------------------------------------------------------
2026-09-28 12:56:04.626 
2026-09-28 12:56:04.626 ++++++++++++++++++++++++++++++++++++++++++++++++++++++++++++++++++++++++++++++++++++++++
2026-09-28 12:56:04.627 ++Proactor<s2>.process_message  [analog-temp/synced.readings]
2026-09-28 12:56:04.627   IN  internal     analog-temp to hw1.isone.me.versant.keene.maple.scada.s2     <-  [analog-temp/to/hw1.isone.me.versant.keene.maple.scada.s2/synced.readings]        SyncedReadings           
2026-09-28 12:56:04.627 ++Parentless.process_internal_message analog-temp/synced.readings
2026-09-28 12:56:04.628   OUT mqtt         analog-temp to s                                       ->  [gw/hw1-isone-me-versant-keene-maple-scada-s2/to/s/synced-readings]               SyncedReadings           
2026-09-28 12:56:04.628 --Parentless.process_internal_message  path:0x00000004
2026-09-28 12:56:04.629 --Proactor<s2>.process_message  path:0x00000401
2026-09-28 12:56:04.629 ----------------------------------------------------------------------------------------
2026-09-28 12:56:07.227 
2026-09-28 12:56:07.227 ++++++++++++++++++++++++++++++++++++++++++++++++++++++++++++++++++++++++++++++++++++++++
2026-09-28 12:56:07.228 ++Proactor<s2>.process_message  [analog-temp/synced.readings]
2026-09-28 12:56:07.228   IN  internal     analog-temp to hw1.isone.me.versant.keene.maple.scada.s2     <-  [analog-temp/to/hw1.isone.me.versant.keene.maple.scada.s2/synced.readings]        SyncedReadings           
2026-09-28 12:56:07.228 ++Parentless.process_internal_message analog-temp/synced.readings
2026-09-28 12:56:07.229   OUT mqtt         analog-temp to s                                       ->  [gw/hw1-isone-me-versant-keene-maple-scada-s2/to/s/synced-readings]               SyncedReadings           
2026-09-28 12:56:07.229 --Parentless.process_internal_message  path:0x00000004
2026-09-28 12:56:07.229 --Proactor<s2>.process_message  path:0x00000401
2026-09-28 12:56:07.229 ----------------------------------------------------------------------------------------
2026-09-28 12:56:08.843 
2026-09-28 12:56:08.844 ++++++++++++++++++++++++++++++++++++++++++++++++++++++++++++++++++++++++++++++++++++++++
2026-09-28 12:56:08.844 ++Proactor<s2>.process_message  [analog-temp/synced.readings]
2026-09-28 12:56:08.845   IN  internal     analog-temp to hw1.isone.me.versant.keene.maple.scada.s2     <-  [analog-temp/to/hw1.isone.me.versant.keene.maple.scada.s2/synced.readings]        SyncedReadings           
2026-09-28 12:56:08.845 ++Parentless.process_internal_message analog-temp/synced.readings
2026-09-28 12:56:08.847   OUT mqtt         analog-temp to s                                       ->  [gw/hw1-isone-me-versant-keene-maple-scada-s2/to/s/synced-readings]               SyncedReadings           
2026-09-28 12:56:08.848 --Parentless.process_internal_message  path:0x00000004
2026-09-28 12:56:08.848 --Proactor<s2>.process_message  path:0x00000401
2026-09-28 12:56:08.849 ----------------------------------------------------------------------------------------
2026-09-28 12:56:10.445 
2026-09-28 12:56:10.446 ++++++++++++++++++++++++++++++++++++++++++++++++++++++++++++++++++++++++++++++++++++++++
2026-09-28 12:56:10.446 ++Proactor<s2>.process_message  [analog-temp/synced.readings]
2026-09-28 12:56:10.447   IN  internal     analog-temp to hw1.isone.me.versant.keene.maple.scada.s2     <-  [analog-temp/to/hw1.isone.me.versant.keene.maple.scada.s2/synced.readings]        SyncedReadings           
2026-09-28 12:56:10.447 ++Parentless.process_internal_message analog-temp/synced.readings
2026-09-28 12:56:10.449   OUT mqtt         analog-temp to s                                       ->  [gw/hw1-isone-me-versant-keene-maple-scada-s2/to/s/synced-readings]               SyncedReadings           
2026-09-28 12:56:10.450 --Parentless.process_internal_message  path:0x00000004
2026-09-28 12:56:10.450 --Proactor<s2>.process_message  path:0x00000401
2026-09-28 12:56:10.451 ----------------------------------------------------------------------------------------
2026-09-28 12:56:12.447 
2026-09-28 12:56:12.447 ++++++++++++++++++++++++++++++++++++++++++++++++++++++++++++++++++++++++++++++++++++++++
2026-09-28 12:56:12.448 ++Proactor<s2>.process_message  [analog-temp/synced.readings]
2026-09-28 12:56:12.449   IN  internal     analog-temp to hw1.isone.me.versant.keene.maple.scada.s2     <-  [analog-temp/to/hw1.isone.me.versant.keene.maple.scada.s2/synced.readings]        SyncedReadings           
2026-09-28 12:56:12.452 ++Parentless.process_internal_message analog-temp/synced.readings
2026-09-28 12:56:12.453   OUT mqtt         analog-temp to s                                       ->  [gw/hw1-isone-me-versant-keene-maple-scada-s2/to/s/synced-readings]               SyncedReadings           
2026-09-28 12:56:12.454 --Parentless.process_internal_message  path:0x00000004
2026-09-28 12:56:12.454 --Proactor<s2>.process_message  path:0x00000401
2026-09-28 12:56:12.455 ----------------------------------------------------------------------------------------
2026-09-28 12:56:13.649 
2026-09-28 12:56:13.649 ++++++++++++++++++++++++++++++++++++++++++++++++++++++++++++++++++++++++++++++++++++++++
2026-09-28 12:56:13.650 ++Proactor<s2>.process_message  [analog-temp/synced.readings]
2026-09-28 12:56:13.651   IN  internal     analog-temp to hw1.isone.me.versant.keene.maple.scada.s2     <-  [analog-temp/to/hw1.isone.me.versant.keene.maple.scada.s2/synced.readings]        SyncedReadings           
2026-09-28 12:56:13.651 ++Parentless.process_internal_message analog-temp/synced.readings
2026-09-28 12:56:13.652   OUT mqtt         analog-temp to s                                       ->  [gw/hw1-isone-me-versant-keene-maple-scada-s2/to/s/synced-readings]               SyncedReadings           
2026-09-28 12:56:13.653 --Parentless.process_internal_message  path:0x00000004
2026-09-28 12:56:13.654 --Proactor<s2>.process_message  path:0x00000401
2026-09-28 12:56:13.654 ----------------------------------------------------------------------------------------
2026-09-28 12:56:15.641 
2026-09-28 12:56:15.642 ++++++++++++++++++++++++++++++++++++++++++++++++++++++++++++++++++++++++++++++++++++++++
2026-09-28 12:56:15.642 ++Proactor<s2>.process_message  [analog-temp/synced.readings]
2026-09-28 12:56:15.643   IN  internal     analog-temp to hw1.isone.me.versant.keene.maple.scada.s2     <-  [analog-temp/to/hw1.isone.me.versant.keene.maple.scada.s2/synced.readings]        SyncedReadings           
2026-09-28 12:56:15.643 ++Parentless.process_internal_message analog-temp/synced.readings
2026-09-28 12:56:15.644   OUT mqtt         analog-temp to s                                       ->  [gw/hw1-isone-me-versant-keene-maple-scada-s2/to/s/synced-readings]               SyncedReadings           
2026-09-28 12:56:15.645 --Parentless.process_internal_message  path:0x00000004
2026-09-28 12:56:15.645 --Proactor<s2>.process_message  path:0x00000401
2026-09-28 12:56:15.645 ----------------------------------------------------------------------------------------
2026-09-28 12:56:15.833 
2026-09-28 12:56:15.833 ++++++++++++++++++++++++++++++++++++++++++++++++++++++++++++++++++++++++++++++++++++++++
2026-09-28 12:56:15.833 ++Proactor<s2>.process_message  [analog-temp/synced.readings]
2026-09-28 12:56:15.834   IN  internal     analog-temp to hw1.isone.me.versant.keene.maple.scada.s2     <-  [analog-temp/to/hw1.isone.me.versant.keene.maple.scada.s2/synced.readings]        SyncedReadings           
2026-09-28 12:56:15.834 ++Parentless.process_internal_message analog-temp/synced.readings
2026-09-28 12:56:15.834   OUT mqtt         analog-temp to s                                       ->  [gw/hw1-isone-me-versant-keene-maple-scada-s2/to/s/synced-readings]               SyncedReadings           
2026-09-28 12:56:15.835 --Parentless.process_internal_message  path:0x00000004
2026-09-28 12:56:15.835 --Proactor<s2>.process_message  path:0x00000401
2026-09-28 12:56:15.835 ----------------------------------------------------------------------------------------
2026-09-28 12:56:16.633 
2026-09-28 12:56:16.634 ++++++++++++++++++++++++++++++++++++++++++++++++++++++++++++++++++++++++++++++++++++++++
2026-09-28 12:56:16.634 ++Proactor<s2>.process_message  [analog-temp/synced.readings]
2026-09-28 12:56:16.634   IN  internal     analog-temp to hw1.isone.me.versant.keene.maple.scada.s2     <-  [analog-temp/to/hw1.isone.me.versant.keene.maple.scada.s2/synced.readings]        SyncedReadings           
2026-09-28 12:56:16.634 ++Parentless.process_internal_message analog-temp/synced.readings
2026-09-28 12:56:16.635   OUT mqtt         analog-temp to s                                       ->  [gw/hw1-isone-me-versant-keene-maple-scada-s2/to/s/synced-readings]               SyncedReadings           
2026-09-28 12:56:16.635 --Parentless.process_internal_message  path:0x00000004
2026-09-28 12:56:16.636 --Proactor<s2>.process_message  path:0x00000401
2026-09-28 12:56:16.636 ----------------------------------------------------------------------------------------
2026-09-28 12:56:16.833 
2026-09-28 12:56:16.834 ++++++++++++++++++++++++++++++++++++++++++++++++++++++++++++++++++++++++++++++++++++++++
2026-09-28 12:56:16.834 ++Proactor<s2>.process_message  [analog-temp/synced.readings]
2026-09-28 12:56:16.834   IN  internal     analog-temp to hw1.isone.me.versant.keene.maple.scada.s2     <-  [analog-temp/to/hw1.isone.me.versant.keene.maple.scada.s2/synced.readings]        SyncedReadings           
2026-09-28 12:56:16.834 ++Parentless.process_internal_message analog-temp/synced.readings
2026-09-28 12:56:16.835   OUT mqtt         analog-temp to s                                       ->  [gw/hw1-isone-me-versant-keene-maple-scada-s2/to/s/synced-readings]               SyncedReadings           
2026-09-28 12:56:16.835 --Parentless.process_internal_message  path:0x00000004
2026-09-28 12:56:16.836 --Proactor<s2>.process_message  path:0x00000401
2026-09-28 12:56:16.836 ----------------------------------------------------------------------------------------
2026-09-28 12:56:18.633 
2026-09-28 12:56:18.634 ++++++++++++++++++++++++++++++++++++++++++++++++++++++++++++++++++++++++++++++++++++++++
2026-09-28 12:56:18.634 ++Proactor<s2>.process_message  [analog-temp/synced.readings]
2026-09-28 12:56:18.634   IN  internal     analog-temp to hw1.isone.me.versant.keene.maple.scada.s2     <-  [analog-temp/to/hw1.isone.me.versant.keene.maple.scada.s2/synced.readings]        SyncedReadings           
2026-09-28 12:56:18.634 ++Parentless.process_internal_message analog-temp/synced.readings
2026-09-28 12:56:18.635   OUT mqtt         analog-temp to s                                       ->  [gw/hw1-isone-me-versant-keene-maple-scada-s2/to/s/synced-readings]               SyncedReadings           
2026-09-28 12:56:18.635 --Parentless.process_internal_message  path:0x00000004
2026-09-28 12:56:18.636 --Proactor<s2>.process_message  path:0x00000401
2026-09-28 12:56:18.636 ----------------------------------------------------------------------------------------
2026-09-28 12:56:19.033 
2026-09-28 12:56:19.034 ++++++++++++++++++++++++++++++++++++++++++++++++++++++++++++++++++++++++++++++++++++++++
2026-09-28 12:56:19.034 ++Proactor<s2>.process_message  [analog-temp/synced.readings]
2026-09-28 12:56:19.034   IN  internal     analog-temp to hw1.isone.me.versant.keene.maple.scada.s2     <-  [analog-temp/to/hw1.isone.me.versant.keene.maple.scada.s2/synced.readings]        SyncedReadings           
2026-09-28 12:56:19.034 ++Parentless.process_internal_message analog-temp/synced.readings
2026-09-28 12:56:19.035   OUT mqtt         analog-temp to s                                       ->  [gw/hw1-isone-me-versant-keene-maple-scada-s2/to/s/synced-readings]               SyncedReadings           
2026-09-28 12:56:19.036 --Parentless.process_internal_message  path:0x00000004
2026-09-28 12:56:19.036 --Proactor<s2>.process_message  path:0x00000401
2026-09-28 12:56:19.036 ----------------------------------------------------------------------------------------
2026-09-28 12:56:20.034 
2026-09-28 12:56:20.035 ++++++++++++++++++++++++++++++++++++++++++++++++++++++++++++++++++++++++++++++++++++++++
2026-09-28 12:56:20.035 ++Proactor<s2>.process_message  [analog-temp/synced.readings]
2026-09-28 12:56:20.035   IN  internal     analog-temp to hw1.isone.me.versant.keene.maple.scada.s2     <-  [analog-temp/to/hw1.isone.me.versant.keene.maple.scada.s2/synced.readings]        SyncedReadings           
2026-09-28 12:56:20.035 ++Parentless.process_internal_message analog-temp/synced.readings
2026-09-28 12:56:20.036   OUT mqtt         analog-temp to s                                       ->  [gw/hw1-isone-me-versant-keene-maple-scada-s2/to/s/synced-readings]               SyncedReadings           
2026-09-28 12:56:20.036 --Parentless.process_internal_message  path:0x00000004
2026-09-28 12:56:20.036 --Proactor<s2>.process_message  path:0x00000401
2026-09-28 12:56:20.037 ----------------------------------------------------------------------------------------
2026-09-28 12:56:20.579 
2026-09-28 12:56:20.579 ++++++++++++++++++++++++++++++++++++++++++++++++++++++++++++++++++++++++++++++++++++++++
2026-09-28 12:56:20.579 ++Proactor<s2>.process_message  [zone2-bedroom-stat/synced.readings]
2026-09-28 12:56:20.580   IN  internal     zone2-bedroom-stat to hw1.isone.me.versant.keene.maple.scada.s2     <-  [zone2-bedroom-stat/to/hw1.isone.me.versant.keene.maple.scada.s2/synced.readings]  SyncedReadings           
2026-09-28 12:56:20.580 ++Parentless.process_internal_message zone2-bedroom-stat/synced.readings
2026-09-28 12:56:20.581   OUT mqtt         zone2-bedroom-stat to s                                ->  [gw/hw1-isone-me-versant-keene-maple-scada-s2/to/s/synced-readings]               SyncedReadings           
2026-09-28 12:56:20.581 --Parentless.process_internal_message  path:0x00000004
2026-09-28 12:56:20.582 --Proactor<s2>.process_message  path:0x00000401
2026-09-28 12:56:20.582 ----------------------------------------------------------------------------------------
2026-09-28 12:56:20.732 
2026-09-28 12:56:20.732 ++++++++++++++++++++++++++++++++++++++++++++++++++++++++++++++++++++++++++++++++++++++++
2026-09-28 12:56:20.732 ++Proactor<s2>.process_message  [zone1-living-rm-stat/synced.readings]
2026-09-28 12:56:20.733   IN  internal     zone1-living-rm-stat to hw1.isone.me.versant.keene.maple.scada.s2     <-  [zone1-living-rm-stat/to/hw1.isone.me.versant.keene.maple.scada.s2/synced.readings]  SyncedReadings           
2026-09-28 12:56:20.733 ++Parentless.process_internal_message zone1-living-rm-stat/synced.readings
2026-09-28 12:56:20.734   OUT mqtt         zone1-living-rm-stat to s                              ->  [gw/hw1-isone-me-versant-keene-maple-scada-s2/to/s/synced-readings]               SyncedReadings           
2026-09-28 12:56:20.734 --Parentless.process_internal_message  path:0x00000004
2026-09-28 12:56:20.734 --Proactor<s2>.process_message  path:0x00000401
2026-09-28 12:56:20.734 ----------------------------------------------------------------------------------------
2026-09-28 12:56:21.851 
2026-09-28 12:56:21.851 ++++++++++++++++++++++++++++++++++++++++++++++++++++++++++++++++++++++++++++++++++++++++
2026-09-28 12:56:21.852 ++Proactor<s2>.process_message  [analog-temp/synced.readings]
2026-09-28 12:56:21.853   IN  internal     analog-temp to hw1.isone.me.versant.keene.maple.scada.s2     <-  [analog-temp/to/hw1.isone.me.versant.keene.maple.scada.s2/synced.readings]        SyncedReadings           
2026-09-28 12:56:21.853 ++Parentless.process_internal_message analog-temp/synced.readings
2026-09-28 12:56:21.855   OUT mqtt         analog-temp to s                                       ->  [gw/hw1-isone-me-versant-keene-maple-scada-s2/to/s/synced-readings]               SyncedReadings           
2026-09-28 12:56:21.856 --Parentless.process_internal_message  path:0x00000004
2026-09-28 12:56:21.856 --Proactor<s2>.process_message  path:0x00000401
2026-09-28 12:56:21.857 ----------------------------------------------------------------------------------------
2026-09-28 12:56:22.851 
2026-09-28 12:56:22.852 ++++++++++++++++++++++++++++++++++++++++++++++++++++++++++++++++++++++++++++++++++++++++
2026-09-28 12:56:22.852 ++Proactor<s2>.process_message  [analog-temp/synced.readings]
2026-09-28 12:56:22.853   IN  internal     analog-temp to hw1.isone.me.versant.keene.maple.scada.s2     <-  [analog-temp/to/hw1.isone.me.versant.keene.maple.scada.s2/synced.readings]        SyncedReadings           
2026-09-28 12:56:22.854 ++Parentless.process_internal_message analog-temp/synced.readings
2026-09-28 12:56:22.855   OUT mqtt         analog-temp to s                                       ->  [gw/hw1-isone-me-versant-keene-maple-scada-s2/to/s/synced-readings]               SyncedReadings           
2026-09-28 12:56:22.856 --Parentless.process_internal_message  path:0x00000004
2026-09-28 12:56:22.857 --Proactor<s2>.process_message  path:0x00000401
2026-09-28 12:56:22.858 ----------------------------------------------------------------------------------------
2026-09-28 12:56:24.053 
2026-09-28 12:56:24.055 ++++++++++++++++++++++++++++++++++++++++++++++++++++++++++++++++++++++++++++++++++++++++
2026-09-28 12:56:24.056 ++Proactor<s2>.process_message  [analog-temp/synced.readings]
2026-09-28 12:56:24.057   IN  internal     analog-temp to hw1.isone.me.versant.keene.maple.scada.s2     <-  [analog-temp/to/hw1.isone.me.versant.keene.maple.scada.s2/synced.readings]        SyncedReadings           
2026-09-28 12:56:24.057 ++Parentless.process_internal_message analog-temp/synced.readings
2026-09-28 12:56:24.059   OUT mqtt         analog-temp to s                                       ->  [gw/hw1-isone-me-versant-keene-maple-scada-s2/to/s/synced-readings]               SyncedReadings           
2026-09-28 12:56:24.060 --Parentless.process_internal_message  path:0x00000004
2026-09-28 12:56:24.060 --Proactor<s2>.process_message  path:0x00000401
2026-09-28 12:56:24.061 ----------------------------------------------------------------------------------------
2026-09-28 12:56:25.054 
2026-09-28 12:56:25.055 ++++++++++++++++++++++++++++++++++++++++++++++++++++++++++++++++++++++++++++++++++++++++
2026-09-28 12:56:25.056 ++Proactor<s2>.process_message  [analog-temp/synced.readings]
2026-09-28 12:56:25.056   IN  internal     analog-temp to hw1.isone.me.versant.keene.maple.scada.s2     <-  [analog-temp/to/hw1.isone.me.versant.keene.maple.scada.s2/synced.readings]        SyncedReadings           
2026-09-28 12:56:25.057 ++Parentless.process_internal_message analog-temp/synced.readings
2026-09-28 12:56:25.058   OUT mqtt         analog-temp to s                                       ->  [gw/hw1-isone-me-versant-keene-maple-scada-s2/to/s/synced-readings]               SyncedReadings           
2026-09-28 12:56:25.059 --Parentless.process_internal_message  path:0x00000004
2026-09-28 12:56:25.060 --Proactor<s2>.process_message  path:0x00000401
2026-09-28 12:56:25.060 ----------------------------------------------------------------------------------------
2026-09-28 12:56:26.053 
2026-09-28 12:56:26.054 ++++++++++++++++++++++++++++++++++++++++++++++++++++++++++++++++++++++++++++++++++++++++
2026-09-28 12:56:26.054 ++Proactor<s2>.process_message  [analog-temp/synced.readings]
2026-09-28 12:56:26.055   IN  internal     analog-temp to hw1.isone.me.versant.keene.maple.scada.s2     <-  [analog-temp/to/hw1.isone.me.versant.keene.maple.scada.s2/synced.readings]        SyncedReadings           
2026-09-28 12:56:26.056 ++Parentless.process_internal_message analog-temp/synced.readings
2026-09-28 12:56:26.057   OUT mqtt         analog-temp to s                                       ->  [gw/hw1-isone-me-versant-keene-maple-scada-s2/to/s/synced-readings]               SyncedReadings           
2026-09-28 12:56:26.058 --Parentless.process_internal_message  path:0x00000004
2026-09-28 12:56:26.058 --Proactor<s2>.process_message  path:0x00000401
2026-09-28 12:56:26.059 ----------------------------------------------------------------------------------------
2026-09-28 12:56:27.856 
2026-09-28 12:56:27.857 ++++++++++++++++++++++++++++++++++++++++++++++++++++++++++++++++++++++++++++++++++++++++
2026-09-28 12:56:27.857 ++Proactor<s2>.process_message  [analog-temp/synced.readings]
2026-09-28 12:56:27.858   IN  internal     analog-temp to hw1.isone.me.versant.keene.maple.scada.s2     <-  [analog-temp/to/hw1.isone.me.versant.keene.maple.scada.s2/synced.readings]        SyncedReadings           
2026-09-28 12:56:27.858 ++Parentless.process_internal_message analog-temp/synced.readings
2026-09-28 12:56:27.860   OUT mqtt         analog-temp to s                                       ->  [gw/hw1-isone-me-versant-keene-maple-scada-s2/to/s/synced-readings]               SyncedReadings           
2026-09-28 12:56:27.861 --Parentless.process_internal_message  path:0x00000004
2026-09-28 12:56:27.861 --Proactor<s2>.process_message  path:0x00000401
2026-09-28 12:56:27.862 ----------------------------------------------------------------------------------------
2026-09-28 12:56:28.455 
2026-09-28 12:56:28.456 ++++++++++++++++++++++++++++++++++++++++++++++++++++++++++++++++++++++++++++++++++++++++
2026-09-28 12:56:28.457 ++Proactor<s2>.process_message  [analog-temp/synced.readings]
2026-09-28 12:56:28.457   IN  internal     analog-temp to hw1.isone.me.versant.keene.maple.scada.s2     <-  [analog-temp/to/hw1.isone.me.versant.keene.maple.scada.s2/synced.readings]        SyncedReadings           
2026-09-28 12:56:28.458 ++Parentless.process_internal_message analog-temp/synced.readings
2026-09-28 12:56:28.459   OUT mqtt         analog-temp to s                                       ->  [gw/hw1-isone-me-versant-keene-maple-scada-s2/to/s/synced-readings]               SyncedReadings           
2026-09-28 12:56:28.460 --Parentless.process_internal_message  path:0x00000004
2026-09-28 12:56:28.461 --Proactor<s2>.process_message  path:0x00000401
2026-09-28 12:56:28.461 ----------------------------------------------------------------------------------------
2026-09-28 12:56:30.128 
2026-09-28 12:56:30.128 ++++++++++++++++++++++++++++++++++++++++++++++++++++++++++++++++++++++++++++++++++++++++
2026-09-28 12:56:30.129 ++Proactor<s2>.process_message  [gridworks-ping]
2026-09-28 12:56:30.129 ++Proactor<s2>._process_mqtt_message mqtt_clients/mqtt_message
2026-09-28 12:56:30.129   IN  mqtt         hw1.isone.me.versant.keene.maple.scada to s2           <-  [gw/hw1-isone-me-versant-keene-maple-scada/to/s2/gridworks-ping]                  Ping                      b749416d...
2026-09-28 12:56:30.130   OUT mqtt         hw1.isone.me.versant.keene.maple.scada.s2 to s         ->  [gw/hw1-isone-me-versant-keene-maple-scada-s2/to/s/gridworks-ack]                 Ack                       b749416d...
2026-09-28 12:56:30.130 --Proactor<s2>._process_mqtt_message:1  path:0x00000223
2026-09-28 12:56:30.130 --Proactor<s2>.process_message  path:0x00000002
2026-09-28 12:56:30.131 ----------------------------------------------------------------------------------------
2026-09-28 12:56:31.441 
2026-09-28 12:56:31.441 ++++++++++++++++++++++++++++++++++++++++++++++++++++++++++++++++++++++++++++++++++++++++
2026-09-28 12:56:31.441 ++Proactor<s2>.process_message  [analog-temp/synced.readings]
2026-09-28 12:56:31.442   IN  internal     analog-temp to hw1.isone.me.versant.keene.maple.scada.s2     <-  [analog-temp/to/hw1.isone.me.versant.keene.maple.scada.s2/synced.readings]        SyncedReadings           
2026-09-28 12:56:31.442 ++Parentless.process_internal_message analog-temp/synced.readings
2026-09-28 12:56:31.443   OUT mqtt         analog-temp to s                                       ->  [gw/hw1-isone-me-versant-keene-maple-scada-s2/to/s/synced-readings]               SyncedReadings           
2026-09-28 12:56:31.443 --Parentless.process_internal_message  path:0x00000004
2026-09-28 12:56:31.443 --Proactor<s2>.process_message  path:0x00000401
2026-09-28 12:56:31.443 ----------------------------------------------------------------------------------------
2026-09-28 12:56:31.641 
2026-09-28 12:56:31.641 ++++++++++++++++++++++++++++++++++++++++++++++++++++++++++++++++++++++++++++++++++++++++
2026-09-28 12:56:31.642 ++Proactor<s2>.process_message  [analog-temp/synced.readings]
2026-09-28 12:56:31.642   IN  internal     analog-temp to hw1.isone.me.versant.keene.maple.scada.s2     <-  [analog-temp/to/hw1.isone.me.versant.keene.maple.scada.s2/synced.readings]        SyncedReadings           
2026-09-28 12:56:31.642 ++Parentless.process_internal_message analog-temp/synced.readings
2026-09-28 12:56:31.643   OUT mqtt         analog-temp to s                                       ->  [gw/hw1-isone-me-versant-keene-maple-scada-s2/to/s/synced-readings]               SyncedReadings           
2026-09-28 12:56:31.643 --Parentless.process_internal_message  path:0x00000004
2026-09-28 12:56:31.643 --Proactor<s2>.process_message  path:0x00000401
2026-09-28 12:56:31.644 ----------------------------------------------------------------------------------------
2026-09-28 12:56:34.842 
2026-09-28 12:56:34.846 ++++++++++++++++++++++++++++++++++++++++++++++++++++++++++++++++++++++++++++++++++++++++
2026-09-28 12:56:34.847 ++Proactor<s2>.process_message  [analog-temp/synced.readings]
2026-09-28 12:56:34.847   IN  internal     analog-temp to hw1.isone.me.versant.keene.maple.scada.s2     <-  [analog-temp/to/hw1.isone.me.versant.keene.maple.scada.s2/synced.readings]        SyncedReadings           
2026-09-28 12:56:34.847 ++Parentless.process_internal_message analog-temp/synced.readings
2026-09-28 12:56:34.848   OUT mqtt         analog-temp to s                                       ->  [gw/hw1-isone-me-versant-keene-maple-scada-s2/to/s/synced-readings]               SyncedReadings           
2026-09-28 12:56:34.848 --Parentless.process_internal_message  path:0x00000004
2026-09-28 12:56:34.848 --Proactor<s2>.process_message  path:0x00000401
2026-09-28 12:56:34.849 ----------------------------------------------------------------------------------------
2026-09-28 12:56:35.460 
2026-09-28 12:56:35.460 ++++++++++++++++++++++++++++++++++++++++++++++++++++++++++++++++++++++++++++++++++++++++
2026-09-28 12:56:35.461 ++Proactor<s2>.process_message  [analog-temp/synced.readings]
2026-09-28 12:56:35.461   IN  internal     analog-temp to hw1.isone.me.versant.keene.maple.scada.s2     <-  [analog-temp/to/hw1.isone.me.versant.keene.maple.scada.s2/synced.readings]        SyncedReadings           
2026-09-28 12:56:35.462 ++Parentless.process_internal_message analog-temp/synced.readings
2026-09-28 12:56:35.463   OUT mqtt         analog-temp to s                                       ->  [gw/hw1-isone-me-versant-keene-maple-scada-s2/to/s/synced-readings]               SyncedReadings           
2026-09-28 12:56:35.464 --Parentless.process_internal_message  path:0x00000004
2026-09-28 12:56:35.465 --Proactor<s2>.process_message  path:0x00000401
2026-09-28 12:56:35.465 ----------------------------------------------------------------------------------------
2026-09-28 12:56:39.660 
2026-09-28 12:56:39.661 ++++++++++++++++++++++++++++++++++++++++++++++++++++++++++++++++++++++++++++++++++++++++
2026-09-28 12:56:39.661 ++Proactor<s2>.process_message  [analog-temp/synced.readings]
2026-09-28 12:56:39.662   IN  internal     analog-temp to hw1.isone.me.versant.keene.maple.scada.s2     <-  [analog-temp/to/hw1.isone.me.versant.keene.maple.scada.s2/synced.readings]        SyncedReadings           
2026-09-28 12:56:39.662 ++Parentless.process_internal_message analog-temp/synced.readings
2026-09-28 12:56:39.664   OUT mqtt         analog-temp to s                                       ->  [gw/hw1-isone-me-versant-keene-maple-scada-s2/to/s/synced-readings]               SyncedReadings           
2026-09-28 12:56:39.664 --Parentless.process_internal_message  path:0x00000004
2026-09-28 12:56:39.665 --Proactor<s2>.process_message  path:0x00000401
2026-09-28 12:56:39.665 ----------------------------------------------------------------------------------------
2026-09-28 12:56:40.262 
2026-09-28 12:56:40.263 ++++++++++++++++++++++++++++++++++++++++++++++++++++++++++++++++++++++++++++++++++++++++
2026-09-28 12:56:40.263 ++Proactor<s2>.process_message  [analog-temp/synced.readings]
2026-09-28 12:56:40.264   IN  internal     analog-temp to hw1.isone.me.versant.keene.maple.scada.s2     <-  [analog-temp/to/hw1.isone.me.versant.keene.maple.scada.s2/synced.readings]        SyncedReadings           
2026-09-28 12:56:40.264 ++Parentless.process_internal_message analog-temp/synced.readings
2026-09-28 12:56:40.266   OUT mqtt         analog-temp to s                                       ->  [gw/hw1-isone-me-versant-keene-maple-scada-s2/to/s/synced-readings]               SyncedReadings           
2026-09-28 12:56:40.267 --Parentless.process_internal_message  path:0x00000004
2026-09-28 12:56:40.267 --Proactor<s2>.process_message  path:0x00000401
2026-09-28 12:56:40.268 ----------------------------------------------------------------------------------------
2026-09-28 12:56:43.247 
2026-09-28 12:56:43.247 ++++++++++++++++++++++++++++++++++++++++++++++++++++++++++++++++++++++++++++++++++++++++
2026-09-28 12:56:43.247 ++Proactor<s2>.process_message  [analog-temp/synced.readings]
2026-09-28 12:56:43.248   IN  internal     analog-temp to hw1.isone.me.versant.keene.maple.scada.s2     <-  [analog-temp/to/hw1.isone.me.versant.keene.maple.scada.s2/synced.readings]        SyncedReadings           
2026-09-28 12:56:43.248 ++Parentless.process_internal_message analog-temp/synced.readings
2026-09-28 12:56:43.248   OUT mqtt         analog-temp to s                                       ->  [gw/hw1-isone-me-versant-keene-maple-scada-s2/to/s/synced-readings]               SyncedReadings           
2026-09-28 12:56:43.249 --Parentless.process_internal_message  path:0x00000004
2026-09-28 12:56:43.249 --Proactor<s2>.process_message  path:0x00000401
2026-09-28 12:56:43.249 ----------------------------------------------------------------------------------------
2026-09-28 12:56:43.447 
2026-09-28 12:56:43.448 ++++++++++++++++++++++++++++++++++++++++++++++++++++++++++++++++++++++++++++++++++++++++
2026-09-28 12:56:43.448 ++Proactor<s2>.process_message  [analog-temp/synced.readings]
2026-09-28 12:56:43.448   IN  internal     analog-temp to hw1.isone.me.versant.keene.maple.scada.s2     <-  [analog-temp/to/hw1.isone.me.versant.keene.maple.scada.s2/synced.readings]        SyncedReadings           
2026-09-28 12:56:43.448 ++Parentless.process_internal_message analog-temp/synced.readings
2026-09-28 12:56:43.449   OUT mqtt         analog-temp to s                                       ->  [gw/hw1-isone-me-versant-keene-maple-scada-s2/to/s/synced-readings]               SyncedReadings           
2026-09-28 12:56:43.449 --Parentless.process_internal_message  path:0x00000004
2026-09-28 12:56:43.449 --Proactor<s2>.process_message  path:0x00000401
2026-09-28 12:56:43.450 ----------------------------------------------------------------------------------------
2026-09-28 12:56:45.648 
2026-09-28 12:56:45.652 ++++++++++++++++++++++++++++++++++++++++++++++++++++++++++++++++++++++++++++++++++++++++
2026-09-28 12:56:45.652 ++Proactor<s2>.process_message  [analog-temp/synced.readings]
2026-09-28 12:56:45.652   IN  internal     analog-temp to hw1.isone.me.versant.keene.maple.scada.s2     <-  [analog-temp/to/hw1.isone.me.versant.keene.maple.scada.s2/synced.readings]        SyncedReadings           
2026-09-28 12:56:45.653 ++Parentless.process_internal_message analog-temp/synced.readings
2026-09-28 12:56:45.653   OUT mqtt         analog-temp to s                                       ->  [gw/hw1-isone-me-versant-keene-maple-scada-s2/to/s/synced-readings]               SyncedReadings           
2026-09-28 12:56:45.654 --Parentless.process_internal_message  path:0x00000004
2026-09-28 12:56:45.654 --Proactor<s2>.process_message  path:0x00000401
2026-09-28 12:56:45.654 ----------------------------------------------------------------------------------------
2026-09-28 12:56:47.049 
2026-09-28 12:56:47.049 ++++++++++++++++++++++++++++++++++++++++++++++++++++++++++++++++++++++++++++++++++++++++
2026-09-28 12:56:47.049 ++Proactor<s2>.process_message  [analog-temp/synced.readings]
2026-09-28 12:56:47.050   IN  internal     analog-temp to hw1.isone.me.versant.keene.maple.scada.s2     <-  [analog-temp/to/hw1.isone.me.versant.keene.maple.scada.s2/synced.readings]        SyncedReadings           
2026-09-28 12:56:47.050 ++Parentless.process_internal_message analog-temp/synced.readings
2026-09-28 12:56:47.050   OUT mqtt         analog-temp to s                                       ->  [gw/hw1-isone-me-versant-keene-maple-scada-s2/to/s/synced-readings]               SyncedReadings           
2026-09-28 12:56:47.051 --Parentless.process_internal_message  path:0x00000004
2026-09-28 12:56:47.051 --Proactor<s2>.process_message  path:0x00000401
2026-09-28 12:56:47.051 ----------------------------------------------------------------------------------------
2026-09-28 12:56:47.248 
2026-09-28 12:56:47.249 ++++++++++++++++++++++++++++++++++++++++++++++++++++++++++++++++++++++++++++++++++++++++
2026-09-28 12:56:47.249 ++Proactor<s2>.process_message  [analog-temp/synced.readings]
2026-09-28 12:56:47.249   IN  internal     analog-temp to hw1.isone.me.versant.keene.maple.scada.s2     <-  [analog-temp/to/hw1.isone.me.versant.keene.maple.scada.s2/synced.readings]        SyncedReadings           
2026-09-28 12:56:47.249 ++Parentless.process_internal_message analog-temp/synced.readings
2026-09-28 12:56:47.250   OUT mqtt         analog-temp to s                                       ->  [gw/hw1-isone-me-versant-keene-maple-scada-s2/to/s/synced-readings]               SyncedReadings           
2026-09-28 12:56:47.250 --Parentless.process_internal_message  path:0x00000004
2026-09-28 12:56:47.251 --Proactor<s2>.process_message  path:0x00000401
2026-09-28 12:56:47.251 ----------------------------------------------------------------------------------------
2026-09-28 12:56:49.065 
2026-09-28 12:56:49.066 ++++++++++++++++++++++++++++++++++++++++++++++++++++++++++++++++++++++++++++++++++++++++
2026-09-28 12:56:49.066 ++Proactor<s2>.process_message  [analog-temp/synced.readings]
2026-09-28 12:56:49.067   IN  internal     analog-temp to hw1.isone.me.versant.keene.maple.scada.s2     <-  [analog-temp/to/hw1.isone.me.versant.keene.maple.scada.s2/synced.readings]        SyncedReadings           
2026-09-28 12:56:49.068 ++Parentless.process_internal_message analog-temp/synced.readings
2026-09-28 12:56:49.069   OUT mqtt         analog-temp to s                                       ->  [gw/hw1-isone-me-versant-keene-maple-scada-s2/to/s/synced-readings]               SyncedReadings           
2026-09-28 12:56:49.070 --Parentless.process_internal_message  path:0x00000004
2026-09-28 12:56:49.070 --Proactor<s2>.process_message  path:0x00000401
2026-09-28 12:56:49.071 ----------------------------------------------------------------------------------------
2026-09-28 12:56:50.267 
2026-09-28 12:56:50.268 ++++++++++++++++++++++++++++++++++++++++++++++++++++++++++++++++++++++++++++++++++++++++
2026-09-28 12:56:50.268 ++Proactor<s2>.process_message  [analog-temp/synced.readings]
2026-09-28 12:56:50.269   IN  internal     analog-temp to hw1.isone.me.versant.keene.maple.scada.s2     <-  [analog-temp/to/hw1.isone.me.versant.keene.maple.scada.s2/synced.readings]        SyncedReadings           
2026-09-28 12:56:50.269 ++Parentless.process_internal_message analog-temp/synced.readings
2026-09-28 12:56:50.271   OUT mqtt         analog-temp to s                                       ->  [gw/hw1-isone-me-versant-keene-maple-scada-s2/to/s/synced-readings]               SyncedReadings           
2026-09-28 12:56:50.272 --Parentless.process_internal_message  path:0x00000004
2026-09-28 12:56:50.273 --Proactor<s2>.process_message  path:0x00000401
2026-09-28 12:56:50.273 ----------------------------------------------------------------------------------------
2026-09-28 12:56:50.867 
2026-09-28 12:56:50.870 ++++++++++++++++++++++++++++++++++++++++++++++++++++++++++++++++++++++++++++++++++++++++
2026-09-28 12:56:50.871 ++Proactor<s2>.process_message  [analog-temp/synced.readings]
2026-09-28 12:56:50.871   IN  internal     analog-temp to hw1.isone.me.versant.keene.maple.scada.s2     <-  [analog-temp/to/hw1.isone.me.versant.keene.maple.scada.s2/synced.readings]        SyncedReadings           
2026-09-28 12:56:50.872 ++Parentless.process_internal_message analog-temp/synced.readings
2026-09-28 12:56:50.873   OUT mqtt         analog-temp to s                                       ->  [gw/hw1-isone-me-versant-keene-maple-scada-s2/to/s/synced-readings]               SyncedReadings           
2026-09-28 12:56:50.874 --Parentless.process_internal_message  path:0x00000004
2026-09-28 12:56:50.875 --Proactor<s2>.process_message  path:0x00000401
2026-09-28 12:56:50.876 ----------------------------------------------------------------------------------------
2026-09-28 12:56:51.469 
2026-09-28 12:56:51.469 ++++++++++++++++++++++++++++++++++++++++++++++++++++++++++++++++++++++++++++++++++++++++
2026-09-28 12:56:51.470 ++Proactor<s2>.process_message  [analog-temp/synced.readings]
2026-09-28 12:56:51.471   IN  internal     analog-temp to hw1.isone.me.versant.keene.maple.scada.s2     <-  [analog-temp/to/hw1.isone.me.versant.keene.maple.scada.s2/synced.readings]        SyncedReadings           
2026-09-28 12:56:51.471 ++Parentless.process_internal_message analog-temp/synced.readings
2026-09-28 12:56:51.473   OUT mqtt         analog-temp to s                                       ->  [gw/hw1-isone-me-versant-keene-maple-scada-s2/to/s/synced-readings]               SyncedReadings           
2026-09-28 12:56:51.474 --Parentless.process_internal_message  path:0x00000004
2026-09-28 12:56:51.474 --Proactor<s2>.process_message  path:0x00000401
2026-09-28 12:56:51.475 ----------------------------------------------------------------------------------------
2026-09-28 12:56:54.062 
2026-09-28 12:56:54.062 ++++++++++++++++++++++++++++++++++++++++++++++++++++++++++++++++++++++++++++++++++++++++
2026-09-28 12:56:54.062 ++Proactor<s2>.process_message  [analog-temp/synced.readings]
2026-09-28 12:56:54.063   IN  internal     analog-temp to hw1.isone.me.versant.keene.maple.scada.s2     <-  [analog-temp/to/hw1.isone.me.versant.keene.maple.scada.s2/synced.readings]        SyncedReadings           
2026-09-28 12:56:54.063 ++Parentless.process_internal_message analog-temp/synced.readings
2026-09-28 12:56:54.064   OUT mqtt         analog-temp to s                                       ->  [gw/hw1-isone-me-versant-keene-maple-scada-s2/to/s/synced-readings]               SyncedReadings           
2026-09-28 12:56:54.064 --Parentless.process_internal_message  path:0x00000004
2026-09-28 12:56:54.065 --Proactor<s2>.process_message  path:0x00000401
2026-09-28 12:56:54.065 ----------------------------------------------------------------------------------------
2026-09-28 12:56:55.053 
2026-09-28 12:56:55.053 ++++++++++++++++++++++++++++++++++++++++++++++++++++++++++++++++++++++++++++++++++++++++
2026-09-28 12:56:55.053 ++Proactor<s2>.process_message  [analog-temp/synced.readings]
2026-09-28 12:56:55.054   IN  internal     analog-temp to hw1.isone.me.versant.keene.maple.scada.s2     <-  [analog-temp/to/hw1.isone.me.versant.keene.maple.scada.s2/synced.readings]        SyncedReadings           
2026-09-28 12:56:55.054 ++Parentless.process_internal_message analog-temp/synced.readings
2026-09-28 12:56:55.055   OUT mqtt         analog-temp to s                                       ->  [gw/hw1-isone-me-versant-keene-maple-scada-s2/to/s/synced-readings]               SyncedReadings           
2026-09-28 12:56:55.055 --Parentless.process_internal_message  path:0x00000004
2026-09-28 12:56:55.055 --Proactor<s2>.process_message  path:0x00000401
2026-09-28 12:56:55.055 ----------------------------------------------------------------------------------------
2026-09-28 12:56:55.453 
2026-09-28 12:56:55.453 ++++++++++++++++++++++++++++++++++++++++++++++++++++++++++++++++++++++++++++++++++++++++
2026-09-28 12:56:55.453 ++Proactor<s2>.process_message  [analog-temp/synced.readings]
2026-09-28 12:56:55.454   IN  internal     analog-temp to hw1.isone.me.versant.keene.maple.scada.s2     <-  [analog-temp/to/hw1.isone.me.versant.keene.maple.scada.s2/synced.readings]        SyncedReadings           
2026-09-28 12:56:55.454 ++Parentless.process_internal_message analog-temp/synced.readings
2026-09-28 12:56:55.455   OUT mqtt         analog-temp to s                                       ->  [gw/hw1-isone-me-versant-keene-maple-scada-s2/to/s/synced-readings]               SyncedReadings           
2026-09-28 12:56:55.455 --Parentless.process_internal_message  path:0x00000004
2026-09-28 12:56:55.455 --Proactor<s2>.process_message  path:0x00000401
2026-09-28 12:56:55.455 ----------------------------------------------------------------------------------------
2026-09-28 12:56:56.853 
2026-09-28 12:56:56.854 ++++++++++++++++++++++++++++++++++++++++++++++++++++++++++++++++++++++++++++++++++++++++
2026-09-28 12:56:56.854 ++Proactor<s2>.process_message  [analog-temp/synced.readings]
2026-09-28 12:56:56.854   IN  internal     analog-temp to hw1.isone.me.versant.keene.maple.scada.s2     <-  [analog-temp/to/hw1.isone.me.versant.keene.maple.scada.s2/synced.readings]        SyncedReadings           
2026-09-28 12:56:56.854 ++Parentless.process_internal_message analog-temp/synced.readings
2026-09-28 12:56:56.855   OUT mqtt         analog-temp to s                                       ->  [gw/hw1-isone-me-versant-keene-maple-scada-s2/to/s/synced-readings]               SyncedReadings           
2026-09-28 12:56:56.856 --Parentless.process_internal_message  path:0x00000004
2026-09-28 12:56:56.856 --Proactor<s2>.process_message  path:0x00000401
2026-09-28 12:56:56.856 ----------------------------------------------------------------------------------------
2026-09-28 12:56:57.054 
2026-09-28 12:56:57.055 ++++++++++++++++++++++++++++++++++++++++++++++++++++++++++++++++++++++++++++++++++++++++
2026-09-28 12:56:57.055 ++Proactor<s2>.process_message  [analog-temp/synced.readings]
2026-09-28 12:56:57.055   IN  internal     analog-temp to hw1.isone.me.versant.keene.maple.scada.s2     <-  [analog-temp/to/hw1.isone.me.versant.keene.maple.scada.s2/synced.readings]        SyncedReadings           
2026-09-28 12:56:57.055 ++Parentless.process_internal_message analog-temp/synced.readings
2026-09-28 12:56:57.056   OUT mqtt         analog-temp to s                                       ->  [gw/hw1-isone-me-versant-keene-maple-scada-s2/to/s/synced-readings]               SyncedReadings           
2026-09-28 12:56:57.056 --Parentless.process_internal_message  path:0x00000004
2026-09-28 12:56:57.056 --Proactor<s2>.process_message  path:0x00000401
2026-09-28 12:56:57.057 ----------------------------------------------------------------------------------------
2026-09-28 12:56:58.654 
2026-09-28 12:56:58.655 ++++++++++++++++++++++++++++++++++++++++++++++++++++++++++++++++++++++++++++++++++++++++
2026-09-28 12:56:58.655 ++Proactor<s2>.process_message  [analog-temp/synced.readings]
2026-09-28 12:56:58.655   IN  internal     analog-temp to hw1.isone.me.versant.keene.maple.scada.s2     <-  [analog-temp/to/hw1.isone.me.versant.keene.maple.scada.s2/synced.readings]        SyncedReadings           
2026-09-28 12:56:58.655 ++Parentless.process_internal_message analog-temp/synced.readings
2026-09-28 12:56:58.656   OUT mqtt         analog-temp to s                                       ->  [gw/hw1-isone-me-versant-keene-maple-scada-s2/to/s/synced-readings]               SyncedReadings           
2026-09-28 12:56:58.656 --Parentless.process_internal_message  path:0x00000004
2026-09-28 12:56:58.657 --Proactor<s2>.process_message  path:0x00000401
2026-09-28 12:56:58.657 ----------------------------------------------------------------------------------------
2026-09-28 12:57:00.472 
2026-09-28 12:57:00.473 ++++++++++++++++++++++++++++++++++++++++++++++++++++++++++++++++++++++++++++++++++++++++
2026-09-28 12:57:00.473 ++Proactor<s2>.process_message  [analog-temp/synced.readings]
2026-09-28 12:57:00.474   IN  internal     analog-temp to hw1.isone.me.versant.keene.maple.scada.s2     <-  [analog-temp/to/hw1.isone.me.versant.keene.maple.scada.s2/synced.readings]        SyncedReadings           
2026-09-28 12:57:00.475 ++Parentless.process_internal_message analog-temp/synced.readings
2026-09-28 12:57:00.476   OUT mqtt         analog-temp to s                                       ->  [gw/hw1-isone-me-versant-keene-maple-scada-s2/to/s/synced-readings]               SyncedReadings           
2026-09-28 12:57:00.477 --Parentless.process_internal_message  path:0x00000004
2026-09-28 12:57:00.478 --Proactor<s2>.process_message  path:0x00000401
2026-09-28 12:57:00.478 ----------------------------------------------------------------------------------------
2026-09-28 12:57:02.472 
2026-09-28 12:57:02.473 ++++++++++++++++++++++++++++++++++++++++++++++++++++++++++++++++++++++++++++++++++++++++
2026-09-28 12:57:02.473 ++Proactor<s2>.process_message  [analog-temp/synced.readings]
2026-09-28 12:57:02.474   IN  internal     analog-temp to hw1.isone.me.versant.keene.maple.scada.s2     <-  [analog-temp/to/hw1.isone.me.versant.keene.maple.scada.s2/synced.readings]        SyncedReadings           
2026-09-28 12:57:02.474 ++Parentless.process_internal_message analog-temp/synced.readings
2026-09-28 12:57:02.475   OUT mqtt         analog-temp to s                                       ->  [gw/hw1-isone-me-versant-keene-maple-scada-s2/to/s/synced-readings]               SyncedReadings           
2026-09-28 12:57:02.476 --Parentless.process_internal_message  path:0x00000004
2026-09-28 12:57:02.477 --Proactor<s2>.process_message  path:0x00000401
2026-09-28 12:57:02.477 ----------------------------------------------------------------------------------------
2026-09-28 12:57:03.273 
2026-09-28 12:57:03.274 ++++++++++++++++++++++++++++++++++++++++++++++++++++++++++++++++++++++++++++++++++++++++
2026-09-28 12:57:03.274 ++Proactor<s2>.process_message  [analog-temp/synced.readings]
2026-09-28 12:57:03.275   IN  internal     analog-temp to hw1.isone.me.versant.keene.maple.scada.s2     <-  [analog-temp/to/hw1.isone.me.versant.keene.maple.scada.s2/synced.readings]        SyncedReadings           
2026-09-28 12:57:03.276 ++Parentless.process_internal_message analog-temp/synced.readings
2026-09-28 12:57:03.277   OUT mqtt         analog-temp to s                                       ->  [gw/hw1-isone-me-versant-keene-maple-scada-s2/to/s/synced-readings]               SyncedReadings           
2026-09-28 12:57:03.278 --Parentless.process_internal_message  path:0x00000004
2026-09-28 12:57:03.279 --Proactor<s2>.process_message  path:0x00000401
2026-09-28 12:57:03.279 ----------------------------------------------------------------------------------------
2026-09-28 12:57:05.474 
2026-09-28 12:57:05.475 ++++++++++++++++++++++++++++++++++++++++++++++++++++++++++++++++++++++++++++++++++++++++
2026-09-28 12:57:05.475 ++Proactor<s2>.process_message  [analog-temp/synced.readings]
2026-09-28 12:57:05.476   IN  internal     analog-temp to hw1.isone.me.versant.keene.maple.scada.s2     <-  [analog-temp/to/hw1.isone.me.versant.keene.maple.scada.s2/synced.readings]        SyncedReadings           
2026-09-28 12:57:05.477 ++Parentless.process_internal_message analog-temp/synced.readings
2026-09-28 12:57:05.478   OUT mqtt         analog-temp to s                                       ->  [gw/hw1-isone-me-versant-keene-maple-scada-s2/to/s/synced-readings]               SyncedReadings           
2026-09-28 12:57:05.479 --Parentless.process_internal_message  path:0x00000004
2026-09-28 12:57:05.479 --Proactor<s2>.process_message  path:0x00000401
2026-09-28 12:57:05.480 ----------------------------------------------------------------------------------------
2026-09-28 12:57:06.274 
2026-09-28 12:57:06.275 ++++++++++++++++++++++++++++++++++++++++++++++++++++++++++++++++++++++++++++++++++++++++
2026-09-28 12:57:06.275 ++Proactor<s2>.process_message  [analog-temp/synced.readings]
2026-09-28 12:57:06.276   IN  internal     analog-temp to hw1.isone.me.versant.keene.maple.scada.s2     <-  [analog-temp/to/hw1.isone.me.versant.keene.maple.scada.s2/synced.readings]        SyncedReadings           
2026-09-28 12:57:06.277 ++Parentless.process_internal_message analog-temp/synced.readings
2026-09-28 12:57:06.278   OUT mqtt         analog-temp to s                                       ->  [gw/hw1-isone-me-versant-keene-maple-scada-s2/to/s/synced-readings]               SyncedReadings           
2026-09-28 12:57:06.279 --Parentless.process_internal_message  path:0x00000004
2026-09-28 12:57:06.279 --Proactor<s2>.process_message  path:0x00000401
2026-09-28 12:57:06.280 ----------------------------------------------------------------------------------------
2026-09-28 12:57:07.677 
2026-09-28 12:57:07.678 ++++++++++++++++++++++++++++++++++++++++++++++++++++++++++++++++++++++++++++++++++++++++
2026-09-28 12:57:07.679 ++Proactor<s2>.process_message  [analog-temp/synced.readings]
2026-09-28 12:57:07.679   IN  internal     analog-temp to hw1.isone.me.versant.keene.maple.scada.s2     <-  [analog-temp/to/hw1.isone.me.versant.keene.maple.scada.s2/synced.readings]        SyncedReadings           
2026-09-28 12:57:07.680 ++Parentless.process_internal_message analog-temp/synced.readings
2026-09-28 12:57:07.681   OUT mqtt         analog-temp to s                                       ->  [gw/hw1-isone-me-versant-keene-maple-scada-s2/to/s/synced-readings]               SyncedReadings           
2026-09-28 12:57:07.682 --Parentless.process_internal_message  path:0x00000004
2026-09-28 12:57:07.683 --Proactor<s2>.process_message  path:0x00000401
2026-09-28 12:57:07.683 ----------------------------------------------------------------------------------------
2026-09-28 12:57:08.660 
2026-09-28 12:57:08.661 ++++++++++++++++++++++++++++++++++++++++++++++++++++++++++++++++++++++++++++++++++++++++
2026-09-28 12:57:08.661 ++Proactor<s2>.process_message  [analog-temp/synced.readings]
2026-09-28 12:57:08.661   IN  internal     analog-temp to hw1.isone.me.versant.keene.maple.scada.s2     <-  [analog-temp/to/hw1.isone.me.versant.keene.maple.scada.s2/synced.readings]        SyncedReadings           
2026-09-28 12:57:08.661 ++Parentless.process_internal_message analog-temp/synced.readings
2026-09-28 12:57:08.662   OUT mqtt         analog-temp to s                                       ->  [gw/hw1-isone-me-versant-keene-maple-scada-s2/to/s/synced-readings]               SyncedReadings           
2026-09-28 12:57:08.662 --Parentless.process_internal_message  path:0x00000004
2026-09-28 12:57:08.662 --Proactor<s2>.process_message  path:0x00000401
2026-09-28 12:57:08.663 ----------------------------------------------------------------------------------------
2026-09-28 12:57:09.262 
2026-09-28 12:57:09.262 ++++++++++++++++++++++++++++++++++++++++++++++++++++++++++++++++++++++++++++++++++++++++
2026-09-28 12:57:09.262 ++Proactor<s2>.process_message  [analog-temp/synced.readings]
2026-09-28 12:57:09.262   IN  internal     analog-temp to hw1.isone.me.versant.keene.maple.scada.s2     <-  [analog-temp/to/hw1.isone.me.versant.keene.maple.scada.s2/synced.readings]        SyncedReadings           
2026-09-28 12:57:09.263 ++Parentless.process_internal_message analog-temp/synced.readings
2026-09-28 12:57:09.264   OUT mqtt         analog-temp to s                                       ->  [gw/hw1-isone-me-versant-keene-maple-scada-s2/to/s/synced-readings]               SyncedReadings           
2026-09-28 12:57:09.265 --Parentless.process_internal_message  path:0x00000004
2026-09-28 12:57:09.266 --Proactor<s2>.process_message  path:0x00000401
2026-09-28 12:57:09.266 ----------------------------------------------------------------------------------------
2026-09-28 12:57:11.861 
2026-09-28 12:57:11.861 ++++++++++++++++++++++++++++++++++++++++++++++++++++++++++++++++++++++++++++++++++++++++
2026-09-28 12:57:11.862 ++Proactor<s2>.process_message  [analog-temp/synced.readings]
2026-09-28 12:57:11.862   IN  internal     analog-temp to hw1.isone.me.versant.keene.maple.scada.s2     <-  [analog-temp/to/hw1.isone.me.versant.keene.maple.scada.s2/synced.readings]        SyncedReadings           
2026-09-28 12:57:11.862 ++Parentless.process_internal_message analog-temp/synced.readings
2026-09-28 12:57:11.863   OUT mqtt         analog-temp to s                                       ->  [gw/hw1-isone-me-versant-keene-maple-scada-s2/to/s/synced-readings]               SyncedReadings           
2026-09-28 12:57:11.863 --Parentless.process_internal_message  path:0x00000004
2026-09-28 12:57:11.863 --Proactor<s2>.process_message  path:0x00000401
2026-09-28 12:57:11.864 ----------------------------------------------------------------------------------------
2026-09-28 12:57:12.461 
2026-09-28 12:57:12.462 ++++++++++++++++++++++++++++++++++++++++++++++++++++++++++++++++++++++++++++++++++++++++
2026-09-28 12:57:12.462 ++Proactor<s2>.process_message  [analog-temp/synced.readings]
2026-09-28 12:57:12.462   IN  internal     analog-temp to hw1.isone.me.versant.keene.maple.scada.s2     <-  [analog-temp/to/hw1.isone.me.versant.keene.maple.scada.s2/synced.readings]        SyncedReadings           
2026-09-28 12:57:12.462 ++Parentless.process_internal_message analog-temp/synced.readings
2026-09-28 12:57:12.463   OUT mqtt         analog-temp to s                                       ->  [gw/hw1-isone-me-versant-keene-maple-scada-s2/to/s/synced-readings]               SyncedReadings           
2026-09-28 12:57:12.463 --Parentless.process_internal_message  path:0x00000004
2026-09-28 12:57:12.464 --Proactor<s2>.process_message  path:0x00000401
2026-09-28 12:57:12.464 ----------------------------------------------------------------------------------------
2026-09-28 12:57:15.280 
2026-09-28 12:57:15.281 ++++++++++++++++++++++++++++++++++++++++++++++++++++++++++++++++++++++++++++++++++++++++
2026-09-28 12:57:15.281 ++Proactor<s2>.process_message  [analog-temp/synced.readings]
2026-09-28 12:57:15.282   IN  internal     analog-temp to hw1.isone.me.versant.keene.maple.scada.s2     <-  [analog-temp/to/hw1.isone.me.versant.keene.maple.scada.s2/synced.readings]        SyncedReadings           
2026-09-28 12:57:15.283 ++Parentless.process_internal_message analog-temp/synced.readings
2026-09-28 12:57:15.284   OUT mqtt         analog-temp to s                                       ->  [gw/hw1-isone-me-versant-keene-maple-scada-s2/to/s/synced-readings]               SyncedReadings           
2026-09-28 12:57:15.285 --Parentless.process_internal_message  path:0x00000004
2026-09-28 12:57:15.286 --Proactor<s2>.process_message  path:0x00000401
2026-09-28 12:57:15.286 ----------------------------------------------------------------------------------------
2026-09-28 12:57:15.879 
2026-09-28 12:57:15.880 ++++++++++++++++++++++++++++++++++++++++++++++++++++++++++++++++++++++++++++++++++++++++
2026-09-28 12:57:15.881 ++Proactor<s2>.process_message  [analog-temp/synced.readings]
2026-09-28 12:57:15.881   IN  internal     analog-temp to hw1.isone.me.versant.keene.maple.scada.s2     <-  [analog-temp/to/hw1.isone.me.versant.keene.maple.scada.s2/synced.readings]        SyncedReadings           
2026-09-28 12:57:15.882 ++Parentless.process_internal_message analog-temp/synced.readings
2026-09-28 12:57:15.883   OUT mqtt         analog-temp to s                                       ->  [gw/hw1-isone-me-versant-keene-maple-scada-s2/to/s/synced-readings]               SyncedReadings           
2026-09-28 12:57:15.884 --Parentless.process_internal_message  path:0x00000004
2026-09-28 12:57:15.885 --Proactor<s2>.process_message  path:0x00000401
2026-09-28 12:57:15.885 ----------------------------------------------------------------------------------------
2026-09-28 12:57:18.280 
2026-09-28 12:57:18.281 ++++++++++++++++++++++++++++++++++++++++++++++++++++++++++++++++++++++++++++++++++++++++
2026-09-28 12:57:18.281 ++Proactor<s2>.process_message  [analog-temp/synced.readings]
2026-09-28 12:57:18.282   IN  internal     analog-temp to hw1.isone.me.versant.keene.maple.scada.s2     <-  [analog-temp/to/hw1.isone.me.versant.keene.maple.scada.s2/synced.readings]        SyncedReadings           
2026-09-28 12:57:18.282 ++Parentless.process_internal_message analog-temp/synced.readings
2026-09-28 12:57:18.284   OUT mqtt         analog-temp to s                                       ->  [gw/hw1-isone-me-versant-keene-maple-scada-s2/to/s/synced-readings]               SyncedReadings           
2026-09-28 12:57:18.284 --Parentless.process_internal_message  path:0x00000004
2026-09-28 12:57:18.285 --Proactor<s2>.process_message  path:0x00000401
2026-09-28 12:57:18.285 ----------------------------------------------------------------------------------------
2026-09-28 12:57:18.481 
2026-09-28 12:57:18.482 ++++++++++++++++++++++++++++++++++++++++++++++++++++++++++++++++++++++++++++++++++++++++
2026-09-28 12:57:18.482 ++Proactor<s2>.process_message  [analog-temp/synced.readings]
2026-09-28 12:57:18.483   IN  internal     analog-temp to hw1.isone.me.versant.keene.maple.scada.s2     <-  [analog-temp/to/hw1.isone.me.versant.keene.maple.scada.s2/synced.readings]        SyncedReadings           
2026-09-28 12:57:18.483 ++Parentless.process_internal_message analog-temp/synced.readings
2026-09-28 12:57:18.485   OUT mqtt         analog-temp to s                                       ->  [gw/hw1-isone-me-versant-keene-maple-scada-s2/to/s/synced-readings]               SyncedReadings           
2026-09-28 12:57:18.486 --Parentless.process_internal_message  path:0x00000004
2026-09-28 12:57:18.486 --Proactor<s2>.process_message  path:0x00000401
2026-09-28 12:57:18.486 ----------------------------------------------------------------------------------------
2026-09-28 12:57:19.081 
2026-09-28 12:57:19.082 ++++++++++++++++++++++++++++++++++++++++++++++++++++++++++++++++++++++++++++++++++++++++
2026-09-28 12:57:19.082 ++Proactor<s2>.process_message  [analog-temp/synced.readings]
2026-09-28 12:57:19.083   IN  internal     analog-temp to hw1.isone.me.versant.keene.maple.scada.s2     <-  [analog-temp/to/hw1.isone.me.versant.keene.maple.scada.s2/synced.readings]        SyncedReadings           
2026-09-28 12:57:19.083 ++Parentless.process_internal_message analog-temp/synced.readings
2026-09-28 12:57:19.085   OUT mqtt         analog-temp to s                                       ->  [gw/hw1-isone-me-versant-keene-maple-scada-s2/to/s/synced-readings]               SyncedReadings           
2026-09-28 12:57:19.085 --Parentless.process_internal_message  path:0x00000004
2026-09-28 12:57:19.086 --Proactor<s2>.process_message  path:0x00000401
2026-09-28 12:57:19.086 ----------------------------------------------------------------------------------------
2026-09-28 12:57:20.083 
2026-09-28 12:57:20.088 ++++++++++++++++++++++++++++++++++++++++++++++++++++++++++++++++++++++++++++++++++++++++
2026-09-28 12:57:20.089 ++Proactor<s2>.process_message  [analog-temp/synced.readings]
2026-09-28 12:57:20.089   IN  internal     analog-temp to hw1.isone.me.versant.keene.maple.scada.s2     <-  [analog-temp/to/hw1.isone.me.versant.keene.maple.scada.s2/synced.readings]        SyncedReadings           
2026-09-28 12:57:20.090 ++Parentless.process_internal_message analog-temp/synced.readings
2026-09-28 12:57:20.091   OUT mqtt         analog-temp to s                                       ->  [gw/hw1-isone-me-versant-keene-maple-scada-s2/to/s/synced-readings]               SyncedReadings           
2026-09-28 12:57:20.092 --Parentless.process_internal_message  path:0x00000004
2026-09-28 12:57:20.093 --Proactor<s2>.process_message  path:0x00000401
2026-09-28 12:57:20.093 ----------------------------------------------------------------------------------------
2026-09-28 12:57:21.467 
2026-09-28 12:57:21.467 ++++++++++++++++++++++++++++++++++++++++++++++++++++++++++++++++++++++++++++++++++++++++
2026-09-28 12:57:21.468 ++Proactor<s2>.process_message  [analog-temp/synced.readings]
2026-09-28 12:57:21.468   IN  internal     analog-temp to hw1.isone.me.versant.keene.maple.scada.s2     <-  [analog-temp/to/hw1.isone.me.versant.keene.maple.scada.s2/synced.readings]        SyncedReadings           
2026-09-28 12:57:21.468 ++Parentless.process_internal_message analog-temp/synced.readings
2026-09-28 12:57:21.469   OUT mqtt         analog-temp to s                                       ->  [gw/hw1-isone-me-versant-keene-maple-scada-s2/to/s/synced-readings]               SyncedReadings           
2026-09-28 12:57:21.469 --Parentless.process_internal_message  path:0x00000004
2026-09-28 12:57:21.469 --Proactor<s2>.process_message  path:0x00000401
2026-09-28 12:57:21.469 ----------------------------------------------------------------------------------------
2026-09-28 12:57:22.068 
2026-09-28 12:57:22.068 ++++++++++++++++++++++++++++++++++++++++++++++++++++++++++++++++++++++++++++++++++++++++
2026-09-28 12:57:22.069 ++Proactor<s2>.process_message  [analog-temp/synced.readings]
2026-09-28 12:57:22.069   IN  internal     analog-temp to hw1.isone.me.versant.keene.maple.scada.s2     <-  [analog-temp/to/hw1.isone.me.versant.keene.maple.scada.s2/synced.readings]        SyncedReadings           
2026-09-28 12:57:22.069 ++Parentless.process_internal_message analog-temp/synced.readings
2026-09-28 12:57:22.070   OUT mqtt         analog-temp to s                                       ->  [gw/hw1-isone-me-versant-keene-maple-scada-s2/to/s/synced-readings]               SyncedReadings           
2026-09-28 12:57:22.070 --Parentless.process_internal_message  path:0x00000004
2026-09-28 12:57:22.071 --Proactor<s2>.process_message  path:0x00000401
2026-09-28 12:57:22.071 ----------------------------------------------------------------------------------------
2026-09-28 12:57:23.467 
2026-09-28 12:57:23.468 ++++++++++++++++++++++++++++++++++++++++++++++++++++++++++++++++++++++++++++++++++++++++
2026-09-28 12:57:23.468 ++Proactor<s2>.process_message  [analog-temp/synced.readings]
2026-09-28 12:57:23.468   IN  internal     analog-temp to hw1.isone.me.versant.keene.maple.scada.s2     <-  [analog-temp/to/hw1.isone.me.versant.keene.maple.scada.s2/synced.readings]        SyncedReadings           
2026-09-28 12:57:23.468 ++Parentless.process_internal_message analog-temp/synced.readings
2026-09-28 12:57:23.469   OUT mqtt         analog-temp to s                                       ->  [gw/hw1-isone-me-versant-keene-maple-scada-s2/to/s/synced-readings]               SyncedReadings           
2026-09-28 12:57:23.469 --Parentless.process_internal_message  path:0x00000004
2026-09-28 12:57:23.470 --Proactor<s2>.process_message  path:0x00000401
2026-09-28 12:57:23.470 ----------------------------------------------------------------------------------------
2026-09-28 12:57:24.668 
2026-09-28 12:57:24.668 ++++++++++++++++++++++++++++++++++++++++++++++++++++++++++++++++++++++++++++++++++++++++
2026-09-28 12:57:24.668 ++Proactor<s2>.process_message  [analog-temp/synced.readings]
2026-09-28 12:57:24.669   IN  internal     analog-temp to hw1.isone.me.versant.keene.maple.scada.s2     <-  [analog-temp/to/hw1.isone.me.versant.keene.maple.scada.s2/synced.readings]        SyncedReadings           
2026-09-28 12:57:24.669 ++Parentless.process_internal_message analog-temp/synced.readings
2026-09-28 12:57:24.669   OUT mqtt         analog-temp to s                                       ->  [gw/hw1-isone-me-versant-keene-maple-scada-s2/to/s/synced-readings]               SyncedReadings           
2026-09-28 12:57:24.670 --Parentless.process_internal_message  path:0x00000004
2026-09-28 12:57:24.670 --Proactor<s2>.process_message  path:0x00000401
2026-09-28 12:57:24.670 ----------------------------------------------------------------------------------------
2026-09-28 12:57:25.268 
2026-09-28 12:57:25.272 ++++++++++++++++++++++++++++++++++++++++++++++++++++++++++++++++++++++++++++++++++++++++
2026-09-28 12:57:25.272 ++Proactor<s2>.process_message  [analog-temp/synced.readings]
2026-09-28 12:57:25.273   IN  internal     analog-temp to hw1.isone.me.versant.keene.maple.scada.s2     <-  [analog-temp/to/hw1.isone.me.versant.keene.maple.scada.s2/synced.readings]        SyncedReadings           
2026-09-28 12:57:25.273 ++Parentless.process_internal_message analog-temp/synced.readings
2026-09-28 12:57:25.273   OUT mqtt         analog-temp to s                                       ->  [gw/hw1-isone-me-versant-keene-maple-scada-s2/to/s/synced-readings]               SyncedReadings           
2026-09-28 12:57:25.274 --Parentless.process_internal_message  path:0x00000004
2026-09-28 12:57:25.274 --Proactor<s2>.process_message  path:0x00000401
2026-09-28 12:57:25.274 ----------------------------------------------------------------------------------------
2026-09-28 12:57:25.469 
2026-09-28 12:57:25.469 ++++++++++++++++++++++++++++++++++++++++++++++++++++++++++++++++++++++++++++++++++++++++
2026-09-28 12:57:25.469 ++Proactor<s2>.process_message  [analog-temp/synced.readings]
2026-09-28 12:57:25.469   IN  internal     analog-temp to hw1.isone.me.versant.keene.maple.scada.s2     <-  [analog-temp/to/hw1.isone.me.versant.keene.maple.scada.s2/synced.readings]        SyncedReadings           
2026-09-28 12:57:25.469 ++Parentless.process_internal_message analog-temp/synced.readings
2026-09-28 12:57:25.470   OUT mqtt         analog-temp to s                                       ->  [gw/hw1-isone-me-versant-keene-maple-scada-s2/to/s/synced-readings]               SyncedReadings           
2026-09-28 12:57:25.471 --Parentless.process_internal_message  path:0x00000004
2026-09-28 12:57:25.471 --Proactor<s2>.process_message  path:0x00000401
2026-09-28 12:57:25.471 ----------------------------------------------------------------------------------------
2026-09-28 12:57:28.085 
2026-09-28 12:57:28.086 ++++++++++++++++++++++++++++++++++++++++++++++++++++++++++++++++++++++++++++++++++++++++
2026-09-28 12:57:28.087 ++Proactor<s2>.process_message  [analog-temp/synced.readings]
2026-09-28 12:57:28.087   IN  internal     analog-temp to hw1.isone.me.versant.keene.maple.scada.s2     <-  [analog-temp/to/hw1.isone.me.versant.keene.maple.scada.s2/synced.readings]        SyncedReadings           
2026-09-28 12:57:28.088 ++Parentless.process_internal_message analog-temp/synced.readings
2026-09-28 12:57:28.089   OUT mqtt         analog-temp to s                                       ->  [gw/hw1-isone-me-versant-keene-maple-scada-s2/to/s/synced-readings]               SyncedReadings           
2026-09-28 12:57:28.090 --Parentless.process_internal_message  path:0x00000004
2026-09-28 12:57:28.091 --Proactor<s2>.process_message  path:0x00000401
2026-09-28 12:57:28.092 ----------------------------------------------------------------------------------------
2026-09-28 12:57:28.686 
2026-09-28 12:57:28.687 ++++++++++++++++++++++++++++++++++++++++++++++++++++++++++++++++++++++++++++++++++++++++
2026-09-28 12:57:28.687 ++Proactor<s2>.process_message  [analog-temp/synced.readings]
2026-09-28 12:57:28.688   IN  internal     analog-temp to hw1.isone.me.versant.keene.maple.scada.s2     <-  [analog-temp/to/hw1.isone.me.versant.keene.maple.scada.s2/synced.readings]        SyncedReadings           
2026-09-28 12:57:28.688 ++Parentless.process_internal_message analog-temp/synced.readings
2026-09-28 12:57:28.689   OUT mqtt         analog-temp to s                                       ->  [gw/hw1-isone-me-versant-keene-maple-scada-s2/to/s/synced-readings]               SyncedReadings           
2026-09-28 12:57:28.690 --Parentless.process_internal_message  path:0x00000004
2026-09-28 12:57:28.691 --Proactor<s2>.process_message  path:0x00000401
2026-09-28 12:57:28.691 ----------------------------------------------------------------------------------------
2026-09-28 12:57:30.736 
2026-09-28 12:57:30.738 ++++++++++++++++++++++++++++++++++++++++++++++++++++++++++++++++++++++++++++++++++++++++
2026-09-28 12:57:30.739 ++Proactor<s2>.process_message  [gridworks-ping]
2026-09-28 12:57:30.739 ++Proactor<s2>._process_mqtt_message mqtt_clients/mqtt_message
2026-09-28 12:57:30.740   IN  mqtt         hw1.isone.me.versant.keene.maple.scada to s2           <-  [gw/hw1-isone-me-versant-keene-maple-scada/to/s2/gridworks-ping]                  Ping                      50693a47...
2026-09-28 12:57:30.741   OUT mqtt         hw1.isone.me.versant.keene.maple.scada.s2 to s         ->  [gw/hw1-isone-me-versant-keene-maple-scada-s2/to/s/gridworks-ack]                 Ack                       50693a47...
2026-09-28 12:57:30.742 --Proactor<s2>._process_mqtt_message:1  path:0x00000223
2026-09-28 12:57:30.743 --Proactor<s2>.process_message  path:0x00000002
2026-09-28 12:57:30.743 ----------------------------------------------------------------------------------------
2026-09-28 12:57:31.287 
2026-09-28 12:57:31.288 ++++++++++++++++++++++++++++++++++++++++++++++++++++++++++++++++++++++++++++++++++++++++
2026-09-28 12:57:31.288 ++Proactor<s2>.process_message  [analog-temp/synced.readings]
2026-09-28 12:57:31.289   IN  internal     analog-temp to hw1.isone.me.versant.keene.maple.scada.s2     <-  [analog-temp/to/hw1.isone.me.versant.keene.maple.scada.s2/synced.readings]        SyncedReadings           
2026-09-28 12:57:31.290 ++Parentless.process_internal_message analog-temp/synced.readings
2026-09-28 12:57:31.291   OUT mqtt         analog-temp to s                                       ->  [gw/hw1-isone-me-versant-keene-maple-scada-s2/to/s/synced-readings]               SyncedReadings           
2026-09-28 12:57:31.292 --Parentless.process_internal_message  path:0x00000004
2026-09-28 12:57:31.292 --Proactor<s2>.process_message  path:0x00000401
2026-09-28 12:57:31.293 ----------------------------------------------------------------------------------------
2026-09-28 12:57:31.888 
2026-09-28 12:57:31.889 ++++++++++++++++++++++++++++++++++++++++++++++++++++++++++++++++++++++++++++++++++++++++
2026-09-28 12:57:31.889 ++Proactor<s2>.process_message  [analog-temp/synced.readings]
2026-09-28 12:57:31.890   IN  internal     analog-temp to hw1.isone.me.versant.keene.maple.scada.s2     <-  [analog-temp/to/hw1.isone.me.versant.keene.maple.scada.s2/synced.readings]        SyncedReadings           
2026-09-28 12:57:31.891 ++Parentless.process_internal_message analog-temp/synced.readings
2026-09-28 12:57:31.892   OUT mqtt         analog-temp to s                                       ->  [gw/hw1-isone-me-versant-keene-maple-scada-s2/to/s/synced-readings]               SyncedReadings           
2026-09-28 12:57:31.893 --Parentless.process_internal_message  path:0x00000004
2026-09-28 12:57:31.894 --Proactor<s2>.process_message  path:0x00000401
2026-09-28 12:57:31.894 ----------------------------------------------------------------------------------------
2026-09-28 12:57:34.690 
2026-09-28 12:57:34.690 ++++++++++++++++++++++++++++++++++++++++++++++++++++++++++++++++++++++++++++++++++++++++
2026-09-28 12:57:34.691 ++Proactor<s2>.process_message  [analog-temp/synced.readings]
2026-09-28 12:57:34.691   IN  internal     analog-temp to hw1.isone.me.versant.keene.maple.scada.s2     <-  [analog-temp/to/hw1.isone.me.versant.keene.maple.scada.s2/synced.readings]        SyncedReadings           
2026-09-28 12:57:34.691 ++Parentless.process_internal_message analog-temp/synced.readings
2026-09-28 12:57:34.692   OUT mqtt         analog-temp to s                                       ->  [gw/hw1-isone-me-versant-keene-maple-scada-s2/to/s/synced-readings]               SyncedReadings           
2026-09-28 12:57:34.693 --Parentless.process_internal_message  path:0x00000004
2026-09-28 12:57:34.693 --Proactor<s2>.process_message  path:0x00000401
2026-09-28 12:57:34.694 ----------------------------------------------------------------------------------------
2026-09-28 12:57:35.082 
2026-09-28 12:57:35.083 ++++++++++++++++++++++++++++++++++++++++++++++++++++++++++++++++++++++++++++++++++++++++
2026-09-28 12:57:35.083 ++Proactor<s2>.process_message  [analog-temp/synced.readings]
2026-09-28 12:57:35.084   IN  internal     analog-temp to hw1.isone.me.versant.keene.maple.scada.s2     <-  [analog-temp/to/hw1.isone.me.versant.keene.maple.scada.s2/synced.readings]        SyncedReadings           
2026-09-28 12:57:35.084 ++Parentless.process_internal_message analog-temp/synced.readings
2026-09-28 12:57:35.086   OUT mqtt         analog-temp to s                                       ->  [gw/hw1-isone-me-versant-keene-maple-scada-s2/to/s/synced-readings]               SyncedReadings           
2026-09-28 12:57:35.086 --Parentless.process_internal_message  path:0x00000004
2026-09-28 12:57:35.087 --Proactor<s2>.process_message  path:0x00000401
2026-09-28 12:57:35.088 ----------------------------------------------------------------------------------------
2026-09-28 12:57:35.876 
2026-09-28 12:57:35.876 ++++++++++++++++++++++++++++++++++++++++++++++++++++++++++++++++++++++++++++++++++++++++
2026-09-28 12:57:35.876 ++Proactor<s2>.process_message  [analog-temp/synced.readings]
2026-09-28 12:57:35.876   IN  internal     analog-temp to hw1.isone.me.versant.keene.maple.scada.s2     <-  [analog-temp/to/hw1.isone.me.versant.keene.maple.scada.s2/synced.readings]        SyncedReadings           
2026-09-28 12:57:35.877 ++Parentless.process_internal_message analog-temp/synced.readings
2026-09-28 12:57:35.877   OUT mqtt         analog-temp to s                                       ->  [gw/hw1-isone-me-versant-keene-maple-scada-s2/to/s/synced-readings]               SyncedReadings           
2026-09-28 12:57:35.878 --Parentless.process_internal_message  path:0x00000004
2026-09-28 12:57:35.878 --Proactor<s2>.process_message  path:0x00000401
2026-09-28 12:57:35.878 ----------------------------------------------------------------------------------------
2026-09-28 12:57:37.275 
2026-09-28 12:57:37.275 ++++++++++++++++++++++++++++++++++++++++++++++++++++++++++++++++++++++++++++++++++++++++
2026-09-28 12:57:37.276 ++Proactor<s2>.process_message  [analog-temp/synced.readings]
2026-09-28 12:57:37.276   IN  internal     analog-temp to hw1.isone.me.versant.keene.maple.scada.s2     <-  [analog-temp/to/hw1.isone.me.versant.keene.maple.scada.s2/synced.readings]        SyncedReadings           
2026-09-28 12:57:37.276 ++Parentless.process_internal_message analog-temp/synced.readings
2026-09-28 12:57:37.277   OUT mqtt         analog-temp to s                                       ->  [gw/hw1-isone-me-versant-keene-maple-scada-s2/to/s/synced-readings]               SyncedReadings           
2026-09-28 12:57:37.277 --Parentless.process_internal_message  path:0x00000004
2026-09-28 12:57:37.277 --Proactor<s2>.process_message  path:0x00000401
2026-09-28 12:57:37.277 ----------------------------------------------------------------------------------------
2026-09-28 12:57:38.475 
2026-09-28 12:57:38.475 ++++++++++++++++++++++++++++++++++++++++++++++++++++++++++++++++++++++++++++++++++++++++
2026-09-28 12:57:38.476 ++Proactor<s2>.process_message  [analog-temp/synced.readings]
2026-09-28 12:57:38.476   IN  internal     analog-temp to hw1.isone.me.versant.keene.maple.scada.s2     <-  [analog-temp/to/hw1.isone.me.versant.keene.maple.scada.s2/synced.readings]        SyncedReadings           
2026-09-28 12:57:38.476 ++Parentless.process_internal_message analog-temp/synced.readings
2026-09-28 12:57:38.477   OUT mqtt         analog-temp to s                                       ->  [gw/hw1-isone-me-versant-keene-maple-scada-s2/to/s/synced-readings]               SyncedReadings           
2026-09-28 12:57:38.477 --Parentless.process_internal_message  path:0x00000004
2026-09-28 12:57:38.477 --Proactor<s2>.process_message  path:0x00000401
2026-09-28 12:57:38.477 ----------------------------------------------------------------------------------------
2026-09-28 12:57:39.276 
2026-09-28 12:57:39.276 ++++++++++++++++++++++++++++++++++++++++++++++++++++++++++++++++++++++++++++++++++++++++
2026-09-28 12:57:39.276 ++Proactor<s2>.process_message  [analog-temp/synced.readings]
2026-09-28 12:57:39.276   IN  internal     analog-temp to hw1.isone.me.versant.keene.maple.scada.s2     <-  [analog-temp/to/hw1.isone.me.versant.keene.maple.scada.s2/synced.readings]        SyncedReadings           
2026-09-28 12:57:39.277 ++Parentless.process_internal_message analog-temp/synced.readings
2026-09-28 12:57:39.277   OUT mqtt         analog-temp to s                                       ->  [gw/hw1-isone-me-versant-keene-maple-scada-s2/to/s/synced-readings]               SyncedReadings           
2026-09-28 12:57:39.278 --Parentless.process_internal_message  path:0x00000004
2026-09-28 12:57:39.278 --Proactor<s2>.process_message  path:0x00000401
2026-09-28 12:57:39.279 ----------------------------------------------------------------------------------------
2026-09-28 12:57:42.094 
2026-09-28 12:57:42.095 ++++++++++++++++++++++++++++++++++++++++++++++++++++++++++++++++++++++++++++++++++++++++
2026-09-28 12:57:42.095 ++Proactor<s2>.process_message  [analog-temp/synced.readings]
2026-09-28 12:57:42.096   IN  internal     analog-temp to hw1.isone.me.versant.keene.maple.scada.s2     <-  [analog-temp/to/hw1.isone.me.versant.keene.maple.scada.s2/synced.readings]        SyncedReadings           
2026-09-28 12:57:42.097 ++Parentless.process_internal_message analog-temp/synced.readings
2026-09-28 12:57:42.098   OUT mqtt         analog-temp to s                                       ->  [gw/hw1-isone-me-versant-keene-maple-scada-s2/to/s/synced-readings]               SyncedReadings           
2026-09-28 12:57:42.099 --Parentless.process_internal_message  path:0x00000004
2026-09-28 12:57:42.100 --Proactor<s2>.process_message  path:0x00000401
2026-09-28 12:57:42.101 ----------------------------------------------------------------------------------------
2026-09-28 12:57:44.094 
2026-09-28 12:57:44.095 ++++++++++++++++++++++++++++++++++++++++++++++++++++++++++++++++++++++++++++++++++++++++
2026-09-28 12:57:44.095 ++Proactor<s2>.process_message  [analog-temp/synced.readings]
2026-09-28 12:57:44.096   IN  internal     analog-temp to hw1.isone.me.versant.keene.maple.scada.s2     <-  [analog-temp/to/hw1.isone.me.versant.keene.maple.scada.s2/synced.readings]        SyncedReadings           
2026-09-28 12:57:44.096 ++Parentless.process_internal_message analog-temp/synced.readings
2026-09-28 12:57:44.098   OUT mqtt         analog-temp to s                                       ->  [gw/hw1-isone-me-versant-keene-maple-scada-s2/to/s/synced-readings]               SyncedReadings           
2026-09-28 12:57:44.099 --Parentless.process_internal_message  path:0x00000004
2026-09-28 12:57:44.099 --Proactor<s2>.process_message  path:0x00000401
2026-09-28 12:57:44.100 ----------------------------------------------------------------------------------------
2026-09-28 12:57:45.495 
2026-09-28 12:57:45.496 ++++++++++++++++++++++++++++++++++++++++++++++++++++++++++++++++++++++++++++++++++++++++
2026-09-28 12:57:45.496 ++Proactor<s2>.process_message  [analog-temp/synced.readings]
2026-09-28 12:57:45.497   IN  internal     analog-temp to hw1.isone.me.versant.keene.maple.scada.s2     <-  [analog-temp/to/hw1.isone.me.versant.keene.maple.scada.s2/synced.readings]        SyncedReadings           
2026-09-28 12:57:45.497 ++Parentless.process_internal_message analog-temp/synced.readings
2026-09-28 12:57:45.499   OUT mqtt         analog-temp to s                                       ->  [gw/hw1-isone-me-versant-keene-maple-scada-s2/to/s/synced-readings]               SyncedReadings           
2026-09-28 12:57:45.500 --Parentless.process_internal_message  path:0x00000004
2026-09-28 12:57:45.500 --Proactor<s2>.process_message  path:0x00000401
2026-09-28 12:57:45.501 ----------------------------------------------------------------------------------------
2026-09-28 12:57:46.496 
2026-09-28 12:57:46.497 ++++++++++++++++++++++++++++++++++++++++++++++++++++++++++++++++++++++++++++++++++++++++
2026-09-28 12:57:46.497 ++Proactor<s2>.process_message  [analog-temp/synced.readings]
2026-09-28 12:57:46.498   IN  internal     analog-temp to hw1.isone.me.versant.keene.maple.scada.s2     <-  [analog-temp/to/hw1.isone.me.versant.keene.maple.scada.s2/synced.readings]        SyncedReadings           
2026-09-28 12:57:46.498 ++Parentless.process_internal_message analog-temp/synced.readings
2026-09-28 12:57:46.500   OUT mqtt         analog-temp to s                                       ->  [gw/hw1-isone-me-versant-keene-maple-scada-s2/to/s/synced-readings]               SyncedReadings           
2026-09-28 12:57:46.500 --Parentless.process_internal_message  path:0x00000004
2026-09-28 12:57:46.501 --Proactor<s2>.process_message  path:0x00000401
2026-09-28 12:57:46.501 ----------------------------------------------------------------------------------------
2026-09-28 12:57:46.896 
2026-09-28 12:57:46.897 ++++++++++++++++++++++++++++++++++++++++++++++++++++++++++++++++++++++++++++++++++++++++
2026-09-28 12:57:46.897 ++Proactor<s2>.process_message  [analog-temp/synced.readings]
2026-09-28 12:57:46.898   IN  internal     analog-temp to hw1.isone.me.versant.keene.maple.scada.s2     <-  [analog-temp/to/hw1.isone.me.versant.keene.maple.scada.s2/synced.readings]        SyncedReadings           
2026-09-28 12:57:46.899 ++Parentless.process_internal_message analog-temp/synced.readings
2026-09-28 12:57:46.900   OUT mqtt         analog-temp to s                                       ->  [gw/hw1-isone-me-versant-keene-maple-scada-s2/to/s/synced-readings]               SyncedReadings           
2026-09-28 12:57:46.901 --Parentless.process_internal_message  path:0x00000004
2026-09-28 12:57:46.901 --Proactor<s2>.process_message  path:0x00000401
2026-09-28 12:57:46.902 ----------------------------------------------------------------------------------------
2026-09-28 12:57:49.081 
2026-09-28 12:57:49.081 ++++++++++++++++++++++++++++++++++++++++++++++++++++++++++++++++++++++++++++++++++++++++
2026-09-28 12:57:49.081 ++Proactor<s2>.process_message  [analog-temp/synced.readings]
2026-09-28 12:57:49.082   IN  internal     analog-temp to hw1.isone.me.versant.keene.maple.scada.s2     <-  [analog-temp/to/hw1.isone.me.versant.keene.maple.scada.s2/synced.readings]        SyncedReadings           
2026-09-28 12:57:49.082 ++Parentless.process_internal_message analog-temp/synced.readings
2026-09-28 12:57:49.082   OUT mqtt         analog-temp to s                                       ->  [gw/hw1-isone-me-versant-keene-maple-scada-s2/to/s/synced-readings]               SyncedReadings           
2026-09-28 12:57:49.083 --Parentless.process_internal_message  path:0x00000004
2026-09-28 12:57:49.083 --Proactor<s2>.process_message  path:0x00000401
2026-09-28 12:57:49.084 ----------------------------------------------------------------------------------------
2026-09-28 12:57:50.881 
2026-09-28 12:57:50.882 ++++++++++++++++++++++++++++++++++++++++++++++++++++++++++++++++++++++++++++++++++++++++
2026-09-28 12:57:50.882 ++Proactor<s2>.process_message  [analog-temp/synced.readings]
2026-09-28 12:57:50.882   IN  internal     analog-temp to hw1.isone.me.versant.keene.maple.scada.s2     <-  [analog-temp/to/hw1.isone.me.versant.keene.maple.scada.s2/synced.readings]        SyncedReadings           
2026-09-28 12:57:50.882 ++Parentless.process_internal_message analog-temp/synced.readings
2026-09-28 12:57:50.883   OUT mqtt         analog-temp to s                                       ->  [gw/hw1-isone-me-versant-keene-maple-scada-s2/to/s/synced-readings]               SyncedReadings           
2026-09-28 12:57:50.883 --Parentless.process_internal_message  path:0x00000004
2026-09-28 12:57:50.884 --Proactor<s2>.process_message  path:0x00000401
2026-09-28 12:57:50.884 ----------------------------------------------------------------------------------------
2026-09-28 12:57:52.297 
2026-09-28 12:57:52.298 ++++++++++++++++++++++++++++++++++++++++++++++++++++++++++++++++++++++++++++++++++++++++
2026-09-28 12:57:52.298 ++Proactor<s2>.process_message  [analog-temp/synced.readings]
2026-09-28 12:57:52.299   IN  internal     analog-temp to hw1.isone.me.versant.keene.maple.scada.s2     <-  [analog-temp/to/hw1.isone.me.versant.keene.maple.scada.s2/synced.readings]        SyncedReadings           
2026-09-28 12:57:52.300 ++Parentless.process_internal_message analog-temp/synced.readings
2026-09-28 12:57:52.301   OUT mqtt         analog-temp to s                                       ->  [gw/hw1-isone-me-versant-keene-maple-scada-s2/to/s/synced-readings]               SyncedReadings           
2026-09-28 12:57:52.302 --Parentless.process_internal_message  path:0x00000004
2026-09-28 12:57:52.302 --Proactor<s2>.process_message  path:0x00000401
2026-09-28 12:57:52.303 ----------------------------------------------------------------------------------------
2026-09-28 12:57:52.698 
2026-09-28 12:57:52.698 ++++++++++++++++++++++++++++++++++++++++++++++++++++++++++++++++++++++++++++++++++++++++
2026-09-28 12:57:52.699 ++Proactor<s2>.process_message  [analog-temp/synced.readings]
2026-09-28 12:57:52.699   IN  internal     analog-temp to hw1.isone.me.versant.keene.maple.scada.s2     <-  [analog-temp/to/hw1.isone.me.versant.keene.maple.scada.s2/synced.readings]        SyncedReadings           
2026-09-28 12:57:52.700 ++Parentless.process_internal_message analog-temp/synced.readings
2026-09-28 12:57:52.701   OUT mqtt         analog-temp to s                                       ->  [gw/hw1-isone-me-versant-keene-maple-scada-s2/to/s/synced-readings]               SyncedReadings           
2026-09-28 12:57:52.702 --Parentless.process_internal_message  path:0x00000004
2026-09-28 12:57:52.703 --Proactor<s2>.process_message  path:0x00000401
2026-09-28 12:57:52.703 ----------------------------------------------------------------------------------------
2026-09-28 12:57:53.699 
2026-09-28 12:57:53.699 ++++++++++++++++++++++++++++++++++++++++++++++++++++++++++++++++++++++++++++++++++++++++
2026-09-28 12:57:53.700 ++Proactor<s2>.process_message  [analog-temp/synced.readings]
2026-09-28 12:57:53.700   IN  internal     analog-temp to hw1.isone.me.versant.keene.maple.scada.s2     <-  [analog-temp/to/hw1.isone.me.versant.keene.maple.scada.s2/synced.readings]        SyncedReadings           
2026-09-28 12:57:53.701 ++Parentless.process_internal_message analog-temp/synced.readings
2026-09-28 12:57:53.702   OUT mqtt         analog-temp to s                                       ->  [gw/hw1-isone-me-versant-keene-maple-scada-s2/to/s/synced-readings]               SyncedReadings           
2026-09-28 12:57:53.703 --Parentless.process_internal_message  path:0x00000004
2026-09-28 12:57:53.704 --Proactor<s2>.process_message  path:0x00000401
2026-09-28 12:57:53.704 ----------------------------------------------------------------------------------------
2026-09-28 12:57:55.300 
2026-09-28 12:57:55.301 ++++++++++++++++++++++++++++++++++++++++++++++++++++++++++++++++++++++++++++++++++++++++
2026-09-28 12:57:55.301 ++Proactor<s2>.process_message  [analog-temp/synced.readings]
2026-09-28 12:57:55.302   IN  internal     analog-temp to hw1.isone.me.versant.keene.maple.scada.s2     <-  [analog-temp/to/hw1.isone.me.versant.keene.maple.scada.s2/synced.readings]        SyncedReadings           
2026-09-28 12:57:55.303 ++Parentless.process_internal_message analog-temp/synced.readings
2026-09-28 12:57:55.304   OUT mqtt         analog-temp to s                                       ->  [gw/hw1-isone-me-versant-keene-maple-scada-s2/to/s/synced-readings]               SyncedReadings           
2026-09-28 12:57:55.306 --Parentless.process_internal_message  path:0x00000004
2026-09-28 12:57:55.307 --Proactor<s2>.process_message  path:0x00000401
2026-09-28 12:57:55.308 ----------------------------------------------------------------------------------------
2026-09-28 12:57:55.700 
2026-09-28 12:57:55.701 ++++++++++++++++++++++++++++++++++++++++++++++++++++++++++++++++++++++++++++++++++++++++
2026-09-28 12:57:55.701 ++Proactor<s2>.process_message  [analog-temp/synced.readings]
2026-09-28 12:57:55.702   IN  internal     analog-temp to hw1.isone.me.versant.keene.maple.scada.s2     <-  [analog-temp/to/hw1.isone.me.versant.keene.maple.scada.s2/synced.readings]        SyncedReadings           
2026-09-28 12:57:55.703 ++Parentless.process_internal_message analog-temp/synced.readings
2026-09-28 12:57:55.704   OUT mqtt         analog-temp to s                                       ->  [gw/hw1-isone-me-versant-keene-maple-scada-s2/to/s/synced-readings]               SyncedReadings           
2026-09-28 12:57:55.705 --Parentless.process_internal_message  path:0x00000004
2026-09-28 12:57:55.706 --Proactor<s2>.process_message  path:0x00000401
2026-09-28 12:57:55.706 ----------------------------------------------------------------------------------------
2026-09-28 12:57:57.502 
2026-09-28 12:57:57.502 ++++++++++++++++++++++++++++++++++++++++++++++++++++++++++++++++++++++++++++++++++++++++
2026-09-28 12:57:57.503 ++Proactor<s2>.process_message  [analog-temp/synced.readings]
2026-09-28 12:57:57.504   IN  internal     analog-temp to hw1.isone.me.versant.keene.maple.scada.s2     <-  [analog-temp/to/hw1.isone.me.versant.keene.maple.scada.s2/synced.readings]        SyncedReadings           
2026-09-28 12:57:57.504 ++Parentless.process_internal_message analog-temp/synced.readings
2026-09-28 12:57:57.505   OUT mqtt         analog-temp to s                                       ->  [gw/hw1-isone-me-versant-keene-maple-scada-s2/to/s/synced-readings]               SyncedReadings           
2026-09-28 12:57:57.506 --Parentless.process_internal_message  path:0x00000004
2026-09-28 12:57:57.507 --Proactor<s2>.process_message  path:0x00000401
2026-09-28 12:57:57.507 ----------------------------------------------------------------------------------------
2026-09-28 12:57:58.503 
2026-09-28 12:57:58.504 ++++++++++++++++++++++++++++++++++++++++++++++++++++++++++++++++++++++++++++++++++++++++
2026-09-28 12:57:58.504 ++Proactor<s2>.process_message  [analog-temp/synced.readings]
2026-09-28 12:57:58.505   IN  internal     analog-temp to hw1.isone.me.versant.keene.maple.scada.s2     <-  [analog-temp/to/hw1.isone.me.versant.keene.maple.scada.s2/synced.readings]        SyncedReadings           
2026-09-28 12:57:58.506 ++Parentless.process_internal_message analog-temp/synced.readings
2026-09-28 12:57:58.507   OUT mqtt         analog-temp to s                                       ->  [gw/hw1-isone-me-versant-keene-maple-scada-s2/to/s/synced-readings]               SyncedReadings           
2026-09-28 12:57:58.508 --Parentless.process_internal_message  path:0x00000004
2026-09-28 12:57:58.509 --Proactor<s2>.process_message  path:0x00000401
2026-09-28 12:57:58.509 ----------------------------------------------------------------------------------------
2026-09-28 12:57:59.300 
2026-09-28 12:57:59.301 ++++++++++++++++++++++++++++++++++++++++++++++++++++++++++++++++++++++++++++++++++++++++
2026-09-28 12:57:59.301 ++Proactor<s2>.process_message  [analog-temp/synced.readings]
2026-09-28 12:57:59.301   IN  internal     analog-temp to hw1.isone.me.versant.keene.maple.scada.s2     <-  [analog-temp/to/hw1.isone.me.versant.keene.maple.scada.s2/synced.readings]        SyncedReadings           
2026-09-28 12:57:59.302 ++Parentless.process_internal_message analog-temp/synced.readings
2026-09-28 12:57:59.303   OUT mqtt         analog-temp to s                                       ->  [gw/hw1-isone-me-versant-keene-maple-scada-s2/to/s/synced-readings]               SyncedReadings           
2026-09-28 12:57:59.304 --Parentless.process_internal_message  path:0x00000004
2026-09-28 12:57:59.304 --Proactor<s2>.process_message  path:0x00000401
2026-09-28 12:57:59.304 ----------------------------------------------------------------------------------------
2026-09-28 12:58:00.499 
2026-09-28 12:58:00.500 ++++++++++++++++++++++++++++++++++++++++++++++++++++++++++++++++++++++++++++++++++++++++
2026-09-28 12:58:00.500 ++Proactor<s2>.process_message  [analog-temp/synced.readings]
2026-09-28 12:58:00.500   IN  internal     analog-temp to hw1.isone.me.versant.keene.maple.scada.s2     <-  [analog-temp/to/hw1.isone.me.versant.keene.maple.scada.s2/synced.readings]        SyncedReadings           
2026-09-28 12:58:00.501 ++Parentless.process_internal_message analog-temp/synced.readings
2026-09-28 12:58:00.502   OUT mqtt         analog-temp to s                                       ->  [gw/hw1-isone-me-versant-keene-maple-scada-s2/to/s/synced-readings]               SyncedReadings           
2026-09-28 12:58:00.503 --Parentless.process_internal_message  path:0x00000004
2026-09-28 12:58:00.504 --Proactor<s2>.process_message  path:0x00000401
2026-09-28 12:58:00.505 ----------------------------------------------------------------------------------------
2026-09-28 12:58:00.698 
2026-09-28 12:58:00.699 ++++++++++++++++++++++++++++++++++++++++++++++++++++++++++++++++++++++++++++++++++++++++
2026-09-28 12:58:00.699 ++Proactor<s2>.process_message  [analog-temp/synced.readings]
2026-09-28 12:58:00.700   IN  internal     analog-temp to hw1.isone.me.versant.keene.maple.scada.s2     <-  [analog-temp/to/hw1.isone.me.versant.keene.maple.scada.s2/synced.readings]        SyncedReadings           
2026-09-28 12:58:00.700 ++Parentless.process_internal_message analog-temp/synced.readings
2026-09-28 12:58:00.702   OUT mqtt         analog-temp to s                                       ->  [gw/hw1-isone-me-versant-keene-maple-scada-s2/to/s/synced-readings]               SyncedReadings           
2026-09-28 12:58:00.702 --Parentless.process_internal_message  path:0x00000004
2026-09-28 12:58:00.703 --Proactor<s2>.process_message  path:0x00000401
2026-09-28 12:58:00.704 ----------------------------------------------------------------------------------------
2026-09-28 12:58:00.903 
2026-09-28 12:58:00.904 ++++++++++++++++++++++++++++++++++++++++++++++++++++++++++++++++++++++++++++++++++++++++
2026-09-28 12:58:00.904 ++Proactor<s2>.process_message  [analog-temp/synced.readings]
2026-09-28 12:58:00.905   IN  internal     analog-temp to hw1.isone.me.versant.keene.maple.scada.s2     <-  [analog-temp/to/hw1.isone.me.versant.keene.maple.scada.s2/synced.readings]        SyncedReadings           
2026-09-28 12:58:00.905 ++Parentless.process_internal_message analog-temp/synced.readings
2026-09-28 12:58:00.907   OUT mqtt         analog-temp to s                                       ->  [gw/hw1-isone-me-versant-keene-maple-scada-s2/to/s/synced-readings]               SyncedReadings           
2026-09-28 12:58:00.908 --Parentless.process_internal_message  path:0x00000004
2026-09-28 12:58:00.908 --Proactor<s2>.process_message  path:0x00000401
2026-09-28 12:58:00.909 ----------------------------------------------------------------------------------------
2026-09-28 12:58:02.305 
2026-09-28 12:58:02.306 ++++++++++++++++++++++++++++++++++++++++++++++++++++++++++++++++++++++++++++++++++++++++
2026-09-28 12:58:02.307 ++Proactor<s2>.process_message  [analog-temp/synced.readings]
2026-09-28 12:58:02.307   IN  internal     analog-temp to hw1.isone.me.versant.keene.maple.scada.s2     <-  [analog-temp/to/hw1.isone.me.versant.keene.maple.scada.s2/synced.readings]        SyncedReadings           
2026-09-28 12:58:02.308 ++Parentless.process_internal_message analog-temp/synced.readings
2026-09-28 12:58:02.309   OUT mqtt         analog-temp to s                                       ->  [gw/hw1-isone-me-versant-keene-maple-scada-s2/to/s/synced-readings]               SyncedReadings           
2026-09-28 12:58:02.310 --Parentless.process_internal_message  path:0x00000004
2026-09-28 12:58:02.311 --Proactor<s2>.process_message  path:0x00000401
2026-09-28 12:58:02.311 ----------------------------------------------------------------------------------------
2026-09-28 12:58:02.504 
2026-09-28 12:58:02.505 ++++++++++++++++++++++++++++++++++++++++++++++++++++++++++++++++++++++++++++++++++++++++
2026-09-28 12:58:02.505 ++Proactor<s2>.process_message  [analog-temp/synced.readings]
2026-09-28 12:58:02.506   IN  internal     analog-temp to hw1.isone.me.versant.keene.maple.scada.s2     <-  [analog-temp/to/hw1.isone.me.versant.keene.maple.scada.s2/synced.readings]        SyncedReadings           
2026-09-28 12:58:02.506 ++Parentless.process_internal_message analog-temp/synced.readings
2026-09-28 12:58:02.508   OUT mqtt         analog-temp to s                                       ->  [gw/hw1-isone-me-versant-keene-maple-scada-s2/to/s/synced-readings]               SyncedReadings           
2026-09-28 12:58:02.509 --Parentless.process_internal_message  path:0x00000004
2026-09-28 12:58:02.509 --Proactor<s2>.process_message  path:0x00000401
2026-09-28 12:58:02.510 ----------------------------------------------------------------------------------------
2026-09-28 12:58:02.906 
2026-09-28 12:58:02.907 ++++++++++++++++++++++++++++++++++++++++++++++++++++++++++++++++++++++++++++++++++++++++
2026-09-28 12:58:02.908 ++Proactor<s2>.process_message  [analog-temp/synced.readings]
2026-09-28 12:58:02.908   IN  internal     analog-temp to hw1.isone.me.versant.keene.maple.scada.s2     <-  [analog-temp/to/hw1.isone.me.versant.keene.maple.scada.s2/synced.readings]        SyncedReadings           
2026-09-28 12:58:02.909 ++Parentless.process_internal_message analog-temp/synced.readings
2026-09-28 12:58:02.910   OUT mqtt         analog-temp to s                                       ->  [gw/hw1-isone-me-versant-keene-maple-scada-s2/to/s/synced-readings]               SyncedReadings           
2026-09-28 12:58:02.911 --Parentless.process_internal_message  path:0x00000004
2026-09-28 12:58:02.912 --Proactor<s2>.process_message  path:0x00000401
2026-09-28 12:58:02.913 ----------------------------------------------------------------------------------------
2026-09-28 12:58:03.504 
2026-09-28 12:58:03.505 ++++++++++++++++++++++++++++++++++++++++++++++++++++++++++++++++++++++++++++++++++++++++
2026-09-28 12:58:03.506 ++Proactor<s2>.process_message  [analog-temp/synced.readings]
2026-09-28 12:58:03.506   IN  internal     analog-temp to hw1.isone.me.versant.keene.maple.scada.s2     <-  [analog-temp/to/hw1.isone.me.versant.keene.maple.scada.s2/synced.readings]        SyncedReadings           
2026-09-28 12:58:03.507 ++Parentless.process_internal_message analog-temp/synced.readings
2026-09-28 12:58:03.509   OUT mqtt         analog-temp to s                                       ->  [gw/hw1-isone-me-versant-keene-maple-scada-s2/to/s/synced-readings]               SyncedReadings           
2026-09-28 12:58:03.510 --Parentless.process_internal_message  path:0x00000004
2026-09-28 12:58:03.510 --Proactor<s2>.process_message  path:0x00000401
2026-09-28 12:58:03.511 ----------------------------------------------------------------------------------------
2026-09-28 12:58:04.306 
2026-09-28 12:58:04.311 ++++++++++++++++++++++++++++++++++++++++++++++++++++++++++++++++++++++++++++++++++++++++
2026-09-28 12:58:04.311 ++Proactor<s2>.process_message  [analog-temp/synced.readings]
2026-09-28 12:58:04.312   IN  internal     analog-temp to hw1.isone.me.versant.keene.maple.scada.s2     <-  [analog-temp/to/hw1.isone.me.versant.keene.maple.scada.s2/synced.readings]        SyncedReadings           
2026-09-28 12:58:04.312 ++Parentless.process_internal_message analog-temp/synced.readings
2026-09-28 12:58:04.314   OUT mqtt         analog-temp to s                                       ->  [gw/hw1-isone-me-versant-keene-maple-scada-s2/to/s/synced-readings]               SyncedReadings           
2026-09-28 12:58:04.314 --Parentless.process_internal_message  path:0x00000004
2026-09-28 12:58:04.315 --Proactor<s2>.process_message  path:0x00000401
2026-09-28 12:58:04.316 ----------------------------------------------------------------------------------------
2026-09-28 12:58:04.505 
2026-09-28 12:58:04.506 ++++++++++++++++++++++++++++++++++++++++++++++++++++++++++++++++++++++++++++++++++++++++
2026-09-28 12:58:04.506 ++Proactor<s2>.process_message  [analog-temp/synced.readings]
2026-09-28 12:58:04.507   IN  internal     analog-temp to hw1.isone.me.versant.keene.maple.scada.s2     <-  [analog-temp/to/hw1.isone.me.versant.keene.maple.scada.s2/synced.readings]        SyncedReadings           
2026-09-28 12:58:04.507 ++Parentless.process_internal_message analog-temp/synced.readings
2026-09-28 12:58:04.509   OUT mqtt         analog-temp to s                                       ->  [gw/hw1-isone-me-versant-keene-maple-scada-s2/to/s/synced-readings]               SyncedReadings           
2026-09-28 12:58:04.510 --Parentless.process_internal_message  path:0x00000004
2026-09-28 12:58:04.510 --Proactor<s2>.process_message  path:0x00000401
2026-09-28 12:58:04.511 ----------------------------------------------------------------------------------------
2026-09-28 12:58:04.705 
2026-09-28 12:58:04.706 ++++++++++++++++++++++++++++++++++++++++++++++++++++++++++++++++++++++++++++++++++++++++
2026-09-28 12:58:04.706 ++Proactor<s2>.process_message  [analog-temp/synced.readings]
2026-09-28 12:58:04.707   IN  internal     analog-temp to hw1.isone.me.versant.keene.maple.scada.s2     <-  [analog-temp/to/hw1.isone.me.versant.keene.maple.scada.s2/synced.readings]        SyncedReadings           
2026-09-28 12:58:04.708 ++Parentless.process_internal_message analog-temp/synced.readings
2026-09-28 12:58:04.709   OUT mqtt         analog-temp to s                                       ->  [gw/hw1-isone-me-versant-keene-maple-scada-s2/to/s/synced-readings]               SyncedReadings           
2026-09-28 12:58:04.710 --Parentless.process_internal_message  path:0x00000004
2026-09-28 12:58:04.710 --Proactor<s2>.process_message  path:0x00000401
2026-09-28 12:58:04.711 ----------------------------------------------------------------------------------------
2026-09-28 12:58:05.906 
2026-09-28 12:58:05.907 ++++++++++++++++++++++++++++++++++++++++++++++++++++++++++++++++++++++++++++++++++++++++
2026-09-28 12:58:05.907 ++Proactor<s2>.process_message  [analog-temp/synced.readings]
2026-09-28 12:58:05.908   IN  internal     analog-temp to hw1.isone.me.versant.keene.maple.scada.s2     <-  [analog-temp/to/hw1.isone.me.versant.keene.maple.scada.s2/synced.readings]        SyncedReadings           
2026-09-28 12:58:05.908 ++Parentless.process_internal_message analog-temp/synced.readings
2026-09-28 12:58:05.910   OUT mqtt         analog-temp to s                                       ->  [gw/hw1-isone-me-versant-keene-maple-scada-s2/to/s/synced-readings]               SyncedReadings           
2026-09-28 12:58:05.910 --Parentless.process_internal_message  path:0x00000004
2026-09-28 12:58:05.911 --Proactor<s2>.process_message  path:0x00000401
2026-09-28 12:58:05.911 ----------------------------------------------------------------------------------------
2026-09-28 12:58:07.108 
2026-09-28 12:58:07.108 ++++++++++++++++++++++++++++++++++++++++++++++++++++++++++++++++++++++++++++++++++++++++
2026-09-28 12:58:07.109 ++Proactor<s2>.process_message  [analog-temp/synced.readings]
2026-09-28 12:58:07.109   IN  internal     analog-temp to hw1.isone.me.versant.keene.maple.scada.s2     <-  [analog-temp/to/hw1.isone.me.versant.keene.maple.scada.s2/synced.readings]        SyncedReadings           
2026-09-28 12:58:07.110 ++Parentless.process_internal_message analog-temp/synced.readings
2026-09-28 12:58:07.112   OUT mqtt         analog-temp to s                                       ->  [gw/hw1-isone-me-versant-keene-maple-scada-s2/to/s/synced-readings]               SyncedReadings           
2026-09-28 12:58:07.114 --Parentless.process_internal_message  path:0x00000004
2026-09-28 12:58:07.116 --Proactor<s2>.process_message  path:0x00000401
2026-09-28 12:58:07.116 ----------------------------------------------------------------------------------------
2026-09-28 12:58:07.308 
2026-09-28 12:58:07.309 ++++++++++++++++++++++++++++++++++++++++++++++++++++++++++++++++++++++++++++++++++++++++
2026-09-28 12:58:07.309 ++Proactor<s2>.process_message  [analog-temp/synced.readings]
2026-09-28 12:58:07.310   IN  internal     analog-temp to hw1.isone.me.versant.keene.maple.scada.s2     <-  [analog-temp/to/hw1.isone.me.versant.keene.maple.scada.s2/synced.readings]        SyncedReadings           
2026-09-28 12:58:07.311 ++Parentless.process_internal_message analog-temp/synced.readings
2026-09-28 12:58:07.312   OUT mqtt         analog-temp to s                                       ->  [gw/hw1-isone-me-versant-keene-maple-scada-s2/to/s/synced-readings]               SyncedReadings           
2026-09-28 12:58:07.313 --Parentless.process_internal_message  path:0x00000004
2026-09-28 12:58:07.314 --Proactor<s2>.process_message  path:0x00000401
2026-09-28 12:58:07.315 ----------------------------------------------------------------------------------------
2026-09-28 12:58:08.108 
2026-09-28 12:58:08.109 ++++++++++++++++++++++++++++++++++++++++++++++++++++++++++++++++++++++++++++++++++++++++
2026-09-28 12:58:08.109 ++Proactor<s2>.process_message  [analog-temp/synced.readings]
2026-09-28 12:58:08.110   IN  internal     analog-temp to hw1.isone.me.versant.keene.maple.scada.s2     <-  [analog-temp/to/hw1.isone.me.versant.keene.maple.scada.s2/synced.readings]        SyncedReadings           
2026-09-28 12:58:08.111 ++Parentless.process_internal_message analog-temp/synced.readings
2026-09-28 12:58:08.112   OUT mqtt         analog-temp to s                                       ->  [gw/hw1-isone-me-versant-keene-maple-scada-s2/to/s/synced-readings]               SyncedReadings           
2026-09-28 12:58:08.113 --Parentless.process_internal_message  path:0x00000004
2026-09-28 12:58:08.114 --Proactor<s2>.process_message  path:0x00000401
2026-09-28 12:58:08.114 ----------------------------------------------------------------------------------------
2026-09-28 12:58:08.508 
2026-09-28 12:58:08.508 ++++++++++++++++++++++++++++++++++++++++++++++++++++++++++++++++++++++++++++++++++++++++
2026-09-28 12:58:08.509 ++Proactor<s2>.process_message  [analog-temp/synced.readings]
2026-09-28 12:58:08.510   IN  internal     analog-temp to hw1.isone.me.versant.keene.maple.scada.s2     <-  [analog-temp/to/hw1.isone.me.versant.keene.maple.scada.s2/synced.readings]        SyncedReadings           
2026-09-28 12:58:08.510 ++Parentless.process_internal_message analog-temp/synced.readings
2026-09-28 12:58:08.512   OUT mqtt         analog-temp to s                                       ->  [gw/hw1-isone-me-versant-keene-maple-scada-s2/to/s/synced-readings]               SyncedReadings           
2026-09-28 12:58:08.513 --Parentless.process_internal_message  path:0x00000004
2026-09-28 12:58:08.513 --Proactor<s2>.process_message  path:0x00000401
2026-09-28 12:58:08.514 ----------------------------------------------------------------------------------------
2026-09-28 12:58:09.309 
2026-09-28 12:58:09.312 ++++++++++++++++++++++++++++++++++++++++++++++++++++++++++++++++++++++++++++++++++++++++
2026-09-28 12:58:09.312 ++Proactor<s2>.process_message  [analog-temp/synced.readings]
2026-09-28 12:58:09.313   IN  internal     analog-temp to hw1.isone.me.versant.keene.maple.scada.s2     <-  [analog-temp/to/hw1.isone.me.versant.keene.maple.scada.s2/synced.readings]        SyncedReadings           
2026-09-28 12:58:09.313 ++Parentless.process_internal_message analog-temp/synced.readings
2026-09-28 12:58:09.315   OUT mqtt         analog-temp to s                                       ->  [gw/hw1-isone-me-versant-keene-maple-scada-s2/to/s/synced-readings]               SyncedReadings           
2026-09-28 12:58:09.316 --Parentless.process_internal_message  path:0x00000004
2026-09-28 12:58:09.316 --Proactor<s2>.process_message  path:0x00000401
2026-09-28 12:58:09.317 ----------------------------------------------------------------------------------------
2026-09-28 12:58:09.508 
2026-09-28 12:58:09.509 ++++++++++++++++++++++++++++++++++++++++++++++++++++++++++++++++++++++++++++++++++++++++
2026-09-28 12:58:09.509 ++Proactor<s2>.process_message  [analog-temp/synced.readings]
2026-09-28 12:58:09.510   IN  internal     analog-temp to hw1.isone.me.versant.keene.maple.scada.s2     <-  [analog-temp/to/hw1.isone.me.versant.keene.maple.scada.s2/synced.readings]        SyncedReadings           
2026-09-28 12:58:09.510 ++Parentless.process_internal_message analog-temp/synced.readings
2026-09-28 12:58:09.512   OUT mqtt         analog-temp to s                                       ->  [gw/hw1-isone-me-versant-keene-maple-scada-s2/to/s/synced-readings]               SyncedReadings           
2026-09-28 12:58:09.513 --Parentless.process_internal_message  path:0x00000004
2026-09-28 12:58:09.513 --Proactor<s2>.process_message  path:0x00000401
2026-09-28 12:58:09.514 ----------------------------------------------------------------------------------------
2026-09-28 12:58:10.309 
2026-09-28 12:58:10.310 ++++++++++++++++++++++++++++++++++++++++++++++++++++++++++++++++++++++++++++++++++++++++
2026-09-28 12:58:10.310 ++Proactor<s2>.process_message  [analog-temp/synced.readings]
2026-09-28 12:58:10.311   IN  internal     analog-temp to hw1.isone.me.versant.keene.maple.scada.s2     <-  [analog-temp/to/hw1.isone.me.versant.keene.maple.scada.s2/synced.readings]        SyncedReadings           
2026-09-28 12:58:10.312 ++Parentless.process_internal_message analog-temp/synced.readings
2026-09-28 12:58:10.313   OUT mqtt         analog-temp to s                                       ->  [gw/hw1-isone-me-versant-keene-maple-scada-s2/to/s/synced-readings]               SyncedReadings           
2026-09-28 12:58:10.314 --Parentless.process_internal_message  path:0x00000004
2026-09-28 12:58:10.315 --Proactor<s2>.process_message  path:0x00000401
2026-09-28 12:58:10.315 ----------------------------------------------------------------------------------------
2026-09-28 12:58:10.509 
2026-09-28 12:58:10.510 ++++++++++++++++++++++++++++++++++++++++++++++++++++++++++++++++++++++++++++++++++++++++
2026-09-28 12:58:10.510 ++Proactor<s2>.process_message  [analog-temp/synced.readings]
2026-09-28 12:58:10.511   IN  internal     analog-temp to hw1.isone.me.versant.keene.maple.scada.s2     <-  [analog-temp/to/hw1.isone.me.versant.keene.maple.scada.s2/synced.readings]        SyncedReadings           
2026-09-28 12:58:10.512 ++Parentless.process_internal_message analog-temp/synced.readings
2026-09-28 12:58:10.513   OUT mqtt         analog-temp to s                                       ->  [gw/hw1-isone-me-versant-keene-maple-scada-s2/to/s/synced-readings]               SyncedReadings           
2026-09-28 12:58:10.514 --Parentless.process_internal_message  path:0x00000004
2026-09-28 12:58:10.515 --Proactor<s2>.process_message  path:0x00000401
2026-09-28 12:58:10.515 ----------------------------------------------------------------------------------------
2026-09-28 12:58:11.309 
2026-09-28 12:58:11.310 ++++++++++++++++++++++++++++++++++++++++++++++++++++++++++++++++++++++++++++++++++++++++
2026-09-28 12:58:11.310 ++Proactor<s2>.process_message  [analog-temp/synced.readings]
2026-09-28 12:58:11.311   IN  internal     analog-temp to hw1.isone.me.versant.keene.maple.scada.s2     <-  [analog-temp/to/hw1.isone.me.versant.keene.maple.scada.s2/synced.readings]        SyncedReadings           
2026-09-28 12:58:11.312 ++Parentless.process_internal_message analog-temp/synced.readings
2026-09-28 12:58:11.313   OUT mqtt         analog-temp to s                                       ->  [gw/hw1-isone-me-versant-keene-maple-scada-s2/to/s/synced-readings]               SyncedReadings           
2026-09-28 12:58:11.314 --Parentless.process_internal_message  path:0x00000004
2026-09-28 12:58:11.315 --Proactor<s2>.process_message  path:0x00000401
2026-09-28 12:58:11.316 ----------------------------------------------------------------------------------------
2026-09-28 12:58:11.510 
2026-09-28 12:58:11.511 ++++++++++++++++++++++++++++++++++++++++++++++++++++++++++++++++++++++++++++++++++++++++
2026-09-28 12:58:11.511 ++Proactor<s2>.process_message  [analog-temp/synced.readings]
2026-09-28 12:58:11.512   IN  internal     analog-temp to hw1.isone.me.versant.keene.maple.scada.s2     <-  [analog-temp/to/hw1.isone.me.versant.keene.maple.scada.s2/synced.readings]        SyncedReadings           
2026-09-28 12:58:11.512 ++Parentless.process_internal_message analog-temp/synced.readings
2026-09-28 12:58:11.514   OUT mqtt         analog-temp to s                                       ->  [gw/hw1-isone-me-versant-keene-maple-scada-s2/to/s/synced-readings]               SyncedReadings           
2026-09-28 12:58:11.515 --Parentless.process_internal_message  path:0x00000004
2026-09-28 12:58:11.516 --Proactor<s2>.process_message  path:0x00000401
2026-09-28 12:58:11.516 ----------------------------------------------------------------------------------------
2026-09-28 12:58:12.112 
2026-09-28 12:58:12.112 ++++++++++++++++++++++++++++++++++++++++++++++++++++++++++++++++++++++++++++++++++++++++
2026-09-28 12:58:12.113 ++Proactor<s2>.process_message  [analog-temp/synced.readings]
2026-09-28 12:58:12.114   IN  internal     analog-temp to hw1.isone.me.versant.keene.maple.scada.s2     <-  [analog-temp/to/hw1.isone.me.versant.keene.maple.scada.s2/synced.readings]        SyncedReadings           
2026-09-28 12:58:12.114 ++Parentless.process_internal_message analog-temp/synced.readings
2026-09-28 12:58:12.116   OUT mqtt         analog-temp to s                                       ->  [gw/hw1-isone-me-versant-keene-maple-scada-s2/to/s/synced-readings]               SyncedReadings           
2026-09-28 12:58:12.117 --Parentless.process_internal_message  path:0x00000004
2026-09-28 12:58:12.118 --Proactor<s2>.process_message  path:0x00000401
2026-09-28 12:58:12.119 ----------------------------------------------------------------------------------------
2026-09-28 12:58:12.704 
2026-09-28 12:58:12.705 ++++++++++++++++++++++++++++++++++++++++++++++++++++++++++++++++++++++++++++++++++++++++
2026-09-28 12:58:12.705 ++Proactor<s2>.process_message  [analog-temp/synced.readings]
2026-09-28 12:58:12.705   IN  internal     analog-temp to hw1.isone.me.versant.keene.maple.scada.s2     <-  [analog-temp/to/hw1.isone.me.versant.keene.maple.scada.s2/synced.readings]        SyncedReadings           
2026-09-28 12:58:12.706 ++Parentless.process_internal_message analog-temp/synced.readings
2026-09-28 12:58:12.707   OUT mqtt         analog-temp to s                                       ->  [gw/hw1-isone-me-versant-keene-maple-scada-s2/to/s/synced-readings]               SyncedReadings           
2026-09-28 12:58:12.707 --Parentless.process_internal_message  path:0x00000004
2026-09-28 12:58:12.708 --Proactor<s2>.process_message  path:0x00000401
2026-09-28 12:58:12.708 ----------------------------------------------------------------------------------------
2026-09-28 12:58:12.908 
2026-09-28 12:58:12.909 ++++++++++++++++++++++++++++++++++++++++++++++++++++++++++++++++++++++++++++++++++++++++
2026-09-28 12:58:12.909 ++Proactor<s2>.process_message  [analog-temp/synced.readings]
2026-09-28 12:58:12.910   IN  internal     analog-temp to hw1.isone.me.versant.keene.maple.scada.s2     <-  [analog-temp/to/hw1.isone.me.versant.keene.maple.scada.s2/synced.readings]        SyncedReadings           
2026-09-28 12:58:12.910 ++Parentless.process_internal_message analog-temp/synced.readings
2026-09-28 12:58:12.912   OUT mqtt         analog-temp to s                                       ->  [gw/hw1-isone-me-versant-keene-maple-scada-s2/to/s/synced-readings]               SyncedReadings           
2026-09-28 12:58:12.913 --Parentless.process_internal_message  path:0x00000004
2026-09-28 12:58:12.914 --Proactor<s2>.process_message  path:0x00000401
2026-09-28 12:58:12.914 ----------------------------------------------------------------------------------------
2026-09-28 12:58:13.711 
2026-09-28 12:58:13.711 ++++++++++++++++++++++++++++++++++++++++++++++++++++++++++++++++++++++++++++++++++++++++
2026-09-28 12:58:13.712 ++Proactor<s2>.process_message  [analog-temp/synced.readings]
2026-09-28 12:58:13.712   IN  internal     analog-temp to hw1.isone.me.versant.keene.maple.scada.s2     <-  [analog-temp/to/hw1.isone.me.versant.keene.maple.scada.s2/synced.readings]        SyncedReadings           
2026-09-28 12:58:13.713 ++Parentless.process_internal_message analog-temp/synced.readings
2026-09-28 12:58:13.714   OUT mqtt         analog-temp to s                                       ->  [gw/hw1-isone-me-versant-keene-maple-scada-s2/to/s/synced-readings]               SyncedReadings           
2026-09-28 12:58:13.715 --Parentless.process_internal_message  path:0x00000004
2026-09-28 12:58:13.716 --Proactor<s2>.process_message  path:0x00000401
2026-09-28 12:58:13.716 ----------------------------------------------------------------------------------------
2026-09-28 12:58:13.912 
2026-09-28 12:58:13.912 ++++++++++++++++++++++++++++++++++++++++++++++++++++++++++++++++++++++++++++++++++++++++
2026-09-28 12:58:13.913 ++Proactor<s2>.process_message  [analog-temp/synced.readings]
2026-09-28 12:58:13.913   IN  internal     analog-temp to hw1.isone.me.versant.keene.maple.scada.s2     <-  [analog-temp/to/hw1.isone.me.versant.keene.maple.scada.s2/synced.readings]        SyncedReadings           
2026-09-28 12:58:13.914 ++Parentless.process_internal_message analog-temp/synced.readings
2026-09-28 12:58:13.915   OUT mqtt         analog-temp to s                                       ->  [gw/hw1-isone-me-versant-keene-maple-scada-s2/to/s/synced-readings]               SyncedReadings           
2026-09-28 12:58:13.916 --Parentless.process_internal_message  path:0x00000004
2026-09-28 12:58:13.917 --Proactor<s2>.process_message  path:0x00000401
2026-09-28 12:58:13.917 ----------------------------------------------------------------------------------------
2026-09-28 12:58:14.311 
2026-09-28 12:58:14.315 ++++++++++++++++++++++++++++++++++++++++++++++++++++++++++++++++++++++++++++++++++++++++
2026-09-28 12:58:14.316 ++Proactor<s2>.process_message  [analog-temp/synced.readings]
2026-09-28 12:58:14.316   IN  internal     analog-temp to hw1.isone.me.versant.keene.maple.scada.s2     <-  [analog-temp/to/hw1.isone.me.versant.keene.maple.scada.s2/synced.readings]        SyncedReadings           
2026-09-28 12:58:14.317 ++Parentless.process_internal_message analog-temp/synced.readings
2026-09-28 12:58:14.318   OUT mqtt         analog-temp to s                                       ->  [gw/hw1-isone-me-versant-keene-maple-scada-s2/to/s/synced-readings]               SyncedReadings           
2026-09-28 12:58:14.319 --Parentless.process_internal_message  path:0x00000004
2026-09-28 12:58:14.320 --Proactor<s2>.process_message  path:0x00000401
2026-09-28 12:58:14.320 ----------------------------------------------------------------------------------------
2026-09-28 12:58:14.711 
2026-09-28 12:58:14.712 ++++++++++++++++++++++++++++++++++++++++++++++++++++++++++++++++++++++++++++++++++++++++
2026-09-28 12:58:14.712 ++Proactor<s2>.process_message  [analog-temp/synced.readings]
2026-09-28 12:58:14.713   IN  internal     analog-temp to hw1.isone.me.versant.keene.maple.scada.s2     <-  [analog-temp/to/hw1.isone.me.versant.keene.maple.scada.s2/synced.readings]        SyncedReadings           
2026-09-28 12:58:14.713 ++Parentless.process_internal_message analog-temp/synced.readings
2026-09-28 12:58:14.715   OUT mqtt         analog-temp to s                                       ->  [gw/hw1-isone-me-versant-keene-maple-scada-s2/to/s/synced-readings]               SyncedReadings           
2026-09-28 12:58:14.716 --Parentless.process_internal_message  path:0x00000004
2026-09-28 12:58:14.716 --Proactor<s2>.process_message  path:0x00000401
2026-09-28 12:58:14.717 ----------------------------------------------------------------------------------------
2026-09-28 12:58:14.911 
2026-09-28 12:58:14.912 ++++++++++++++++++++++++++++++++++++++++++++++++++++++++++++++++++++++++++++++++++++++++
2026-09-28 12:58:14.912 ++Proactor<s2>.process_message  [analog-temp/synced.readings]
2026-09-28 12:58:14.913   IN  internal     analog-temp to hw1.isone.me.versant.keene.maple.scada.s2     <-  [analog-temp/to/hw1.isone.me.versant.keene.maple.scada.s2/synced.readings]        SyncedReadings           
2026-09-28 12:58:14.913 ++Parentless.process_internal_message analog-temp/synced.readings
2026-09-28 12:58:14.915   OUT mqtt         analog-temp to s                                       ->  [gw/hw1-isone-me-versant-keene-maple-scada-s2/to/s/synced-readings]               SyncedReadings           
2026-09-28 12:58:14.915 --Parentless.process_internal_message  path:0x00000004
2026-09-28 12:58:14.916 --Proactor<s2>.process_message  path:0x00000401
2026-09-28 12:58:14.916 ----------------------------------------------------------------------------------------
2026-09-28 12:58:15.113 
2026-09-28 12:58:15.113 ++++++++++++++++++++++++++++++++++++++++++++++++++++++++++++++++++++++++++++++++++++++++
2026-09-28 12:58:15.114 ++Proactor<s2>.process_message  [analog-temp/synced.readings]
2026-09-28 12:58:15.114   IN  internal     analog-temp to hw1.isone.me.versant.keene.maple.scada.s2     <-  [analog-temp/to/hw1.isone.me.versant.keene.maple.scada.s2/synced.readings]        SyncedReadings           
2026-09-28 12:58:15.115 ++Parentless.process_internal_message analog-temp/synced.readings
2026-09-28 12:58:15.117   OUT mqtt         analog-temp to s                                       ->  [gw/hw1-isone-me-versant-keene-maple-scada-s2/to/s/synced-readings]               SyncedReadings           
2026-09-28 12:58:15.118 --Parentless.process_internal_message  path:0x00000004
2026-09-28 12:58:15.118 --Proactor<s2>.process_message  path:0x00000401
2026-09-28 12:58:15.119 ----------------------------------------------------------------------------------------
2026-09-28 12:58:15.513 
2026-09-28 12:58:15.513 ++++++++++++++++++++++++++++++++++++++++++++++++++++++++++++++++++++++++++++++++++++++++
2026-09-28 12:58:15.514 ++Proactor<s2>.process_message  [analog-temp/synced.readings]
2026-09-28 12:58:15.514   IN  internal     analog-temp to hw1.isone.me.versant.keene.maple.scada.s2     <-  [analog-temp/to/hw1.isone.me.versant.keene.maple.scada.s2/synced.readings]        SyncedReadings           
2026-09-28 12:58:15.515 ++Parentless.process_internal_message analog-temp/synced.readings
2026-09-28 12:58:15.517   OUT mqtt         analog-temp to s                                       ->  [gw/hw1-isone-me-versant-keene-maple-scada-s2/to/s/synced-readings]               SyncedReadings           
2026-09-28 12:58:15.518 --Parentless.process_internal_message  path:0x00000004
2026-09-28 12:58:15.518 --Proactor<s2>.process_message  path:0x00000401
2026-09-28 12:58:15.519 ----------------------------------------------------------------------------------------
2026-09-28 12:58:16.113 
2026-09-28 12:58:16.114 ++++++++++++++++++++++++++++++++++++++++++++++++++++++++++++++++++++++++++++++++++++++++
2026-09-28 12:58:16.114 ++Proactor<s2>.process_message  [analog-temp/synced.readings]
2026-09-28 12:58:16.115   IN  internal     analog-temp to hw1.isone.me.versant.keene.maple.scada.s2     <-  [analog-temp/to/hw1.isone.me.versant.keene.maple.scada.s2/synced.readings]        SyncedReadings           
2026-09-28 12:58:16.116 ++Parentless.process_internal_message analog-temp/synced.readings
2026-09-28 12:58:16.117   OUT mqtt         analog-temp to s                                       ->  [gw/hw1-isone-me-versant-keene-maple-scada-s2/to/s/synced-readings]               SyncedReadings           
2026-09-28 12:58:16.118 --Parentless.process_internal_message  path:0x00000004
2026-09-28 12:58:16.119 --Proactor<s2>.process_message  path:0x00000401
2026-09-28 12:58:16.119 ----------------------------------------------------------------------------------------
2026-09-28 12:58:16.713 
2026-09-28 12:58:16.714 ++++++++++++++++++++++++++++++++++++++++++++++++++++++++++++++++++++++++++++++++++++++++
2026-09-28 12:58:16.714 ++Proactor<s2>.process_message  [analog-temp/synced.readings]
2026-09-28 12:58:16.715   IN  internal     analog-temp to hw1.isone.me.versant.keene.maple.scada.s2     <-  [analog-temp/to/hw1.isone.me.versant.keene.maple.scada.s2/synced.readings]        SyncedReadings           
2026-09-28 12:58:16.716 ++Parentless.process_internal_message analog-temp/synced.readings
2026-09-28 12:58:16.717   OUT mqtt         analog-temp to s                                       ->  [gw/hw1-isone-me-versant-keene-maple-scada-s2/to/s/synced-readings]               SyncedReadings           
2026-09-28 12:58:16.718 --Parentless.process_internal_message  path:0x00000004
2026-09-28 12:58:16.718 --Proactor<s2>.process_message  path:0x00000401
2026-09-28 12:58:16.719 ----------------------------------------------------------------------------------------
2026-09-28 12:58:17.314 
2026-09-28 12:58:17.315 ++++++++++++++++++++++++++++++++++++++++++++++++++++++++++++++++++++++++++++++++++++++++
2026-09-28 12:58:17.316 ++Proactor<s2>.process_message  [analog-temp/synced.readings]
2026-09-28 12:58:17.316   IN  internal     analog-temp to hw1.isone.me.versant.keene.maple.scada.s2     <-  [analog-temp/to/hw1.isone.me.versant.keene.maple.scada.s2/synced.readings]        SyncedReadings           
2026-09-28 12:58:17.317 ++Parentless.process_internal_message analog-temp/synced.readings
2026-09-28 12:58:17.318   OUT mqtt         analog-temp to s                                       ->  [gw/hw1-isone-me-versant-keene-maple-scada-s2/to/s/synced-readings]               SyncedReadings           
2026-09-28 12:58:17.319 --Parentless.process_internal_message  path:0x00000004
2026-09-28 12:58:17.320 --Proactor<s2>.process_message  path:0x00000401
2026-09-28 12:58:17.321 ----------------------------------------------------------------------------------------
2026-09-28 12:58:17.915 
2026-09-28 12:58:17.915 ++++++++++++++++++++++++++++++++++++++++++++++++++++++++++++++++++++++++++++++++++++++++
2026-09-28 12:58:17.916 ++Proactor<s2>.process_message  [analog-temp/synced.readings]
2026-09-28 12:58:17.916   IN  internal     analog-temp to hw1.isone.me.versant.keene.maple.scada.s2     <-  [analog-temp/to/hw1.isone.me.versant.keene.maple.scada.s2/synced.readings]        SyncedReadings           
2026-09-28 12:58:17.917 ++Parentless.process_internal_message analog-temp/synced.readings
2026-09-28 12:58:17.918   OUT mqtt         analog-temp to s                                       ->  [gw/hw1-isone-me-versant-keene-maple-scada-s2/to/s/synced-readings]               SyncedReadings           
2026-09-28 12:58:17.919 --Parentless.process_internal_message  path:0x00000004
2026-09-28 12:58:17.920 --Proactor<s2>.process_message  path:0x00000401
2026-09-28 12:58:17.920 ----------------------------------------------------------------------------------------
2026-09-28 12:58:18.514 
2026-09-28 12:58:18.515 ++++++++++++++++++++++++++++++++++++++++++++++++++++++++++++++++++++++++++++++++++++++++
2026-09-28 12:58:18.515 ++Proactor<s2>.process_message  [analog-temp/synced.readings]
2026-09-28 12:58:18.516   IN  internal     analog-temp to hw1.isone.me.versant.keene.maple.scada.s2     <-  [analog-temp/to/hw1.isone.me.versant.keene.maple.scada.s2/synced.readings]        SyncedReadings           
2026-09-28 12:58:18.517 ++Parentless.process_internal_message analog-temp/synced.readings
2026-09-28 12:58:18.518   OUT mqtt         analog-temp to s                                       ->  [gw/hw1-isone-me-versant-keene-maple-scada-s2/to/s/synced-readings]               SyncedReadings           
2026-09-28 12:58:18.519 --Parentless.process_internal_message  path:0x00000004
2026-09-28 12:58:18.520 --Proactor<s2>.process_message  path:0x00000401
2026-09-28 12:58:18.520 ----------------------------------------------------------------------------------------
2026-09-28 12:58:19.114 
2026-09-28 12:58:19.115 ++++++++++++++++++++++++++++++++++++++++++++++++++++++++++++++++++++++++++++++++++++++++
2026-09-28 12:58:19.116 ++Proactor<s2>.process_message  [analog-temp/synced.readings]
2026-09-28 12:58:19.116   IN  internal     analog-temp to hw1.isone.me.versant.keene.maple.scada.s2     <-  [analog-temp/to/hw1.isone.me.versant.keene.maple.scada.s2/synced.readings]        SyncedReadings           
2026-09-28 12:58:19.117 ++Parentless.process_internal_message analog-temp/synced.readings
2026-09-28 12:58:19.118   OUT mqtt         analog-temp to s                                       ->  [gw/hw1-isone-me-versant-keene-maple-scada-s2/to/s/synced-readings]               SyncedReadings           
2026-09-28 12:58:19.119 --Parentless.process_internal_message  path:0x00000004
2026-09-28 12:58:19.120 --Proactor<s2>.process_message  path:0x00000401
2026-09-28 12:58:19.121 ----------------------------------------------------------------------------------------
2026-09-28 12:58:19.715 
2026-09-28 12:58:19.719 ++++++++++++++++++++++++++++++++++++++++++++++++++++++++++++++++++++++++++++++++++++++++
2026-09-28 12:58:19.719 ++Proactor<s2>.process_message  [analog-temp/synced.readings]
2026-09-28 12:58:19.720   IN  internal     analog-temp to hw1.isone.me.versant.keene.maple.scada.s2     <-  [analog-temp/to/hw1.isone.me.versant.keene.maple.scada.s2/synced.readings]        SyncedReadings           
2026-09-28 12:58:19.721 ++Parentless.process_internal_message analog-temp/synced.readings
2026-09-28 12:58:19.722   OUT mqtt         analog-temp to s                                       ->  [gw/hw1-isone-me-versant-keene-maple-scada-s2/to/s/synced-readings]               SyncedReadings           
2026-09-28 12:58:19.723 --Parentless.process_internal_message  path:0x00000004
2026-09-28 12:58:19.724 --Proactor<s2>.process_message  path:0x00000401
2026-09-28 12:58:19.724 ----------------------------------------------------------------------------------------
2026-09-28 12:58:19.916 
2026-09-28 12:58:19.917 ++++++++++++++++++++++++++++++++++++++++++++++++++++++++++++++++++++++++++++++++++++++++
2026-09-28 12:58:19.917 ++Proactor<s2>.process_message  [analog-temp/synced.readings]
2026-09-28 12:58:19.918   IN  internal     analog-temp to hw1.isone.me.versant.keene.maple.scada.s2     <-  [analog-temp/to/hw1.isone.me.versant.keene.maple.scada.s2/synced.readings]        SyncedReadings           
2026-09-28 12:58:19.918 ++Parentless.process_internal_message analog-temp/synced.readings
2026-09-28 12:58:19.920   OUT mqtt         analog-temp to s                                       ->  [gw/hw1-isone-me-versant-keene-maple-scada-s2/to/s/synced-readings]               SyncedReadings           
2026-09-28 12:58:19.921 --Parentless.process_internal_message  path:0x00000004
2026-09-28 12:58:19.922 --Proactor<s2>.process_message  path:0x00000401
2026-09-28 12:58:19.922 ----------------------------------------------------------------------------------------
2026-09-28 12:58:20.315 
2026-09-28 12:58:20.316 ++++++++++++++++++++++++++++++++++++++++++++++++++++++++++++++++++++++++++++++++++++++++
2026-09-28 12:58:20.316 ++Proactor<s2>.process_message  [analog-temp/synced.readings]
2026-09-28 12:58:20.317   IN  internal     analog-temp to hw1.isone.me.versant.keene.maple.scada.s2     <-  [analog-temp/to/hw1.isone.me.versant.keene.maple.scada.s2/synced.readings]        SyncedReadings           
2026-09-28 12:58:20.318 ++Parentless.process_internal_message analog-temp/synced.readings
2026-09-28 12:58:20.319   OUT mqtt         analog-temp to s                                       ->  [gw/hw1-isone-me-versant-keene-maple-scada-s2/to/s/synced-readings]               SyncedReadings           
2026-09-28 12:58:20.320 --Parentless.process_internal_message  path:0x00000004
2026-09-28 12:58:20.321 --Proactor<s2>.process_message  path:0x00000401
2026-09-28 12:58:20.321 ----------------------------------------------------------------------------------------
2026-09-28 12:58:20.915 
2026-09-28 12:58:20.916 ++++++++++++++++++++++++++++++++++++++++++++++++++++++++++++++++++++++++++++++++++++++++
2026-09-28 12:58:20.916 ++Proactor<s2>.process_message  [analog-temp/synced.readings]
2026-09-28 12:58:20.917   IN  internal     analog-temp to hw1.isone.me.versant.keene.maple.scada.s2     <-  [analog-temp/to/hw1.isone.me.versant.keene.maple.scada.s2/synced.readings]        SyncedReadings           
2026-09-28 12:58:20.917 ++Parentless.process_internal_message analog-temp/synced.readings
2026-09-28 12:58:20.919   OUT mqtt         analog-temp to s                                       ->  [gw/hw1-isone-me-versant-keene-maple-scada-s2/to/s/synced-readings]               SyncedReadings           
2026-09-28 12:58:20.920 --Parentless.process_internal_message  path:0x00000004
2026-09-28 12:58:20.920 --Proactor<s2>.process_message  path:0x00000401
2026-09-28 12:58:20.921 ----------------------------------------------------------------------------------------
2026-09-28 12:58:21.317 
2026-09-28 12:58:21.317 ++++++++++++++++++++++++++++++++++++++++++++++++++++++++++++++++++++++++++++++++++++++++
2026-09-28 12:58:21.318 ++Proactor<s2>.process_message  [analog-temp/synced.readings]
2026-09-28 12:58:21.318   IN  internal     analog-temp to hw1.isone.me.versant.keene.maple.scada.s2     <-  [analog-temp/to/hw1.isone.me.versant.keene.maple.scada.s2/synced.readings]        SyncedReadings           
2026-09-28 12:58:21.319 ++Parentless.process_internal_message analog-temp/synced.readings
2026-09-28 12:58:21.321   OUT mqtt         analog-temp to s                                       ->  [gw/hw1-isone-me-versant-keene-maple-scada-s2/to/s/synced-readings]               SyncedReadings           
2026-09-28 12:58:21.322 --Parentless.process_internal_message  path:0x00000004
2026-09-28 12:58:21.322 --Proactor<s2>.process_message  path:0x00000401
2026-09-28 12:58:21.323 ----------------------------------------------------------------------------------------
2026-09-28 12:58:21.516 
2026-09-28 12:58:21.517 ++++++++++++++++++++++++++++++++++++++++++++++++++++++++++++++++++++++++++++++++++++++++
2026-09-28 12:58:21.518 ++Proactor<s2>.process_message  [analog-temp/synced.readings]
2026-09-28 12:58:21.518   IN  internal     analog-temp to hw1.isone.me.versant.keene.maple.scada.s2     <-  [analog-temp/to/hw1.isone.me.versant.keene.maple.scada.s2/synced.readings]        SyncedReadings           
2026-09-28 12:58:21.519 ++Parentless.process_internal_message analog-temp/synced.readings
2026-09-28 12:58:21.520   OUT mqtt         analog-temp to s                                       ->  [gw/hw1-isone-me-versant-keene-maple-scada-s2/to/s/synced-readings]               SyncedReadings           
2026-09-28 12:58:21.521 --Parentless.process_internal_message  path:0x00000004
2026-09-28 12:58:21.522 --Proactor<s2>.process_message  path:0x00000401
2026-09-28 12:58:21.522 ----------------------------------------------------------------------------------------
2026-09-28 12:58:22.117 
2026-09-28 12:58:22.118 ++++++++++++++++++++++++++++++++++++++++++++++++++++++++++++++++++++++++++++++++++++++++
2026-09-28 12:58:22.118 ++Proactor<s2>.process_message  [analog-temp/synced.readings]
2026-09-28 12:58:22.119   IN  internal     analog-temp to hw1.isone.me.versant.keene.maple.scada.s2     <-  [analog-temp/to/hw1.isone.me.versant.keene.maple.scada.s2/synced.readings]        SyncedReadings           
2026-09-28 12:58:22.119 ++Parentless.process_internal_message analog-temp/synced.readings
2026-09-28 12:58:22.121   OUT mqtt         analog-temp to s                                       ->  [gw/hw1-isone-me-versant-keene-maple-scada-s2/to/s/synced-readings]               SyncedReadings           
2026-09-28 12:58:22.122 --Parentless.process_internal_message  path:0x00000004
2026-09-28 12:58:22.122 --Proactor<s2>.process_message  path:0x00000401
2026-09-28 12:58:22.123 ----------------------------------------------------------------------------------------
2026-09-28 12:58:22.317 
2026-09-28 12:58:22.318 ++++++++++++++++++++++++++++++++++++++++++++++++++++++++++++++++++++++++++++++++++++++++
2026-09-28 12:58:22.319 ++Proactor<s2>.process_message  [analog-temp/synced.readings]
2026-09-28 12:58:22.319   IN  internal     analog-temp to hw1.isone.me.versant.keene.maple.scada.s2     <-  [analog-temp/to/hw1.isone.me.versant.keene.maple.scada.s2/synced.readings]        SyncedReadings           
2026-09-28 12:58:22.320 ++Parentless.process_internal_message analog-temp/synced.readings
2026-09-28 12:58:22.321   OUT mqtt         analog-temp to s                                       ->  [gw/hw1-isone-me-versant-keene-maple-scada-s2/to/s/synced-readings]               SyncedReadings           
2026-09-28 12:58:22.322 --Parentless.process_internal_message  path:0x00000004
2026-09-28 12:58:22.323 --Proactor<s2>.process_message  path:0x00000401
2026-09-28 12:58:22.324 ----------------------------------------------------------------------------------------
2026-09-28 12:58:22.716 
2026-09-28 12:58:22.717 ++++++++++++++++++++++++++++++++++++++++++++++++++++++++++++++++++++++++++++++++++++++++
2026-09-28 12:58:22.717 ++Proactor<s2>.process_message  [analog-temp/synced.readings]
2026-09-28 12:58:22.718   IN  internal     analog-temp to hw1.isone.me.versant.keene.maple.scada.s2     <-  [analog-temp/to/hw1.isone.me.versant.keene.maple.scada.s2/synced.readings]        SyncedReadings           
2026-09-28 12:58:22.719 ++Parentless.process_internal_message analog-temp/synced.readings
2026-09-28 12:58:22.720   OUT mqtt         analog-temp to s                                       ->  [gw/hw1-isone-me-versant-keene-maple-scada-s2/to/s/synced-readings]               SyncedReadings           
2026-09-28 12:58:22.721 --Parentless.process_internal_message  path:0x00000004
2026-09-28 12:58:22.722 --Proactor<s2>.process_message  path:0x00000401
2026-09-28 12:58:22.722 ----------------------------------------------------------------------------------------
2026-09-28 12:58:23.116 
2026-09-28 12:58:23.117 ++++++++++++++++++++++++++++++++++++++++++++++++++++++++++++++++++++++++++++++++++++++++
2026-09-28 12:58:23.117 ++Proactor<s2>.process_message  [analog-temp/synced.readings]
2026-09-28 12:58:23.118   IN  internal     analog-temp to hw1.isone.me.versant.keene.maple.scada.s2     <-  [analog-temp/to/hw1.isone.me.versant.keene.maple.scada.s2/synced.readings]        SyncedReadings           
2026-09-28 12:58:23.118 ++Parentless.process_internal_message analog-temp/synced.readings
2026-09-28 12:58:23.120   OUT mqtt         analog-temp to s                                       ->  [gw/hw1-isone-me-versant-keene-maple-scada-s2/to/s/synced-readings]               SyncedReadings           
2026-09-28 12:58:23.121 --Parentless.process_internal_message  path:0x00000004
2026-09-28 12:58:23.121 --Proactor<s2>.process_message  path:0x00000401
2026-09-28 12:58:23.122 ----------------------------------------------------------------------------------------
2026-09-28 12:58:23.317 
2026-09-28 12:58:23.318 ++++++++++++++++++++++++++++++++++++++++++++++++++++++++++++++++++++++++++++++++++++++++
2026-09-28 12:58:23.319 ++Proactor<s2>.process_message  [analog-temp/synced.readings]
2026-09-28 12:58:23.319   IN  internal     analog-temp to hw1.isone.me.versant.keene.maple.scada.s2     <-  [analog-temp/to/hw1.isone.me.versant.keene.maple.scada.s2/synced.readings]        SyncedReadings           
2026-09-28 12:58:23.320 ++Parentless.process_internal_message analog-temp/synced.readings
2026-09-28 12:58:23.321   OUT mqtt         analog-temp to s                                       ->  [gw/hw1-isone-me-versant-keene-maple-scada-s2/to/s/synced-readings]               SyncedReadings           
2026-09-28 12:58:23.322 --Parentless.process_internal_message  path:0x00000004
2026-09-28 12:58:23.322 --Proactor<s2>.process_message  path:0x00000401
2026-09-28 12:58:23.323 ----------------------------------------------------------------------------------------
2026-09-28 12:58:23.517 
2026-09-28 12:58:23.517 ++++++++++++++++++++++++++++++++++++++++++++++++++++++++++++++++++++++++++++++++++++++++
2026-09-28 12:58:23.518 ++Proactor<s2>.process_message  [analog-temp/synced.readings]
2026-09-28 12:58:23.518   IN  internal     analog-temp to hw1.isone.me.versant.keene.maple.scada.s2     <-  [analog-temp/to/hw1.isone.me.versant.keene.maple.scada.s2/synced.readings]        SyncedReadings           
2026-09-28 12:58:23.519 ++Parentless.process_internal_message analog-temp/synced.readings
2026-09-28 12:58:23.520   OUT mqtt         analog-temp to s                                       ->  [gw/hw1-isone-me-versant-keene-maple-scada-s2/to/s/synced-readings]               SyncedReadings           
2026-09-28 12:58:23.521 --Parentless.process_internal_message  path:0x00000004
2026-09-28 12:58:23.521 --Proactor<s2>.process_message  path:0x00000401
2026-09-28 12:58:23.522 ----------------------------------------------------------------------------------------
2026-09-28 12:58:23.917 
2026-09-28 12:58:23.917 ++++++++++++++++++++++++++++++++++++++++++++++++++++++++++++++++++++++++++++++++++++++++
2026-09-28 12:58:23.918 ++Proactor<s2>.process_message  [analog-temp/synced.readings]
2026-09-28 12:58:23.918   IN  internal     analog-temp to hw1.isone.me.versant.keene.maple.scada.s2     <-  [analog-temp/to/hw1.isone.me.versant.keene.maple.scada.s2/synced.readings]        SyncedReadings           
2026-09-28 12:58:23.919 ++Parentless.process_internal_message analog-temp/synced.readings
2026-09-28 12:58:23.920   OUT mqtt         analog-temp to s                                       ->  [gw/hw1-isone-me-versant-keene-maple-scada-s2/to/s/synced-readings]               SyncedReadings           
2026-09-28 12:58:23.921 --Parentless.process_internal_message  path:0x00000004
2026-09-28 12:58:23.922 --Proactor<s2>.process_message  path:0x00000401
2026-09-28 12:58:23.922 ----------------------------------------------------------------------------------------
2026-09-28 12:58:24.117 
2026-09-28 12:58:24.118 ++++++++++++++++++++++++++++++++++++++++++++++++++++++++++++++++++++++++++++++++++++++++
2026-09-28 12:58:24.118 ++Proactor<s2>.process_message  [analog-temp/synced.readings]
2026-09-28 12:58:24.119   IN  internal     analog-temp to hw1.isone.me.versant.keene.maple.scada.s2     <-  [analog-temp/to/hw1.isone.me.versant.keene.maple.scada.s2/synced.readings]        SyncedReadings           
2026-09-28 12:58:24.119 ++Parentless.process_internal_message analog-temp/synced.readings
2026-09-28 12:58:24.120   OUT mqtt         analog-temp to s                                       ->  [gw/hw1-isone-me-versant-keene-maple-scada-s2/to/s/synced-readings]               SyncedReadings           
2026-09-28 12:58:24.121 --Parentless.process_internal_message  path:0x00000004
2026-09-28 12:58:24.122 --Proactor<s2>.process_message  path:0x00000401
2026-09-28 12:58:24.122 ----------------------------------------------------------------------------------------
2026-09-28 12:58:24.517 
2026-09-28 12:58:24.518 ++++++++++++++++++++++++++++++++++++++++++++++++++++++++++++++++++++++++++++++++++++++++
2026-09-28 12:58:24.519 ++Proactor<s2>.process_message  [analog-temp/synced.readings]
2026-09-28 12:58:24.520   IN  internal     analog-temp to hw1.isone.me.versant.keene.maple.scada.s2     <-  [analog-temp/to/hw1.isone.me.versant.keene.maple.scada.s2/synced.readings]        SyncedReadings           
2026-09-28 12:58:24.520 ++Parentless.process_internal_message analog-temp/synced.readings
2026-09-28 12:58:24.522   OUT mqtt         analog-temp to s                                       ->  [gw/hw1-isone-me-versant-keene-maple-scada-s2/to/s/synced-readings]               SyncedReadings           
2026-09-28 12:58:24.522 --Parentless.process_internal_message  path:0x00000004
2026-09-28 12:58:24.523 --Proactor<s2>.process_message  path:0x00000401
2026-09-28 12:58:24.523 ----------------------------------------------------------------------------------------
2026-09-28 12:58:24.717 
2026-09-28 12:58:24.720 ++++++++++++++++++++++++++++++++++++++++++++++++++++++++++++++++++++++++++++++++++++++++
2026-09-28 12:58:24.721 ++Proactor<s2>.process_message  [analog-temp/synced.readings]
2026-09-28 12:58:24.721   IN  internal     analog-temp to hw1.isone.me.versant.keene.maple.scada.s2     <-  [analog-temp/to/hw1.isone.me.versant.keene.maple.scada.s2/synced.readings]        SyncedReadings           
2026-09-28 12:58:24.722 ++Parentless.process_internal_message analog-temp/synced.readings
2026-09-28 12:58:24.723   OUT mqtt         analog-temp to s                                       ->  [gw/hw1-isone-me-versant-keene-maple-scada-s2/to/s/synced-readings]               SyncedReadings           
2026-09-28 12:58:24.724 --Parentless.process_internal_message  path:0x00000004
2026-09-28 12:58:24.725 --Proactor<s2>.process_message  path:0x00000401
2026-09-28 12:58:24.725 ----------------------------------------------------------------------------------------
2026-09-28 12:58:25.119 
2026-09-28 12:58:25.120 ++++++++++++++++++++++++++++++++++++++++++++++++++++++++++++++++++++++++++++++++++++++++
2026-09-28 12:58:25.120 ++Proactor<s2>.process_message  [analog-temp/synced.readings]
2026-09-28 12:58:25.121   IN  internal     analog-temp to hw1.isone.me.versant.keene.maple.scada.s2     <-  [analog-temp/to/hw1.isone.me.versant.keene.maple.scada.s2/synced.readings]        SyncedReadings           
2026-09-28 12:58:25.122 ++Parentless.process_internal_message analog-temp/synced.readings
2026-09-28 12:58:25.123   OUT mqtt         analog-temp to s                                       ->  [gw/hw1-isone-me-versant-keene-maple-scada-s2/to/s/synced-readings]               SyncedReadings           
2026-09-28 12:58:25.124 --Parentless.process_internal_message  path:0x00000004
2026-09-28 12:58:25.125 --Proactor<s2>.process_message  path:0x00000401
2026-09-28 12:58:25.125 ----------------------------------------------------------------------------------------
2026-09-28 12:58:25.317 
2026-09-28 12:58:25.318 ++++++++++++++++++++++++++++++++++++++++++++++++++++++++++++++++++++++++++++++++++++++++
2026-09-28 12:58:25.319 ++Proactor<s2>.process_message  [analog-temp/synced.readings]
2026-09-28 12:58:25.319   IN  internal     analog-temp to hw1.isone.me.versant.keene.maple.scada.s2     <-  [analog-temp/to/hw1.isone.me.versant.keene.maple.scada.s2/synced.readings]        SyncedReadings           
2026-09-28 12:58:25.320 ++Parentless.process_internal_message analog-temp/synced.readings
2026-09-28 12:58:25.321   OUT mqtt         analog-temp to s                                       ->  [gw/hw1-isone-me-versant-keene-maple-scada-s2/to/s/synced-readings]               SyncedReadings           
2026-09-28 12:58:25.322 --Parentless.process_internal_message  path:0x00000004
2026-09-28 12:58:25.323 --Proactor<s2>.process_message  path:0x00000401
2026-09-28 12:58:25.324 ----------------------------------------------------------------------------------------
2026-09-28 12:58:25.720 
2026-09-28 12:58:25.721 ++++++++++++++++++++++++++++++++++++++++++++++++++++++++++++++++++++++++++++++++++++++++
2026-09-28 12:58:25.722 ++Proactor<s2>.process_message  [analog-temp/synced.readings]
2026-09-28 12:58:25.723   IN  internal     analog-temp to hw1.isone.me.versant.keene.maple.scada.s2     <-  [analog-temp/to/hw1.isone.me.versant.keene.maple.scada.s2/synced.readings]        SyncedReadings           
2026-09-28 12:58:25.723 ++Parentless.process_internal_message analog-temp/synced.readings
2026-09-28 12:58:25.725   OUT mqtt         analog-temp to s                                       ->  [gw/hw1-isone-me-versant-keene-maple-scada-s2/to/s/synced-readings]               SyncedReadings           
2026-09-28 12:58:25.726 --Parentless.process_internal_message  path:0x00000004
2026-09-28 12:58:25.726 --Proactor<s2>.process_message  path:0x00000401
2026-09-28 12:58:25.727 ----------------------------------------------------------------------------------------
2026-09-28 12:58:25.911 
2026-09-28 12:58:25.911 ++++++++++++++++++++++++++++++++++++++++++++++++++++++++++++++++++++++++++++++++++++++++
2026-09-28 12:58:25.911 ++Proactor<s2>.process_message  [analog-temp/synced.readings]
2026-09-28 12:58:25.912   IN  internal     analog-temp to hw1.isone.me.versant.keene.maple.scada.s2     <-  [analog-temp/to/hw1.isone.me.versant.keene.maple.scada.s2/synced.readings]        SyncedReadings           
2026-09-28 12:58:25.912 ++Parentless.process_internal_message analog-temp/synced.readings
2026-09-28 12:58:25.913   OUT mqtt         analog-temp to s                                       ->  [gw/hw1-isone-me-versant-keene-maple-scada-s2/to/s/synced-readings]               SyncedReadings           
2026-09-28 12:58:25.914 --Parentless.process_internal_message  path:0x00000004
2026-09-28 12:58:25.914 --Proactor<s2>.process_message  path:0x00000401
2026-09-28 12:58:25.914 ----------------------------------------------------------------------------------------
2026-09-28 12:58:26.113 
2026-09-28 12:58:26.114 ++++++++++++++++++++++++++++++++++++++++++++++++++++++++++++++++++++++++++++++++++++++++
2026-09-28 12:58:26.114 ++Proactor<s2>.process_message  [analog-temp/synced.readings]
2026-09-28 12:58:26.115   IN  internal     analog-temp to hw1.isone.me.versant.keene.maple.scada.s2     <-  [analog-temp/to/hw1.isone.me.versant.keene.maple.scada.s2/synced.readings]        SyncedReadings           
2026-09-28 12:58:26.115 ++Parentless.process_internal_message analog-temp/synced.readings
2026-09-28 12:58:26.117   OUT mqtt         analog-temp to s                                       ->  [gw/hw1-isone-me-versant-keene-maple-scada-s2/to/s/synced-readings]               SyncedReadings           
2026-09-28 12:58:26.118 --Parentless.process_internal_message  path:0x00000004
2026-09-28 12:58:26.118 --Proactor<s2>.process_message  path:0x00000401
2026-09-28 12:58:26.119 ----------------------------------------------------------------------------------------
2026-09-28 12:58:26.321 
2026-09-28 12:58:26.322 ++++++++++++++++++++++++++++++++++++++++++++++++++++++++++++++++++++++++++++++++++++++++
2026-09-28 12:58:26.322 ++Proactor<s2>.process_message  [analog-temp/synced.readings]
2026-09-28 12:58:26.323   IN  internal     analog-temp to hw1.isone.me.versant.keene.maple.scada.s2     <-  [analog-temp/to/hw1.isone.me.versant.keene.maple.scada.s2/synced.readings]        SyncedReadings           
2026-09-28 12:58:26.324 ++Parentless.process_internal_message analog-temp/synced.readings
2026-09-28 12:58:26.325   OUT mqtt         analog-temp to s                                       ->  [gw/hw1-isone-me-versant-keene-maple-scada-s2/to/s/synced-readings]               SyncedReadings           
2026-09-28 12:58:26.326 --Parentless.process_internal_message  path:0x00000004
2026-09-28 12:58:26.327 --Proactor<s2>.process_message  path:0x00000401
2026-09-28 12:58:26.327 ----------------------------------------------------------------------------------------
2026-09-28 12:58:26.524 
2026-09-28 12:58:26.524 ++++++++++++++++++++++++++++++++++++++++++++++++++++++++++++++++++++++++++++++++++++++++
2026-09-28 12:58:26.525 ++Proactor<s2>.process_message  [analog-temp/synced.readings]
2026-09-28 12:58:26.525   IN  internal     analog-temp to hw1.isone.me.versant.keene.maple.scada.s2     <-  [analog-temp/to/hw1.isone.me.versant.keene.maple.scada.s2/synced.readings]        SyncedReadings           
2026-09-28 12:58:26.526 ++Parentless.process_internal_message analog-temp/synced.readings
2026-09-28 12:58:26.528   OUT mqtt         analog-temp to s                                       ->  [gw/hw1-isone-me-versant-keene-maple-scada-s2/to/s/synced-readings]               SyncedReadings           
2026-09-28 12:58:26.529 --Parentless.process_internal_message  path:0x00000004
2026-09-28 12:58:26.529 --Proactor<s2>.process_message  path:0x00000401
2026-09-28 12:58:26.530 ----------------------------------------------------------------------------------------
2026-09-28 12:58:26.913 
2026-09-28 12:58:26.914 ++++++++++++++++++++++++++++++++++++++++++++++++++++++++++++++++++++++++++++++++++++++++
2026-09-28 12:58:26.914 ++Proactor<s2>.process_message  [analog-temp/synced.readings]
2026-09-28 12:58:26.914   IN  internal     analog-temp to hw1.isone.me.versant.keene.maple.scada.s2     <-  [analog-temp/to/hw1.isone.me.versant.keene.maple.scada.s2/synced.readings]        SyncedReadings           
2026-09-28 12:58:26.915 ++Parentless.process_internal_message analog-temp/synced.readings
2026-09-28 12:58:26.916   OUT mqtt         analog-temp to s                                       ->  [gw/hw1-isone-me-versant-keene-maple-scada-s2/to/s/synced-readings]               SyncedReadings           
2026-09-28 12:58:26.916 --Parentless.process_internal_message  path:0x00000004
2026-09-28 12:58:26.917 --Proactor<s2>.process_message  path:0x00000401
2026-09-28 12:58:26.917 ----------------------------------------------------------------------------------------
2026-09-28 12:58:27.119 
2026-09-28 12:58:27.120 ++++++++++++++++++++++++++++++++++++++++++++++++++++++++++++++++++++++++++++++++++++++++
2026-09-28 12:58:27.121 ++Proactor<s2>.process_message  [analog-temp/synced.readings]
2026-09-28 12:58:27.121   IN  internal     analog-temp to hw1.isone.me.versant.keene.maple.scada.s2     <-  [analog-temp/to/hw1.isone.me.versant.keene.maple.scada.s2/synced.readings]        SyncedReadings           
2026-09-28 12:58:27.122 ++Parentless.process_internal_message analog-temp/synced.readings
2026-09-28 12:58:27.123   OUT mqtt         analog-temp to s                                       ->  [gw/hw1-isone-me-versant-keene-maple-scada-s2/to/s/synced-readings]               SyncedReadings           
2026-09-28 12:58:27.124 --Parentless.process_internal_message  path:0x00000004
2026-09-28 12:58:27.125 --Proactor<s2>.process_message  path:0x00000401
2026-09-28 12:58:27.126 ----------------------------------------------------------------------------------------
2026-09-28 12:58:27.520 
2026-09-28 12:58:27.521 ++++++++++++++++++++++++++++++++++++++++++++++++++++++++++++++++++++++++++++++++++++++++
2026-09-28 12:58:27.521 ++Proactor<s2>.process_message  [analog-temp/synced.readings]
2026-09-28 12:58:27.522   IN  internal     analog-temp to hw1.isone.me.versant.keene.maple.scada.s2     <-  [analog-temp/to/hw1.isone.me.versant.keene.maple.scada.s2/synced.readings]        SyncedReadings           
2026-09-28 12:58:27.522 ++Parentless.process_internal_message analog-temp/synced.readings
2026-09-28 12:58:27.524   OUT mqtt         analog-temp to s                                       ->  [gw/hw1-isone-me-versant-keene-maple-scada-s2/to/s/synced-readings]               SyncedReadings           
2026-09-28 12:58:27.525 --Parentless.process_internal_message  path:0x00000004
2026-09-28 12:58:27.525 --Proactor<s2>.process_message  path:0x00000401
2026-09-28 12:58:27.526 ----------------------------------------------------------------------------------------
2026-09-28 12:58:27.720 
2026-09-28 12:58:27.721 ++++++++++++++++++++++++++++++++++++++++++++++++++++++++++++++++++++++++++++++++++++++++
2026-09-28 12:58:27.721 ++Proactor<s2>.process_message  [analog-temp/synced.readings]
2026-09-28 12:58:27.722   IN  internal     analog-temp to hw1.isone.me.versant.keene.maple.scada.s2     <-  [analog-temp/to/hw1.isone.me.versant.keene.maple.scada.s2/synced.readings]        SyncedReadings           
2026-09-28 12:58:27.723 ++Parentless.process_internal_message analog-temp/synced.readings
2026-09-28 12:58:27.725   OUT mqtt         analog-temp to s                                       ->  [gw/hw1-isone-me-versant-keene-maple-scada-s2/to/s/synced-readings]               SyncedReadings           
2026-09-28 12:58:27.725 --Parentless.process_internal_message  path:0x00000004
2026-09-28 12:58:27.726 --Proactor<s2>.process_message  path:0x00000401
2026-09-28 12:58:27.727 ----------------------------------------------------------------------------------------
2026-09-28 12:58:28.121 
2026-09-28 12:58:28.122 ++++++++++++++++++++++++++++++++++++++++++++++++++++++++++++++++++++++++++++++++++++++++
2026-09-28 12:58:28.122 ++Proactor<s2>.process_message  [analog-temp/synced.readings]
2026-09-28 12:58:28.123   IN  internal     analog-temp to hw1.isone.me.versant.keene.maple.scada.s2     <-  [analog-temp/to/hw1.isone.me.versant.keene.maple.scada.s2/synced.readings]        SyncedReadings           
2026-09-28 12:58:28.124 ++Parentless.process_internal_message analog-temp/synced.readings
2026-09-28 12:58:28.125   OUT mqtt         analog-temp to s                                       ->  [gw/hw1-isone-me-versant-keene-maple-scada-s2/to/s/synced-readings]               SyncedReadings           
2026-09-28 12:58:28.126 --Parentless.process_internal_message  path:0x00000004
2026-09-28 12:58:28.127 --Proactor<s2>.process_message  path:0x00000401
2026-09-28 12:58:28.127 ----------------------------------------------------------------------------------------
2026-09-28 12:58:28.321 
2026-09-28 12:58:28.321 ++++++++++++++++++++++++++++++++++++++++++++++++++++++++++++++++++++++++++++++++++++++++
2026-09-28 12:58:28.322 ++Proactor<s2>.process_message  [analog-temp/synced.readings]
2026-09-28 12:58:28.323   IN  internal     analog-temp to hw1.isone.me.versant.keene.maple.scada.s2     <-  [analog-temp/to/hw1.isone.me.versant.keene.maple.scada.s2/synced.readings]        SyncedReadings           
2026-09-28 12:58:28.323 ++Parentless.process_internal_message analog-temp/synced.readings
2026-09-28 12:58:28.325   OUT mqtt         analog-temp to s                                       ->  [gw/hw1-isone-me-versant-keene-maple-scada-s2/to/s/synced-readings]               SyncedReadings           
2026-09-28 12:58:28.326 --Parentless.process_internal_message  path:0x00000004
2026-09-28 12:58:28.327 --Proactor<s2>.process_message  path:0x00000401
2026-09-28 12:58:28.327 ----------------------------------------------------------------------------------------
2026-09-28 12:58:28.520 
2026-09-28 12:58:28.521 ++++++++++++++++++++++++++++++++++++++++++++++++++++++++++++++++++++++++++++++++++++++++
2026-09-28 12:58:28.522 ++Proactor<s2>.process_message  [analog-temp/synced.readings]
2026-09-28 12:58:28.522   IN  internal     analog-temp to hw1.isone.me.versant.keene.maple.scada.s2     <-  [analog-temp/to/hw1.isone.me.versant.keene.maple.scada.s2/synced.readings]        SyncedReadings           
2026-09-28 12:58:28.523 ++Parentless.process_internal_message analog-temp/synced.readings
2026-09-28 12:58:28.524   OUT mqtt         analog-temp to s                                       ->  [gw/hw1-isone-me-versant-keene-maple-scada-s2/to/s/synced-readings]               SyncedReadings           
2026-09-28 12:58:28.525 --Parentless.process_internal_message  path:0x00000004
2026-09-28 12:58:28.526 --Proactor<s2>.process_message  path:0x00000401
2026-09-28 12:58:28.526 ----------------------------------------------------------------------------------------
2026-09-28 12:58:28.921 
2026-09-28 12:58:28.922 ++++++++++++++++++++++++++++++++++++++++++++++++++++++++++++++++++++++++++++++++++++++++
2026-09-28 12:58:28.922 ++Proactor<s2>.process_message  [analog-temp/synced.readings]
2026-09-28 12:58:28.923   IN  internal     analog-temp to hw1.isone.me.versant.keene.maple.scada.s2     <-  [analog-temp/to/hw1.isone.me.versant.keene.maple.scada.s2/synced.readings]        SyncedReadings           
2026-09-28 12:58:28.924 ++Parentless.process_internal_message analog-temp/synced.readings
2026-09-28 12:58:28.925   OUT mqtt         analog-temp to s                                       ->  [gw/hw1-isone-me-versant-keene-maple-scada-s2/to/s/synced-readings]               SyncedReadings           
2026-09-28 12:58:28.926 --Parentless.process_internal_message  path:0x00000004
2026-09-28 12:58:28.927 --Proactor<s2>.process_message  path:0x00000401
2026-09-28 12:58:28.927 ----------------------------------------------------------------------------------------
2026-09-28 12:58:29.521 
2026-09-28 12:58:29.522 ++++++++++++++++++++++++++++++++++++++++++++++++++++++++++++++++++++++++++++++++++++++++
2026-09-28 12:58:29.522 ++Proactor<s2>.process_message  [analog-temp/synced.readings]
2026-09-28 12:58:29.523   IN  internal     analog-temp to hw1.isone.me.versant.keene.maple.scada.s2     <-  [analog-temp/to/hw1.isone.me.versant.keene.maple.scada.s2/synced.readings]        SyncedReadings           
2026-09-28 12:58:29.523 ++Parentless.process_internal_message analog-temp/synced.readings
2026-09-28 12:58:29.524   OUT mqtt         analog-temp to s                                       ->  [gw/hw1-isone-me-versant-keene-maple-scada-s2/to/s/synced-readings]               SyncedReadings           
2026-09-28 12:58:29.525 --Parentless.process_internal_message  path:0x00000004
2026-09-28 12:58:29.526 --Proactor<s2>.process_message  path:0x00000401
2026-09-28 12:58:29.526 ----------------------------------------------------------------------------------------
2026-09-28 12:58:29.720 
2026-09-28 12:58:29.725 ++++++++++++++++++++++++++++++++++++++++++++++++++++++++++++++++++++++++++++++++++++++++
2026-09-28 12:58:29.725 ++Proactor<s2>.process_message  [analog-temp/synced.readings]
2026-09-28 12:58:29.726   IN  internal     analog-temp to hw1.isone.me.versant.keene.maple.scada.s2     <-  [analog-temp/to/hw1.isone.me.versant.keene.maple.scada.s2/synced.readings]        SyncedReadings           
2026-09-28 12:58:29.727 ++Parentless.process_internal_message analog-temp/synced.readings
2026-09-28 12:58:29.728   OUT mqtt         analog-temp to s                                       ->  [gw/hw1-isone-me-versant-keene-maple-scada-s2/to/s/synced-readings]               SyncedReadings           
2026-09-28 12:58:29.729 --Parentless.process_internal_message  path:0x00000004
2026-09-28 12:58:29.729 --Proactor<s2>.process_message  path:0x00000401
2026-09-28 12:58:29.730 ----------------------------------------------------------------------------------------
2026-09-28 12:58:30.121 
2026-09-28 12:58:30.122 ++++++++++++++++++++++++++++++++++++++++++++++++++++++++++++++++++++++++++++++++++++++++
2026-09-28 12:58:30.122 ++Proactor<s2>.process_message  [analog-temp/synced.readings]
2026-09-28 12:58:30.123   IN  internal     analog-temp to hw1.isone.me.versant.keene.maple.scada.s2     <-  [analog-temp/to/hw1.isone.me.versant.keene.maple.scada.s2/synced.readings]        SyncedReadings           
2026-09-28 12:58:30.124 ++Parentless.process_internal_message analog-temp/synced.readings
2026-09-28 12:58:30.125   OUT mqtt         analog-temp to s                                       ->  [gw/hw1-isone-me-versant-keene-maple-scada-s2/to/s/synced-readings]               SyncedReadings           
2026-09-28 12:58:30.126 --Parentless.process_internal_message  path:0x00000004
2026-09-28 12:58:30.126 --Proactor<s2>.process_message  path:0x00000401
2026-09-28 12:58:30.127 ----------------------------------------------------------------------------------------
2026-09-28 12:58:30.521 
2026-09-28 12:58:30.522 ++++++++++++++++++++++++++++++++++++++++++++++++++++++++++++++++++++++++++++++++++++++++
2026-09-28 12:58:30.522 ++Proactor<s2>.process_message  [analog-temp/synced.readings]
2026-09-28 12:58:30.523   IN  internal     analog-temp to hw1.isone.me.versant.keene.maple.scada.s2     <-  [analog-temp/to/hw1.isone.me.versant.keene.maple.scada.s2/synced.readings]        SyncedReadings           
2026-09-28 12:58:30.523 ++Parentless.process_internal_message analog-temp/synced.readings
2026-09-28 12:58:30.525   OUT mqtt         analog-temp to s                                       ->  [gw/hw1-isone-me-versant-keene-maple-scada-s2/to/s/synced-readings]               SyncedReadings           
2026-09-28 12:58:30.526 --Parentless.process_internal_message  path:0x00000004
2026-09-28 12:58:30.526 --Proactor<s2>.process_message  path:0x00000401
2026-09-28 12:58:30.527 ----------------------------------------------------------------------------------------
2026-09-28 12:58:30.721 
2026-09-28 12:58:30.721 ++++++++++++++++++++++++++++++++++++++++++++++++++++++++++++++++++++++++++++++++++++++++
2026-09-28 12:58:30.722 ++Proactor<s2>.process_message  [analog-temp/synced.readings]
2026-09-28 12:58:30.722   IN  internal     analog-temp to hw1.isone.me.versant.keene.maple.scada.s2     <-  [analog-temp/to/hw1.isone.me.versant.keene.maple.scada.s2/synced.readings]        SyncedReadings           
2026-09-28 12:58:30.723 ++Parentless.process_internal_message analog-temp/synced.readings
2026-09-28 12:58:30.724   OUT mqtt         analog-temp to s                                       ->  [gw/hw1-isone-me-versant-keene-maple-scada-s2/to/s/synced-readings]               SyncedReadings           
2026-09-28 12:58:30.725 --Parentless.process_internal_message  path:0x00000004
2026-09-28 12:58:30.725 --Proactor<s2>.process_message  path:0x00000401
2026-09-28 12:58:30.726 ----------------------------------------------------------------------------------------
2026-09-28 12:58:31.323 
2026-09-28 12:58:31.323 ++++++++++++++++++++++++++++++++++++++++++++++++++++++++++++++++++++++++++++++++++++++++
2026-09-28 12:58:31.324 ++Proactor<s2>.process_message  [analog-temp/synced.readings]
2026-09-28 12:58:31.325   IN  internal     analog-temp to hw1.isone.me.versant.keene.maple.scada.s2     <-  [analog-temp/to/hw1.isone.me.versant.keene.maple.scada.s2/synced.readings]        SyncedReadings           
2026-09-28 12:58:31.325 ++Parentless.process_internal_message analog-temp/synced.readings
2026-09-28 12:58:31.326   OUT mqtt         analog-temp to s                                       ->  [gw/hw1-isone-me-versant-keene-maple-scada-s2/to/s/synced-readings]               SyncedReadings           
2026-09-28 12:58:31.327 --Parentless.process_internal_message  path:0x00000004
2026-09-28 12:58:31.328 --Proactor<s2>.process_message  path:0x00000401
2026-09-28 12:58:31.328 ----------------------------------------------------------------------------------------
2026-09-28 12:58:31.482 
2026-09-28 12:58:31.482 ++++++++++++++++++++++++++++++++++++++++++++++++++++++++++++++++++++++++++++++++++++++++
2026-09-28 12:58:31.483 ++Proactor<s2>.process_message  [gridworks-ping]
2026-09-28 12:58:31.483 ++Proactor<s2>._process_mqtt_message mqtt_clients/mqtt_message
2026-09-28 12:58:31.484   IN  mqtt         hw1.isone.me.versant.keene.maple.scada to s2           <-  [gw/hw1-isone-me-versant-keene-maple-scada/to/s2/gridworks-ping]                  Ping                      c63d5f73...
2026-09-28 12:58:31.486   OUT mqtt         hw1.isone.me.versant.keene.maple.scada.s2 to s         ->  [gw/hw1-isone-me-versant-keene-maple-scada-s2/to/s/gridworks-ack]                 Ack                       c63d5f73...
2026-09-28 12:58:31.487 --Proactor<s2>._process_mqtt_message:1  path:0x00000223
2026-09-28 12:58:31.488 --Proactor<s2>.process_message  path:0x00000002
2026-09-28 12:58:31.489 ----------------------------------------------------------------------------------------
2026-09-28 12:58:31.522 
2026-09-28 12:58:31.523 ++++++++++++++++++++++++++++++++++++++++++++++++++++++++++++++++++++++++++++++++++++++++
2026-09-28 12:58:31.523 ++Proactor<s2>.process_message  [analog-temp/synced.readings]
2026-09-28 12:58:31.524   IN  internal     analog-temp to hw1.isone.me.versant.keene.maple.scada.s2     <-  [analog-temp/to/hw1.isone.me.versant.keene.maple.scada.s2/synced.readings]        SyncedReadings           
2026-09-28 12:58:31.525 ++Parentless.process_internal_message analog-temp/synced.readings
2026-09-28 12:58:31.526   OUT mqtt         analog-temp to s                                       ->  [gw/hw1-isone-me-versant-keene-maple-scada-s2/to/s/synced-readings]               SyncedReadings           
2026-09-28 12:58:31.527 --Parentless.process_internal_message  path:0x00000004
2026-09-28 12:58:31.527 --Proactor<s2>.process_message  path:0x00000401
2026-09-28 12:58:31.528 ----------------------------------------------------------------------------------------
2026-09-28 12:58:31.921 
2026-09-28 12:58:31.922 ++++++++++++++++++++++++++++++++++++++++++++++++++++++++++++++++++++++++++++++++++++++++
2026-09-28 12:58:31.922 ++Proactor<s2>.process_message  [analog-temp/synced.readings]
2026-09-28 12:58:31.923   IN  internal     analog-temp to hw1.isone.me.versant.keene.maple.scada.s2     <-  [analog-temp/to/hw1.isone.me.versant.keene.maple.scada.s2/synced.readings]        SyncedReadings           
2026-09-28 12:58:31.924 ++Parentless.process_internal_message analog-temp/synced.readings
2026-09-28 12:58:31.925   OUT mqtt         analog-temp to s                                       ->  [gw/hw1-isone-me-versant-keene-maple-scada-s2/to/s/synced-readings]               SyncedReadings           
2026-09-28 12:58:31.926 --Parentless.process_internal_message  path:0x00000004
2026-09-28 12:58:31.927 --Proactor<s2>.process_message  path:0x00000401
2026-09-28 12:58:31.928 ----------------------------------------------------------------------------------------
2026-09-28 12:58:32.523 
2026-09-28 12:58:32.524 ++++++++++++++++++++++++++++++++++++++++++++++++++++++++++++++++++++++++++++++++++++++++
2026-09-28 12:58:32.524 ++Proactor<s2>.process_message  [analog-temp/synced.readings]
2026-09-28 12:58:32.525   IN  internal     analog-temp to hw1.isone.me.versant.keene.maple.scada.s2     <-  [analog-temp/to/hw1.isone.me.versant.keene.maple.scada.s2/synced.readings]        SyncedReadings           
2026-09-28 12:58:32.526 ++Parentless.process_internal_message analog-temp/synced.readings
2026-09-28 12:58:32.527   OUT mqtt         analog-temp to s                                       ->  [gw/hw1-isone-me-versant-keene-maple-scada-s2/to/s/synced-readings]               SyncedReadings           
2026-09-28 12:58:32.528 --Parentless.process_internal_message  path:0x00000004
2026-09-28 12:58:32.529 --Proactor<s2>.process_message  path:0x00000401
2026-09-28 12:58:32.529 ----------------------------------------------------------------------------------------
2026-09-28 12:58:33.123 
2026-09-28 12:58:33.124 ++++++++++++++++++++++++++++++++++++++++++++++++++++++++++++++++++++++++++++++++++++++++
2026-09-28 12:58:33.124 ++Proactor<s2>.process_message  [analog-temp/synced.readings]
2026-09-28 12:58:33.125   IN  internal     analog-temp to hw1.isone.me.versant.keene.maple.scada.s2     <-  [analog-temp/to/hw1.isone.me.versant.keene.maple.scada.s2/synced.readings]        SyncedReadings           
2026-09-28 12:58:33.126 ++Parentless.process_internal_message analog-temp/synced.readings
2026-09-28 12:58:33.127   OUT mqtt         analog-temp to s                                       ->  [gw/hw1-isone-me-versant-keene-maple-scada-s2/to/s/synced-readings]               SyncedReadings           
2026-09-28 12:58:33.128 --Parentless.process_internal_message  path:0x00000004
2026-09-28 12:58:33.129 --Proactor<s2>.process_message  path:0x00000401
2026-09-28 12:58:33.129 ----------------------------------------------------------------------------------------
2026-09-28 12:58:33.325 
2026-09-28 12:58:33.326 ++++++++++++++++++++++++++++++++++++++++++++++++++++++++++++++++++++++++++++++++++++++++
2026-09-28 12:58:33.326 ++Proactor<s2>.process_message  [analog-temp/synced.readings]
2026-09-28 12:58:33.327   IN  internal     analog-temp to hw1.isone.me.versant.keene.maple.scada.s2     <-  [analog-temp/to/hw1.isone.me.versant.keene.maple.scada.s2/synced.readings]        SyncedReadings           
2026-09-28 12:58:33.328 ++Parentless.process_internal_message analog-temp/synced.readings
2026-09-28 12:58:33.329   OUT mqtt         analog-temp to s                                       ->  [gw/hw1-isone-me-versant-keene-maple-scada-s2/to/s/synced-readings]               SyncedReadings           
2026-09-28 12:58:33.330 --Parentless.process_internal_message  path:0x00000004
2026-09-28 12:58:33.331 --Proactor<s2>.process_message  path:0x00000401
2026-09-28 12:58:33.331 ----------------------------------------------------------------------------------------
2026-09-28 12:58:33.723 
2026-09-28 12:58:33.724 ++++++++++++++++++++++++++++++++++++++++++++++++++++++++++++++++++++++++++++++++++++++++
2026-09-28 12:58:33.724 ++Proactor<s2>.process_message  [analog-temp/synced.readings]
2026-09-28 12:58:33.725   IN  internal     analog-temp to hw1.isone.me.versant.keene.maple.scada.s2     <-  [analog-temp/to/hw1.isone.me.versant.keene.maple.scada.s2/synced.readings]        SyncedReadings           
2026-09-28 12:58:33.725 ++Parentless.process_internal_message analog-temp/synced.readings
2026-09-28 12:58:33.727   OUT mqtt         analog-temp to s                                       ->  [gw/hw1-isone-me-versant-keene-maple-scada-s2/to/s/synced-readings]               SyncedReadings           
2026-09-28 12:58:33.728 --Parentless.process_internal_message  path:0x00000004
2026-09-28 12:58:33.729 --Proactor<s2>.process_message  path:0x00000401
2026-09-28 12:58:33.729 ----------------------------------------------------------------------------------------
2026-09-28 12:58:33.924 
2026-09-28 12:58:33.925 ++++++++++++++++++++++++++++++++++++++++++++++++++++++++++++++++++++++++++++++++++++++++
2026-09-28 12:58:33.925 ++Proactor<s2>.process_message  [analog-temp/synced.readings]
2026-09-28 12:58:33.926   IN  internal     analog-temp to hw1.isone.me.versant.keene.maple.scada.s2     <-  [analog-temp/to/hw1.isone.me.versant.keene.maple.scada.s2/synced.readings]        SyncedReadings           
2026-09-28 12:58:33.926 ++Parentless.process_internal_message analog-temp/synced.readings
2026-09-28 12:58:33.928   OUT mqtt         analog-temp to s                                       ->  [gw/hw1-isone-me-versant-keene-maple-scada-s2/to/s/synced-readings]               SyncedReadings           
2026-09-28 12:58:33.929 --Parentless.process_internal_message  path:0x00000004
2026-09-28 12:58:33.929 --Proactor<s2>.process_message  path:0x00000401
2026-09-28 12:58:33.930 ----------------------------------------------------------------------------------------
2026-09-28 12:58:34.324 
2026-09-28 12:58:34.325 ++++++++++++++++++++++++++++++++++++++++++++++++++++++++++++++++++++++++++++++++++++++++
2026-09-28 12:58:34.326 ++Proactor<s2>.process_message  [analog-temp/synced.readings]
2026-09-28 12:58:34.326   IN  internal     analog-temp to hw1.isone.me.versant.keene.maple.scada.s2     <-  [analog-temp/to/hw1.isone.me.versant.keene.maple.scada.s2/synced.readings]        SyncedReadings           
2026-09-28 12:58:34.327 ++Parentless.process_internal_message analog-temp/synced.readings
2026-09-28 12:58:34.328   OUT mqtt         analog-temp to s                                       ->  [gw/hw1-isone-me-versant-keene-maple-scada-s2/to/s/synced-readings]               SyncedReadings           
2026-09-28 12:58:34.329 --Parentless.process_internal_message  path:0x00000004
2026-09-28 12:58:34.330 --Proactor<s2>.process_message  path:0x00000401
2026-09-28 12:58:34.330 ----------------------------------------------------------------------------------------
2026-09-28 12:58:34.524 
2026-09-28 12:58:34.525 ++++++++++++++++++++++++++++++++++++++++++++++++++++++++++++++++++++++++++++++++++++++++
2026-09-28 12:58:34.525 ++Proactor<s2>.process_message  [analog-temp/synced.readings]
2026-09-28 12:58:34.526   IN  internal     analog-temp to hw1.isone.me.versant.keene.maple.scada.s2     <-  [analog-temp/to/hw1.isone.me.versant.keene.maple.scada.s2/synced.readings]        SyncedReadings           
2026-09-28 12:58:34.527 ++Parentless.process_internal_message analog-temp/synced.readings
2026-09-28 12:58:34.528   OUT mqtt         analog-temp to s                                       ->  [gw/hw1-isone-me-versant-keene-maple-scada-s2/to/s/synced-readings]               SyncedReadings           
2026-09-28 12:58:34.530 --Parentless.process_internal_message  path:0x00000004
2026-09-28 12:58:34.531 --Proactor<s2>.process_message  path:0x00000401
2026-09-28 12:58:34.531 ----------------------------------------------------------------------------------------
2026-09-28 12:58:35.126 
2026-09-28 12:58:35.127 ++++++++++++++++++++++++++++++++++++++++++++++++++++++++++++++++++++++++++++++++++++++++
2026-09-28 12:58:35.127 ++Proactor<s2>.process_message  [analog-temp/synced.readings]
2026-09-28 12:58:35.128   IN  internal     analog-temp to hw1.isone.me.versant.keene.maple.scada.s2     <-  [analog-temp/to/hw1.isone.me.versant.keene.maple.scada.s2/synced.readings]        SyncedReadings           
2026-09-28 12:58:35.129 ++Parentless.process_internal_message analog-temp/synced.readings
2026-09-28 12:58:35.130   OUT mqtt         analog-temp to s                                       ->  [gw/hw1-isone-me-versant-keene-maple-scada-s2/to/s/synced-readings]               SyncedReadings           
2026-09-28 12:58:35.131 --Parentless.process_internal_message  path:0x00000004
2026-09-28 12:58:35.132 --Proactor<s2>.process_message  path:0x00000401
2026-09-28 12:58:35.132 ----------------------------------------------------------------------------------------
2026-09-28 12:58:35.725 
2026-09-28 12:58:35.726 ++++++++++++++++++++++++++++++++++++++++++++++++++++++++++++++++++++++++++++++++++++++++
2026-09-28 12:58:35.727 ++Proactor<s2>.process_message  [analog-temp/synced.readings]
2026-09-28 12:58:35.727   IN  internal     analog-temp to hw1.isone.me.versant.keene.maple.scada.s2     <-  [analog-temp/to/hw1.isone.me.versant.keene.maple.scada.s2/synced.readings]        SyncedReadings           
2026-09-28 12:58:35.728 ++Parentless.process_internal_message analog-temp/synced.readings
2026-09-28 12:58:35.729   OUT mqtt         analog-temp to s                                       ->  [gw/hw1-isone-me-versant-keene-maple-scada-s2/to/s/synced-readings]               SyncedReadings           
2026-09-28 12:58:35.730 --Parentless.process_internal_message  path:0x00000004
2026-09-28 12:58:35.731 --Proactor<s2>.process_message  path:0x00000401
2026-09-28 12:58:35.731 ----------------------------------------------------------------------------------------
2026-09-28 12:58:35.926 
2026-09-28 12:58:35.927 ++++++++++++++++++++++++++++++++++++++++++++++++++++++++++++++++++++++++++++++++++++++++
2026-09-28 12:58:35.928 ++Proactor<s2>.process_message  [analog-temp/synced.readings]
2026-09-28 12:58:35.928   IN  internal     analog-temp to hw1.isone.me.versant.keene.maple.scada.s2     <-  [analog-temp/to/hw1.isone.me.versant.keene.maple.scada.s2/synced.readings]        SyncedReadings           
2026-09-28 12:58:35.929 ++Parentless.process_internal_message analog-temp/synced.readings
2026-09-28 12:58:35.930   OUT mqtt         analog-temp to s                                       ->  [gw/hw1-isone-me-versant-keene-maple-scada-s2/to/s/synced-readings]               SyncedReadings           
2026-09-28 12:58:35.931 --Parentless.process_internal_message  path:0x00000004
2026-09-28 12:58:35.932 --Proactor<s2>.process_message  path:0x00000401
2026-09-28 12:58:35.933 ----------------------------------------------------------------------------------------
2026-09-28 12:58:36.726 
2026-09-28 12:58:36.726 ++++++++++++++++++++++++++++++++++++++++++++++++++++++++++++++++++++++++++++++++++++++++
2026-09-28 12:58:36.727 ++Proactor<s2>.process_message  [analog-temp/synced.readings]
2026-09-28 12:58:36.728   IN  internal     analog-temp to hw1.isone.me.versant.keene.maple.scada.s2     <-  [analog-temp/to/hw1.isone.me.versant.keene.maple.scada.s2/synced.readings]        SyncedReadings           
2026-09-28 12:58:36.728 ++Parentless.process_internal_message analog-temp/synced.readings
2026-09-28 12:58:36.730   OUT mqtt         analog-temp to s                                       ->  [gw/hw1-isone-me-versant-keene-maple-scada-s2/to/s/synced-readings]               SyncedReadings           
2026-09-28 12:58:36.731 --Parentless.process_internal_message  path:0x00000004
2026-09-28 12:58:36.731 --Proactor<s2>.process_message  path:0x00000401
2026-09-28 12:58:36.732 ----------------------------------------------------------------------------------------
2026-09-28 12:58:36.925 
2026-09-28 12:58:36.926 ++++++++++++++++++++++++++++++++++++++++++++++++++++++++++++++++++++++++++++++++++++++++
2026-09-28 12:58:36.926 ++Proactor<s2>.process_message  [analog-temp/synced.readings]
2026-09-28 12:58:36.927   IN  internal     analog-temp to hw1.isone.me.versant.keene.maple.scada.s2     <-  [analog-temp/to/hw1.isone.me.versant.keene.maple.scada.s2/synced.readings]        SyncedReadings           
2026-09-28 12:58:36.928 ++Parentless.process_internal_message analog-temp/synced.readings
2026-09-28 12:58:36.929   OUT mqtt         analog-temp to s                                       ->  [gw/hw1-isone-me-versant-keene-maple-scada-s2/to/s/synced-readings]               SyncedReadings           
2026-09-28 12:58:36.930 --Parentless.process_internal_message  path:0x00000004
2026-09-28 12:58:36.931 --Proactor<s2>.process_message  path:0x00000401
2026-09-28 12:58:36.931 ----------------------------------------------------------------------------------------
2026-09-28 12:58:37.526 
2026-09-28 12:58:37.527 ++++++++++++++++++++++++++++++++++++++++++++++++++++++++++++++++++++++++++++++++++++++++
2026-09-28 12:58:37.527 ++Proactor<s2>.process_message  [analog-temp/synced.readings]
2026-09-28 12:58:37.528   IN  internal     analog-temp to hw1.isone.me.versant.keene.maple.scada.s2     <-  [analog-temp/to/hw1.isone.me.versant.keene.maple.scada.s2/synced.readings]        SyncedReadings           
2026-09-28 12:58:37.529 ++Parentless.process_internal_message analog-temp/synced.readings
2026-09-28 12:58:37.530   OUT mqtt         analog-temp to s                                       ->  [gw/hw1-isone-me-versant-keene-maple-scada-s2/to/s/synced-readings]               SyncedReadings           
2026-09-28 12:58:37.531 --Parentless.process_internal_message  path:0x00000004
2026-09-28 12:58:37.532 --Proactor<s2>.process_message  path:0x00000401
2026-09-28 12:58:37.532 ----------------------------------------------------------------------------------------
2026-09-28 12:58:38.128 
2026-09-28 12:58:38.128 ++++++++++++++++++++++++++++++++++++++++++++++++++++++++++++++++++++++++++++++++++++++++
2026-09-28 12:58:38.129 ++Proactor<s2>.process_message  [analog-temp/synced.readings]
2026-09-28 12:58:38.130   IN  internal     analog-temp to hw1.isone.me.versant.keene.maple.scada.s2     <-  [analog-temp/to/hw1.isone.me.versant.keene.maple.scada.s2/synced.readings]        SyncedReadings           
2026-09-28 12:58:38.130 ++Parentless.process_internal_message analog-temp/synced.readings
2026-09-28 12:58:38.132   OUT mqtt         analog-temp to s                                       ->  [gw/hw1-isone-me-versant-keene-maple-scada-s2/to/s/synced-readings]               SyncedReadings           
2026-09-28 12:58:38.133 --Parentless.process_internal_message  path:0x00000004
2026-09-28 12:58:38.134 --Proactor<s2>.process_message  path:0x00000401
2026-09-28 12:58:38.134 ----------------------------------------------------------------------------------------
2026-09-28 12:58:38.521 
2026-09-28 12:58:38.522 ++++++++++++++++++++++++++++++++++++++++++++++++++++++++++++++++++++++++++++++++++++++++
2026-09-28 12:58:38.522 ++Proactor<s2>.process_message  [analog-temp/synced.readings]
2026-09-28 12:58:38.522   IN  internal     analog-temp to hw1.isone.me.versant.keene.maple.scada.s2     <-  [analog-temp/to/hw1.isone.me.versant.keene.maple.scada.s2/synced.readings]        SyncedReadings           
2026-09-28 12:58:38.523 ++Parentless.process_internal_message analog-temp/synced.readings
2026-09-28 12:58:38.524   OUT mqtt         analog-temp to s                                       ->  [gw/hw1-isone-me-versant-keene-maple-scada-s2/to/s/synced-readings]               SyncedReadings           
2026-09-28 12:58:38.525 --Parentless.process_internal_message  path:0x00000004
2026-09-28 12:58:38.525 --Proactor<s2>.process_message  path:0x00000401
2026-09-28 12:58:38.525 ----------------------------------------------------------------------------------------
2026-09-28 12:58:38.727 
2026-09-28 12:58:38.728 ++++++++++++++++++++++++++++++++++++++++++++++++++++++++++++++++++++++++++++++++++++++++
2026-09-28 12:58:38.728 ++Proactor<s2>.process_message  [analog-temp/synced.readings]
2026-09-28 12:58:38.729   IN  internal     analog-temp to hw1.isone.me.versant.keene.maple.scada.s2     <-  [analog-temp/to/hw1.isone.me.versant.keene.maple.scada.s2/synced.readings]        SyncedReadings           
2026-09-28 12:58:38.729 ++Parentless.process_internal_message analog-temp/synced.readings
2026-09-28 12:58:38.731   OUT mqtt         analog-temp to s                                       ->  [gw/hw1-isone-me-versant-keene-maple-scada-s2/to/s/synced-readings]               SyncedReadings           
2026-09-28 12:58:38.732 --Parentless.process_internal_message  path:0x00000004
2026-09-28 12:58:38.732 --Proactor<s2>.process_message  path:0x00000401
2026-09-28 12:58:38.733 ----------------------------------------------------------------------------------------
2026-09-28 12:58:39.121 
2026-09-28 12:58:39.121 ++++++++++++++++++++++++++++++++++++++++++++++++++++++++++++++++++++++++++++++++++++++++
2026-09-28 12:58:39.121 ++Proactor<s2>.process_message  [analog-temp/synced.readings]
2026-09-28 12:58:39.121   IN  internal     analog-temp to hw1.isone.me.versant.keene.maple.scada.s2     <-  [analog-temp/to/hw1.isone.me.versant.keene.maple.scada.s2/synced.readings]        SyncedReadings           
2026-09-28 12:58:39.122 ++Parentless.process_internal_message analog-temp/synced.readings
2026-09-28 12:58:39.122   OUT mqtt         analog-temp to s                                       ->  [gw/hw1-isone-me-versant-keene-maple-scada-s2/to/s/synced-readings]               SyncedReadings           
2026-09-28 12:58:39.123 --Parentless.process_internal_message  path:0x00000004
2026-09-28 12:58:39.123 --Proactor<s2>.process_message  path:0x00000401
2026-09-28 12:58:39.123 ----------------------------------------------------------------------------------------
2026-09-28 12:58:39.511 
2026-09-28 12:58:39.511 ++++++++++++++++++++++++++++++++++++++++++++++++++++++++++++++++++++++++++++++++++++++++
2026-09-28 12:58:39.511 ++Proactor<s2>.process_message  [analog-temp/synced.readings]
2026-09-28 12:58:39.511   IN  internal     analog-temp to hw1.isone.me.versant.keene.maple.scada.s2     <-  [analog-temp/to/hw1.isone.me.versant.keene.maple.scada.s2/synced.readings]        SyncedReadings           
2026-09-28 12:58:39.512 ++Parentless.process_internal_message analog-temp/synced.readings
2026-09-28 12:58:39.512   OUT mqtt         analog-temp to s                                       ->  [gw/hw1-isone-me-versant-keene-maple-scada-s2/to/s/synced-readings]               SyncedReadings           
2026-09-28 12:58:39.513 --Parentless.process_internal_message  path:0x00000004
2026-09-28 12:58:39.513 --Proactor<s2>.process_message  path:0x00000401
2026-09-28 12:58:39.513 ----------------------------------------------------------------------------------------
2026-09-28 12:58:40.111 
2026-09-28 12:58:40.111 ++++++++++++++++++++++++++++++++++++++++++++++++++++++++++++++++++++++++++++++++++++++++
2026-09-28 12:58:40.111 ++Proactor<s2>.process_message  [analog-temp/synced.readings]
2026-09-28 12:58:40.111   IN  internal     analog-temp to hw1.isone.me.versant.keene.maple.scada.s2     <-  [analog-temp/to/hw1.isone.me.versant.keene.maple.scada.s2/synced.readings]        SyncedReadings           
2026-09-28 12:58:40.112 ++Parentless.process_internal_message analog-temp/synced.readings
2026-09-28 12:58:40.112   OUT mqtt         analog-temp to s                                       ->  [gw/hw1-isone-me-versant-keene-maple-scada-s2/to/s/synced-readings]               SyncedReadings           
2026-09-28 12:58:40.113 --Parentless.process_internal_message  path:0x00000004
2026-09-28 12:58:40.113 --Proactor<s2>.process_message  path:0x00000401
2026-09-28 12:58:40.113 ----------------------------------------------------------------------------------------
2026-09-28 12:58:40.512 
2026-09-28 12:58:40.516 ++++++++++++++++++++++++++++++++++++++++++++++++++++++++++++++++++++++++++++++++++++++++
2026-09-28 12:58:40.516 ++Proactor<s2>.process_message  [analog-temp/synced.readings]
2026-09-28 12:58:40.516   IN  internal     analog-temp to hw1.isone.me.versant.keene.maple.scada.s2     <-  [analog-temp/to/hw1.isone.me.versant.keene.maple.scada.s2/synced.readings]        SyncedReadings           
2026-09-28 12:58:40.517 ++Parentless.process_internal_message analog-temp/synced.readings
2026-09-28 12:58:40.517   OUT mqtt         analog-temp to s                                       ->  [gw/hw1-isone-me-versant-keene-maple-scada-s2/to/s/synced-readings]               SyncedReadings           
2026-09-28 12:58:40.518 --Parentless.process_internal_message  path:0x00000004
2026-09-28 12:58:40.518 --Proactor<s2>.process_message  path:0x00000401
2026-09-28 12:58:40.518 ----------------------------------------------------------------------------------------
2026-09-28 12:58:41.112 
2026-09-28 12:58:41.113 ++++++++++++++++++++++++++++++++++++++++++++++++++++++++++++++++++++++++++++++++++++++++
2026-09-28 12:58:41.113 ++Proactor<s2>.process_message  [analog-temp/synced.readings]
2026-09-28 12:58:41.113   IN  internal     analog-temp to hw1.isone.me.versant.keene.maple.scada.s2     <-  [analog-temp/to/hw1.isone.me.versant.keene.maple.scada.s2/synced.readings]        SyncedReadings           
2026-09-28 12:58:41.113 ++Parentless.process_internal_message analog-temp/synced.readings
2026-09-28 12:58:41.114   OUT mqtt         analog-temp to s                                       ->  [gw/hw1-isone-me-versant-keene-maple-scada-s2/to/s/synced-readings]               SyncedReadings           
2026-09-28 12:58:41.114 --Parentless.process_internal_message  path:0x00000004
2026-09-28 12:58:41.115 --Proactor<s2>.process_message  path:0x00000401
2026-09-28 12:58:41.115 ----------------------------------------------------------------------------------------
2026-09-28 12:58:41.712 
2026-09-28 12:58:41.712 ++++++++++++++++++++++++++++++++++++++++++++++++++++++++++++++++++++++++++++++++++++++++
2026-09-28 12:58:41.712 ++Proactor<s2>.process_message  [analog-temp/synced.readings]
2026-09-28 12:58:41.712   IN  internal     analog-temp to hw1.isone.me.versant.keene.maple.scada.s2     <-  [analog-temp/to/hw1.isone.me.versant.keene.maple.scada.s2/synced.readings]        SyncedReadings           
2026-09-28 12:58:41.713 ++Parentless.process_internal_message analog-temp/synced.readings
2026-09-28 12:58:41.713   OUT mqtt         analog-temp to s                                       ->  [gw/hw1-isone-me-versant-keene-maple-scada-s2/to/s/synced-readings]               SyncedReadings           
2026-09-28 12:58:41.714 --Parentless.process_internal_message  path:0x00000004
2026-09-28 12:58:41.714 --Proactor<s2>.process_message  path:0x00000401
2026-09-28 12:58:41.714 ----------------------------------------------------------------------------------------
2026-09-28 12:58:42.112 
2026-09-28 12:58:42.112 ++++++++++++++++++++++++++++++++++++++++++++++++++++++++++++++++++++++++++++++++++++++++
2026-09-28 12:58:42.112 ++Proactor<s2>.process_message  [analog-temp/synced.readings]
2026-09-28 12:58:42.112   IN  internal     analog-temp to hw1.isone.me.versant.keene.maple.scada.s2     <-  [analog-temp/to/hw1.isone.me.versant.keene.maple.scada.s2/synced.readings]        SyncedReadings           
2026-09-28 12:58:42.113 ++Parentless.process_internal_message analog-temp/synced.readings
2026-09-28 12:58:42.113   OUT mqtt         analog-temp to s                                       ->  [gw/hw1-isone-me-versant-keene-maple-scada-s2/to/s/synced-readings]               SyncedReadings           
2026-09-28 12:58:42.114 --Parentless.process_internal_message  path:0x00000004
2026-09-28 12:58:42.114 --Proactor<s2>.process_message  path:0x00000401
2026-09-28 12:58:42.114 ----------------------------------------------------------------------------------------
2026-09-28 12:58:42.712 
2026-09-28 12:58:42.712 ++++++++++++++++++++++++++++++++++++++++++++++++++++++++++++++++++++++++++++++++++++++++
2026-09-28 12:58:42.712 ++Proactor<s2>.process_message  [analog-temp/synced.readings]
2026-09-28 12:58:42.712   IN  internal     analog-temp to hw1.isone.me.versant.keene.maple.scada.s2     <-  [analog-temp/to/hw1.isone.me.versant.keene.maple.scada.s2/synced.readings]        SyncedReadings           
2026-09-28 12:58:42.713 ++Parentless.process_internal_message analog-temp/synced.readings
2026-09-28 12:58:42.713   OUT mqtt         analog-temp to s                                       ->  [gw/hw1-isone-me-versant-keene-maple-scada-s2/to/s/synced-readings]               SyncedReadings           
2026-09-28 12:58:42.714 --Parentless.process_internal_message  path:0x00000004
2026-09-28 12:58:42.714 --Proactor<s2>.process_message  path:0x00000401
2026-09-28 12:58:42.714 ----------------------------------------------------------------------------------------
2026-09-28 12:58:43.113 
2026-09-28 12:58:43.113 ++++++++++++++++++++++++++++++++++++++++++++++++++++++++++++++++++++++++++++++++++++++++
2026-09-28 12:58:43.113 ++Proactor<s2>.process_message  [analog-temp/synced.readings]
2026-09-28 12:58:43.113   IN  internal     analog-temp to hw1.isone.me.versant.keene.maple.scada.s2     <-  [analog-temp/to/hw1.isone.me.versant.keene.maple.scada.s2/synced.readings]        SyncedReadings           
2026-09-28 12:58:43.114 ++Parentless.process_internal_message analog-temp/synced.readings
2026-09-28 12:58:43.114   OUT mqtt         analog-temp to s                                       ->  [gw/hw1-isone-me-versant-keene-maple-scada-s2/to/s/synced-readings]               SyncedReadings           
2026-09-28 12:58:43.115 --Parentless.process_internal_message  path:0x00000004
2026-09-28 12:58:43.115 --Proactor<s2>.process_message  path:0x00000401
2026-09-28 12:58:43.115 ----------------------------------------------------------------------------------------
2026-09-28 12:58:44.121 
2026-09-28 12:58:44.122 ++++++++++++++++++++++++++++++++++++++++++++++++++++++++++++++++++++++++++++++++++++++++
2026-09-28 12:58:44.122 ++Proactor<s2>.process_message  [analog-temp/synced.readings]
2026-09-28 12:58:44.123   IN  internal     analog-temp to hw1.isone.me.versant.keene.maple.scada.s2     <-  [analog-temp/to/hw1.isone.me.versant.keene.maple.scada.s2/synced.readings]        SyncedReadings           
2026-09-28 12:58:44.124 ++Parentless.process_internal_message analog-temp/synced.readings
2026-09-28 12:58:44.125   OUT mqtt         analog-temp to s                                       ->  [gw/hw1-isone-me-versant-keene-maple-scada-s2/to/s/synced-readings]               SyncedReadings           
2026-09-28 12:58:44.126 --Parentless.process_internal_message  path:0x00000004
2026-09-28 12:58:44.127 --Proactor<s2>.process_message  path:0x00000401
2026-09-28 12:58:44.127 ----------------------------------------------------------------------------------------
2026-09-28 12:58:44.728 
2026-09-28 12:58:44.729 ++++++++++++++++++++++++++++++++++++++++++++++++++++++++++++++++++++++++++++++++++++++++
2026-09-28 12:58:44.729 ++Proactor<s2>.process_message  [analog-temp/synced.readings]
2026-09-28 12:58:44.730   IN  internal     analog-temp to hw1.isone.me.versant.keene.maple.scada.s2     <-  [analog-temp/to/hw1.isone.me.versant.keene.maple.scada.s2/synced.readings]        SyncedReadings           
2026-09-28 12:58:44.730 ++Parentless.process_internal_message analog-temp/synced.readings
2026-09-28 12:58:44.732   OUT mqtt         analog-temp to s                                       ->  [gw/hw1-isone-me-versant-keene-maple-scada-s2/to/s/synced-readings]               SyncedReadings           
2026-09-28 12:58:44.733 --Parentless.process_internal_message  path:0x00000004
2026-09-28 12:58:44.733 --Proactor<s2>.process_message  path:0x00000401
2026-09-28 12:58:44.734 ----------------------------------------------------------------------------------------
2026-09-28 12:58:44.929 
2026-09-28 12:58:44.929 ++++++++++++++++++++++++++++++++++++++++++++++++++++++++++++++++++++++++++++++++++++++++
2026-09-28 12:58:44.930 ++Proactor<s2>.process_message  [analog-temp/synced.readings]
2026-09-28 12:58:44.930   IN  internal     analog-temp to hw1.isone.me.versant.keene.maple.scada.s2     <-  [analog-temp/to/hw1.isone.me.versant.keene.maple.scada.s2/synced.readings]        SyncedReadings           
2026-09-28 12:58:44.931 ++Parentless.process_internal_message analog-temp/synced.readings
2026-09-28 12:58:44.932   OUT mqtt         analog-temp to s                                       ->  [gw/hw1-isone-me-versant-keene-maple-scada-s2/to/s/synced-readings]               SyncedReadings           
2026-09-28 12:58:44.933 --Parentless.process_internal_message  path:0x00000004
2026-09-28 12:58:44.934 --Proactor<s2>.process_message  path:0x00000401
2026-09-28 12:58:44.934 ----------------------------------------------------------------------------------------
2026-09-28 12:58:45.129 
2026-09-28 12:58:45.130 ++++++++++++++++++++++++++++++++++++++++++++++++++++++++++++++++++++++++++++++++++++++++
2026-09-28 12:58:45.130 ++Proactor<s2>.process_message  [analog-temp/synced.readings]
2026-09-28 12:58:45.130   IN  internal     analog-temp to hw1.isone.me.versant.keene.maple.scada.s2     <-  [analog-temp/to/hw1.isone.me.versant.keene.maple.scada.s2/synced.readings]        SyncedReadings           
2026-09-28 12:58:45.131 ++Parentless.process_internal_message analog-temp/synced.readings
2026-09-28 12:58:45.132   OUT mqtt         analog-temp to s                                       ->  [gw/hw1-isone-me-versant-keene-maple-scada-s2/to/s/synced-readings]               SyncedReadings           
2026-09-28 12:58:45.133 --Parentless.process_internal_message  path:0x00000004
2026-09-28 12:58:45.134 --Proactor<s2>.process_message  path:0x00000401
2026-09-28 12:58:45.134 ----------------------------------------------------------------------------------------
2026-09-28 12:58:45.329 
2026-09-28 12:58:45.330 ++++++++++++++++++++++++++++++++++++++++++++++++++++++++++++++++++++++++++++++++++++++++
2026-09-28 12:58:45.330 ++Proactor<s2>.process_message  [analog-temp/synced.readings]
2026-09-28 12:58:45.331   IN  internal     analog-temp to hw1.isone.me.versant.keene.maple.scada.s2     <-  [analog-temp/to/hw1.isone.me.versant.keene.maple.scada.s2/synced.readings]        SyncedReadings           
2026-09-28 12:58:45.331 ++Parentless.process_internal_message analog-temp/synced.readings
2026-09-28 12:58:45.333   OUT mqtt         analog-temp to s                                       ->  [gw/hw1-isone-me-versant-keene-maple-scada-s2/to/s/synced-readings]               SyncedReadings           
2026-09-28 12:58:45.333 --Parentless.process_internal_message  path:0x00000004
2026-09-28 12:58:45.334 --Proactor<s2>.process_message  path:0x00000401
2026-09-28 12:58:45.334 ----------------------------------------------------------------------------------------
2026-09-28 12:58:45.731 
2026-09-28 12:58:45.735 ++++++++++++++++++++++++++++++++++++++++++++++++++++++++++++++++++++++++++++++++++++++++
2026-09-28 12:58:45.735 ++Proactor<s2>.process_message  [analog-temp/synced.readings]
2026-09-28 12:58:45.736   IN  internal     analog-temp to hw1.isone.me.versant.keene.maple.scada.s2     <-  [analog-temp/to/hw1.isone.me.versant.keene.maple.scada.s2/synced.readings]        SyncedReadings           
2026-09-28 12:58:45.736 ++Parentless.process_internal_message analog-temp/synced.readings
2026-09-28 12:58:45.737   OUT mqtt         analog-temp to s                                       ->  [gw/hw1-isone-me-versant-keene-maple-scada-s2/to/s/synced-readings]               SyncedReadings           
2026-09-28 12:58:45.738 --Parentless.process_internal_message  path:0x00000004
2026-09-28 12:58:45.739 --Proactor<s2>.process_message  path:0x00000401
2026-09-28 12:58:45.739 ----------------------------------------------------------------------------------------
2026-09-28 12:58:46.130 
2026-09-28 12:58:46.131 ++++++++++++++++++++++++++++++++++++++++++++++++++++++++++++++++++++++++++++++++++++++++
2026-09-28 12:58:46.132 ++Proactor<s2>.process_message  [analog-temp/synced.readings]
2026-09-28 12:58:46.132   IN  internal     analog-temp to hw1.isone.me.versant.keene.maple.scada.s2     <-  [analog-temp/to/hw1.isone.me.versant.keene.maple.scada.s2/synced.readings]        SyncedReadings           
2026-09-28 12:58:46.133 ++Parentless.process_internal_message analog-temp/synced.readings
2026-09-28 12:58:46.134   OUT mqtt         analog-temp to s                                       ->  [gw/hw1-isone-me-versant-keene-maple-scada-s2/to/s/synced-readings]               SyncedReadings           
2026-09-28 12:58:46.135 --Parentless.process_internal_message  path:0x00000004
2026-09-28 12:58:46.136 --Proactor<s2>.process_message  path:0x00000401
2026-09-28 12:58:46.137 ----------------------------------------------------------------------------------------
2026-09-28 12:58:46.531 
2026-09-28 12:58:46.531 ++++++++++++++++++++++++++++++++++++++++++++++++++++++++++++++++++++++++++++++++++++++++
2026-09-28 12:58:46.532 ++Proactor<s2>.process_message  [analog-temp/synced.readings]
2026-09-28 12:58:46.532   IN  internal     analog-temp to hw1.isone.me.versant.keene.maple.scada.s2     <-  [analog-temp/to/hw1.isone.me.versant.keene.maple.scada.s2/synced.readings]        SyncedReadings           
2026-09-28 12:58:46.533 ++Parentless.process_internal_message analog-temp/synced.readings
2026-09-28 12:58:46.534   OUT mqtt         analog-temp to s                                       ->  [gw/hw1-isone-me-versant-keene-maple-scada-s2/to/s/synced-readings]               SyncedReadings           
2026-09-28 12:58:46.535 --Parentless.process_internal_message  path:0x00000004
2026-09-28 12:58:46.536 --Proactor<s2>.process_message  path:0x00000401
2026-09-28 12:58:46.537 ----------------------------------------------------------------------------------------
2026-09-28 12:58:46.931 
2026-09-28 12:58:46.931 ++++++++++++++++++++++++++++++++++++++++++++++++++++++++++++++++++++++++++++++++++++++++
2026-09-28 12:58:46.932 ++Proactor<s2>.process_message  [analog-temp/synced.readings]
2026-09-28 12:58:46.933   IN  internal     analog-temp to hw1.isone.me.versant.keene.maple.scada.s2     <-  [analog-temp/to/hw1.isone.me.versant.keene.maple.scada.s2/synced.readings]        SyncedReadings           
2026-09-28 12:58:46.933 ++Parentless.process_internal_message analog-temp/synced.readings
2026-09-28 12:58:46.935   OUT mqtt         analog-temp to s                                       ->  [gw/hw1-isone-me-versant-keene-maple-scada-s2/to/s/synced-readings]               SyncedReadings           
2026-09-28 12:58:46.936 --Parentless.process_internal_message  path:0x00000004
2026-09-28 12:58:46.936 --Proactor<s2>.process_message  path:0x00000401
2026-09-28 12:58:46.937 ----------------------------------------------------------------------------------------
2026-09-28 12:58:47.130 
2026-09-28 12:58:47.131 ++++++++++++++++++++++++++++++++++++++++++++++++++++++++++++++++++++++++++++++++++++++++
2026-09-28 12:58:47.131 ++Proactor<s2>.process_message  [analog-temp/synced.readings]
2026-09-28 12:58:47.132   IN  internal     analog-temp to hw1.isone.me.versant.keene.maple.scada.s2     <-  [analog-temp/to/hw1.isone.me.versant.keene.maple.scada.s2/synced.readings]        SyncedReadings           
2026-09-28 12:58:47.133 ++Parentless.process_internal_message analog-temp/synced.readings
2026-09-28 12:58:47.134   OUT mqtt         analog-temp to s                                       ->  [gw/hw1-isone-me-versant-keene-maple-scada-s2/to/s/synced-readings]               SyncedReadings           
2026-09-28 12:58:47.135 --Parentless.process_internal_message  path:0x00000004
2026-09-28 12:58:47.135 --Proactor<s2>.process_message  path:0x00000401
2026-09-28 12:58:47.136 ----------------------------------------------------------------------------------------
2026-09-28 12:58:47.331 
2026-09-28 12:58:47.332 ++++++++++++++++++++++++++++++++++++++++++++++++++++++++++++++++++++++++++++++++++++++++
2026-09-28 12:58:47.332 ++Proactor<s2>.process_message  [analog-temp/synced.readings]
2026-09-28 12:58:47.333   IN  internal     analog-temp to hw1.isone.me.versant.keene.maple.scada.s2     <-  [analog-temp/to/hw1.isone.me.versant.keene.maple.scada.s2/synced.readings]        SyncedReadings           
2026-09-28 12:58:47.333 ++Parentless.process_internal_message analog-temp/synced.readings
2026-09-28 12:58:47.335   OUT mqtt         analog-temp to s                                       ->  [gw/hw1-isone-me-versant-keene-maple-scada-s2/to/s/synced-readings]               SyncedReadings           
2026-09-28 12:58:47.336 --Parentless.process_internal_message  path:0x00000004
2026-09-28 12:58:47.336 --Proactor<s2>.process_message  path:0x00000401
2026-09-28 12:58:47.337 ----------------------------------------------------------------------------------------
2026-09-28 12:58:47.531 
2026-09-28 12:58:47.532 ++++++++++++++++++++++++++++++++++++++++++++++++++++++++++++++++++++++++++++++++++++++++
2026-09-28 12:58:47.532 ++Proactor<s2>.process_message  [analog-temp/synced.readings]
2026-09-28 12:58:47.533   IN  internal     analog-temp to hw1.isone.me.versant.keene.maple.scada.s2     <-  [analog-temp/to/hw1.isone.me.versant.keene.maple.scada.s2/synced.readings]        SyncedReadings           
2026-09-28 12:58:47.534 ++Parentless.process_internal_message analog-temp/synced.readings
2026-09-28 12:58:47.535   OUT mqtt         analog-temp to s                                       ->  [gw/hw1-isone-me-versant-keene-maple-scada-s2/to/s/synced-readings]               SyncedReadings           
2026-09-28 12:58:47.536 --Parentless.process_internal_message  path:0x00000004
2026-09-28 12:58:47.537 --Proactor<s2>.process_message  path:0x00000401
2026-09-28 12:58:47.537 ----------------------------------------------------------------------------------------
2026-09-28 12:58:47.731 
2026-09-28 12:58:47.731 ++++++++++++++++++++++++++++++++++++++++++++++++++++++++++++++++++++++++++++++++++++++++
2026-09-28 12:58:47.732 ++Proactor<s2>.process_message  [analog-temp/synced.readings]
2026-09-28 12:58:47.732   IN  internal     analog-temp to hw1.isone.me.versant.keene.maple.scada.s2     <-  [analog-temp/to/hw1.isone.me.versant.keene.maple.scada.s2/synced.readings]        SyncedReadings           
2026-09-28 12:58:47.733 ++Parentless.process_internal_message analog-temp/synced.readings
2026-09-28 12:58:47.734   OUT mqtt         analog-temp to s                                       ->  [gw/hw1-isone-me-versant-keene-maple-scada-s2/to/s/synced-readings]               SyncedReadings           
2026-09-28 12:58:47.735 --Parentless.process_internal_message  path:0x00000004
2026-09-28 12:58:47.735 --Proactor<s2>.process_message  path:0x00000401
2026-09-28 12:58:47.736 ----------------------------------------------------------------------------------------
2026-09-28 12:58:48.132 
2026-09-28 12:58:48.133 ++++++++++++++++++++++++++++++++++++++++++++++++++++++++++++++++++++++++++++++++++++++++
2026-09-28 12:58:48.133 ++Proactor<s2>.process_message  [analog-temp/synced.readings]
2026-09-28 12:58:48.134   IN  internal     analog-temp to hw1.isone.me.versant.keene.maple.scada.s2     <-  [analog-temp/to/hw1.isone.me.versant.keene.maple.scada.s2/synced.readings]        SyncedReadings           
2026-09-28 12:58:48.135 ++Parentless.process_internal_message analog-temp/synced.readings
2026-09-28 12:58:48.136   OUT mqtt         analog-temp to s                                       ->  [gw/hw1-isone-me-versant-keene-maple-scada-s2/to/s/synced-readings]               SyncedReadings           
2026-09-28 12:58:48.137 --Parentless.process_internal_message  path:0x00000004
2026-09-28 12:58:48.138 --Proactor<s2>.process_message  path:0x00000401
2026-09-28 12:58:48.138 ----------------------------------------------------------------------------------------
2026-09-28 12:58:48.531 
2026-09-28 12:58:48.532 ++++++++++++++++++++++++++++++++++++++++++++++++++++++++++++++++++++++++++++++++++++++++
2026-09-28 12:58:48.532 ++Proactor<s2>.process_message  [analog-temp/synced.readings]
2026-09-28 12:58:48.533   IN  internal     analog-temp to hw1.isone.me.versant.keene.maple.scada.s2     <-  [analog-temp/to/hw1.isone.me.versant.keene.maple.scada.s2/synced.readings]        SyncedReadings           
2026-09-28 12:58:48.533 ++Parentless.process_internal_message analog-temp/synced.readings
2026-09-28 12:58:48.535   OUT mqtt         analog-temp to s                                       ->  [gw/hw1-isone-me-versant-keene-maple-scada-s2/to/s/synced-readings]               SyncedReadings           
2026-09-28 12:58:48.536 --Parentless.process_internal_message  path:0x00000004
2026-09-28 12:58:48.536 --Proactor<s2>.process_message  path:0x00000401
2026-09-28 12:58:48.537 ----------------------------------------------------------------------------------------
2026-09-28 12:58:48.931 
2026-09-28 12:58:48.932 ++++++++++++++++++++++++++++++++++++++++++++++++++++++++++++++++++++++++++++++++++++++++
2026-09-28 12:58:48.932 ++Proactor<s2>.process_message  [analog-temp/synced.readings]
2026-09-28 12:58:48.933   IN  internal     analog-temp to hw1.isone.me.versant.keene.maple.scada.s2     <-  [analog-temp/to/hw1.isone.me.versant.keene.maple.scada.s2/synced.readings]        SyncedReadings           
2026-09-28 12:58:48.933 ++Parentless.process_internal_message analog-temp/synced.readings
2026-09-28 12:58:48.934   OUT mqtt         analog-temp to s                                       ->  [gw/hw1-isone-me-versant-keene-maple-scada-s2/to/s/synced-readings]               SyncedReadings           
2026-09-28 12:58:48.935 --Parentless.process_internal_message  path:0x00000004
2026-09-28 12:58:48.936 --Proactor<s2>.process_message  path:0x00000401
2026-09-28 12:58:48.936 ----------------------------------------------------------------------------------------
2026-09-28 12:58:49.132 
2026-09-28 12:58:49.132 ++++++++++++++++++++++++++++++++++++++++++++++++++++++++++++++++++++++++++++++++++++++++
2026-09-28 12:58:49.133 ++Proactor<s2>.process_message  [analog-temp/synced.readings]
2026-09-28 12:58:49.133   IN  internal     analog-temp to hw1.isone.me.versant.keene.maple.scada.s2     <-  [analog-temp/to/hw1.isone.me.versant.keene.maple.scada.s2/synced.readings]        SyncedReadings           
2026-09-28 12:58:49.134 ++Parentless.process_internal_message analog-temp/synced.readings
2026-09-28 12:58:49.135   OUT mqtt         analog-temp to s                                       ->  [gw/hw1-isone-me-versant-keene-maple-scada-s2/to/s/synced-readings]               SyncedReadings           
2026-09-28 12:58:49.136 --Parentless.process_internal_message  path:0x00000004
2026-09-28 12:58:49.137 --Proactor<s2>.process_message  path:0x00000401
2026-09-28 12:58:49.137 ----------------------------------------------------------------------------------------
2026-09-28 12:58:49.533 
2026-09-28 12:58:49.533 ++++++++++++++++++++++++++++++++++++++++++++++++++++++++++++++++++++++++++++++++++++++++
2026-09-28 12:58:49.534 ++Proactor<s2>.process_message  [analog-temp/synced.readings]
2026-09-28 12:58:49.534   IN  internal     analog-temp to hw1.isone.me.versant.keene.maple.scada.s2     <-  [analog-temp/to/hw1.isone.me.versant.keene.maple.scada.s2/synced.readings]        SyncedReadings           
2026-09-28 12:58:49.535 ++Parentless.process_internal_message analog-temp/synced.readings
2026-09-28 12:58:49.536   OUT mqtt         analog-temp to s                                       ->  [gw/hw1-isone-me-versant-keene-maple-scada-s2/to/s/synced-readings]               SyncedReadings           
2026-09-28 12:58:49.537 --Parentless.process_internal_message  path:0x00000004
2026-09-28 12:58:49.538 --Proactor<s2>.process_message  path:0x00000401
2026-09-28 12:58:49.538 ----------------------------------------------------------------------------------------
2026-09-28 12:58:50.132 
2026-09-28 12:58:50.132 ++++++++++++++++++++++++++++++++++++++++++++++++++++++++++++++++++++++++++++++++++++++++
2026-09-28 12:58:50.133 ++Proactor<s2>.process_message  [analog-temp/synced.readings]
2026-09-28 12:58:50.133   IN  internal     analog-temp to hw1.isone.me.versant.keene.maple.scada.s2     <-  [analog-temp/to/hw1.isone.me.versant.keene.maple.scada.s2/synced.readings]        SyncedReadings           
2026-09-28 12:58:50.134 ++Parentless.process_internal_message analog-temp/synced.readings
2026-09-28 12:58:50.135   OUT mqtt         analog-temp to s                                       ->  [gw/hw1-isone-me-versant-keene-maple-scada-s2/to/s/synced-readings]               SyncedReadings           
2026-09-28 12:58:50.136 --Parentless.process_internal_message  path:0x00000004
2026-09-28 12:58:50.136 --Proactor<s2>.process_message  path:0x00000401
2026-09-28 12:58:50.137 ----------------------------------------------------------------------------------------
2026-09-28 12:58:50.734 
2026-09-28 12:58:50.737 ++++++++++++++++++++++++++++++++++++++++++++++++++++++++++++++++++++++++++++++++++++++++
2026-09-28 12:58:50.737 ++Proactor<s2>.process_message  [analog-temp/synced.readings]
2026-09-28 12:58:50.738   IN  internal     analog-temp to hw1.isone.me.versant.keene.maple.scada.s2     <-  [analog-temp/to/hw1.isone.me.versant.keene.maple.scada.s2/synced.readings]        SyncedReadings           
2026-09-28 12:58:50.739 ++Parentless.process_internal_message analog-temp/synced.readings
2026-09-28 12:58:50.740   OUT mqtt         analog-temp to s                                       ->  [gw/hw1-isone-me-versant-keene-maple-scada-s2/to/s/synced-readings]               SyncedReadings           
2026-09-28 12:58:50.741 --Parentless.process_internal_message  path:0x00000004
2026-09-28 12:58:50.742 --Proactor<s2>.process_message  path:0x00000401
2026-09-28 12:58:50.742 ----------------------------------------------------------------------------------------
2026-09-28 12:58:51.136 
2026-09-28 12:58:51.137 ++++++++++++++++++++++++++++++++++++++++++++++++++++++++++++++++++++++++++++++++++++++++
2026-09-28 12:58:51.138 ++Proactor<s2>.process_message  [analog-temp/synced.readings]
2026-09-28 12:58:51.139   IN  internal     analog-temp to hw1.isone.me.versant.keene.maple.scada.s2     <-  [analog-temp/to/hw1.isone.me.versant.keene.maple.scada.s2/synced.readings]        SyncedReadings           
2026-09-28 12:58:51.139 ++Parentless.process_internal_message analog-temp/synced.readings
2026-09-28 12:58:51.141   OUT mqtt         analog-temp to s                                       ->  [gw/hw1-isone-me-versant-keene-maple-scada-s2/to/s/synced-readings]               SyncedReadings           
2026-09-28 12:58:51.142 --Parentless.process_internal_message  path:0x00000004
2026-09-28 12:58:51.143 --Proactor<s2>.process_message  path:0x00000401
2026-09-28 12:58:51.144 ----------------------------------------------------------------------------------------
2026-09-28 12:58:51.319 
2026-09-28 12:58:51.320 ++++++++++++++++++++++++++++++++++++++++++++++++++++++++++++++++++++++++++++++++++++++++
2026-09-28 12:58:51.320 ++Proactor<s2>.process_message  [analog-temp/synced.readings]
2026-09-28 12:58:51.320   IN  internal     analog-temp to hw1.isone.me.versant.keene.maple.scada.s2     <-  [analog-temp/to/hw1.isone.me.versant.keene.maple.scada.s2/synced.readings]        SyncedReadings           
2026-09-28 12:58:51.320 ++Parentless.process_internal_message analog-temp/synced.readings
2026-09-28 12:58:51.321   OUT mqtt         analog-temp to s                                       ->  [gw/hw1-isone-me-versant-keene-maple-scada-s2/to/s/synced-readings]               SyncedReadings           
2026-09-28 12:58:51.322 --Parentless.process_internal_message  path:0x00000004
2026-09-28 12:58:51.322 --Proactor<s2>.process_message  path:0x00000401
2026-09-28 12:58:51.322 ----------------------------------------------------------------------------------------
2026-09-28 12:58:51.518 
2026-09-28 12:58:51.518 ++++++++++++++++++++++++++++++++++++++++++++++++++++++++++++++++++++++++++++++++++++++++
2026-09-28 12:58:51.518 ++Proactor<s2>.process_message  [analog-temp/synced.readings]
2026-09-28 12:58:51.519   IN  internal     analog-temp to hw1.isone.me.versant.keene.maple.scada.s2     <-  [analog-temp/to/hw1.isone.me.versant.keene.maple.scada.s2/synced.readings]        SyncedReadings           
2026-09-28 12:58:51.519 ++Parentless.process_internal_message analog-temp/synced.readings
2026-09-28 12:58:51.519   OUT mqtt         analog-temp to s                                       ->  [gw/hw1-isone-me-versant-keene-maple-scada-s2/to/s/synced-readings]               SyncedReadings           
2026-09-28 12:58:51.520 --Parentless.process_internal_message  path:0x00000004
2026-09-28 12:58:51.520 --Proactor<s2>.process_message  path:0x00000401
2026-09-28 12:58:51.520 ----------------------------------------------------------------------------------------
2026-09-28 12:58:51.917 
2026-09-28 12:58:51.918 ++++++++++++++++++++++++++++++++++++++++++++++++++++++++++++++++++++++++++++++++++++++++
2026-09-28 12:58:51.918 ++Proactor<s2>.process_message  [analog-temp/synced.readings]
2026-09-28 12:58:51.918   IN  internal     analog-temp to hw1.isone.me.versant.keene.maple.scada.s2     <-  [analog-temp/to/hw1.isone.me.versant.keene.maple.scada.s2/synced.readings]        SyncedReadings           
2026-09-28 12:58:51.918 ++Parentless.process_internal_message analog-temp/synced.readings
2026-09-28 12:58:51.919   OUT mqtt         analog-temp to s                                       ->  [gw/hw1-isone-me-versant-keene-maple-scada-s2/to/s/synced-readings]               SyncedReadings           
2026-09-28 12:58:51.919 --Parentless.process_internal_message  path:0x00000004
2026-09-28 12:58:51.919 --Proactor<s2>.process_message  path:0x00000401
2026-09-28 12:58:51.920 ----------------------------------------------------------------------------------------
2026-09-28 12:58:52.118 
2026-09-28 12:58:52.118 ++++++++++++++++++++++++++++++++++++++++++++++++++++++++++++++++++++++++++++++++++++++++
2026-09-28 12:58:52.118 ++Proactor<s2>.process_message  [analog-temp/synced.readings]
2026-09-28 12:58:52.118   IN  internal     analog-temp to hw1.isone.me.versant.keene.maple.scada.s2     <-  [analog-temp/to/hw1.isone.me.versant.keene.maple.scada.s2/synced.readings]        SyncedReadings           
2026-09-28 12:58:52.119 ++Parentless.process_internal_message analog-temp/synced.readings
2026-09-28 12:58:52.119   OUT mqtt         analog-temp to s                                       ->  [gw/hw1-isone-me-versant-keene-maple-scada-s2/to/s/synced-readings]               SyncedReadings           
2026-09-28 12:58:52.120 --Parentless.process_internal_message  path:0x00000004
2026-09-28 12:58:52.120 --Proactor<s2>.process_message  path:0x00000401
2026-09-28 12:58:52.120 ----------------------------------------------------------------------------------------
2026-09-28 12:58:52.317 
2026-09-28 12:58:52.318 ++++++++++++++++++++++++++++++++++++++++++++++++++++++++++++++++++++++++++++++++++++++++
2026-09-28 12:58:52.318 ++Proactor<s2>.process_message  [analog-temp/synced.readings]
2026-09-28 12:58:52.318   IN  internal     analog-temp to hw1.isone.me.versant.keene.maple.scada.s2     <-  [analog-temp/to/hw1.isone.me.versant.keene.maple.scada.s2/synced.readings]        SyncedReadings           
2026-09-28 12:58:52.318 ++Parentless.process_internal_message analog-temp/synced.readings
2026-09-28 12:58:52.319   OUT mqtt         analog-temp to s                                       ->  [gw/hw1-isone-me-versant-keene-maple-scada-s2/to/s/synced-readings]               SyncedReadings           
2026-09-28 12:58:52.319 --Parentless.process_internal_message  path:0x00000004
2026-09-28 12:58:52.319 --Proactor<s2>.process_message  path:0x00000401
2026-09-28 12:58:52.320 ----------------------------------------------------------------------------------------
2026-09-28 12:58:53.118 
2026-09-28 12:58:53.119 ++++++++++++++++++++++++++++++++++++++++++++++++++++++++++++++++++++++++++++++++++++++++
2026-09-28 12:58:53.119 ++Proactor<s2>.process_message  [analog-temp/synced.readings]
2026-09-28 12:58:53.119   IN  internal     analog-temp to hw1.isone.me.versant.keene.maple.scada.s2     <-  [analog-temp/to/hw1.isone.me.versant.keene.maple.scada.s2/synced.readings]        SyncedReadings           
2026-09-28 12:58:53.120 ++Parentless.process_internal_message analog-temp/synced.readings
2026-09-28 12:58:53.120   OUT mqtt         analog-temp to s                                       ->  [gw/hw1-isone-me-versant-keene-maple-scada-s2/to/s/synced-readings]               SyncedReadings           
2026-09-28 12:58:53.120 --Parentless.process_internal_message  path:0x00000004
2026-09-28 12:58:53.121 --Proactor<s2>.process_message  path:0x00000401
2026-09-28 12:58:53.121 ----------------------------------------------------------------------------------------
2026-09-28 12:58:53.518 
2026-09-28 12:58:53.518 ++++++++++++++++++++++++++++++++++++++++++++++++++++++++++++++++++++++++++++++++++++++++
2026-09-28 12:58:53.518 ++Proactor<s2>.process_message  [analog-temp/synced.readings]
2026-09-28 12:58:53.519   IN  internal     analog-temp to hw1.isone.me.versant.keene.maple.scada.s2     <-  [analog-temp/to/hw1.isone.me.versant.keene.maple.scada.s2/synced.readings]        SyncedReadings           
2026-09-28 12:58:53.519 ++Parentless.process_internal_message analog-temp/synced.readings
2026-09-28 12:58:53.519   OUT mqtt         analog-temp to s                                       ->  [gw/hw1-isone-me-versant-keene-maple-scada-s2/to/s/synced-readings]               SyncedReadings           
2026-09-28 12:58:53.520 --Parentless.process_internal_message  path:0x00000004
2026-09-28 12:58:53.520 --Proactor<s2>.process_message  path:0x00000401
2026-09-28 12:58:53.520 ----------------------------------------------------------------------------------------
2026-09-28 12:58:54.518 
2026-09-28 12:58:54.519 ++++++++++++++++++++++++++++++++++++++++++++++++++++++++++++++++++++++++++++++++++++++++
2026-09-28 12:58:54.519 ++Proactor<s2>.process_message  [analog-temp/synced.readings]
2026-09-28 12:58:54.519   IN  internal     analog-temp to hw1.isone.me.versant.keene.maple.scada.s2     <-  [analog-temp/to/hw1.isone.me.versant.keene.maple.scada.s2/synced.readings]        SyncedReadings           
2026-09-28 12:58:54.519 ++Parentless.process_internal_message analog-temp/synced.readings
2026-09-28 12:58:54.520   OUT mqtt         analog-temp to s                                       ->  [gw/hw1-isone-me-versant-keene-maple-scada-s2/to/s/synced-readings]               SyncedReadings           
2026-09-28 12:58:54.520 --Parentless.process_internal_message  path:0x00000004
2026-09-28 12:58:54.521 --Proactor<s2>.process_message  path:0x00000401
2026-09-28 12:58:54.521 ----------------------------------------------------------------------------------------
2026-09-28 12:58:54.718 
2026-09-28 12:58:54.719 ++++++++++++++++++++++++++++++++++++++++++++++++++++++++++++++++++++++++++++++++++++++++
2026-09-28 12:58:54.719 ++Proactor<s2>.process_message  [analog-temp/synced.readings]
2026-09-28 12:58:54.719   IN  internal     analog-temp to hw1.isone.me.versant.keene.maple.scada.s2     <-  [analog-temp/to/hw1.isone.me.versant.keene.maple.scada.s2/synced.readings]        SyncedReadings           
2026-09-28 12:58:54.719 ++Parentless.process_internal_message analog-temp/synced.readings
2026-09-28 12:58:54.720   OUT mqtt         analog-temp to s                                       ->  [gw/hw1-isone-me-versant-keene-maple-scada-s2/to/s/synced-readings]               SyncedReadings           
2026-09-28 12:58:54.720 --Parentless.process_internal_message  path:0x00000004
2026-09-28 12:58:54.721 --Proactor<s2>.process_message  path:0x00000401
2026-09-28 12:58:54.721 ----------------------------------------------------------------------------------------
2026-09-28 12:58:55.919 
2026-09-28 12:58:55.926 ++++++++++++++++++++++++++++++++++++++++++++++++++++++++++++++++++++++++++++++++++++++++
2026-09-28 12:58:55.926 ++Proactor<s2>.process_message  [analog-temp/synced.readings]
2026-09-28 12:58:55.927   IN  internal     analog-temp to hw1.isone.me.versant.keene.maple.scada.s2     <-  [analog-temp/to/hw1.isone.me.versant.keene.maple.scada.s2/synced.readings]        SyncedReadings           
2026-09-28 12:58:55.927 ++Parentless.process_internal_message analog-temp/synced.readings
2026-09-28 12:58:55.927   OUT mqtt         analog-temp to s                                       ->  [gw/hw1-isone-me-versant-keene-maple-scada-s2/to/s/synced-readings]               SyncedReadings           
2026-09-28 12:58:55.928 --Parentless.process_internal_message  path:0x00000004
2026-09-28 12:58:55.928 --Proactor<s2>.process_message  path:0x00000401
2026-09-28 12:58:55.928 ----------------------------------------------------------------------------------------
2026-09-28 12:58:57.136 
2026-09-28 12:58:57.136 ++++++++++++++++++++++++++++++++++++++++++++++++++++++++++++++++++++++++++++++++++++++++
2026-09-28 12:58:57.137 ++Proactor<s2>.process_message  [analog-temp/synced.readings]
2026-09-28 12:58:57.138   IN  internal     analog-temp to hw1.isone.me.versant.keene.maple.scada.s2     <-  [analog-temp/to/hw1.isone.me.versant.keene.maple.scada.s2/synced.readings]        SyncedReadings           
2026-09-28 12:58:57.138 ++Parentless.process_internal_message analog-temp/synced.readings
2026-09-28 12:58:57.140   OUT mqtt         analog-temp to s                                       ->  [gw/hw1-isone-me-versant-keene-maple-scada-s2/to/s/synced-readings]               SyncedReadings           
2026-09-28 12:58:57.141 --Parentless.process_internal_message  path:0x00000004
2026-09-28 12:58:57.141 --Proactor<s2>.process_message  path:0x00000401
2026-09-28 12:58:57.142 ----------------------------------------------------------------------------------------
2026-09-28 12:58:58.536 
2026-09-28 12:58:58.537 ++++++++++++++++++++++++++++++++++++++++++++++++++++++++++++++++++++++++++++++++++++++++
2026-09-28 12:58:58.537 ++Proactor<s2>.process_message  [analog-temp/synced.readings]
2026-09-28 12:58:58.538   IN  internal     analog-temp to hw1.isone.me.versant.keene.maple.scada.s2     <-  [analog-temp/to/hw1.isone.me.versant.keene.maple.scada.s2/synced.readings]        SyncedReadings           
2026-09-28 12:58:58.538 ++Parentless.process_internal_message analog-temp/synced.readings
2026-09-28 12:58:58.540   OUT mqtt         analog-temp to s                                       ->  [gw/hw1-isone-me-versant-keene-maple-scada-s2/to/s/synced-readings]               SyncedReadings           
2026-09-28 12:58:58.540 --Parentless.process_internal_message  path:0x00000004
2026-09-28 12:58:58.541 --Proactor<s2>.process_message  path:0x00000401
2026-09-28 12:58:58.541 ----------------------------------------------------------------------------------------
2026-09-28 12:58:59.537 
2026-09-28 12:58:59.537 ++++++++++++++++++++++++++++++++++++++++++++++++++++++++++++++++++++++++++++++++++++++++
2026-09-28 12:58:59.538 ++Proactor<s2>.process_message  [analog-temp/synced.readings]
2026-09-28 12:58:59.538   IN  internal     analog-temp to hw1.isone.me.versant.keene.maple.scada.s2     <-  [analog-temp/to/hw1.isone.me.versant.keene.maple.scada.s2/synced.readings]        SyncedReadings           
2026-09-28 12:58:59.539 ++Parentless.process_internal_message analog-temp/synced.readings
2026-09-28 12:58:59.540   OUT mqtt         analog-temp to s                                       ->  [gw/hw1-isone-me-versant-keene-maple-scada-s2/to/s/synced-readings]               SyncedReadings           
2026-09-28 12:58:59.541 --Parentless.process_internal_message  path:0x00000004
2026-09-28 12:58:59.542 --Proactor<s2>.process_message  path:0x00000401
2026-09-28 12:58:59.542 ----------------------------------------------------------------------------------------
2026-09-28 12:59:00.138 
2026-09-28 12:59:00.139 ++++++++++++++++++++++++++++++++++++++++++++++++++++++++++++++++++++++++++++++++++++++++
2026-09-28 12:59:00.139 ++Proactor<s2>.process_message  [analog-temp/synced.readings]
2026-09-28 12:59:00.140   IN  internal     analog-temp to hw1.isone.me.versant.keene.maple.scada.s2     <-  [analog-temp/to/hw1.isone.me.versant.keene.maple.scada.s2/synced.readings]        SyncedReadings           
2026-09-28 12:59:00.141 ++Parentless.process_internal_message analog-temp/synced.readings
2026-09-28 12:59:00.142   OUT mqtt         analog-temp to s                                       ->  [gw/hw1-isone-me-versant-keene-maple-scada-s2/to/s/synced-readings]               SyncedReadings           
2026-09-28 12:59:00.143 --Parentless.process_internal_message  path:0x00000004
2026-09-28 12:59:00.144 --Proactor<s2>.process_message  path:0x00000401
2026-09-28 12:59:00.144 ----------------------------------------------------------------------------------------
2026-09-28 12:59:00.538 
2026-09-28 12:59:00.539 ++++++++++++++++++++++++++++++++++++++++++++++++++++++++++++++++++++++++++++++++++++++++
2026-09-28 12:59:00.539 ++Proactor<s2>.process_message  [analog-temp/synced.readings]
2026-09-28 12:59:00.540   IN  internal     analog-temp to hw1.isone.me.versant.keene.maple.scada.s2     <-  [analog-temp/to/hw1.isone.me.versant.keene.maple.scada.s2/synced.readings]        SyncedReadings           
2026-09-28 12:59:00.541 ++Parentless.process_internal_message analog-temp/synced.readings
2026-09-28 12:59:00.542   OUT mqtt         analog-temp to s                                       ->  [gw/hw1-isone-me-versant-keene-maple-scada-s2/to/s/synced-readings]               SyncedReadings           
2026-09-28 12:59:00.543 --Parentless.process_internal_message  path:0x00000004
2026-09-28 12:59:00.544 --Proactor<s2>.process_message  path:0x00000401
2026-09-28 12:59:00.544 ----------------------------------------------------------------------------------------
2026-09-28 12:59:01.538 
2026-09-28 12:59:01.539 ++++++++++++++++++++++++++++++++++++++++++++++++++++++++++++++++++++++++++++++++++++++++
2026-09-28 12:59:01.539 ++Proactor<s2>.process_message  [analog-temp/synced.readings]
2026-09-28 12:59:01.540   IN  internal     analog-temp to hw1.isone.me.versant.keene.maple.scada.s2     <-  [analog-temp/to/hw1.isone.me.versant.keene.maple.scada.s2/synced.readings]        SyncedReadings           
2026-09-28 12:59:01.541 ++Parentless.process_internal_message analog-temp/synced.readings
2026-09-28 12:59:01.542   OUT mqtt         analog-temp to s                                       ->  [gw/hw1-isone-me-versant-keene-maple-scada-s2/to/s/synced-readings]               SyncedReadings           
2026-09-28 12:59:01.544 --Parentless.process_internal_message  path:0x00000004
2026-09-28 12:59:01.545 --Proactor<s2>.process_message  path:0x00000401
2026-09-28 12:59:01.545 ----------------------------------------------------------------------------------------
2026-09-28 12:59:01.738 
2026-09-28 12:59:01.739 ++++++++++++++++++++++++++++++++++++++++++++++++++++++++++++++++++++++++++++++++++++++++
2026-09-28 12:59:01.739 ++Proactor<s2>.process_message  [analog-temp/synced.readings]
2026-09-28 12:59:01.740   IN  internal     analog-temp to hw1.isone.me.versant.keene.maple.scada.s2     <-  [analog-temp/to/hw1.isone.me.versant.keene.maple.scada.s2/synced.readings]        SyncedReadings           
2026-09-28 12:59:01.740 ++Parentless.process_internal_message analog-temp/synced.readings
2026-09-28 12:59:01.742   OUT mqtt         analog-temp to s                                       ->  [gw/hw1-isone-me-versant-keene-maple-scada-s2/to/s/synced-readings]               SyncedReadings           
2026-09-28 12:59:01.742 --Parentless.process_internal_message  path:0x00000004
2026-09-28 12:59:01.743 --Proactor<s2>.process_message  path:0x00000401
2026-09-28 12:59:01.743 ----------------------------------------------------------------------------------------
2026-09-28 12:59:01.939 
2026-09-28 12:59:01.940 ++++++++++++++++++++++++++++++++++++++++++++++++++++++++++++++++++++++++++++++++++++++++
2026-09-28 12:59:01.940 ++Proactor<s2>.process_message  [analog-temp/synced.readings]
2026-09-28 12:59:01.941   IN  internal     analog-temp to hw1.isone.me.versant.keene.maple.scada.s2     <-  [analog-temp/to/hw1.isone.me.versant.keene.maple.scada.s2/synced.readings]        SyncedReadings           
2026-09-28 12:59:01.941 ++Parentless.process_internal_message analog-temp/synced.readings
2026-09-28 12:59:01.943   OUT mqtt         analog-temp to s                                       ->  [gw/hw1-isone-me-versant-keene-maple-scada-s2/to/s/synced-readings]               SyncedReadings           
2026-09-28 12:59:01.944 --Parentless.process_internal_message  path:0x00000004
2026-09-28 12:59:01.944 --Proactor<s2>.process_message  path:0x00000401
2026-09-28 12:59:01.945 ----------------------------------------------------------------------------------------
2026-09-28 12:59:03.338 
2026-09-28 12:59:03.339 ++++++++++++++++++++++++++++++++++++++++++++++++++++++++++++++++++++++++++++++++++++++++
2026-09-28 12:59:03.339 ++Proactor<s2>.process_message  [analog-temp/synced.readings]
2026-09-28 12:59:03.339   IN  internal     analog-temp to hw1.isone.me.versant.keene.maple.scada.s2     <-  [analog-temp/to/hw1.isone.me.versant.keene.maple.scada.s2/synced.readings]        SyncedReadings           
2026-09-28 12:59:03.340 ++Parentless.process_internal_message analog-temp/synced.readings
2026-09-28 12:59:03.341   OUT mqtt         analog-temp to s                                       ->  [gw/hw1-isone-me-versant-keene-maple-scada-s2/to/s/synced-readings]               SyncedReadings           
2026-09-28 12:59:03.341 --Parentless.process_internal_message  path:0x00000004
2026-09-28 12:59:03.342 --Proactor<s2>.process_message  path:0x00000401
2026-09-28 12:59:03.342 ----------------------------------------------------------------------------------------
2026-09-28 12:59:03.941 
2026-09-28 12:59:03.941 ++++++++++++++++++++++++++++++++++++++++++++++++++++++++++++++++++++++++++++++++++++++++
2026-09-28 12:59:03.942 ++Proactor<s2>.process_message  [analog-temp/synced.readings]
2026-09-28 12:59:03.942   IN  internal     analog-temp to hw1.isone.me.versant.keene.maple.scada.s2     <-  [analog-temp/to/hw1.isone.me.versant.keene.maple.scada.s2/synced.readings]        SyncedReadings           
2026-09-28 12:59:03.943 ++Parentless.process_internal_message analog-temp/synced.readings
2026-09-28 12:59:03.944   OUT mqtt         analog-temp to s                                       ->  [gw/hw1-isone-me-versant-keene-maple-scada-s2/to/s/synced-readings]               SyncedReadings           
2026-09-28 12:59:03.945 --Parentless.process_internal_message  path:0x00000004
2026-09-28 12:59:03.946 --Proactor<s2>.process_message  path:0x00000401
2026-09-28 12:59:03.946 ----------------------------------------------------------------------------------------
2026-09-28 12:59:04.741 
2026-09-28 12:59:04.742 ++++++++++++++++++++++++++++++++++++++++++++++++++++++++++++++++++++++++++++++++++++++++
2026-09-28 12:59:04.742 ++Proactor<s2>.process_message  [analog-temp/synced.readings]
2026-09-28 12:59:04.743   IN  internal     analog-temp to hw1.isone.me.versant.keene.maple.scada.s2     <-  [analog-temp/to/hw1.isone.me.versant.keene.maple.scada.s2/synced.readings]        SyncedReadings           
2026-09-28 12:59:04.743 ++Parentless.process_internal_message analog-temp/synced.readings
2026-09-28 12:59:04.745   OUT mqtt         analog-temp to s                                       ->  [gw/hw1-isone-me-versant-keene-maple-scada-s2/to/s/synced-readings]               SyncedReadings           
2026-09-28 12:59:04.745 --Parentless.process_internal_message  path:0x00000004
2026-09-28 12:59:04.746 --Proactor<s2>.process_message  path:0x00000401
2026-09-28 12:59:04.746 ----------------------------------------------------------------------------------------
2026-09-28 12:59:05.743 
2026-09-28 12:59:05.744 ++++++++++++++++++++++++++++++++++++++++++++++++++++++++++++++++++++++++++++++++++++++++
2026-09-28 12:59:05.744 ++Proactor<s2>.process_message  [analog-temp/synced.readings]
2026-09-28 12:59:05.744   IN  internal     analog-temp to hw1.isone.me.versant.keene.maple.scada.s2     <-  [analog-temp/to/hw1.isone.me.versant.keene.maple.scada.s2/synced.readings]        SyncedReadings           
2026-09-28 12:59:05.745 ++Parentless.process_internal_message analog-temp/synced.readings
2026-09-28 12:59:05.746   OUT mqtt         analog-temp to s                                       ->  [gw/hw1-isone-me-versant-keene-maple-scada-s2/to/s/synced-readings]               SyncedReadings           
2026-09-28 12:59:05.747 --Parentless.process_internal_message  path:0x00000004
2026-09-28 12:59:05.747 --Proactor<s2>.process_message  path:0x00000401
2026-09-28 12:59:05.748 ----------------------------------------------------------------------------------------
2026-09-28 12:59:05.942 
2026-09-28 12:59:05.942 ++++++++++++++++++++++++++++++++++++++++++++++++++++++++++++++++++++++++++++++++++++++++
2026-09-28 12:59:05.943 ++Proactor<s2>.process_message  [analog-temp/synced.readings]
2026-09-28 12:59:05.943   IN  internal     analog-temp to hw1.isone.me.versant.keene.maple.scada.s2     <-  [analog-temp/to/hw1.isone.me.versant.keene.maple.scada.s2/synced.readings]        SyncedReadings           
2026-09-28 12:59:05.944 ++Parentless.process_internal_message analog-temp/synced.readings
2026-09-28 12:59:05.945   OUT mqtt         analog-temp to s                                       ->  [gw/hw1-isone-me-versant-keene-maple-scada-s2/to/s/synced-readings]               SyncedReadings           
2026-09-28 12:59:05.946 --Parentless.process_internal_message  path:0x00000004
2026-09-28 12:59:05.947 --Proactor<s2>.process_message  path:0x00000401
2026-09-28 12:59:05.947 ----------------------------------------------------------------------------------------
2026-09-28 12:59:06.142 
2026-09-28 12:59:06.143 ++++++++++++++++++++++++++++++++++++++++++++++++++++++++++++++++++++++++++++++++++++++++
2026-09-28 12:59:06.143 ++Proactor<s2>.process_message  [analog-temp/synced.readings]
2026-09-28 12:59:06.144   IN  internal     analog-temp to hw1.isone.me.versant.keene.maple.scada.s2     <-  [analog-temp/to/hw1.isone.me.versant.keene.maple.scada.s2/synced.readings]        SyncedReadings           
2026-09-28 12:59:06.144 ++Parentless.process_internal_message analog-temp/synced.readings
2026-09-28 12:59:06.145   OUT mqtt         analog-temp to s                                       ->  [gw/hw1-isone-me-versant-keene-maple-scada-s2/to/s/synced-readings]               SyncedReadings           
2026-09-28 12:59:06.146 --Parentless.process_internal_message  path:0x00000004
2026-09-28 12:59:06.147 --Proactor<s2>.process_message  path:0x00000401
2026-09-28 12:59:06.147 ----------------------------------------------------------------------------------------
2026-09-28 12:59:07.544 
2026-09-28 12:59:07.544 ++++++++++++++++++++++++++++++++++++++++++++++++++++++++++++++++++++++++++++++++++++++++
2026-09-28 12:59:07.545 ++Proactor<s2>.process_message  [analog-temp/synced.readings]
2026-09-28 12:59:07.545   IN  internal     analog-temp to hw1.isone.me.versant.keene.maple.scada.s2     <-  [analog-temp/to/hw1.isone.me.versant.keene.maple.scada.s2/synced.readings]        SyncedReadings           
2026-09-28 12:59:07.546 ++Parentless.process_internal_message analog-temp/synced.readings
2026-09-28 12:59:07.547   OUT mqtt         analog-temp to s                                       ->  [gw/hw1-isone-me-versant-keene-maple-scada-s2/to/s/synced-readings]               SyncedReadings           
2026-09-28 12:59:07.548 --Parentless.process_internal_message  path:0x00000004
2026-09-28 12:59:07.549 --Proactor<s2>.process_message  path:0x00000401
2026-09-28 12:59:07.549 ----------------------------------------------------------------------------------------
2026-09-28 12:59:08.343 
2026-09-28 12:59:08.344 ++++++++++++++++++++++++++++++++++++++++++++++++++++++++++++++++++++++++++++++++++++++++
2026-09-28 12:59:08.344 ++Proactor<s2>.process_message  [analog-temp/synced.readings]
2026-09-28 12:59:08.345   IN  internal     analog-temp to hw1.isone.me.versant.keene.maple.scada.s2     <-  [analog-temp/to/hw1.isone.me.versant.keene.maple.scada.s2/synced.readings]        SyncedReadings           
2026-09-28 12:59:08.345 ++Parentless.process_internal_message analog-temp/synced.readings
2026-09-28 12:59:08.347   OUT mqtt         analog-temp to s                                       ->  [gw/hw1-isone-me-versant-keene-maple-scada-s2/to/s/synced-readings]               SyncedReadings           
2026-09-28 12:59:08.347 --Parentless.process_internal_message  path:0x00000004
2026-09-28 12:59:08.348 --Proactor<s2>.process_message  path:0x00000401
2026-09-28 12:59:08.348 ----------------------------------------------------------------------------------------
2026-09-28 12:59:08.943 
2026-09-28 12:59:08.950 ++++++++++++++++++++++++++++++++++++++++++++++++++++++++++++++++++++++++++++++++++++++++
2026-09-28 12:59:08.951 ++Proactor<s2>.process_message  [analog-temp/synced.readings]
2026-09-28 12:59:08.951   IN  internal     analog-temp to hw1.isone.me.versant.keene.maple.scada.s2     <-  [analog-temp/to/hw1.isone.me.versant.keene.maple.scada.s2/synced.readings]        SyncedReadings           
2026-09-28 12:59:08.952 ++Parentless.process_internal_message analog-temp/synced.readings
2026-09-28 12:59:08.953   OUT mqtt         analog-temp to s                                       ->  [gw/hw1-isone-me-versant-keene-maple-scada-s2/to/s/synced-readings]               SyncedReadings           
2026-09-28 12:59:08.954 --Parentless.process_internal_message  path:0x00000004
2026-09-28 12:59:08.955 --Proactor<s2>.process_message  path:0x00000401
2026-09-28 12:59:08.955 ----------------------------------------------------------------------------------------
2026-09-28 12:59:09.343 
2026-09-28 12:59:09.344 ++++++++++++++++++++++++++++++++++++++++++++++++++++++++++++++++++++++++++++++++++++++++
2026-09-28 12:59:09.344 ++Proactor<s2>.process_message  [analog-temp/synced.readings]
2026-09-28 12:59:09.345   IN  internal     analog-temp to hw1.isone.me.versant.keene.maple.scada.s2     <-  [analog-temp/to/hw1.isone.me.versant.keene.maple.scada.s2/synced.readings]        SyncedReadings           
2026-09-28 12:59:09.345 ++Parentless.process_internal_message analog-temp/synced.readings
2026-09-28 12:59:09.347   OUT mqtt         analog-temp to s                                       ->  [gw/hw1-isone-me-versant-keene-maple-scada-s2/to/s/synced-readings]               SyncedReadings           
2026-09-28 12:59:09.348 --Parentless.process_internal_message  path:0x00000004
2026-09-28 12:59:09.348 --Proactor<s2>.process_message  path:0x00000401
2026-09-28 12:59:09.349 ----------------------------------------------------------------------------------------
2026-09-28 12:59:10.345 
2026-09-28 12:59:10.345 ++++++++++++++++++++++++++++++++++++++++++++++++++++++++++++++++++++++++++++++++++++++++
2026-09-28 12:59:10.346 ++Proactor<s2>.process_message  [analog-temp/synced.readings]
2026-09-28 12:59:10.346   IN  internal     analog-temp to hw1.isone.me.versant.keene.maple.scada.s2     <-  [analog-temp/to/hw1.isone.me.versant.keene.maple.scada.s2/synced.readings]        SyncedReadings           
2026-09-28 12:59:10.347 ++Parentless.process_internal_message analog-temp/synced.readings
2026-09-28 12:59:10.348   OUT mqtt         analog-temp to s                                       ->  [gw/hw1-isone-me-versant-keene-maple-scada-s2/to/s/synced-readings]               SyncedReadings           
2026-09-28 12:59:10.349 --Parentless.process_internal_message  path:0x00000004
2026-09-28 12:59:10.350 --Proactor<s2>.process_message  path:0x00000401
2026-09-28 12:59:10.350 ----------------------------------------------------------------------------------------
2026-09-28 12:59:10.544 
2026-09-28 12:59:10.545 ++++++++++++++++++++++++++++++++++++++++++++++++++++++++++++++++++++++++++++++++++++++++
2026-09-28 12:59:10.545 ++Proactor<s2>.process_message  [analog-temp/synced.readings]
2026-09-28 12:59:10.546   IN  internal     analog-temp to hw1.isone.me.versant.keene.maple.scada.s2     <-  [analog-temp/to/hw1.isone.me.versant.keene.maple.scada.s2/synced.readings]        SyncedReadings           
2026-09-28 12:59:10.547 ++Parentless.process_internal_message analog-temp/synced.readings
2026-09-28 12:59:10.548   OUT mqtt         analog-temp to s                                       ->  [gw/hw1-isone-me-versant-keene-maple-scada-s2/to/s/synced-readings]               SyncedReadings           
2026-09-28 12:59:10.549 --Parentless.process_internal_message  path:0x00000004
2026-09-28 12:59:10.549 --Proactor<s2>.process_message  path:0x00000401
2026-09-28 12:59:10.550 ----------------------------------------------------------------------------------------
2026-09-28 12:59:10.945 
2026-09-28 12:59:10.946 ++++++++++++++++++++++++++++++++++++++++++++++++++++++++++++++++++++++++++++++++++++++++
2026-09-28 12:59:10.946 ++Proactor<s2>.process_message  [analog-temp/synced.readings]
2026-09-28 12:59:10.947   IN  internal     analog-temp to hw1.isone.me.versant.keene.maple.scada.s2     <-  [analog-temp/to/hw1.isone.me.versant.keene.maple.scada.s2/synced.readings]        SyncedReadings           
2026-09-28 12:59:10.947 ++Parentless.process_internal_message analog-temp/synced.readings
2026-09-28 12:59:10.949   OUT mqtt         analog-temp to s                                       ->  [gw/hw1-isone-me-versant-keene-maple-scada-s2/to/s/synced-readings]               SyncedReadings           
2026-09-28 12:59:10.949 --Parentless.process_internal_message  path:0x00000004
2026-09-28 12:59:10.950 --Proactor<s2>.process_message  path:0x00000401
2026-09-28 12:59:10.950 ----------------------------------------------------------------------------------------
2026-09-28 12:59:11.546 
2026-09-28 12:59:11.546 ++++++++++++++++++++++++++++++++++++++++++++++++++++++++++++++++++++++++++++++++++++++++
2026-09-28 12:59:11.547 ++Proactor<s2>.process_message  [analog-temp/synced.readings]
2026-09-28 12:59:11.547   IN  internal     analog-temp to hw1.isone.me.versant.keene.maple.scada.s2     <-  [analog-temp/to/hw1.isone.me.versant.keene.maple.scada.s2/synced.readings]        SyncedReadings           
2026-09-28 12:59:11.548 ++Parentless.process_internal_message analog-temp/synced.readings
2026-09-28 12:59:11.549   OUT mqtt         analog-temp to s                                       ->  [gw/hw1-isone-me-versant-keene-maple-scada-s2/to/s/synced-readings]               SyncedReadings           
2026-09-28 12:59:11.550 --Parentless.process_internal_message  path:0x00000004
2026-09-28 12:59:11.550 --Proactor<s2>.process_message  path:0x00000401
2026-09-28 12:59:11.551 ----------------------------------------------------------------------------------------
2026-09-28 12:59:11.745 
2026-09-28 12:59:11.745 ++++++++++++++++++++++++++++++++++++++++++++++++++++++++++++++++++++++++++++++++++++++++
2026-09-28 12:59:11.746 ++Proactor<s2>.process_message  [analog-temp/synced.readings]
2026-09-28 12:59:11.746   IN  internal     analog-temp to hw1.isone.me.versant.keene.maple.scada.s2     <-  [analog-temp/to/hw1.isone.me.versant.keene.maple.scada.s2/synced.readings]        SyncedReadings           
2026-09-28 12:59:11.747 ++Parentless.process_internal_message analog-temp/synced.readings
2026-09-28 12:59:11.748   OUT mqtt         analog-temp to s                                       ->  [gw/hw1-isone-me-versant-keene-maple-scada-s2/to/s/synced-readings]               SyncedReadings           
2026-09-28 12:59:11.749 --Parentless.process_internal_message  path:0x00000004
2026-09-28 12:59:11.750 --Proactor<s2>.process_message  path:0x00000401
2026-09-28 12:59:11.750 ----------------------------------------------------------------------------------------
2026-09-28 12:59:12.545 
2026-09-28 12:59:12.546 ++++++++++++++++++++++++++++++++++++++++++++++++++++++++++++++++++++++++++++++++++++++++
2026-09-28 12:59:12.546 ++Proactor<s2>.process_message  [analog-temp/synced.readings]
2026-09-28 12:59:12.547   IN  internal     analog-temp to hw1.isone.me.versant.keene.maple.scada.s2     <-  [analog-temp/to/hw1.isone.me.versant.keene.maple.scada.s2/synced.readings]        SyncedReadings           
2026-09-28 12:59:12.547 ++Parentless.process_internal_message analog-temp/synced.readings
2026-09-28 12:59:12.549   OUT mqtt         analog-temp to s                                       ->  [gw/hw1-isone-me-versant-keene-maple-scada-s2/to/s/synced-readings]               SyncedReadings           
2026-09-28 12:59:12.549 --Parentless.process_internal_message  path:0x00000004
2026-09-28 12:59:12.550 --Proactor<s2>.process_message  path:0x00000401
2026-09-28 12:59:12.550 ----------------------------------------------------------------------------------------
2026-09-28 12:59:12.946 
2026-09-28 12:59:12.947 ++++++++++++++++++++++++++++++++++++++++++++++++++++++++++++++++++++++++++++++++++++++++
2026-09-28 12:59:12.947 ++Proactor<s2>.process_message  [analog-temp/synced.readings]
2026-09-28 12:59:12.948   IN  internal     analog-temp to hw1.isone.me.versant.keene.maple.scada.s2     <-  [analog-temp/to/hw1.isone.me.versant.keene.maple.scada.s2/synced.readings]        SyncedReadings           
2026-09-28 12:59:12.948 ++Parentless.process_internal_message analog-temp/synced.readings
2026-09-28 12:59:12.949   OUT mqtt         analog-temp to s                                       ->  [gw/hw1-isone-me-versant-keene-maple-scada-s2/to/s/synced-readings]               SyncedReadings           
2026-09-28 12:59:12.950 --Parentless.process_internal_message  path:0x00000004
2026-09-28 12:59:12.951 --Proactor<s2>.process_message  path:0x00000401
2026-09-28 12:59:12.951 ----------------------------------------------------------------------------------------
2026-09-28 12:59:13.145 
2026-09-28 12:59:13.146 ++++++++++++++++++++++++++++++++++++++++++++++++++++++++++++++++++++++++++++++++++++++++
2026-09-28 12:59:13.146 ++Proactor<s2>.process_message  [analog-temp/synced.readings]
2026-09-28 12:59:13.147   IN  internal     analog-temp to hw1.isone.me.versant.keene.maple.scada.s2     <-  [analog-temp/to/hw1.isone.me.versant.keene.maple.scada.s2/synced.readings]        SyncedReadings           
2026-09-28 12:59:13.148 ++Parentless.process_internal_message analog-temp/synced.readings
2026-09-28 12:59:13.149   OUT mqtt         analog-temp to s                                       ->  [gw/hw1-isone-me-versant-keene-maple-scada-s2/to/s/synced-readings]               SyncedReadings           
2026-09-28 12:59:13.150 --Parentless.process_internal_message  path:0x00000004
2026-09-28 12:59:13.150 --Proactor<s2>.process_message  path:0x00000401
2026-09-28 12:59:13.151 ----------------------------------------------------------------------------------------
2026-09-28 12:59:13.547 
2026-09-28 12:59:13.547 ++++++++++++++++++++++++++++++++++++++++++++++++++++++++++++++++++++++++++++++++++++++++
2026-09-28 12:59:13.548 ++Proactor<s2>.process_message  [analog-temp/synced.readings]
2026-09-28 12:59:13.548   IN  internal     analog-temp to hw1.isone.me.versant.keene.maple.scada.s2     <-  [analog-temp/to/hw1.isone.me.versant.keene.maple.scada.s2/synced.readings]        SyncedReadings           
2026-09-28 12:59:13.549 ++Parentless.process_internal_message analog-temp/synced.readings
2026-09-28 12:59:13.550   OUT mqtt         analog-temp to s                                       ->  [gw/hw1-isone-me-versant-keene-maple-scada-s2/to/s/synced-readings]               SyncedReadings           
2026-09-28 12:59:13.551 --Parentless.process_internal_message  path:0x00000004
2026-09-28 12:59:13.552 --Proactor<s2>.process_message  path:0x00000401
2026-09-28 12:59:13.552 ----------------------------------------------------------------------------------------
2026-09-28 12:59:14.147 
2026-09-28 12:59:14.150 ++++++++++++++++++++++++++++++++++++++++++++++++++++++++++++++++++++++++++++++++++++++++
2026-09-28 12:59:14.150 ++Proactor<s2>.process_message  [analog-temp/synced.readings]
2026-09-28 12:59:14.151   IN  internal     analog-temp to hw1.isone.me.versant.keene.maple.scada.s2     <-  [analog-temp/to/hw1.isone.me.versant.keene.maple.scada.s2/synced.readings]        SyncedReadings           
2026-09-28 12:59:14.152 ++Parentless.process_internal_message analog-temp/synced.readings
2026-09-28 12:59:14.153   OUT mqtt         analog-temp to s                                       ->  [gw/hw1-isone-me-versant-keene-maple-scada-s2/to/s/synced-readings]               SyncedReadings           
2026-09-28 12:59:14.154 --Parentless.process_internal_message  path:0x00000004
2026-09-28 12:59:14.154 --Proactor<s2>.process_message  path:0x00000401
2026-09-28 12:59:14.155 ----------------------------------------------------------------------------------------
2026-09-28 12:59:14.547 
2026-09-28 12:59:14.548 ++++++++++++++++++++++++++++++++++++++++++++++++++++++++++++++++++++++++++++++++++++++++
2026-09-28 12:59:14.548 ++Proactor<s2>.process_message  [analog-temp/synced.readings]
2026-09-28 12:59:14.549   IN  internal     analog-temp to hw1.isone.me.versant.keene.maple.scada.s2     <-  [analog-temp/to/hw1.isone.me.versant.keene.maple.scada.s2/synced.readings]        SyncedReadings           
2026-09-28 12:59:14.549 ++Parentless.process_internal_message analog-temp/synced.readings
2026-09-28 12:59:14.551   OUT mqtt         analog-temp to s                                       ->  [gw/hw1-isone-me-versant-keene-maple-scada-s2/to/s/synced-readings]               SyncedReadings           
2026-09-28 12:59:14.552 --Parentless.process_internal_message  path:0x00000004
2026-09-28 12:59:14.552 --Proactor<s2>.process_message  path:0x00000401
2026-09-28 12:59:14.553 ----------------------------------------------------------------------------------------
2026-09-28 12:59:15.732 
2026-09-28 12:59:15.733 ++++++++++++++++++++++++++++++++++++++++++++++++++++++++++++++++++++++++++++++++++++++++
2026-09-28 12:59:15.733 ++Proactor<s2>.process_message  [analog-temp/synced.readings]
2026-09-28 12:59:15.733   IN  internal     analog-temp to hw1.isone.me.versant.keene.maple.scada.s2     <-  [analog-temp/to/hw1.isone.me.versant.keene.maple.scada.s2/synced.readings]        SyncedReadings           
2026-09-28 12:59:15.733 ++Parentless.process_internal_message analog-temp/synced.readings
2026-09-28 12:59:15.734   OUT mqtt         analog-temp to s                                       ->  [gw/hw1-isone-me-versant-keene-maple-scada-s2/to/s/synced-readings]               SyncedReadings           
2026-09-28 12:59:15.734 --Parentless.process_internal_message  path:0x00000004
2026-09-28 12:59:15.735 --Proactor<s2>.process_message  path:0x00000401
2026-09-28 12:59:15.735 ----------------------------------------------------------------------------------------
2026-09-28 12:59:15.934 
2026-09-28 12:59:15.934 ++++++++++++++++++++++++++++++++++++++++++++++++++++++++++++++++++++++++++++++++++++++++
2026-09-28 12:59:15.935 ++Proactor<s2>.process_message  [analog-temp/synced.readings]
2026-09-28 12:59:15.935   IN  internal     analog-temp to hw1.isone.me.versant.keene.maple.scada.s2     <-  [analog-temp/to/hw1.isone.me.versant.keene.maple.scada.s2/synced.readings]        SyncedReadings           
2026-09-28 12:59:15.935 ++Parentless.process_internal_message analog-temp/synced.readings
2026-09-28 12:59:15.936   OUT mqtt         analog-temp to s                                       ->  [gw/hw1-isone-me-versant-keene-maple-scada-s2/to/s/synced-readings]               SyncedReadings           
2026-09-28 12:59:15.936 --Parentless.process_internal_message  path:0x00000004
2026-09-28 12:59:15.936 --Proactor<s2>.process_message  path:0x00000401
2026-09-28 12:59:15.937 ----------------------------------------------------------------------------------------
2026-09-28 12:59:16.134 
2026-09-28 12:59:16.134 ++++++++++++++++++++++++++++++++++++++++++++++++++++++++++++++++++++++++++++++++++++++++
2026-09-28 12:59:16.135 ++Proactor<s2>.process_message  [analog-temp/synced.readings]
2026-09-28 12:59:16.135   IN  internal     analog-temp to hw1.isone.me.versant.keene.maple.scada.s2     <-  [analog-temp/to/hw1.isone.me.versant.keene.maple.scada.s2/synced.readings]        SyncedReadings           
2026-09-28 12:59:16.135 ++Parentless.process_internal_message analog-temp/synced.readings
2026-09-28 12:59:16.136   OUT mqtt         analog-temp to s                                       ->  [gw/hw1-isone-me-versant-keene-maple-scada-s2/to/s/synced-readings]               SyncedReadings           
2026-09-28 12:59:16.136 --Parentless.process_internal_message  path:0x00000004
2026-09-28 12:59:16.137 --Proactor<s2>.process_message  path:0x00000401
2026-09-28 12:59:16.137 ----------------------------------------------------------------------------------------
2026-09-28 12:59:17.333 
2026-09-28 12:59:17.333 ++++++++++++++++++++++++++++++++++++++++++++++++++++++++++++++++++++++++++++++++++++++++
2026-09-28 12:59:17.333 ++Proactor<s2>.process_message  [analog-temp/synced.readings]
2026-09-28 12:59:17.334   IN  internal     analog-temp to hw1.isone.me.versant.keene.maple.scada.s2     <-  [analog-temp/to/hw1.isone.me.versant.keene.maple.scada.s2/synced.readings]        SyncedReadings           
2026-09-28 12:59:17.334 ++Parentless.process_internal_message analog-temp/synced.readings
2026-09-28 12:59:17.334   OUT mqtt         analog-temp to s                                       ->  [gw/hw1-isone-me-versant-keene-maple-scada-s2/to/s/synced-readings]               SyncedReadings           
2026-09-28 12:59:17.335 --Parentless.process_internal_message  path:0x00000004
2026-09-28 12:59:17.335 --Proactor<s2>.process_message  path:0x00000401
2026-09-28 12:59:17.335 ----------------------------------------------------------------------------------------
2026-09-28 12:59:17.533 
2026-09-28 12:59:17.533 ++++++++++++++++++++++++++++++++++++++++++++++++++++++++++++++++++++++++++++++++++++++++
2026-09-28 12:59:17.533 ++Proactor<s2>.process_message  [analog-temp/synced.readings]
2026-09-28 12:59:17.533   IN  internal     analog-temp to hw1.isone.me.versant.keene.maple.scada.s2     <-  [analog-temp/to/hw1.isone.me.versant.keene.maple.scada.s2/synced.readings]        SyncedReadings           
2026-09-28 12:59:17.534 ++Parentless.process_internal_message analog-temp/synced.readings
2026-09-28 12:59:17.534   OUT mqtt         analog-temp to s                                       ->  [gw/hw1-isone-me-versant-keene-maple-scada-s2/to/s/synced-readings]               SyncedReadings           
2026-09-28 12:59:17.535 --Parentless.process_internal_message  path:0x00000004
2026-09-28 12:59:17.535 --Proactor<s2>.process_message  path:0x00000401
2026-09-28 12:59:17.535 ----------------------------------------------------------------------------------------
2026-09-28 12:59:17.733 
2026-09-28 12:59:17.733 ++++++++++++++++++++++++++++++++++++++++++++++++++++++++++++++++++++++++++++++++++++++++
2026-09-28 12:59:17.733 ++Proactor<s2>.process_message  [analog-temp/synced.readings]
2026-09-28 12:59:17.733   IN  internal     analog-temp to hw1.isone.me.versant.keene.maple.scada.s2     <-  [analog-temp/to/hw1.isone.me.versant.keene.maple.scada.s2/synced.readings]        SyncedReadings           
2026-09-28 12:59:17.734 ++Parentless.process_internal_message analog-temp/synced.readings
2026-09-28 12:59:17.734   OUT mqtt         analog-temp to s                                       ->  [gw/hw1-isone-me-versant-keene-maple-scada-s2/to/s/synced-readings]               SyncedReadings           
2026-09-28 12:59:17.735 --Parentless.process_internal_message  path:0x00000004
2026-09-28 12:59:17.735 --Proactor<s2>.process_message  path:0x00000401
2026-09-28 12:59:17.735 ----------------------------------------------------------------------------------------
2026-09-28 12:59:18.933 
2026-09-28 12:59:18.933 ++++++++++++++++++++++++++++++++++++++++++++++++++++++++++++++++++++++++++++++++++++++++
2026-09-28 12:59:18.933 ++Proactor<s2>.process_message  [analog-temp/synced.readings]
2026-09-28 12:59:18.934   IN  internal     analog-temp to hw1.isone.me.versant.keene.maple.scada.s2     <-  [analog-temp/to/hw1.isone.me.versant.keene.maple.scada.s2/synced.readings]        SyncedReadings           
2026-09-28 12:59:18.934 ++Parentless.process_internal_message analog-temp/synced.readings
2026-09-28 12:59:18.934   OUT mqtt         analog-temp to s                                       ->  [gw/hw1-isone-me-versant-keene-maple-scada-s2/to/s/synced-readings]               SyncedReadings           
2026-09-28 12:59:18.935 --Parentless.process_internal_message  path:0x00000004
2026-09-28 12:59:18.935 --Proactor<s2>.process_message  path:0x00000401
2026-09-28 12:59:18.935 ----------------------------------------------------------------------------------------
2026-09-28 12:59:19.133 
2026-09-28 12:59:19.134 ++++++++++++++++++++++++++++++++++++++++++++++++++++++++++++++++++++++++++++++++++++++++
2026-09-28 12:59:19.134 ++Proactor<s2>.process_message  [analog-temp/synced.readings]
2026-09-28 12:59:19.134   IN  internal     analog-temp to hw1.isone.me.versant.keene.maple.scada.s2     <-  [analog-temp/to/hw1.isone.me.versant.keene.maple.scada.s2/synced.readings]        SyncedReadings           
2026-09-28 12:59:19.134 ++Parentless.process_internal_message analog-temp/synced.readings
2026-09-28 12:59:19.135   OUT mqtt         analog-temp to s                                       ->  [gw/hw1-isone-me-versant-keene-maple-scada-s2/to/s/synced-readings]               SyncedReadings           
2026-09-28 12:59:19.135 --Parentless.process_internal_message  path:0x00000004
2026-09-28 12:59:19.136 --Proactor<s2>.process_message  path:0x00000401
2026-09-28 12:59:19.136 ----------------------------------------------------------------------------------------
2026-09-28 12:59:19.533 
2026-09-28 12:59:19.540 ++++++++++++++++++++++++++++++++++++++++++++++++++++++++++++++++++++++++++++++++++++++++
2026-09-28 12:59:19.540 ++Proactor<s2>.process_message  [analog-temp/synced.readings]
2026-09-28 12:59:19.541   IN  internal     analog-temp to hw1.isone.me.versant.keene.maple.scada.s2     <-  [analog-temp/to/hw1.isone.me.versant.keene.maple.scada.s2/synced.readings]        SyncedReadings           
2026-09-28 12:59:19.541 ++Parentless.process_internal_message analog-temp/synced.readings
2026-09-28 12:59:19.542   OUT mqtt         analog-temp to s                                       ->  [gw/hw1-isone-me-versant-keene-maple-scada-s2/to/s/synced-readings]               SyncedReadings           
2026-09-28 12:59:19.542 --Parentless.process_internal_message  path:0x00000004
2026-09-28 12:59:19.542 --Proactor<s2>.process_message  path:0x00000401
2026-09-28 12:59:19.542 ----------------------------------------------------------------------------------------
2026-09-28 12:59:19.734 
2026-09-28 12:59:19.734 ++++++++++++++++++++++++++++++++++++++++++++++++++++++++++++++++++++++++++++++++++++++++
2026-09-28 12:59:19.735 ++Proactor<s2>.process_message  [analog-temp/synced.readings]
2026-09-28 12:59:19.735   IN  internal     analog-temp to hw1.isone.me.versant.keene.maple.scada.s2     <-  [analog-temp/to/hw1.isone.me.versant.keene.maple.scada.s2/synced.readings]        SyncedReadings           
2026-09-28 12:59:19.735 ++Parentless.process_internal_message analog-temp/synced.readings
2026-09-28 12:59:19.736   OUT mqtt         analog-temp to s                                       ->  [gw/hw1-isone-me-versant-keene-maple-scada-s2/to/s/synced-readings]               SyncedReadings           
2026-09-28 12:59:19.736 --Parentless.process_internal_message  path:0x00000004
2026-09-28 12:59:19.736 --Proactor<s2>.process_message  path:0x00000401
2026-09-28 12:59:19.737 ----------------------------------------------------------------------------------------
2026-09-28 12:59:20.749 
2026-09-28 12:59:20.750 ++++++++++++++++++++++++++++++++++++++++++++++++++++++++++++++++++++++++++++++++++++++++
2026-09-28 12:59:20.750 ++Proactor<s2>.process_message  [analog-temp/synced.readings]
2026-09-28 12:59:20.751   IN  internal     analog-temp to hw1.isone.me.versant.keene.maple.scada.s2     <-  [analog-temp/to/hw1.isone.me.versant.keene.maple.scada.s2/synced.readings]        SyncedReadings           
2026-09-28 12:59:20.752 ++Parentless.process_internal_message analog-temp/synced.readings
2026-09-28 12:59:20.753   OUT mqtt         analog-temp to s                                       ->  [gw/hw1-isone-me-versant-keene-maple-scada-s2/to/s/synced-readings]               SyncedReadings           
2026-09-28 12:59:20.754 --Parentless.process_internal_message  path:0x00000004
2026-09-28 12:59:20.754 --Proactor<s2>.process_message  path:0x00000401
2026-09-28 12:59:20.755 ----------------------------------------------------------------------------------------
2026-09-28 12:59:21.350 
2026-09-28 12:59:21.351 ++++++++++++++++++++++++++++++++++++++++++++++++++++++++++++++++++++++++++++++++++++++++
2026-09-28 12:59:21.352 ++Proactor<s2>.process_message  [analog-temp/synced.readings]
2026-09-28 12:59:21.352   IN  internal     analog-temp to hw1.isone.me.versant.keene.maple.scada.s2     <-  [analog-temp/to/hw1.isone.me.versant.keene.maple.scada.s2/synced.readings]        SyncedReadings           
2026-09-28 12:59:21.353 ++Parentless.process_internal_message analog-temp/synced.readings
2026-09-28 12:59:21.354   OUT mqtt         analog-temp to s                                       ->  [gw/hw1-isone-me-versant-keene-maple-scada-s2/to/s/synced-readings]               SyncedReadings           
2026-09-28 12:59:21.355 --Parentless.process_internal_message  path:0x00000004
2026-09-28 12:59:21.355 --Proactor<s2>.process_message  path:0x00000401
2026-09-28 12:59:21.356 ----------------------------------------------------------------------------------------
2026-09-28 12:59:21.950 
2026-09-28 12:59:21.950 ++++++++++++++++++++++++++++++++++++++++++++++++++++++++++++++++++++++++++++++++++++++++
2026-09-28 12:59:21.951 ++Proactor<s2>.process_message  [analog-temp/synced.readings]
2026-09-28 12:59:21.952   IN  internal     analog-temp to hw1.isone.me.versant.keene.maple.scada.s2     <-  [analog-temp/to/hw1.isone.me.versant.keene.maple.scada.s2/synced.readings]        SyncedReadings           
2026-09-28 12:59:21.952 ++Parentless.process_internal_message analog-temp/synced.readings
2026-09-28 12:59:21.953   OUT mqtt         analog-temp to s                                       ->  [gw/hw1-isone-me-versant-keene-maple-scada-s2/to/s/synced-readings]               SyncedReadings           
2026-09-28 12:59:21.954 --Parentless.process_internal_message  path:0x00000004
2026-09-28 12:59:21.955 --Proactor<s2>.process_message  path:0x00000401
2026-09-28 12:59:21.955 ----------------------------------------------------------------------------------------
2026-09-28 12:59:22.353 
2026-09-28 12:59:22.353 ++++++++++++++++++++++++++++++++++++++++++++++++++++++++++++++++++++++++++++++++++++++++
2026-09-28 12:59:22.354 ++Proactor<s2>.process_message  [analog-temp/synced.readings]
2026-09-28 12:59:22.355   IN  internal     analog-temp to hw1.isone.me.versant.keene.maple.scada.s2     <-  [analog-temp/to/hw1.isone.me.versant.keene.maple.scada.s2/synced.readings]        SyncedReadings           
2026-09-28 12:59:22.355 ++Parentless.process_internal_message analog-temp/synced.readings
2026-09-28 12:59:22.357   OUT mqtt         analog-temp to s                                       ->  [gw/hw1-isone-me-versant-keene-maple-scada-s2/to/s/synced-readings]               SyncedReadings           
2026-09-28 12:59:22.357 --Parentless.process_internal_message  path:0x00000004
2026-09-28 12:59:22.358 --Proactor<s2>.process_message  path:0x00000401
2026-09-28 12:59:22.358 ----------------------------------------------------------------------------------------
2026-09-28 12:59:22.951 
2026-09-28 12:59:22.952 ++++++++++++++++++++++++++++++++++++++++++++++++++++++++++++++++++++++++++++++++++++++++
2026-09-28 12:59:22.952 ++Proactor<s2>.process_message  [analog-temp/synced.readings]
2026-09-28 12:59:22.953   IN  internal     analog-temp to hw1.isone.me.versant.keene.maple.scada.s2     <-  [analog-temp/to/hw1.isone.me.versant.keene.maple.scada.s2/synced.readings]        SyncedReadings           
2026-09-28 12:59:22.953 ++Parentless.process_internal_message analog-temp/synced.readings
2026-09-28 12:59:22.956   OUT mqtt         analog-temp to s                                       ->  [gw/hw1-isone-me-versant-keene-maple-scada-s2/to/s/synced-readings]               SyncedReadings           
2026-09-28 12:59:22.957 --Parentless.process_internal_message  path:0x00000004
2026-09-28 12:59:22.958 --Proactor<s2>.process_message  path:0x00000401
2026-09-28 12:59:22.958 ----------------------------------------------------------------------------------------
2026-09-28 12:59:23.351 
2026-09-28 12:59:23.352 ++++++++++++++++++++++++++++++++++++++++++++++++++++++++++++++++++++++++++++++++++++++++
2026-09-28 12:59:23.352 ++Proactor<s2>.process_message  [analog-temp/synced.readings]
2026-09-28 12:59:23.353   IN  internal     analog-temp to hw1.isone.me.versant.keene.maple.scada.s2     <-  [analog-temp/to/hw1.isone.me.versant.keene.maple.scada.s2/synced.readings]        SyncedReadings           
2026-09-28 12:59:23.353 ++Parentless.process_internal_message analog-temp/synced.readings
2026-09-28 12:59:23.355   OUT mqtt         analog-temp to s                                       ->  [gw/hw1-isone-me-versant-keene-maple-scada-s2/to/s/synced-readings]               SyncedReadings           
2026-09-28 12:59:23.356 --Parentless.process_internal_message  path:0x00000004
2026-09-28 12:59:23.356 --Proactor<s2>.process_message  path:0x00000401
2026-09-28 12:59:23.357 ----------------------------------------------------------------------------------------
2026-09-28 12:59:24.351 
2026-09-28 12:59:24.352 ++++++++++++++++++++++++++++++++++++++++++++++++++++++++++++++++++++++++++++++++++++++++
2026-09-28 12:59:24.352 ++Proactor<s2>.process_message  [analog-temp/synced.readings]
2026-09-28 12:59:24.353   IN  internal     analog-temp to hw1.isone.me.versant.keene.maple.scada.s2     <-  [analog-temp/to/hw1.isone.me.versant.keene.maple.scada.s2/synced.readings]        SyncedReadings           
2026-09-28 12:59:24.353 ++Parentless.process_internal_message analog-temp/synced.readings
2026-09-28 12:59:24.355   OUT mqtt         analog-temp to s                                       ->  [gw/hw1-isone-me-versant-keene-maple-scada-s2/to/s/synced-readings]               SyncedReadings           
2026-09-28 12:59:24.355 --Parentless.process_internal_message  path:0x00000004
2026-09-28 12:59:24.356 --Proactor<s2>.process_message  path:0x00000401
2026-09-28 12:59:24.356 ----------------------------------------------------------------------------------------
2026-09-28 12:59:25.352 
2026-09-28 12:59:25.352 ++++++++++++++++++++++++++++++++++++++++++++++++++++++++++++++++++++++++++++++++++++++++
2026-09-28 12:59:25.353 ++Proactor<s2>.process_message  [analog-temp/synced.readings]
2026-09-28 12:59:25.353   IN  internal     analog-temp to hw1.isone.me.versant.keene.maple.scada.s2     <-  [analog-temp/to/hw1.isone.me.versant.keene.maple.scada.s2/synced.readings]        SyncedReadings           
2026-09-28 12:59:25.354 ++Parentless.process_internal_message analog-temp/synced.readings
2026-09-28 12:59:25.355   OUT mqtt         analog-temp to s                                       ->  [gw/hw1-isone-me-versant-keene-maple-scada-s2/to/s/synced-readings]               SyncedReadings           
2026-09-28 12:59:25.356 --Parentless.process_internal_message  path:0x00000004
2026-09-28 12:59:25.357 --Proactor<s2>.process_message  path:0x00000401
2026-09-28 12:59:25.357 ----------------------------------------------------------------------------------------
2026-09-28 12:59:25.953 
2026-09-28 12:59:25.953 ++++++++++++++++++++++++++++++++++++++++++++++++++++++++++++++++++++++++++++++++++++++++
2026-09-28 12:59:25.954 ++Proactor<s2>.process_message  [analog-temp/synced.readings]
2026-09-28 12:59:25.954   IN  internal     analog-temp to hw1.isone.me.versant.keene.maple.scada.s2     <-  [analog-temp/to/hw1.isone.me.versant.keene.maple.scada.s2/synced.readings]        SyncedReadings           
2026-09-28 12:59:25.955 ++Parentless.process_internal_message analog-temp/synced.readings
2026-09-28 12:59:25.956   OUT mqtt         analog-temp to s                                       ->  [gw/hw1-isone-me-versant-keene-maple-scada-s2/to/s/synced-readings]               SyncedReadings           
2026-09-28 12:59:25.957 --Parentless.process_internal_message  path:0x00000004
2026-09-28 12:59:25.957 --Proactor<s2>.process_message  path:0x00000401
2026-09-28 12:59:25.958 ----------------------------------------------------------------------------------------
2026-09-28 12:59:26.353 
2026-09-28 12:59:26.353 ++++++++++++++++++++++++++++++++++++++++++++++++++++++++++++++++++++++++++++++++++++++++
2026-09-28 12:59:26.354 ++Proactor<s2>.process_message  [analog-temp/synced.readings]
2026-09-28 12:59:26.354   IN  internal     analog-temp to hw1.isone.me.versant.keene.maple.scada.s2     <-  [analog-temp/to/hw1.isone.me.versant.keene.maple.scada.s2/synced.readings]        SyncedReadings           
2026-09-28 12:59:26.355 ++Parentless.process_internal_message analog-temp/synced.readings
2026-09-28 12:59:26.356   OUT mqtt         analog-temp to s                                       ->  [gw/hw1-isone-me-versant-keene-maple-scada-s2/to/s/synced-readings]               SyncedReadings           
2026-09-28 12:59:26.357 --Parentless.process_internal_message  path:0x00000004
2026-09-28 12:59:26.358 --Proactor<s2>.process_message  path:0x00000401
2026-09-28 12:59:26.358 ----------------------------------------------------------------------------------------
2026-09-28 12:59:27.538 
2026-09-28 12:59:27.539 ++++++++++++++++++++++++++++++++++++++++++++++++++++++++++++++++++++++++++++++++++++++++
2026-09-28 12:59:27.539 ++Proactor<s2>.process_message  [analog-temp/synced.readings]
2026-09-28 12:59:27.539   IN  internal     analog-temp to hw1.isone.me.versant.keene.maple.scada.s2     <-  [analog-temp/to/hw1.isone.me.versant.keene.maple.scada.s2/synced.readings]        SyncedReadings           
2026-09-28 12:59:27.540 ++Parentless.process_internal_message analog-temp/synced.readings
2026-09-28 12:59:27.540   OUT mqtt         analog-temp to s                                       ->  [gw/hw1-isone-me-versant-keene-maple-scada-s2/to/s/synced-readings]               SyncedReadings           
2026-09-28 12:59:27.541 --Parentless.process_internal_message  path:0x00000004
2026-09-28 12:59:27.541 --Proactor<s2>.process_message  path:0x00000401
2026-09-28 12:59:27.541 ----------------------------------------------------------------------------------------
2026-09-28 12:59:27.738 
2026-09-28 12:59:27.739 ++++++++++++++++++++++++++++++++++++++++++++++++++++++++++++++++++++++++++++++++++++++++
2026-09-28 12:59:27.739 ++Proactor<s2>.process_message  [analog-temp/synced.readings]
2026-09-28 12:59:27.739   IN  internal     analog-temp to hw1.isone.me.versant.keene.maple.scada.s2     <-  [analog-temp/to/hw1.isone.me.versant.keene.maple.scada.s2/synced.readings]        SyncedReadings           
2026-09-28 12:59:27.739 ++Parentless.process_internal_message analog-temp/synced.readings
2026-09-28 12:59:27.740   OUT mqtt         analog-temp to s                                       ->  [gw/hw1-isone-me-versant-keene-maple-scada-s2/to/s/synced-readings]               SyncedReadings           
2026-09-28 12:59:27.740 --Parentless.process_internal_message  path:0x00000004
2026-09-28 12:59:27.741 --Proactor<s2>.process_message  path:0x00000401
2026-09-28 12:59:27.741 ----------------------------------------------------------------------------------------
2026-09-28 12:59:28.339 
2026-09-28 12:59:28.339 ++++++++++++++++++++++++++++++++++++++++++++++++++++++++++++++++++++++++++++++++++++++++
2026-09-28 12:59:28.340 ++Proactor<s2>.process_message  [analog-temp/synced.readings]
2026-09-28 12:59:28.340   IN  internal     analog-temp to hw1.isone.me.versant.keene.maple.scada.s2     <-  [analog-temp/to/hw1.isone.me.versant.keene.maple.scada.s2/synced.readings]        SyncedReadings           
2026-09-28 12:59:28.340 ++Parentless.process_internal_message analog-temp/synced.readings
2026-09-28 12:59:28.341   OUT mqtt         analog-temp to s                                       ->  [gw/hw1-isone-me-versant-keene-maple-scada-s2/to/s/synced-readings]               SyncedReadings           
2026-09-28 12:59:28.342 --Parentless.process_internal_message  path:0x00000004
2026-09-28 12:59:28.342 --Proactor<s2>.process_message  path:0x00000401
2026-09-28 12:59:28.342 ----------------------------------------------------------------------------------------
2026-09-28 12:59:28.739 
2026-09-28 12:59:28.739 ++++++++++++++++++++++++++++++++++++++++++++++++++++++++++++++++++++++++++++++++++++++++
2026-09-28 12:59:28.739 ++Proactor<s2>.process_message  [analog-temp/synced.readings]
2026-09-28 12:59:28.739   IN  internal     analog-temp to hw1.isone.me.versant.keene.maple.scada.s2     <-  [analog-temp/to/hw1.isone.me.versant.keene.maple.scada.s2/synced.readings]        SyncedReadings           
2026-09-28 12:59:28.740 ++Parentless.process_internal_message analog-temp/synced.readings
2026-09-28 12:59:28.740   OUT mqtt         analog-temp to s                                       ->  [gw/hw1-isone-me-versant-keene-maple-scada-s2/to/s/synced-readings]               SyncedReadings           
2026-09-28 12:59:28.741 --Parentless.process_internal_message  path:0x00000004
2026-09-28 12:59:28.741 --Proactor<s2>.process_message  path:0x00000401
2026-09-28 12:59:28.741 ----------------------------------------------------------------------------------------
2026-09-28 12:59:30.139 
2026-09-28 12:59:30.139 ++++++++++++++++++++++++++++++++++++++++++++++++++++++++++++++++++++++++++++++++++++++++
2026-09-28 12:59:30.140 ++Proactor<s2>.process_message  [analog-temp/synced.readings]
2026-09-28 12:59:30.140   IN  internal     analog-temp to hw1.isone.me.versant.keene.maple.scada.s2     <-  [analog-temp/to/hw1.isone.me.versant.keene.maple.scada.s2/synced.readings]        SyncedReadings           
2026-09-28 12:59:30.140 ++Parentless.process_internal_message analog-temp/synced.readings
2026-09-28 12:59:30.141   OUT mqtt         analog-temp to s                                       ->  [gw/hw1-isone-me-versant-keene-maple-scada-s2/to/s/synced-readings]               SyncedReadings           
2026-09-28 12:59:30.141 --Parentless.process_internal_message  path:0x00000004
2026-09-28 12:59:30.141 --Proactor<s2>.process_message  path:0x00000401
2026-09-28 12:59:30.141 ----------------------------------------------------------------------------------------
2026-09-28 12:59:31.140 
2026-09-28 12:59:31.140 ++++++++++++++++++++++++++++++++++++++++++++++++++++++++++++++++++++++++++++++++++++++++
2026-09-28 12:59:31.140 ++Proactor<s2>.process_message  [analog-temp/synced.readings]
2026-09-28 12:59:31.141   IN  internal     analog-temp to hw1.isone.me.versant.keene.maple.scada.s2     <-  [analog-temp/to/hw1.isone.me.versant.keene.maple.scada.s2/synced.readings]        SyncedReadings           
2026-09-28 12:59:31.141 ++Parentless.process_internal_message analog-temp/synced.readings
2026-09-28 12:59:31.142   OUT mqtt         analog-temp to s                                       ->  [gw/hw1-isone-me-versant-keene-maple-scada-s2/to/s/synced-readings]               SyncedReadings           
2026-09-28 12:59:31.142 --Parentless.process_internal_message  path:0x00000004
2026-09-28 12:59:31.142 --Proactor<s2>.process_message  path:0x00000401
2026-09-28 12:59:31.142 ----------------------------------------------------------------------------------------
2026-09-28 12:59:32.015 
2026-09-28 12:59:32.015 ++++++++++++++++++++++++++++++++++++++++++++++++++++++++++++++++++++++++++++++++++++++++
2026-09-28 12:59:32.015 ++Proactor<s2>.process_message  [gridworks-ping]
2026-09-28 12:59:32.015 ++Proactor<s2>._process_mqtt_message mqtt_clients/mqtt_message
2026-09-28 12:59:32.016   IN  mqtt         hw1.isone.me.versant.keene.maple.scada to s2           <-  [gw/hw1-isone-me-versant-keene-maple-scada/to/s2/gridworks-ping]                  Ping                      2dbb3010...
2026-09-28 12:59:32.016   OUT mqtt         hw1.isone.me.versant.keene.maple.scada.s2 to s         ->  [gw/hw1-isone-me-versant-keene-maple-scada-s2/to/s/gridworks-ack]                 Ack                       2dbb3010...
2026-09-28 12:59:32.017 --Proactor<s2>._process_mqtt_message:1  path:0x00000223
2026-09-28 12:59:32.017 --Proactor<s2>.process_message  path:0x00000002
2026-09-28 12:59:32.017 ----------------------------------------------------------------------------------------
2026-09-28 12:59:32.756 
2026-09-28 12:59:32.757 ++++++++++++++++++++++++++++++++++++++++++++++++++++++++++++++++++++++++++++++++++++++++
2026-09-28 12:59:32.757 ++Proactor<s2>.process_message  [analog-temp/synced.readings]
2026-09-28 12:59:32.758   IN  internal     analog-temp to hw1.isone.me.versant.keene.maple.scada.s2     <-  [analog-temp/to/hw1.isone.me.versant.keene.maple.scada.s2/synced.readings]        SyncedReadings           
2026-09-28 12:59:32.758 ++Parentless.process_internal_message analog-temp/synced.readings
2026-09-28 12:59:32.760   OUT mqtt         analog-temp to s                                       ->  [gw/hw1-isone-me-versant-keene-maple-scada-s2/to/s/synced-readings]               SyncedReadings           
2026-09-28 12:59:32.761 --Parentless.process_internal_message  path:0x00000004
2026-09-28 12:59:32.761 --Proactor<s2>.process_message  path:0x00000401
2026-09-28 12:59:32.762 ----------------------------------------------------------------------------------------
2026-09-28 12:59:33.357 
2026-09-28 12:59:33.357 ++++++++++++++++++++++++++++++++++++++++++++++++++++++++++++++++++++++++++++++++++++++++
2026-09-28 12:59:33.358 ++Proactor<s2>.process_message  [analog-temp/synced.readings]
2026-09-28 12:59:33.358   IN  internal     analog-temp to hw1.isone.me.versant.keene.maple.scada.s2     <-  [analog-temp/to/hw1.isone.me.versant.keene.maple.scada.s2/synced.readings]        SyncedReadings           
2026-09-28 12:59:33.359 ++Parentless.process_internal_message analog-temp/synced.readings
2026-09-28 12:59:33.360   OUT mqtt         analog-temp to s                                       ->  [gw/hw1-isone-me-versant-keene-maple-scada-s2/to/s/synced-readings]               SyncedReadings           
2026-09-28 12:59:33.361 --Parentless.process_internal_message  path:0x00000004
2026-09-28 12:59:33.362 --Proactor<s2>.process_message  path:0x00000401
2026-09-28 12:59:33.362 ----------------------------------------------------------------------------------------
2026-09-28 12:59:34.357 
2026-09-28 12:59:34.358 ++++++++++++++++++++++++++++++++++++++++++++++++++++++++++++++++++++++++++++++++++++++++
2026-09-28 12:59:34.358 ++Proactor<s2>.process_message  [analog-temp/synced.readings]
2026-09-28 12:59:34.359   IN  internal     analog-temp to hw1.isone.me.versant.keene.maple.scada.s2     <-  [analog-temp/to/hw1.isone.me.versant.keene.maple.scada.s2/synced.readings]        SyncedReadings           
2026-09-28 12:59:34.359 ++Parentless.process_internal_message analog-temp/synced.readings
2026-09-28 12:59:34.360   OUT mqtt         analog-temp to s                                       ->  [gw/hw1-isone-me-versant-keene-maple-scada-s2/to/s/synced-readings]               SyncedReadings           
2026-09-28 12:59:34.361 --Parentless.process_internal_message  path:0x00000004
2026-09-28 12:59:34.362 --Proactor<s2>.process_message  path:0x00000401
2026-09-28 12:59:34.362 ----------------------------------------------------------------------------------------
2026-09-28 12:59:35.358 
2026-09-28 12:59:35.358 ++++++++++++++++++++++++++++++++++++++++++++++++++++++++++++++++++++++++++++++++++++++++
2026-09-28 12:59:35.359 ++Proactor<s2>.process_message  [analog-temp/synced.readings]
2026-09-28 12:59:35.360   IN  internal     analog-temp to hw1.isone.me.versant.keene.maple.scada.s2     <-  [analog-temp/to/hw1.isone.me.versant.keene.maple.scada.s2/synced.readings]        SyncedReadings           
2026-09-28 12:59:35.360 ++Parentless.process_internal_message analog-temp/synced.readings
2026-09-28 12:59:35.362   OUT mqtt         analog-temp to s                                       ->  [gw/hw1-isone-me-versant-keene-maple-scada-s2/to/s/synced-readings]               SyncedReadings           
2026-09-28 12:59:35.363 --Parentless.process_internal_message  path:0x00000004
2026-09-28 12:59:35.364 --Proactor<s2>.process_message  path:0x00000401
2026-09-28 12:59:35.364 ----------------------------------------------------------------------------------------
2026-09-28 12:59:35.759 
2026-09-28 12:59:35.762 ++++++++++++++++++++++++++++++++++++++++++++++++++++++++++++++++++++++++++++++++++++++++
2026-09-28 12:59:35.763 ++Proactor<s2>.process_message  [analog-temp/synced.readings]
2026-09-28 12:59:35.764   IN  internal     analog-temp to hw1.isone.me.versant.keene.maple.scada.s2     <-  [analog-temp/to/hw1.isone.me.versant.keene.maple.scada.s2/synced.readings]        SyncedReadings           
2026-09-28 12:59:35.764 ++Parentless.process_internal_message analog-temp/synced.readings
2026-09-28 12:59:35.766   OUT mqtt         analog-temp to s                                       ->  [gw/hw1-isone-me-versant-keene-maple-scada-s2/to/s/synced-readings]               SyncedReadings           
2026-09-28 12:59:35.767 --Parentless.process_internal_message  path:0x00000004
2026-09-28 12:59:35.768 --Proactor<s2>.process_message  path:0x00000401
2026-09-28 12:59:35.768 ----------------------------------------------------------------------------------------
2026-09-28 12:59:35.959 
2026-09-28 12:59:35.960 ++++++++++++++++++++++++++++++++++++++++++++++++++++++++++++++++++++++++++++++++++++++++
2026-09-28 12:59:35.960 ++Proactor<s2>.process_message  [analog-temp/synced.readings]
2026-09-28 12:59:35.961   IN  internal     analog-temp to hw1.isone.me.versant.keene.maple.scada.s2     <-  [analog-temp/to/hw1.isone.me.versant.keene.maple.scada.s2/synced.readings]        SyncedReadings           
2026-09-28 12:59:35.961 ++Parentless.process_internal_message analog-temp/synced.readings
2026-09-28 12:59:35.963   OUT mqtt         analog-temp to s                                       ->  [gw/hw1-isone-me-versant-keene-maple-scada-s2/to/s/synced-readings]               SyncedReadings           
2026-09-28 12:59:35.964 --Parentless.process_internal_message  path:0x00000004
2026-09-28 12:59:35.965 --Proactor<s2>.process_message  path:0x00000401
2026-09-28 12:59:35.965 ----------------------------------------------------------------------------------------
2026-09-28 12:59:38.360 
2026-09-28 12:59:38.360 ++++++++++++++++++++++++++++++++++++++++++++++++++++++++++++++++++++++++++++++++++++++++
2026-09-28 12:59:38.361 ++Proactor<s2>.process_message  [analog-temp/synced.readings]
2026-09-28 12:59:38.361   IN  internal     analog-temp to hw1.isone.me.versant.keene.maple.scada.s2     <-  [analog-temp/to/hw1.isone.me.versant.keene.maple.scada.s2/synced.readings]        SyncedReadings           
2026-09-28 12:59:38.362 ++Parentless.process_internal_message analog-temp/synced.readings
2026-09-28 12:59:38.363   OUT mqtt         analog-temp to s                                       ->  [gw/hw1-isone-me-versant-keene-maple-scada-s2/to/s/synced-readings]               SyncedReadings           
2026-09-28 12:59:38.364 --Parentless.process_internal_message  path:0x00000004
2026-09-28 12:59:38.365 --Proactor<s2>.process_message  path:0x00000401
2026-09-28 12:59:38.365 ----------------------------------------------------------------------------------------
2026-09-28 12:59:38.760 
2026-09-28 12:59:38.761 ++++++++++++++++++++++++++++++++++++++++++++++++++++++++++++++++++++++++++++++++++++++++
2026-09-28 12:59:38.761 ++Proactor<s2>.process_message  [analog-temp/synced.readings]
2026-09-28 12:59:38.762   IN  internal     analog-temp to hw1.isone.me.versant.keene.maple.scada.s2     <-  [analog-temp/to/hw1.isone.me.versant.keene.maple.scada.s2/synced.readings]        SyncedReadings           
2026-09-28 12:59:38.762 ++Parentless.process_internal_message analog-temp/synced.readings
2026-09-28 12:59:38.764   OUT mqtt         analog-temp to s                                       ->  [gw/hw1-isone-me-versant-keene-maple-scada-s2/to/s/synced-readings]               SyncedReadings           
2026-09-28 12:59:38.765 --Parentless.process_internal_message  path:0x00000004
2026-09-28 12:59:38.765 --Proactor<s2>.process_message  path:0x00000401
2026-09-28 12:59:38.766 ----------------------------------------------------------------------------------------
2026-09-28 12:59:38.960 
2026-09-28 12:59:38.961 ++++++++++++++++++++++++++++++++++++++++++++++++++++++++++++++++++++++++++++++++++++++++
2026-09-28 12:59:38.962 ++Proactor<s2>.process_message  [analog-temp/synced.readings]
2026-09-28 12:59:38.962   IN  internal     analog-temp to hw1.isone.me.versant.keene.maple.scada.s2     <-  [analog-temp/to/hw1.isone.me.versant.keene.maple.scada.s2/synced.readings]        SyncedReadings           
2026-09-28 12:59:38.963 ++Parentless.process_internal_message analog-temp/synced.readings
2026-09-28 12:59:38.964   OUT mqtt         analog-temp to s                                       ->  [gw/hw1-isone-me-versant-keene-maple-scada-s2/to/s/synced-readings]               SyncedReadings           
2026-09-28 12:59:38.965 --Parentless.process_internal_message  path:0x00000004
2026-09-28 12:59:38.966 --Proactor<s2>.process_message  path:0x00000401
2026-09-28 12:59:38.966 ----------------------------------------------------------------------------------------
2026-09-28 12:59:41.761 
2026-09-28 12:59:41.762 ++++++++++++++++++++++++++++++++++++++++++++++++++++++++++++++++++++++++++++++++++++++++
2026-09-28 12:59:41.762 ++Proactor<s2>.process_message  [analog-temp/synced.readings]
2026-09-28 12:59:41.763   IN  internal     analog-temp to hw1.isone.me.versant.keene.maple.scada.s2     <-  [analog-temp/to/hw1.isone.me.versant.keene.maple.scada.s2/synced.readings]        SyncedReadings           
2026-09-28 12:59:41.763 ++Parentless.process_internal_message analog-temp/synced.readings
2026-09-28 12:59:41.765   OUT mqtt         analog-temp to s                                       ->  [gw/hw1-isone-me-versant-keene-maple-scada-s2/to/s/synced-readings]               SyncedReadings           
2026-09-28 12:59:41.765 --Parentless.process_internal_message  path:0x00000004
2026-09-28 12:59:41.766 --Proactor<s2>.process_message  path:0x00000401
2026-09-28 12:59:41.766 ----------------------------------------------------------------------------------------
2026-09-28 12:59:41.962 
2026-09-28 12:59:41.962 ++++++++++++++++++++++++++++++++++++++++++++++++++++++++++++++++++++++++++++++++++++++++
2026-09-28 12:59:41.963 ++Proactor<s2>.process_message  [analog-temp/synced.readings]
2026-09-28 12:59:41.963   IN  internal     analog-temp to hw1.isone.me.versant.keene.maple.scada.s2     <-  [analog-temp/to/hw1.isone.me.versant.keene.maple.scada.s2/synced.readings]        SyncedReadings           
2026-09-28 12:59:41.964 ++Parentless.process_internal_message analog-temp/synced.readings
2026-09-28 12:59:41.965   OUT mqtt         analog-temp to s                                       ->  [gw/hw1-isone-me-versant-keene-maple-scada-s2/to/s/synced-readings]               SyncedReadings           
2026-09-28 12:59:41.966 --Parentless.process_internal_message  path:0x00000004
2026-09-28 12:59:41.966 --Proactor<s2>.process_message  path:0x00000401
2026-09-28 12:59:41.967 ----------------------------------------------------------------------------------------
2026-09-28 12:59:42.964 
2026-09-28 12:59:42.965 ++++++++++++++++++++++++++++++++++++++++++++++++++++++++++++++++++++++++++++++++++++++++
2026-09-28 12:59:42.965 ++Proactor<s2>.process_message  [analog-temp/synced.readings]
2026-09-28 12:59:42.966   IN  internal     analog-temp to hw1.isone.me.versant.keene.maple.scada.s2     <-  [analog-temp/to/hw1.isone.me.versant.keene.maple.scada.s2/synced.readings]        SyncedReadings           
2026-09-28 12:59:42.966 ++Parentless.process_internal_message analog-temp/synced.readings
2026-09-28 12:59:42.968   OUT mqtt         analog-temp to s                                       ->  [gw/hw1-isone-me-versant-keene-maple-scada-s2/to/s/synced-readings]               SyncedReadings           
2026-09-28 12:59:42.969 --Parentless.process_internal_message  path:0x00000004
2026-09-28 12:59:42.970 --Proactor<s2>.process_message  path:0x00000401
2026-09-28 12:59:42.970 ----------------------------------------------------------------------------------------
2026-09-28 12:59:43.364 
2026-09-28 12:59:43.365 ++++++++++++++++++++++++++++++++++++++++++++++++++++++++++++++++++++++++++++++++++++++++
2026-09-28 12:59:43.365 ++Proactor<s2>.process_message  [analog-temp/synced.readings]
2026-09-28 12:59:43.366   IN  internal     analog-temp to hw1.isone.me.versant.keene.maple.scada.s2     <-  [analog-temp/to/hw1.isone.me.versant.keene.maple.scada.s2/synced.readings]        SyncedReadings           
2026-09-28 12:59:43.366 ++Parentless.process_internal_message analog-temp/synced.readings
2026-09-28 12:59:43.368   OUT mqtt         analog-temp to s                                       ->  [gw/hw1-isone-me-versant-keene-maple-scada-s2/to/s/synced-readings]               SyncedReadings           
2026-09-28 12:59:43.369 --Parentless.process_internal_message  path:0x00000004
2026-09-28 12:59:43.369 --Proactor<s2>.process_message  path:0x00000401
2026-09-28 12:59:43.370 ----------------------------------------------------------------------------------------
2026-09-28 12:59:43.566 
2026-09-28 12:59:43.567 ++++++++++++++++++++++++++++++++++++++++++++++++++++++++++++++++++++++++++++++++++++++++
2026-09-28 12:59:43.567 ++Proactor<s2>.process_message  [analog-temp/synced.readings]
2026-09-28 12:59:43.568   IN  internal     analog-temp to hw1.isone.me.versant.keene.maple.scada.s2     <-  [analog-temp/to/hw1.isone.me.versant.keene.maple.scada.s2/synced.readings]        SyncedReadings           
2026-09-28 12:59:43.569 ++Parentless.process_internal_message analog-temp/synced.readings
2026-09-28 12:59:43.571   OUT mqtt         analog-temp to s                                       ->  [gw/hw1-isone-me-versant-keene-maple-scada-s2/to/s/synced-readings]               SyncedReadings           
2026-09-28 12:59:43.572 --Parentless.process_internal_message  path:0x00000004
2026-09-28 12:59:43.573 --Proactor<s2>.process_message  path:0x00000401
2026-09-28 12:59:43.573 ----------------------------------------------------------------------------------------
2026-09-28 12:59:44.554 
2026-09-28 12:59:44.555 ++++++++++++++++++++++++++++++++++++++++++++++++++++++++++++++++++++++++++++++++++++++++
2026-09-28 12:59:44.555 ++Proactor<s2>.process_message  [analog-temp/synced.readings]
2026-09-28 12:59:44.555   IN  internal     analog-temp to hw1.isone.me.versant.keene.maple.scada.s2     <-  [analog-temp/to/hw1.isone.me.versant.keene.maple.scada.s2/synced.readings]        SyncedReadings           
2026-09-28 12:59:44.555 ++Parentless.process_internal_message analog-temp/synced.readings
2026-09-28 12:59:44.556   OUT mqtt         analog-temp to s                                       ->  [gw/hw1-isone-me-versant-keene-maple-scada-s2/to/s/synced-readings]               SyncedReadings           
2026-09-28 12:59:44.556 --Parentless.process_internal_message  path:0x00000004
2026-09-28 12:59:44.557 --Proactor<s2>.process_message  path:0x00000401
2026-09-28 12:59:44.557 ----------------------------------------------------------------------------------------
2026-09-28 12:59:45.148 
2026-09-28 12:59:45.149 ++++++++++++++++++++++++++++++++++++++++++++++++++++++++++++++++++++++++++++++++++++++++
2026-09-28 12:59:45.149 ++Proactor<s2>.process_message  [analog-temp/synced.readings]
2026-09-28 12:59:45.149   IN  internal     analog-temp to hw1.isone.me.versant.keene.maple.scada.s2     <-  [analog-temp/to/hw1.isone.me.versant.keene.maple.scada.s2/synced.readings]        SyncedReadings           
2026-09-28 12:59:45.149 ++Parentless.process_internal_message analog-temp/synced.readings
2026-09-28 12:59:45.150   OUT mqtt         analog-temp to s                                       ->  [gw/hw1-isone-me-versant-keene-maple-scada-s2/to/s/synced-readings]               SyncedReadings           
2026-09-28 12:59:45.150 --Parentless.process_internal_message  path:0x00000004
2026-09-28 12:59:45.150 --Proactor<s2>.process_message  path:0x00000401
2026-09-28 12:59:45.151 ----------------------------------------------------------------------------------------
2026-09-28 12:59:45.748 
2026-09-28 12:59:45.749 ++++++++++++++++++++++++++++++++++++++++++++++++++++++++++++++++++++++++++++++++++++++++
2026-09-28 12:59:45.749 ++Proactor<s2>.process_message  [analog-temp/synced.readings]
2026-09-28 12:59:45.749   IN  internal     analog-temp to hw1.isone.me.versant.keene.maple.scada.s2     <-  [analog-temp/to/hw1.isone.me.versant.keene.maple.scada.s2/synced.readings]        SyncedReadings           
2026-09-28 12:59:45.749 ++Parentless.process_internal_message analog-temp/synced.readings
2026-09-28 12:59:45.750   OUT mqtt         analog-temp to s                                       ->  [gw/hw1-isone-me-versant-keene-maple-scada-s2/to/s/synced-readings]               SyncedReadings           
2026-09-28 12:59:45.750 --Parentless.process_internal_message  path:0x00000004
2026-09-28 12:59:45.750 --Proactor<s2>.process_message  path:0x00000401
2026-09-28 12:59:45.751 ----------------------------------------------------------------------------------------
2026-09-28 12:59:46.148 
2026-09-28 12:59:46.148 ++++++++++++++++++++++++++++++++++++++++++++++++++++++++++++++++++++++++++++++++++++++++
2026-09-28 12:59:46.149 ++Proactor<s2>.process_message  [analog-temp/synced.readings]
2026-09-28 12:59:46.149   IN  internal     analog-temp to hw1.isone.me.versant.keene.maple.scada.s2     <-  [analog-temp/to/hw1.isone.me.versant.keene.maple.scada.s2/synced.readings]        SyncedReadings           
2026-09-28 12:59:46.149 ++Parentless.process_internal_message analog-temp/synced.readings
2026-09-28 12:59:46.150   OUT mqtt         analog-temp to s                                       ->  [gw/hw1-isone-me-versant-keene-maple-scada-s2/to/s/synced-readings]               SyncedReadings           
2026-09-28 12:59:46.150 --Parentless.process_internal_message  path:0x00000004
2026-09-28 12:59:46.150 --Proactor<s2>.process_message  path:0x00000401
2026-09-28 12:59:46.150 ----------------------------------------------------------------------------------------
2026-09-28 12:59:48.549 
2026-09-28 12:59:48.550 ++++++++++++++++++++++++++++++++++++++++++++++++++++++++++++++++++++++++++++++++++++++++
2026-09-28 12:59:48.550 ++Proactor<s2>.process_message  [analog-temp/synced.readings]
2026-09-28 12:59:48.550   IN  internal     analog-temp to hw1.isone.me.versant.keene.maple.scada.s2     <-  [analog-temp/to/hw1.isone.me.versant.keene.maple.scada.s2/synced.readings]        SyncedReadings           
2026-09-28 12:59:48.550 ++Parentless.process_internal_message analog-temp/synced.readings
2026-09-28 12:59:48.551   OUT mqtt         analog-temp to s                                       ->  [gw/hw1-isone-me-versant-keene-maple-scada-s2/to/s/synced-readings]               SyncedReadings           
2026-09-28 12:59:48.551 --Parentless.process_internal_message  path:0x00000004
2026-09-28 12:59:48.552 --Proactor<s2>.process_message  path:0x00000401
2026-09-28 12:59:48.552 ----------------------------------------------------------------------------------------
2026-09-28 12:59:50.365 
2026-09-28 12:59:50.366 ++++++++++++++++++++++++++++++++++++++++++++++++++++++++++++++++++++++++++++++++++++++++
2026-09-28 12:59:50.366 ++Proactor<s2>.process_message  [analog-temp/synced.readings]
2026-09-28 12:59:50.367   IN  internal     analog-temp to hw1.isone.me.versant.keene.maple.scada.s2     <-  [analog-temp/to/hw1.isone.me.versant.keene.maple.scada.s2/synced.readings]        SyncedReadings           
2026-09-28 12:59:50.368 ++Parentless.process_internal_message analog-temp/synced.readings
2026-09-28 12:59:50.369   OUT mqtt         analog-temp to s                                       ->  [gw/hw1-isone-me-versant-keene-maple-scada-s2/to/s/synced-readings]               SyncedReadings           
2026-09-28 12:59:50.370 --Parentless.process_internal_message  path:0x00000004
2026-09-28 12:59:50.370 --Proactor<s2>.process_message  path:0x00000401
2026-09-28 12:59:50.371 ----------------------------------------------------------------------------------------
2026-09-28 12:59:52.168 
2026-09-28 12:59:52.169 ++++++++++++++++++++++++++++++++++++++++++++++++++++++++++++++++++++++++++++++++++++++++
2026-09-28 12:59:52.169 ++Proactor<s2>.process_message  [analog-temp/synced.readings]
2026-09-28 12:59:52.170   IN  internal     analog-temp to hw1.isone.me.versant.keene.maple.scada.s2     <-  [analog-temp/to/hw1.isone.me.versant.keene.maple.scada.s2/synced.readings]        SyncedReadings           
2026-09-28 12:59:52.171 ++Parentless.process_internal_message analog-temp/synced.readings
2026-09-28 12:59:52.172   OUT mqtt         analog-temp to s                                       ->  [gw/hw1-isone-me-versant-keene-maple-scada-s2/to/s/synced-readings]               SyncedReadings           
2026-09-28 12:59:52.173 --Parentless.process_internal_message  path:0x00000004
2026-09-28 12:59:52.174 --Proactor<s2>.process_message  path:0x00000401
2026-09-28 12:59:52.174 ----------------------------------------------------------------------------------------
2026-09-28 12:59:53.167 
2026-09-28 12:59:53.168 ++++++++++++++++++++++++++++++++++++++++++++++++++++++++++++++++++++++++++++++++++++++++
2026-09-28 12:59:53.169 ++Proactor<s2>.process_message  [analog-temp/synced.readings]
2026-09-28 12:59:53.169   IN  internal     analog-temp to hw1.isone.me.versant.keene.maple.scada.s2     <-  [analog-temp/to/hw1.isone.me.versant.keene.maple.scada.s2/synced.readings]        SyncedReadings           
2026-09-28 12:59:53.170 ++Parentless.process_internal_message analog-temp/synced.readings
2026-09-28 12:59:53.172   OUT mqtt         analog-temp to s                                       ->  [gw/hw1-isone-me-versant-keene-maple-scada-s2/to/s/synced-readings]               SyncedReadings           
2026-09-28 12:59:53.173 --Parentless.process_internal_message  path:0x00000004
2026-09-28 12:59:53.173 --Proactor<s2>.process_message  path:0x00000401
2026-09-28 12:59:53.174 ----------------------------------------------------------------------------------------
2026-09-28 12:59:55.568 
2026-09-28 12:59:55.569 ++++++++++++++++++++++++++++++++++++++++++++++++++++++++++++++++++++++++++++++++++++++++
2026-09-28 12:59:55.569 ++Proactor<s2>.process_message  [analog-temp/synced.readings]
2026-09-28 12:59:55.570   IN  internal     analog-temp to hw1.isone.me.versant.keene.maple.scada.s2     <-  [analog-temp/to/hw1.isone.me.versant.keene.maple.scada.s2/synced.readings]        SyncedReadings           
2026-09-28 12:59:55.570 ++Parentless.process_internal_message analog-temp/synced.readings
2026-09-28 12:59:55.572   OUT mqtt         analog-temp to s                                       ->  [gw/hw1-isone-me-versant-keene-maple-scada-s2/to/s/synced-readings]               SyncedReadings           
2026-09-28 12:59:55.573 --Parentless.process_internal_message  path:0x00000004
2026-09-28 12:59:55.573 --Proactor<s2>.process_message  path:0x00000401
2026-09-28 12:59:55.574 ----------------------------------------------------------------------------------------
2026-09-28 12:59:55.767 
2026-09-28 12:59:55.768 ++++++++++++++++++++++++++++++++++++++++++++++++++++++++++++++++++++++++++++++++++++++++
2026-09-28 12:59:55.768 ++Proactor<s2>.process_message  [analog-temp/synced.readings]
2026-09-28 12:59:55.769   IN  internal     analog-temp to hw1.isone.me.versant.keene.maple.scada.s2     <-  [analog-temp/to/hw1.isone.me.versant.keene.maple.scada.s2/synced.readings]        SyncedReadings           
2026-09-28 12:59:55.769 ++Parentless.process_internal_message analog-temp/synced.readings
2026-09-28 12:59:55.771   OUT mqtt         analog-temp to s                                       ->  [gw/hw1-isone-me-versant-keene-maple-scada-s2/to/s/synced-readings]               SyncedReadings           
2026-09-28 12:59:55.772 --Parentless.process_internal_message  path:0x00000004
2026-09-28 12:59:55.772 --Proactor<s2>.process_message  path:0x00000401
2026-09-28 12:59:55.773 ----------------------------------------------------------------------------------------
2026-09-28 12:59:56.754 
2026-09-28 12:59:56.754 ++++++++++++++++++++++++++++++++++++++++++++++++++++++++++++++++++++++++++++++++++++++++
2026-09-28 12:59:56.754 ++Proactor<s2>.process_message  [analog-temp/synced.readings]
2026-09-28 12:59:56.755   IN  internal     analog-temp to hw1.isone.me.versant.keene.maple.scada.s2     <-  [analog-temp/to/hw1.isone.me.versant.keene.maple.scada.s2/synced.readings]        SyncedReadings           
2026-09-28 12:59:56.755 ++Parentless.process_internal_message analog-temp/synced.readings
2026-09-28 12:59:56.756   OUT mqtt         analog-temp to s                                       ->  [gw/hw1-isone-me-versant-keene-maple-scada-s2/to/s/synced-readings]               SyncedReadings           
2026-09-28 12:59:56.756 --Parentless.process_internal_message  path:0x00000004
2026-09-28 12:59:56.756 --Proactor<s2>.process_message  path:0x00000401
2026-09-28 12:59:56.756 ----------------------------------------------------------------------------------------
2026-09-28 12:59:56.954 
2026-09-28 12:59:56.954 ++++++++++++++++++++++++++++++++++++++++++++++++++++++++++++++++++++++++++++++++++++++++
2026-09-28 12:59:56.954 ++Proactor<s2>.process_message  [analog-temp/synced.readings]
2026-09-28 12:59:56.955   IN  internal     analog-temp to hw1.isone.me.versant.keene.maple.scada.s2     <-  [analog-temp/to/hw1.isone.me.versant.keene.maple.scada.s2/synced.readings]        SyncedReadings           
2026-09-28 12:59:56.955 ++Parentless.process_internal_message analog-temp/synced.readings
2026-09-28 12:59:56.956   OUT mqtt         analog-temp to s                                       ->  [gw/hw1-isone-me-versant-keene-maple-scada-s2/to/s/synced-readings]               SyncedReadings           
2026-09-28 12:59:56.956 --Parentless.process_internal_message  path:0x00000004
2026-09-28 12:59:56.956 --Proactor<s2>.process_message  path:0x00000401
2026-09-28 12:59:56.956 ----------------------------------------------------------------------------------------
2026-09-28 12:59:58.755 
2026-09-28 12:59:58.755 ++++++++++++++++++++++++++++++++++++++++++++++++++++++++++++++++++++++++++++++++++++++++
2026-09-28 12:59:58.756 ++Proactor<s2>.process_message  [analog-temp/synced.readings]
2026-09-28 12:59:58.756   IN  internal     analog-temp to hw1.isone.me.versant.keene.maple.scada.s2     <-  [analog-temp/to/hw1.isone.me.versant.keene.maple.scada.s2/synced.readings]        SyncedReadings           
2026-09-28 12:59:58.756 ++Parentless.process_internal_message analog-temp/synced.readings
2026-09-28 12:59:58.757   OUT mqtt         analog-temp to s                                       ->  [gw/hw1-isone-me-versant-keene-maple-scada-s2/to/s/synced-readings]               SyncedReadings           
2026-09-28 12:59:58.757 --Parentless.process_internal_message  path:0x00000004
2026-09-28 12:59:58.757 --Proactor<s2>.process_message  path:0x00000401
2026-09-28 12:59:58.757 ----------------------------------------------------------------------------------------
2026-09-28 13:00:01.972 
2026-09-28 13:00:01.973 ++++++++++++++++++++++++++++++++++++++++++++++++++++++++++++++++++++++++++++++++++++++++
2026-09-28 13:00:01.973 ++Proactor<s2>.process_message  [analog-temp/synced.readings]
2026-09-28 13:00:01.974   IN  internal     analog-temp to hw1.isone.me.versant.keene.maple.scada.s2     <-  [analog-temp/to/hw1.isone.me.versant.keene.maple.scada.s2/synced.readings]        SyncedReadings           
2026-09-28 13:00:01.974 ++Parentless.process_internal_message analog-temp/synced.readings
2026-09-28 13:00:01.976   OUT mqtt         analog-temp to s                                       ->  [gw/hw1-isone-me-versant-keene-maple-scada-s2/to/s/synced-readings]               SyncedReadings           
2026-09-28 13:00:01.977 --Parentless.process_internal_message  path:0x00000004
2026-09-28 13:00:01.977 --Proactor<s2>.process_message  path:0x00000401
2026-09-28 13:00:01.978 ----------------------------------------------------------------------------------------
2026-09-28 13:00:02.573 
2026-09-28 13:00:02.574 ++++++++++++++++++++++++++++++++++++++++++++++++++++++++++++++++++++++++++++++++++++++++
2026-09-28 13:00:02.574 ++Proactor<s2>.process_message  [analog-temp/synced.readings]
2026-09-28 13:00:02.575   IN  internal     analog-temp to hw1.isone.me.versant.keene.maple.scada.s2     <-  [analog-temp/to/hw1.isone.me.versant.keene.maple.scada.s2/synced.readings]        SyncedReadings           
2026-09-28 13:00:02.576 ++Parentless.process_internal_message analog-temp/synced.readings
2026-09-28 13:00:02.578   OUT mqtt         analog-temp to s                                       ->  [gw/hw1-isone-me-versant-keene-maple-scada-s2/to/s/synced-readings]               SyncedReadings           
2026-09-28 13:00:02.579 --Parentless.process_internal_message  path:0x00000004
2026-09-28 13:00:02.580 --Proactor<s2>.process_message  path:0x00000401
2026-09-28 13:00:02.581 ----------------------------------------------------------------------------------------
2026-09-28 13:00:02.773 
2026-09-28 13:00:02.773 ++++++++++++++++++++++++++++++++++++++++++++++++++++++++++++++++++++++++++++++++++++++++
2026-09-28 13:00:02.774 ++Proactor<s2>.process_message  [analog-temp/synced.readings]
2026-09-28 13:00:02.774   IN  internal     analog-temp to hw1.isone.me.versant.keene.maple.scada.s2     <-  [analog-temp/to/hw1.isone.me.versant.keene.maple.scada.s2/synced.readings]        SyncedReadings           
2026-09-28 13:00:02.775 ++Parentless.process_internal_message analog-temp/synced.readings
2026-09-28 13:00:02.777   OUT mqtt         analog-temp to s                                       ->  [gw/hw1-isone-me-versant-keene-maple-scada-s2/to/s/synced-readings]               SyncedReadings           
2026-09-28 13:00:02.778 --Parentless.process_internal_message  path:0x00000004
2026-09-28 13:00:02.778 --Proactor<s2>.process_message  path:0x00000401
2026-09-28 13:00:02.779 ----------------------------------------------------------------------------------------
2026-09-28 13:00:07.775 
2026-09-28 13:00:07.776 ++++++++++++++++++++++++++++++++++++++++++++++++++++++++++++++++++++++++++++++++++++++++
2026-09-28 13:00:07.777 ++Proactor<s2>.process_message  [analog-temp/synced.readings]
2026-09-28 13:00:07.777   IN  internal     analog-temp to hw1.isone.me.versant.keene.maple.scada.s2     <-  [analog-temp/to/hw1.isone.me.versant.keene.maple.scada.s2/synced.readings]        SyncedReadings           
2026-09-28 13:00:07.778 ++Parentless.process_internal_message analog-temp/synced.readings
2026-09-28 13:00:07.779   OUT mqtt         analog-temp to s                                       ->  [gw/hw1-isone-me-versant-keene-maple-scada-s2/to/s/synced-readings]               SyncedReadings           
2026-09-28 13:00:07.780 --Parentless.process_internal_message  path:0x00000004
2026-09-28 13:00:07.781 --Proactor<s2>.process_message  path:0x00000401
2026-09-28 13:00:07.781 ----------------------------------------------------------------------------------------
2026-09-28 13:00:08.560 
2026-09-28 13:00:08.561 ++++++++++++++++++++++++++++++++++++++++++++++++++++++++++++++++++++++++++++++++++++++++
2026-09-28 13:00:08.561 ++Proactor<s2>.process_message  [analog-temp/synced.readings]
2026-09-28 13:00:08.561   IN  internal     analog-temp to hw1.isone.me.versant.keene.maple.scada.s2     <-  [analog-temp/to/hw1.isone.me.versant.keene.maple.scada.s2/synced.readings]        SyncedReadings           
2026-09-28 13:00:08.561 ++Parentless.process_internal_message analog-temp/synced.readings
2026-09-28 13:00:08.562   OUT mqtt         analog-temp to s                                       ->  [gw/hw1-isone-me-versant-keene-maple-scada-s2/to/s/synced-readings]               SyncedReadings           
2026-09-28 13:00:08.562 --Parentless.process_internal_message  path:0x00000004
2026-09-28 13:00:08.563 --Proactor<s2>.process_message  path:0x00000401
2026-09-28 13:00:08.563 ----------------------------------------------------------------------------------------
2026-09-28 13:00:10.360 
2026-09-28 13:00:10.361 ++++++++++++++++++++++++++++++++++++++++++++++++++++++++++++++++++++++++++++++++++++++++
2026-09-28 13:00:10.361 ++Proactor<s2>.process_message  [analog-temp/synced.readings]
2026-09-28 13:00:10.361   IN  internal     analog-temp to hw1.isone.me.versant.keene.maple.scada.s2     <-  [analog-temp/to/hw1.isone.me.versant.keene.maple.scada.s2/synced.readings]        SyncedReadings           
2026-09-28 13:00:10.361 ++Parentless.process_internal_message analog-temp/synced.readings
2026-09-28 13:00:10.362   OUT mqtt         analog-temp to s                                       ->  [gw/hw1-isone-me-versant-keene-maple-scada-s2/to/s/synced-readings]               SyncedReadings           
2026-09-28 13:00:10.362 --Parentless.process_internal_message  path:0x00000004
2026-09-28 13:00:10.363 --Proactor<s2>.process_message  path:0x00000401
2026-09-28 13:00:10.363 ----------------------------------------------------------------------------------------
2026-09-28 13:00:13.578 
2026-09-28 13:00:13.578 ++++++++++++++++++++++++++++++++++++++++++++++++++++++++++++++++++++++++++++++++++++++++
2026-09-28 13:00:13.579 ++Proactor<s2>.process_message  [analog-temp/synced.readings]
2026-09-28 13:00:13.580   IN  internal     analog-temp to hw1.isone.me.versant.keene.maple.scada.s2     <-  [analog-temp/to/hw1.isone.me.versant.keene.maple.scada.s2/synced.readings]        SyncedReadings           
2026-09-28 13:00:13.580 ++Parentless.process_internal_message analog-temp/synced.readings
2026-09-28 13:00:13.582   OUT mqtt         analog-temp to s                                       ->  [gw/hw1-isone-me-versant-keene-maple-scada-s2/to/s/synced-readings]               SyncedReadings           
2026-09-28 13:00:13.583 --Parentless.process_internal_message  path:0x00000004
2026-09-28 13:00:13.584 --Proactor<s2>.process_message  path:0x00000401
2026-09-28 13:00:13.584 ----------------------------------------------------------------------------------------
2026-09-28 13:00:13.978 
2026-09-28 13:00:13.978 ++++++++++++++++++++++++++++++++++++++++++++++++++++++++++++++++++++++++++++++++++++++++
2026-09-28 13:00:13.979 ++Proactor<s2>.process_message  [analog-temp/synced.readings]
2026-09-28 13:00:13.979   IN  internal     analog-temp to hw1.isone.me.versant.keene.maple.scada.s2     <-  [analog-temp/to/hw1.isone.me.versant.keene.maple.scada.s2/synced.readings]        SyncedReadings           
2026-09-28 13:00:13.980 ++Parentless.process_internal_message analog-temp/synced.readings
2026-09-28 13:00:13.981   OUT mqtt         analog-temp to s                                       ->  [gw/hw1-isone-me-versant-keene-maple-scada-s2/to/s/synced-readings]               SyncedReadings           
2026-09-28 13:00:13.982 --Parentless.process_internal_message  path:0x00000004
2026-09-28 13:00:13.982 --Proactor<s2>.process_message  path:0x00000401
2026-09-28 13:00:13.983 ----------------------------------------------------------------------------------------
2026-09-28 13:00:15.779 
2026-09-28 13:00:15.779 ++++++++++++++++++++++++++++++++++++++++++++++++++++++++++++++++++++++++++++++++++++++++
2026-09-28 13:00:15.780 ++Proactor<s2>.process_message  [analog-temp/synced.readings]
2026-09-28 13:00:15.780   IN  internal     analog-temp to hw1.isone.me.versant.keene.maple.scada.s2     <-  [analog-temp/to/hw1.isone.me.versant.keene.maple.scada.s2/synced.readings]        SyncedReadings           
2026-09-28 13:00:15.781 ++Parentless.process_internal_message analog-temp/synced.readings
2026-09-28 13:00:15.782   OUT mqtt         analog-temp to s                                       ->  [gw/hw1-isone-me-versant-keene-maple-scada-s2/to/s/synced-readings]               SyncedReadings           
2026-09-28 13:00:15.783 --Parentless.process_internal_message  path:0x00000004
2026-09-28 13:00:15.784 --Proactor<s2>.process_message  path:0x00000401
2026-09-28 13:00:15.784 ----------------------------------------------------------------------------------------
2026-09-28 13:00:17.981 
2026-09-28 13:00:17.982 ++++++++++++++++++++++++++++++++++++++++++++++++++++++++++++++++++++++++++++++++++++++++
2026-09-28 13:00:17.982 ++Proactor<s2>.process_message  [analog-temp/synced.readings]
2026-09-28 13:00:17.983   IN  internal     analog-temp to hw1.isone.me.versant.keene.maple.scada.s2     <-  [analog-temp/to/hw1.isone.me.versant.keene.maple.scada.s2/synced.readings]        SyncedReadings           
2026-09-28 13:00:17.984 ++Parentless.process_internal_message analog-temp/synced.readings
2026-09-28 13:00:17.985   OUT mqtt         analog-temp to s                                       ->  [gw/hw1-isone-me-versant-keene-maple-scada-s2/to/s/synced-readings]               SyncedReadings           
2026-09-28 13:00:17.986 --Parentless.process_internal_message  path:0x00000004
2026-09-28 13:00:17.987 --Proactor<s2>.process_message  path:0x00000401
2026-09-28 13:00:17.987 ----------------------------------------------------------------------------------------
2026-09-28 13:00:27.186 
2026-09-28 13:00:27.186 ++++++++++++++++++++++++++++++++++++++++++++++++++++++++++++++++++++++++++++++++++++++++
2026-09-28 13:00:27.187 ++Proactor<s2>.process_message  [analog-temp/synced.readings]
2026-09-28 13:00:27.188   IN  internal     analog-temp to hw1.isone.me.versant.keene.maple.scada.s2     <-  [analog-temp/to/hw1.isone.me.versant.keene.maple.scada.s2/synced.readings]        SyncedReadings           
2026-09-28 13:00:27.188 ++Parentless.process_internal_message analog-temp/synced.readings
2026-09-28 13:00:27.190   OUT mqtt         analog-temp to s                                       ->  [gw/hw1-isone-me-versant-keene-maple-scada-s2/to/s/synced-readings]               SyncedReadings           
2026-09-28 13:00:27.191 --Parentless.process_internal_message  path:0x00000004
2026-09-28 13:00:27.192 --Proactor<s2>.process_message  path:0x00000401
2026-09-28 13:00:27.192 ----------------------------------------------------------------------------------------
2026-09-28 13:00:27.986 
2026-09-28 13:00:27.987 ++++++++++++++++++++++++++++++++++++++++++++++++++++++++++++++++++++++++++++++++++++++++
2026-09-28 13:00:27.988 ++Proactor<s2>.process_message  [analog-temp/synced.readings]
2026-09-28 13:00:27.988   IN  internal     analog-temp to hw1.isone.me.versant.keene.maple.scada.s2     <-  [analog-temp/to/hw1.isone.me.versant.keene.maple.scada.s2/synced.readings]        SyncedReadings           
2026-09-28 13:00:27.989 ++Parentless.process_internal_message analog-temp/synced.readings
2026-09-28 13:00:27.990   OUT mqtt         analog-temp to s                                       ->  [gw/hw1-isone-me-versant-keene-maple-scada-s2/to/s/synced-readings]               SyncedReadings           
2026-09-28 13:00:27.991 --Parentless.process_internal_message  path:0x00000004
2026-09-28 13:00:27.992 --Proactor<s2>.process_message  path:0x00000401
2026-09-28 13:00:27.993 ----------------------------------------------------------------------------------------
2026-09-28 13:00:31.789 
2026-09-28 13:00:31.790 ++++++++++++++++++++++++++++++++++++++++++++++++++++++++++++++++++++++++++++++++++++++++
2026-09-28 13:00:31.790 ++Proactor<s2>.process_message  [analog-temp/synced.readings]
2026-09-28 13:00:31.791   IN  internal     analog-temp to hw1.isone.me.versant.keene.maple.scada.s2     <-  [analog-temp/to/hw1.isone.me.versant.keene.maple.scada.s2/synced.readings]        SyncedReadings           
2026-09-28 13:00:31.792 ++Parentless.process_internal_message analog-temp/synced.readings
2026-09-28 13:00:31.793   OUT mqtt         analog-temp to s                                       ->  [gw/hw1-isone-me-versant-keene-maple-scada-s2/to/s/synced-readings]               SyncedReadings           
2026-09-28 13:00:31.794 --Parentless.process_internal_message  path:0x00000004
2026-09-28 13:00:31.795 --Proactor<s2>.process_message  path:0x00000401
2026-09-28 13:00:31.796 ----------------------------------------------------------------------------------------
2026-09-28 13:00:32.641 
2026-09-28 13:00:32.642 ++++++++++++++++++++++++++++++++++++++++++++++++++++++++++++++++++++++++++++++++++++++++
2026-09-28 13:00:32.642 ++Proactor<s2>.process_message  [gridworks-ping]
2026-09-28 13:00:32.642 ++Proactor<s2>._process_mqtt_message mqtt_clients/mqtt_message
2026-09-28 13:00:32.643   IN  mqtt         hw1.isone.me.versant.keene.maple.scada to s2           <-  [gw/hw1-isone-me-versant-keene-maple-scada/to/s2/gridworks-ping]                  Ping                      46c7a1f4...
2026-09-28 13:00:32.643   OUT mqtt         hw1.isone.me.versant.keene.maple.scada.s2 to s         ->  [gw/hw1-isone-me-versant-keene-maple-scada-s2/to/s/gridworks-ack]                 Ack                       46c7a1f4...
2026-09-28 13:00:32.644 --Proactor<s2>._process_mqtt_message:1  path:0x00000223
2026-09-28 13:00:32.644 --Proactor<s2>.process_message  path:0x00000002
2026-09-28 13:00:32.644 ----------------------------------------------------------------------------------------
2026-09-28 13:00:32.974 
2026-09-28 13:00:32.974 ++++++++++++++++++++++++++++++++++++++++++++++++++++++++++++++++++++++++++++++++++++++++
2026-09-28 13:00:32.975 ++Proactor<s2>.process_message  [analog-temp/synced.readings]
2026-09-28 13:00:32.975   IN  internal     analog-temp to hw1.isone.me.versant.keene.maple.scada.s2     <-  [analog-temp/to/hw1.isone.me.versant.keene.maple.scada.s2/synced.readings]        SyncedReadings           
2026-09-28 13:00:32.975 ++Parentless.process_internal_message analog-temp/synced.readings
2026-09-28 13:00:32.976   OUT mqtt         analog-temp to s                                       ->  [gw/hw1-isone-me-versant-keene-maple-scada-s2/to/s/synced-readings]               SyncedReadings           
2026-09-28 13:00:32.976 --Parentless.process_internal_message  path:0x00000004
2026-09-28 13:00:32.976 --Proactor<s2>.process_message  path:0x00000401
2026-09-28 13:00:32.977 ----------------------------------------------------------------------------------------
2026-09-28 13:00:33.974 
2026-09-28 13:00:33.974 ++++++++++++++++++++++++++++++++++++++++++++++++++++++++++++++++++++++++++++++++++++++++
2026-09-28 13:00:33.974 ++Proactor<s2>.process_message  [analog-temp/synced.readings]
2026-09-28 13:00:33.975   IN  internal     analog-temp to hw1.isone.me.versant.keene.maple.scada.s2     <-  [analog-temp/to/hw1.isone.me.versant.keene.maple.scada.s2/synced.readings]        SyncedReadings           
2026-09-28 13:00:33.975 ++Parentless.process_internal_message analog-temp/synced.readings
2026-09-28 13:00:33.975   OUT mqtt         analog-temp to s                                       ->  [gw/hw1-isone-me-versant-keene-maple-scada-s2/to/s/synced-readings]               SyncedReadings           
2026-09-28 13:00:33.976 --Parentless.process_internal_message  path:0x00000004
2026-09-28 13:00:33.976 --Proactor<s2>.process_message  path:0x00000401
2026-09-28 13:00:33.976 ----------------------------------------------------------------------------------------
2026-09-28 13:00:35.974 
2026-09-28 13:00:35.974 ++++++++++++++++++++++++++++++++++++++++++++++++++++++++++++++++++++++++++++++++++++++++
2026-09-28 13:00:35.974 ++Proactor<s2>.process_message  [analog-temp/synced.readings]
2026-09-28 13:00:35.975   IN  internal     analog-temp to hw1.isone.me.versant.keene.maple.scada.s2     <-  [analog-temp/to/hw1.isone.me.versant.keene.maple.scada.s2/synced.readings]        SyncedReadings           
2026-09-28 13:00:35.975 ++Parentless.process_internal_message analog-temp/synced.readings
2026-09-28 13:00:35.976   OUT mqtt         analog-temp to s                                       ->  [gw/hw1-isone-me-versant-keene-maple-scada-s2/to/s/synced-readings]               SyncedReadings           
2026-09-28 13:00:35.976 --Parentless.process_internal_message  path:0x00000004
2026-09-28 13:00:35.976 --Proactor<s2>.process_message  path:0x00000401
2026-09-28 13:00:35.976 ----------------------------------------------------------------------------------------
2026-09-28 13:00:41.993 
2026-09-28 13:00:41.994 ++++++++++++++++++++++++++++++++++++++++++++++++++++++++++++++++++++++++++++++++++++++++
2026-09-28 13:00:41.995 ++Proactor<s2>.process_message  [analog-temp/synced.readings]
2026-09-28 13:00:41.995   IN  internal     analog-temp to hw1.isone.me.versant.keene.maple.scada.s2     <-  [analog-temp/to/hw1.isone.me.versant.keene.maple.scada.s2/synced.readings]        SyncedReadings           
2026-09-28 13:00:41.996 ++Parentless.process_internal_message analog-temp/synced.readings
2026-09-28 13:00:41.998   OUT mqtt         analog-temp to s                                       ->  [gw/hw1-isone-me-versant-keene-maple-scada-s2/to/s/synced-readings]               SyncedReadings           
2026-09-28 13:00:41.999 --Parentless.process_internal_message  path:0x00000004
2026-09-28 13:00:41.999 --Proactor<s2>.process_message  path:0x00000401
2026-09-28 13:00:42.000 ----------------------------------------------------------------------------------------
2026-09-28 13:00:44.394 
2026-09-28 13:00:44.395 ++++++++++++++++++++++++++++++++++++++++++++++++++++++++++++++++++++++++++++++++++++++++
2026-09-28 13:00:44.396 ++Proactor<s2>.process_message  [analog-temp/synced.readings]
2026-09-28 13:00:44.396   IN  internal     analog-temp to hw1.isone.me.versant.keene.maple.scada.s2     <-  [analog-temp/to/hw1.isone.me.versant.keene.maple.scada.s2/synced.readings]        SyncedReadings           
2026-09-28 13:00:44.397 ++Parentless.process_internal_message analog-temp/synced.readings
2026-09-28 13:00:44.398   OUT mqtt         analog-temp to s                                       ->  [gw/hw1-isone-me-versant-keene-maple-scada-s2/to/s/synced-readings]               SyncedReadings           
2026-09-28 13:00:44.399 --Parentless.process_internal_message  path:0x00000004
2026-09-28 13:00:44.400 --Proactor<s2>.process_message  path:0x00000401
2026-09-28 13:00:44.400 ----------------------------------------------------------------------------------------
2026-09-28 13:00:46.797 
2026-09-28 13:00:46.797 ++++++++++++++++++++++++++++++++++++++++++++++++++++++++++++++++++++++++++++++++++++++++
2026-09-28 13:00:46.798 ++Proactor<s2>.process_message  [analog-temp/synced.readings]
2026-09-28 13:00:46.799   IN  internal     analog-temp to hw1.isone.me.versant.keene.maple.scada.s2     <-  [analog-temp/to/hw1.isone.me.versant.keene.maple.scada.s2/synced.readings]        SyncedReadings           
2026-09-28 13:00:46.799 ++Parentless.process_internal_message analog-temp/synced.readings
2026-09-28 13:00:46.801   OUT mqtt         analog-temp to s                                       ->  [gw/hw1-isone-me-versant-keene-maple-scada-s2/to/s/synced-readings]               SyncedReadings           
2026-09-28 13:00:46.802 --Parentless.process_internal_message  path:0x00000004
2026-09-28 13:00:46.802 --Proactor<s2>.process_message  path:0x00000401
2026-09-28 13:00:46.803 ----------------------------------------------------------------------------------------
2026-09-28 13:00:47.397 
2026-09-28 13:00:47.398 ++++++++++++++++++++++++++++++++++++++++++++++++++++++++++++++++++++++++++++++++++++++++
2026-09-28 13:00:47.398 ++Proactor<s2>.process_message  [analog-temp/synced.readings]
2026-09-28 13:00:47.399   IN  internal     analog-temp to hw1.isone.me.versant.keene.maple.scada.s2     <-  [analog-temp/to/hw1.isone.me.versant.keene.maple.scada.s2/synced.readings]        SyncedReadings           
2026-09-28 13:00:47.399 ++Parentless.process_internal_message analog-temp/synced.readings
2026-09-28 13:00:47.401   OUT mqtt         analog-temp to s                                       ->  [gw/hw1-isone-me-versant-keene-maple-scada-s2/to/s/synced-readings]               SyncedReadings           
2026-09-28 13:00:47.401 --Parentless.process_internal_message  path:0x00000004
2026-09-28 13:00:47.402 --Proactor<s2>.process_message  path:0x00000401
2026-09-28 13:00:47.402 ----------------------------------------------------------------------------------------
2026-09-28 13:00:49.398 
2026-09-28 13:00:49.403 ++++++++++++++++++++++++++++++++++++++++++++++++++++++++++++++++++++++++++++++++++++++++
2026-09-28 13:00:49.403 ++Proactor<s2>.process_message  [analog-temp/synced.readings]
2026-09-28 13:00:49.404   IN  internal     analog-temp to hw1.isone.me.versant.keene.maple.scada.s2     <-  [analog-temp/to/hw1.isone.me.versant.keene.maple.scada.s2/synced.readings]        SyncedReadings           
2026-09-28 13:00:49.404 ++Parentless.process_internal_message analog-temp/synced.readings
2026-09-28 13:00:49.406   OUT mqtt         analog-temp to s                                       ->  [gw/hw1-isone-me-versant-keene-maple-scada-s2/to/s/synced-readings]               SyncedReadings           
2026-09-28 13:00:49.407 --Parentless.process_internal_message  path:0x00000004
2026-09-28 13:00:49.407 --Proactor<s2>.process_message  path:0x00000401
2026-09-28 13:00:49.408 ----------------------------------------------------------------------------------------
2026-09-28 13:00:52.801 
2026-09-28 13:00:52.802 ++++++++++++++++++++++++++++++++++++++++++++++++++++++++++++++++++++++++++++++++++++++++
2026-09-28 13:00:52.802 ++Proactor<s2>.process_message  [analog-temp/synced.readings]
2026-09-28 13:00:52.803   IN  internal     analog-temp to hw1.isone.me.versant.keene.maple.scada.s2     <-  [analog-temp/to/hw1.isone.me.versant.keene.maple.scada.s2/synced.readings]        SyncedReadings           
2026-09-28 13:00:52.804 ++Parentless.process_internal_message analog-temp/synced.readings
2026-09-28 13:00:52.805   OUT mqtt         analog-temp to s                                       ->  [gw/hw1-isone-me-versant-keene-maple-scada-s2/to/s/synced-readings]               SyncedReadings           
2026-09-28 13:00:52.806 --Parentless.process_internal_message  path:0x00000004
2026-09-28 13:00:52.806 --Proactor<s2>.process_message  path:0x00000401
2026-09-28 13:00:52.807 ----------------------------------------------------------------------------------------
2026-09-28 13:00:53.000 
2026-09-28 13:00:53.000 ++++++++++++++++++++++++++++++++++++++++++++++++++++++++++++++++++++++++++++++++++++++++
2026-09-28 13:00:53.001 ++Proactor<s2>.process_message  [analog-temp/synced.readings]
2026-09-28 13:00:53.001   IN  internal     analog-temp to hw1.isone.me.versant.keene.maple.scada.s2     <-  [analog-temp/to/hw1.isone.me.versant.keene.maple.scada.s2/synced.readings]        SyncedReadings           
2026-09-28 13:00:53.002 ++Parentless.process_internal_message analog-temp/synced.readings
2026-09-28 13:00:53.003   OUT mqtt         analog-temp to s                                       ->  [gw/hw1-isone-me-versant-keene-maple-scada-s2/to/s/synced-readings]               SyncedReadings           
2026-09-28 13:00:53.004 --Parentless.process_internal_message  path:0x00000004
2026-09-28 13:00:53.005 --Proactor<s2>.process_message  path:0x00000401
2026-09-28 13:00:53.005 ----------------------------------------------------------------------------------------
2026-09-28 13:00:53.402 
2026-09-28 13:00:53.403 ++++++++++++++++++++++++++++++++++++++++++++++++++++++++++++++++++++++++++++++++++++++++
2026-09-28 13:00:53.403 ++Proactor<s2>.process_message  [analog-temp/synced.readings]
2026-09-28 13:00:53.404   IN  internal     analog-temp to hw1.isone.me.versant.keene.maple.scada.s2     <-  [analog-temp/to/hw1.isone.me.versant.keene.maple.scada.s2/synced.readings]        SyncedReadings           
2026-09-28 13:00:53.405 ++Parentless.process_internal_message analog-temp/synced.readings
2026-09-28 13:00:53.406   OUT mqtt         analog-temp to s                                       ->  [gw/hw1-isone-me-versant-keene-maple-scada-s2/to/s/synced-readings]               SyncedReadings           
2026-09-28 13:00:53.407 --Parentless.process_internal_message  path:0x00000004
2026-09-28 13:00:53.408 --Proactor<s2>.process_message  path:0x00000401
2026-09-28 13:00:53.408 ----------------------------------------------------------------------------------------
2026-09-28 13:00:54.401 
2026-09-28 13:00:54.407 ++++++++++++++++++++++++++++++++++++++++++++++++++++++++++++++++++++++++++++++++++++++++
2026-09-28 13:00:54.407 ++Proactor<s2>.process_message  [analog-temp/synced.readings]
2026-09-28 13:00:54.408   IN  internal     analog-temp to hw1.isone.me.versant.keene.maple.scada.s2     <-  [analog-temp/to/hw1.isone.me.versant.keene.maple.scada.s2/synced.readings]        SyncedReadings           
2026-09-28 13:00:54.409 ++Parentless.process_internal_message analog-temp/synced.readings
2026-09-28 13:00:54.410   OUT mqtt         analog-temp to s                                       ->  [gw/hw1-isone-me-versant-keene-maple-scada-s2/to/s/synced-readings]               SyncedReadings           
2026-09-28 13:00:54.411 --Parentless.process_internal_message  path:0x00000004
2026-09-28 13:00:54.412 --Proactor<s2>.process_message  path:0x00000401
2026-09-28 13:00:54.412 ----------------------------------------------------------------------------------------
2026-09-28 13:00:58.788 
2026-09-28 13:00:58.788 ++++++++++++++++++++++++++++++++++++++++++++++++++++++++++++++++++++++++++++++++++++++++
2026-09-28 13:00:58.788 ++Proactor<s2>.process_message  [analog-temp/synced.readings]
2026-09-28 13:00:58.788   IN  internal     analog-temp to hw1.isone.me.versant.keene.maple.scada.s2     <-  [analog-temp/to/hw1.isone.me.versant.keene.maple.scada.s2/synced.readings]        SyncedReadings           
2026-09-28 13:00:58.789 ++Parentless.process_internal_message analog-temp/synced.readings
2026-09-28 13:00:58.789   OUT mqtt         analog-temp to s                                       ->  [gw/hw1-isone-me-versant-keene-maple-scada-s2/to/s/synced-readings]               SyncedReadings           
2026-09-28 13:00:58.790 --Parentless.process_internal_message  path:0x00000004
2026-09-28 13:00:58.790 --Proactor<s2>.process_message  path:0x00000401
2026-09-28 13:00:58.790 ----------------------------------------------------------------------------------------
2026-09-28 13:00:58.988 
2026-09-28 13:00:58.988 ++++++++++++++++++++++++++++++++++++++++++++++++++++++++++++++++++++++++++++++++++++++++
2026-09-28 13:00:58.988 ++Proactor<s2>.process_message  [analog-temp/synced.readings]
2026-09-28 13:00:58.988   IN  internal     analog-temp to hw1.isone.me.versant.keene.maple.scada.s2     <-  [analog-temp/to/hw1.isone.me.versant.keene.maple.scada.s2/synced.readings]        SyncedReadings           
2026-09-28 13:00:58.989 ++Parentless.process_internal_message analog-temp/synced.readings
2026-09-28 13:00:58.989   OUT mqtt         analog-temp to s                                       ->  [gw/hw1-isone-me-versant-keene-maple-scada-s2/to/s/synced-readings]               SyncedReadings           
2026-09-28 13:00:58.990 --Parentless.process_internal_message  path:0x00000004
2026-09-28 13:00:58.990 --Proactor<s2>.process_message  path:0x00000401
2026-09-28 13:00:58.990 ----------------------------------------------------------------------------------------
2026-09-28 13:00:59.188 
2026-09-28 13:00:59.188 ++++++++++++++++++++++++++++++++++++++++++++++++++++++++++++++++++++++++++++++++++++++++
2026-09-28 13:00:59.189 ++Proactor<s2>.process_message  [analog-temp/synced.readings]
2026-09-28 13:00:59.189   IN  internal     analog-temp to hw1.isone.me.versant.keene.maple.scada.s2     <-  [analog-temp/to/hw1.isone.me.versant.keene.maple.scada.s2/synced.readings]        SyncedReadings           
2026-09-28 13:00:59.189 ++Parentless.process_internal_message analog-temp/synced.readings
2026-09-28 13:00:59.190   OUT mqtt         analog-temp to s                                       ->  [gw/hw1-isone-me-versant-keene-maple-scada-s2/to/s/synced-readings]               SyncedReadings           
2026-09-28 13:00:59.190 --Parentless.process_internal_message  path:0x00000004
2026-09-28 13:00:59.190 --Proactor<s2>.process_message  path:0x00000401
2026-09-28 13:00:59.190 ----------------------------------------------------------------------------------------
2026-09-28 13:00:59.788 
2026-09-28 13:00:59.789 ++++++++++++++++++++++++++++++++++++++++++++++++++++++++++++++++++++++++++++++++++++++++
2026-09-28 13:00:59.789 ++Proactor<s2>.process_message  [analog-temp/synced.readings]
2026-09-28 13:00:59.789   IN  internal     analog-temp to hw1.isone.me.versant.keene.maple.scada.s2     <-  [analog-temp/to/hw1.isone.me.versant.keene.maple.scada.s2/synced.readings]        SyncedReadings           
2026-09-28 13:00:59.789 ++Parentless.process_internal_message analog-temp/synced.readings
2026-09-28 13:00:59.790   OUT mqtt         analog-temp to s                                       ->  [gw/hw1-isone-me-versant-keene-maple-scada-s2/to/s/synced-readings]               SyncedReadings           
2026-09-28 13:00:59.790 --Parentless.process_internal_message  path:0x00000004
2026-09-28 13:00:59.791 --Proactor<s2>.process_message  path:0x00000401
2026-09-28 13:00:59.791 ----------------------------------------------------------------------------------------
2026-09-28 13:01:06.006 
2026-09-28 13:01:06.007 ++++++++++++++++++++++++++++++++++++++++++++++++++++++++++++++++++++++++++++++++++++++++
2026-09-28 13:01:06.007 ++Proactor<s2>.process_message  [analog-temp/synced.readings]
2026-09-28 13:01:06.008   IN  internal     analog-temp to hw1.isone.me.versant.keene.maple.scada.s2     <-  [analog-temp/to/hw1.isone.me.versant.keene.maple.scada.s2/synced.readings]        SyncedReadings           
2026-09-28 13:01:06.008 ++Parentless.process_internal_message analog-temp/synced.readings
2026-09-28 13:01:06.010   OUT mqtt         analog-temp to s                                       ->  [gw/hw1-isone-me-versant-keene-maple-scada-s2/to/s/synced-readings]               SyncedReadings           
2026-09-28 13:01:06.010 --Parentless.process_internal_message  path:0x00000004
2026-09-28 13:01:06.011 --Proactor<s2>.process_message  path:0x00000401
2026-09-28 13:01:06.011 ----------------------------------------------------------------------------------------
2026-09-28 13:01:07.208 
2026-09-28 13:01:07.208 ++++++++++++++++++++++++++++++++++++++++++++++++++++++++++++++++++++++++++++++++++++++++
2026-09-28 13:01:07.209 ++Proactor<s2>.process_message  [analog-temp/synced.readings]
2026-09-28 13:01:07.209   IN  internal     analog-temp to hw1.isone.me.versant.keene.maple.scada.s2     <-  [analog-temp/to/hw1.isone.me.versant.keene.maple.scada.s2/synced.readings]        SyncedReadings           
2026-09-28 13:01:07.210 ++Parentless.process_internal_message analog-temp/synced.readings
2026-09-28 13:01:07.211   OUT mqtt         analog-temp to s                                       ->  [gw/hw1-isone-me-versant-keene-maple-scada-s2/to/s/synced-readings]               SyncedReadings           
2026-09-28 13:01:07.212 --Parentless.process_internal_message  path:0x00000004
2026-09-28 13:01:07.213 --Proactor<s2>.process_message  path:0x00000401
2026-09-28 13:01:07.213 ----------------------------------------------------------------------------------------
2026-09-28 13:01:07.608 
2026-09-28 13:01:07.609 ++++++++++++++++++++++++++++++++++++++++++++++++++++++++++++++++++++++++++++++++++++++++
2026-09-28 13:01:07.609 ++Proactor<s2>.process_message  [analog-temp/synced.readings]
2026-09-28 13:01:07.610   IN  internal     analog-temp to hw1.isone.me.versant.keene.maple.scada.s2     <-  [analog-temp/to/hw1.isone.me.versant.keene.maple.scada.s2/synced.readings]        SyncedReadings           
2026-09-28 13:01:07.610 ++Parentless.process_internal_message analog-temp/synced.readings
2026-09-28 13:01:07.612   OUT mqtt         analog-temp to s                                       ->  [gw/hw1-isone-me-versant-keene-maple-scada-s2/to/s/synced-readings]               SyncedReadings           
2026-09-28 13:01:07.613 --Parentless.process_internal_message  path:0x00000004
2026-09-28 13:01:07.613 --Proactor<s2>.process_message  path:0x00000401
2026-09-28 13:01:07.613 ----------------------------------------------------------------------------------------
2026-09-28 13:01:10.210 
2026-09-28 13:01:10.210 ++++++++++++++++++++++++++++++++++++++++++++++++++++++++++++++++++++++++++++++++++++++++
2026-09-28 13:01:10.211 ++Proactor<s2>.process_message  [analog-temp/synced.readings]
2026-09-28 13:01:10.211   IN  internal     analog-temp to hw1.isone.me.versant.keene.maple.scada.s2     <-  [analog-temp/to/hw1.isone.me.versant.keene.maple.scada.s2/synced.readings]        SyncedReadings           
2026-09-28 13:01:10.212 ++Parentless.process_internal_message analog-temp/synced.readings
2026-09-28 13:01:10.213   OUT mqtt         analog-temp to s                                       ->  [gw/hw1-isone-me-versant-keene-maple-scada-s2/to/s/synced-readings]               SyncedReadings           
2026-09-28 13:01:10.214 --Parentless.process_internal_message  path:0x00000004
2026-09-28 13:01:10.215 --Proactor<s2>.process_message  path:0x00000401
2026-09-28 13:01:10.215 ----------------------------------------------------------------------------------------
2026-09-28 13:01:11.212 
2026-09-28 13:01:11.213 ++++++++++++++++++++++++++++++++++++++++++++++++++++++++++++++++++++++++++++++++++++++++
2026-09-28 13:01:11.213 ++Proactor<s2>.process_message  [analog-temp/synced.readings]
2026-09-28 13:01:11.214   IN  internal     analog-temp to hw1.isone.me.versant.keene.maple.scada.s2     <-  [analog-temp/to/hw1.isone.me.versant.keene.maple.scada.s2/synced.readings]        SyncedReadings           
2026-09-28 13:01:11.214 ++Parentless.process_internal_message analog-temp/synced.readings
2026-09-28 13:01:11.215   OUT mqtt         analog-temp to s                                       ->  [gw/hw1-isone-me-versant-keene-maple-scada-s2/to/s/synced-readings]               SyncedReadings           
2026-09-28 13:01:11.218 --Parentless.process_internal_message  path:0x00000004
2026-09-28 13:01:11.219 --Proactor<s2>.process_message  path:0x00000401
2026-09-28 13:01:11.219 ----------------------------------------------------------------------------------------
2026-09-28 13:01:12.795 
2026-09-28 13:01:12.795 ++++++++++++++++++++++++++++++++++++++++++++++++++++++++++++++++++++++++++++++++++++++++
2026-09-28 13:01:12.796 ++Proactor<s2>.process_message  [analog-temp/synced.readings]
2026-09-28 13:01:12.796   IN  internal     analog-temp to hw1.isone.me.versant.keene.maple.scada.s2     <-  [analog-temp/to/hw1.isone.me.versant.keene.maple.scada.s2/synced.readings]        SyncedReadings           
2026-09-28 13:01:12.796 ++Parentless.process_internal_message analog-temp/synced.readings
2026-09-28 13:01:12.797   OUT mqtt         analog-temp to s                                       ->  [gw/hw1-isone-me-versant-keene-maple-scada-s2/to/s/synced-readings]               SyncedReadings           
2026-09-28 13:01:12.797 --Parentless.process_internal_message  path:0x00000004
2026-09-28 13:01:12.797 --Proactor<s2>.process_message  path:0x00000401
2026-09-28 13:01:12.798 ----------------------------------------------------------------------------------------
2026-09-28 13:01:12.996 
2026-09-28 13:01:12.996 ++++++++++++++++++++++++++++++++++++++++++++++++++++++++++++++++++++++++++++++++++++++++
2026-09-28 13:01:12.996 ++Proactor<s2>.process_message  [analog-temp/synced.readings]
2026-09-28 13:01:12.996   IN  internal     analog-temp to hw1.isone.me.versant.keene.maple.scada.s2     <-  [analog-temp/to/hw1.isone.me.versant.keene.maple.scada.s2/synced.readings]        SyncedReadings           
2026-09-28 13:01:12.997 ++Parentless.process_internal_message analog-temp/synced.readings
2026-09-28 13:01:12.997   OUT mqtt         analog-temp to s                                       ->  [gw/hw1-isone-me-versant-keene-maple-scada-s2/to/s/synced-readings]               SyncedReadings           
2026-09-28 13:01:12.998 --Parentless.process_internal_message  path:0x00000004
2026-09-28 13:01:12.998 --Proactor<s2>.process_message  path:0x00000401
2026-09-28 13:01:12.998 ----------------------------------------------------------------------------------------
2026-09-28 13:01:13.796 
2026-09-28 13:01:13.796 ++++++++++++++++++++++++++++++++++++++++++++++++++++++++++++++++++++++++++++++++++++++++
2026-09-28 13:01:13.796 ++Proactor<s2>.process_message  [analog-temp/synced.readings]
2026-09-28 13:01:13.797   IN  internal     analog-temp to hw1.isone.me.versant.keene.maple.scada.s2     <-  [analog-temp/to/hw1.isone.me.versant.keene.maple.scada.s2/synced.readings]        SyncedReadings           
2026-09-28 13:01:13.797 ++Parentless.process_internal_message analog-temp/synced.readings
2026-09-28 13:01:13.797   OUT mqtt         analog-temp to s                                       ->  [gw/hw1-isone-me-versant-keene-maple-scada-s2/to/s/synced-readings]               SyncedReadings           
2026-09-28 13:01:13.798 --Parentless.process_internal_message  path:0x00000004
2026-09-28 13:01:13.798 --Proactor<s2>.process_message  path:0x00000401
2026-09-28 13:01:13.798 ----------------------------------------------------------------------------------------
2026-09-28 13:01:15.396 
2026-09-28 13:01:15.396 ++++++++++++++++++++++++++++++++++++++++++++++++++++++++++++++++++++++++++++++++++++++++
2026-09-28 13:01:15.396 ++Proactor<s2>.process_message  [analog-temp/synced.readings]
2026-09-28 13:01:15.397   IN  internal     analog-temp to hw1.isone.me.versant.keene.maple.scada.s2     <-  [analog-temp/to/hw1.isone.me.versant.keene.maple.scada.s2/synced.readings]        SyncedReadings           
2026-09-28 13:01:15.397 ++Parentless.process_internal_message analog-temp/synced.readings
2026-09-28 13:01:15.397   OUT mqtt         analog-temp to s                                       ->  [gw/hw1-isone-me-versant-keene-maple-scada-s2/to/s/synced-readings]               SyncedReadings           
2026-09-28 13:01:15.398 --Parentless.process_internal_message  path:0x00000004
2026-09-28 13:01:15.398 --Proactor<s2>.process_message  path:0x00000401
2026-09-28 13:01:15.398 ----------------------------------------------------------------------------------------
2026-09-28 13:01:19.413 
2026-09-28 13:01:19.414 ++++++++++++++++++++++++++++++++++++++++++++++++++++++++++++++++++++++++++++++++++++++++
2026-09-28 13:01:19.415 ++Proactor<s2>.process_message  [analog-temp/synced.readings]
2026-09-28 13:01:19.415   IN  internal     analog-temp to hw1.isone.me.versant.keene.maple.scada.s2     <-  [analog-temp/to/hw1.isone.me.versant.keene.maple.scada.s2/synced.readings]        SyncedReadings           
2026-09-28 13:01:19.416 ++Parentless.process_internal_message analog-temp/synced.readings
2026-09-28 13:01:19.417   OUT mqtt         analog-temp to s                                       ->  [gw/hw1-isone-me-versant-keene-maple-scada-s2/to/s/synced-readings]               SyncedReadings           
2026-09-28 13:01:19.418 --Parentless.process_internal_message  path:0x00000004
2026-09-28 13:01:19.418 --Proactor<s2>.process_message  path:0x00000401
2026-09-28 13:01:19.419 ----------------------------------------------------------------------------------------
2026-09-28 13:01:20.729 
2026-09-28 13:01:20.730 ++++++++++++++++++++++++++++++++++++++++++++++++++++++++++++++++++++++++++++++++++++++++
2026-09-28 13:01:20.730 ++Proactor<s2>.process_message  [zone2-bedroom-stat/synced.readings]
2026-09-28 13:01:20.731   IN  internal     zone2-bedroom-stat to hw1.isone.me.versant.keene.maple.scada.s2     <-  [zone2-bedroom-stat/to/hw1.isone.me.versant.keene.maple.scada.s2/synced.readings]  SyncedReadings           
2026-09-28 13:01:20.732 ++Parentless.process_internal_message zone2-bedroom-stat/synced.readings
2026-09-28 13:01:20.733   OUT mqtt         zone2-bedroom-stat to s                                ->  [gw/hw1-isone-me-versant-keene-maple-scada-s2/to/s/synced-readings]               SyncedReadings           
2026-09-28 13:01:20.734 --Parentless.process_internal_message  path:0x00000004
2026-09-28 13:01:20.735 --Proactor<s2>.process_message  path:0x00000401
2026-09-28 13:01:20.737 ----------------------------------------------------------------------------------------
2026-09-28 13:01:20.818 
2026-09-28 13:01:20.818 ++++++++++++++++++++++++++++++++++++++++++++++++++++++++++++++++++++++++++++++++++++++++
2026-09-28 13:01:20.819 ++Proactor<s2>.process_message  [analog-temp/synced.readings]
2026-09-28 13:01:20.819   IN  internal     analog-temp to hw1.isone.me.versant.keene.maple.scada.s2     <-  [analog-temp/to/hw1.isone.me.versant.keene.maple.scada.s2/synced.readings]        SyncedReadings           
2026-09-28 13:01:20.820 ++Parentless.process_internal_message analog-temp/synced.readings
2026-09-28 13:01:20.821   OUT mqtt         analog-temp to s                                       ->  [gw/hw1-isone-me-versant-keene-maple-scada-s2/to/s/synced-readings]               SyncedReadings           
2026-09-28 13:01:20.822 --Parentless.process_internal_message  path:0x00000004
2026-09-28 13:01:20.823 --Proactor<s2>.process_message  path:0x00000401
2026-09-28 13:01:20.823 ----------------------------------------------------------------------------------------
2026-09-28 13:01:20.882 
2026-09-28 13:01:20.883 ++++++++++++++++++++++++++++++++++++++++++++++++++++++++++++++++++++++++++++++++++++++++
2026-09-28 13:01:20.883 ++Proactor<s2>.process_message  [zone1-living-rm-stat/synced.readings]
2026-09-28 13:01:20.884   IN  internal     zone1-living-rm-stat to hw1.isone.me.versant.keene.maple.scada.s2     <-  [zone1-living-rm-stat/to/hw1.isone.me.versant.keene.maple.scada.s2/synced.readings]  SyncedReadings           
2026-09-28 13:01:20.884 ++Parentless.process_internal_message zone1-living-rm-stat/synced.readings
2026-09-28 13:01:20.886   OUT mqtt         zone1-living-rm-stat to s                              ->  [gw/hw1-isone-me-versant-keene-maple-scada-s2/to/s/synced-readings]               SyncedReadings           
2026-09-28 13:01:20.887 --Parentless.process_internal_message  path:0x00000004
2026-09-28 13:01:20.887 --Proactor<s2>.process_message  path:0x00000401
2026-09-28 13:01:20.888 ----------------------------------------------------------------------------------------
2026-09-28 13:01:22.817 
2026-09-28 13:01:22.818 ++++++++++++++++++++++++++++++++++++++++++++++++++++++++++++++++++++++++++++++++++++++++
2026-09-28 13:01:22.818 ++Proactor<s2>.process_message  [analog-temp/synced.readings]
2026-09-28 13:01:22.819   IN  internal     analog-temp to hw1.isone.me.versant.keene.maple.scada.s2     <-  [analog-temp/to/hw1.isone.me.versant.keene.maple.scada.s2/synced.readings]        SyncedReadings           
2026-09-28 13:01:22.819 ++Parentless.process_internal_message analog-temp/synced.readings
2026-09-28 13:01:22.821   OUT mqtt         analog-temp to s                                       ->  [gw/hw1-isone-me-versant-keene-maple-scada-s2/to/s/synced-readings]               SyncedReadings           
2026-09-28 13:01:22.822 --Parentless.process_internal_message  path:0x00000004
2026-09-28 13:01:22.822 --Proactor<s2>.process_message  path:0x00000401
2026-09-28 13:01:22.823 ----------------------------------------------------------------------------------------
2026-09-28 13:01:23.616 
2026-09-28 13:01:23.617 ++++++++++++++++++++++++++++++++++++++++++++++++++++++++++++++++++++++++++++++++++++++++
2026-09-28 13:01:23.617 ++Proactor<s2>.process_message  [analog-temp/synced.readings]
2026-09-28 13:01:23.618   IN  internal     analog-temp to hw1.isone.me.versant.keene.maple.scada.s2     <-  [analog-temp/to/hw1.isone.me.versant.keene.maple.scada.s2/synced.readings]        SyncedReadings           
2026-09-28 13:01:23.618 ++Parentless.process_internal_message analog-temp/synced.readings
2026-09-28 13:01:23.619   OUT mqtt         analog-temp to s                                       ->  [gw/hw1-isone-me-versant-keene-maple-scada-s2/to/s/synced-readings]               SyncedReadings           
2026-09-28 13:01:23.620 --Parentless.process_internal_message  path:0x00000004
2026-09-28 13:01:23.621 --Proactor<s2>.process_message  path:0x00000401
2026-09-28 13:01:23.621 ----------------------------------------------------------------------------------------
2026-09-28 13:01:24.416 
2026-09-28 13:01:24.419 ++++++++++++++++++++++++++++++++++++++++++++++++++++++++++++++++++++++++++++++++++++++++
2026-09-28 13:01:24.420 ++Proactor<s2>.process_message  [analog-temp/synced.readings]
2026-09-28 13:01:24.420   IN  internal     analog-temp to hw1.isone.me.versant.keene.maple.scada.s2     <-  [analog-temp/to/hw1.isone.me.versant.keene.maple.scada.s2/synced.readings]        SyncedReadings           
2026-09-28 13:01:24.421 ++Parentless.process_internal_message analog-temp/synced.readings
2026-09-28 13:01:24.422   OUT mqtt         analog-temp to s                                       ->  [gw/hw1-isone-me-versant-keene-maple-scada-s2/to/s/synced-readings]               SyncedReadings           
2026-09-28 13:01:24.423 --Parentless.process_internal_message  path:0x00000004
2026-09-28 13:01:24.424 --Proactor<s2>.process_message  path:0x00000401
2026-09-28 13:01:24.424 ----------------------------------------------------------------------------------------
2026-09-28 13:01:25.410 
2026-09-28 13:01:25.410 ++++++++++++++++++++++++++++++++++++++++++++++++++++++++++++++++++++++++++++++++++++++++
2026-09-28 13:01:25.411 ++Proactor<s2>.process_message  [analog-temp/synced.readings]
2026-09-28 13:01:25.411   IN  internal     analog-temp to hw1.isone.me.versant.keene.maple.scada.s2     <-  [analog-temp/to/hw1.isone.me.versant.keene.maple.scada.s2/synced.readings]        SyncedReadings           
2026-09-28 13:01:25.412 ++Parentless.process_internal_message analog-temp/synced.readings
2026-09-28 13:01:25.413   OUT mqtt         analog-temp to s                                       ->  [gw/hw1-isone-me-versant-keene-maple-scada-s2/to/s/synced-readings]               SyncedReadings           
2026-09-28 13:01:25.413 --Parentless.process_internal_message  path:0x00000004
2026-09-28 13:01:25.414 --Proactor<s2>.process_message  path:0x00000401
2026-09-28 13:01:25.414 ----------------------------------------------------------------------------------------
2026-09-28 13:01:25.813 
2026-09-28 13:01:25.813 ++++++++++++++++++++++++++++++++++++++++++++++++++++++++++++++++++++++++++++++++++++++++
2026-09-28 13:01:25.814 ++Proactor<s2>.process_message  [analog-temp/synced.readings]
2026-09-28 13:01:25.815   IN  internal     analog-temp to hw1.isone.me.versant.keene.maple.scada.s2     <-  [analog-temp/to/hw1.isone.me.versant.keene.maple.scada.s2/synced.readings]        SyncedReadings           
2026-09-28 13:01:25.815 ++Parentless.process_internal_message analog-temp/synced.readings
2026-09-28 13:01:25.817   OUT mqtt         analog-temp to s                                       ->  [gw/hw1-isone-me-versant-keene-maple-scada-s2/to/s/synced-readings]               SyncedReadings           
2026-09-28 13:01:25.818 --Parentless.process_internal_message  path:0x00000004
2026-09-28 13:01:25.819 --Proactor<s2>.process_message  path:0x00000401
2026-09-28 13:01:25.819 ----------------------------------------------------------------------------------------
2026-09-28 13:01:29.604 
2026-09-28 13:01:29.611 ++++++++++++++++++++++++++++++++++++++++++++++++++++++++++++++++++++++++++++++++++++++++
2026-09-28 13:01:29.611 ++Proactor<s2>.process_message  [analog-temp/synced.readings]
2026-09-28 13:01:29.611   IN  internal     analog-temp to hw1.isone.me.versant.keene.maple.scada.s2     <-  [analog-temp/to/hw1.isone.me.versant.keene.maple.scada.s2/synced.readings]        SyncedReadings           
2026-09-28 13:01:29.611 ++Parentless.process_internal_message analog-temp/synced.readings
2026-09-28 13:01:29.612   OUT mqtt         analog-temp to s                                       ->  [gw/hw1-isone-me-versant-keene-maple-scada-s2/to/s/synced-readings]               SyncedReadings           
2026-09-28 13:01:29.612 --Parentless.process_internal_message  path:0x00000004
2026-09-28 13:01:29.613 --Proactor<s2>.process_message  path:0x00000401
2026-09-28 13:01:29.613 ----------------------------------------------------------------------------------------
2026-09-28 13:01:33.258 
2026-09-28 13:01:33.259 ++++++++++++++++++++++++++++++++++++++++++++++++++++++++++++++++++++++++++++++++++++++++
2026-09-28 13:01:33.259 ++Proactor<s2>.process_message  [gridworks-ping]
2026-09-28 13:01:33.260 ++Proactor<s2>._process_mqtt_message mqtt_clients/mqtt_message
2026-09-28 13:01:33.261   IN  mqtt         hw1.isone.me.versant.keene.maple.scada to s2           <-  [gw/hw1-isone-me-versant-keene-maple-scada/to/s2/gridworks-ping]                  Ping                      101cc6f9...
2026-09-28 13:01:33.262   OUT mqtt         hw1.isone.me.versant.keene.maple.scada.s2 to s         ->  [gw/hw1-isone-me-versant-keene-maple-scada-s2/to/s/gridworks-ack]                 Ack                       101cc6f9...
2026-09-28 13:01:33.263 --Proactor<s2>._process_mqtt_message:1  path:0x00000223
2026-09-28 13:01:33.263 --Proactor<s2>.process_message  path:0x00000002
2026-09-28 13:01:33.264 ----------------------------------------------------------------------------------------
2026-09-28 13:01:33.421 
2026-09-28 13:01:33.422 ++++++++++++++++++++++++++++++++++++++++++++++++++++++++++++++++++++++++++++++++++++++++
2026-09-28 13:01:33.422 ++Proactor<s2>.process_message  [analog-temp/synced.readings]
2026-09-28 13:01:33.423   IN  internal     analog-temp to hw1.isone.me.versant.keene.maple.scada.s2     <-  [analog-temp/to/hw1.isone.me.versant.keene.maple.scada.s2/synced.readings]        SyncedReadings           
2026-09-28 13:01:33.423 ++Parentless.process_internal_message analog-temp/synced.readings
2026-09-28 13:01:33.425   OUT mqtt         analog-temp to s                                       ->  [gw/hw1-isone-me-versant-keene-maple-scada-s2/to/s/synced-readings]               SyncedReadings           
2026-09-28 13:01:33.425 --Parentless.process_internal_message  path:0x00000004
2026-09-28 13:01:33.426 --Proactor<s2>.process_message  path:0x00000401
2026-09-28 13:01:33.426 ----------------------------------------------------------------------------------------
2026-09-28 13:01:37.227 
2026-09-28 13:01:37.228 ++++++++++++++++++++++++++++++++++++++++++++++++++++++++++++++++++++++++++++++++++++++++
2026-09-28 13:01:37.228 ++Proactor<s2>.process_message  [analog-temp/synced.readings]
2026-09-28 13:01:37.229   IN  internal     analog-temp to hw1.isone.me.versant.keene.maple.scada.s2     <-  [analog-temp/to/hw1.isone.me.versant.keene.maple.scada.s2/synced.readings]        SyncedReadings           
2026-09-28 13:01:37.230 ++Parentless.process_internal_message analog-temp/synced.readings
2026-09-28 13:01:37.231   OUT mqtt         analog-temp to s                                       ->  [gw/hw1-isone-me-versant-keene-maple-scada-s2/to/s/synced-readings]               SyncedReadings           
2026-09-28 13:01:37.232 --Parentless.process_internal_message  path:0x00000004
2026-09-28 13:01:37.232 --Proactor<s2>.process_message  path:0x00000401
2026-09-28 13:01:37.232 ----------------------------------------------------------------------------------------
2026-09-28 13:01:41.210 
2026-09-28 13:01:41.214 ++++++++++++++++++++++++++++++++++++++++++++++++++++++++++++++++++++++++++++++++++++++++
2026-09-28 13:01:41.215 ++Proactor<s2>.process_message  [analog-temp/synced.readings]
2026-09-28 13:01:41.215   IN  internal     analog-temp to hw1.isone.me.versant.keene.maple.scada.s2     <-  [analog-temp/to/hw1.isone.me.versant.keene.maple.scada.s2/synced.readings]        SyncedReadings           
2026-09-28 13:01:41.215 ++Parentless.process_internal_message analog-temp/synced.readings
2026-09-28 13:01:41.216   OUT mqtt         analog-temp to s                                       ->  [gw/hw1-isone-me-versant-keene-maple-scada-s2/to/s/synced-readings]               SyncedReadings           
2026-09-28 13:01:41.216 --Parentless.process_internal_message  path:0x00000004
2026-09-28 13:01:41.216 --Proactor<s2>.process_message  path:0x00000401
2026-09-28 13:01:41.217 ----------------------------------------------------------------------------------------
2026-09-28 13:01:43.226 
2026-09-28 13:01:43.227 ++++++++++++++++++++++++++++++++++++++++++++++++++++++++++++++++++++++++++++++++++++++++
2026-09-28 13:01:43.227 ++Proactor<s2>.process_message  [analog-temp/synced.readings]
2026-09-28 13:01:43.228   IN  internal     analog-temp to hw1.isone.me.versant.keene.maple.scada.s2     <-  [analog-temp/to/hw1.isone.me.versant.keene.maple.scada.s2/synced.readings]        SyncedReadings           
2026-09-28 13:01:43.229 ++Parentless.process_internal_message analog-temp/synced.readings
2026-09-28 13:01:43.230   OUT mqtt         analog-temp to s                                       ->  [gw/hw1-isone-me-versant-keene-maple-scada-s2/to/s/synced-readings]               SyncedReadings           
2026-09-28 13:01:43.231 --Parentless.process_internal_message  path:0x00000004
2026-09-28 13:01:43.232 --Proactor<s2>.process_message  path:0x00000401
2026-09-28 13:01:43.232 ----------------------------------------------------------------------------------------
2026-09-28 13:01:44.027 
2026-09-28 13:01:44.028 ++++++++++++++++++++++++++++++++++++++++++++++++++++++++++++++++++++++++++++++++++++++++
2026-09-28 13:01:44.029 ++Proactor<s2>.process_message  [analog-temp/synced.readings]
2026-09-28 13:01:44.029   IN  internal     analog-temp to hw1.isone.me.versant.keene.maple.scada.s2     <-  [analog-temp/to/hw1.isone.me.versant.keene.maple.scada.s2/synced.readings]        SyncedReadings           
2026-09-28 13:01:44.030 ++Parentless.process_internal_message analog-temp/synced.readings
2026-09-28 13:01:44.031   OUT mqtt         analog-temp to s                                       ->  [gw/hw1-isone-me-versant-keene-maple-scada-s2/to/s/synced-readings]               SyncedReadings           
2026-09-28 13:01:44.032 --Parentless.process_internal_message  path:0x00000004
2026-09-28 13:01:44.033 --Proactor<s2>.process_message  path:0x00000401
2026-09-28 13:01:44.034 ----------------------------------------------------------------------------------------
2026-09-28 13:01:48.431 
2026-09-28 13:01:48.432 ++++++++++++++++++++++++++++++++++++++++++++++++++++++++++++++++++++++++++++++++++++++++
2026-09-28 13:01:48.432 ++Proactor<s2>.process_message  [analog-temp/synced.readings]
2026-09-28 13:01:48.433   IN  internal     analog-temp to hw1.isone.me.versant.keene.maple.scada.s2     <-  [analog-temp/to/hw1.isone.me.versant.keene.maple.scada.s2/synced.readings]        SyncedReadings           
2026-09-28 13:01:48.433 ++Parentless.process_internal_message analog-temp/synced.readings
2026-09-28 13:01:48.435   OUT mqtt         analog-temp to s                                       ->  [gw/hw1-isone-me-versant-keene-maple-scada-s2/to/s/synced-readings]               SyncedReadings           
2026-09-28 13:01:48.436 --Parentless.process_internal_message  path:0x00000004
2026-09-28 13:01:48.437 --Proactor<s2>.process_message  path:0x00000401
2026-09-28 13:01:48.437 ----------------------------------------------------------------------------------------
2026-09-28 13:01:50.417 
2026-09-28 13:01:50.417 ++++++++++++++++++++++++++++++++++++++++++++++++++++++++++++++++++++++++++++++++++++++++
2026-09-28 13:01:50.417 ++Proactor<s2>.process_message  [analog-temp/synced.readings]
2026-09-28 13:01:50.417   IN  internal     analog-temp to hw1.isone.me.versant.keene.maple.scada.s2     <-  [analog-temp/to/hw1.isone.me.versant.keene.maple.scada.s2/synced.readings]        SyncedReadings           
2026-09-28 13:01:50.418 ++Parentless.process_internal_message analog-temp/synced.readings
2026-09-28 13:01:50.418   OUT mqtt         analog-temp to s                                       ->  [gw/hw1-isone-me-versant-keene-maple-scada-s2/to/s/synced-readings]               SyncedReadings           
2026-09-28 13:01:50.419 --Parentless.process_internal_message  path:0x00000004
2026-09-28 13:01:50.419 --Proactor<s2>.process_message  path:0x00000401
2026-09-28 13:01:50.419 ----------------------------------------------------------------------------------------
2026-09-28 13:01:53.016 
2026-09-28 13:01:53.020 ++++++++++++++++++++++++++++++++++++++++++++++++++++++++++++++++++++++++++++++++++++++++
2026-09-28 13:01:53.021 ++Proactor<s2>.process_message  [analog-temp/synced.readings]
2026-09-28 13:01:53.021   IN  internal     analog-temp to hw1.isone.me.versant.keene.maple.scada.s2     <-  [analog-temp/to/hw1.isone.me.versant.keene.maple.scada.s2/synced.readings]        SyncedReadings           
2026-09-28 13:01:53.021 ++Parentless.process_internal_message analog-temp/synced.readings
2026-09-28 13:01:53.022   OUT mqtt         analog-temp to s                                       ->  [gw/hw1-isone-me-versant-keene-maple-scada-s2/to/s/synced-readings]               SyncedReadings           
2026-09-28 13:01:53.022 --Parentless.process_internal_message  path:0x00000004
2026-09-28 13:01:53.023 --Proactor<s2>.process_message  path:0x00000401
2026-09-28 13:01:53.023 ----------------------------------------------------------------------------------------
2026-09-28 13:01:53.416 
2026-09-28 13:01:53.416 ++++++++++++++++++++++++++++++++++++++++++++++++++++++++++++++++++++++++++++++++++++++++
2026-09-28 13:01:53.416 ++Proactor<s2>.process_message  [analog-temp/synced.readings]
2026-09-28 13:01:53.417   IN  internal     analog-temp to hw1.isone.me.versant.keene.maple.scada.s2     <-  [analog-temp/to/hw1.isone.me.versant.keene.maple.scada.s2/synced.readings]        SyncedReadings           
2026-09-28 13:01:53.417 ++Parentless.process_internal_message analog-temp/synced.readings
2026-09-28 13:01:53.418   OUT mqtt         analog-temp to s                                       ->  [gw/hw1-isone-me-versant-keene-maple-scada-s2/to/s/synced-readings]               SyncedReadings           
2026-09-28 13:01:53.418 --Parentless.process_internal_message  path:0x00000004
2026-09-28 13:01:53.418 --Proactor<s2>.process_message  path:0x00000401
2026-09-28 13:01:53.418 ----------------------------------------------------------------------------------------
2026-09-28 13:01:58.236 
2026-09-28 13:01:58.241 ++++++++++++++++++++++++++++++++++++++++++++++++++++++++++++++++++++++++++++++++++++++++
2026-09-28 13:01:58.241 ++Proactor<s2>.process_message  [analog-temp/synced.readings]
2026-09-28 13:01:58.242   IN  internal     analog-temp to hw1.isone.me.versant.keene.maple.scada.s2     <-  [analog-temp/to/hw1.isone.me.versant.keene.maple.scada.s2/synced.readings]        SyncedReadings           
2026-09-28 13:01:58.243 ++Parentless.process_internal_message analog-temp/synced.readings
2026-09-28 13:01:58.244   OUT mqtt         analog-temp to s                                       ->  [gw/hw1-isone-me-versant-keene-maple-scada-s2/to/s/synced-readings]               SyncedReadings           
2026-09-28 13:01:58.245 --Parentless.process_internal_message  path:0x00000004
2026-09-28 13:01:58.246 --Proactor<s2>.process_message  path:0x00000401
2026-09-28 13:01:58.246 ----------------------------------------------------------------------------------------
2026-09-28 13:02:00.637 
2026-09-28 13:02:00.637 ++++++++++++++++++++++++++++++++++++++++++++++++++++++++++++++++++++++++++++++++++++++++
2026-09-28 13:02:00.638 ++Proactor<s2>.process_message  [analog-temp/synced.readings]
2026-09-28 13:02:00.638   IN  internal     analog-temp to hw1.isone.me.versant.keene.maple.scada.s2     <-  [analog-temp/to/hw1.isone.me.versant.keene.maple.scada.s2/synced.readings]        SyncedReadings           
2026-09-28 13:02:00.639 ++Parentless.process_internal_message analog-temp/synced.readings
2026-09-28 13:02:00.641   OUT mqtt         analog-temp to s                                       ->  [gw/hw1-isone-me-versant-keene-maple-scada-s2/to/s/synced-readings]               SyncedReadings           
2026-09-28 13:02:00.641 --Parentless.process_internal_message  path:0x00000004
2026-09-28 13:02:00.642 --Proactor<s2>.process_message  path:0x00000401
2026-09-28 13:02:00.643 ----------------------------------------------------------------------------------------
2026-09-28 13:02:03.421 
2026-09-28 13:02:03.425 ++++++++++++++++++++++++++++++++++++++++++++++++++++++++++++++++++++++++++++++++++++++++
2026-09-28 13:02:03.425 ++Proactor<s2>.process_message  [analog-temp/synced.readings]
2026-09-28 13:02:03.425   IN  internal     analog-temp to hw1.isone.me.versant.keene.maple.scada.s2     <-  [analog-temp/to/hw1.isone.me.versant.keene.maple.scada.s2/synced.readings]        SyncedReadings           
2026-09-28 13:02:03.426 ++Parentless.process_internal_message analog-temp/synced.readings
2026-09-28 13:02:03.426   OUT mqtt         analog-temp to s                                       ->  [gw/hw1-isone-me-versant-keene-maple-scada-s2/to/s/synced-readings]               SyncedReadings           
2026-09-28 13:02:03.427 --Parentless.process_internal_message  path:0x00000004
2026-09-28 13:02:03.427 --Proactor<s2>.process_message  path:0x00000401
2026-09-28 13:02:03.427 ----------------------------------------------------------------------------------------
2026-09-28 13:02:04.422 
2026-09-28 13:02:04.423 ++++++++++++++++++++++++++++++++++++++++++++++++++++++++++++++++++++++++++++++++++++++++
2026-09-28 13:02:04.423 ++Proactor<s2>.process_message  [analog-temp/synced.readings]
2026-09-28 13:02:04.423   IN  internal     analog-temp to hw1.isone.me.versant.keene.maple.scada.s2     <-  [analog-temp/to/hw1.isone.me.versant.keene.maple.scada.s2/synced.readings]        SyncedReadings           
2026-09-28 13:02:04.423 ++Parentless.process_internal_message analog-temp/synced.readings
2026-09-28 13:02:04.424   OUT mqtt         analog-temp to s                                       ->  [gw/hw1-isone-me-versant-keene-maple-scada-s2/to/s/synced-readings]               SyncedReadings           
2026-09-28 13:02:04.424 --Parentless.process_internal_message  path:0x00000004
2026-09-28 13:02:04.425 --Proactor<s2>.process_message  path:0x00000401
2026-09-28 13:02:04.425 ----------------------------------------------------------------------------------------
2026-09-28 13:02:04.622 
2026-09-28 13:02:04.623 ++++++++++++++++++++++++++++++++++++++++++++++++++++++++++++++++++++++++++++++++++++++++
2026-09-28 13:02:04.623 ++Proactor<s2>.process_message  [analog-temp/synced.readings]
2026-09-28 13:02:04.623   IN  internal     analog-temp to hw1.isone.me.versant.keene.maple.scada.s2     <-  [analog-temp/to/hw1.isone.me.versant.keene.maple.scada.s2/synced.readings]        SyncedReadings           
2026-09-28 13:02:04.623 ++Parentless.process_internal_message analog-temp/synced.readings
2026-09-28 13:02:04.624   OUT mqtt         analog-temp to s                                       ->  [gw/hw1-isone-me-versant-keene-maple-scada-s2/to/s/synced-readings]               SyncedReadings           
2026-09-28 13:02:04.624 --Parentless.process_internal_message  path:0x00000004
2026-09-28 13:02:04.625 --Proactor<s2>.process_message  path:0x00000401
2026-09-28 13:02:04.625 ----------------------------------------------------------------------------------------
2026-09-28 13:02:07.023 
2026-09-28 13:02:07.023 ++++++++++++++++++++++++++++++++++++++++++++++++++++++++++++++++++++++++++++++++++++++++
2026-09-28 13:02:07.023 ++Proactor<s2>.process_message  [analog-temp/synced.readings]
2026-09-28 13:02:07.024   IN  internal     analog-temp to hw1.isone.me.versant.keene.maple.scada.s2     <-  [analog-temp/to/hw1.isone.me.versant.keene.maple.scada.s2/synced.readings]        SyncedReadings           
2026-09-28 13:02:07.024 ++Parentless.process_internal_message analog-temp/synced.readings
2026-09-28 13:02:07.024   OUT mqtt         analog-temp to s                                       ->  [gw/hw1-isone-me-versant-keene-maple-scada-s2/to/s/synced-readings]               SyncedReadings           
2026-09-28 13:02:07.025 --Parentless.process_internal_message  path:0x00000004
2026-09-28 13:02:07.025 --Proactor<s2>.process_message  path:0x00000401
2026-09-28 13:02:07.025 ----------------------------------------------------------------------------------------
2026-09-28 13:02:16.028 
2026-09-28 13:02:16.028 ++++++++++++++++++++++++++++++++++++++++++++++++++++++++++++++++++++++++++++++++++++++++
2026-09-28 13:02:16.028 ++Proactor<s2>.process_message  [analog-temp/synced.readings]
2026-09-28 13:02:16.029   IN  internal     analog-temp to hw1.isone.me.versant.keene.maple.scada.s2     <-  [analog-temp/to/hw1.isone.me.versant.keene.maple.scada.s2/synced.readings]        SyncedReadings           
2026-09-28 13:02:16.029 ++Parentless.process_internal_message analog-temp/synced.readings
2026-09-28 13:02:16.029   OUT mqtt         analog-temp to s                                       ->  [gw/hw1-isone-me-versant-keene-maple-scada-s2/to/s/synced-readings]               SyncedReadings           
2026-09-28 13:02:16.030 --Parentless.process_internal_message  path:0x00000004
2026-09-28 13:02:16.030 --Proactor<s2>.process_message  path:0x00000401
2026-09-28 13:02:16.030 ----------------------------------------------------------------------------------------
2026-09-28 13:02:18.029 
2026-09-28 13:02:18.035 ++++++++++++++++++++++++++++++++++++++++++++++++++++++++++++++++++++++++++++++++++++++++
2026-09-28 13:02:18.036 ++Proactor<s2>.process_message  [analog-temp/synced.readings]
2026-09-28 13:02:18.036   IN  internal     analog-temp to hw1.isone.me.versant.keene.maple.scada.s2     <-  [analog-temp/to/hw1.isone.me.versant.keene.maple.scada.s2/synced.readings]        SyncedReadings           
2026-09-28 13:02:18.036 ++Parentless.process_internal_message analog-temp/synced.readings
2026-09-28 13:02:18.037   OUT mqtt         analog-temp to s                                       ->  [gw/hw1-isone-me-versant-keene-maple-scada-s2/to/s/synced-readings]               SyncedReadings           
2026-09-28 13:02:18.037 --Parentless.process_internal_message  path:0x00000004
2026-09-28 13:02:18.037 --Proactor<s2>.process_message  path:0x00000401
2026-09-28 13:02:18.038 ----------------------------------------------------------------------------------------
2026-09-28 13:02:19.846 
2026-09-28 13:02:19.847 ++++++++++++++++++++++++++++++++++++++++++++++++++++++++++++++++++++++++++++++++++++++++
2026-09-28 13:02:19.847 ++Proactor<s2>.process_message  [analog-temp/synced.readings]
2026-09-28 13:02:19.848   IN  internal     analog-temp to hw1.isone.me.versant.keene.maple.scada.s2     <-  [analog-temp/to/hw1.isone.me.versant.keene.maple.scada.s2/synced.readings]        SyncedReadings           
2026-09-28 13:02:19.849 ++Parentless.process_internal_message analog-temp/synced.readings
2026-09-28 13:02:19.850   OUT mqtt         analog-temp to s                                       ->  [gw/hw1-isone-me-versant-keene-maple-scada-s2/to/s/synced-readings]               SyncedReadings           
2026-09-28 13:02:19.851 --Parentless.process_internal_message  path:0x00000004
2026-09-28 13:02:19.852 --Proactor<s2>.process_message  path:0x00000401
2026-09-28 13:02:19.852 ----------------------------------------------------------------------------------------
2026-09-28 13:02:21.847 
2026-09-28 13:02:21.848 ++++++++++++++++++++++++++++++++++++++++++++++++++++++++++++++++++++++++++++++++++++++++
2026-09-28 13:02:21.848 ++Proactor<s2>.process_message  [analog-temp/synced.readings]
2026-09-28 13:02:21.849   IN  internal     analog-temp to hw1.isone.me.versant.keene.maple.scada.s2     <-  [analog-temp/to/hw1.isone.me.versant.keene.maple.scada.s2/synced.readings]        SyncedReadings           
2026-09-28 13:02:21.849 ++Parentless.process_internal_message analog-temp/synced.readings
2026-09-28 13:02:21.851   OUT mqtt         analog-temp to s                                       ->  [gw/hw1-isone-me-versant-keene-maple-scada-s2/to/s/synced-readings]               SyncedReadings           
2026-09-28 13:02:21.853 --Parentless.process_internal_message  path:0x00000004
2026-09-28 13:02:21.854 --Proactor<s2>.process_message  path:0x00000401
2026-09-28 13:02:21.855 ----------------------------------------------------------------------------------------
2026-09-28 13:02:25.248 
2026-09-28 13:02:25.248 ++++++++++++++++++++++++++++++++++++++++++++++++++++++++++++++++++++++++++++++++++++++++
2026-09-28 13:02:25.249 ++Proactor<s2>.process_message  [analog-temp/synced.readings]
2026-09-28 13:02:25.249   IN  internal     analog-temp to hw1.isone.me.versant.keene.maple.scada.s2     <-  [analog-temp/to/hw1.isone.me.versant.keene.maple.scada.s2/synced.readings]        SyncedReadings           
2026-09-28 13:02:25.250 ++Parentless.process_internal_message analog-temp/synced.readings
2026-09-28 13:02:25.251   OUT mqtt         analog-temp to s                                       ->  [gw/hw1-isone-me-versant-keene-maple-scada-s2/to/s/synced-readings]               SyncedReadings           
2026-09-28 13:02:25.252 --Parentless.process_internal_message  path:0x00000004
2026-09-28 13:02:25.253 --Proactor<s2>.process_message  path:0x00000401
2026-09-28 13:02:25.253 ----------------------------------------------------------------------------------------
