1786147140,zone2-living-rm-gw-temp,2224
1786147200,zone2-living-rm-gw-temp,2225
1786147201,zone5-living-rm-fancoil-heat-call,1
1786147260,zone2-living-rm-gw-temp,2227
1786147320,zone2-living-rm-gw-temp,2228
1786147380,zone2-living-rm-gw-temp,2226
1786147440,zone2-living-rm-gw-temp,2226
1786147500,zone2-living-rm-gw-temp,2225
1786147501,zone5-living-rm-fancoil-heat-call,1
1786147560,zone2-living-rm-gw-temp,2225
1786147620,zone2-living-rm-gw-temp,2227
1786147680,zone2-living-rm-gw-temp,2227
1786147740,zone2-living-rm-gw-temp,2225
1786147800,zone2-living-rm-gw-temp,2226
1786147801,zone5-living-rm-fancoil-heat-call,1
1786147860,zone2-living-rm-gw-temp,2226
1786147920,zone2-living-rm-gw-temp,2227
1786147980,zone2-living-rm-gw-temp,2223
1786148040,zone2-living-rm-gw-temp,2225
1786148100,zone2-living-rm-gw-temp,2225
1786148101,zone5-living-rm-fancoil-heat-call,1
1786148160,zone2-living-rm-gw-temp,2225
1786148220,zone2-living-rm-gw-temp,2222
1786148280,zone2-living-rm-gw-temp,2222
1786148340,zone2-living-rm-gw-temp,2224
1786148400,zone2-living-rm-gw-temp,2222
1786148401,zone5-living-rm-fancoil-heat-call,1
1786148460,zone2-living-rm-gw-temp,2223
1786148520,zone2-living-rm-gw-temp,2223
1786148580,zone2-living-rm-gw-temp,2225
1786148640,zone2-living-rm-gw-temp,2222
1786148700,zone2-living-rm-gw-temp,2222
1786148701,zone5-living-rm-fancoil-heat-call,1
1786148760,zone2-living-rm-gw-temp,2220
1786148820,zone2-living-rm-gw-temp,2222
1786148880,zone2-living-rm-gw-temp,2220
1786148940,zone2-living-rm-gw-temp,2219
1786149000,zone2-living-rm-gw-temp,2220
1786149001,zone5-living-rm-fancoil-heat-call,1
1786149060,zone2-living-rm-gw-temp,2220
1786149120,zone2-living-rm-gw-temp,2220
1786149180,zone2-living-rm-gw-temp,2221
1786149240,zone2-living-rm-gw-temp,2219
1786149300,zone2-living-rm-gw-temp,2219
1786149301,zone5-living-rm-fancoil-heat-call,1
1786149360,zone2-living-rm-gw-temp,2218
1786149420,zone2-living-rm-gw-temp,2218
1786149480,zone2-living-rm-gw-temp,2219
1786149540,zone2-living-rm-gw-temp,2219
1786149600,zone2-living-rm-gw-temp,2217
1786149601,zone5-living-rm-fancoil-heat-call,1
1786149660,zone2-living-rm-gw-temp,2217
1786149720,zone2-living-rm-gw-temp,2217
1786149780,zone2-living-rm-gw-temp,2218
1786149840,zone2-living-rm-gw-temp,2218
1786149900,zone2-living-rm-gw-temp,2215
1786149901,zone5-living-rm-fancoil-heat-call,1
1786149960,zone2-living-rm-gw-temp,2218
1786150020,zone2-living-rm-gw-temp,2216
1786150080,zone2-living-rm-gw-temp,2217
1786150140,zone2-living-rm-gw-temp,2216
1786150200,zone2-living-rm-gw-temp,2217
1786150201,zone5-living-rm-fancoil-heat-call,1
1786150260,zone2-living-rm-gw-temp,2216
1786150320,zone2-living-rm-gw-temp,2216
1786150380,zone2-living-rm-gw-temp,2216
1786150440,zone2-living-rm-gw-temp,2216
1786150500,zone2-living-rm-gw-temp,2219
1786150501,zone5-living-rm-fancoil-heat-call,1
1786150560,zone2-living-rm-gw-temp,2217
1786150620,zone2-living-rm-gw-temp,2218
1786150680,zone2-living-rm-gw-temp,2218
1786150740,zone2-living-rm-gw-temp,2215
1786150800,zone2-living-rm-gw-temp,2215
1786150801,zone5-living-rm-fancoil-heat-call,1
1786150860,zone2-living-rm-gw-temp,2214
1786150920,zone2-living-rm-gw-temp,2216
1786150980,zone2-living-rm-gw-temp,2217
1786151040,zone2-living-rm-gw-temp,2216
1786151100,zone2-living-rm-gw-temp,2214
1786151101,zone5-living-rm-fancoil-heat-call,1
1786151160,zone2-living-rm-gw-temp,2214
1786151220,zone2-living-rm-gw-temp,2213
1786151280,zone2-living-rm-gw-temp,2214
1786151340,zone2-living-rm-gw-temp,2215
1786151400,zone2-living-rm-gw-temp,2212
1786151401,zone5-living-rm-fancoil-heat-call,1
1786151460,zone2-living-rm-gw-temp,2213
1786151520,zone2-living-rm-gw-temp,2213
1786151580,zone2-living-rm-gw-temp,2213
1786151640,zone2-living-rm-gw-temp,2215
1786151700,zone2-living-rm-gw-temp,2213
1786151701,zone5-living-rm-fancoil-heat-call,1
1786151760,zone2-living-rm-gw-temp,2213
1786151820,zone2-living-rm-gw-temp,2212
1786151880,zone2-living-rm-gw-temp,2213
1786151940,zone2-living-rm-gw-temp,2214
1786152000,zone2-living-rm-gw-temp,2213
1786152001,zone5-living-rm-fancoil-heat-call,1
1786152060,zone2-living-rm-gw-temp,2212
1786152120,zone2-living-rm-gw-temp,2212
1786152180,zone2-living-rm-gw-temp,2213
1786152240,zone2-living-rm-gw-temp,2209
1786152300,zone2-living-rm-gw-temp,2212
1786152301,zone5-living-rm-fancoil-heat-call,1
1786152360,zone2-living-rm-gw-temp,2213
1786152420,zone2-living-rm-gw-temp,2212
1786152480,zone2-living-rm-gw-temp,2209
1786152540,zone2-living-rm-gw-temp,2209
1786152600,zone2-living-rm-gw-temp,2211
1786152601,zone5-living-rm-fancoil-heat-call,1
1786152660,zone2-living-rm-gw-temp,2210
1786152720,zone2-living-rm-gw-temp,2209
1786152780,zone2-living-rm-gw-temp,2212
1786152840,zone2-living-rm-gw-temp,2213
1786152900,zone2-living-rm-gw-temp,2211
1786152901,zone5-living-rm-fancoil-heat-call,1
1786152960,zone2-living-rm-gw-temp,2208
1786153020,zone2-living-rm-gw-temp,2210
1786153080,zone2-living-rm-gw-temp,2207
1786153140,zone2-living-rm-gw-temp,2207
1786153200,zone2-living-rm-gw-temp,2207
1786153201,zone5-living-rm-fancoil-heat-call,1
1786153260,zone2-living-rm-gw-temp,2208
1786153320,zone2-living-rm-gw-temp,2205
1786153380,zone2-living-rm-gw-temp,2204
1786153440,zone2-living-rm-gw-temp,2206
1786153500,zone2-living-rm-gw-temp,2204
1786153501,zone5-living-rm-fancoil-heat-call,1
1786153560,zone2-living-rm-gw-temp,2203
1786153620,zone2-living-rm-gw-temp,2202
1786153680,zone2-living-rm-gw-temp,2203
1786153740,zone2-living-rm-gw-temp,2202
1786153800,zone2-living-rm-gw-temp,2202
1786153801,zone5-living-rm-fancoil-heat-call,1
1786153860,zone2-living-rm-gw-temp,2201
1786153920,zone2-living-rm-gw-temp,2200
1786153980,zone2-living-rm-gw-temp,2201
1786154040,zone2-living-rm-gw-temp,2196
1786154100,zone2-living-rm-gw-temp,2199
1786154101,zone5-living-rm-fancoil-heat-call,1
1786154160,zone2-living-rm-gw-temp,2199
1786154220,zone2-living-rm-gw-temp,2198
1786154280,zone2-living-rm-gw-temp,2195
1786154340,zone2-living-rm-gw-temp,2196
1786154400,zone2-living-rm-gw-temp,2194
1786154401,zone5-living-rm-fancoil-heat-call,1
1786154460,zone2-living-rm-gw-temp,2196
1786154520,zone2-living-rm-gw-temp,2192
1786154580,zone2-living-rm-gw-temp,2194
1786154640,zone2-living-rm-gw-temp,2193
1786154700,zone2-living-rm-gw-temp,2190
1786154701,zone5-living-rm-fancoil-heat-call,1
1786154760,zone2-living-rm-gw-temp,2190
1786154820,zone2-living-rm-gw-temp,2191
1786154880,zone2-living-rm-gw-temp,2192
1786154940,zone2-living-rm-gw-temp,2191
1786155000,zone2-living-rm-gw-temp,2188
1786155001,zone5-living-rm-fancoil-heat-call,1
1786155060,zone2-living-rm-gw-temp,2188
1786155120,zone2-living-rm-gw-temp,2190
1786155180,zone2-living-rm-gw-temp,2188
1786155240,zone2-living-rm-gw-temp,2190
1786155300,zone2-living-rm-gw-temp,2187
1786155301,zone5-living-rm-fancoil-heat-call,1
1786155360,zone2-living-rm-gw-temp,2184
1786155420,zone2-living-rm-gw-temp,2186
1786155480,zone2-living-rm-gw-temp,2187
1786155540,zone2-living-rm-gw-temp,2188
1786155600,zone2-living-rm-gw-temp,2187
1786155601,zone5-living-rm-fancoil-heat-call,1
1786155660,zone2-living-rm-gw-temp,2186
1786155720,zone2-living-rm-gw-temp,2185
1786155780,zone2-living-rm-gw-temp,2187
1786155840,zone2-living-rm-gw-temp,2181
1786155900,zone2-living-rm-gw-temp,2185
1786155901,zone5-living-rm-fancoil-heat-call,1
1786155960,zone2-living-rm-gw-temp,2185
1786156020,zone2-living-rm-gw-temp,2184
1786156080,zone2-living-rm-gw-temp,2182
1786156140,zone2-living-rm-gw-temp,2182
1786156200,zone2-living-rm-gw-temp,2184
1786156201,zone5-living-rm-fancoil-heat-call,1
1786156260,zone2-living-rm-gw-temp,2185
1786156320,zone2-living-rm-gw-temp,2179
1786156380,zone2-living-rm-gw-temp,2183
1786156440,zone2-living-rm-gw-temp,2181
1786156500,zone2-living-rm-gw-temp,2179
1786156501,zone5-living-rm-fancoil-heat-call,1
1786156560,zone2-living-rm-gw-temp,2180
1786156620,zone2-living-rm-gw-temp,2180
1786156680,zone2-living-rm-gw-temp,2181
1786156740,zone2-living-rm-gw-temp,2180
1786156800,zone2-living-rm-gw-temp,2179
1786156801,zone5-living-rm-fancoil-heat-call,1
1786156860,zone2-living-rm-gw-temp,2177
1786156920,zone2-living-rm-gw-temp,2179
1786156980,zone2-living-rm-gw-temp,2179
1786157040,zone2-living-rm-gw-temp,2181
1786157100,zone2-living-rm-gw-temp,2179
1786157101,zone5-living-rm-fancoil-heat-call,1
1786157160,zone2-living-rm-gw-temp,2177
1786157220,zone2-living-rm-gw-temp,2177
1786157280,zone2-living-rm-gw-temp,2178
1786157340,zone2-living-rm-gw-temp,2177
1786157400,zone2-living-rm-gw-temp,2175
1786157401,zone5-living-rm-fancoil-heat-call,1
1786157460,zone2-living-rm-gw-temp,2175
1786157520,zone2-living-rm-gw-temp,2176
1786157580,zone2-living-rm-gw-temp,2175
1786157640,zone2-living-rm-gw-temp,2176
1786157700,zone2-living-rm-gw-temp,2174
1786157701,zone5-living-rm-fancoil-heat-call,1
1786157760,zone2-living-rm-gw-temp,2175
1786157820,zone2-living-rm-gw-temp,2173
1786157880,zone2-living-rm-gw-temp,2173
1786157940,zone2-living-rm-gw-temp,2175
1786158000,zone2-living-rm-gw-temp,2172
1786158001,zone5-living-rm-fancoil-heat-call,1
1786158060,zone2-living-rm-gw-temp,2173
1786158120,zone2-living-rm-gw-temp,2173
1786158180,zone2-living-rm-gw-temp,2173
1786158240,zone2-living-rm-gw-temp,2173
1786158300,zone2-living-rm-gw-temp,2173
1786158301,zone5-living-rm-fancoil-heat-call,1
1786158360,zone2-living-rm-gw-temp,2171
1786158420,zone2-living-rm-gw-temp,2171
1786158480,zone2-living-rm-gw-temp,2171
1786158540,zone2-living-rm-gw-temp,2168
1786158600,zone2-living-rm-gw-temp,2170
1786158601,zone5-living-rm-fancoil-heat-call,1
1786158660,zone2-living-rm-gw-temp,2168
1786158720,zone2-living-rm-gw-temp,2170
1786158780,zone2-living-rm-gw-temp,2170
1786158840,zone2-living-rm-gw-temp,2168
1786158900,zone2-living-rm-gw-temp,2166
1786158901,zone5-living-rm-fancoil-heat-call,1
1786158960,zone2-living-rm-gw-temp,2165
1786159020,zone2-living-rm-gw-temp,2167
1786159080,zone2-living-rm-gw-temp,2168
1786159140,zone2-living-rm-gw-temp,2166
1786159200,zone2-living-rm-gw-temp,2167
1786159201,zone5-living-rm-fancoil-heat-call,1
1786159260,zone2-living-rm-gw-temp,2165
1786159320,zone2-living-rm-gw-temp,2164
1786159380,zone2-living-rm-gw-temp,2166
1786159440,zone2-living-rm-gw-temp,2166
1786159500,zone2-living-rm-gw-temp,2164
1786159501,zone5-living-rm-fancoil-heat-call,1
1786159560,zone2-living-rm-gw-temp,2162
1786159620,zone2-living-rm-gw-temp,2162
1786159680,zone2-living-rm-gw-temp,2163
1786159740,zone2-living-rm-gw-temp,2162
1786159800,zone2-living-rm-gw-temp,2163
1786159801,zone5-living-rm-fancoil-heat-call,1
1786159860,zone2-living-rm-gw-temp,2160
1786159920,zone2-living-rm-gw-temp,2159
1786159980,zone2-living-rm-gw-temp,2160
1786160040,zone2-living-rm-gw-temp,2160
1786160100,zone2-living-rm-gw-temp,2162
1786160101,zone5-living-rm-fancoil-heat-call,1
1786160160,zone2-living-rm-gw-temp,2161
1786160220,zone2-living-rm-gw-temp,2160
1786160280,zone2-living-rm-gw-temp,2158
1786160340,zone2-living-rm-gw-temp,2158
1786160400,zone2-living-rm-gw-temp,2158
1786160401,zone5-living-rm-fancoil-heat-call,1
1786160460,zone2-living-rm-gw-temp,2159
1786160520,zone2-living-rm-gw-temp,2158
1786160580,zone2-living-rm-gw-temp,2157
1786160640,zone2-living-rm-gw-temp,2157
1786160700,zone2-living-rm-gw-temp,2159
1786160701,zone5-living-rm-fancoil-heat-call,1
1786160760,zone2-living-rm-gw-temp,2158
1786160820,zone2-living-rm-gw-temp,2158
1786160880,zone2-living-rm-gw-temp,2154
1786160940,zone2-living-rm-gw-temp,2155
1786161000,zone2-living-rm-gw-temp,2155
1786161001,zone5-living-rm-fancoil-heat-call,1
1786161060,zone2-living-rm-gw-temp,2154
1786161120,zone2-living-rm-gw-temp,2155
1786161180,zone2-living-rm-gw-temp,2155
1786161240,zone2-living-rm-gw-temp,2155
1786161300,zone2-living-rm-gw-temp,2153
1786161301,zone5-living-rm-fancoil-heat-call,1
1786161360,zone2-living-rm-gw-temp,2153
1786161364,zone2-living-rm-gw-temp,2151
1786161420,zone2-living-rm-gw-temp,2150
1786161480,zone2-living-rm-gw-temp,2151
1786161540,zone2-living-rm-gw-temp,2152
1786161600,zone2-living-rm-gw-temp,2153
1786161601,zone5-living-rm-fancoil-heat-call,1
1786161660,zone2-living-rm-gw-temp,2152
1786161720,zone2-living-rm-gw-temp,2153
1786161780,zone2-living-rm-gw-temp,2151
1786161840,zone2-living-rm-gw-temp,2154
1786161900,zone2-living-rm-gw-temp,2151
1786161901,zone5-living-rm-fancoil-heat-call,1
1786161960,zone2-living-rm-gw-temp,2154
1786162020,zone2-living-rm-gw-temp,2152
1786162080,zone2-living-rm-gw-temp,2152
1786162140,zone2-living-rm-gw-temp,2150
1786162200,zone2-living-rm-gw-temp,2150
1786162201,zone5-living-rm-fancoil-heat-call,1
1786162260,zone2-living-rm-gw-temp,2151
1786162320,zone2-living-rm-gw-temp,2151
1786162380,zone2-living-rm-gw-temp,2152
1786162440,zone2-living-rm-gw-temp,2151
1786162500,zone2-living-rm-gw-temp,2153
1786162501,zone5-living-rm-fancoil-heat-call,1
1786162560,zone2-living-rm-gw-temp,2153
1786162620,zone2-living-rm-gw-temp,2154
1786162680,zone2-living-rm-gw-temp,2149
1786162740,zone2-living-rm-gw-temp,2147
1786162800,zone2-living-rm-gw-temp,2150
1786162801,zone5-living-rm-fancoil-heat-call,1
1786162860,zone2-living-rm-gw-temp,2150
1786162920,zone2-living-rm-gw-temp,2151
1786162980,zone2-living-rm-gw-temp,2151
1786163040,zone2-living-rm-gw-temp,2151
1786163100,zone2-living-rm-gw-temp,2150
1786163101,zone5-living-rm-fancoil-heat-call,1
1786163160,zone2-living-rm-gw-temp,2148
1786163220,zone2-living-rm-gw-temp,2147
1786163280,zone2-living-rm-gw-temp,2146
1786163340,zone2-living-rm-gw-temp,2148
1786163400,zone2-living-rm-gw-temp,2146
1786163401,zone5-living-rm-fancoil-heat-call,1
1786163460,zone2-living-rm-gw-temp,2146
1786163520,zone2-living-rm-gw-temp,2145
1786163580,zone2-living-rm-gw-temp,2144
1786163640,zone2-living-rm-gw-temp,2144
1786163700,zone2-living-rm-gw-temp,2144
1786163700,zone5-living-rm-fancoil-heat-call,1
1786163760,zone2-living-rm-gw-temp,2146
1786163820,zone2-living-rm-gw-temp,2146
1786163880,zone2-living-rm-gw-temp,2146
1786163940,zone2-living-rm-gw-temp,2144
1786164000,zone2-living-rm-gw-temp,2143
1786164001,zone5-living-rm-fancoil-heat-call,1
1786164060,zone2-living-rm-gw-temp,2143
1786164120,zone2-living-rm-gw-temp,2144
1786164180,zone2-living-rm-gw-temp,2143
1786164240,zone2-living-rm-gw-temp,2144
1786164300,zone2-living-rm-gw-temp,2144
1786164301,zone5-living-rm-fancoil-heat-call,1
1786164360,zone2-living-rm-gw-temp,2142
1786164420,zone2-living-rm-gw-temp,2142
1786164480,zone2-living-rm-gw-temp,2142
1786164540,zone2-living-rm-gw-temp,2143
1786164600,zone2-living-rm-gw-temp,2141
1786164601,zone5-living-rm-fancoil-heat-call,1
1786164660,zone2-living-rm-gw-temp,2138
1786164720,zone2-living-rm-gw-temp,2140
1786164780,zone2-living-rm-gw-temp,2139
1786164840,zone2-living-rm-gw-temp,2142
1786164900,zone2-living-rm-gw-temp,2139
1786164901,zone5-living-rm-fancoil-heat-call,1
1786164960,zone2-living-rm-gw-temp,2137
1786165020,zone2-living-rm-gw-temp,2138
1786165080,zone2-living-rm-gw-temp,2138
1786165140,zone2-living-rm-gw-temp,2140
1786165200,zone2-living-rm-gw-temp,2138
1786165201,zone5-living-rm-fancoil-heat-call,1
1786165260,zone2-living-rm-gw-temp,2136
1786165320,zone2-living-rm-gw-temp,2138
1786165380,zone2-living-rm-gw-temp,2138
1786165440,zone2-living-rm-gw-temp,2138
1786165500,zone2-living-rm-gw-temp,2137
1786165501,zone5-living-rm-fancoil-heat-call,1
1786165560,zone2-living-rm-gw-temp,2136
1786165620,zone2-living-rm-gw-temp,2138
1786165680,zone2-living-rm-gw-temp,2136
1786165740,zone2-living-rm-gw-temp,2135
1786165800,zone2-living-rm-gw-temp,2137
1786165801,zone5-living-rm-fancoil-heat-call,1
1786165860,zone2-living-rm-gw-temp,2137
1786165920,zone2-living-rm-gw-temp,2135
1786165980,zone2-living-rm-gw-temp,2134
1786166040,zone2-living-rm-gw-temp,2135
1786166100,zone2-living-rm-gw-temp,2135
1786166101,zone5-living-rm-fancoil-heat-call,1
1786166160,zone2-living-rm-gw-temp,2135
1786166220,zone2-living-rm-gw-temp,2133
1786166280,zone2-living-rm-gw-temp,2133
1786166340,zone2-living-rm-gw-temp,2135
1786166400,zone2-living-rm-gw-temp,2131
1786166401,zone5-living-rm-fancoil-heat-call,1
1786166460,zone2-living-rm-gw-temp,2133
1786166520,zone2-living-rm-gw-temp,2132
1786166580,zone2-living-rm-gw-temp,2133
1786166640,zone2-living-rm-gw-temp,2134
1786166700,zone2-living-rm-gw-temp,2131
1786166701,zone5-living-rm-fancoil-heat-call,1
1786166760,zone2-living-rm-gw-temp,2131
1786166820,zone2-living-rm-gw-temp,2132
1786166880,zone2-living-rm-gw-temp,2133
1786166940,zone2-living-rm-gw-temp,2131
1786167000,zone2-living-rm-gw-temp,2132
1786167001,zone5-living-rm-fancoil-heat-call,1
1786167060,zone2-living-rm-gw-temp,2130
1786167120,zone2-living-rm-gw-temp,2131
1786167180,zone2-living-rm-gw-temp,2132
1786167240,zone2-living-rm-gw-temp,2129
1786167300,zone2-living-rm-gw-temp,2130
1786167301,zone5-living-rm-fancoil-heat-call,1
1786167360,zone2-living-rm-gw-temp,2131
1786167420,zone2-living-rm-gw-temp,2133
1786167480,zone2-living-rm-gw-temp,2130
1786167540,zone2-living-rm-gw-temp,2130
1786167600,zone2-living-rm-gw-temp,2131
1786167601,zone5-living-rm-fancoil-heat-call,1
1786167660,zone2-living-rm-gw-temp,2128
1786167720,zone2-living-rm-gw-temp,2130
1786167780,zone2-living-rm-gw-temp,2131
1786167840,zone2-living-rm-gw-temp,2131
1786167900,zone2-living-rm-gw-temp,2129
1786167901,zone5-living-rm-fancoil-heat-call,1
1786167960,zone2-living-rm-gw-temp,2128
1786168020,zone2-living-rm-gw-temp,2130
1786168080,zone2-living-rm-gw-temp,2128
1786168140,zone2-living-rm-gw-temp,2130
1786168200,zone2-living-rm-gw-temp,2128
1786168201,zone5-living-rm-fancoil-heat-call,1
1786168260,zone2-living-rm-gw-temp,2130
1786168320,zone2-living-rm-gw-temp,2128
1786168380,zone2-living-rm-gw-temp,2129
1786168440,zone2-living-rm-gw-temp,2128
1786168500,zone2-living-rm-gw-temp,2129
1786168501,zone5-living-rm-fancoil-heat-call,1
1786168560,zone2-living-rm-gw-temp,2130
1786168620,zone2-living-rm-gw-temp,2127
1786168680,zone2-living-rm-gw-temp,2128
1786168740,zone2-living-rm-gw-temp,2129
1786168800,zone2-living-rm-gw-temp,2127
1786168801,zone5-living-rm-fancoil-heat-call,1
1786168860,zone2-living-rm-gw-temp,2126
1786168920,zone2-living-rm-gw-temp,2128
1786168980,zone2-living-rm-gw-temp,2128
1786169040,zone2-living-rm-gw-temp,2128
1786169100,zone2-living-rm-gw-temp,2125
1786169101,zone5-living-rm-fancoil-heat-call,1
1786169160,zone2-living-rm-gw-temp,2125
1786169220,zone2-living-rm-gw-temp,2124
1786169280,zone2-living-rm-gw-temp,2127
1786169340,zone2-living-rm-gw-temp,2126
1786169400,zone2-living-rm-gw-temp,2124
1786169401,zone5-living-rm-fancoil-heat-call,1
1786169460,zone2-living-rm-gw-temp,2124
1786169520,zone2-living-rm-gw-temp,2124
1786169580,zone2-living-rm-gw-temp,2124
1786169640,zone2-living-rm-gw-temp,2126
1786169700,zone2-living-rm-gw-temp,2120
1786169701,zone5-living-rm-fancoil-heat-call,1
1786169760,zone2-living-rm-gw-temp,2122
1786169820,zone2-living-rm-gw-temp,2122
1786169880,zone2-living-rm-gw-temp,2122
1786169940,zone2-living-rm-gw-temp,2122
1786170000,zone2-living-rm-gw-temp,2123
1786170001,zone5-living-rm-fancoil-heat-call,1
1786170060,zone2-living-rm-gw-temp,2123
1786170120,zone2-living-rm-gw-temp,2123
1786170180,zone2-living-rm-gw-temp,2122
1786170240,zone2-living-rm-gw-temp,2118
1786170300,zone2-living-rm-gw-temp,2122
1786170301,zone5-living-rm-fancoil-heat-call,1
1786170360,zone2-living-rm-gw-temp,2121
1786170420,zone2-living-rm-gw-temp,2120
1786170480,zone2-living-rm-gw-temp,2124
1786170540,zone2-living-rm-gw-temp,2121
1786170600,zone2-living-rm-gw-temp,2120
1786170601,zone5-living-rm-fancoil-heat-call,1
1786170660,zone2-living-rm-gw-temp,2118
1786170720,zone2-living-rm-gw-temp,2119
1786170780,zone2-living-rm-gw-temp,2120
1786170840,zone2-living-rm-gw-temp,2120
1786170900,zone2-living-rm-gw-temp,2117
1786170901,zone5-living-rm-fancoil-heat-call,1
1786170960,zone2-living-rm-gw-temp,2117
1786171020,zone2-living-rm-gw-temp,2117
1786171080,zone2-living-rm-gw-temp,2117
1786171140,zone2-living-rm-gw-temp,2118
1786171200,zone2-living-rm-gw-temp,2117
1786171201,zone5-living-rm-fancoil-heat-call,1
1786171260,zone2-living-rm-gw-temp,2118
1786171320,zone2-living-rm-gw-temp,2114
1786171380,zone2-living-rm-gw-temp,2116
1786171440,zone2-living-rm-gw-temp,2116
1786171500,zone2-living-rm-gw-temp,2117
1786171501,zone5-living-rm-fancoil-heat-call,1
1786171560,zone2-living-rm-gw-temp,2117
1786171620,zone2-living-rm-gw-temp,2116
1786171680,zone2-living-rm-gw-temp,2114
1786171740,zone2-living-rm-gw-temp,2115
1786171800,zone2-living-rm-gw-temp,2114
1786171801,zone5-living-rm-fancoil-heat-call,1
1786171860,zone2-living-rm-gw-temp,2116
1786171920,zone2-living-rm-gw-temp,2115
1786171980,zone2-living-rm-gw-temp,2114
1786172040,zone2-living-rm-gw-temp,2113
1786172100,zone2-living-rm-gw-temp,2116
1786172101,zone5-living-rm-fancoil-heat-call,1
1786172160,zone2-living-rm-gw-temp,2111
1786172220,zone2-living-rm-gw-temp,2114
1786172280,zone2-living-rm-gw-temp,2114
1786172340,zone2-living-rm-gw-temp,2114
1786172400,zone2-living-rm-gw-temp,2113
1786172401,zone5-living-rm-fancoil-heat-call,1
1786172460,zone2-living-rm-gw-temp,2114
1786172520,zone2-living-rm-gw-temp,2112
1786172580,zone2-living-rm-gw-temp,2116
1786172640,zone2-living-rm-gw-temp,2115
1786172700,zone2-living-rm-gw-temp,2111
1786172701,zone5-living-rm-fancoil-heat-call,1
1786172760,zone2-living-rm-gw-temp,2112
1786172820,zone2-living-rm-gw-temp,2114
1786172880,zone2-living-rm-gw-temp,2114
1786172940,zone2-living-rm-gw-temp,2114
1786173000,zone2-living-rm-gw-temp,2112
1786173001,zone5-living-rm-fancoil-heat-call,1
1786173060,zone2-living-rm-gw-temp,2113
1786173120,zone2-living-rm-gw-temp,2114
1786173180,zone2-living-rm-gw-temp,2114
1786173240,zone2-living-rm-gw-temp,2112
1786173300,zone2-living-rm-gw-temp,2114
1786173301,zone5-living-rm-fancoil-heat-call,1
1786173360,zone2-living-rm-gw-temp,2113
1786173420,zone2-living-rm-gw-temp,2114
1786173480,zone2-living-rm-gw-temp,2114
1786173540,zone2-living-rm-gw-temp,2111
1786173600,zone2-living-rm-gw-temp,2112
1786173601,zone5-living-rm-fancoil-heat-call,1
1786173660,zone2-living-rm-gw-temp,2112
1786173720,zone2-living-rm-gw-temp,2111
1786173780,zone2-living-rm-gw-temp,2112
1786173840,zone2-living-rm-gw-temp,2110
1786173900,zone2-living-rm-gw-temp,2113
1786173901,zone5-living-rm-fancoil-heat-call,1
1786173960,zone2-living-rm-gw-temp,2112
1786174020,zone2-living-rm-gw-temp,2109
1786174080,zone2-living-rm-gw-temp,2112
1786174140,zone2-living-rm-gw-temp,2113
1786174200,zone2-living-rm-gw-temp,2109
1786174201,zone5-living-rm-fancoil-heat-call,1
1786174260,zone2-living-rm-gw-temp,2111
1786174320,zone2-living-rm-gw-temp,2111
1786174380,zone2-living-rm-gw-temp,2112
1786174440,zone2-living-rm-gw-temp,2110
1786174500,zone2-living-rm-gw-temp,2111
1786174501,zone5-living-rm-fancoil-heat-call,1
1786174560,zone2-living-rm-gw-temp,2110
1786174620,zone2-living-rm-gw-temp,2111
1786174680,zone2-living-rm-gw-temp,2108
1786174740,zone2-living-rm-gw-temp,2108
1786174800,zone2-living-rm-gw-temp,2108
1786174801,zone5-living-rm-fancoil-heat-call,1
1786174860,zone2-living-rm-gw-temp,2109
1786174920,zone2-living-rm-gw-temp,2110
1786174980,zone2-living-rm-gw-temp,2105
1786175040,zone2-living-rm-gw-temp,2108
1786175100,zone2-living-rm-gw-temp,2109
1786175101,zone5-living-rm-fancoil-heat-call,1
1786175160,zone2-living-rm-gw-temp,2109
1786175220,zone2-living-rm-gw-temp,2105
1786175280,zone2-living-rm-gw-temp,2105
1786175340,zone2-living-rm-gw-temp,2104
1786175400,zone2-living-rm-gw-temp,2104
1786175401,zone5-living-rm-fancoil-heat-call,1
1786175460,zone2-living-rm-gw-temp,2107
1786175520,zone2-living-rm-gw-temp,2107
1786175580,zone2-living-rm-gw-temp,2105
1786175640,zone2-living-rm-gw-temp,2104
1786175700,zone2-living-rm-gw-temp,2106
1786175701,zone5-living-rm-fancoil-heat-call,1
1786175760,zone2-living-rm-gw-temp,2105
1786175820,zone2-living-rm-gw-temp,2106
1786175846,zone2-living-rm-gw-temp,2101
1786175880,zone2-living-rm-gw-temp,2105
1786175940,zone2-living-rm-gw-temp,2106
1786176000,zone2-living-rm-gw-temp,2101
1786176001,zone5-living-rm-fancoil-heat-call,1
1786176060,zone2-living-rm-gw-temp,2103
1786176120,zone2-living-rm-gw-temp,2102
1786176180,zone2-living-rm-gw-temp,2103
1786176240,zone2-living-rm-gw-temp,2103
1786176300,zone2-living-rm-gw-temp,2104
1786176301,zone5-living-rm-fancoil-heat-call,1
1786176360,zone2-living-rm-gw-temp,2104
1786176420,zone2-living-rm-gw-temp,2103
1786176480,zone2-living-rm-gw-temp,2102
1786176540,zone2-living-rm-gw-temp,2101
1786176600,zone2-living-rm-gw-temp,2104
1786176601,zone5-living-rm-fancoil-heat-call,1
1786176660,zone2-living-rm-gw-temp,2103
1786176720,zone2-living-rm-gw-temp,2104
1786176780,zone2-living-rm-gw-temp,2102
1786176840,zone2-living-rm-gw-temp,2101
1786176900,zone2-living-rm-gw-temp,2101
1786176901,zone5-living-rm-fancoil-heat-call,1
1786176960,zone2-living-rm-gw-temp,2101
1786177020,zone2-living-rm-gw-temp,2101
1786177080,zone2-living-rm-gw-temp,2100
1786177140,zone2-living-rm-gw-temp,2100
1786177200,zone2-living-rm-gw-temp,2098
1786177201,zone5-living-rm-fancoil-heat-call,1
1786177260,zone2-living-rm-gw-temp,2100
1786177320,zone2-living-rm-gw-temp,2099
1786177380,zone2-living-rm-gw-temp,2098
1786177440,zone2-living-rm-gw-temp,2098
1786177500,zone2-living-rm-gw-temp,2100
1786177501,zone5-living-rm-fancoil-heat-call,1
1786177560,zone2-living-rm-gw-temp,2098
1786177620,zone2-living-rm-gw-temp,2101
1786177680,zone2-living-rm-gw-temp,2099
1786177740,zone2-living-rm-gw-temp,2100
1786177800,zone2-living-rm-gw-temp,2099
1786177801,zone5-living-rm-fancoil-heat-call,1
1786177860,zone2-living-rm-gw-temp,2098
1786177920,zone2-living-rm-gw-temp,2099
1786177980,zone2-living-rm-gw-temp,2098
1786178040,zone2-living-rm-gw-temp,2099
1786178100,zone2-living-rm-gw-temp,2100
1786178101,zone5-living-rm-fancoil-heat-call,1
1786178160,zone2-living-rm-gw-temp,2098
1786178220,zone2-living-rm-gw-temp,2100
1786178280,zone2-living-rm-gw-temp,2101
1786178340,zone2-living-rm-gw-temp,2101
1786178400,zone2-living-rm-gw-temp,2097
1786178401,zone5-living-rm-fancoil-heat-call,1
1786178460,zone2-living-rm-gw-temp,2098
1786178520,zone2-living-rm-gw-temp,2098
1786178580,zone2-living-rm-gw-temp,2098
1786178640,zone2-living-rm-gw-temp,2098
1786178700,zone2-living-rm-gw-temp,2100
1786178701,zone5-living-rm-fancoil-heat-call,1
1786178760,zone2-living-rm-gw-temp,2099
1786178820,zone2-living-rm-gw-temp,2101
1786178880,zone2-living-rm-gw-temp,2099
1786178940,zone2-living-rm-gw-temp,2097
1786179000,zone2-living-rm-gw-temp,2097
1786179001,zone5-living-rm-fancoil-heat-call,1
1786179060,zone2-living-rm-gw-temp,2098
1786179120,zone2-living-rm-gw-temp,2098
1786179180,zone2-living-rm-gw-temp,2098
1786179240,zone2-living-rm-gw-temp,2098
1786179300,zone2-living-rm-gw-temp,2098
1786179301,zone5-living-rm-fancoil-heat-call,1
1786179360,zone2-living-rm-gw-temp,2097
1786179420,zone2-living-rm-gw-temp,2097
1786179480,zone2-living-rm-gw-temp,2096
1786179540,zone2-living-rm-gw-temp,2098
1786179600,zone2-living-rm-gw-temp,2096
1786179601,zone5-living-rm-fancoil-heat-call,1
1786179660,zone2-living-rm-gw-temp,2097
1786179720,zone2-living-rm-gw-temp,2097
1786179780,zone2-living-rm-gw-temp,2095
1786179840,zone2-living-rm-gw-temp,2095
1786179900,zone2-living-rm-gw-temp,2097
1786179901,zone5-living-rm-fancoil-heat-call,1
1786179960,zone2-living-rm-gw-temp,2095
1786180020,zone2-living-rm-gw-temp,2097
1786180080,zone2-living-rm-gw-temp,2095
1786180140,zone2-living-rm-gw-temp,2096
1786180200,zone2-living-rm-gw-temp,2093
1786180201,zone5-living-rm-fancoil-heat-call,1
1786180260,zone2-living-rm-gw-temp,2092
1786180320,zone2-living-rm-gw-temp,2092
1786180380,zone2-living-rm-gw-temp,2093
1786180440,zone2-living-rm-gw-temp,2096
1786180500,zone2-living-rm-gw-temp,2093
1786180501,zone5-living-rm-fancoil-heat-call,1
1786180560,zone2-living-rm-gw-temp,2093
1786180620,zone2-living-rm-gw-temp,2094
1786180680,zone2-living-rm-gw-temp,2094
1786180740,zone2-living-rm-gw-temp,2092
1786180800,zone2-living-rm-gw-temp,2091
1786180801,zone5-living-rm-fancoil-heat-call,1
1786180860,zone2-living-rm-gw-temp,2088
1786180920,zone2-living-rm-gw-temp,2090
1786180980,zone2-living-rm-gw-temp,2090
1786181040,zone2-living-rm-gw-temp,2092
1786181100,zone2-living-rm-gw-temp,2090
1786181101,zone5-living-rm-fancoil-heat-call,1
1786181160,zone2-living-rm-gw-temp,2092
1786181220,zone2-living-rm-gw-temp,2092
1786181280,zone2-living-rm-gw-temp,2092
1786181340,zone2-living-rm-gw-temp,2089
1786181400,zone2-living-rm-gw-temp,2089
1786181401,zone5-living-rm-fancoil-heat-call,1
1786181460,zone2-living-rm-gw-temp,2089
1786181520,zone2-living-rm-gw-temp,2090
1786181580,zone2-living-rm-gw-temp,2091
1786181640,zone2-living-rm-gw-temp,2088
1786181700,zone2-living-rm-gw-temp,2088
1786181701,zone5-living-rm-fancoil-heat-call,1
1786181760,zone2-living-rm-gw-temp,2087
1786181820,zone2-living-rm-gw-temp,2089
1786181880,zone2-living-rm-gw-temp,2089
1786181940,zone2-living-rm-gw-temp,2086
1786182000,zone2-living-rm-gw-temp,2089
1786182001,zone5-living-rm-fancoil-heat-call,1
1786182060,zone2-living-rm-gw-temp,2087
1786182120,zone2-living-rm-gw-temp,2089
1786182180,zone2-living-rm-gw-temp,2087
1786182240,zone2-living-rm-gw-temp,2087
1786182300,zone2-living-rm-gw-temp,2085
1786182301,zone5-living-rm-fancoil-heat-call,1
1786182360,zone2-living-rm-gw-temp,2085
1786182420,zone2-living-rm-gw-temp,2085
1786182480,zone2-living-rm-gw-temp,2085
1786182540,zone2-living-rm-gw-temp,2085
1786182600,zone2-living-rm-gw-temp,2087
1786182601,zone5-living-rm-fancoil-heat-call,1
1786182660,zone2-living-rm-gw-temp,2086
1786182720,zone2-living-rm-gw-temp,2086
1786182780,zone2-living-rm-gw-temp,2084
1786182840,zone2-living-rm-gw-temp,2085
1786182900,zone2-living-rm-gw-temp,2085
1786182901,zone5-living-rm-fancoil-heat-call,1
1786182960,zone2-living-rm-gw-temp,2084
1786183020,zone2-living-rm-gw-temp,2087
1786183080,zone2-living-rm-gw-temp,2086
1786183140,zone2-living-rm-gw-temp,2087
1786183200,zone2-living-rm-gw-temp,2083
1786183201,zone5-living-rm-fancoil-heat-call,1
1786183260,zone2-living-rm-gw-temp,2084
1786183320,zone2-living-rm-gw-temp,2083
1786183380,zone2-living-rm-gw-temp,2084
1786183440,zone2-living-rm-gw-temp,2085
1786183500,zone2-living-rm-gw-temp,2084
1786183501,zone5-living-rm-fancoil-heat-call,1
1786183560,zone2-living-rm-gw-temp,2082
1786183620,zone2-living-rm-gw-temp,2086
1786183680,zone2-living-rm-gw-temp,2085
1786183740,zone2-living-rm-gw-temp,2084
1786183800,zone2-living-rm-gw-temp,2087
1786183801,zone5-living-rm-fancoil-heat-call,1
1786183860,zone2-living-rm-gw-temp,2085
1786183920,zone2-living-rm-gw-temp,2087
1786183980,zone2-living-rm-gw-temp,2084
1786184040,zone2-living-rm-gw-temp,2082
1786184100,zone2-living-rm-gw-temp,2084
1786184101,zone5-living-rm-fancoil-heat-call,1
1786184160,zone2-living-rm-gw-temp,2084
1786184220,zone2-living-rm-gw-temp,2084
1786184280,zone2-living-rm-gw-temp,2084
1786184340,zone2-living-rm-gw-temp,2085
1786184400,zone2-living-rm-gw-temp,2082
1786184401,zone5-living-rm-fancoil-heat-call,1
1786184460,zone2-living-rm-gw-temp,2082
1786184520,zone2-living-rm-gw-temp,2082
1786184580,zone2-living-rm-gw-temp,2084
1786184640,zone2-living-rm-gw-temp,2083
1786184700,zone2-living-rm-gw-temp,2083
1786184701,zone5-living-rm-fancoil-heat-call,1
1786184760,zone2-living-rm-gw-temp,2085
1786184820,zone2-living-rm-gw-temp,2083
1786184880,zone2-living-rm-gw-temp,2082
1786184940,zone2-living-rm-gw-temp,2084
1786185000,zone2-living-rm-gw-temp,2085
1786185001,zone5-living-rm-fancoil-heat-call,1
1786185060,zone2-living-rm-gw-temp,2084
1786185120,zone2-living-rm-gw-temp,2085
1786185180,zone2-living-rm-gw-temp,2080
1786185240,zone2-living-rm-gw-temp,2080
1786185300,zone2-living-rm-gw-temp,2080
1786185301,zone5-living-rm-fancoil-heat-call,1
1786185360,zone2-living-rm-gw-temp,2081
1786185420,zone2-living-rm-gw-temp,2081
1786185480,zone2-living-rm-gw-temp,2082
1786185540,zone2-living-rm-gw-temp,2082
1786185600,zone2-living-rm-gw-temp,2079
1786185601,zone5-living-rm-fancoil-heat-call,1
1786185660,zone2-living-rm-gw-temp,2078
1786185720,zone2-living-rm-gw-temp,2078
1786185780,zone2-living-rm-gw-temp,2078
1786185840,zone2-living-rm-gw-temp,2078
1786185900,zone2-living-rm-gw-temp,2077
1786185901,zone5-living-rm-fancoil-heat-call,1
1786185960,zone2-living-rm-gw-temp,2079
1786186020,zone2-living-rm-gw-temp,2077
1786186080,zone2-living-rm-gw-temp,2078
1786186140,zone2-living-rm-gw-temp,2078
1786186200,zone2-living-rm-gw-temp,2078
1786186201,zone5-living-rm-fancoil-heat-call,1
1786186260,zone2-living-rm-gw-temp,2079
1786186320,zone2-living-rm-gw-temp,2078
1786186380,zone2-living-rm-gw-temp,2076
1786186440,zone2-living-rm-gw-temp,2077
1786186500,zone2-living-rm-gw-temp,2078
1786186501,zone5-living-rm-fancoil-heat-call,1
1786186560,zone2-living-rm-gw-temp,2078
1786186620,zone2-living-rm-gw-temp,2078
1786186680,zone2-living-rm-gw-temp,2079
1786186740,zone2-living-rm-gw-temp,2074
1786186800,zone2-living-rm-gw-temp,2076
1786186801,zone5-living-rm-fancoil-heat-call,1
1786186860,zone2-living-rm-gw-temp,2074
1786186920,zone2-living-rm-gw-temp,2076
1786186980,zone2-living-rm-gw-temp,2076
1786187040,zone2-living-rm-gw-temp,2073
1786187100,zone2-living-rm-gw-temp,2074
1786187101,zone5-living-rm-fancoil-heat-call,1
1786187160,zone2-living-rm-gw-temp,2074
1786187220,zone2-living-rm-gw-temp,2075
1786187280,zone2-living-rm-gw-temp,2075
1786187340,zone2-living-rm-gw-temp,2073
1786187400,zone2-living-rm-gw-temp,2074
1786187401,zone5-living-rm-fancoil-heat-call,1
1786187460,zone2-living-rm-gw-temp,2075
1786187520,zone2-living-rm-gw-temp,2074
1786187580,zone2-living-rm-gw-temp,2076
1786187640,zone2-living-rm-gw-temp,2074
1786187700,zone2-living-rm-gw-temp,2076
1786187701,zone5-living-rm-fancoil-heat-call,1
1786187760,zone2-living-rm-gw-temp,2075
1786187820,zone2-living-rm-gw-temp,2079
1786187880,zone2-living-rm-gw-temp,2080
1786187940,zone2-living-rm-gw-temp,2080
1786188000,zone2-living-rm-gw-temp,2079
1786188001,zone5-living-rm-fancoil-heat-call,1
1786188060,zone2-living-rm-gw-temp,2081
1786188120,zone2-living-rm-gw-temp,2082
1786188180,zone2-living-rm-gw-temp,2081
1786188240,zone2-living-rm-gw-temp,2084
1786188287,zone5-living-rm-fancoil-heat-call,0
1786188300,zone2-living-rm-gw-temp,2086
1786188301,zone5-living-rm-fancoil-heat-call,0
1786188360,zone2-living-rm-gw-temp,2086
1786188420,zone2-living-rm-gw-temp,2091
1786188480,zone2-living-rm-gw-temp,2090
1786188540,zone2-living-rm-gw-temp,2086
1786188600,zone2-living-rm-gw-temp,2093
1786188601,zone5-living-rm-fancoil-heat-call,0
1786188660,zone2-living-rm-gw-temp,2094
1786188720,zone2-living-rm-gw-temp,2099
1786188780,zone2-living-rm-gw-temp,2100
1786188840,zone2-living-rm-gw-temp,2102
1786188900,zone2-living-rm-gw-temp,2102
1786188901,zone5-living-rm-fancoil-heat-call,0
1786188960,zone2-living-rm-gw-temp,2104
1786189020,zone2-living-rm-gw-temp,2105
1786189080,zone2-living-rm-gw-temp,2106
1786189140,zone2-living-rm-gw-temp,2104
1786189200,zone2-living-rm-gw-temp,2109
1786189201,zone5-living-rm-fancoil-heat-call,0
1786189260,zone2-living-rm-gw-temp,2109
1786189320,zone2-living-rm-gw-temp,2115
1786189380,zone2-living-rm-gw-temp,2115
1786189440,zone2-living-rm-gw-temp,2117
1786189500,zone2-living-rm-gw-temp,2114
1786189501,zone5-living-rm-fancoil-heat-call,0
1786189560,zone2-living-rm-gw-temp,2120
1786189620,zone2-living-rm-gw-temp,2116
1786189680,zone2-living-rm-gw-temp,2122
1786189740,zone2-living-rm-gw-temp,2123
1786189800,zone2-living-rm-gw-temp,2122
1786189801,zone5-living-rm-fancoil-heat-call,0
1786189860,zone2-living-rm-gw-temp,2120
1786189920,zone2-living-rm-gw-temp,2136
1786189980,zone2-living-rm-gw-temp,2127
1786190040,zone2-living-rm-gw-temp,2124
1786190100,zone2-living-rm-gw-temp,2126
1786190101,zone5-living-rm-fancoil-heat-call,0
1786190160,zone2-living-rm-gw-temp,2127
1786190220,zone2-living-rm-gw-temp,2125
1786190280,zone2-living-rm-gw-temp,2116
1786190340,zone2-living-rm-gw-temp,2117
1786190400,zone2-living-rm-gw-temp,2121
1786190401,zone5-living-rm-fancoil-heat-call,0
1786190460,zone2-living-rm-gw-temp,2118
1786190520,zone2-living-rm-gw-temp,2124
1786190580,zone2-living-rm-gw-temp,2120
1786190640,zone2-living-rm-gw-temp,2125
1786190700,zone2-living-rm-gw-temp,2128
1786190701,zone5-living-rm-fancoil-heat-call,0
1786190760,zone2-living-rm-gw-temp,2127
1786190820,zone2-living-rm-gw-temp,2128
1786190880,zone2-living-rm-gw-temp,2125
1786190940,zone2-living-rm-gw-temp,2125
1786191000,zone2-living-rm-gw-temp,2131
1786191001,zone5-living-rm-fancoil-heat-call,0
1786191060,zone2-living-rm-gw-temp,2128
1786191120,zone2-living-rm-gw-temp,2138
1786191180,zone2-living-rm-gw-temp,2142
1786191240,zone2-living-rm-gw-temp,2138
1786191300,zone2-living-rm-gw-temp,2136
1786191301,zone5-living-rm-fancoil-heat-call,0
1786191360,zone2-living-rm-gw-temp,2141
1786191420,zone2-living-rm-gw-temp,2140
1786191480,zone2-living-rm-gw-temp,2138
1786191540,zone2-living-rm-gw-temp,2143
1786191600,zone2-living-rm-gw-temp,2141
1786191601,zone5-living-rm-fancoil-heat-call,0
1786191660,zone2-living-rm-gw-temp,2145
1786191720,zone2-living-rm-gw-temp,2144
1786191780,zone2-living-rm-gw-temp,2145
1786191840,zone2-living-rm-gw-temp,2147
1786191899,zone2-living-rm-gw-temp,2151
1786191900,zone2-living-rm-gw-temp,2148
1786191901,zone5-living-rm-fancoil-heat-call,0
1786191960,zone2-living-rm-gw-temp,2151
1786192020,zone2-living-rm-gw-temp,2146
1786192080,zone2-living-rm-gw-temp,2148
1786192140,zone2-living-rm-gw-temp,2151
1786192200,zone2-living-rm-gw-temp,2144
1786192201,zone5-living-rm-fancoil-heat-call,0
1786192260,zone2-living-rm-gw-temp,2145
1786192320,zone2-living-rm-gw-temp,2143
1786192380,zone2-living-rm-gw-temp,2142
1786192440,zone2-living-rm-gw-temp,2145
1786192500,zone2-living-rm-gw-temp,2142
1786192501,zone5-living-rm-fancoil-heat-call,0
1786192560,zone2-living-rm-gw-temp,2143
1786192620,zone2-living-rm-gw-temp,2147
1786192680,zone2-living-rm-gw-temp,2149
1786192740,zone2-living-rm-gw-temp,2144
1786192800,zone2-living-rm-gw-temp,2144
1786192801,zone5-living-rm-fancoil-heat-call,0
1786192860,zone2-living-rm-gw-temp,2150
1786192920,zone2-living-rm-gw-temp,2142
1786192980,zone2-living-rm-gw-temp,2146
1786193040,zone2-living-rm-gw-temp,2144
1786193100,zone2-living-rm-gw-temp,2144
1786193101,zone5-living-rm-fancoil-heat-call,0
1786193160,zone2-living-rm-gw-temp,2146
1786193220,zone2-living-rm-gw-temp,2146
1786193280,zone2-living-rm-gw-temp,2146
1786193340,zone2-living-rm-gw-temp,2146
1786193400,zone2-living-rm-gw-temp,2146
1786193401,zone5-living-rm-fancoil-heat-call,0
1786193460,zone2-living-rm-gw-temp,2149
1786193520,zone2-living-rm-gw-temp,2152
1786193580,zone2-living-rm-gw-temp,2155
1786193640,zone2-living-rm-gw-temp,2151
1786193700,zone2-living-rm-gw-temp,2155
1786193701,zone5-living-rm-fancoil-heat-call,0
1786193760,zone2-living-rm-gw-temp,2159
1786193820,zone2-living-rm-gw-temp,2158
1786193880,zone2-living-rm-gw-temp,2159
1786193940,zone2-living-rm-gw-temp,2157
1786194000,zone2-living-rm-gw-temp,2158
1786194001,zone5-living-rm-fancoil-heat-call,0
1786194060,zone2-living-rm-gw-temp,2160
1786194120,zone2-living-rm-gw-temp,2163
1786194180,zone2-living-rm-gw-temp,2164
1786194240,zone2-living-rm-gw-temp,2166
1786194300,zone2-living-rm-gw-temp,2162
1786194301,zone5-living-rm-fancoil-heat-call,0
1786194360,zone2-living-rm-gw-temp,2165
1786194420,zone2-living-rm-gw-temp,2163
1786194480,zone2-living-rm-gw-temp,2162
1786194540,zone2-living-rm-gw-temp,2163
1786194600,zone2-living-rm-gw-temp,2158
1786194601,zone5-living-rm-fancoil-heat-call,0
1786194660,zone2-living-rm-gw-temp,2159
1786194720,zone2-living-rm-gw-temp,2161
1786194780,zone2-living-rm-gw-temp,2156
1786194840,zone2-living-rm-gw-temp,2162
1786194900,zone2-living-rm-gw-temp,2162
1786194901,zone5-living-rm-fancoil-heat-call,0
1786194960,zone2-living-rm-gw-temp,2158
1786195020,zone2-living-rm-gw-temp,2159
1786195039,zone5-living-rm-fancoil-heat-call,1
1786195080,zone2-living-rm-gw-temp,2162
1786195140,zone2-living-rm-gw-temp,2163
1786195200,zone2-living-rm-gw-temp,2159
1786195201,zone5-living-rm-fancoil-heat-call,1
1786195260,zone2-living-rm-gw-temp,2156
1786195320,zone2-living-rm-gw-temp,2160
1786195380,zone2-living-rm-gw-temp,2161
1786195440,zone2-living-rm-gw-temp,2159
1786195500,zone2-living-rm-gw-temp,2155
1786195501,zone5-living-rm-fancoil-heat-call,1
1786195555,zone5-living-rm-fancoil-heat-call,0
1786195560,zone2-living-rm-gw-temp,2158
1786195620,zone2-living-rm-gw-temp,2155
1786195680,zone2-living-rm-gw-temp,2155
1786195740,zone2-living-rm-gw-temp,2153
1786195800,zone2-living-rm-gw-temp,2153
1786195801,zone5-living-rm-fancoil-heat-call,0
1786195860,zone2-living-rm-gw-temp,2155
1786195920,zone2-living-rm-gw-temp,2157
1786195980,zone2-living-rm-gw-temp,2156
1786196040,zone2-living-rm-gw-temp,2159
1786196100,zone2-living-rm-gw-temp,2160
1786196101,zone5-living-rm-fancoil-heat-call,0
1786196160,zone2-living-rm-gw-temp,2156
1786196220,zone2-living-rm-gw-temp,2159
1786196280,zone2-living-rm-gw-temp,2158
1786196340,zone2-living-rm-gw-temp,2158
1786196400,zone2-living-rm-gw-temp,2160
1786196401,zone5-living-rm-fancoil-heat-call,0
1786196460,zone2-living-rm-gw-temp,2162
1786196520,zone2-living-rm-gw-temp,2159
1786196580,zone2-living-rm-gw-temp,2164
1786196640,zone2-living-rm-gw-temp,2164
1786196700,zone2-living-rm-gw-temp,2163
1786196701,zone5-living-rm-fancoil-heat-call,0
1786196760,zone2-living-rm-gw-temp,2163
1786196820,zone2-living-rm-gw-temp,2164
1786196880,zone2-living-rm-gw-temp,2169
1786196940,zone2-living-rm-gw-temp,2169
1786197000,zone2-living-rm-gw-temp,2164
1786197001,zone5-living-rm-fancoil-heat-call,0
1786197060,zone2-living-rm-gw-temp,2169
1786197120,zone2-living-rm-gw-temp,2171
1786197168,zone5-living-rm-fancoil-heat-call,1
1786197180,zone2-living-rm-gw-temp,2170
1786197240,zone2-living-rm-gw-temp,2173
1786197300,zone2-living-rm-gw-temp,2170
1786197301,zone5-living-rm-fancoil-heat-call,1
1786197360,zone2-living-rm-gw-temp,2167
1786197420,zone2-living-rm-gw-temp,2169
1786197480,zone2-living-rm-gw-temp,2165
1786197540,zone2-living-rm-gw-temp,2164
1786197600,zone2-living-rm-gw-temp,2167
1786197601,zone5-living-rm-fancoil-heat-call,1
1786197660,zone2-living-rm-gw-temp,2167
1786197720,zone2-living-rm-gw-temp,2168
1786197728,zone5-living-rm-fancoil-heat-call,0
1786197780,zone2-living-rm-gw-temp,2164
1786197840,zone2-living-rm-gw-temp,2164
1786197900,zone2-living-rm-gw-temp,2174
1786197901,zone5-living-rm-fancoil-heat-call,0
1786197960,zone2-living-rm-gw-temp,2170
1786198020,zone2-living-rm-gw-temp,2172
1786198080,zone2-living-rm-gw-temp,2173
1786198140,zone2-living-rm-gw-temp,2176
1786198200,zone2-living-rm-gw-temp,2177
1786198201,zone5-living-rm-fancoil-heat-call,0
1786198260,zone2-living-rm-gw-temp,2185
1786198320,zone2-living-rm-gw-temp,2184
1786198380,zone2-living-rm-gw-temp,2186
1786198440,zone2-living-rm-gw-temp,2189
1786198500,zone2-living-rm-gw-temp,2188
1786198501,zone5-living-rm-fancoil-heat-call,0
1786198560,zone2-living-rm-gw-temp,2190
1786198620,zone2-living-rm-gw-temp,2193
1786198680,zone2-living-rm-gw-temp,2191
1786198740,zone2-living-rm-gw-temp,2190
1786198800,zone2-living-rm-gw-temp,2192
1786198801,zone5-living-rm-fancoil-heat-call,0
1786198860,zone2-living-rm-gw-temp,2185
1786198920,zone2-living-rm-gw-temp,2186
1786198980,zone2-living-rm-gw-temp,2191
1786199040,zone2-living-rm-gw-temp,2189
1786199100,zone2-living-rm-gw-temp,2184
1786199101,zone5-living-rm-fancoil-heat-call,0
1786199160,zone2-living-rm-gw-temp,2186
1786199185,zone5-living-rm-fancoil-heat-call,1
1786199220,zone2-living-rm-gw-temp,2187
1786199280,zone2-living-rm-gw-temp,2186
1786199340,zone2-living-rm-gw-temp,2188
1786199400,zone2-living-rm-gw-temp,2183
1786199401,zone5-living-rm-fancoil-heat-call,1
1786199460,zone2-living-rm-gw-temp,2183
1786199520,zone2-living-rm-gw-temp,2180
1786199580,zone2-living-rm-gw-temp,2181
1786199640,zone2-living-rm-gw-temp,2181
1786199700,zone2-living-rm-gw-temp,2175
1786199701,zone5-living-rm-fancoil-heat-call,1
1786199760,zone2-living-rm-gw-temp,2178
1786199766,zone5-living-rm-fancoil-heat-call,0
1786199820,zone2-living-rm-gw-temp,2174
1786199880,zone2-living-rm-gw-temp,2174
1786199940,zone2-living-rm-gw-temp,2174
1786200000,zone2-living-rm-gw-temp,2174
1786200001,zone5-living-rm-fancoil-heat-call,0
1786200060,zone2-living-rm-gw-temp,2176
1786200120,zone2-living-rm-gw-temp,2173
1786200180,zone2-living-rm-gw-temp,2173
1786200240,zone2-living-rm-gw-temp,2174
1786200300,zone2-living-rm-gw-temp,2172
1786200301,zone5-living-rm-fancoil-heat-call,0
1786200360,zone2-living-rm-gw-temp,2175
1786200420,zone2-living-rm-gw-temp,2172
1786200480,zone2-living-rm-gw-temp,2177
1786200540,zone2-living-rm-gw-temp,2177
1786200600,zone2-living-rm-gw-temp,2175
1786200601,zone5-living-rm-fancoil-heat-call,0
1786200660,zone2-living-rm-gw-temp,2173
1786200720,zone2-living-rm-gw-temp,2172
1786200780,zone2-living-rm-gw-temp,2176
1786200840,zone2-living-rm-gw-temp,2175
1786200900,zone2-living-rm-gw-temp,2176
1786200901,zone5-living-rm-fancoil-heat-call,0
1786200960,zone2-living-rm-gw-temp,2174
1786201020,zone2-living-rm-gw-temp,2171
1786201080,zone2-living-rm-gw-temp,2175
1786201140,zone2-living-rm-gw-temp,2177
1786201200,zone2-living-rm-gw-temp,2172
1786201201,zone5-living-rm-fancoil-heat-call,0
1786201260,zone2-living-rm-gw-temp,2172
1786201320,zone2-living-rm-gw-temp,2175
1786201350,zone5-living-rm-fancoil-heat-call,1
1786201380,zone2-living-rm-gw-temp,2174
1786201440,zone2-living-rm-gw-temp,2174
1786201500,zone2-living-rm-gw-temp,2172
1786201501,zone5-living-rm-fancoil-heat-call,1
1786201560,zone2-living-rm-gw-temp,2173
1786201620,zone2-living-rm-gw-temp,2170
1786201680,zone2-living-rm-gw-temp,2173
1786201740,zone2-living-rm-gw-temp,2169
1786201800,zone2-living-rm-gw-temp,2173
1786201801,zone5-living-rm-fancoil-heat-call,1
1786201860,zone2-living-rm-gw-temp,2169
1786201920,zone2-living-rm-gw-temp,2169
1786201924,zone5-living-rm-fancoil-heat-call,0
1786201980,zone2-living-rm-gw-temp,2171
1786202040,zone2-living-rm-gw-temp,2166
1786202100,zone2-living-rm-gw-temp,2166
1786202101,zone5-living-rm-fancoil-heat-call,0
1786202160,zone2-living-rm-gw-temp,2171
1786202220,zone2-living-rm-gw-temp,2166
1786202280,zone2-living-rm-gw-temp,2170
1786202340,zone2-living-rm-gw-temp,2170
1786202400,zone2-living-rm-gw-temp,2172
1786202401,zone5-living-rm-fancoil-heat-call,0
1786202460,zone2-living-rm-gw-temp,2170
1786202520,zone2-living-rm-gw-temp,2168
1786202580,zone2-living-rm-gw-temp,2167
1786202640,zone2-living-rm-gw-temp,2169
1786202700,zone2-living-rm-gw-temp,2170
1786202701,zone5-living-rm-fancoil-heat-call,0
1786202760,zone2-living-rm-gw-temp,2170
1786202820,zone2-living-rm-gw-temp,2171
1786202880,zone2-living-rm-gw-temp,2170
1786202940,zone2-living-rm-gw-temp,2173
1786203000,zone2-living-rm-gw-temp,2170
1786203001,zone5-living-rm-fancoil-heat-call,0
1786203060,zone2-living-rm-gw-temp,2174
1786203120,zone2-living-rm-gw-temp,2168
1786203180,zone2-living-rm-gw-temp,2171
1786203240,zone2-living-rm-gw-temp,2172
1786203300,zone2-living-rm-gw-temp,2175
1786203301,zone5-living-rm-fancoil-heat-call,0
1786203360,zone2-living-rm-gw-temp,2174
1786203420,zone2-living-rm-gw-temp,2175
1786203480,zone2-living-rm-gw-temp,2174
1786203521,zone5-living-rm-fancoil-heat-call,1
1786203540,zone2-living-rm-gw-temp,2175
1786203600,zone2-living-rm-gw-temp,2171
1786203601,zone5-living-rm-fancoil-heat-call,1
1786203660,zone2-living-rm-gw-temp,2178
1786203720,zone2-living-rm-gw-temp,2178
1786203780,zone2-living-rm-gw-temp,2173
1786203840,zone2-living-rm-gw-temp,2172
1786203900,zone2-living-rm-gw-temp,2171
1786203901,zone5-living-rm-fancoil-heat-call,1
1786203960,zone2-living-rm-gw-temp,2174
1786204020,zone2-living-rm-gw-temp,2169
1786204080,zone2-living-rm-gw-temp,2170
1786204106,zone5-living-rm-fancoil-heat-call,0
1786204140,zone2-living-rm-gw-temp,2172
1786204200,zone2-living-rm-gw-temp,2171
1786204201,zone5-living-rm-fancoil-heat-call,0
1786204260,zone2-living-rm-gw-temp,2177
1786204320,zone2-living-rm-gw-temp,2173
1786204380,zone2-living-rm-gw-temp,2177
1786204440,zone2-living-rm-gw-temp,2174
1786204500,zone2-living-rm-gw-temp,2177
1786204501,zone5-living-rm-fancoil-heat-call,0
1786204560,zone2-living-rm-gw-temp,2174
1786204620,zone2-living-rm-gw-temp,2178
1786204680,zone2-living-rm-gw-temp,2174
1786204740,zone2-living-rm-gw-temp,2175
1786204800,zone2-living-rm-gw-temp,2178
1786204801,zone5-living-rm-fancoil-heat-call,0
1786204860,zone2-living-rm-gw-temp,2175
1786204920,zone2-living-rm-gw-temp,2179
1786204980,zone2-living-rm-gw-temp,2179
1786205040,zone2-living-rm-gw-temp,2177
1786205100,zone2-living-rm-gw-temp,2178
1786205101,zone5-living-rm-fancoil-heat-call,0
1786205160,zone2-living-rm-gw-temp,2179
1786205220,zone2-living-rm-gw-temp,2179
1786205280,zone2-living-rm-gw-temp,2181
1786205340,zone2-living-rm-gw-temp,2184
1786205400,zone2-living-rm-gw-temp,2177
1786205401,zone5-living-rm-fancoil-heat-call,0
1786205460,zone2-living-rm-gw-temp,2179
1786205462,zone5-living-rm-fancoil-heat-call,1
1786205520,zone2-living-rm-gw-temp,2181
1786205580,zone2-living-rm-gw-temp,2181
1786205640,zone2-living-rm-gw-temp,2181
1786205700,zone2-living-rm-gw-temp,2178
1786205701,zone5-living-rm-fancoil-heat-call,1
1786205760,zone2-living-rm-gw-temp,2178
1786205820,zone2-living-rm-gw-temp,2177
1786205880,zone2-living-rm-gw-temp,2176
1786205940,zone2-living-rm-gw-temp,2173
1786206000,zone2-living-rm-gw-temp,2176
1786206001,zone5-living-rm-fancoil-heat-call,1
1786206060,zone2-living-rm-gw-temp,2175
1786206077,zone5-living-rm-fancoil-heat-call,0
1786206120,zone2-living-rm-gw-temp,2172
1786206180,zone2-living-rm-gw-temp,2175
1786206240,zone2-living-rm-gw-temp,2177
1786206300,zone2-living-rm-gw-temp,2178
1786206301,zone5-living-rm-fancoil-heat-call,0
1786206360,zone2-living-rm-gw-temp,2177
1786206420,zone2-living-rm-gw-temp,2175
1786206480,zone2-living-rm-gw-temp,2177
1786206540,zone2-living-rm-gw-temp,2175
1786206600,zone2-living-rm-gw-temp,2178
1786206601,zone5-living-rm-fancoil-heat-call,0
1786206660,zone2-living-rm-gw-temp,2179
1786206720,zone2-living-rm-gw-temp,2181
1786206780,zone2-living-rm-gw-temp,2182
1786206840,zone2-living-rm-gw-temp,2180
1786206900,zone2-living-rm-gw-temp,2175
1786206901,zone5-living-rm-fancoil-heat-call,0
1786206960,zone2-living-rm-gw-temp,2181
1786207020,zone2-living-rm-gw-temp,2182
1786207080,zone2-living-rm-gw-temp,2177
1786207140,zone2-living-rm-gw-temp,2183
1786207200,zone2-living-rm-gw-temp,2184
1786207201,zone5-living-rm-fancoil-heat-call,0
1786207260,zone2-living-rm-gw-temp,2180
1786207300,zone5-living-rm-fancoil-heat-call,1
1786207320,zone2-living-rm-gw-temp,2184
1786207380,zone2-living-rm-gw-temp,2179
1786207440,zone2-living-rm-gw-temp,2183
1786207500,zone2-living-rm-gw-temp,2180
1786207501,zone5-living-rm-fancoil-heat-call,1
1786207560,zone2-living-rm-gw-temp,2184
1786207620,zone2-living-rm-gw-temp,2180
1786207680,zone2-living-rm-gw-temp,2178
1786207740,zone2-living-rm-gw-temp,2181
1786207800,zone2-living-rm-gw-temp,2176
1786207801,zone5-living-rm-fancoil-heat-call,1
1786207860,zone2-living-rm-gw-temp,2173
1786207920,zone2-living-rm-gw-temp,2173
1786207938,zone5-living-rm-fancoil-heat-call,0
1786207980,zone2-living-rm-gw-temp,2177
1786208040,zone2-living-rm-gw-temp,2173
1786208100,zone2-living-rm-gw-temp,2174
1786208101,zone5-living-rm-fancoil-heat-call,0
1786208160,zone2-living-rm-gw-temp,2174
1786208220,zone2-living-rm-gw-temp,2177
1786208280,zone2-living-rm-gw-temp,2175
1786208340,zone2-living-rm-gw-temp,2178
1786208400,zone2-living-rm-gw-temp,2180
1786208401,zone5-living-rm-fancoil-heat-call,0
1786208460,zone2-living-rm-gw-temp,2179
1786208520,zone2-living-rm-gw-temp,2177
1786208580,zone2-living-rm-gw-temp,2180
1786208640,zone2-living-rm-gw-temp,2175
1786208700,zone2-living-rm-gw-temp,2177
1786208701,zone5-living-rm-fancoil-heat-call,0
1786208760,zone2-living-rm-gw-temp,2180
1786208820,zone2-living-rm-gw-temp,2177
1786208880,zone2-living-rm-gw-temp,2179
1786208940,zone2-living-rm-gw-temp,2178
1786209000,zone2-living-rm-gw-temp,2184
1786209001,zone5-living-rm-fancoil-heat-call,0
1786209060,zone2-living-rm-gw-temp,2177
1786209120,zone2-living-rm-gw-temp,2183
1786209180,zone2-living-rm-gw-temp,2181
1786209240,zone2-living-rm-gw-temp,2181
1786209300,zone2-living-rm-gw-temp,2182
1786209301,zone5-living-rm-fancoil-heat-call,0
1786209360,zone2-living-rm-gw-temp,2183
1786209398,zone5-living-rm-fancoil-heat-call,1
1786209420,zone2-living-rm-gw-temp,2179
1786209480,zone2-living-rm-gw-temp,2185
1786209540,zone2-living-rm-gw-temp,2181
1786209600,zone2-living-rm-gw-temp,2186
1786209601,zone5-living-rm-fancoil-heat-call,1
1786209660,zone2-living-rm-gw-temp,2181
1786209720,zone2-living-rm-gw-temp,2181
1786209780,zone2-living-rm-gw-temp,2183
1786209840,zone2-living-rm-gw-temp,2178
1786209900,zone2-living-rm-gw-temp,2176
1786209901,zone5-living-rm-fancoil-heat-call,1
1786209960,zone2-living-rm-gw-temp,2178
1786210020,zone2-living-rm-gw-temp,2180
1786210059,zone5-living-rm-fancoil-heat-call,0
1786210080,zone2-living-rm-gw-temp,2177
1786210140,zone2-living-rm-gw-temp,2178
1786210200,zone2-living-rm-gw-temp,2177
1786210201,zone5-living-rm-fancoil-heat-call,0
1786210260,zone2-living-rm-gw-temp,2183
1786210320,zone2-living-rm-gw-temp,2183
1786210380,zone2-living-rm-gw-temp,2178
1786210440,zone2-living-rm-gw-temp,2180
1786210500,zone2-living-rm-gw-temp,2176
1786210501,zone5-living-rm-fancoil-heat-call,0
1786210560,zone2-living-rm-gw-temp,2183
1786210620,zone2-living-rm-gw-temp,2182
1786210680,zone2-living-rm-gw-temp,2180
1786210740,zone2-living-rm-gw-temp,2183
1786210800,zone2-living-rm-gw-temp,2184
1786210801,zone5-living-rm-fancoil-heat-call,0
1786210860,zone2-living-rm-gw-temp,2184
1786210920,zone2-living-rm-gw-temp,2182
1786210980,zone2-living-rm-gw-temp,2182
1786211040,zone2-living-rm-gw-temp,2184
1786211100,zone2-living-rm-gw-temp,2188
1786211101,zone5-living-rm-fancoil-heat-call,0
1786211160,zone2-living-rm-gw-temp,2188
1786211220,zone2-living-rm-gw-temp,2184
1786211280,zone2-living-rm-gw-temp,2188
1786211334,zone5-living-rm-fancoil-heat-call,1
1786211340,zone2-living-rm-gw-temp,2186
1786211400,zone2-living-rm-gw-temp,2187
1786211401,zone5-living-rm-fancoil-heat-call,1
1786211460,zone2-living-rm-gw-temp,2188
1786211520,zone2-living-rm-gw-temp,2190
1786211580,zone2-living-rm-gw-temp,2189
1786211640,zone2-living-rm-gw-temp,2192
1786211700,zone2-living-rm-gw-temp,2189
1786211701,zone5-living-rm-fancoil-heat-call,1
1786211760,zone2-living-rm-gw-temp,2186
1786211820,zone2-living-rm-gw-temp,2192
1786211880,zone2-living-rm-gw-temp,2190
1786211940,zone2-living-rm-gw-temp,2190
1786212000,zone2-living-rm-gw-temp,2190
1786212001,zone5-living-rm-fancoil-heat-call,1
1786212060,zone2-living-rm-gw-temp,2184
1786212071,zone5-living-rm-fancoil-heat-call,0
1786212120,zone2-living-rm-gw-temp,2189
1786212180,zone2-living-rm-gw-temp,2190
1786212240,zone2-living-rm-gw-temp,2184
1786212300,zone2-living-rm-gw-temp,2187
1786212301,zone5-living-rm-fancoil-heat-call,0
1786212360,zone2-living-rm-gw-temp,2187
1786212420,zone2-living-rm-gw-temp,2189
1786212480,zone2-living-rm-gw-temp,2189
1786212540,zone2-living-rm-gw-temp,2189
1786212600,zone2-living-rm-gw-temp,2193
1786212601,zone5-living-rm-fancoil-heat-call,0
1786212660,zone2-living-rm-gw-temp,2193
1786212720,zone2-living-rm-gw-temp,2193
1786212780,zone2-living-rm-gw-temp,2195
1786212840,zone2-living-rm-gw-temp,2197
1786212900,zone2-living-rm-gw-temp,2195
1786212901,zone5-living-rm-fancoil-heat-call,0
1786212960,zone2-living-rm-gw-temp,2193
1786213020,zone2-living-rm-gw-temp,2195
1786213080,zone2-living-rm-gw-temp,2195
1786213121,zone5-living-rm-fancoil-heat-call,1
1786213140,zone2-living-rm-gw-temp,2195
1786213176,zone2-living-rm-gw-temp,2201
1786213200,zone2-living-rm-gw-temp,2198
1786213201,zone5-living-rm-fancoil-heat-call,1
1786213260,zone2-living-rm-gw-temp,2194
1786213320,zone2-living-rm-gw-temp,2196
1786213380,zone2-living-rm-gw-temp,2196
1786213440,zone2-living-rm-gw-temp,2193
1786213500,zone2-living-rm-gw-temp,2197
1786213501,zone5-living-rm-fancoil-heat-call,1
1786213560,zone2-living-rm-gw-temp,2196
1786213620,zone2-living-rm-gw-temp,2192
1786213680,zone2-living-rm-gw-temp,2195
1786213740,zone2-living-rm-gw-temp,2192
1786213800,zone2-living-rm-gw-temp,2196
1786213801,zone5-living-rm-fancoil-heat-call,1
1786213860,zone2-living-rm-gw-temp,2190
1786213872,zone5-living-rm-fancoil-heat-call,0
1786213920,zone2-living-rm-gw-temp,2193
1786213980,zone2-living-rm-gw-temp,2191
1786214040,zone2-living-rm-gw-temp,2191
1786214100,zone2-living-rm-gw-temp,2196
1786214101,zone5-living-rm-fancoil-heat-call,0
1786214160,zone2-living-rm-gw-temp,2197
1786214220,zone2-living-rm-gw-temp,2196
1786214280,zone2-living-rm-gw-temp,2195
1786214340,zone2-living-rm-gw-temp,2194
1786214400,zone2-living-rm-gw-temp,2192
1786214401,zone5-living-rm-fancoil-heat-call,0
1786214460,zone2-living-rm-gw-temp,2192
1786214520,zone2-living-rm-gw-temp,2196
1786214580,zone2-living-rm-gw-temp,2197
1786214640,zone2-living-rm-gw-temp,2196
1786214700,zone2-living-rm-gw-temp,2196
1786214701,zone5-living-rm-fancoil-heat-call,0
1786214760,zone2-living-rm-gw-temp,2198
1786214820,zone2-living-rm-gw-temp,2194
1786214880,zone2-living-rm-gw-temp,2196
1786214940,zone2-living-rm-gw-temp,2200
1786214998,zone5-living-rm-fancoil-heat-call,1
1786215000,zone2-living-rm-gw-temp,2198
1786215001,zone5-living-rm-fancoil-heat-call,1
1786215060,zone2-living-rm-gw-temp,2198
1786215120,zone2-living-rm-gw-temp,2196
1786215180,zone2-living-rm-gw-temp,2200
1786215240,zone2-living-rm-gw-temp,2196
1786215300,zone2-living-rm-gw-temp,2193
1786215301,zone5-living-rm-fancoil-heat-call,1
1786215360,zone2-living-rm-gw-temp,2196
1786215420,zone2-living-rm-gw-temp,2194
1786215480,zone2-living-rm-gw-temp,2194
1786215540,zone2-living-rm-gw-temp,2190
1786215600,zone2-living-rm-gw-temp,2194
1786215601,zone5-living-rm-fancoil-heat-call,1
1786215660,zone2-living-rm-gw-temp,2189
1786215720,zone5-living-rm-fancoil-heat-call,0
1786215720,zone2-living-rm-gw-temp,2193
1786215780,zone2-living-rm-gw-temp,2190
1786215840,zone2-living-rm-gw-temp,2193
1786215900,zone2-living-rm-gw-temp,2191
1786215901,zone5-living-rm-fancoil-heat-call,0
1786215960,zone2-living-rm-gw-temp,2193
1786216020,zone2-living-rm-gw-temp,2196
1786216080,zone2-living-rm-gw-temp,2194
1786216140,zone2-living-rm-gw-temp,2190
1786216200,zone2-living-rm-gw-temp,2192
1786216201,zone5-living-rm-fancoil-heat-call,0
1786216260,zone2-living-rm-gw-temp,2193
1786216320,zone2-living-rm-gw-temp,2194
1786216380,zone2-living-rm-gw-temp,2191
1786216440,zone2-living-rm-gw-temp,2189
1786216500,zone2-living-rm-gw-temp,2195
1786216501,zone5-living-rm-fancoil-heat-call,0
1786216560,zone2-living-rm-gw-temp,2194
1786216620,zone2-living-rm-gw-temp,2193
1786216680,zone2-living-rm-gw-temp,2190
1786216740,zone2-living-rm-gw-temp,2192
1786216800,zone2-living-rm-gw-temp,2193
1786216801,zone5-living-rm-fancoil-heat-call,0
1786216860,zone2-living-rm-gw-temp,2196
1786216919,zone5-living-rm-fancoil-heat-call,1
1786216920,zone2-living-rm-gw-temp,2193
1786216980,zone2-living-rm-gw-temp,2198
1786217040,zone2-living-rm-gw-temp,2195
1786217100,zone2-living-rm-gw-temp,2194
1786217101,zone5-living-rm-fancoil-heat-call,1
1786217160,zone2-living-rm-gw-temp,2192
1786217220,zone2-living-rm-gw-temp,2190
1786217280,zone2-living-rm-gw-temp,2189
1786217340,zone2-living-rm-gw-temp,2189
1786217400,zone2-living-rm-gw-temp,2193
1786217401,zone5-living-rm-fancoil-heat-call,1
1786217460,zone2-living-rm-gw-temp,2189
1786217520,zone2-living-rm-gw-temp,2193
1786217580,zone2-living-rm-gw-temp,2192
1786217639,zone5-living-rm-fancoil-heat-call,0
1786217640,zone2-living-rm-gw-temp,2191
1786217700,zone2-living-rm-gw-temp,2185
1786217701,zone5-living-rm-fancoil-heat-call,0
1786217760,zone2-living-rm-gw-temp,2185
1786217820,zone2-living-rm-gw-temp,2190
1786217880,zone2-living-rm-gw-temp,2190
1786217940,zone2-living-rm-gw-temp,2186
1786218000,zone2-living-rm-gw-temp,2192
1786218001,zone5-living-rm-fancoil-heat-call,0
1786218060,zone2-living-rm-gw-temp,2190
1786218120,zone2-living-rm-gw-temp,2194
1786218180,zone2-living-rm-gw-temp,2189
1786218240,zone2-living-rm-gw-temp,2188
1786218300,zone2-living-rm-gw-temp,2188
1786218301,zone5-living-rm-fancoil-heat-call,0
1786218360,zone2-living-rm-gw-temp,2187
1786218420,zone2-living-rm-gw-temp,2188
1786218480,zone2-living-rm-gw-temp,2191
1786218540,zone2-living-rm-gw-temp,2190
1786218600,zone2-living-rm-gw-temp,2192
1786218601,zone5-living-rm-fancoil-heat-call,0
1786218660,zone2-living-rm-gw-temp,2189
1786218720,zone2-living-rm-gw-temp,2192
1786218780,zone2-living-rm-gw-temp,2189
1786218794,zone5-living-rm-fancoil-heat-call,1
1786218840,zone2-living-rm-gw-temp,2190
1786218900,zone2-living-rm-gw-temp,2192
1786218901,zone5-living-rm-fancoil-heat-call,1
1786218960,zone2-living-rm-gw-temp,2194
1786219020,zone2-living-rm-gw-temp,2190
1786219080,zone2-living-rm-gw-temp,2194
1786219140,zone2-living-rm-gw-temp,2189
1786219200,zone2-living-rm-gw-temp,2193
1786219201,zone5-living-rm-fancoil-heat-call,1
1786219260,zone2-living-rm-gw-temp,2190
1786219320,zone2-living-rm-gw-temp,2186
1786219380,zone2-living-rm-gw-temp,2190
1786219440,zone2-living-rm-gw-temp,2187
1786219500,zone2-living-rm-gw-temp,2187
1786219501,zone5-living-rm-fancoil-heat-call,1
1786219508,zone5-living-rm-fancoil-heat-call,0
1786219560,zone2-living-rm-gw-temp,2187
1786219620,zone2-living-rm-gw-temp,2187
1786219680,zone2-living-rm-gw-temp,2185
1786219740,zone2-living-rm-gw-temp,2187
1786219800,zone2-living-rm-gw-temp,2185
1786219801,zone5-living-rm-fancoil-heat-call,0
1786219860,zone2-living-rm-gw-temp,2187
1786219920,zone2-living-rm-gw-temp,2185
1786219980,zone2-living-rm-gw-temp,2186
1786220040,zone2-living-rm-gw-temp,2184
1786220100,zone2-living-rm-gw-temp,2186
1786220101,zone5-living-rm-fancoil-heat-call,0
1786220160,zone2-living-rm-gw-temp,2187
1786220220,zone2-living-rm-gw-temp,2190
1786220280,zone2-living-rm-gw-temp,2190
1786220340,zone2-living-rm-gw-temp,2188
1786220400,zone2-living-rm-gw-temp,2191
1786220401,zone5-living-rm-fancoil-heat-call,0
1786220460,zone2-living-rm-gw-temp,2190
1786220520,zone2-living-rm-gw-temp,2186
1786220580,zone2-living-rm-gw-temp,2190
1786220640,zone5-living-rm-fancoil-heat-call,1
1786220640,zone2-living-rm-gw-temp,2186
1786220700,zone2-living-rm-gw-temp,2189
1786220701,zone5-living-rm-fancoil-heat-call,1
1786220760,zone2-living-rm-gw-temp,2189
1786220820,zone2-living-rm-gw-temp,2189
1786220880,zone2-living-rm-gw-temp,2191
1786220940,zone2-living-rm-gw-temp,2191
1786221000,zone2-living-rm-gw-temp,2188
1786221001,zone5-living-rm-fancoil-heat-call,1
1786221060,zone2-living-rm-gw-temp,2184
1786221120,zone2-living-rm-gw-temp,2187
1786221180,zone2-living-rm-gw-temp,2182
1786221240,zone2-living-rm-gw-temp,2184
1786221300,zone2-living-rm-gw-temp,2183
1786221301,zone5-living-rm-fancoil-heat-call,1
1786221360,zone2-living-rm-gw-temp,2182
1786221404,zone5-living-rm-fancoil-heat-call,0
1786221420,zone2-living-rm-gw-temp,2180
1786221480,zone2-living-rm-gw-temp,2183
1786221540,zone2-living-rm-gw-temp,2182
1786221600,zone2-living-rm-gw-temp,2180
1786221601,zone5-living-rm-fancoil-heat-call,0
1786221660,zone2-living-rm-gw-temp,2181
1786221720,zone2-living-rm-gw-temp,2186
1786221780,zone2-living-rm-gw-temp,2188
1786221840,zone2-living-rm-gw-temp,2184
1786221900,zone2-living-rm-gw-temp,2180
1786221901,zone5-living-rm-fancoil-heat-call,0
1786221960,zone2-living-rm-gw-temp,2180
1786222020,zone2-living-rm-gw-temp,2184
1786222080,zone2-living-rm-gw-temp,2182
1786222140,zone2-living-rm-gw-temp,2181
1786222154,zone5-living-rm-fancoil-heat-call,1
1786222200,zone2-living-rm-gw-temp,2184
1786222201,zone5-living-rm-fancoil-heat-call,1
1786222260,zone2-living-rm-gw-temp,2184
1786222320,zone2-living-rm-gw-temp,2182
1786222380,zone2-living-rm-gw-temp,2187
1786222440,zone2-living-rm-gw-temp,2187
1786222500,zone2-living-rm-gw-temp,2182
1786222501,zone5-living-rm-fancoil-heat-call,1
1786222560,zone2-living-rm-gw-temp,2180
1786222620,zone2-living-rm-gw-temp,2180
1786222680,zone2-living-rm-gw-temp,2180
1786222740,zone2-living-rm-gw-temp,2180
1786222800,zone2-living-rm-gw-temp,2178
1786222801,zone5-living-rm-fancoil-heat-call,1
1786222825,zone5-living-rm-fancoil-heat-call,0
1786222860,zone2-living-rm-gw-temp,2181
1786222920,zone2-living-rm-gw-temp,2175
1786222980,zone2-living-rm-gw-temp,2178
1786223040,zone2-living-rm-gw-temp,2175
1786223100,zone2-living-rm-gw-temp,2179
1786223101,zone5-living-rm-fancoil-heat-call,0
1786223160,zone2-living-rm-gw-temp,2183
1786223220,zone2-living-rm-gw-temp,2185
1786223280,zone2-living-rm-gw-temp,2188
1786223340,zone2-living-rm-gw-temp,2187
1786223400,zone2-living-rm-gw-temp,2187
1786223401,zone5-living-rm-fancoil-heat-call,0
1786223460,zone2-living-rm-gw-temp,2187
1786223520,zone2-living-rm-gw-temp,2192
1786223580,zone2-living-rm-gw-temp,2192
1786223640,zone2-living-rm-gw-temp,2191
1786223700,zone2-living-rm-gw-temp,2188
1786223701,zone5-living-rm-fancoil-heat-call,0
1786223760,zone2-living-rm-gw-temp,2195
1786223820,zone2-living-rm-gw-temp,2193
1786223880,zone2-living-rm-gw-temp,2193
1786223940,zone2-living-rm-gw-temp,2196
1786223985,zone5-living-rm-fancoil-heat-call,1
1786224000,zone2-living-rm-gw-temp,2196
1786224001,zone5-living-rm-fancoil-heat-call,1
1786224060,zone2-living-rm-gw-temp,2196
1786224120,zone2-living-rm-gw-temp,2195
1786224180,zone2-living-rm-gw-temp,2197
1786224240,zone2-living-rm-gw-temp,2196
1786224300,zone2-living-rm-gw-temp,2197
1786224301,zone5-living-rm-fancoil-heat-call,1
1786224360,zone2-living-rm-gw-temp,2199
1786224420,zone2-living-rm-gw-temp,2197
1786224480,zone2-living-rm-gw-temp,2194
1786224540,zone2-living-rm-gw-temp,2197
1786224600,zone2-living-rm-gw-temp,2196
1786224601,zone5-living-rm-fancoil-heat-call,1
1786224660,zone2-living-rm-gw-temp,2192
1786224720,zone2-living-rm-gw-temp,2191
1786224771,zone5-living-rm-fancoil-heat-call,0
1786224780,zone2-living-rm-gw-temp,2194
1786224840,zone2-living-rm-gw-temp,2193
1786224900,zone2-living-rm-gw-temp,2197
1786224901,zone5-living-rm-fancoil-heat-call,0
1786224960,zone2-living-rm-gw-temp,2198
1786225020,zone2-living-rm-gw-temp,2200
1786225080,zone2-living-rm-gw-temp,2197
1786225140,zone2-living-rm-gw-temp,2201
1786225200,zone2-living-rm-gw-temp,2196
1786225201,zone5-living-rm-fancoil-heat-call,0
1786225260,zone2-living-rm-gw-temp,2199
1786225320,zone2-living-rm-gw-temp,2198
1786225380,zone2-living-rm-gw-temp,2199
1786225440,zone2-living-rm-gw-temp,2201
1786225500,zone2-living-rm-gw-temp,2199
1786225501,zone5-living-rm-fancoil-heat-call,0
1786225560,zone2-living-rm-gw-temp,2197
1786225620,zone2-living-rm-gw-temp,2202
1786225680,zone2-living-rm-gw-temp,2198
1786225740,zone2-living-rm-gw-temp,2199
1786225744,zone5-living-rm-fancoil-heat-call,1
1786225800,zone2-living-rm-gw-temp,2198
1786225801,zone5-living-rm-fancoil-heat-call,1
1786225860,zone2-living-rm-gw-temp,2202
1786225920,zone2-living-rm-gw-temp,2205
1786225980,zone2-living-rm-gw-temp,2201
1786226040,zone2-living-rm-gw-temp,2202
1786226100,zone2-living-rm-gw-temp,2202
1786226101,zone5-living-rm-fancoil-heat-call,1
1786226160,zone2-living-rm-gw-temp,2205
1786226220,zone2-living-rm-gw-temp,2204
1786226280,zone2-living-rm-gw-temp,2207
1786226340,zone2-living-rm-gw-temp,2209
1786226400,zone2-living-rm-gw-temp,2207
1786226401,zone5-living-rm-fancoil-heat-call,1
1786226460,zone2-living-rm-gw-temp,2209
1786226520,zone2-living-rm-gw-temp,2212
1786226545,zone5-living-rm-fancoil-heat-call,0
1786226580,zone2-living-rm-gw-temp,2211
1786226640,zone2-living-rm-gw-temp,2209
1786226700,zone2-living-rm-gw-temp,2207
1786226701,zone5-living-rm-fancoil-heat-call,0
1786226760,zone2-living-rm-gw-temp,2213
1786226820,zone2-living-rm-gw-temp,2213
1786226880,zone2-living-rm-gw-temp,2216
1786226940,zone2-living-rm-gw-temp,2216
1786227000,zone2-living-rm-gw-temp,2215
1786227001,zone5-living-rm-fancoil-heat-call,0
1786227060,zone2-living-rm-gw-temp,2219
1786227120,zone2-living-rm-gw-temp,2225
1786227180,zone2-living-rm-gw-temp,2224
1786227240,zone2-living-rm-gw-temp,2223
1786227300,zone2-living-rm-gw-temp,2226
1786227301,zone5-living-rm-fancoil-heat-call,0
1786227360,zone2-living-rm-gw-temp,2226
1786227395,zone5-living-rm-fancoil-heat-call,1
1786227420,zone2-living-rm-gw-temp,2226
1786227480,zone2-living-rm-gw-temp,2230
1786227540,zone2-living-rm-gw-temp,2232
1786227600,zone2-living-rm-gw-temp,2237
1786227601,zone5-living-rm-fancoil-heat-call,1
1786227660,zone2-living-rm-gw-temp,2238
1786227720,zone2-living-rm-gw-temp,2243
1786227780,zone2-living-rm-gw-temp,2245
1786227840,zone2-living-rm-gw-temp,2245
1786227900,zone2-living-rm-gw-temp,2237
1786227901,zone5-living-rm-fancoil-heat-call,1
1786227960,zone2-living-rm-gw-temp,2240
1786228020,zone2-living-rm-gw-temp,2241
1786228080,zone2-living-rm-gw-temp,2238
1786228140,zone2-living-rm-gw-temp,2235
1786228200,zone2-living-rm-gw-temp,2236
1786228201,zone5-living-rm-fancoil-heat-call,1
1786228260,zone2-living-rm-gw-temp,2237
1786228320,zone2-living-rm-gw-temp,2236
1786228380,zone2-living-rm-gw-temp,2236
1786228440,zone2-living-rm-gw-temp,2232
1786228500,zone2-living-rm-gw-temp,2234
1786228501,zone5-living-rm-fancoil-heat-call,1
1786228560,zone2-living-rm-gw-temp,2230
1786228593,zone5-living-rm-fancoil-heat-call,0
1786228620,zone2-living-rm-gw-temp,2232
1786228680,zone2-living-rm-gw-temp,2230
1786228740,zone2-living-rm-gw-temp,2236
1786228800,zone2-living-rm-gw-temp,2235
1786228801,zone5-living-rm-fancoil-heat-call,0
1786228860,zone2-living-rm-gw-temp,2233
1786228920,zone2-living-rm-gw-temp,2236
1786228980,zone2-living-rm-gw-temp,2237
1786229040,zone2-living-rm-gw-temp,2240
1786229100,zone2-living-rm-gw-temp,2237
1786229101,zone5-living-rm-fancoil-heat-call,0
1786229160,zone2-living-rm-gw-temp,2239
1786229220,zone2-living-rm-gw-temp,2242
1786229240,zone5-living-rm-fancoil-heat-call,1
1786229280,zone2-living-rm-gw-temp,2236
1786229340,zone2-living-rm-gw-temp,2237
1786229400,zone2-living-rm-gw-temp,2243
1786229401,zone5-living-rm-fancoil-heat-call,1
1786229460,zone2-living-rm-gw-temp,2240
1786229520,zone2-living-rm-gw-temp,2242
1786229580,zone2-living-rm-gw-temp,2239
1786229640,zone2-living-rm-gw-temp,2239
1786229700,zone2-living-rm-gw-temp,2240
1786229701,zone5-living-rm-fancoil-heat-call,1
1786229760,zone2-living-rm-gw-temp,2244
1786229820,zone2-living-rm-gw-temp,2237
1786229880,zone2-living-rm-gw-temp,2236
1786229940,zone2-living-rm-gw-temp,2237
1786230000,zone2-living-rm-gw-temp,2240
1786230001,zone5-living-rm-fancoil-heat-call,1
1786230060,zone2-living-rm-gw-temp,2241
1786230120,zone2-living-rm-gw-temp,2238
1786230180,zone2-living-rm-gw-temp,2240
1786230240,zone2-living-rm-gw-temp,2239
1786230300,zone2-living-rm-gw-temp,2239
1786230301,zone5-living-rm-fancoil-heat-call,1
1786230360,zone2-living-rm-gw-temp,2238
1786230420,zone2-living-rm-gw-temp,2236
1786230480,zone2-living-rm-gw-temp,2237
1786230540,zone2-living-rm-gw-temp,2238
1786230600,zone2-living-rm-gw-temp,2236
1786230601,zone5-living-rm-fancoil-heat-call,1
1786230660,zone5-living-rm-fancoil-heat-call,0
1786230660,zone2-living-rm-gw-temp,2234
1786230720,zone2-living-rm-gw-temp,2240
1786230780,zone2-living-rm-gw-temp,2239
1786230840,zone2-living-rm-gw-temp,2237
1786230900,zone2-living-rm-gw-temp,2238
1786230901,zone5-living-rm-fancoil-heat-call,0
1786230960,zone2-living-rm-gw-temp,2236
1786231020,zone2-living-rm-gw-temp,2238
1786231080,zone2-living-rm-gw-temp,2236
1786231140,zone2-living-rm-gw-temp,2235
1786231200,zone2-living-rm-gw-temp,2237
1786231201,zone5-living-rm-fancoil-heat-call,0
1786231260,zone2-living-rm-gw-temp,2236
1786231290,zone5-living-rm-fancoil-heat-call,1
1786231320,zone2-living-rm-gw-temp,2237
1786231380,zone2-living-rm-gw-temp,2237
1786231440,zone2-living-rm-gw-temp,2238
1786231500,zone2-living-rm-gw-temp,2243
1786231501,zone5-living-rm-fancoil-heat-call,1
1786231560,zone2-living-rm-gw-temp,2241
1786231620,zone2-living-rm-gw-temp,2240
1786231680,zone2-living-rm-gw-temp,2240
1786231740,zone2-living-rm-gw-temp,2238
1786231800,zone2-living-rm-gw-temp,2239
1786231801,zone5-living-rm-fancoil-heat-call,1
1786231860,zone2-living-rm-gw-temp,2240
1786231920,zone2-living-rm-gw-temp,2239
1786231980,zone2-living-rm-gw-temp,2235
1786232040,zone2-living-rm-gw-temp,2239
1786232100,zone2-living-rm-gw-temp,2236
1786232101,zone5-living-rm-fancoil-heat-call,1
1786232160,zone2-living-rm-gw-temp,2238
1786232220,zone2-living-rm-gw-temp,2234
1786232280,zone2-living-rm-gw-temp,2234
1786232340,zone2-living-rm-gw-temp,2234
1786232400,zone2-living-rm-gw-temp,2238
1786232401,zone5-living-rm-fancoil-heat-call,1
1786232460,zone2-living-rm-gw-temp,2237
1786232503,zone5-living-rm-fancoil-heat-call,0
1786232507,zone5-living-rm-fancoil-heat-call,1
1786232508,zone5-living-rm-fancoil-heat-call,0
1786232520,zone2-living-rm-gw-temp,2237
1786232580,zone2-living-rm-gw-temp,2237
1786232640,zone2-living-rm-gw-temp,2236
1786232700,zone2-living-rm-gw-temp,2236
1786232701,zone5-living-rm-fancoil-heat-call,0
1786232760,zone2-living-rm-gw-temp,2238
1786232820,zone2-living-rm-gw-temp,2236
1786232880,zone2-living-rm-gw-temp,2233
1786232940,zone2-living-rm-gw-temp,2239
1786233000,zone2-living-rm-gw-temp,2233
1786233001,zone5-living-rm-fancoil-heat-call,0
1786233060,zone2-living-rm-gw-temp,2235
1786233120,zone2-living-rm-gw-temp,2235
1786233180,zone2-living-rm-gw-temp,2234
1786233197,zone5-living-rm-fancoil-heat-call,1
1786233240,zone2-living-rm-gw-temp,2233
1786233300,zone2-living-rm-gw-temp,2237
1786233301,zone5-living-rm-fancoil-heat-call,1
1786233360,zone2-living-rm-gw-temp,2237
1786233420,zone2-living-rm-gw-temp,2234
1786233480,zone2-living-rm-gw-temp,2236
1786233540,zone2-living-rm-gw-temp,2237
1786233600,zone2-living-rm-gw-temp,2233
1786233601,zone5-living-rm-fancoil-heat-call,1
1786233660,zone2-living-rm-gw-temp,2233
1786233720,zone2-living-rm-gw-temp,2234
1786233780,zone2-living-rm-gw-temp,2236
1786233840,zone2-living-rm-gw-temp,2235
1786233900,zone2-living-rm-gw-temp,2232
1786233901,zone5-living-rm-fancoil-heat-call,1
1786233960,zone2-living-rm-gw-temp,2237
1786234020,zone2-living-rm-gw-temp,2235
1786234080,zone2-living-rm-gw-temp,2232
1786234140,zone2-living-rm-gw-temp,2233
1786234200,zone2-living-rm-gw-temp,2234
1786234201,zone5-living-rm-fancoil-heat-call,1
1786234260,zone2-living-rm-gw-temp,2230
1786234304,zone5-living-rm-fancoil-heat-call,0
1786234320,zone2-living-rm-gw-temp,2230
1786234380,zone2-living-rm-gw-temp,2231
1786234440,zone2-living-rm-gw-temp,2228
1786234500,zone2-living-rm-gw-temp,2229
1786234501,zone5-living-rm-fancoil-heat-call,0
1786234560,zone2-living-rm-gw-temp,2230
1786234620,zone2-living-rm-gw-temp,2228
1786234680,zone2-living-rm-gw-temp,2228
1786234740,zone2-living-rm-gw-temp,2228
1786234800,zone2-living-rm-gw-temp,2233
1786234801,zone5-living-rm-fancoil-heat-call,0
1786234860,zone2-living-rm-gw-temp,2232
1786234920,zone2-living-rm-gw-temp,2227
1786234980,zone2-living-rm-gw-temp,2231
1786235040,zone2-living-rm-gw-temp,2226
1786235100,zone2-living-rm-gw-temp,2231
1786235101,zone5-living-rm-fancoil-heat-call,0
1786235134,zone5-living-rm-fancoil-heat-call,1
1786235160,zone2-living-rm-gw-temp,2230
1786235220,zone2-living-rm-gw-temp,2230
1786235280,zone2-living-rm-gw-temp,2233
1786235340,zone2-living-rm-gw-temp,2228
1786235400,zone2-living-rm-gw-temp,2227
1786235401,zone5-living-rm-fancoil-heat-call,1
1786235460,zone2-living-rm-gw-temp,2221
1786235520,zone2-living-rm-gw-temp,2224
1786235580,zone2-living-rm-gw-temp,2221
1786235640,zone2-living-rm-gw-temp,2225
1786235700,zone2-living-rm-gw-temp,2221
1786235701,zone5-living-rm-fancoil-heat-call,1
1786235760,zone2-living-rm-gw-temp,2223
1786235820,zone2-living-rm-gw-temp,2223
1786235880,zone2-living-rm-gw-temp,2219
1786235902,zone5-living-rm-fancoil-heat-call,0
1786235940,zone2-living-rm-gw-temp,2219
1786236000,zone2-living-rm-gw-temp,2223
1786236001,zone5-living-rm-fancoil-heat-call,0
1786236060,zone2-living-rm-gw-temp,2221
1786236120,zone2-living-rm-gw-temp,2221
1786236180,zone2-living-rm-gw-temp,2221
1786236240,zone2-living-rm-gw-temp,2221
1786236300,zone2-living-rm-gw-temp,2223
1786236301,zone5-living-rm-fancoil-heat-call,0
1786236360,zone2-living-rm-gw-temp,2216
1786236420,zone2-living-rm-gw-temp,2218
1786236480,zone2-living-rm-gw-temp,2218
1786236540,zone2-living-rm-gw-temp,2221
1786236600,zone2-living-rm-gw-temp,2223
1786236601,zone5-living-rm-fancoil-heat-call,0
1786236660,zone2-living-rm-gw-temp,2221
1786236720,zone2-living-rm-gw-temp,2217
1786236780,zone2-living-rm-gw-temp,2221
1786236784,zone5-living-rm-fancoil-heat-call,1
1786236840,zone2-living-rm-gw-temp,2219
1786236900,zone2-living-rm-gw-temp,2221
1786236901,zone5-living-rm-fancoil-heat-call,1
1786236960,zone2-living-rm-gw-temp,2218
1786237020,zone2-living-rm-gw-temp,2220
1786237080,zone2-living-rm-gw-temp,2216
1786237140,zone2-living-rm-gw-temp,2213
1786237200,zone2-living-rm-gw-temp,2212
1786237201,zone5-living-rm-fancoil-heat-call,1
1786237260,zone2-living-rm-gw-temp,2214
1786237320,zone2-living-rm-gw-temp,2212
1786237380,zone2-living-rm-gw-temp,2212
1786237440,zone2-living-rm-gw-temp,2211
1786237481,zone5-living-rm-fancoil-heat-call,0
1786237484,zone5-living-rm-fancoil-heat-call,1
1786237485,zone5-living-rm-fancoil-heat-call,0
1786237500,zone2-living-rm-gw-temp,2210
1786237501,zone5-living-rm-fancoil-heat-call,0
1786237560,zone2-living-rm-gw-temp,2207
1786237620,zone2-living-rm-gw-temp,2208
1786237680,zone2-living-rm-gw-temp,2208
1786237740,zone2-living-rm-gw-temp,2212
1786237800,zone2-living-rm-gw-temp,2211
1786237801,zone5-living-rm-fancoil-heat-call,0
1786237860,zone2-living-rm-gw-temp,2207
1786237920,zone2-living-rm-gw-temp,2210
1786237980,zone2-living-rm-gw-temp,2208
1786238040,zone2-living-rm-gw-temp,2213
1786238100,zone2-living-rm-gw-temp,2213
1786238101,zone5-living-rm-fancoil-heat-call,0
1786238160,zone2-living-rm-gw-temp,2211
1786238220,zone2-living-rm-gw-temp,2210
1786238280,zone2-living-rm-gw-temp,2209
1786238340,zone2-living-rm-gw-temp,2210
1786238400,zone2-living-rm-gw-temp,2213
1786238401,zone5-living-rm-fancoil-heat-call,0
1786238458,zone5-living-rm-fancoil-heat-call,1
1786238460,zone2-living-rm-gw-temp,2211
1786238520,zone2-living-rm-gw-temp,2211
1786238580,zone2-living-rm-gw-temp,2213
1786238640,zone2-living-rm-gw-temp,2212
1786238700,zone2-living-rm-gw-temp,2207
1786238701,zone5-living-rm-fancoil-heat-call,1
1786238760,zone2-living-rm-gw-temp,2209
1786238820,zone2-living-rm-gw-temp,2210
1786238880,zone2-living-rm-gw-temp,2209
1786238940,zone2-living-rm-gw-temp,2204
1786239000,zone2-living-rm-gw-temp,2203
1786239001,zone5-living-rm-fancoil-heat-call,1
1786239060,zone2-living-rm-gw-temp,2205
1786239120,zone2-living-rm-gw-temp,2205
1786239140,zone5-living-rm-fancoil-heat-call,0
1786239180,zone2-living-rm-gw-temp,2200
1786239240,zone2-living-rm-gw-temp,2204
1786239300,zone2-living-rm-gw-temp,2208
1786239301,zone5-living-rm-fancoil-heat-call,0
1786239360,zone2-living-rm-gw-temp,2203
1786239420,zone2-living-rm-gw-temp,2204
1786239480,zone2-living-rm-gw-temp,2205
1786239540,zone2-living-rm-gw-temp,2208
1786239600,zone2-living-rm-gw-temp,2204
1786239601,zone5-living-rm-fancoil-heat-call,0
1786239660,zone2-living-rm-gw-temp,2202
1786239720,zone2-living-rm-gw-temp,2201
1786239780,zone2-living-rm-gw-temp,2209
1786239840,zone2-living-rm-gw-temp,2209
1786239900,zone2-living-rm-gw-temp,2205
1786239901,zone5-living-rm-fancoil-heat-call,0
1786239960,zone2-living-rm-gw-temp,2208
1786240020,zone2-living-rm-gw-temp,2205
1786240080,zone2-living-rm-gw-temp,2206
1786240109,zone5-living-rm-fancoil-heat-call,1
1786240140,zone2-living-rm-gw-temp,2204
1786240200,zone2-living-rm-gw-temp,2203
1786240201,zone5-living-rm-fancoil-heat-call,1
1786240260,zone2-living-rm-gw-temp,2208
1786240320,zone2-living-rm-gw-temp,2208
1786240380,zone2-living-rm-gw-temp,2205
1786240440,zone2-living-rm-gw-temp,2204
1786240500,zone2-living-rm-gw-temp,2199
1786240501,zone5-living-rm-fancoil-heat-call,1
1786240560,zone2-living-rm-gw-temp,2197
1786240620,zone2-living-rm-gw-temp,2198
1786240680,zone2-living-rm-gw-temp,2201
1786240740,zone2-living-rm-gw-temp,2203
1786240768,zone5-living-rm-fancoil-heat-call,0
1786240773,zone5-living-rm-fancoil-heat-call,1
1786240774,zone5-living-rm-fancoil-heat-call,0
1786240800,zone2-living-rm-gw-temp,2202
1786240801,zone5-living-rm-fancoil-heat-call,0
1786240860,zone2-living-rm-gw-temp,2199
1786240920,zone2-living-rm-gw-temp,2196
1786240980,zone2-living-rm-gw-temp,2200
1786241040,zone2-living-rm-gw-temp,2201
1786241100,zone2-living-rm-gw-temp,2199
1786241101,zone5-living-rm-fancoil-heat-call,0
1786241160,zone2-living-rm-gw-temp,2197
1786241220,zone2-living-rm-gw-temp,2198
1786241280,zone2-living-rm-gw-temp,2199
1786241340,zone2-living-rm-gw-temp,2198
1786241400,zone2-living-rm-gw-temp,2199
1786241401,zone5-living-rm-fancoil-heat-call,0
1786241460,zone2-living-rm-gw-temp,2203
1786241520,zone2-living-rm-gw-temp,2198
1786241580,zone2-living-rm-gw-temp,2201
1786241640,zone2-living-rm-gw-temp,2198
1786241700,zone2-living-rm-gw-temp,2199
1786241701,zone5-living-rm-fancoil-heat-call,0
1786241760,zone2-living-rm-gw-temp,2205
1786241820,zone2-living-rm-gw-temp,2205
1786241855,zone5-living-rm-fancoil-heat-call,1
1786241880,zone2-living-rm-gw-temp,2201
1786241940,zone2-living-rm-gw-temp,2203
1786242000,zone2-living-rm-gw-temp,2205
1786242001,zone5-living-rm-fancoil-heat-call,1
1786242060,zone2-living-rm-gw-temp,2202
1786242120,zone2-living-rm-gw-temp,2202
1786242180,zone2-living-rm-gw-temp,2201
1786242240,zone2-living-rm-gw-temp,2197
1786242300,zone2-living-rm-gw-temp,2196
1786242301,zone5-living-rm-fancoil-heat-call,1
1786242360,zone2-living-rm-gw-temp,2196
1786242420,zone2-living-rm-gw-temp,2195
1786242480,zone2-living-rm-gw-temp,2196
1786242506,zone5-living-rm-fancoil-heat-call,0
1786242540,zone2-living-rm-gw-temp,2197
1786242600,zone2-living-rm-gw-temp,2192
1786242601,zone5-living-rm-fancoil-heat-call,0
1786242660,zone2-living-rm-gw-temp,2196
1786242720,zone2-living-rm-gw-temp,2193
1786242780,zone2-living-rm-gw-temp,2201
1786242840,zone2-living-rm-gw-temp,2198
1786242900,zone2-living-rm-gw-temp,2201
1786242901,zone5-living-rm-fancoil-heat-call,0
1786242960,zone2-living-rm-gw-temp,2196
1786243020,zone2-living-rm-gw-temp,2199
1786243080,zone2-living-rm-gw-temp,2195
1786243140,zone2-living-rm-gw-temp,2197
1786243200,zone2-living-rm-gw-temp,2195
1786243201,zone5-living-rm-fancoil-heat-call,0
1786243260,zone2-living-rm-gw-temp,2198
1786243320,zone2-living-rm-gw-temp,2194
1786243380,zone2-living-rm-gw-temp,2200
1786243440,zone2-living-rm-gw-temp,2200
1786243500,zone2-living-rm-gw-temp,2199
1786243501,zone5-living-rm-fancoil-heat-call,0
1786243560,zone2-living-rm-gw-temp,2202
1786243619,zone5-living-rm-fancoil-heat-call,1
1786243620,zone2-living-rm-gw-temp,2199
1786243680,zone2-living-rm-gw-temp,2199
1786243740,zone2-living-rm-gw-temp,2197
1786243800,zone2-living-rm-gw-temp,2198
1786243801,zone5-living-rm-fancoil-heat-call,1
1786243860,zone2-living-rm-gw-temp,2199
1786243920,zone2-living-rm-gw-temp,2195
1786243980,zone2-living-rm-gw-temp,2195
1786244040,zone2-living-rm-gw-temp,2196
1786244100,zone2-living-rm-gw-temp,2194
1786244101,zone5-living-rm-fancoil-heat-call,1
1786244160,zone2-living-rm-gw-temp,2192
1786244220,zone2-living-rm-gw-temp,2191
1786244262,zone5-living-rm-fancoil-heat-call,0
1786244266,zone5-living-rm-fancoil-heat-call,1
1786244267,zone5-living-rm-fancoil-heat-call,0
1786244280,zone2-living-rm-gw-temp,2189
1786244340,zone2-living-rm-gw-temp,2193
1786244400,zone2-living-rm-gw-temp,2189
1786244401,zone5-living-rm-fancoil-heat-call,0
1786244460,zone2-living-rm-gw-temp,2195
1786244520,zone2-living-rm-gw-temp,2192
1786244580,zone2-living-rm-gw-temp,2192
1786244640,zone2-living-rm-gw-temp,2194
1786244700,zone2-living-rm-gw-temp,2191
1786244701,zone5-living-rm-fancoil-heat-call,0
1786244760,zone2-living-rm-gw-temp,2190
1786244820,zone2-living-rm-gw-temp,2197
1786244880,zone2-living-rm-gw-temp,2194
1786244940,zone2-living-rm-gw-temp,2196
1786245000,zone2-living-rm-gw-temp,2197
1786245001,zone5-living-rm-fancoil-heat-call,0
1786245060,zone2-living-rm-gw-temp,2193
1786245120,zone2-living-rm-gw-temp,2192
1786245180,zone2-living-rm-gw-temp,2192
1786245240,zone2-living-rm-gw-temp,2192
1786245300,zone2-living-rm-gw-temp,2197
1786245301,zone5-living-rm-fancoil-heat-call,0
1786245360,zone2-living-rm-gw-temp,2196
1786245396,zone5-living-rm-fancoil-heat-call,1
1786245420,zone2-living-rm-gw-temp,2193
1786245480,zone2-living-rm-gw-temp,2196
1786245540,zone2-living-rm-gw-temp,2195
1786245600,zone2-living-rm-gw-temp,2195
1786245601,zone5-living-rm-fancoil-heat-call,1
1786245660,zone2-living-rm-gw-temp,2194
1786245720,zone2-living-rm-gw-temp,2192
1786245780,zone2-living-rm-gw-temp,2189
1786245840,zone2-living-rm-gw-temp,2187
1786245900,zone2-living-rm-gw-temp,2190
1786245901,zone5-living-rm-fancoil-heat-call,1
1786245960,zone2-living-rm-gw-temp,2189
1786246015,zone5-living-rm-fancoil-heat-call,0
1786246020,zone2-living-rm-gw-temp,2190
1786246080,zone2-living-rm-gw-temp,2189
1786246140,zone2-living-rm-gw-temp,2187
1786246200,zone2-living-rm-gw-temp,2192
1786246201,zone5-living-rm-fancoil-heat-call,0
1786246260,zone2-living-rm-gw-temp,2189
1786246320,zone2-living-rm-gw-temp,2191
1786246380,zone2-living-rm-gw-temp,2190
1786246440,zone2-living-rm-gw-temp,2188
1786246500,zone2-living-rm-gw-temp,2193
1786246501,zone5-living-rm-fancoil-heat-call,0
1786246560,zone2-living-rm-gw-temp,2192
1786246620,zone2-living-rm-gw-temp,2193
1786246680,zone2-living-rm-gw-temp,2188
1786246740,zone2-living-rm-gw-temp,2189
1786246800,zone2-living-rm-gw-temp,2192
1786246801,zone5-living-rm-fancoil-heat-call,0
1786246860,zone2-living-rm-gw-temp,2191
1786246920,zone2-living-rm-gw-temp,2190
1786246980,zone2-living-rm-gw-temp,2193
1786247040,zone2-living-rm-gw-temp,2196
1786247100,zone2-living-rm-gw-temp,2197
1786247101,zone5-living-rm-fancoil-heat-call,0
1786247160,zone2-living-rm-gw-temp,2193
1786247192,zone5-living-rm-fancoil-heat-call,1
1786247220,zone2-living-rm-gw-temp,2192
1786247280,zone2-living-rm-gw-temp,2194
1786247340,zone2-living-rm-gw-temp,2192
1786247400,zone2-living-rm-gw-temp,2191
1786247401,zone5-living-rm-fancoil-heat-call,1
1786247460,zone2-living-rm-gw-temp,2192
1786247520,zone2-living-rm-gw-temp,2197
1786247580,zone2-living-rm-gw-temp,2192
1786247640,zone2-living-rm-gw-temp,2189
1786247700,zone2-living-rm-gw-temp,2187
1786247701,zone5-living-rm-fancoil-heat-call,1
1786247760,zone2-living-rm-gw-temp,2188
1786247820,zone2-living-rm-gw-temp,2188
1786247824,zone5-living-rm-fancoil-heat-call,0
1786247880,zone2-living-rm-gw-temp,2193
1786247940,zone2-living-rm-gw-temp,2191
1786248000,zone2-living-rm-gw-temp,2190
1786248001,zone5-living-rm-fancoil-heat-call,0
1786248060,zone2-living-rm-gw-temp,2189
1786248120,zone2-living-rm-gw-temp,2193
1786248180,zone2-living-rm-gw-temp,2196
1786248240,zone2-living-rm-gw-temp,2196
1786248300,zone2-living-rm-gw-temp,2191
1786248301,zone5-living-rm-fancoil-heat-call,0
1786248360,zone2-living-rm-gw-temp,2190
1786248420,zone2-living-rm-gw-temp,2192
1786248480,zone2-living-rm-gw-temp,2192
1786248540,zone2-living-rm-gw-temp,2195
1786248600,zone2-living-rm-gw-temp,2193
1786248601,zone5-living-rm-fancoil-heat-call,0
1786248660,zone2-living-rm-gw-temp,2195
1786248720,zone2-living-rm-gw-temp,2193
1786248780,zone2-living-rm-gw-temp,2196
1786248840,zone2-living-rm-gw-temp,2197
1786248900,zone2-living-rm-gw-temp,2193
1786248901,zone5-living-rm-fancoil-heat-call,0
1786248909,zone5-living-rm-fancoil-heat-call,1
1786248960,zone2-living-rm-gw-temp,2198
1786249020,zone2-living-rm-gw-temp,2193
1786249080,zone2-living-rm-gw-temp,2197
1786249140,zone2-living-rm-gw-temp,2195
1786249200,zone2-living-rm-gw-temp,2196
1786249201,zone5-living-rm-fancoil-heat-call,1
1786249260,zone2-living-rm-gw-temp,2195
1786249320,zone2-living-rm-gw-temp,2189
1786249380,zone2-living-rm-gw-temp,2192
1786249440,zone2-living-rm-gw-temp,2190
1786249500,zone2-living-rm-gw-temp,2186
1786249501,zone5-living-rm-fancoil-heat-call,1
1786249545,zone5-living-rm-fancoil-heat-call,0
1786249560,zone2-living-rm-gw-temp,2188
1786249620,zone2-living-rm-gw-temp,2192
1786249680,zone2-living-rm-gw-temp,2190
1786249740,zone2-living-rm-gw-temp,2192
1786249800,zone2-living-rm-gw-temp,2191
1786249801,zone5-living-rm-fancoil-heat-call,0
1786249860,zone2-living-rm-gw-temp,2193
1786249920,zone2-living-rm-gw-temp,2192
1786249980,zone2-living-rm-gw-temp,2190
1786250040,zone2-living-rm-gw-temp,2189
1786250100,zone2-living-rm-gw-temp,2190
1786250101,zone5-living-rm-fancoil-heat-call,0
1786250160,zone2-living-rm-gw-temp,2190
1786250220,zone2-living-rm-gw-temp,2193
1786250280,zone2-living-rm-gw-temp,2191
1786250340,zone2-living-rm-gw-temp,2188
1786250400,zone2-living-rm-gw-temp,2191
1786250401,zone5-living-rm-fancoil-heat-call,0
1786250460,zone2-living-rm-gw-temp,2194
1786250520,zone2-living-rm-gw-temp,2195
1786250580,zone2-living-rm-gw-temp,2192
1786250640,zone2-living-rm-gw-temp,2190
1786250700,zone2-living-rm-gw-temp,2193
1786250701,zone5-living-rm-fancoil-heat-call,0
1786250749,zone5-living-rm-fancoil-heat-call,1
1786250760,zone2-living-rm-gw-temp,2188
1786250820,zone2-living-rm-gw-temp,2190
1786250880,zone2-living-rm-gw-temp,2191
1786250940,zone2-living-rm-gw-temp,2192
1786251000,zone2-living-rm-gw-temp,2188
1786251001,zone5-living-rm-fancoil-heat-call,1
1786251060,zone2-living-rm-gw-temp,2189
1786251120,zone2-living-rm-gw-temp,2184
1786251180,zone2-living-rm-gw-temp,2184
1786251240,zone2-living-rm-gw-temp,2186
1786251300,zone2-living-rm-gw-temp,2181
1786251301,zone5-living-rm-fancoil-heat-call,1
1786251344,zone5-living-rm-fancoil-heat-call,0
1786251348,zone5-living-rm-fancoil-heat-call,1
1786251349,zone5-living-rm-fancoil-heat-call,0
1786251360,zone2-living-rm-gw-temp,2179
1786251420,zone2-living-rm-gw-temp,2184
1786251480,zone2-living-rm-gw-temp,2180
1786251540,zone2-living-rm-gw-temp,2185
1786251600,zone2-living-rm-gw-temp,2183
1786251601,zone5-living-rm-fancoil-heat-call,0
1786251660,zone2-living-rm-gw-temp,2186
1786251720,zone2-living-rm-gw-temp,2186
1786251780,zone2-living-rm-gw-temp,2181
1786251840,zone2-living-rm-gw-temp,2186
1786251900,zone2-living-rm-gw-temp,2184
1786251901,zone5-living-rm-fancoil-heat-call,0
1786251960,zone2-living-rm-gw-temp,2183
1786252020,zone2-living-rm-gw-temp,2186
1786252080,zone2-living-rm-gw-temp,2181
1786252140,zone2-living-rm-gw-temp,2187
1786252200,zone2-living-rm-gw-temp,2181
1786252201,zone5-living-rm-fancoil-heat-call,0
1786252260,zone2-living-rm-gw-temp,2183
1786252320,zone2-living-rm-gw-temp,2184
1786252380,zone2-living-rm-gw-temp,2182
1786252440,zone2-living-rm-gw-temp,2183
1786252500,zone2-living-rm-gw-temp,2182
1786252501,zone5-living-rm-fancoil-heat-call,0
1786252560,zone2-living-rm-gw-temp,2188
1786252620,zone2-living-rm-gw-temp,2181
1786252679,zone5-living-rm-fancoil-heat-call,1
1786252680,zone2-living-rm-gw-temp,2182
1786252740,zone2-living-rm-gw-temp,2184
1786252800,zone2-living-rm-gw-temp,2185
1786252801,zone5-living-rm-fancoil-heat-call,1
1786252860,zone2-living-rm-gw-temp,2184
1786252920,zone2-living-rm-gw-temp,2181
1786252980,zone2-living-rm-gw-temp,2178
1786253040,zone2-living-rm-gw-temp,2179
1786253100,zone2-living-rm-gw-temp,2181
1786253101,zone5-living-rm-fancoil-heat-call,1
1786253160,zone2-living-rm-gw-temp,2177
1786253220,zone2-living-rm-gw-temp,2177
1786253266,zone5-living-rm-fancoil-heat-call,0
1786253270,zone5-living-rm-fancoil-heat-call,1
1786253271,zone5-living-rm-fancoil-heat-call,0
1786253280,zone2-living-rm-gw-temp,2176
1786253340,zone2-living-rm-gw-temp,2180
1786253400,zone2-living-rm-gw-temp,2182
1786253401,zone5-living-rm-fancoil-heat-call,0
1786253460,zone2-living-rm-gw-temp,2176
1786253520,zone2-living-rm-gw-temp,2179
1786253580,zone2-living-rm-gw-temp,2182
1786253640,zone2-living-rm-gw-temp,2181
1786253700,zone2-living-rm-gw-temp,2178
1786253701,zone5-living-rm-fancoil-heat-call,0
1786253760,zone2-living-rm-gw-temp,2179
1786253820,zone2-living-rm-gw-temp,2181
1786253880,zone2-living-rm-gw-temp,2180
1786253940,zone2-living-rm-gw-temp,2184
1786254000,zone2-living-rm-gw-temp,2179
1786254001,zone5-living-rm-fancoil-heat-call,0
1786254060,zone2-living-rm-gw-temp,2183
1786254120,zone2-living-rm-gw-temp,2183
1786254180,zone2-living-rm-gw-temp,2182
1786254240,zone2-living-rm-gw-temp,2181
1786254300,zone2-living-rm-gw-temp,2184
1786254301,zone5-living-rm-fancoil-heat-call,0
1786254360,zone2-living-rm-gw-temp,2183
1786254420,zone2-living-rm-gw-temp,2180
1786254480,zone2-living-rm-gw-temp,2183
1786254523,zone5-living-rm-fancoil-heat-call,1
1786254540,zone2-living-rm-gw-temp,2184
1786254600,zone2-living-rm-gw-temp,2179
1786254601,zone5-living-rm-fancoil-heat-call,1
1786254660,zone2-living-rm-gw-temp,2181
1786254720,zone2-living-rm-gw-temp,2182
1786254780,zone2-living-rm-gw-temp,2178
1786254840,zone2-living-rm-gw-temp,2177
1786254900,zone2-living-rm-gw-temp,2177
1786254901,zone5-living-rm-fancoil-heat-call,1
1786254960,zone2-living-rm-gw-temp,2175
1786255020,zone2-living-rm-gw-temp,2179
1786255080,zone5-living-rm-fancoil-heat-call,0
1786255080,zone2-living-rm-gw-temp,2171
1786255140,zone2-living-rm-gw-temp,2172
1786255200,zone2-living-rm-gw-temp,2174
1786255201,zone5-living-rm-fancoil-heat-call,0
1786255260,zone2-living-rm-gw-temp,2176
1786255320,zone2-living-rm-gw-temp,2177
1786255380,zone2-living-rm-gw-temp,2176
1786255440,zone2-living-rm-gw-temp,2177
1786255500,zone2-living-rm-gw-temp,2176
1786255501,zone5-living-rm-fancoil-heat-call,0
1786255560,zone2-living-rm-gw-temp,2176
1786255620,zone2-living-rm-gw-temp,2178
1786255680,zone2-living-rm-gw-temp,2172
1786255740,zone2-living-rm-gw-temp,2173
1786255800,zone2-living-rm-gw-temp,2175
1786255801,zone5-living-rm-fancoil-heat-call,0
1786255860,zone2-living-rm-gw-temp,2173
1786255920,zone2-living-rm-gw-temp,2178
1786255980,zone2-living-rm-gw-temp,2176
1786256040,zone2-living-rm-gw-temp,2178
1786256100,zone2-living-rm-gw-temp,2175
1786256101,zone5-living-rm-fancoil-heat-call,0
1786256160,zone2-living-rm-gw-temp,2177
1786256220,zone2-living-rm-gw-temp,2175
1786256280,zone2-living-rm-gw-temp,2180
1786256340,zone2-living-rm-gw-temp,2180
1786256400,zone2-living-rm-gw-temp,2177
1786256401,zone5-living-rm-fancoil-heat-call,0
1786256460,zone2-living-rm-gw-temp,2178
1786256520,zone2-living-rm-gw-temp,2172
1786256553,zone5-living-rm-fancoil-heat-call,1
1786256580,zone2-living-rm-gw-temp,2173
1786256640,zone2-living-rm-gw-temp,2176
1786256700,zone2-living-rm-gw-temp,2177
1786256701,zone5-living-rm-fancoil-heat-call,1
1786256760,zone2-living-rm-gw-temp,2172
1786256820,zone2-living-rm-gw-temp,2170
1786256880,zone2-living-rm-gw-temp,2171
1786256940,zone2-living-rm-gw-temp,2172
1786257000,zone2-living-rm-gw-temp,2173
1786257001,zone5-living-rm-fancoil-heat-call,1
1786257060,zone2-living-rm-gw-temp,2169
1786257093,zone5-living-rm-fancoil-heat-call,0
1786257097,zone5-living-rm-fancoil-heat-call,1
1786257098,zone5-living-rm-fancoil-heat-call,0
1786257120,zone2-living-rm-gw-temp,2171
1786257180,zone2-living-rm-gw-temp,2167
1786257240,zone2-living-rm-gw-temp,2167
1786257300,zone2-living-rm-gw-temp,2166
1786257301,zone5-living-rm-fancoil-heat-call,0
1786257360,zone2-living-rm-gw-temp,2173
1786257420,zone2-living-rm-gw-temp,2171
1786257480,zone2-living-rm-gw-temp,2172
1786257540,zone2-living-rm-gw-temp,2172
1786257600,zone2-living-rm-gw-temp,2173
1786257601,zone5-living-rm-fancoil-heat-call,0
1786257660,zone2-living-rm-gw-temp,2173
1786257720,zone2-living-rm-gw-temp,2173
1786257780,zone2-living-rm-gw-temp,2171
1786257840,zone2-living-rm-gw-temp,2172
1786257900,zone2-living-rm-gw-temp,2173
1786257901,zone5-living-rm-fancoil-heat-call,0
1786257960,zone2-living-rm-gw-temp,2173
1786258020,zone2-living-rm-gw-temp,2169
1786258080,zone2-living-rm-gw-temp,2168
1786258140,zone2-living-rm-gw-temp,2169
1786258200,zone2-living-rm-gw-temp,2174
1786258201,zone5-living-rm-fancoil-heat-call,0
1786258260,zone2-living-rm-gw-temp,2172
1786258320,zone2-living-rm-gw-temp,2173
1786258380,zone2-living-rm-gw-temp,2172
1786258440,zone2-living-rm-gw-temp,2174
1786258494,zone5-living-rm-fancoil-heat-call,1
1786258500,zone2-living-rm-gw-temp,2174
1786258501,zone5-living-rm-fancoil-heat-call,1
1786258560,zone2-living-rm-gw-temp,2175
1786258620,zone2-living-rm-gw-temp,2174
1786258680,zone2-living-rm-gw-temp,2170
1786258740,zone2-living-rm-gw-temp,2170
1786258800,zone2-living-rm-gw-temp,2168
1786258801,zone5-living-rm-fancoil-heat-call,1
1786258860,zone2-living-rm-gw-temp,2172
1786258920,zone2-living-rm-gw-temp,2167
1786258980,zone2-living-rm-gw-temp,2167
1786259040,zone2-living-rm-gw-temp,2165
1786259042,zone5-living-rm-fancoil-heat-call,0
1786259046,zone5-living-rm-fancoil-heat-call,1
1786259047,zone5-living-rm-fancoil-heat-call,0
1786259100,zone2-living-rm-gw-temp,2164
1786259101,zone5-living-rm-fancoil-heat-call,0
1786259160,zone2-living-rm-gw-temp,2172
1786259220,zone2-living-rm-gw-temp,2167
1786259280,zone2-living-rm-gw-temp,2168
1786259340,zone2-living-rm-gw-temp,2171
1786259400,zone2-living-rm-gw-temp,2166
1786259401,zone5-living-rm-fancoil-heat-call,0
1786259460,zone2-living-rm-gw-temp,2165
1786259520,zone2-living-rm-gw-temp,2170
1786259580,zone2-living-rm-gw-temp,2166
1786259640,zone2-living-rm-gw-temp,2171
1786259700,zone2-living-rm-gw-temp,2171
1786259701,zone5-living-rm-fancoil-heat-call,0
1786259760,zone2-living-rm-gw-temp,2171
1786259820,zone2-living-rm-gw-temp,2171
1786259880,zone2-living-rm-gw-temp,2171
1786259940,zone2-living-rm-gw-temp,2171
1786260000,zone2-living-rm-gw-temp,2169
1786260001,zone5-living-rm-fancoil-heat-call,0
1786260060,zone2-living-rm-gw-temp,2169
1786260120,zone2-living-rm-gw-temp,2169
1786260180,zone2-living-rm-gw-temp,2172
1786260240,zone2-living-rm-gw-temp,2168
1786260300,zone2-living-rm-gw-temp,2172
1786260301,zone5-living-rm-fancoil-heat-call,0
1786260360,zone2-living-rm-gw-temp,2168
1786260420,zone2-living-rm-gw-temp,2170
1786260476,zone5-living-rm-fancoil-heat-call,1
1786260480,zone2-living-rm-gw-temp,2173
1786260540,zone2-living-rm-gw-temp,2167
1786260600,zone2-living-rm-gw-temp,2168
1786260601,zone5-living-rm-fancoil-heat-call,1
1786260660,zone2-living-rm-gw-temp,2171
1786260720,zone2-living-rm-gw-temp,2169
1786260780,zone2-living-rm-gw-temp,2166
1786260840,zone2-living-rm-gw-temp,2167
1786260900,zone2-living-rm-gw-temp,2166
1786260901,zone5-living-rm-fancoil-heat-call,1
1786260960,zone2-living-rm-gw-temp,2162
1786261001,zone5-living-rm-fancoil-heat-call,0
1786261020,zone2-living-rm-gw-temp,2166
1786261080,zone2-living-rm-gw-temp,2165
1786261140,zone2-living-rm-gw-temp,2166
1786261200,zone2-living-rm-gw-temp,2166
1786261201,zone5-living-rm-fancoil-heat-call,0
1786261260,zone2-living-rm-gw-temp,2163
1786261320,zone2-living-rm-gw-temp,2162
1786261380,zone2-living-rm-gw-temp,2167
1786261440,zone2-living-rm-gw-temp,2167
1786261500,zone2-living-rm-gw-temp,2165
1786261501,zone5-living-rm-fancoil-heat-call,0
1786261560,zone2-living-rm-gw-temp,2162
1786261620,zone2-living-rm-gw-temp,2168
1786261680,zone2-living-rm-gw-temp,2162
1786261740,zone2-living-rm-gw-temp,2161
1786261800,zone2-living-rm-gw-temp,2164
1786261801,zone5-living-rm-fancoil-heat-call,0
1786261860,zone2-living-rm-gw-temp,2162
1786261920,zone2-living-rm-gw-temp,2164
1786261980,zone2-living-rm-gw-temp,2160
1786262040,zone2-living-rm-gw-temp,2163
1786262100,zone2-living-rm-gw-temp,2163
1786262101,zone5-living-rm-fancoil-heat-call,0
1786262160,zone2-living-rm-gw-temp,2161
1786262220,zone2-living-rm-gw-temp,2166
1786262280,zone2-living-rm-gw-temp,2166
1786262340,zone2-living-rm-gw-temp,2165
1786262400,zone2-living-rm-gw-temp,2168
1786262401,zone5-living-rm-fancoil-heat-call,0
1786262460,zone2-living-rm-gw-temp,2162
1786262520,zone2-living-rm-gw-temp,2161
1786262580,zone2-living-rm-gw-temp,2162
1786262640,zone2-living-rm-gw-temp,2162
1786262659,zone5-living-rm-fancoil-heat-call,1
1786262700,zone2-living-rm-gw-temp,2169
1786262701,zone5-living-rm-fancoil-heat-call,1
1786262760,zone2-living-rm-gw-temp,2167
1786262820,zone2-living-rm-gw-temp,2167
1786262880,zone2-living-rm-gw-temp,2166
1786262940,zone2-living-rm-gw-temp,2164
1786263000,zone2-living-rm-gw-temp,2162
1786263001,zone5-living-rm-fancoil-heat-call,1
1786263060,zone2-living-rm-gw-temp,2162
1786263120,zone2-living-rm-gw-temp,2160
1786263171,zone5-living-rm-fancoil-heat-call,0
1786263180,zone2-living-rm-gw-temp,2159
1786263240,zone2-living-rm-gw-temp,2161
1786263300,zone2-living-rm-gw-temp,2162
1786263301,zone5-living-rm-fancoil-heat-call,0
1786263360,zone2-living-rm-gw-temp,2164
1786263420,zone2-living-rm-gw-temp,2162
1786263480,zone2-living-rm-gw-temp,2163
1786263540,zone2-living-rm-gw-temp,2162
1786263600,zone2-living-rm-gw-temp,2158
1786263601,zone5-living-rm-fancoil-heat-call,0
1786263660,zone2-living-rm-gw-temp,2162
1786263720,zone2-living-rm-gw-temp,2161
1786263780,zone2-living-rm-gw-temp,2161
1786263840,zone2-living-rm-gw-temp,2164
1786263900,zone2-living-rm-gw-temp,2163
1786263901,zone5-living-rm-fancoil-heat-call,0
1786263960,zone2-living-rm-gw-temp,2162
1786264020,zone2-living-rm-gw-temp,2160
1786264080,zone2-living-rm-gw-temp,2163
1786264140,zone2-living-rm-gw-temp,2164
1786264200,zone2-living-rm-gw-temp,2167
1786264201,zone5-living-rm-fancoil-heat-call,0
1786264260,zone2-living-rm-gw-temp,2166
1786264320,zone2-living-rm-gw-temp,2161
1786264380,zone2-living-rm-gw-temp,2167
1786264440,zone2-living-rm-gw-temp,2165
1786264500,zone2-living-rm-gw-temp,2166
1786264501,zone5-living-rm-fancoil-heat-call,0
1786264560,zone2-living-rm-gw-temp,2162
1786264620,zone2-living-rm-gw-temp,2167
1786264668,zone5-living-rm-fancoil-heat-call,1
1786264680,zone2-living-rm-gw-temp,2164
1786264740,zone2-living-rm-gw-temp,2165
1786264800,zone2-living-rm-gw-temp,2164
1786264801,zone5-living-rm-fancoil-heat-call,1
1786264860,zone2-living-rm-gw-temp,2169
1786264920,zone2-living-rm-gw-temp,2164
1786264980,zone2-living-rm-gw-temp,2159
1786265040,zone2-living-rm-gw-temp,2159
1786265100,zone2-living-rm-gw-temp,2161
1786265101,zone5-living-rm-fancoil-heat-call,1
1786265160,zone2-living-rm-gw-temp,2160
1786265193,zone5-living-rm-fancoil-heat-call,0
1786265220,zone2-living-rm-gw-temp,2157
1786265280,zone2-living-rm-gw-temp,2158
1786265340,zone2-living-rm-gw-temp,2162
1786265400,zone2-living-rm-gw-temp,2159
1786265401,zone5-living-rm-fancoil-heat-call,0
1786265460,zone2-living-rm-gw-temp,2160
1786265520,zone2-living-rm-gw-temp,2162
1786265580,zone2-living-rm-gw-temp,2163
1786265640,zone2-living-rm-gw-temp,2158
1786265700,zone2-living-rm-gw-temp,2162
1786265701,zone5-living-rm-fancoil-heat-call,0
1786265760,zone2-living-rm-gw-temp,2160
1786265820,zone2-living-rm-gw-temp,2159
1786265880,zone2-living-rm-gw-temp,2162
1786265940,zone2-living-rm-gw-temp,2164
1786266000,zone2-living-rm-gw-temp,2160
1786266001,zone5-living-rm-fancoil-heat-call,0
1786266060,zone2-living-rm-gw-temp,2164
1786266120,zone2-living-rm-gw-temp,2165
1786266180,zone2-living-rm-gw-temp,2164
1786266240,zone2-living-rm-gw-temp,2159
1786266300,zone2-living-rm-gw-temp,2162
1786266301,zone5-living-rm-fancoil-heat-call,0
1786266360,zone2-living-rm-gw-temp,2166
1786266420,zone2-living-rm-gw-temp,2160
1786266480,zone2-living-rm-gw-temp,2166
1786266540,zone2-living-rm-gw-temp,2161
1786266600,zone2-living-rm-gw-temp,2161
1786266601,zone5-living-rm-fancoil-heat-call,0
1786266660,zone2-living-rm-gw-temp,2162
1786266720,zone2-living-rm-gw-temp,2164
1786266780,zone2-living-rm-gw-temp,2164
1786266840,zone2-living-rm-gw-temp,2166
1786266882,zone5-living-rm-fancoil-heat-call,1
1786266900,zone2-living-rm-gw-temp,2161
1786266901,zone5-living-rm-fancoil-heat-call,1
1786266960,zone2-living-rm-gw-temp,2162
1786267020,zone2-living-rm-gw-temp,2161
1786267080,zone2-living-rm-gw-temp,2164
1786267140,zone2-living-rm-gw-temp,2161
1786267200,zone2-living-rm-gw-temp,2161
1786267201,zone5-living-rm-fancoil-heat-call,1
1786267260,zone2-living-rm-gw-temp,2161
1786267320,zone2-living-rm-gw-temp,2157
1786267372,zone5-living-rm-fancoil-heat-call,0
1786267377,zone5-living-rm-fancoil-heat-call,1
1786267378,zone5-living-rm-fancoil-heat-call,0
1786267380,zone2-living-rm-gw-temp,2153
1786267395,zone2-living-rm-gw-temp,2151
1786267440,zone2-living-rm-gw-temp,2160
1786267500,zone2-living-rm-gw-temp,2155
1786267501,zone5-living-rm-fancoil-heat-call,0
1786267560,zone2-living-rm-gw-temp,2158
1786267620,zone2-living-rm-gw-temp,2159
1786267680,zone2-living-rm-gw-temp,2155
1786267740,zone2-living-rm-gw-temp,2158
1786267800,zone2-living-rm-gw-temp,2155
1786267801,zone5-living-rm-fancoil-heat-call,0
1786267860,zone2-living-rm-gw-temp,2159
1786267920,zone2-living-rm-gw-temp,2158
1786267980,zone2-living-rm-gw-temp,2155
1786268040,zone2-living-rm-gw-temp,2155
1786268100,zone2-living-rm-gw-temp,2158
1786268101,zone5-living-rm-fancoil-heat-call,0
1786268160,zone2-living-rm-gw-temp,2155
1786268220,zone2-living-rm-gw-temp,2153
1786268280,zone2-living-rm-gw-temp,2154
1786268340,zone2-living-rm-gw-temp,2156
1786268400,zone2-living-rm-gw-temp,2159
1786268401,zone5-living-rm-fancoil-heat-call,0
1786268460,zone2-living-rm-gw-temp,2160
1786268520,zone2-living-rm-gw-temp,2155
1786268580,zone2-living-rm-gw-temp,2159
1786268640,zone2-living-rm-gw-temp,2161
1786268700,zone2-living-rm-gw-temp,2156
1786268701,zone5-living-rm-fancoil-heat-call,0
1786268760,zone2-living-rm-gw-temp,2158
1786268820,zone2-living-rm-gw-temp,2166
1786268880,zone2-living-rm-gw-temp,2165
1786268940,zone2-living-rm-gw-temp,2166
1786269000,zone2-living-rm-gw-temp,2162
1786269001,zone5-living-rm-fancoil-heat-call,0
1786269060,zone2-living-rm-gw-temp,2163
1786269120,zone2-living-rm-gw-temp,2164
1786269180,zone2-living-rm-gw-temp,2167
1786269240,zone2-living-rm-gw-temp,2170
1786269300,zone2-living-rm-gw-temp,2168
1786269301,zone5-living-rm-fancoil-heat-call,0
1786269360,zone2-living-rm-gw-temp,2170
1786269420,zone2-living-rm-gw-temp,2173
1786269480,zone2-living-rm-gw-temp,2175
1786269540,zone2-living-rm-gw-temp,2170
1786269600,zone2-living-rm-gw-temp,2174
1786269601,zone5-living-rm-fancoil-heat-call,0
1786269660,zone2-living-rm-gw-temp,2177
1786269720,zone2-living-rm-gw-temp,2175
1786269780,zone2-living-rm-gw-temp,2178
1786269840,zone2-living-rm-gw-temp,2177
1786269900,zone2-living-rm-gw-temp,2176
1786269901,zone5-living-rm-fancoil-heat-call,0
1786269942,zone5-living-rm-fancoil-heat-call,1
1786269960,zone2-living-rm-gw-temp,2180
1786270020,zone2-living-rm-gw-temp,2178
1786270080,zone2-living-rm-gw-temp,2179
1786270140,zone2-living-rm-gw-temp,2178
1786270200,zone2-living-rm-gw-temp,2174
1786270201,zone5-living-rm-fancoil-heat-call,1
1786270260,zone2-living-rm-gw-temp,2181
1786270320,zone2-living-rm-gw-temp,2180
1786270380,zone2-living-rm-gw-temp,2175
1786270440,zone2-living-rm-gw-temp,2178
1786270500,zone2-living-rm-gw-temp,2179
1786270501,zone5-living-rm-fancoil-heat-call,1
1786270522,zone5-living-rm-fancoil-heat-call,0
1786270560,zone2-living-rm-gw-temp,2177
1786270620,zone2-living-rm-gw-temp,2175
1786270680,zone2-living-rm-gw-temp,2178
1786270740,zone2-living-rm-gw-temp,2181
1786270800,zone2-living-rm-gw-temp,2182
1786270801,zone5-living-rm-fancoil-heat-call,0
1786270860,zone2-living-rm-gw-temp,2182
1786270920,zone2-living-rm-gw-temp,2179
1786270980,zone2-living-rm-gw-temp,2181
1786271040,zone2-living-rm-gw-temp,2183
1786271100,zone2-living-rm-gw-temp,2178
1786271101,zone5-living-rm-fancoil-heat-call,0
1786271160,zone2-living-rm-gw-temp,2179
1786271220,zone2-living-rm-gw-temp,2178
1786271280,zone2-living-rm-gw-temp,2179
1786271340,zone2-living-rm-gw-temp,2179
1786271400,zone2-living-rm-gw-temp,2182
1786271401,zone5-living-rm-fancoil-heat-call,0
1786271460,zone2-living-rm-gw-temp,2186
1786271520,zone2-living-rm-gw-temp,2181
1786271580,zone2-living-rm-gw-temp,2186
1786271640,zone2-living-rm-gw-temp,2183
1786271700,zone2-living-rm-gw-temp,2186
1786271701,zone5-living-rm-fancoil-heat-call,0
1786271760,zone2-living-rm-gw-temp,2187
1786271820,zone2-living-rm-gw-temp,2187
1786271860,zone5-living-rm-fancoil-heat-call,1
1786271880,zone2-living-rm-gw-temp,2189
1786271940,zone2-living-rm-gw-temp,2185
1786272000,zone2-living-rm-gw-temp,2184
1786272001,zone5-living-rm-fancoil-heat-call,1
1786272060,zone2-living-rm-gw-temp,2183
1786272120,zone2-living-rm-gw-temp,2184
1786272180,zone2-living-rm-gw-temp,2180
1786272240,zone2-living-rm-gw-temp,2179
1786272300,zone2-living-rm-gw-temp,2179
1786272301,zone5-living-rm-fancoil-heat-call,1
1786272360,zone2-living-rm-gw-temp,2177
1786272420,zone2-living-rm-gw-temp,2179
1786272430,zone5-living-rm-fancoil-heat-call,0
1786272480,zone2-living-rm-gw-temp,2180
1786272540,zone2-living-rm-gw-temp,2178
1786272600,zone2-living-rm-gw-temp,2177
1786272601,zone5-living-rm-fancoil-heat-call,0
1786272660,zone2-living-rm-gw-temp,2179
1786272720,zone2-living-rm-gw-temp,2176
1786272780,zone2-living-rm-gw-temp,2182
1786272840,zone2-living-rm-gw-temp,2176
1786272900,zone2-living-rm-gw-temp,2180
1786272901,zone5-living-rm-fancoil-heat-call,0
1786272960,zone2-living-rm-gw-temp,2181
1786273020,zone2-living-rm-gw-temp,2181
1786273080,zone2-living-rm-gw-temp,2181
1786273140,zone2-living-rm-gw-temp,2179
1786273200,zone2-living-rm-gw-temp,2180
1786273201,zone5-living-rm-fancoil-heat-call,0
1786273260,zone2-living-rm-gw-temp,2180
1786273320,zone2-living-rm-gw-temp,2176
1786273380,zone2-living-rm-gw-temp,2180
1786273440,zone2-living-rm-gw-temp,2180
1786273500,zone2-living-rm-gw-temp,2183
1786273501,zone5-living-rm-fancoil-heat-call,0
1786273560,zone2-living-rm-gw-temp,2183
1786273620,zone2-living-rm-gw-temp,2176
1786273680,zone2-living-rm-gw-temp,2183
1786273740,zone2-living-rm-gw-temp,2182
1786273800,zone2-living-rm-gw-temp,2184
1786273801,zone5-living-rm-fancoil-heat-call,0
1786273860,zone2-living-rm-gw-temp,2180
1786273900,zone5-living-rm-fancoil-heat-call,1
1786273920,zone2-living-rm-gw-temp,2178
1786273980,zone2-living-rm-gw-temp,2177
1786274040,zone2-living-rm-gw-temp,2184
1786274100,zone2-living-rm-gw-temp,2178
1786274101,zone5-living-rm-fancoil-heat-call,1
1786274160,zone2-living-rm-gw-temp,2179
1786274220,zone2-living-rm-gw-temp,2179
1786274280,zone2-living-rm-gw-temp,2178
1786274340,zone2-living-rm-gw-temp,2181
1786274400,zone2-living-rm-gw-temp,2173
1786274401,zone5-living-rm-fancoil-heat-call,1
1786274448,zone5-living-rm-fancoil-heat-call,0
1786274460,zone2-living-rm-gw-temp,2176
1786274520,zone2-living-rm-gw-temp,2172
1786274580,zone2-living-rm-gw-temp,2172
1786274640,zone2-living-rm-gw-temp,2177
1786274700,zone2-living-rm-gw-temp,2175
1786274701,zone5-living-rm-fancoil-heat-call,0
1786274760,zone2-living-rm-gw-temp,2173
1786274820,zone2-living-rm-gw-temp,2174
1786274880,zone2-living-rm-gw-temp,2176
1786274940,zone2-living-rm-gw-temp,2173
1786275000,zone2-living-rm-gw-temp,2175
1786275001,zone5-living-rm-fancoil-heat-call,0
1786275060,zone2-living-rm-gw-temp,2179
1786275120,zone2-living-rm-gw-temp,2179
1786275180,zone2-living-rm-gw-temp,2174
1786275240,zone2-living-rm-gw-temp,2174
1786275300,zone2-living-rm-gw-temp,2176
1786275301,zone5-living-rm-fancoil-heat-call,0
1786275360,zone2-living-rm-gw-temp,2176
1786275420,zone2-living-rm-gw-temp,2175
1786275480,zone2-living-rm-gw-temp,2180
1786275540,zone2-living-rm-gw-temp,2179
1786275600,zone2-living-rm-gw-temp,2179
1786275601,zone5-living-rm-fancoil-heat-call,0
1786275660,zone2-living-rm-gw-temp,2179
1786275720,zone2-living-rm-gw-temp,2177
1786275780,zone2-living-rm-gw-temp,2176
1786275840,zone2-living-rm-gw-temp,2178
1786275900,zone2-living-rm-gw-temp,2181
1786275901,zone5-living-rm-fancoil-heat-call,0
1786275910,zone5-living-rm-fancoil-heat-call,1
1786275960,zone2-living-rm-gw-temp,2177
1786276020,zone2-living-rm-gw-temp,2175
1786276080,zone2-living-rm-gw-temp,2178
1786276140,zone2-living-rm-gw-temp,2176
1786276200,zone2-living-rm-gw-temp,2178
1786276201,zone5-living-rm-fancoil-heat-call,1
1786276260,zone2-living-rm-gw-temp,2171
1786276320,zone2-living-rm-gw-temp,2175
1786276380,zone2-living-rm-gw-temp,2170
1786276440,zone2-living-rm-gw-temp,2174
1786276465,zone5-living-rm-fancoil-heat-call,0
1786276500,zone2-living-rm-gw-temp,2173
1786276501,zone5-living-rm-fancoil-heat-call,0
1786276560,zone2-living-rm-gw-temp,2174
1786276620,zone2-living-rm-gw-temp,2170
1786276680,zone2-living-rm-gw-temp,2175
1786276740,zone2-living-rm-gw-temp,2171
1786276800,zone2-living-rm-gw-temp,2170
1786276801,zone5-living-rm-fancoil-heat-call,0
1786276860,zone2-living-rm-gw-temp,2172
1786276920,zone2-living-rm-gw-temp,2175
1786276980,zone2-living-rm-gw-temp,2176
1786277040,zone2-living-rm-gw-temp,2176
1786277100,zone2-living-rm-gw-temp,2172
1786277101,zone5-living-rm-fancoil-heat-call,0
1786277160,zone2-living-rm-gw-temp,2172
1786277220,zone2-living-rm-gw-temp,2175
1786277280,zone2-living-rm-gw-temp,2175
1786277340,zone2-living-rm-gw-temp,2175
1786277400,zone2-living-rm-gw-temp,2172
1786277401,zone5-living-rm-fancoil-heat-call,0
1786277460,zone2-living-rm-gw-temp,2178
1786277520,zone2-living-rm-gw-temp,2180
1786277580,zone2-living-rm-gw-temp,2175
1786277640,zone2-living-rm-gw-temp,2176
1786277700,zone2-living-rm-gw-temp,2178
1786277701,zone5-living-rm-fancoil-heat-call,0
1786277760,zone2-living-rm-gw-temp,2175
1786277820,zone2-living-rm-gw-temp,2179
1786277880,zone2-living-rm-gw-temp,2178
1786277940,zone2-living-rm-gw-temp,2180
1786277980,zone5-living-rm-fancoil-heat-call,1
1786278000,zone2-living-rm-gw-temp,2179
1786278001,zone5-living-rm-fancoil-heat-call,1
1786278060,zone2-living-rm-gw-temp,2179
1786278120,zone2-living-rm-gw-temp,2178
1786278180,zone2-living-rm-gw-temp,2176
1786278240,zone2-living-rm-gw-temp,2176
1786278300,zone2-living-rm-gw-temp,2175
1786278301,zone5-living-rm-fancoil-heat-call,1
1786278360,zone2-living-rm-gw-temp,2175
1786278420,zone2-living-rm-gw-temp,2175
1786278480,zone2-living-rm-gw-temp,2171
1786278535,zone5-living-rm-fancoil-heat-call,0
1786278540,zone2-living-rm-gw-temp,2175
1786278600,zone2-living-rm-gw-temp,2175
1786278601,zone5-living-rm-fancoil-heat-call,0
1786278660,zone2-living-rm-gw-temp,2175
1786278720,zone2-living-rm-gw-temp,2176
1786278780,zone2-living-rm-gw-temp,2169
1786278840,zone2-living-rm-gw-temp,2169
1786278900,zone2-living-rm-gw-temp,2172
1786278901,zone5-living-rm-fancoil-heat-call,0
1786278960,zone2-living-rm-gw-temp,2176
1786279020,zone2-living-rm-gw-temp,2170
1786279080,zone2-living-rm-gw-temp,2175
1786279140,zone2-living-rm-gw-temp,2170
1786279200,zone2-living-rm-gw-temp,2175
1786279201,zone5-living-rm-fancoil-heat-call,0
1786279260,zone2-living-rm-gw-temp,2172
1786279320,zone2-living-rm-gw-temp,2177
1786279380,zone2-living-rm-gw-temp,2172
1786279440,zone2-living-rm-gw-temp,2173
1786279500,zone2-living-rm-gw-temp,2177
1786279501,zone5-living-rm-fancoil-heat-call,0
1786279560,zone2-living-rm-gw-temp,2173
1786279620,zone2-living-rm-gw-temp,2179
1786279680,zone2-living-rm-gw-temp,2179
1786279740,zone2-living-rm-gw-temp,2176
1786279800,zone2-living-rm-gw-temp,2176
1786279801,zone5-living-rm-fancoil-heat-call,0
1786279860,zone2-living-rm-gw-temp,2181
1786279920,zone2-living-rm-gw-temp,2181
1786279980,zone2-living-rm-gw-temp,2176
1786280040,zone2-living-rm-gw-temp,2179
1786280100,zone2-living-rm-gw-temp,2176
1786280101,zone5-living-rm-fancoil-heat-call,0
1786280160,zone2-living-rm-gw-temp,2176
1786280181,zone5-living-rm-fancoil-heat-call,1
1786280220,zone2-living-rm-gw-temp,2175
1786280280,zone2-living-rm-gw-temp,2175
1786280340,zone2-living-rm-gw-temp,2176
1786280400,zone2-living-rm-gw-temp,2175
1786280401,zone5-living-rm-fancoil-heat-call,1
1786280460,zone2-living-rm-gw-temp,2173
1786280520,zone2-living-rm-gw-temp,2177
1786280580,zone2-living-rm-gw-temp,2172
1786280640,zone2-living-rm-gw-temp,2174
1786280700,zone2-living-rm-gw-temp,2175
1786280701,zone5-living-rm-fancoil-heat-call,1
1786280727,zone5-living-rm-fancoil-heat-call,0
1786280760,zone2-living-rm-gw-temp,2169
1786280820,zone2-living-rm-gw-temp,2171
1786280880,zone2-living-rm-gw-temp,2174
1786280940,zone2-living-rm-gw-temp,2172
1786281000,zone2-living-rm-gw-temp,2173
1786281001,zone5-living-rm-fancoil-heat-call,0
1786281060,zone2-living-rm-gw-temp,2173
1786281120,zone2-living-rm-gw-temp,2173
1786281180,zone2-living-rm-gw-temp,2178
1786281240,zone2-living-rm-gw-temp,2177
1786281300,zone2-living-rm-gw-temp,2177
1786281301,zone5-living-rm-fancoil-heat-call,0
1786281360,zone2-living-rm-gw-temp,2174
1786281420,zone2-living-rm-gw-temp,2176
1786281480,zone2-living-rm-gw-temp,2173
1786281540,zone2-living-rm-gw-temp,2175
1786281600,zone2-living-rm-gw-temp,2177
1786281601,zone5-living-rm-fancoil-heat-call,0
1786281660,zone2-living-rm-gw-temp,2178
1786281720,zone2-living-rm-gw-temp,2178
1786281780,zone2-living-rm-gw-temp,2173
1786281840,zone2-living-rm-gw-temp,2176
1786281900,zone2-living-rm-gw-temp,2176
1786281901,zone5-living-rm-fancoil-heat-call,0
1786281960,zone2-living-rm-gw-temp,2175
1786282020,zone2-living-rm-gw-temp,2179
1786282080,zone2-living-rm-gw-temp,2175
1786282140,zone2-living-rm-gw-temp,2178
1786282158,zone5-living-rm-fancoil-heat-call,1
1786282200,zone2-living-rm-gw-temp,2183
1786282201,zone5-living-rm-fancoil-heat-call,1
1786282260,zone2-living-rm-gw-temp,2180
1786282320,zone2-living-rm-gw-temp,2178
1786282380,zone2-living-rm-gw-temp,2180
1786282440,zone2-living-rm-gw-temp,2181
1786282500,zone2-living-rm-gw-temp,2178
1786282501,zone5-living-rm-fancoil-heat-call,1
1786282560,zone2-living-rm-gw-temp,2179
1786282620,zone2-living-rm-gw-temp,2180
1786282680,zone2-living-rm-gw-temp,2179
1786282740,zone2-living-rm-gw-temp,2173
1786282749,zone5-living-rm-fancoil-heat-call,0
1786282800,zone2-living-rm-gw-temp,2177
1786282801,zone5-living-rm-fancoil-heat-call,0
1786282860,zone2-living-rm-gw-temp,2174
1786282920,zone2-living-rm-gw-temp,2178
1786282980,zone2-living-rm-gw-temp,2180
1786283040,zone2-living-rm-gw-temp,2178
1786283100,zone2-living-rm-gw-temp,2178
1786283101,zone5-living-rm-fancoil-heat-call,0
1786283160,zone2-living-rm-gw-temp,2180
1786283220,zone2-living-rm-gw-temp,2180
1786283280,zone2-living-rm-gw-temp,2179
1786283340,zone2-living-rm-gw-temp,2180
1786283400,zone2-living-rm-gw-temp,2179
1786283401,zone5-living-rm-fancoil-heat-call,0
1786283460,zone2-living-rm-gw-temp,2179
1786283520,zone2-living-rm-gw-temp,2179
1786283580,zone2-living-rm-gw-temp,2175
1786283640,zone2-living-rm-gw-temp,2179
1786283700,zone2-living-rm-gw-temp,2183
1786283701,zone5-living-rm-fancoil-heat-call,0
1786283760,zone2-living-rm-gw-temp,2183
1786283820,zone2-living-rm-gw-temp,2178
1786283880,zone2-living-rm-gw-temp,2179
1786283940,zone2-living-rm-gw-temp,2181
1786284000,zone2-living-rm-gw-temp,2175
1786284001,zone5-living-rm-fancoil-heat-call,0
1786284060,zone2-living-rm-gw-temp,2178
1786284120,zone2-living-rm-gw-temp,2179
1786284165,zone5-living-rm-fancoil-heat-call,1
1786284180,zone2-living-rm-gw-temp,2182
1786284240,zone2-living-rm-gw-temp,2178
1786284300,zone2-living-rm-gw-temp,2180
1786284301,zone5-living-rm-fancoil-heat-call,1
1786284360,zone2-living-rm-gw-temp,2181
1786284420,zone2-living-rm-gw-temp,2178
1786284480,zone2-living-rm-gw-temp,2179
1786284540,zone2-living-rm-gw-temp,2180
1786284600,zone2-living-rm-gw-temp,2176
1786284601,zone5-living-rm-fancoil-heat-call,1
1786284660,zone2-living-rm-gw-temp,2179
1786284720,zone2-living-rm-gw-temp,2177
1786284757,zone5-living-rm-fancoil-heat-call,0
1786284780,zone2-living-rm-gw-temp,2178
1786284840,zone2-living-rm-gw-temp,2176
1786284900,zone2-living-rm-gw-temp,2178
1786284901,zone5-living-rm-fancoil-heat-call,0
1786284960,zone2-living-rm-gw-temp,2180
1786285020,zone2-living-rm-gw-temp,2181
1786285080,zone2-living-rm-gw-temp,2179
1786285140,zone2-living-rm-gw-temp,2175
1786285200,zone2-living-rm-gw-temp,2177
1786285201,zone5-living-rm-fancoil-heat-call,0
1786285260,zone2-living-rm-gw-temp,2175
1786285320,zone2-living-rm-gw-temp,2179
1786285380,zone2-living-rm-gw-temp,2181
1786285440,zone2-living-rm-gw-temp,2179
1786285500,zone2-living-rm-gw-temp,2178
1786285501,zone5-living-rm-fancoil-heat-call,0
1786285560,zone2-living-rm-gw-temp,2179
1786285620,zone2-living-rm-gw-temp,2179
1786285680,zone2-living-rm-gw-temp,2182
1786285740,zone2-living-rm-gw-temp,2182
1786285800,zone2-living-rm-gw-temp,2176
1786285801,zone5-living-rm-fancoil-heat-call,0
1786285860,zone2-living-rm-gw-temp,2179
1786285920,zone2-living-rm-gw-temp,2179
1786285980,zone2-living-rm-gw-temp,2181
1786286040,zone2-living-rm-gw-temp,2180
1786286100,zone2-living-rm-gw-temp,2183
1786286101,zone5-living-rm-fancoil-heat-call,0
1786286160,zone2-living-rm-gw-temp,2184
1786286220,zone2-living-rm-gw-temp,2182
1786286229,zone5-living-rm-fancoil-heat-call,1
1786286280,zone2-living-rm-gw-temp,2179
1786286340,zone2-living-rm-gw-temp,2184
1786286400,zone2-living-rm-gw-temp,2183
1786286401,zone5-living-rm-fancoil-heat-call,1
1786286460,zone2-living-rm-gw-temp,2181
1786286520,zone2-living-rm-gw-temp,2180
1786286580,zone2-living-rm-gw-temp,2180
1786286640,zone2-living-rm-gw-temp,2178
1786286700,zone2-living-rm-gw-temp,2179
1786286701,zone5-living-rm-fancoil-heat-call,1
1786286760,zone2-living-rm-gw-temp,2179
1786286820,zone2-living-rm-gw-temp,2178
1786286844,zone5-living-rm-fancoil-heat-call,0
1786286880,zone2-living-rm-gw-temp,2179
1786286940,zone2-living-rm-gw-temp,2174
1786287000,zone2-living-rm-gw-temp,2176
1786287001,zone5-living-rm-fancoil-heat-call,0
1786287060,zone2-living-rm-gw-temp,2178
1786287120,zone2-living-rm-gw-temp,2181
1786287180,zone2-living-rm-gw-temp,2176
1786287240,zone2-living-rm-gw-temp,2179
1786287300,zone2-living-rm-gw-temp,2181
1786287301,zone5-living-rm-fancoil-heat-call,0
1786287360,zone2-living-rm-gw-temp,2178
1786287420,zone2-living-rm-gw-temp,2180
1786287480,zone2-living-rm-gw-temp,2179
1786287540,zone2-living-rm-gw-temp,2183
1786287600,zone2-living-rm-gw-temp,2179
1786287601,zone5-living-rm-fancoil-heat-call,0
1786287660,zone2-living-rm-gw-temp,2185
1786287720,zone2-living-rm-gw-temp,2181
1786287780,zone2-living-rm-gw-temp,2181
1786287840,zone2-living-rm-gw-temp,2183
1786287900,zone2-living-rm-gw-temp,2187
1786287901,zone5-living-rm-fancoil-heat-call,0
1786287960,zone2-living-rm-gw-temp,2180
1786288020,zone2-living-rm-gw-temp,2187
1786288080,zone5-living-rm-fancoil-heat-call,1
1786288080,zone2-living-rm-gw-temp,2187
1786288140,zone2-living-rm-gw-temp,2187
1786288200,zone2-living-rm-gw-temp,2184
1786288201,zone5-living-rm-fancoil-heat-call,1
1786288260,zone2-living-rm-gw-temp,2185
1786288320,zone2-living-rm-gw-temp,2186
1786288380,zone2-living-rm-gw-temp,2184
1786288440,zone2-living-rm-gw-temp,2180
1786288500,zone2-living-rm-gw-temp,2180
1786288501,zone5-living-rm-fancoil-heat-call,1
1786288560,zone2-living-rm-gw-temp,2180
1786288620,zone2-living-rm-gw-temp,2183
1786288680,zone2-living-rm-gw-temp,2178
1786288684,zone5-living-rm-fancoil-heat-call,0
1786288740,zone2-living-rm-gw-temp,2182
1786288800,zone2-living-rm-gw-temp,2177
1786288801,zone5-living-rm-fancoil-heat-call,0
1786288860,zone2-living-rm-gw-temp,2181
1786288920,zone2-living-rm-gw-temp,2183
1786288980,zone2-living-rm-gw-temp,2182
1786289040,zone2-living-rm-gw-temp,2177
1786289100,zone2-living-rm-gw-temp,2182
1786289101,zone5-living-rm-fancoil-heat-call,0
1786289160,zone2-living-rm-gw-temp,2184
1786289220,zone2-living-rm-gw-temp,2181
1786289280,zone2-living-rm-gw-temp,2183
1786289340,zone2-living-rm-gw-temp,2184
1786289400,zone2-living-rm-gw-temp,2183
1786289401,zone5-living-rm-fancoil-heat-call,0
1786289460,zone2-living-rm-gw-temp,2179
1786289520,zone2-living-rm-gw-temp,2178
1786289580,zone2-living-rm-gw-temp,2179
1786289640,zone2-living-rm-gw-temp,2183
1786289700,zone2-living-rm-gw-temp,2187
1786289701,zone5-living-rm-fancoil-heat-call,0
1786289760,zone2-living-rm-gw-temp,2187
1786289820,zone2-living-rm-gw-temp,2184
1786289880,zone2-living-rm-gw-temp,2184
1786289940,zone2-living-rm-gw-temp,2186
1786290000,zone2-living-rm-gw-temp,2184
1786290001,zone5-living-rm-fancoil-heat-call,0
1786290018,zone5-living-rm-fancoil-heat-call,1
1786290060,zone2-living-rm-gw-temp,2184
1786290120,zone2-living-rm-gw-temp,2187
1786290180,zone2-living-rm-gw-temp,2186
1786290240,zone2-living-rm-gw-temp,2186
1786290300,zone2-living-rm-gw-temp,2186
1786290301,zone5-living-rm-fancoil-heat-call,1
1786290360,zone2-living-rm-gw-temp,2186
1786290420,zone2-living-rm-gw-temp,2182
1786290480,zone2-living-rm-gw-temp,2185
1786290540,zone2-living-rm-gw-temp,2180
1786290600,zone2-living-rm-gw-temp,2180
1786290601,zone5-living-rm-fancoil-heat-call,1
1786290653,zone5-living-rm-fancoil-heat-call,0
1786290660,zone2-living-rm-gw-temp,2179
1786290720,zone2-living-rm-gw-temp,2179
1786290780,zone2-living-rm-gw-temp,2181
1786290840,zone2-living-rm-gw-temp,2179
1786290900,zone2-living-rm-gw-temp,2179
1786290901,zone5-living-rm-fancoil-heat-call,0
1786290960,zone2-living-rm-gw-temp,2186
1786291020,zone2-living-rm-gw-temp,2186
1786291080,zone2-living-rm-gw-temp,2184
1786291140,zone2-living-rm-gw-temp,2181
1786291200,zone2-living-rm-gw-temp,2181
1786291201,zone5-living-rm-fancoil-heat-call,0
1786291260,zone2-living-rm-gw-temp,2185
1786291320,zone2-living-rm-gw-temp,2181
1786291380,zone2-living-rm-gw-temp,2179
1786291440,zone2-living-rm-gw-temp,2182
1786291500,zone2-living-rm-gw-temp,2184
1786291501,zone5-living-rm-fancoil-heat-call,0
1786291560,zone2-living-rm-gw-temp,2184
1786291620,zone2-living-rm-gw-temp,2183
1786291680,zone2-living-rm-gw-temp,2184
1786291740,zone2-living-rm-gw-temp,2184
1786291800,zone2-living-rm-gw-temp,2189
1786291801,zone5-living-rm-fancoil-heat-call,0
1786291810,zone5-living-rm-fancoil-heat-call,1
1786291860,zone2-living-rm-gw-temp,2187
1786291920,zone2-living-rm-gw-temp,2189
1786291980,zone2-living-rm-gw-temp,2189
1786292040,zone2-living-rm-gw-temp,2185
1786292100,zone2-living-rm-gw-temp,2185
1786292101,zone5-living-rm-fancoil-heat-call,1
1786292160,zone2-living-rm-gw-temp,2187
1786292220,zone2-living-rm-gw-temp,2182
1786292280,zone2-living-rm-gw-temp,2184
1786292340,zone2-living-rm-gw-temp,2185
1786292400,zone2-living-rm-gw-temp,2179
1786292401,zone5-living-rm-fancoil-heat-call,1
1786292460,zone2-living-rm-gw-temp,2181
1786292473,zone5-living-rm-fancoil-heat-call,0
1786292520,zone2-living-rm-gw-temp,2181
1786292580,zone2-living-rm-gw-temp,2179
1786292640,zone2-living-rm-gw-temp,2179
1786292700,zone2-living-rm-gw-temp,2186
1786292701,zone5-living-rm-fancoil-heat-call,0
1786292760,zone2-living-rm-gw-temp,2181
1786292820,zone2-living-rm-gw-temp,2183
1786292880,zone2-living-rm-gw-temp,2185
1786292940,zone2-living-rm-gw-temp,2186
1786293000,zone2-living-rm-gw-temp,2182
1786293001,zone5-living-rm-fancoil-heat-call,0
1786293060,zone2-living-rm-gw-temp,2185
1786293120,zone2-living-rm-gw-temp,2187
1786293180,zone2-living-rm-gw-temp,2186
1786293240,zone2-living-rm-gw-temp,2184
1786293300,zone2-living-rm-gw-temp,2185
1786293301,zone5-living-rm-fancoil-heat-call,0
1786293360,zone2-living-rm-gw-temp,2185
1786293420,zone2-living-rm-gw-temp,2187
1786293480,zone2-living-rm-gw-temp,2187
1786293540,zone2-living-rm-gw-temp,2189
1786293600,zone2-living-rm-gw-temp,2189
1786293601,zone5-living-rm-fancoil-heat-call,0
1786293660,zone2-living-rm-gw-temp,2189
1786293720,zone2-living-rm-gw-temp,2189
1786293728,zone5-living-rm-fancoil-heat-call,1
1786293780,zone2-living-rm-gw-temp,2187
1786293840,zone2-living-rm-gw-temp,2184
1786293900,zone2-living-rm-gw-temp,2186
1786293901,zone5-living-rm-fancoil-heat-call,1
1786293960,zone2-living-rm-gw-temp,2186
1786294020,zone2-living-rm-gw-temp,2187
1786294080,zone2-living-rm-gw-temp,2184
1786294140,zone2-living-rm-gw-temp,2181
1786294200,zone2-living-rm-gw-temp,2186
1786294201,zone5-living-rm-fancoil-heat-call,1
1786294260,zone2-living-rm-gw-temp,2185
1786294320,zone2-living-rm-gw-temp,2183
1786294347,zone5-living-rm-fancoil-heat-call,0
1786294380,zone2-living-rm-gw-temp,2184
1786294440,zone2-living-rm-gw-temp,2181
1786294500,zone2-living-rm-gw-temp,2179
1786294501,zone5-living-rm-fancoil-heat-call,0
1786294560,zone2-living-rm-gw-temp,2192
1786294620,zone2-living-rm-gw-temp,2186
1786294680,zone2-living-rm-gw-temp,2183
1786294740,zone2-living-rm-gw-temp,2185
1786294800,zone2-living-rm-gw-temp,2191
1786294801,zone5-living-rm-fancoil-heat-call,0
1786294860,zone2-living-rm-gw-temp,2187
1786294920,zone2-living-rm-gw-temp,2187
1786294980,zone2-living-rm-gw-temp,2190
1786295040,zone2-living-rm-gw-temp,2194
1786295100,zone2-living-rm-gw-temp,2192
1786295101,zone5-living-rm-fancoil-heat-call,0
1786295160,zone2-living-rm-gw-temp,2190
1786295220,zone2-living-rm-gw-temp,2191
1786295280,zone2-living-rm-gw-temp,2191
1786295340,zone2-living-rm-gw-temp,2192
1786295389,zone5-living-rm-fancoil-heat-call,1
1786295400,zone2-living-rm-gw-temp,2198
1786295401,zone5-living-rm-fancoil-heat-call,1
1786295460,zone2-living-rm-gw-temp,2198
1786295520,zone2-living-rm-gw-temp,2195
1786295580,zone2-living-rm-gw-temp,2194
1786295640,zone2-living-rm-gw-temp,2192
1786295700,zone2-living-rm-gw-temp,2190
1786295701,zone5-living-rm-fancoil-heat-call,1
1786295760,zone2-living-rm-gw-temp,2191
1786295820,zone2-living-rm-gw-temp,2194
1786295880,zone2-living-rm-gw-temp,2188
1786295940,zone2-living-rm-gw-temp,2189
1786296000,zone2-living-rm-gw-temp,2192
1786296001,zone5-living-rm-fancoil-heat-call,1
1786296060,zone2-living-rm-gw-temp,2187
1786296120,zone2-living-rm-gw-temp,2188
1786296167,zone5-living-rm-fancoil-heat-call,0
1786296180,zone2-living-rm-gw-temp,2187
1786296240,zone2-living-rm-gw-temp,2187
1786296300,zone2-living-rm-gw-temp,2189
1786296301,zone5-living-rm-fancoil-heat-call,0
1786296360,zone2-living-rm-gw-temp,2187
1786296420,zone2-living-rm-gw-temp,2191
1786296480,zone2-living-rm-gw-temp,2184
1786296540,zone2-living-rm-gw-temp,2190
1786296600,zone2-living-rm-gw-temp,2190
1786296601,zone5-living-rm-fancoil-heat-call,0
1786296660,zone2-living-rm-gw-temp,2188
1786296720,zone2-living-rm-gw-temp,2189
1786296780,zone2-living-rm-gw-temp,2187
1786296840,zone2-living-rm-gw-temp,2187
1786296900,zone2-living-rm-gw-temp,2193
1786296901,zone5-living-rm-fancoil-heat-call,0
1786296960,zone2-living-rm-gw-temp,2190
1786297020,zone2-living-rm-gw-temp,2189
1786297080,zone2-living-rm-gw-temp,2193
1786297140,zone2-living-rm-gw-temp,2192
1786297200,zone2-living-rm-gw-temp,2193
1786297201,zone5-living-rm-fancoil-heat-call,0
1786297259,zone5-living-rm-fancoil-heat-call,1
1786297260,zone2-living-rm-gw-temp,2191
1786297320,zone2-living-rm-gw-temp,2194
1786297380,zone2-living-rm-gw-temp,2189
1786297440,zone2-living-rm-gw-temp,2193
1786297500,zone2-living-rm-gw-temp,2189
1786297501,zone5-living-rm-fancoil-heat-call,1
1786297560,zone2-living-rm-gw-temp,2189
1786297620,zone2-living-rm-gw-temp,2186
1786297680,zone2-living-rm-gw-temp,2189
1786297740,zone2-living-rm-gw-temp,2187
1786297800,zone2-living-rm-gw-temp,2185
1786297801,zone5-living-rm-fancoil-heat-call,1
1786297860,zone2-living-rm-gw-temp,2183
1786297920,zone2-living-rm-gw-temp,2180
1786297948,zone5-living-rm-fancoil-heat-call,0
1786297980,zone2-living-rm-gw-temp,2185
1786298040,zone2-living-rm-gw-temp,2186
1786298100,zone2-living-rm-gw-temp,2185
1786298101,zone5-living-rm-fancoil-heat-call,0
1786298160,zone2-living-rm-gw-temp,2187
1786298220,zone2-living-rm-gw-temp,2183
1786298280,zone2-living-rm-gw-temp,2185
1786298340,zone2-living-rm-gw-temp,2188
1786298400,zone2-living-rm-gw-temp,2183
1786298401,zone5-living-rm-fancoil-heat-call,0
1786298460,zone2-living-rm-gw-temp,2188
1786298520,zone2-living-rm-gw-temp,2187
1786298580,zone2-living-rm-gw-temp,2187
1786298640,zone2-living-rm-gw-temp,2187
1786298700,zone2-living-rm-gw-temp,2191
1786298701,zone5-living-rm-fancoil-heat-call,0
1786298760,zone2-living-rm-gw-temp,2188
1786298820,zone2-living-rm-gw-temp,2186
1786298880,zone2-living-rm-gw-temp,2185
1786298940,zone2-living-rm-gw-temp,2190
1786299000,zone2-living-rm-gw-temp,2196
1786299001,zone5-living-rm-fancoil-heat-call,0
1786299016,zone2-living-rm-gw-temp,2201
1786299060,zone2-living-rm-gw-temp,2200
1786299120,zone2-living-rm-gw-temp,2206
1786299180,zone2-living-rm-gw-temp,2205
1786299240,zone2-living-rm-gw-temp,2211
1786299300,zone2-living-rm-gw-temp,2208
1786299301,zone5-living-rm-fancoil-heat-call,0
1786299332,zone5-living-rm-fancoil-heat-call,1
1786299360,zone2-living-rm-gw-temp,2216
1786299420,zone2-living-rm-gw-temp,2214
1786299480,zone2-living-rm-gw-temp,2215
1786299540,zone2-living-rm-gw-temp,2218
1786299600,zone2-living-rm-gw-temp,2211
1786299601,zone5-living-rm-fancoil-heat-call,1
1786299660,zone2-living-rm-gw-temp,2218
1786299720,zone2-living-rm-gw-temp,2214
1786299780,zone2-living-rm-gw-temp,2211
1786299840,zone2-living-rm-gw-temp,2216
1786299900,zone2-living-rm-gw-temp,2217
1786299901,zone5-living-rm-fancoil-heat-call,1
1786299960,zone2-living-rm-gw-temp,2217
1786300020,zone2-living-rm-gw-temp,2215
1786300080,zone2-living-rm-gw-temp,2216
1786300140,zone2-living-rm-gw-temp,2213
1786300200,zone2-living-rm-gw-temp,2218
1786300201,zone5-living-rm-fancoil-heat-call,1
1786300260,zone2-living-rm-gw-temp,2220
1786300320,zone2-living-rm-gw-temp,2221
1786300380,zone2-living-rm-gw-temp,2215
1786300440,zone2-living-rm-gw-temp,2224
1786300500,zone2-living-rm-gw-temp,2226
1786300501,zone5-living-rm-fancoil-heat-call,1
1786300560,zone2-living-rm-gw-temp,2225
1786300620,zone2-living-rm-gw-temp,2227
1786300633,zone5-living-rm-fancoil-heat-call,0
1786300680,zone2-living-rm-gw-temp,2230
1786300740,zone2-living-rm-gw-temp,2225
1786300800,zone2-living-rm-gw-temp,2231
1786300801,zone5-living-rm-fancoil-heat-call,0
1786300860,zone2-living-rm-gw-temp,2230
1786300920,zone2-living-rm-gw-temp,2228
1786300980,zone2-living-rm-gw-temp,2234
1786301040,zone2-living-rm-gw-temp,2236
1786301100,zone2-living-rm-gw-temp,2234
1786301101,zone5-living-rm-fancoil-heat-call,0
1786301160,zone2-living-rm-gw-temp,2234
1786301198,zone5-living-rm-fancoil-heat-call,1
1786301220,zone2-living-rm-gw-temp,2238
1786301280,zone2-living-rm-gw-temp,2232
1786301340,zone2-living-rm-gw-temp,2237
1786301400,zone2-living-rm-gw-temp,2234
1786301401,zone5-living-rm-fancoil-heat-call,1
1786301460,zone2-living-rm-gw-temp,2237
1786301520,zone2-living-rm-gw-temp,2235
1786301580,zone2-living-rm-gw-temp,2238
1786301640,zone2-living-rm-gw-temp,2245
1786301700,zone2-living-rm-gw-temp,2245
1786301701,zone5-living-rm-fancoil-heat-call,1
1786301760,zone2-living-rm-gw-temp,2245
1786301820,zone2-living-rm-gw-temp,2242
1786301880,zone2-living-rm-gw-temp,2245
1786301940,zone2-living-rm-gw-temp,2245
1786301945,zone2-living-rm-gw-temp,2252
1786302000,zone2-living-rm-gw-temp,2253
1786302001,zone5-living-rm-fancoil-heat-call,1
1786302060,zone2-living-rm-gw-temp,2251
1786302120,zone2-living-rm-gw-temp,2252
1786302180,zone2-living-rm-gw-temp,2246
1786302240,zone2-living-rm-gw-temp,2255
1786302300,zone2-living-rm-gw-temp,2252
1786302301,zone5-living-rm-fancoil-heat-call,1
1786302360,zone2-living-rm-gw-temp,2251
1786302420,zone2-living-rm-gw-temp,2251
1786302480,zone2-living-rm-gw-temp,2255
1786302540,zone2-living-rm-gw-temp,2254
1786302600,zone2-living-rm-gw-temp,2254
1786302601,zone5-living-rm-fancoil-heat-call,1
1786302660,zone2-living-rm-gw-temp,2252
1786302720,zone2-living-rm-gw-temp,2256
1786302780,zone2-living-rm-gw-temp,2254
1786302840,zone2-living-rm-gw-temp,2257
1786302900,zone2-living-rm-gw-temp,2256
1786302901,zone5-living-rm-fancoil-heat-call,1
1786302960,zone2-living-rm-gw-temp,2258
1786303020,zone2-living-rm-gw-temp,2256
1786303080,zone2-living-rm-gw-temp,2251
1786303140,zone2-living-rm-gw-temp,2254
1786303200,zone2-living-rm-gw-temp,2250
1786303201,zone5-living-rm-fancoil-heat-call,1
1786303260,zone2-living-rm-gw-temp,2253
1786303320,zone2-living-rm-gw-temp,2254
1786303380,zone2-living-rm-gw-temp,2249
1786303440,zone2-living-rm-gw-temp,2251
1786303500,zone2-living-rm-gw-temp,2247
1786303501,zone5-living-rm-fancoil-heat-call,1
1786303560,zone2-living-rm-gw-temp,2249
1786303620,zone2-living-rm-gw-temp,2247
1786303680,zone2-living-rm-gw-temp,2249
1786303740,zone2-living-rm-gw-temp,2245
1786303800,zone2-living-rm-gw-temp,2243
1786303801,zone5-living-rm-fancoil-heat-call,1
1786303860,zone2-living-rm-gw-temp,2243
1786303920,zone2-living-rm-gw-temp,2242
1786303980,zone2-living-rm-gw-temp,2243
1786304040,zone2-living-rm-gw-temp,2242
1786304100,zone2-living-rm-gw-temp,2239
1786304101,zone5-living-rm-fancoil-heat-call,1
1786304104,zone5-living-rm-fancoil-heat-call,0
1786304160,zone2-living-rm-gw-temp,2239
1786304220,zone2-living-rm-gw-temp,2241
1786304280,zone2-living-rm-gw-temp,2240
1786304340,zone2-living-rm-gw-temp,2237
1786304400,zone2-living-rm-gw-temp,2240
1786304401,zone5-living-rm-fancoil-heat-call,0
1786304460,zone2-living-rm-gw-temp,2238
1786304520,zone2-living-rm-gw-temp,2239
1786304580,zone2-living-rm-gw-temp,2240
1786304640,zone2-living-rm-gw-temp,2244
1786304700,zone2-living-rm-gw-temp,2243
1786304701,zone5-living-rm-fancoil-heat-call,0
1786304740,zone5-living-rm-fancoil-heat-call,1
1786304760,zone2-living-rm-gw-temp,2240
1786304820,zone2-living-rm-gw-temp,2239
1786304880,zone2-living-rm-gw-temp,2239
1786304940,zone2-living-rm-gw-temp,2239
1786305000,zone2-living-rm-gw-temp,2235
1786305001,zone5-living-rm-fancoil-heat-call,1
1786305060,zone2-living-rm-gw-temp,2234
1786305120,zone2-living-rm-gw-temp,2234
1786305180,zone2-living-rm-gw-temp,2238
1786305240,zone2-living-rm-gw-temp,2232
1786305300,zone2-living-rm-gw-temp,2233
1786305301,zone5-living-rm-fancoil-heat-call,1
1786305360,zone2-living-rm-gw-temp,2231
1786305420,zone2-living-rm-gw-temp,2232
1786305480,zone2-living-rm-gw-temp,2233
1786305540,zone2-living-rm-gw-temp,2234
1786305600,zone2-living-rm-gw-temp,2231
1786305601,zone5-living-rm-fancoil-heat-call,1
1786305660,zone2-living-rm-gw-temp,2230
1786305720,zone2-living-rm-gw-temp,2231
1786305780,zone2-living-rm-gw-temp,2232
1786305840,zone2-living-rm-gw-temp,2230
1786305900,zone2-living-rm-gw-temp,2230
1786305901,zone5-living-rm-fancoil-heat-call,1
1786305960,zone2-living-rm-gw-temp,2229
1786306020,zone2-living-rm-gw-temp,2226
1786306048,zone5-living-rm-fancoil-heat-call,0
1786306080,zone2-living-rm-gw-temp,2230
1786306140,zone2-living-rm-gw-temp,2230
1786306200,zone2-living-rm-gw-temp,2232
1786306201,zone5-living-rm-fancoil-heat-call,0
1786306260,zone2-living-rm-gw-temp,2230
1786306320,zone2-living-rm-gw-temp,2233
1786306380,zone2-living-rm-gw-temp,2234
1786306440,zone2-living-rm-gw-temp,2238
1786306500,zone2-living-rm-gw-temp,2238
1786306501,zone5-living-rm-fancoil-heat-call,0
1786306560,zone2-living-rm-gw-temp,2235
1786306620,zone2-living-rm-gw-temp,2240
1786306652,zone5-living-rm-fancoil-heat-call,1
1786306680,zone2-living-rm-gw-temp,2238
1786306740,zone2-living-rm-gw-temp,2234
1786306800,zone2-living-rm-gw-temp,2236
1786306801,zone5-living-rm-fancoil-heat-call,1
1786306860,zone2-living-rm-gw-temp,2238
1786306920,zone2-living-rm-gw-temp,2236
1786306980,zone2-living-rm-gw-temp,2241
1786307040,zone2-living-rm-gw-temp,2242
1786307100,zone2-living-rm-gw-temp,2243
1786307101,zone5-living-rm-fancoil-heat-call,1
1786307160,zone2-living-rm-gw-temp,2240
1786307220,zone2-living-rm-gw-temp,2239
1786307280,zone2-living-rm-gw-temp,2239
1786307340,zone2-living-rm-gw-temp,2244
1786307400,zone2-living-rm-gw-temp,2247
1786307401,zone5-living-rm-fancoil-heat-call,1
1786307460,zone2-living-rm-gw-temp,2241
1786307520,zone2-living-rm-gw-temp,2243
1786307580,zone2-living-rm-gw-temp,2245
1786307640,zone2-living-rm-gw-temp,2241
1786307700,zone2-living-rm-gw-temp,2241
1786307701,zone5-living-rm-fancoil-heat-call,1
1786307760,zone2-living-rm-gw-temp,2248
1786307820,zone2-living-rm-gw-temp,2246
1786307880,zone2-living-rm-gw-temp,2246
1786307940,zone2-living-rm-gw-temp,2243
1786308000,zone2-living-rm-gw-temp,2245
1786308001,zone5-living-rm-fancoil-heat-call,1
1786308060,zone2-living-rm-gw-temp,2245
1786308120,zone2-living-rm-gw-temp,2245
1786308180,zone2-living-rm-gw-temp,2246
1786308240,zone2-living-rm-gw-temp,2247
1786308300,zone2-living-rm-gw-temp,2250
1786308301,zone5-living-rm-fancoil-heat-call,1
1786308360,zone2-living-rm-gw-temp,2250
1786308420,zone2-living-rm-gw-temp,2246
1786308480,zone2-living-rm-gw-temp,2246
1786308540,zone2-living-rm-gw-temp,2251
1786308600,zone2-living-rm-gw-temp,2252
1786308601,zone5-living-rm-fancoil-heat-call,1
1786308660,zone2-living-rm-gw-temp,2251
1786308720,zone2-living-rm-gw-temp,2249
1786308780,zone2-living-rm-gw-temp,2250
1786308840,zone2-living-rm-gw-temp,2250
1786308900,zone2-living-rm-gw-temp,2255
1786308901,zone5-living-rm-fancoil-heat-call,1
1786308960,zone2-living-rm-gw-temp,2256
1786309020,zone2-living-rm-gw-temp,2249
1786309080,zone2-living-rm-gw-temp,2251
1786309140,zone2-living-rm-gw-temp,2251
1786309200,zone2-living-rm-gw-temp,2254
1786309201,zone5-living-rm-fancoil-heat-call,1
1786309260,zone2-living-rm-gw-temp,2257
1786309320,zone2-living-rm-gw-temp,2256
1786309380,zone2-living-rm-gw-temp,2255
1786309440,zone2-living-rm-gw-temp,2255
1786309500,zone2-living-rm-gw-temp,2257
1786309501,zone5-living-rm-fancoil-heat-call,1
1786309560,zone2-living-rm-gw-temp,2259
1786309620,zone2-living-rm-gw-temp,2258
1786309680,zone2-living-rm-gw-temp,2264
1786309740,zone2-living-rm-gw-temp,2260
1786309800,zone2-living-rm-gw-temp,2258
1786309801,zone5-living-rm-fancoil-heat-call,1
1786309860,zone2-living-rm-gw-temp,2264
1786309920,zone2-living-rm-gw-temp,2261
1786309980,zone2-living-rm-gw-temp,2264
1786310040,zone2-living-rm-gw-temp,2263
1786310100,zone2-living-rm-gw-temp,2264
1786310101,zone5-living-rm-fancoil-heat-call,1
1786310160,zone2-living-rm-gw-temp,2260
1786310220,zone2-living-rm-gw-temp,2261
1786310280,zone2-living-rm-gw-temp,2261
1786310340,zone2-living-rm-gw-temp,2262
1786310400,zone2-living-rm-gw-temp,2261
1786310401,zone5-living-rm-fancoil-heat-call,1
1786310460,zone2-living-rm-gw-temp,2262
1786310520,zone2-living-rm-gw-temp,2266
1786310580,zone2-living-rm-gw-temp,2265
1786310640,zone2-living-rm-gw-temp,2270
1786310700,zone2-living-rm-gw-temp,2266
1786310701,zone5-living-rm-fancoil-heat-call,1
1786310760,zone2-living-rm-gw-temp,2271
1786310820,zone2-living-rm-gw-temp,2274
1786310880,zone2-living-rm-gw-temp,2278
1786310940,zone2-living-rm-gw-temp,2278
1786311000,zone2-living-rm-gw-temp,2288
1786311001,zone5-living-rm-fancoil-heat-call,1
1786311060,zone2-living-rm-gw-temp,2286
1786311120,zone2-living-rm-gw-temp,2285
1786311180,zone2-living-rm-gw-temp,2287
1786311240,zone2-living-rm-gw-temp,2287
1786311300,zone2-living-rm-gw-temp,2285
1786311301,zone5-living-rm-fancoil-heat-call,1
1786311360,zone2-living-rm-gw-temp,2286
1786311420,zone2-living-rm-gw-temp,2287
1786311480,zone2-living-rm-gw-temp,2288
1786311540,zone2-living-rm-gw-temp,2287
1786311600,zone2-living-rm-gw-temp,2288
1786311601,zone5-living-rm-fancoil-heat-call,1
1786311660,zone2-living-rm-gw-temp,2290
1786311720,zone2-living-rm-gw-temp,2289
1786311780,zone2-living-rm-gw-temp,2289
1786311840,zone2-living-rm-gw-temp,2289
1786311900,zone2-living-rm-gw-temp,2288
1786311901,zone5-living-rm-fancoil-heat-call,1
1786311960,zone2-living-rm-gw-temp,2289
1786312020,zone2-living-rm-gw-temp,2291
1786312080,zone2-living-rm-gw-temp,2291
1786312140,zone2-living-rm-gw-temp,2292
1786312200,zone2-living-rm-gw-temp,2293
1786312201,zone5-living-rm-fancoil-heat-call,1
1786312260,zone2-living-rm-gw-temp,2294
1786312320,zone2-living-rm-gw-temp,2295
1786312380,zone2-living-rm-gw-temp,2295
1786312440,zone2-living-rm-gw-temp,2294
1786312500,zone2-living-rm-gw-temp,2295
1786312501,zone5-living-rm-fancoil-heat-call,1
1786312560,zone2-living-rm-gw-temp,2295
1786312620,zone2-living-rm-gw-temp,2298
1786312680,zone2-living-rm-gw-temp,2297
1786312740,zone2-living-rm-gw-temp,2298
1786312800,zone2-living-rm-gw-temp,2297
1786312801,zone5-living-rm-fancoil-heat-call,1
1786312827,zone2-living-rm-gw-temp,2302
1786312860,zone2-living-rm-gw-temp,2300
1786312920,zone2-living-rm-gw-temp,2304
1786312980,zone2-living-rm-gw-temp,2304
1786313040,zone2-living-rm-gw-temp,2301
1786313100,zone2-living-rm-gw-temp,2301
1786313101,zone5-living-rm-fancoil-heat-call,1
1786313160,zone2-living-rm-gw-temp,2303
1786313220,zone2-living-rm-gw-temp,2301
1786313280,zone2-living-rm-gw-temp,2302
1786313340,zone2-living-rm-gw-temp,2303
1786313400,zone2-living-rm-gw-temp,2304
1786313401,zone5-living-rm-fancoil-heat-call,1
1786313460,zone2-living-rm-gw-temp,2303
1786313520,zone2-living-rm-gw-temp,2301
1786313580,zone2-living-rm-gw-temp,2302
1786313640,zone2-living-rm-gw-temp,2302
1786313700,zone2-living-rm-gw-temp,2305
1786313701,zone5-living-rm-fancoil-heat-call,1
1786313760,zone2-living-rm-gw-temp,2303
1786313820,zone2-living-rm-gw-temp,2303
1786313880,zone2-living-rm-gw-temp,2303
1786313940,zone2-living-rm-gw-temp,2302
1786314000,zone2-living-rm-gw-temp,2303
1786314001,zone5-living-rm-fancoil-heat-call,1
1786314060,zone2-living-rm-gw-temp,2301
1786314120,zone2-living-rm-gw-temp,2302
1786314180,zone2-living-rm-gw-temp,2302
1786314240,zone2-living-rm-gw-temp,2303
1786314300,zone2-living-rm-gw-temp,2301
1786314301,zone5-living-rm-fancoil-heat-call,1
1786314360,zone2-living-rm-gw-temp,2305
1786314420,zone2-living-rm-gw-temp,2300
1786314480,zone2-living-rm-gw-temp,2301
1786314540,zone2-living-rm-gw-temp,2301
1786314600,zone2-living-rm-gw-temp,2304
1786314601,zone5-living-rm-fancoil-heat-call,1
1786314660,zone2-living-rm-gw-temp,2305
1786314720,zone2-living-rm-gw-temp,2310
1786314780,zone2-living-rm-gw-temp,2312
1786314840,zone2-living-rm-gw-temp,2316
1786314900,zone2-living-rm-gw-temp,2317
1786314901,zone5-living-rm-fancoil-heat-call,1
1786314960,zone2-living-rm-gw-temp,2315
1786315020,zone2-living-rm-gw-temp,2317
1786315080,zone2-living-rm-gw-temp,2322
1786315140,zone2-living-rm-gw-temp,2322
1786315200,zone2-living-rm-gw-temp,2318
1786315201,zone5-living-rm-fancoil-heat-call,1
1786315260,zone2-living-rm-gw-temp,2321
1786315320,zone2-living-rm-gw-temp,2316
1786315380,zone2-living-rm-gw-temp,2315
1786315440,zone2-living-rm-gw-temp,2313
1786315500,zone2-living-rm-gw-temp,2314
1786315501,zone5-living-rm-fancoil-heat-call,1
1786315560,zone2-living-rm-gw-temp,2313
1786315620,zone2-living-rm-gw-temp,2313
1786315680,zone2-living-rm-gw-temp,2310
1786315740,zone2-living-rm-gw-temp,2309
1786315800,zone2-living-rm-gw-temp,2312
1786315801,zone5-living-rm-fancoil-heat-call,1
1786315860,zone2-living-rm-gw-temp,2309
1786315920,zone2-living-rm-gw-temp,2310
1786315980,zone2-living-rm-gw-temp,2309
1786316040,zone2-living-rm-gw-temp,2306
1786316100,zone2-living-rm-gw-temp,2307
1786316101,zone5-living-rm-fancoil-heat-call,1
1786316160,zone2-living-rm-gw-temp,2304
1786316220,zone2-living-rm-gw-temp,2306
1786316280,zone2-living-rm-gw-temp,2307
1786316340,zone2-living-rm-gw-temp,2304
1786316400,zone2-living-rm-gw-temp,2305
1786316401,zone5-living-rm-fancoil-heat-call,1
1786316460,zone2-living-rm-gw-temp,2304
1786316520,zone2-living-rm-gw-temp,2303
1786316580,zone2-living-rm-gw-temp,2303
1786316640,zone2-living-rm-gw-temp,2303
1786316700,zone2-living-rm-gw-temp,2299
1786316701,zone5-living-rm-fancoil-heat-call,1
1786316760,zone2-living-rm-gw-temp,2303
1786316820,zone2-living-rm-gw-temp,2298
1786316880,zone2-living-rm-gw-temp,2298
1786316940,zone2-living-rm-gw-temp,2300
1786317000,zone2-living-rm-gw-temp,2299
1786317001,zone5-living-rm-fancoil-heat-call,1
1786317060,zone2-living-rm-gw-temp,2302
1786317120,zone2-living-rm-gw-temp,2300
1786317180,zone2-living-rm-gw-temp,2299
1786317240,zone2-living-rm-gw-temp,2300
1786317300,zone2-living-rm-gw-temp,2301
1786317301,zone5-living-rm-fancoil-heat-call,1
1786317360,zone2-living-rm-gw-temp,2299
1786317420,zone2-living-rm-gw-temp,2299
1786317480,zone2-living-rm-gw-temp,2299
1786317540,zone2-living-rm-gw-temp,2299
1786317600,zone2-living-rm-gw-temp,2297
1786317601,zone5-living-rm-fancoil-heat-call,1
1786317660,zone2-living-rm-gw-temp,2297
1786317720,zone2-living-rm-gw-temp,2297
1786317780,zone2-living-rm-gw-temp,2295
1786317840,zone2-living-rm-gw-temp,2295
1786317900,zone2-living-rm-gw-temp,2295
1786317901,zone5-living-rm-fancoil-heat-call,1
1786317960,zone2-living-rm-gw-temp,2294
1786318020,zone2-living-rm-gw-temp,2295
1786318080,zone2-living-rm-gw-temp,2295
1786318140,zone2-living-rm-gw-temp,2294
1786318200,zone2-living-rm-gw-temp,2296
1786318201,zone5-living-rm-fancoil-heat-call,1
1786318260,zone2-living-rm-gw-temp,2292
1786318320,zone2-living-rm-gw-temp,2293
1786318380,zone2-living-rm-gw-temp,2293
1786318440,zone2-living-rm-gw-temp,2294
1786318500,zone2-living-rm-gw-temp,2292
1786318501,zone5-living-rm-fancoil-heat-call,1
1786318560,zone2-living-rm-gw-temp,2293
1786318620,zone2-living-rm-gw-temp,2292
1786318680,zone2-living-rm-gw-temp,2292
1786318740,zone2-living-rm-gw-temp,2293
1786318800,zone2-living-rm-gw-temp,2290
1786318801,zone5-living-rm-fancoil-heat-call,1
1786318860,zone2-living-rm-gw-temp,2290
1786318920,zone2-living-rm-gw-temp,2290
1786318980,zone2-living-rm-gw-temp,2289
1786319040,zone2-living-rm-gw-temp,2287
1786319100,zone2-living-rm-gw-temp,2288
1786319101,zone5-living-rm-fancoil-heat-call,1
1786319160,zone2-living-rm-gw-temp,2286
1786319220,zone2-living-rm-gw-temp,2285
1786319280,zone2-living-rm-gw-temp,2286
1786319340,zone2-living-rm-gw-temp,2286
1786319400,zone2-living-rm-gw-temp,2287
1786319401,zone5-living-rm-fancoil-heat-call,1
1786319460,zone2-living-rm-gw-temp,2284
1786319520,zone2-living-rm-gw-temp,2283
1786319580,zone2-living-rm-gw-temp,2284
1786319640,zone2-living-rm-gw-temp,2282
1786319700,zone2-living-rm-gw-temp,2283
1786319701,zone5-living-rm-fancoil-heat-call,1
1786319760,zone2-living-rm-gw-temp,2281
1786319820,zone2-living-rm-gw-temp,2281
1786319880,zone2-living-rm-gw-temp,2281
1786319940,zone2-living-rm-gw-temp,2282
1786320000,zone2-living-rm-gw-temp,2278
1786320001,zone5-living-rm-fancoil-heat-call,1
1786320060,zone2-living-rm-gw-temp,2280
1786320120,zone2-living-rm-gw-temp,2278
1786320180,zone2-living-rm-gw-temp,2277
1786320240,zone2-living-rm-gw-temp,2276
1786320300,zone2-living-rm-gw-temp,2277
1786320301,zone5-living-rm-fancoil-heat-call,1
1786320360,zone2-living-rm-gw-temp,2275
1786320420,zone2-living-rm-gw-temp,2277
1786320480,zone2-living-rm-gw-temp,2276
1786320540,zone2-living-rm-gw-temp,2276
1786320600,zone2-living-rm-gw-temp,2275
1786320601,zone5-living-rm-fancoil-heat-call,1
1786320660,zone2-living-rm-gw-temp,2277
1786320720,zone2-living-rm-gw-temp,2275
1786320780,zone2-living-rm-gw-temp,2276
1786320840,zone2-living-rm-gw-temp,2274
1786320900,zone2-living-rm-gw-temp,2275
1786320901,zone5-living-rm-fancoil-heat-call,1
1786320960,zone2-living-rm-gw-temp,2272
1786321020,zone2-living-rm-gw-temp,2273
1786321080,zone2-living-rm-gw-temp,2273
1786321140,zone2-living-rm-gw-temp,2270
1786321200,zone2-living-rm-gw-temp,2273
1786321201,zone5-living-rm-fancoil-heat-call,1
1786321260,zone2-living-rm-gw-temp,2270
1786321320,zone2-living-rm-gw-temp,2271
1786321380,zone2-living-rm-gw-temp,2272
1786321440,zone2-living-rm-gw-temp,2271
1786321500,zone2-living-rm-gw-temp,2272
1786321501,zone5-living-rm-fancoil-heat-call,1
1786321560,zone2-living-rm-gw-temp,2273
1786321620,zone2-living-rm-gw-temp,2271
1786321680,zone2-living-rm-gw-temp,2272
1786321740,zone2-living-rm-gw-temp,2271
1786321800,zone2-living-rm-gw-temp,2267
1786321801,zone5-living-rm-fancoil-heat-call,1
1786321860,zone2-living-rm-gw-temp,2268
1786321920,zone2-living-rm-gw-temp,2267
1786321980,zone2-living-rm-gw-temp,2268
1786322040,zone2-living-rm-gw-temp,2266
1786322100,zone2-living-rm-gw-temp,2269
1786322101,zone5-living-rm-fancoil-heat-call,1
1786322160,zone2-living-rm-gw-temp,2266
1786322220,zone2-living-rm-gw-temp,2265
1786322280,zone2-living-rm-gw-temp,2266
1786322340,zone2-living-rm-gw-temp,2264
1786322392,zone5-living-rm-fancoil-heat-call,0
1786322396,zone5-living-rm-fancoil-heat-call,1
1786322398,zone5-living-rm-fancoil-heat-call,0
1786322400,zone2-living-rm-gw-temp,2267
1786322401,zone5-living-rm-fancoil-heat-call,0
1786322460,zone2-living-rm-gw-temp,2264
1786322520,zone2-living-rm-gw-temp,2265
1786322580,zone2-living-rm-gw-temp,2264
1786322640,zone2-living-rm-gw-temp,2265
1786322700,zone2-living-rm-gw-temp,2268
1786322701,zone5-living-rm-fancoil-heat-call,0
1786322760,zone2-living-rm-gw-temp,2266
1786322820,zone2-living-rm-gw-temp,2267
1786322880,zone2-living-rm-gw-temp,2268
1786322940,zone2-living-rm-gw-temp,2268
1786322941,zone5-living-rm-fancoil-heat-call,1
1786323000,zone2-living-rm-gw-temp,2270
1786323001,zone5-living-rm-fancoil-heat-call,1
1786323060,zone2-living-rm-gw-temp,2267
1786323120,zone2-living-rm-gw-temp,2267
1786323180,zone2-living-rm-gw-temp,2267
1786323240,zone2-living-rm-gw-temp,2267
1786323300,zone2-living-rm-gw-temp,2265
1786323301,zone5-living-rm-fancoil-heat-call,1
1786323360,zone2-living-rm-gw-temp,2264
1786323420,zone2-living-rm-gw-temp,2262
1786323480,zone2-living-rm-gw-temp,2262
1786323540,zone2-living-rm-gw-temp,2258
1786323600,zone2-living-rm-gw-temp,2259
1786323601,zone5-living-rm-fancoil-heat-call,1
1786323660,zone2-living-rm-gw-temp,2258
1786323720,zone2-living-rm-gw-temp,2257
1786323770,zone2-living-rm-gw-temp,2252
1786323780,zone2-living-rm-gw-temp,2255
1786323840,zone2-living-rm-gw-temp,2254
1786323900,zone2-living-rm-gw-temp,2254
1786323901,zone5-living-rm-fancoil-heat-call,1
1786323960,zone2-living-rm-gw-temp,2251
1786324020,zone2-living-rm-gw-temp,2252
1786324080,zone2-living-rm-gw-temp,2249
1786324140,zone2-living-rm-gw-temp,2249
1786324186,zone5-living-rm-fancoil-heat-call,0
1786324200,zone2-living-rm-gw-temp,2246
1786324201,zone5-living-rm-fancoil-heat-call,0
1786324260,zone2-living-rm-gw-temp,2248
1786324320,zone2-living-rm-gw-temp,2248
1786324380,zone2-living-rm-gw-temp,2246
1786324440,zone2-living-rm-gw-temp,2248
1786324500,zone2-living-rm-gw-temp,2245
1786324501,zone5-living-rm-fancoil-heat-call,0
1786324560,zone2-living-rm-gw-temp,2247
1786324620,zone2-living-rm-gw-temp,2247
1786324680,zone2-living-rm-gw-temp,2246
1786324740,zone2-living-rm-gw-temp,2247
1786324800,zone2-living-rm-gw-temp,2245
1786324801,zone5-living-rm-fancoil-heat-call,0
1786324860,zone2-living-rm-gw-temp,2246
1786324883,zone5-living-rm-fancoil-heat-call,1
1786324920,zone2-living-rm-gw-temp,2248
1786324980,zone2-living-rm-gw-temp,2248
1786325040,zone2-living-rm-gw-temp,2247
1786325100,zone2-living-rm-gw-temp,2242
1786325101,zone5-living-rm-fancoil-heat-call,1
1786325160,zone2-living-rm-gw-temp,2244
1786325220,zone2-living-rm-gw-temp,2244
1786325280,zone2-living-rm-gw-temp,2243
1786325340,zone2-living-rm-gw-temp,2243
1786325400,zone2-living-rm-gw-temp,2239
1786325401,zone5-living-rm-fancoil-heat-call,1
1786325460,zone2-living-rm-gw-temp,2240
1786325520,zone2-living-rm-gw-temp,2237
1786325580,zone2-living-rm-gw-temp,2236
1786325640,zone2-living-rm-gw-temp,2237
1786325700,zone2-living-rm-gw-temp,2236
1786325701,zone5-living-rm-fancoil-heat-call,1
1786325760,zone2-living-rm-gw-temp,2236
1786325796,zone5-living-rm-fancoil-heat-call,0
1786325820,zone2-living-rm-gw-temp,2234
1786325880,zone2-living-rm-gw-temp,2234
1786325940,zone2-living-rm-gw-temp,2235
1786326000,zone2-living-rm-gw-temp,2233
1786326001,zone5-living-rm-fancoil-heat-call,0
1786326060,zone2-living-rm-gw-temp,2234
1786326120,zone2-living-rm-gw-temp,2234
1786326180,zone2-living-rm-gw-temp,2235
1786326240,zone2-living-rm-gw-temp,2234
1786326300,zone2-living-rm-gw-temp,2233
1786326301,zone5-living-rm-fancoil-heat-call,0
1786326360,zone2-living-rm-gw-temp,2235
1786326420,zone2-living-rm-gw-temp,2236
1786326480,zone2-living-rm-gw-temp,2234
1786326535,zone5-living-rm-fancoil-heat-call,1
1786326540,zone2-living-rm-gw-temp,2236
1786326600,zone2-living-rm-gw-temp,2233
1786326601,zone5-living-rm-fancoil-heat-call,1
1786326660,zone2-living-rm-gw-temp,2232
1786326720,zone2-living-rm-gw-temp,2230
1786326780,zone2-living-rm-gw-temp,2229
1786326840,zone2-living-rm-gw-temp,2229
1786326900,zone2-living-rm-gw-temp,2228
1786326901,zone5-living-rm-fancoil-heat-call,1
1786326960,zone2-living-rm-gw-temp,2225
1786327020,zone2-living-rm-gw-temp,2224
1786327080,zone2-living-rm-gw-temp,2224
1786327140,zone2-living-rm-gw-temp,2225
1786327200,zone2-living-rm-gw-temp,2225
1786327201,zone5-living-rm-fancoil-heat-call,1
1786327260,zone2-living-rm-gw-temp,2224
1786327320,zone2-living-rm-gw-temp,2223
1786327331,zone5-living-rm-fancoil-heat-call,0
1786327334,zone5-living-rm-fancoil-heat-call,1
1786327336,zone5-living-rm-fancoil-heat-call,0
1786327380,zone2-living-rm-gw-temp,2224
1786327440,zone2-living-rm-gw-temp,2223
1786327500,zone2-living-rm-gw-temp,2223
1786327501,zone5-living-rm-fancoil-heat-call,0
1786327560,zone2-living-rm-gw-temp,2224
1786327620,zone2-living-rm-gw-temp,2224
1786327680,zone2-living-rm-gw-temp,2222
1786327740,zone2-living-rm-gw-temp,2222
1786327800,zone2-living-rm-gw-temp,2223
1786327801,zone5-living-rm-fancoil-heat-call,0
1786327860,zone2-living-rm-gw-temp,2224
1786327920,zone2-living-rm-gw-temp,2223
1786327980,zone2-living-rm-gw-temp,2223
1786328040,zone2-living-rm-gw-temp,2223
1786328100,zone2-living-rm-gw-temp,2224
1786328101,zone5-living-rm-fancoil-heat-call,0
1786328160,zone5-living-rm-fancoil-heat-call,1
1786328160,zone2-living-rm-gw-temp,2225
1786328220,zone2-living-rm-gw-temp,2224
1786328280,zone2-living-rm-gw-temp,2226
1786328340,zone2-living-rm-gw-temp,2225
1786328400,zone2-living-rm-gw-temp,2224
1786328401,zone5-living-rm-fancoil-heat-call,1
1786328460,zone2-living-rm-gw-temp,2227
1786328520,zone2-living-rm-gw-temp,2226
1786328580,zone2-living-rm-gw-temp,2224
1786328640,zone2-living-rm-gw-temp,2221
1786328700,zone2-living-rm-gw-temp,2222
1786328701,zone5-living-rm-fancoil-heat-call,1
1786328760,zone2-living-rm-gw-temp,2222
1786328820,zone2-living-rm-gw-temp,2218
1786328880,zone2-living-rm-gw-temp,2221
1786328940,zone2-living-rm-gw-temp,2221
1786328948,zone5-living-rm-fancoil-heat-call,0
1786329000,zone2-living-rm-gw-temp,2220
1786329001,zone5-living-rm-fancoil-heat-call,0
1786329060,zone2-living-rm-gw-temp,2219
1786329120,zone2-living-rm-gw-temp,2220
1786329180,zone2-living-rm-gw-temp,2221
1786329240,zone2-living-rm-gw-temp,2221
1786329300,zone2-living-rm-gw-temp,2220
1786329301,zone5-living-rm-fancoil-heat-call,0
1786329360,zone2-living-rm-gw-temp,2221
1786329420,zone2-living-rm-gw-temp,2220
1786329480,zone2-living-rm-gw-temp,2220
1786329540,zone2-living-rm-gw-temp,2221
1786329600,zone2-living-rm-gw-temp,2221
1786329601,zone5-living-rm-fancoil-heat-call,0
1786329660,zone2-living-rm-gw-temp,2220
1786329720,zone2-living-rm-gw-temp,2219
1786329763,zone5-living-rm-fancoil-heat-call,1
1786329780,zone2-living-rm-gw-temp,2220
1786329840,zone2-living-rm-gw-temp,2220
1786329900,zone2-living-rm-gw-temp,2219
1786329901,zone5-living-rm-fancoil-heat-call,1
1786329960,zone2-living-rm-gw-temp,2218
1786330020,zone2-living-rm-gw-temp,2217
1786330080,zone2-living-rm-gw-temp,2215
1786330140,zone2-living-rm-gw-temp,2216
1786330200,zone2-living-rm-gw-temp,2215
1786330201,zone5-living-rm-fancoil-heat-call,1
1786330260,zone2-living-rm-gw-temp,2213
1786330320,zone2-living-rm-gw-temp,2212
1786330380,zone2-living-rm-gw-temp,2212
1786330440,zone2-living-rm-gw-temp,2211
1786330460,zone5-living-rm-fancoil-heat-call,0
1786330500,zone2-living-rm-gw-temp,2208
1786330501,zone5-living-rm-fancoil-heat-call,0
1786330560,zone2-living-rm-gw-temp,2212
1786330620,zone2-living-rm-gw-temp,2210
1786330680,zone2-living-rm-gw-temp,2209
1786330740,zone2-living-rm-gw-temp,2207
1786330800,zone2-living-rm-gw-temp,2209
1786330801,zone5-living-rm-fancoil-heat-call,0
1786330860,zone2-living-rm-gw-temp,2208
1786330920,zone2-living-rm-gw-temp,2209
1786330980,zone2-living-rm-gw-temp,2208
1786331040,zone2-living-rm-gw-temp,2208
1786331100,zone2-living-rm-gw-temp,2210
1786331101,zone5-living-rm-fancoil-heat-call,0
1786331160,zone2-living-rm-gw-temp,2209
1786331220,zone2-living-rm-gw-temp,2210
1786331280,zone2-living-rm-gw-temp,2207
1786331340,zone2-living-rm-gw-temp,2209
1786331400,zone2-living-rm-gw-temp,2210
1786331401,zone5-living-rm-fancoil-heat-call,0
1786331423,zone5-living-rm-fancoil-heat-call,1
1786331460,zone2-living-rm-gw-temp,2208
1786331520,zone2-living-rm-gw-temp,2210
1786331580,zone2-living-rm-gw-temp,2208
1786331640,zone2-living-rm-gw-temp,2207
1786331688,zone2-living-rm-gw-temp,2202
1786331700,zone2-living-rm-gw-temp,2207
1786331701,zone5-living-rm-fancoil-heat-call,1
1786331760,zone2-living-rm-gw-temp,2202
1786331820,zone2-living-rm-gw-temp,2202
1786331880,zone2-living-rm-gw-temp,2201
1786331940,zone2-living-rm-gw-temp,2202
1786332000,zone2-living-rm-gw-temp,2201
1786332001,zone5-living-rm-fancoil-heat-call,1
1786332051,zone5-living-rm-fancoil-heat-call,0
1786332060,zone2-living-rm-gw-temp,2202
1786332120,zone2-living-rm-gw-temp,2201
1786332180,zone2-living-rm-gw-temp,2199
1786332240,zone2-living-rm-gw-temp,2200
1786332300,zone2-living-rm-gw-temp,2200
1786332301,zone5-living-rm-fancoil-heat-call,0
1786332360,zone2-living-rm-gw-temp,2201
1786332420,zone2-living-rm-gw-temp,2200
1786332480,zone2-living-rm-gw-temp,2201
1786332540,zone2-living-rm-gw-temp,2201
1786332600,zone2-living-rm-gw-temp,2198
1786332601,zone5-living-rm-fancoil-heat-call,0
1786332660,zone2-living-rm-gw-temp,2201
1786332720,zone2-living-rm-gw-temp,2199
1786332780,zone2-living-rm-gw-temp,2198
1786332840,zone2-living-rm-gw-temp,2199
1786332900,zone2-living-rm-gw-temp,2200
1786332901,zone5-living-rm-fancoil-heat-call,0
1786332960,zone2-living-rm-gw-temp,2201
1786333020,zone2-living-rm-gw-temp,2200
1786333080,zone2-living-rm-gw-temp,2200
1786333140,zone2-living-rm-gw-temp,2202
1786333200,zone2-living-rm-gw-temp,2202
1786333201,zone5-living-rm-fancoil-heat-call,0
1786333215,zone5-living-rm-fancoil-heat-call,1
1786333260,zone2-living-rm-gw-temp,2201
1786333320,zone2-living-rm-gw-temp,2203
1786333380,zone2-living-rm-gw-temp,2203
1786333440,zone2-living-rm-gw-temp,2202
1786333500,zone2-living-rm-gw-temp,2197
1786333501,zone5-living-rm-fancoil-heat-call,1
1786333560,zone2-living-rm-gw-temp,2197
1786333620,zone2-living-rm-gw-temp,2196
1786333680,zone2-living-rm-gw-temp,2194
1786333740,zone2-living-rm-gw-temp,2195
1786333800,zone2-living-rm-gw-temp,2197
1786333801,zone5-living-rm-fancoil-heat-call,1
1786333836,zone5-living-rm-fancoil-heat-call,0
1786333860,zone2-living-rm-gw-temp,2195
1786333920,zone2-living-rm-gw-temp,2195
1786333980,zone2-living-rm-gw-temp,2194
1786334040,zone2-living-rm-gw-temp,2195
1786334100,zone2-living-rm-gw-temp,2193
1786334101,zone5-living-rm-fancoil-heat-call,0
1786334160,zone2-living-rm-gw-temp,2195
1786334220,zone2-living-rm-gw-temp,2195
1786334280,zone2-living-rm-gw-temp,2193
1786334340,zone2-living-rm-gw-temp,2194
1786334400,zone2-living-rm-gw-temp,2195
1786334401,zone5-living-rm-fancoil-heat-call,0
1786334460,zone2-living-rm-gw-temp,2194
1786334520,zone2-living-rm-gw-temp,2196
1786334580,zone2-living-rm-gw-temp,2195
1786334640,zone2-living-rm-gw-temp,2194
1786334700,zone2-living-rm-gw-temp,2196
1786334701,zone5-living-rm-fancoil-heat-call,0
1786334760,zone2-living-rm-gw-temp,2196
1786334820,zone2-living-rm-gw-temp,2195
1786334880,zone2-living-rm-gw-temp,2194
1786334940,zone2-living-rm-gw-temp,2196
1786335000,zone2-living-rm-gw-temp,2195
1786335001,zone5-living-rm-fancoil-heat-call,0
1786335060,zone2-living-rm-gw-temp,2195
1786335120,zone2-living-rm-gw-temp,2196
1786335138,zone5-living-rm-fancoil-heat-call,1
1786335180,zone2-living-rm-gw-temp,2196
1786335240,zone2-living-rm-gw-temp,2196
1786335300,zone2-living-rm-gw-temp,2193
1786335301,zone5-living-rm-fancoil-heat-call,1
1786335360,zone2-living-rm-gw-temp,2193
1786335420,zone2-living-rm-gw-temp,2191
1786335480,zone2-living-rm-gw-temp,2193
1786335540,zone2-living-rm-gw-temp,2192
1786335600,zone2-living-rm-gw-temp,2187
1786335601,zone5-living-rm-fancoil-heat-call,1
1786335660,zone2-living-rm-gw-temp,2189
1786335709,zone5-living-rm-fancoil-heat-call,0
1786335720,zone2-living-rm-gw-temp,2187
1786335780,zone2-living-rm-gw-temp,2188
1786335840,zone2-living-rm-gw-temp,2186
1786335900,zone2-living-rm-gw-temp,2186
1786335901,zone5-living-rm-fancoil-heat-call,0
1786335960,zone2-living-rm-gw-temp,2189
1786336020,zone2-living-rm-gw-temp,2188
1786336080,zone2-living-rm-gw-temp,2187
1786336140,zone2-living-rm-gw-temp,2188
1786336200,zone2-living-rm-gw-temp,2188
1786336201,zone5-living-rm-fancoil-heat-call,0
1786336260,zone2-living-rm-gw-temp,2186
1786336320,zone2-living-rm-gw-temp,2184
1786336380,zone2-living-rm-gw-temp,2189
1786336440,zone2-living-rm-gw-temp,2185
1786336500,zone2-living-rm-gw-temp,2185
1786336501,zone5-living-rm-fancoil-heat-call,0
1786336560,zone2-living-rm-gw-temp,2186
1786336620,zone2-living-rm-gw-temp,2185
1786336680,zone2-living-rm-gw-temp,2185
1786336740,zone2-living-rm-gw-temp,2188
1786336800,zone2-living-rm-gw-temp,2190
1786336801,zone5-living-rm-fancoil-heat-call,0
1786336860,zone2-living-rm-gw-temp,2186
1786336920,zone2-living-rm-gw-temp,2190
1786336980,zone2-living-rm-gw-temp,2191
1786337040,zone2-living-rm-gw-temp,2190
1786337100,zone2-living-rm-gw-temp,2187
1786337101,zone5-living-rm-fancoil-heat-call,0
1786337135,zone5-living-rm-fancoil-heat-call,1
1786337160,zone2-living-rm-gw-temp,2189
1786337220,zone2-living-rm-gw-temp,2189
1786337280,zone2-living-rm-gw-temp,2186
1786337340,zone2-living-rm-gw-temp,2188
1786337400,zone2-living-rm-gw-temp,2185
1786337401,zone5-living-rm-fancoil-heat-call,1
1786337460,zone2-living-rm-gw-temp,2186
1786337520,zone2-living-rm-gw-temp,2185
1786337580,zone2-living-rm-gw-temp,2179
1786337640,zone2-living-rm-gw-temp,2177
1786337680,zone5-living-rm-fancoil-heat-call,0
1786337700,zone2-living-rm-gw-temp,2177
1786337701,zone5-living-rm-fancoil-heat-call,0
1786337760,zone2-living-rm-gw-temp,2176
1786337820,zone2-living-rm-gw-temp,2177
1786337880,zone2-living-rm-gw-temp,2181
1786337940,zone2-living-rm-gw-temp,2177
1786338000,zone2-living-rm-gw-temp,2181
1786338001,zone5-living-rm-fancoil-heat-call,0
1786338060,zone2-living-rm-gw-temp,2176
1786338120,zone2-living-rm-gw-temp,2178
1786338180,zone2-living-rm-gw-temp,2178
1786338240,zone2-living-rm-gw-temp,2176
1786338300,zone2-living-rm-gw-temp,2180
1786338301,zone5-living-rm-fancoil-heat-call,0
1786338360,zone2-living-rm-gw-temp,2182
1786338420,zone2-living-rm-gw-temp,2183
1786338480,zone2-living-rm-gw-temp,2179
1786338540,zone2-living-rm-gw-temp,2179
1786338600,zone2-living-rm-gw-temp,2181
1786338601,zone5-living-rm-fancoil-heat-call,0
1786338660,zone2-living-rm-gw-temp,2183
1786338720,zone2-living-rm-gw-temp,2183
1786338780,zone2-living-rm-gw-temp,2183
1786338840,zone2-living-rm-gw-temp,2181
1786338900,zone2-living-rm-gw-temp,2187
1786338901,zone5-living-rm-fancoil-heat-call,0
1786338960,zone2-living-rm-gw-temp,2186
1786339020,zone2-living-rm-gw-temp,2180
1786339067,zone5-living-rm-fancoil-heat-call,1
1786339080,zone2-living-rm-gw-temp,2185
1786339140,zone2-living-rm-gw-temp,2185
1786339200,zone2-living-rm-gw-temp,2185
1786339201,zone5-living-rm-fancoil-heat-call,1
1786339260,zone2-living-rm-gw-temp,2181
1786339320,zone2-living-rm-gw-temp,2184
1786339380,zone2-living-rm-gw-temp,2177
1786339440,zone2-living-rm-gw-temp,2179
1786339500,zone2-living-rm-gw-temp,2181
1786339501,zone5-living-rm-fancoil-heat-call,1
1786339560,zone2-living-rm-gw-temp,2180
1786339620,zone2-living-rm-gw-temp,2176
1786339629,zone5-living-rm-fancoil-heat-call,0
1786339680,zone2-living-rm-gw-temp,2177
1786339740,zone2-living-rm-gw-temp,2177
1786339800,zone2-living-rm-gw-temp,2172
1786339801,zone5-living-rm-fancoil-heat-call,0
1786339860,zone2-living-rm-gw-temp,2175
1786339920,zone2-living-rm-gw-temp,2179
1786339980,zone2-living-rm-gw-temp,2174
1786340040,zone2-living-rm-gw-temp,2179
1786340100,zone2-living-rm-gw-temp,2173
1786340101,zone5-living-rm-fancoil-heat-call,0
1786340160,zone2-living-rm-gw-temp,2175
1786340220,zone2-living-rm-gw-temp,2177
1786340280,zone2-living-rm-gw-temp,2176
1786340340,zone2-living-rm-gw-temp,2175
1786340400,zone2-living-rm-gw-temp,2172
1786340401,zone5-living-rm-fancoil-heat-call,0
1786340460,zone2-living-rm-gw-temp,2174
1786340520,zone2-living-rm-gw-temp,2177
1786340580,zone2-living-rm-gw-temp,2172
1786340640,zone2-living-rm-gw-temp,2174
1786340700,zone2-living-rm-gw-temp,2172
1786340701,zone5-living-rm-fancoil-heat-call,0
1786340760,zone2-living-rm-gw-temp,2174
1786340820,zone2-living-rm-gw-temp,2178
1786340880,zone2-living-rm-gw-temp,2173
1786340940,zone2-living-rm-gw-temp,2172
1786341000,zone2-living-rm-gw-temp,2176
1786341001,zone5-living-rm-fancoil-heat-call,0
1786341060,zone2-living-rm-gw-temp,2173
1786341120,zone2-living-rm-gw-temp,2173
1786341180,zone2-living-rm-gw-temp,2179
1786341240,zone2-living-rm-gw-temp,2173
1786341300,zone2-living-rm-gw-temp,2178
1786341301,zone5-living-rm-fancoil-heat-call,0
1786341360,zone2-living-rm-gw-temp,2175
1786341420,zone2-living-rm-gw-temp,2180
1786341480,zone2-living-rm-gw-temp,2179
1786341528,zone5-living-rm-fancoil-heat-call,1
1786341540,zone2-living-rm-gw-temp,2176
1786341600,zone2-living-rm-gw-temp,2173
1786341601,zone5-living-rm-fancoil-heat-call,1
1786341660,zone2-living-rm-gw-temp,2172
1786341720,zone2-living-rm-gw-temp,2175
1786341780,zone2-living-rm-gw-temp,2169
1786341840,zone2-living-rm-gw-temp,2166
1786341900,zone2-living-rm-gw-temp,2173
1786341901,zone5-living-rm-fancoil-heat-call,1
1786341960,zone2-living-rm-gw-temp,2169
1786342020,zone2-living-rm-gw-temp,2165
1786342040,zone5-living-rm-fancoil-heat-call,0
1786342080,zone2-living-rm-gw-temp,2167
1786342140,zone2-living-rm-gw-temp,2167
1786342200,zone2-living-rm-gw-temp,2166
1786342201,zone5-living-rm-fancoil-heat-call,0
1786342260,zone2-living-rm-gw-temp,2164
1786342320,zone2-living-rm-gw-temp,2164
1786342380,zone2-living-rm-gw-temp,2164
1786342440,zone2-living-rm-gw-temp,2171
1786342500,zone2-living-rm-gw-temp,2167
1786342501,zone5-living-rm-fancoil-heat-call,0
1786342560,zone2-living-rm-gw-temp,2169
1786342620,zone2-living-rm-gw-temp,2167
1786342680,zone2-living-rm-gw-temp,2166
1786342740,zone2-living-rm-gw-temp,2165
1786342800,zone2-living-rm-gw-temp,2170
1786342801,zone5-living-rm-fancoil-heat-call,0
1786342860,zone2-living-rm-gw-temp,2173
1786342920,zone2-living-rm-gw-temp,2168
1786342980,zone2-living-rm-gw-temp,2171
1786343040,zone2-living-rm-gw-temp,2170
1786343100,zone2-living-rm-gw-temp,2173
1786343101,zone5-living-rm-fancoil-heat-call,0
1786343160,zone2-living-rm-gw-temp,2168
1786343220,zone2-living-rm-gw-temp,2169
1786343280,zone2-living-rm-gw-temp,2173
1786343340,zone2-living-rm-gw-temp,2169
1786343400,zone2-living-rm-gw-temp,2173
1786343401,zone5-living-rm-fancoil-heat-call,0
1786343460,zone2-living-rm-gw-temp,2174
1786343520,zone2-living-rm-gw-temp,2174
1786343580,zone2-living-rm-gw-temp,2172
1786343640,zone2-living-rm-gw-temp,2171
1786343688,zone5-living-rm-fancoil-heat-call,1
1786343700,zone2-living-rm-gw-temp,2173
1786343701,zone5-living-rm-fancoil-heat-call,1
1786343760,zone2-living-rm-gw-temp,2172
1786343820,zone2-living-rm-gw-temp,2172
1786343880,zone2-living-rm-gw-temp,2169
1786343940,zone2-living-rm-gw-temp,2169
1786344000,zone2-living-rm-gw-temp,2171
1786344001,zone5-living-rm-fancoil-heat-call,1
1786344060,zone2-living-rm-gw-temp,2170
1786344120,zone2-living-rm-gw-temp,2168
1786344180,zone2-living-rm-gw-temp,2169
1786344222,zone5-living-rm-fancoil-heat-call,0
1786344240,zone2-living-rm-gw-temp,2167
1786344300,zone2-living-rm-gw-temp,2168
1786344301,zone5-living-rm-fancoil-heat-call,0
1786344360,zone2-living-rm-gw-temp,2161
1786344420,zone2-living-rm-gw-temp,2164
1786344480,zone2-living-rm-gw-temp,2165
1786344540,zone2-living-rm-gw-temp,2167
1786344600,zone2-living-rm-gw-temp,2163
1786344601,zone5-living-rm-fancoil-heat-call,0
1786344660,zone2-living-rm-gw-temp,2164
1786344720,zone2-living-rm-gw-temp,2169
1786344780,zone2-living-rm-gw-temp,2163
1786344840,zone2-living-rm-gw-temp,2165
1786344900,zone2-living-rm-gw-temp,2168
1786344901,zone5-living-rm-fancoil-heat-call,0
1786344960,zone2-living-rm-gw-temp,2163
1786345020,zone2-living-rm-gw-temp,2170
1786345080,zone2-living-rm-gw-temp,2166
1786345140,zone2-living-rm-gw-temp,2169
1786345200,zone2-living-rm-gw-temp,2166
1786345201,zone5-living-rm-fancoil-heat-call,0
1786345260,zone2-living-rm-gw-temp,2168
1786345320,zone2-living-rm-gw-temp,2166
1786345380,zone2-living-rm-gw-temp,2172
1786345440,zone2-living-rm-gw-temp,2170
1786345500,zone2-living-rm-gw-temp,2171
1786345501,zone5-living-rm-fancoil-heat-call,0
1786345560,zone2-living-rm-gw-temp,2168
1786345620,zone2-living-rm-gw-temp,2170
1786345680,zone2-living-rm-gw-temp,2169
1786345740,zone2-living-rm-gw-temp,2168
1786345800,zone2-living-rm-gw-temp,2171
1786345801,zone5-living-rm-fancoil-heat-call,0
1786345860,zone2-living-rm-gw-temp,2172
1786345920,zone2-living-rm-gw-temp,2169
1786345980,zone2-living-rm-gw-temp,2168
1786346040,zone2-living-rm-gw-temp,2166
1786346082,zone5-living-rm-fancoil-heat-call,1
1786346100,zone2-living-rm-gw-temp,2171
1786346101,zone5-living-rm-fancoil-heat-call,1
1786346160,zone2-living-rm-gw-temp,2170
1786346220,zone2-living-rm-gw-temp,2166
1786346280,zone2-living-rm-gw-temp,2168
1786346340,zone2-living-rm-gw-temp,2165
1786346400,zone2-living-rm-gw-temp,2163
1786346401,zone5-living-rm-fancoil-heat-call,1
1786346460,zone2-living-rm-gw-temp,2162
1786346520,zone2-living-rm-gw-temp,2165
1786346580,zone2-living-rm-gw-temp,2161
1786346586,zone5-living-rm-fancoil-heat-call,0
1786346640,zone2-living-rm-gw-temp,2160
1786346700,zone2-living-rm-gw-temp,2163
1786346701,zone5-living-rm-fancoil-heat-call,0
1786346760,zone2-living-rm-gw-temp,2162
1786346820,zone2-living-rm-gw-temp,2160
1786346880,zone2-living-rm-gw-temp,2161
1786346940,zone2-living-rm-gw-temp,2159
1786347000,zone2-living-rm-gw-temp,2157
1786347001,zone5-living-rm-fancoil-heat-call,0
1786347060,zone2-living-rm-gw-temp,2159
1786347120,zone2-living-rm-gw-temp,2164
1786347180,zone2-living-rm-gw-temp,2159
1786347240,zone2-living-rm-gw-temp,2158
1786347300,zone2-living-rm-gw-temp,2162
1786347301,zone5-living-rm-fancoil-heat-call,0
1786347360,zone2-living-rm-gw-temp,2163
1786347420,zone2-living-rm-gw-temp,2166
1786347480,zone2-living-rm-gw-temp,2160
1786347540,zone2-living-rm-gw-temp,2161
1786347600,zone2-living-rm-gw-temp,2162
1786347601,zone5-living-rm-fancoil-heat-call,0
1786347660,zone2-living-rm-gw-temp,2163
1786347720,zone2-living-rm-gw-temp,2162
1786347780,zone2-living-rm-gw-temp,2160
1786347840,zone2-living-rm-gw-temp,2165
1786347900,zone2-living-rm-gw-temp,2161
1786347901,zone5-living-rm-fancoil-heat-call,0
1786347960,zone2-living-rm-gw-temp,2164
1786348020,zone2-living-rm-gw-temp,2162
1786348080,zone2-living-rm-gw-temp,2164
1786348140,zone2-living-rm-gw-temp,2161
1786348200,zone2-living-rm-gw-temp,2166
1786348201,zone5-living-rm-fancoil-heat-call,0
1786348260,zone2-living-rm-gw-temp,2166
1786348320,zone2-living-rm-gw-temp,2163
1786348380,zone2-living-rm-gw-temp,2165
1786348440,zone2-living-rm-gw-temp,2164
1786348500,zone2-living-rm-gw-temp,2162
1786348501,zone5-living-rm-fancoil-heat-call,0
1786348560,zone2-living-rm-gw-temp,2161
1786348620,zone2-living-rm-gw-temp,2163
1786348680,zone2-living-rm-gw-temp,2164
1786348740,zone2-living-rm-gw-temp,2164
1786348800,zone2-living-rm-gw-temp,2161
1786348801,zone5-living-rm-fancoil-heat-call,0
1786348860,zone2-living-rm-gw-temp,2167
1786348920,zone2-living-rm-gw-temp,2164
1786348980,zone2-living-rm-gw-temp,2159
1786349040,zone2-living-rm-gw-temp,2159
1786349100,zone2-living-rm-gw-temp,2159
1786349101,zone5-living-rm-fancoil-heat-call,0
1786349160,zone2-living-rm-gw-temp,2163
1786349220,zone2-living-rm-gw-temp,2167
1786349280,zone2-living-rm-gw-temp,2166
1786349340,zone2-living-rm-gw-temp,2163
1786349400,zone2-living-rm-gw-temp,2169
1786349401,zone5-living-rm-fancoil-heat-call,0
1786349460,zone2-living-rm-gw-temp,2162
1786349520,zone2-living-rm-gw-temp,2167
1786349580,zone2-living-rm-gw-temp,2164
1786349640,zone2-living-rm-gw-temp,2166
1786349700,zone2-living-rm-gw-temp,2170
1786349701,zone5-living-rm-fancoil-heat-call,1
1786349760,zone2-living-rm-gw-temp,2167
1786349820,zone2-living-rm-gw-temp,2164
1786349880,zone2-living-rm-gw-temp,2163
1786349940,zone2-living-rm-gw-temp,2167
1786350000,zone2-living-rm-gw-temp,2166
1786350001,zone5-living-rm-fancoil-heat-call,1
1786350060,zone2-living-rm-gw-temp,2159
1786350120,zone2-living-rm-gw-temp,2162
1786350180,zone2-living-rm-gw-temp,2157
1786350215,zone5-living-rm-fancoil-heat-call,0
1786350240,zone2-living-rm-gw-temp,2157
1786350300,zone2-living-rm-gw-temp,2156
1786350301,zone5-living-rm-fancoil-heat-call,0
1786350360,zone2-living-rm-gw-temp,2158
1786350420,zone2-living-rm-gw-temp,2163
1786350480,zone2-living-rm-gw-temp,2158
1786350540,zone2-living-rm-gw-temp,2157
1786350600,zone2-living-rm-gw-temp,2158
1786350601,zone5-living-rm-fancoil-heat-call,0
1786350660,zone2-living-rm-gw-temp,2162
1786350720,zone2-living-rm-gw-temp,2162
1786350780,zone2-living-rm-gw-temp,2159
1786350840,zone2-living-rm-gw-temp,2158
1786350900,zone2-living-rm-gw-temp,2162
1786350901,zone5-living-rm-fancoil-heat-call,0
1786350960,zone2-living-rm-gw-temp,2161
1786351020,zone2-living-rm-gw-temp,2164
1786351080,zone2-living-rm-gw-temp,2160
1786351140,zone2-living-rm-gw-temp,2161
1786351200,zone2-living-rm-gw-temp,2162
1786351201,zone5-living-rm-fancoil-heat-call,0
1786351260,zone2-living-rm-gw-temp,2166
1786351320,zone2-living-rm-gw-temp,2166
1786351380,zone2-living-rm-gw-temp,2163
1786351440,zone2-living-rm-gw-temp,2159
1786351500,zone2-living-rm-gw-temp,2162
1786351501,zone5-living-rm-fancoil-heat-call,0
1786351560,zone2-living-rm-gw-temp,2163
1786351620,zone2-living-rm-gw-temp,2162
1786351680,zone2-living-rm-gw-temp,2167
1786351740,zone2-living-rm-gw-temp,2167
1786351800,zone2-living-rm-gw-temp,2167
1786351801,zone5-living-rm-fancoil-heat-call,0
1786351860,zone2-living-rm-gw-temp,2164
1786351920,zone2-living-rm-gw-temp,2167
1786351942,zone5-living-rm-fancoil-heat-call,1
1786351980,zone2-living-rm-gw-temp,2162
1786352040,zone2-living-rm-gw-temp,2165
1786352100,zone2-living-rm-gw-temp,2163
1786352101,zone5-living-rm-fancoil-heat-call,1
1786352160,zone2-living-rm-gw-temp,2162
1786352220,zone2-living-rm-gw-temp,2163
1786352280,zone2-living-rm-gw-temp,2161
1786352340,zone2-living-rm-gw-temp,2159
1786352400,zone2-living-rm-gw-temp,2158
1786352401,zone5-living-rm-fancoil-heat-call,1
1786352456,zone5-living-rm-fancoil-heat-call,0
1786352460,zone2-living-rm-gw-temp,2154
1786352500,zone2-living-rm-gw-temp,2152
1786352520,zone2-living-rm-gw-temp,2155
1786352580,zone2-living-rm-gw-temp,2157
1786352640,zone2-living-rm-gw-temp,2153
1786352700,zone2-living-rm-gw-temp,2154
1786352701,zone5-living-rm-fancoil-heat-call,0
1786352760,zone2-living-rm-gw-temp,2155
1786352820,zone2-living-rm-gw-temp,2158
1786352880,zone2-living-rm-gw-temp,2158
1786352940,zone2-living-rm-gw-temp,2159
1786353000,zone2-living-rm-gw-temp,2158
1786353001,zone5-living-rm-fancoil-heat-call,0
1786353060,zone2-living-rm-gw-temp,2153
1786353120,zone2-living-rm-gw-temp,2154
1786353180,zone2-living-rm-gw-temp,2158
1786353240,zone2-living-rm-gw-temp,2159
1786353300,zone2-living-rm-gw-temp,2157
1786353301,zone5-living-rm-fancoil-heat-call,0
1786353360,zone2-living-rm-gw-temp,2155
1786353420,zone2-living-rm-gw-temp,2155
1786353480,zone2-living-rm-gw-temp,2160
1786353540,zone2-living-rm-gw-temp,2155
1786353600,zone2-living-rm-gw-temp,2156
1786353601,zone5-living-rm-fancoil-heat-call,0
1786353660,zone2-living-rm-gw-temp,2158
1786353720,zone2-living-rm-gw-temp,2156
1786353780,zone2-living-rm-gw-temp,2159
1786353840,zone2-living-rm-gw-temp,2160
1786353900,zone2-living-rm-gw-temp,2159
1786353901,zone5-living-rm-fancoil-heat-call,0
1786353960,zone2-living-rm-gw-temp,2159
1786354020,zone2-living-rm-gw-temp,2155
1786354080,zone2-living-rm-gw-temp,2158
1786354140,zone2-living-rm-gw-temp,2160
1786354200,zone2-living-rm-gw-temp,2159
1786354201,zone5-living-rm-fancoil-heat-call,0
1786354260,zone2-living-rm-gw-temp,2159
1786354320,zone2-living-rm-gw-temp,2160
1786354380,zone2-living-rm-gw-temp,2155
1786354440,zone2-living-rm-gw-temp,2160
1786354500,zone2-living-rm-gw-temp,2161
1786354501,zone5-living-rm-fancoil-heat-call,0
1786354560,zone2-living-rm-gw-temp,2155
1786354620,zone2-living-rm-gw-temp,2158
1786354680,zone2-living-rm-gw-temp,2158
1786354740,zone2-living-rm-gw-temp,2159
1786354800,zone2-living-rm-gw-temp,2156
1786354801,zone5-living-rm-fancoil-heat-call,0
1786354860,zone2-living-rm-gw-temp,2159
1786354920,zone2-living-rm-gw-temp,2160
1786354977,zone5-living-rm-fancoil-heat-call,1
1786354980,zone2-living-rm-gw-temp,2158
1786355040,zone2-living-rm-gw-temp,2153
1786355100,zone2-living-rm-gw-temp,2157
1786355101,zone5-living-rm-fancoil-heat-call,1
1786355160,zone2-living-rm-gw-temp,2160
1786355220,zone2-living-rm-gw-temp,2153
1786355280,zone2-living-rm-gw-temp,2153
1786355340,zone2-living-rm-gw-temp,2152
1786355400,zone2-living-rm-gw-temp,2155
1786355401,zone5-living-rm-fancoil-heat-call,1
1786355450,zone5-living-rm-fancoil-heat-call,0
1786355460,zone2-living-rm-gw-temp,2152
1786355520,zone2-living-rm-gw-temp,2147
1786355580,zone2-living-rm-gw-temp,2151
1786355640,zone2-living-rm-gw-temp,2150
1786355700,zone2-living-rm-gw-temp,2153
1786355701,zone5-living-rm-fancoil-heat-call,0
1786355760,zone2-living-rm-gw-temp,2150
1786355820,zone2-living-rm-gw-temp,2149
1786355880,zone2-living-rm-gw-temp,2153
1786355940,zone2-living-rm-gw-temp,2150
1786356000,zone2-living-rm-gw-temp,2149
1786356001,zone5-living-rm-fancoil-heat-call,0
1786356060,zone2-living-rm-gw-temp,2150
1786356120,zone2-living-rm-gw-temp,2150
1786356180,zone2-living-rm-gw-temp,2155
1786356240,zone2-living-rm-gw-temp,2155
1786356300,zone2-living-rm-gw-temp,2155
1786356301,zone5-living-rm-fancoil-heat-call,0
1786356360,zone2-living-rm-gw-temp,2154
1786356420,zone2-living-rm-gw-temp,2155
1786356480,zone2-living-rm-gw-temp,2155
1786356540,zone2-living-rm-gw-temp,2156
1786356600,zone2-living-rm-gw-temp,2153
1786356601,zone5-living-rm-fancoil-heat-call,0
1786356660,zone2-living-rm-gw-temp,2152
1786356720,zone2-living-rm-gw-temp,2156
1786356780,zone2-living-rm-gw-temp,2154
1786356840,zone2-living-rm-gw-temp,2157
1786356900,zone2-living-rm-gw-temp,2151
1786356901,zone5-living-rm-fancoil-heat-call,0
1786356960,zone2-living-rm-gw-temp,2156
1786357020,zone2-living-rm-gw-temp,2153
1786357080,zone2-living-rm-gw-temp,2153
1786357140,zone2-living-rm-gw-temp,2157
1786357200,zone2-living-rm-gw-temp,2154
1786357201,zone5-living-rm-fancoil-heat-call,0
1786357260,zone2-living-rm-gw-temp,2156
1786357320,zone2-living-rm-gw-temp,2154
1786357380,zone2-living-rm-gw-temp,2155
1786357440,zone2-living-rm-gw-temp,2158
1786357500,zone2-living-rm-gw-temp,2158
1786357501,zone5-living-rm-fancoil-heat-call,0
1786357537,zone5-living-rm-fancoil-heat-call,1
1786357560,zone2-living-rm-gw-temp,2155
1786357620,zone2-living-rm-gw-temp,2158
1786357680,zone2-living-rm-gw-temp,2156
1786357740,zone2-living-rm-gw-temp,2152
1786357800,zone2-living-rm-gw-temp,2153
1786357801,zone5-living-rm-fancoil-heat-call,1
1786357860,zone2-living-rm-gw-temp,2149
1786357920,zone2-living-rm-gw-temp,2150
1786357980,zone2-living-rm-gw-temp,2155
1786358027,zone5-living-rm-fancoil-heat-call,0
1786358040,zone2-living-rm-gw-temp,2149
1786358100,zone2-living-rm-gw-temp,2156
1786358101,zone5-living-rm-fancoil-heat-call,0
1786358160,zone2-living-rm-gw-temp,2150
1786358220,zone2-living-rm-gw-temp,2154
1786358280,zone2-living-rm-gw-temp,2149
1786358340,zone2-living-rm-gw-temp,2151
1786358400,zone2-living-rm-gw-temp,2153
1786358401,zone5-living-rm-fancoil-heat-call,0
1786358460,zone2-living-rm-gw-temp,2152
1786358520,zone2-living-rm-gw-temp,2157
1786358580,zone2-living-rm-gw-temp,2157
1786358640,zone2-living-rm-gw-temp,2157
1786358700,zone2-living-rm-gw-temp,2156
1786358701,zone5-living-rm-fancoil-heat-call,0
1786358760,zone2-living-rm-gw-temp,2153
1786358820,zone2-living-rm-gw-temp,2160
1786358880,zone2-living-rm-gw-temp,2155
1786358940,zone2-living-rm-gw-temp,2153
1786359000,zone2-living-rm-gw-temp,2158
1786359001,zone5-living-rm-fancoil-heat-call,0
1786359060,zone2-living-rm-gw-temp,2155
1786359120,zone2-living-rm-gw-temp,2153
1786359180,zone2-living-rm-gw-temp,2154
1786359240,zone2-living-rm-gw-temp,2153
1786359300,zone2-living-rm-gw-temp,2155
1786359301,zone5-living-rm-fancoil-heat-call,0
1786359360,zone2-living-rm-gw-temp,2155
1786359420,zone2-living-rm-gw-temp,2158
1786359480,zone2-living-rm-gw-temp,2156
1786359540,zone2-living-rm-gw-temp,2155
1786359600,zone2-living-rm-gw-temp,2153
1786359601,zone5-living-rm-fancoil-heat-call,0
1786359660,zone2-living-rm-gw-temp,2157
1786359720,zone2-living-rm-gw-temp,2160
1786359780,zone2-living-rm-gw-temp,2155
1786359840,zone2-living-rm-gw-temp,2154
1786359900,zone2-living-rm-gw-temp,2159
1786359901,zone5-living-rm-fancoil-heat-call,0
1786359960,zone2-living-rm-gw-temp,2156
1786360020,zone2-living-rm-gw-temp,2155
1786360080,zone2-living-rm-gw-temp,2156
1786360140,zone2-living-rm-gw-temp,2157
1786360200,zone2-living-rm-gw-temp,2156
1786360201,zone5-living-rm-fancoil-heat-call,0
1786360260,zone2-living-rm-gw-temp,2154
1786360320,zone2-living-rm-gw-temp,2156
1786360380,zone2-living-rm-gw-temp,2157
1786360440,zone2-living-rm-gw-temp,2159
1786360500,zone2-living-rm-gw-temp,2157
1786360501,zone5-living-rm-fancoil-heat-call,0
1786360560,zone2-living-rm-gw-temp,2159
1786360620,zone2-living-rm-gw-temp,2155
1786360680,zone2-living-rm-gw-temp,2152
1786360740,zone2-living-rm-gw-temp,2152
1786360800,zone2-living-rm-gw-temp,2154
1786360801,zone5-living-rm-fancoil-heat-call,0
1786360860,zone2-living-rm-gw-temp,2154
1786360920,zone2-living-rm-gw-temp,2157
1786360980,zone2-living-rm-gw-temp,2153
1786361040,zone2-living-rm-gw-temp,2152
1786361100,zone2-living-rm-gw-temp,2152
1786361101,zone5-living-rm-fancoil-heat-call,0
1786361160,zone2-living-rm-gw-temp,2154
1786361220,zone2-living-rm-gw-temp,2155
1786361280,zone2-living-rm-gw-temp,2151
1786361340,zone2-living-rm-gw-temp,2155
1786361400,zone2-living-rm-gw-temp,2156
1786361401,zone5-living-rm-fancoil-heat-call,0
1786361460,zone2-living-rm-gw-temp,2154
1786361520,zone2-living-rm-gw-temp,2151
1786361580,zone2-living-rm-gw-temp,2158
1786361640,zone2-living-rm-gw-temp,2155
1786361700,zone2-living-rm-gw-temp,2155
1786361701,zone5-living-rm-fancoil-heat-call,1
1786361760,zone2-living-rm-gw-temp,2153
1786361820,zone2-living-rm-gw-temp,2154
1786361880,zone2-living-rm-gw-temp,2150
1786361940,zone2-living-rm-gw-temp,2153
1786362000,zone2-living-rm-gw-temp,2148
1786362001,zone5-living-rm-fancoil-heat-call,1
1786362060,zone2-living-rm-gw-temp,2154
1786362120,zone2-living-rm-gw-temp,2153
1786362180,zone2-living-rm-gw-temp,2148
1786362189,zone5-living-rm-fancoil-heat-call,0
1786362240,zone2-living-rm-gw-temp,2149
1786362300,zone2-living-rm-gw-temp,2148
1786362301,zone5-living-rm-fancoil-heat-call,0
1786362360,zone2-living-rm-gw-temp,2151
1786362420,zone2-living-rm-gw-temp,2148
1786362480,zone2-living-rm-gw-temp,2152
1786362540,zone2-living-rm-gw-temp,2150
1786362600,zone2-living-rm-gw-temp,2153
1786362601,zone5-living-rm-fancoil-heat-call,0
1786362660,zone2-living-rm-gw-temp,2153
1786362720,zone2-living-rm-gw-temp,2151
1786362780,zone2-living-rm-gw-temp,2156
1786362840,zone2-living-rm-gw-temp,2155
1786362900,zone2-living-rm-gw-temp,2153
1786362901,zone5-living-rm-fancoil-heat-call,0
1786362960,zone2-living-rm-gw-temp,2155
1786363020,zone2-living-rm-gw-temp,2152
1786363080,zone2-living-rm-gw-temp,2158
1786363140,zone2-living-rm-gw-temp,2155
1786363200,zone2-living-rm-gw-temp,2156
1786363201,zone5-living-rm-fancoil-heat-call,0
1786363260,zone2-living-rm-gw-temp,2160
1786363320,zone2-living-rm-gw-temp,2159
1786363380,zone2-living-rm-gw-temp,2162
1786363440,zone2-living-rm-gw-temp,2159
1786363500,zone2-living-rm-gw-temp,2163
1786363501,zone5-living-rm-fancoil-heat-call,0
1786363560,zone2-living-rm-gw-temp,2162
1786363620,zone2-living-rm-gw-temp,2163
1786363680,zone2-living-rm-gw-temp,2168
1786363740,zone2-living-rm-gw-temp,2170
1786363800,zone2-living-rm-gw-temp,2166
1786363801,zone5-living-rm-fancoil-heat-call,0
1786363860,zone2-living-rm-gw-temp,2175
1786363862,zone5-living-rm-fancoil-heat-call,1
1786363920,zone2-living-rm-gw-temp,2173
1786363980,zone2-living-rm-gw-temp,2178
1786364040,zone2-living-rm-gw-temp,2173
1786364100,zone2-living-rm-gw-temp,2173
1786364101,zone5-living-rm-fancoil-heat-call,1
1786364160,zone2-living-rm-gw-temp,2176
1786364220,zone2-living-rm-gw-temp,2173
1786364280,zone2-living-rm-gw-temp,2176
1786364340,zone2-living-rm-gw-temp,2175
1786364400,zone2-living-rm-gw-temp,2175
1786364401,zone5-living-rm-fancoil-heat-call,1
1786364460,zone2-living-rm-gw-temp,2174
1786364520,zone2-living-rm-gw-temp,2172
1786364528,zone5-living-rm-fancoil-heat-call,0
1786364580,zone2-living-rm-gw-temp,2184
1786364640,zone2-living-rm-gw-temp,2185
1786364700,zone2-living-rm-gw-temp,2186
1786364701,zone5-living-rm-fancoil-heat-call,0
1786364760,zone2-living-rm-gw-temp,2185
1786364820,zone2-living-rm-gw-temp,2193
1786364880,zone2-living-rm-gw-temp,2192
1786364940,zone2-living-rm-gw-temp,2191
1786365000,zone2-living-rm-gw-temp,2198
1786365001,zone5-living-rm-fancoil-heat-call,0
1786365060,zone2-living-rm-gw-temp,2198
1786365069,zone2-living-rm-gw-temp,2202
1786365120,zone2-living-rm-gw-temp,2202
1786365180,zone2-living-rm-gw-temp,2201
1786365240,zone2-living-rm-gw-temp,2208
1786365300,zone2-living-rm-gw-temp,2205
1786365301,zone5-living-rm-fancoil-heat-call,0
1786365325,zone5-living-rm-fancoil-heat-call,1
1786365360,zone2-living-rm-gw-temp,2209
1786365420,zone2-living-rm-gw-temp,2216
1786365480,zone2-living-rm-gw-temp,2214
1786365540,zone2-living-rm-gw-temp,2217
1786365600,zone2-living-rm-gw-temp,2219
1786365601,zone5-living-rm-fancoil-heat-call,1
1786365660,zone2-living-rm-gw-temp,2216
1786365720,zone2-living-rm-gw-temp,2218
1786365780,zone2-living-rm-gw-temp,2221
1786365840,zone2-living-rm-gw-temp,2223
1786365900,zone2-living-rm-gw-temp,2231
1786365901,zone5-living-rm-fancoil-heat-call,1
1786365960,zone2-living-rm-gw-temp,2232
1786366020,zone2-living-rm-gw-temp,2237
1786366080,zone2-living-rm-gw-temp,2237
1786366140,zone2-living-rm-gw-temp,2242
1786366200,zone2-living-rm-gw-temp,2242
1786366201,zone5-living-rm-fancoil-heat-call,1
1786366260,zone2-living-rm-gw-temp,2243
1786366320,zone2-living-rm-gw-temp,2244
1786366380,zone2-living-rm-gw-temp,2243
1786366440,zone2-living-rm-gw-temp,2247
1786366500,zone2-living-rm-gw-temp,2248
1786366501,zone5-living-rm-fancoil-heat-call,1
1786366537,zone2-living-rm-gw-temp,2252
1786366560,zone2-living-rm-gw-temp,2249
1786366620,zone2-living-rm-gw-temp,2251
1786366680,zone2-living-rm-gw-temp,2252
1786366740,zone2-living-rm-gw-temp,2255
1786366800,zone2-living-rm-gw-temp,2255
1786366801,zone5-living-rm-fancoil-heat-call,1
1786366860,zone2-living-rm-gw-temp,2260
1786366920,zone2-living-rm-gw-temp,2261
1786366980,zone2-living-rm-gw-temp,2264
1786367040,zone2-living-rm-gw-temp,2266
1786367100,zone2-living-rm-gw-temp,2264
1786367101,zone5-living-rm-fancoil-heat-call,1
1786367136,zone5-living-rm-fancoil-heat-call,0
1786367160,zone2-living-rm-gw-temp,2263
1786367220,zone2-living-rm-gw-temp,2263
1786367280,zone2-living-rm-gw-temp,2265
1786367340,zone2-living-rm-gw-temp,2268
1786367400,zone2-living-rm-gw-temp,2271
1786367401,zone5-living-rm-fancoil-heat-call,0
1786367460,zone2-living-rm-gw-temp,2272
1786367520,zone2-living-rm-gw-temp,2272
1786367580,zone2-living-rm-gw-temp,2269
1786367640,zone2-living-rm-gw-temp,2270
1786367700,zone2-living-rm-gw-temp,2271
1786367701,zone5-living-rm-fancoil-heat-call,0
1786367714,zone5-living-rm-fancoil-heat-call,1
1786367760,zone2-living-rm-gw-temp,2272
1786367820,zone2-living-rm-gw-temp,2270
1786367880,zone2-living-rm-gw-temp,2269
1786367940,zone2-living-rm-gw-temp,2269
1786368000,zone2-living-rm-gw-temp,2268
1786368001,zone5-living-rm-fancoil-heat-call,1
1786368060,zone2-living-rm-gw-temp,2265
1786368120,zone2-living-rm-gw-temp,2265
1786368180,zone2-living-rm-gw-temp,2262
1786368240,zone2-living-rm-gw-temp,2261
1786368300,zone2-living-rm-gw-temp,2260
1786368301,zone5-living-rm-fancoil-heat-call,1
1786368360,zone2-living-rm-gw-temp,2261
1786368420,zone2-living-rm-gw-temp,2261
1786368480,zone2-living-rm-gw-temp,2260
1786368540,zone2-living-rm-gw-temp,2258
1786368600,zone2-living-rm-gw-temp,2259
1786368601,zone5-living-rm-fancoil-heat-call,1
1786368660,zone2-living-rm-gw-temp,2256
1786368720,zone2-living-rm-gw-temp,2256
1786368780,zone2-living-rm-gw-temp,2255
1786368840,zone2-living-rm-gw-temp,2255
1786368900,zone2-living-rm-gw-temp,2255
1786368901,zone5-living-rm-fancoil-heat-call,1
1786368960,zone2-living-rm-gw-temp,2252
1786368978,zone5-living-rm-fancoil-heat-call,0
1786369020,zone2-living-rm-gw-temp,2254
1786369080,zone2-living-rm-gw-temp,2255
1786369140,zone2-living-rm-gw-temp,2258
1786369200,zone2-living-rm-gw-temp,2255
1786369201,zone5-living-rm-fancoil-heat-call,0
1786369260,zone2-living-rm-gw-temp,2257
1786369320,zone2-living-rm-gw-temp,2256
1786369380,zone2-living-rm-gw-temp,2257
1786369440,zone2-living-rm-gw-temp,2259
1786369500,zone2-living-rm-gw-temp,2257
1786369501,zone5-living-rm-fancoil-heat-call,0
1786369560,zone2-living-rm-gw-temp,2256
1786369617,zone5-living-rm-fancoil-heat-call,1
1786369620,zone2-living-rm-gw-temp,2262
1786369680,zone2-living-rm-gw-temp,2263
1786369740,zone2-living-rm-gw-temp,2259
1786369800,zone2-living-rm-gw-temp,2260
1786369801,zone5-living-rm-fancoil-heat-call,1
1786369860,zone2-living-rm-gw-temp,2262
1786369920,zone2-living-rm-gw-temp,2261
1786369980,zone2-living-rm-gw-temp,2263
1786370040,zone2-living-rm-gw-temp,2259
1786370100,zone2-living-rm-gw-temp,2258
1786370101,zone5-living-rm-fancoil-heat-call,1
1786370160,zone2-living-rm-gw-temp,2258
1786370220,zone2-living-rm-gw-temp,2257
1786370280,zone2-living-rm-gw-temp,2255
1786370340,zone2-living-rm-gw-temp,2256
1786370400,zone2-living-rm-gw-temp,2255
1786370401,zone5-living-rm-fancoil-heat-call,1
1786370460,zone2-living-rm-gw-temp,2255
1786370520,zone2-living-rm-gw-temp,2254
1786370580,zone2-living-rm-gw-temp,2254
1786370640,zone2-living-rm-gw-temp,2252
1786370652,zone5-living-rm-fancoil-heat-call,0
1786370655,zone5-living-rm-fancoil-heat-call,1
1786370657,zone5-living-rm-fancoil-heat-call,0
1786370700,zone2-living-rm-gw-temp,2252
1786370701,zone5-living-rm-fancoil-heat-call,0
1786370760,zone2-living-rm-gw-temp,2254
1786370820,zone2-living-rm-gw-temp,2252
1786370880,zone2-living-rm-gw-temp,2252
1786370940,zone2-living-rm-gw-temp,2252
1786371000,zone2-living-rm-gw-temp,2250
1786371001,zone5-living-rm-fancoil-heat-call,0
1786371060,zone2-living-rm-gw-temp,2252
1786371120,zone2-living-rm-gw-temp,2253
1786371180,zone2-living-rm-gw-temp,2251
1786371240,zone2-living-rm-gw-temp,2253
1786371300,zone2-living-rm-gw-temp,2252
1786371301,zone5-living-rm-fancoil-heat-call,0
1786371360,zone2-living-rm-gw-temp,2250
1786371364,zone5-living-rm-fancoil-heat-call,1
1786371420,zone2-living-rm-gw-temp,2253
1786371480,zone2-living-rm-gw-temp,2252
1786371540,zone2-living-rm-gw-temp,2251
1786371600,zone2-living-rm-gw-temp,2252
1786371601,zone5-living-rm-fancoil-heat-call,1
1786371660,zone2-living-rm-gw-temp,2251
1786371720,zone2-living-rm-gw-temp,2250
1786371780,zone2-living-rm-gw-temp,2250
1786371840,zone2-living-rm-gw-temp,2248
1786371900,zone2-living-rm-gw-temp,2248
1786371901,zone5-living-rm-fancoil-heat-call,1
1786371960,zone2-living-rm-gw-temp,2249
1786372020,zone2-living-rm-gw-temp,2248
1786372080,zone2-living-rm-gw-temp,2248
1786372140,zone2-living-rm-gw-temp,2244
1786372200,zone2-living-rm-gw-temp,2246
1786372201,zone5-living-rm-fancoil-heat-call,1
1786372260,zone2-living-rm-gw-temp,2246
1786372320,zone2-living-rm-gw-temp,2246
1786372362,zone5-living-rm-fancoil-heat-call,0
1786372366,zone5-living-rm-fancoil-heat-call,1
1786372367,zone5-living-rm-fancoil-heat-call,0
1786372380,zone2-living-rm-gw-temp,2245
1786372440,zone2-living-rm-gw-temp,2245
1786372500,zone2-living-rm-gw-temp,2243
1786372501,zone5-living-rm-fancoil-heat-call,0
1786372560,zone2-living-rm-gw-temp,2245
1786372620,zone2-living-rm-gw-temp,2243
1786372680,zone2-living-rm-gw-temp,2245
1786372740,zone2-living-rm-gw-temp,2245
1786372800,zone2-living-rm-gw-temp,2247
1786372801,zone5-living-rm-fancoil-heat-call,0
1786372860,zone2-living-rm-gw-temp,2248
1786372920,zone2-living-rm-gw-temp,2247
1786372980,zone2-living-rm-gw-temp,2246
1786373040,zone2-living-rm-gw-temp,2247
1786373041,zone5-living-rm-fancoil-heat-call,1
1786373100,zone2-living-rm-gw-temp,2246
1786373101,zone5-living-rm-fancoil-heat-call,1
1786373160,zone2-living-rm-gw-temp,2247
1786373220,zone2-living-rm-gw-temp,2247
1786373280,zone2-living-rm-gw-temp,2248
1786373340,zone2-living-rm-gw-temp,2246
1786373400,zone2-living-rm-gw-temp,2247
1786373401,zone5-living-rm-fancoil-heat-call,1
1786373460,zone2-living-rm-gw-temp,2246
1786373520,zone2-living-rm-gw-temp,2243
1786373580,zone2-living-rm-gw-temp,2246
1786373640,zone2-living-rm-gw-temp,2243
1786373700,zone2-living-rm-gw-temp,2243
1786373701,zone5-living-rm-fancoil-heat-call,1
1786373760,zone2-living-rm-gw-temp,2244
1786373820,zone2-living-rm-gw-temp,2244
1786373880,zone2-living-rm-gw-temp,2243
1786373940,zone2-living-rm-gw-temp,2242
1786374000,zone2-living-rm-gw-temp,2242
1786374001,zone5-living-rm-fancoil-heat-call,1
1786374060,zone2-living-rm-gw-temp,2241
1786374120,zone2-living-rm-gw-temp,2241
1786374125,zone5-living-rm-fancoil-heat-call,0
1786374180,zone2-living-rm-gw-temp,2243
1786374240,zone2-living-rm-gw-temp,2242
1786374300,zone2-living-rm-gw-temp,2243
1786374301,zone5-living-rm-fancoil-heat-call,0
1786374360,zone2-living-rm-gw-temp,2241
1786374420,zone2-living-rm-gw-temp,2242
1786374480,zone2-living-rm-gw-temp,2243
1786374540,zone2-living-rm-gw-temp,2242
1786374600,zone2-living-rm-gw-temp,2243
1786374601,zone5-living-rm-fancoil-heat-call,0
1786374660,zone2-living-rm-gw-temp,2243
1786374720,zone2-living-rm-gw-temp,2243
1786374780,zone2-living-rm-gw-temp,2242
1786374822,zone5-living-rm-fancoil-heat-call,1
1786374840,zone2-living-rm-gw-temp,2244
1786374900,zone2-living-rm-gw-temp,2243
1786374901,zone5-living-rm-fancoil-heat-call,1
1786374960,zone2-living-rm-gw-temp,2245
1786375020,zone2-living-rm-gw-temp,2246
1786375080,zone2-living-rm-gw-temp,2245
1786375140,zone2-living-rm-gw-temp,2245
1786375200,zone2-living-rm-gw-temp,2243
1786375201,zone5-living-rm-fancoil-heat-call,1
1786375260,zone2-living-rm-gw-temp,2246
1786375320,zone2-living-rm-gw-temp,2243
1786375380,zone2-living-rm-gw-temp,2246
1786375440,zone2-living-rm-gw-temp,2244
1786375500,zone2-living-rm-gw-temp,2244
1786375501,zone5-living-rm-fancoil-heat-call,1
1786375560,zone2-living-rm-gw-temp,2247
1786375620,zone2-living-rm-gw-temp,2245
1786375680,zone2-living-rm-gw-temp,2244
1786375740,zone2-living-rm-gw-temp,2246
1786375800,zone2-living-rm-gw-temp,2246
1786375801,zone5-living-rm-fancoil-heat-call,1
1786375860,zone2-living-rm-gw-temp,2244
1786375920,zone2-living-rm-gw-temp,2243
1786375960,zone5-living-rm-fancoil-heat-call,0
1786375980,zone2-living-rm-gw-temp,2246
1786376040,zone2-living-rm-gw-temp,2246
1786376100,zone2-living-rm-gw-temp,2246
1786376101,zone5-living-rm-fancoil-heat-call,0
1786376160,zone2-living-rm-gw-temp,2242
1786376220,zone2-living-rm-gw-temp,2246
1786376280,zone2-living-rm-gw-temp,2248
1786376340,zone2-living-rm-gw-temp,2247
1786376400,zone2-living-rm-gw-temp,2248
1786376401,zone5-living-rm-fancoil-heat-call,0
1786376460,zone2-living-rm-gw-temp,2245
1786376520,zone2-living-rm-gw-temp,2246
1786376580,zone2-living-rm-gw-temp,2249
1786376614,zone5-living-rm-fancoil-heat-call,1
1786376640,zone2-living-rm-gw-temp,2250
1786376700,zone2-living-rm-gw-temp,2250
1786376701,zone5-living-rm-fancoil-heat-call,1
1786376760,zone2-living-rm-gw-temp,2249
1786376820,zone2-living-rm-gw-temp,2248
1786376880,zone2-living-rm-gw-temp,2249
1786376940,zone2-living-rm-gw-temp,2248
1786377000,zone2-living-rm-gw-temp,2249
1786377001,zone5-living-rm-fancoil-heat-call,1
1786377060,zone2-living-rm-gw-temp,2248
1786377120,zone2-living-rm-gw-temp,2249
1786377180,zone2-living-rm-gw-temp,2250
1786377240,zone2-living-rm-gw-temp,2249
1786377300,zone2-living-rm-gw-temp,2250
1786377301,zone5-living-rm-fancoil-heat-call,1
1786377360,zone2-living-rm-gw-temp,2249
1786377420,zone2-living-rm-gw-temp,2252
1786377480,zone2-living-rm-gw-temp,2249
1786377540,zone2-living-rm-gw-temp,2249
1786377600,zone2-living-rm-gw-temp,2250
1786377601,zone5-living-rm-fancoil-heat-call,1
1786377660,zone2-living-rm-gw-temp,2248
1786377720,zone2-living-rm-gw-temp,2247
1786377780,zone2-living-rm-gw-temp,2246
1786377840,zone2-living-rm-gw-temp,2247
1786377900,zone2-living-rm-gw-temp,2248
1786377901,zone5-living-rm-fancoil-heat-call,1
1786377910,zone5-living-rm-fancoil-heat-call,0
1786377960,zone2-living-rm-gw-temp,2247
1786378020,zone2-living-rm-gw-temp,2246
1786378080,zone2-living-rm-gw-temp,2247
1786378140,zone2-living-rm-gw-temp,2245
1786378200,zone2-living-rm-gw-temp,2248
1786378201,zone5-living-rm-fancoil-heat-call,0
1786378260,zone2-living-rm-gw-temp,2247
1786378320,zone2-living-rm-gw-temp,2249
1786378380,zone2-living-rm-gw-temp,2248
1786378440,zone2-living-rm-gw-temp,2251
1786378500,zone2-living-rm-gw-temp,2251
1786378501,zone5-living-rm-fancoil-heat-call,0
1786378560,zone2-living-rm-gw-temp,2251
1786378617,zone5-living-rm-fancoil-heat-call,1
1786378620,zone2-living-rm-gw-temp,2252
1786378680,zone2-living-rm-gw-temp,2251
1786378740,zone2-living-rm-gw-temp,2253
1786378800,zone2-living-rm-gw-temp,2250
1786378801,zone5-living-rm-fancoil-heat-call,1
1786378860,zone2-living-rm-gw-temp,2251
1786378920,zone2-living-rm-gw-temp,2249
1786378980,zone2-living-rm-gw-temp,2249
1786379040,zone2-living-rm-gw-temp,2248
1786379100,zone2-living-rm-gw-temp,2247
1786379101,zone5-living-rm-fancoil-heat-call,1
1786379160,zone2-living-rm-gw-temp,2244
1786379220,zone2-living-rm-gw-temp,2243
1786379280,zone2-living-rm-gw-temp,2245
1786379340,zone2-living-rm-gw-temp,2241
1786379400,zone2-living-rm-gw-temp,2244
1786379401,zone5-living-rm-fancoil-heat-call,1
1786379460,zone2-living-rm-gw-temp,2240
1786379520,zone2-living-rm-gw-temp,2243
1786379569,zone5-living-rm-fancoil-heat-call,0
1786379580,zone2-living-rm-gw-temp,2243
1786379640,zone2-living-rm-gw-temp,2242
1786379700,zone2-living-rm-gw-temp,2242
1786379701,zone5-living-rm-fancoil-heat-call,0
1786379760,zone2-living-rm-gw-temp,2240
1786379820,zone2-living-rm-gw-temp,2239
1786379880,zone2-living-rm-gw-temp,2239
1786379940,zone2-living-rm-gw-temp,2240
1786380000,zone2-living-rm-gw-temp,2239
1786380001,zone5-living-rm-fancoil-heat-call,0
1786380060,zone2-living-rm-gw-temp,2243
1786380120,zone2-living-rm-gw-temp,2242
1786380180,zone2-living-rm-gw-temp,2242
1786380240,zone2-living-rm-gw-temp,2242
1786380279,zone5-living-rm-fancoil-heat-call,1
1786380664,zone2-living-rm-gw-temp,2245
1786380720,zone2-living-rm-gw-temp,2243
1786380780,zone2-living-rm-gw-temp,2243
1786380840,zone2-living-rm-gw-temp,2241
1786380900,zone2-living-rm-gw-temp,2242
1786380901,zone5-living-rm-fancoil-heat-call,1
1786380960,zone2-living-rm-gw-temp,2240
1786381003,zone5-living-rm-fancoil-heat-call,0
1786381006,zone5-living-rm-fancoil-heat-call,1
1786381009,zone5-living-rm-fancoil-heat-call,0
1786381020,zone2-living-rm-gw-temp,2240
1786381080,zone2-living-rm-gw-temp,2239
1786381140,zone2-living-rm-gw-temp,2237
1786381200,zone2-living-rm-gw-temp,2240
1786381201,zone5-living-rm-fancoil-heat-call,0
1786381260,zone2-living-rm-gw-temp,2238
1786381320,zone2-living-rm-gw-temp,2238
1786381380,zone2-living-rm-gw-temp,2239
1786381440,zone2-living-rm-gw-temp,2238
1786381706,zone2-living-rm-gw-temp,2238
1786381706,zone5-living-rm-fancoil-heat-call,0
1786381739,zone5-living-rm-fancoil-heat-call,1
1786381740,zone2-living-rm-gw-temp,2239
1786381800,zone2-living-rm-gw-temp,2239
1786381801,zone5-living-rm-fancoil-heat-call,1
1786381860,zone2-living-rm-gw-temp,2240
1786381920,zone2-living-rm-gw-temp,2240
1786381980,zone2-living-rm-gw-temp,2240
1786382040,zone2-living-rm-gw-temp,2240
1786382100,zone2-living-rm-gw-temp,2239
1786382101,zone5-living-rm-fancoil-heat-call,1
1786382160,zone2-living-rm-gw-temp,2240
1786382220,zone2-living-rm-gw-temp,2237
1786382280,zone2-living-rm-gw-temp,2238
1786382340,zone2-living-rm-gw-temp,2236
1786382400,zone2-living-rm-gw-temp,2233
1786382401,zone5-living-rm-fancoil-heat-call,1
1786382436,zone5-living-rm-fancoil-heat-call,0
1786382460,zone2-living-rm-gw-temp,2238
1786382520,zone2-living-rm-gw-temp,2234
1786382580,zone2-living-rm-gw-temp,2236
1786382640,zone2-living-rm-gw-temp,2233
1786382700,zone2-living-rm-gw-temp,2234
1786382701,zone5-living-rm-fancoil-heat-call,0
1786382760,zone2-living-rm-gw-temp,2235
1786382820,zone2-living-rm-gw-temp,2233
1786382880,zone2-living-rm-gw-temp,2234
1786382940,zone2-living-rm-gw-temp,2235
1786383271,zone2-living-rm-gw-temp,2236
1786383271,zone5-living-rm-fancoil-heat-call,0
1786383300,zone2-living-rm-gw-temp,2235
1786383300,zone5-living-rm-fancoil-heat-call,0
1786383360,zone2-living-rm-gw-temp,2234
1786383390,zone5-living-rm-fancoil-heat-call,1
1786383420,zone2-living-rm-gw-temp,2234
1786383480,zone2-living-rm-gw-temp,2234
1786383540,zone2-living-rm-gw-temp,2235
1786383600,zone2-living-rm-gw-temp,2235
1786383601,zone5-living-rm-fancoil-heat-call,1
1786383660,zone2-living-rm-gw-temp,2235
1786383720,zone2-living-rm-gw-temp,2233
1786383780,zone2-living-rm-gw-temp,2234
1786383840,zone2-living-rm-gw-temp,2233
1786383950,zone2-living-rm-gw-temp,2231
1786383960,zone2-living-rm-gw-temp,2229
1786384020,zone2-living-rm-gw-temp,2228
1786384080,zone2-living-rm-gw-temp,2228
1786384140,zone2-living-rm-gw-temp,2230
1786384168,zone5-living-rm-fancoil-heat-call,0
1786384200,zone2-living-rm-gw-temp,2229
1786384201,zone5-living-rm-fancoil-heat-call,0
1786384260,zone2-living-rm-gw-temp,2227
1786384320,zone2-living-rm-gw-temp,2228
1786384380,zone2-living-rm-gw-temp,2228
1786384440,zone2-living-rm-gw-temp,2230
1786384500,zone2-living-rm-gw-temp,2229
1786384501,zone5-living-rm-fancoil-heat-call,0
1786384560,zone2-living-rm-gw-temp,2228
1786384620,zone2-living-rm-gw-temp,2228
1786384680,zone2-living-rm-gw-temp,2228
1786384740,zone2-living-rm-gw-temp,2228
1786384800,zone2-living-rm-gw-temp,2230
1786384801,zone5-living-rm-fancoil-heat-call,0
1786384860,zone2-living-rm-gw-temp,2229
1786384920,zone2-living-rm-gw-temp,2229
1786384962,zone5-living-rm-fancoil-heat-call,1
1786384980,zone2-living-rm-gw-temp,2230
1786385040,zone2-living-rm-gw-temp,2233
1786385100,zone2-living-rm-gw-temp,2230
1786385101,zone5-living-rm-fancoil-heat-call,1
1786385160,zone2-living-rm-gw-temp,2232
1786385220,zone2-living-rm-gw-temp,2230
1786385280,zone2-living-rm-gw-temp,2230
1786385340,zone2-living-rm-gw-temp,2230
1786385400,zone2-living-rm-gw-temp,2230
1786385401,zone5-living-rm-fancoil-heat-call,1
1786385460,zone2-living-rm-gw-temp,2227
1786385520,zone2-living-rm-gw-temp,2227
1786385580,zone2-living-rm-gw-temp,2227
1786385640,zone2-living-rm-gw-temp,2225
1786385700,zone2-living-rm-gw-temp,2225
1786385701,zone5-living-rm-fancoil-heat-call,1
1786385760,zone2-living-rm-gw-temp,2227
1786385819,zone5-living-rm-fancoil-heat-call,0
1786385820,zone2-living-rm-gw-temp,2226
1786385880,zone2-living-rm-gw-temp,2228
1786385940,zone2-living-rm-gw-temp,2227
1786386000,zone2-living-rm-gw-temp,2227
1786386001,zone5-living-rm-fancoil-heat-call,0
1786386060,zone2-living-rm-gw-temp,2227
1786386120,zone2-living-rm-gw-temp,2228
1786386180,zone2-living-rm-gw-temp,2227
1786386240,zone2-living-rm-gw-temp,2226
1786386300,zone2-living-rm-gw-temp,2228
1786386301,zone5-living-rm-fancoil-heat-call,0
1786386360,zone2-living-rm-gw-temp,2228
1786386420,zone2-living-rm-gw-temp,2227
1786386480,zone2-living-rm-gw-temp,2227
1786386540,zone2-living-rm-gw-temp,2227
1786386600,zone2-living-rm-gw-temp,2227
1786386601,zone5-living-rm-fancoil-heat-call,0
1786386639,zone5-living-rm-fancoil-heat-call,1
1786386660,zone2-living-rm-gw-temp,2227
1786386720,zone2-living-rm-gw-temp,2227
1786386780,zone2-living-rm-gw-temp,2228
1786386840,zone2-living-rm-gw-temp,2232
1786386900,zone2-living-rm-gw-temp,2231
1786386901,zone5-living-rm-fancoil-heat-call,1
1786386960,zone2-living-rm-gw-temp,2232
1786387020,zone2-living-rm-gw-temp,2231
1786387080,zone2-living-rm-gw-temp,2234
1786387140,zone2-living-rm-gw-temp,2235
1786387200,zone2-living-rm-gw-temp,2233
1786387201,zone5-living-rm-fancoil-heat-call,1
1786387260,zone2-living-rm-gw-temp,2234
1786387320,zone2-living-rm-gw-temp,2234
1786387380,zone2-living-rm-gw-temp,2232
1786387440,zone2-living-rm-gw-temp,2233
1786387500,zone2-living-rm-gw-temp,2231
1786387501,zone5-living-rm-fancoil-heat-call,1
1786387512,zone5-living-rm-fancoil-heat-call,0
1786387560,zone2-living-rm-gw-temp,2231
1786387620,zone2-living-rm-gw-temp,2232
1786387680,zone2-living-rm-gw-temp,2236
1786387740,zone2-living-rm-gw-temp,2236
1786387800,zone2-living-rm-gw-temp,2236
1786387801,zone5-living-rm-fancoil-heat-call,0
1786387860,zone2-living-rm-gw-temp,2235
1786387920,zone2-living-rm-gw-temp,2233
1786387980,zone2-living-rm-gw-temp,2233
1786388040,zone2-living-rm-gw-temp,2234
1786388100,zone2-living-rm-gw-temp,2237
1786388101,zone5-living-rm-fancoil-heat-call,0
1786388160,zone2-living-rm-gw-temp,2235
1786388220,zone2-living-rm-gw-temp,2236
1786388234,zone5-living-rm-fancoil-heat-call,1
1786388280,zone2-living-rm-gw-temp,2237
1786388340,zone2-living-rm-gw-temp,2236
1786388400,zone2-living-rm-gw-temp,2236
1786388401,zone5-living-rm-fancoil-heat-call,1
1786388460,zone2-living-rm-gw-temp,2240
1786388520,zone2-living-rm-gw-temp,2237
1786388580,zone2-living-rm-gw-temp,2237
1786388640,zone2-living-rm-gw-temp,2238
1786388700,zone2-living-rm-gw-temp,2236
1786388701,zone5-living-rm-fancoil-heat-call,1
1786388760,zone2-living-rm-gw-temp,2236
1786388820,zone2-living-rm-gw-temp,2236
1786388880,zone2-living-rm-gw-temp,2236
1786388940,zone2-living-rm-gw-temp,2236
1786389000,zone2-living-rm-gw-temp,2239
1786389001,zone5-living-rm-fancoil-heat-call,1
1786389060,zone2-living-rm-gw-temp,2237
1786389120,zone2-living-rm-gw-temp,2238
1786389180,zone2-living-rm-gw-temp,2238
1786389240,zone2-living-rm-gw-temp,2238
1786389300,zone2-living-rm-gw-temp,2239
1786389301,zone5-living-rm-fancoil-heat-call,1
1786389360,zone2-living-rm-gw-temp,2237
1786389420,zone2-living-rm-gw-temp,2239
1786389469,zone5-living-rm-fancoil-heat-call,0
1786389474,zone5-living-rm-fancoil-heat-call,1
1786389475,zone5-living-rm-fancoil-heat-call,0
1786389480,zone2-living-rm-gw-temp,2238
1786389540,zone2-living-rm-gw-temp,2238
1786389600,zone2-living-rm-gw-temp,2238
1786389601,zone5-living-rm-fancoil-heat-call,0
1786389660,zone2-living-rm-gw-temp,2239
1786389720,zone2-living-rm-gw-temp,2240
1786389780,zone2-living-rm-gw-temp,2239
1786389840,zone2-living-rm-gw-temp,2240
1786389900,zone2-living-rm-gw-temp,2241
1786389901,zone5-living-rm-fancoil-heat-call,0
1786389960,zone2-living-rm-gw-temp,2242
1786390020,zone2-living-rm-gw-temp,2241
1786390035,zone5-living-rm-fancoil-heat-call,1
1786390080,zone2-living-rm-gw-temp,2242
1786390140,zone2-living-rm-gw-temp,2242
1786390200,zone2-living-rm-gw-temp,2243
1786390201,zone5-living-rm-fancoil-heat-call,1
1786390260,zone2-living-rm-gw-temp,2243
1786390320,zone2-living-rm-gw-temp,2243
1786390380,zone2-living-rm-gw-temp,2243
1786390440,zone2-living-rm-gw-temp,2242
1786390500,zone2-living-rm-gw-temp,2245
1786390501,zone5-living-rm-fancoil-heat-call,1
1786390560,zone2-living-rm-gw-temp,2242
1786390620,zone2-living-rm-gw-temp,2243
1786390680,zone2-living-rm-gw-temp,2242
1786390740,zone2-living-rm-gw-temp,2243
1786390800,zone2-living-rm-gw-temp,2243
1786390801,zone5-living-rm-fancoil-heat-call,1
1786390860,zone2-living-rm-gw-temp,2242
1786390920,zone2-living-rm-gw-temp,2242
1786390980,zone2-living-rm-gw-temp,2241
1786391040,zone2-living-rm-gw-temp,2241
1786391100,zone2-living-rm-gw-temp,2243
1786391101,zone5-living-rm-fancoil-heat-call,1
1786391160,zone2-living-rm-gw-temp,2242
1786391220,zone2-living-rm-gw-temp,2240
1786391280,zone2-living-rm-gw-temp,2243
1786391340,zone2-living-rm-gw-temp,2242
1786391400,zone2-living-rm-gw-temp,2243
1786391401,zone5-living-rm-fancoil-heat-call,1
1786391460,zone2-living-rm-gw-temp,2243
1786391520,zone2-living-rm-gw-temp,2245
1786391580,zone2-living-rm-gw-temp,2244
1786391640,zone2-living-rm-gw-temp,2243
1786391700,zone2-living-rm-gw-temp,2244
1786391701,zone5-living-rm-fancoil-heat-call,1
1786391760,zone2-living-rm-gw-temp,2247
1786391820,zone2-living-rm-gw-temp,2245
1786391880,zone2-living-rm-gw-temp,2245
1786391915,zone5-living-rm-fancoil-heat-call,0
1786391940,zone2-living-rm-gw-temp,2243
1786392000,zone2-living-rm-gw-temp,2245
1786392001,zone5-living-rm-fancoil-heat-call,0
1786392060,zone2-living-rm-gw-temp,2245
1786392120,zone2-living-rm-gw-temp,2245
1786392180,zone2-living-rm-gw-temp,2245
1786392240,zone2-living-rm-gw-temp,2246
1786392300,zone2-living-rm-gw-temp,2246
1786392301,zone5-living-rm-fancoil-heat-call,0
1786392360,zone2-living-rm-gw-temp,2246
1786392420,zone2-living-rm-gw-temp,2247
1786392474,zone5-living-rm-fancoil-heat-call,1
1786392480,zone2-living-rm-gw-temp,2248
1786392540,zone2-living-rm-gw-temp,2249
1786392600,zone2-living-rm-gw-temp,2249
1786392601,zone5-living-rm-fancoil-heat-call,1
1786392660,zone2-living-rm-gw-temp,2249
1786392720,zone2-living-rm-gw-temp,2248
1786392780,zone2-living-rm-gw-temp,2247
1786392840,zone2-living-rm-gw-temp,2246
1786392900,zone2-living-rm-gw-temp,2246
1786392901,zone5-living-rm-fancoil-heat-call,1
1786392960,zone2-living-rm-gw-temp,2246
1786393020,zone2-living-rm-gw-temp,2245
1786393080,zone2-living-rm-gw-temp,2245
1786393140,zone2-living-rm-gw-temp,2246
1786393200,zone2-living-rm-gw-temp,2247
1786393201,zone5-living-rm-fancoil-heat-call,1
1786393260,zone2-living-rm-gw-temp,2247
1786393320,zone2-living-rm-gw-temp,2245
1786393380,zone2-living-rm-gw-temp,2245
1786393440,zone2-living-rm-gw-temp,2245
1786393500,zone2-living-rm-gw-temp,2245
1786393501,zone5-living-rm-fancoil-heat-call,1
1786393560,zone2-living-rm-gw-temp,2245
1786393620,zone2-living-rm-gw-temp,2244
1786393680,zone2-living-rm-gw-temp,2243
1786393740,zone2-living-rm-gw-temp,2244
1786393800,zone2-living-rm-gw-temp,2242
1786393801,zone5-living-rm-fancoil-heat-call,1
1786393860,zone2-living-rm-gw-temp,2244
1786393920,zone2-living-rm-gw-temp,2241
1786393980,zone2-living-rm-gw-temp,2240
1786394040,zone2-living-rm-gw-temp,2242
1786394100,zone2-living-rm-gw-temp,2240
1786394101,zone5-living-rm-fancoil-heat-call,1
1786394160,zone2-living-rm-gw-temp,2242
1786394220,zone2-living-rm-gw-temp,2240
1786394280,zone2-living-rm-gw-temp,2240
1786394340,zone2-living-rm-gw-temp,2240
1786394400,zone2-living-rm-gw-temp,2242
1786394401,zone5-living-rm-fancoil-heat-call,1
1786394460,zone2-living-rm-gw-temp,2242
1786394520,zone2-living-rm-gw-temp,2241
1786394580,zone2-living-rm-gw-temp,2242
1786394640,zone2-living-rm-gw-temp,2242
1786394700,zone2-living-rm-gw-temp,2239
1786394701,zone5-living-rm-fancoil-heat-call,1
1786394760,zone2-living-rm-gw-temp,2239
1786394820,zone2-living-rm-gw-temp,2237
1786394880,zone2-living-rm-gw-temp,2237
1786394940,zone2-living-rm-gw-temp,2237
1786395000,zone2-living-rm-gw-temp,2239
1786395001,zone5-living-rm-fancoil-heat-call,1
1786395060,zone2-living-rm-gw-temp,2238
1786395120,zone2-living-rm-gw-temp,2237
1786395180,zone2-living-rm-gw-temp,2237
1786395240,zone2-living-rm-gw-temp,2237
1786395300,zone2-living-rm-gw-temp,2239
1786395301,zone5-living-rm-fancoil-heat-call,1
1786395360,zone2-living-rm-gw-temp,2238
1786395420,zone2-living-rm-gw-temp,2237
1786395480,zone2-living-rm-gw-temp,2236
1786395540,zone2-living-rm-gw-temp,2236
1786395600,zone2-living-rm-gw-temp,2236
1786395601,zone5-living-rm-fancoil-heat-call,1
1786395660,zone2-living-rm-gw-temp,2236
1786395720,zone2-living-rm-gw-temp,2235
1786395780,zone2-living-rm-gw-temp,2234
1786395840,zone2-living-rm-gw-temp,2236
1786395900,zone2-living-rm-gw-temp,2237
1786395901,zone5-living-rm-fancoil-heat-call,1
1786395960,zone2-living-rm-gw-temp,2235
1786396020,zone2-living-rm-gw-temp,2237
1786396080,zone2-living-rm-gw-temp,2236
1786396140,zone2-living-rm-gw-temp,2237
1786396200,zone2-living-rm-gw-temp,2232
1786396201,zone5-living-rm-fancoil-heat-call,1
1786396260,zone2-living-rm-gw-temp,2233
1786396320,zone2-living-rm-gw-temp,2232
1786396380,zone2-living-rm-gw-temp,2231
1786396440,zone2-living-rm-gw-temp,2232
1786396466,zone5-living-rm-fancoil-heat-call,0
1786396500,zone2-living-rm-gw-temp,2232
1786396501,zone5-living-rm-fancoil-heat-call,0
1786396560,zone2-living-rm-gw-temp,2234
1786396620,zone2-living-rm-gw-temp,2235
1786396680,zone2-living-rm-gw-temp,2235
1786396740,zone2-living-rm-gw-temp,2235
1786396800,zone2-living-rm-gw-temp,2235
1786396801,zone5-living-rm-fancoil-heat-call,0
1786396860,zone2-living-rm-gw-temp,2236
1786396920,zone2-living-rm-gw-temp,2237
1786396980,zone2-living-rm-gw-temp,2237
1786397015,zone5-living-rm-fancoil-heat-call,1
1786397040,zone2-living-rm-gw-temp,2238
1786397100,zone2-living-rm-gw-temp,2237
1786397101,zone5-living-rm-fancoil-heat-call,1
1786397160,zone2-living-rm-gw-temp,2237
1786397220,zone2-living-rm-gw-temp,2236
1786397280,zone2-living-rm-gw-temp,2236
1786397340,zone2-living-rm-gw-temp,2236
1786397400,zone2-living-rm-gw-temp,2235
1786397401,zone5-living-rm-fancoil-heat-call,1
1786397460,zone2-living-rm-gw-temp,2237
1786397520,zone2-living-rm-gw-temp,2238
1786397580,zone2-living-rm-gw-temp,2238
1786397640,zone2-living-rm-gw-temp,2238
1786397700,zone2-living-rm-gw-temp,2239
1786397701,zone5-living-rm-fancoil-heat-call,1
1786397760,zone2-living-rm-gw-temp,2240
1786397820,zone2-living-rm-gw-temp,2242
1786397880,zone2-living-rm-gw-temp,2243
1786397940,zone2-living-rm-gw-temp,2244
1786398000,zone2-living-rm-gw-temp,2246
1786398001,zone5-living-rm-fancoil-heat-call,1
1786398060,zone2-living-rm-gw-temp,2246
1786398120,zone2-living-rm-gw-temp,2248
1786398180,zone2-living-rm-gw-temp,2253
1786398240,zone2-living-rm-gw-temp,2255
1786398300,zone2-living-rm-gw-temp,2253
1786398301,zone5-living-rm-fancoil-heat-call,1
1786398360,zone2-living-rm-gw-temp,2257
1786398420,zone2-living-rm-gw-temp,2258
1786398480,zone2-living-rm-gw-temp,2260
1786398540,zone2-living-rm-gw-temp,2261
1786398600,zone2-living-rm-gw-temp,2264
1786398601,zone5-living-rm-fancoil-heat-call,1
1786398660,zone2-living-rm-gw-temp,2265
1786398720,zone2-living-rm-gw-temp,2264
1786398780,zone2-living-rm-gw-temp,2264
1786398840,zone2-living-rm-gw-temp,2265
1786398900,zone2-living-rm-gw-temp,2265
1786398901,zone5-living-rm-fancoil-heat-call,1
1786398960,zone2-living-rm-gw-temp,2267
1786399020,zone2-living-rm-gw-temp,2268
1786399080,zone2-living-rm-gw-temp,2269
1786399140,zone2-living-rm-gw-temp,2273
1786399200,zone2-living-rm-gw-temp,2275
1786399201,zone5-living-rm-fancoil-heat-call,1
1786399260,zone2-living-rm-gw-temp,2280
1786399272,zone2-living-rm-gw-temp,2282
1786399320,zone2-living-rm-gw-temp,2286
1786399380,zone2-living-rm-gw-temp,2290
1786399440,zone2-living-rm-gw-temp,2293
1786399500,zone2-living-rm-gw-temp,2295
1786399501,zone5-living-rm-fancoil-heat-call,1
1786399560,zone2-living-rm-gw-temp,2297
1786399620,zone2-living-rm-gw-temp,2300
1786399680,zone2-living-rm-gw-temp,2300
1786399740,zone2-living-rm-gw-temp,2302
1786399800,zone2-living-rm-gw-temp,2301
1786399801,zone5-living-rm-fancoil-heat-call,1
1786399860,zone2-living-rm-gw-temp,2308
1786399920,zone2-living-rm-gw-temp,2309
1786399980,zone2-living-rm-gw-temp,2306
1786400040,zone2-living-rm-gw-temp,2305
1786400100,zone2-living-rm-gw-temp,2305
1786400101,zone5-living-rm-fancoil-heat-call,1
1786400160,zone2-living-rm-gw-temp,2304
1786400220,zone2-living-rm-gw-temp,2305
1786400280,zone2-living-rm-gw-temp,2305
1786400340,zone2-living-rm-gw-temp,2304
1786400400,zone2-living-rm-gw-temp,2305
1786400401,zone5-living-rm-fancoil-heat-call,1
1786400460,zone2-living-rm-gw-temp,2304
1786400520,zone2-living-rm-gw-temp,2304
1786400580,zone2-living-rm-gw-temp,2304
1786400640,zone2-living-rm-gw-temp,2301
1786400700,zone2-living-rm-gw-temp,2303
1786400701,zone5-living-rm-fancoil-heat-call,1
1786400760,zone2-living-rm-gw-temp,2303
1786400820,zone2-living-rm-gw-temp,2301
1786400880,zone2-living-rm-gw-temp,2303
1786400940,zone2-living-rm-gw-temp,2303
1786401000,zone2-living-rm-gw-temp,2304
1786401001,zone5-living-rm-fancoil-heat-call,1
1786401060,zone2-living-rm-gw-temp,2303
1786401120,zone2-living-rm-gw-temp,2301
1786401180,zone2-living-rm-gw-temp,2301
1786401240,zone2-living-rm-gw-temp,2299
1786401300,zone2-living-rm-gw-temp,2300
1786401301,zone5-living-rm-fancoil-heat-call,1
1786401360,zone2-living-rm-gw-temp,2302
1786401420,zone2-living-rm-gw-temp,2302
1786401480,zone2-living-rm-gw-temp,2301
1786401540,zone2-living-rm-gw-temp,2301
1786401600,zone2-living-rm-gw-temp,2301
1786401601,zone5-living-rm-fancoil-heat-call,1
1786401660,zone2-living-rm-gw-temp,2300
1786401720,zone2-living-rm-gw-temp,2300
1786401780,zone2-living-rm-gw-temp,2299
1786401840,zone2-living-rm-gw-temp,2300
1786401900,zone2-living-rm-gw-temp,2298
1786401901,zone5-living-rm-fancoil-heat-call,1
1786401960,zone2-living-rm-gw-temp,2300
1786402020,zone2-living-rm-gw-temp,2300
1786402080,zone2-living-rm-gw-temp,2301
1786402140,zone2-living-rm-gw-temp,2304
1786402200,zone2-living-rm-gw-temp,2304
1786402201,zone5-living-rm-fancoil-heat-call,1
1786402260,zone2-living-rm-gw-temp,2304
1786402320,zone2-living-rm-gw-temp,2307
1786402380,zone2-living-rm-gw-temp,2311
1786402440,zone2-living-rm-gw-temp,2312
1786402500,zone2-living-rm-gw-temp,2313
1786402501,zone5-living-rm-fancoil-heat-call,1
1786402560,zone2-living-rm-gw-temp,2315
1786402620,zone2-living-rm-gw-temp,2316
1786402680,zone2-living-rm-gw-temp,2316
1786402740,zone2-living-rm-gw-temp,2314
1786402800,zone2-living-rm-gw-temp,2315
1786402801,zone5-living-rm-fancoil-heat-call,1
1786402860,zone2-living-rm-gw-temp,2317
1786402920,zone2-living-rm-gw-temp,2315
1786402980,zone2-living-rm-gw-temp,2316
1786403040,zone2-living-rm-gw-temp,2315
1786403100,zone2-living-rm-gw-temp,2319
1786403101,zone5-living-rm-fancoil-heat-call,1
1786403160,zone2-living-rm-gw-temp,2321
1786403220,zone2-living-rm-gw-temp,2321
1786403280,zone2-living-rm-gw-temp,2325
1786403340,zone2-living-rm-gw-temp,2323
1786403400,zone2-living-rm-gw-temp,2326
1786403401,zone5-living-rm-fancoil-heat-call,1
1786403460,zone2-living-rm-gw-temp,2328
1786403520,zone2-living-rm-gw-temp,2330
1786403580,zone2-living-rm-gw-temp,2329
1786403600,zone2-living-rm-gw-temp,2333
1786403640,zone2-living-rm-gw-temp,2331
1786403700,zone2-living-rm-gw-temp,2330
1786403701,zone5-living-rm-fancoil-heat-call,1
1786403760,zone2-living-rm-gw-temp,2330
1786403820,zone2-living-rm-gw-temp,2331
1786403880,zone2-living-rm-gw-temp,2329
1786403940,zone2-living-rm-gw-temp,2330
1786404000,zone2-living-rm-gw-temp,2330
1786404001,zone5-living-rm-fancoil-heat-call,1
1786404060,zone2-living-rm-gw-temp,2330
1786404120,zone2-living-rm-gw-temp,2331
1786404180,zone2-living-rm-gw-temp,2332
1786404240,zone2-living-rm-gw-temp,2331
1786404300,zone2-living-rm-gw-temp,2332
1786404301,zone5-living-rm-fancoil-heat-call,1
1786404360,zone2-living-rm-gw-temp,2332
1786404420,zone2-living-rm-gw-temp,2331
1786404480,zone2-living-rm-gw-temp,2329
1786404540,zone2-living-rm-gw-temp,2329
1786404600,zone2-living-rm-gw-temp,2330
1786404601,zone5-living-rm-fancoil-heat-call,1
1786404660,zone2-living-rm-gw-temp,2328
1786404720,zone2-living-rm-gw-temp,2328
1786404780,zone2-living-rm-gw-temp,2329
1786404840,zone2-living-rm-gw-temp,2327
1786404900,zone2-living-rm-gw-temp,2327
1786404901,zone5-living-rm-fancoil-heat-call,1
1786404960,zone2-living-rm-gw-temp,2326
1786405020,zone2-living-rm-gw-temp,2326
1786405080,zone2-living-rm-gw-temp,2326
1786405140,zone2-living-rm-gw-temp,2325
1786405200,zone2-living-rm-gw-temp,2326
1786405201,zone5-living-rm-fancoil-heat-call,1
1786405260,zone2-living-rm-gw-temp,2326
1786405320,zone2-living-rm-gw-temp,2325
1786405380,zone2-living-rm-gw-temp,2326
1786405440,zone2-living-rm-gw-temp,2325
1786405500,zone2-living-rm-gw-temp,2324
1786405501,zone5-living-rm-fancoil-heat-call,1
1786405560,zone2-living-rm-gw-temp,2325
1786405620,zone2-living-rm-gw-temp,2325
1786405680,zone2-living-rm-gw-temp,2324
1786405740,zone2-living-rm-gw-temp,2325
1786405800,zone2-living-rm-gw-temp,2326
1786405801,zone5-living-rm-fancoil-heat-call,1
1786405860,zone2-living-rm-gw-temp,2328
1786405920,zone2-living-rm-gw-temp,2334
1786405980,zone2-living-rm-gw-temp,2337
1786406040,zone2-living-rm-gw-temp,2341
1786406100,zone2-living-rm-gw-temp,2338
1786406101,zone5-living-rm-fancoil-heat-call,1
1786406160,zone2-living-rm-gw-temp,2338
1786406220,zone2-living-rm-gw-temp,2334
1786406280,zone2-living-rm-gw-temp,2335
1786406340,zone2-living-rm-gw-temp,2331
1786406400,zone2-living-rm-gw-temp,2331
1786406401,zone5-living-rm-fancoil-heat-call,1
1786406460,zone2-living-rm-gw-temp,2331
1786406520,zone2-living-rm-gw-temp,2331
1786406580,zone2-living-rm-gw-temp,2332
1786406640,zone2-living-rm-gw-temp,2331
1786406700,zone2-living-rm-gw-temp,2332
1786406701,zone5-living-rm-fancoil-heat-call,1
1786406760,zone2-living-rm-gw-temp,2328
1786406820,zone2-living-rm-gw-temp,2330
1786406880,zone2-living-rm-gw-temp,2329
1786406940,zone2-living-rm-gw-temp,2327
1786407000,zone2-living-rm-gw-temp,2327
1786407001,zone5-living-rm-fancoil-heat-call,1
1786407060,zone2-living-rm-gw-temp,2325
1786407120,zone2-living-rm-gw-temp,2326
1786407180,zone2-living-rm-gw-temp,2324
1786407240,zone2-living-rm-gw-temp,2326
1786407300,zone2-living-rm-gw-temp,2323
1786407301,zone5-living-rm-fancoil-heat-call,1
1786407360,zone2-living-rm-gw-temp,2323
1786407420,zone2-living-rm-gw-temp,2325
1786407480,zone2-living-rm-gw-temp,2323
1786407540,zone2-living-rm-gw-temp,2325
1786407600,zone2-living-rm-gw-temp,2321
1786407601,zone5-living-rm-fancoil-heat-call,1
1786407660,zone2-living-rm-gw-temp,2322
1786407720,zone2-living-rm-gw-temp,2323
1786407780,zone2-living-rm-gw-temp,2321
1786407840,zone2-living-rm-gw-temp,2323
1786407900,zone2-living-rm-gw-temp,2320
1786407901,zone5-living-rm-fancoil-heat-call,1
1786407960,zone2-living-rm-gw-temp,2319
1786408020,zone2-living-rm-gw-temp,2319
1786408080,zone2-living-rm-gw-temp,2321
1786408140,zone2-living-rm-gw-temp,2321
1786408200,zone2-living-rm-gw-temp,2321
1786408201,zone5-living-rm-fancoil-heat-call,1
1786408260,zone2-living-rm-gw-temp,2321
1786408320,zone2-living-rm-gw-temp,2321
1786408380,zone2-living-rm-gw-temp,2319
1786408440,zone2-living-rm-gw-temp,2319
1786408500,zone2-living-rm-gw-temp,2318
1786408501,zone5-living-rm-fancoil-heat-call,1
1786408560,zone2-living-rm-gw-temp,2319
1786408620,zone2-living-rm-gw-temp,2319
1786408680,zone2-living-rm-gw-temp,2319
1786408740,zone2-living-rm-gw-temp,2318
1786408800,zone2-living-rm-gw-temp,2319
1786408801,zone5-living-rm-fancoil-heat-call,1
1786408860,zone2-living-rm-gw-temp,2319
1786408920,zone2-living-rm-gw-temp,2318
1786408980,zone2-living-rm-gw-temp,2319
1786409040,zone2-living-rm-gw-temp,2318
1786409100,zone2-living-rm-gw-temp,2316
1786409101,zone5-living-rm-fancoil-heat-call,1
1786409160,zone2-living-rm-gw-temp,2319
1786409220,zone2-living-rm-gw-temp,2316
1786409280,zone2-living-rm-gw-temp,2319
1786409340,zone2-living-rm-gw-temp,2317
1786409400,zone2-living-rm-gw-temp,2317
1786409401,zone5-living-rm-fancoil-heat-call,1
1786409460,zone2-living-rm-gw-temp,2317
1786409520,zone2-living-rm-gw-temp,2316
1786409580,zone2-living-rm-gw-temp,2317
1786409640,zone2-living-rm-gw-temp,2315
1786409700,zone2-living-rm-gw-temp,2316
1786409701,zone5-living-rm-fancoil-heat-call,1
1786409760,zone2-living-rm-gw-temp,2316
1786409820,zone2-living-rm-gw-temp,2314
1786409880,zone2-living-rm-gw-temp,2314
1786409940,zone2-living-rm-gw-temp,2315
1786410000,zone2-living-rm-gw-temp,2315
1786410001,zone5-living-rm-fancoil-heat-call,1
1786410060,zone2-living-rm-gw-temp,2313
1786410120,zone2-living-rm-gw-temp,2314
1786410180,zone2-living-rm-gw-temp,2314
1786410240,zone2-living-rm-gw-temp,2315
1786410300,zone2-living-rm-gw-temp,2313
1786410301,zone5-living-rm-fancoil-heat-call,1
1786410360,zone2-living-rm-gw-temp,2314
1786410420,zone2-living-rm-gw-temp,2313
1786410480,zone2-living-rm-gw-temp,2311
1786410540,zone2-living-rm-gw-temp,2312
1786410600,zone2-living-rm-gw-temp,2311
1786410601,zone5-living-rm-fancoil-heat-call,1
1786410660,zone2-living-rm-gw-temp,2313
1786410720,zone2-living-rm-gw-temp,2313
1786410780,zone2-living-rm-gw-temp,2312
1786410840,zone2-living-rm-gw-temp,2310
1786410900,zone2-living-rm-gw-temp,2310
1786410901,zone5-living-rm-fancoil-heat-call,1
1786410960,zone2-living-rm-gw-temp,2310
1786411020,zone2-living-rm-gw-temp,2312
1786411080,zone2-living-rm-gw-temp,2312
1786411140,zone2-living-rm-gw-temp,2312
1786411200,zone2-living-rm-gw-temp,2311
1786411201,zone5-living-rm-fancoil-heat-call,1
1786411260,zone2-living-rm-gw-temp,2311
1786411320,zone2-living-rm-gw-temp,2311
1786411380,zone2-living-rm-gw-temp,2310
1786411440,zone2-living-rm-gw-temp,2309
1786411500,zone2-living-rm-gw-temp,2310
1786411501,zone5-living-rm-fancoil-heat-call,1
1786411560,zone2-living-rm-gw-temp,2309
1786411620,zone2-living-rm-gw-temp,2307
1786411680,zone2-living-rm-gw-temp,2311
1786411740,zone2-living-rm-gw-temp,2309
1786411800,zone2-living-rm-gw-temp,2308
1786411801,zone5-living-rm-fancoil-heat-call,1
1786411860,zone2-living-rm-gw-temp,2307
1786411920,zone2-living-rm-gw-temp,2308
1786411980,zone2-living-rm-gw-temp,2307
1786412040,zone2-living-rm-gw-temp,2309
1786412100,zone2-living-rm-gw-temp,2308
1786412101,zone5-living-rm-fancoil-heat-call,1
1786412160,zone2-living-rm-gw-temp,2307
1786412220,zone2-living-rm-gw-temp,2309
1786412280,zone2-living-rm-gw-temp,2306
1786412340,zone2-living-rm-gw-temp,2307
1786412400,zone2-living-rm-gw-temp,2307
1786412401,zone5-living-rm-fancoil-heat-call,1
1786412460,zone2-living-rm-gw-temp,2307
1786412520,zone2-living-rm-gw-temp,2306
1786412580,zone2-living-rm-gw-temp,2306
1786412640,zone2-living-rm-gw-temp,2307
1786412700,zone2-living-rm-gw-temp,2306
1786412701,zone5-living-rm-fancoil-heat-call,1
1786412760,zone2-living-rm-gw-temp,2308
1786412820,zone2-living-rm-gw-temp,2306
1786412880,zone2-living-rm-gw-temp,2309
1786412940,zone2-living-rm-gw-temp,2308
1786413000,zone2-living-rm-gw-temp,2307
1786413001,zone5-living-rm-fancoil-heat-call,1
1786413060,zone2-living-rm-gw-temp,2305
1786413120,zone2-living-rm-gw-temp,2309
1786413180,zone2-living-rm-gw-temp,2304
1786413240,zone2-living-rm-gw-temp,2306
1786413300,zone2-living-rm-gw-temp,2306
1786413301,zone5-living-rm-fancoil-heat-call,1
1786413360,zone2-living-rm-gw-temp,2307
1786413420,zone2-living-rm-gw-temp,2304
1786413480,zone2-living-rm-gw-temp,2305
1786413540,zone2-living-rm-gw-temp,2307
1786413600,zone2-living-rm-gw-temp,2305
1786413601,zone5-living-rm-fancoil-heat-call,1
1786413660,zone2-living-rm-gw-temp,2306
1786413720,zone2-living-rm-gw-temp,2306
1786413780,zone2-living-rm-gw-temp,2307
1786413840,zone2-living-rm-gw-temp,2305
1786413900,zone2-living-rm-gw-temp,2304
1786413901,zone5-living-rm-fancoil-heat-call,1
1786413960,zone2-living-rm-gw-temp,2307
1786414020,zone2-living-rm-gw-temp,2304
1786414080,zone2-living-rm-gw-temp,2305
1786414140,zone2-living-rm-gw-temp,2307
1786414200,zone2-living-rm-gw-temp,2306
1786414201,zone5-living-rm-fancoil-heat-call,1
1786414260,zone2-living-rm-gw-temp,2306
1786414320,zone2-living-rm-gw-temp,2304
1786414380,zone2-living-rm-gw-temp,2304
1786414440,zone2-living-rm-gw-temp,2306
1786414500,zone2-living-rm-gw-temp,2306
1786414501,zone5-living-rm-fancoil-heat-call,1
1786414560,zone2-living-rm-gw-temp,2305
1786414620,zone2-living-rm-gw-temp,2304
1786414680,zone2-living-rm-gw-temp,2307
1786414740,zone2-living-rm-gw-temp,2305
1786414800,zone2-living-rm-gw-temp,2307
1786414801,zone5-living-rm-fancoil-heat-call,1
1786414860,zone2-living-rm-gw-temp,2307
1786414920,zone2-living-rm-gw-temp,2306
1786414980,zone2-living-rm-gw-temp,2306
1786415040,zone2-living-rm-gw-temp,2305
1786415100,zone2-living-rm-gw-temp,2306
1786415101,zone5-living-rm-fancoil-heat-call,1
1786415160,zone2-living-rm-gw-temp,2306
1786415220,zone2-living-rm-gw-temp,2307
1786415280,zone2-living-rm-gw-temp,2305
1786415340,zone2-living-rm-gw-temp,2305
1786415400,zone2-living-rm-gw-temp,2306
1786415401,zone5-living-rm-fancoil-heat-call,1
1786415460,zone2-living-rm-gw-temp,2306
1786415520,zone2-living-rm-gw-temp,2305
1786415580,zone2-living-rm-gw-temp,2306
1786415640,zone2-living-rm-gw-temp,2303
1786415700,zone2-living-rm-gw-temp,2307
1786415701,zone5-living-rm-fancoil-heat-call,1
1786415760,zone2-living-rm-gw-temp,2307
1786415820,zone2-living-rm-gw-temp,2305
1786415880,zone2-living-rm-gw-temp,2304
1786415940,zone2-living-rm-gw-temp,2307
1786416000,zone2-living-rm-gw-temp,2306
1786416001,zone5-living-rm-fancoil-heat-call,1
1786416060,zone2-living-rm-gw-temp,2305
1786416120,zone2-living-rm-gw-temp,2306
1786416180,zone2-living-rm-gw-temp,2307
1786416240,zone2-living-rm-gw-temp,2307
1786416300,zone2-living-rm-gw-temp,2307
1786416301,zone5-living-rm-fancoil-heat-call,1
1786416360,zone2-living-rm-gw-temp,2309
1786416420,zone2-living-rm-gw-temp,2309
1786416480,zone2-living-rm-gw-temp,2308
1786416540,zone2-living-rm-gw-temp,2308
1786416600,zone2-living-rm-gw-temp,2306
1786416601,zone5-living-rm-fancoil-heat-call,1
1786416660,zone2-living-rm-gw-temp,2307
1786416720,zone2-living-rm-gw-temp,2311
1786416780,zone2-living-rm-gw-temp,2305
1786416840,zone2-living-rm-gw-temp,2307
1786416900,zone2-living-rm-gw-temp,2311
1786416901,zone5-living-rm-fancoil-heat-call,1
1786416960,zone2-living-rm-gw-temp,2309
1786417020,zone2-living-rm-gw-temp,2313
1786417080,zone2-living-rm-gw-temp,2311
1786417140,zone2-living-rm-gw-temp,2309
1786417200,zone2-living-rm-gw-temp,2309
1786417201,zone5-living-rm-fancoil-heat-call,1
1786417260,zone2-living-rm-gw-temp,2309
1786417320,zone2-living-rm-gw-temp,2309
1786417380,zone2-living-rm-gw-temp,2308
1786417440,zone2-living-rm-gw-temp,2308
1786417500,zone2-living-rm-gw-temp,2309
1786417501,zone5-living-rm-fancoil-heat-call,1
1786417560,zone2-living-rm-gw-temp,2306
1786417620,zone2-living-rm-gw-temp,2309
1786417680,zone2-living-rm-gw-temp,2309
1786417740,zone2-living-rm-gw-temp,2309
1786417800,zone2-living-rm-gw-temp,2307
1786417801,zone5-living-rm-fancoil-heat-call,1
1786417860,zone2-living-rm-gw-temp,2309
1786417920,zone2-living-rm-gw-temp,2309
1786417980,zone2-living-rm-gw-temp,2306
1786418040,zone2-living-rm-gw-temp,2307
1786418100,zone2-living-rm-gw-temp,2308
1786418101,zone5-living-rm-fancoil-heat-call,1
1786418160,zone2-living-rm-gw-temp,2308
1786418220,zone2-living-rm-gw-temp,2307
1786418280,zone2-living-rm-gw-temp,2307
1786418340,zone2-living-rm-gw-temp,2306
1786418400,zone2-living-rm-gw-temp,2306
1786418401,zone5-living-rm-fancoil-heat-call,1
1786418460,zone2-living-rm-gw-temp,2306
1786418520,zone2-living-rm-gw-temp,2307
1786418580,zone2-living-rm-gw-temp,2307
1786418640,zone2-living-rm-gw-temp,2306
1786418700,zone2-living-rm-gw-temp,2305
1786418701,zone5-living-rm-fancoil-heat-call,1
1786418760,zone2-living-rm-gw-temp,2307
1786418820,zone2-living-rm-gw-temp,2307
1786418880,zone2-living-rm-gw-temp,2305
1786418940,zone2-living-rm-gw-temp,2305
1786419000,zone2-living-rm-gw-temp,2305
1786419001,zone5-living-rm-fancoil-heat-call,1
1786419060,zone2-living-rm-gw-temp,2305
1786419120,zone2-living-rm-gw-temp,2303
1786419180,zone2-living-rm-gw-temp,2304
1786419240,zone2-living-rm-gw-temp,2304
1786419300,zone2-living-rm-gw-temp,2303
1786419301,zone5-living-rm-fancoil-heat-call,1
1786419360,zone2-living-rm-gw-temp,2304
1786419420,zone2-living-rm-gw-temp,2304
1786419480,zone2-living-rm-gw-temp,2304
1786419540,zone2-living-rm-gw-temp,2303
1786419600,zone2-living-rm-gw-temp,2303
1786419601,zone5-living-rm-fancoil-heat-call,1
1786419660,zone2-living-rm-gw-temp,2304
1786419720,zone2-living-rm-gw-temp,2304
1786419780,zone2-living-rm-gw-temp,2301
1786419840,zone2-living-rm-gw-temp,2302
1786419900,zone2-living-rm-gw-temp,2302
1786419901,zone5-living-rm-fancoil-heat-call,1
1786419960,zone2-living-rm-gw-temp,2302
1786420020,zone2-living-rm-gw-temp,2303
1786420080,zone2-living-rm-gw-temp,2302
1786420140,zone2-living-rm-gw-temp,2300
1786420200,zone2-living-rm-gw-temp,2300
1786420201,zone5-living-rm-fancoil-heat-call,1
1786420260,zone2-living-rm-gw-temp,2300
1786420320,zone2-living-rm-gw-temp,2301
1786420380,zone2-living-rm-gw-temp,2299
1786420440,zone2-living-rm-gw-temp,2300
1786420500,zone2-living-rm-gw-temp,2298
1786420501,zone5-living-rm-fancoil-heat-call,1
1786420560,zone2-living-rm-gw-temp,2298
1786420620,zone2-living-rm-gw-temp,2299
1786420680,zone2-living-rm-gw-temp,2297
1786420740,zone2-living-rm-gw-temp,2298
1786420800,zone2-living-rm-gw-temp,2298
1786420801,zone5-living-rm-fancoil-heat-call,1
1786420860,zone2-living-rm-gw-temp,2300
1786420920,zone2-living-rm-gw-temp,2297
1786420980,zone2-living-rm-gw-temp,2297
1786421040,zone2-living-rm-gw-temp,2298
1786421100,zone2-living-rm-gw-temp,2298
1786421101,zone5-living-rm-fancoil-heat-call,1
1786421160,zone2-living-rm-gw-temp,2297
1786421220,zone2-living-rm-gw-temp,2298
1786421280,zone2-living-rm-gw-temp,2297
1786421340,zone2-living-rm-gw-temp,2296
1786421400,zone2-living-rm-gw-temp,2297
1786421401,zone5-living-rm-fancoil-heat-call,1
1786421460,zone2-living-rm-gw-temp,2294
1786421520,zone2-living-rm-gw-temp,2297
1786421580,zone2-living-rm-gw-temp,2297
1786421640,zone2-living-rm-gw-temp,2296
1786421700,zone2-living-rm-gw-temp,2295
1786421701,zone5-living-rm-fancoil-heat-call,1
1786421760,zone2-living-rm-gw-temp,2297
1786421820,zone2-living-rm-gw-temp,2297
1786421880,zone2-living-rm-gw-temp,2296
1786421940,zone2-living-rm-gw-temp,2295
1786422000,zone2-living-rm-gw-temp,2295
1786422001,zone5-living-rm-fancoil-heat-call,1
1786422060,zone2-living-rm-gw-temp,2294
1786422120,zone2-living-rm-gw-temp,2296
1786422180,zone2-living-rm-gw-temp,2295
1786422240,zone2-living-rm-gw-temp,2294
1786422300,zone2-living-rm-gw-temp,2292
1786422301,zone5-living-rm-fancoil-heat-call,1
1786422360,zone2-living-rm-gw-temp,2295
1786422420,zone2-living-rm-gw-temp,2293
1786422480,zone2-living-rm-gw-temp,2291
1786422540,zone2-living-rm-gw-temp,2294
1786422600,zone2-living-rm-gw-temp,2294
1786422601,zone5-living-rm-fancoil-heat-call,1
1786422660,zone2-living-rm-gw-temp,2293
1786422720,zone2-living-rm-gw-temp,2294
1786422780,zone2-living-rm-gw-temp,2293
1786422840,zone2-living-rm-gw-temp,2293
1786422900,zone2-living-rm-gw-temp,2293
1786422901,zone5-living-rm-fancoil-heat-call,1
1786422960,zone2-living-rm-gw-temp,2293
1786423020,zone2-living-rm-gw-temp,2292
1786423080,zone2-living-rm-gw-temp,2291
1786423140,zone2-living-rm-gw-temp,2293
1786423200,zone2-living-rm-gw-temp,2293
1786423201,zone5-living-rm-fancoil-heat-call,1
1786423260,zone2-living-rm-gw-temp,2293
1786423320,zone2-living-rm-gw-temp,2292
1786423380,zone2-living-rm-gw-temp,2293
1786423440,zone2-living-rm-gw-temp,2292
1786423500,zone2-living-rm-gw-temp,2292
1786423501,zone5-living-rm-fancoil-heat-call,1
1786423560,zone2-living-rm-gw-temp,2293
1786423620,zone2-living-rm-gw-temp,2291
1786423680,zone2-living-rm-gw-temp,2290
1786423740,zone2-living-rm-gw-temp,2290
1786423800,zone2-living-rm-gw-temp,2290
1786423801,zone5-living-rm-fancoil-heat-call,1
1786423860,zone2-living-rm-gw-temp,2293
1786423920,zone2-living-rm-gw-temp,2291
1786423980,zone2-living-rm-gw-temp,2290
1786424040,zone2-living-rm-gw-temp,2290
1786424100,zone2-living-rm-gw-temp,2289
1786424101,zone5-living-rm-fancoil-heat-call,1
1786424160,zone2-living-rm-gw-temp,2288
1786424220,zone2-living-rm-gw-temp,2290
1786424280,zone2-living-rm-gw-temp,2291
1786424340,zone2-living-rm-gw-temp,2291
1786424400,zone2-living-rm-gw-temp,2291
1786424401,zone5-living-rm-fancoil-heat-call,1
1786424460,zone2-living-rm-gw-temp,2290
1786424520,zone2-living-rm-gw-temp,2290
1786424580,zone2-living-rm-gw-temp,2288
1786424640,zone2-living-rm-gw-temp,2287
1786424700,zone2-living-rm-gw-temp,2288
1786424701,zone5-living-rm-fancoil-heat-call,1
1786424760,zone2-living-rm-gw-temp,2287
1786424820,zone2-living-rm-gw-temp,2289
1786424880,zone2-living-rm-gw-temp,2288
1786424940,zone2-living-rm-gw-temp,2286
1786425000,zone2-living-rm-gw-temp,2289
1786425001,zone5-living-rm-fancoil-heat-call,1
1786425060,zone2-living-rm-gw-temp,2287
1786425120,zone2-living-rm-gw-temp,2286
1786425180,zone2-living-rm-gw-temp,2286
1786425240,zone2-living-rm-gw-temp,2286
1786425300,zone2-living-rm-gw-temp,2284
1786425301,zone5-living-rm-fancoil-heat-call,1
1786425360,zone2-living-rm-gw-temp,2285
1786425405,zone2-living-rm-gw-temp,2283
1786425420,zone2-living-rm-gw-temp,2285
1786425480,zone2-living-rm-gw-temp,2286
1786425540,zone2-living-rm-gw-temp,2287
1786425600,zone2-living-rm-gw-temp,2288
1786425601,zone5-living-rm-fancoil-heat-call,1
1786425660,zone2-living-rm-gw-temp,2285
1786425720,zone2-living-rm-gw-temp,2284
1786425780,zone2-living-rm-gw-temp,2284
1786425840,zone2-living-rm-gw-temp,2283
1786425900,zone2-living-rm-gw-temp,2283
1786425901,zone5-living-rm-fancoil-heat-call,1
1786425960,zone2-living-rm-gw-temp,2284
1786426020,zone2-living-rm-gw-temp,2282
1786426080,zone2-living-rm-gw-temp,2282
1786426140,zone2-living-rm-gw-temp,2281
1786426200,zone2-living-rm-gw-temp,2281
1786426201,zone5-living-rm-fancoil-heat-call,1
1786426260,zone2-living-rm-gw-temp,2282
1786426320,zone2-living-rm-gw-temp,2283
1786426380,zone2-living-rm-gw-temp,2283
1786426440,zone2-living-rm-gw-temp,2282
1786426500,zone2-living-rm-gw-temp,2282
1786426501,zone5-living-rm-fancoil-heat-call,1
1786426560,zone2-living-rm-gw-temp,2282
1786426620,zone2-living-rm-gw-temp,2281
1786426680,zone2-living-rm-gw-temp,2282
1786426740,zone2-living-rm-gw-temp,2282
1786426800,zone2-living-rm-gw-temp,2281
1786426801,zone5-living-rm-fancoil-heat-call,1
1786426860,zone2-living-rm-gw-temp,2280
1786426920,zone2-living-rm-gw-temp,2281
1786426980,zone2-living-rm-gw-temp,2282
1786427040,zone2-living-rm-gw-temp,2282
1786427100,zone2-living-rm-gw-temp,2281
1786427101,zone5-living-rm-fancoil-heat-call,1
1786427160,zone2-living-rm-gw-temp,2281
1786427220,zone2-living-rm-gw-temp,2283
1786427280,zone2-living-rm-gw-temp,2283
1786427340,zone2-living-rm-gw-temp,2281
1786427400,zone2-living-rm-gw-temp,2281
1786427401,zone5-living-rm-fancoil-heat-call,1
1786427460,zone2-living-rm-gw-temp,2280
1786427520,zone2-living-rm-gw-temp,2281
1786427580,zone2-living-rm-gw-temp,2280
1786427640,zone2-living-rm-gw-temp,2279
1786427700,zone2-living-rm-gw-temp,2281
1786427701,zone5-living-rm-fancoil-heat-call,1
1786427760,zone2-living-rm-gw-temp,2279
1786427820,zone2-living-rm-gw-temp,2279
1786427880,zone2-living-rm-gw-temp,2279
1786427940,zone2-living-rm-gw-temp,2278
1786428000,zone2-living-rm-gw-temp,2280
1786428001,zone5-living-rm-fancoil-heat-call,1
1786428060,zone2-living-rm-gw-temp,2279
1786428120,zone2-living-rm-gw-temp,2278
1786428180,zone2-living-rm-gw-temp,2278
1786428240,zone2-living-rm-gw-temp,2278
1786428300,zone2-living-rm-gw-temp,2278
1786428301,zone5-living-rm-fancoil-heat-call,1
1786428360,zone2-living-rm-gw-temp,2279
1786428420,zone2-living-rm-gw-temp,2276
1786428480,zone2-living-rm-gw-temp,2279
1786428540,zone2-living-rm-gw-temp,2277
1786428600,zone2-living-rm-gw-temp,2279
1786428601,zone5-living-rm-fancoil-heat-call,1
1786428619,zone5-living-rm-fancoil-heat-call,0
1786428622,zone5-living-rm-fancoil-heat-call,1
1786428625,zone5-living-rm-fancoil-heat-call,0
1786428660,zone2-living-rm-gw-temp,2278
1786428720,zone2-living-rm-gw-temp,2278
1786428780,zone2-living-rm-gw-temp,2279
1786428840,zone2-living-rm-gw-temp,2279
1786428900,zone2-living-rm-gw-temp,2279
1786428901,zone5-living-rm-fancoil-heat-call,0
1786428960,zone2-living-rm-gw-temp,2279
1786429020,zone2-living-rm-gw-temp,2280
1786429080,zone2-living-rm-gw-temp,2278
1786429103,zone5-living-rm-fancoil-heat-call,1
1786429140,zone2-living-rm-gw-temp,2278
1786429200,zone2-living-rm-gw-temp,2278
1786429201,zone5-living-rm-fancoil-heat-call,1
1786429260,zone2-living-rm-gw-temp,2279
1786429320,zone2-living-rm-gw-temp,2278
1786429380,zone2-living-rm-gw-temp,2278
1786429440,zone2-living-rm-gw-temp,2277
1786429500,zone2-living-rm-gw-temp,2275
1786429501,zone5-living-rm-fancoil-heat-call,1
1786429560,zone2-living-rm-gw-temp,2276
1786429620,zone2-living-rm-gw-temp,2277
1786429680,zone2-living-rm-gw-temp,2277
1786429740,zone2-living-rm-gw-temp,2277
1786429800,zone2-living-rm-gw-temp,2274
1786429801,zone5-living-rm-fancoil-heat-call,1
1786429860,zone2-living-rm-gw-temp,2276
1786429920,zone2-living-rm-gw-temp,2275
1786429980,zone2-living-rm-gw-temp,2277
1786430040,zone2-living-rm-gw-temp,2276
1786430100,zone2-living-rm-gw-temp,2276
1786430101,zone5-living-rm-fancoil-heat-call,1
1786430160,zone2-living-rm-gw-temp,2276
1786430220,zone2-living-rm-gw-temp,2274
1786430280,zone2-living-rm-gw-temp,2275
1786430340,zone2-living-rm-gw-temp,2274
1786430400,zone2-living-rm-gw-temp,2273
1786430401,zone5-living-rm-fancoil-heat-call,1
1786430460,zone2-living-rm-gw-temp,2274
1786430520,zone2-living-rm-gw-temp,2272
1786430580,zone2-living-rm-gw-temp,2271
1786430640,zone2-living-rm-gw-temp,2272
1786430700,zone2-living-rm-gw-temp,2272
1786430701,zone5-living-rm-fancoil-heat-call,1
1786430760,zone2-living-rm-gw-temp,2272
1786430820,zone2-living-rm-gw-temp,2271
1786430880,zone2-living-rm-gw-temp,2272
1786430940,zone2-living-rm-gw-temp,2274
1786431000,zone2-living-rm-gw-temp,2269
1786431001,zone5-living-rm-fancoil-heat-call,1
1786431060,zone2-living-rm-gw-temp,2275
1786431120,zone2-living-rm-gw-temp,2273
1786431137,zone5-living-rm-fancoil-heat-call,0
1786431141,zone5-living-rm-fancoil-heat-call,1
1786431142,zone5-living-rm-fancoil-heat-call,0
1786431180,zone2-living-rm-gw-temp,2272
1786431240,zone2-living-rm-gw-temp,2271
1786431300,zone2-living-rm-gw-temp,2271
1786431301,zone5-living-rm-fancoil-heat-call,0
1786431360,zone2-living-rm-gw-temp,2270
1786431420,zone2-living-rm-gw-temp,2270
1786431480,zone2-living-rm-gw-temp,2269
1786431540,zone2-living-rm-gw-temp,2272
1786431600,zone2-living-rm-gw-temp,2272
1786431601,zone5-living-rm-fancoil-heat-call,0
1786431639,zone5-living-rm-fancoil-heat-call,1
1786431660,zone2-living-rm-gw-temp,2272
1786431720,zone2-living-rm-gw-temp,2271
1786431780,zone2-living-rm-gw-temp,2269
1786431840,zone2-living-rm-gw-temp,2268
1786431900,zone2-living-rm-gw-temp,2270
1786431901,zone5-living-rm-fancoil-heat-call,1
1786431960,zone2-living-rm-gw-temp,2272
1786432020,zone2-living-rm-gw-temp,2271
1786432080,zone2-living-rm-gw-temp,2272
1786432140,zone2-living-rm-gw-temp,2272
1786432200,zone2-living-rm-gw-temp,2273
1786432201,zone5-living-rm-fancoil-heat-call,1
1786432260,zone2-living-rm-gw-temp,2271
1786432320,zone2-living-rm-gw-temp,2270
1786432380,zone2-living-rm-gw-temp,2268
1786432440,zone2-living-rm-gw-temp,2270
1786432500,zone2-living-rm-gw-temp,2270
1786432501,zone5-living-rm-fancoil-heat-call,1
1786432560,zone2-living-rm-gw-temp,2272
1786432620,zone2-living-rm-gw-temp,2270
1786432680,zone2-living-rm-gw-temp,2271
1786432740,zone2-living-rm-gw-temp,2270
1786432800,zone2-living-rm-gw-temp,2271
1786432801,zone5-living-rm-fancoil-heat-call,1
1786432860,zone2-living-rm-gw-temp,2271
1786432920,zone2-living-rm-gw-temp,2269
1786432980,zone2-living-rm-gw-temp,2269
1786433040,zone2-living-rm-gw-temp,2269
1786433100,zone2-living-rm-gw-temp,2270
1786433101,zone5-living-rm-fancoil-heat-call,1
1786433160,zone2-living-rm-gw-temp,2268
1786433220,zone2-living-rm-gw-temp,2268
1786433280,zone2-living-rm-gw-temp,2269
1786433340,zone2-living-rm-gw-temp,2272
1786433400,zone2-living-rm-gw-temp,2269
1786433401,zone5-living-rm-fancoil-heat-call,1
1786433460,zone2-living-rm-gw-temp,2269
1786433520,zone2-living-rm-gw-temp,2269
1786433580,zone2-living-rm-gw-temp,2269
1786433640,zone2-living-rm-gw-temp,2270
1786433700,zone2-living-rm-gw-temp,2271
1786433701,zone5-living-rm-fancoil-heat-call,1
1786433760,zone2-living-rm-gw-temp,2269
1786433820,zone2-living-rm-gw-temp,2269
1786433880,zone2-living-rm-gw-temp,2267
1786433890,zone5-living-rm-fancoil-heat-call,0
1786433940,zone2-living-rm-gw-temp,2267
1786434000,zone2-living-rm-gw-temp,2268
1786434001,zone5-living-rm-fancoil-heat-call,0
1786434060,zone2-living-rm-gw-temp,2267
1786434120,zone2-living-rm-gw-temp,2267
1786434180,zone2-living-rm-gw-temp,2267
1786434240,zone2-living-rm-gw-temp,2269
1786434300,zone2-living-rm-gw-temp,2268
1786434301,zone5-living-rm-fancoil-heat-call,0
1786434360,zone2-living-rm-gw-temp,2270
1786434396,zone5-living-rm-fancoil-heat-call,1
1786434420,zone2-living-rm-gw-temp,2269
1786434480,zone2-living-rm-gw-temp,2269
1786434540,zone2-living-rm-gw-temp,2267
1786434600,zone2-living-rm-gw-temp,2266
1786434601,zone5-living-rm-fancoil-heat-call,1
1786434660,zone2-living-rm-gw-temp,2267
1786434720,zone2-living-rm-gw-temp,2266
1786434780,zone2-living-rm-gw-temp,2268
1786434840,zone2-living-rm-gw-temp,2268
1786434900,zone2-living-rm-gw-temp,2268
1786434901,zone5-living-rm-fancoil-heat-call,1
1786434960,zone2-living-rm-gw-temp,2269
1786435020,zone2-living-rm-gw-temp,2269
1786435080,zone2-living-rm-gw-temp,2267
1786435140,zone2-living-rm-gw-temp,2268
1786435200,zone2-living-rm-gw-temp,2269
1786435201,zone5-living-rm-fancoil-heat-call,1
1786435260,zone2-living-rm-gw-temp,2268
1786435320,zone2-living-rm-gw-temp,2268
1786435380,zone2-living-rm-gw-temp,2267
1786435440,zone2-living-rm-gw-temp,2266
1786435500,zone2-living-rm-gw-temp,2266
1786435501,zone5-living-rm-fancoil-heat-call,1
1786435560,zone2-living-rm-gw-temp,2269
1786435620,zone2-living-rm-gw-temp,2267
1786435680,zone2-living-rm-gw-temp,2269
1786435740,zone2-living-rm-gw-temp,2269
1786435800,zone2-living-rm-gw-temp,2266
1786435801,zone5-living-rm-fancoil-heat-call,1
1786435860,zone2-living-rm-gw-temp,2267
1786435920,zone2-living-rm-gw-temp,2267
1786435980,zone2-living-rm-gw-temp,2266
1786436040,zone2-living-rm-gw-temp,2268
1786436100,zone2-living-rm-gw-temp,2268
1786436101,zone5-living-rm-fancoil-heat-call,1
1786436160,zone2-living-rm-gw-temp,2267
1786436220,zone2-living-rm-gw-temp,2266
1786436280,zone2-living-rm-gw-temp,2267
1786436296,zone5-living-rm-fancoil-heat-call,0
1786436299,zone5-living-rm-fancoil-heat-call,1
1786436302,zone5-living-rm-fancoil-heat-call,0
1786436340,zone2-living-rm-gw-temp,2266
1786436400,zone2-living-rm-gw-temp,2267
1786436401,zone5-living-rm-fancoil-heat-call,0
1786436460,zone2-living-rm-gw-temp,2265
1786436520,zone2-living-rm-gw-temp,2264
1786436580,zone2-living-rm-gw-temp,2264
1786436640,zone2-living-rm-gw-temp,2264
1786436700,zone2-living-rm-gw-temp,2264
1786436701,zone5-living-rm-fancoil-heat-call,0
1786436760,zone2-living-rm-gw-temp,2264
1786436820,zone2-living-rm-gw-temp,2265
1786436827,zone5-living-rm-fancoil-heat-call,1
1786436880,zone2-living-rm-gw-temp,2266
1786436940,zone2-living-rm-gw-temp,2266
1786437000,zone2-living-rm-gw-temp,2264
1786437001,zone5-living-rm-fancoil-heat-call,1
1786437060,zone2-living-rm-gw-temp,2264
1786437120,zone2-living-rm-gw-temp,2265
1786437180,zone2-living-rm-gw-temp,2266
1786437240,zone2-living-rm-gw-temp,2264
1786437300,zone2-living-rm-gw-temp,2264
1786437301,zone5-living-rm-fancoil-heat-call,1
1786437360,zone2-living-rm-gw-temp,2263
1786437420,zone2-living-rm-gw-temp,2263
1786437480,zone2-living-rm-gw-temp,2261
1786437540,zone2-living-rm-gw-temp,2262
1786437600,zone2-living-rm-gw-temp,2261
1786437601,zone5-living-rm-fancoil-heat-call,1
1786437660,zone2-living-rm-gw-temp,2261
1786437720,zone2-living-rm-gw-temp,2261
1786437780,zone2-living-rm-gw-temp,2260
1786437840,zone2-living-rm-gw-temp,2260
1786437900,zone2-living-rm-gw-temp,2261
1786437901,zone5-living-rm-fancoil-heat-call,1
1786437960,zone2-living-rm-gw-temp,2262
1786438020,zone2-living-rm-gw-temp,2263
1786438080,zone2-living-rm-gw-temp,2261
1786438140,zone2-living-rm-gw-temp,2260
1786438200,zone2-living-rm-gw-temp,2261
1786438201,zone5-living-rm-fancoil-heat-call,1
1786438260,zone2-living-rm-gw-temp,2261
1786438277,zone5-living-rm-fancoil-heat-call,0
1786438320,zone2-living-rm-gw-temp,2260
1786438380,zone2-living-rm-gw-temp,2261
1786438440,zone2-living-rm-gw-temp,2259
1786438500,zone2-living-rm-gw-temp,2260
1786438501,zone5-living-rm-fancoil-heat-call,0
1786438560,zone2-living-rm-gw-temp,2259
1786438620,zone2-living-rm-gw-temp,2260
1786438680,zone2-living-rm-gw-temp,2260
1786438740,zone2-living-rm-gw-temp,2260
1786438800,zone2-living-rm-gw-temp,2258
1786438801,zone5-living-rm-fancoil-heat-call,0
1786438834,zone5-living-rm-fancoil-heat-call,1
1786438860,zone2-living-rm-gw-temp,2260
1786438920,zone2-living-rm-gw-temp,2260
1786438980,zone2-living-rm-gw-temp,2261
1786439040,zone2-living-rm-gw-temp,2260
1786439100,zone2-living-rm-gw-temp,2261
1786439101,zone5-living-rm-fancoil-heat-call,1
1786439160,zone2-living-rm-gw-temp,2259
1786439220,zone2-living-rm-gw-temp,2260
1786439280,zone2-living-rm-gw-temp,2260
1786439340,zone2-living-rm-gw-temp,2258
1786439400,zone2-living-rm-gw-temp,2261
1786439401,zone5-living-rm-fancoil-heat-call,1
1786439460,zone2-living-rm-gw-temp,2258
1786439520,zone2-living-rm-gw-temp,2259
1786439580,zone2-living-rm-gw-temp,2258
1786439640,zone2-living-rm-gw-temp,2258
1786439700,zone2-living-rm-gw-temp,2259
1786439701,zone5-living-rm-fancoil-heat-call,1
1786439760,zone2-living-rm-gw-temp,2258
1786439820,zone2-living-rm-gw-temp,2258
1786439880,zone2-living-rm-gw-temp,2258
1786439940,zone2-living-rm-gw-temp,2259
1786440000,zone2-living-rm-gw-temp,2258
1786440001,zone5-living-rm-fancoil-heat-call,1
1786440060,zone2-living-rm-gw-temp,2258
1786440120,zone2-living-rm-gw-temp,2257
1786440180,zone2-living-rm-gw-temp,2260
1786440240,zone2-living-rm-gw-temp,2260
1786440300,zone2-living-rm-gw-temp,2258
1786440301,zone5-living-rm-fancoil-heat-call,1
1786440345,zone5-living-rm-fancoil-heat-call,0
1786440360,zone2-living-rm-gw-temp,2259
1786440420,zone2-living-rm-gw-temp,2258
1786440480,zone2-living-rm-gw-temp,2258
1786440540,zone2-living-rm-gw-temp,2259
1786440600,zone2-living-rm-gw-temp,2258
1786440601,zone5-living-rm-fancoil-heat-call,0
1786440660,zone2-living-rm-gw-temp,2258
1786440720,zone2-living-rm-gw-temp,2260
1786440780,zone2-living-rm-gw-temp,2259
1786440840,zone2-living-rm-gw-temp,2258
1786440895,zone5-living-rm-fancoil-heat-call,1
1786440900,zone2-living-rm-gw-temp,2258
1786440901,zone5-living-rm-fancoil-heat-call,1
1786440960,zone2-living-rm-gw-temp,2256
1786441020,zone2-living-rm-gw-temp,2256
1786441080,zone2-living-rm-gw-temp,2255
1786441140,zone2-living-rm-gw-temp,2255
1786441200,zone2-living-rm-gw-temp,2256
1786441201,zone5-living-rm-fancoil-heat-call,1
1786441260,zone2-living-rm-gw-temp,2255
1786441320,zone2-living-rm-gw-temp,2255
1786441380,zone2-living-rm-gw-temp,2256
1786441440,zone2-living-rm-gw-temp,2255
1786441500,zone2-living-rm-gw-temp,2255
1786441501,zone5-living-rm-fancoil-heat-call,1
1786441560,zone2-living-rm-gw-temp,2255
1786441620,zone2-living-rm-gw-temp,2253
1786441680,zone2-living-rm-gw-temp,2255
1786441740,zone2-living-rm-gw-temp,2256
1786441800,zone2-living-rm-gw-temp,2254
1786441801,zone5-living-rm-fancoil-heat-call,1
1786441860,zone2-living-rm-gw-temp,2256
1786441920,zone2-living-rm-gw-temp,2255
1786441980,zone2-living-rm-gw-temp,2256
1786442040,zone2-living-rm-gw-temp,2256
1786442100,zone2-living-rm-gw-temp,2257
1786442101,zone5-living-rm-fancoil-heat-call,1
1786442160,zone2-living-rm-gw-temp,2254
1786442178,zone5-living-rm-fancoil-heat-call,0
1786442181,zone5-living-rm-fancoil-heat-call,1
1786442183,zone5-living-rm-fancoil-heat-call,0
1786442220,zone2-living-rm-gw-temp,2254
1786442280,zone2-living-rm-gw-temp,2254
1786442340,zone2-living-rm-gw-temp,2255
1786442400,zone2-living-rm-gw-temp,2255
1786442401,zone5-living-rm-fancoil-heat-call,0
1786442460,zone2-living-rm-gw-temp,2255
1786442520,zone2-living-rm-gw-temp,2254
1786442580,zone2-living-rm-gw-temp,2254
1786442640,zone2-living-rm-gw-temp,2254
1786442700,zone2-living-rm-gw-temp,2253
1786442701,zone5-living-rm-fancoil-heat-call,0
1786442760,zone2-living-rm-gw-temp,2254
1786442772,zone5-living-rm-fancoil-heat-call,1
1786442820,zone2-living-rm-gw-temp,2254
1786442880,zone2-living-rm-gw-temp,2254
1786442940,zone2-living-rm-gw-temp,2253
1786443000,zone2-living-rm-gw-temp,2254
1786443001,zone5-living-rm-fancoil-heat-call,1
1786443060,zone2-living-rm-gw-temp,2254
1786443120,zone2-living-rm-gw-temp,2252
1786443180,zone2-living-rm-gw-temp,2251
1786443240,zone2-living-rm-gw-temp,2252
1786443300,zone2-living-rm-gw-temp,2253
1786443301,zone5-living-rm-fancoil-heat-call,1
1786443360,zone2-living-rm-gw-temp,2252
1786443420,zone2-living-rm-gw-temp,2251
1786443480,zone2-living-rm-gw-temp,2249
1786443540,zone2-living-rm-gw-temp,2249
1786443600,zone2-living-rm-gw-temp,2251
1786443601,zone5-living-rm-fancoil-heat-call,1
1786443660,zone2-living-rm-gw-temp,2251
1786443720,zone2-living-rm-gw-temp,2251
1786443780,zone2-living-rm-gw-temp,2250
1786443840,zone2-living-rm-gw-temp,2249
1786443900,zone2-living-rm-gw-temp,2251
1786443901,zone5-living-rm-fancoil-heat-call,1
1786443960,zone2-living-rm-gw-temp,2249
1786443966,zone5-living-rm-fancoil-heat-call,0
1786443970,zone5-living-rm-fancoil-heat-call,1
1786443972,zone5-living-rm-fancoil-heat-call,0
1786444020,zone2-living-rm-gw-temp,2251
1786444080,zone2-living-rm-gw-temp,2250
1786444140,zone2-living-rm-gw-temp,2249
1786444200,zone2-living-rm-gw-temp,2250
1786444201,zone5-living-rm-fancoil-heat-call,0
1786444260,zone2-living-rm-gw-temp,2249
1786444320,zone2-living-rm-gw-temp,2249
1786444380,zone2-living-rm-gw-temp,2249
1786444440,zone2-living-rm-gw-temp,2251
1786444500,zone2-living-rm-gw-temp,2248
1786444501,zone5-living-rm-fancoil-heat-call,0
1786444544,zone5-living-rm-fancoil-heat-call,1
1786444560,zone2-living-rm-gw-temp,2250
1786444620,zone2-living-rm-gw-temp,2251
1786444680,zone2-living-rm-gw-temp,2252
1786444740,zone2-living-rm-gw-temp,2252
1786444800,zone2-living-rm-gw-temp,2252
1786444801,zone5-living-rm-fancoil-heat-call,1
1786444860,zone2-living-rm-gw-temp,2251
1786444920,zone2-living-rm-gw-temp,2250
1786444980,zone2-living-rm-gw-temp,2251
1786445040,zone2-living-rm-gw-temp,2248
1786445100,zone2-living-rm-gw-temp,2251
1786445101,zone5-living-rm-fancoil-heat-call,1
1786445160,zone2-living-rm-gw-temp,2251
1786445220,zone2-living-rm-gw-temp,2249
1786445280,zone2-living-rm-gw-temp,2251
1786445340,zone2-living-rm-gw-temp,2250
1786445400,zone2-living-rm-gw-temp,2251
1786445401,zone5-living-rm-fancoil-heat-call,1
1786445460,zone2-living-rm-gw-temp,2250
1786445520,zone2-living-rm-gw-temp,2250
1786445580,zone2-living-rm-gw-temp,2248
1786445640,zone2-living-rm-gw-temp,2249
1786445700,zone2-living-rm-gw-temp,2250
1786445701,zone5-living-rm-fancoil-heat-call,1
1786445760,zone2-living-rm-gw-temp,2249
1786445820,zone2-living-rm-gw-temp,2250
1786445874,zone5-living-rm-fancoil-heat-call,0
1786445880,zone2-living-rm-gw-temp,2251
1786445940,zone2-living-rm-gw-temp,2249
1786446000,zone2-living-rm-gw-temp,2250
1786446001,zone5-living-rm-fancoil-heat-call,0
1786446060,zone2-living-rm-gw-temp,2249
1786446120,zone2-living-rm-gw-temp,2251
1786446180,zone2-living-rm-gw-temp,2250
1786446240,zone2-living-rm-gw-temp,2250
1786446300,zone2-living-rm-gw-temp,2250
1786446301,zone5-living-rm-fancoil-heat-call,0
1786446360,zone2-living-rm-gw-temp,2249
1786446420,zone2-living-rm-gw-temp,2250
1786446459,zone5-living-rm-fancoil-heat-call,1
1786446480,zone2-living-rm-gw-temp,2250
1786446540,zone2-living-rm-gw-temp,2251
1786446600,zone2-living-rm-gw-temp,2251
1786446601,zone5-living-rm-fancoil-heat-call,1
1786446660,zone2-living-rm-gw-temp,2251
1786446720,zone2-living-rm-gw-temp,2250
1786446780,zone2-living-rm-gw-temp,2249
1786446840,zone2-living-rm-gw-temp,2249
1786446900,zone2-living-rm-gw-temp,2247
1786446901,zone5-living-rm-fancoil-heat-call,1
1786446960,zone2-living-rm-gw-temp,2249
1786447020,zone2-living-rm-gw-temp,2247
1786447080,zone2-living-rm-gw-temp,2248
1786447140,zone2-living-rm-gw-temp,2249
1786447200,zone2-living-rm-gw-temp,2246
1786447201,zone5-living-rm-fancoil-heat-call,1
1786447260,zone2-living-rm-gw-temp,2248
1786447320,zone2-living-rm-gw-temp,2246
1786447380,zone2-living-rm-gw-temp,2248
1786447440,zone2-living-rm-gw-temp,2248
1786447500,zone2-living-rm-gw-temp,2248
1786447501,zone5-living-rm-fancoil-heat-call,1
1786447560,zone2-living-rm-gw-temp,2247
1786447620,zone2-living-rm-gw-temp,2247
1786447680,zone2-living-rm-gw-temp,2246
1786447728,zone5-living-rm-fancoil-heat-call,0
1786447732,zone5-living-rm-fancoil-heat-call,1
1786447735,zone5-living-rm-fancoil-heat-call,0
1786447740,zone2-living-rm-gw-temp,2246
1786447800,zone2-living-rm-gw-temp,2249
1786447801,zone5-living-rm-fancoil-heat-call,0
1786447860,zone2-living-rm-gw-temp,2247
1786447920,zone2-living-rm-gw-temp,2247
1786447980,zone2-living-rm-gw-temp,2246
1786448040,zone2-living-rm-gw-temp,2246
1786448100,zone2-living-rm-gw-temp,2247
1786448101,zone5-living-rm-fancoil-heat-call,0
1786448160,zone2-living-rm-gw-temp,2246
1786448220,zone2-living-rm-gw-temp,2245
1786448280,zone2-living-rm-gw-temp,2246
1786448320,zone5-living-rm-fancoil-heat-call,1
1786448340,zone2-living-rm-gw-temp,2245
1786448400,zone2-living-rm-gw-temp,2246
1786448401,zone5-living-rm-fancoil-heat-call,1
1786448460,zone2-living-rm-gw-temp,2245
1786448520,zone2-living-rm-gw-temp,2245
1786448580,zone2-living-rm-gw-temp,2246
1786448640,zone2-living-rm-gw-temp,2246
1786448700,zone2-living-rm-gw-temp,2246
1786448701,zone5-living-rm-fancoil-heat-call,1
1786448760,zone2-living-rm-gw-temp,2245
1786448820,zone2-living-rm-gw-temp,2246
1786448880,zone2-living-rm-gw-temp,2246
1786448940,zone2-living-rm-gw-temp,2249
1786449000,zone2-living-rm-gw-temp,2245
1786449001,zone5-living-rm-fancoil-heat-call,1
1786449060,zone2-living-rm-gw-temp,2248
1786449120,zone2-living-rm-gw-temp,2248
1786449180,zone2-living-rm-gw-temp,2247
1786449240,zone2-living-rm-gw-temp,2246
1786449300,zone2-living-rm-gw-temp,2248
1786449301,zone5-living-rm-fancoil-heat-call,1
1786449360,zone2-living-rm-gw-temp,2246
1786449420,zone2-living-rm-gw-temp,2246
1786449480,zone2-living-rm-gw-temp,2246
1786449540,zone2-living-rm-gw-temp,2246
1786449597,zone5-living-rm-fancoil-heat-call,0
1786449600,zone2-living-rm-gw-temp,2246
1786449601,zone5-living-rm-fancoil-heat-call,0
1786449660,zone2-living-rm-gw-temp,2246
1786449720,zone2-living-rm-gw-temp,2246
1786449780,zone2-living-rm-gw-temp,2246
1786449840,zone2-living-rm-gw-temp,2247
1786449900,zone2-living-rm-gw-temp,2248
1786449901,zone5-living-rm-fancoil-heat-call,0
1786449960,zone2-living-rm-gw-temp,2247
1786450020,zone2-living-rm-gw-temp,2247
1786450080,zone2-living-rm-gw-temp,2246
1786450140,zone2-living-rm-gw-temp,2248
1786450192,zone5-living-rm-fancoil-heat-call,1
1786450200,zone2-living-rm-gw-temp,2248
1786450201,zone5-living-rm-fancoil-heat-call,1
1786450260,zone2-living-rm-gw-temp,2248
1786450320,zone2-living-rm-gw-temp,2248
1786450380,zone2-living-rm-gw-temp,2248
1786450440,zone2-living-rm-gw-temp,2248
1786450500,zone2-living-rm-gw-temp,2248
1786450501,zone5-living-rm-fancoil-heat-call,1
1786450560,zone2-living-rm-gw-temp,2249
1786450620,zone2-living-rm-gw-temp,2248
1786450680,zone2-living-rm-gw-temp,2248
1786450740,zone2-living-rm-gw-temp,2248
1786450800,zone2-living-rm-gw-temp,2248
1786450801,zone5-living-rm-fancoil-heat-call,1
1786450860,zone2-living-rm-gw-temp,2249
1786450920,zone2-living-rm-gw-temp,2249
1786450980,zone2-living-rm-gw-temp,2250
1786451040,zone2-living-rm-gw-temp,2252
1786451100,zone2-living-rm-gw-temp,2249
1786451101,zone5-living-rm-fancoil-heat-call,1
1786451160,zone2-living-rm-gw-temp,2252
1786451220,zone2-living-rm-gw-temp,2252
1786451280,zone2-living-rm-gw-temp,2252
1786451340,zone2-living-rm-gw-temp,2253
1786451400,zone2-living-rm-gw-temp,2253
1786451401,zone5-living-rm-fancoil-heat-call,1
1786451460,zone2-living-rm-gw-temp,2252
1786451520,zone2-living-rm-gw-temp,2253
1786451580,zone2-living-rm-gw-temp,2253
1786451640,zone2-living-rm-gw-temp,2254
1786451700,zone2-living-rm-gw-temp,2253
1786451701,zone5-living-rm-fancoil-heat-call,1
1786451760,zone2-living-rm-gw-temp,2253
1786451816,zone5-living-rm-fancoil-heat-call,0
1786451819,zone5-living-rm-fancoil-heat-call,1
1786451820,zone2-living-rm-gw-temp,2254
1786451822,zone5-living-rm-fancoil-heat-call,0
1786451880,zone2-living-rm-gw-temp,2254
1786451940,zone2-living-rm-gw-temp,2254
1786452000,zone2-living-rm-gw-temp,2254
1786452001,zone5-living-rm-fancoil-heat-call,0
1786452060,zone2-living-rm-gw-temp,2254
1786452120,zone2-living-rm-gw-temp,2255
1786452180,zone2-living-rm-gw-temp,2256
1786452240,zone2-living-rm-gw-temp,2257
1786452300,zone2-living-rm-gw-temp,2258
1786452301,zone5-living-rm-fancoil-heat-call,0
1786452360,zone2-living-rm-gw-temp,2259
1786452372,zone5-living-rm-fancoil-heat-call,1
1786452420,zone2-living-rm-gw-temp,2258
1786452480,zone2-living-rm-gw-temp,2259
1786452540,zone2-living-rm-gw-temp,2260
1786452600,zone2-living-rm-gw-temp,2261
1786452601,zone5-living-rm-fancoil-heat-call,1
1786452660,zone2-living-rm-gw-temp,2261
1786452720,zone2-living-rm-gw-temp,2262
1786452780,zone2-living-rm-gw-temp,2261
1786452840,zone2-living-rm-gw-temp,2264
1786452900,zone2-living-rm-gw-temp,2265
1786452901,zone5-living-rm-fancoil-heat-call,1
1786452960,zone2-living-rm-gw-temp,2266
1786453020,zone2-living-rm-gw-temp,2266
1786453080,zone2-living-rm-gw-temp,2268
1786453140,zone2-living-rm-gw-temp,2270
1786453200,zone2-living-rm-gw-temp,2272
1786453201,zone5-living-rm-fancoil-heat-call,1
1786453260,zone2-living-rm-gw-temp,2270
1786453320,zone2-living-rm-gw-temp,2272
1786453380,zone2-living-rm-gw-temp,2270
1786453440,zone2-living-rm-gw-temp,2273
1786453500,zone2-living-rm-gw-temp,2270
1786453501,zone5-living-rm-fancoil-heat-call,1
1786453560,zone2-living-rm-gw-temp,2272
1786453620,zone2-living-rm-gw-temp,2273
1786453680,zone2-living-rm-gw-temp,2273
1786453740,zone2-living-rm-gw-temp,2269
1786453800,zone2-living-rm-gw-temp,2272
1786453801,zone5-living-rm-fancoil-heat-call,1
1786453860,zone2-living-rm-gw-temp,2272
1786453920,zone2-living-rm-gw-temp,2272
1786453980,zone2-living-rm-gw-temp,2275
1786454040,zone2-living-rm-gw-temp,2274
1786454100,zone2-living-rm-gw-temp,2276
1786454101,zone5-living-rm-fancoil-heat-call,1
1786454160,zone2-living-rm-gw-temp,2273
1786454209,zone5-living-rm-fancoil-heat-call,0
1786454220,zone2-living-rm-gw-temp,2275
1786454280,zone2-living-rm-gw-temp,2274
1786454340,zone2-living-rm-gw-temp,2270
1786454400,zone2-living-rm-gw-temp,2273
1786454401,zone5-living-rm-fancoil-heat-call,0
1786454460,zone2-living-rm-gw-temp,2272
1786454520,zone2-living-rm-gw-temp,2271
1786454580,zone2-living-rm-gw-temp,2272
1786454640,zone2-living-rm-gw-temp,2274
1786454700,zone2-living-rm-gw-temp,2276
1786454701,zone5-living-rm-fancoil-heat-call,0
1786454760,zone2-living-rm-gw-temp,2274
1786454820,zone2-living-rm-gw-temp,2276
1786454823,zone5-living-rm-fancoil-heat-call,1
1786454880,zone2-living-rm-gw-temp,2276
1786454940,zone2-living-rm-gw-temp,2277
1786455000,zone2-living-rm-gw-temp,2280
1786455001,zone5-living-rm-fancoil-heat-call,1
1786455060,zone2-living-rm-gw-temp,2278
1786455120,zone2-living-rm-gw-temp,2279
1786455180,zone2-living-rm-gw-temp,2281
1786455240,zone2-living-rm-gw-temp,2279
1786456531,zone2-living-rm-gw-temp,2285
1786456560,zone2-living-rm-gw-temp,2286
1786456620,zone2-living-rm-gw-temp,2283
1786456680,zone2-living-rm-gw-temp,2285
1786456740,zone2-living-rm-gw-temp,2284
1786456800,zone2-living-rm-gw-temp,2287
1786456801,zone5-living-rm-fancoil-heat-call,1
1786456860,zone2-living-rm-gw-temp,2285
1786456920,zone2-living-rm-gw-temp,2284
1786456980,zone2-living-rm-gw-temp,2285
1786457040,zone2-living-rm-gw-temp,2286
1786457100,zone2-living-rm-gw-temp,2283
1786457101,zone5-living-rm-fancoil-heat-call,1
1786457160,zone2-living-rm-gw-temp,2284
1786457220,zone2-living-rm-gw-temp,2285
1786457280,zone2-living-rm-gw-temp,2285
1786457340,zone2-living-rm-gw-temp,2284
1786457400,zone2-living-rm-gw-temp,2284
1786457401,zone5-living-rm-fancoil-heat-call,1
1786457460,zone2-living-rm-gw-temp,2284
1786457520,zone2-living-rm-gw-temp,2284
1786457580,zone2-living-rm-gw-temp,2285
1786457640,zone2-living-rm-gw-temp,2286
1786457700,zone2-living-rm-gw-temp,2282
1786457701,zone5-living-rm-fancoil-heat-call,1
1786457760,zone2-living-rm-gw-temp,2284
1786457820,zone2-living-rm-gw-temp,2284
1786457880,zone2-living-rm-gw-temp,2284
1786457940,zone2-living-rm-gw-temp,2285
1786458000,zone2-living-rm-gw-temp,2285
1786458001,zone5-living-rm-fancoil-heat-call,1
1786458060,zone2-living-rm-gw-temp,2286
1786458120,zone2-living-rm-gw-temp,2285
1786458180,zone2-living-rm-gw-temp,2283
1786458240,zone2-living-rm-gw-temp,2283
1786458300,zone2-living-rm-gw-temp,2285
1786458301,zone5-living-rm-fancoil-heat-call,1
1786458360,zone2-living-rm-gw-temp,2285
1786458420,zone2-living-rm-gw-temp,2286
1786458480,zone2-living-rm-gw-temp,2286
1786458540,zone2-living-rm-gw-temp,2287
1786458600,zone2-living-rm-gw-temp,2285
1786458601,zone5-living-rm-fancoil-heat-call,1
1786458660,zone2-living-rm-gw-temp,2283
1786458720,zone2-living-rm-gw-temp,2284
1786458780,zone2-living-rm-gw-temp,2284
1786458840,zone2-living-rm-gw-temp,2284
1786458900,zone2-living-rm-gw-temp,2285
1786458901,zone5-living-rm-fancoil-heat-call,1
1786458960,zone2-living-rm-gw-temp,2285
1786459020,zone2-living-rm-gw-temp,2287
1786459080,zone2-living-rm-gw-temp,2285
1786459140,zone2-living-rm-gw-temp,2284
1786459200,zone2-living-rm-gw-temp,2284
1786459201,zone5-living-rm-fancoil-heat-call,1
1786459260,zone2-living-rm-gw-temp,2284
1786459320,zone2-living-rm-gw-temp,2284
1786459380,zone2-living-rm-gw-temp,2284
1786459440,zone2-living-rm-gw-temp,2284
1786459500,zone2-living-rm-gw-temp,2285
1786459501,zone5-living-rm-fancoil-heat-call,1
1786459560,zone2-living-rm-gw-temp,2285
1786459620,zone2-living-rm-gw-temp,2285
1786459680,zone2-living-rm-gw-temp,2285
1786459740,zone2-living-rm-gw-temp,2286
1786459800,zone2-living-rm-gw-temp,2282
1786459801,zone5-living-rm-fancoil-heat-call,1
1786459860,zone2-living-rm-gw-temp,2284
1786459920,zone2-living-rm-gw-temp,2282
1786459980,zone2-living-rm-gw-temp,2283
1786460040,zone2-living-rm-gw-temp,2283
1786460100,zone2-living-rm-gw-temp,2285
1786460101,zone5-living-rm-fancoil-heat-call,1
1786460160,zone2-living-rm-gw-temp,2284
1786460220,zone2-living-rm-gw-temp,2284
1786460280,zone2-living-rm-gw-temp,2285
1786460340,zone2-living-rm-gw-temp,2285
1786460400,zone2-living-rm-gw-temp,2283
1786460401,zone5-living-rm-fancoil-heat-call,1
1786460460,zone2-living-rm-gw-temp,2284
1786460520,zone2-living-rm-gw-temp,2285
1786460580,zone2-living-rm-gw-temp,2285
1786460640,zone2-living-rm-gw-temp,2287
1786460700,zone2-living-rm-gw-temp,2284
1786460701,zone5-living-rm-fancoil-heat-call,1
1786460760,zone2-living-rm-gw-temp,2284
1786460820,zone2-living-rm-gw-temp,2284
1786460880,zone2-living-rm-gw-temp,2285
1786460940,zone2-living-rm-gw-temp,2285
1786461000,zone2-living-rm-gw-temp,2285
1786461001,zone5-living-rm-fancoil-heat-call,1
1786461060,zone2-living-rm-gw-temp,2285
1786461120,zone2-living-rm-gw-temp,2286
1786461180,zone2-living-rm-gw-temp,2287
1786461240,zone2-living-rm-gw-temp,2285
1786461300,zone2-living-rm-gw-temp,2285
1786461301,zone5-living-rm-fancoil-heat-call,1
1786461360,zone2-living-rm-gw-temp,2286
1786461420,zone2-living-rm-gw-temp,2286
1786461480,zone2-living-rm-gw-temp,2287
1786461540,zone2-living-rm-gw-temp,2285
1786461600,zone2-living-rm-gw-temp,2287
1786461601,zone5-living-rm-fancoil-heat-call,1
1786461660,zone2-living-rm-gw-temp,2287
1786461720,zone2-living-rm-gw-temp,2287
1786461780,zone2-living-rm-gw-temp,2287
1786461840,zone2-living-rm-gw-temp,2288
1786461900,zone2-living-rm-gw-temp,2286
1786461901,zone5-living-rm-fancoil-heat-call,1
1786461960,zone2-living-rm-gw-temp,2287
1786462020,zone2-living-rm-gw-temp,2287
1786462080,zone2-living-rm-gw-temp,2288
1786462140,zone2-living-rm-gw-temp,2287
1786462200,zone2-living-rm-gw-temp,2287
1786462201,zone5-living-rm-fancoil-heat-call,1
1786462260,zone2-living-rm-gw-temp,2287
1786462320,zone2-living-rm-gw-temp,2288
1786462380,zone2-living-rm-gw-temp,2290
1786462440,zone2-living-rm-gw-temp,2288
1786462500,zone2-living-rm-gw-temp,2288
1786462501,zone5-living-rm-fancoil-heat-call,1
1786462560,zone2-living-rm-gw-temp,2288
1786462620,zone2-living-rm-gw-temp,2290
1786462680,zone2-living-rm-gw-temp,2290
1786462740,zone2-living-rm-gw-temp,2286
1786462800,zone2-living-rm-gw-temp,2289
1786462801,zone5-living-rm-fancoil-heat-call,1
1786462860,zone2-living-rm-gw-temp,2288
1786462920,zone2-living-rm-gw-temp,2290
1786462980,zone2-living-rm-gw-temp,2289
1786463040,zone2-living-rm-gw-temp,2287
1786463100,zone2-living-rm-gw-temp,2288
1786463101,zone5-living-rm-fancoil-heat-call,1
1786463160,zone2-living-rm-gw-temp,2290
1786463220,zone2-living-rm-gw-temp,2289
1786463280,zone2-living-rm-gw-temp,2287
1786463340,zone2-living-rm-gw-temp,2288
1786463400,zone2-living-rm-gw-temp,2290
1786463401,zone5-living-rm-fancoil-heat-call,1
1786463460,zone2-living-rm-gw-temp,2290
1786463520,zone2-living-rm-gw-temp,2290
1786463580,zone2-living-rm-gw-temp,2288
1786463640,zone2-living-rm-gw-temp,2288
1786463700,zone2-living-rm-gw-temp,2289
1786463701,zone5-living-rm-fancoil-heat-call,1
1786463760,zone2-living-rm-gw-temp,2289
1786463820,zone2-living-rm-gw-temp,2290
1786463880,zone2-living-rm-gw-temp,2290
1786463940,zone2-living-rm-gw-temp,2288
1786464000,zone2-living-rm-gw-temp,2289
1786464001,zone5-living-rm-fancoil-heat-call,1
1786464060,zone2-living-rm-gw-temp,2290
1786464120,zone2-living-rm-gw-temp,2290
1786464180,zone2-living-rm-gw-temp,2290
1786464240,zone2-living-rm-gw-temp,2290
1786464300,zone2-living-rm-gw-temp,2290
1786464301,zone5-living-rm-fancoil-heat-call,1
1786464360,zone2-living-rm-gw-temp,2290
1786464420,zone2-living-rm-gw-temp,2291
1786464480,zone2-living-rm-gw-temp,2292
1786464540,zone2-living-rm-gw-temp,2288
1786464600,zone2-living-rm-gw-temp,2290
1786464601,zone5-living-rm-fancoil-heat-call,1
1786464660,zone2-living-rm-gw-temp,2290
1786464720,zone2-living-rm-gw-temp,2290
1786464780,zone2-living-rm-gw-temp,2291
1786464840,zone2-living-rm-gw-temp,2289
1786464900,zone2-living-rm-gw-temp,2290
1786464901,zone5-living-rm-fancoil-heat-call,1
1786464960,zone2-living-rm-gw-temp,2290
1786465020,zone2-living-rm-gw-temp,2291
1786465080,zone2-living-rm-gw-temp,2292
1786465140,zone2-living-rm-gw-temp,2290
1786465200,zone2-living-rm-gw-temp,2289
1786465201,zone5-living-rm-fancoil-heat-call,1
1786465260,zone2-living-rm-gw-temp,2290
1786465320,zone2-living-rm-gw-temp,2292
1786465380,zone2-living-rm-gw-temp,2292
1786465440,zone2-living-rm-gw-temp,2292
1786465500,zone2-living-rm-gw-temp,2291
1786465501,zone5-living-rm-fancoil-heat-call,1
1786465560,zone2-living-rm-gw-temp,2293
1786465620,zone2-living-rm-gw-temp,2291
1786465680,zone2-living-rm-gw-temp,2291
1786465740,zone2-living-rm-gw-temp,2291
1786465800,zone2-living-rm-gw-temp,2293
1786465801,zone5-living-rm-fancoil-heat-call,1
1786465860,zone2-living-rm-gw-temp,2295
1786465920,zone2-living-rm-gw-temp,2292
1786465980,zone2-living-rm-gw-temp,2290
1786466040,zone2-living-rm-gw-temp,2291
1786466100,zone2-living-rm-gw-temp,2294
1786466101,zone5-living-rm-fancoil-heat-call,1
1786466160,zone2-living-rm-gw-temp,2294
1786466220,zone2-living-rm-gw-temp,2294
1786466280,zone2-living-rm-gw-temp,2291
1786466340,zone2-living-rm-gw-temp,2292
1786466400,zone2-living-rm-gw-temp,2293
1786466401,zone5-living-rm-fancoil-heat-call,1
1786466460,zone2-living-rm-gw-temp,2292
1786466520,zone2-living-rm-gw-temp,2294
1786466580,zone2-living-rm-gw-temp,2291
1786466640,zone2-living-rm-gw-temp,2292
1786466700,zone2-living-rm-gw-temp,2293
1786466701,zone5-living-rm-fancoil-heat-call,1
1786466760,zone2-living-rm-gw-temp,2294
1786466820,zone2-living-rm-gw-temp,2295
1786466880,zone2-living-rm-gw-temp,2293
1786466940,zone2-living-rm-gw-temp,2292
1786467143,zone2-living-rm-gw-temp,2284
1786467180,zone2-living-rm-gw-temp,2286
1786467240,zone2-living-rm-gw-temp,2292
1786467300,zone2-living-rm-gw-temp,2295
1786467301,zone5-living-rm-fancoil-heat-call,1
1786467360,zone2-living-rm-gw-temp,2292
1786467420,zone2-living-rm-gw-temp,2290
1786467480,zone2-living-rm-gw-temp,2290
1786467540,zone2-living-rm-gw-temp,2289
1786467600,zone2-living-rm-gw-temp,2288
1786467601,zone5-living-rm-fancoil-heat-call,1
1786467660,zone2-living-rm-gw-temp,2287
1786467720,zone2-living-rm-gw-temp,2287
1786467780,zone2-living-rm-gw-temp,2287
1786467840,zone2-living-rm-gw-temp,2285
1786467900,zone2-living-rm-gw-temp,2283
1786467901,zone5-living-rm-fancoil-heat-call,1
1786467960,zone2-living-rm-gw-temp,2285
1786468020,zone2-living-rm-gw-temp,2285
1786468080,zone2-living-rm-gw-temp,2283
1786468140,zone2-living-rm-gw-temp,2284
1786468200,zone2-living-rm-gw-temp,2282
1786468201,zone5-living-rm-fancoil-heat-call,1
1786468260,zone2-living-rm-gw-temp,2283
1786468320,zone2-living-rm-gw-temp,2280
1786468331,zone5-living-rm-fancoil-heat-call,0
1786468380,zone2-living-rm-gw-temp,2278
1786468440,zone2-living-rm-gw-temp,2280
1786468500,zone2-living-rm-gw-temp,2280
1786468501,zone5-living-rm-fancoil-heat-call,0
1786468560,zone2-living-rm-gw-temp,2281
1786468620,zone2-living-rm-gw-temp,2281
1786468680,zone2-living-rm-gw-temp,2282
1786468740,zone2-living-rm-gw-temp,2277
1786468800,zone2-living-rm-gw-temp,2280
1786468801,zone5-living-rm-fancoil-heat-call,0
1786468860,zone2-living-rm-gw-temp,2281
1786468920,zone2-living-rm-gw-temp,2283
1786468927,zone5-living-rm-fancoil-heat-call,1
1786468980,zone2-living-rm-gw-temp,2284
1786469040,zone2-living-rm-gw-temp,2281
1786469100,zone2-living-rm-gw-temp,2281
1786469101,zone5-living-rm-fancoil-heat-call,1
1786469160,zone2-living-rm-gw-temp,2281
1786469220,zone2-living-rm-gw-temp,2280
1786469280,zone2-living-rm-gw-temp,2282
1786469340,zone2-living-rm-gw-temp,2282
1786469400,zone2-living-rm-gw-temp,2278
1786469401,zone5-living-rm-fancoil-heat-call,1
1786469460,zone2-living-rm-gw-temp,2277
1786469520,zone2-living-rm-gw-temp,2278
1786469580,zone2-living-rm-gw-temp,2278
1786469640,zone2-living-rm-gw-temp,2279
1786469700,zone2-living-rm-gw-temp,2275
1786469701,zone5-living-rm-fancoil-heat-call,1
1786469760,zone2-living-rm-gw-temp,2276
1786469820,zone2-living-rm-gw-temp,2276
1786469880,zone2-living-rm-gw-temp,2276
1786469940,zone5-living-rm-fancoil-heat-call,0
1786469940,zone2-living-rm-gw-temp,2275
1786470000,zone2-living-rm-gw-temp,2273
1786470001,zone5-living-rm-fancoil-heat-call,0
1786470060,zone2-living-rm-gw-temp,2275
1786470120,zone2-living-rm-gw-temp,2275
1786470180,zone2-living-rm-gw-temp,2275
1786470240,zone2-living-rm-gw-temp,2277
1786470300,zone2-living-rm-gw-temp,2276
1786470301,zone5-living-rm-fancoil-heat-call,0
1786470360,zone2-living-rm-gw-temp,2278
1786470420,zone2-living-rm-gw-temp,2280
1786470480,zone2-living-rm-gw-temp,2279
1786470540,zone2-living-rm-gw-temp,2278
1786470561,zone5-living-rm-fancoil-heat-call,1
1786470600,zone2-living-rm-gw-temp,2278
1786470601,zone5-living-rm-fancoil-heat-call,1
1786470660,zone2-living-rm-gw-temp,2280
1786470720,zone2-living-rm-gw-temp,2282
1786470780,zone2-living-rm-gw-temp,2281
1786470840,zone2-living-rm-gw-temp,2281
1786470900,zone2-living-rm-gw-temp,2282
1786470901,zone5-living-rm-fancoil-heat-call,1
1786470960,zone2-living-rm-gw-temp,2280
1786471020,zone2-living-rm-gw-temp,2279
1786471080,zone2-living-rm-gw-temp,2282
1786471140,zone2-living-rm-gw-temp,2279
1786471200,zone2-living-rm-gw-temp,2279
1786471201,zone5-living-rm-fancoil-heat-call,1
1786471260,zone2-living-rm-gw-temp,2277
1786471320,zone2-living-rm-gw-temp,2278
1786471380,zone2-living-rm-gw-temp,2278
1786471440,zone2-living-rm-gw-temp,2279
1786471500,zone2-living-rm-gw-temp,2279
1786471501,zone5-living-rm-fancoil-heat-call,1
1786471560,zone2-living-rm-gw-temp,2278
1786471620,zone2-living-rm-gw-temp,2279
1786471680,zone2-living-rm-gw-temp,2279
1786471740,zone2-living-rm-gw-temp,2279
1786471800,zone2-living-rm-gw-temp,2277
1786471801,zone5-living-rm-fancoil-heat-call,1
1786471860,zone2-living-rm-gw-temp,2279
1786471920,zone2-living-rm-gw-temp,2277
1786471980,zone2-living-rm-gw-temp,2276
1786472040,zone2-living-rm-gw-temp,2276
1786472100,zone2-living-rm-gw-temp,2276
1786472101,zone5-living-rm-fancoil-heat-call,1
1786472160,zone2-living-rm-gw-temp,2276
1786472220,zone2-living-rm-gw-temp,2275
1786472280,zone2-living-rm-gw-temp,2278
1786472340,zone2-living-rm-gw-temp,2278
1786472400,zone2-living-rm-gw-temp,2277
1786472401,zone5-living-rm-fancoil-heat-call,1
1786472460,zone2-living-rm-gw-temp,2277
1786472520,zone2-living-rm-gw-temp,2278
1786472530,zone5-living-rm-fancoil-heat-call,0
1786472580,zone2-living-rm-gw-temp,2279
1786472640,zone2-living-rm-gw-temp,2279
1786472700,zone2-living-rm-gw-temp,2278
1786472701,zone5-living-rm-fancoil-heat-call,0
1786472760,zone2-living-rm-gw-temp,2277
1786472820,zone2-living-rm-gw-temp,2279
1786472880,zone2-living-rm-gw-temp,2280
1786472940,zone2-living-rm-gw-temp,2281
1786473000,zone2-living-rm-gw-temp,2281
1786473001,zone5-living-rm-fancoil-heat-call,0
1786473060,zone5-living-rm-fancoil-heat-call,1
1786473060,zone2-living-rm-gw-temp,2282
1786473120,zone2-living-rm-gw-temp,2283
1786473180,zone2-living-rm-gw-temp,2282
1786473240,zone2-living-rm-gw-temp,2282
1786473300,zone2-living-rm-gw-temp,2279
1786473301,zone5-living-rm-fancoil-heat-call,1
1786473360,zone2-living-rm-gw-temp,2279
1786473420,zone2-living-rm-gw-temp,2281
1786473480,zone2-living-rm-gw-temp,2280
1786473540,zone2-living-rm-gw-temp,2281
1786473600,zone2-living-rm-gw-temp,2279
1786473601,zone5-living-rm-fancoil-heat-call,1
1786473660,zone2-living-rm-gw-temp,2280
1786473720,zone2-living-rm-gw-temp,2279
1786473780,zone2-living-rm-gw-temp,2281
1786473840,zone2-living-rm-gw-temp,2278
1786473900,zone2-living-rm-gw-temp,2276
1786473901,zone5-living-rm-fancoil-heat-call,1
1786473960,zone2-living-rm-gw-temp,2277
1786474020,zone2-living-rm-gw-temp,2278
1786474080,zone2-living-rm-gw-temp,2276
1786474140,zone2-living-rm-gw-temp,2277
1786474200,zone2-living-rm-gw-temp,2277
1786474201,zone5-living-rm-fancoil-heat-call,1
1786474260,zone2-living-rm-gw-temp,2277
1786474320,zone2-living-rm-gw-temp,2277
1786474380,zone2-living-rm-gw-temp,2276
1786474440,zone2-living-rm-gw-temp,2276
1786474500,zone2-living-rm-gw-temp,2276
1786474501,zone5-living-rm-fancoil-heat-call,1
1786474560,zone2-living-rm-gw-temp,2275
1786474620,zone2-living-rm-gw-temp,2277
1786474680,zone2-living-rm-gw-temp,2277
1786474740,zone2-living-rm-gw-temp,2276
1786474800,zone2-living-rm-gw-temp,2274
1786474801,zone5-living-rm-fancoil-heat-call,1
1786474860,zone2-living-rm-gw-temp,2273
1786474920,zone2-living-rm-gw-temp,2272
1786474980,zone2-living-rm-gw-temp,2272
1786475040,zone2-living-rm-gw-temp,2272
1786475100,zone2-living-rm-gw-temp,2273
1786475101,zone5-living-rm-fancoil-heat-call,1
1786475160,zone2-living-rm-gw-temp,2272
1786475220,zone2-living-rm-gw-temp,2273
1786475280,zone2-living-rm-gw-temp,2274
1786475340,zone2-living-rm-gw-temp,2272
1786475400,zone2-living-rm-gw-temp,2270
1786475401,zone5-living-rm-fancoil-heat-call,1
1786475460,zone2-living-rm-gw-temp,2271
1786475520,zone2-living-rm-gw-temp,2269
1786475580,zone2-living-rm-gw-temp,2270
1786475640,zone2-living-rm-gw-temp,2269
1786475700,zone2-living-rm-gw-temp,2269
1786475701,zone5-living-rm-fancoil-heat-call,1
1786475760,zone2-living-rm-gw-temp,2268
1786475779,zone5-living-rm-fancoil-heat-call,0
1786475820,zone2-living-rm-gw-temp,2270
1786475880,zone2-living-rm-gw-temp,2270
1786475940,zone2-living-rm-gw-temp,2269
1786476000,zone2-living-rm-gw-temp,2272
1786476001,zone5-living-rm-fancoil-heat-call,0
1786476060,zone2-living-rm-gw-temp,2270
1786476120,zone2-living-rm-gw-temp,2271
1786476180,zone2-living-rm-gw-temp,2272
1786476240,zone2-living-rm-gw-temp,2272
1786476300,zone2-living-rm-gw-temp,2274
1786476301,zone5-living-rm-fancoil-heat-call,0
1786476322,zone5-living-rm-fancoil-heat-call,1
1786476360,zone2-living-rm-gw-temp,2275
1786476420,zone2-living-rm-gw-temp,2270
1786476480,zone2-living-rm-gw-temp,2273
1786476540,zone2-living-rm-gw-temp,2272
1786476600,zone2-living-rm-gw-temp,2269
1786476601,zone5-living-rm-fancoil-heat-call,1
1786476660,zone2-living-rm-gw-temp,2268
1786476720,zone2-living-rm-gw-temp,2269
1786476780,zone2-living-rm-gw-temp,2267
1786476840,zone2-living-rm-gw-temp,2270
1786476900,zone2-living-rm-gw-temp,2267
1786476901,zone5-living-rm-fancoil-heat-call,1
1786476960,zone2-living-rm-gw-temp,2268
1786477020,zone2-living-rm-gw-temp,2269
1786477080,zone2-living-rm-gw-temp,2267
1786477140,zone2-living-rm-gw-temp,2268
1786477200,zone2-living-rm-gw-temp,2266
1786477201,zone5-living-rm-fancoil-heat-call,1
1786477260,zone2-living-rm-gw-temp,2266
1786477320,zone2-living-rm-gw-temp,2267
1786477380,zone2-living-rm-gw-temp,2264
1786477440,zone2-living-rm-gw-temp,2264
1786477500,zone2-living-rm-gw-temp,2266
1786477501,zone5-living-rm-fancoil-heat-call,1
1786477560,zone2-living-rm-gw-temp,2264
1786477620,zone2-living-rm-gw-temp,2264
1786477680,zone2-living-rm-gw-temp,2264
1786477740,zone2-living-rm-gw-temp,2263
1786477800,zone2-living-rm-gw-temp,2263
1786477801,zone5-living-rm-fancoil-heat-call,1
1786477860,zone2-living-rm-gw-temp,2266
1786477920,zone2-living-rm-gw-temp,2266
1786477980,zone2-living-rm-gw-temp,2262
1786478040,zone2-living-rm-gw-temp,2261
1786478060,zone5-living-rm-fancoil-heat-call,0
1786478100,zone2-living-rm-gw-temp,2261
1786478101,zone5-living-rm-fancoil-heat-call,0
1786478160,zone2-living-rm-gw-temp,2262
1786478220,zone2-living-rm-gw-temp,2263
1786478280,zone2-living-rm-gw-temp,2265
1786478340,zone2-living-rm-gw-temp,2266
1786478400,zone2-living-rm-gw-temp,2267
1786478401,zone5-living-rm-fancoil-heat-call,0
1786478460,zone2-living-rm-gw-temp,2267
1786478520,zone2-living-rm-gw-temp,2268
1786478580,zone2-living-rm-gw-temp,2270
1786478640,zone2-living-rm-gw-temp,2269
1786478645,zone5-living-rm-fancoil-heat-call,1
1786478700,zone2-living-rm-gw-temp,2269
1786478701,zone5-living-rm-fancoil-heat-call,1
1786478760,zone2-living-rm-gw-temp,2267
1786478820,zone2-living-rm-gw-temp,2270
1786478880,zone2-living-rm-gw-temp,2269
1786478940,zone2-living-rm-gw-temp,2268
1786479000,zone2-living-rm-gw-temp,2270
1786479001,zone5-living-rm-fancoil-heat-call,1
1786479060,zone2-living-rm-gw-temp,2269
1786479120,zone2-living-rm-gw-temp,2269
1786479180,zone2-living-rm-gw-temp,2268
1786479240,zone2-living-rm-gw-temp,2268
1786479300,zone2-living-rm-gw-temp,2270
1786479301,zone5-living-rm-fancoil-heat-call,1
1786479360,zone2-living-rm-gw-temp,2269
1786479420,zone2-living-rm-gw-temp,2269
1786479480,zone2-living-rm-gw-temp,2271
1786479540,zone2-living-rm-gw-temp,2274
1786479600,zone2-living-rm-gw-temp,2280
1786479601,zone5-living-rm-fancoil-heat-call,1
1786479660,zone2-living-rm-gw-temp,2282
1786479720,zone2-living-rm-gw-temp,2279
1786479780,zone2-living-rm-gw-temp,2280
1786479840,zone2-living-rm-gw-temp,2276
1786479900,zone2-living-rm-gw-temp,2273
1786479901,zone5-living-rm-fancoil-heat-call,1
1786479960,zone2-living-rm-gw-temp,2273
1786480020,zone2-living-rm-gw-temp,2274
1786480080,zone2-living-rm-gw-temp,2273
1786480140,zone2-living-rm-gw-temp,2273
1786480200,zone2-living-rm-gw-temp,2272
1786480201,zone5-living-rm-fancoil-heat-call,1
1786480260,zone2-living-rm-gw-temp,2273
1786480320,zone2-living-rm-gw-temp,2272
1786480380,zone2-living-rm-gw-temp,2270
1786480440,zone2-living-rm-gw-temp,2270
1786480500,zone2-living-rm-gw-temp,2270
1786480501,zone5-living-rm-fancoil-heat-call,1
1786480560,zone2-living-rm-gw-temp,2268
1786480620,zone2-living-rm-gw-temp,2268
1786480680,zone2-living-rm-gw-temp,2269
1786480740,zone2-living-rm-gw-temp,2267
1786480800,zone2-living-rm-gw-temp,2269
1786480801,zone5-living-rm-fancoil-heat-call,1
1786480860,zone2-living-rm-gw-temp,2267
1786480920,zone2-living-rm-gw-temp,2268
1786480980,zone2-living-rm-gw-temp,2268
1786481040,zone2-living-rm-gw-temp,2267
1786481100,zone2-living-rm-gw-temp,2267
1786481101,zone5-living-rm-fancoil-heat-call,1
1786481160,zone2-living-rm-gw-temp,2269
1786481220,zone2-living-rm-gw-temp,2268
1786481280,zone2-living-rm-gw-temp,2270
1786481340,zone2-living-rm-gw-temp,2272
1786481400,zone2-living-rm-gw-temp,2270
1786481401,zone5-living-rm-fancoil-heat-call,1
1786481460,zone2-living-rm-gw-temp,2278
1786481520,zone2-living-rm-gw-temp,2280
1786481580,zone2-living-rm-gw-temp,2279
1786481640,zone2-living-rm-gw-temp,2279
1786481700,zone2-living-rm-gw-temp,2279
1786481701,zone5-living-rm-fancoil-heat-call,1
1786481760,zone2-living-rm-gw-temp,2282
1786481820,zone2-living-rm-gw-temp,2281
1786481880,zone2-living-rm-gw-temp,2281
1786481940,zone2-living-rm-gw-temp,2282
1786482000,zone2-living-rm-gw-temp,2282
1786482001,zone5-living-rm-fancoil-heat-call,1
1786482060,zone2-living-rm-gw-temp,2281
1786482120,zone2-living-rm-gw-temp,2280
1786482180,zone2-living-rm-gw-temp,2282
1786482240,zone2-living-rm-gw-temp,2282
1786482300,zone2-living-rm-gw-temp,2282
1786482301,zone5-living-rm-fancoil-heat-call,1
1786482360,zone2-living-rm-gw-temp,2287
1786482420,zone2-living-rm-gw-temp,2286
1786482480,zone2-living-rm-gw-temp,2286
1786482540,zone2-living-rm-gw-temp,2287
1786482600,zone2-living-rm-gw-temp,2290
1786482601,zone5-living-rm-fancoil-heat-call,1
1786482660,zone2-living-rm-gw-temp,2292
1786482720,zone2-living-rm-gw-temp,2290
1786482780,zone2-living-rm-gw-temp,2291
1786482840,zone2-living-rm-gw-temp,2291
1786482900,zone2-living-rm-gw-temp,2296
1786482901,zone5-living-rm-fancoil-heat-call,1
1786482960,zone2-living-rm-gw-temp,2303
1786483020,zone2-living-rm-gw-temp,2308
1786483080,zone2-living-rm-gw-temp,2312
1786483140,zone2-living-rm-gw-temp,2314
1786483200,zone2-living-rm-gw-temp,2323
1786483201,zone5-living-rm-fancoil-heat-call,1
1786483260,zone2-living-rm-gw-temp,2330
1786483278,zone2-living-rm-gw-temp,2334
1786483320,zone2-living-rm-gw-temp,2332
1786483380,zone2-living-rm-gw-temp,2336
1786483440,zone2-living-rm-gw-temp,2334
1786483500,zone2-living-rm-gw-temp,2337
1786483501,zone5-living-rm-fancoil-heat-call,1
1786483560,zone2-living-rm-gw-temp,2342
1786483620,zone2-living-rm-gw-temp,2338
1786483680,zone2-living-rm-gw-temp,2340
1786483740,zone2-living-rm-gw-temp,2338
1786483800,zone2-living-rm-gw-temp,2339
1786483801,zone5-living-rm-fancoil-heat-call,1
1786483860,zone2-living-rm-gw-temp,2340
1786483920,zone2-living-rm-gw-temp,2340
1786483980,zone2-living-rm-gw-temp,2340
1786484040,zone2-living-rm-gw-temp,2340
1786484100,zone2-living-rm-gw-temp,2342
1786484101,zone5-living-rm-fancoil-heat-call,1
1786484160,zone2-living-rm-gw-temp,2344
1786484220,zone2-living-rm-gw-temp,2347
1786484280,zone2-living-rm-gw-temp,2351
1786484340,zone2-living-rm-gw-temp,2350
1786484400,zone2-living-rm-gw-temp,2351
1786484401,zone5-living-rm-fancoil-heat-call,1
1786484460,zone2-living-rm-gw-temp,2352
1786484520,zone2-living-rm-gw-temp,2352
1786484580,zone2-living-rm-gw-temp,2353
1786484640,zone2-living-rm-gw-temp,2354
1786484700,zone2-living-rm-gw-temp,2357
1786484701,zone5-living-rm-fancoil-heat-call,1
1786484760,zone2-living-rm-gw-temp,2355
1786484820,zone2-living-rm-gw-temp,2356
1786484880,zone2-living-rm-gw-temp,2358
1786484940,zone2-living-rm-gw-temp,2363
1786485000,zone2-living-rm-gw-temp,2360
1786485001,zone5-living-rm-fancoil-heat-call,1
1786485060,zone2-living-rm-gw-temp,2361
1786485120,zone2-living-rm-gw-temp,2360
1786485180,zone2-living-rm-gw-temp,2360
1786485240,zone2-living-rm-gw-temp,2362
1786485300,zone2-living-rm-gw-temp,2360
1786485301,zone5-living-rm-fancoil-heat-call,1
1786485360,zone2-living-rm-gw-temp,2363
1786485420,zone2-living-rm-gw-temp,2360
1786485480,zone2-living-rm-gw-temp,2361
1786485540,zone2-living-rm-gw-temp,2359
1786485600,zone2-living-rm-gw-temp,2358
1786485601,zone5-living-rm-fancoil-heat-call,1
1786485660,zone2-living-rm-gw-temp,2360
1786485720,zone2-living-rm-gw-temp,2360
1786485780,zone2-living-rm-gw-temp,2359
1786485840,zone2-living-rm-gw-temp,2358
1786485900,zone2-living-rm-gw-temp,2361
1786485901,zone5-living-rm-fancoil-heat-call,1
1786485960,zone2-living-rm-gw-temp,2358
1786486020,zone2-living-rm-gw-temp,2359
1786486080,zone2-living-rm-gw-temp,2365
1786486140,zone2-living-rm-gw-temp,2368
1786486200,zone2-living-rm-gw-temp,2372
1786486201,zone5-living-rm-fancoil-heat-call,1
1786486260,zone2-living-rm-gw-temp,2378
1786486320,zone2-living-rm-gw-temp,2378
1786486380,zone2-living-rm-gw-temp,2379
1786486440,zone2-living-rm-gw-temp,2378
1786486500,zone2-living-rm-gw-temp,2380
1786486501,zone5-living-rm-fancoil-heat-call,1
1786486524,zone2-living-rm-gw-temp,2384
1786486560,zone2-living-rm-gw-temp,2384
1786486620,zone2-living-rm-gw-temp,2382
1786486680,zone2-living-rm-gw-temp,2383
1786486740,zone2-living-rm-gw-temp,2383
1786486800,zone2-living-rm-gw-temp,2386
1786486801,zone5-living-rm-fancoil-heat-call,1
1786486860,zone2-living-rm-gw-temp,2388
1786486920,zone2-living-rm-gw-temp,2392
1786486980,zone2-living-rm-gw-temp,2389
1786487040,zone2-living-rm-gw-temp,2394
1786487100,zone2-living-rm-gw-temp,2393
1786487101,zone5-living-rm-fancoil-heat-call,1
1786487160,zone2-living-rm-gw-temp,2394
1786487220,zone2-living-rm-gw-temp,2389
1786487280,zone2-living-rm-gw-temp,2386
1786487340,zone2-living-rm-gw-temp,2383
1786487400,zone2-living-rm-gw-temp,2382
1786487401,zone5-living-rm-fancoil-heat-call,1
1786487460,zone2-living-rm-gw-temp,2379
1786487520,zone2-living-rm-gw-temp,2377
1786487580,zone2-living-rm-gw-temp,2377
1786487640,zone2-living-rm-gw-temp,2375
1786487700,zone2-living-rm-gw-temp,2373
1786487701,zone5-living-rm-fancoil-heat-call,1
1786487760,zone2-living-rm-gw-temp,2371
1786487820,zone2-living-rm-gw-temp,2369
1786487880,zone2-living-rm-gw-temp,2369
1786487940,zone2-living-rm-gw-temp,2366
1786488000,zone2-living-rm-gw-temp,2364
1786488001,zone5-living-rm-fancoil-heat-call,1
1786488060,zone2-living-rm-gw-temp,2363
1786488120,zone2-living-rm-gw-temp,2365
1786488180,zone2-living-rm-gw-temp,2363
1786488240,zone2-living-rm-gw-temp,2362
1786488300,zone2-living-rm-gw-temp,2361
1786488301,zone5-living-rm-fancoil-heat-call,1
1786488360,zone2-living-rm-gw-temp,2362
1786488420,zone2-living-rm-gw-temp,2359
1786488480,zone2-living-rm-gw-temp,2359
1786488540,zone2-living-rm-gw-temp,2358
1786488600,zone2-living-rm-gw-temp,2357
1786488601,zone5-living-rm-fancoil-heat-call,1
1786488660,zone2-living-rm-gw-temp,2356
1786488720,zone2-living-rm-gw-temp,2356
1786488780,zone2-living-rm-gw-temp,2353
1786488840,zone2-living-rm-gw-temp,2355
1786488900,zone2-living-rm-gw-temp,2354
1786488901,zone5-living-rm-fancoil-heat-call,1
1786488960,zone2-living-rm-gw-temp,2353
1786489020,zone2-living-rm-gw-temp,2351
1786489080,zone2-living-rm-gw-temp,2352
1786489140,zone2-living-rm-gw-temp,2351
1786489200,zone2-living-rm-gw-temp,2352
1786489201,zone5-living-rm-fancoil-heat-call,1
1786489260,zone2-living-rm-gw-temp,2350
1786489320,zone2-living-rm-gw-temp,2351
1786489380,zone2-living-rm-gw-temp,2349
1786489440,zone2-living-rm-gw-temp,2348
1786489500,zone2-living-rm-gw-temp,2348
1786489501,zone5-living-rm-fancoil-heat-call,1
1786489560,zone2-living-rm-gw-temp,2348
1786489620,zone2-living-rm-gw-temp,2345
1786489680,zone2-living-rm-gw-temp,2347
1786489740,zone2-living-rm-gw-temp,2344
1786489800,zone2-living-rm-gw-temp,2345
1786489801,zone5-living-rm-fancoil-heat-call,1
1786489860,zone2-living-rm-gw-temp,2344
1786489920,zone2-living-rm-gw-temp,2344
1786489980,zone2-living-rm-gw-temp,2343
1786490040,zone2-living-rm-gw-temp,2343
1786490100,zone2-living-rm-gw-temp,2342
1786490101,zone5-living-rm-fancoil-heat-call,1
1786490160,zone2-living-rm-gw-temp,2342
1786490220,zone2-living-rm-gw-temp,2341
1786490280,zone2-living-rm-gw-temp,2342
1786490331,zone5-living-rm-fancoil-heat-call,0
1786490340,zone2-living-rm-gw-temp,2340
1786490400,zone2-living-rm-gw-temp,2341
1786490401,zone5-living-rm-fancoil-heat-call,0
1786490460,zone2-living-rm-gw-temp,2337
1786490520,zone2-living-rm-gw-temp,2340
1786490580,zone2-living-rm-gw-temp,2338
1786490640,zone2-living-rm-gw-temp,2338
1786490700,zone2-living-rm-gw-temp,2337
1786490701,zone5-living-rm-fancoil-heat-call,0
1786490760,zone2-living-rm-gw-temp,2338
1786490820,zone2-living-rm-gw-temp,2338
1786490880,zone2-living-rm-gw-temp,2339
1786490940,zone2-living-rm-gw-temp,2338
1786491000,zone2-living-rm-gw-temp,2339
1786491001,zone5-living-rm-fancoil-heat-call,0
1786491060,zone2-living-rm-gw-temp,2336
1786491120,zone2-living-rm-gw-temp,2337
1786491171,zone2-living-rm-gw-temp,2334
1786491180,zone2-living-rm-gw-temp,2335
1786491240,zone2-living-rm-gw-temp,2337
1786491300,zone2-living-rm-gw-temp,2335
1786491301,zone5-living-rm-fancoil-heat-call,0
1786491360,zone2-living-rm-gw-temp,2334
1786491420,zone2-living-rm-gw-temp,2335
1786491480,zone2-living-rm-gw-temp,2332
1786491540,zone2-living-rm-gw-temp,2333
1786491600,zone2-living-rm-gw-temp,2332
1786491601,zone5-living-rm-fancoil-heat-call,0
1786491660,zone2-living-rm-gw-temp,2334
1786491720,zone2-living-rm-gw-temp,2331
1786491780,zone2-living-rm-gw-temp,2332
1786491840,zone2-living-rm-gw-temp,2330
1786491900,zone2-living-rm-gw-temp,2331
1786491901,zone5-living-rm-fancoil-heat-call,0
1786491960,zone2-living-rm-gw-temp,2329
1786492020,zone2-living-rm-gw-temp,2332
1786492080,zone2-living-rm-gw-temp,2331
1786492140,zone2-living-rm-gw-temp,2329
1786492200,zone2-living-rm-gw-temp,2331
1786492201,zone5-living-rm-fancoil-heat-call,0
1786492260,zone2-living-rm-gw-temp,2331
1786492320,zone2-living-rm-gw-temp,2332
1786492380,zone2-living-rm-gw-temp,2331
1786492440,zone2-living-rm-gw-temp,2330
1786492500,zone2-living-rm-gw-temp,2329
1786492501,zone5-living-rm-fancoil-heat-call,0
1786492560,zone2-living-rm-gw-temp,2328
1786492620,zone2-living-rm-gw-temp,2328
1786492680,zone2-living-rm-gw-temp,2329
1786492740,zone2-living-rm-gw-temp,2327
1786492800,zone2-living-rm-gw-temp,2327
1786492801,zone5-living-rm-fancoil-heat-call,0
1786492860,zone2-living-rm-gw-temp,2326
1786492920,zone2-living-rm-gw-temp,2326
1786492980,zone2-living-rm-gw-temp,2324
1786493040,zone2-living-rm-gw-temp,2328
1786493100,zone2-living-rm-gw-temp,2322
1786493101,zone5-living-rm-fancoil-heat-call,0
1786493160,zone2-living-rm-gw-temp,2325
1786493220,zone2-living-rm-gw-temp,2325
1786493280,zone2-living-rm-gw-temp,2323
1786493340,zone2-living-rm-gw-temp,2322
1786493400,zone2-living-rm-gw-temp,2323
1786493401,zone5-living-rm-fancoil-heat-call,0
1786493460,zone2-living-rm-gw-temp,2321
1786493520,zone2-living-rm-gw-temp,2322
1786493580,zone2-living-rm-gw-temp,2322
1786493640,zone2-living-rm-gw-temp,2321
1786493700,zone2-living-rm-gw-temp,2318
1786493701,zone5-living-rm-fancoil-heat-call,0
1786493760,zone2-living-rm-gw-temp,2320
1786493820,zone2-living-rm-gw-temp,2319
1786493880,zone2-living-rm-gw-temp,2319
1786493940,zone2-living-rm-gw-temp,2319
1786494000,zone2-living-rm-gw-temp,2319
1786494001,zone5-living-rm-fancoil-heat-call,0
1786494060,zone2-living-rm-gw-temp,2317
1786494120,zone2-living-rm-gw-temp,2318
1786494180,zone2-living-rm-gw-temp,2319
1786494240,zone2-living-rm-gw-temp,2318
1786494300,zone2-living-rm-gw-temp,2316
1786494301,zone5-living-rm-fancoil-heat-call,0
1786494360,zone2-living-rm-gw-temp,2318
1786494420,zone2-living-rm-gw-temp,2318
1786494480,zone2-living-rm-gw-temp,2319
1786494540,zone2-living-rm-gw-temp,2319
1786494600,zone2-living-rm-gw-temp,2315
1786494601,zone5-living-rm-fancoil-heat-call,0
1786494660,zone2-living-rm-gw-temp,2318
1786494720,zone2-living-rm-gw-temp,2318
1786494780,zone2-living-rm-gw-temp,2317
1786494840,zone2-living-rm-gw-temp,2318
1786494900,zone2-living-rm-gw-temp,2316
1786494901,zone5-living-rm-fancoil-heat-call,0
1786494960,zone2-living-rm-gw-temp,2316
1786495020,zone2-living-rm-gw-temp,2316
1786495080,zone2-living-rm-gw-temp,2316
1786495140,zone2-living-rm-gw-temp,2312
1786495200,zone2-living-rm-gw-temp,2312
1786495201,zone5-living-rm-fancoil-heat-call,0
1786495260,zone2-living-rm-gw-temp,2314
1786495320,zone2-living-rm-gw-temp,2313
1786495380,zone2-living-rm-gw-temp,2314
1786495440,zone2-living-rm-gw-temp,2312
1786495500,zone2-living-rm-gw-temp,2313
1786495501,zone5-living-rm-fancoil-heat-call,0
1786495560,zone2-living-rm-gw-temp,2312
1786495620,zone2-living-rm-gw-temp,2311
1786495680,zone2-living-rm-gw-temp,2311
1786495740,zone2-living-rm-gw-temp,2310
1786495800,zone2-living-rm-gw-temp,2310
1786495801,zone5-living-rm-fancoil-heat-call,0
1786495860,zone2-living-rm-gw-temp,2309
1786495920,zone2-living-rm-gw-temp,2309
1786495980,zone2-living-rm-gw-temp,2309
1786496040,zone2-living-rm-gw-temp,2308
1786496100,zone2-living-rm-gw-temp,2308
1786496101,zone5-living-rm-fancoil-heat-call,0
1786496160,zone2-living-rm-gw-temp,2309
1786496220,zone2-living-rm-gw-temp,2308
1786496280,zone2-living-rm-gw-temp,2308
1786496340,zone2-living-rm-gw-temp,2309
1786496400,zone2-living-rm-gw-temp,2304
1786496401,zone5-living-rm-fancoil-heat-call,0
1786496460,zone2-living-rm-gw-temp,2307
1786496520,zone2-living-rm-gw-temp,2303
1786496580,zone2-living-rm-gw-temp,2303
1786496640,zone2-living-rm-gw-temp,2303
1786496700,zone2-living-rm-gw-temp,2304
1786496701,zone5-living-rm-fancoil-heat-call,0
1786496760,zone2-living-rm-gw-temp,2301
1786496820,zone2-living-rm-gw-temp,2303
1786496880,zone2-living-rm-gw-temp,2304
1786496940,zone2-living-rm-gw-temp,2304
1786497000,zone2-living-rm-gw-temp,2305
1786497001,zone5-living-rm-fancoil-heat-call,0
1786497060,zone2-living-rm-gw-temp,2302
1786497120,zone2-living-rm-gw-temp,2303
1786497180,zone2-living-rm-gw-temp,2303
1786497240,zone2-living-rm-gw-temp,2304
1786497300,zone2-living-rm-gw-temp,2303
1786497301,zone5-living-rm-fancoil-heat-call,0
1786497360,zone2-living-rm-gw-temp,2303
1786497420,zone2-living-rm-gw-temp,2302
1786497480,zone2-living-rm-gw-temp,2303
1786497540,zone2-living-rm-gw-temp,2305
1786497600,zone2-living-rm-gw-temp,2305
1786497601,zone5-living-rm-fancoil-heat-call,0
1786497660,zone2-living-rm-gw-temp,2305
1786497720,zone2-living-rm-gw-temp,2303
1786497780,zone2-living-rm-gw-temp,2306
1786497840,zone2-living-rm-gw-temp,2306
1786497900,zone2-living-rm-gw-temp,2305
1786497901,zone5-living-rm-fancoil-heat-call,0
1786497960,zone2-living-rm-gw-temp,2306
1786498020,zone2-living-rm-gw-temp,2305
1786498080,zone2-living-rm-gw-temp,2306
1786498140,zone2-living-rm-gw-temp,2306
1786498200,zone2-living-rm-gw-temp,2307
1786498201,zone5-living-rm-fancoil-heat-call,0
1786498260,zone2-living-rm-gw-temp,2308
1786498320,zone2-living-rm-gw-temp,2308
1786498380,zone2-living-rm-gw-temp,2308
1786498440,zone2-living-rm-gw-temp,2308
1786498500,zone2-living-rm-gw-temp,2307
1786498501,zone5-living-rm-fancoil-heat-call,0
1786498560,zone2-living-rm-gw-temp,2309
1786498620,zone2-living-rm-gw-temp,2310
1786498680,zone2-living-rm-gw-temp,2309
1786498740,zone2-living-rm-gw-temp,2310
1786498800,zone2-living-rm-gw-temp,2309
1786498801,zone5-living-rm-fancoil-heat-call,0
1786498860,zone2-living-rm-gw-temp,2309
1786498920,zone2-living-rm-gw-temp,2309
1786498980,zone2-living-rm-gw-temp,2310
1786499040,zone2-living-rm-gw-temp,2310
1786499100,zone2-living-rm-gw-temp,2310
1786499101,zone5-living-rm-fancoil-heat-call,0
1786499160,zone2-living-rm-gw-temp,2310
1786499220,zone2-living-rm-gw-temp,2313
1786499280,zone2-living-rm-gw-temp,2311
1786499340,zone2-living-rm-gw-temp,2313
1786499400,zone2-living-rm-gw-temp,2312
1786499401,zone5-living-rm-fancoil-heat-call,0
1786499460,zone2-living-rm-gw-temp,2313
1786499520,zone2-living-rm-gw-temp,2313
1786499580,zone2-living-rm-gw-temp,2312
1786499640,zone2-living-rm-gw-temp,2313
1786499700,zone2-living-rm-gw-temp,2313
1786499701,zone5-living-rm-fancoil-heat-call,0
1786499760,zone2-living-rm-gw-temp,2313
1786499820,zone2-living-rm-gw-temp,2311
1786499880,zone2-living-rm-gw-temp,2313
1786499940,zone2-living-rm-gw-temp,2313
1786500000,zone2-living-rm-gw-temp,2311
1786500001,zone5-living-rm-fancoil-heat-call,0
1786500060,zone2-living-rm-gw-temp,2312
1786500120,zone2-living-rm-gw-temp,2315
1786500180,zone2-living-rm-gw-temp,2312
1786500240,zone2-living-rm-gw-temp,2315
1786500300,zone2-living-rm-gw-temp,2314
1786500301,zone5-living-rm-fancoil-heat-call,0
1786500360,zone2-living-rm-gw-temp,2315
1786500420,zone2-living-rm-gw-temp,2312
1786500480,zone2-living-rm-gw-temp,2315
1786500540,zone2-living-rm-gw-temp,2312
1786500600,zone2-living-rm-gw-temp,2315
1786500601,zone5-living-rm-fancoil-heat-call,0
1786500660,zone2-living-rm-gw-temp,2316
1786500720,zone2-living-rm-gw-temp,2314
1786500780,zone2-living-rm-gw-temp,2315
1786500840,zone2-living-rm-gw-temp,2314
1786500900,zone2-living-rm-gw-temp,2315
1786500901,zone5-living-rm-fancoil-heat-call,0
1786500960,zone2-living-rm-gw-temp,2315
1786501020,zone2-living-rm-gw-temp,2315
1786501080,zone2-living-rm-gw-temp,2315
1786501140,zone2-living-rm-gw-temp,2317
1786501200,zone2-living-rm-gw-temp,2315
1786501201,zone5-living-rm-fancoil-heat-call,0
1786501260,zone2-living-rm-gw-temp,2318
1786501320,zone2-living-rm-gw-temp,2314
1786501380,zone2-living-rm-gw-temp,2316
1786501440,zone2-living-rm-gw-temp,2316
1786501500,zone2-living-rm-gw-temp,2316
1786501501,zone5-living-rm-fancoil-heat-call,0
1786501560,zone2-living-rm-gw-temp,2317
1786501620,zone2-living-rm-gw-temp,2315
1786501680,zone2-living-rm-gw-temp,2317
1786501740,zone2-living-rm-gw-temp,2318
1786501800,zone2-living-rm-gw-temp,2318
1786501801,zone5-living-rm-fancoil-heat-call,0
1786501860,zone2-living-rm-gw-temp,2316
1786501920,zone2-living-rm-gw-temp,2315
1786501980,zone2-living-rm-gw-temp,2314
1786502040,zone2-living-rm-gw-temp,2315
1786502100,zone2-living-rm-gw-temp,2315
1786502101,zone5-living-rm-fancoil-heat-call,0
1786502160,zone2-living-rm-gw-temp,2315
1786502220,zone2-living-rm-gw-temp,2314
1786502280,zone2-living-rm-gw-temp,2310
1786502340,zone2-living-rm-gw-temp,2313
1786502400,zone2-living-rm-gw-temp,2313
1786502401,zone5-living-rm-fancoil-heat-call,0
1786502460,zone2-living-rm-gw-temp,2311
1786502520,zone2-living-rm-gw-temp,2312
1786502580,zone2-living-rm-gw-temp,2310
1786502640,zone2-living-rm-gw-temp,2310
1786502700,zone2-living-rm-gw-temp,2311
1786502701,zone5-living-rm-fancoil-heat-call,0
1786502760,zone2-living-rm-gw-temp,2312
1786502820,zone2-living-rm-gw-temp,2309
1786502880,zone2-living-rm-gw-temp,2312
1786502940,zone2-living-rm-gw-temp,2312
1786503000,zone2-living-rm-gw-temp,2311
1786503001,zone5-living-rm-fancoil-heat-call,0
1786503060,zone2-living-rm-gw-temp,2309
1786503120,zone2-living-rm-gw-temp,2310
1786503180,zone2-living-rm-gw-temp,2310
1786503240,zone2-living-rm-gw-temp,2310
1786503300,zone2-living-rm-gw-temp,2309
1786503301,zone5-living-rm-fancoil-heat-call,0
1786503360,zone2-living-rm-gw-temp,2309
1786503420,zone2-living-rm-gw-temp,2307
1786503480,zone2-living-rm-gw-temp,2310
1786503540,zone2-living-rm-gw-temp,2310
1786503600,zone2-living-rm-gw-temp,2309
1786503601,zone5-living-rm-fancoil-heat-call,0
1786503660,zone2-living-rm-gw-temp,2307
1786503720,zone2-living-rm-gw-temp,2306
1786503780,zone2-living-rm-gw-temp,2308
1786503840,zone2-living-rm-gw-temp,2309
1786503900,zone2-living-rm-gw-temp,2307
1786503901,zone5-living-rm-fancoil-heat-call,0
1786503960,zone2-living-rm-gw-temp,2308
1786504020,zone2-living-rm-gw-temp,2308
1786504080,zone2-living-rm-gw-temp,2306
1786504140,zone2-living-rm-gw-temp,2305
1786504200,zone2-living-rm-gw-temp,2305
1786504201,zone5-living-rm-fancoil-heat-call,0
1786504260,zone2-living-rm-gw-temp,2308
1786504320,zone2-living-rm-gw-temp,2307
1786504380,zone2-living-rm-gw-temp,2306
1786504440,zone2-living-rm-gw-temp,2304
1786504500,zone2-living-rm-gw-temp,2304
1786504501,zone5-living-rm-fancoil-heat-call,0
1786504560,zone2-living-rm-gw-temp,2306
1786504620,zone2-living-rm-gw-temp,2306
1786504680,zone2-living-rm-gw-temp,2304
1786504740,zone2-living-rm-gw-temp,2305
1786504800,zone2-living-rm-gw-temp,2303
1786504801,zone5-living-rm-fancoil-heat-call,0
1786504860,zone2-living-rm-gw-temp,2304
1786504920,zone2-living-rm-gw-temp,2303
1786504980,zone2-living-rm-gw-temp,2303
1786505040,zone2-living-rm-gw-temp,2302
1786505100,zone2-living-rm-gw-temp,2300
1786505101,zone5-living-rm-fancoil-heat-call,0
1786505160,zone2-living-rm-gw-temp,2303
1786505220,zone2-living-rm-gw-temp,2302
1786505280,zone2-living-rm-gw-temp,2302
1786505340,zone2-living-rm-gw-temp,2300
1786505400,zone2-living-rm-gw-temp,2301
1786505401,zone5-living-rm-fancoil-heat-call,0
1786505460,zone2-living-rm-gw-temp,2302
1786505520,zone2-living-rm-gw-temp,2300
1786505580,zone2-living-rm-gw-temp,2300
1786505640,zone2-living-rm-gw-temp,2299
1786505700,zone2-living-rm-gw-temp,2298
1786505701,zone5-living-rm-fancoil-heat-call,0
1786505760,zone2-living-rm-gw-temp,2299
1786505820,zone2-living-rm-gw-temp,2300
1786505880,zone2-living-rm-gw-temp,2299
1786505940,zone2-living-rm-gw-temp,2298
1786506000,zone2-living-rm-gw-temp,2298
1786506001,zone5-living-rm-fancoil-heat-call,0
1786506060,zone2-living-rm-gw-temp,2300
1786506120,zone2-living-rm-gw-temp,2298
1786506180,zone2-living-rm-gw-temp,2298
1786506240,zone2-living-rm-gw-temp,2296
1786506300,zone2-living-rm-gw-temp,2297
1786506301,zone5-living-rm-fancoil-heat-call,0
1786506360,zone2-living-rm-gw-temp,2296
1786506420,zone2-living-rm-gw-temp,2297
1786506480,zone2-living-rm-gw-temp,2295
1786506540,zone2-living-rm-gw-temp,2295
1786506600,zone2-living-rm-gw-temp,2295
1786506601,zone5-living-rm-fancoil-heat-call,0
1786506660,zone2-living-rm-gw-temp,2293
1786506720,zone2-living-rm-gw-temp,2295
1786506780,zone2-living-rm-gw-temp,2295
1786506840,zone2-living-rm-gw-temp,2295
1786506900,zone2-living-rm-gw-temp,2295
1786506901,zone5-living-rm-fancoil-heat-call,0
1786506960,zone2-living-rm-gw-temp,2293
1786507020,zone2-living-rm-gw-temp,2293
1786507080,zone2-living-rm-gw-temp,2293
1786507140,zone2-living-rm-gw-temp,2292
1786507200,zone2-living-rm-gw-temp,2293
1786507201,zone5-living-rm-fancoil-heat-call,0
1786507260,zone2-living-rm-gw-temp,2294
1786507320,zone2-living-rm-gw-temp,2294
1786507380,zone2-living-rm-gw-temp,2293
1786507440,zone2-living-rm-gw-temp,2294
1786507500,zone2-living-rm-gw-temp,2293
1786507501,zone5-living-rm-fancoil-heat-call,0
1786507560,zone2-living-rm-gw-temp,2292
1786507620,zone2-living-rm-gw-temp,2293
1786507680,zone2-living-rm-gw-temp,2291
1786507740,zone2-living-rm-gw-temp,2291
1786507800,zone2-living-rm-gw-temp,2291
1786507801,zone5-living-rm-fancoil-heat-call,0
1786507860,zone2-living-rm-gw-temp,2293
1786507920,zone2-living-rm-gw-temp,2291
1786507980,zone2-living-rm-gw-temp,2292
1786508040,zone2-living-rm-gw-temp,2292
1786508100,zone2-living-rm-gw-temp,2291
1786508101,zone5-living-rm-fancoil-heat-call,0
1786508160,zone2-living-rm-gw-temp,2290
1786508220,zone2-living-rm-gw-temp,2291
1786508280,zone2-living-rm-gw-temp,2291
1786508340,zone2-living-rm-gw-temp,2291
1786508400,zone2-living-rm-gw-temp,2292
1786508401,zone5-living-rm-fancoil-heat-call,0
1786508460,zone2-living-rm-gw-temp,2291
1786508520,zone2-living-rm-gw-temp,2288
1786508580,zone2-living-rm-gw-temp,2289
1786508640,zone2-living-rm-gw-temp,2290
1786508700,zone2-living-rm-gw-temp,2290
1786508701,zone5-living-rm-fancoil-heat-call,0
1786508760,zone2-living-rm-gw-temp,2290
1786508820,zone2-living-rm-gw-temp,2290
1786508880,zone2-living-rm-gw-temp,2289
1786508940,zone2-living-rm-gw-temp,2289
1786509000,zone2-living-rm-gw-temp,2287
1786509001,zone5-living-rm-fancoil-heat-call,0
1786509060,zone2-living-rm-gw-temp,2290
1786509120,zone2-living-rm-gw-temp,2291
1786509180,zone2-living-rm-gw-temp,2288
1786509240,zone2-living-rm-gw-temp,2289
1786509300,zone2-living-rm-gw-temp,2290
1786509301,zone5-living-rm-fancoil-heat-call,0
1786509360,zone2-living-rm-gw-temp,2287
1786509420,zone2-living-rm-gw-temp,2288
1786509480,zone2-living-rm-gw-temp,2287
1786509540,zone2-living-rm-gw-temp,2289
1786509600,zone2-living-rm-gw-temp,2288
1786509601,zone5-living-rm-fancoil-heat-call,0
1786509660,zone2-living-rm-gw-temp,2288
1786509720,zone2-living-rm-gw-temp,2287
1786509764,zone2-living-rm-gw-temp,2284
1786509780,zone2-living-rm-gw-temp,2285
1786509840,zone2-living-rm-gw-temp,2286
1786509900,zone2-living-rm-gw-temp,2284
1786509901,zone5-living-rm-fancoil-heat-call,0
1786509960,zone2-living-rm-gw-temp,2288
1786510020,zone2-living-rm-gw-temp,2286
1786510080,zone2-living-rm-gw-temp,2286
1786510140,zone2-living-rm-gw-temp,2285
1786510200,zone2-living-rm-gw-temp,2285
1786510201,zone5-living-rm-fancoil-heat-call,0
1786510260,zone2-living-rm-gw-temp,2283
1786510320,zone2-living-rm-gw-temp,2283
1786510380,zone2-living-rm-gw-temp,2282
1786510440,zone2-living-rm-gw-temp,2282
1786510500,zone2-living-rm-gw-temp,2282
1786510501,zone5-living-rm-fancoil-heat-call,0
1786510560,zone2-living-rm-gw-temp,2286
1786510620,zone2-living-rm-gw-temp,2284
1786510680,zone2-living-rm-gw-temp,2283
1786510740,zone2-living-rm-gw-temp,2283
1786510800,zone2-living-rm-gw-temp,2282
1786510801,zone5-living-rm-fancoil-heat-call,0
1786510860,zone2-living-rm-gw-temp,2283
1786510920,zone2-living-rm-gw-temp,2282
1786510980,zone2-living-rm-gw-temp,2281
1786511040,zone2-living-rm-gw-temp,2282
1786511100,zone2-living-rm-gw-temp,2280
1786511101,zone5-living-rm-fancoil-heat-call,0
1786511160,zone2-living-rm-gw-temp,2280
1786511220,zone2-living-rm-gw-temp,2282
1786511280,zone2-living-rm-gw-temp,2282
1786511340,zone2-living-rm-gw-temp,2281
1786511400,zone2-living-rm-gw-temp,2282
1786511401,zone5-living-rm-fancoil-heat-call,0
1786511460,zone2-living-rm-gw-temp,2281
1786511520,zone2-living-rm-gw-temp,2281
1786511580,zone2-living-rm-gw-temp,2279
1786511640,zone2-living-rm-gw-temp,2279
1786511700,zone2-living-rm-gw-temp,2279
1786511701,zone5-living-rm-fancoil-heat-call,0
1786511760,zone2-living-rm-gw-temp,2280
1786511820,zone2-living-rm-gw-temp,2280
1786511880,zone2-living-rm-gw-temp,2280
1786511940,zone2-living-rm-gw-temp,2281
1786512000,zone2-living-rm-gw-temp,2279
1786512001,zone5-living-rm-fancoil-heat-call,0
1786512060,zone2-living-rm-gw-temp,2278
1786512120,zone2-living-rm-gw-temp,2279
1786512180,zone2-living-rm-gw-temp,2279
1786512240,zone2-living-rm-gw-temp,2279
1786512300,zone2-living-rm-gw-temp,2278
1786512301,zone5-living-rm-fancoil-heat-call,0
1786512360,zone2-living-rm-gw-temp,2277
1786512420,zone2-living-rm-gw-temp,2278
1786512480,zone2-living-rm-gw-temp,2281
1786512540,zone2-living-rm-gw-temp,2279
1786512600,zone2-living-rm-gw-temp,2279
1786512601,zone5-living-rm-fancoil-heat-call,0
1786512660,zone2-living-rm-gw-temp,2277
1786512720,zone2-living-rm-gw-temp,2276
1786512780,zone2-living-rm-gw-temp,2278
1786512840,zone2-living-rm-gw-temp,2278
1786512900,zone2-living-rm-gw-temp,2278
1786512901,zone5-living-rm-fancoil-heat-call,0
1786512960,zone2-living-rm-gw-temp,2277
1786513020,zone2-living-rm-gw-temp,2276
1786513080,zone2-living-rm-gw-temp,2275
1786513140,zone2-living-rm-gw-temp,2278
1786513200,zone2-living-rm-gw-temp,2278
1786513201,zone5-living-rm-fancoil-heat-call,0
1786513260,zone2-living-rm-gw-temp,2277
1786513320,zone2-living-rm-gw-temp,2275
1786513380,zone2-living-rm-gw-temp,2275
1786513440,zone2-living-rm-gw-temp,2276
1786513500,zone2-living-rm-gw-temp,2278
1786513501,zone5-living-rm-fancoil-heat-call,0
1786513560,zone2-living-rm-gw-temp,2276
1786513620,zone2-living-rm-gw-temp,2275
1786513680,zone2-living-rm-gw-temp,2275
1786513740,zone2-living-rm-gw-temp,2278
1786513800,zone2-living-rm-gw-temp,2276
1786513801,zone5-living-rm-fancoil-heat-call,0
1786513860,zone2-living-rm-gw-temp,2275
1786513920,zone2-living-rm-gw-temp,2273
1786513980,zone2-living-rm-gw-temp,2273
1786514040,zone2-living-rm-gw-temp,2275
1786514100,zone2-living-rm-gw-temp,2275
1786514101,zone5-living-rm-fancoil-heat-call,0
1786514160,zone2-living-rm-gw-temp,2273
1786514220,zone2-living-rm-gw-temp,2274
1786514280,zone2-living-rm-gw-temp,2274
1786514340,zone2-living-rm-gw-temp,2275
1786514400,zone2-living-rm-gw-temp,2273
1786514401,zone5-living-rm-fancoil-heat-call,0
1786514460,zone2-living-rm-gw-temp,2274
1786514520,zone2-living-rm-gw-temp,2272
1786514580,zone2-living-rm-gw-temp,2272
1786514640,zone2-living-rm-gw-temp,2270
1786514700,zone2-living-rm-gw-temp,2270
1786514701,zone5-living-rm-fancoil-heat-call,0
1786514760,zone2-living-rm-gw-temp,2272
1786514820,zone2-living-rm-gw-temp,2273
1786514880,zone2-living-rm-gw-temp,2271
1786514940,zone2-living-rm-gw-temp,2271
1786515000,zone2-living-rm-gw-temp,2269
1786515001,zone5-living-rm-fancoil-heat-call,0
1786515060,zone2-living-rm-gw-temp,2271
1786515120,zone2-living-rm-gw-temp,2272
1786515180,zone2-living-rm-gw-temp,2270
1786515240,zone2-living-rm-gw-temp,2269
1786515300,zone2-living-rm-gw-temp,2269
1786515301,zone5-living-rm-fancoil-heat-call,0
1786515360,zone2-living-rm-gw-temp,2272
1786515420,zone2-living-rm-gw-temp,2270
1786515480,zone2-living-rm-gw-temp,2268
1786515540,zone2-living-rm-gw-temp,2267
1786515600,zone2-living-rm-gw-temp,2269
1786515601,zone5-living-rm-fancoil-heat-call,0
1786515660,zone2-living-rm-gw-temp,2269
1786515720,zone2-living-rm-gw-temp,2269
1786515780,zone2-living-rm-gw-temp,2267
1786515840,zone2-living-rm-gw-temp,2268
1786515900,zone2-living-rm-gw-temp,2270
1786515901,zone5-living-rm-fancoil-heat-call,0
1786515960,zone2-living-rm-gw-temp,2269
1786516020,zone2-living-rm-gw-temp,2268
1786516080,zone2-living-rm-gw-temp,2267
1786516140,zone2-living-rm-gw-temp,2269
1786516200,zone2-living-rm-gw-temp,2268
1786516201,zone5-living-rm-fancoil-heat-call,0
1786516260,zone2-living-rm-gw-temp,2267
1786516320,zone2-living-rm-gw-temp,2267
1786516380,zone2-living-rm-gw-temp,2268
1786516440,zone2-living-rm-gw-temp,2266
1786516500,zone2-living-rm-gw-temp,2267
1786516501,zone5-living-rm-fancoil-heat-call,0
1786516560,zone2-living-rm-gw-temp,2265
1786516620,zone2-living-rm-gw-temp,2265
1786516680,zone2-living-rm-gw-temp,2268
1786516740,zone2-living-rm-gw-temp,2267
1786516800,zone2-living-rm-gw-temp,2268
1786516801,zone5-living-rm-fancoil-heat-call,0
1786516860,zone2-living-rm-gw-temp,2264
1786516920,zone2-living-rm-gw-temp,2265
1786516980,zone2-living-rm-gw-temp,2266
1786517040,zone2-living-rm-gw-temp,2268
1786517100,zone2-living-rm-gw-temp,2266
1786517101,zone5-living-rm-fancoil-heat-call,0
1786517160,zone2-living-rm-gw-temp,2265
1786517220,zone2-living-rm-gw-temp,2265
1786517280,zone2-living-rm-gw-temp,2267
1786517340,zone2-living-rm-gw-temp,2266
1786517400,zone2-living-rm-gw-temp,2266
1786517401,zone5-living-rm-fancoil-heat-call,0
1786517460,zone2-living-rm-gw-temp,2265
1786517520,zone2-living-rm-gw-temp,2266
1786517580,zone2-living-rm-gw-temp,2265
1786517640,zone2-living-rm-gw-temp,2264
1786517700,zone2-living-rm-gw-temp,2264
1786517701,zone5-living-rm-fancoil-heat-call,0
1786517760,zone2-living-rm-gw-temp,2266
1786517820,zone2-living-rm-gw-temp,2265
1786517880,zone2-living-rm-gw-temp,2264
1786517940,zone2-living-rm-gw-temp,2264
1786518000,zone2-living-rm-gw-temp,2264
1786518001,zone5-living-rm-fancoil-heat-call,0
1786518060,zone2-living-rm-gw-temp,2266
1786518120,zone2-living-rm-gw-temp,2265
1786518180,zone2-living-rm-gw-temp,2264
1786518240,zone2-living-rm-gw-temp,2264
1786518300,zone2-living-rm-gw-temp,2263
1786518301,zone5-living-rm-fancoil-heat-call,0
1786518360,zone2-living-rm-gw-temp,2264
1786518420,zone2-living-rm-gw-temp,2265
1786518480,zone2-living-rm-gw-temp,2264
1786518540,zone2-living-rm-gw-temp,2264
1786518600,zone2-living-rm-gw-temp,2264
1786518601,zone5-living-rm-fancoil-heat-call,0
1786518660,zone2-living-rm-gw-temp,2263
1786518720,zone2-living-rm-gw-temp,2263
1786518780,zone2-living-rm-gw-temp,2265
1786518840,zone2-living-rm-gw-temp,2264
1786518900,zone2-living-rm-gw-temp,2263
1786518901,zone5-living-rm-fancoil-heat-call,0
1786518960,zone2-living-rm-gw-temp,2261
1786519020,zone2-living-rm-gw-temp,2261
1786519080,zone2-living-rm-gw-temp,2263
1786519140,zone2-living-rm-gw-temp,2262
1786519200,zone2-living-rm-gw-temp,2262
1786519201,zone5-living-rm-fancoil-heat-call,0
1786519260,zone2-living-rm-gw-temp,2259
1786519320,zone2-living-rm-gw-temp,2262
1786519380,zone2-living-rm-gw-temp,2262
1786519440,zone2-living-rm-gw-temp,2261
1786519500,zone2-living-rm-gw-temp,2262
1786519501,zone5-living-rm-fancoil-heat-call,0
1786519560,zone2-living-rm-gw-temp,2260
1786519620,zone2-living-rm-gw-temp,2262
1786519680,zone2-living-rm-gw-temp,2261
1786519740,zone2-living-rm-gw-temp,2260
1786519800,zone2-living-rm-gw-temp,2257
1786519801,zone5-living-rm-fancoil-heat-call,0
1786519860,zone2-living-rm-gw-temp,2260
1786519920,zone2-living-rm-gw-temp,2261
1786519980,zone2-living-rm-gw-temp,2259
1786520040,zone2-living-rm-gw-temp,2259
1786520100,zone2-living-rm-gw-temp,2258
1786520101,zone5-living-rm-fancoil-heat-call,0
1786520160,zone2-living-rm-gw-temp,2257
1786520220,zone2-living-rm-gw-temp,2260
1786520280,zone2-living-rm-gw-temp,2258
1786520340,zone2-living-rm-gw-temp,2258
1786520400,zone2-living-rm-gw-temp,2257
1786520401,zone5-living-rm-fancoil-heat-call,0
1786520460,zone2-living-rm-gw-temp,2257
1786520520,zone2-living-rm-gw-temp,2258
1786520580,zone2-living-rm-gw-temp,2258
1786520640,zone2-living-rm-gw-temp,2258
1786520700,zone2-living-rm-gw-temp,2257
1786520701,zone5-living-rm-fancoil-heat-call,0
1786520760,zone2-living-rm-gw-temp,2257
1786520820,zone2-living-rm-gw-temp,2255
1786520880,zone2-living-rm-gw-temp,2256
1786520940,zone2-living-rm-gw-temp,2258
1786521000,zone2-living-rm-gw-temp,2258
1786521001,zone5-living-rm-fancoil-heat-call,0
1786521060,zone2-living-rm-gw-temp,2256
1786521120,zone2-living-rm-gw-temp,2255
1786521180,zone2-living-rm-gw-temp,2254
1786521240,zone2-living-rm-gw-temp,2257
1786521300,zone2-living-rm-gw-temp,2257
1786521301,zone5-living-rm-fancoil-heat-call,0
1786521360,zone2-living-rm-gw-temp,2255
1786521420,zone2-living-rm-gw-temp,2255
1786521480,zone2-living-rm-gw-temp,2255
1786521540,zone2-living-rm-gw-temp,2257
1786521600,zone2-living-rm-gw-temp,2257
1786521601,zone5-living-rm-fancoil-heat-call,0
1786521660,zone2-living-rm-gw-temp,2254
1786521720,zone2-living-rm-gw-temp,2255
1786521780,zone2-living-rm-gw-temp,2253
1786521840,zone2-living-rm-gw-temp,2253
1786521900,zone2-living-rm-gw-temp,2254
1786521901,zone5-living-rm-fancoil-heat-call,0
1786521960,zone2-living-rm-gw-temp,2257
1786522020,zone2-living-rm-gw-temp,2255
1786522080,zone2-living-rm-gw-temp,2255
1786522140,zone2-living-rm-gw-temp,2254
1786522200,zone2-living-rm-gw-temp,2254
1786522201,zone5-living-rm-fancoil-heat-call,0
1786522260,zone2-living-rm-gw-temp,2255
1786522320,zone2-living-rm-gw-temp,2254
1786522380,zone2-living-rm-gw-temp,2254
1786522440,zone2-living-rm-gw-temp,2254
1786522500,zone2-living-rm-gw-temp,2252
1786522501,zone5-living-rm-fancoil-heat-call,0
1786522560,zone2-living-rm-gw-temp,2256
1786522620,zone2-living-rm-gw-temp,2254
1786522680,zone2-living-rm-gw-temp,2254
1786522740,zone2-living-rm-gw-temp,2254
1786522800,zone2-living-rm-gw-temp,2254
1786522801,zone5-living-rm-fancoil-heat-call,0
1786522860,zone2-living-rm-gw-temp,2255
1786522920,zone2-living-rm-gw-temp,2255
1786522980,zone2-living-rm-gw-temp,2254
1786523040,zone2-living-rm-gw-temp,2254
1786523100,zone2-living-rm-gw-temp,2254
1786523101,zone5-living-rm-fancoil-heat-call,0
1786523160,zone2-living-rm-gw-temp,2252
1786523220,zone2-living-rm-gw-temp,2252
1786523280,zone2-living-rm-gw-temp,2251
1786523340,zone2-living-rm-gw-temp,2251
1786523400,zone2-living-rm-gw-temp,2251
1786523401,zone5-living-rm-fancoil-heat-call,0
1786523460,zone2-living-rm-gw-temp,2254
1786523520,zone2-living-rm-gw-temp,2255
1786523580,zone2-living-rm-gw-temp,2253
1786523640,zone2-living-rm-gw-temp,2253
1786523700,zone2-living-rm-gw-temp,2252
1786523701,zone5-living-rm-fancoil-heat-call,0
1786523760,zone2-living-rm-gw-temp,2249
1786523820,zone2-living-rm-gw-temp,2250
1786523880,zone2-living-rm-gw-temp,2251
1786523940,zone2-living-rm-gw-temp,2252
1786524000,zone2-living-rm-gw-temp,2251
1786524001,zone5-living-rm-fancoil-heat-call,0
1786524060,zone2-living-rm-gw-temp,2250
1786524120,zone2-living-rm-gw-temp,2250
1786524180,zone2-living-rm-gw-temp,2250
1786524240,zone2-living-rm-gw-temp,2251
1786524300,zone2-living-rm-gw-temp,2249
1786524301,zone5-living-rm-fancoil-heat-call,0
1786524360,zone2-living-rm-gw-temp,2248
1786524420,zone2-living-rm-gw-temp,2250
1786524480,zone2-living-rm-gw-temp,2249
1786524540,zone2-living-rm-gw-temp,2250
1786524600,zone2-living-rm-gw-temp,2249
1786524601,zone5-living-rm-fancoil-heat-call,0
1786524660,zone2-living-rm-gw-temp,2248
1786524720,zone2-living-rm-gw-temp,2248
1786524780,zone2-living-rm-gw-temp,2248
1786524840,zone2-living-rm-gw-temp,2247
1786524900,zone2-living-rm-gw-temp,2247
1786524901,zone5-living-rm-fancoil-heat-call,0
1786524960,zone2-living-rm-gw-temp,2247
1786525020,zone2-living-rm-gw-temp,2248
1786525080,zone2-living-rm-gw-temp,2247
1786525140,zone2-living-rm-gw-temp,2246
1786525200,zone2-living-rm-gw-temp,2246
1786525201,zone5-living-rm-fancoil-heat-call,0
1786525260,zone2-living-rm-gw-temp,2247
1786525320,zone2-living-rm-gw-temp,2246
1786525380,zone2-living-rm-gw-temp,2247
1786525440,zone2-living-rm-gw-temp,2248
1786525500,zone2-living-rm-gw-temp,2247
1786525501,zone5-living-rm-fancoil-heat-call,0
1786525560,zone2-living-rm-gw-temp,2246
1786525620,zone2-living-rm-gw-temp,2246
1786525680,zone2-living-rm-gw-temp,2244
1786525740,zone2-living-rm-gw-temp,2244
1786525800,zone2-living-rm-gw-temp,2246
1786525801,zone5-living-rm-fancoil-heat-call,0
1786525860,zone2-living-rm-gw-temp,2246
1786525920,zone2-living-rm-gw-temp,2246
1786525980,zone2-living-rm-gw-temp,2245
1786526040,zone2-living-rm-gw-temp,2246
1786526100,zone2-living-rm-gw-temp,2247
1786526101,zone5-living-rm-fancoil-heat-call,0
1786526160,zone2-living-rm-gw-temp,2244
1786526220,zone2-living-rm-gw-temp,2244
1786526280,zone2-living-rm-gw-temp,2243
1786526340,zone2-living-rm-gw-temp,2245
1786526400,zone2-living-rm-gw-temp,2244
1786526401,zone5-living-rm-fancoil-heat-call,0
1786526460,zone2-living-rm-gw-temp,2244
1786526520,zone2-living-rm-gw-temp,2245
1786526580,zone2-living-rm-gw-temp,2245
1786526640,zone2-living-rm-gw-temp,2243
1786526700,zone2-living-rm-gw-temp,2244
1786526701,zone5-living-rm-fancoil-heat-call,0
1786526760,zone2-living-rm-gw-temp,2243
1786526820,zone2-living-rm-gw-temp,2244
1786526880,zone2-living-rm-gw-temp,2243
1786526940,zone2-living-rm-gw-temp,2245
1786527000,zone2-living-rm-gw-temp,2245
1786527001,zone5-living-rm-fancoil-heat-call,0
1786527060,zone2-living-rm-gw-temp,2245
1786527120,zone2-living-rm-gw-temp,2245
1786527180,zone2-living-rm-gw-temp,2243
1786527240,zone2-living-rm-gw-temp,2243
1786527300,zone2-living-rm-gw-temp,2243
1786527301,zone5-living-rm-fancoil-heat-call,0
1786527360,zone2-living-rm-gw-temp,2242
1786527420,zone2-living-rm-gw-temp,2242
1786527480,zone2-living-rm-gw-temp,2245
1786527540,zone2-living-rm-gw-temp,2245
1786527600,zone2-living-rm-gw-temp,2245
1786527601,zone5-living-rm-fancoil-heat-call,0
1786527660,zone2-living-rm-gw-temp,2244
1786527720,zone2-living-rm-gw-temp,2242
1786527780,zone2-living-rm-gw-temp,2242
1786527840,zone2-living-rm-gw-temp,2243
1786527900,zone2-living-rm-gw-temp,2241
1786527901,zone5-living-rm-fancoil-heat-call,0
1786527960,zone2-living-rm-gw-temp,2243
1786528020,zone2-living-rm-gw-temp,2243
1786528080,zone2-living-rm-gw-temp,2243
1786528140,zone2-living-rm-gw-temp,2244
1786528200,zone2-living-rm-gw-temp,2242
1786528201,zone5-living-rm-fancoil-heat-call,0
1786528260,zone2-living-rm-gw-temp,2241
1786528320,zone2-living-rm-gw-temp,2241
1786528380,zone2-living-rm-gw-temp,2239
1786528440,zone2-living-rm-gw-temp,2242
1786528500,zone2-living-rm-gw-temp,2239
1786528501,zone5-living-rm-fancoil-heat-call,0
1786528560,zone2-living-rm-gw-temp,2241
1786528620,zone2-living-rm-gw-temp,2240
1786528680,zone2-living-rm-gw-temp,2242
1786528740,zone2-living-rm-gw-temp,2241
1786528800,zone2-living-rm-gw-temp,2241
1786528801,zone5-living-rm-fancoil-heat-call,0
1786528860,zone2-living-rm-gw-temp,2239
1786528920,zone2-living-rm-gw-temp,2239
1786528980,zone2-living-rm-gw-temp,2242
1786529040,zone2-living-rm-gw-temp,2240
1786529100,zone2-living-rm-gw-temp,2242
1786529101,zone5-living-rm-fancoil-heat-call,0
1786529160,zone2-living-rm-gw-temp,2239
1786529220,zone2-living-rm-gw-temp,2239
1786529280,zone2-living-rm-gw-temp,2239
1786529340,zone2-living-rm-gw-temp,2237
1786529400,zone2-living-rm-gw-temp,2240
1786529401,zone5-living-rm-fancoil-heat-call,0
1786529460,zone2-living-rm-gw-temp,2240
1786529520,zone2-living-rm-gw-temp,2238
1786529580,zone2-living-rm-gw-temp,2236
1786529640,zone2-living-rm-gw-temp,2237
1786529700,zone2-living-rm-gw-temp,2238
1786529701,zone5-living-rm-fancoil-heat-call,0
1786529760,zone2-living-rm-gw-temp,2239
1786529820,zone2-living-rm-gw-temp,2239
1786529880,zone2-living-rm-gw-temp,2239
1786529940,zone2-living-rm-gw-temp,2238
1786530000,zone2-living-rm-gw-temp,2237
1786530001,zone5-living-rm-fancoil-heat-call,0
1786530023,zone2-living-rm-gw-temp,2234
1786530060,zone2-living-rm-gw-temp,2237
1786530120,zone2-living-rm-gw-temp,2237
1786530180,zone2-living-rm-gw-temp,2239
1786530240,zone2-living-rm-gw-temp,2237
1786530300,zone2-living-rm-gw-temp,2237
1786530301,zone5-living-rm-fancoil-heat-call,0
1786530360,zone2-living-rm-gw-temp,2236
1786530420,zone2-living-rm-gw-temp,2235
1786530480,zone2-living-rm-gw-temp,2237
1786530540,zone2-living-rm-gw-temp,2238
1786530600,zone2-living-rm-gw-temp,2237
1786530601,zone5-living-rm-fancoil-heat-call,0
1786530660,zone2-living-rm-gw-temp,2237
1786530720,zone2-living-rm-gw-temp,2235
1786530780,zone2-living-rm-gw-temp,2234
1786530840,zone2-living-rm-gw-temp,2237
1786530900,zone2-living-rm-gw-temp,2238
1786530901,zone5-living-rm-fancoil-heat-call,0
1786530960,zone2-living-rm-gw-temp,2236
1786531020,zone2-living-rm-gw-temp,2236
1786531080,zone2-living-rm-gw-temp,2235
1786531140,zone2-living-rm-gw-temp,2235
1786531200,zone2-living-rm-gw-temp,2238
1786531201,zone5-living-rm-fancoil-heat-call,0
1786531260,zone2-living-rm-gw-temp,2236
1786531320,zone2-living-rm-gw-temp,2235
1786531380,zone2-living-rm-gw-temp,2234
1786531440,zone2-living-rm-gw-temp,2234
1786531500,zone2-living-rm-gw-temp,2235
1786531501,zone5-living-rm-fancoil-heat-call,0
1786531560,zone2-living-rm-gw-temp,2237
1786531620,zone2-living-rm-gw-temp,2237
1786531680,zone2-living-rm-gw-temp,2234
1786531740,zone2-living-rm-gw-temp,2234
1786531800,zone2-living-rm-gw-temp,2234
1786531801,zone5-living-rm-fancoil-heat-call,0
1786531860,zone2-living-rm-gw-temp,2237
1786531920,zone2-living-rm-gw-temp,2237
1786531980,zone2-living-rm-gw-temp,2235
1786532040,zone2-living-rm-gw-temp,2236
1786532100,zone2-living-rm-gw-temp,2237
1786532101,zone5-living-rm-fancoil-heat-call,0
1786532160,zone2-living-rm-gw-temp,2237
1786532220,zone2-living-rm-gw-temp,2237
1786532280,zone2-living-rm-gw-temp,2235
1786532340,zone2-living-rm-gw-temp,2238
1786532400,zone2-living-rm-gw-temp,2238
1786532401,zone5-living-rm-fancoil-heat-call,0
1786532460,zone2-living-rm-gw-temp,2235
1786532520,zone2-living-rm-gw-temp,2234
1786532580,zone2-living-rm-gw-temp,2234
1786532640,zone2-living-rm-gw-temp,2234
1786532700,zone2-living-rm-gw-temp,2231
1786532701,zone5-living-rm-fancoil-heat-call,0
1786532760,zone2-living-rm-gw-temp,2234
1786532820,zone2-living-rm-gw-temp,2232
1786532880,zone2-living-rm-gw-temp,2232
1786532940,zone2-living-rm-gw-temp,2233
1786533000,zone2-living-rm-gw-temp,2232
1786533001,zone5-living-rm-fancoil-heat-call,0
1786533060,zone2-living-rm-gw-temp,2235
1786533120,zone2-living-rm-gw-temp,2233
1786533180,zone2-living-rm-gw-temp,2234
1786533240,zone2-living-rm-gw-temp,2232
1786533300,zone2-living-rm-gw-temp,2231
1786533301,zone5-living-rm-fancoil-heat-call,0
1786533360,zone2-living-rm-gw-temp,2234
1786533420,zone2-living-rm-gw-temp,2233
1786533480,zone2-living-rm-gw-temp,2233
1786533540,zone2-living-rm-gw-temp,2231
1786533600,zone2-living-rm-gw-temp,2233
1786533601,zone5-living-rm-fancoil-heat-call,0
1786533660,zone2-living-rm-gw-temp,2232
1786533720,zone2-living-rm-gw-temp,2233
1786533780,zone2-living-rm-gw-temp,2234
1786533840,zone2-living-rm-gw-temp,2234
1786533900,zone2-living-rm-gw-temp,2234
1786533901,zone5-living-rm-fancoil-heat-call,0
1786533960,zone2-living-rm-gw-temp,2234
1786534020,zone2-living-rm-gw-temp,2231
1786534080,zone2-living-rm-gw-temp,2232
1786534140,zone2-living-rm-gw-temp,2235
1786534200,zone2-living-rm-gw-temp,2234
1786534201,zone5-living-rm-fancoil-heat-call,0
1786534260,zone2-living-rm-gw-temp,2233
1786534320,zone2-living-rm-gw-temp,2233
1786534380,zone2-living-rm-gw-temp,2234
1786534440,zone2-living-rm-gw-temp,2233
1786534500,zone2-living-rm-gw-temp,2234
1786534501,zone5-living-rm-fancoil-heat-call,0
1786534560,zone2-living-rm-gw-temp,2231
1786534620,zone2-living-rm-gw-temp,2233
1786534680,zone2-living-rm-gw-temp,2234
1786534740,zone2-living-rm-gw-temp,2234
1786534800,zone2-living-rm-gw-temp,2232
1786534801,zone5-living-rm-fancoil-heat-call,0
1786534860,zone2-living-rm-gw-temp,2232
1786534920,zone2-living-rm-gw-temp,2231
1786534980,zone2-living-rm-gw-temp,2236
1786535040,zone2-living-rm-gw-temp,2235
1786535100,zone2-living-rm-gw-temp,2234
1786535101,zone5-living-rm-fancoil-heat-call,0
1786535160,zone2-living-rm-gw-temp,2231
1786535220,zone2-living-rm-gw-temp,2231
1786535280,zone2-living-rm-gw-temp,2233
1786535340,zone2-living-rm-gw-temp,2234
1786535400,zone2-living-rm-gw-temp,2234
1786535401,zone5-living-rm-fancoil-heat-call,0
1786535460,zone2-living-rm-gw-temp,2233
1786535520,zone2-living-rm-gw-temp,2233
1786535580,zone2-living-rm-gw-temp,2233
1786535640,zone2-living-rm-gw-temp,2235
1786535700,zone2-living-rm-gw-temp,2236
1786535701,zone5-living-rm-fancoil-heat-call,0
1786535760,zone2-living-rm-gw-temp,2234
1786535820,zone2-living-rm-gw-temp,2232
1786535880,zone2-living-rm-gw-temp,2232
1786535940,zone2-living-rm-gw-temp,2234
1786536000,zone2-living-rm-gw-temp,2234
1786536001,zone5-living-rm-fancoil-heat-call,0
1786536060,zone2-living-rm-gw-temp,2236
1786536120,zone2-living-rm-gw-temp,2234
1786536180,zone2-living-rm-gw-temp,2235
1786536240,zone2-living-rm-gw-temp,2235
1786536300,zone2-living-rm-gw-temp,2236
1786536301,zone5-living-rm-fancoil-heat-call,0
1786536360,zone2-living-rm-gw-temp,2236
1786536420,zone2-living-rm-gw-temp,2236
1786536480,zone2-living-rm-gw-temp,2237
1786536540,zone2-living-rm-gw-temp,2236
1786536600,zone2-living-rm-gw-temp,2236
1786536601,zone5-living-rm-fancoil-heat-call,0
1786536660,zone2-living-rm-gw-temp,2236
1786536720,zone2-living-rm-gw-temp,2237
1786536780,zone2-living-rm-gw-temp,2238
1786536840,zone2-living-rm-gw-temp,2239
1786536900,zone2-living-rm-gw-temp,2240
1786536901,zone5-living-rm-fancoil-heat-call,0
1786536960,zone2-living-rm-gw-temp,2240
1786537020,zone2-living-rm-gw-temp,2239
1786537080,zone2-living-rm-gw-temp,2238
1786537140,zone2-living-rm-gw-temp,2239
1786537200,zone2-living-rm-gw-temp,2239
1786537201,zone5-living-rm-fancoil-heat-call,0
1786537260,zone2-living-rm-gw-temp,2242
1786537320,zone2-living-rm-gw-temp,2242
1786537380,zone2-living-rm-gw-temp,2241
1786537440,zone2-living-rm-gw-temp,2240
1786537500,zone2-living-rm-gw-temp,2241
1786537501,zone5-living-rm-fancoil-heat-call,0
1786537560,zone2-living-rm-gw-temp,2243
1786537620,zone2-living-rm-gw-temp,2242
1786537680,zone2-living-rm-gw-temp,2243
1786537740,zone2-living-rm-gw-temp,2243
1786537800,zone2-living-rm-gw-temp,2243
1786537801,zone5-living-rm-fancoil-heat-call,0
1786537860,zone2-living-rm-gw-temp,2242
1786537920,zone2-living-rm-gw-temp,2242
1786537980,zone2-living-rm-gw-temp,2245
1786538040,zone2-living-rm-gw-temp,2245
1786538100,zone2-living-rm-gw-temp,2246
1786538101,zone5-living-rm-fancoil-heat-call,0
1786538160,zone2-living-rm-gw-temp,2246
1786538220,zone2-living-rm-gw-temp,2245
1786538280,zone2-living-rm-gw-temp,2244
1786538340,zone2-living-rm-gw-temp,2243
1786538400,zone2-living-rm-gw-temp,2243
1786538401,zone5-living-rm-fancoil-heat-call,0
1786538460,zone2-living-rm-gw-temp,2244
1786538520,zone2-living-rm-gw-temp,2246
1786538580,zone2-living-rm-gw-temp,2245
1786538640,zone2-living-rm-gw-temp,2244
1786538700,zone2-living-rm-gw-temp,2245
1786538701,zone5-living-rm-fancoil-heat-call,0
1786538760,zone2-living-rm-gw-temp,2244
1786538820,zone2-living-rm-gw-temp,2243
1786538880,zone2-living-rm-gw-temp,2246
1786538940,zone2-living-rm-gw-temp,2246
1786539000,zone2-living-rm-gw-temp,2245
1786539001,zone5-living-rm-fancoil-heat-call,0
1786539060,zone2-living-rm-gw-temp,2244
1786539120,zone2-living-rm-gw-temp,2246
1786539180,zone2-living-rm-gw-temp,2245
1786539240,zone2-living-rm-gw-temp,2243
1786539300,zone2-living-rm-gw-temp,2245
1786539301,zone5-living-rm-fancoil-heat-call,0
1786539360,zone2-living-rm-gw-temp,2246
1786539420,zone2-living-rm-gw-temp,2248
1786539480,zone2-living-rm-gw-temp,2249
1786539540,zone2-living-rm-gw-temp,2250
1786539600,zone2-living-rm-gw-temp,2248
1786539601,zone5-living-rm-fancoil-heat-call,0
1786539660,zone2-living-rm-gw-temp,2251
1786539720,zone2-living-rm-gw-temp,2250
1786539780,zone2-living-rm-gw-temp,2251
1786539840,zone2-living-rm-gw-temp,2251
1786539900,zone2-living-rm-gw-temp,2253
1786539901,zone5-living-rm-fancoil-heat-call,0
1786539960,zone2-living-rm-gw-temp,2251
1786540020,zone2-living-rm-gw-temp,2253
1786540080,zone2-living-rm-gw-temp,2251
1786540140,zone2-living-rm-gw-temp,2252
1786540200,zone2-living-rm-gw-temp,2251
1786540201,zone5-living-rm-fancoil-heat-call,0
1786540260,zone2-living-rm-gw-temp,2252
1786540320,zone2-living-rm-gw-temp,2250
1786540380,zone2-living-rm-gw-temp,2250
1786540440,zone2-living-rm-gw-temp,2251
1786540500,zone2-living-rm-gw-temp,2249
1786540501,zone5-living-rm-fancoil-heat-call,0
1786540560,zone2-living-rm-gw-temp,2251
1786540620,zone2-living-rm-gw-temp,2250
1786540680,zone2-living-rm-gw-temp,2252
1786540740,zone2-living-rm-gw-temp,2249
1786540800,zone2-living-rm-gw-temp,2249
1786540801,zone5-living-rm-fancoil-heat-call,0
1786540860,zone2-living-rm-gw-temp,2250
1786540920,zone2-living-rm-gw-temp,2250
1786540980,zone2-living-rm-gw-temp,2251
1786541040,zone2-living-rm-gw-temp,2250
1786541100,zone2-living-rm-gw-temp,2251
1786541101,zone5-living-rm-fancoil-heat-call,0
1786541160,zone2-living-rm-gw-temp,2252
1786541220,zone2-living-rm-gw-temp,2250
1786541280,zone2-living-rm-gw-temp,2253
1786541340,zone2-living-rm-gw-temp,2251
1786541400,zone2-living-rm-gw-temp,2251
1786541401,zone5-living-rm-fancoil-heat-call,0
1786541460,zone2-living-rm-gw-temp,2253
1786541520,zone2-living-rm-gw-temp,2252
1786541580,zone2-living-rm-gw-temp,2254
1786541640,zone2-living-rm-gw-temp,2252
1786541700,zone2-living-rm-gw-temp,2253
1786541701,zone5-living-rm-fancoil-heat-call,0
1786541760,zone2-living-rm-gw-temp,2255
1786541820,zone2-living-rm-gw-temp,2252
1786541880,zone2-living-rm-gw-temp,2253
1786541940,zone2-living-rm-gw-temp,2252
1786542000,zone2-living-rm-gw-temp,2252
1786542001,zone5-living-rm-fancoil-heat-call,0
1786542060,zone2-living-rm-gw-temp,2254
1786542120,zone2-living-rm-gw-temp,2251
1786542180,zone2-living-rm-gw-temp,2253
1786542240,zone2-living-rm-gw-temp,2252
1786542300,zone2-living-rm-gw-temp,2253
1786542301,zone5-living-rm-fancoil-heat-call,0
1786542360,zone2-living-rm-gw-temp,2254
1786542420,zone2-living-rm-gw-temp,2251
1786542480,zone2-living-rm-gw-temp,2252
1786542540,zone2-living-rm-gw-temp,2253
1786542600,zone2-living-rm-gw-temp,2252
1786542601,zone5-living-rm-fancoil-heat-call,0
1786542660,zone2-living-rm-gw-temp,2253
1786542720,zone2-living-rm-gw-temp,2252
1786542780,zone2-living-rm-gw-temp,2252
1786542840,zone2-living-rm-gw-temp,2252
1786542900,zone2-living-rm-gw-temp,2254
1786542901,zone5-living-rm-fancoil-heat-call,0
1786542960,zone2-living-rm-gw-temp,2253
1786543020,zone2-living-rm-gw-temp,2252
1786543080,zone2-living-rm-gw-temp,2252
1786543140,zone2-living-rm-gw-temp,2252
1786543200,zone2-living-rm-gw-temp,2254
1786543201,zone5-living-rm-fancoil-heat-call,0
1786543260,zone2-living-rm-gw-temp,2252
1786543320,zone2-living-rm-gw-temp,2254
1786543380,zone2-living-rm-gw-temp,2253
1786543440,zone2-living-rm-gw-temp,2253
1786543500,zone2-living-rm-gw-temp,2254
1786543501,zone5-living-rm-fancoil-heat-call,0
1786543560,zone2-living-rm-gw-temp,2253
1786543620,zone2-living-rm-gw-temp,2252
1786543680,zone2-living-rm-gw-temp,2254
1786543740,zone2-living-rm-gw-temp,2252
1786543800,zone2-living-rm-gw-temp,2252
1786543801,zone5-living-rm-fancoil-heat-call,0
1786543860,zone2-living-rm-gw-temp,2254
1786543920,zone2-living-rm-gw-temp,2253
1786543980,zone2-living-rm-gw-temp,2252
1786544040,zone2-living-rm-gw-temp,2255
1786544100,zone2-living-rm-gw-temp,2254
1786544101,zone5-living-rm-fancoil-heat-call,0
1786544160,zone2-living-rm-gw-temp,2253
1786544220,zone2-living-rm-gw-temp,2254
1786544280,zone2-living-rm-gw-temp,2252
1786544340,zone2-living-rm-gw-temp,2254
1786544400,zone2-living-rm-gw-temp,2253
1786544401,zone5-living-rm-fancoil-heat-call,0
1786544460,zone2-living-rm-gw-temp,2253
1786544520,zone2-living-rm-gw-temp,2255
1786544580,zone2-living-rm-gw-temp,2253
1786544640,zone2-living-rm-gw-temp,2255
1786544700,zone2-living-rm-gw-temp,2254
1786544701,zone5-living-rm-fancoil-heat-call,0
1786544760,zone2-living-rm-gw-temp,2254
1786544820,zone2-living-rm-gw-temp,2255
1786544880,zone2-living-rm-gw-temp,2254
1786544940,zone2-living-rm-gw-temp,2255
1786545520,zone2-living-rm-gw-temp,2261
1786545521,zone5-living-rm-fancoil-heat-call,0
1786545540,zone2-living-rm-gw-temp,2261
1786545600,zone2-living-rm-gw-temp,2258
1786545601,zone5-living-rm-fancoil-heat-call,0
1786545660,zone2-living-rm-gw-temp,2259
1786545720,zone2-living-rm-gw-temp,2261
1786545780,zone2-living-rm-gw-temp,2258
1786545840,zone2-living-rm-gw-temp,2259
1786545900,zone2-living-rm-gw-temp,2257
1786545901,zone5-living-rm-fancoil-heat-call,0
1786545960,zone2-living-rm-gw-temp,2255
1786546020,zone2-living-rm-gw-temp,2258
1786546080,zone2-living-rm-gw-temp,2257
1786546140,zone2-living-rm-gw-temp,2255
1786546200,zone2-living-rm-gw-temp,2258
1786546201,zone5-living-rm-fancoil-heat-call,0
1786546260,zone2-living-rm-gw-temp,2258
1786546320,zone2-living-rm-gw-temp,2257
1786546380,zone2-living-rm-gw-temp,2258
1786546440,zone2-living-rm-gw-temp,2256
1786546500,zone2-living-rm-gw-temp,2257
1786546501,zone5-living-rm-fancoil-heat-call,0
1786546560,zone2-living-rm-gw-temp,2256
1786546620,zone2-living-rm-gw-temp,2258
1786546680,zone2-living-rm-gw-temp,2258
1786546740,zone2-living-rm-gw-temp,2257
1786546800,zone2-living-rm-gw-temp,2258
1786546801,zone5-living-rm-fancoil-heat-call,0
1786546860,zone2-living-rm-gw-temp,2257
1786546920,zone2-living-rm-gw-temp,2256
1786546980,zone2-living-rm-gw-temp,2258
1786547040,zone2-living-rm-gw-temp,2258
1786547100,zone2-living-rm-gw-temp,2258
1786547101,zone5-living-rm-fancoil-heat-call,0
1786547160,zone2-living-rm-gw-temp,2257
1786547220,zone2-living-rm-gw-temp,2258
1786547280,zone2-living-rm-gw-temp,2257
1786547340,zone2-living-rm-gw-temp,2257
1786547400,zone2-living-rm-gw-temp,2257
1786547401,zone5-living-rm-fancoil-heat-call,0
1786547460,zone2-living-rm-gw-temp,2255
1786547520,zone2-living-rm-gw-temp,2259
1786547580,zone2-living-rm-gw-temp,2257
1786547640,zone2-living-rm-gw-temp,2256
1786547700,zone2-living-rm-gw-temp,2259
1786547701,zone5-living-rm-fancoil-heat-call,0
1786547760,zone2-living-rm-gw-temp,2258
1786547820,zone2-living-rm-gw-temp,2255
1786547880,zone2-living-rm-gw-temp,2258
1786547940,zone2-living-rm-gw-temp,2257
1786548000,zone2-living-rm-gw-temp,2257
1786548001,zone5-living-rm-fancoil-heat-call,0
1786548060,zone2-living-rm-gw-temp,2256
1786548120,zone2-living-rm-gw-temp,2256
1786548180,zone2-living-rm-gw-temp,2256
1786548240,zone2-living-rm-gw-temp,2256
1786548927,zone2-living-rm-gw-temp,2260
1786548927,zone5-living-rm-fancoil-heat-call,0
1786548960,zone2-living-rm-gw-temp,2265
1786549020,zone2-living-rm-gw-temp,2260
1786549080,zone2-living-rm-gw-temp,2263
1786549140,zone2-living-rm-gw-temp,2260
1786549200,zone2-living-rm-gw-temp,2259
1786549201,zone5-living-rm-fancoil-heat-call,0
1786549260,zone2-living-rm-gw-temp,2259
1786549320,zone2-living-rm-gw-temp,2260
1786549380,zone2-living-rm-gw-temp,2259
1786549440,zone2-living-rm-gw-temp,2261
1786549500,zone2-living-rm-gw-temp,2261
1786549501,zone5-living-rm-fancoil-heat-call,0
1786549560,zone2-living-rm-gw-temp,2260
1786549620,zone2-living-rm-gw-temp,2262
1786549680,zone2-living-rm-gw-temp,2261
1786549740,zone2-living-rm-gw-temp,2260
1786549800,zone2-living-rm-gw-temp,2261
1786549801,zone5-living-rm-fancoil-heat-call,0
1786549860,zone2-living-rm-gw-temp,2263
1786549920,zone2-living-rm-gw-temp,2261
1786549980,zone2-living-rm-gw-temp,2262
1786550040,zone2-living-rm-gw-temp,2262
1786550100,zone2-living-rm-gw-temp,2261
1786550101,zone5-living-rm-fancoil-heat-call,0
1786550160,zone2-living-rm-gw-temp,2262
1786550220,zone2-living-rm-gw-temp,2263
1786550280,zone2-living-rm-gw-temp,2261
1786550340,zone2-living-rm-gw-temp,2260
1786550400,zone2-living-rm-gw-temp,2260
1786550401,zone5-living-rm-fancoil-heat-call,0
1786550460,zone2-living-rm-gw-temp,2262
1786550520,zone2-living-rm-gw-temp,2263
1786550580,zone2-living-rm-gw-temp,2261
1786550640,zone2-living-rm-gw-temp,2262
1786550700,zone2-living-rm-gw-temp,2264
1786550701,zone5-living-rm-fancoil-heat-call,0
1786550760,zone2-living-rm-gw-temp,2263
1786550820,zone2-living-rm-gw-temp,2264
1786550880,zone2-living-rm-gw-temp,2263
1786550940,zone2-living-rm-gw-temp,2262
1786551000,zone2-living-rm-gw-temp,2261
1786551001,zone5-living-rm-fancoil-heat-call,0
1786551060,zone2-living-rm-gw-temp,2263
1786551120,zone2-living-rm-gw-temp,2263
1786551180,zone2-living-rm-gw-temp,2262
1786551240,zone2-living-rm-gw-temp,2262
1786551300,zone2-living-rm-gw-temp,2261
1786551301,zone5-living-rm-fancoil-heat-call,0
1786551360,zone2-living-rm-gw-temp,2262
1786551420,zone2-living-rm-gw-temp,2265
1786551480,zone2-living-rm-gw-temp,2264
1786551540,zone2-living-rm-gw-temp,2263
1786551600,zone2-living-rm-gw-temp,2263
1786551601,zone5-living-rm-fancoil-heat-call,0
1786551660,zone2-living-rm-gw-temp,2262
1786551720,zone2-living-rm-gw-temp,2262
1786551780,zone2-living-rm-gw-temp,2261
1786551840,zone2-living-rm-gw-temp,2264
1786551900,zone2-living-rm-gw-temp,2264
1786551901,zone5-living-rm-fancoil-heat-call,0
1786551960,zone2-living-rm-gw-temp,2262
1786552020,zone2-living-rm-gw-temp,2263
1786552080,zone2-living-rm-gw-temp,2261
1786552140,zone2-living-rm-gw-temp,2261
1786552200,zone2-living-rm-gw-temp,2261
1786552201,zone5-living-rm-fancoil-heat-call,0
1786552260,zone2-living-rm-gw-temp,2264
1786552320,zone2-living-rm-gw-temp,2263
1786552380,zone2-living-rm-gw-temp,2263
1786552440,zone2-living-rm-gw-temp,2263
1786552500,zone2-living-rm-gw-temp,2262
1786552501,zone5-living-rm-fancoil-heat-call,0
1786552560,zone2-living-rm-gw-temp,2263
1786552620,zone2-living-rm-gw-temp,2264
1786552680,zone2-living-rm-gw-temp,2266
1786552740,zone2-living-rm-gw-temp,2264
1786552800,zone2-living-rm-gw-temp,2264
1786552801,zone5-living-rm-fancoil-heat-call,0
1786552860,zone2-living-rm-gw-temp,2263
1786552920,zone2-living-rm-gw-temp,2262
1786552980,zone2-living-rm-gw-temp,2262
1786553040,zone2-living-rm-gw-temp,2262
1786553100,zone2-living-rm-gw-temp,2263
1786553101,zone5-living-rm-fancoil-heat-call,0
1786553160,zone2-living-rm-gw-temp,2265
1786553220,zone2-living-rm-gw-temp,2264
1786553280,zone2-living-rm-gw-temp,2265
1786553340,zone2-living-rm-gw-temp,2265
1786553400,zone2-living-rm-gw-temp,2265
1786553401,zone5-living-rm-fancoil-heat-call,0
1786553460,zone2-living-rm-gw-temp,2263
1786553520,zone2-living-rm-gw-temp,2264
1786553580,zone2-living-rm-gw-temp,2264
1786553640,zone2-living-rm-gw-temp,2264
1786553700,zone2-living-rm-gw-temp,2264
1786553701,zone5-living-rm-fancoil-heat-call,0
1786553760,zone2-living-rm-gw-temp,2266
1786553820,zone2-living-rm-gw-temp,2267
1786553880,zone2-living-rm-gw-temp,2266
1786553940,zone2-living-rm-gw-temp,2266
1786554000,zone2-living-rm-gw-temp,2267
1786554001,zone5-living-rm-fancoil-heat-call,0
1786554060,zone2-living-rm-gw-temp,2266
1786554120,zone2-living-rm-gw-temp,2266
1786554180,zone2-living-rm-gw-temp,2265
1786554240,zone2-living-rm-gw-temp,2265
1786554300,zone2-living-rm-gw-temp,2266
1786554301,zone5-living-rm-fancoil-heat-call,0
1786554360,zone2-living-rm-gw-temp,2266
1786554420,zone2-living-rm-gw-temp,2268
1786554480,zone2-living-rm-gw-temp,2267
1786554540,zone2-living-rm-gw-temp,2266
1786554600,zone2-living-rm-gw-temp,2267
1786554601,zone5-living-rm-fancoil-heat-call,0
1786554660,zone2-living-rm-gw-temp,2267
1786554720,zone2-living-rm-gw-temp,2265
1786554780,zone2-living-rm-gw-temp,2267
1786554840,zone2-living-rm-gw-temp,2267
1786554900,zone2-living-rm-gw-temp,2269
1786554901,zone5-living-rm-fancoil-heat-call,0
1786554960,zone2-living-rm-gw-temp,2267
1786555020,zone2-living-rm-gw-temp,2267
1786555080,zone2-living-rm-gw-temp,2265
1786555140,zone2-living-rm-gw-temp,2264
1786555200,zone2-living-rm-gw-temp,2264
1786555201,zone5-living-rm-fancoil-heat-call,0
1786555260,zone2-living-rm-gw-temp,2267
1786555320,zone2-living-rm-gw-temp,2267
1786555380,zone2-living-rm-gw-temp,2266
1786555440,zone2-living-rm-gw-temp,2266
1786555500,zone2-living-rm-gw-temp,2266
1786555501,zone5-living-rm-fancoil-heat-call,0
1786555560,zone2-living-rm-gw-temp,2265
1786555620,zone2-living-rm-gw-temp,2266
1786555680,zone2-living-rm-gw-temp,2267
1786555740,zone2-living-rm-gw-temp,2266
1786555800,zone2-living-rm-gw-temp,2267
1786555801,zone5-living-rm-fancoil-heat-call,0
1786555860,zone2-living-rm-gw-temp,2266
1786555920,zone2-living-rm-gw-temp,2264
1786555980,zone2-living-rm-gw-temp,2264
1786556040,zone2-living-rm-gw-temp,2266
1786556100,zone2-living-rm-gw-temp,2264
1786556101,zone5-living-rm-fancoil-heat-call,0
1786556160,zone2-living-rm-gw-temp,2268
1786556220,zone2-living-rm-gw-temp,2268
1786556280,zone2-living-rm-gw-temp,2266
1786556340,zone2-living-rm-gw-temp,2266
1786556400,zone2-living-rm-gw-temp,2267
1786556401,zone5-living-rm-fancoil-heat-call,0
1786556460,zone2-living-rm-gw-temp,2266
1786556520,zone2-living-rm-gw-temp,2266
1786556580,zone2-living-rm-gw-temp,2266
1786556640,zone2-living-rm-gw-temp,2264
1786556700,zone2-living-rm-gw-temp,2264
1786556701,zone5-living-rm-fancoil-heat-call,0
1786556760,zone2-living-rm-gw-temp,2266
1786556820,zone2-living-rm-gw-temp,2268
1786556880,zone2-living-rm-gw-temp,2267
1786556940,zone2-living-rm-gw-temp,2266
1786557000,zone2-living-rm-gw-temp,2266
1786557001,zone5-living-rm-fancoil-heat-call,0
1786557060,zone2-living-rm-gw-temp,2267
1786557120,zone2-living-rm-gw-temp,2266
1786557180,zone2-living-rm-gw-temp,2264
1786557240,zone2-living-rm-gw-temp,2266
1786557300,zone2-living-rm-gw-temp,2265
1786557301,zone5-living-rm-fancoil-heat-call,0
1786557360,zone2-living-rm-gw-temp,2265
1786557420,zone2-living-rm-gw-temp,2266
1786557480,zone2-living-rm-gw-temp,2267
1786557540,zone2-living-rm-gw-temp,2267
1786557600,zone2-living-rm-gw-temp,2267
1786557601,zone5-living-rm-fancoil-heat-call,0
1786557660,zone2-living-rm-gw-temp,2267
1786557720,zone2-living-rm-gw-temp,2267
1786557780,zone2-living-rm-gw-temp,2266
1786557840,zone2-living-rm-gw-temp,2266
1786557900,zone2-living-rm-gw-temp,2265
1786557901,zone5-living-rm-fancoil-heat-call,0
1786557960,zone2-living-rm-gw-temp,2266
1786558020,zone2-living-rm-gw-temp,2266
1786558080,zone2-living-rm-gw-temp,2267
1786558140,zone2-living-rm-gw-temp,2267
1786558200,zone2-living-rm-gw-temp,2267
1786558201,zone5-living-rm-fancoil-heat-call,0
1786558260,zone2-living-rm-gw-temp,2269
1786558320,zone2-living-rm-gw-temp,2268
1786558380,zone2-living-rm-gw-temp,2268
1786558440,zone2-living-rm-gw-temp,2268
1786558500,zone2-living-rm-gw-temp,2269
1786558501,zone5-living-rm-fancoil-heat-call,0
1786558560,zone2-living-rm-gw-temp,2268
1786558620,zone2-living-rm-gw-temp,2269
1786558680,zone2-living-rm-gw-temp,2268
1786558740,zone2-living-rm-gw-temp,2267
1786558800,zone2-living-rm-gw-temp,2267
1786558801,zone5-living-rm-fancoil-heat-call,0
1786558860,zone2-living-rm-gw-temp,2268
1786558920,zone2-living-rm-gw-temp,2269
1786558980,zone2-living-rm-gw-temp,2270
1786559040,zone2-living-rm-gw-temp,2271
1786559100,zone2-living-rm-gw-temp,2269
1786559101,zone5-living-rm-fancoil-heat-call,0
1786559160,zone2-living-rm-gw-temp,2270
1786559220,zone2-living-rm-gw-temp,2271
1786559280,zone2-living-rm-gw-temp,2269
1786559340,zone2-living-rm-gw-temp,2270
1786559400,zone2-living-rm-gw-temp,2272
1786559401,zone5-living-rm-fancoil-heat-call,0
1786559460,zone2-living-rm-gw-temp,2270
1786559520,zone2-living-rm-gw-temp,2270
1786559580,zone2-living-rm-gw-temp,2269
1786559640,zone2-living-rm-gw-temp,2269
1786559700,zone2-living-rm-gw-temp,2270
1786559701,zone5-living-rm-fancoil-heat-call,0
1786559760,zone2-living-rm-gw-temp,2269
1786559820,zone2-living-rm-gw-temp,2268
1786559880,zone2-living-rm-gw-temp,2268
1786559940,zone2-living-rm-gw-temp,2268
1786560000,zone2-living-rm-gw-temp,2269
1786560001,zone5-living-rm-fancoil-heat-call,0
1786560060,zone2-living-rm-gw-temp,2267
1786560120,zone2-living-rm-gw-temp,2268
1786560180,zone2-living-rm-gw-temp,2268
1786560240,zone2-living-rm-gw-temp,2271
1786560300,zone2-living-rm-gw-temp,2268
1786560301,zone5-living-rm-fancoil-heat-call,0
1786560360,zone2-living-rm-gw-temp,2272
1786560420,zone2-living-rm-gw-temp,2270
1786560480,zone2-living-rm-gw-temp,2270
1786560540,zone2-living-rm-gw-temp,2271
1786560600,zone2-living-rm-gw-temp,2269
1786560601,zone5-living-rm-fancoil-heat-call,0
1786560660,zone2-living-rm-gw-temp,2271
1786560720,zone2-living-rm-gw-temp,2271
1786560780,zone2-living-rm-gw-temp,2270
1786560840,zone2-living-rm-gw-temp,2270
1786560900,zone2-living-rm-gw-temp,2271
1786560901,zone5-living-rm-fancoil-heat-call,0
1786560960,zone2-living-rm-gw-temp,2269
1786561020,zone2-living-rm-gw-temp,2270
1786561080,zone2-living-rm-gw-temp,2269
1786561140,zone2-living-rm-gw-temp,2269
1786561200,zone2-living-rm-gw-temp,2270
1786561201,zone5-living-rm-fancoil-heat-call,0
1786561260,zone2-living-rm-gw-temp,2271
1786561320,zone2-living-rm-gw-temp,2270
1786561380,zone2-living-rm-gw-temp,2272
1786561440,zone2-living-rm-gw-temp,2270
1786561500,zone2-living-rm-gw-temp,2272
1786561501,zone5-living-rm-fancoil-heat-call,0
1786561560,zone2-living-rm-gw-temp,2275
1786561620,zone2-living-rm-gw-temp,2275
1786561680,zone2-living-rm-gw-temp,2275
1786561740,zone2-living-rm-gw-temp,2276
1786561800,zone2-living-rm-gw-temp,2278
1786561801,zone5-living-rm-fancoil-heat-call,0
1786561860,zone2-living-rm-gw-temp,2278
1786561920,zone2-living-rm-gw-temp,2277
1786561980,zone2-living-rm-gw-temp,2278
1786562040,zone2-living-rm-gw-temp,2278
1786562100,zone2-living-rm-gw-temp,2278
1786562101,zone5-living-rm-fancoil-heat-call,0
1786562160,zone2-living-rm-gw-temp,2276
1786562220,zone2-living-rm-gw-temp,2275
1786562280,zone2-living-rm-gw-temp,2275
1786562340,zone2-living-rm-gw-temp,2275
1786562400,zone2-living-rm-gw-temp,2276
1786562401,zone5-living-rm-fancoil-heat-call,0
1786562460,zone2-living-rm-gw-temp,2275
1786562520,zone2-living-rm-gw-temp,2276
1786562580,zone2-living-rm-gw-temp,2275
1786562640,zone2-living-rm-gw-temp,2275
1786562700,zone2-living-rm-gw-temp,2275
1786562701,zone5-living-rm-fancoil-heat-call,0
1786562760,zone2-living-rm-gw-temp,2275
1786562820,zone2-living-rm-gw-temp,2275
1786562880,zone2-living-rm-gw-temp,2275
1786562940,zone2-living-rm-gw-temp,2275
1786563000,zone2-living-rm-gw-temp,2275
1786563001,zone5-living-rm-fancoil-heat-call,0
1786563060,zone2-living-rm-gw-temp,2276
1786563120,zone2-living-rm-gw-temp,2276
1786563180,zone2-living-rm-gw-temp,2278
1786563240,zone2-living-rm-gw-temp,2278
1786563300,zone2-living-rm-gw-temp,2275
1786563301,zone5-living-rm-fancoil-heat-call,0
1786563360,zone2-living-rm-gw-temp,2277
1786563420,zone2-living-rm-gw-temp,2278
1786563480,zone2-living-rm-gw-temp,2277
1786563540,zone2-living-rm-gw-temp,2277
1786563600,zone2-living-rm-gw-temp,2276
1786563601,zone5-living-rm-fancoil-heat-call,0
1786563660,zone2-living-rm-gw-temp,2279
1786563720,zone2-living-rm-gw-temp,2279
1786563780,zone2-living-rm-gw-temp,2277
1786563840,zone2-living-rm-gw-temp,2279
1786563900,zone2-living-rm-gw-temp,2278
1786563901,zone5-living-rm-fancoil-heat-call,0
1786563960,zone2-living-rm-gw-temp,2277
1786564020,zone2-living-rm-gw-temp,2277
1786564080,zone2-living-rm-gw-temp,2277
1786564140,zone2-living-rm-gw-temp,2276
1786564200,zone2-living-rm-gw-temp,2277
1786564201,zone5-living-rm-fancoil-heat-call,0
1786564260,zone2-living-rm-gw-temp,2277
1786564320,zone2-living-rm-gw-temp,2277
1786564380,zone2-living-rm-gw-temp,2276
1786564440,zone2-living-rm-gw-temp,2276
1786564500,zone2-living-rm-gw-temp,2278
1786564501,zone5-living-rm-fancoil-heat-call,0
1786564560,zone2-living-rm-gw-temp,2276
1786564620,zone2-living-rm-gw-temp,2277
1786564680,zone2-living-rm-gw-temp,2275
1786564740,zone2-living-rm-gw-temp,2276
1786564800,zone2-living-rm-gw-temp,2275
1786564801,zone5-living-rm-fancoil-heat-call,0
1786564860,zone2-living-rm-gw-temp,2274
1786564920,zone2-living-rm-gw-temp,2273
1786564980,zone2-living-rm-gw-temp,2273
1786565040,zone2-living-rm-gw-temp,2274
1786565100,zone2-living-rm-gw-temp,2276
1786565101,zone5-living-rm-fancoil-heat-call,0
1786565160,zone2-living-rm-gw-temp,2275
1786565220,zone2-living-rm-gw-temp,2274
1786565280,zone2-living-rm-gw-temp,2274
1786565340,zone2-living-rm-gw-temp,2274
1786565400,zone2-living-rm-gw-temp,2275
1786565401,zone5-living-rm-fancoil-heat-call,0
1786565460,zone2-living-rm-gw-temp,2273
1786565520,zone2-living-rm-gw-temp,2274
1786565580,zone2-living-rm-gw-temp,2274
1786565640,zone2-living-rm-gw-temp,2274
1786565700,zone2-living-rm-gw-temp,2274
1786565701,zone5-living-rm-fancoil-heat-call,0
1786565760,zone2-living-rm-gw-temp,2276
1786565820,zone2-living-rm-gw-temp,2276
1786565880,zone2-living-rm-gw-temp,2275
1786565940,zone2-living-rm-gw-temp,2277
1786566000,zone2-living-rm-gw-temp,2274
1786566001,zone5-living-rm-fancoil-heat-call,0
1786566060,zone2-living-rm-gw-temp,2276
1786566120,zone2-living-rm-gw-temp,2276
1786566180,zone2-living-rm-gw-temp,2277
1786566240,zone2-living-rm-gw-temp,2276
1786566300,zone2-living-rm-gw-temp,2276
1786566301,zone5-living-rm-fancoil-heat-call,0
1786566360,zone2-living-rm-gw-temp,2275
1786566420,zone2-living-rm-gw-temp,2277
1786566480,zone2-living-rm-gw-temp,2276
1786566540,zone2-living-rm-gw-temp,2276
1786566600,zone2-living-rm-gw-temp,2278
1786566601,zone5-living-rm-fancoil-heat-call,0
1786566660,zone2-living-rm-gw-temp,2275
1786566720,zone2-living-rm-gw-temp,2277
1786566780,zone2-living-rm-gw-temp,2275
1786566840,zone2-living-rm-gw-temp,2276
1786566900,zone2-living-rm-gw-temp,2275
1786566901,zone5-living-rm-fancoil-heat-call,0
1786566960,zone2-living-rm-gw-temp,2275
1786567020,zone2-living-rm-gw-temp,2276
1786567080,zone2-living-rm-gw-temp,2276
1786567140,zone2-living-rm-gw-temp,2275
1786567200,zone2-living-rm-gw-temp,2277
1786567201,zone5-living-rm-fancoil-heat-call,0
1786567260,zone2-living-rm-gw-temp,2276
1786567320,zone2-living-rm-gw-temp,2276
1786567380,zone2-living-rm-gw-temp,2276
1786567440,zone2-living-rm-gw-temp,2277
1786567500,zone2-living-rm-gw-temp,2276
1786567501,zone5-living-rm-fancoil-heat-call,0
1786567560,zone2-living-rm-gw-temp,2276
1786567620,zone2-living-rm-gw-temp,2275
1786567680,zone2-living-rm-gw-temp,2275
1786567740,zone2-living-rm-gw-temp,2275
1786567800,zone2-living-rm-gw-temp,2277
1786567801,zone5-living-rm-fancoil-heat-call,0
1786567860,zone2-living-rm-gw-temp,2275
1786567920,zone2-living-rm-gw-temp,2276
1786567980,zone2-living-rm-gw-temp,2278
1786568040,zone2-living-rm-gw-temp,2279
1786568100,zone2-living-rm-gw-temp,2277
1786568101,zone5-living-rm-fancoil-heat-call,0
1786568160,zone2-living-rm-gw-temp,2276
1786568220,zone2-living-rm-gw-temp,2276
1786568280,zone2-living-rm-gw-temp,2278
1786568340,zone2-living-rm-gw-temp,2277
1786568400,zone2-living-rm-gw-temp,2278
1786568401,zone5-living-rm-fancoil-heat-call,0
1786568460,zone2-living-rm-gw-temp,2276
1786568520,zone2-living-rm-gw-temp,2277
1786568580,zone2-living-rm-gw-temp,2278
1786568640,zone2-living-rm-gw-temp,2278
1786568700,zone2-living-rm-gw-temp,2278
1786568701,zone5-living-rm-fancoil-heat-call,0
1786568760,zone2-living-rm-gw-temp,2276
1786568820,zone2-living-rm-gw-temp,2276
1786568880,zone2-living-rm-gw-temp,2277
1786568940,zone2-living-rm-gw-temp,2275
1786569000,zone2-living-rm-gw-temp,2276
1786569001,zone5-living-rm-fancoil-heat-call,0
1786569060,zone2-living-rm-gw-temp,2277
1786569120,zone2-living-rm-gw-temp,2278
1786569180,zone2-living-rm-gw-temp,2277
1786569240,zone2-living-rm-gw-temp,2276
1786569300,zone2-living-rm-gw-temp,2277
1786569301,zone5-living-rm-fancoil-heat-call,0
1786569360,zone2-living-rm-gw-temp,2276
1786569420,zone2-living-rm-gw-temp,2275
1786569480,zone2-living-rm-gw-temp,2275
1786569540,zone2-living-rm-gw-temp,2276
1786569600,zone2-living-rm-gw-temp,2276
1786569601,zone5-living-rm-fancoil-heat-call,0
1786569660,zone2-living-rm-gw-temp,2278
1786569720,zone2-living-rm-gw-temp,2278
1786569780,zone2-living-rm-gw-temp,2278
1786569840,zone2-living-rm-gw-temp,2278
1786569900,zone2-living-rm-gw-temp,2276
1786569901,zone5-living-rm-fancoil-heat-call,0
1786569960,zone2-living-rm-gw-temp,2278
1786570020,zone2-living-rm-gw-temp,2276
1786570080,zone2-living-rm-gw-temp,2277
1786570140,zone2-living-rm-gw-temp,2277
1786570200,zone2-living-rm-gw-temp,2275
1786570201,zone5-living-rm-fancoil-heat-call,0
1786570260,zone2-living-rm-gw-temp,2278
1786570320,zone2-living-rm-gw-temp,2277
1786570380,zone2-living-rm-gw-temp,2278
1786570440,zone2-living-rm-gw-temp,2276
1786570500,zone2-living-rm-gw-temp,2279
1786570501,zone5-living-rm-fancoil-heat-call,0
1786570560,zone2-living-rm-gw-temp,2277
1786570620,zone2-living-rm-gw-temp,2277
1786570680,zone2-living-rm-gw-temp,2276
1786570740,zone2-living-rm-gw-temp,2275
1786570800,zone2-living-rm-gw-temp,2275
1786570801,zone5-living-rm-fancoil-heat-call,0
1786570860,zone2-living-rm-gw-temp,2276
1786570920,zone2-living-rm-gw-temp,2276
1786570980,zone2-living-rm-gw-temp,2277
1786571040,zone2-living-rm-gw-temp,2279
1786571100,zone2-living-rm-gw-temp,2275
1786571101,zone5-living-rm-fancoil-heat-call,0
1786571160,zone2-living-rm-gw-temp,2278
1786571220,zone2-living-rm-gw-temp,2278
1786571280,zone2-living-rm-gw-temp,2276
1786571340,zone2-living-rm-gw-temp,2276
1786571400,zone2-living-rm-gw-temp,2276
1786571401,zone5-living-rm-fancoil-heat-call,0
1786571460,zone2-living-rm-gw-temp,2276
1786571520,zone2-living-rm-gw-temp,2278
1786571580,zone2-living-rm-gw-temp,2277
1786571640,zone2-living-rm-gw-temp,2279
1786571700,zone2-living-rm-gw-temp,2275
1786571701,zone5-living-rm-fancoil-heat-call,0
1786571760,zone2-living-rm-gw-temp,2280
1786571820,zone2-living-rm-gw-temp,2278
1786571880,zone2-living-rm-gw-temp,2278
1786571940,zone2-living-rm-gw-temp,2278
1786572000,zone2-living-rm-gw-temp,2279
1786572001,zone5-living-rm-fancoil-heat-call,0
1786572060,zone2-living-rm-gw-temp,2278
1786572120,zone2-living-rm-gw-temp,2276
1786572180,zone2-living-rm-gw-temp,2278
1786572240,zone2-living-rm-gw-temp,2276
1786572300,zone2-living-rm-gw-temp,2278
1786572301,zone5-living-rm-fancoil-heat-call,0
1786572360,zone2-living-rm-gw-temp,2277
1786572420,zone2-living-rm-gw-temp,2277
1786572480,zone2-living-rm-gw-temp,2277
1786572540,zone2-living-rm-gw-temp,2278
1786572600,zone2-living-rm-gw-temp,2278
1786572601,zone5-living-rm-fancoil-heat-call,0
1786572660,zone2-living-rm-gw-temp,2279
1786572720,zone2-living-rm-gw-temp,2280
1786572780,zone2-living-rm-gw-temp,2279
1786572840,zone2-living-rm-gw-temp,2278
1786572900,zone2-living-rm-gw-temp,2279
1786572901,zone5-living-rm-fancoil-heat-call,0
1786572960,zone2-living-rm-gw-temp,2279
1786573020,zone2-living-rm-gw-temp,2278
1786573080,zone2-living-rm-gw-temp,2278
1786573140,zone2-living-rm-gw-temp,2279
1786573200,zone2-living-rm-gw-temp,2279
1786573201,zone5-living-rm-fancoil-heat-call,0
1786573260,zone2-living-rm-gw-temp,2278
1786573320,zone2-living-rm-gw-temp,2276
1786573380,zone2-living-rm-gw-temp,2277
1786573440,zone2-living-rm-gw-temp,2276
1786573500,zone2-living-rm-gw-temp,2278
1786573501,zone5-living-rm-fancoil-heat-call,0
1786573560,zone2-living-rm-gw-temp,2276
1786573620,zone2-living-rm-gw-temp,2276
1786573680,zone2-living-rm-gw-temp,2278
1786573740,zone2-living-rm-gw-temp,2277
1786573800,zone2-living-rm-gw-temp,2277
1786573801,zone5-living-rm-fancoil-heat-call,0
1786573860,zone2-living-rm-gw-temp,2277
1786573920,zone2-living-rm-gw-temp,2278
1786573980,zone2-living-rm-gw-temp,2278
1786574040,zone2-living-rm-gw-temp,2279
1786574100,zone2-living-rm-gw-temp,2278
1786574101,zone5-living-rm-fancoil-heat-call,0
1786574160,zone2-living-rm-gw-temp,2278
1786574220,zone2-living-rm-gw-temp,2278
1786574280,zone2-living-rm-gw-temp,2278
1786574340,zone2-living-rm-gw-temp,2275
1786574400,zone2-living-rm-gw-temp,2276
1786574401,zone5-living-rm-fancoil-heat-call,0
1786574460,zone2-living-rm-gw-temp,2276
1786574520,zone2-living-rm-gw-temp,2276
1786574580,zone2-living-rm-gw-temp,2276
1786574640,zone2-living-rm-gw-temp,2275
1786574700,zone2-living-rm-gw-temp,2276
1786574701,zone5-living-rm-fancoil-heat-call,0
1786574760,zone2-living-rm-gw-temp,2276
1786574820,zone2-living-rm-gw-temp,2274
1786574880,zone2-living-rm-gw-temp,2276
1786574940,zone2-living-rm-gw-temp,2276
1786575000,zone2-living-rm-gw-temp,2274
1786575001,zone5-living-rm-fancoil-heat-call,0
1786575060,zone2-living-rm-gw-temp,2275
1786575120,zone2-living-rm-gw-temp,2275
1786575180,zone2-living-rm-gw-temp,2274
1786575240,zone2-living-rm-gw-temp,2278
1786575300,zone2-living-rm-gw-temp,2275
1786575301,zone5-living-rm-fancoil-heat-call,0
1786575360,zone2-living-rm-gw-temp,2276
1786575420,zone2-living-rm-gw-temp,2276
1786575480,zone2-living-rm-gw-temp,2276
1786575540,zone2-living-rm-gw-temp,2276
1786575600,zone2-living-rm-gw-temp,2275
1786575601,zone5-living-rm-fancoil-heat-call,0
1786575660,zone2-living-rm-gw-temp,2276
1786575720,zone2-living-rm-gw-temp,2274
1786575780,zone2-living-rm-gw-temp,2275
1786575840,zone2-living-rm-gw-temp,2275
1786575900,zone2-living-rm-gw-temp,2274
1786575901,zone5-living-rm-fancoil-heat-call,0
1786575960,zone2-living-rm-gw-temp,2273
1786576020,zone2-living-rm-gw-temp,2275
1786576080,zone2-living-rm-gw-temp,2274
1786576140,zone2-living-rm-gw-temp,2273
1786576200,zone2-living-rm-gw-temp,2273
1786576201,zone5-living-rm-fancoil-heat-call,0
1786576260,zone2-living-rm-gw-temp,2275
1786576320,zone2-living-rm-gw-temp,2275
1786576380,zone2-living-rm-gw-temp,2276
1786576440,zone2-living-rm-gw-temp,2275
1786576500,zone2-living-rm-gw-temp,2276
1786576501,zone5-living-rm-fancoil-heat-call,0
1786576560,zone2-living-rm-gw-temp,2274
1786576620,zone2-living-rm-gw-temp,2276
1786576680,zone2-living-rm-gw-temp,2275
1786576740,zone2-living-rm-gw-temp,2275
1786576800,zone2-living-rm-gw-temp,2275
1786576801,zone5-living-rm-fancoil-heat-call,0
1786576860,zone2-living-rm-gw-temp,2273
1786576920,zone2-living-rm-gw-temp,2273
1786576980,zone2-living-rm-gw-temp,2275
1786577040,zone2-living-rm-gw-temp,2274
1786577100,zone2-living-rm-gw-temp,2274
1786577101,zone5-living-rm-fancoil-heat-call,0
1786577160,zone2-living-rm-gw-temp,2273
1786577220,zone2-living-rm-gw-temp,2273
1786577280,zone2-living-rm-gw-temp,2273
1786577340,zone2-living-rm-gw-temp,2272
1786577400,zone2-living-rm-gw-temp,2274
1786577401,zone5-living-rm-fancoil-heat-call,0
1786577460,zone2-living-rm-gw-temp,2275
1786577520,zone2-living-rm-gw-temp,2275
1786577580,zone2-living-rm-gw-temp,2275
1786577640,zone2-living-rm-gw-temp,2272
1786577700,zone2-living-rm-gw-temp,2274
1786577701,zone5-living-rm-fancoil-heat-call,0
1786577760,zone2-living-rm-gw-temp,2273
1786577820,zone2-living-rm-gw-temp,2275
1786577880,zone2-living-rm-gw-temp,2273
1786577940,zone2-living-rm-gw-temp,2273
1786578000,zone2-living-rm-gw-temp,2273
1786578001,zone5-living-rm-fancoil-heat-call,0
1786578060,zone2-living-rm-gw-temp,2272
1786578120,zone2-living-rm-gw-temp,2271
1786578180,zone2-living-rm-gw-temp,2270
1786578240,zone2-living-rm-gw-temp,2270
1786578300,zone2-living-rm-gw-temp,2272
1786578301,zone5-living-rm-fancoil-heat-call,0
1786578360,zone2-living-rm-gw-temp,2271
1786578420,zone2-living-rm-gw-temp,2270
1786578480,zone2-living-rm-gw-temp,2270
1786578540,zone2-living-rm-gw-temp,2269
1786578600,zone2-living-rm-gw-temp,2270
1786578601,zone5-living-rm-fancoil-heat-call,0
1786578660,zone2-living-rm-gw-temp,2269
1786578720,zone2-living-rm-gw-temp,2269
1786578780,zone2-living-rm-gw-temp,2268
1786578840,zone2-living-rm-gw-temp,2268
1786578900,zone2-living-rm-gw-temp,2268
1786578901,zone5-living-rm-fancoil-heat-call,0
1786578960,zone2-living-rm-gw-temp,2270
1786579020,zone2-living-rm-gw-temp,2270
1786579080,zone2-living-rm-gw-temp,2270
1786579140,zone2-living-rm-gw-temp,2270
1786579200,zone2-living-rm-gw-temp,2269
1786579201,zone5-living-rm-fancoil-heat-call,0
1786579260,zone2-living-rm-gw-temp,2271
1786579320,zone2-living-rm-gw-temp,2270
1786579380,zone2-living-rm-gw-temp,2271
1786579440,zone2-living-rm-gw-temp,2269
1786579500,zone2-living-rm-gw-temp,2271
1786579501,zone5-living-rm-fancoil-heat-call,0
1786579560,zone2-living-rm-gw-temp,2268
1786579620,zone2-living-rm-gw-temp,2268
1786579680,zone2-living-rm-gw-temp,2268
1786579740,zone2-living-rm-gw-temp,2269
1786579800,zone2-living-rm-gw-temp,2267
1786579801,zone5-living-rm-fancoil-heat-call,0
1786579860,zone2-living-rm-gw-temp,2267
1786579920,zone2-living-rm-gw-temp,2268
1786579980,zone2-living-rm-gw-temp,2269
1786580040,zone2-living-rm-gw-temp,2270
1786580100,zone2-living-rm-gw-temp,2266
1786580101,zone5-living-rm-fancoil-heat-call,0
1786580160,zone2-living-rm-gw-temp,2269
1786580220,zone2-living-rm-gw-temp,2269
1786580280,zone2-living-rm-gw-temp,2268
1786580340,zone2-living-rm-gw-temp,2269
1786580400,zone2-living-rm-gw-temp,2268
1786580401,zone5-living-rm-fancoil-heat-call,0
1786580460,zone2-living-rm-gw-temp,2267
1786580520,zone2-living-rm-gw-temp,2266
1786580580,zone2-living-rm-gw-temp,2267
1786580640,zone2-living-rm-gw-temp,2266
1786580700,zone2-living-rm-gw-temp,2267
1786580701,zone5-living-rm-fancoil-heat-call,0
1786580760,zone2-living-rm-gw-temp,2267
1786580820,zone2-living-rm-gw-temp,2266
1786580880,zone2-living-rm-gw-temp,2266
1786580940,zone2-living-rm-gw-temp,2266
1786581000,zone2-living-rm-gw-temp,2265
1786581001,zone5-living-rm-fancoil-heat-call,0
1786581060,zone2-living-rm-gw-temp,2268
1786581120,zone2-living-rm-gw-temp,2268
1786581180,zone2-living-rm-gw-temp,2267
1786581240,zone2-living-rm-gw-temp,2267
1786581300,zone2-living-rm-gw-temp,2267
1786581301,zone5-living-rm-fancoil-heat-call,0
1786581360,zone2-living-rm-gw-temp,2267
1786581420,zone2-living-rm-gw-temp,2267
1786581480,zone2-living-rm-gw-temp,2267
1786581540,zone2-living-rm-gw-temp,2265
1786581600,zone2-living-rm-gw-temp,2264
1786581601,zone5-living-rm-fancoil-heat-call,0
1786581660,zone2-living-rm-gw-temp,2267
1786581720,zone2-living-rm-gw-temp,2268
1786581780,zone2-living-rm-gw-temp,2266
1786581840,zone2-living-rm-gw-temp,2266
1786581900,zone2-living-rm-gw-temp,2267
1786581901,zone5-living-rm-fancoil-heat-call,0
1786581960,zone2-living-rm-gw-temp,2266
1786582020,zone2-living-rm-gw-temp,2267
1786582080,zone2-living-rm-gw-temp,2267
1786582140,zone2-living-rm-gw-temp,2266
1786582200,zone2-living-rm-gw-temp,2267
1786582201,zone5-living-rm-fancoil-heat-call,0
1786582260,zone2-living-rm-gw-temp,2265
1786582320,zone2-living-rm-gw-temp,2265
1786582380,zone2-living-rm-gw-temp,2264
1786582440,zone2-living-rm-gw-temp,2264
1786582500,zone2-living-rm-gw-temp,2265
1786582501,zone5-living-rm-fancoil-heat-call,0
1786582560,zone2-living-rm-gw-temp,2266
1786582620,zone2-living-rm-gw-temp,2266
1786582680,zone2-living-rm-gw-temp,2264
1786582740,zone2-living-rm-gw-temp,2264
1786582800,zone2-living-rm-gw-temp,2263
1786582801,zone5-living-rm-fancoil-heat-call,0
1786582860,zone2-living-rm-gw-temp,2264
1786582920,zone2-living-rm-gw-temp,2265
1786582980,zone2-living-rm-gw-temp,2264
1786583040,zone2-living-rm-gw-temp,2265
1786583100,zone2-living-rm-gw-temp,2264
1786583101,zone5-living-rm-fancoil-heat-call,0
1786583160,zone2-living-rm-gw-temp,2262
1786583220,zone2-living-rm-gw-temp,2262
1786583280,zone2-living-rm-gw-temp,2262
1786583340,zone2-living-rm-gw-temp,2261
1786583400,zone2-living-rm-gw-temp,2260
1786583401,zone5-living-rm-fancoil-heat-call,0
1786583460,zone2-living-rm-gw-temp,2263
1786583520,zone2-living-rm-gw-temp,2262
1786583580,zone2-living-rm-gw-temp,2263
1786583640,zone2-living-rm-gw-temp,2262
1786583700,zone2-living-rm-gw-temp,2262
1786583701,zone5-living-rm-fancoil-heat-call,0
1786583760,zone2-living-rm-gw-temp,2261
1786583820,zone2-living-rm-gw-temp,2261
1786583880,zone2-living-rm-gw-temp,2261
1786583940,zone2-living-rm-gw-temp,2260
1786584000,zone2-living-rm-gw-temp,2261
1786584001,zone5-living-rm-fancoil-heat-call,0
1786584060,zone2-living-rm-gw-temp,2261
1786584120,zone2-living-rm-gw-temp,2260
1786584180,zone2-living-rm-gw-temp,2261
1786584240,zone2-living-rm-gw-temp,2262
1786584300,zone2-living-rm-gw-temp,2260
1786584301,zone5-living-rm-fancoil-heat-call,0
1786584360,zone2-living-rm-gw-temp,2262
1786584420,zone2-living-rm-gw-temp,2261
1786584480,zone2-living-rm-gw-temp,2261
1786584540,zone2-living-rm-gw-temp,2261
1786584600,zone2-living-rm-gw-temp,2260
1786584601,zone5-living-rm-fancoil-heat-call,0
1786584660,zone2-living-rm-gw-temp,2260
1786584720,zone2-living-rm-gw-temp,2260
1786584780,zone2-living-rm-gw-temp,2261
1786584840,zone2-living-rm-gw-temp,2260
1786584900,zone2-living-rm-gw-temp,2260
1786584901,zone5-living-rm-fancoil-heat-call,0
1786584960,zone2-living-rm-gw-temp,2261
1786585020,zone2-living-rm-gw-temp,2260
1786585080,zone2-living-rm-gw-temp,2260
1786585140,zone2-living-rm-gw-temp,2258
1786585200,zone2-living-rm-gw-temp,2259
1786585201,zone5-living-rm-fancoil-heat-call,0
1786585260,zone2-living-rm-gw-temp,2260
1786585320,zone2-living-rm-gw-temp,2260
1786585380,zone2-living-rm-gw-temp,2260
1786585440,zone2-living-rm-gw-temp,2260
1786585500,zone2-living-rm-gw-temp,2258
1786585501,zone5-living-rm-fancoil-heat-call,0
1786585560,zone2-living-rm-gw-temp,2258
1786585620,zone2-living-rm-gw-temp,2259
1786585680,zone2-living-rm-gw-temp,2259
1786585740,zone2-living-rm-gw-temp,2259
1786585800,zone2-living-rm-gw-temp,2259
1786585801,zone5-living-rm-fancoil-heat-call,0
1786585860,zone2-living-rm-gw-temp,2258
1786585920,zone2-living-rm-gw-temp,2257
1786585980,zone2-living-rm-gw-temp,2258
1786586040,zone2-living-rm-gw-temp,2257
1786586100,zone2-living-rm-gw-temp,2258
1786586101,zone5-living-rm-fancoil-heat-call,0
1786586160,zone2-living-rm-gw-temp,2258
1786586220,zone2-living-rm-gw-temp,2257
1786586280,zone2-living-rm-gw-temp,2258
1786586340,zone2-living-rm-gw-temp,2258
1786586400,zone2-living-rm-gw-temp,2257
1786586401,zone5-living-rm-fancoil-heat-call,0
1786586460,zone2-living-rm-gw-temp,2259
1786586520,zone2-living-rm-gw-temp,2257
1786586580,zone2-living-rm-gw-temp,2258
1786586640,zone2-living-rm-gw-temp,2258
1786586700,zone2-living-rm-gw-temp,2258
1786586701,zone5-living-rm-fancoil-heat-call,0
1786586760,zone2-living-rm-gw-temp,2258
1786586820,zone2-living-rm-gw-temp,2257
1786586880,zone2-living-rm-gw-temp,2257
1786586940,zone2-living-rm-gw-temp,2256
1786587000,zone2-living-rm-gw-temp,2255
1786587001,zone5-living-rm-fancoil-heat-call,0
1786587060,zone2-living-rm-gw-temp,2256
1786587120,zone2-living-rm-gw-temp,2258
1786587180,zone2-living-rm-gw-temp,2257
1786587240,zone2-living-rm-gw-temp,2257
1786587300,zone2-living-rm-gw-temp,2258
1786587301,zone5-living-rm-fancoil-heat-call,0
1786587360,zone2-living-rm-gw-temp,2257
1786587420,zone2-living-rm-gw-temp,2255
1786587480,zone2-living-rm-gw-temp,2255
1786587540,zone2-living-rm-gw-temp,2255
1786587600,zone2-living-rm-gw-temp,2256
1786587601,zone5-living-rm-fancoil-heat-call,0
1786587660,zone2-living-rm-gw-temp,2254
1786587720,zone2-living-rm-gw-temp,2255
1786587780,zone2-living-rm-gw-temp,2254
1786587840,zone2-living-rm-gw-temp,2257
1786587900,zone2-living-rm-gw-temp,2256
1786587901,zone5-living-rm-fancoil-heat-call,0
1786587960,zone2-living-rm-gw-temp,2254
1786588020,zone2-living-rm-gw-temp,2254
1786588080,zone2-living-rm-gw-temp,2255
1786588140,zone2-living-rm-gw-temp,2252
1786588200,zone2-living-rm-gw-temp,2252
1786588201,zone5-living-rm-fancoil-heat-call,0
1786588260,zone2-living-rm-gw-temp,2253
1786588320,zone2-living-rm-gw-temp,2255
1786588380,zone2-living-rm-gw-temp,2255
1786588440,zone2-living-rm-gw-temp,2254
1786588500,zone2-living-rm-gw-temp,2254
1786588501,zone5-living-rm-fancoil-heat-call,0
1786588560,zone2-living-rm-gw-temp,2254
1786588620,zone2-living-rm-gw-temp,2251
1786588680,zone2-living-rm-gw-temp,2251
1786588740,zone2-living-rm-gw-temp,2252
1786588800,zone2-living-rm-gw-temp,2252
1786588801,zone5-living-rm-fancoil-heat-call,0
1786588860,zone2-living-rm-gw-temp,2254
1786588920,zone2-living-rm-gw-temp,2254
1786588980,zone2-living-rm-gw-temp,2252
1786589040,zone2-living-rm-gw-temp,2252
1786589100,zone2-living-rm-gw-temp,2251
1786589101,zone5-living-rm-fancoil-heat-call,0
1786589160,zone2-living-rm-gw-temp,2251
1786589220,zone2-living-rm-gw-temp,2251
1786589280,zone2-living-rm-gw-temp,2251
1786589340,zone2-living-rm-gw-temp,2251
1786589400,zone2-living-rm-gw-temp,2249
1786589401,zone5-living-rm-fancoil-heat-call,0
1786589460,zone2-living-rm-gw-temp,2251
1786589520,zone2-living-rm-gw-temp,2251
1786589580,zone2-living-rm-gw-temp,2251
1786589640,zone2-living-rm-gw-temp,2251
1786589700,zone2-living-rm-gw-temp,2251
1786589701,zone5-living-rm-fancoil-heat-call,0
1786589760,zone2-living-rm-gw-temp,2251
1786589820,zone2-living-rm-gw-temp,2252
1786589880,zone2-living-rm-gw-temp,2250
1786589940,zone2-living-rm-gw-temp,2250
1786590000,zone2-living-rm-gw-temp,2249
1786590001,zone5-living-rm-fancoil-heat-call,0
1786590060,zone2-living-rm-gw-temp,2252
1786590120,zone2-living-rm-gw-temp,2252
1786590180,zone2-living-rm-gw-temp,2249
1786590240,zone2-living-rm-gw-temp,2250
1786590300,zone2-living-rm-gw-temp,2251
1786590301,zone5-living-rm-fancoil-heat-call,0
1786590360,zone2-living-rm-gw-temp,2249
1786590420,zone2-living-rm-gw-temp,2250
1786590480,zone2-living-rm-gw-temp,2249
1786590540,zone2-living-rm-gw-temp,2249
1786590600,zone2-living-rm-gw-temp,2249
1786590601,zone5-living-rm-fancoil-heat-call,0
1786590660,zone2-living-rm-gw-temp,2251
1786590720,zone2-living-rm-gw-temp,2251
1786590780,zone2-living-rm-gw-temp,2250
1786590840,zone2-living-rm-gw-temp,2250
1786590900,zone2-living-rm-gw-temp,2251
1786590901,zone5-living-rm-fancoil-heat-call,0
1786590960,zone2-living-rm-gw-temp,2249
1786591020,zone2-living-rm-gw-temp,2249
1786591080,zone2-living-rm-gw-temp,2249
1786591140,zone2-living-rm-gw-temp,2249
1786591200,zone2-living-rm-gw-temp,2248
1786591201,zone5-living-rm-fancoil-heat-call,0
1786591260,zone2-living-rm-gw-temp,2251
1786591320,zone2-living-rm-gw-temp,2250
1786591380,zone2-living-rm-gw-temp,2249
1786591440,zone2-living-rm-gw-temp,2248
1786591500,zone2-living-rm-gw-temp,2248
1786591501,zone5-living-rm-fancoil-heat-call,0
1786591560,zone2-living-rm-gw-temp,2248
1786591620,zone2-living-rm-gw-temp,2248
1786591680,zone2-living-rm-gw-temp,2248
1786591740,zone2-living-rm-gw-temp,2251
1786591800,zone2-living-rm-gw-temp,2249
1786591801,zone5-living-rm-fancoil-heat-call,0
1786591860,zone2-living-rm-gw-temp,2249
1786591920,zone2-living-rm-gw-temp,2248
1786591980,zone2-living-rm-gw-temp,2247
1786592040,zone2-living-rm-gw-temp,2246
1786592100,zone2-living-rm-gw-temp,2246
1786592101,zone5-living-rm-fancoil-heat-call,0
1786592160,zone2-living-rm-gw-temp,2247
1786592220,zone2-living-rm-gw-temp,2247
1786592280,zone2-living-rm-gw-temp,2246
1786592340,zone2-living-rm-gw-temp,2246
1786592400,zone2-living-rm-gw-temp,2246
1786592401,zone5-living-rm-fancoil-heat-call,0
1786592460,zone2-living-rm-gw-temp,2245
1786592520,zone2-living-rm-gw-temp,2248
1786592580,zone2-living-rm-gw-temp,2247
1786592640,zone2-living-rm-gw-temp,2247
1786592700,zone2-living-rm-gw-temp,2246
1786592701,zone5-living-rm-fancoil-heat-call,0
1786592760,zone2-living-rm-gw-temp,2246
1786592820,zone2-living-rm-gw-temp,2245
1786592880,zone2-living-rm-gw-temp,2245
1786592940,zone2-living-rm-gw-temp,2245
1786593000,zone2-living-rm-gw-temp,2245
1786593001,zone5-living-rm-fancoil-heat-call,0
1786593060,zone2-living-rm-gw-temp,2245
1786593120,zone2-living-rm-gw-temp,2246
1786593180,zone2-living-rm-gw-temp,2246
1786593240,zone2-living-rm-gw-temp,2245
1786593300,zone2-living-rm-gw-temp,2244
1786593301,zone5-living-rm-fancoil-heat-call,0
1786593360,zone2-living-rm-gw-temp,2245
1786593420,zone2-living-rm-gw-temp,2244
1786593480,zone2-living-rm-gw-temp,2245
1786593540,zone2-living-rm-gw-temp,2244
1786593600,zone2-living-rm-gw-temp,2245
1786593601,zone5-living-rm-fancoil-heat-call,0
1786593660,zone2-living-rm-gw-temp,2244
1786593720,zone2-living-rm-gw-temp,2243
1786593780,zone2-living-rm-gw-temp,2242
1786593840,zone2-living-rm-gw-temp,2243
1786593900,zone2-living-rm-gw-temp,2243
1786593901,zone5-living-rm-fancoil-heat-call,0
1786593960,zone2-living-rm-gw-temp,2243
1786594020,zone2-living-rm-gw-temp,2244
1786594080,zone2-living-rm-gw-temp,2244
1786594140,zone2-living-rm-gw-temp,2244
1786594200,zone2-living-rm-gw-temp,2243
1786594201,zone5-living-rm-fancoil-heat-call,0
1786594260,zone2-living-rm-gw-temp,2242
1786594320,zone2-living-rm-gw-temp,2242
1786594380,zone2-living-rm-gw-temp,2244
1786594440,zone2-living-rm-gw-temp,2244
1786594500,zone2-living-rm-gw-temp,2243
1786594501,zone5-living-rm-fancoil-heat-call,0
1786594560,zone2-living-rm-gw-temp,2242
1786594620,zone2-living-rm-gw-temp,2242
1786594680,zone2-living-rm-gw-temp,2245
1786594740,zone2-living-rm-gw-temp,2245
1786594800,zone2-living-rm-gw-temp,2243
1786594801,zone5-living-rm-fancoil-heat-call,0
1786594860,zone2-living-rm-gw-temp,2241
1786594920,zone2-living-rm-gw-temp,2242
1786594980,zone2-living-rm-gw-temp,2244
1786595040,zone2-living-rm-gw-temp,2243
1786595100,zone2-living-rm-gw-temp,2243
1786595101,zone5-living-rm-fancoil-heat-call,0
1786595160,zone2-living-rm-gw-temp,2241
1786595220,zone2-living-rm-gw-temp,2241
1786595280,zone2-living-rm-gw-temp,2242
1786595340,zone2-living-rm-gw-temp,2243
1786595400,zone2-living-rm-gw-temp,2243
1786595401,zone5-living-rm-fancoil-heat-call,0
1786595460,zone2-living-rm-gw-temp,2243
1786595520,zone2-living-rm-gw-temp,2242
1786595580,zone2-living-rm-gw-temp,2240
1786595640,zone2-living-rm-gw-temp,2242
1786595700,zone2-living-rm-gw-temp,2241
1786595701,zone5-living-rm-fancoil-heat-call,0
1786595760,zone2-living-rm-gw-temp,2241
1786595820,zone2-living-rm-gw-temp,2242
1786595880,zone2-living-rm-gw-temp,2241
1786595940,zone2-living-rm-gw-temp,2241
1786596000,zone2-living-rm-gw-temp,2242
1786596001,zone5-living-rm-fancoil-heat-call,0
1786596060,zone2-living-rm-gw-temp,2242
1786596120,zone2-living-rm-gw-temp,2241
1786596180,zone2-living-rm-gw-temp,2240
1786596240,zone2-living-rm-gw-temp,2240
1786596300,zone2-living-rm-gw-temp,2239
1786596301,zone5-living-rm-fancoil-heat-call,0
1786596360,zone2-living-rm-gw-temp,2241
1786596420,zone2-living-rm-gw-temp,2240
1786596480,zone2-living-rm-gw-temp,2239
1786596540,zone2-living-rm-gw-temp,2240
1786596600,zone2-living-rm-gw-temp,2240
1786596601,zone5-living-rm-fancoil-heat-call,0
1786596660,zone2-living-rm-gw-temp,2238
1786596720,zone2-living-rm-gw-temp,2240
1786596780,zone2-living-rm-gw-temp,2240
1786596840,zone2-living-rm-gw-temp,2240
1786596900,zone2-living-rm-gw-temp,2240
1786596901,zone5-living-rm-fancoil-heat-call,0
1786596960,zone2-living-rm-gw-temp,2237
1786597020,zone2-living-rm-gw-temp,2238
1786597080,zone2-living-rm-gw-temp,2237
1786597140,zone2-living-rm-gw-temp,2237
1786597200,zone2-living-rm-gw-temp,2238
1786597201,zone5-living-rm-fancoil-heat-call,0
1786597260,zone2-living-rm-gw-temp,2239
1786597320,zone2-living-rm-gw-temp,2238
1786597380,zone2-living-rm-gw-temp,2238
1786597440,zone2-living-rm-gw-temp,2238
1786597500,zone2-living-rm-gw-temp,2238
1786597501,zone5-living-rm-fancoil-heat-call,0
1786597560,zone2-living-rm-gw-temp,2236
1786597620,zone2-living-rm-gw-temp,2238
1786597680,zone2-living-rm-gw-temp,2238
1786597740,zone2-living-rm-gw-temp,2238
1786597800,zone2-living-rm-gw-temp,2238
1786597801,zone5-living-rm-fancoil-heat-call,0
1786597860,zone2-living-rm-gw-temp,2237
1786597920,zone2-living-rm-gw-temp,2237
1786597980,zone2-living-rm-gw-temp,2239
1786598040,zone2-living-rm-gw-temp,2237
1786598100,zone2-living-rm-gw-temp,2238
1786598101,zone5-living-rm-fancoil-heat-call,0
1786598160,zone2-living-rm-gw-temp,2237
1786598220,zone2-living-rm-gw-temp,2236
1786598280,zone2-living-rm-gw-temp,2236
1786598340,zone2-living-rm-gw-temp,2235
1786598400,zone2-living-rm-gw-temp,2236
1786598401,zone5-living-rm-fancoil-heat-call,0
1786598460,zone2-living-rm-gw-temp,2236
1786598520,zone2-living-rm-gw-temp,2234
1786598580,zone2-living-rm-gw-temp,2236
1786598640,zone2-living-rm-gw-temp,2237
1786598700,zone2-living-rm-gw-temp,2235
1786598701,zone5-living-rm-fancoil-heat-call,0
1786598760,zone2-living-rm-gw-temp,2236
1786598820,zone2-living-rm-gw-temp,2234
1786598880,zone2-living-rm-gw-temp,2234
1786598940,zone2-living-rm-gw-temp,2235
1786599000,zone2-living-rm-gw-temp,2234
1786599001,zone5-living-rm-fancoil-heat-call,0
1786599060,zone2-living-rm-gw-temp,2237
1786599120,zone2-living-rm-gw-temp,2236
1786599180,zone2-living-rm-gw-temp,2236
1786599240,zone2-living-rm-gw-temp,2235
1786599300,zone2-living-rm-gw-temp,2236
1786599301,zone5-living-rm-fancoil-heat-call,0
1786599360,zone2-living-rm-gw-temp,2235
1786599420,zone2-living-rm-gw-temp,2235
1786599480,zone2-living-rm-gw-temp,2234
1786599540,zone2-living-rm-gw-temp,2234
1786599600,zone2-living-rm-gw-temp,2234
1786599601,zone5-living-rm-fancoil-heat-call,0
1786599660,zone2-living-rm-gw-temp,2236
1786599720,zone2-living-rm-gw-temp,2237
1786599780,zone2-living-rm-gw-temp,2234
1786599840,zone2-living-rm-gw-temp,2234
1786599900,zone2-living-rm-gw-temp,2234
1786599901,zone5-living-rm-fancoil-heat-call,0
1786599960,zone2-living-rm-gw-temp,2234
1786600020,zone2-living-rm-gw-temp,2234
1786600080,zone2-living-rm-gw-temp,2233
1786600140,zone2-living-rm-gw-temp,2234
1786600200,zone2-living-rm-gw-temp,2233
1786600201,zone5-living-rm-fancoil-heat-call,0
1786600260,zone2-living-rm-gw-temp,2236
1786600320,zone2-living-rm-gw-temp,2235
1786600380,zone2-living-rm-gw-temp,2235
1786600440,zone2-living-rm-gw-temp,2234
1786600500,zone2-living-rm-gw-temp,2234
1786600501,zone5-living-rm-fancoil-heat-call,0
1786600560,zone2-living-rm-gw-temp,2233
1786600620,zone2-living-rm-gw-temp,2234
1786600680,zone2-living-rm-gw-temp,2233
1786600740,zone2-living-rm-gw-temp,2233
1786600800,zone2-living-rm-gw-temp,2234
1786600801,zone5-living-rm-fancoil-heat-call,0
1786600860,zone2-living-rm-gw-temp,2232
1786600920,zone2-living-rm-gw-temp,2233
1786600980,zone2-living-rm-gw-temp,2232
1786601040,zone2-living-rm-gw-temp,2231
1786601100,zone2-living-rm-gw-temp,2231
1786601101,zone5-living-rm-fancoil-heat-call,0
1786601160,zone2-living-rm-gw-temp,2232
1786601220,zone2-living-rm-gw-temp,2231
1786601280,zone2-living-rm-gw-temp,2232
1786601340,zone2-living-rm-gw-temp,2233
1786601400,zone2-living-rm-gw-temp,2231
1786601401,zone5-living-rm-fancoil-heat-call,0
1786601460,zone2-living-rm-gw-temp,2232
1786601520,zone2-living-rm-gw-temp,2231
1786601580,zone2-living-rm-gw-temp,2231
1786601640,zone2-living-rm-gw-temp,2231
1786601700,zone2-living-rm-gw-temp,2231
1786601701,zone5-living-rm-fancoil-heat-call,0
1786601760,zone2-living-rm-gw-temp,2229
1786601820,zone2-living-rm-gw-temp,2230
1786601880,zone2-living-rm-gw-temp,2231
1786601940,zone2-living-rm-gw-temp,2232
1786602000,zone2-living-rm-gw-temp,2231
1786602001,zone5-living-rm-fancoil-heat-call,0
1786602060,zone2-living-rm-gw-temp,2231
1786602120,zone2-living-rm-gw-temp,2230
1786602180,zone2-living-rm-gw-temp,2230
1786602240,zone2-living-rm-gw-temp,2229
1786602300,zone2-living-rm-gw-temp,2229
1786602301,zone5-living-rm-fancoil-heat-call,0
1786602360,zone2-living-rm-gw-temp,2230
1786602420,zone2-living-rm-gw-temp,2230
1786602480,zone2-living-rm-gw-temp,2230
1786602540,zone2-living-rm-gw-temp,2228
1786602600,zone2-living-rm-gw-temp,2228
1786602601,zone5-living-rm-fancoil-heat-call,0
1786602660,zone2-living-rm-gw-temp,2228
1786602720,zone2-living-rm-gw-temp,2227
1786602780,zone2-living-rm-gw-temp,2228
1786602840,zone2-living-rm-gw-temp,2230
1786602900,zone2-living-rm-gw-temp,2230
1786602901,zone5-living-rm-fancoil-heat-call,0
1786602960,zone2-living-rm-gw-temp,2228
1786603020,zone2-living-rm-gw-temp,2228
1786603080,zone2-living-rm-gw-temp,2227
1786603140,zone2-living-rm-gw-temp,2227
1786603200,zone2-living-rm-gw-temp,2227
1786603201,zone5-living-rm-fancoil-heat-call,0
1786603260,zone2-living-rm-gw-temp,2227
1786603320,zone2-living-rm-gw-temp,2228
1786603380,zone2-living-rm-gw-temp,2228
1786603440,zone2-living-rm-gw-temp,2227
1786603500,zone2-living-rm-gw-temp,2227
1786603501,zone5-living-rm-fancoil-heat-call,0
1786603560,zone2-living-rm-gw-temp,2228
1786603620,zone2-living-rm-gw-temp,2228
1786603680,zone2-living-rm-gw-temp,2227
1786603740,zone2-living-rm-gw-temp,2227
1786603800,zone2-living-rm-gw-temp,2228
1786603801,zone5-living-rm-fancoil-heat-call,0
1786603860,zone2-living-rm-gw-temp,2226
1786603920,zone2-living-rm-gw-temp,2228
1786603980,zone2-living-rm-gw-temp,2229
1786604040,zone2-living-rm-gw-temp,2227
1786604100,zone2-living-rm-gw-temp,2228
1786604101,zone5-living-rm-fancoil-heat-call,0
1786604160,zone2-living-rm-gw-temp,2227
1786604220,zone2-living-rm-gw-temp,2226
1786604280,zone2-living-rm-gw-temp,2226
1786604340,zone2-living-rm-gw-temp,2229
1786604400,zone2-living-rm-gw-temp,2226
1786604401,zone5-living-rm-fancoil-heat-call,0
1786604460,zone2-living-rm-gw-temp,2228
1786604520,zone2-living-rm-gw-temp,2225
1786604580,zone2-living-rm-gw-temp,2225
1786604640,zone2-living-rm-gw-temp,2225
1786604700,zone2-living-rm-gw-temp,2224
1786604701,zone5-living-rm-fancoil-heat-call,0
1786604760,zone2-living-rm-gw-temp,2227
1786604820,zone2-living-rm-gw-temp,2226
1786604880,zone2-living-rm-gw-temp,2226
1786604940,zone2-living-rm-gw-temp,2227
1786605000,zone2-living-rm-gw-temp,2226
1786605001,zone5-living-rm-fancoil-heat-call,0
1786605060,zone2-living-rm-gw-temp,2224
1786605120,zone2-living-rm-gw-temp,2225
1786605180,zone2-living-rm-gw-temp,2227
1786605240,zone2-living-rm-gw-temp,2225
1786605300,zone2-living-rm-gw-temp,2225
1786605301,zone5-living-rm-fancoil-heat-call,0
1786605360,zone2-living-rm-gw-temp,2226
1786605420,zone2-living-rm-gw-temp,2224
1786605480,zone2-living-rm-gw-temp,2224
1786605540,zone2-living-rm-gw-temp,2224
1786605600,zone2-living-rm-gw-temp,2225
1786605601,zone5-living-rm-fancoil-heat-call,0
1786605660,zone2-living-rm-gw-temp,2227
1786605720,zone2-living-rm-gw-temp,2226
1786605780,zone2-living-rm-gw-temp,2225
1786605840,zone2-living-rm-gw-temp,2223
1786605900,zone2-living-rm-gw-temp,2224
1786605901,zone5-living-rm-fancoil-heat-call,0
1786605960,zone2-living-rm-gw-temp,2224
1786606020,zone2-living-rm-gw-temp,2222
1786606080,zone2-living-rm-gw-temp,2225
1786606140,zone2-living-rm-gw-temp,2224
1786606200,zone2-living-rm-gw-temp,2225
1786606201,zone5-living-rm-fancoil-heat-call,0
1786606260,zone2-living-rm-gw-temp,2224
1786606320,zone2-living-rm-gw-temp,2223
1786606380,zone2-living-rm-gw-temp,2223
1786606440,zone2-living-rm-gw-temp,2223
1786606500,zone2-living-rm-gw-temp,2222
1786606501,zone5-living-rm-fancoil-heat-call,0
1786606560,zone2-living-rm-gw-temp,2224
1786606620,zone2-living-rm-gw-temp,2224
1786606680,zone2-living-rm-gw-temp,2222
1786606740,zone2-living-rm-gw-temp,2223
1786606800,zone2-living-rm-gw-temp,2222
1786606801,zone5-living-rm-fancoil-heat-call,0
1786606860,zone2-living-rm-gw-temp,2221
1786606920,zone2-living-rm-gw-temp,2220
1786606980,zone2-living-rm-gw-temp,2222
1786607040,zone2-living-rm-gw-temp,2224
1786607100,zone2-living-rm-gw-temp,2221
1786607101,zone5-living-rm-fancoil-heat-call,0
1786607160,zone2-living-rm-gw-temp,2222
1786607220,zone2-living-rm-gw-temp,2222
1786607280,zone2-living-rm-gw-temp,2221
1786607340,zone2-living-rm-gw-temp,2221
1786607400,zone2-living-rm-gw-temp,2221
1786607401,zone5-living-rm-fancoil-heat-call,0
1786607460,zone2-living-rm-gw-temp,2224
1786607520,zone2-living-rm-gw-temp,2223
1786607580,zone2-living-rm-gw-temp,2222
1786607640,zone2-living-rm-gw-temp,2222
1786607700,zone2-living-rm-gw-temp,2222
1786607701,zone5-living-rm-fancoil-heat-call,0
1786607760,zone2-living-rm-gw-temp,2221
1786607820,zone2-living-rm-gw-temp,2220
1786607880,zone2-living-rm-gw-temp,2219
1786607940,zone2-living-rm-gw-temp,2221
1786608000,zone2-living-rm-gw-temp,2220
1786608001,zone5-living-rm-fancoil-heat-call,0
1786608060,zone2-living-rm-gw-temp,2221
1786608120,zone2-living-rm-gw-temp,2221
1786608180,zone2-living-rm-gw-temp,2221
1786608240,zone2-living-rm-gw-temp,2221
1786608300,zone2-living-rm-gw-temp,2220
1786608301,zone5-living-rm-fancoil-heat-call,0
1786608360,zone2-living-rm-gw-temp,2219
1786608420,zone2-living-rm-gw-temp,2219
1786608480,zone2-living-rm-gw-temp,2221
1786608540,zone2-living-rm-gw-temp,2221
1786608600,zone2-living-rm-gw-temp,2222
1786608601,zone5-living-rm-fancoil-heat-call,0
1786608660,zone2-living-rm-gw-temp,2221
1786608720,zone2-living-rm-gw-temp,2220
1786608780,zone2-living-rm-gw-temp,2220
1786608840,zone2-living-rm-gw-temp,2219
1786608900,zone2-living-rm-gw-temp,2219
1786608901,zone5-living-rm-fancoil-heat-call,0
1786608960,zone2-living-rm-gw-temp,2221
1786609020,zone2-living-rm-gw-temp,2221
1786609080,zone2-living-rm-gw-temp,2220
1786609140,zone2-living-rm-gw-temp,2219
1786609200,zone2-living-rm-gw-temp,2219
1786609201,zone5-living-rm-fancoil-heat-call,0
1786609260,zone2-living-rm-gw-temp,2219
1786609320,zone2-living-rm-gw-temp,2219
1786609380,zone2-living-rm-gw-temp,2220
1786609440,zone2-living-rm-gw-temp,2221
1786609500,zone2-living-rm-gw-temp,2221
1786609501,zone5-living-rm-fancoil-heat-call,0
1786609560,zone2-living-rm-gw-temp,2220
1786609620,zone2-living-rm-gw-temp,2218
1786609680,zone2-living-rm-gw-temp,2219
1786609740,zone2-living-rm-gw-temp,2218
1786609800,zone2-living-rm-gw-temp,2219
1786609801,zone5-living-rm-fancoil-heat-call,0
1786609860,zone2-living-rm-gw-temp,2218
1786609920,zone2-living-rm-gw-temp,2221
1786609980,zone2-living-rm-gw-temp,2219
1786610040,zone2-living-rm-gw-temp,2219
1786610100,zone2-living-rm-gw-temp,2219
1786610101,zone5-living-rm-fancoil-heat-call,0
1786610160,zone2-living-rm-gw-temp,2217
1786610220,zone2-living-rm-gw-temp,2218
1786610280,zone2-living-rm-gw-temp,2218
1786610340,zone2-living-rm-gw-temp,2216
1786610400,zone2-living-rm-gw-temp,2216
1786610401,zone5-living-rm-fancoil-heat-call,0
1786610460,zone2-living-rm-gw-temp,2219
1786610520,zone2-living-rm-gw-temp,2218
1786610580,zone2-living-rm-gw-temp,2217
1786610640,zone2-living-rm-gw-temp,2216
1786610700,zone2-living-rm-gw-temp,2218
1786610701,zone5-living-rm-fancoil-heat-call,0
1786610760,zone2-living-rm-gw-temp,2217
1786610820,zone2-living-rm-gw-temp,2215
1786610880,zone2-living-rm-gw-temp,2218
1786610940,zone2-living-rm-gw-temp,2218
1786611000,zone2-living-rm-gw-temp,2217
1786611001,zone5-living-rm-fancoil-heat-call,0
1786611060,zone2-living-rm-gw-temp,2216
1786611120,zone2-living-rm-gw-temp,2216
1786611180,zone2-living-rm-gw-temp,2215
1786611240,zone2-living-rm-gw-temp,2214
1786611300,zone2-living-rm-gw-temp,2214
1786611301,zone5-living-rm-fancoil-heat-call,0
1786611360,zone2-living-rm-gw-temp,2215
1786611420,zone2-living-rm-gw-temp,2215
1786611480,zone2-living-rm-gw-temp,2215
1786611540,zone2-living-rm-gw-temp,2215
1786611600,zone2-living-rm-gw-temp,2215
1786611601,zone5-living-rm-fancoil-heat-call,0
1786611660,zone2-living-rm-gw-temp,2214
1786611720,zone2-living-rm-gw-temp,2216
1786611780,zone2-living-rm-gw-temp,2215
1786611840,zone2-living-rm-gw-temp,2214
1786611900,zone2-living-rm-gw-temp,2214
1786611901,zone5-living-rm-fancoil-heat-call,0
1786611960,zone2-living-rm-gw-temp,2213
1786612020,zone2-living-rm-gw-temp,2216
1786612080,zone2-living-rm-gw-temp,2214
1786612140,zone2-living-rm-gw-temp,2215
1786612200,zone2-living-rm-gw-temp,2215
1786612201,zone5-living-rm-fancoil-heat-call,0
1786612260,zone2-living-rm-gw-temp,2213
1786612320,zone2-living-rm-gw-temp,2213
1786612380,zone2-living-rm-gw-temp,2215
1786612440,zone2-living-rm-gw-temp,2214
1786612500,zone2-living-rm-gw-temp,2213
1786612501,zone5-living-rm-fancoil-heat-call,0
1786612560,zone2-living-rm-gw-temp,2213
1786612620,zone2-living-rm-gw-temp,2216
1786612680,zone2-living-rm-gw-temp,2214
1786612740,zone2-living-rm-gw-temp,2214
1786612800,zone2-living-rm-gw-temp,2214
1786612801,zone5-living-rm-fancoil-heat-call,0
1786612860,zone2-living-rm-gw-temp,2212
1786612920,zone2-living-rm-gw-temp,2212
1786612980,zone2-living-rm-gw-temp,2214
1786613040,zone2-living-rm-gw-temp,2214
1786613100,zone2-living-rm-gw-temp,2213
1786613101,zone5-living-rm-fancoil-heat-call,0
1786613160,zone2-living-rm-gw-temp,2213
1786613220,zone2-living-rm-gw-temp,2214
1786613280,zone2-living-rm-gw-temp,2213
1786613340,zone2-living-rm-gw-temp,2215
1786613400,zone2-living-rm-gw-temp,2213
1786613401,zone5-living-rm-fancoil-heat-call,0
1786613460,zone2-living-rm-gw-temp,2214
1786613520,zone2-living-rm-gw-temp,2214
1786613580,zone2-living-rm-gw-temp,2212
1786613640,zone2-living-rm-gw-temp,2214
1786613694,zone2-living-rm-gw-temp,2210
1786613700,zone2-living-rm-gw-temp,2214
1786613701,zone5-living-rm-fancoil-heat-call,0
1786613760,zone2-living-rm-gw-temp,2213
1786613820,zone2-living-rm-gw-temp,2212
1786613880,zone2-living-rm-gw-temp,2212
1786613940,zone2-living-rm-gw-temp,2211
1786614000,zone2-living-rm-gw-temp,2211
1786614001,zone5-living-rm-fancoil-heat-call,0
1786614060,zone2-living-rm-gw-temp,2213
1786614120,zone2-living-rm-gw-temp,2212
1786614180,zone2-living-rm-gw-temp,2211
1786614240,zone2-living-rm-gw-temp,2211
1786614300,zone2-living-rm-gw-temp,2211
1786614301,zone5-living-rm-fancoil-heat-call,0
1786614360,zone2-living-rm-gw-temp,2213
1786614420,zone2-living-rm-gw-temp,2210
1786614480,zone2-living-rm-gw-temp,2211
1786614540,zone2-living-rm-gw-temp,2210
1786614600,zone2-living-rm-gw-temp,2210
1786614601,zone5-living-rm-fancoil-heat-call,0
1786614660,zone2-living-rm-gw-temp,2212
1786614720,zone2-living-rm-gw-temp,2210
1786614780,zone2-living-rm-gw-temp,2211
1786614840,zone2-living-rm-gw-temp,2211
1786614900,zone2-living-rm-gw-temp,2210
1786614901,zone5-living-rm-fancoil-heat-call,0
1786614960,zone2-living-rm-gw-temp,2210
1786615020,zone2-living-rm-gw-temp,2210
1786615080,zone2-living-rm-gw-temp,2212
1786615140,zone2-living-rm-gw-temp,2211
1786615200,zone2-living-rm-gw-temp,2211
1786615201,zone5-living-rm-fancoil-heat-call,0
1786615260,zone2-living-rm-gw-temp,2210
1786615320,zone2-living-rm-gw-temp,2208
1786615380,zone2-living-rm-gw-temp,2208
1786615440,zone2-living-rm-gw-temp,2208
1786615500,zone2-living-rm-gw-temp,2208
1786615501,zone5-living-rm-fancoil-heat-call,0
1786615560,zone2-living-rm-gw-temp,2210
1786615620,zone2-living-rm-gw-temp,2211
1786615680,zone2-living-rm-gw-temp,2209
1786615740,zone2-living-rm-gw-temp,2209
1786615800,zone2-living-rm-gw-temp,2209
1786615801,zone5-living-rm-fancoil-heat-call,0
1786615860,zone2-living-rm-gw-temp,2209
1786615920,zone2-living-rm-gw-temp,2210
1786615980,zone2-living-rm-gw-temp,2209
1786616040,zone2-living-rm-gw-temp,2207
1786616100,zone2-living-rm-gw-temp,2208
1786616101,zone5-living-rm-fancoil-heat-call,0
1786616160,zone2-living-rm-gw-temp,2207
1786616220,zone2-living-rm-gw-temp,2208
1786616280,zone2-living-rm-gw-temp,2209
1786616340,zone2-living-rm-gw-temp,2207
1786616400,zone2-living-rm-gw-temp,2208
1786616401,zone5-living-rm-fancoil-heat-call,0
1786616460,zone2-living-rm-gw-temp,2206
1786616520,zone2-living-rm-gw-temp,2207
1786616580,zone2-living-rm-gw-temp,2208
1786616640,zone2-living-rm-gw-temp,2209
1786616700,zone2-living-rm-gw-temp,2209
1786616701,zone5-living-rm-fancoil-heat-call,0
1786616760,zone2-living-rm-gw-temp,2207
1786616820,zone2-living-rm-gw-temp,2208
1786616880,zone2-living-rm-gw-temp,2207
1786616940,zone2-living-rm-gw-temp,2205
1786617000,zone2-living-rm-gw-temp,2207
1786617001,zone5-living-rm-fancoil-heat-call,0
1786617060,zone2-living-rm-gw-temp,2209
1786617120,zone2-living-rm-gw-temp,2207
1786617180,zone2-living-rm-gw-temp,2206
1786617240,zone2-living-rm-gw-temp,2206
1786617300,zone2-living-rm-gw-temp,2206
1786617301,zone5-living-rm-fancoil-heat-call,0
1786617360,zone2-living-rm-gw-temp,2209
1786617420,zone2-living-rm-gw-temp,2208
1786617480,zone2-living-rm-gw-temp,2208
1786617540,zone2-living-rm-gw-temp,2207
1786617600,zone2-living-rm-gw-temp,2207
1786617601,zone5-living-rm-fancoil-heat-call,0
1786617660,zone2-living-rm-gw-temp,2205
1786617720,zone2-living-rm-gw-temp,2205
1786617780,zone2-living-rm-gw-temp,2208
1786617840,zone2-living-rm-gw-temp,2207
1786617900,zone2-living-rm-gw-temp,2207
1786617901,zone5-living-rm-fancoil-heat-call,0
1786617960,zone2-living-rm-gw-temp,2207
1786618020,zone2-living-rm-gw-temp,2206
1786618080,zone2-living-rm-gw-temp,2208
1786618140,zone2-living-rm-gw-temp,2208
1786618200,zone2-living-rm-gw-temp,2207
1786618201,zone5-living-rm-fancoil-heat-call,0
1786618260,zone2-living-rm-gw-temp,2207
1786618320,zone2-living-rm-gw-temp,2205
1786618380,zone2-living-rm-gw-temp,2208
1786618440,zone2-living-rm-gw-temp,2208
1786618500,zone2-living-rm-gw-temp,2207
1786618501,zone5-living-rm-fancoil-heat-call,0
1786618560,zone2-living-rm-gw-temp,2205
1786618620,zone2-living-rm-gw-temp,2205
1786618680,zone2-living-rm-gw-temp,2207
1786618740,zone2-living-rm-gw-temp,2206
1786618800,zone2-living-rm-gw-temp,2204
1786618801,zone5-living-rm-fancoil-heat-call,0
1786618860,zone2-living-rm-gw-temp,2203
1786618920,zone2-living-rm-gw-temp,2206
1786618980,zone2-living-rm-gw-temp,2205
1786619040,zone2-living-rm-gw-temp,2204
1786619100,zone2-living-rm-gw-temp,2204
1786619101,zone5-living-rm-fancoil-heat-call,0
1786619160,zone2-living-rm-gw-temp,2205
1786619220,zone2-living-rm-gw-temp,2204
1786619280,zone2-living-rm-gw-temp,2206
1786619340,zone2-living-rm-gw-temp,2204
1786619400,zone2-living-rm-gw-temp,2204
1786619401,zone5-living-rm-fancoil-heat-call,0
1786619460,zone2-living-rm-gw-temp,2202
1786619520,zone2-living-rm-gw-temp,2206
1786619580,zone2-living-rm-gw-temp,2205
1786619640,zone2-living-rm-gw-temp,2205
1786619700,zone2-living-rm-gw-temp,2204
1786619701,zone5-living-rm-fancoil-heat-call,0
1786619760,zone2-living-rm-gw-temp,2202
1786619820,zone2-living-rm-gw-temp,2204
1786619880,zone2-living-rm-gw-temp,2205
1786619940,zone2-living-rm-gw-temp,2202
1786620000,zone2-living-rm-gw-temp,2203
1786620001,zone5-living-rm-fancoil-heat-call,0
1786620060,zone2-living-rm-gw-temp,2201
1786620120,zone2-living-rm-gw-temp,2203
1786620180,zone2-living-rm-gw-temp,2202
1786620240,zone2-living-rm-gw-temp,2201
1786620300,zone2-living-rm-gw-temp,2202
1786620301,zone5-living-rm-fancoil-heat-call,0
1786620360,zone2-living-rm-gw-temp,2204
1786620420,zone2-living-rm-gw-temp,2204
1786620480,zone2-living-rm-gw-temp,2202
1786620540,zone2-living-rm-gw-temp,2202
1786620600,zone2-living-rm-gw-temp,2203
1786620601,zone5-living-rm-fancoil-heat-call,0
1786620660,zone2-living-rm-gw-temp,2202
1786620720,zone2-living-rm-gw-temp,2202
1786620780,zone2-living-rm-gw-temp,2202
1786620840,zone2-living-rm-gw-temp,2202
1786620900,zone2-living-rm-gw-temp,2202
1786620901,zone5-living-rm-fancoil-heat-call,0
1786620960,zone2-living-rm-gw-temp,2200
1786621020,zone2-living-rm-gw-temp,2201
1786621080,zone2-living-rm-gw-temp,2204
1786621140,zone2-living-rm-gw-temp,2201
1786621200,zone2-living-rm-gw-temp,2201
1786621201,zone5-living-rm-fancoil-heat-call,0
1786621260,zone2-living-rm-gw-temp,2201
1786621320,zone2-living-rm-gw-temp,2200
1786621380,zone2-living-rm-gw-temp,2201
1786621440,zone2-living-rm-gw-temp,2199
1786621500,zone2-living-rm-gw-temp,2202
1786621501,zone5-living-rm-fancoil-heat-call,0
1786621560,zone2-living-rm-gw-temp,2199
1786621620,zone2-living-rm-gw-temp,2202
1786621680,zone2-living-rm-gw-temp,2201
1786621740,zone2-living-rm-gw-temp,2202
1786621800,zone2-living-rm-gw-temp,2201
1786621801,zone5-living-rm-fancoil-heat-call,0
1786621860,zone2-living-rm-gw-temp,2201
1786621920,zone2-living-rm-gw-temp,2203
1786621980,zone2-living-rm-gw-temp,2201
1786622040,zone2-living-rm-gw-temp,2202
1786622100,zone2-living-rm-gw-temp,2203
1786622101,zone5-living-rm-fancoil-heat-call,0
1786622160,zone2-living-rm-gw-temp,2201
1786622220,zone2-living-rm-gw-temp,2201
1786622280,zone2-living-rm-gw-temp,2201
1786622340,zone2-living-rm-gw-temp,2201
1786622400,zone2-living-rm-gw-temp,2201
1786622401,zone5-living-rm-fancoil-heat-call,0
1786622460,zone2-living-rm-gw-temp,2202
1786622520,zone2-living-rm-gw-temp,2201
1786622580,zone2-living-rm-gw-temp,2203
1786622640,zone2-living-rm-gw-temp,2201
1786622700,zone2-living-rm-gw-temp,2201
1786622701,zone5-living-rm-fancoil-heat-call,0
1786622760,zone2-living-rm-gw-temp,2202
1786622820,zone2-living-rm-gw-temp,2202
1786622880,zone2-living-rm-gw-temp,2201
1786622940,zone2-living-rm-gw-temp,2201
1786623000,zone2-living-rm-gw-temp,2202
1786623001,zone5-living-rm-fancoil-heat-call,0
1786623060,zone2-living-rm-gw-temp,2201
1786623120,zone2-living-rm-gw-temp,2201
1786623180,zone2-living-rm-gw-temp,2200
1786623240,zone2-living-rm-gw-temp,2201
1786623300,zone2-living-rm-gw-temp,2199
1786623301,zone5-living-rm-fancoil-heat-call,0
1786623360,zone2-living-rm-gw-temp,2200
1786623420,zone2-living-rm-gw-temp,2202
1786623480,zone2-living-rm-gw-temp,2201
1786623540,zone2-living-rm-gw-temp,2202
1786623600,zone2-living-rm-gw-temp,2201
1786623601,zone5-living-rm-fancoil-heat-call,0
1786623660,zone2-living-rm-gw-temp,2201
1786623720,zone2-living-rm-gw-temp,2200
1786623780,zone2-living-rm-gw-temp,2201
1786623840,zone2-living-rm-gw-temp,2201
1786623900,zone2-living-rm-gw-temp,2201
1786623901,zone5-living-rm-fancoil-heat-call,0
1786623960,zone2-living-rm-gw-temp,2199
1786624020,zone2-living-rm-gw-temp,2202
1786624080,zone2-living-rm-gw-temp,2198
1786624140,zone2-living-rm-gw-temp,2201
1786624200,zone2-living-rm-gw-temp,2199
1786624201,zone5-living-rm-fancoil-heat-call,0
1786624260,zone2-living-rm-gw-temp,2199
1786624320,zone2-living-rm-gw-temp,2199
1786624380,zone2-living-rm-gw-temp,2201
1786624440,zone2-living-rm-gw-temp,2199
1786624500,zone2-living-rm-gw-temp,2201
1786624501,zone5-living-rm-fancoil-heat-call,0
1786624560,zone2-living-rm-gw-temp,2200
1786624620,zone2-living-rm-gw-temp,2201
1786624680,zone2-living-rm-gw-temp,2199
1786624740,zone2-living-rm-gw-temp,2201
1786624800,zone2-living-rm-gw-temp,2199
1786624801,zone5-living-rm-fancoil-heat-call,0
1786624860,zone2-living-rm-gw-temp,2201
1786624920,zone2-living-rm-gw-temp,2201
1786624980,zone2-living-rm-gw-temp,2199
1786625040,zone2-living-rm-gw-temp,2200
1786625100,zone2-living-rm-gw-temp,2199
1786625101,zone5-living-rm-fancoil-heat-call,0
1786625160,zone2-living-rm-gw-temp,2200
1786625220,zone2-living-rm-gw-temp,2200
1786625280,zone2-living-rm-gw-temp,2199
1786625340,zone2-living-rm-gw-temp,2200
1786625400,zone2-living-rm-gw-temp,2201
1786625401,zone5-living-rm-fancoil-heat-call,0
1786625460,zone2-living-rm-gw-temp,2200
1786625520,zone2-living-rm-gw-temp,2201
1786625580,zone2-living-rm-gw-temp,2199
1786625640,zone2-living-rm-gw-temp,2201
1786625700,zone2-living-rm-gw-temp,2200
1786625701,zone5-living-rm-fancoil-heat-call,0
1786625760,zone2-living-rm-gw-temp,2201
1786625820,zone2-living-rm-gw-temp,2201
1786625880,zone2-living-rm-gw-temp,2200
1786625940,zone2-living-rm-gw-temp,2202
1786626000,zone2-living-rm-gw-temp,2201
1786626001,zone5-living-rm-fancoil-heat-call,0
1786626060,zone2-living-rm-gw-temp,2200
1786626120,zone2-living-rm-gw-temp,2201
1786626180,zone2-living-rm-gw-temp,2200
1786626240,zone2-living-rm-gw-temp,2202
1786626300,zone2-living-rm-gw-temp,2202
1786626301,zone5-living-rm-fancoil-heat-call,0
1786626360,zone2-living-rm-gw-temp,2201
1786626420,zone2-living-rm-gw-temp,2201
1786626480,zone2-living-rm-gw-temp,2201
1786626540,zone2-living-rm-gw-temp,2202
1786626600,zone2-living-rm-gw-temp,2201
1786626601,zone5-living-rm-fancoil-heat-call,0
1786626660,zone2-living-rm-gw-temp,2202
1786626720,zone2-living-rm-gw-temp,2201
1786626780,zone2-living-rm-gw-temp,2200
1786626840,zone2-living-rm-gw-temp,2200
1786626900,zone2-living-rm-gw-temp,2202
1786626901,zone5-living-rm-fancoil-heat-call,0
1786626960,zone2-living-rm-gw-temp,2203
1786627020,zone2-living-rm-gw-temp,2202
1786627080,zone2-living-rm-gw-temp,2201
1786627140,zone2-living-rm-gw-temp,2200
1786627200,zone2-living-rm-gw-temp,2199
1786627201,zone5-living-rm-fancoil-heat-call,0
1786627260,zone2-living-rm-gw-temp,2203
1786627320,zone2-living-rm-gw-temp,2202
1786627380,zone2-living-rm-gw-temp,2202
1786627440,zone2-living-rm-gw-temp,2199
1786627500,zone2-living-rm-gw-temp,2201
1786627501,zone5-living-rm-fancoil-heat-call,0
1786627560,zone2-living-rm-gw-temp,2202
1786627620,zone2-living-rm-gw-temp,2202
1786627680,zone2-living-rm-gw-temp,2201
1786627740,zone2-living-rm-gw-temp,2201
1786627800,zone2-living-rm-gw-temp,2201
1786627801,zone5-living-rm-fancoil-heat-call,0
1786627860,zone2-living-rm-gw-temp,2201
1786627920,zone2-living-rm-gw-temp,2202
1786627980,zone2-living-rm-gw-temp,2203
1786628040,zone2-living-rm-gw-temp,2202
1786628100,zone2-living-rm-gw-temp,2202
1786628101,zone5-living-rm-fancoil-heat-call,0
1786628160,zone2-living-rm-gw-temp,2201
1786628220,zone2-living-rm-gw-temp,2200
1786628280,zone2-living-rm-gw-temp,2202
1786628340,zone2-living-rm-gw-temp,2202
1786628400,zone2-living-rm-gw-temp,2202
1786628401,zone5-living-rm-fancoil-heat-call,0
1786628460,zone2-living-rm-gw-temp,2201
1786628520,zone2-living-rm-gw-temp,2202
1786628580,zone2-living-rm-gw-temp,2201
1786628640,zone2-living-rm-gw-temp,2202
1786628700,zone2-living-rm-gw-temp,2200
1786628701,zone5-living-rm-fancoil-heat-call,0
1786628760,zone2-living-rm-gw-temp,2204
1786628820,zone2-living-rm-gw-temp,2204
1786628880,zone2-living-rm-gw-temp,2201
1786628940,zone2-living-rm-gw-temp,2202
1786629000,zone2-living-rm-gw-temp,2204
1786629001,zone5-living-rm-fancoil-heat-call,0
1786629060,zone2-living-rm-gw-temp,2201
1786629120,zone2-living-rm-gw-temp,2201
1786629180,zone2-living-rm-gw-temp,2202
1786629240,zone2-living-rm-gw-temp,2199
1786629300,zone2-living-rm-gw-temp,2201
1786629301,zone5-living-rm-fancoil-heat-call,0
1786629360,zone2-living-rm-gw-temp,2203
1786629420,zone2-living-rm-gw-temp,2204
1786629480,zone2-living-rm-gw-temp,2204
1786629540,zone2-living-rm-gw-temp,2204
1786629600,zone2-living-rm-gw-temp,2204
1786629601,zone5-living-rm-fancoil-heat-call,0
1786629660,zone2-living-rm-gw-temp,2204
1786629720,zone2-living-rm-gw-temp,2203
1786629780,zone2-living-rm-gw-temp,2202
1786629840,zone2-living-rm-gw-temp,2203
1786629900,zone2-living-rm-gw-temp,2203
1786629901,zone5-living-rm-fancoil-heat-call,0
1786629960,zone2-living-rm-gw-temp,2202
1786630020,zone2-living-rm-gw-temp,2202
1786630080,zone2-living-rm-gw-temp,2203
1786630140,zone2-living-rm-gw-temp,2202
1786630200,zone2-living-rm-gw-temp,2202
1786630201,zone5-living-rm-fancoil-heat-call,0
1786630260,zone2-living-rm-gw-temp,2206
1786630320,zone2-living-rm-gw-temp,2205
1786630380,zone2-living-rm-gw-temp,2205
1786630440,zone2-living-rm-gw-temp,2204
1786630500,zone2-living-rm-gw-temp,2204
1786630501,zone5-living-rm-fancoil-heat-call,0
1786630560,zone2-living-rm-gw-temp,2204
1786630620,zone2-living-rm-gw-temp,2203
1786630680,zone2-living-rm-gw-temp,2203
1786630740,zone2-living-rm-gw-temp,2206
1786630800,zone2-living-rm-gw-temp,2204
1786630801,zone5-living-rm-fancoil-heat-call,0
1786630860,zone2-living-rm-gw-temp,2206
1786630920,zone2-living-rm-gw-temp,2206
1786630980,zone2-living-rm-gw-temp,2204
1786631040,zone2-living-rm-gw-temp,2205
1786631100,zone2-living-rm-gw-temp,2205
1786631101,zone5-living-rm-fancoil-heat-call,0
1786631160,zone2-living-rm-gw-temp,2204
1786631220,zone2-living-rm-gw-temp,2206
1786631280,zone2-living-rm-gw-temp,2207
1786631340,zone2-living-rm-gw-temp,2205
1786631400,zone2-living-rm-gw-temp,2206
1786631401,zone5-living-rm-fancoil-heat-call,0
1786631460,zone2-living-rm-gw-temp,2205
1786631520,zone2-living-rm-gw-temp,2204
1786631580,zone2-living-rm-gw-temp,2205
1786631640,zone2-living-rm-gw-temp,2205
1786631700,zone2-living-rm-gw-temp,2204
1786631701,zone5-living-rm-fancoil-heat-call,0
1786631760,zone2-living-rm-gw-temp,2205
1786631820,zone2-living-rm-gw-temp,2205
1786631880,zone2-living-rm-gw-temp,2205
1786631940,zone2-living-rm-gw-temp,2207
1786632000,zone2-living-rm-gw-temp,2207
1786632001,zone5-living-rm-fancoil-heat-call,0
1786632060,zone2-living-rm-gw-temp,2203
1786632120,zone2-living-rm-gw-temp,2205
1786632180,zone2-living-rm-gw-temp,2204
1786632240,zone2-living-rm-gw-temp,2204
1786632300,zone2-living-rm-gw-temp,2206
1786632301,zone5-living-rm-fancoil-heat-call,0
1786632360,zone2-living-rm-gw-temp,2205
1786632420,zone2-living-rm-gw-temp,2204
1786632480,zone2-living-rm-gw-temp,2204
1786632540,zone2-living-rm-gw-temp,2205
1786632600,zone2-living-rm-gw-temp,2204
1786632601,zone5-living-rm-fancoil-heat-call,0
1786632660,zone2-living-rm-gw-temp,2206
1786632720,zone2-living-rm-gw-temp,2207
1786632780,zone2-living-rm-gw-temp,2207
1786632840,zone2-living-rm-gw-temp,2207
1786632900,zone2-living-rm-gw-temp,2207
1786632901,zone5-living-rm-fancoil-heat-call,0
1786632960,zone2-living-rm-gw-temp,2208
1786633020,zone2-living-rm-gw-temp,2207
1786633080,zone2-living-rm-gw-temp,2207
1786633140,zone2-living-rm-gw-temp,2206
1786633200,zone2-living-rm-gw-temp,2206
1786633201,zone5-living-rm-fancoil-heat-call,0
1786633260,zone2-living-rm-gw-temp,2208
1786633320,zone2-living-rm-gw-temp,2207
1786633380,zone2-living-rm-gw-temp,2206
1786633440,zone2-living-rm-gw-temp,2207
1786633500,zone2-living-rm-gw-temp,2206
1786633500,zone5-living-rm-fancoil-heat-call,0
1786633560,zone2-living-rm-gw-temp,2207
1786633620,zone2-living-rm-gw-temp,2205
1786633680,zone2-living-rm-gw-temp,2205
1786633740,zone2-living-rm-gw-temp,2205
1786633800,zone2-living-rm-gw-temp,2205
1786633801,zone5-living-rm-fancoil-heat-call,0
1786633860,zone2-living-rm-gw-temp,2204
1786633920,zone2-living-rm-gw-temp,2205
1786633980,zone2-living-rm-gw-temp,2204
1786634040,zone2-living-rm-gw-temp,2204
1786634100,zone2-living-rm-gw-temp,2204
1786634101,zone5-living-rm-fancoil-heat-call,0
1786634160,zone2-living-rm-gw-temp,2205
1786634220,zone2-living-rm-gw-temp,2204
1786634280,zone2-living-rm-gw-temp,2202
1786634340,zone2-living-rm-gw-temp,2204
1786634400,zone2-living-rm-gw-temp,2204
1786634401,zone5-living-rm-fancoil-heat-call,0
1786634460,zone2-living-rm-gw-temp,2204
1786634520,zone2-living-rm-gw-temp,2204
1786634580,zone2-living-rm-gw-temp,2207
1786634640,zone2-living-rm-gw-temp,2207
1786634700,zone2-living-rm-gw-temp,2205
1786634701,zone5-living-rm-fancoil-heat-call,0
1786634760,zone2-living-rm-gw-temp,2207
1786634820,zone2-living-rm-gw-temp,2206
1786634880,zone2-living-rm-gw-temp,2205
1786634940,zone2-living-rm-gw-temp,2205
1786635000,zone2-living-rm-gw-temp,2206
1786635001,zone5-living-rm-fancoil-heat-call,0
1786635060,zone2-living-rm-gw-temp,2207
1786635120,zone2-living-rm-gw-temp,2206
1786635180,zone2-living-rm-gw-temp,2207
1786635240,zone2-living-rm-gw-temp,2206
1786635300,zone2-living-rm-gw-temp,2207
1786635301,zone5-living-rm-fancoil-heat-call,0
1786635360,zone2-living-rm-gw-temp,2207
1786635420,zone2-living-rm-gw-temp,2207
1786635480,zone2-living-rm-gw-temp,2208
1786635540,zone2-living-rm-gw-temp,2206
1786635600,zone2-living-rm-gw-temp,2208
1786635601,zone5-living-rm-fancoil-heat-call,0
1786635660,zone2-living-rm-gw-temp,2205
1786635720,zone2-living-rm-gw-temp,2207
1786635780,zone2-living-rm-gw-temp,2207
1786635840,zone2-living-rm-gw-temp,2207
1786635900,zone2-living-rm-gw-temp,2206
1786635901,zone5-living-rm-fancoil-heat-call,0
1786635960,zone2-living-rm-gw-temp,2207
1786636020,zone2-living-rm-gw-temp,2208
1786636080,zone2-living-rm-gw-temp,2206
1786636140,zone2-living-rm-gw-temp,2207
1786636200,zone2-living-rm-gw-temp,2206
1786636201,zone5-living-rm-fancoil-heat-call,0
1786636260,zone2-living-rm-gw-temp,2205
1786636320,zone2-living-rm-gw-temp,2206
1786636380,zone2-living-rm-gw-temp,2206
1786636440,zone2-living-rm-gw-temp,2206
1786636500,zone2-living-rm-gw-temp,2207
1786636501,zone5-living-rm-fancoil-heat-call,0
1786636560,zone2-living-rm-gw-temp,2205
1786636620,zone2-living-rm-gw-temp,2205
1786636680,zone2-living-rm-gw-temp,2206
1786636740,zone2-living-rm-gw-temp,2205
1786636800,zone2-living-rm-gw-temp,2205
1786636801,zone5-living-rm-fancoil-heat-call,0
1786636860,zone2-living-rm-gw-temp,2207
1786636920,zone2-living-rm-gw-temp,2205
1786636980,zone2-living-rm-gw-temp,2206
1786637040,zone2-living-rm-gw-temp,2205
1786637100,zone2-living-rm-gw-temp,2207
1786637101,zone5-living-rm-fancoil-heat-call,0
1786637160,zone2-living-rm-gw-temp,2206
1786637220,zone2-living-rm-gw-temp,2205
1786637280,zone2-living-rm-gw-temp,2207
1786637340,zone2-living-rm-gw-temp,2206
1786637400,zone2-living-rm-gw-temp,2206
1786637401,zone5-living-rm-fancoil-heat-call,0
1786637460,zone2-living-rm-gw-temp,2209
1786637520,zone2-living-rm-gw-temp,2209
1786637580,zone2-living-rm-gw-temp,2207
1786637640,zone2-living-rm-gw-temp,2207
1786637700,zone2-living-rm-gw-temp,2208
1786637701,zone5-living-rm-fancoil-heat-call,0
1786637760,zone2-living-rm-gw-temp,2207
1786637820,zone2-living-rm-gw-temp,2205
1786637880,zone2-living-rm-gw-temp,2206
1786637940,zone2-living-rm-gw-temp,2207
1786638000,zone2-living-rm-gw-temp,2206
1786638001,zone5-living-rm-fancoil-heat-call,0
1786638060,zone2-living-rm-gw-temp,2208
1786638120,zone2-living-rm-gw-temp,2207
1786638180,zone2-living-rm-gw-temp,2207
1786638240,zone2-living-rm-gw-temp,2208
1786638300,zone2-living-rm-gw-temp,2207
1786638301,zone5-living-rm-fancoil-heat-call,0
1786638360,zone2-living-rm-gw-temp,2207
1786638420,zone2-living-rm-gw-temp,2206
1786638480,zone2-living-rm-gw-temp,2207
1786638540,zone2-living-rm-gw-temp,2207
1786638600,zone2-living-rm-gw-temp,2206
1786638601,zone5-living-rm-fancoil-heat-call,0
1786638660,zone2-living-rm-gw-temp,2206
1786638720,zone2-living-rm-gw-temp,2210
1786638780,zone2-living-rm-gw-temp,2210
1786638840,zone2-living-rm-gw-temp,2209
1786638900,zone2-living-rm-gw-temp,2210
1786638901,zone5-living-rm-fancoil-heat-call,0
1786638960,zone2-living-rm-gw-temp,2209
1786639020,zone2-living-rm-gw-temp,2209
1786639080,zone2-living-rm-gw-temp,2207
1786639140,zone2-living-rm-gw-temp,2208
1786639200,zone2-living-rm-gw-temp,2209
1786639201,zone5-living-rm-fancoil-heat-call,0
1786639260,zone2-living-rm-gw-temp,2208
1786639320,zone2-living-rm-gw-temp,2209
1786639380,zone2-living-rm-gw-temp,2211
1786639440,zone2-living-rm-gw-temp,2212
1786639500,zone2-living-rm-gw-temp,2210
1786639501,zone5-living-rm-fancoil-heat-call,0
1786639560,zone2-living-rm-gw-temp,2211
1786639620,zone2-living-rm-gw-temp,2210
1786639680,zone2-living-rm-gw-temp,2210
1786639740,zone2-living-rm-gw-temp,2210
1786639800,zone2-living-rm-gw-temp,2212
1786639801,zone5-living-rm-fancoil-heat-call,0
1786639860,zone2-living-rm-gw-temp,2210
1786639920,zone2-living-rm-gw-temp,2211
1786639980,zone2-living-rm-gw-temp,2210
1786640040,zone2-living-rm-gw-temp,2210
1786640100,zone2-living-rm-gw-temp,2211
1786640101,zone5-living-rm-fancoil-heat-call,0
1786640160,zone2-living-rm-gw-temp,2209
1786640220,zone2-living-rm-gw-temp,2210
1786640280,zone2-living-rm-gw-temp,2211
1786640340,zone2-living-rm-gw-temp,2212
1786640400,zone2-living-rm-gw-temp,2211
1786640401,zone5-living-rm-fancoil-heat-call,0
1786640460,zone2-living-rm-gw-temp,2213
1786640520,zone2-living-rm-gw-temp,2212
1786640580,zone2-living-rm-gw-temp,2213
1786640640,zone2-living-rm-gw-temp,2212
1786640700,zone2-living-rm-gw-temp,2212
1786640701,zone5-living-rm-fancoil-heat-call,0
1786640760,zone2-living-rm-gw-temp,2212
1786640820,zone2-living-rm-gw-temp,2214
1786640880,zone2-living-rm-gw-temp,2213
1786640940,zone2-living-rm-gw-temp,2212
1786641000,zone2-living-rm-gw-temp,2213
1786641001,zone5-living-rm-fancoil-heat-call,0
1786641060,zone2-living-rm-gw-temp,2212
1786641120,zone2-living-rm-gw-temp,2211
1786641180,zone2-living-rm-gw-temp,2212
1786641240,zone2-living-rm-gw-temp,2212
1786641300,zone2-living-rm-gw-temp,2212
1786641301,zone5-living-rm-fancoil-heat-call,0
1786641360,zone2-living-rm-gw-temp,2211
1786641420,zone2-living-rm-gw-temp,2211
1786641480,zone2-living-rm-gw-temp,2211
1786641540,zone2-living-rm-gw-temp,2213
1786641600,zone2-living-rm-gw-temp,2211
1786641601,zone5-living-rm-fancoil-heat-call,0
1786641660,zone2-living-rm-gw-temp,2213
1786641720,zone2-living-rm-gw-temp,2213
1786641780,zone2-living-rm-gw-temp,2213
1786641840,zone2-living-rm-gw-temp,2212
1786641900,zone2-living-rm-gw-temp,2213
1786641901,zone5-living-rm-fancoil-heat-call,0
1786641960,zone2-living-rm-gw-temp,2212
1786642020,zone2-living-rm-gw-temp,2214
1786642080,zone2-living-rm-gw-temp,2212
1786642140,zone2-living-rm-gw-temp,2212
1786642200,zone2-living-rm-gw-temp,2212
1786642201,zone5-living-rm-fancoil-heat-call,0
1786642260,zone2-living-rm-gw-temp,2211
1786642320,zone2-living-rm-gw-temp,2212
1786642380,zone2-living-rm-gw-temp,2212
1786642440,zone2-living-rm-gw-temp,2214
1786642500,zone2-living-rm-gw-temp,2212
1786642501,zone5-living-rm-fancoil-heat-call,0
1786642560,zone2-living-rm-gw-temp,2215
1786642620,zone2-living-rm-gw-temp,2213
1786642680,zone2-living-rm-gw-temp,2213
1786642740,zone2-living-rm-gw-temp,2212
1786642800,zone2-living-rm-gw-temp,2213
1786642801,zone5-living-rm-fancoil-heat-call,0
1786642860,zone2-living-rm-gw-temp,2212
1786642920,zone2-living-rm-gw-temp,2211
1786642980,zone2-living-rm-gw-temp,2212
1786643040,zone2-living-rm-gw-temp,2213
1786643100,zone2-living-rm-gw-temp,2212
1786643101,zone5-living-rm-fancoil-heat-call,0
1786643160,zone2-living-rm-gw-temp,2212
1786643220,zone2-living-rm-gw-temp,2212
1786643280,zone2-living-rm-gw-temp,2213
1786643340,zone2-living-rm-gw-temp,2213
1786643400,zone2-living-rm-gw-temp,2213
1786643401,zone5-living-rm-fancoil-heat-call,0
1786643460,zone2-living-rm-gw-temp,2214
1786643520,zone2-living-rm-gw-temp,2213
1786643580,zone2-living-rm-gw-temp,2213
1786643640,zone2-living-rm-gw-temp,2211
1786643700,zone2-living-rm-gw-temp,2212
1786643701,zone5-living-rm-fancoil-heat-call,0
1786643760,zone2-living-rm-gw-temp,2213
1786643820,zone2-living-rm-gw-temp,2213
1786643880,zone2-living-rm-gw-temp,2212
1786643940,zone2-living-rm-gw-temp,2213
1786644000,zone2-living-rm-gw-temp,2213
1786644001,zone5-living-rm-fancoil-heat-call,0
1786644060,zone2-living-rm-gw-temp,2216
1786644120,zone2-living-rm-gw-temp,2216
1786644180,zone2-living-rm-gw-temp,2215
1786644240,zone2-living-rm-gw-temp,2216
1786644300,zone2-living-rm-gw-temp,2217
1786644301,zone5-living-rm-fancoil-heat-call,0
1786644360,zone2-living-rm-gw-temp,2216
1786644420,zone2-living-rm-gw-temp,2215
1786644480,zone2-living-rm-gw-temp,2215
1786644540,zone2-living-rm-gw-temp,2216
1786644600,zone2-living-rm-gw-temp,2214
1786644601,zone5-living-rm-fancoil-heat-call,0
1786644660,zone2-living-rm-gw-temp,2215
1786644720,zone2-living-rm-gw-temp,2216
1786644780,zone2-living-rm-gw-temp,2216
1786644840,zone2-living-rm-gw-temp,2218
1786644900,zone2-living-rm-gw-temp,2218
1786644901,zone5-living-rm-fancoil-heat-call,0
1786644960,zone2-living-rm-gw-temp,2217
1786645020,zone2-living-rm-gw-temp,2217
1786645080,zone2-living-rm-gw-temp,2217
1786645140,zone2-living-rm-gw-temp,2217
1786645200,zone2-living-rm-gw-temp,2217
1786645201,zone5-living-rm-fancoil-heat-call,0
1786645260,zone2-living-rm-gw-temp,2216
1786645320,zone2-living-rm-gw-temp,2218
1786645380,zone2-living-rm-gw-temp,2217
1786645440,zone2-living-rm-gw-temp,2219
1786645500,zone2-living-rm-gw-temp,2216
1786645501,zone5-living-rm-fancoil-heat-call,0
1786645560,zone2-living-rm-gw-temp,2219
1786645620,zone2-living-rm-gw-temp,2218
1786645680,zone2-living-rm-gw-temp,2218
1786645740,zone2-living-rm-gw-temp,2218
1786645800,zone2-living-rm-gw-temp,2219
1786645801,zone5-living-rm-fancoil-heat-call,0
1786645860,zone2-living-rm-gw-temp,2218
1786645920,zone2-living-rm-gw-temp,2216
1786645980,zone2-living-rm-gw-temp,2218
1786646040,zone2-living-rm-gw-temp,2217
1786646100,zone2-living-rm-gw-temp,2218
1786646101,zone5-living-rm-fancoil-heat-call,0
1786646160,zone2-living-rm-gw-temp,2218
1786646220,zone2-living-rm-gw-temp,2219
1786646280,zone2-living-rm-gw-temp,2219
1786646340,zone2-living-rm-gw-temp,2217
1786646400,zone2-living-rm-gw-temp,2219
1786646401,zone5-living-rm-fancoil-heat-call,0
1786646460,zone2-living-rm-gw-temp,2217
1786646520,zone2-living-rm-gw-temp,2216
1786646580,zone2-living-rm-gw-temp,2218
1786646640,zone2-living-rm-gw-temp,2217
1786646700,zone2-living-rm-gw-temp,2216
1786646701,zone5-living-rm-fancoil-heat-call,0
1786646760,zone2-living-rm-gw-temp,2219
1786646820,zone2-living-rm-gw-temp,2218
1786646880,zone2-living-rm-gw-temp,2216
1786646940,zone2-living-rm-gw-temp,2217
1786647000,zone2-living-rm-gw-temp,2217
1786647001,zone5-living-rm-fancoil-heat-call,0
1786647060,zone2-living-rm-gw-temp,2216
1786647120,zone2-living-rm-gw-temp,2215
1786647180,zone2-living-rm-gw-temp,2216
1786647240,zone2-living-rm-gw-temp,2216
1786647300,zone2-living-rm-gw-temp,2215
1786647301,zone5-living-rm-fancoil-heat-call,0
1786647360,zone2-living-rm-gw-temp,2217
1786647420,zone2-living-rm-gw-temp,2217
1786647480,zone2-living-rm-gw-temp,2216
1786647540,zone2-living-rm-gw-temp,2216
1786647600,zone2-living-rm-gw-temp,2218
1786647601,zone5-living-rm-fancoil-heat-call,0
1786647660,zone2-living-rm-gw-temp,2216
1786647720,zone2-living-rm-gw-temp,2215
1786647780,zone2-living-rm-gw-temp,2215
1786647840,zone2-living-rm-gw-temp,2215
1786647900,zone2-living-rm-gw-temp,2215
1786647901,zone5-living-rm-fancoil-heat-call,0
1786647960,zone2-living-rm-gw-temp,2215
1786648020,zone2-living-rm-gw-temp,2218
1786648080,zone2-living-rm-gw-temp,2218
1786648140,zone2-living-rm-gw-temp,2218
1786648200,zone2-living-rm-gw-temp,2217
1786648201,zone5-living-rm-fancoil-heat-call,0
1786648260,zone2-living-rm-gw-temp,2215
1786648320,zone2-living-rm-gw-temp,2215
1786648380,zone2-living-rm-gw-temp,2215
1786648440,zone2-living-rm-gw-temp,2215
1786648500,zone2-living-rm-gw-temp,2216
1786648501,zone5-living-rm-fancoil-heat-call,0
1786648560,zone2-living-rm-gw-temp,2213
1786648620,zone2-living-rm-gw-temp,2215
1786648680,zone2-living-rm-gw-temp,2214
1786648740,zone2-living-rm-gw-temp,2215
1786648800,zone2-living-rm-gw-temp,2214
1786648801,zone5-living-rm-fancoil-heat-call,0
1786648860,zone2-living-rm-gw-temp,2217
1786648920,zone2-living-rm-gw-temp,2216
1786648980,zone2-living-rm-gw-temp,2214
1786649040,zone2-living-rm-gw-temp,2214
1786649100,zone2-living-rm-gw-temp,2215
1786649101,zone5-living-rm-fancoil-heat-call,0
1786649160,zone2-living-rm-gw-temp,2213
1786649220,zone2-living-rm-gw-temp,2215
1786649280,zone2-living-rm-gw-temp,2216
1786649340,zone2-living-rm-gw-temp,2216
1786649400,zone2-living-rm-gw-temp,2216
1786649401,zone5-living-rm-fancoil-heat-call,0
1786649460,zone2-living-rm-gw-temp,2215
1786649520,zone2-living-rm-gw-temp,2216
1786649580,zone2-living-rm-gw-temp,2214
1786649640,zone2-living-rm-gw-temp,2213
1786649700,zone2-living-rm-gw-temp,2214
1786649701,zone5-living-rm-fancoil-heat-call,0
1786649760,zone2-living-rm-gw-temp,2214
1786649820,zone2-living-rm-gw-temp,2215
1786649880,zone2-living-rm-gw-temp,2215
1786649940,zone2-living-rm-gw-temp,2215
1786650000,zone2-living-rm-gw-temp,2215
1786650001,zone5-living-rm-fancoil-heat-call,0
1786650060,zone2-living-rm-gw-temp,2215
1786650120,zone2-living-rm-gw-temp,2214
1786650180,zone2-living-rm-gw-temp,2214
1786650240,zone2-living-rm-gw-temp,2215
1786650300,zone2-living-rm-gw-temp,2214
1786650301,zone5-living-rm-fancoil-heat-call,0
1786650360,zone2-living-rm-gw-temp,2213
1786650420,zone2-living-rm-gw-temp,2213
1786650480,zone2-living-rm-gw-temp,2214
1786650540,zone2-living-rm-gw-temp,2216
1786650600,zone2-living-rm-gw-temp,2213
1786650601,zone5-living-rm-fancoil-heat-call,0
1786650660,zone2-living-rm-gw-temp,2216
1786650720,zone2-living-rm-gw-temp,2215
1786650780,zone2-living-rm-gw-temp,2216
1786650840,zone2-living-rm-gw-temp,2215
1786650900,zone2-living-rm-gw-temp,2215
1786650901,zone5-living-rm-fancoil-heat-call,0
1786650960,zone2-living-rm-gw-temp,2215
1786651020,zone2-living-rm-gw-temp,2217
1786651080,zone2-living-rm-gw-temp,2216
1786651140,zone2-living-rm-gw-temp,2215
1786651200,zone2-living-rm-gw-temp,2215
1786651201,zone5-living-rm-fancoil-heat-call,0
1786651260,zone2-living-rm-gw-temp,2213
1786651320,zone2-living-rm-gw-temp,2215
1786651380,zone2-living-rm-gw-temp,2216
1786651440,zone2-living-rm-gw-temp,2215
1786651500,zone2-living-rm-gw-temp,2215
1786651501,zone5-living-rm-fancoil-heat-call,0
1786651560,zone2-living-rm-gw-temp,2212
1786651620,zone2-living-rm-gw-temp,2213
1786651680,zone2-living-rm-gw-temp,2212
1786651740,zone2-living-rm-gw-temp,2214
1786651800,zone2-living-rm-gw-temp,2213
1786651801,zone5-living-rm-fancoil-heat-call,0
1786651860,zone2-living-rm-gw-temp,2214
1786651920,zone2-living-rm-gw-temp,2213
1786651980,zone2-living-rm-gw-temp,2215
1786652040,zone2-living-rm-gw-temp,2213
1786652100,zone2-living-rm-gw-temp,2213
1786652101,zone5-living-rm-fancoil-heat-call,0
1786652160,zone2-living-rm-gw-temp,2215
1786652220,zone2-living-rm-gw-temp,2215
1786652280,zone2-living-rm-gw-temp,2213
1786652340,zone2-living-rm-gw-temp,2212
1786652400,zone2-living-rm-gw-temp,2213
1786652401,zone5-living-rm-fancoil-heat-call,0
1786652460,zone2-living-rm-gw-temp,2213
1786652520,zone2-living-rm-gw-temp,2215
1786652580,zone2-living-rm-gw-temp,2216
1786652640,zone2-living-rm-gw-temp,2213
1786652700,zone2-living-rm-gw-temp,2213
1786652701,zone5-living-rm-fancoil-heat-call,0
1786652760,zone2-living-rm-gw-temp,2214
1786652820,zone2-living-rm-gw-temp,2213
1786652880,zone2-living-rm-gw-temp,2215
1786652940,zone2-living-rm-gw-temp,2214
1786653000,zone2-living-rm-gw-temp,2215
1786653001,zone5-living-rm-fancoil-heat-call,0
1786653060,zone2-living-rm-gw-temp,2216
1786653120,zone2-living-rm-gw-temp,2215
1786653180,zone2-living-rm-gw-temp,2216
1786653240,zone2-living-rm-gw-temp,2215
1786653300,zone2-living-rm-gw-temp,2215
1786653301,zone5-living-rm-fancoil-heat-call,0
1786653360,zone2-living-rm-gw-temp,2216
1786653420,zone2-living-rm-gw-temp,2215
1786653480,zone2-living-rm-gw-temp,2214
1786653540,zone2-living-rm-gw-temp,2215
1786653600,zone2-living-rm-gw-temp,2214
1786653601,zone5-living-rm-fancoil-heat-call,0
1786653660,zone2-living-rm-gw-temp,2218
1786653720,zone2-living-rm-gw-temp,2217
1786653780,zone2-living-rm-gw-temp,2217
1786653840,zone2-living-rm-gw-temp,2216
1786653900,zone2-living-rm-gw-temp,2216
1786653901,zone5-living-rm-fancoil-heat-call,0
1786653960,zone2-living-rm-gw-temp,2217
1786654020,zone2-living-rm-gw-temp,2215
1786654080,zone2-living-rm-gw-temp,2215
1786654140,zone2-living-rm-gw-temp,2215
1786654200,zone2-living-rm-gw-temp,2215
1786654201,zone5-living-rm-fancoil-heat-call,0
1786654260,zone2-living-rm-gw-temp,2215
1786654320,zone2-living-rm-gw-temp,2217
1786654380,zone2-living-rm-gw-temp,2217
1786654440,zone2-living-rm-gw-temp,2216
1786654500,zone2-living-rm-gw-temp,2217
1786654501,zone5-living-rm-fancoil-heat-call,0
1786654560,zone2-living-rm-gw-temp,2216
1786654620,zone2-living-rm-gw-temp,2217
1786654680,zone2-living-rm-gw-temp,2216
1786654740,zone2-living-rm-gw-temp,2215
1786654800,zone2-living-rm-gw-temp,2216
1786654801,zone5-living-rm-fancoil-heat-call,0
1786654860,zone2-living-rm-gw-temp,2216
1786654920,zone2-living-rm-gw-temp,2216
1786654980,zone2-living-rm-gw-temp,2215
1786655040,zone2-living-rm-gw-temp,2217
1786655100,zone2-living-rm-gw-temp,2215
1786655101,zone5-living-rm-fancoil-heat-call,0
1786655160,zone2-living-rm-gw-temp,2218
1786655220,zone2-living-rm-gw-temp,2218
1786655280,zone2-living-rm-gw-temp,2217
1786655340,zone2-living-rm-gw-temp,2216
1786655400,zone2-living-rm-gw-temp,2218
1786655401,zone5-living-rm-fancoil-heat-call,0
1786655460,zone2-living-rm-gw-temp,2217
1786655520,zone2-living-rm-gw-temp,2217
1786655580,zone2-living-rm-gw-temp,2216
1786655640,zone2-living-rm-gw-temp,2215
1786655700,zone2-living-rm-gw-temp,2216
1786655701,zone5-living-rm-fancoil-heat-call,0
1786655760,zone2-living-rm-gw-temp,2215
1786655820,zone2-living-rm-gw-temp,2216
1786655880,zone2-living-rm-gw-temp,2215
1786655940,zone2-living-rm-gw-temp,2216
1786656000,zone2-living-rm-gw-temp,2217
1786656001,zone5-living-rm-fancoil-heat-call,0
1786656060,zone2-living-rm-gw-temp,2217
1786656120,zone2-living-rm-gw-temp,2216
1786656180,zone2-living-rm-gw-temp,2218
1786656240,zone2-living-rm-gw-temp,2217
1786656300,zone2-living-rm-gw-temp,2217
1786656301,zone5-living-rm-fancoil-heat-call,0
1786656360,zone2-living-rm-gw-temp,2219
1786656420,zone2-living-rm-gw-temp,2218
1786656480,zone2-living-rm-gw-temp,2218
1786656540,zone2-living-rm-gw-temp,2219
1786656600,zone2-living-rm-gw-temp,2219
1786656601,zone5-living-rm-fancoil-heat-call,0
1786656660,zone2-living-rm-gw-temp,2218
1786656720,zone2-living-rm-gw-temp,2217
1786656780,zone2-living-rm-gw-temp,2218
1786656840,zone2-living-rm-gw-temp,2217
1786656900,zone2-living-rm-gw-temp,2218
1786656901,zone5-living-rm-fancoil-heat-call,0
1786656960,zone2-living-rm-gw-temp,2217
1786657020,zone2-living-rm-gw-temp,2219
1786657080,zone2-living-rm-gw-temp,2218
1786657140,zone2-living-rm-gw-temp,2218
1786657200,zone2-living-rm-gw-temp,2221
1786657201,zone5-living-rm-fancoil-heat-call,0
1786657260,zone2-living-rm-gw-temp,2218
1786657320,zone2-living-rm-gw-temp,2218
1786657380,zone2-living-rm-gw-temp,2220
1786657440,zone2-living-rm-gw-temp,2219
1786657500,zone2-living-rm-gw-temp,2219
1786657501,zone5-living-rm-fancoil-heat-call,0
1786657560,zone2-living-rm-gw-temp,2219
1786657620,zone2-living-rm-gw-temp,2219
1786657680,zone2-living-rm-gw-temp,2218
1786657740,zone2-living-rm-gw-temp,2220
1786657800,zone2-living-rm-gw-temp,2220
1786657801,zone5-living-rm-fancoil-heat-call,0
1786657860,zone2-living-rm-gw-temp,2219
1786657920,zone2-living-rm-gw-temp,2219
1786657980,zone2-living-rm-gw-temp,2220
1786658040,zone2-living-rm-gw-temp,2221
1786658100,zone2-living-rm-gw-temp,2222
1786658101,zone5-living-rm-fancoil-heat-call,0
1786658160,zone2-living-rm-gw-temp,2221
1786658220,zone2-living-rm-gw-temp,2220
1786658280,zone2-living-rm-gw-temp,2221
1786658340,zone2-living-rm-gw-temp,2220
1786658400,zone2-living-rm-gw-temp,2221
1786658401,zone5-living-rm-fancoil-heat-call,0
1786658460,zone2-living-rm-gw-temp,2220
1786658520,zone2-living-rm-gw-temp,2221
1786658580,zone2-living-rm-gw-temp,2221
1786658640,zone2-living-rm-gw-temp,2220
1786658700,zone2-living-rm-gw-temp,2219
1786658701,zone5-living-rm-fancoil-heat-call,0
1786658760,zone2-living-rm-gw-temp,2221
1786658820,zone2-living-rm-gw-temp,2222
1786658880,zone2-living-rm-gw-temp,2221
1786658940,zone2-living-rm-gw-temp,2221
1786659000,zone2-living-rm-gw-temp,2221
1786659001,zone5-living-rm-fancoil-heat-call,0
1786659060,zone2-living-rm-gw-temp,2219
1786659120,zone2-living-rm-gw-temp,2221
1786659180,zone2-living-rm-gw-temp,2218
1786659240,zone2-living-rm-gw-temp,2219
1786659300,zone2-living-rm-gw-temp,2219
1786659301,zone5-living-rm-fancoil-heat-call,0
1786659360,zone2-living-rm-gw-temp,2219
1786659420,zone2-living-rm-gw-temp,2219
1786659480,zone2-living-rm-gw-temp,2221
1786659540,zone2-living-rm-gw-temp,2221
1786659600,zone2-living-rm-gw-temp,2221
1786659601,zone5-living-rm-fancoil-heat-call,0
1786659660,zone2-living-rm-gw-temp,2221
1786659720,zone2-living-rm-gw-temp,2219
1786659780,zone2-living-rm-gw-temp,2218
1786659840,zone2-living-rm-gw-temp,2220
1786659900,zone2-living-rm-gw-temp,2219
1786659901,zone5-living-rm-fancoil-heat-call,0
1786659960,zone2-living-rm-gw-temp,2219
1786660020,zone2-living-rm-gw-temp,2220
1786660080,zone2-living-rm-gw-temp,2221
1786660140,zone2-living-rm-gw-temp,2221
1786660200,zone2-living-rm-gw-temp,2221
1786660201,zone5-living-rm-fancoil-heat-call,0
1786660260,zone2-living-rm-gw-temp,2220
1786660320,zone2-living-rm-gw-temp,2219
1786660380,zone2-living-rm-gw-temp,2220
1786660440,zone2-living-rm-gw-temp,2219
1786660500,zone2-living-rm-gw-temp,2219
1786660501,zone5-living-rm-fancoil-heat-call,0
1786660560,zone2-living-rm-gw-temp,2218
1786660620,zone2-living-rm-gw-temp,2218
1786660680,zone2-living-rm-gw-temp,2218
1786660740,zone2-living-rm-gw-temp,2221
1786660800,zone2-living-rm-gw-temp,2220
1786660801,zone5-living-rm-fancoil-heat-call,0
1786660860,zone2-living-rm-gw-temp,2221
1786660920,zone2-living-rm-gw-temp,2221
1786660980,zone2-living-rm-gw-temp,2220
1786661040,zone2-living-rm-gw-temp,2218
1786661100,zone2-living-rm-gw-temp,2219
1786661101,zone5-living-rm-fancoil-heat-call,0
1786661160,zone2-living-rm-gw-temp,2219
1786661220,zone2-living-rm-gw-temp,2218
1786661280,zone2-living-rm-gw-temp,2218
1786661340,zone2-living-rm-gw-temp,2218
1786661400,zone2-living-rm-gw-temp,2219
1786661401,zone5-living-rm-fancoil-heat-call,0
1786661460,zone2-living-rm-gw-temp,2219
1786661520,zone2-living-rm-gw-temp,2218
1786661580,zone2-living-rm-gw-temp,2219
1786661640,zone2-living-rm-gw-temp,2219
1786661700,zone2-living-rm-gw-temp,2216
1786661701,zone5-living-rm-fancoil-heat-call,0
1786661760,zone2-living-rm-gw-temp,2219
1786661820,zone2-living-rm-gw-temp,2221
1786661880,zone2-living-rm-gw-temp,2219
1786661940,zone2-living-rm-gw-temp,2219
1786662000,zone2-living-rm-gw-temp,2219
1786662001,zone5-living-rm-fancoil-heat-call,0
1786662060,zone2-living-rm-gw-temp,2219
1786662120,zone2-living-rm-gw-temp,2220
1786662180,zone2-living-rm-gw-temp,2219
1786662240,zone2-living-rm-gw-temp,2218
1786662300,zone2-living-rm-gw-temp,2218
1786662301,zone5-living-rm-fancoil-heat-call,0
1786662360,zone2-living-rm-gw-temp,2220
1786662420,zone2-living-rm-gw-temp,2220
1786662480,zone2-living-rm-gw-temp,2220
1786662540,zone2-living-rm-gw-temp,2220
1786662600,zone2-living-rm-gw-temp,2221
1786662601,zone5-living-rm-fancoil-heat-call,0
1786662660,zone2-living-rm-gw-temp,2221
1786662720,zone2-living-rm-gw-temp,2220
1786662780,zone2-living-rm-gw-temp,2221
1786662840,zone2-living-rm-gw-temp,2219
1786662900,zone2-living-rm-gw-temp,2220
1786662901,zone5-living-rm-fancoil-heat-call,0
1786662960,zone2-living-rm-gw-temp,2219
1786663020,zone2-living-rm-gw-temp,2219
1786663080,zone2-living-rm-gw-temp,2218
1786663140,zone2-living-rm-gw-temp,2217
1786663200,zone2-living-rm-gw-temp,2217
1786663201,zone5-living-rm-fancoil-heat-call,0
1786663260,zone2-living-rm-gw-temp,2218
1786663320,zone2-living-rm-gw-temp,2216
1786663380,zone2-living-rm-gw-temp,2216
1786663440,zone2-living-rm-gw-temp,2217
1786663500,zone2-living-rm-gw-temp,2217
1786663501,zone5-living-rm-fancoil-heat-call,0
1786663560,zone2-living-rm-gw-temp,2216
1786663620,zone2-living-rm-gw-temp,2216
1786663680,zone2-living-rm-gw-temp,2217
1786663740,zone2-living-rm-gw-temp,2216
1786663800,zone2-living-rm-gw-temp,2217
1786663801,zone5-living-rm-fancoil-heat-call,0
1786663860,zone2-living-rm-gw-temp,2215
1786663920,zone2-living-rm-gw-temp,2215
1786663980,zone2-living-rm-gw-temp,2215
1786664040,zone2-living-rm-gw-temp,2216
1786664100,zone2-living-rm-gw-temp,2215
1786664101,zone5-living-rm-fancoil-heat-call,0
1786664160,zone2-living-rm-gw-temp,2216
1786664220,zone2-living-rm-gw-temp,2216
1786664280,zone2-living-rm-gw-temp,2217
1786664340,zone2-living-rm-gw-temp,2216
1786664400,zone2-living-rm-gw-temp,2216
1786664401,zone5-living-rm-fancoil-heat-call,0
1786664460,zone2-living-rm-gw-temp,2215
1786664520,zone2-living-rm-gw-temp,2215
1786664580,zone2-living-rm-gw-temp,2214
1786664640,zone2-living-rm-gw-temp,2214
1786664700,zone2-living-rm-gw-temp,2214
1786664701,zone5-living-rm-fancoil-heat-call,0
1786664760,zone2-living-rm-gw-temp,2214
1786664820,zone2-living-rm-gw-temp,2213
1786664880,zone2-living-rm-gw-temp,2214
1786664940,zone2-living-rm-gw-temp,2214
1786665000,zone2-living-rm-gw-temp,2215
1786665001,zone5-living-rm-fancoil-heat-call,0
1786665060,zone2-living-rm-gw-temp,2213
1786665120,zone2-living-rm-gw-temp,2214
1786665180,zone2-living-rm-gw-temp,2213
1786665240,zone2-living-rm-gw-temp,2212
1786665300,zone2-living-rm-gw-temp,2214
1786665301,zone5-living-rm-fancoil-heat-call,0
1786665360,zone2-living-rm-gw-temp,2212
1786665420,zone2-living-rm-gw-temp,2213
1786665480,zone2-living-rm-gw-temp,2213
1786665540,zone2-living-rm-gw-temp,2212
1786665600,zone2-living-rm-gw-temp,2213
1786665601,zone5-living-rm-fancoil-heat-call,0
1786665660,zone2-living-rm-gw-temp,2214
1786665720,zone2-living-rm-gw-temp,2214
1786665780,zone2-living-rm-gw-temp,2215
1786665840,zone2-living-rm-gw-temp,2214
1786665900,zone2-living-rm-gw-temp,2215
1786665901,zone5-living-rm-fancoil-heat-call,0
1786665960,zone2-living-rm-gw-temp,2214
1786666020,zone2-living-rm-gw-temp,2214
1786666080,zone2-living-rm-gw-temp,2214
1786666140,zone2-living-rm-gw-temp,2214
1786666200,zone2-living-rm-gw-temp,2215
1786666201,zone5-living-rm-fancoil-heat-call,0
1786666260,zone2-living-rm-gw-temp,2213
1786666320,zone2-living-rm-gw-temp,2213
1786666380,zone2-living-rm-gw-temp,2213
1786666440,zone2-living-rm-gw-temp,2213
1786666500,zone2-living-rm-gw-temp,2214
1786666501,zone5-living-rm-fancoil-heat-call,0
1786666560,zone2-living-rm-gw-temp,2213
1786666620,zone2-living-rm-gw-temp,2212
1786666680,zone2-living-rm-gw-temp,2213
1786666740,zone2-living-rm-gw-temp,2212
1786666800,zone2-living-rm-gw-temp,2212
1786666801,zone5-living-rm-fancoil-heat-call,0
1786666860,zone2-living-rm-gw-temp,2212
1786666920,zone2-living-rm-gw-temp,2211
1786666980,zone2-living-rm-gw-temp,2212
1786667040,zone2-living-rm-gw-temp,2213
1786667100,zone2-living-rm-gw-temp,2214
1786667101,zone5-living-rm-fancoil-heat-call,0
1786667160,zone2-living-rm-gw-temp,2213
1786667220,zone2-living-rm-gw-temp,2213
1786667280,zone2-living-rm-gw-temp,2213
1786667340,zone2-living-rm-gw-temp,2212
1786667400,zone2-living-rm-gw-temp,2213
1786667401,zone5-living-rm-fancoil-heat-call,0
1786667460,zone2-living-rm-gw-temp,2212
1786667520,zone2-living-rm-gw-temp,2213
1786667580,zone2-living-rm-gw-temp,2213
1786667640,zone2-living-rm-gw-temp,2213
1786667700,zone2-living-rm-gw-temp,2213
1786667701,zone5-living-rm-fancoil-heat-call,0
1786667760,zone2-living-rm-gw-temp,2212
1786667820,zone2-living-rm-gw-temp,2212
1786667880,zone2-living-rm-gw-temp,2210
1786667940,zone2-living-rm-gw-temp,2211
1786668000,zone2-living-rm-gw-temp,2210
1786668001,zone5-living-rm-fancoil-heat-call,0
1786668060,zone2-living-rm-gw-temp,2212
1786668120,zone2-living-rm-gw-temp,2213
1786668180,zone2-living-rm-gw-temp,2212
1786668240,zone2-living-rm-gw-temp,2212
1786668300,zone2-living-rm-gw-temp,2212
1786668301,zone5-living-rm-fancoil-heat-call,0
1786668360,zone2-living-rm-gw-temp,2210
1786668420,zone2-living-rm-gw-temp,2209
1786668480,zone2-living-rm-gw-temp,2210
1786668540,zone2-living-rm-gw-temp,2210
1786668600,zone2-living-rm-gw-temp,2210
1786668601,zone5-living-rm-fancoil-heat-call,0
1786668660,zone2-living-rm-gw-temp,2210
1786668720,zone2-living-rm-gw-temp,2211
1786668780,zone2-living-rm-gw-temp,2210
1786668840,zone2-living-rm-gw-temp,2209
1786668900,zone2-living-rm-gw-temp,2211
1786668901,zone5-living-rm-fancoil-heat-call,0
1786668960,zone2-living-rm-gw-temp,2209
1786669020,zone2-living-rm-gw-temp,2208
1786669080,zone2-living-rm-gw-temp,2208
1786669140,zone2-living-rm-gw-temp,2209
1786669200,zone2-living-rm-gw-temp,2209
1786669201,zone5-living-rm-fancoil-heat-call,0
1786669260,zone2-living-rm-gw-temp,2209
1786669320,zone2-living-rm-gw-temp,2210
1786669380,zone2-living-rm-gw-temp,2209
1786669440,zone2-living-rm-gw-temp,2209
1786669500,zone2-living-rm-gw-temp,2209
1786669501,zone5-living-rm-fancoil-heat-call,0
1786669560,zone2-living-rm-gw-temp,2207
1786669620,zone2-living-rm-gw-temp,2207
1786669680,zone2-living-rm-gw-temp,2207
1786669740,zone2-living-rm-gw-temp,2207
1786669800,zone2-living-rm-gw-temp,2209
1786669801,zone5-living-rm-fancoil-heat-call,0
1786669860,zone2-living-rm-gw-temp,2209
1786669920,zone2-living-rm-gw-temp,2207
1786669980,zone2-living-rm-gw-temp,2207
1786670040,zone2-living-rm-gw-temp,2208
1786670100,zone2-living-rm-gw-temp,2208
1786670101,zone5-living-rm-fancoil-heat-call,0
1786670160,zone2-living-rm-gw-temp,2208
1786670220,zone2-living-rm-gw-temp,2206
1786670280,zone2-living-rm-gw-temp,2206
1786670340,zone2-living-rm-gw-temp,2206
1786670400,zone2-living-rm-gw-temp,2205
1786670401,zone5-living-rm-fancoil-heat-call,0
1786670460,zone2-living-rm-gw-temp,2205
1786670520,zone2-living-rm-gw-temp,2208
1786670580,zone2-living-rm-gw-temp,2207
1786670640,zone2-living-rm-gw-temp,2205
1786670700,zone2-living-rm-gw-temp,2207
1786670701,zone5-living-rm-fancoil-heat-call,0
1786670760,zone2-living-rm-gw-temp,2207
1786670820,zone2-living-rm-gw-temp,2206
1786670880,zone2-living-rm-gw-temp,2206
1786670940,zone2-living-rm-gw-temp,2205
1786671000,zone2-living-rm-gw-temp,2205
1786671001,zone5-living-rm-fancoil-heat-call,0
1786671060,zone2-living-rm-gw-temp,2207
1786671120,zone2-living-rm-gw-temp,2207
1786671180,zone2-living-rm-gw-temp,2206
1786671240,zone2-living-rm-gw-temp,2207
1786671300,zone2-living-rm-gw-temp,2207
1786671301,zone5-living-rm-fancoil-heat-call,0
1786671360,zone2-living-rm-gw-temp,2207
1786671420,zone2-living-rm-gw-temp,2207
1786671480,zone2-living-rm-gw-temp,2205
1786671540,zone2-living-rm-gw-temp,2206
1786671600,zone2-living-rm-gw-temp,2205
1786671601,zone5-living-rm-fancoil-heat-call,0
1786671660,zone2-living-rm-gw-temp,2204
1786671720,zone2-living-rm-gw-temp,2205
1786671780,zone2-living-rm-gw-temp,2205
1786671840,zone2-living-rm-gw-temp,2206
1786671900,zone2-living-rm-gw-temp,2204
1786671901,zone5-living-rm-fancoil-heat-call,0
1786671960,zone2-living-rm-gw-temp,2207
1786672020,zone2-living-rm-gw-temp,2206
1786672080,zone2-living-rm-gw-temp,2204
1786672140,zone2-living-rm-gw-temp,2204
1786672200,zone2-living-rm-gw-temp,2205
1786672201,zone5-living-rm-fancoil-heat-call,0
1786672260,zone2-living-rm-gw-temp,2203
1786672320,zone2-living-rm-gw-temp,2205
1786672380,zone2-living-rm-gw-temp,2205
1786672440,zone2-living-rm-gw-temp,2205
1786672500,zone2-living-rm-gw-temp,2204
1786672501,zone5-living-rm-fancoil-heat-call,0
1786672560,zone2-living-rm-gw-temp,2204
1786672620,zone2-living-rm-gw-temp,2203
1786672680,zone2-living-rm-gw-temp,2202
1786672740,zone2-living-rm-gw-temp,2205
1786672800,zone2-living-rm-gw-temp,2202
1786672801,zone5-living-rm-fancoil-heat-call,0
1786672860,zone2-living-rm-gw-temp,2204
1786672920,zone2-living-rm-gw-temp,2203
1786672980,zone2-living-rm-gw-temp,2202
1786673040,zone2-living-rm-gw-temp,2203
1786673100,zone2-living-rm-gw-temp,2201
1786673101,zone5-living-rm-fancoil-heat-call,0
1786673160,zone2-living-rm-gw-temp,2204
1786673220,zone2-living-rm-gw-temp,2204
1786673280,zone2-living-rm-gw-temp,2202
1786673340,zone2-living-rm-gw-temp,2202
1786673400,zone2-living-rm-gw-temp,2202
1786673401,zone5-living-rm-fancoil-heat-call,0
1786673460,zone2-living-rm-gw-temp,2201
1786673520,zone2-living-rm-gw-temp,2202
1786673580,zone2-living-rm-gw-temp,2203
1786673640,zone2-living-rm-gw-temp,2202
1786673700,zone2-living-rm-gw-temp,2203
1786673701,zone5-living-rm-fancoil-heat-call,0
1786673760,zone2-living-rm-gw-temp,2199
1786673820,zone2-living-rm-gw-temp,2200
1786673880,zone2-living-rm-gw-temp,2201
1786673940,zone2-living-rm-gw-temp,2202
1786674000,zone2-living-rm-gw-temp,2202
1786674001,zone5-living-rm-fancoil-heat-call,0
1786674060,zone2-living-rm-gw-temp,2201
1786674120,zone2-living-rm-gw-temp,2200
1786674180,zone2-living-rm-gw-temp,2199
1786674240,zone2-living-rm-gw-temp,2201
1786674300,zone2-living-rm-gw-temp,2200
1786674301,zone5-living-rm-fancoil-heat-call,0
1786674360,zone2-living-rm-gw-temp,2199
1786674420,zone2-living-rm-gw-temp,2199
1786674480,zone2-living-rm-gw-temp,2199
1786674540,zone2-living-rm-gw-temp,2201
1786674600,zone2-living-rm-gw-temp,2199
1786674601,zone5-living-rm-fancoil-heat-call,0
1786674660,zone2-living-rm-gw-temp,2199
1786674720,zone2-living-rm-gw-temp,2199
1786674780,zone2-living-rm-gw-temp,2199
1786674840,zone2-living-rm-gw-temp,2201
1786674900,zone2-living-rm-gw-temp,2200
1786674901,zone5-living-rm-fancoil-heat-call,0
1786674960,zone2-living-rm-gw-temp,2199
1786675020,zone2-living-rm-gw-temp,2199
1786675080,zone2-living-rm-gw-temp,2201
1786675140,zone2-living-rm-gw-temp,2200
1786675200,zone2-living-rm-gw-temp,2200
1786675201,zone5-living-rm-fancoil-heat-call,0
1786675260,zone2-living-rm-gw-temp,2199
1786675320,zone2-living-rm-gw-temp,2199
1786675380,zone2-living-rm-gw-temp,2197
1786675440,zone2-living-rm-gw-temp,2199
1786675500,zone2-living-rm-gw-temp,2200
1786675501,zone5-living-rm-fancoil-heat-call,0
1786675560,zone2-living-rm-gw-temp,2200
1786675620,zone2-living-rm-gw-temp,2199
1786675680,zone2-living-rm-gw-temp,2197
1786675740,zone2-living-rm-gw-temp,2201
1786675800,zone2-living-rm-gw-temp,2201
1786675801,zone5-living-rm-fancoil-heat-call,0
1786675860,zone2-living-rm-gw-temp,2199
1786675920,zone2-living-rm-gw-temp,2199
1786675980,zone2-living-rm-gw-temp,2198
1786676040,zone2-living-rm-gw-temp,2201
1786676100,zone2-living-rm-gw-temp,2200
1786676101,zone5-living-rm-fancoil-heat-call,0
1786676160,zone2-living-rm-gw-temp,2198
1786676220,zone2-living-rm-gw-temp,2199
1786676280,zone2-living-rm-gw-temp,2198
1786676340,zone2-living-rm-gw-temp,2198
1786676400,zone2-living-rm-gw-temp,2198
1786676401,zone5-living-rm-fancoil-heat-call,0
1786676460,zone2-living-rm-gw-temp,2199
1786676520,zone2-living-rm-gw-temp,2198
1786676580,zone2-living-rm-gw-temp,2198
1786676640,zone2-living-rm-gw-temp,2197
1786676700,zone2-living-rm-gw-temp,2197
1786676701,zone5-living-rm-fancoil-heat-call,0
1786676760,zone2-living-rm-gw-temp,2196
1786676820,zone2-living-rm-gw-temp,2197
1786676880,zone2-living-rm-gw-temp,2198
1786676940,zone2-living-rm-gw-temp,2199
1786677000,zone2-living-rm-gw-temp,2197
1786677001,zone5-living-rm-fancoil-heat-call,0
1786677060,zone2-living-rm-gw-temp,2198
1786677120,zone2-living-rm-gw-temp,2197
1786677180,zone2-living-rm-gw-temp,2195
1786677240,zone2-living-rm-gw-temp,2195
1786677300,zone2-living-rm-gw-temp,2195
1786677301,zone5-living-rm-fancoil-heat-call,0
1786677360,zone2-living-rm-gw-temp,2197
1786677420,zone2-living-rm-gw-temp,2197
1786677480,zone2-living-rm-gw-temp,2196
1786677540,zone2-living-rm-gw-temp,2196
1786677600,zone2-living-rm-gw-temp,2194
1786677601,zone5-living-rm-fancoil-heat-call,0
1786677660,zone2-living-rm-gw-temp,2194
1786677720,zone2-living-rm-gw-temp,2194
1786677780,zone2-living-rm-gw-temp,2195
1786677840,zone2-living-rm-gw-temp,2195
1786677900,zone2-living-rm-gw-temp,2193
1786677901,zone5-living-rm-fancoil-heat-call,0
1786677960,zone2-living-rm-gw-temp,2196
1786678020,zone2-living-rm-gw-temp,2195
1786678080,zone2-living-rm-gw-temp,2195
1786678140,zone2-living-rm-gw-temp,2195
1786678200,zone2-living-rm-gw-temp,2195
1786678201,zone5-living-rm-fancoil-heat-call,0
1786678260,zone2-living-rm-gw-temp,2194
1786678320,zone2-living-rm-gw-temp,2194
1786678380,zone2-living-rm-gw-temp,2193
1786678440,zone2-living-rm-gw-temp,2194
1786678500,zone2-living-rm-gw-temp,2193
1786678501,zone5-living-rm-fancoil-heat-call,0
1786678560,zone2-living-rm-gw-temp,2195
1786678620,zone2-living-rm-gw-temp,2195
1786678680,zone2-living-rm-gw-temp,2195
1786678740,zone2-living-rm-gw-temp,2195
1786678800,zone2-living-rm-gw-temp,2195
1786678801,zone5-living-rm-fancoil-heat-call,0
1786678860,zone2-living-rm-gw-temp,2194
1786678920,zone2-living-rm-gw-temp,2193
1786678980,zone2-living-rm-gw-temp,2193
1786679040,zone2-living-rm-gw-temp,2195
1786679100,zone2-living-rm-gw-temp,2193
1786679101,zone5-living-rm-fancoil-heat-call,0
1786679160,zone2-living-rm-gw-temp,2193
1786679220,zone2-living-rm-gw-temp,2192
1786679280,zone2-living-rm-gw-temp,2192
1786679340,zone2-living-rm-gw-temp,2193
1786679400,zone2-living-rm-gw-temp,2192
1786679401,zone5-living-rm-fancoil-heat-call,0
1786679460,zone2-living-rm-gw-temp,2191
1786679520,zone2-living-rm-gw-temp,2193
1786679580,zone2-living-rm-gw-temp,2193
1786679640,zone2-living-rm-gw-temp,2193
1786679700,zone2-living-rm-gw-temp,2193
1786679701,zone5-living-rm-fancoil-heat-call,0
1786679760,zone2-living-rm-gw-temp,2193
1786679820,zone2-living-rm-gw-temp,2192
1786679880,zone2-living-rm-gw-temp,2191
1786679940,zone2-living-rm-gw-temp,2192
1786680000,zone2-living-rm-gw-temp,2193
1786680001,zone5-living-rm-fancoil-heat-call,0
1786680060,zone2-living-rm-gw-temp,2192
1786680120,zone2-living-rm-gw-temp,2191
1786680180,zone2-living-rm-gw-temp,2191
1786680240,zone2-living-rm-gw-temp,2193
1786680300,zone2-living-rm-gw-temp,2191
1786680301,zone5-living-rm-fancoil-heat-call,0
1786680360,zone2-living-rm-gw-temp,2193
1786680420,zone2-living-rm-gw-temp,2193
1786680480,zone2-living-rm-gw-temp,2192
1786680540,zone2-living-rm-gw-temp,2192
1786680600,zone2-living-rm-gw-temp,2192
1786680601,zone5-living-rm-fancoil-heat-call,0
1786680660,zone2-living-rm-gw-temp,2191
1786680720,zone2-living-rm-gw-temp,2190
1786680780,zone2-living-rm-gw-temp,2190
1786680840,zone2-living-rm-gw-temp,2192
1786680900,zone2-living-rm-gw-temp,2190
1786680901,zone5-living-rm-fancoil-heat-call,0
1786680960,zone2-living-rm-gw-temp,2193
1786681020,zone2-living-rm-gw-temp,2192
1786681080,zone2-living-rm-gw-temp,2192
1786681140,zone2-living-rm-gw-temp,2192
1786681200,zone2-living-rm-gw-temp,2191
1786681201,zone5-living-rm-fancoil-heat-call,0
1786681260,zone2-living-rm-gw-temp,2190
1786681320,zone2-living-rm-gw-temp,2190
1786681380,zone2-living-rm-gw-temp,2190
1786681440,zone2-living-rm-gw-temp,2190
1786681500,zone2-living-rm-gw-temp,2189
1786681501,zone5-living-rm-fancoil-heat-call,0
1786681560,zone2-living-rm-gw-temp,2192
1786681620,zone2-living-rm-gw-temp,2190
1786681680,zone2-living-rm-gw-temp,2191
1786681740,zone2-living-rm-gw-temp,2190
1786681800,zone2-living-rm-gw-temp,2190
1786681801,zone5-living-rm-fancoil-heat-call,0
1786681860,zone2-living-rm-gw-temp,2189
1786681920,zone2-living-rm-gw-temp,2189
1786681980,zone2-living-rm-gw-temp,2188
1786682040,zone2-living-rm-gw-temp,2188
1786682100,zone2-living-rm-gw-temp,2187
1786682101,zone5-living-rm-fancoil-heat-call,0
1786682160,zone2-living-rm-gw-temp,2190
1786682220,zone2-living-rm-gw-temp,2190
1786682280,zone2-living-rm-gw-temp,2188
1786682340,zone2-living-rm-gw-temp,2188
1786682400,zone2-living-rm-gw-temp,2187
1786682401,zone5-living-rm-fancoil-heat-call,0
1786682460,zone2-living-rm-gw-temp,2188
1786682520,zone2-living-rm-gw-temp,2187
1786682580,zone2-living-rm-gw-temp,2190
1786682640,zone2-living-rm-gw-temp,2189
1786682700,zone2-living-rm-gw-temp,2189
1786682701,zone5-living-rm-fancoil-heat-call,0
1786682760,zone2-living-rm-gw-temp,2188
1786682820,zone2-living-rm-gw-temp,2188
1786682880,zone2-living-rm-gw-temp,2186
1786682940,zone2-living-rm-gw-temp,2187
1786683000,zone2-living-rm-gw-temp,2186
1786683001,zone5-living-rm-fancoil-heat-call,0
1786683060,zone2-living-rm-gw-temp,2189
1786683120,zone2-living-rm-gw-temp,2187
1786683180,zone2-living-rm-gw-temp,2187
1786683240,zone2-living-rm-gw-temp,2185
1786683300,zone2-living-rm-gw-temp,2186
1786683301,zone5-living-rm-fancoil-heat-call,0
1786683360,zone2-living-rm-gw-temp,2186
1786683420,zone2-living-rm-gw-temp,2186
1786683480,zone2-living-rm-gw-temp,2187
1786683540,zone2-living-rm-gw-temp,2187
1786683600,zone2-living-rm-gw-temp,2187
1786683601,zone5-living-rm-fancoil-heat-call,0
1786683660,zone2-living-rm-gw-temp,2185
1786683720,zone2-living-rm-gw-temp,2186
1786683780,zone2-living-rm-gw-temp,2185
1786683840,zone2-living-rm-gw-temp,2186
1786683900,zone2-living-rm-gw-temp,2184
1786683901,zone5-living-rm-fancoil-heat-call,0
1786683960,zone2-living-rm-gw-temp,2188
1786684020,zone2-living-rm-gw-temp,2187
1786684080,zone2-living-rm-gw-temp,2186
1786684140,zone2-living-rm-gw-temp,2186
1786684200,zone2-living-rm-gw-temp,2184
1786684201,zone5-living-rm-fancoil-heat-call,0
1786684260,zone2-living-rm-gw-temp,2186
1786684320,zone2-living-rm-gw-temp,2186
1786684380,zone2-living-rm-gw-temp,2187
1786684440,zone2-living-rm-gw-temp,2187
1786684500,zone2-living-rm-gw-temp,2187
1786684501,zone5-living-rm-fancoil-heat-call,0
1786684560,zone2-living-rm-gw-temp,2185
1786684620,zone2-living-rm-gw-temp,2185
1786684680,zone2-living-rm-gw-temp,2184
1786684740,zone2-living-rm-gw-temp,2185
1786684800,zone2-living-rm-gw-temp,2184
1786684801,zone5-living-rm-fancoil-heat-call,0
1786684860,zone2-living-rm-gw-temp,2184
1786684920,zone2-living-rm-gw-temp,2186
1786684980,zone2-living-rm-gw-temp,2187
1786685040,zone2-living-rm-gw-temp,2185
1786685100,zone2-living-rm-gw-temp,2187
1786685101,zone5-living-rm-fancoil-heat-call,0
1786685160,zone2-living-rm-gw-temp,2184
1786685220,zone2-living-rm-gw-temp,2184
1786685280,zone2-living-rm-gw-temp,2184
1786685340,zone2-living-rm-gw-temp,2184
1786685400,zone2-living-rm-gw-temp,2183
1786685401,zone5-living-rm-fancoil-heat-call,0
1786685460,zone2-living-rm-gw-temp,2187
1786685520,zone2-living-rm-gw-temp,2184
1786685580,zone2-living-rm-gw-temp,2185
1786685640,zone2-living-rm-gw-temp,2184
1786685700,zone2-living-rm-gw-temp,2184
1786685701,zone5-living-rm-fancoil-heat-call,0
1786685760,zone2-living-rm-gw-temp,2186
1786685820,zone2-living-rm-gw-temp,2188
1786685880,zone2-living-rm-gw-temp,2186
1786685940,zone2-living-rm-gw-temp,2188
1786686000,zone2-living-rm-gw-temp,2184
1786686001,zone5-living-rm-fancoil-heat-call,0
1786686060,zone2-living-rm-gw-temp,2186
1786686120,zone2-living-rm-gw-temp,2180
1786686180,zone2-living-rm-gw-temp,2180
1786686240,zone2-living-rm-gw-temp,2188
1786686300,zone2-living-rm-gw-temp,2180
1786686301,zone5-living-rm-fancoil-heat-call,0
1786686360,zone2-living-rm-gw-temp,2182
1786686420,zone2-living-rm-gw-temp,2181
1786686480,zone2-living-rm-gw-temp,2184
1786686540,zone2-living-rm-gw-temp,2184
1786686600,zone2-living-rm-gw-temp,2181
1786686601,zone5-living-rm-fancoil-heat-call,0
1786686660,zone2-living-rm-gw-temp,2182
1786686720,zone2-living-rm-gw-temp,2184
1786686780,zone2-living-rm-gw-temp,2180
1786686840,zone2-living-rm-gw-temp,2180
1786686900,zone2-living-rm-gw-temp,2184
1786686901,zone5-living-rm-fancoil-heat-call,0
1786686960,zone2-living-rm-gw-temp,2179
1786687020,zone2-living-rm-gw-temp,2183
1786687080,zone2-living-rm-gw-temp,2178
1786687140,zone2-living-rm-gw-temp,2179
1786687200,zone2-living-rm-gw-temp,2178
1786687201,zone5-living-rm-fancoil-heat-call,0
1786687260,zone2-living-rm-gw-temp,2186
1786687320,zone2-living-rm-gw-temp,2184
1786687380,zone2-living-rm-gw-temp,2180
1786687440,zone2-living-rm-gw-temp,2181
1786687500,zone2-living-rm-gw-temp,2182
1786687501,zone5-living-rm-fancoil-heat-call,0
1786687560,zone2-living-rm-gw-temp,2186
1786687620,zone2-living-rm-gw-temp,2185
1786687680,zone2-living-rm-gw-temp,2178
1786687740,zone2-living-rm-gw-temp,2178
1786687800,zone2-living-rm-gw-temp,2179
1786687801,zone5-living-rm-fancoil-heat-call,0
1786687860,zone2-living-rm-gw-temp,2179
1786687920,zone2-living-rm-gw-temp,2179
1786687980,zone2-living-rm-gw-temp,2181
1786688040,zone2-living-rm-gw-temp,2178
1786688100,zone2-living-rm-gw-temp,2177
1786688101,zone5-living-rm-fancoil-heat-call,0
1786688160,zone2-living-rm-gw-temp,2180
1786688220,zone2-living-rm-gw-temp,2178
1786688280,zone2-living-rm-gw-temp,2177
1786688340,zone2-living-rm-gw-temp,2179
1786688400,zone2-living-rm-gw-temp,2177
1786688401,zone5-living-rm-fancoil-heat-call,0
1786688460,zone2-living-rm-gw-temp,2176
1786688520,zone2-living-rm-gw-temp,2183
1786688580,zone2-living-rm-gw-temp,2177
1786688640,zone2-living-rm-gw-temp,2183
1786688700,zone2-living-rm-gw-temp,2180
1786688701,zone5-living-rm-fancoil-heat-call,0
1786688760,zone2-living-rm-gw-temp,2175
1786688820,zone2-living-rm-gw-temp,2181
1786688880,zone2-living-rm-gw-temp,2177
1786688940,zone2-living-rm-gw-temp,2179
1786689000,zone2-living-rm-gw-temp,2181
1786689001,zone5-living-rm-fancoil-heat-call,0
1786689060,zone2-living-rm-gw-temp,2178
1786689120,zone2-living-rm-gw-temp,2180
1786689180,zone2-living-rm-gw-temp,2183
1786689240,zone2-living-rm-gw-temp,2178
1786689300,zone2-living-rm-gw-temp,2177
1786689301,zone5-living-rm-fancoil-heat-call,0
1786689360,zone2-living-rm-gw-temp,2183
1786689420,zone2-living-rm-gw-temp,2181
1786689480,zone2-living-rm-gw-temp,2176
1786689540,zone2-living-rm-gw-temp,2176
1786689600,zone2-living-rm-gw-temp,2182
1786689601,zone5-living-rm-fancoil-heat-call,0
1786689660,zone2-living-rm-gw-temp,2182
1786689720,zone2-living-rm-gw-temp,2181
1786689780,zone2-living-rm-gw-temp,2178
1786689840,zone2-living-rm-gw-temp,2176
1786689900,zone2-living-rm-gw-temp,2178
1786689901,zone5-living-rm-fancoil-heat-call,0
1786689960,zone2-living-rm-gw-temp,2181
1786690020,zone2-living-rm-gw-temp,2178
1786690080,zone2-living-rm-gw-temp,2177
1786690140,zone2-living-rm-gw-temp,2181
1786690200,zone2-living-rm-gw-temp,2181
1786690201,zone5-living-rm-fancoil-heat-call,0
1786690260,zone2-living-rm-gw-temp,2176
1786690320,zone2-living-rm-gw-temp,2178
1786690380,zone2-living-rm-gw-temp,2178
1786690440,zone2-living-rm-gw-temp,2176
1786690500,zone2-living-rm-gw-temp,2180
1786690501,zone5-living-rm-fancoil-heat-call,0
1786690560,zone2-living-rm-gw-temp,2175
1786690620,zone2-living-rm-gw-temp,2175
1786690680,zone2-living-rm-gw-temp,2179
1786690740,zone2-living-rm-gw-temp,2178
1786690800,zone2-living-rm-gw-temp,2177
1786690801,zone5-living-rm-fancoil-heat-call,0
1786690860,zone2-living-rm-gw-temp,2178
1786690920,zone2-living-rm-gw-temp,2174
1786690980,zone2-living-rm-gw-temp,2177
1786691040,zone2-living-rm-gw-temp,2181
1786691100,zone2-living-rm-gw-temp,2176
1786691101,zone5-living-rm-fancoil-heat-call,0
1786691160,zone2-living-rm-gw-temp,2178
1786691220,zone2-living-rm-gw-temp,2178
1786691280,zone2-living-rm-gw-temp,2179
1786691340,zone2-living-rm-gw-temp,2174
1786691400,zone2-living-rm-gw-temp,2174
1786691401,zone5-living-rm-fancoil-heat-call,0
1786691460,zone2-living-rm-gw-temp,2178
1786691520,zone2-living-rm-gw-temp,2176
1786691580,zone2-living-rm-gw-temp,2174
1786691640,zone2-living-rm-gw-temp,2175
1786691700,zone2-living-rm-gw-temp,2176
1786691701,zone5-living-rm-fancoil-heat-call,0
1786691760,zone2-living-rm-gw-temp,2176
1786691820,zone2-living-rm-gw-temp,2172
1786691880,zone2-living-rm-gw-temp,2176
1786691940,zone2-living-rm-gw-temp,2173
1786692000,zone2-living-rm-gw-temp,2178
1786692001,zone5-living-rm-fancoil-heat-call,0
1786692060,zone2-living-rm-gw-temp,2171
1786692120,zone2-living-rm-gw-temp,2170
1786692180,zone2-living-rm-gw-temp,2173
1786692240,zone2-living-rm-gw-temp,2175
1786692300,zone2-living-rm-gw-temp,2179
1786692301,zone5-living-rm-fancoil-heat-call,0
1786692360,zone2-living-rm-gw-temp,2172
1786692420,zone2-living-rm-gw-temp,2170
1786692480,zone2-living-rm-gw-temp,2178
1786692540,zone2-living-rm-gw-temp,2172
1786692600,zone2-living-rm-gw-temp,2175
1786692601,zone5-living-rm-fancoil-heat-call,0
1786692660,zone2-living-rm-gw-temp,2176
1786692720,zone2-living-rm-gw-temp,2170
1786692780,zone2-living-rm-gw-temp,2173
1786692840,zone2-living-rm-gw-temp,2176
1786692900,zone2-living-rm-gw-temp,2174
1786692901,zone5-living-rm-fancoil-heat-call,0
1786692960,zone2-living-rm-gw-temp,2175
1786693020,zone2-living-rm-gw-temp,2176
1786693080,zone2-living-rm-gw-temp,2172
1786693140,zone2-living-rm-gw-temp,2175
1786693200,zone2-living-rm-gw-temp,2175
1786693201,zone5-living-rm-fancoil-heat-call,0
1786693260,zone2-living-rm-gw-temp,2172
1786693320,zone2-living-rm-gw-temp,2172
1786693380,zone2-living-rm-gw-temp,2176
1786693440,zone2-living-rm-gw-temp,2170
1786693500,zone2-living-rm-gw-temp,2173
1786693501,zone5-living-rm-fancoil-heat-call,0
1786693560,zone2-living-rm-gw-temp,2172
1786693620,zone2-living-rm-gw-temp,2176
1786693680,zone2-living-rm-gw-temp,2176
1786693740,zone2-living-rm-gw-temp,2169
1786693800,zone2-living-rm-gw-temp,2174
1786693801,zone5-living-rm-fancoil-heat-call,0
1786693860,zone2-living-rm-gw-temp,2171
1786693920,zone2-living-rm-gw-temp,2176
1786693980,zone2-living-rm-gw-temp,2173
1786694040,zone2-living-rm-gw-temp,2170
1786694100,zone2-living-rm-gw-temp,2169
1786694101,zone5-living-rm-fancoil-heat-call,0
1786694160,zone2-living-rm-gw-temp,2171
1786694220,zone2-living-rm-gw-temp,2174
1786694280,zone2-living-rm-gw-temp,2173
1786694340,zone2-living-rm-gw-temp,2170
1786694400,zone2-living-rm-gw-temp,2169
1786694401,zone5-living-rm-fancoil-heat-call,0
1786694460,zone2-living-rm-gw-temp,2171
1786694520,zone2-living-rm-gw-temp,2174
1786694580,zone2-living-rm-gw-temp,2172
1786694640,zone2-living-rm-gw-temp,2176
1786694700,zone2-living-rm-gw-temp,2176
1786694701,zone5-living-rm-fancoil-heat-call,0
1786694760,zone2-living-rm-gw-temp,2169
1786694820,zone2-living-rm-gw-temp,2169
1786694880,zone2-living-rm-gw-temp,2172
1786694940,zone2-living-rm-gw-temp,2175
1786695000,zone2-living-rm-gw-temp,2173
1786695001,zone5-living-rm-fancoil-heat-call,0
1786695060,zone2-living-rm-gw-temp,2175
1786695120,zone2-living-rm-gw-temp,2173
1786695180,zone2-living-rm-gw-temp,2173
1786695240,zone2-living-rm-gw-temp,2172
1786695300,zone2-living-rm-gw-temp,2174
1786695301,zone5-living-rm-fancoil-heat-call,0
1786695360,zone2-living-rm-gw-temp,2174
1786695420,zone2-living-rm-gw-temp,2170
1786695480,zone2-living-rm-gw-temp,2167
1786695540,zone2-living-rm-gw-temp,2176
1786695600,zone2-living-rm-gw-temp,2174
1786695601,zone5-living-rm-fancoil-heat-call,0
1786695660,zone2-living-rm-gw-temp,2172
1786695720,zone2-living-rm-gw-temp,2170
1786695780,zone2-living-rm-gw-temp,2167
1786695840,zone2-living-rm-gw-temp,2168
1786695900,zone2-living-rm-gw-temp,2172
1786695901,zone5-living-rm-fancoil-heat-call,0
1786695960,zone2-living-rm-gw-temp,2170
1786696020,zone2-living-rm-gw-temp,2167
1786696080,zone2-living-rm-gw-temp,2172
1786696140,zone2-living-rm-gw-temp,2172
1786696200,zone2-living-rm-gw-temp,2168
1786696201,zone5-living-rm-fancoil-heat-call,0
1786696260,zone2-living-rm-gw-temp,2166
1786696320,zone2-living-rm-gw-temp,2170
1786696380,zone2-living-rm-gw-temp,2169
1786696440,zone2-living-rm-gw-temp,2168
1786696500,zone2-living-rm-gw-temp,2167
1786696501,zone5-living-rm-fancoil-heat-call,0
1786696560,zone2-living-rm-gw-temp,2167
1786696620,zone2-living-rm-gw-temp,2164
1786696680,zone2-living-rm-gw-temp,2172
1786696740,zone2-living-rm-gw-temp,2172
1786696800,zone2-living-rm-gw-temp,2168
1786696801,zone5-living-rm-fancoil-heat-call,0
1786696860,zone2-living-rm-gw-temp,2170
1786696920,zone2-living-rm-gw-temp,2170
1786696980,zone2-living-rm-gw-temp,2167
1786697040,zone2-living-rm-gw-temp,2167
1786697100,zone2-living-rm-gw-temp,2169
1786697101,zone5-living-rm-fancoil-heat-call,0
1786697160,zone2-living-rm-gw-temp,2164
1786697220,zone2-living-rm-gw-temp,2166
1786697280,zone2-living-rm-gw-temp,2164
1786697340,zone2-living-rm-gw-temp,2164
1786697400,zone2-living-rm-gw-temp,2165
1786697401,zone5-living-rm-fancoil-heat-call,0
1786697460,zone2-living-rm-gw-temp,2163
1786697520,zone2-living-rm-gw-temp,2167
1786697580,zone2-living-rm-gw-temp,2170
1786697640,zone2-living-rm-gw-temp,2164
1786697700,zone2-living-rm-gw-temp,2165
1786697701,zone5-living-rm-fancoil-heat-call,0
1786697760,zone2-living-rm-gw-temp,2166
1786697820,zone2-living-rm-gw-temp,2164
1786697880,zone2-living-rm-gw-temp,2167
1786697940,zone2-living-rm-gw-temp,2165
1786698000,zone2-living-rm-gw-temp,2169
1786698001,zone5-living-rm-fancoil-heat-call,0
1786698060,zone2-living-rm-gw-temp,2168
1786698120,zone2-living-rm-gw-temp,2163
1786698180,zone2-living-rm-gw-temp,2169
1786698240,zone2-living-rm-gw-temp,2164
1786698300,zone2-living-rm-gw-temp,2164
1786698301,zone5-living-rm-fancoil-heat-call,0
1786698360,zone2-living-rm-gw-temp,2165
1786698420,zone2-living-rm-gw-temp,2170
1786698480,zone2-living-rm-gw-temp,2166
1786698540,zone2-living-rm-gw-temp,2169
1786698600,zone2-living-rm-gw-temp,2168
1786698601,zone5-living-rm-fancoil-heat-call,0
1786698660,zone2-living-rm-gw-temp,2169
1786698720,zone2-living-rm-gw-temp,2164
1786698780,zone2-living-rm-gw-temp,2163
1786698840,zone2-living-rm-gw-temp,2168
1786698900,zone2-living-rm-gw-temp,2166
1786698901,zone5-living-rm-fancoil-heat-call,0
1786698960,zone2-living-rm-gw-temp,2168
1786699020,zone2-living-rm-gw-temp,2165
1786699080,zone2-living-rm-gw-temp,2167
1786699140,zone2-living-rm-gw-temp,2169
1786699200,zone2-living-rm-gw-temp,2162
1786699201,zone5-living-rm-fancoil-heat-call,0
1786699260,zone2-living-rm-gw-temp,2164
1786699320,zone2-living-rm-gw-temp,2164
1786699329,zone2-living-rm-gw-temp,2160
1786699380,zone2-living-rm-gw-temp,2166
1786699440,zone2-living-rm-gw-temp,2166
1786699500,zone2-living-rm-gw-temp,2166
1786699501,zone5-living-rm-fancoil-heat-call,0
1786699560,zone2-living-rm-gw-temp,2163
1786699620,zone2-living-rm-gw-temp,2165
1786699680,zone2-living-rm-gw-temp,2167
1786699740,zone2-living-rm-gw-temp,2162
1786699800,zone2-living-rm-gw-temp,2167
1786699801,zone5-living-rm-fancoil-heat-call,0
1786699860,zone2-living-rm-gw-temp,2164
1786699920,zone2-living-rm-gw-temp,2166
1786699980,zone2-living-rm-gw-temp,2165
1786700040,zone2-living-rm-gw-temp,2164
1786700100,zone2-living-rm-gw-temp,2165
1786700101,zone5-living-rm-fancoil-heat-call,0
1786700160,zone2-living-rm-gw-temp,2165
1786700220,zone2-living-rm-gw-temp,2165
1786700280,zone2-living-rm-gw-temp,2161
1786700340,zone2-living-rm-gw-temp,2162
1786700400,zone2-living-rm-gw-temp,2165
1786700401,zone5-living-rm-fancoil-heat-call,0
1786700460,zone2-living-rm-gw-temp,2161
1786700520,zone2-living-rm-gw-temp,2161
1786700580,zone2-living-rm-gw-temp,2162
1786700640,zone2-living-rm-gw-temp,2164
1786700700,zone2-living-rm-gw-temp,2161
1786700701,zone5-living-rm-fancoil-heat-call,0
1786700760,zone2-living-rm-gw-temp,2162
1786700820,zone2-living-rm-gw-temp,2161
1786700880,zone2-living-rm-gw-temp,2163
1786700940,zone2-living-rm-gw-temp,2161
1786701000,zone2-living-rm-gw-temp,2164
1786701001,zone5-living-rm-fancoil-heat-call,0
1786701060,zone2-living-rm-gw-temp,2163
1786701120,zone2-living-rm-gw-temp,2164
1786701180,zone2-living-rm-gw-temp,2163
1786701240,zone2-living-rm-gw-temp,2161
1786701300,zone2-living-rm-gw-temp,2159
1786701301,zone5-living-rm-fancoil-heat-call,0
1786701360,zone2-living-rm-gw-temp,2158
1786701420,zone2-living-rm-gw-temp,2165
1786701480,zone2-living-rm-gw-temp,2165
1786701540,zone2-living-rm-gw-temp,2158
1786701600,zone2-living-rm-gw-temp,2161
1786701601,zone5-living-rm-fancoil-heat-call,0
1786701660,zone2-living-rm-gw-temp,2164
1786701720,zone2-living-rm-gw-temp,2158
1786701780,zone2-living-rm-gw-temp,2166
1786701840,zone2-living-rm-gw-temp,2165
1786701900,zone2-living-rm-gw-temp,2162
1786701901,zone5-living-rm-fancoil-heat-call,0
1786701960,zone2-living-rm-gw-temp,2164
1786702020,zone2-living-rm-gw-temp,2164
1786702080,zone2-living-rm-gw-temp,2159
1786702140,zone2-living-rm-gw-temp,2163
1786702200,zone2-living-rm-gw-temp,2158
1786702201,zone5-living-rm-fancoil-heat-call,0
1786702260,zone2-living-rm-gw-temp,2159
1786702320,zone2-living-rm-gw-temp,2158
1786702380,zone2-living-rm-gw-temp,2164
1786702440,zone2-living-rm-gw-temp,2159
1786702500,zone2-living-rm-gw-temp,2161
1786702501,zone5-living-rm-fancoil-heat-call,0
1786702560,zone2-living-rm-gw-temp,2159
1786702620,zone2-living-rm-gw-temp,2157
1786702680,zone2-living-rm-gw-temp,2159
1786702740,zone2-living-rm-gw-temp,2160
1786702800,zone2-living-rm-gw-temp,2163
1786702801,zone5-living-rm-fancoil-heat-call,0
1786702860,zone2-living-rm-gw-temp,2161
1786702920,zone2-living-rm-gw-temp,2161
1786702980,zone2-living-rm-gw-temp,2158
1786703040,zone2-living-rm-gw-temp,2164
1786703100,zone2-living-rm-gw-temp,2165
1786703101,zone5-living-rm-fancoil-heat-call,0
1786703160,zone2-living-rm-gw-temp,2161
1786703220,zone2-living-rm-gw-temp,2163
1786703280,zone2-living-rm-gw-temp,2166
1786703340,zone2-living-rm-gw-temp,2159
1786703400,zone2-living-rm-gw-temp,2163
1786703401,zone5-living-rm-fancoil-heat-call,0
1786703460,zone2-living-rm-gw-temp,2163
1786703520,zone2-living-rm-gw-temp,2160
1786703580,zone2-living-rm-gw-temp,2159
1786703640,zone2-living-rm-gw-temp,2159
1786703700,zone2-living-rm-gw-temp,2164
1786703701,zone5-living-rm-fancoil-heat-call,0
1786703760,zone2-living-rm-gw-temp,2159
1786703820,zone2-living-rm-gw-temp,2160
1786703880,zone2-living-rm-gw-temp,2157
1786703940,zone2-living-rm-gw-temp,2162
1786704000,zone2-living-rm-gw-temp,2164
1786704001,zone5-living-rm-fancoil-heat-call,0
1786704060,zone2-living-rm-gw-temp,2158
1786704120,zone2-living-rm-gw-temp,2160
1786704180,zone2-living-rm-gw-temp,2157
1786704240,zone2-living-rm-gw-temp,2159
1786704300,zone2-living-rm-gw-temp,2158
1786704301,zone5-living-rm-fancoil-heat-call,0
1786704360,zone2-living-rm-gw-temp,2164
1786704420,zone2-living-rm-gw-temp,2158
1786704480,zone2-living-rm-gw-temp,2163
1786704540,zone2-living-rm-gw-temp,2160
1786704600,zone2-living-rm-gw-temp,2158
1786704601,zone5-living-rm-fancoil-heat-call,0
1786704660,zone2-living-rm-gw-temp,2158
1786704720,zone2-living-rm-gw-temp,2157
1786704780,zone2-living-rm-gw-temp,2154
1786704840,zone2-living-rm-gw-temp,2157
1786704900,zone2-living-rm-gw-temp,2157
1786704901,zone5-living-rm-fancoil-heat-call,0
1786704960,zone2-living-rm-gw-temp,2156
1786705020,zone2-living-rm-gw-temp,2159
1786705080,zone2-living-rm-gw-temp,2162
1786705140,zone2-living-rm-gw-temp,2160
1786705200,zone2-living-rm-gw-temp,2155
1786705201,zone5-living-rm-fancoil-heat-call,0
1786705260,zone2-living-rm-gw-temp,2162
1786705320,zone2-living-rm-gw-temp,2161
1786705380,zone2-living-rm-gw-temp,2157
1786705440,zone2-living-rm-gw-temp,2153
1786705500,zone2-living-rm-gw-temp,2161
1786705501,zone5-living-rm-fancoil-heat-call,0
1786705560,zone2-living-rm-gw-temp,2157
1786705620,zone2-living-rm-gw-temp,2158
1786705680,zone2-living-rm-gw-temp,2153
1786705740,zone2-living-rm-gw-temp,2156
1786705800,zone2-living-rm-gw-temp,2161
1786705801,zone5-living-rm-fancoil-heat-call,0
1786705860,zone2-living-rm-gw-temp,2153
1786705920,zone2-living-rm-gw-temp,2159
1786705980,zone2-living-rm-gw-temp,2161
1786706040,zone2-living-rm-gw-temp,2162
1786706100,zone2-living-rm-gw-temp,2159
1786706101,zone5-living-rm-fancoil-heat-call,0
1786706160,zone2-living-rm-gw-temp,2161
1786706220,zone2-living-rm-gw-temp,2161
1786706280,zone2-living-rm-gw-temp,2157
1786706340,zone2-living-rm-gw-temp,2155
1786706400,zone2-living-rm-gw-temp,2158
1786706401,zone5-living-rm-fancoil-heat-call,0
1786706460,zone2-living-rm-gw-temp,2159
1786706520,zone2-living-rm-gw-temp,2157
1786706580,zone2-living-rm-gw-temp,2159
1786706640,zone2-living-rm-gw-temp,2155
1786706700,zone2-living-rm-gw-temp,2159
1786706701,zone5-living-rm-fancoil-heat-call,0
1786706760,zone2-living-rm-gw-temp,2154
1786706820,zone2-living-rm-gw-temp,2162
1786706880,zone2-living-rm-gw-temp,2162
1786706940,zone2-living-rm-gw-temp,2160
1786707000,zone2-living-rm-gw-temp,2159
1786707001,zone5-living-rm-fancoil-heat-call,0
1786707060,zone2-living-rm-gw-temp,2161
1786707120,zone2-living-rm-gw-temp,2161
1786707180,zone2-living-rm-gw-temp,2154
1786707240,zone2-living-rm-gw-temp,2153
1786707300,zone2-living-rm-gw-temp,2154
1786707301,zone5-living-rm-fancoil-heat-call,0
1786707360,zone2-living-rm-gw-temp,2161
1786707420,zone2-living-rm-gw-temp,2162
1786707480,zone2-living-rm-gw-temp,2155
1786707540,zone2-living-rm-gw-temp,2161
1786707600,zone2-living-rm-gw-temp,2162
1786707601,zone5-living-rm-fancoil-heat-call,0
1786707660,zone2-living-rm-gw-temp,2162
1786707720,zone2-living-rm-gw-temp,2161
1786707780,zone2-living-rm-gw-temp,2155
1786707840,zone2-living-rm-gw-temp,2156
1786707900,zone2-living-rm-gw-temp,2154
1786707901,zone5-living-rm-fancoil-heat-call,0
1786707960,zone2-living-rm-gw-temp,2161
1786708020,zone2-living-rm-gw-temp,2162
1786708080,zone2-living-rm-gw-temp,2160
1786708140,zone2-living-rm-gw-temp,2158
1786708200,zone2-living-rm-gw-temp,2162
1786708201,zone5-living-rm-fancoil-heat-call,0
1786708260,zone2-living-rm-gw-temp,2156
1786708320,zone2-living-rm-gw-temp,2156
1786708380,zone2-living-rm-gw-temp,2162
1786708440,zone2-living-rm-gw-temp,2161
1786708500,zone2-living-rm-gw-temp,2156
1786708501,zone5-living-rm-fancoil-heat-call,0
1786708560,zone2-living-rm-gw-temp,2154
1786708620,zone2-living-rm-gw-temp,2162
1786708680,zone2-living-rm-gw-temp,2161
1786708740,zone2-living-rm-gw-temp,2157
1786708800,zone2-living-rm-gw-temp,2162
1786708801,zone5-living-rm-fancoil-heat-call,0
1786708860,zone2-living-rm-gw-temp,2155
1786708920,zone2-living-rm-gw-temp,2159
1786708980,zone2-living-rm-gw-temp,2161
1786709040,zone2-living-rm-gw-temp,2158
1786709100,zone2-living-rm-gw-temp,2162
1786709101,zone5-living-rm-fancoil-heat-call,0
1786709160,zone2-living-rm-gw-temp,2159
1786709220,zone2-living-rm-gw-temp,2162
1786709280,zone2-living-rm-gw-temp,2160
1786709340,zone2-living-rm-gw-temp,2159
1786709400,zone2-living-rm-gw-temp,2159
1786709401,zone5-living-rm-fancoil-heat-call,0
1786709460,zone2-living-rm-gw-temp,2157
1786709520,zone2-living-rm-gw-temp,2160
1786709580,zone2-living-rm-gw-temp,2159
1786709640,zone2-living-rm-gw-temp,2159
1786709700,zone2-living-rm-gw-temp,2159
1786709701,zone5-living-rm-fancoil-heat-call,0
1786709760,zone2-living-rm-gw-temp,2158
1786709820,zone2-living-rm-gw-temp,2157
1786709880,zone2-living-rm-gw-temp,2158
1786709940,zone2-living-rm-gw-temp,2158
1786710000,zone2-living-rm-gw-temp,2157
1786710001,zone5-living-rm-fancoil-heat-call,0
1786710060,zone2-living-rm-gw-temp,2158
1786710120,zone2-living-rm-gw-temp,2136
1786710180,zone2-living-rm-gw-temp,2140
1786710240,zone2-living-rm-gw-temp,2141
1786710300,zone2-living-rm-gw-temp,2144
1786710301,zone5-living-rm-fancoil-heat-call,0
1786710360,zone2-living-rm-gw-temp,2144
1786710420,zone2-living-rm-gw-temp,2144
1786710480,zone2-living-rm-gw-temp,2146
1786710540,zone2-living-rm-gw-temp,2147
1786710600,zone2-living-rm-gw-temp,2147
1786710601,zone5-living-rm-fancoil-heat-call,0
1786710660,zone2-living-rm-gw-temp,2152
1786710720,zone2-living-rm-gw-temp,2152
1786710780,zone2-living-rm-gw-temp,2152
1786710840,zone2-living-rm-gw-temp,2153
1786710900,zone2-living-rm-gw-temp,2153
1786710901,zone5-living-rm-fancoil-heat-call,0
1786710960,zone2-living-rm-gw-temp,2151
1786711020,zone2-living-rm-gw-temp,2153
1786711080,zone2-living-rm-gw-temp,2158
1786711140,zone2-living-rm-gw-temp,2155
1786711200,zone2-living-rm-gw-temp,2156
1786711201,zone5-living-rm-fancoil-heat-call,0
1786711260,zone2-living-rm-gw-temp,2157
1786711320,zone2-living-rm-gw-temp,2158
1786711380,zone2-living-rm-gw-temp,2159
1786711440,zone2-living-rm-gw-temp,2159
1786711500,zone2-living-rm-gw-temp,2158
1786711501,zone5-living-rm-fancoil-heat-call,0
1786711560,zone2-living-rm-gw-temp,2156
1786711620,zone2-living-rm-gw-temp,2158
1786711680,zone2-living-rm-gw-temp,2155
1786711740,zone2-living-rm-gw-temp,2153
1786711800,zone2-living-rm-gw-temp,2148
1786711801,zone5-living-rm-fancoil-heat-call,0
1786711860,zone2-living-rm-gw-temp,2147
1786711920,zone2-living-rm-gw-temp,2145
1786711980,zone2-living-rm-gw-temp,2137
1786712040,zone2-living-rm-gw-temp,2143
1786712100,zone2-living-rm-gw-temp,2141
1786712101,zone5-living-rm-fancoil-heat-call,0
1786712160,zone2-living-rm-gw-temp,2138
1786712220,zone2-living-rm-gw-temp,2140
1786712280,zone2-living-rm-gw-temp,2141
1786712340,zone2-living-rm-gw-temp,2140
1786712400,zone2-living-rm-gw-temp,2142
1786712401,zone5-living-rm-fancoil-heat-call,0
1786712460,zone2-living-rm-gw-temp,2145
1786712520,zone2-living-rm-gw-temp,2144
1786712580,zone2-living-rm-gw-temp,2144
1786712640,zone2-living-rm-gw-temp,2143
1786712700,zone2-living-rm-gw-temp,2144
1786712701,zone5-living-rm-fancoil-heat-call,0
1786712760,zone2-living-rm-gw-temp,2144
1786712820,zone2-living-rm-gw-temp,2146
1786712880,zone2-living-rm-gw-temp,2146
1786712940,zone2-living-rm-gw-temp,2144
1786713000,zone2-living-rm-gw-temp,2144
1786713001,zone5-living-rm-fancoil-heat-call,0
1786713060,zone2-living-rm-gw-temp,2142
1786713120,zone2-living-rm-gw-temp,2144
1786713180,zone2-living-rm-gw-temp,2144
1786713240,zone2-living-rm-gw-temp,2146
1786713300,zone2-living-rm-gw-temp,2147
1786713301,zone5-living-rm-fancoil-heat-call,0
1786713360,zone2-living-rm-gw-temp,2147
1786713420,zone2-living-rm-gw-temp,2147
1786713480,zone2-living-rm-gw-temp,2147
1786713540,zone2-living-rm-gw-temp,2148
1786713600,zone2-living-rm-gw-temp,2148
1786713601,zone5-living-rm-fancoil-heat-call,0
1786713660,zone2-living-rm-gw-temp,2153
1786713720,zone2-living-rm-gw-temp,2152
1786713780,zone2-living-rm-gw-temp,2155
1786713840,zone2-living-rm-gw-temp,2153
1786713900,zone2-living-rm-gw-temp,2153
1786713901,zone5-living-rm-fancoil-heat-call,0
1786713960,zone2-living-rm-gw-temp,2152
1786714020,zone2-living-rm-gw-temp,2150
1786714080,zone2-living-rm-gw-temp,2154
1786714140,zone2-living-rm-gw-temp,2154
1786714200,zone2-living-rm-gw-temp,2153
1786714201,zone5-living-rm-fancoil-heat-call,0
1786714260,zone2-living-rm-gw-temp,2152
1786714320,zone2-living-rm-gw-temp,2153
1786714380,zone2-living-rm-gw-temp,2153
1786714440,zone2-living-rm-gw-temp,2153
1786714500,zone2-living-rm-gw-temp,2153
1786714501,zone5-living-rm-fancoil-heat-call,0
1786714560,zone2-living-rm-gw-temp,2155
1786714620,zone2-living-rm-gw-temp,2158
1786714680,zone2-living-rm-gw-temp,2157
1786714740,zone2-living-rm-gw-temp,2157
1786714800,zone2-living-rm-gw-temp,2156
1786714801,zone5-living-rm-fancoil-heat-call,0
1786714860,zone2-living-rm-gw-temp,2158
1786714920,zone2-living-rm-gw-temp,2156
1786714980,zone2-living-rm-gw-temp,2152
1786715040,zone2-living-rm-gw-temp,2153
1786715100,zone2-living-rm-gw-temp,2153
1786715101,zone5-living-rm-fancoil-heat-call,0
1786715160,zone2-living-rm-gw-temp,2152
1786715220,zone2-living-rm-gw-temp,2151
1786715280,zone2-living-rm-gw-temp,2152
1786715340,zone2-living-rm-gw-temp,2154
1786715400,zone2-living-rm-gw-temp,2152
1786715401,zone5-living-rm-fancoil-heat-call,0
1786715460,zone2-living-rm-gw-temp,2152
1786715520,zone2-living-rm-gw-temp,2152
1786715580,zone2-living-rm-gw-temp,2151
1786715640,zone2-living-rm-gw-temp,2152
1786715700,zone2-living-rm-gw-temp,2149
1786715701,zone5-living-rm-fancoil-heat-call,0
1786715760,zone2-living-rm-gw-temp,2150
1786715820,zone2-living-rm-gw-temp,2150
1786715880,zone2-living-rm-gw-temp,2151
1786715940,zone2-living-rm-gw-temp,2150
1786716000,zone2-living-rm-gw-temp,2150
1786716001,zone5-living-rm-fancoil-heat-call,0
1786716060,zone2-living-rm-gw-temp,2153
1786716120,zone2-living-rm-gw-temp,2152
1786716180,zone2-living-rm-gw-temp,2151
1786716240,zone2-living-rm-gw-temp,2152
1786716300,zone2-living-rm-gw-temp,2153
1786716301,zone5-living-rm-fancoil-heat-call,0
1786716360,zone2-living-rm-gw-temp,2152
1786716420,zone2-living-rm-gw-temp,2152
1786716480,zone2-living-rm-gw-temp,2154
1786716540,zone2-living-rm-gw-temp,2154
1786716600,zone2-living-rm-gw-temp,2152
1786716601,zone5-living-rm-fancoil-heat-call,0
1786716660,zone2-living-rm-gw-temp,2149
1786716720,zone2-living-rm-gw-temp,2151
1786716780,zone2-living-rm-gw-temp,2152
1786716840,zone2-living-rm-gw-temp,2152
1786716900,zone2-living-rm-gw-temp,2151
1786716901,zone5-living-rm-fancoil-heat-call,0
1786716960,zone2-living-rm-gw-temp,2153
1786717020,zone2-living-rm-gw-temp,2154
1786717080,zone2-living-rm-gw-temp,2156
1786717140,zone2-living-rm-gw-temp,2157
1786717200,zone2-living-rm-gw-temp,2156
1786717201,zone5-living-rm-fancoil-heat-call,0
1786717260,zone2-living-rm-gw-temp,2159
1786717320,zone2-living-rm-gw-temp,2159
1786717380,zone2-living-rm-gw-temp,2160
1786717440,zone2-living-rm-gw-temp,2159
1786717500,zone2-living-rm-gw-temp,2157
1786717501,zone5-living-rm-fancoil-heat-call,0
1786717560,zone2-living-rm-gw-temp,2158
1786717620,zone2-living-rm-gw-temp,2159
1786717680,zone2-living-rm-gw-temp,2158
1786717740,zone2-living-rm-gw-temp,2159
1786717800,zone2-living-rm-gw-temp,2157
1786717801,zone5-living-rm-fancoil-heat-call,0
1786717860,zone2-living-rm-gw-temp,2159
1786717920,zone2-living-rm-gw-temp,2160
1786717980,zone2-living-rm-gw-temp,2159
1786718040,zone2-living-rm-gw-temp,2158
1786718100,zone2-living-rm-gw-temp,2159
1786718101,zone5-living-rm-fancoil-heat-call,0
1786718160,zone2-living-rm-gw-temp,2160
1786718220,zone2-living-rm-gw-temp,2159
1786718280,zone2-living-rm-gw-temp,2158
1786718340,zone2-living-rm-gw-temp,2160
1786718400,zone2-living-rm-gw-temp,2162
1786718401,zone5-living-rm-fancoil-heat-call,0
1786718460,zone2-living-rm-gw-temp,2162
1786718520,zone2-living-rm-gw-temp,2162
1786718580,zone2-living-rm-gw-temp,2160
1786718640,zone2-living-rm-gw-temp,2162
1786718700,zone2-living-rm-gw-temp,2161
1786718701,zone5-living-rm-fancoil-heat-call,0
1786718760,zone2-living-rm-gw-temp,2161
1786718820,zone2-living-rm-gw-temp,2161
1786718880,zone2-living-rm-gw-temp,2162
1786718940,zone2-living-rm-gw-temp,2164
1786719000,zone2-living-rm-gw-temp,2165
1786719001,zone5-living-rm-fancoil-heat-call,0
1786719060,zone2-living-rm-gw-temp,2165
1786719120,zone2-living-rm-gw-temp,2164
1786719180,zone2-living-rm-gw-temp,2164
1786719240,zone2-living-rm-gw-temp,2165
1786719300,zone2-living-rm-gw-temp,2163
1786719301,zone5-living-rm-fancoil-heat-call,0
1786719360,zone2-living-rm-gw-temp,2164
1786719420,zone2-living-rm-gw-temp,2163
1786719480,zone2-living-rm-gw-temp,2163
1786719540,zone2-living-rm-gw-temp,2164
1786719600,zone2-living-rm-gw-temp,2165
1786719601,zone5-living-rm-fancoil-heat-call,0
1786719660,zone2-living-rm-gw-temp,2167
1786719720,zone2-living-rm-gw-temp,2168
1786719780,zone2-living-rm-gw-temp,2169
1786719840,zone2-living-rm-gw-temp,2169
1786719900,zone2-living-rm-gw-temp,2170
1786719901,zone5-living-rm-fancoil-heat-call,0
1786719960,zone2-living-rm-gw-temp,2170
1786720020,zone2-living-rm-gw-temp,2170
1786720080,zone2-living-rm-gw-temp,2171
1786720140,zone2-living-rm-gw-temp,2172
1786720200,zone2-living-rm-gw-temp,2172
1786720201,zone5-living-rm-fancoil-heat-call,0
1786720260,zone2-living-rm-gw-temp,2173
1786720320,zone2-living-rm-gw-temp,2174
1786720380,zone2-living-rm-gw-temp,2175
1786720440,zone2-living-rm-gw-temp,2175
1786720500,zone2-living-rm-gw-temp,2173
1786720501,zone5-living-rm-fancoil-heat-call,0
1786720560,zone2-living-rm-gw-temp,2173
1786720620,zone2-living-rm-gw-temp,2172
1786720680,zone2-living-rm-gw-temp,2172
1786720740,zone2-living-rm-gw-temp,2171
1786720800,zone2-living-rm-gw-temp,2172
1786720801,zone5-living-rm-fancoil-heat-call,0
1786720860,zone2-living-rm-gw-temp,2172
1786720920,zone2-living-rm-gw-temp,2173
1786720980,zone2-living-rm-gw-temp,2172
1786721040,zone2-living-rm-gw-temp,2172
1786721100,zone2-living-rm-gw-temp,2175
1786721101,zone5-living-rm-fancoil-heat-call,0
1786721160,zone2-living-rm-gw-temp,2173
1786721220,zone2-living-rm-gw-temp,2175
1786721280,zone2-living-rm-gw-temp,2175
1786721340,zone2-living-rm-gw-temp,2175
1786721400,zone2-living-rm-gw-temp,2177
1786721401,zone5-living-rm-fancoil-heat-call,0
1786721460,zone2-living-rm-gw-temp,2178
1786721520,zone2-living-rm-gw-temp,2179
1786721580,zone2-living-rm-gw-temp,2178
1786721640,zone2-living-rm-gw-temp,2179
1786721700,zone2-living-rm-gw-temp,2179
1786721701,zone5-living-rm-fancoil-heat-call,0
1786721760,zone2-living-rm-gw-temp,2179
1786721820,zone2-living-rm-gw-temp,2179
1786721880,zone2-living-rm-gw-temp,2179
1786721940,zone2-living-rm-gw-temp,2180
1786722000,zone2-living-rm-gw-temp,2180
1786722001,zone5-living-rm-fancoil-heat-call,0
1786722060,zone2-living-rm-gw-temp,2181
1786722120,zone2-living-rm-gw-temp,2183
1786722180,zone2-living-rm-gw-temp,2181
1786722240,zone2-living-rm-gw-temp,2181
1786722300,zone2-living-rm-gw-temp,2180
1786722301,zone5-living-rm-fancoil-heat-call,0
1786722360,zone2-living-rm-gw-temp,2179
1786722420,zone2-living-rm-gw-temp,2179
1786722480,zone2-living-rm-gw-temp,2181
1786722540,zone2-living-rm-gw-temp,2181
1786722600,zone2-living-rm-gw-temp,2180
1786722601,zone5-living-rm-fancoil-heat-call,0
1786722660,zone2-living-rm-gw-temp,2183
1786722720,zone2-living-rm-gw-temp,2181
1786722780,zone2-living-rm-gw-temp,2181
1786722840,zone2-living-rm-gw-temp,2180
1786722900,zone2-living-rm-gw-temp,2180
1786722901,zone5-living-rm-fancoil-heat-call,0
1786722960,zone2-living-rm-gw-temp,2179
1786723020,zone2-living-rm-gw-temp,2180
1786723080,zone2-living-rm-gw-temp,2179
1786723140,zone2-living-rm-gw-temp,2179
1786723200,zone2-living-rm-gw-temp,2179
1786723201,zone5-living-rm-fancoil-heat-call,0
1786723260,zone2-living-rm-gw-temp,2181
1786723320,zone2-living-rm-gw-temp,2180
1786723380,zone2-living-rm-gw-temp,2183
1786723440,zone2-living-rm-gw-temp,2182
1786723500,zone2-living-rm-gw-temp,2179
1786723501,zone5-living-rm-fancoil-heat-call,0
1786723560,zone2-living-rm-gw-temp,2181
1786723620,zone2-living-rm-gw-temp,2181
1786723680,zone2-living-rm-gw-temp,2181
1786723740,zone2-living-rm-gw-temp,2181
1786723800,zone2-living-rm-gw-temp,2178
1786723801,zone5-living-rm-fancoil-heat-call,0
1786723860,zone2-living-rm-gw-temp,2181
1786723920,zone2-living-rm-gw-temp,2181
1786723980,zone2-living-rm-gw-temp,2179
1786724040,zone2-living-rm-gw-temp,2179
1786724100,zone2-living-rm-gw-temp,2180
1786724101,zone5-living-rm-fancoil-heat-call,0
1786724160,zone2-living-rm-gw-temp,2179
1786724220,zone2-living-rm-gw-temp,2178
1786724280,zone2-living-rm-gw-temp,2178
1786724340,zone2-living-rm-gw-temp,2178
1786724400,zone2-living-rm-gw-temp,2178
1786724401,zone5-living-rm-fancoil-heat-call,0
1786724460,zone2-living-rm-gw-temp,2177
1786724520,zone2-living-rm-gw-temp,2178
1786724580,zone2-living-rm-gw-temp,2178
1786724640,zone2-living-rm-gw-temp,2181
1786724700,zone2-living-rm-gw-temp,2178
1786724701,zone5-living-rm-fancoil-heat-call,0
1786724760,zone2-living-rm-gw-temp,2179
1786724820,zone2-living-rm-gw-temp,2179
1786724880,zone2-living-rm-gw-temp,2178
1786724940,zone2-living-rm-gw-temp,2179
1786725000,zone2-living-rm-gw-temp,2179
1786725001,zone5-living-rm-fancoil-heat-call,0
1786725060,zone2-living-rm-gw-temp,2177
1786725120,zone2-living-rm-gw-temp,2178
1786725180,zone2-living-rm-gw-temp,2179
1786725240,zone2-living-rm-gw-temp,2179
1786725300,zone2-living-rm-gw-temp,2177
1786725301,zone5-living-rm-fancoil-heat-call,0
1786725360,zone2-living-rm-gw-temp,2178
1786725420,zone2-living-rm-gw-temp,2178
1786725480,zone2-living-rm-gw-temp,2179
1786725540,zone2-living-rm-gw-temp,2180
1786725600,zone2-living-rm-gw-temp,2179
1786725601,zone5-living-rm-fancoil-heat-call,0
1786725660,zone2-living-rm-gw-temp,2179
1786725720,zone2-living-rm-gw-temp,2178
1786725780,zone2-living-rm-gw-temp,2178
1786725840,zone2-living-rm-gw-temp,2178
1786725900,zone2-living-rm-gw-temp,2178
1786725901,zone5-living-rm-fancoil-heat-call,0
1786725960,zone2-living-rm-gw-temp,2177
1786726020,zone2-living-rm-gw-temp,2177
1786726080,zone2-living-rm-gw-temp,2177
1786726140,zone2-living-rm-gw-temp,2180
1786726200,zone2-living-rm-gw-temp,2177
1786726201,zone5-living-rm-fancoil-heat-call,0
1786726260,zone2-living-rm-gw-temp,2176
1786726320,zone2-living-rm-gw-temp,2177
1786726380,zone2-living-rm-gw-temp,2178
1786726440,zone2-living-rm-gw-temp,2177
1786726500,zone2-living-rm-gw-temp,2177
1786726501,zone5-living-rm-fancoil-heat-call,0
1786726560,zone2-living-rm-gw-temp,2177
1786726620,zone2-living-rm-gw-temp,2177
1786726680,zone2-living-rm-gw-temp,2178
1786726740,zone2-living-rm-gw-temp,2178
1786726800,zone2-living-rm-gw-temp,2179
1786726801,zone5-living-rm-fancoil-heat-call,0
1786726860,zone2-living-rm-gw-temp,2179
1786726920,zone2-living-rm-gw-temp,2178
1786726980,zone2-living-rm-gw-temp,2177
1786727040,zone2-living-rm-gw-temp,2179
1786727100,zone2-living-rm-gw-temp,2178
1786727101,zone5-living-rm-fancoil-heat-call,0
1786727160,zone2-living-rm-gw-temp,2177
1786727220,zone2-living-rm-gw-temp,2176
1786727280,zone2-living-rm-gw-temp,2176
1786727340,zone2-living-rm-gw-temp,2177
1786727400,zone2-living-rm-gw-temp,2178
1786727401,zone5-living-rm-fancoil-heat-call,0
1786727460,zone2-living-rm-gw-temp,2177
1786727520,zone2-living-rm-gw-temp,2176
1786727580,zone2-living-rm-gw-temp,2178
1786727640,zone2-living-rm-gw-temp,2178
1786727700,zone2-living-rm-gw-temp,2178
1786727701,zone5-living-rm-fancoil-heat-call,0
1786727760,zone2-living-rm-gw-temp,2180
1786727820,zone2-living-rm-gw-temp,2179
1786727880,zone2-living-rm-gw-temp,2179
1786727940,zone2-living-rm-gw-temp,2180
1786728000,zone2-living-rm-gw-temp,2181
1786728001,zone5-living-rm-fancoil-heat-call,0
1786728060,zone2-living-rm-gw-temp,2181
1786728120,zone2-living-rm-gw-temp,2183
1786728180,zone2-living-rm-gw-temp,2182
1786728240,zone2-living-rm-gw-temp,2183
1786728300,zone2-living-rm-gw-temp,2182
1786728301,zone5-living-rm-fancoil-heat-call,0
1786728360,zone2-living-rm-gw-temp,2185
1786728420,zone2-living-rm-gw-temp,2185
1786728480,zone2-living-rm-gw-temp,2186
1786728540,zone2-living-rm-gw-temp,2185
1786728600,zone2-living-rm-gw-temp,2187
1786728601,zone5-living-rm-fancoil-heat-call,0
1786728660,zone2-living-rm-gw-temp,2185
1786728720,zone2-living-rm-gw-temp,2186
1786728780,zone2-living-rm-gw-temp,2190
1786728840,zone2-living-rm-gw-temp,2192
1786728900,zone2-living-rm-gw-temp,2191
1786728901,zone5-living-rm-fancoil-heat-call,0
1786728960,zone2-living-rm-gw-temp,2189
1786729020,zone2-living-rm-gw-temp,2192
1786729080,zone2-living-rm-gw-temp,2193
1786729140,zone2-living-rm-gw-temp,2195
1786729200,zone2-living-rm-gw-temp,2192
1786729201,zone5-living-rm-fancoil-heat-call,0
1786729260,zone2-living-rm-gw-temp,2194
1786729320,zone2-living-rm-gw-temp,2194
1786729380,zone2-living-rm-gw-temp,2192
1786729440,zone2-living-rm-gw-temp,2194
1786729500,zone2-living-rm-gw-temp,2195
1786729501,zone5-living-rm-fancoil-heat-call,0
1786729560,zone2-living-rm-gw-temp,2195
1786729620,zone2-living-rm-gw-temp,2194
1786729680,zone2-living-rm-gw-temp,2195
1786729740,zone2-living-rm-gw-temp,2198
1786729800,zone2-living-rm-gw-temp,2200
1786729801,zone5-living-rm-fancoil-heat-call,0
1786729860,zone2-living-rm-gw-temp,2202
1786729920,zone2-living-rm-gw-temp,2201
1786729980,zone2-living-rm-gw-temp,2198
1786730040,zone2-living-rm-gw-temp,2196
1786730100,zone2-living-rm-gw-temp,2197
1786730101,zone5-living-rm-fancoil-heat-call,0
1786730160,zone2-living-rm-gw-temp,2196
1786730220,zone2-living-rm-gw-temp,2196
1786730280,zone2-living-rm-gw-temp,2195
1786730340,zone2-living-rm-gw-temp,2195
1786730400,zone2-living-rm-gw-temp,2193
1786730401,zone5-living-rm-fancoil-heat-call,0
1786730460,zone2-living-rm-gw-temp,2195
1786730520,zone2-living-rm-gw-temp,2196
1786730580,zone2-living-rm-gw-temp,2196
1786730640,zone2-living-rm-gw-temp,2193
1786730700,zone2-living-rm-gw-temp,2193
1786730701,zone5-living-rm-fancoil-heat-call,0
1786730760,zone2-living-rm-gw-temp,2194
1786730820,zone2-living-rm-gw-temp,2193
1786730880,zone2-living-rm-gw-temp,2192
1786730940,zone2-living-rm-gw-temp,2193
1786731000,zone2-living-rm-gw-temp,2193
1786731001,zone5-living-rm-fancoil-heat-call,0
1786731060,zone2-living-rm-gw-temp,2194
1786731120,zone2-living-rm-gw-temp,2193
1786731180,zone2-living-rm-gw-temp,2193
1786731240,zone2-living-rm-gw-temp,2192
1786731300,zone2-living-rm-gw-temp,2192
1786731301,zone5-living-rm-fancoil-heat-call,0
1786731360,zone2-living-rm-gw-temp,2192
1786731420,zone2-living-rm-gw-temp,2193
1786731480,zone2-living-rm-gw-temp,2193
1786731540,zone2-living-rm-gw-temp,2193
1786731600,zone2-living-rm-gw-temp,2193
1786731601,zone5-living-rm-fancoil-heat-call,0
1786731660,zone2-living-rm-gw-temp,2190
1786731720,zone2-living-rm-gw-temp,2192
1786731780,zone2-living-rm-gw-temp,2192
1786731840,zone2-living-rm-gw-temp,2193
1786731900,zone2-living-rm-gw-temp,2191
1786731901,zone5-living-rm-fancoil-heat-call,0
1786731960,zone2-living-rm-gw-temp,2190
1786732020,zone2-living-rm-gw-temp,2191
1786732080,zone2-living-rm-gw-temp,2190
1786732140,zone2-living-rm-gw-temp,2189
1786732200,zone2-living-rm-gw-temp,2190
1786732201,zone5-living-rm-fancoil-heat-call,0
1786732260,zone2-living-rm-gw-temp,2192
1786732320,zone2-living-rm-gw-temp,2192
1786732380,zone2-living-rm-gw-temp,2192
1786732440,zone2-living-rm-gw-temp,2191
1786732500,zone2-living-rm-gw-temp,2192
1786732501,zone5-living-rm-fancoil-heat-call,0
1786732560,zone2-living-rm-gw-temp,2190
1786732620,zone2-living-rm-gw-temp,2187
1786732680,zone2-living-rm-gw-temp,2189
1786732740,zone2-living-rm-gw-temp,2189
1786732800,zone2-living-rm-gw-temp,2187
1786732801,zone5-living-rm-fancoil-heat-call,0
1786732860,zone2-living-rm-gw-temp,2189
1786732920,zone2-living-rm-gw-temp,2187
1786732980,zone2-living-rm-gw-temp,2187
1786733040,zone2-living-rm-gw-temp,2187
1786733100,zone2-living-rm-gw-temp,2186
1786733101,zone5-living-rm-fancoil-heat-call,0
1786733160,zone2-living-rm-gw-temp,2187
1786733220,zone2-living-rm-gw-temp,2187
1786733280,zone2-living-rm-gw-temp,2188
1786733340,zone2-living-rm-gw-temp,2187
1786733400,zone2-living-rm-gw-temp,2187
1786733401,zone5-living-rm-fancoil-heat-call,0
1786733460,zone2-living-rm-gw-temp,2186
1786733520,zone2-living-rm-gw-temp,2185
1786733580,zone2-living-rm-gw-temp,2185
1786733640,zone2-living-rm-gw-temp,2186
1786733700,zone2-living-rm-gw-temp,2186
1786733701,zone5-living-rm-fancoil-heat-call,0
1786733760,zone2-living-rm-gw-temp,2186
1786733820,zone2-living-rm-gw-temp,2186
1786733880,zone2-living-rm-gw-temp,2185
1786733940,zone2-living-rm-gw-temp,2186
1786734000,zone2-living-rm-gw-temp,2187
1786734001,zone5-living-rm-fancoil-heat-call,0
1786734060,zone2-living-rm-gw-temp,2186
1786734120,zone2-living-rm-gw-temp,2188
1786734180,zone2-living-rm-gw-temp,2189
1786734240,zone2-living-rm-gw-temp,2189
1786734300,zone2-living-rm-gw-temp,2189
1786734301,zone5-living-rm-fancoil-heat-call,0
1786734360,zone2-living-rm-gw-temp,2189
1786734420,zone2-living-rm-gw-temp,2192
1786734480,zone2-living-rm-gw-temp,2192
1786734540,zone2-living-rm-gw-temp,2191
1786734600,zone2-living-rm-gw-temp,2194
1786734601,zone5-living-rm-fancoil-heat-call,0
1786734660,zone2-living-rm-gw-temp,2194
1786734720,zone2-living-rm-gw-temp,2195
1786734780,zone2-living-rm-gw-temp,2195
1786734840,zone2-living-rm-gw-temp,2195
1786734900,zone2-living-rm-gw-temp,2195
1786734901,zone5-living-rm-fancoil-heat-call,0
1786734960,zone2-living-rm-gw-temp,2195
1786735020,zone2-living-rm-gw-temp,2197
1786735080,zone2-living-rm-gw-temp,2196
1786735140,zone2-living-rm-gw-temp,2198
1786735200,zone2-living-rm-gw-temp,2201
1786735201,zone5-living-rm-fancoil-heat-call,0
1786735260,zone2-living-rm-gw-temp,2199
1786735320,zone2-living-rm-gw-temp,2200
1786735380,zone2-living-rm-gw-temp,2201
1786735440,zone2-living-rm-gw-temp,2201
1786735500,zone2-living-rm-gw-temp,2200
1786735501,zone5-living-rm-fancoil-heat-call,0
1786735560,zone2-living-rm-gw-temp,2200
1786735620,zone2-living-rm-gw-temp,2200
1786735680,zone2-living-rm-gw-temp,2199
1786735740,zone2-living-rm-gw-temp,2201
1786735800,zone2-living-rm-gw-temp,2198
1786735801,zone5-living-rm-fancoil-heat-call,0
1786735860,zone2-living-rm-gw-temp,2201
1786735920,zone2-living-rm-gw-temp,2198
1786735980,zone2-living-rm-gw-temp,2199
1786736040,zone2-living-rm-gw-temp,2198
1786736100,zone2-living-rm-gw-temp,2200
1786736101,zone5-living-rm-fancoil-heat-call,0
1786736160,zone2-living-rm-gw-temp,2200
1786736220,zone2-living-rm-gw-temp,2201
1786736280,zone2-living-rm-gw-temp,2201
1786736340,zone2-living-rm-gw-temp,2201
1786736400,zone2-living-rm-gw-temp,2199
1786736401,zone5-living-rm-fancoil-heat-call,0
1786736460,zone2-living-rm-gw-temp,2202
1786736520,zone2-living-rm-gw-temp,2203
1786736580,zone2-living-rm-gw-temp,2200
1786736640,zone2-living-rm-gw-temp,2201
1786736700,zone2-living-rm-gw-temp,2199
1786736701,zone5-living-rm-fancoil-heat-call,0
1786736760,zone2-living-rm-gw-temp,2201
1786736820,zone2-living-rm-gw-temp,2201
1786736880,zone2-living-rm-gw-temp,2199
1786736940,zone2-living-rm-gw-temp,2201
1786737000,zone2-living-rm-gw-temp,2200
1786737001,zone5-living-rm-fancoil-heat-call,0
1786737060,zone2-living-rm-gw-temp,2201
1786737120,zone2-living-rm-gw-temp,2201
1786737180,zone2-living-rm-gw-temp,2202
1786737240,zone2-living-rm-gw-temp,2202
1786737300,zone2-living-rm-gw-temp,2206
1786737301,zone5-living-rm-fancoil-heat-call,0
1786737360,zone2-living-rm-gw-temp,2204
1786737420,zone2-living-rm-gw-temp,2206
1786737480,zone2-living-rm-gw-temp,2205
1786737540,zone2-living-rm-gw-temp,2206
1786737598,zone2-living-rm-gw-temp,2210
1786737600,zone2-living-rm-gw-temp,2206
1786737601,zone5-living-rm-fancoil-heat-call,0
1786737660,zone2-living-rm-gw-temp,2208
1786737720,zone2-living-rm-gw-temp,2210
1786737780,zone2-living-rm-gw-temp,2209
1786737840,zone2-living-rm-gw-temp,2209
1786737900,zone2-living-rm-gw-temp,2207
1786737901,zone5-living-rm-fancoil-heat-call,0
1786737960,zone2-living-rm-gw-temp,2206
1786738020,zone2-living-rm-gw-temp,2209
1786738080,zone2-living-rm-gw-temp,2209
1786738140,zone2-living-rm-gw-temp,2207
1786738200,zone2-living-rm-gw-temp,2207
1786738201,zone5-living-rm-fancoil-heat-call,0
1786738260,zone2-living-rm-gw-temp,2205
1786738320,zone2-living-rm-gw-temp,2206
1786738380,zone2-living-rm-gw-temp,2205
1786738440,zone2-living-rm-gw-temp,2205
1786738500,zone2-living-rm-gw-temp,2205
1786738501,zone5-living-rm-fancoil-heat-call,0
1786738560,zone2-living-rm-gw-temp,2205
1786738620,zone2-living-rm-gw-temp,2205
1786738680,zone2-living-rm-gw-temp,2205
1786738740,zone2-living-rm-gw-temp,2203
1786738800,zone2-living-rm-gw-temp,2204
1786738801,zone5-living-rm-fancoil-heat-call,0
1786738860,zone2-living-rm-gw-temp,2205
1786738920,zone2-living-rm-gw-temp,2205
1786738980,zone2-living-rm-gw-temp,2205
1786739040,zone2-living-rm-gw-temp,2207
1786739100,zone2-living-rm-gw-temp,2207
1786739101,zone5-living-rm-fancoil-heat-call,0
1786739160,zone2-living-rm-gw-temp,2207
1786739220,zone2-living-rm-gw-temp,2207
1786739280,zone2-living-rm-gw-temp,2207
1786739340,zone2-living-rm-gw-temp,2208
1786739400,zone2-living-rm-gw-temp,2208
1786739401,zone5-living-rm-fancoil-heat-call,0
1786739460,zone2-living-rm-gw-temp,2207
1786739520,zone2-living-rm-gw-temp,2205
1786739580,zone2-living-rm-gw-temp,2205
1786739640,zone2-living-rm-gw-temp,2206
1786739700,zone2-living-rm-gw-temp,2206
1786739701,zone5-living-rm-fancoil-heat-call,0
1786739760,zone2-living-rm-gw-temp,2205
1786739820,zone2-living-rm-gw-temp,2206
1786739880,zone2-living-rm-gw-temp,2209
1786739940,zone2-living-rm-gw-temp,2208
1786740000,zone2-living-rm-gw-temp,2209
1786740001,zone5-living-rm-fancoil-heat-call,0
1786740060,zone2-living-rm-gw-temp,2207
1786740120,zone2-living-rm-gw-temp,2206
1786740180,zone2-living-rm-gw-temp,2207
1786740240,zone2-living-rm-gw-temp,2207
1786740300,zone2-living-rm-gw-temp,2209
1786740301,zone5-living-rm-fancoil-heat-call,0
1786740360,zone2-living-rm-gw-temp,2207
1786740420,zone2-living-rm-gw-temp,2207
1786740480,zone2-living-rm-gw-temp,2207
1786740540,zone2-living-rm-gw-temp,2207
1786740600,zone2-living-rm-gw-temp,2207
1786740601,zone5-living-rm-fancoil-heat-call,0
1786740660,zone2-living-rm-gw-temp,2209
1786740720,zone2-living-rm-gw-temp,2209
1786740780,zone2-living-rm-gw-temp,2208
1786740840,zone2-living-rm-gw-temp,2209
1786740900,zone2-living-rm-gw-temp,2209
1786740901,zone5-living-rm-fancoil-heat-call,0
1786740960,zone2-living-rm-gw-temp,2209
1786741020,zone2-living-rm-gw-temp,2209
1786741080,zone2-living-rm-gw-temp,2208
1786741140,zone2-living-rm-gw-temp,2209
1786741200,zone2-living-rm-gw-temp,2208
1786741201,zone5-living-rm-fancoil-heat-call,0
1786741260,zone2-living-rm-gw-temp,2208
1786741320,zone2-living-rm-gw-temp,2208
1786741380,zone2-living-rm-gw-temp,2209
1786741440,zone2-living-rm-gw-temp,2212
1786741500,zone2-living-rm-gw-temp,2209
1786741501,zone5-living-rm-fancoil-heat-call,0
1786741560,zone2-living-rm-gw-temp,2212
1786741620,zone2-living-rm-gw-temp,2210
1786741680,zone2-living-rm-gw-temp,2209
1786741740,zone2-living-rm-gw-temp,2211
1786741800,zone2-living-rm-gw-temp,2212
1786741801,zone5-living-rm-fancoil-heat-call,0
1786741860,zone2-living-rm-gw-temp,2212
1786741920,zone2-living-rm-gw-temp,2211
1786741980,zone2-living-rm-gw-temp,2212
1786742040,zone2-living-rm-gw-temp,2212
1786742100,zone2-living-rm-gw-temp,2213
1786742101,zone5-living-rm-fancoil-heat-call,0
1786742160,zone2-living-rm-gw-temp,2213
1786742220,zone2-living-rm-gw-temp,2214
1786742280,zone2-living-rm-gw-temp,2212
1786742340,zone2-living-rm-gw-temp,2213
1786742400,zone2-living-rm-gw-temp,2216
1786742401,zone5-living-rm-fancoil-heat-call,0
1786742460,zone2-living-rm-gw-temp,2215
1786742520,zone2-living-rm-gw-temp,2216
1786742580,zone2-living-rm-gw-temp,2218
1786742640,zone2-living-rm-gw-temp,2219
1786742700,zone2-living-rm-gw-temp,2219
1786742701,zone5-living-rm-fancoil-heat-call,0
1786742760,zone2-living-rm-gw-temp,2219
1786742820,zone2-living-rm-gw-temp,2220
1786742880,zone2-living-rm-gw-temp,2219
1786742940,zone2-living-rm-gw-temp,2221
1786743000,zone2-living-rm-gw-temp,2220
1786743001,zone5-living-rm-fancoil-heat-call,0
1786743060,zone2-living-rm-gw-temp,2219
1786743120,zone2-living-rm-gw-temp,2220
1786743180,zone2-living-rm-gw-temp,2219
1786743240,zone2-living-rm-gw-temp,2220
1786743300,zone2-living-rm-gw-temp,2220
1786743301,zone5-living-rm-fancoil-heat-call,0
1786743360,zone2-living-rm-gw-temp,2220
1786743420,zone2-living-rm-gw-temp,2221
1786743480,zone2-living-rm-gw-temp,2221
1786743540,zone2-living-rm-gw-temp,2222
1786743600,zone2-living-rm-gw-temp,2222
1786743601,zone5-living-rm-fancoil-heat-call,0
1786743660,zone2-living-rm-gw-temp,2224
1786743720,zone2-living-rm-gw-temp,2222
1786743780,zone2-living-rm-gw-temp,2224
1786743840,zone2-living-rm-gw-temp,2223
1786743900,zone2-living-rm-gw-temp,2223
1786743901,zone5-living-rm-fancoil-heat-call,0
1786743960,zone2-living-rm-gw-temp,2223
1786744020,zone2-living-rm-gw-temp,2224
1786744080,zone2-living-rm-gw-temp,2223
1786744140,zone2-living-rm-gw-temp,2224
1786744200,zone2-living-rm-gw-temp,2225
1786744201,zone5-living-rm-fancoil-heat-call,0
1786744260,zone2-living-rm-gw-temp,2223
1786744320,zone2-living-rm-gw-temp,2223
1786744380,zone2-living-rm-gw-temp,2224
1786744440,zone2-living-rm-gw-temp,2226
1786744500,zone2-living-rm-gw-temp,2224
1786744501,zone5-living-rm-fancoil-heat-call,0
1786744560,zone2-living-rm-gw-temp,2227
1786744620,zone2-living-rm-gw-temp,2228
1786744680,zone2-living-rm-gw-temp,2227
1786744740,zone2-living-rm-gw-temp,2226
1786744800,zone2-living-rm-gw-temp,2227
1786744801,zone5-living-rm-fancoil-heat-call,0
1786744860,zone2-living-rm-gw-temp,2227
1786744920,zone2-living-rm-gw-temp,2227
1786744980,zone2-living-rm-gw-temp,2226
1786745040,zone2-living-rm-gw-temp,2227
1786745100,zone2-living-rm-gw-temp,2228
1786745101,zone5-living-rm-fancoil-heat-call,0
1786745160,zone2-living-rm-gw-temp,2227
1786745220,zone2-living-rm-gw-temp,2226
1786745280,zone2-living-rm-gw-temp,2227
1786745340,zone2-living-rm-gw-temp,2227
1786745400,zone2-living-rm-gw-temp,2227
1786745401,zone5-living-rm-fancoil-heat-call,0
1786745460,zone2-living-rm-gw-temp,2228
1786745520,zone2-living-rm-gw-temp,2228
1786745580,zone2-living-rm-gw-temp,2227
1786745640,zone2-living-rm-gw-temp,2229
1786745700,zone2-living-rm-gw-temp,2229
1786745701,zone5-living-rm-fancoil-heat-call,0
1786745760,zone2-living-rm-gw-temp,2232
1786745820,zone2-living-rm-gw-temp,2231
1786745880,zone2-living-rm-gw-temp,2231
1786745940,zone2-living-rm-gw-temp,2230
1786746000,zone2-living-rm-gw-temp,2228
1786746001,zone5-living-rm-fancoil-heat-call,0
1786746060,zone2-living-rm-gw-temp,2229
1786746120,zone2-living-rm-gw-temp,2232
1786746180,zone2-living-rm-gw-temp,2231
1786746240,zone2-living-rm-gw-temp,2231
1786746300,zone2-living-rm-gw-temp,2233
1786746301,zone5-living-rm-fancoil-heat-call,0
1786746360,zone2-living-rm-gw-temp,2231
1786746420,zone2-living-rm-gw-temp,2231
1786746480,zone2-living-rm-gw-temp,2232
1786746540,zone2-living-rm-gw-temp,2231
1786746600,zone2-living-rm-gw-temp,2231
1786746601,zone5-living-rm-fancoil-heat-call,0
1786746660,zone2-living-rm-gw-temp,2231
1786746720,zone2-living-rm-gw-temp,2231
1786746780,zone2-living-rm-gw-temp,2231
1786746840,zone2-living-rm-gw-temp,2233
1786746900,zone2-living-rm-gw-temp,2233
1786746901,zone5-living-rm-fancoil-heat-call,0
1786746960,zone2-living-rm-gw-temp,2236
1786747020,zone2-living-rm-gw-temp,2235
1786747080,zone2-living-rm-gw-temp,2235
1786747140,zone2-living-rm-gw-temp,2235
1786747343,zone2-living-rm-gw-temp,2236
1786747343,zone5-living-rm-fancoil-heat-call,0
1786747380,zone2-living-rm-gw-temp,2234
1786747440,zone2-living-rm-gw-temp,2234
1786747500,zone2-living-rm-gw-temp,2234
1786747501,zone5-living-rm-fancoil-heat-call,0
1786747560,zone2-living-rm-gw-temp,2234
1786747620,zone2-living-rm-gw-temp,2234
1786747680,zone2-living-rm-gw-temp,2236
1786747740,zone2-living-rm-gw-temp,2236
1786747800,zone2-living-rm-gw-temp,2238
1786747801,zone5-living-rm-fancoil-heat-call,0
1786747860,zone2-living-rm-gw-temp,2239
1786747920,zone2-living-rm-gw-temp,2240
1786747980,zone2-living-rm-gw-temp,2240
1786748040,zone2-living-rm-gw-temp,2241
1786748100,zone2-living-rm-gw-temp,2245
1786748101,zone5-living-rm-fancoil-heat-call,0
1786748160,zone2-living-rm-gw-temp,2245
1786748220,zone2-living-rm-gw-temp,2247
1786748280,zone2-living-rm-gw-temp,2248
1786748340,zone2-living-rm-gw-temp,2251
1786748400,zone2-living-rm-gw-temp,2254
1786748401,zone5-living-rm-fancoil-heat-call,0
1786748460,zone2-living-rm-gw-temp,2255
1786748520,zone2-living-rm-gw-temp,2257
1786748580,zone2-living-rm-gw-temp,2258
1786748640,zone2-living-rm-gw-temp,2259
1786748700,zone2-living-rm-gw-temp,2257
1786748701,zone5-living-rm-fancoil-heat-call,0
1786748760,zone2-living-rm-gw-temp,2263
1786748820,zone2-living-rm-gw-temp,2269
1786748880,zone2-living-rm-gw-temp,2271
1786748940,zone2-living-rm-gw-temp,2269
1786749000,zone2-living-rm-gw-temp,2267
1786749001,zone5-living-rm-fancoil-heat-call,0
1786749060,zone2-living-rm-gw-temp,2267
1786749120,zone2-living-rm-gw-temp,2267
1786749180,zone2-living-rm-gw-temp,2269
1786749240,zone2-living-rm-gw-temp,2268
1786749300,zone2-living-rm-gw-temp,2264
1786749301,zone5-living-rm-fancoil-heat-call,0
1786749360,zone2-living-rm-gw-temp,2266
1786749420,zone2-living-rm-gw-temp,2267
1786749480,zone2-living-rm-gw-temp,2266
1786749540,zone2-living-rm-gw-temp,2268
1786749600,zone2-living-rm-gw-temp,2270
1786749601,zone5-living-rm-fancoil-heat-call,0
1786749660,zone2-living-rm-gw-temp,2271
1786749720,zone2-living-rm-gw-temp,2271
1786749780,zone2-living-rm-gw-temp,2272
1786749840,zone2-living-rm-gw-temp,2273
1786749900,zone2-living-rm-gw-temp,2271
1786749901,zone5-living-rm-fancoil-heat-call,0
1786749960,zone2-living-rm-gw-temp,2276
1786750020,zone2-living-rm-gw-temp,2276
1786750080,zone2-living-rm-gw-temp,2277
1786750140,zone2-living-rm-gw-temp,2279
1786750200,zone2-living-rm-gw-temp,2279
1786750201,zone5-living-rm-fancoil-heat-call,0
1786750260,zone2-living-rm-gw-temp,2280
1786750320,zone2-living-rm-gw-temp,2281
1786750380,zone2-living-rm-gw-temp,2281
1786750440,zone2-living-rm-gw-temp,2282
1786750466,zone2-living-rm-gw-temp,2286
1786750500,zone2-living-rm-gw-temp,2282
1786750501,zone5-living-rm-fancoil-heat-call,0
1786750560,zone2-living-rm-gw-temp,2281
1786750620,zone2-living-rm-gw-temp,2287
1786750680,zone2-living-rm-gw-temp,2288
1786750740,zone2-living-rm-gw-temp,2288
1786750800,zone2-living-rm-gw-temp,2290
1786750801,zone5-living-rm-fancoil-heat-call,0
1786750860,zone2-living-rm-gw-temp,2292
1786750920,zone2-living-rm-gw-temp,2296
1786750980,zone2-living-rm-gw-temp,2298
1786751040,zone2-living-rm-gw-temp,2302
1786751100,zone2-living-rm-gw-temp,2300
1786751101,zone5-living-rm-fancoil-heat-call,0
1786751160,zone2-living-rm-gw-temp,2309
1786751220,zone2-living-rm-gw-temp,2316
1786751280,zone2-living-rm-gw-temp,2321
1786751340,zone2-living-rm-gw-temp,2328
1786751400,zone2-living-rm-gw-temp,2333
1786751401,zone5-living-rm-fancoil-heat-call,0
1786751420,zone2-living-rm-gw-temp,2336
1786751460,zone2-living-rm-gw-temp,2337
1786751520,zone2-living-rm-gw-temp,2340
1786751580,zone2-living-rm-gw-temp,2345
1786751640,zone2-living-rm-gw-temp,2348
1786751700,zone2-living-rm-gw-temp,2355
1786751701,zone5-living-rm-fancoil-heat-call,0
1786751760,zone2-living-rm-gw-temp,2356
1786751820,zone2-living-rm-gw-temp,2353
1786751880,zone2-living-rm-gw-temp,2352
1786751940,zone2-living-rm-gw-temp,2354
1786752000,zone2-living-rm-gw-temp,2356
1786752001,zone5-living-rm-fancoil-heat-call,0
1786752060,zone2-living-rm-gw-temp,2359
1786752120,zone2-living-rm-gw-temp,2361
1786752180,zone2-living-rm-gw-temp,2362
1786752240,zone2-living-rm-gw-temp,2366
1786752300,zone2-living-rm-gw-temp,2367
1786752301,zone5-living-rm-fancoil-heat-call,0
1786752360,zone2-living-rm-gw-temp,2371
1786752420,zone2-living-rm-gw-temp,2373
1786752480,zone2-living-rm-gw-temp,2375
1786752540,zone2-living-rm-gw-temp,2377
1786752600,zone2-living-rm-gw-temp,2379
1786752601,zone5-living-rm-fancoil-heat-call,0
1786752660,zone2-living-rm-gw-temp,2381
1786752691,zone2-living-rm-gw-temp,2386
1786752720,zone2-living-rm-gw-temp,2384
1786752780,zone2-living-rm-gw-temp,2383
1786752840,zone2-living-rm-gw-temp,2386
1786752900,zone2-living-rm-gw-temp,2387
1786752901,zone5-living-rm-fancoil-heat-call,0
1786752960,zone2-living-rm-gw-temp,2394
1786753020,zone2-living-rm-gw-temp,2394
1786753080,zone2-living-rm-gw-temp,2396
1786753140,zone2-living-rm-gw-temp,2396
1786753200,zone2-living-rm-gw-temp,2399
1786753201,zone5-living-rm-fancoil-heat-call,0
1786753260,zone2-living-rm-gw-temp,2403
1786753320,zone2-living-rm-gw-temp,2402
1786753380,zone2-living-rm-gw-temp,2403
1786753440,zone2-living-rm-gw-temp,2402
1786753500,zone2-living-rm-gw-temp,2405
1786753501,zone5-living-rm-fancoil-heat-call,0
1786753560,zone2-living-rm-gw-temp,2408
1786753620,zone2-living-rm-gw-temp,2413
1786753680,zone2-living-rm-gw-temp,2408
1786753740,zone2-living-rm-gw-temp,2408
1786753800,zone2-living-rm-gw-temp,2410
1786753801,zone5-living-rm-fancoil-heat-call,0
1786753860,zone2-living-rm-gw-temp,2410
1786753920,zone2-living-rm-gw-temp,2413
1786753980,zone2-living-rm-gw-temp,2417
1786754040,zone2-living-rm-gw-temp,2418
1786754100,zone2-living-rm-gw-temp,2422
1786754101,zone5-living-rm-fancoil-heat-call,0
1786754160,zone2-living-rm-gw-temp,2416
1786754220,zone2-living-rm-gw-temp,2419
1786754280,zone2-living-rm-gw-temp,2421
1786754340,zone2-living-rm-gw-temp,2423
1786754400,zone2-living-rm-gw-temp,2426
1786754401,zone5-living-rm-fancoil-heat-call,0
1786754460,zone2-living-rm-gw-temp,2429
1786754520,zone2-living-rm-gw-temp,2432
1786754576,zone2-living-rm-gw-temp,2436
1786754580,zone2-living-rm-gw-temp,2436
1786754640,zone2-living-rm-gw-temp,2439
1786754700,zone2-living-rm-gw-temp,2442
1786754701,zone5-living-rm-fancoil-heat-call,0
1786754760,zone2-living-rm-gw-temp,2439
1786754820,zone2-living-rm-gw-temp,2442
1786754880,zone2-living-rm-gw-temp,2443
1786754940,zone2-living-rm-gw-temp,2446
1786755000,zone2-living-rm-gw-temp,2446
1786755001,zone5-living-rm-fancoil-heat-call,0
1786755060,zone2-living-rm-gw-temp,2443
1786755120,zone2-living-rm-gw-temp,2443
1786755180,zone2-living-rm-gw-temp,2440
1786755240,zone2-living-rm-gw-temp,2438
1786755300,zone2-living-rm-gw-temp,2439
1786755301,zone5-living-rm-fancoil-heat-call,0
1786755360,zone2-living-rm-gw-temp,2439
1786755420,zone2-living-rm-gw-temp,2441
1786755480,zone2-living-rm-gw-temp,2440
1786755540,zone2-living-rm-gw-temp,2442
1786755600,zone2-living-rm-gw-temp,2442
1786755601,zone5-living-rm-fancoil-heat-call,0
1786755660,zone2-living-rm-gw-temp,2446
1786755720,zone2-living-rm-gw-temp,2446
1786755780,zone2-living-rm-gw-temp,2440
1786755840,zone2-living-rm-gw-temp,2436
1786755900,zone2-living-rm-gw-temp,2433
1786755901,zone5-living-rm-fancoil-heat-call,0
1786755960,zone2-living-rm-gw-temp,2431
1786756020,zone2-living-rm-gw-temp,2429
1786756080,zone2-living-rm-gw-temp,2427
1786756140,zone2-living-rm-gw-temp,2424
1786756200,zone2-living-rm-gw-temp,2423
1786756201,zone5-living-rm-fancoil-heat-call,0
1786756260,zone2-living-rm-gw-temp,2423
1786756320,zone2-living-rm-gw-temp,2423
1786756380,zone2-living-rm-gw-temp,2422
1786756440,zone2-living-rm-gw-temp,2420
1786756500,zone2-living-rm-gw-temp,2420
1786756501,zone5-living-rm-fancoil-heat-call,0
1786756560,zone2-living-rm-gw-temp,2420
1786756620,zone2-living-rm-gw-temp,2420
1786756680,zone2-living-rm-gw-temp,2417
1786756740,zone2-living-rm-gw-temp,2417
1786756800,zone2-living-rm-gw-temp,2417
1786756801,zone5-living-rm-fancoil-heat-call,0
1786756860,zone2-living-rm-gw-temp,2417
1786756920,zone2-living-rm-gw-temp,2413
1786756980,zone2-living-rm-gw-temp,2412
1786757040,zone2-living-rm-gw-temp,2411
1786757100,zone2-living-rm-gw-temp,2410
1786757101,zone5-living-rm-fancoil-heat-call,0
1786757160,zone2-living-rm-gw-temp,2409
1786757220,zone2-living-rm-gw-temp,2407
1786757280,zone2-living-rm-gw-temp,2408
1786757340,zone2-living-rm-gw-temp,2409
1786757400,zone2-living-rm-gw-temp,2407
1786757401,zone5-living-rm-fancoil-heat-call,0
1786757460,zone2-living-rm-gw-temp,2410
1786757520,zone2-living-rm-gw-temp,2411
1786757580,zone2-living-rm-gw-temp,2409
1786757640,zone2-living-rm-gw-temp,2409
1786757700,zone2-living-rm-gw-temp,2410
1786757701,zone5-living-rm-fancoil-heat-call,0
1786757760,zone2-living-rm-gw-temp,2410
1786757820,zone2-living-rm-gw-temp,2410
1786757880,zone2-living-rm-gw-temp,2407
1786757940,zone2-living-rm-gw-temp,2407
1786758000,zone2-living-rm-gw-temp,2406
1786758001,zone5-living-rm-fancoil-heat-call,0
1786758060,zone2-living-rm-gw-temp,2404
1786758120,zone2-living-rm-gw-temp,2403
1786758180,zone2-living-rm-gw-temp,2407
1786758240,zone2-living-rm-gw-temp,2405
1786758300,zone2-living-rm-gw-temp,2406
1786758301,zone5-living-rm-fancoil-heat-call,0
1786758360,zone2-living-rm-gw-temp,2405
1786758420,zone2-living-rm-gw-temp,2405
1786758480,zone2-living-rm-gw-temp,2406
1786758540,zone2-living-rm-gw-temp,2407
1786758600,zone2-living-rm-gw-temp,2406
1786758601,zone5-living-rm-fancoil-heat-call,0
1786758660,zone2-living-rm-gw-temp,2404
1786758720,zone2-living-rm-gw-temp,2403
1786758780,zone2-living-rm-gw-temp,2405
1786758840,zone2-living-rm-gw-temp,2406
1786758900,zone2-living-rm-gw-temp,2404
1786758901,zone5-living-rm-fancoil-heat-call,0
1786758960,zone2-living-rm-gw-temp,2405
1786759020,zone2-living-rm-gw-temp,2405
1786759080,zone2-living-rm-gw-temp,2403
1786759140,zone2-living-rm-gw-temp,2407
1786759200,zone2-living-rm-gw-temp,2408
1786759201,zone5-living-rm-fancoil-heat-call,0
1786759260,zone2-living-rm-gw-temp,2408
1786759320,zone2-living-rm-gw-temp,2407
1786759380,zone2-living-rm-gw-temp,2412
1786759440,zone2-living-rm-gw-temp,2411
1786759500,zone2-living-rm-gw-temp,2411
1786759501,zone5-living-rm-fancoil-heat-call,0
1786759560,zone2-living-rm-gw-temp,2410
1786759620,zone2-living-rm-gw-temp,2413
1786759680,zone2-living-rm-gw-temp,2414
1786759740,zone2-living-rm-gw-temp,2415
1786759800,zone2-living-rm-gw-temp,2414
1786759801,zone5-living-rm-fancoil-heat-call,0
1786759860,zone2-living-rm-gw-temp,2416
1786759920,zone2-living-rm-gw-temp,2415
1786759980,zone2-living-rm-gw-temp,2417
1786760040,zone2-living-rm-gw-temp,2420
1786760100,zone2-living-rm-gw-temp,2422
1786760101,zone5-living-rm-fancoil-heat-call,0
1786760160,zone2-living-rm-gw-temp,2420
1786760220,zone2-living-rm-gw-temp,2421
1786760280,zone2-living-rm-gw-temp,2420
1786760340,zone2-living-rm-gw-temp,2422
1786760400,zone2-living-rm-gw-temp,2423
1786760401,zone5-living-rm-fancoil-heat-call,0
1786760460,zone2-living-rm-gw-temp,2423
1786760520,zone2-living-rm-gw-temp,2427
1786760580,zone2-living-rm-gw-temp,2423
1786760640,zone2-living-rm-gw-temp,2429
1786760700,zone2-living-rm-gw-temp,2429
1786760701,zone5-living-rm-fancoil-heat-call,0
1786760760,zone2-living-rm-gw-temp,2430
1786760820,zone2-living-rm-gw-temp,2430
1786760880,zone2-living-rm-gw-temp,2430
1786760940,zone2-living-rm-gw-temp,2426
1786761000,zone2-living-rm-gw-temp,2430
1786761001,zone5-living-rm-fancoil-heat-call,0
1786761060,zone2-living-rm-gw-temp,2431
1786761120,zone2-living-rm-gw-temp,2431
1786761180,zone2-living-rm-gw-temp,2431
1786761240,zone2-living-rm-gw-temp,2432
1786761300,zone2-living-rm-gw-temp,2432
1786761301,zone5-living-rm-fancoil-heat-call,0
1786761360,zone2-living-rm-gw-temp,2433
1786761420,zone2-living-rm-gw-temp,2433
1786761480,zone2-living-rm-gw-temp,2433
1786761540,zone2-living-rm-gw-temp,2435
1786761600,zone2-living-rm-gw-temp,2434
1786761601,zone5-living-rm-fancoil-heat-call,0
1786761660,zone2-living-rm-gw-temp,2436
1786761720,zone2-living-rm-gw-temp,2433
1786761780,zone2-living-rm-gw-temp,2435
1786761840,zone2-living-rm-gw-temp,2435
1786761900,zone2-living-rm-gw-temp,2433
1786761901,zone5-living-rm-fancoil-heat-call,0
1786761960,zone2-living-rm-gw-temp,2434
1786762020,zone2-living-rm-gw-temp,2433
1786762080,zone2-living-rm-gw-temp,2436
1786762140,zone2-living-rm-gw-temp,2434
1786762200,zone2-living-rm-gw-temp,2435
1786762201,zone5-living-rm-fancoil-heat-call,0
1786762260,zone2-living-rm-gw-temp,2435
1786762320,zone2-living-rm-gw-temp,2432
1786762380,zone2-living-rm-gw-temp,2429
1786762440,zone2-living-rm-gw-temp,2427
1786762500,zone2-living-rm-gw-temp,2428
1786762501,zone5-living-rm-fancoil-heat-call,0
1786762560,zone2-living-rm-gw-temp,2427
1786762620,zone2-living-rm-gw-temp,2428
1786762680,zone2-living-rm-gw-temp,2429
1786762740,zone2-living-rm-gw-temp,2425
1786762800,zone2-living-rm-gw-temp,2427
1786762801,zone5-living-rm-fancoil-heat-call,0
1786762860,zone2-living-rm-gw-temp,2425
1786762920,zone2-living-rm-gw-temp,2423
1786762980,zone2-living-rm-gw-temp,2426
1786763040,zone2-living-rm-gw-temp,2426
1786763100,zone2-living-rm-gw-temp,2426
1786763101,zone5-living-rm-fancoil-heat-call,0
1786763160,zone2-living-rm-gw-temp,2425
1786763220,zone2-living-rm-gw-temp,2423
1786763280,zone2-living-rm-gw-temp,2423
1786763340,zone2-living-rm-gw-temp,2421
1786763400,zone2-living-rm-gw-temp,2421
1786763401,zone5-living-rm-fancoil-heat-call,0
1786763460,zone2-living-rm-gw-temp,2419
1786763520,zone2-living-rm-gw-temp,2418
1786763580,zone2-living-rm-gw-temp,2418
1786763640,zone2-living-rm-gw-temp,2416
1786763700,zone2-living-rm-gw-temp,2416
1786763701,zone5-living-rm-fancoil-heat-call,0
1786763760,zone2-living-rm-gw-temp,2416
1786763820,zone2-living-rm-gw-temp,2413
1786763880,zone2-living-rm-gw-temp,2415
1786763940,zone2-living-rm-gw-temp,2414
1786764000,zone2-living-rm-gw-temp,2413
1786764001,zone5-living-rm-fancoil-heat-call,0
1786764060,zone2-living-rm-gw-temp,2413
1786764120,zone2-living-rm-gw-temp,2411
1786764180,zone2-living-rm-gw-temp,2413
1786764240,zone2-living-rm-gw-temp,2412
1786764300,zone2-living-rm-gw-temp,2410
1786764301,zone5-living-rm-fancoil-heat-call,0
1786764360,zone2-living-rm-gw-temp,2411
1786764420,zone2-living-rm-gw-temp,2412
1786764480,zone2-living-rm-gw-temp,2407
1786764540,zone2-living-rm-gw-temp,2409
1786764600,zone2-living-rm-gw-temp,2406
1786764601,zone5-living-rm-fancoil-heat-call,0
1786764660,zone2-living-rm-gw-temp,2410
1786764720,zone2-living-rm-gw-temp,2410
1786764780,zone2-living-rm-gw-temp,2409
1786764840,zone2-living-rm-gw-temp,2407
1786764900,zone2-living-rm-gw-temp,2410
1786764901,zone5-living-rm-fancoil-heat-call,0
1786764960,zone2-living-rm-gw-temp,2410
1786765020,zone2-living-rm-gw-temp,2410
1786765080,zone2-living-rm-gw-temp,2411
1786765140,zone2-living-rm-gw-temp,2407
1786765200,zone2-living-rm-gw-temp,2402
1786765201,zone5-living-rm-fancoil-heat-call,0
1786765260,zone2-living-rm-gw-temp,2401
1786765320,zone2-living-rm-gw-temp,2400
1786765380,zone2-living-rm-gw-temp,2396
1786765440,zone2-living-rm-gw-temp,2395
1786765500,zone2-living-rm-gw-temp,2396
1786765501,zone5-living-rm-fancoil-heat-call,0
1786765560,zone2-living-rm-gw-temp,2395
1786765620,zone2-living-rm-gw-temp,2392
1786765680,zone2-living-rm-gw-temp,2391
1786765740,zone2-living-rm-gw-temp,2388
1786765790,zone2-living-rm-gw-temp,2386
1786765800,zone2-living-rm-gw-temp,2388
1786765801,zone5-living-rm-fancoil-heat-call,0
1786765860,zone2-living-rm-gw-temp,2386
1786765920,zone2-living-rm-gw-temp,2386
1786765980,zone2-living-rm-gw-temp,2381
1786766040,zone2-living-rm-gw-temp,2383
1786766100,zone2-living-rm-gw-temp,2381
1786766101,zone5-living-rm-fancoil-heat-call,0
1786766160,zone2-living-rm-gw-temp,2381
1786766220,zone2-living-rm-gw-temp,2378
1786766280,zone2-living-rm-gw-temp,2379
1786766340,zone2-living-rm-gw-temp,2376
1786766400,zone2-living-rm-gw-temp,2373
1786766401,zone5-living-rm-fancoil-heat-call,0
1786766460,zone2-living-rm-gw-temp,2374
1786766520,zone2-living-rm-gw-temp,2373
1786766580,zone2-living-rm-gw-temp,2370
1786766640,zone2-living-rm-gw-temp,2372
1786766700,zone2-living-rm-gw-temp,2368
1786766701,zone5-living-rm-fancoil-heat-call,0
1786766760,zone2-living-rm-gw-temp,2366
1786766820,zone2-living-rm-gw-temp,2366
1786766880,zone2-living-rm-gw-temp,2366
1786766940,zone2-living-rm-gw-temp,2365
1786767000,zone2-living-rm-gw-temp,2363
1786767001,zone5-living-rm-fancoil-heat-call,0
1786767060,zone2-living-rm-gw-temp,2363
1786767120,zone2-living-rm-gw-temp,2361
1786767180,zone2-living-rm-gw-temp,2361
1786767240,zone2-living-rm-gw-temp,2359
1786767300,zone2-living-rm-gw-temp,2360
1786767301,zone5-living-rm-fancoil-heat-call,0
1786767360,zone2-living-rm-gw-temp,2356
1786767420,zone2-living-rm-gw-temp,2357
1786767480,zone2-living-rm-gw-temp,2356
1786767540,zone2-living-rm-gw-temp,2356
1786767600,zone2-living-rm-gw-temp,2354
1786767601,zone5-living-rm-fancoil-heat-call,0
1786767660,zone2-living-rm-gw-temp,2355
1786767720,zone2-living-rm-gw-temp,2353
1786767780,zone2-living-rm-gw-temp,2353
1786767840,zone2-living-rm-gw-temp,2353
1786767900,zone2-living-rm-gw-temp,2351
1786767901,zone5-living-rm-fancoil-heat-call,0
1786767960,zone2-living-rm-gw-temp,2351
1786768020,zone2-living-rm-gw-temp,2349
1786768080,zone2-living-rm-gw-temp,2348
1786768140,zone2-living-rm-gw-temp,2349
1786768200,zone2-living-rm-gw-temp,2348
1786768201,zone5-living-rm-fancoil-heat-call,0
1786768260,zone2-living-rm-gw-temp,2346
1786768320,zone2-living-rm-gw-temp,2345
1786768380,zone2-living-rm-gw-temp,2346
1786768440,zone2-living-rm-gw-temp,2346
1786768500,zone2-living-rm-gw-temp,2345
1786768501,zone5-living-rm-fancoil-heat-call,0
1786768560,zone2-living-rm-gw-temp,2345
1786768620,zone2-living-rm-gw-temp,2343
1786768680,zone2-living-rm-gw-temp,2343
1786768740,zone2-living-rm-gw-temp,2343
1786768800,zone2-living-rm-gw-temp,2340
1786768801,zone5-living-rm-fancoil-heat-call,0
1786768860,zone2-living-rm-gw-temp,2342
1786768920,zone2-living-rm-gw-temp,2343
1786768980,zone2-living-rm-gw-temp,2339
1786769040,zone2-living-rm-gw-temp,2341
1786769100,zone2-living-rm-gw-temp,2341
1786769101,zone5-living-rm-fancoil-heat-call,0
1786769160,zone2-living-rm-gw-temp,2339
1786769207,zone2-living-rm-gw-temp,2336
1786769220,zone2-living-rm-gw-temp,2339
1786769280,zone2-living-rm-gw-temp,2339
1786769340,zone2-living-rm-gw-temp,2337
1786769400,zone2-living-rm-gw-temp,2336
1786769401,zone5-living-rm-fancoil-heat-call,0
1786769460,zone2-living-rm-gw-temp,2337
1786769520,zone2-living-rm-gw-temp,2335
1786769580,zone2-living-rm-gw-temp,2334
1786769640,zone2-living-rm-gw-temp,2335
1786769700,zone2-living-rm-gw-temp,2334
1786769701,zone5-living-rm-fancoil-heat-call,0
1786769760,zone2-living-rm-gw-temp,2335
1786769820,zone2-living-rm-gw-temp,2332
1786769880,zone2-living-rm-gw-temp,2332
1786769940,zone2-living-rm-gw-temp,2329
1786770000,zone2-living-rm-gw-temp,2333
1786770001,zone5-living-rm-fancoil-heat-call,0
1786770060,zone2-living-rm-gw-temp,2330
1786770120,zone2-living-rm-gw-temp,2329
1786770180,zone2-living-rm-gw-temp,2327
1786770240,zone2-living-rm-gw-temp,2326
1786770300,zone2-living-rm-gw-temp,2326
1786770301,zone5-living-rm-fancoil-heat-call,0
1786770360,zone2-living-rm-gw-temp,2326
1786770420,zone2-living-rm-gw-temp,2325
1786770480,zone2-living-rm-gw-temp,2323
1786770540,zone2-living-rm-gw-temp,2321
1786770600,zone2-living-rm-gw-temp,2321
1786770601,zone5-living-rm-fancoil-heat-call,0
1786770660,zone2-living-rm-gw-temp,2320
1786770720,zone2-living-rm-gw-temp,2321
1786770780,zone2-living-rm-gw-temp,2321
1786770840,zone2-living-rm-gw-temp,2319
1786770900,zone2-living-rm-gw-temp,2319
1786770901,zone5-living-rm-fancoil-heat-call,0
1786770960,zone2-living-rm-gw-temp,2319
1786771020,zone2-living-rm-gw-temp,2318
1786771080,zone2-living-rm-gw-temp,2318
1786771140,zone2-living-rm-gw-temp,2320
1786771200,zone2-living-rm-gw-temp,2317
1786771201,zone5-living-rm-fancoil-heat-call,0
1786771260,zone2-living-rm-gw-temp,2318
1786771320,zone2-living-rm-gw-temp,2316
1786771380,zone2-living-rm-gw-temp,2315
1786771440,zone2-living-rm-gw-temp,2315
1786771500,zone2-living-rm-gw-temp,2315
1786771501,zone5-living-rm-fancoil-heat-call,0
1786771560,zone2-living-rm-gw-temp,2315
1786771620,zone2-living-rm-gw-temp,2316
1786771680,zone2-living-rm-gw-temp,2316
1786771740,zone2-living-rm-gw-temp,2313
1786771800,zone2-living-rm-gw-temp,2313
1786771801,zone5-living-rm-fancoil-heat-call,0
1786771860,zone2-living-rm-gw-temp,2311
1786771920,zone2-living-rm-gw-temp,2312
1786771980,zone2-living-rm-gw-temp,2312
1786772040,zone2-living-rm-gw-temp,2312
1786772100,zone2-living-rm-gw-temp,2312
1786772101,zone5-living-rm-fancoil-heat-call,0
1786772160,zone2-living-rm-gw-temp,2309
1786772220,zone2-living-rm-gw-temp,2310
1786772280,zone2-living-rm-gw-temp,2307
1786772340,zone2-living-rm-gw-temp,2306
1786772400,zone2-living-rm-gw-temp,2309
1786772401,zone5-living-rm-fancoil-heat-call,0
1786772460,zone2-living-rm-gw-temp,2306
1786772520,zone2-living-rm-gw-temp,2307
1786772580,zone2-living-rm-gw-temp,2305
1786772640,zone2-living-rm-gw-temp,2304
1786772700,zone2-living-rm-gw-temp,2305
1786772701,zone5-living-rm-fancoil-heat-call,0
1786772760,zone2-living-rm-gw-temp,2306
1786772820,zone2-living-rm-gw-temp,2304
1786772880,zone2-living-rm-gw-temp,2304
1786772940,zone2-living-rm-gw-temp,2302
1786773000,zone2-living-rm-gw-temp,2303
1786773001,zone5-living-rm-fancoil-heat-call,0
1786773060,zone2-living-rm-gw-temp,2301
1786773120,zone2-living-rm-gw-temp,2302
1786773180,zone2-living-rm-gw-temp,2301
1786773240,zone2-living-rm-gw-temp,2301
1786773300,zone2-living-rm-gw-temp,2300
1786773301,zone5-living-rm-fancoil-heat-call,0
1786773360,zone2-living-rm-gw-temp,2298
1786773420,zone2-living-rm-gw-temp,2297
1786773480,zone2-living-rm-gw-temp,2297
1786773540,zone2-living-rm-gw-temp,2298
1786773600,zone2-living-rm-gw-temp,2299
1786773601,zone5-living-rm-fancoil-heat-call,0
1786773660,zone2-living-rm-gw-temp,2295
1786773720,zone2-living-rm-gw-temp,2297
1786773780,zone2-living-rm-gw-temp,2295
1786773840,zone2-living-rm-gw-temp,2294
1786773900,zone2-living-rm-gw-temp,2294
1786773901,zone5-living-rm-fancoil-heat-call,0
1786773960,zone2-living-rm-gw-temp,2296
1786774020,zone2-living-rm-gw-temp,2295
1786774080,zone2-living-rm-gw-temp,2294
1786774140,zone2-living-rm-gw-temp,2293
1786774200,zone2-living-rm-gw-temp,2293
1786774201,zone5-living-rm-fancoil-heat-call,0
1786774260,zone2-living-rm-gw-temp,2292
1786774320,zone2-living-rm-gw-temp,2291
1786774380,zone2-living-rm-gw-temp,2293
1786774440,zone2-living-rm-gw-temp,2293
1786774500,zone2-living-rm-gw-temp,2293
1786774501,zone5-living-rm-fancoil-heat-call,0
1786774560,zone2-living-rm-gw-temp,2290
1786774620,zone2-living-rm-gw-temp,2289
1786774680,zone2-living-rm-gw-temp,2288
1786774740,zone2-living-rm-gw-temp,2289
1786774777,zone2-living-rm-gw-temp,2286
1786774800,zone2-living-rm-gw-temp,2287
1786774801,zone5-living-rm-fancoil-heat-call,0
1786774860,zone2-living-rm-gw-temp,2289
1786774920,zone2-living-rm-gw-temp,2288
1786774980,zone2-living-rm-gw-temp,2288
1786775040,zone2-living-rm-gw-temp,2287
1786775100,zone2-living-rm-gw-temp,2287
1786775101,zone5-living-rm-fancoil-heat-call,0
1786775160,zone2-living-rm-gw-temp,2285
1786775220,zone2-living-rm-gw-temp,2285
1786775280,zone2-living-rm-gw-temp,2285
1786775340,zone2-living-rm-gw-temp,2286
1786775400,zone2-living-rm-gw-temp,2283
1786775401,zone5-living-rm-fancoil-heat-call,0
1786775460,zone2-living-rm-gw-temp,2285
1786775520,zone2-living-rm-gw-temp,2283
1786775580,zone2-living-rm-gw-temp,2282
1786775640,zone2-living-rm-gw-temp,2281
1786775700,zone2-living-rm-gw-temp,2281
1786775701,zone5-living-rm-fancoil-heat-call,0
1786775760,zone2-living-rm-gw-temp,2281
1786775820,zone2-living-rm-gw-temp,2281
1786775880,zone2-living-rm-gw-temp,2281
1786775940,zone2-living-rm-gw-temp,2281
1786776000,zone2-living-rm-gw-temp,2280
1786776001,zone5-living-rm-fancoil-heat-call,0
1786776060,zone2-living-rm-gw-temp,2280
1786776120,zone2-living-rm-gw-temp,2279
1786776180,zone2-living-rm-gw-temp,2277
1786776240,zone2-living-rm-gw-temp,2276
1786776300,zone2-living-rm-gw-temp,2275
1786776301,zone5-living-rm-fancoil-heat-call,0
1786776360,zone2-living-rm-gw-temp,2278
1786776420,zone2-living-rm-gw-temp,2276
1786776480,zone2-living-rm-gw-temp,2274
1786776540,zone2-living-rm-gw-temp,2275
1786776600,zone2-living-rm-gw-temp,2275
1786776601,zone5-living-rm-fancoil-heat-call,0
1786776660,zone2-living-rm-gw-temp,2273
1786776720,zone2-living-rm-gw-temp,2273
1786776780,zone2-living-rm-gw-temp,2276
1786776840,zone2-living-rm-gw-temp,2275
1786776900,zone2-living-rm-gw-temp,2274
1786776901,zone5-living-rm-fancoil-heat-call,0
1786776960,zone2-living-rm-gw-temp,2271
1786777020,zone2-living-rm-gw-temp,2271
1786777080,zone2-living-rm-gw-temp,2271
1786777140,zone2-living-rm-gw-temp,2272
1786777200,zone2-living-rm-gw-temp,2272
1786777201,zone5-living-rm-fancoil-heat-call,0
1786777260,zone2-living-rm-gw-temp,2273
1786777320,zone2-living-rm-gw-temp,2272
1786777380,zone2-living-rm-gw-temp,2270
1786777440,zone2-living-rm-gw-temp,2268
1786777500,zone2-living-rm-gw-temp,2270
1786777501,zone5-living-rm-fancoil-heat-call,0
1786777560,zone2-living-rm-gw-temp,2268
1786777620,zone2-living-rm-gw-temp,2268
1786777680,zone2-living-rm-gw-temp,2266
1786777740,zone2-living-rm-gw-temp,2268
1786777800,zone2-living-rm-gw-temp,2266
1786777801,zone5-living-rm-fancoil-heat-call,0
1786777860,zone2-living-rm-gw-temp,2267
1786777920,zone2-living-rm-gw-temp,2266
1786777980,zone2-living-rm-gw-temp,2265
1786778040,zone2-living-rm-gw-temp,2264
1786778100,zone2-living-rm-gw-temp,2266
1786778101,zone5-living-rm-fancoil-heat-call,0
1786778160,zone2-living-rm-gw-temp,2266
1786778220,zone2-living-rm-gw-temp,2264
1786778280,zone2-living-rm-gw-temp,2265
1786778340,zone2-living-rm-gw-temp,2264
1786778400,zone2-living-rm-gw-temp,2264
1786778401,zone5-living-rm-fancoil-heat-call,0
1786778460,zone2-living-rm-gw-temp,2262
1786778520,zone2-living-rm-gw-temp,2261
1786778580,zone2-living-rm-gw-temp,2263
1786778640,zone2-living-rm-gw-temp,2263
1786778700,zone2-living-rm-gw-temp,2262
1786778701,zone5-living-rm-fancoil-heat-call,0
1786778760,zone2-living-rm-gw-temp,2261
1786778820,zone2-living-rm-gw-temp,2260
1786778880,zone2-living-rm-gw-temp,2259
1786778940,zone2-living-rm-gw-temp,2261
1786779000,zone2-living-rm-gw-temp,2261
1786779001,zone5-living-rm-fancoil-heat-call,0
1786779060,zone2-living-rm-gw-temp,2259
1786779120,zone2-living-rm-gw-temp,2258
1786779180,zone2-living-rm-gw-temp,2258
1786779240,zone2-living-rm-gw-temp,2259
1786779300,zone2-living-rm-gw-temp,2256
1786779301,zone5-living-rm-fancoil-heat-call,0
1786779360,zone2-living-rm-gw-temp,2257
1786779420,zone2-living-rm-gw-temp,2258
1786779480,zone2-living-rm-gw-temp,2258
1786779540,zone2-living-rm-gw-temp,2258
1786779600,zone2-living-rm-gw-temp,2258
1786779601,zone5-living-rm-fancoil-heat-call,0
1786779660,zone2-living-rm-gw-temp,2257
1786779720,zone2-living-rm-gw-temp,2256
1786779780,zone2-living-rm-gw-temp,2256
1786779840,zone2-living-rm-gw-temp,2256
1786779900,zone2-living-rm-gw-temp,2255
1786779901,zone5-living-rm-fancoil-heat-call,0
1786779960,zone2-living-rm-gw-temp,2257
1786780020,zone2-living-rm-gw-temp,2254
1786780080,zone2-living-rm-gw-temp,2253
1786780140,zone2-living-rm-gw-temp,2254
1786780200,zone2-living-rm-gw-temp,2254
1786780201,zone5-living-rm-fancoil-heat-call,0
1786780260,zone2-living-rm-gw-temp,2251
1786780320,zone2-living-rm-gw-temp,2251
1786780380,zone2-living-rm-gw-temp,2253
1786780440,zone2-living-rm-gw-temp,2253
1786780500,zone2-living-rm-gw-temp,2251
1786780501,zone5-living-rm-fancoil-heat-call,0
1786780560,zone2-living-rm-gw-temp,2252
1786780620,zone2-living-rm-gw-temp,2252
1786780680,zone2-living-rm-gw-temp,2251
1786780740,zone2-living-rm-gw-temp,2251
1786780800,zone2-living-rm-gw-temp,2251
1786780801,zone5-living-rm-fancoil-heat-call,0
1786780860,zone2-living-rm-gw-temp,2249
1786780920,zone2-living-rm-gw-temp,2249
1786780980,zone2-living-rm-gw-temp,2250
1786781040,zone2-living-rm-gw-temp,2250
1786781100,zone2-living-rm-gw-temp,2248
1786781101,zone5-living-rm-fancoil-heat-call,0
1786781160,zone2-living-rm-gw-temp,2249
1786781220,zone2-living-rm-gw-temp,2247
1786781280,zone2-living-rm-gw-temp,2247
1786781340,zone2-living-rm-gw-temp,2245
1786781400,zone2-living-rm-gw-temp,2246
1786781401,zone5-living-rm-fancoil-heat-call,0
1786781460,zone2-living-rm-gw-temp,2246
1786781520,zone2-living-rm-gw-temp,2248
1786781580,zone2-living-rm-gw-temp,2246
1786781640,zone2-living-rm-gw-temp,2246
1786781700,zone2-living-rm-gw-temp,2246
1786781701,zone5-living-rm-fancoil-heat-call,0
1786781760,zone2-living-rm-gw-temp,2246
1786781820,zone2-living-rm-gw-temp,2243
1786781880,zone2-living-rm-gw-temp,2244
1786781940,zone2-living-rm-gw-temp,2242
1786782000,zone2-living-rm-gw-temp,2243
1786782001,zone5-living-rm-fancoil-heat-call,0
1786782060,zone2-living-rm-gw-temp,2245
1786782120,zone2-living-rm-gw-temp,2243
1786782180,zone2-living-rm-gw-temp,2243
1786782240,zone2-living-rm-gw-temp,2242
1786782300,zone2-living-rm-gw-temp,2242
1786782301,zone5-living-rm-fancoil-heat-call,0
1786782360,zone2-living-rm-gw-temp,2242
1786782420,zone2-living-rm-gw-temp,2239
1786782480,zone2-living-rm-gw-temp,2240
1786782540,zone2-living-rm-gw-temp,2240
1786782600,zone2-living-rm-gw-temp,2239
1786782601,zone5-living-rm-fancoil-heat-call,0
1786782660,zone2-living-rm-gw-temp,2242
1786782720,zone2-living-rm-gw-temp,2240
1786782733,zone2-living-rm-gw-temp,2236
1786782780,zone2-living-rm-gw-temp,2239
1786782840,zone2-living-rm-gw-temp,2240
1786782900,zone2-living-rm-gw-temp,2240
1786782901,zone5-living-rm-fancoil-heat-call,0
1786782960,zone2-living-rm-gw-temp,2238
1786783020,zone2-living-rm-gw-temp,2238
1786783080,zone2-living-rm-gw-temp,2236
1786783140,zone2-living-rm-gw-temp,2236
1786783200,zone2-living-rm-gw-temp,2237
1786783201,zone5-living-rm-fancoil-heat-call,0
1786783260,zone2-living-rm-gw-temp,2235
1786783320,zone2-living-rm-gw-temp,2235
1786783380,zone2-living-rm-gw-temp,2233
1786783440,zone2-living-rm-gw-temp,2234
1786783500,zone2-living-rm-gw-temp,2234
1786783501,zone5-living-rm-fancoil-heat-call,0
1786783560,zone2-living-rm-gw-temp,2234
1786783620,zone2-living-rm-gw-temp,2235
1786783680,zone2-living-rm-gw-temp,2235
1786783740,zone2-living-rm-gw-temp,2235
1786783800,zone2-living-rm-gw-temp,2232
1786783801,zone5-living-rm-fancoil-heat-call,0
1786783860,zone2-living-rm-gw-temp,2233
1786783920,zone2-living-rm-gw-temp,2232
1786783980,zone2-living-rm-gw-temp,2232
1786784040,zone2-living-rm-gw-temp,2232
1786784100,zone2-living-rm-gw-temp,2230
1786784101,zone5-living-rm-fancoil-heat-call,0
1786784160,zone2-living-rm-gw-temp,2233
1786784220,zone2-living-rm-gw-temp,2231
1786784280,zone2-living-rm-gw-temp,2231
1786784340,zone2-living-rm-gw-temp,2231
1786784400,zone2-living-rm-gw-temp,2230
1786784401,zone5-living-rm-fancoil-heat-call,0
1786784460,zone2-living-rm-gw-temp,2228
1786784520,zone2-living-rm-gw-temp,2228
1786784580,zone2-living-rm-gw-temp,2230
1786784640,zone2-living-rm-gw-temp,2229
1786784700,zone2-living-rm-gw-temp,2230
1786784701,zone5-living-rm-fancoil-heat-call,0
1786784760,zone2-living-rm-gw-temp,2228
1786784820,zone2-living-rm-gw-temp,2227
1786784880,zone2-living-rm-gw-temp,2227
1786784940,zone2-living-rm-gw-temp,2227
1786785000,zone2-living-rm-gw-temp,2227
1786785001,zone5-living-rm-fancoil-heat-call,0
1786785060,zone2-living-rm-gw-temp,2225
1786785120,zone2-living-rm-gw-temp,2226
1786785180,zone2-living-rm-gw-temp,2225
1786785240,zone2-living-rm-gw-temp,2227
1786785300,zone2-living-rm-gw-temp,2225
1786785301,zone5-living-rm-fancoil-heat-call,0
1786785360,zone2-living-rm-gw-temp,2226
1786785420,zone2-living-rm-gw-temp,2227
1786785480,zone2-living-rm-gw-temp,2227
1786785540,zone2-living-rm-gw-temp,2225
1786785600,zone2-living-rm-gw-temp,2225
1786785601,zone5-living-rm-fancoil-heat-call,0
1786785660,zone2-living-rm-gw-temp,2224
1786785720,zone2-living-rm-gw-temp,2223
1786785780,zone2-living-rm-gw-temp,2223
1786785840,zone2-living-rm-gw-temp,2221
1786785900,zone2-living-rm-gw-temp,2220
1786785901,zone5-living-rm-fancoil-heat-call,0
1786785960,zone2-living-rm-gw-temp,2221
1786786020,zone2-living-rm-gw-temp,2222
1786786080,zone2-living-rm-gw-temp,2222
1786786140,zone2-living-rm-gw-temp,2222
1786786200,zone2-living-rm-gw-temp,2221
1786786201,zone5-living-rm-fancoil-heat-call,0
1786786260,zone2-living-rm-gw-temp,2221
1786786320,zone2-living-rm-gw-temp,2221
1786786380,zone2-living-rm-gw-temp,2219
1786786440,zone2-living-rm-gw-temp,2219
1786786500,zone2-living-rm-gw-temp,2218
1786786501,zone5-living-rm-fancoil-heat-call,0
1786786560,zone2-living-rm-gw-temp,2219
1786786620,zone2-living-rm-gw-temp,2221
1786786680,zone2-living-rm-gw-temp,2219
1786786740,zone2-living-rm-gw-temp,2218
1786786800,zone2-living-rm-gw-temp,2218
1786786801,zone5-living-rm-fancoil-heat-call,0
1786786860,zone2-living-rm-gw-temp,2217
1786786920,zone2-living-rm-gw-temp,2217
1786786980,zone2-living-rm-gw-temp,2219
1786787040,zone2-living-rm-gw-temp,2218
1786787100,zone2-living-rm-gw-temp,2218
1786787101,zone5-living-rm-fancoil-heat-call,0
1786787160,zone2-living-rm-gw-temp,2217
1786787220,zone2-living-rm-gw-temp,2216
1786787280,zone2-living-rm-gw-temp,2215
1786787340,zone2-living-rm-gw-temp,2215
1786787400,zone2-living-rm-gw-temp,2216
1786787401,zone5-living-rm-fancoil-heat-call,0
1786787460,zone2-living-rm-gw-temp,2217
1786787520,zone2-living-rm-gw-temp,2216
1786787580,zone2-living-rm-gw-temp,2217
1786787640,zone2-living-rm-gw-temp,2216
1786787700,zone2-living-rm-gw-temp,2215
1786787701,zone5-living-rm-fancoil-heat-call,0
1786787760,zone2-living-rm-gw-temp,2213
1786787820,zone2-living-rm-gw-temp,2214
1786787880,zone2-living-rm-gw-temp,2215
1786787940,zone2-living-rm-gw-temp,2216
1786788000,zone2-living-rm-gw-temp,2214
1786788001,zone5-living-rm-fancoil-heat-call,0
1786788060,zone2-living-rm-gw-temp,2215
1786788120,zone2-living-rm-gw-temp,2212
1786788180,zone2-living-rm-gw-temp,2212
1786788240,zone2-living-rm-gw-temp,2213
1786788300,zone2-living-rm-gw-temp,2211
1786788301,zone5-living-rm-fancoil-heat-call,0
1786788360,zone2-living-rm-gw-temp,2214
1786788420,zone2-living-rm-gw-temp,2213
1786788480,zone2-living-rm-gw-temp,2212
1786788540,zone2-living-rm-gw-temp,2210
1786788600,zone2-living-rm-gw-temp,2210
1786788601,zone5-living-rm-fancoil-heat-call,0
1786788660,zone2-living-rm-gw-temp,2211
1786788720,zone2-living-rm-gw-temp,2212
1786788780,zone2-living-rm-gw-temp,2211
1786788840,zone2-living-rm-gw-temp,2210
1786788900,zone2-living-rm-gw-temp,2210
1786788901,zone5-living-rm-fancoil-heat-call,0
1786788960,zone2-living-rm-gw-temp,2209
1786789020,zone2-living-rm-gw-temp,2212
1786789080,zone2-living-rm-gw-temp,2211
1786789140,zone2-living-rm-gw-temp,2210
1786789200,zone2-living-rm-gw-temp,2209
1786789201,zone5-living-rm-fancoil-heat-call,0
1786789260,zone2-living-rm-gw-temp,2209
1786789320,zone2-living-rm-gw-temp,2210
1786789380,zone2-living-rm-gw-temp,2211
1786789440,zone2-living-rm-gw-temp,2207
1786789500,zone2-living-rm-gw-temp,2208
1786789501,zone5-living-rm-fancoil-heat-call,0
1786789560,zone2-living-rm-gw-temp,2206
1786789620,zone2-living-rm-gw-temp,2209
1786789680,zone2-living-rm-gw-temp,2209
1786789740,zone2-living-rm-gw-temp,2207
1786789800,zone2-living-rm-gw-temp,2208
1786789801,zone5-living-rm-fancoil-heat-call,0
1786789860,zone2-living-rm-gw-temp,2205
1786789920,zone2-living-rm-gw-temp,2206
1786789980,zone2-living-rm-gw-temp,2208
1786790040,zone2-living-rm-gw-temp,2207
1786790100,zone2-living-rm-gw-temp,2208
1786790101,zone5-living-rm-fancoil-heat-call,0
1786790160,zone2-living-rm-gw-temp,2204
1786790220,zone2-living-rm-gw-temp,2205
1786790280,zone2-living-rm-gw-temp,2205
1786790340,zone2-living-rm-gw-temp,2207
1786790400,zone2-living-rm-gw-temp,2205
1786790401,zone5-living-rm-fancoil-heat-call,0
1786790460,zone2-living-rm-gw-temp,2206
1786790520,zone2-living-rm-gw-temp,2205
1786790580,zone2-living-rm-gw-temp,2204
1786790640,zone2-living-rm-gw-temp,2203
1786790700,zone2-living-rm-gw-temp,2203
1786790701,zone5-living-rm-fancoil-heat-call,0
1786790760,zone2-living-rm-gw-temp,2205
1786790820,zone2-living-rm-gw-temp,2205
1786790880,zone2-living-rm-gw-temp,2204
1786790940,zone2-living-rm-gw-temp,2203
1786791000,zone2-living-rm-gw-temp,2204
1786791001,zone5-living-rm-fancoil-heat-call,0
1786791060,zone2-living-rm-gw-temp,2202
1786791120,zone2-living-rm-gw-temp,2202
1786791180,zone2-living-rm-gw-temp,2201
1786791240,zone2-living-rm-gw-temp,2204
1786791300,zone2-living-rm-gw-temp,2203
1786791301,zone5-living-rm-fancoil-heat-call,0
1786791360,zone2-living-rm-gw-temp,2202
1786791420,zone2-living-rm-gw-temp,2201
1786791480,zone2-living-rm-gw-temp,2200
1786791540,zone2-living-rm-gw-temp,2201
1786791600,zone2-living-rm-gw-temp,2201
1786791601,zone5-living-rm-fancoil-heat-call,0
1786791660,zone2-living-rm-gw-temp,2202
1786791720,zone2-living-rm-gw-temp,2201
1786791780,zone2-living-rm-gw-temp,2200
1786791840,zone2-living-rm-gw-temp,2200
1786791900,zone2-living-rm-gw-temp,2201
1786791901,zone5-living-rm-fancoil-heat-call,0
1786791960,zone2-living-rm-gw-temp,2201
1786792020,zone2-living-rm-gw-temp,2201
1786792080,zone2-living-rm-gw-temp,2200
1786792140,zone2-living-rm-gw-temp,2202
1786792200,zone2-living-rm-gw-temp,2201
1786792201,zone5-living-rm-fancoil-heat-call,0
1786792260,zone2-living-rm-gw-temp,2199
1786792320,zone2-living-rm-gw-temp,2199
1786792380,zone2-living-rm-gw-temp,2200
1786792440,zone2-living-rm-gw-temp,2200
1786792500,zone2-living-rm-gw-temp,2201
1786792501,zone5-living-rm-fancoil-heat-call,0
1786792560,zone2-living-rm-gw-temp,2200
1786792620,zone2-living-rm-gw-temp,2198
1786792680,zone2-living-rm-gw-temp,2201
1786792740,zone2-living-rm-gw-temp,2201
1786792800,zone2-living-rm-gw-temp,2201
1786792801,zone5-living-rm-fancoil-heat-call,0
1786792860,zone2-living-rm-gw-temp,2202
1786792920,zone2-living-rm-gw-temp,2201
1786792980,zone2-living-rm-gw-temp,2203
1786793040,zone2-living-rm-gw-temp,2204
1786793100,zone2-living-rm-gw-temp,2206
1786793101,zone5-living-rm-fancoil-heat-call,0
1786793160,zone2-living-rm-gw-temp,2202
1786793220,zone2-living-rm-gw-temp,2204
1786793280,zone2-living-rm-gw-temp,2204
1786793340,zone2-living-rm-gw-temp,2207
1786793400,zone2-living-rm-gw-temp,2207
1786793401,zone5-living-rm-fancoil-heat-call,0
1786793460,zone2-living-rm-gw-temp,2207
1786793520,zone2-living-rm-gw-temp,2205
1786793580,zone2-living-rm-gw-temp,2205
1786793640,zone2-living-rm-gw-temp,2208
1786793700,zone2-living-rm-gw-temp,2209
1786793701,zone5-living-rm-fancoil-heat-call,0
1786793760,zone2-living-rm-gw-temp,2208
1786793820,zone2-living-rm-gw-temp,2207
1786793880,zone2-living-rm-gw-temp,2207
1786793940,zone2-living-rm-gw-temp,2205
1786794000,zone2-living-rm-gw-temp,2205
1786794001,zone5-living-rm-fancoil-heat-call,0
1786794060,zone2-living-rm-gw-temp,2201
1786794120,zone2-living-rm-gw-temp,2200
1786794180,zone2-living-rm-gw-temp,2199
1786794240,zone2-living-rm-gw-temp,2199
1786794300,zone2-living-rm-gw-temp,2198
1786794301,zone5-living-rm-fancoil-heat-call,0
1786794360,zone2-living-rm-gw-temp,2195
1786794420,zone2-living-rm-gw-temp,2194
1786794480,zone2-living-rm-gw-temp,2193
1786794540,zone2-living-rm-gw-temp,2194
1786794600,zone2-living-rm-gw-temp,2192
1786794601,zone5-living-rm-fancoil-heat-call,0
1786794660,zone2-living-rm-gw-temp,2191
1786794720,zone2-living-rm-gw-temp,2190
1786794780,zone2-living-rm-gw-temp,2189
1786794840,zone2-living-rm-gw-temp,2189
1786794851,zone2-living-rm-gw-temp,2186
1786794900,zone2-living-rm-gw-temp,2188
1786794901,zone5-living-rm-fancoil-heat-call,0
1786794960,zone2-living-rm-gw-temp,2186
1786795020,zone2-living-rm-gw-temp,2183
1786795080,zone2-living-rm-gw-temp,2185
1786795140,zone2-living-rm-gw-temp,2182
1786795200,zone2-living-rm-gw-temp,2183
1786795201,zone5-living-rm-fancoil-heat-call,0
1786795260,zone2-living-rm-gw-temp,2183
1786795320,zone2-living-rm-gw-temp,2182
1786795380,zone2-living-rm-gw-temp,2183
1786795440,zone2-living-rm-gw-temp,2185
1786795500,zone2-living-rm-gw-temp,2183
1786795501,zone5-living-rm-fancoil-heat-call,0
1786795560,zone2-living-rm-gw-temp,2184
1786795620,zone2-living-rm-gw-temp,2182
1786795680,zone2-living-rm-gw-temp,2184
1786795740,zone2-living-rm-gw-temp,2181
1786795800,zone2-living-rm-gw-temp,2178
1786795801,zone5-living-rm-fancoil-heat-call,0
1786795860,zone2-living-rm-gw-temp,2178
1786795920,zone2-living-rm-gw-temp,2176
1786795980,zone2-living-rm-gw-temp,2176
1786796040,zone2-living-rm-gw-temp,2172
1786796100,zone2-living-rm-gw-temp,2172
1786796101,zone5-living-rm-fancoil-heat-call,0
1786796160,zone2-living-rm-gw-temp,2169
1786796220,zone2-living-rm-gw-temp,2170
1786796280,zone2-living-rm-gw-temp,2169
1786796340,zone2-living-rm-gw-temp,2164
1786796400,zone2-living-rm-gw-temp,2165
1786796401,zone5-living-rm-fancoil-heat-call,0
1786796460,zone2-living-rm-gw-temp,2162
1786796520,zone2-living-rm-gw-temp,2159
1786796580,zone2-living-rm-gw-temp,2158
1786796640,zone2-living-rm-gw-temp,2161
1786796700,zone2-living-rm-gw-temp,2157
1786796701,zone5-living-rm-fancoil-heat-call,0
1786796760,zone2-living-rm-gw-temp,2159
1786796820,zone2-living-rm-gw-temp,2160
1786796880,zone2-living-rm-gw-temp,2158
1786796940,zone2-living-rm-gw-temp,2158
1786797000,zone2-living-rm-gw-temp,2159
1786797001,zone5-living-rm-fancoil-heat-call,0
1786797060,zone2-living-rm-gw-temp,2158
1786797120,zone2-living-rm-gw-temp,2161
1786797180,zone2-living-rm-gw-temp,2159
1786797240,zone2-living-rm-gw-temp,2158
1786797300,zone2-living-rm-gw-temp,2158
1786797301,zone5-living-rm-fancoil-heat-call,0
1786797360,zone2-living-rm-gw-temp,2158
1786797420,zone2-living-rm-gw-temp,2159
1786797480,zone2-living-rm-gw-temp,2158
1786797540,zone2-living-rm-gw-temp,2156
1786797600,zone2-living-rm-gw-temp,2155
1786797601,zone5-living-rm-fancoil-heat-call,0
1786797660,zone2-living-rm-gw-temp,2158
1786797720,zone2-living-rm-gw-temp,2160
1786797780,zone2-living-rm-gw-temp,2158
1786797840,zone2-living-rm-gw-temp,2157
1786797900,zone2-living-rm-gw-temp,2156
1786797901,zone5-living-rm-fancoil-heat-call,0
1786797960,zone2-living-rm-gw-temp,2155
1786798020,zone2-living-rm-gw-temp,2157
1786798080,zone2-living-rm-gw-temp,2158
1786798140,zone2-living-rm-gw-temp,2159
1786798200,zone2-living-rm-gw-temp,2160
1786798201,zone5-living-rm-fancoil-heat-call,0
1786798260,zone2-living-rm-gw-temp,2158
1786798320,zone2-living-rm-gw-temp,2160
1786798380,zone2-living-rm-gw-temp,2158
1786798440,zone2-living-rm-gw-temp,2160
1786798500,zone2-living-rm-gw-temp,2157
1786798501,zone5-living-rm-fancoil-heat-call,0
1786798560,zone2-living-rm-gw-temp,2157
1786798620,zone2-living-rm-gw-temp,2156
1786798680,zone2-living-rm-gw-temp,2155
1786798740,zone2-living-rm-gw-temp,2153
1786798800,zone2-living-rm-gw-temp,2158
1786798801,zone5-living-rm-fancoil-heat-call,0
1786798860,zone2-living-rm-gw-temp,2155
1786798920,zone2-living-rm-gw-temp,2153
1786798980,zone2-living-rm-gw-temp,2155
1786799040,zone2-living-rm-gw-temp,2156
1786799100,zone2-living-rm-gw-temp,2154
1786799101,zone5-living-rm-fancoil-heat-call,0
1786799160,zone2-living-rm-gw-temp,2152
1786799220,zone2-living-rm-gw-temp,2155
1786799280,zone2-living-rm-gw-temp,2155
1786799340,zone2-living-rm-gw-temp,2153
1786799400,zone2-living-rm-gw-temp,2153
1786799401,zone5-living-rm-fancoil-heat-call,0
1786799460,zone2-living-rm-gw-temp,2154
1786799520,zone2-living-rm-gw-temp,2155
1786799580,zone2-living-rm-gw-temp,2157
1786799640,zone2-living-rm-gw-temp,2156
1786799700,zone2-living-rm-gw-temp,2156
1786799701,zone5-living-rm-fancoil-heat-call,0
1786799760,zone2-living-rm-gw-temp,2155
1786799820,zone2-living-rm-gw-temp,2157
1786799880,zone2-living-rm-gw-temp,2156
1786799940,zone2-living-rm-gw-temp,2155
1786800000,zone2-living-rm-gw-temp,2157
1786800001,zone5-living-rm-fancoil-heat-call,0
1786800060,zone2-living-rm-gw-temp,2159
1786800120,zone2-living-rm-gw-temp,2159
1786800180,zone2-living-rm-gw-temp,2158
1786800240,zone2-living-rm-gw-temp,2155
1786800300,zone2-living-rm-gw-temp,2158
1786800301,zone5-living-rm-fancoil-heat-call,0
1786800360,zone2-living-rm-gw-temp,2156
1786800420,zone2-living-rm-gw-temp,2154
1786800480,zone2-living-rm-gw-temp,2156
1786800540,zone2-living-rm-gw-temp,2158
1786800600,zone2-living-rm-gw-temp,2154
1786800601,zone5-living-rm-fancoil-heat-call,0
1786800660,zone2-living-rm-gw-temp,2153
1786800720,zone2-living-rm-gw-temp,2152
1786800780,zone2-living-rm-gw-temp,2156
1786800840,zone2-living-rm-gw-temp,2157
1786800900,zone2-living-rm-gw-temp,2159
1786800901,zone5-living-rm-fancoil-heat-call,0
1786800960,zone2-living-rm-gw-temp,2160
1786801020,zone2-living-rm-gw-temp,2165
1786801080,zone2-living-rm-gw-temp,2169
1786801140,zone2-living-rm-gw-temp,2176
1786801200,zone2-living-rm-gw-temp,2176
1786801201,zone5-living-rm-fancoil-heat-call,0
1786801260,zone2-living-rm-gw-temp,2176
1786801320,zone2-living-rm-gw-temp,2179
1786801380,zone2-living-rm-gw-temp,2183
1786801440,zone2-living-rm-gw-temp,2185
1786801500,zone2-living-rm-gw-temp,2187
1786801501,zone5-living-rm-fancoil-heat-call,0
1786801560,zone2-living-rm-gw-temp,2186
1786801620,zone2-living-rm-gw-temp,2186
1786801680,zone2-living-rm-gw-temp,2188
1786801740,zone2-living-rm-gw-temp,2188
1786801800,zone2-living-rm-gw-temp,2185
1786801801,zone5-living-rm-fancoil-heat-call,0
1786801860,zone2-living-rm-gw-temp,2183
1786801920,zone2-living-rm-gw-temp,2182
1786801980,zone2-living-rm-gw-temp,2179
1786802040,zone2-living-rm-gw-temp,2177
1786802100,zone2-living-rm-gw-temp,2172
1786802101,zone5-living-rm-fancoil-heat-call,0
1786802160,zone2-living-rm-gw-temp,2169
1786802220,zone2-living-rm-gw-temp,2168
1786802280,zone2-living-rm-gw-temp,2164
1786802340,zone2-living-rm-gw-temp,2167
1786802400,zone2-living-rm-gw-temp,2168
1786802401,zone5-living-rm-fancoil-heat-call,0
1786802460,zone2-living-rm-gw-temp,2166
1786802520,zone2-living-rm-gw-temp,2168
1786802580,zone2-living-rm-gw-temp,2166
1786802640,zone2-living-rm-gw-temp,2167
1786802700,zone2-living-rm-gw-temp,2170
1786802701,zone5-living-rm-fancoil-heat-call,0
1786802760,zone2-living-rm-gw-temp,2169
1786802820,zone2-living-rm-gw-temp,2171
1786802880,zone2-living-rm-gw-temp,2173
1786802940,zone2-living-rm-gw-temp,2173
1786803000,zone2-living-rm-gw-temp,2170
1786803001,zone5-living-rm-fancoil-heat-call,0
1786803060,zone2-living-rm-gw-temp,2172
1786803120,zone2-living-rm-gw-temp,2173
1786803180,zone2-living-rm-gw-temp,2173
1786803240,zone2-living-rm-gw-temp,2173
1786803300,zone2-living-rm-gw-temp,2175
1786803301,zone5-living-rm-fancoil-heat-call,0
1786803360,zone2-living-rm-gw-temp,2175
1786803420,zone2-living-rm-gw-temp,2182
1786803480,zone2-living-rm-gw-temp,2181
1786803540,zone2-living-rm-gw-temp,2181
1786803600,zone2-living-rm-gw-temp,2184
1786803601,zone5-living-rm-fancoil-heat-call,0
1786803660,zone2-living-rm-gw-temp,2184
1786803720,zone2-living-rm-gw-temp,2185
1786803780,zone2-living-rm-gw-temp,2189
1786803840,zone2-living-rm-gw-temp,2187
1786803900,zone2-living-rm-gw-temp,2184
1786803901,zone5-living-rm-fancoil-heat-call,0
1786803960,zone2-living-rm-gw-temp,2186
1786804020,zone2-living-rm-gw-temp,2188
1786804080,zone2-living-rm-gw-temp,2187
1786804140,zone2-living-rm-gw-temp,2185
1786804200,zone2-living-rm-gw-temp,2185
1786804201,zone5-living-rm-fancoil-heat-call,0
1786804260,zone2-living-rm-gw-temp,2182
1786804320,zone2-living-rm-gw-temp,2184
1786804380,zone2-living-rm-gw-temp,2182
1786804440,zone2-living-rm-gw-temp,2186
1786804500,zone2-living-rm-gw-temp,2185
1786804501,zone5-living-rm-fancoil-heat-call,0
1786804560,zone2-living-rm-gw-temp,2187
1786804620,zone2-living-rm-gw-temp,2186
1786804680,zone2-living-rm-gw-temp,2184
1786804740,zone2-living-rm-gw-temp,2183
1786804800,zone2-living-rm-gw-temp,2178
1786804801,zone5-living-rm-fancoil-heat-call,0
1786804860,zone2-living-rm-gw-temp,2180
1786804920,zone2-living-rm-gw-temp,2182
1786804980,zone2-living-rm-gw-temp,2184
1786805040,zone2-living-rm-gw-temp,2187
1786805100,zone2-living-rm-gw-temp,2188
1786805101,zone5-living-rm-fancoil-heat-call,0
1786805160,zone2-living-rm-gw-temp,2191
1786805220,zone2-living-rm-gw-temp,2189
1786805280,zone2-living-rm-gw-temp,2190
1786805340,zone2-living-rm-gw-temp,2189
1786805400,zone2-living-rm-gw-temp,2187
1786805401,zone5-living-rm-fancoil-heat-call,0
1786805460,zone2-living-rm-gw-temp,2191
1786805520,zone2-living-rm-gw-temp,2188
1786805580,zone2-living-rm-gw-temp,2189
1786805640,zone2-living-rm-gw-temp,2187
1786805700,zone2-living-rm-gw-temp,2189
1786805701,zone5-living-rm-fancoil-heat-call,0
1786805760,zone2-living-rm-gw-temp,2188
1786805820,zone2-living-rm-gw-temp,2189
1786805880,zone2-living-rm-gw-temp,2190
1786805940,zone2-living-rm-gw-temp,2189
1786806000,zone2-living-rm-gw-temp,2190
1786806001,zone5-living-rm-fancoil-heat-call,0
1786806060,zone2-living-rm-gw-temp,2189
1786806120,zone2-living-rm-gw-temp,2189
1786806180,zone2-living-rm-gw-temp,2190
1786806240,zone2-living-rm-gw-temp,2189
1786806300,zone2-living-rm-gw-temp,2192
1786806301,zone5-living-rm-fancoil-heat-call,0
1786806360,zone2-living-rm-gw-temp,2189
1786806420,zone2-living-rm-gw-temp,2190
1786806480,zone2-living-rm-gw-temp,2191
1786806540,zone2-living-rm-gw-temp,2190
1786806600,zone2-living-rm-gw-temp,2189
1786806601,zone5-living-rm-fancoil-heat-call,0
1786806660,zone2-living-rm-gw-temp,2189
1786806720,zone2-living-rm-gw-temp,2192
1786806780,zone2-living-rm-gw-temp,2189
1786806840,zone2-living-rm-gw-temp,2190
1786806900,zone2-living-rm-gw-temp,2192
1786806901,zone5-living-rm-fancoil-heat-call,0
1786806960,zone2-living-rm-gw-temp,2190
1786807020,zone2-living-rm-gw-temp,2190
1786807080,zone2-living-rm-gw-temp,2190
1786807140,zone2-living-rm-gw-temp,2192
1786807200,zone2-living-rm-gw-temp,2191
1786807201,zone5-living-rm-fancoil-heat-call,0
1786807260,zone2-living-rm-gw-temp,2192
1786807320,zone2-living-rm-gw-temp,2192
1786807380,zone2-living-rm-gw-temp,2192
1786807440,zone2-living-rm-gw-temp,2193
1786807500,zone2-living-rm-gw-temp,2194
1786807501,zone5-living-rm-fancoil-heat-call,0
1786807560,zone2-living-rm-gw-temp,2195
1786807620,zone2-living-rm-gw-temp,2192
1786807680,zone2-living-rm-gw-temp,2194
1786807740,zone2-living-rm-gw-temp,2193
1786807800,zone2-living-rm-gw-temp,2193
1786807801,zone5-living-rm-fancoil-heat-call,0
1786807860,zone2-living-rm-gw-temp,2195
1786807920,zone2-living-rm-gw-temp,2193
1786807980,zone2-living-rm-gw-temp,2196
1786808040,zone2-living-rm-gw-temp,2195
1786808100,zone2-living-rm-gw-temp,2193
1786808101,zone5-living-rm-fancoil-heat-call,0
1786808160,zone2-living-rm-gw-temp,2197
1786808220,zone2-living-rm-gw-temp,2196
1786808280,zone2-living-rm-gw-temp,2195
1786808340,zone2-living-rm-gw-temp,2195
1786808400,zone2-living-rm-gw-temp,2197
1786808401,zone5-living-rm-fancoil-heat-call,0
1786808460,zone2-living-rm-gw-temp,2196
1786808520,zone2-living-rm-gw-temp,2197
1786808580,zone2-living-rm-gw-temp,2195
1786808640,zone2-living-rm-gw-temp,2196
1786808700,zone2-living-rm-gw-temp,2196
1786808701,zone5-living-rm-fancoil-heat-call,0
1786808760,zone2-living-rm-gw-temp,2196
1786808820,zone2-living-rm-gw-temp,2198
1786808880,zone2-living-rm-gw-temp,2196
1786808940,zone2-living-rm-gw-temp,2197
1786809000,zone2-living-rm-gw-temp,2198
1786809001,zone5-living-rm-fancoil-heat-call,0
1786809060,zone2-living-rm-gw-temp,2198
1786809120,zone2-living-rm-gw-temp,2196
1786809180,zone2-living-rm-gw-temp,2199
1786809240,zone2-living-rm-gw-temp,2199
1786809300,zone2-living-rm-gw-temp,2196
1786809301,zone5-living-rm-fancoil-heat-call,0
1786809360,zone2-living-rm-gw-temp,2198
1786809420,zone2-living-rm-gw-temp,2198
1786809480,zone2-living-rm-gw-temp,2200
1786809540,zone2-living-rm-gw-temp,2198
1786809600,zone2-living-rm-gw-temp,2199
1786809601,zone5-living-rm-fancoil-heat-call,0
1786809660,zone2-living-rm-gw-temp,2199
1786809720,zone2-living-rm-gw-temp,2201
1786809780,zone2-living-rm-gw-temp,2198
1786809840,zone2-living-rm-gw-temp,2198
1786809900,zone2-living-rm-gw-temp,2200
1786809901,zone5-living-rm-fancoil-heat-call,0
1786809960,zone2-living-rm-gw-temp,2199
1786810020,zone2-living-rm-gw-temp,2199
1786810080,zone2-living-rm-gw-temp,2200
1786810140,zone2-living-rm-gw-temp,2201
1786810200,zone2-living-rm-gw-temp,2200
1786810201,zone5-living-rm-fancoil-heat-call,0
1786810260,zone2-living-rm-gw-temp,2200
1786810320,zone2-living-rm-gw-temp,2201
1786810380,zone2-living-rm-gw-temp,2201
1786810440,zone2-living-rm-gw-temp,2199
1786810500,zone2-living-rm-gw-temp,2201
1786810501,zone5-living-rm-fancoil-heat-call,0
1786810560,zone2-living-rm-gw-temp,2203
1786810620,zone2-living-rm-gw-temp,2200
1786810680,zone2-living-rm-gw-temp,2199
1786810740,zone2-living-rm-gw-temp,2202
1786810800,zone2-living-rm-gw-temp,2199
1786810801,zone5-living-rm-fancoil-heat-call,0
1786810860,zone2-living-rm-gw-temp,2200
1786810920,zone2-living-rm-gw-temp,2202
1786810980,zone2-living-rm-gw-temp,2203
1786811040,zone2-living-rm-gw-temp,2201
1786811100,zone2-living-rm-gw-temp,2202
1786811101,zone5-living-rm-fancoil-heat-call,0
1786811160,zone2-living-rm-gw-temp,2202
1786811220,zone2-living-rm-gw-temp,2203
1786811280,zone2-living-rm-gw-temp,2200
1786811340,zone2-living-rm-gw-temp,2202
1786811400,zone2-living-rm-gw-temp,2204
1786811401,zone5-living-rm-fancoil-heat-call,0
1786811460,zone2-living-rm-gw-temp,2202
1786811520,zone2-living-rm-gw-temp,2202
1786811580,zone2-living-rm-gw-temp,2202
1786811640,zone2-living-rm-gw-temp,2203
1786811700,zone2-living-rm-gw-temp,2204
1786811701,zone5-living-rm-fancoil-heat-call,0
1786811760,zone2-living-rm-gw-temp,2202
1786811820,zone2-living-rm-gw-temp,2204
1786811880,zone2-living-rm-gw-temp,2204
1786811940,zone2-living-rm-gw-temp,2204
1786812000,zone2-living-rm-gw-temp,2203
1786812001,zone5-living-rm-fancoil-heat-call,0
1786812060,zone2-living-rm-gw-temp,2204
1786812120,zone2-living-rm-gw-temp,2203
1786812180,zone2-living-rm-gw-temp,2205
1786812240,zone2-living-rm-gw-temp,2203
1786812300,zone2-living-rm-gw-temp,2204
1786812301,zone5-living-rm-fancoil-heat-call,0
1786812360,zone2-living-rm-gw-temp,2204
1786812420,zone2-living-rm-gw-temp,2204
1786812480,zone2-living-rm-gw-temp,2206
1786812540,zone2-living-rm-gw-temp,2207
1786812600,zone2-living-rm-gw-temp,2205
1786812601,zone5-living-rm-fancoil-heat-call,0
1786812660,zone2-living-rm-gw-temp,2205
1786812720,zone2-living-rm-gw-temp,2205
1786812780,zone2-living-rm-gw-temp,2208
1786812840,zone2-living-rm-gw-temp,2209
1786812900,zone2-living-rm-gw-temp,2210
1786812901,zone5-living-rm-fancoil-heat-call,0
1786812960,zone2-living-rm-gw-temp,2210
1786813020,zone2-living-rm-gw-temp,2210
1786813080,zone2-living-rm-gw-temp,2215
1786813140,zone2-living-rm-gw-temp,2214
1786813200,zone2-living-rm-gw-temp,2217
1786813201,zone5-living-rm-fancoil-heat-call,0
1786813260,zone2-living-rm-gw-temp,2218
1786813320,zone2-living-rm-gw-temp,2219
1786813380,zone2-living-rm-gw-temp,2225
1786813440,zone2-living-rm-gw-temp,2227
1786813500,zone2-living-rm-gw-temp,2229
1786813501,zone5-living-rm-fancoil-heat-call,0
1786813560,zone2-living-rm-gw-temp,2228
1786813620,zone2-living-rm-gw-temp,2228
1786813680,zone2-living-rm-gw-temp,2228
1786813740,zone2-living-rm-gw-temp,2229
1786813800,zone2-living-rm-gw-temp,2230
1786813801,zone5-living-rm-fancoil-heat-call,0
1786813860,zone2-living-rm-gw-temp,2233
1786813876,zone2-living-rm-gw-temp,2236
1786813920,zone2-living-rm-gw-temp,2236
1786813980,zone2-living-rm-gw-temp,2236
1786814040,zone2-living-rm-gw-temp,2236
1786814100,zone2-living-rm-gw-temp,2237
1786814101,zone5-living-rm-fancoil-heat-call,0
1786814160,zone2-living-rm-gw-temp,2237
1786814220,zone2-living-rm-gw-temp,2238
1786814280,zone2-living-rm-gw-temp,2239
1786814340,zone2-living-rm-gw-temp,2237
1786814400,zone2-living-rm-gw-temp,2239
1786814401,zone5-living-rm-fancoil-heat-call,0
1786814460,zone2-living-rm-gw-temp,2241
1786814520,zone2-living-rm-gw-temp,2239
1786814580,zone2-living-rm-gw-temp,2239
1786814640,zone2-living-rm-gw-temp,2240
1786814700,zone2-living-rm-gw-temp,2239
1786814701,zone5-living-rm-fancoil-heat-call,0
1786814760,zone2-living-rm-gw-temp,2239
1786814820,zone2-living-rm-gw-temp,2239
1786814880,zone2-living-rm-gw-temp,2239
1786814940,zone2-living-rm-gw-temp,2237
1786815000,zone2-living-rm-gw-temp,2241
1786815001,zone5-living-rm-fancoil-heat-call,0
1786815060,zone2-living-rm-gw-temp,2241
1786815120,zone2-living-rm-gw-temp,2243
1786815180,zone2-living-rm-gw-temp,2242
1786815240,zone2-living-rm-gw-temp,2243
1786815300,zone2-living-rm-gw-temp,2244
1786815301,zone5-living-rm-fancoil-heat-call,0
1786815360,zone2-living-rm-gw-temp,2243
1786815420,zone2-living-rm-gw-temp,2245
1786815480,zone2-living-rm-gw-temp,2248
1786815540,zone2-living-rm-gw-temp,2247
1786815600,zone2-living-rm-gw-temp,2249
1786815601,zone5-living-rm-fancoil-heat-call,0
1786815660,zone2-living-rm-gw-temp,2248
1786815720,zone2-living-rm-gw-temp,2248
1786815780,zone2-living-rm-gw-temp,2248
1786815840,zone2-living-rm-gw-temp,2251
1786815900,zone2-living-rm-gw-temp,2252
1786815901,zone5-living-rm-fancoil-heat-call,0
1786815960,zone2-living-rm-gw-temp,2252
1786816020,zone2-living-rm-gw-temp,2254
1786816080,zone2-living-rm-gw-temp,2256
1786816140,zone2-living-rm-gw-temp,2257
1786816200,zone2-living-rm-gw-temp,2255
1786816201,zone5-living-rm-fancoil-heat-call,0
1786816260,zone2-living-rm-gw-temp,2257
1786816320,zone2-living-rm-gw-temp,2257
1786816380,zone2-living-rm-gw-temp,2255
1786816440,zone2-living-rm-gw-temp,2255
1786816500,zone2-living-rm-gw-temp,2253
1786816501,zone5-living-rm-fancoil-heat-call,0
1786816560,zone2-living-rm-gw-temp,2256
1786816620,zone2-living-rm-gw-temp,2256
1786816680,zone2-living-rm-gw-temp,2255
1786816740,zone2-living-rm-gw-temp,2255
1786816800,zone2-living-rm-gw-temp,2254
1786816801,zone5-living-rm-fancoil-heat-call,0
1786816860,zone2-living-rm-gw-temp,2255
1786816920,zone2-living-rm-gw-temp,2257
1786816980,zone2-living-rm-gw-temp,2256
1786817040,zone2-living-rm-gw-temp,2256
1786817100,zone2-living-rm-gw-temp,2259
1786817101,zone5-living-rm-fancoil-heat-call,0
1786817160,zone2-living-rm-gw-temp,2259
1786817220,zone2-living-rm-gw-temp,2258
1786817280,zone2-living-rm-gw-temp,2260
1786817340,zone2-living-rm-gw-temp,2258
1786817400,zone2-living-rm-gw-temp,2259
1786817401,zone5-living-rm-fancoil-heat-call,0
1786817460,zone2-living-rm-gw-temp,2259
1786817520,zone2-living-rm-gw-temp,2258
1786817580,zone2-living-rm-gw-temp,2258
1786817640,zone2-living-rm-gw-temp,2259
1786817700,zone2-living-rm-gw-temp,2258
1786817701,zone5-living-rm-fancoil-heat-call,0
1786817760,zone2-living-rm-gw-temp,2260
1786817820,zone2-living-rm-gw-temp,2260
1786817880,zone2-living-rm-gw-temp,2261
1786817940,zone2-living-rm-gw-temp,2263
1786818000,zone2-living-rm-gw-temp,2262
1786818001,zone5-living-rm-fancoil-heat-call,0
1786818060,zone2-living-rm-gw-temp,2264
1786818120,zone2-living-rm-gw-temp,2262
1786818180,zone2-living-rm-gw-temp,2262
1786818240,zone2-living-rm-gw-temp,2260
1786818300,zone2-living-rm-gw-temp,2262
1786818301,zone5-living-rm-fancoil-heat-call,0
1786818360,zone2-living-rm-gw-temp,2260
1786818420,zone2-living-rm-gw-temp,2259
1786818480,zone2-living-rm-gw-temp,2261
1786818540,zone2-living-rm-gw-temp,2262
1786818600,zone2-living-rm-gw-temp,2259
1786818601,zone5-living-rm-fancoil-heat-call,0
1786818660,zone2-living-rm-gw-temp,2263
1786818720,zone2-living-rm-gw-temp,2263
1786818780,zone2-living-rm-gw-temp,2262
1786818840,zone2-living-rm-gw-temp,2263
1786818900,zone2-living-rm-gw-temp,2263
1786818901,zone5-living-rm-fancoil-heat-call,0
1786818960,zone2-living-rm-gw-temp,2261
1786819020,zone2-living-rm-gw-temp,2261
1786819080,zone2-living-rm-gw-temp,2261
1786819140,zone2-living-rm-gw-temp,2263
1786819200,zone2-living-rm-gw-temp,2261
1786819201,zone5-living-rm-fancoil-heat-call,0
1786819260,zone2-living-rm-gw-temp,2265
1786819320,zone2-living-rm-gw-temp,2263
1786819380,zone2-living-rm-gw-temp,2263
1786819440,zone2-living-rm-gw-temp,2261
1786819500,zone2-living-rm-gw-temp,2262
1786819501,zone5-living-rm-fancoil-heat-call,0
1786819560,zone2-living-rm-gw-temp,2262
1786819620,zone2-living-rm-gw-temp,2261
1786819680,zone2-living-rm-gw-temp,2265
1786819740,zone2-living-rm-gw-temp,2261
1786819800,zone2-living-rm-gw-temp,2264
1786819801,zone5-living-rm-fancoil-heat-call,0
1786819860,zone2-living-rm-gw-temp,2264
1786819920,zone2-living-rm-gw-temp,2264
1786819980,zone2-living-rm-gw-temp,2264
1786820040,zone2-living-rm-gw-temp,2264
1786820100,zone2-living-rm-gw-temp,2264
1786820101,zone5-living-rm-fancoil-heat-call,0
1786820160,zone2-living-rm-gw-temp,2267
1786820220,zone2-living-rm-gw-temp,2267
1786820280,zone2-living-rm-gw-temp,2267
1786820340,zone2-living-rm-gw-temp,2274
