2026-10-07 10:17:53,450 INFO alembic.runtime.migration: Context impl SQLiteImpl.
2026-10-07 10:17:53,450 INFO alembic.runtime.migration: Will assume non-transactional DDL.
2026-10-07 10:17:53,451 INFO gwalerter.prober: Probing ['localhost:5672', 'localhost:1885'] every 10 s; raising after 3 failures
2026-10-07 10:17:53,454 INFO pika.adapters.utils.connection_workflow: Pika version 1.4.4 connecting to ('::1', 5672, 0, 0)
2026-10-07 10:17:53,454 INFO pika.adapters.utils.io_services_utils: Socket connected: <socket.socket fd=8, family=30, type=1, proto=6, laddr=('::1', 53204, 0, 0), raddr=('::1', 5672, 0, 0)>
2026-10-07 10:17:53,454 INFO pika.adapters.utils.connection_workflow: Streaming transport linked up: (<pika.adapters.utils.io_services_utils._AsyncPlaintextTransport object at 0x105cf07d0>, _StreamingProtocolShim: <SelectConnection PROTOCOL transport=<pika.adapters.utils.io_services_utils._AsyncPlaintextTransport object at 0x105cf07d0> params=<URLParameters host=localhost port=5672 virtual_host=d1__1 ssl=False>>).
2026-10-07 10:17:53,462 INFO pika.adapters.utils.connection_workflow: AMQPConnector - reporting success: <SelectConnection OPEN transport=<pika.adapters.utils.io_services_utils._AsyncPlaintextTransport object at 0x105cf07d0> params=<URLParameters host=localhost port=5672 virtual_host=d1__1 ssl=False>>
2026-10-07 10:17:53,462 INFO pika.adapters.utils.connection_workflow: AMQPConnectionWorkflow - reporting success: <SelectConnection OPEN transport=<pika.adapters.utils.io_services_utils._AsyncPlaintextTransport object at 0x105cf07d0> params=<URLParameters host=localhost port=5672 virtual_host=d1__1 ssl=False>>
2026-10-07 10:17:53,462 INFO pika.adapters.blocking_connection: Connection workflow succeeded: <SelectConnection OPEN transport=<pika.adapters.utils.io_services_utils._AsyncPlaintextTransport object at 0x105cf07d0> params=<URLParameters host=localhost port=5672 virtual_host=d1__1 ssl=False>>
2026-10-07 10:17:53,462 INFO pika.adapters.blocking_connection: Created channel=1
2026-10-07 10:17:53,467 INFO pika.adapters.blocking_connection: Closing connection (200): Normal shutdown
2026-10-07 10:17:53,467 INFO pika.channel: Closing channel (200): 'Normal shutdown' on <Channel number=1 OPEN conn=<SelectConnection OPEN transport=<pika.adapters.utils.io_services_utils._AsyncPlaintextTransport object at 0x105cf07d0> params=<URLParameters host=localhost port=5672 virtual_host=d1__1 ssl=False>>>
2026-10-07 10:17:53,467 INFO pika.channel: Received <Channel.CloseOk> on <Channel number=1 CLOSING conn=<SelectConnection OPEN transport=<pika.adapters.utils.io_services_utils._AsyncPlaintextTransport object at 0x105cf07d0> params=<URLParameters host=localhost port=5672 virtual_host=d1__1 ssl=False>>>
2026-10-07 10:17:53,467 INFO pika.connection: Closing connection (200): 'Normal shutdown'
2026-10-07 10:17:53,471 INFO pika.adapters.utils.io_services_utils: Aborting transport connection: state=1; <socket.socket fd=8, family=30, type=1, proto=6, laddr=('::1', 53204, 0, 0), raddr=('::1', 5672, 0, 0)>
2026-10-07 10:17:53,471 INFO pika.adapters.utils.io_services_utils: _AsyncTransportBase._initate_abort(): Initiating abrupt asynchronous transport shutdown: state=1; error=None; <socket.socket fd=8, family=30, type=1, proto=6, laddr=('::1', 53204, 0, 0), raddr=('::1', 5672, 0, 0)>
2026-10-07 10:17:53,471 INFO pika.adapters.utils.io_services_utils: Deactivating transport: state=1; <socket.socket fd=8, family=30, type=1, proto=6, laddr=('::1', 53204, 0, 0), raddr=('::1', 5672, 0, 0)>
2026-10-07 10:17:53,471 INFO pika.connection: AMQP stack terminated, failed to connect, or aborted: opened=True, error-arg=None; pending-error=ConnectionClosedByClient: (200) 'Normal shutdown'
2026-10-07 10:17:53,471 INFO pika.connection: Stack terminated due to ConnectionClosedByClient: (200) 'Normal shutdown'
2026-10-07 10:17:53,471 INFO pika.adapters.utils.io_services_utils: Closing transport socket and unlinking: state=3; <socket.socket fd=8, family=30, type=1, proto=6, laddr=('::1', 53204, 0, 0), raddr=('::1', 5672, 0, 0)>
2026-10-07 10:17:53,471 INFO pika.adapters.blocking_connection: User-initiated close: result=BlockingConnection__OnClosedArgs(connection=<SelectConnection CLOSED transport=None params=<URLParameters host=localhost port=5672 virtual_host=d1__1 ssl=False>>, error=ConnectionClosedByClient: (200) 'Normal shutdown')
2026-10-07 10:18:03,482 INFO pika.adapters.utils.connection_workflow: Pika version 1.4.4 connecting to ('::1', 5672, 0, 0)
2026-10-07 10:18:03,482 INFO pika.adapters.utils.io_services_utils: Socket connected: <socket.socket fd=9, family=30, type=1, proto=6, laddr=('::1', 53211, 0, 0), raddr=('::1', 5672, 0, 0)>
2026-10-07 10:18:03,483 INFO pika.adapters.utils.connection_workflow: Streaming transport linked up: (<pika.adapters.utils.io_services_utils._AsyncPlaintextTransport object at 0x105e05730>, _StreamingProtocolShim: <SelectConnection PROTOCOL transport=<pika.adapters.utils.io_services_utils._AsyncPlaintextTransport object at 0x105e05730> params=<URLParameters host=localhost port=5672 virtual_host=d1__1 ssl=False>>).
2026-10-07 10:18:03,494 INFO pika.adapters.utils.connection_workflow: AMQPConnector - reporting success: <SelectConnection OPEN transport=<pika.adapters.utils.io_services_utils._AsyncPlaintextTransport object at 0x105e05730> params=<URLParameters host=localhost port=5672 virtual_host=d1__1 ssl=False>>
2026-10-07 10:18:03,494 INFO pika.adapters.utils.connection_workflow: AMQPConnectionWorkflow - reporting success: <SelectConnection OPEN transport=<pika.adapters.utils.io_services_utils._AsyncPlaintextTransport object at 0x105e05730> params=<URLParameters host=localhost port=5672 virtual_host=d1__1 ssl=False>>
2026-10-07 10:18:03,494 INFO pika.adapters.blocking_connection: Connection workflow succeeded: <SelectConnection OPEN transport=<pika.adapters.utils.io_services_utils._AsyncPlaintextTransport object at 0x105e05730> params=<URLParameters host=localhost port=5672 virtual_host=d1__1 ssl=False>>
2026-10-07 10:18:03,495 INFO pika.adapters.blocking_connection: Created channel=1
2026-10-07 10:18:03,505 INFO pika.adapters.blocking_connection: Closing connection (200): Normal shutdown
2026-10-07 10:18:03,505 INFO pika.channel: Closing channel (200): 'Normal shutdown' on <Channel number=1 OPEN conn=<SelectConnection OPEN transport=<pika.adapters.utils.io_services_utils._AsyncPlaintextTransport object at 0x105e05730> params=<URLParameters host=localhost port=5672 virtual_host=d1__1 ssl=False>>>
2026-10-07 10:18:03,507 INFO pika.channel: Received <Channel.CloseOk> on <Channel number=1 CLOSING conn=<SelectConnection OPEN transport=<pika.adapters.utils.io_services_utils._AsyncPlaintextTransport object at 0x105e05730> params=<URLParameters host=localhost port=5672 virtual_host=d1__1 ssl=False>>>
2026-10-07 10:18:03,507 INFO pika.connection: Closing connection (200): 'Normal shutdown'
2026-10-07 10:18:03,514 INFO pika.adapters.utils.io_services_utils: Aborting transport connection: state=1; <socket.socket fd=9, family=30, type=1, proto=6, laddr=('::1', 53211, 0, 0), raddr=('::1', 5672, 0, 0)>
2026-10-07 10:18:03,515 INFO pika.adapters.utils.io_services_utils: _AsyncTransportBase._initate_abort(): Initiating abrupt asynchronous transport shutdown: state=1; error=None; <socket.socket fd=9, family=30, type=1, proto=6, laddr=('::1', 53211, 0, 0), raddr=('::1', 5672, 0, 0)>
2026-10-07 10:18:03,515 INFO pika.adapters.utils.io_services_utils: Deactivating transport: state=1; <socket.socket fd=9, family=30, type=1, proto=6, laddr=('::1', 53211, 0, 0), raddr=('::1', 5672, 0, 0)>
2026-10-07 10:18:03,515 INFO pika.connection: AMQP stack terminated, failed to connect, or aborted: opened=True, error-arg=None; pending-error=ConnectionClosedByClient: (200) 'Normal shutdown'
2026-10-07 10:18:03,515 INFO pika.connection: Stack terminated due to ConnectionClosedByClient: (200) 'Normal shutdown'
2026-10-07 10:18:03,515 INFO pika.adapters.utils.io_services_utils: Closing transport socket and unlinking: state=3; <socket.socket fd=9, family=30, type=1, proto=6, laddr=('::1', 53211, 0, 0), raddr=('::1', 5672, 0, 0)>
2026-10-07 10:18:03,515 INFO pika.adapters.blocking_connection: User-initiated close: result=BlockingConnection__OnClosedArgs(connection=<SelectConnection CLOSED transport=None params=<URLParameters host=localhost port=5672 virtual_host=d1__1 ssl=False>>, error=ConnectionClosedByClient: (200) 'Normal shutdown')
2026-10-07 10:18:13,527 INFO pika.adapters.utils.connection_workflow: Pika version 1.4.4 connecting to ('::1', 5672, 0, 0)
2026-10-07 10:18:13,529 INFO pika.adapters.utils.io_services_utils: Socket connected: <socket.socket fd=9, family=30, type=1, proto=6, laddr=('::1', 53229, 0, 0), raddr=('::1', 5672, 0, 0)>
2026-10-07 10:18:13,530 INFO pika.adapters.utils.connection_workflow: Streaming transport linked up: (<pika.adapters.utils.io_services_utils._AsyncPlaintextTransport object at 0x105e05970>, _StreamingProtocolShim: <SelectConnection PROTOCOL transport=<pika.adapters.utils.io_services_utils._AsyncPlaintextTransport object at 0x105e05970> params=<URLParameters host=localhost port=5672 virtual_host=d1__1 ssl=False>>).
2026-10-07 10:18:13,538 INFO pika.adapters.utils.connection_workflow: AMQPConnector - reporting success: <SelectConnection OPEN transport=<pika.adapters.utils.io_services_utils._AsyncPlaintextTransport object at 0x105e05970> params=<URLParameters host=localhost port=5672 virtual_host=d1__1 ssl=False>>
2026-10-07 10:18:13,538 INFO pika.adapters.utils.connection_workflow: AMQPConnectionWorkflow - reporting success: <SelectConnection OPEN transport=<pika.adapters.utils.io_services_utils._AsyncPlaintextTransport object at 0x105e05970> params=<URLParameters host=localhost port=5672 virtual_host=d1__1 ssl=False>>
2026-10-07 10:18:13,539 INFO pika.adapters.blocking_connection: Connection workflow succeeded: <SelectConnection OPEN transport=<pika.adapters.utils.io_services_utils._AsyncPlaintextTransport object at 0x105e05970> params=<URLParameters host=localhost port=5672 virtual_host=d1__1 ssl=False>>
2026-10-07 10:18:13,539 INFO pika.adapters.blocking_connection: Created channel=1
2026-10-07 10:18:13,547 INFO pika.adapters.blocking_connection: Closing connection (200): Normal shutdown
2026-10-07 10:18:13,547 INFO pika.channel: Closing channel (200): 'Normal shutdown' on <Channel number=1 OPEN conn=<SelectConnection OPEN transport=<pika.adapters.utils.io_services_utils._AsyncPlaintextTransport object at 0x105e05970> params=<URLParameters host=localhost port=5672 virtual_host=d1__1 ssl=False>>>
2026-10-07 10:18:13,548 INFO pika.channel: Received <Channel.CloseOk> on <Channel number=1 CLOSING conn=<SelectConnection OPEN transport=<pika.adapters.utils.io_services_utils._AsyncPlaintextTransport object at 0x105e05970> params=<URLParameters host=localhost port=5672 virtual_host=d1__1 ssl=False>>>
2026-10-07 10:18:13,549 INFO pika.connection: Closing connection (200): 'Normal shutdown'
2026-10-07 10:18:13,555 INFO pika.adapters.utils.io_services_utils: Aborting transport connection: state=1; <socket.socket fd=9, family=30, type=1, proto=6, laddr=('::1', 53229, 0, 0), raddr=('::1', 5672, 0, 0)>
2026-10-07 10:18:13,556 INFO pika.adapters.utils.io_services_utils: _AsyncTransportBase._initate_abort(): Initiating abrupt asynchronous transport shutdown: state=1; error=None; <socket.socket fd=9, family=30, type=1, proto=6, laddr=('::1', 53229, 0, 0), raddr=('::1', 5672, 0, 0)>
2026-10-07 10:18:13,556 INFO pika.adapters.utils.io_services_utils: Deactivating transport: state=1; <socket.socket fd=9, family=30, type=1, proto=6, laddr=('::1', 53229, 0, 0), raddr=('::1', 5672, 0, 0)>
2026-10-07 10:18:13,556 INFO pika.connection: AMQP stack terminated, failed to connect, or aborted: opened=True, error-arg=None; pending-error=ConnectionClosedByClient: (200) 'Normal shutdown'
2026-10-07 10:18:13,556 INFO pika.connection: Stack terminated due to ConnectionClosedByClient: (200) 'Normal shutdown'
2026-10-07 10:18:13,556 INFO pika.adapters.utils.io_services_utils: Closing transport socket and unlinking: state=3; <socket.socket fd=9, family=30, type=1, proto=6, laddr=('::1', 53229, 0, 0), raddr=('::1', 5672, 0, 0)>
2026-10-07 10:18:13,556 INFO pika.adapters.blocking_connection: User-initiated close: result=BlockingConnection__OnClosedArgs(connection=<SelectConnection CLOSED transport=None params=<URLParameters host=localhost port=5672 virtual_host=d1__1 ssl=False>>, error=ConnectionClosedByClient: (200) 'Normal shutdown')
2026-10-07 10:18:23,570 INFO pika.adapters.utils.connection_workflow: Pika version 1.4.4 connecting to ('::1', 5672, 0, 0)
2026-10-07 10:18:23,571 INFO pika.adapters.utils.io_services_utils: Socket connected: <socket.socket fd=9, family=30, type=1, proto=6, laddr=('::1', 53234, 0, 0), raddr=('::1', 5672, 0, 0)>
2026-10-07 10:18:23,571 INFO pika.adapters.utils.connection_workflow: Streaming transport linked up: (<pika.adapters.utils.io_services_utils._AsyncPlaintextTransport object at 0x105e06030>, _StreamingProtocolShim: <SelectConnection PROTOCOL transport=<pika.adapters.utils.io_services_utils._AsyncPlaintextTransport object at 0x105e06030> params=<URLParameters host=localhost port=5672 virtual_host=d1__1 ssl=False>>).
2026-10-07 10:18:23,583 INFO pika.adapters.utils.connection_workflow: AMQPConnector - reporting success: <SelectConnection OPEN transport=<pika.adapters.utils.io_services_utils._AsyncPlaintextTransport object at 0x105e06030> params=<URLParameters host=localhost port=5672 virtual_host=d1__1 ssl=False>>
2026-10-07 10:18:23,584 INFO pika.adapters.utils.connection_workflow: AMQPConnectionWorkflow - reporting success: <SelectConnection OPEN transport=<pika.adapters.utils.io_services_utils._AsyncPlaintextTransport object at 0x105e06030> params=<URLParameters host=localhost port=5672 virtual_host=d1__1 ssl=False>>
2026-10-07 10:18:23,584 INFO pika.adapters.blocking_connection: Connection workflow succeeded: <SelectConnection OPEN transport=<pika.adapters.utils.io_services_utils._AsyncPlaintextTransport object at 0x105e06030> params=<URLParameters host=localhost port=5672 virtual_host=d1__1 ssl=False>>
2026-10-07 10:18:23,584 INFO pika.adapters.blocking_connection: Created channel=1
2026-10-07 10:18:23,594 INFO pika.adapters.blocking_connection: Closing connection (200): Normal shutdown
2026-10-07 10:18:23,594 INFO pika.channel: Closing channel (200): 'Normal shutdown' on <Channel number=1 OPEN conn=<SelectConnection OPEN transport=<pika.adapters.utils.io_services_utils._AsyncPlaintextTransport object at 0x105e06030> params=<URLParameters host=localhost port=5672 virtual_host=d1__1 ssl=False>>>
2026-10-07 10:18:23,595 INFO pika.channel: Received <Channel.CloseOk> on <Channel number=1 CLOSING conn=<SelectConnection OPEN transport=<pika.adapters.utils.io_services_utils._AsyncPlaintextTransport object at 0x105e06030> params=<URLParameters host=localhost port=5672 virtual_host=d1__1 ssl=False>>>
2026-10-07 10:18:23,595 INFO pika.connection: Closing connection (200): 'Normal shutdown'
2026-10-07 10:18:23,602 INFO pika.adapters.utils.io_services_utils: Aborting transport connection: state=1; <socket.socket fd=9, family=30, type=1, proto=6, laddr=('::1', 53234, 0, 0), raddr=('::1', 5672, 0, 0)>
2026-10-07 10:18:23,602 INFO pika.adapters.utils.io_services_utils: _AsyncTransportBase._initate_abort(): Initiating abrupt asynchronous transport shutdown: state=1; error=None; <socket.socket fd=9, family=30, type=1, proto=6, laddr=('::1', 53234, 0, 0), raddr=('::1', 5672, 0, 0)>
2026-10-07 10:18:23,602 INFO pika.adapters.utils.io_services_utils: Deactivating transport: state=1; <socket.socket fd=9, family=30, type=1, proto=6, laddr=('::1', 53234, 0, 0), raddr=('::1', 5672, 0, 0)>
2026-10-07 10:18:23,602 INFO pika.connection: AMQP stack terminated, failed to connect, or aborted: opened=True, error-arg=None; pending-error=ConnectionClosedByClient: (200) 'Normal shutdown'
2026-10-07 10:18:23,602 INFO pika.connection: Stack terminated due to ConnectionClosedByClient: (200) 'Normal shutdown'
2026-10-07 10:18:23,602 INFO pika.adapters.utils.io_services_utils: Closing transport socket and unlinking: state=3; <socket.socket fd=9, family=30, type=1, proto=6, laddr=('::1', 53234, 0, 0), raddr=('::1', 5672, 0, 0)>
2026-10-07 10:18:23,602 INFO pika.adapters.blocking_connection: User-initiated close: result=BlockingConnection__OnClosedArgs(connection=<SelectConnection CLOSED transport=None params=<URLParameters host=localhost port=5672 virtual_host=d1__1 ssl=False>>, error=ConnectionClosedByClient: (200) 'Normal shutdown')
2026-10-07 10:18:33,609 INFO pika.adapters.utils.connection_workflow: Pika version 1.4.4 connecting to ('::1', 5672, 0, 0)
2026-10-07 10:18:33,609 INFO pika.adapters.utils.io_services_utils: Socket connected: <socket.socket fd=9, family=30, type=1, proto=6, laddr=('::1', 53573, 0, 0), raddr=('::1', 5672, 0, 0)>
2026-10-07 10:18:33,610 INFO pika.adapters.utils.connection_workflow: Streaming transport linked up: (<pika.adapters.utils.io_services_utils._AsyncPlaintextTransport object at 0x105e06120>, _StreamingProtocolShim: <SelectConnection PROTOCOL transport=<pika.adapters.utils.io_services_utils._AsyncPlaintextTransport object at 0x105e06120> params=<URLParameters host=localhost port=5672 virtual_host=d1__1 ssl=False>>).
2026-10-07 10:18:33,619 INFO pika.adapters.utils.connection_workflow: AMQPConnector - reporting success: <SelectConnection OPEN transport=<pika.adapters.utils.io_services_utils._AsyncPlaintextTransport object at 0x105e06120> params=<URLParameters host=localhost port=5672 virtual_host=d1__1 ssl=False>>
2026-10-07 10:18:33,619 INFO pika.adapters.utils.connection_workflow: AMQPConnectionWorkflow - reporting success: <SelectConnection OPEN transport=<pika.adapters.utils.io_services_utils._AsyncPlaintextTransport object at 0x105e06120> params=<URLParameters host=localhost port=5672 virtual_host=d1__1 ssl=False>>
2026-10-07 10:18:33,619 INFO pika.adapters.blocking_connection: Connection workflow succeeded: <SelectConnection OPEN transport=<pika.adapters.utils.io_services_utils._AsyncPlaintextTransport object at 0x105e06120> params=<URLParameters host=localhost port=5672 virtual_host=d1__1 ssl=False>>
2026-10-07 10:18:33,619 INFO pika.adapters.blocking_connection: Created channel=1
2026-10-07 10:18:33,624 INFO pika.adapters.blocking_connection: Closing connection (200): Normal shutdown
2026-10-07 10:18:33,624 INFO pika.channel: Closing channel (200): 'Normal shutdown' on <Channel number=1 OPEN conn=<SelectConnection OPEN transport=<pika.adapters.utils.io_services_utils._AsyncPlaintextTransport object at 0x105e06120> params=<URLParameters host=localhost port=5672 virtual_host=d1__1 ssl=False>>>
2026-10-07 10:18:33,625 INFO pika.channel: Received <Channel.CloseOk> on <Channel number=1 CLOSING conn=<SelectConnection OPEN transport=<pika.adapters.utils.io_services_utils._AsyncPlaintextTransport object at 0x105e06120> params=<URLParameters host=localhost port=5672 virtual_host=d1__1 ssl=False>>>
2026-10-07 10:18:33,625 INFO pika.connection: Closing connection (200): 'Normal shutdown'
2026-10-07 10:18:33,628 INFO pika.adapters.utils.io_services_utils: Aborting transport connection: state=1; <socket.socket fd=9, family=30, type=1, proto=6, laddr=('::1', 53573, 0, 0), raddr=('::1', 5672, 0, 0)>
2026-10-07 10:18:33,628 INFO pika.adapters.utils.io_services_utils: _AsyncTransportBase._initate_abort(): Initiating abrupt asynchronous transport shutdown: state=1; error=None; <socket.socket fd=9, family=30, type=1, proto=6, laddr=('::1', 53573, 0, 0), raddr=('::1', 5672, 0, 0)>
2026-10-07 10:18:33,628 INFO pika.adapters.utils.io_services_utils: Deactivating transport: state=1; <socket.socket fd=9, family=30, type=1, proto=6, laddr=('::1', 53573, 0, 0), raddr=('::1', 5672, 0, 0)>
2026-10-07 10:18:33,628 INFO pika.connection: AMQP stack terminated, failed to connect, or aborted: opened=True, error-arg=None; pending-error=ConnectionClosedByClient: (200) 'Normal shutdown'
2026-10-07 10:18:33,628 INFO pika.connection: Stack terminated due to ConnectionClosedByClient: (200) 'Normal shutdown'
2026-10-07 10:18:33,628 INFO pika.adapters.utils.io_services_utils: Closing transport socket and unlinking: state=3; <socket.socket fd=9, family=30, type=1, proto=6, laddr=('::1', 53573, 0, 0), raddr=('::1', 5672, 0, 0)>
2026-10-07 10:18:33,629 INFO pika.adapters.blocking_connection: User-initiated close: result=BlockingConnection__OnClosedArgs(connection=<SelectConnection CLOSED transport=None params=<URLParameters host=localhost port=5672 virtual_host=d1__1 ssl=False>>, error=ConnectionClosedByClient: (200) 'Normal shutdown')
2026-10-07 10:18:43,639 INFO pika.adapters.utils.connection_workflow: Pika version 1.4.4 connecting to ('::1', 5672, 0, 0)
2026-10-07 10:18:43,641 INFO pika.adapters.utils.io_services_utils: Socket connected: <socket.socket fd=9, family=30, type=1, proto=6, laddr=('::1', 53824, 0, 0), raddr=('::1', 5672, 0, 0)>
2026-10-07 10:18:43,642 INFO pika.adapters.utils.connection_workflow: Streaming transport linked up: (<pika.adapters.utils.io_services_utils._AsyncPlaintextTransport object at 0x105e06900>, _StreamingProtocolShim: <SelectConnection PROTOCOL transport=<pika.adapters.utils.io_services_utils._AsyncPlaintextTransport object at 0x105e06900> params=<URLParameters host=localhost port=5672 virtual_host=d1__1 ssl=False>>).
2026-10-07 10:18:43,658 INFO pika.adapters.utils.connection_workflow: AMQPConnector - reporting success: <SelectConnection OPEN transport=<pika.adapters.utils.io_services_utils._AsyncPlaintextTransport object at 0x105e06900> params=<URLParameters host=localhost port=5672 virtual_host=d1__1 ssl=False>>
2026-10-07 10:18:43,658 INFO pika.adapters.utils.connection_workflow: AMQPConnectionWorkflow - reporting success: <SelectConnection OPEN transport=<pika.adapters.utils.io_services_utils._AsyncPlaintextTransport object at 0x105e06900> params=<URLParameters host=localhost port=5672 virtual_host=d1__1 ssl=False>>
2026-10-07 10:18:43,658 INFO pika.adapters.blocking_connection: Connection workflow succeeded: <SelectConnection OPEN transport=<pika.adapters.utils.io_services_utils._AsyncPlaintextTransport object at 0x105e06900> params=<URLParameters host=localhost port=5672 virtual_host=d1__1 ssl=False>>
2026-10-07 10:18:43,659 INFO pika.adapters.blocking_connection: Created channel=1
2026-10-07 10:18:43,669 INFO pika.adapters.blocking_connection: Closing connection (200): Normal shutdown
2026-10-07 10:18:43,670 INFO pika.channel: Closing channel (200): 'Normal shutdown' on <Channel number=1 OPEN conn=<SelectConnection OPEN transport=<pika.adapters.utils.io_services_utils._AsyncPlaintextTransport object at 0x105e06900> params=<URLParameters host=localhost port=5672 virtual_host=d1__1 ssl=False>>>
2026-10-07 10:18:43,671 INFO pika.channel: Received <Channel.CloseOk> on <Channel number=1 CLOSING conn=<SelectConnection OPEN transport=<pika.adapters.utils.io_services_utils._AsyncPlaintextTransport object at 0x105e06900> params=<URLParameters host=localhost port=5672 virtual_host=d1__1 ssl=False>>>
2026-10-07 10:18:43,671 INFO pika.connection: Closing connection (200): 'Normal shutdown'
2026-10-07 10:18:43,678 INFO pika.adapters.utils.io_services_utils: Aborting transport connection: state=1; <socket.socket fd=9, family=30, type=1, proto=6, laddr=('::1', 53824, 0, 0), raddr=('::1', 5672, 0, 0)>
2026-10-07 10:18:43,678 INFO pika.adapters.utils.io_services_utils: _AsyncTransportBase._initate_abort(): Initiating abrupt asynchronous transport shutdown: state=1; error=None; <socket.socket fd=9, family=30, type=1, proto=6, laddr=('::1', 53824, 0, 0), raddr=('::1', 5672, 0, 0)>
2026-10-07 10:18:43,678 INFO pika.adapters.utils.io_services_utils: Deactivating transport: state=1; <socket.socket fd=9, family=30, type=1, proto=6, laddr=('::1', 53824, 0, 0), raddr=('::1', 5672, 0, 0)>
2026-10-07 10:18:43,678 INFO pika.connection: AMQP stack terminated, failed to connect, or aborted: opened=True, error-arg=None; pending-error=ConnectionClosedByClient: (200) 'Normal shutdown'
2026-10-07 10:18:43,679 INFO pika.connection: Stack terminated due to ConnectionClosedByClient: (200) 'Normal shutdown'
2026-10-07 10:18:43,679 INFO pika.adapters.utils.io_services_utils: Closing transport socket and unlinking: state=3; <socket.socket fd=9, family=30, type=1, proto=6, laddr=('::1', 53824, 0, 0), raddr=('::1', 5672, 0, 0)>
2026-10-07 10:18:43,679 INFO pika.adapters.blocking_connection: User-initiated close: result=BlockingConnection__OnClosedArgs(connection=<SelectConnection CLOSED transport=None params=<URLParameters host=localhost port=5672 virtual_host=d1__1 ssl=False>>, error=ConnectionClosedByClient: (200) 'Normal shutdown')
2026-10-07 10:18:53,695 INFO pika.adapters.utils.connection_workflow: Pika version 1.4.4 connecting to ('::1', 5672, 0, 0)
2026-10-07 10:18:53,696 INFO pika.adapters.utils.io_services_utils: Socket connected: <socket.socket fd=9, family=30, type=1, proto=6, laddr=('::1', 53835, 0, 0), raddr=('::1', 5672, 0, 0)>
2026-10-07 10:18:53,697 INFO pika.adapters.utils.connection_workflow: Streaming transport linked up: (<pika.adapters.utils.io_services_utils._AsyncPlaintextTransport object at 0x105e05ac0>, _StreamingProtocolShim: <SelectConnection PROTOCOL transport=<pika.adapters.utils.io_services_utils._AsyncPlaintextTransport object at 0x105e05ac0> params=<URLParameters host=localhost port=5672 virtual_host=d1__1 ssl=False>>).
2026-10-07 10:18:53,707 INFO pika.adapters.utils.connection_workflow: AMQPConnector - reporting success: <SelectConnection OPEN transport=<pika.adapters.utils.io_services_utils._AsyncPlaintextTransport object at 0x105e05ac0> params=<URLParameters host=localhost port=5672 virtual_host=d1__1 ssl=False>>
2026-10-07 10:18:53,707 INFO pika.adapters.utils.connection_workflow: AMQPConnectionWorkflow - reporting success: <SelectConnection OPEN transport=<pika.adapters.utils.io_services_utils._AsyncPlaintextTransport object at 0x105e05ac0> params=<URLParameters host=localhost port=5672 virtual_host=d1__1 ssl=False>>
2026-10-07 10:18:53,707 INFO pika.adapters.blocking_connection: Connection workflow succeeded: <SelectConnection OPEN transport=<pika.adapters.utils.io_services_utils._AsyncPlaintextTransport object at 0x105e05ac0> params=<URLParameters host=localhost port=5672 virtual_host=d1__1 ssl=False>>
2026-10-07 10:18:53,708 INFO pika.adapters.blocking_connection: Created channel=1
2026-10-07 10:18:53,715 INFO pika.adapters.blocking_connection: Closing connection (200): Normal shutdown
2026-10-07 10:18:53,715 INFO pika.channel: Closing channel (200): 'Normal shutdown' on <Channel number=1 OPEN conn=<SelectConnection OPEN transport=<pika.adapters.utils.io_services_utils._AsyncPlaintextTransport object at 0x105e05ac0> params=<URLParameters host=localhost port=5672 virtual_host=d1__1 ssl=False>>>
2026-10-07 10:18:53,716 INFO pika.channel: Received <Channel.CloseOk> on <Channel number=1 CLOSING conn=<SelectConnection OPEN transport=<pika.adapters.utils.io_services_utils._AsyncPlaintextTransport object at 0x105e05ac0> params=<URLParameters host=localhost port=5672 virtual_host=d1__1 ssl=False>>>
2026-10-07 10:18:53,717 INFO pika.connection: Closing connection (200): 'Normal shutdown'
2026-10-07 10:18:53,724 INFO pika.adapters.utils.io_services_utils: Aborting transport connection: state=1; <socket.socket fd=9, family=30, type=1, proto=6, laddr=('::1', 53835, 0, 0), raddr=('::1', 5672, 0, 0)>
2026-10-07 10:18:53,725 INFO pika.adapters.utils.io_services_utils: _AsyncTransportBase._initate_abort(): Initiating abrupt asynchronous transport shutdown: state=1; error=None; <socket.socket fd=9, family=30, type=1, proto=6, laddr=('::1', 53835, 0, 0), raddr=('::1', 5672, 0, 0)>
2026-10-07 10:18:53,725 INFO pika.adapters.utils.io_services_utils: Deactivating transport: state=1; <socket.socket fd=9, family=30, type=1, proto=6, laddr=('::1', 53835, 0, 0), raddr=('::1', 5672, 0, 0)>
2026-10-07 10:18:53,725 INFO pika.connection: AMQP stack terminated, failed to connect, or aborted: opened=True, error-arg=None; pending-error=ConnectionClosedByClient: (200) 'Normal shutdown'
2026-10-07 10:18:53,725 INFO pika.connection: Stack terminated due to ConnectionClosedByClient: (200) 'Normal shutdown'
2026-10-07 10:18:53,725 INFO pika.adapters.utils.io_services_utils: Closing transport socket and unlinking: state=3; <socket.socket fd=9, family=30, type=1, proto=6, laddr=('::1', 53835, 0, 0), raddr=('::1', 5672, 0, 0)>
2026-10-07 10:18:53,725 INFO pika.adapters.blocking_connection: User-initiated close: result=BlockingConnection__OnClosedArgs(connection=<SelectConnection CLOSED transport=None params=<URLParameters host=localhost port=5672 virtual_host=d1__1 ssl=False>>, error=ConnectionClosedByClient: (200) 'Normal shutdown')
2026-10-07 10:19:03,736 INFO pika.adapters.utils.connection_workflow: Pika version 1.4.4 connecting to ('::1', 5672, 0, 0)
2026-10-07 10:19:03,738 ERROR pika.adapters.utils.io_services_utils: Socket failed to connect: <socket.socket fd=9, family=30, type=1, proto=6, laddr=('::1', 53888, 0, 0)>; error=61 (Connection refused)
2026-10-07 10:19:03,739 ERROR pika.adapters.utils.connection_workflow: TCP Connection attempt failed: ConnectionRefusedError(61, 'Connection refused'); dest=(<AddressFamily.AF_INET6: 30>, <SocketKind.SOCK_STREAM: 1>, 6, '', ('::1', 5672, 0, 0))
2026-10-07 10:19:03,739 ERROR pika.adapters.utils.connection_workflow: AMQPConnector - reporting failure: AMQPConnectorSocketConnectError: ConnectionRefusedError(61, 'Connection refused')
2026-10-07 10:19:03,739 INFO pika.adapters.utils.connection_workflow: Pika version 1.4.4 connecting to ('127.0.0.1', 5672)
2026-10-07 10:19:03,740 ERROR pika.adapters.utils.io_services_utils: Socket failed to connect: <socket.socket fd=9, family=2, type=1, proto=6, laddr=('127.0.0.1', 53889)>; error=61 (Connection refused)
2026-10-07 10:19:03,740 ERROR pika.adapters.utils.connection_workflow: TCP Connection attempt failed: ConnectionRefusedError(61, 'Connection refused'); dest=(<AddressFamily.AF_INET: 2>, <SocketKind.SOCK_STREAM: 1>, 6, '', ('127.0.0.1', 5672))
2026-10-07 10:19:03,740 ERROR pika.adapters.utils.connection_workflow: AMQPConnector - reporting failure: AMQPConnectorSocketConnectError: ConnectionRefusedError(61, 'Connection refused')
2026-10-07 10:19:03,740 ERROR pika.adapters.utils.connection_workflow: AMQP connection workflow failed: AMQPConnectionWorkflowFailed: 2 exceptions in all; last exception - AMQPConnectorSocketConnectError: ConnectionRefusedError(61, 'Connection refused'); first exception - AMQPConnectorSocketConnectError: ConnectionRefusedError(61, 'Connection refused').
2026-10-07 10:19:03,740 ERROR pika.adapters.utils.connection_workflow: AMQPConnectionWorkflow - reporting failure: AMQPConnectionWorkflowFailed: 2 exceptions in all; last exception - AMQPConnectorSocketConnectError: ConnectionRefusedError(61, 'Connection refused'); first exception - AMQPConnectorSocketConnectError: ConnectionRefusedError(61, 'Connection refused')
2026-10-07 10:19:03,740 ERROR pika.adapters.blocking_connection: Connection workflow failed: AMQPConnectionWorkflowFailed: 2 exceptions in all; last exception - AMQPConnectorSocketConnectError: ConnectionRefusedError(61, 'Connection refused'); first exception - AMQPConnectorSocketConnectError: ConnectionRefusedError(61, 'Connection refused')
2026-10-07 10:19:03,741 ERROR pika.adapters.blocking_connection: Error in _create_connection().
Traceback (most recent call last):
  File "/Users/jessica/GridWorks/gridworks-alerter/.venv/lib/python3.12/site-packages/pika/adapters/blocking_connection.py", line 478, in _create_connection
    raise self._reap_last_connection_workflow_error(error)
pika.exceptions.AMQPConnectionError
2026-10-07 10:19:03,745 WARNING gwalerter.prober: localhost:5672 failed (1 running): AMQPConnectionError: (AMQPConnectorSocketConnectError: ConnectionRefusedError(61, 'Connection refused'),)
2026-10-07 10:19:03,747 WARNING gwalerter.prober: localhost:1885 failed (1 running): ConnectionRefusedError(61, 'Connection refused')
2026-10-07 10:19:13,757 INFO pika.adapters.utils.connection_workflow: Pika version 1.4.4 connecting to ('::1', 5672, 0, 0)
2026-10-07 10:19:13,759 ERROR pika.adapters.utils.io_services_utils: Socket failed to connect: <socket.socket fd=9, family=30, type=1, proto=6, laddr=('::1', 54040, 0, 0)>; error=61 (Connection refused)
2026-10-07 10:19:13,759 ERROR pika.adapters.utils.connection_workflow: TCP Connection attempt failed: ConnectionRefusedError(61, 'Connection refused'); dest=(<AddressFamily.AF_INET6: 30>, <SocketKind.SOCK_STREAM: 1>, 6, '', ('::1', 5672, 0, 0))
2026-10-07 10:19:13,759 ERROR pika.adapters.utils.connection_workflow: AMQPConnector - reporting failure: AMQPConnectorSocketConnectError: ConnectionRefusedError(61, 'Connection refused')
2026-10-07 10:19:13,759 INFO pika.adapters.utils.connection_workflow: Pika version 1.4.4 connecting to ('127.0.0.1', 5672)
2026-10-07 10:19:13,760 ERROR pika.adapters.utils.io_services_utils: Socket failed to connect: <socket.socket fd=9, family=2, type=1, proto=6, laddr=('127.0.0.1', 54041)>; error=61 (Connection refused)
2026-10-07 10:19:13,760 ERROR pika.adapters.utils.connection_workflow: TCP Connection attempt failed: ConnectionRefusedError(61, 'Connection refused'); dest=(<AddressFamily.AF_INET: 2>, <SocketKind.SOCK_STREAM: 1>, 6, '', ('127.0.0.1', 5672))
2026-10-07 10:19:13,760 ERROR pika.adapters.utils.connection_workflow: AMQPConnector - reporting failure: AMQPConnectorSocketConnectError: ConnectionRefusedError(61, 'Connection refused')
2026-10-07 10:19:13,760 ERROR pika.adapters.utils.connection_workflow: AMQP connection workflow failed: AMQPConnectionWorkflowFailed: 2 exceptions in all; last exception - AMQPConnectorSocketConnectError: ConnectionRefusedError(61, 'Connection refused'); first exception - AMQPConnectorSocketConnectError: ConnectionRefusedError(61, 'Connection refused').
2026-10-07 10:19:13,760 ERROR pika.adapters.utils.connection_workflow: AMQPConnectionWorkflow - reporting failure: AMQPConnectionWorkflowFailed: 2 exceptions in all; last exception - AMQPConnectorSocketConnectError: ConnectionRefusedError(61, 'Connection refused'); first exception - AMQPConnectorSocketConnectError: ConnectionRefusedError(61, 'Connection refused')
2026-10-07 10:19:13,760 ERROR pika.adapters.blocking_connection: Connection workflow failed: AMQPConnectionWorkflowFailed: 2 exceptions in all; last exception - AMQPConnectorSocketConnectError: ConnectionRefusedError(61, 'Connection refused'); first exception - AMQPConnectorSocketConnectError: ConnectionRefusedError(61, 'Connection refused')
2026-10-07 10:19:13,761 ERROR pika.adapters.blocking_connection: Error in _create_connection().
Traceback (most recent call last):
  File "/Users/jessica/GridWorks/gridworks-alerter/.venv/lib/python3.12/site-packages/pika/adapters/blocking_connection.py", line 478, in _create_connection
    raise self._reap_last_connection_workflow_error(error)
pika.exceptions.AMQPConnectionError
2026-10-07 10:19:13,764 WARNING gwalerter.prober: localhost:5672 failed (2 running): AMQPConnectionError: (AMQPConnectorSocketConnectError: ConnectionRefusedError(61, 'Connection refused'),)
2026-10-07 10:19:13,767 WARNING gwalerter.prober: localhost:1885 failed (2 running): ConnectionRefusedError(61, 'Connection refused')
2026-10-07 10:19:23,776 INFO pika.adapters.utils.connection_workflow: Pika version 1.4.4 connecting to ('::1', 5672, 0, 0)
2026-10-07 10:19:23,777 ERROR pika.adapters.utils.io_services_utils: Socket failed to connect: <socket.socket fd=9, family=30, type=1, proto=6, laddr=('::1', 54076, 0, 0)>; error=61 (Connection refused)
2026-10-07 10:19:23,777 ERROR pika.adapters.utils.connection_workflow: TCP Connection attempt failed: ConnectionRefusedError(61, 'Connection refused'); dest=(<AddressFamily.AF_INET6: 30>, <SocketKind.SOCK_STREAM: 1>, 6, '', ('::1', 5672, 0, 0))
2026-10-07 10:19:23,777 ERROR pika.adapters.utils.connection_workflow: AMQPConnector - reporting failure: AMQPConnectorSocketConnectError: ConnectionRefusedError(61, 'Connection refused')
2026-10-07 10:19:23,777 INFO pika.adapters.utils.connection_workflow: Pika version 1.4.4 connecting to ('127.0.0.1', 5672)
2026-10-07 10:19:23,778 ERROR pika.adapters.utils.io_services_utils: Socket failed to connect: <socket.socket fd=9, family=2, type=1, proto=6, laddr=('127.0.0.1', 54077)>; error=61 (Connection refused)
2026-10-07 10:19:23,778 ERROR pika.adapters.utils.connection_workflow: TCP Connection attempt failed: ConnectionRefusedError(61, 'Connection refused'); dest=(<AddressFamily.AF_INET: 2>, <SocketKind.SOCK_STREAM: 1>, 6, '', ('127.0.0.1', 5672))
2026-10-07 10:19:23,778 ERROR pika.adapters.utils.connection_workflow: AMQPConnector - reporting failure: AMQPConnectorSocketConnectError: ConnectionRefusedError(61, 'Connection refused')
2026-10-07 10:19:23,778 ERROR pika.adapters.utils.connection_workflow: AMQP connection workflow failed: AMQPConnectionWorkflowFailed: 2 exceptions in all; last exception - AMQPConnectorSocketConnectError: ConnectionRefusedError(61, 'Connection refused'); first exception - AMQPConnectorSocketConnectError: ConnectionRefusedError(61, 'Connection refused').
2026-10-07 10:19:23,778 ERROR pika.adapters.utils.connection_workflow: AMQPConnectionWorkflow - reporting failure: AMQPConnectionWorkflowFailed: 2 exceptions in all; last exception - AMQPConnectorSocketConnectError: ConnectionRefusedError(61, 'Connection refused'); first exception - AMQPConnectorSocketConnectError: ConnectionRefusedError(61, 'Connection refused')
2026-10-07 10:19:23,778 ERROR pika.adapters.blocking_connection: Connection workflow failed: AMQPConnectionWorkflowFailed: 2 exceptions in all; last exception - AMQPConnectorSocketConnectError: ConnectionRefusedError(61, 'Connection refused'); first exception - AMQPConnectorSocketConnectError: ConnectionRefusedError(61, 'Connection refused')
2026-10-07 10:19:23,778 ERROR pika.adapters.blocking_connection: Error in _create_connection().
Traceback (most recent call last):
  File "/Users/jessica/GridWorks/gridworks-alerter/.venv/lib/python3.12/site-packages/pika/adapters/blocking_connection.py", line 478, in _create_connection
    raise self._reap_last_connection_workflow_error(error)
pika.exceptions.AMQPConnectionError
2026-10-07 10:19:23,782 WARNING gwalerter.prober: localhost:5672 failed (3 running): AMQPConnectionError: (AMQPConnectorSocketConnectError: ConnectionRefusedError(61, 'Connection refused'),)
2026-10-07 10:19:23,790 ERROR gwalerter.prober: Firing BrokerUnreachable on localhost:5672 (9924715b-1761-4b8b-816d-02f1d5792ef0)
2026-10-07 10:19:23,793 WARNING gwalerter.prober: localhost:1885 failed (3 running): ConnectionRefusedError(61, 'Connection refused')
2026-10-07 10:19:23,795 ERROR gwalerter.prober: Firing BrokerUnreachable on localhost:1885 (476df8a9-d19d-46ef-8e95-c9e31e90e07c)
2026-10-07 10:19:33,802 INFO pika.adapters.utils.connection_workflow: Pika version 1.4.4 connecting to ('::1', 5672, 0, 0)
2026-10-07 10:19:33,803 ERROR pika.adapters.utils.io_services_utils: Socket failed to connect: <socket.socket fd=9, family=30, type=1, proto=6, laddr=('::1', 54103, 0, 0)>; error=61 (Connection refused)
2026-10-07 10:19:33,803 ERROR pika.adapters.utils.connection_workflow: TCP Connection attempt failed: ConnectionRefusedError(61, 'Connection refused'); dest=(<AddressFamily.AF_INET6: 30>, <SocketKind.SOCK_STREAM: 1>, 6, '', ('::1', 5672, 0, 0))
2026-10-07 10:19:33,803 ERROR pika.adapters.utils.connection_workflow: AMQPConnector - reporting failure: AMQPConnectorSocketConnectError: ConnectionRefusedError(61, 'Connection refused')
2026-10-07 10:19:33,803 INFO pika.adapters.utils.connection_workflow: Pika version 1.4.4 connecting to ('127.0.0.1', 5672)
2026-10-07 10:19:33,804 ERROR pika.adapters.utils.io_services_utils: Socket failed to connect: <socket.socket fd=9, family=2, type=1, proto=6, laddr=('127.0.0.1', 54104)>; error=61 (Connection refused)
2026-10-07 10:19:33,804 ERROR pika.adapters.utils.connection_workflow: TCP Connection attempt failed: ConnectionRefusedError(61, 'Connection refused'); dest=(<AddressFamily.AF_INET: 2>, <SocketKind.SOCK_STREAM: 1>, 6, '', ('127.0.0.1', 5672))
2026-10-07 10:19:33,804 ERROR pika.adapters.utils.connection_workflow: AMQPConnector - reporting failure: AMQPConnectorSocketConnectError: ConnectionRefusedError(61, 'Connection refused')
2026-10-07 10:19:33,804 ERROR pika.adapters.utils.connection_workflow: AMQP connection workflow failed: AMQPConnectionWorkflowFailed: 2 exceptions in all; last exception - AMQPConnectorSocketConnectError: ConnectionRefusedError(61, 'Connection refused'); first exception - AMQPConnectorSocketConnectError: ConnectionRefusedError(61, 'Connection refused').
2026-10-07 10:19:33,804 ERROR pika.adapters.utils.connection_workflow: AMQPConnectionWorkflow - reporting failure: AMQPConnectionWorkflowFailed: 2 exceptions in all; last exception - AMQPConnectorSocketConnectError: ConnectionRefusedError(61, 'Connection refused'); first exception - AMQPConnectorSocketConnectError: ConnectionRefusedError(61, 'Connection refused')
2026-10-07 10:19:33,804 ERROR pika.adapters.blocking_connection: Connection workflow failed: AMQPConnectionWorkflowFailed: 2 exceptions in all; last exception - AMQPConnectorSocketConnectError: ConnectionRefusedError(61, 'Connection refused'); first exception - AMQPConnectorSocketConnectError: ConnectionRefusedError(61, 'Connection refused')
2026-10-07 10:19:33,804 ERROR pika.adapters.blocking_connection: Error in _create_connection().
Traceback (most recent call last):
  File "/Users/jessica/GridWorks/gridworks-alerter/.venv/lib/python3.12/site-packages/pika/adapters/blocking_connection.py", line 478, in _create_connection
    raise self._reap_last_connection_workflow_error(error)
pika.exceptions.AMQPConnectionError
2026-10-07 10:19:33,808 WARNING gwalerter.prober: localhost:5672 failed (4 running): AMQPConnectionError: (AMQPConnectorSocketConnectError: ConnectionRefusedError(61, 'Connection refused'),)
2026-10-07 10:19:33,810 WARNING gwalerter.prober: localhost:1885 failed (4 running): ConnectionRefusedError(61, 'Connection refused')
2026-10-07 10:19:43,819 INFO pika.adapters.utils.connection_workflow: Pika version 1.4.4 connecting to ('::1', 5672, 0, 0)
2026-10-07 10:19:43,820 ERROR pika.adapters.utils.io_services_utils: Socket failed to connect: <socket.socket fd=9, family=30, type=1, proto=6, laddr=('::1', 54138, 0, 0)>; error=61 (Connection refused)
2026-10-07 10:19:43,820 ERROR pika.adapters.utils.connection_workflow: TCP Connection attempt failed: ConnectionRefusedError(61, 'Connection refused'); dest=(<AddressFamily.AF_INET6: 30>, <SocketKind.SOCK_STREAM: 1>, 6, '', ('::1', 5672, 0, 0))
2026-10-07 10:19:43,820 ERROR pika.adapters.utils.connection_workflow: AMQPConnector - reporting failure: AMQPConnectorSocketConnectError: ConnectionRefusedError(61, 'Connection refused')
2026-10-07 10:19:43,820 INFO pika.adapters.utils.connection_workflow: Pika version 1.4.4 connecting to ('127.0.0.1', 5672)
2026-10-07 10:19:43,821 ERROR pika.adapters.utils.io_services_utils: Socket failed to connect: <socket.socket fd=9, family=2, type=1, proto=6, laddr=('127.0.0.1', 54139)>; error=61 (Connection refused)
2026-10-07 10:19:43,821 ERROR pika.adapters.utils.connection_workflow: TCP Connection attempt failed: ConnectionRefusedError(61, 'Connection refused'); dest=(<AddressFamily.AF_INET: 2>, <SocketKind.SOCK_STREAM: 1>, 6, '', ('127.0.0.1', 5672))
2026-10-07 10:19:43,821 ERROR pika.adapters.utils.connection_workflow: AMQPConnector - reporting failure: AMQPConnectorSocketConnectError: ConnectionRefusedError(61, 'Connection refused')
2026-10-07 10:19:43,821 ERROR pika.adapters.utils.connection_workflow: AMQP connection workflow failed: AMQPConnectionWorkflowFailed: 2 exceptions in all; last exception - AMQPConnectorSocketConnectError: ConnectionRefusedError(61, 'Connection refused'); first exception - AMQPConnectorSocketConnectError: ConnectionRefusedError(61, 'Connection refused').
2026-10-07 10:19:43,821 ERROR pika.adapters.utils.connection_workflow: AMQPConnectionWorkflow - reporting failure: AMQPConnectionWorkflowFailed: 2 exceptions in all; last exception - AMQPConnectorSocketConnectError: ConnectionRefusedError(61, 'Connection refused'); first exception - AMQPConnectorSocketConnectError: ConnectionRefusedError(61, 'Connection refused')
2026-10-07 10:19:43,821 ERROR pika.adapters.blocking_connection: Connection workflow failed: AMQPConnectionWorkflowFailed: 2 exceptions in all; last exception - AMQPConnectorSocketConnectError: ConnectionRefusedError(61, 'Connection refused'); first exception - AMQPConnectorSocketConnectError: ConnectionRefusedError(61, 'Connection refused')
2026-10-07 10:19:43,821 ERROR pika.adapters.blocking_connection: Error in _create_connection().
Traceback (most recent call last):
  File "/Users/jessica/GridWorks/gridworks-alerter/.venv/lib/python3.12/site-packages/pika/adapters/blocking_connection.py", line 478, in _create_connection
    raise self._reap_last_connection_workflow_error(error)
pika.exceptions.AMQPConnectionError
2026-10-07 10:19:43,825 WARNING gwalerter.prober: localhost:5672 failed (5 running): AMQPConnectionError: (AMQPConnectorSocketConnectError: ConnectionRefusedError(61, 'Connection refused'),)
2026-10-07 10:19:43,829 WARNING gwalerter.prober: localhost:1885 failed (5 running): ConnectionRefusedError(61, 'Connection refused')
2026-10-07 10:19:53,833 INFO pika.adapters.utils.connection_workflow: Pika version 1.4.4 connecting to ('::1', 5672, 0, 0)
2026-10-07 10:19:53,834 ERROR pika.adapters.utils.io_services_utils: Socket failed to connect: <socket.socket fd=9, family=30, type=1, proto=6, laddr=('::1', 54164, 0, 0)>; error=61 (Connection refused)
2026-10-07 10:19:53,834 ERROR pika.adapters.utils.connection_workflow: TCP Connection attempt failed: ConnectionRefusedError(61, 'Connection refused'); dest=(<AddressFamily.AF_INET6: 30>, <SocketKind.SOCK_STREAM: 1>, 6, '', ('::1', 5672, 0, 0))
2026-10-07 10:19:53,834 ERROR pika.adapters.utils.connection_workflow: AMQPConnector - reporting failure: AMQPConnectorSocketConnectError: ConnectionRefusedError(61, 'Connection refused')
2026-10-07 10:19:53,834 INFO pika.adapters.utils.connection_workflow: Pika version 1.4.4 connecting to ('127.0.0.1', 5672)
2026-10-07 10:19:53,834 ERROR pika.adapters.utils.io_services_utils: Socket failed to connect: <socket.socket fd=9, family=2, type=1, proto=6, laddr=('127.0.0.1', 54165)>; error=61 (Connection refused)
2026-10-07 10:19:53,834 ERROR pika.adapters.utils.connection_workflow: TCP Connection attempt failed: ConnectionRefusedError(61, 'Connection refused'); dest=(<AddressFamily.AF_INET: 2>, <SocketKind.SOCK_STREAM: 1>, 6, '', ('127.0.0.1', 5672))
2026-10-07 10:19:53,834 ERROR pika.adapters.utils.connection_workflow: AMQPConnector - reporting failure: AMQPConnectorSocketConnectError: ConnectionRefusedError(61, 'Connection refused')
2026-10-07 10:19:53,834 ERROR pika.adapters.utils.connection_workflow: AMQP connection workflow failed: AMQPConnectionWorkflowFailed: 2 exceptions in all; last exception - AMQPConnectorSocketConnectError: ConnectionRefusedError(61, 'Connection refused'); first exception - AMQPConnectorSocketConnectError: ConnectionRefusedError(61, 'Connection refused').
2026-10-07 10:19:53,834 ERROR pika.adapters.utils.connection_workflow: AMQPConnectionWorkflow - reporting failure: AMQPConnectionWorkflowFailed: 2 exceptions in all; last exception - AMQPConnectorSocketConnectError: ConnectionRefusedError(61, 'Connection refused'); first exception - AMQPConnectorSocketConnectError: ConnectionRefusedError(61, 'Connection refused')
2026-10-07 10:19:53,834 ERROR pika.adapters.blocking_connection: Connection workflow failed: AMQPConnectionWorkflowFailed: 2 exceptions in all; last exception - AMQPConnectorSocketConnectError: ConnectionRefusedError(61, 'Connection refused'); first exception - AMQPConnectorSocketConnectError: ConnectionRefusedError(61, 'Connection refused')
2026-10-07 10:19:53,834 ERROR pika.adapters.blocking_connection: Error in _create_connection().
Traceback (most recent call last):
  File "/Users/jessica/GridWorks/gridworks-alerter/.venv/lib/python3.12/site-packages/pika/adapters/blocking_connection.py", line 478, in _create_connection
    raise self._reap_last_connection_workflow_error(error)
pika.exceptions.AMQPConnectionError
2026-10-07 10:19:53,835 WARNING gwalerter.prober: localhost:5672 failed (6 running): AMQPConnectionError: (AMQPConnectorSocketConnectError: ConnectionRefusedError(61, 'Connection refused'),)
2026-10-07 10:19:53,835 WARNING gwalerter.prober: localhost:1885 failed (6 running): ConnectionRefusedError(61, 'Connection refused')
2026-10-07 10:20:03,845 INFO pika.adapters.utils.connection_workflow: Pika version 1.4.4 connecting to ('::1', 5672, 0, 0)
2026-10-07 10:20:03,845 ERROR pika.adapters.utils.io_services_utils: Socket failed to connect: <socket.socket fd=9, family=30, type=1, proto=6, laddr=('::1', 54195, 0, 0)>; error=61 (Connection refused)
2026-10-07 10:20:03,845 ERROR pika.adapters.utils.connection_workflow: TCP Connection attempt failed: ConnectionRefusedError(61, 'Connection refused'); dest=(<AddressFamily.AF_INET6: 30>, <SocketKind.SOCK_STREAM: 1>, 6, '', ('::1', 5672, 0, 0))
2026-10-07 10:20:03,845 ERROR pika.adapters.utils.connection_workflow: AMQPConnector - reporting failure: AMQPConnectorSocketConnectError: ConnectionRefusedError(61, 'Connection refused')
2026-10-07 10:20:03,846 INFO pika.adapters.utils.connection_workflow: Pika version 1.4.4 connecting to ('127.0.0.1', 5672)
2026-10-07 10:20:03,846 ERROR pika.adapters.utils.io_services_utils: Socket failed to connect: <socket.socket fd=9, family=2, type=1, proto=6, laddr=('127.0.0.1', 54196)>; error=61 (Connection refused)
2026-10-07 10:20:03,846 ERROR pika.adapters.utils.connection_workflow: TCP Connection attempt failed: ConnectionRefusedError(61, 'Connection refused'); dest=(<AddressFamily.AF_INET: 2>, <SocketKind.SOCK_STREAM: 1>, 6, '', ('127.0.0.1', 5672))
2026-10-07 10:20:03,846 ERROR pika.adapters.utils.connection_workflow: AMQPConnector - reporting failure: AMQPConnectorSocketConnectError: ConnectionRefusedError(61, 'Connection refused')
2026-10-07 10:20:03,846 ERROR pika.adapters.utils.connection_workflow: AMQP connection workflow failed: AMQPConnectionWorkflowFailed: 2 exceptions in all; last exception - AMQPConnectorSocketConnectError: ConnectionRefusedError(61, 'Connection refused'); first exception - AMQPConnectorSocketConnectError: ConnectionRefusedError(61, 'Connection refused').
2026-10-07 10:20:03,846 ERROR pika.adapters.utils.connection_workflow: AMQPConnectionWorkflow - reporting failure: AMQPConnectionWorkflowFailed: 2 exceptions in all; last exception - AMQPConnectorSocketConnectError: ConnectionRefusedError(61, 'Connection refused'); first exception - AMQPConnectorSocketConnectError: ConnectionRefusedError(61, 'Connection refused')
2026-10-07 10:20:03,846 ERROR pika.adapters.blocking_connection: Connection workflow failed: AMQPConnectionWorkflowFailed: 2 exceptions in all; last exception - AMQPConnectorSocketConnectError: ConnectionRefusedError(61, 'Connection refused'); first exception - AMQPConnectorSocketConnectError: ConnectionRefusedError(61, 'Connection refused')
2026-10-07 10:20:03,846 ERROR pika.adapters.blocking_connection: Error in _create_connection().
Traceback (most recent call last):
  File "/Users/jessica/GridWorks/gridworks-alerter/.venv/lib/python3.12/site-packages/pika/adapters/blocking_connection.py", line 478, in _create_connection
    raise self._reap_last_connection_workflow_error(error)
pika.exceptions.AMQPConnectionError
2026-10-07 10:20:03,849 WARNING gwalerter.prober: localhost:5672 failed (7 running): AMQPConnectionError: (AMQPConnectorSocketConnectError: ConnectionRefusedError(61, 'Connection refused'),)
2026-10-07 10:20:03,852 WARNING gwalerter.prober: localhost:1885 failed (7 running): ConnectionRefusedError(61, 'Connection refused')
2026-10-07 10:20:13,862 INFO pika.adapters.utils.connection_workflow: Pika version 1.4.4 connecting to ('::1', 5672, 0, 0)
2026-10-07 10:20:13,864 ERROR pika.adapters.utils.io_services_utils: Socket failed to connect: <socket.socket fd=9, family=30, type=1, proto=6, laddr=('::1', 54264, 0, 0)>; error=61 (Connection refused)
2026-10-07 10:20:13,864 ERROR pika.adapters.utils.connection_workflow: TCP Connection attempt failed: ConnectionRefusedError(61, 'Connection refused'); dest=(<AddressFamily.AF_INET6: 30>, <SocketKind.SOCK_STREAM: 1>, 6, '', ('::1', 5672, 0, 0))
2026-10-07 10:20:13,865 ERROR pika.adapters.utils.connection_workflow: AMQPConnector - reporting failure: AMQPConnectorSocketConnectError: ConnectionRefusedError(61, 'Connection refused')
2026-10-07 10:20:13,865 INFO pika.adapters.utils.connection_workflow: Pika version 1.4.4 connecting to ('127.0.0.1', 5672)
2026-10-07 10:20:13,865 ERROR pika.adapters.utils.io_services_utils: Socket failed to connect: <socket.socket fd=9, family=2, type=1, proto=6, laddr=('127.0.0.1', 54265)>; error=61 (Connection refused)
2026-10-07 10:20:13,865 ERROR pika.adapters.utils.connection_workflow: TCP Connection attempt failed: ConnectionRefusedError(61, 'Connection refused'); dest=(<AddressFamily.AF_INET: 2>, <SocketKind.SOCK_STREAM: 1>, 6, '', ('127.0.0.1', 5672))
2026-10-07 10:20:13,866 ERROR pika.adapters.utils.connection_workflow: AMQPConnector - reporting failure: AMQPConnectorSocketConnectError: ConnectionRefusedError(61, 'Connection refused')
2026-10-07 10:20:13,866 ERROR pika.adapters.utils.connection_workflow: AMQP connection workflow failed: AMQPConnectionWorkflowFailed: 2 exceptions in all; last exception - AMQPConnectorSocketConnectError: ConnectionRefusedError(61, 'Connection refused'); first exception - AMQPConnectorSocketConnectError: ConnectionRefusedError(61, 'Connection refused').
2026-10-07 10:20:13,866 ERROR pika.adapters.utils.connection_workflow: AMQPConnectionWorkflow - reporting failure: AMQPConnectionWorkflowFailed: 2 exceptions in all; last exception - AMQPConnectorSocketConnectError: ConnectionRefusedError(61, 'Connection refused'); first exception - AMQPConnectorSocketConnectError: ConnectionRefusedError(61, 'Connection refused')
2026-10-07 10:20:13,866 ERROR pika.adapters.blocking_connection: Connection workflow failed: AMQPConnectionWorkflowFailed: 2 exceptions in all; last exception - AMQPConnectorSocketConnectError: ConnectionRefusedError(61, 'Connection refused'); first exception - AMQPConnectorSocketConnectError: ConnectionRefusedError(61, 'Connection refused')
2026-10-07 10:20:13,866 ERROR pika.adapters.blocking_connection: Error in _create_connection().
Traceback (most recent call last):
  File "/Users/jessica/GridWorks/gridworks-alerter/.venv/lib/python3.12/site-packages/pika/adapters/blocking_connection.py", line 478, in _create_connection
    raise self._reap_last_connection_workflow_error(error)
pika.exceptions.AMQPConnectionError
2026-10-07 10:20:13,871 WARNING gwalerter.prober: localhost:5672 failed (8 running): AMQPConnectionError: (AMQPConnectorSocketConnectError: ConnectionRefusedError(61, 'Connection refused'),)
2026-10-07 10:20:13,874 WARNING gwalerter.prober: localhost:1885 failed (8 running): ConnectionRefusedError(61, 'Connection refused')
2026-10-07 10:20:23,884 INFO pika.adapters.utils.connection_workflow: Pika version 1.4.4 connecting to ('::1', 5672, 0, 0)
2026-10-07 10:20:23,884 ERROR pika.adapters.utils.io_services_utils: Socket failed to connect: <socket.socket fd=9, family=30, type=1, proto=6, laddr=('::1', 54284, 0, 0)>; error=61 (Connection refused)
2026-10-07 10:20:23,885 ERROR pika.adapters.utils.connection_workflow: TCP Connection attempt failed: ConnectionRefusedError(61, 'Connection refused'); dest=(<AddressFamily.AF_INET6: 30>, <SocketKind.SOCK_STREAM: 1>, 6, '', ('::1', 5672, 0, 0))
2026-10-07 10:20:23,885 ERROR pika.adapters.utils.connection_workflow: AMQPConnector - reporting failure: AMQPConnectorSocketConnectError: ConnectionRefusedError(61, 'Connection refused')
2026-10-07 10:20:23,885 INFO pika.adapters.utils.connection_workflow: Pika version 1.4.4 connecting to ('127.0.0.1', 5672)
2026-10-07 10:20:23,886 ERROR pika.adapters.utils.io_services_utils: Socket failed to connect: <socket.socket fd=9, family=2, type=1, proto=6, laddr=('127.0.0.1', 54285)>; error=61 (Connection refused)
2026-10-07 10:20:23,886 ERROR pika.adapters.utils.connection_workflow: TCP Connection attempt failed: ConnectionRefusedError(61, 'Connection refused'); dest=(<AddressFamily.AF_INET: 2>, <SocketKind.SOCK_STREAM: 1>, 6, '', ('127.0.0.1', 5672))
2026-10-07 10:20:23,886 ERROR pika.adapters.utils.connection_workflow: AMQPConnector - reporting failure: AMQPConnectorSocketConnectError: ConnectionRefusedError(61, 'Connection refused')
2026-10-07 10:20:23,886 ERROR pika.adapters.utils.connection_workflow: AMQP connection workflow failed: AMQPConnectionWorkflowFailed: 2 exceptions in all; last exception - AMQPConnectorSocketConnectError: ConnectionRefusedError(61, 'Connection refused'); first exception - AMQPConnectorSocketConnectError: ConnectionRefusedError(61, 'Connection refused').
2026-10-07 10:20:23,886 ERROR pika.adapters.utils.connection_workflow: AMQPConnectionWorkflow - reporting failure: AMQPConnectionWorkflowFailed: 2 exceptions in all; last exception - AMQPConnectorSocketConnectError: ConnectionRefusedError(61, 'Connection refused'); first exception - AMQPConnectorSocketConnectError: ConnectionRefusedError(61, 'Connection refused')
2026-10-07 10:20:23,886 ERROR pika.adapters.blocking_connection: Connection workflow failed: AMQPConnectionWorkflowFailed: 2 exceptions in all; last exception - AMQPConnectorSocketConnectError: ConnectionRefusedError(61, 'Connection refused'); first exception - AMQPConnectorSocketConnectError: ConnectionRefusedError(61, 'Connection refused')
2026-10-07 10:20:23,886 ERROR pika.adapters.blocking_connection: Error in _create_connection().
Traceback (most recent call last):
  File "/Users/jessica/GridWorks/gridworks-alerter/.venv/lib/python3.12/site-packages/pika/adapters/blocking_connection.py", line 478, in _create_connection
    raise self._reap_last_connection_workflow_error(error)
pika.exceptions.AMQPConnectionError
2026-10-07 10:20:23,891 WARNING gwalerter.prober: localhost:5672 failed (9 running): AMQPConnectionError: (AMQPConnectorSocketConnectError: ConnectionRefusedError(61, 'Connection refused'),)
2026-10-07 10:20:23,894 WARNING gwalerter.prober: localhost:1885 failed (9 running): ConnectionRefusedError(61, 'Connection refused')
2026-10-07 10:20:33,899 INFO pika.adapters.utils.connection_workflow: Pika version 1.4.4 connecting to ('::1', 5672, 0, 0)
2026-10-07 10:20:33,900 ERROR pika.adapters.utils.io_services_utils: Socket failed to connect: <socket.socket fd=9, family=30, type=1, proto=6, laddr=('::1', 54313, 0, 0)>; error=61 (Connection refused)
2026-10-07 10:20:33,900 ERROR pika.adapters.utils.connection_workflow: TCP Connection attempt failed: ConnectionRefusedError(61, 'Connection refused'); dest=(<AddressFamily.AF_INET6: 30>, <SocketKind.SOCK_STREAM: 1>, 6, '', ('::1', 5672, 0, 0))
2026-10-07 10:20:33,900 ERROR pika.adapters.utils.connection_workflow: AMQPConnector - reporting failure: AMQPConnectorSocketConnectError: ConnectionRefusedError(61, 'Connection refused')
2026-10-07 10:20:33,901 INFO pika.adapters.utils.connection_workflow: Pika version 1.4.4 connecting to ('127.0.0.1', 5672)
2026-10-07 10:20:33,901 ERROR pika.adapters.utils.io_services_utils: Socket failed to connect: <socket.socket fd=9, family=2, type=1, proto=6, laddr=('127.0.0.1', 54314)>; error=61 (Connection refused)
2026-10-07 10:20:33,901 ERROR pika.adapters.utils.connection_workflow: TCP Connection attempt failed: ConnectionRefusedError(61, 'Connection refused'); dest=(<AddressFamily.AF_INET: 2>, <SocketKind.SOCK_STREAM: 1>, 6, '', ('127.0.0.1', 5672))
2026-10-07 10:20:33,901 ERROR pika.adapters.utils.connection_workflow: AMQPConnector - reporting failure: AMQPConnectorSocketConnectError: ConnectionRefusedError(61, 'Connection refused')
2026-10-07 10:20:33,901 ERROR pika.adapters.utils.connection_workflow: AMQP connection workflow failed: AMQPConnectionWorkflowFailed: 2 exceptions in all; last exception - AMQPConnectorSocketConnectError: ConnectionRefusedError(61, 'Connection refused'); first exception - AMQPConnectorSocketConnectError: ConnectionRefusedError(61, 'Connection refused').
2026-10-07 10:20:33,901 ERROR pika.adapters.utils.connection_workflow: AMQPConnectionWorkflow - reporting failure: AMQPConnectionWorkflowFailed: 2 exceptions in all; last exception - AMQPConnectorSocketConnectError: ConnectionRefusedError(61, 'Connection refused'); first exception - AMQPConnectorSocketConnectError: ConnectionRefusedError(61, 'Connection refused')
2026-10-07 10:20:33,901 ERROR pika.adapters.blocking_connection: Connection workflow failed: AMQPConnectionWorkflowFailed: 2 exceptions in all; last exception - AMQPConnectorSocketConnectError: ConnectionRefusedError(61, 'Connection refused'); first exception - AMQPConnectorSocketConnectError: ConnectionRefusedError(61, 'Connection refused')
2026-10-07 10:20:33,901 ERROR pika.adapters.blocking_connection: Error in _create_connection().
Traceback (most recent call last):
  File "/Users/jessica/GridWorks/gridworks-alerter/.venv/lib/python3.12/site-packages/pika/adapters/blocking_connection.py", line 478, in _create_connection
    raise self._reap_last_connection_workflow_error(error)
pika.exceptions.AMQPConnectionError
2026-10-07 10:20:33,905 WARNING gwalerter.prober: localhost:5672 failed (10 running): AMQPConnectionError: (AMQPConnectorSocketConnectError: ConnectionRefusedError(61, 'Connection refused'),)
2026-10-07 10:20:33,909 WARNING gwalerter.prober: localhost:1885 failed (10 running): ConnectionRefusedError(61, 'Connection refused')
2026-10-07 10:20:43,918 INFO pika.adapters.utils.connection_workflow: Pika version 1.4.4 connecting to ('::1', 5672, 0, 0)
2026-10-07 10:20:43,919 ERROR pika.adapters.utils.io_services_utils: Socket failed to connect: <socket.socket fd=9, family=30, type=1, proto=6, laddr=('::1', 54343, 0, 0)>; error=61 (Connection refused)
2026-10-07 10:20:43,919 ERROR pika.adapters.utils.connection_workflow: TCP Connection attempt failed: ConnectionRefusedError(61, 'Connection refused'); dest=(<AddressFamily.AF_INET6: 30>, <SocketKind.SOCK_STREAM: 1>, 6, '', ('::1', 5672, 0, 0))
2026-10-07 10:20:43,919 ERROR pika.adapters.utils.connection_workflow: AMQPConnector - reporting failure: AMQPConnectorSocketConnectError: ConnectionRefusedError(61, 'Connection refused')
2026-10-07 10:20:43,919 INFO pika.adapters.utils.connection_workflow: Pika version 1.4.4 connecting to ('127.0.0.1', 5672)
2026-10-07 10:20:43,919 ERROR pika.adapters.utils.io_services_utils: Socket failed to connect: <socket.socket fd=9, family=2, type=1, proto=6, laddr=('127.0.0.1', 54344)>; error=61 (Connection refused)
2026-10-07 10:20:43,919 ERROR pika.adapters.utils.connection_workflow: TCP Connection attempt failed: ConnectionRefusedError(61, 'Connection refused'); dest=(<AddressFamily.AF_INET: 2>, <SocketKind.SOCK_STREAM: 1>, 6, '', ('127.0.0.1', 5672))
2026-10-07 10:20:43,920 ERROR pika.adapters.utils.connection_workflow: AMQPConnector - reporting failure: AMQPConnectorSocketConnectError: ConnectionRefusedError(61, 'Connection refused')
2026-10-07 10:20:43,920 ERROR pika.adapters.utils.connection_workflow: AMQP connection workflow failed: AMQPConnectionWorkflowFailed: 2 exceptions in all; last exception - AMQPConnectorSocketConnectError: ConnectionRefusedError(61, 'Connection refused'); first exception - AMQPConnectorSocketConnectError: ConnectionRefusedError(61, 'Connection refused').
2026-10-07 10:20:43,920 ERROR pika.adapters.utils.connection_workflow: AMQPConnectionWorkflow - reporting failure: AMQPConnectionWorkflowFailed: 2 exceptions in all; last exception - AMQPConnectorSocketConnectError: ConnectionRefusedError(61, 'Connection refused'); first exception - AMQPConnectorSocketConnectError: ConnectionRefusedError(61, 'Connection refused')
2026-10-07 10:20:43,920 ERROR pika.adapters.blocking_connection: Connection workflow failed: AMQPConnectionWorkflowFailed: 2 exceptions in all; last exception - AMQPConnectorSocketConnectError: ConnectionRefusedError(61, 'Connection refused'); first exception - AMQPConnectorSocketConnectError: ConnectionRefusedError(61, 'Connection refused')
2026-10-07 10:20:43,920 ERROR pika.adapters.blocking_connection: Error in _create_connection().
Traceback (most recent call last):
  File "/Users/jessica/GridWorks/gridworks-alerter/.venv/lib/python3.12/site-packages/pika/adapters/blocking_connection.py", line 478, in _create_connection
    raise self._reap_last_connection_workflow_error(error)
pika.exceptions.AMQPConnectionError
2026-10-07 10:20:43,923 WARNING gwalerter.prober: localhost:5672 failed (11 running): AMQPConnectionError: (AMQPConnectorSocketConnectError: ConnectionRefusedError(61, 'Connection refused'),)
2026-10-07 10:20:43,925 WARNING gwalerter.prober: localhost:1885 failed (11 running): ConnectionRefusedError(61, 'Connection refused')
2026-10-07 10:20:53,934 INFO pika.adapters.utils.connection_workflow: Pika version 1.4.4 connecting to ('::1', 5672, 0, 0)
2026-10-07 10:20:53,934 ERROR pika.adapters.utils.io_services_utils: Socket failed to connect: <socket.socket fd=9, family=30, type=1, proto=6, laddr=('::1', 54364, 0, 0)>; error=61 (Connection refused)
2026-10-07 10:20:53,935 ERROR pika.adapters.utils.connection_workflow: TCP Connection attempt failed: ConnectionRefusedError(61, 'Connection refused'); dest=(<AddressFamily.AF_INET6: 30>, <SocketKind.SOCK_STREAM: 1>, 6, '', ('::1', 5672, 0, 0))
2026-10-07 10:20:53,935 ERROR pika.adapters.utils.connection_workflow: AMQPConnector - reporting failure: AMQPConnectorSocketConnectError: ConnectionRefusedError(61, 'Connection refused')
2026-10-07 10:20:53,935 INFO pika.adapters.utils.connection_workflow: Pika version 1.4.4 connecting to ('127.0.0.1', 5672)
2026-10-07 10:20:53,935 ERROR pika.adapters.utils.io_services_utils: Socket failed to connect: <socket.socket fd=9, family=2, type=1, proto=6, laddr=('127.0.0.1', 54365)>; error=61 (Connection refused)
2026-10-07 10:20:53,935 ERROR pika.adapters.utils.connection_workflow: TCP Connection attempt failed: ConnectionRefusedError(61, 'Connection refused'); dest=(<AddressFamily.AF_INET: 2>, <SocketKind.SOCK_STREAM: 1>, 6, '', ('127.0.0.1', 5672))
2026-10-07 10:20:53,935 ERROR pika.adapters.utils.connection_workflow: AMQPConnector - reporting failure: AMQPConnectorSocketConnectError: ConnectionRefusedError(61, 'Connection refused')
2026-10-07 10:20:53,935 ERROR pika.adapters.utils.connection_workflow: AMQP connection workflow failed: AMQPConnectionWorkflowFailed: 2 exceptions in all; last exception - AMQPConnectorSocketConnectError: ConnectionRefusedError(61, 'Connection refused'); first exception - AMQPConnectorSocketConnectError: ConnectionRefusedError(61, 'Connection refused').
2026-10-07 10:20:53,935 ERROR pika.adapters.utils.connection_workflow: AMQPConnectionWorkflow - reporting failure: AMQPConnectionWorkflowFailed: 2 exceptions in all; last exception - AMQPConnectorSocketConnectError: ConnectionRefusedError(61, 'Connection refused'); first exception - AMQPConnectorSocketConnectError: ConnectionRefusedError(61, 'Connection refused')
2026-10-07 10:20:53,935 ERROR pika.adapters.blocking_connection: Connection workflow failed: AMQPConnectionWorkflowFailed: 2 exceptions in all; last exception - AMQPConnectorSocketConnectError: ConnectionRefusedError(61, 'Connection refused'); first exception - AMQPConnectorSocketConnectError: ConnectionRefusedError(61, 'Connection refused')
2026-10-07 10:20:53,935 ERROR pika.adapters.blocking_connection: Error in _create_connection().
Traceback (most recent call last):
  File "/Users/jessica/GridWorks/gridworks-alerter/.venv/lib/python3.12/site-packages/pika/adapters/blocking_connection.py", line 478, in _create_connection
    raise self._reap_last_connection_workflow_error(error)
pika.exceptions.AMQPConnectionError
2026-10-07 10:20:53,938 WARNING gwalerter.prober: localhost:5672 failed (12 running): AMQPConnectionError: (AMQPConnectorSocketConnectError: ConnectionRefusedError(61, 'Connection refused'),)
2026-10-07 10:20:53,940 WARNING gwalerter.prober: localhost:1885 failed (12 running): ConnectionRefusedError(61, 'Connection refused')
2026-10-07 10:21:03,946 INFO pika.adapters.utils.connection_workflow: Pika version 1.4.4 connecting to ('::1', 5672, 0, 0)
2026-10-07 10:21:03,946 ERROR pika.adapters.utils.io_services_utils: Socket failed to connect: <socket.socket fd=9, family=30, type=1, proto=6, laddr=('::1', 54392, 0, 0)>; error=61 (Connection refused)
2026-10-07 10:21:03,946 ERROR pika.adapters.utils.connection_workflow: TCP Connection attempt failed: ConnectionRefusedError(61, 'Connection refused'); dest=(<AddressFamily.AF_INET6: 30>, <SocketKind.SOCK_STREAM: 1>, 6, '', ('::1', 5672, 0, 0))
2026-10-07 10:21:03,947 ERROR pika.adapters.utils.connection_workflow: AMQPConnector - reporting failure: AMQPConnectorSocketConnectError: ConnectionRefusedError(61, 'Connection refused')
2026-10-07 10:21:03,947 INFO pika.adapters.utils.connection_workflow: Pika version 1.4.4 connecting to ('127.0.0.1', 5672)
2026-10-07 10:21:03,947 ERROR pika.adapters.utils.io_services_utils: Socket failed to connect: <socket.socket fd=9, family=2, type=1, proto=6, laddr=('127.0.0.1', 54393)>; error=61 (Connection refused)
2026-10-07 10:21:03,947 ERROR pika.adapters.utils.connection_workflow: TCP Connection attempt failed: ConnectionRefusedError(61, 'Connection refused'); dest=(<AddressFamily.AF_INET: 2>, <SocketKind.SOCK_STREAM: 1>, 6, '', ('127.0.0.1', 5672))
2026-10-07 10:21:03,947 ERROR pika.adapters.utils.connection_workflow: AMQPConnector - reporting failure: AMQPConnectorSocketConnectError: ConnectionRefusedError(61, 'Connection refused')
2026-10-07 10:21:03,947 ERROR pika.adapters.utils.connection_workflow: AMQP connection workflow failed: AMQPConnectionWorkflowFailed: 2 exceptions in all; last exception - AMQPConnectorSocketConnectError: ConnectionRefusedError(61, 'Connection refused'); first exception - AMQPConnectorSocketConnectError: ConnectionRefusedError(61, 'Connection refused').
2026-10-07 10:21:03,947 ERROR pika.adapters.utils.connection_workflow: AMQPConnectionWorkflow - reporting failure: AMQPConnectionWorkflowFailed: 2 exceptions in all; last exception - AMQPConnectorSocketConnectError: ConnectionRefusedError(61, 'Connection refused'); first exception - AMQPConnectorSocketConnectError: ConnectionRefusedError(61, 'Connection refused')
2026-10-07 10:21:03,947 ERROR pika.adapters.blocking_connection: Connection workflow failed: AMQPConnectionWorkflowFailed: 2 exceptions in all; last exception - AMQPConnectorSocketConnectError: ConnectionRefusedError(61, 'Connection refused'); first exception - AMQPConnectorSocketConnectError: ConnectionRefusedError(61, 'Connection refused')
2026-10-07 10:21:03,947 ERROR pika.adapters.blocking_connection: Error in _create_connection().
Traceback (most recent call last):
  File "/Users/jessica/GridWorks/gridworks-alerter/.venv/lib/python3.12/site-packages/pika/adapters/blocking_connection.py", line 478, in _create_connection
    raise self._reap_last_connection_workflow_error(error)
pika.exceptions.AMQPConnectionError
2026-10-07 10:21:03,950 WARNING gwalerter.prober: localhost:5672 failed (13 running): AMQPConnectionError: (AMQPConnectorSocketConnectError: ConnectionRefusedError(61, 'Connection refused'),)
2026-10-07 10:21:03,951 WARNING gwalerter.prober: localhost:1885 failed (13 running): ConnectionRefusedError(61, 'Connection refused')
2026-10-07 10:21:13,955 INFO pika.adapters.utils.connection_workflow: Pika version 1.4.4 connecting to ('::1', 5672, 0, 0)
2026-10-07 10:21:13,955 ERROR pika.adapters.utils.io_services_utils: Socket failed to connect: <socket.socket fd=9, family=30, type=1, proto=6, laddr=('::1', 54421, 0, 0)>; error=61 (Connection refused)
2026-10-07 10:21:13,955 ERROR pika.adapters.utils.connection_workflow: TCP Connection attempt failed: ConnectionRefusedError(61, 'Connection refused'); dest=(<AddressFamily.AF_INET6: 30>, <SocketKind.SOCK_STREAM: 1>, 6, '', ('::1', 5672, 0, 0))
2026-10-07 10:21:13,955 ERROR pika.adapters.utils.connection_workflow: AMQPConnector - reporting failure: AMQPConnectorSocketConnectError: ConnectionRefusedError(61, 'Connection refused')
2026-10-07 10:21:13,955 INFO pika.adapters.utils.connection_workflow: Pika version 1.4.4 connecting to ('127.0.0.1', 5672)
2026-10-07 10:21:13,955 ERROR pika.adapters.utils.io_services_utils: Socket failed to connect: <socket.socket fd=9, family=2, type=1, proto=6, laddr=('127.0.0.1', 54422)>; error=61 (Connection refused)
2026-10-07 10:21:13,956 ERROR pika.adapters.utils.connection_workflow: TCP Connection attempt failed: ConnectionRefusedError(61, 'Connection refused'); dest=(<AddressFamily.AF_INET: 2>, <SocketKind.SOCK_STREAM: 1>, 6, '', ('127.0.0.1', 5672))
2026-10-07 10:21:13,956 ERROR pika.adapters.utils.connection_workflow: AMQPConnector - reporting failure: AMQPConnectorSocketConnectError: ConnectionRefusedError(61, 'Connection refused')
2026-10-07 10:21:13,956 ERROR pika.adapters.utils.connection_workflow: AMQP connection workflow failed: AMQPConnectionWorkflowFailed: 2 exceptions in all; last exception - AMQPConnectorSocketConnectError: ConnectionRefusedError(61, 'Connection refused'); first exception - AMQPConnectorSocketConnectError: ConnectionRefusedError(61, 'Connection refused').
2026-10-07 10:21:13,956 ERROR pika.adapters.utils.connection_workflow: AMQPConnectionWorkflow - reporting failure: AMQPConnectionWorkflowFailed: 2 exceptions in all; last exception - AMQPConnectorSocketConnectError: ConnectionRefusedError(61, 'Connection refused'); first exception - AMQPConnectorSocketConnectError: ConnectionRefusedError(61, 'Connection refused')
2026-10-07 10:21:13,956 ERROR pika.adapters.blocking_connection: Connection workflow failed: AMQPConnectionWorkflowFailed: 2 exceptions in all; last exception - AMQPConnectorSocketConnectError: ConnectionRefusedError(61, 'Connection refused'); first exception - AMQPConnectorSocketConnectError: ConnectionRefusedError(61, 'Connection refused')
2026-10-07 10:21:13,956 ERROR pika.adapters.blocking_connection: Error in _create_connection().
Traceback (most recent call last):
  File "/Users/jessica/GridWorks/gridworks-alerter/.venv/lib/python3.12/site-packages/pika/adapters/blocking_connection.py", line 478, in _create_connection
    raise self._reap_last_connection_workflow_error(error)
pika.exceptions.AMQPConnectionError
2026-10-07 10:21:13,958 WARNING gwalerter.prober: localhost:5672 failed (14 running): AMQPConnectionError: (AMQPConnectorSocketConnectError: ConnectionRefusedError(61, 'Connection refused'),)
2026-10-07 10:21:13,959 WARNING gwalerter.prober: localhost:1885 failed (14 running): ConnectionRefusedError(61, 'Connection refused')
2026-10-07 10:21:23,968 INFO pika.adapters.utils.connection_workflow: Pika version 1.4.4 connecting to ('::1', 5672, 0, 0)
2026-10-07 10:21:23,969 ERROR pika.adapters.utils.io_services_utils: Socket failed to connect: <socket.socket fd=9, family=30, type=1, proto=6, laddr=('::1', 54440, 0, 0)>; error=61 (Connection refused)
2026-10-07 10:21:23,969 ERROR pika.adapters.utils.connection_workflow: TCP Connection attempt failed: ConnectionRefusedError(61, 'Connection refused'); dest=(<AddressFamily.AF_INET6: 30>, <SocketKind.SOCK_STREAM: 1>, 6, '', ('::1', 5672, 0, 0))
2026-10-07 10:21:23,969 ERROR pika.adapters.utils.connection_workflow: AMQPConnector - reporting failure: AMQPConnectorSocketConnectError: ConnectionRefusedError(61, 'Connection refused')
2026-10-07 10:21:23,969 INFO pika.adapters.utils.connection_workflow: Pika version 1.4.4 connecting to ('127.0.0.1', 5672)
2026-10-07 10:21:23,969 ERROR pika.adapters.utils.io_services_utils: Socket failed to connect: <socket.socket fd=9, family=2, type=1, proto=6, laddr=('127.0.0.1', 54441)>; error=61 (Connection refused)
2026-10-07 10:21:23,969 ERROR pika.adapters.utils.connection_workflow: TCP Connection attempt failed: ConnectionRefusedError(61, 'Connection refused'); dest=(<AddressFamily.AF_INET: 2>, <SocketKind.SOCK_STREAM: 1>, 6, '', ('127.0.0.1', 5672))
2026-10-07 10:21:23,970 ERROR pika.adapters.utils.connection_workflow: AMQPConnector - reporting failure: AMQPConnectorSocketConnectError: ConnectionRefusedError(61, 'Connection refused')
2026-10-07 10:21:23,970 ERROR pika.adapters.utils.connection_workflow: AMQP connection workflow failed: AMQPConnectionWorkflowFailed: 2 exceptions in all; last exception - AMQPConnectorSocketConnectError: ConnectionRefusedError(61, 'Connection refused'); first exception - AMQPConnectorSocketConnectError: ConnectionRefusedError(61, 'Connection refused').
2026-10-07 10:21:23,970 ERROR pika.adapters.utils.connection_workflow: AMQPConnectionWorkflow - reporting failure: AMQPConnectionWorkflowFailed: 2 exceptions in all; last exception - AMQPConnectorSocketConnectError: ConnectionRefusedError(61, 'Connection refused'); first exception - AMQPConnectorSocketConnectError: ConnectionRefusedError(61, 'Connection refused')
2026-10-07 10:21:23,970 ERROR pika.adapters.blocking_connection: Connection workflow failed: AMQPConnectionWorkflowFailed: 2 exceptions in all; last exception - AMQPConnectorSocketConnectError: ConnectionRefusedError(61, 'Connection refused'); first exception - AMQPConnectorSocketConnectError: ConnectionRefusedError(61, 'Connection refused')
2026-10-07 10:21:23,970 ERROR pika.adapters.blocking_connection: Error in _create_connection().
Traceback (most recent call last):
  File "/Users/jessica/GridWorks/gridworks-alerter/.venv/lib/python3.12/site-packages/pika/adapters/blocking_connection.py", line 478, in _create_connection
    raise self._reap_last_connection_workflow_error(error)
pika.exceptions.AMQPConnectionError
2026-10-07 10:21:23,973 WARNING gwalerter.prober: localhost:5672 failed (15 running): AMQPConnectionError: (AMQPConnectorSocketConnectError: ConnectionRefusedError(61, 'Connection refused'),)
2026-10-07 10:21:23,975 WARNING gwalerter.prober: localhost:1885 failed (15 running): ConnectionRefusedError(61, 'Connection refused')
2026-10-07 10:21:33,984 INFO pika.adapters.utils.connection_workflow: Pika version 1.4.4 connecting to ('::1', 5672, 0, 0)
2026-10-07 10:21:33,985 ERROR pika.adapters.utils.io_services_utils: Socket failed to connect: <socket.socket fd=9, family=30, type=1, proto=6, laddr=('::1', 54466, 0, 0)>; error=61 (Connection refused)
2026-10-07 10:21:33,985 ERROR pika.adapters.utils.connection_workflow: TCP Connection attempt failed: ConnectionRefusedError(61, 'Connection refused'); dest=(<AddressFamily.AF_INET6: 30>, <SocketKind.SOCK_STREAM: 1>, 6, '', ('::1', 5672, 0, 0))
2026-10-07 10:21:33,985 ERROR pika.adapters.utils.connection_workflow: AMQPConnector - reporting failure: AMQPConnectorSocketConnectError: ConnectionRefusedError(61, 'Connection refused')
2026-10-07 10:21:33,985 INFO pika.adapters.utils.connection_workflow: Pika version 1.4.4 connecting to ('127.0.0.1', 5672)
2026-10-07 10:21:33,985 ERROR pika.adapters.utils.io_services_utils: Socket failed to connect: <socket.socket fd=9, family=2, type=1, proto=6, laddr=('127.0.0.1', 54467)>; error=61 (Connection refused)
2026-10-07 10:21:33,986 ERROR pika.adapters.utils.connection_workflow: TCP Connection attempt failed: ConnectionRefusedError(61, 'Connection refused'); dest=(<AddressFamily.AF_INET: 2>, <SocketKind.SOCK_STREAM: 1>, 6, '', ('127.0.0.1', 5672))
2026-10-07 10:21:33,986 ERROR pika.adapters.utils.connection_workflow: AMQPConnector - reporting failure: AMQPConnectorSocketConnectError: ConnectionRefusedError(61, 'Connection refused')
2026-10-07 10:21:33,986 ERROR pika.adapters.utils.connection_workflow: AMQP connection workflow failed: AMQPConnectionWorkflowFailed: 2 exceptions in all; last exception - AMQPConnectorSocketConnectError: ConnectionRefusedError(61, 'Connection refused'); first exception - AMQPConnectorSocketConnectError: ConnectionRefusedError(61, 'Connection refused').
2026-10-07 10:21:33,986 ERROR pika.adapters.utils.connection_workflow: AMQPConnectionWorkflow - reporting failure: AMQPConnectionWorkflowFailed: 2 exceptions in all; last exception - AMQPConnectorSocketConnectError: ConnectionRefusedError(61, 'Connection refused'); first exception - AMQPConnectorSocketConnectError: ConnectionRefusedError(61, 'Connection refused')
2026-10-07 10:21:33,986 ERROR pika.adapters.blocking_connection: Connection workflow failed: AMQPConnectionWorkflowFailed: 2 exceptions in all; last exception - AMQPConnectorSocketConnectError: ConnectionRefusedError(61, 'Connection refused'); first exception - AMQPConnectorSocketConnectError: ConnectionRefusedError(61, 'Connection refused')
2026-10-07 10:21:33,986 ERROR pika.adapters.blocking_connection: Error in _create_connection().
Traceback (most recent call last):
  File "/Users/jessica/GridWorks/gridworks-alerter/.venv/lib/python3.12/site-packages/pika/adapters/blocking_connection.py", line 478, in _create_connection
    raise self._reap_last_connection_workflow_error(error)
pika.exceptions.AMQPConnectionError
2026-10-07 10:21:33,989 WARNING gwalerter.prober: localhost:5672 failed (16 running): AMQPConnectionError: (AMQPConnectorSocketConnectError: ConnectionRefusedError(61, 'Connection refused'),)
2026-10-07 10:21:33,991 WARNING gwalerter.prober: localhost:1885 failed (16 running): ConnectionRefusedError(61, 'Connection refused')
2026-10-07 10:21:43,996 INFO pika.adapters.utils.connection_workflow: Pika version 1.4.4 connecting to ('::1', 5672, 0, 0)
2026-10-07 10:21:43,996 ERROR pika.adapters.utils.io_services_utils: Socket failed to connect: <socket.socket fd=9, family=30, type=1, proto=6, laddr=('::1', 54489, 0, 0)>; error=61 (Connection refused)
2026-10-07 10:21:43,997 ERROR pika.adapters.utils.connection_workflow: TCP Connection attempt failed: ConnectionRefusedError(61, 'Connection refused'); dest=(<AddressFamily.AF_INET6: 30>, <SocketKind.SOCK_STREAM: 1>, 6, '', ('::1', 5672, 0, 0))
2026-10-07 10:21:43,997 ERROR pika.adapters.utils.connection_workflow: AMQPConnector - reporting failure: AMQPConnectorSocketConnectError: ConnectionRefusedError(61, 'Connection refused')
2026-10-07 10:21:43,997 INFO pika.adapters.utils.connection_workflow: Pika version 1.4.4 connecting to ('127.0.0.1', 5672)
2026-10-07 10:21:43,997 ERROR pika.adapters.utils.io_services_utils: Socket failed to connect: <socket.socket fd=9, family=2, type=1, proto=6, laddr=('127.0.0.1', 54490)>; error=61 (Connection refused)
2026-10-07 10:21:43,997 ERROR pika.adapters.utils.connection_workflow: TCP Connection attempt failed: ConnectionRefusedError(61, 'Connection refused'); dest=(<AddressFamily.AF_INET: 2>, <SocketKind.SOCK_STREAM: 1>, 6, '', ('127.0.0.1', 5672))
2026-10-07 10:21:43,997 ERROR pika.adapters.utils.connection_workflow: AMQPConnector - reporting failure: AMQPConnectorSocketConnectError: ConnectionRefusedError(61, 'Connection refused')
2026-10-07 10:21:43,997 ERROR pika.adapters.utils.connection_workflow: AMQP connection workflow failed: AMQPConnectionWorkflowFailed: 2 exceptions in all; last exception - AMQPConnectorSocketConnectError: ConnectionRefusedError(61, 'Connection refused'); first exception - AMQPConnectorSocketConnectError: ConnectionRefusedError(61, 'Connection refused').
2026-10-07 10:21:43,997 ERROR pika.adapters.utils.connection_workflow: AMQPConnectionWorkflow - reporting failure: AMQPConnectionWorkflowFailed: 2 exceptions in all; last exception - AMQPConnectorSocketConnectError: ConnectionRefusedError(61, 'Connection refused'); first exception - AMQPConnectorSocketConnectError: ConnectionRefusedError(61, 'Connection refused')
2026-10-07 10:21:43,997 ERROR pika.adapters.blocking_connection: Connection workflow failed: AMQPConnectionWorkflowFailed: 2 exceptions in all; last exception - AMQPConnectorSocketConnectError: ConnectionRefusedError(61, 'Connection refused'); first exception - AMQPConnectorSocketConnectError: ConnectionRefusedError(61, 'Connection refused')
2026-10-07 10:21:43,997 ERROR pika.adapters.blocking_connection: Error in _create_connection().
Traceback (most recent call last):
  File "/Users/jessica/GridWorks/gridworks-alerter/.venv/lib/python3.12/site-packages/pika/adapters/blocking_connection.py", line 478, in _create_connection
    raise self._reap_last_connection_workflow_error(error)
pika.exceptions.AMQPConnectionError
2026-10-07 10:21:43,998 WARNING gwalerter.prober: localhost:5672 failed (17 running): AMQPConnectionError: (AMQPConnectorSocketConnectError: ConnectionRefusedError(61, 'Connection refused'),)
2026-10-07 10:21:43,998 WARNING gwalerter.prober: localhost:1885 failed (17 running): ConnectionRefusedError(61, 'Connection refused')
2026-10-07 10:21:54,006 INFO pika.adapters.utils.connection_workflow: Pika version 1.4.4 connecting to ('::1', 5672, 0, 0)
2026-10-07 10:21:54,007 ERROR pika.adapters.utils.io_services_utils: Socket failed to connect: <socket.socket fd=9, family=30, type=1, proto=6, laddr=('::1', 54524, 0, 0)>; error=61 (Connection refused)
2026-10-07 10:21:54,007 ERROR pika.adapters.utils.connection_workflow: TCP Connection attempt failed: ConnectionRefusedError(61, 'Connection refused'); dest=(<AddressFamily.AF_INET6: 30>, <SocketKind.SOCK_STREAM: 1>, 6, '', ('::1', 5672, 0, 0))
2026-10-07 10:21:54,007 ERROR pika.adapters.utils.connection_workflow: AMQPConnector - reporting failure: AMQPConnectorSocketConnectError: ConnectionRefusedError(61, 'Connection refused')
2026-10-07 10:21:54,007 INFO pika.adapters.utils.connection_workflow: Pika version 1.4.4 connecting to ('127.0.0.1', 5672)
2026-10-07 10:21:54,007 ERROR pika.adapters.utils.io_services_utils: Socket failed to connect: <socket.socket fd=9, family=2, type=1, proto=6, laddr=('127.0.0.1', 54525)>; error=61 (Connection refused)
2026-10-07 10:21:54,007 ERROR pika.adapters.utils.connection_workflow: TCP Connection attempt failed: ConnectionRefusedError(61, 'Connection refused'); dest=(<AddressFamily.AF_INET: 2>, <SocketKind.SOCK_STREAM: 1>, 6, '', ('127.0.0.1', 5672))
2026-10-07 10:21:54,007 ERROR pika.adapters.utils.connection_workflow: AMQPConnector - reporting failure: AMQPConnectorSocketConnectError: ConnectionRefusedError(61, 'Connection refused')
2026-10-07 10:21:54,007 ERROR pika.adapters.utils.connection_workflow: AMQP connection workflow failed: AMQPConnectionWorkflowFailed: 2 exceptions in all; last exception - AMQPConnectorSocketConnectError: ConnectionRefusedError(61, 'Connection refused'); first exception - AMQPConnectorSocketConnectError: ConnectionRefusedError(61, 'Connection refused').
2026-10-07 10:21:54,007 ERROR pika.adapters.utils.connection_workflow: AMQPConnectionWorkflow - reporting failure: AMQPConnectionWorkflowFailed: 2 exceptions in all; last exception - AMQPConnectorSocketConnectError: ConnectionRefusedError(61, 'Connection refused'); first exception - AMQPConnectorSocketConnectError: ConnectionRefusedError(61, 'Connection refused')
2026-10-07 10:21:54,007 ERROR pika.adapters.blocking_connection: Connection workflow failed: AMQPConnectionWorkflowFailed: 2 exceptions in all; last exception - AMQPConnectorSocketConnectError: ConnectionRefusedError(61, 'Connection refused'); first exception - AMQPConnectorSocketConnectError: ConnectionRefusedError(61, 'Connection refused')
2026-10-07 10:21:54,008 ERROR pika.adapters.blocking_connection: Error in _create_connection().
Traceback (most recent call last):
  File "/Users/jessica/GridWorks/gridworks-alerter/.venv/lib/python3.12/site-packages/pika/adapters/blocking_connection.py", line 478, in _create_connection
    raise self._reap_last_connection_workflow_error(error)
pika.exceptions.AMQPConnectionError
2026-10-07 10:21:54,011 WARNING gwalerter.prober: localhost:5672 failed (18 running): AMQPConnectionError: (AMQPConnectorSocketConnectError: ConnectionRefusedError(61, 'Connection refused'),)
2026-10-07 10:21:54,013 WARNING gwalerter.prober: localhost:1885 failed (18 running): ConnectionRefusedError(61, 'Connection refused')
2026-10-07 10:22:04,016 INFO pika.adapters.utils.connection_workflow: Pika version 1.4.4 connecting to ('::1', 5672, 0, 0)
2026-10-07 10:22:04,017 ERROR pika.adapters.utils.io_services_utils: Socket failed to connect: <socket.socket fd=9, family=30, type=1, proto=6, laddr=('::1', 54542, 0, 0)>; error=61 (Connection refused)
2026-10-07 10:22:04,017 ERROR pika.adapters.utils.connection_workflow: TCP Connection attempt failed: ConnectionRefusedError(61, 'Connection refused'); dest=(<AddressFamily.AF_INET6: 30>, <SocketKind.SOCK_STREAM: 1>, 6, '', ('::1', 5672, 0, 0))
2026-10-07 10:22:04,017 ERROR pika.adapters.utils.connection_workflow: AMQPConnector - reporting failure: AMQPConnectorSocketConnectError: ConnectionRefusedError(61, 'Connection refused')
2026-10-07 10:22:04,017 INFO pika.adapters.utils.connection_workflow: Pika version 1.4.4 connecting to ('127.0.0.1', 5672)
2026-10-07 10:22:04,018 ERROR pika.adapters.utils.io_services_utils: Socket failed to connect: <socket.socket fd=9, family=2, type=1, proto=6, laddr=('127.0.0.1', 54543)>; error=61 (Connection refused)
2026-10-07 10:22:04,018 ERROR pika.adapters.utils.connection_workflow: TCP Connection attempt failed: ConnectionRefusedError(61, 'Connection refused'); dest=(<AddressFamily.AF_INET: 2>, <SocketKind.SOCK_STREAM: 1>, 6, '', ('127.0.0.1', 5672))
2026-10-07 10:22:04,018 ERROR pika.adapters.utils.connection_workflow: AMQPConnector - reporting failure: AMQPConnectorSocketConnectError: ConnectionRefusedError(61, 'Connection refused')
2026-10-07 10:22:04,018 ERROR pika.adapters.utils.connection_workflow: AMQP connection workflow failed: AMQPConnectionWorkflowFailed: 2 exceptions in all; last exception - AMQPConnectorSocketConnectError: ConnectionRefusedError(61, 'Connection refused'); first exception - AMQPConnectorSocketConnectError: ConnectionRefusedError(61, 'Connection refused').
2026-10-07 10:22:04,018 ERROR pika.adapters.utils.connection_workflow: AMQPConnectionWorkflow - reporting failure: AMQPConnectionWorkflowFailed: 2 exceptions in all; last exception - AMQPConnectorSocketConnectError: ConnectionRefusedError(61, 'Connection refused'); first exception - AMQPConnectorSocketConnectError: ConnectionRefusedError(61, 'Connection refused')
2026-10-07 10:22:04,018 ERROR pika.adapters.blocking_connection: Connection workflow failed: AMQPConnectionWorkflowFailed: 2 exceptions in all; last exception - AMQPConnectorSocketConnectError: ConnectionRefusedError(61, 'Connection refused'); first exception - AMQPConnectorSocketConnectError: ConnectionRefusedError(61, 'Connection refused')
2026-10-07 10:22:04,018 ERROR pika.adapters.blocking_connection: Error in _create_connection().
Traceback (most recent call last):
  File "/Users/jessica/GridWorks/gridworks-alerter/.venv/lib/python3.12/site-packages/pika/adapters/blocking_connection.py", line 478, in _create_connection
    raise self._reap_last_connection_workflow_error(error)
pika.exceptions.AMQPConnectionError
2026-10-07 10:22:04,019 WARNING gwalerter.prober: localhost:5672 failed (19 running): AMQPConnectionError: (AMQPConnectorSocketConnectError: ConnectionRefusedError(61, 'Connection refused'),)
2026-10-07 10:22:04,021 WARNING gwalerter.prober: localhost:1885 failed (19 running): ConnectionRefusedError(61, 'Connection refused')
2026-10-07 10:22:14,026 INFO pika.adapters.utils.connection_workflow: Pika version 1.4.4 connecting to ('::1', 5672, 0, 0)
2026-10-07 10:22:14,027 ERROR pika.adapters.utils.io_services_utils: Socket failed to connect: <socket.socket fd=9, family=30, type=1, proto=6, laddr=('::1', 54570, 0, 0)>; error=61 (Connection refused)
2026-10-07 10:22:14,028 ERROR pika.adapters.utils.connection_workflow: TCP Connection attempt failed: ConnectionRefusedError(61, 'Connection refused'); dest=(<AddressFamily.AF_INET6: 30>, <SocketKind.SOCK_STREAM: 1>, 6, '', ('::1', 5672, 0, 0))
2026-10-07 10:22:14,028 ERROR pika.adapters.utils.connection_workflow: AMQPConnector - reporting failure: AMQPConnectorSocketConnectError: ConnectionRefusedError(61, 'Connection refused')
2026-10-07 10:22:14,028 INFO pika.adapters.utils.connection_workflow: Pika version 1.4.4 connecting to ('127.0.0.1', 5672)
2026-10-07 10:22:14,028 ERROR pika.adapters.utils.io_services_utils: Socket failed to connect: <socket.socket fd=9, family=2, type=1, proto=6, laddr=('127.0.0.1', 54571)>; error=61 (Connection refused)
2026-10-07 10:22:14,028 ERROR pika.adapters.utils.connection_workflow: TCP Connection attempt failed: ConnectionRefusedError(61, 'Connection refused'); dest=(<AddressFamily.AF_INET: 2>, <SocketKind.SOCK_STREAM: 1>, 6, '', ('127.0.0.1', 5672))
2026-10-07 10:22:14,029 ERROR pika.adapters.utils.connection_workflow: AMQPConnector - reporting failure: AMQPConnectorSocketConnectError: ConnectionRefusedError(61, 'Connection refused')
2026-10-07 10:22:14,029 ERROR pika.adapters.utils.connection_workflow: AMQP connection workflow failed: AMQPConnectionWorkflowFailed: 2 exceptions in all; last exception - AMQPConnectorSocketConnectError: ConnectionRefusedError(61, 'Connection refused'); first exception - AMQPConnectorSocketConnectError: ConnectionRefusedError(61, 'Connection refused').
2026-10-07 10:22:14,029 ERROR pika.adapters.utils.connection_workflow: AMQPConnectionWorkflow - reporting failure: AMQPConnectionWorkflowFailed: 2 exceptions in all; last exception - AMQPConnectorSocketConnectError: ConnectionRefusedError(61, 'Connection refused'); first exception - AMQPConnectorSocketConnectError: ConnectionRefusedError(61, 'Connection refused')
2026-10-07 10:22:14,029 ERROR pika.adapters.blocking_connection: Connection workflow failed: AMQPConnectionWorkflowFailed: 2 exceptions in all; last exception - AMQPConnectorSocketConnectError: ConnectionRefusedError(61, 'Connection refused'); first exception - AMQPConnectorSocketConnectError: ConnectionRefusedError(61, 'Connection refused')
2026-10-07 10:22:14,029 ERROR pika.adapters.blocking_connection: Error in _create_connection().
Traceback (most recent call last):
  File "/Users/jessica/GridWorks/gridworks-alerter/.venv/lib/python3.12/site-packages/pika/adapters/blocking_connection.py", line 478, in _create_connection
    raise self._reap_last_connection_workflow_error(error)
pika.exceptions.AMQPConnectionError
2026-10-07 10:22:14,032 WARNING gwalerter.prober: localhost:5672 failed (20 running): AMQPConnectionError: (AMQPConnectorSocketConnectError: ConnectionRefusedError(61, 'Connection refused'),)
2026-10-07 10:22:14,035 WARNING gwalerter.prober: localhost:1885 failed (20 running): ConnectionRefusedError(61, 'Connection refused')
2026-10-07 10:22:24,040 INFO pika.adapters.utils.connection_workflow: Pika version 1.4.4 connecting to ('::1', 5672, 0, 0)
2026-10-07 10:22:24,040 ERROR pika.adapters.utils.io_services_utils: Socket failed to connect: <socket.socket fd=9, family=30, type=1, proto=6, laddr=('::1', 54597, 0, 0)>; error=61 (Connection refused)
2026-10-07 10:22:24,040 ERROR pika.adapters.utils.connection_workflow: TCP Connection attempt failed: ConnectionRefusedError(61, 'Connection refused'); dest=(<AddressFamily.AF_INET6: 30>, <SocketKind.SOCK_STREAM: 1>, 6, '', ('::1', 5672, 0, 0))
2026-10-07 10:22:24,040 ERROR pika.adapters.utils.connection_workflow: AMQPConnector - reporting failure: AMQPConnectorSocketConnectError: ConnectionRefusedError(61, 'Connection refused')
2026-10-07 10:22:24,041 INFO pika.adapters.utils.connection_workflow: Pika version 1.4.4 connecting to ('127.0.0.1', 5672)
2026-10-07 10:22:24,041 ERROR pika.adapters.utils.io_services_utils: Socket failed to connect: <socket.socket fd=9, family=2, type=1, proto=6, laddr=('127.0.0.1', 54598)>; error=61 (Connection refused)
2026-10-07 10:22:24,041 ERROR pika.adapters.utils.connection_workflow: TCP Connection attempt failed: ConnectionRefusedError(61, 'Connection refused'); dest=(<AddressFamily.AF_INET: 2>, <SocketKind.SOCK_STREAM: 1>, 6, '', ('127.0.0.1', 5672))
2026-10-07 10:22:24,041 ERROR pika.adapters.utils.connection_workflow: AMQPConnector - reporting failure: AMQPConnectorSocketConnectError: ConnectionRefusedError(61, 'Connection refused')
2026-10-07 10:22:24,041 ERROR pika.adapters.utils.connection_workflow: AMQP connection workflow failed: AMQPConnectionWorkflowFailed: 2 exceptions in all; last exception - AMQPConnectorSocketConnectError: ConnectionRefusedError(61, 'Connection refused'); first exception - AMQPConnectorSocketConnectError: ConnectionRefusedError(61, 'Connection refused').
2026-10-07 10:22:24,041 ERROR pika.adapters.utils.connection_workflow: AMQPConnectionWorkflow - reporting failure: AMQPConnectionWorkflowFailed: 2 exceptions in all; last exception - AMQPConnectorSocketConnectError: ConnectionRefusedError(61, 'Connection refused'); first exception - AMQPConnectorSocketConnectError: ConnectionRefusedError(61, 'Connection refused')
2026-10-07 10:22:24,041 ERROR pika.adapters.blocking_connection: Connection workflow failed: AMQPConnectionWorkflowFailed: 2 exceptions in all; last exception - AMQPConnectorSocketConnectError: ConnectionRefusedError(61, 'Connection refused'); first exception - AMQPConnectorSocketConnectError: ConnectionRefusedError(61, 'Connection refused')
2026-10-07 10:22:24,041 ERROR pika.adapters.blocking_connection: Error in _create_connection().
Traceback (most recent call last):
  File "/Users/jessica/GridWorks/gridworks-alerter/.venv/lib/python3.12/site-packages/pika/adapters/blocking_connection.py", line 478, in _create_connection
    raise self._reap_last_connection_workflow_error(error)
pika.exceptions.AMQPConnectionError
2026-10-07 10:22:24,044 WARNING gwalerter.prober: localhost:5672 failed (21 running): AMQPConnectionError: (AMQPConnectorSocketConnectError: ConnectionRefusedError(61, 'Connection refused'),)
2026-10-07 10:22:24,046 WARNING gwalerter.prober: localhost:1885 failed (21 running): ConnectionRefusedError(61, 'Connection refused')
2026-10-07 10:22:34,052 INFO pika.adapters.utils.connection_workflow: Pika version 1.4.4 connecting to ('::1', 5672, 0, 0)
2026-10-07 10:22:34,052 ERROR pika.adapters.utils.io_services_utils: Socket failed to connect: <socket.socket fd=9, family=30, type=1, proto=6, laddr=('::1', 54629, 0, 0)>; error=61 (Connection refused)
2026-10-07 10:22:34,052 ERROR pika.adapters.utils.connection_workflow: TCP Connection attempt failed: ConnectionRefusedError(61, 'Connection refused'); dest=(<AddressFamily.AF_INET6: 30>, <SocketKind.SOCK_STREAM: 1>, 6, '', ('::1', 5672, 0, 0))
2026-10-07 10:22:34,052 ERROR pika.adapters.utils.connection_workflow: AMQPConnector - reporting failure: AMQPConnectorSocketConnectError: ConnectionRefusedError(61, 'Connection refused')
2026-10-07 10:22:34,052 INFO pika.adapters.utils.connection_workflow: Pika version 1.4.4 connecting to ('127.0.0.1', 5672)
2026-10-07 10:22:34,052 ERROR pika.adapters.utils.io_services_utils: Socket failed to connect: <socket.socket fd=9, family=2, type=1, proto=6, laddr=('127.0.0.1', 54630)>; error=61 (Connection refused)
2026-10-07 10:22:34,052 ERROR pika.adapters.utils.connection_workflow: TCP Connection attempt failed: ConnectionRefusedError(61, 'Connection refused'); dest=(<AddressFamily.AF_INET: 2>, <SocketKind.SOCK_STREAM: 1>, 6, '', ('127.0.0.1', 5672))
2026-10-07 10:22:34,052 ERROR pika.adapters.utils.connection_workflow: AMQPConnector - reporting failure: AMQPConnectorSocketConnectError: ConnectionRefusedError(61, 'Connection refused')
2026-10-07 10:22:34,052 ERROR pika.adapters.utils.connection_workflow: AMQP connection workflow failed: AMQPConnectionWorkflowFailed: 2 exceptions in all; last exception - AMQPConnectorSocketConnectError: ConnectionRefusedError(61, 'Connection refused'); first exception - AMQPConnectorSocketConnectError: ConnectionRefusedError(61, 'Connection refused').
2026-10-07 10:22:34,052 ERROR pika.adapters.utils.connection_workflow: AMQPConnectionWorkflow - reporting failure: AMQPConnectionWorkflowFailed: 2 exceptions in all; last exception - AMQPConnectorSocketConnectError: ConnectionRefusedError(61, 'Connection refused'); first exception - AMQPConnectorSocketConnectError: ConnectionRefusedError(61, 'Connection refused')
2026-10-07 10:22:34,052 ERROR pika.adapters.blocking_connection: Connection workflow failed: AMQPConnectionWorkflowFailed: 2 exceptions in all; last exception - AMQPConnectorSocketConnectError: ConnectionRefusedError(61, 'Connection refused'); first exception - AMQPConnectorSocketConnectError: ConnectionRefusedError(61, 'Connection refused')
2026-10-07 10:22:34,052 ERROR pika.adapters.blocking_connection: Error in _create_connection().
Traceback (most recent call last):
  File "/Users/jessica/GridWorks/gridworks-alerter/.venv/lib/python3.12/site-packages/pika/adapters/blocking_connection.py", line 478, in _create_connection
    raise self._reap_last_connection_workflow_error(error)
pika.exceptions.AMQPConnectionError
2026-10-07 10:22:34,053 WARNING gwalerter.prober: localhost:5672 failed (22 running): AMQPConnectionError: (AMQPConnectorSocketConnectError: ConnectionRefusedError(61, 'Connection refused'),)
2026-10-07 10:22:34,054 WARNING gwalerter.prober: localhost:1885 failed (22 running): ConnectionRefusedError(61, 'Connection refused')
2026-10-07 10:22:44,062 INFO pika.adapters.utils.connection_workflow: Pika version 1.4.4 connecting to ('::1', 5672, 0, 0)
2026-10-07 10:22:44,063 ERROR pika.adapters.utils.io_services_utils: Socket failed to connect: <socket.socket fd=9, family=30, type=1, proto=6, laddr=('::1', 54653, 0, 0)>; error=61 (Connection refused)
2026-10-07 10:22:44,063 ERROR pika.adapters.utils.connection_workflow: TCP Connection attempt failed: ConnectionRefusedError(61, 'Connection refused'); dest=(<AddressFamily.AF_INET6: 30>, <SocketKind.SOCK_STREAM: 1>, 6, '', ('::1', 5672, 0, 0))
2026-10-07 10:22:44,063 ERROR pika.adapters.utils.connection_workflow: AMQPConnector - reporting failure: AMQPConnectorSocketConnectError: ConnectionRefusedError(61, 'Connection refused')
2026-10-07 10:22:44,064 INFO pika.adapters.utils.connection_workflow: Pika version 1.4.4 connecting to ('127.0.0.1', 5672)
2026-10-07 10:22:44,064 ERROR pika.adapters.utils.io_services_utils: Socket failed to connect: <socket.socket fd=9, family=2, type=1, proto=6, laddr=('127.0.0.1', 54654)>; error=61 (Connection refused)
2026-10-07 10:22:44,064 ERROR pika.adapters.utils.connection_workflow: TCP Connection attempt failed: ConnectionRefusedError(61, 'Connection refused'); dest=(<AddressFamily.AF_INET: 2>, <SocketKind.SOCK_STREAM: 1>, 6, '', ('127.0.0.1', 5672))
2026-10-07 10:22:44,064 ERROR pika.adapters.utils.connection_workflow: AMQPConnector - reporting failure: AMQPConnectorSocketConnectError: ConnectionRefusedError(61, 'Connection refused')
2026-10-07 10:22:44,064 ERROR pika.adapters.utils.connection_workflow: AMQP connection workflow failed: AMQPConnectionWorkflowFailed: 2 exceptions in all; last exception - AMQPConnectorSocketConnectError: ConnectionRefusedError(61, 'Connection refused'); first exception - AMQPConnectorSocketConnectError: ConnectionRefusedError(61, 'Connection refused').
2026-10-07 10:22:44,064 ERROR pika.adapters.utils.connection_workflow: AMQPConnectionWorkflow - reporting failure: AMQPConnectionWorkflowFailed: 2 exceptions in all; last exception - AMQPConnectorSocketConnectError: ConnectionRefusedError(61, 'Connection refused'); first exception - AMQPConnectorSocketConnectError: ConnectionRefusedError(61, 'Connection refused')
2026-10-07 10:22:44,064 ERROR pika.adapters.blocking_connection: Connection workflow failed: AMQPConnectionWorkflowFailed: 2 exceptions in all; last exception - AMQPConnectorSocketConnectError: ConnectionRefusedError(61, 'Connection refused'); first exception - AMQPConnectorSocketConnectError: ConnectionRefusedError(61, 'Connection refused')
2026-10-07 10:22:44,064 ERROR pika.adapters.blocking_connection: Error in _create_connection().
Traceback (most recent call last):
  File "/Users/jessica/GridWorks/gridworks-alerter/.venv/lib/python3.12/site-packages/pika/adapters/blocking_connection.py", line 478, in _create_connection
    raise self._reap_last_connection_workflow_error(error)
pika.exceptions.AMQPConnectionError
2026-10-07 10:22:44,067 WARNING gwalerter.prober: localhost:5672 failed (23 running): AMQPConnectionError: (AMQPConnectorSocketConnectError: ConnectionRefusedError(61, 'Connection refused'),)
2026-10-07 10:22:44,070 WARNING gwalerter.prober: localhost:1885 failed (23 running): ConnectionRefusedError(61, 'Connection refused')
2026-10-07 10:22:54,077 INFO pika.adapters.utils.connection_workflow: Pika version 1.4.4 connecting to ('::1', 5672, 0, 0)
2026-10-07 10:22:54,077 ERROR pika.adapters.utils.io_services_utils: Socket failed to connect: <socket.socket fd=9, family=30, type=1, proto=6, laddr=('::1', 54696, 0, 0)>; error=61 (Connection refused)
2026-10-07 10:22:54,077 ERROR pika.adapters.utils.connection_workflow: TCP Connection attempt failed: ConnectionRefusedError(61, 'Connection refused'); dest=(<AddressFamily.AF_INET6: 30>, <SocketKind.SOCK_STREAM: 1>, 6, '', ('::1', 5672, 0, 0))
2026-10-07 10:22:54,078 ERROR pika.adapters.utils.connection_workflow: AMQPConnector - reporting failure: AMQPConnectorSocketConnectError: ConnectionRefusedError(61, 'Connection refused')
2026-10-07 10:22:54,078 INFO pika.adapters.utils.connection_workflow: Pika version 1.4.4 connecting to ('127.0.0.1', 5672)
2026-10-07 10:22:54,078 ERROR pika.adapters.utils.io_services_utils: Socket failed to connect: <socket.socket fd=9, family=2, type=1, proto=6, laddr=('127.0.0.1', 54697)>; error=61 (Connection refused)
2026-10-07 10:22:54,078 ERROR pika.adapters.utils.connection_workflow: TCP Connection attempt failed: ConnectionRefusedError(61, 'Connection refused'); dest=(<AddressFamily.AF_INET: 2>, <SocketKind.SOCK_STREAM: 1>, 6, '', ('127.0.0.1', 5672))
2026-10-07 10:22:54,078 ERROR pika.adapters.utils.connection_workflow: AMQPConnector - reporting failure: AMQPConnectorSocketConnectError: ConnectionRefusedError(61, 'Connection refused')
2026-10-07 10:22:54,078 ERROR pika.adapters.utils.connection_workflow: AMQP connection workflow failed: AMQPConnectionWorkflowFailed: 2 exceptions in all; last exception - AMQPConnectorSocketConnectError: ConnectionRefusedError(61, 'Connection refused'); first exception - AMQPConnectorSocketConnectError: ConnectionRefusedError(61, 'Connection refused').
2026-10-07 10:22:54,078 ERROR pika.adapters.utils.connection_workflow: AMQPConnectionWorkflow - reporting failure: AMQPConnectionWorkflowFailed: 2 exceptions in all; last exception - AMQPConnectorSocketConnectError: ConnectionRefusedError(61, 'Connection refused'); first exception - AMQPConnectorSocketConnectError: ConnectionRefusedError(61, 'Connection refused')
2026-10-07 10:22:54,078 ERROR pika.adapters.blocking_connection: Connection workflow failed: AMQPConnectionWorkflowFailed: 2 exceptions in all; last exception - AMQPConnectorSocketConnectError: ConnectionRefusedError(61, 'Connection refused'); first exception - AMQPConnectorSocketConnectError: ConnectionRefusedError(61, 'Connection refused')
2026-10-07 10:22:54,078 ERROR pika.adapters.blocking_connection: Error in _create_connection().
Traceback (most recent call last):
  File "/Users/jessica/GridWorks/gridworks-alerter/.venv/lib/python3.12/site-packages/pika/adapters/blocking_connection.py", line 478, in _create_connection
    raise self._reap_last_connection_workflow_error(error)
pika.exceptions.AMQPConnectionError
2026-10-07 10:22:54,080 WARNING gwalerter.prober: localhost:5672 failed (24 running): AMQPConnectionError: (AMQPConnectorSocketConnectError: ConnectionRefusedError(61, 'Connection refused'),)
2026-10-07 10:22:54,082 WARNING gwalerter.prober: localhost:1885 failed (24 running): ConnectionRefusedError(61, 'Connection refused')
2026-10-07 10:23:04,088 INFO pika.adapters.utils.connection_workflow: Pika version 1.4.4 connecting to ('::1', 5672, 0, 0)
2026-10-07 10:23:04,089 INFO pika.adapters.utils.io_services_utils: Socket connected: <socket.socket fd=9, family=30, type=1, proto=6, laddr=('::1', 54867, 0, 0), raddr=('::1', 5672, 0, 0)>
2026-10-07 10:23:04,089 INFO pika.adapters.utils.connection_workflow: Streaming transport linked up: (<pika.adapters.utils.io_services_utils._AsyncPlaintextTransport object at 0x1062541d0>, _StreamingProtocolShim: <SelectConnection PROTOCOL transport=<pika.adapters.utils.io_services_utils._AsyncPlaintextTransport object at 0x1062541d0> params=<URLParameters host=localhost port=5672 virtual_host=d1__1 ssl=False>>).
2026-10-07 10:23:04,093 INFO pika.adapters.utils.connection_workflow: AMQPConnector - reporting success: <SelectConnection OPEN transport=<pika.adapters.utils.io_services_utils._AsyncPlaintextTransport object at 0x1062541d0> params=<URLParameters host=localhost port=5672 virtual_host=d1__1 ssl=False>>
2026-10-07 10:23:04,093 INFO pika.adapters.utils.connection_workflow: AMQPConnectionWorkflow - reporting success: <SelectConnection OPEN transport=<pika.adapters.utils.io_services_utils._AsyncPlaintextTransport object at 0x1062541d0> params=<URLParameters host=localhost port=5672 virtual_host=d1__1 ssl=False>>
2026-10-07 10:23:04,093 INFO pika.adapters.blocking_connection: Connection workflow succeeded: <SelectConnection OPEN transport=<pika.adapters.utils.io_services_utils._AsyncPlaintextTransport object at 0x1062541d0> params=<URLParameters host=localhost port=5672 virtual_host=d1__1 ssl=False>>
2026-10-07 10:23:04,093 INFO pika.adapters.blocking_connection: Created channel=1
2026-10-07 10:23:04,097 INFO pika.adapters.blocking_connection: Closing connection (200): Normal shutdown
2026-10-07 10:23:04,098 INFO pika.channel: Closing channel (200): 'Normal shutdown' on <Channel number=1 OPEN conn=<SelectConnection OPEN transport=<pika.adapters.utils.io_services_utils._AsyncPlaintextTransport object at 0x1062541d0> params=<URLParameters host=localhost port=5672 virtual_host=d1__1 ssl=False>>>
2026-10-07 10:23:04,098 INFO pika.channel: Received <Channel.CloseOk> on <Channel number=1 CLOSING conn=<SelectConnection OPEN transport=<pika.adapters.utils.io_services_utils._AsyncPlaintextTransport object at 0x1062541d0> params=<URLParameters host=localhost port=5672 virtual_host=d1__1 ssl=False>>>
2026-10-07 10:23:04,098 INFO pika.connection: Closing connection (200): 'Normal shutdown'
2026-10-07 10:23:04,103 INFO pika.adapters.utils.io_services_utils: Aborting transport connection: state=1; <socket.socket fd=9, family=30, type=1, proto=6, laddr=('::1', 54867, 0, 0), raddr=('::1', 5672, 0, 0)>
2026-10-07 10:23:04,103 INFO pika.adapters.utils.io_services_utils: _AsyncTransportBase._initate_abort(): Initiating abrupt asynchronous transport shutdown: state=1; error=None; <socket.socket fd=9, family=30, type=1, proto=6, laddr=('::1', 54867, 0, 0), raddr=('::1', 5672, 0, 0)>
2026-10-07 10:23:04,103 INFO pika.adapters.utils.io_services_utils: Deactivating transport: state=1; <socket.socket fd=9, family=30, type=1, proto=6, laddr=('::1', 54867, 0, 0), raddr=('::1', 5672, 0, 0)>
2026-10-07 10:23:04,103 INFO pika.connection: AMQP stack terminated, failed to connect, or aborted: opened=True, error-arg=None; pending-error=ConnectionClosedByClient: (200) 'Normal shutdown'
2026-10-07 10:23:04,103 INFO pika.connection: Stack terminated due to ConnectionClosedByClient: (200) 'Normal shutdown'
2026-10-07 10:23:04,103 INFO pika.adapters.utils.io_services_utils: Closing transport socket and unlinking: state=3; <socket.socket fd=9, family=30, type=1, proto=6, laddr=('::1', 54867, 0, 0), raddr=('::1', 5672, 0, 0)>
2026-10-07 10:23:04,103 INFO pika.adapters.blocking_connection: User-initiated close: result=BlockingConnection__OnClosedArgs(connection=<SelectConnection CLOSED transport=None params=<URLParameters host=localhost port=5672 virtual_host=d1__1 ssl=False>>, error=ConnectionClosedByClient: (200) 'Normal shutdown')
2026-10-07 10:23:04,109 INFO gwalerter.prober: Resolved BrokerUnreachable on localhost:5672 (9924715b-1761-4b8b-816d-02f1d5792ef0)
2026-10-07 10:23:04,113 INFO gwalerter.prober: Resolved BrokerUnreachable on localhost:1885 (476df8a9-d19d-46ef-8e95-c9e31e90e07c)
2026-10-07 10:23:14,120 INFO pika.adapters.utils.connection_workflow: Pika version 1.4.4 connecting to ('::1', 5672, 0, 0)
2026-10-07 10:23:14,121 INFO pika.adapters.utils.io_services_utils: Socket connected: <socket.socket fd=9, family=30, type=1, proto=6, laddr=('::1', 54881, 0, 0), raddr=('::1', 5672, 0, 0)>
2026-10-07 10:23:14,121 INFO pika.adapters.utils.connection_workflow: Streaming transport linked up: (<pika.adapters.utils.io_services_utils._AsyncPlaintextTransport object at 0x105e05dc0>, _StreamingProtocolShim: <SelectConnection PROTOCOL transport=<pika.adapters.utils.io_services_utils._AsyncPlaintextTransport object at 0x105e05dc0> params=<URLParameters host=localhost port=5672 virtual_host=d1__1 ssl=False>>).
2026-10-07 10:23:14,128 INFO pika.adapters.utils.connection_workflow: AMQPConnector - reporting success: <SelectConnection OPEN transport=<pika.adapters.utils.io_services_utils._AsyncPlaintextTransport object at 0x105e05dc0> params=<URLParameters host=localhost port=5672 virtual_host=d1__1 ssl=False>>
2026-10-07 10:23:14,128 INFO pika.adapters.utils.connection_workflow: AMQPConnectionWorkflow - reporting success: <SelectConnection OPEN transport=<pika.adapters.utils.io_services_utils._AsyncPlaintextTransport object at 0x105e05dc0> params=<URLParameters host=localhost port=5672 virtual_host=d1__1 ssl=False>>
2026-10-07 10:23:14,128 INFO pika.adapters.blocking_connection: Connection workflow succeeded: <SelectConnection OPEN transport=<pika.adapters.utils.io_services_utils._AsyncPlaintextTransport object at 0x105e05dc0> params=<URLParameters host=localhost port=5672 virtual_host=d1__1 ssl=False>>
2026-10-07 10:23:14,128 INFO pika.adapters.blocking_connection: Created channel=1
2026-10-07 10:23:14,136 INFO pika.adapters.blocking_connection: Closing connection (200): Normal shutdown
2026-10-07 10:23:14,136 INFO pika.channel: Closing channel (200): 'Normal shutdown' on <Channel number=1 OPEN conn=<SelectConnection OPEN transport=<pika.adapters.utils.io_services_utils._AsyncPlaintextTransport object at 0x105e05dc0> params=<URLParameters host=localhost port=5672 virtual_host=d1__1 ssl=False>>>
2026-10-07 10:23:14,137 INFO pika.channel: Received <Channel.CloseOk> on <Channel number=1 CLOSING conn=<SelectConnection OPEN transport=<pika.adapters.utils.io_services_utils._AsyncPlaintextTransport object at 0x105e05dc0> params=<URLParameters host=localhost port=5672 virtual_host=d1__1 ssl=False>>>
2026-10-07 10:23:14,137 INFO pika.connection: Closing connection (200): 'Normal shutdown'
2026-10-07 10:23:14,143 INFO pika.adapters.utils.io_services_utils: Aborting transport connection: state=1; <socket.socket fd=9, family=30, type=1, proto=6, laddr=('::1', 54881, 0, 0), raddr=('::1', 5672, 0, 0)>
2026-10-07 10:23:14,143 INFO pika.adapters.utils.io_services_utils: _AsyncTransportBase._initate_abort(): Initiating abrupt asynchronous transport shutdown: state=1; error=None; <socket.socket fd=9, family=30, type=1, proto=6, laddr=('::1', 54881, 0, 0), raddr=('::1', 5672, 0, 0)>
2026-10-07 10:23:14,143 INFO pika.adapters.utils.io_services_utils: Deactivating transport: state=1; <socket.socket fd=9, family=30, type=1, proto=6, laddr=('::1', 54881, 0, 0), raddr=('::1', 5672, 0, 0)>
2026-10-07 10:23:14,143 INFO pika.connection: AMQP stack terminated, failed to connect, or aborted: opened=True, error-arg=None; pending-error=ConnectionClosedByClient: (200) 'Normal shutdown'
2026-10-07 10:23:14,143 INFO pika.connection: Stack terminated due to ConnectionClosedByClient: (200) 'Normal shutdown'
2026-10-07 10:23:14,143 INFO pika.adapters.utils.io_services_utils: Closing transport socket and unlinking: state=3; <socket.socket fd=9, family=30, type=1, proto=6, laddr=('::1', 54881, 0, 0), raddr=('::1', 5672, 0, 0)>
2026-10-07 10:23:14,143 INFO pika.adapters.blocking_connection: User-initiated close: result=BlockingConnection__OnClosedArgs(connection=<SelectConnection CLOSED transport=None params=<URLParameters host=localhost port=5672 virtual_host=d1__1 ssl=False>>, error=ConnectionClosedByClient: (200) 'Normal shutdown')
2026-10-07 10:23:24,155 INFO pika.adapters.utils.connection_workflow: Pika version 1.4.4 connecting to ('::1', 5672, 0, 0)
2026-10-07 10:23:24,156 INFO pika.adapters.utils.io_services_utils: Socket connected: <socket.socket fd=9, family=30, type=1, proto=6, laddr=('::1', 54895, 0, 0), raddr=('::1', 5672, 0, 0)>
2026-10-07 10:23:24,156 INFO pika.adapters.utils.connection_workflow: Streaming transport linked up: (<pika.adapters.utils.io_services_utils._AsyncPlaintextTransport object at 0x105e07230>, _StreamingProtocolShim: <SelectConnection PROTOCOL transport=<pika.adapters.utils.io_services_utils._AsyncPlaintextTransport object at 0x105e07230> params=<URLParameters host=localhost port=5672 virtual_host=d1__1 ssl=False>>).
2026-10-07 10:23:24,162 INFO pika.adapters.utils.connection_workflow: AMQPConnector - reporting success: <SelectConnection OPEN transport=<pika.adapters.utils.io_services_utils._AsyncPlaintextTransport object at 0x105e07230> params=<URLParameters host=localhost port=5672 virtual_host=d1__1 ssl=False>>
2026-10-07 10:23:24,162 INFO pika.adapters.utils.connection_workflow: AMQPConnectionWorkflow - reporting success: <SelectConnection OPEN transport=<pika.adapters.utils.io_services_utils._AsyncPlaintextTransport object at 0x105e07230> params=<URLParameters host=localhost port=5672 virtual_host=d1__1 ssl=False>>
2026-10-07 10:23:24,162 INFO pika.adapters.blocking_connection: Connection workflow succeeded: <SelectConnection OPEN transport=<pika.adapters.utils.io_services_utils._AsyncPlaintextTransport object at 0x105e07230> params=<URLParameters host=localhost port=5672 virtual_host=d1__1 ssl=False>>
2026-10-07 10:23:24,162 INFO pika.adapters.blocking_connection: Created channel=1
2026-10-07 10:23:24,167 INFO pika.adapters.blocking_connection: Closing connection (200): Normal shutdown
2026-10-07 10:23:24,167 INFO pika.channel: Closing channel (200): 'Normal shutdown' on <Channel number=1 OPEN conn=<SelectConnection OPEN transport=<pika.adapters.utils.io_services_utils._AsyncPlaintextTransport object at 0x105e07230> params=<URLParameters host=localhost port=5672 virtual_host=d1__1 ssl=False>>>
2026-10-07 10:23:24,168 INFO pika.channel: Received <Channel.CloseOk> on <Channel number=1 CLOSING conn=<SelectConnection OPEN transport=<pika.adapters.utils.io_services_utils._AsyncPlaintextTransport object at 0x105e07230> params=<URLParameters host=localhost port=5672 virtual_host=d1__1 ssl=False>>>
2026-10-07 10:23:24,168 INFO pika.connection: Closing connection (200): 'Normal shutdown'
2026-10-07 10:23:24,174 INFO pika.adapters.utils.io_services_utils: Aborting transport connection: state=1; <socket.socket fd=9, family=30, type=1, proto=6, laddr=('::1', 54895, 0, 0), raddr=('::1', 5672, 0, 0)>
2026-10-07 10:23:24,174 INFO pika.adapters.utils.io_services_utils: _AsyncTransportBase._initate_abort(): Initiating abrupt asynchronous transport shutdown: state=1; error=None; <socket.socket fd=9, family=30, type=1, proto=6, laddr=('::1', 54895, 0, 0), raddr=('::1', 5672, 0, 0)>
2026-10-07 10:23:24,174 INFO pika.adapters.utils.io_services_utils: Deactivating transport: state=1; <socket.socket fd=9, family=30, type=1, proto=6, laddr=('::1', 54895, 0, 0), raddr=('::1', 5672, 0, 0)>
2026-10-07 10:23:24,174 INFO pika.connection: AMQP stack terminated, failed to connect, or aborted: opened=True, error-arg=None; pending-error=ConnectionClosedByClient: (200) 'Normal shutdown'
2026-10-07 10:23:24,174 INFO pika.connection: Stack terminated due to ConnectionClosedByClient: (200) 'Normal shutdown'
2026-10-07 10:23:24,175 INFO pika.adapters.utils.io_services_utils: Closing transport socket and unlinking: state=3; <socket.socket fd=9, family=30, type=1, proto=6, laddr=('::1', 54895, 0, 0), raddr=('::1', 5672, 0, 0)>
2026-10-07 10:23:24,175 INFO pika.adapters.blocking_connection: User-initiated close: result=BlockingConnection__OnClosedArgs(connection=<SelectConnection CLOSED transport=None params=<URLParameters host=localhost port=5672 virtual_host=d1__1 ssl=False>>, error=ConnectionClosedByClient: (200) 'Normal shutdown')
2026-10-07 10:23:34,182 INFO pika.adapters.utils.connection_workflow: Pika version 1.4.4 connecting to ('::1', 5672, 0, 0)
2026-10-07 10:23:34,184 INFO pika.adapters.utils.io_services_utils: Socket connected: <socket.socket fd=9, family=30, type=1, proto=6, laddr=('::1', 54936, 0, 0), raddr=('::1', 5672, 0, 0)>
2026-10-07 10:23:34,184 INFO pika.adapters.utils.connection_workflow: Streaming transport linked up: (<pika.adapters.utils.io_services_utils._AsyncPlaintextTransport object at 0x1062569f0>, _StreamingProtocolShim: <SelectConnection PROTOCOL transport=<pika.adapters.utils.io_services_utils._AsyncPlaintextTransport object at 0x1062569f0> params=<URLParameters host=localhost port=5672 virtual_host=d1__1 ssl=False>>).
2026-10-07 10:23:34,198 INFO pika.adapters.utils.connection_workflow: AMQPConnector - reporting success: <SelectConnection OPEN transport=<pika.adapters.utils.io_services_utils._AsyncPlaintextTransport object at 0x1062569f0> params=<URLParameters host=localhost port=5672 virtual_host=d1__1 ssl=False>>
2026-10-07 10:23:34,199 INFO pika.adapters.utils.connection_workflow: AMQPConnectionWorkflow - reporting success: <SelectConnection OPEN transport=<pika.adapters.utils.io_services_utils._AsyncPlaintextTransport object at 0x1062569f0> params=<URLParameters host=localhost port=5672 virtual_host=d1__1 ssl=False>>
2026-10-07 10:23:34,199 INFO pika.adapters.blocking_connection: Connection workflow succeeded: <SelectConnection OPEN transport=<pika.adapters.utils.io_services_utils._AsyncPlaintextTransport object at 0x1062569f0> params=<URLParameters host=localhost port=5672 virtual_host=d1__1 ssl=False>>
2026-10-07 10:23:34,199 INFO pika.adapters.blocking_connection: Created channel=1
2026-10-07 10:23:34,206 INFO pika.adapters.blocking_connection: Closing connection (200): Normal shutdown
2026-10-07 10:23:34,206 INFO pika.channel: Closing channel (200): 'Normal shutdown' on <Channel number=1 OPEN conn=<SelectConnection OPEN transport=<pika.adapters.utils.io_services_utils._AsyncPlaintextTransport object at 0x1062569f0> params=<URLParameters host=localhost port=5672 virtual_host=d1__1 ssl=False>>>
2026-10-07 10:23:34,207 INFO pika.channel: Received <Channel.CloseOk> on <Channel number=1 CLOSING conn=<SelectConnection OPEN transport=<pika.adapters.utils.io_services_utils._AsyncPlaintextTransport object at 0x1062569f0> params=<URLParameters host=localhost port=5672 virtual_host=d1__1 ssl=False>>>
2026-10-07 10:23:34,207 INFO pika.connection: Closing connection (200): 'Normal shutdown'
2026-10-07 10:23:34,210 INFO pika.adapters.utils.io_services_utils: Aborting transport connection: state=1; <socket.socket fd=9, family=30, type=1, proto=6, laddr=('::1', 54936, 0, 0), raddr=('::1', 5672, 0, 0)>
2026-10-07 10:23:34,210 INFO pika.adapters.utils.io_services_utils: _AsyncTransportBase._initate_abort(): Initiating abrupt asynchronous transport shutdown: state=1; error=None; <socket.socket fd=9, family=30, type=1, proto=6, laddr=('::1', 54936, 0, 0), raddr=('::1', 5672, 0, 0)>
2026-10-07 10:23:34,211 INFO pika.adapters.utils.io_services_utils: Deactivating transport: state=1; <socket.socket fd=9, family=30, type=1, proto=6, laddr=('::1', 54936, 0, 0), raddr=('::1', 5672, 0, 0)>
2026-10-07 10:23:34,211 INFO pika.connection: AMQP stack terminated, failed to connect, or aborted: opened=True, error-arg=None; pending-error=ConnectionClosedByClient: (200) 'Normal shutdown'
2026-10-07 10:23:34,211 INFO pika.connection: Stack terminated due to ConnectionClosedByClient: (200) 'Normal shutdown'
2026-10-07 10:23:34,211 INFO pika.adapters.utils.io_services_utils: Closing transport socket and unlinking: state=3; <socket.socket fd=9, family=30, type=1, proto=6, laddr=('::1', 54936, 0, 0), raddr=('::1', 5672, 0, 0)>
2026-10-07 10:23:34,211 INFO pika.adapters.blocking_connection: User-initiated close: result=BlockingConnection__OnClosedArgs(connection=<SelectConnection CLOSED transport=None params=<URLParameters host=localhost port=5672 virtual_host=d1__1 ssl=False>>, error=ConnectionClosedByClient: (200) 'Normal shutdown')
2026-10-07 10:23:44,225 INFO pika.adapters.utils.connection_workflow: Pika version 1.4.4 connecting to ('::1', 5672, 0, 0)
2026-10-07 10:23:44,226 INFO pika.adapters.utils.io_services_utils: Socket connected: <socket.socket fd=9, family=30, type=1, proto=6, laddr=('::1', 54945, 0, 0), raddr=('::1', 5672, 0, 0)>
2026-10-07 10:23:44,227 INFO pika.adapters.utils.connection_workflow: Streaming transport linked up: (<pika.adapters.utils.io_services_utils._AsyncPlaintextTransport object at 0x106254a70>, _StreamingProtocolShim: <SelectConnection PROTOCOL transport=<pika.adapters.utils.io_services_utils._AsyncPlaintextTransport object at 0x106254a70> params=<URLParameters host=localhost port=5672 virtual_host=d1__1 ssl=False>>).
2026-10-07 10:23:44,237 INFO pika.adapters.utils.connection_workflow: AMQPConnector - reporting success: <SelectConnection OPEN transport=<pika.adapters.utils.io_services_utils._AsyncPlaintextTransport object at 0x106254a70> params=<URLParameters host=localhost port=5672 virtual_host=d1__1 ssl=False>>
2026-10-07 10:23:44,238 INFO pika.adapters.utils.connection_workflow: AMQPConnectionWorkflow - reporting success: <SelectConnection OPEN transport=<pika.adapters.utils.io_services_utils._AsyncPlaintextTransport object at 0x106254a70> params=<URLParameters host=localhost port=5672 virtual_host=d1__1 ssl=False>>
2026-10-07 10:23:44,238 INFO pika.adapters.blocking_connection: Connection workflow succeeded: <SelectConnection OPEN transport=<pika.adapters.utils.io_services_utils._AsyncPlaintextTransport object at 0x106254a70> params=<URLParameters host=localhost port=5672 virtual_host=d1__1 ssl=False>>
2026-10-07 10:23:44,238 INFO pika.adapters.blocking_connection: Created channel=1
2026-10-07 10:23:44,246 INFO pika.adapters.blocking_connection: Closing connection (200): Normal shutdown
2026-10-07 10:23:44,247 INFO pika.channel: Closing channel (200): 'Normal shutdown' on <Channel number=1 OPEN conn=<SelectConnection OPEN transport=<pika.adapters.utils.io_services_utils._AsyncPlaintextTransport object at 0x106254a70> params=<URLParameters host=localhost port=5672 virtual_host=d1__1 ssl=False>>>
2026-10-07 10:23:44,248 INFO pika.channel: Received <Channel.CloseOk> on <Channel number=1 CLOSING conn=<SelectConnection OPEN transport=<pika.adapters.utils.io_services_utils._AsyncPlaintextTransport object at 0x106254a70> params=<URLParameters host=localhost port=5672 virtual_host=d1__1 ssl=False>>>
2026-10-07 10:23:44,248 INFO pika.connection: Closing connection (200): 'Normal shutdown'
2026-10-07 10:23:44,255 INFO pika.adapters.utils.io_services_utils: Aborting transport connection: state=1; <socket.socket fd=9, family=30, type=1, proto=6, laddr=('::1', 54945, 0, 0), raddr=('::1', 5672, 0, 0)>
2026-10-07 10:23:44,255 INFO pika.adapters.utils.io_services_utils: _AsyncTransportBase._initate_abort(): Initiating abrupt asynchronous transport shutdown: state=1; error=None; <socket.socket fd=9, family=30, type=1, proto=6, laddr=('::1', 54945, 0, 0), raddr=('::1', 5672, 0, 0)>
2026-10-07 10:23:44,255 INFO pika.adapters.utils.io_services_utils: Deactivating transport: state=1; <socket.socket fd=9, family=30, type=1, proto=6, laddr=('::1', 54945, 0, 0), raddr=('::1', 5672, 0, 0)>
2026-10-07 10:23:44,256 INFO pika.connection: AMQP stack terminated, failed to connect, or aborted: opened=True, error-arg=None; pending-error=ConnectionClosedByClient: (200) 'Normal shutdown'
2026-10-07 10:23:44,256 INFO pika.connection: Stack terminated due to ConnectionClosedByClient: (200) 'Normal shutdown'
2026-10-07 10:23:44,256 INFO pika.adapters.utils.io_services_utils: Closing transport socket and unlinking: state=3; <socket.socket fd=9, family=30, type=1, proto=6, laddr=('::1', 54945, 0, 0), raddr=('::1', 5672, 0, 0)>
2026-10-07 10:23:44,256 INFO pika.adapters.blocking_connection: User-initiated close: result=BlockingConnection__OnClosedArgs(connection=<SelectConnection CLOSED transport=None params=<URLParameters host=localhost port=5672 virtual_host=d1__1 ssl=False>>, error=ConnectionClosedByClient: (200) 'Normal shutdown')
2026-10-07 10:23:54,272 INFO pika.adapters.utils.connection_workflow: Pika version 1.4.4 connecting to ('::1', 5672, 0, 0)
2026-10-07 10:23:54,273 INFO pika.adapters.utils.io_services_utils: Socket connected: <socket.socket fd=9, family=30, type=1, proto=6, laddr=('::1', 54957, 0, 0), raddr=('::1', 5672, 0, 0)>
2026-10-07 10:23:54,273 INFO pika.adapters.utils.connection_workflow: Streaming transport linked up: (<pika.adapters.utils.io_services_utils._AsyncPlaintextTransport object at 0x106255fd0>, _StreamingProtocolShim: <SelectConnection PROTOCOL transport=<pika.adapters.utils.io_services_utils._AsyncPlaintextTransport object at 0x106255fd0> params=<URLParameters host=localhost port=5672 virtual_host=d1__1 ssl=False>>).
2026-10-07 10:23:54,282 INFO pika.adapters.utils.connection_workflow: AMQPConnector - reporting success: <SelectConnection OPEN transport=<pika.adapters.utils.io_services_utils._AsyncPlaintextTransport object at 0x106255fd0> params=<URLParameters host=localhost port=5672 virtual_host=d1__1 ssl=False>>
2026-10-07 10:23:54,282 INFO pika.adapters.utils.connection_workflow: AMQPConnectionWorkflow - reporting success: <SelectConnection OPEN transport=<pika.adapters.utils.io_services_utils._AsyncPlaintextTransport object at 0x106255fd0> params=<URLParameters host=localhost port=5672 virtual_host=d1__1 ssl=False>>
2026-10-07 10:23:54,282 INFO pika.adapters.blocking_connection: Connection workflow succeeded: <SelectConnection OPEN transport=<pika.adapters.utils.io_services_utils._AsyncPlaintextTransport object at 0x106255fd0> params=<URLParameters host=localhost port=5672 virtual_host=d1__1 ssl=False>>
2026-10-07 10:23:54,282 INFO pika.adapters.blocking_connection: Created channel=1
2026-10-07 10:23:54,290 INFO pika.adapters.blocking_connection: Closing connection (200): Normal shutdown
2026-10-07 10:23:54,290 INFO pika.channel: Closing channel (200): 'Normal shutdown' on <Channel number=1 OPEN conn=<SelectConnection OPEN transport=<pika.adapters.utils.io_services_utils._AsyncPlaintextTransport object at 0x106255fd0> params=<URLParameters host=localhost port=5672 virtual_host=d1__1 ssl=False>>>
2026-10-07 10:23:54,291 INFO pika.channel: Received <Channel.CloseOk> on <Channel number=1 CLOSING conn=<SelectConnection OPEN transport=<pika.adapters.utils.io_services_utils._AsyncPlaintextTransport object at 0x106255fd0> params=<URLParameters host=localhost port=5672 virtual_host=d1__1 ssl=False>>>
2026-10-07 10:23:54,292 INFO pika.connection: Closing connection (200): 'Normal shutdown'
2026-10-07 10:23:54,299 INFO pika.adapters.utils.io_services_utils: Aborting transport connection: state=1; <socket.socket fd=9, family=30, type=1, proto=6, laddr=('::1', 54957, 0, 0), raddr=('::1', 5672, 0, 0)>
2026-10-07 10:23:54,299 INFO pika.adapters.utils.io_services_utils: _AsyncTransportBase._initate_abort(): Initiating abrupt asynchronous transport shutdown: state=1; error=None; <socket.socket fd=9, family=30, type=1, proto=6, laddr=('::1', 54957, 0, 0), raddr=('::1', 5672, 0, 0)>
2026-10-07 10:23:54,299 INFO pika.adapters.utils.io_services_utils: Deactivating transport: state=1; <socket.socket fd=9, family=30, type=1, proto=6, laddr=('::1', 54957, 0, 0), raddr=('::1', 5672, 0, 0)>
2026-10-07 10:23:54,299 INFO pika.connection: AMQP stack terminated, failed to connect, or aborted: opened=True, error-arg=None; pending-error=ConnectionClosedByClient: (200) 'Normal shutdown'
2026-10-07 10:23:54,299 INFO pika.connection: Stack terminated due to ConnectionClosedByClient: (200) 'Normal shutdown'
2026-10-07 10:23:54,299 INFO pika.adapters.utils.io_services_utils: Closing transport socket and unlinking: state=3; <socket.socket fd=9, family=30, type=1, proto=6, laddr=('::1', 54957, 0, 0), raddr=('::1', 5672, 0, 0)>
2026-10-07 10:23:54,299 INFO pika.adapters.blocking_connection: User-initiated close: result=BlockingConnection__OnClosedArgs(connection=<SelectConnection CLOSED transport=None params=<URLParameters host=localhost port=5672 virtual_host=d1__1 ssl=False>>, error=ConnectionClosedByClient: (200) 'Normal shutdown')
2026-10-07 10:24:04,308 INFO pika.adapters.utils.connection_workflow: Pika version 1.4.4 connecting to ('::1', 5672, 0, 0)
2026-10-07 10:24:04,310 INFO pika.adapters.utils.io_services_utils: Socket connected: <socket.socket fd=9, family=30, type=1, proto=6, laddr=('::1', 55010, 0, 0), raddr=('::1', 5672, 0, 0)>
2026-10-07 10:24:04,310 INFO pika.adapters.utils.connection_workflow: Streaming transport linked up: (<pika.adapters.utils.io_services_utils._AsyncPlaintextTransport object at 0x106255460>, _StreamingProtocolShim: <SelectConnection PROTOCOL transport=<pika.adapters.utils.io_services_utils._AsyncPlaintextTransport object at 0x106255460> params=<URLParameters host=localhost port=5672 virtual_host=d1__1 ssl=False>>).
2026-10-07 10:24:04,321 INFO pika.adapters.utils.connection_workflow: AMQPConnector - reporting success: <SelectConnection OPEN transport=<pika.adapters.utils.io_services_utils._AsyncPlaintextTransport object at 0x106255460> params=<URLParameters host=localhost port=5672 virtual_host=d1__1 ssl=False>>
2026-10-07 10:24:04,321 INFO pika.adapters.utils.connection_workflow: AMQPConnectionWorkflow - reporting success: <SelectConnection OPEN transport=<pika.adapters.utils.io_services_utils._AsyncPlaintextTransport object at 0x106255460> params=<URLParameters host=localhost port=5672 virtual_host=d1__1 ssl=False>>
2026-10-07 10:24:04,322 INFO pika.adapters.blocking_connection: Connection workflow succeeded: <SelectConnection OPEN transport=<pika.adapters.utils.io_services_utils._AsyncPlaintextTransport object at 0x106255460> params=<URLParameters host=localhost port=5672 virtual_host=d1__1 ssl=False>>
2026-10-07 10:24:04,322 INFO pika.adapters.blocking_connection: Created channel=1
2026-10-07 10:24:04,329 INFO pika.adapters.blocking_connection: Closing connection (200): Normal shutdown
2026-10-07 10:24:04,329 INFO pika.channel: Closing channel (200): 'Normal shutdown' on <Channel number=1 OPEN conn=<SelectConnection OPEN transport=<pika.adapters.utils.io_services_utils._AsyncPlaintextTransport object at 0x106255460> params=<URLParameters host=localhost port=5672 virtual_host=d1__1 ssl=False>>>
2026-10-07 10:24:04,330 INFO pika.channel: Received <Channel.CloseOk> on <Channel number=1 CLOSING conn=<SelectConnection OPEN transport=<pika.adapters.utils.io_services_utils._AsyncPlaintextTransport object at 0x106255460> params=<URLParameters host=localhost port=5672 virtual_host=d1__1 ssl=False>>>
2026-10-07 10:24:04,330 INFO pika.connection: Closing connection (200): 'Normal shutdown'
2026-10-07 10:24:04,335 INFO pika.adapters.utils.io_services_utils: Aborting transport connection: state=1; <socket.socket fd=9, family=30, type=1, proto=6, laddr=('::1', 55010, 0, 0), raddr=('::1', 5672, 0, 0)>
2026-10-07 10:24:04,335 INFO pika.adapters.utils.io_services_utils: _AsyncTransportBase._initate_abort(): Initiating abrupt asynchronous transport shutdown: state=1; error=None; <socket.socket fd=9, family=30, type=1, proto=6, laddr=('::1', 55010, 0, 0), raddr=('::1', 5672, 0, 0)>
2026-10-07 10:24:04,336 INFO pika.adapters.utils.io_services_utils: Deactivating transport: state=1; <socket.socket fd=9, family=30, type=1, proto=6, laddr=('::1', 55010, 0, 0), raddr=('::1', 5672, 0, 0)>
2026-10-07 10:24:04,336 INFO pika.connection: AMQP stack terminated, failed to connect, or aborted: opened=True, error-arg=None; pending-error=ConnectionClosedByClient: (200) 'Normal shutdown'
2026-10-07 10:24:04,336 INFO pika.connection: Stack terminated due to ConnectionClosedByClient: (200) 'Normal shutdown'
2026-10-07 10:24:04,336 INFO pika.adapters.utils.io_services_utils: Closing transport socket and unlinking: state=3; <socket.socket fd=9, family=30, type=1, proto=6, laddr=('::1', 55010, 0, 0), raddr=('::1', 5672, 0, 0)>
2026-10-07 10:24:04,336 INFO pika.adapters.blocking_connection: User-initiated close: result=BlockingConnection__OnClosedArgs(connection=<SelectConnection CLOSED transport=None params=<URLParameters host=localhost port=5672 virtual_host=d1__1 ssl=False>>, error=ConnectionClosedByClient: (200) 'Normal shutdown')
2026-10-07 10:24:14,345 INFO pika.adapters.utils.connection_workflow: Pika version 1.4.4 connecting to ('::1', 5672, 0, 0)
2026-10-07 10:24:14,346 INFO pika.adapters.utils.io_services_utils: Socket connected: <socket.socket fd=9, family=30, type=1, proto=6, laddr=('::1', 55019, 0, 0), raddr=('::1', 5672, 0, 0)>
2026-10-07 10:24:14,347 INFO pika.adapters.utils.connection_workflow: Streaming transport linked up: (<pika.adapters.utils.io_services_utils._AsyncPlaintextTransport object at 0x106256cc0>, _StreamingProtocolShim: <SelectConnection PROTOCOL transport=<pika.adapters.utils.io_services_utils._AsyncPlaintextTransport object at 0x106256cc0> params=<URLParameters host=localhost port=5672 virtual_host=d1__1 ssl=False>>).
2026-10-07 10:24:14,354 INFO pika.adapters.utils.connection_workflow: AMQPConnector - reporting success: <SelectConnection OPEN transport=<pika.adapters.utils.io_services_utils._AsyncPlaintextTransport object at 0x106256cc0> params=<URLParameters host=localhost port=5672 virtual_host=d1__1 ssl=False>>
2026-10-07 10:24:14,354 INFO pika.adapters.utils.connection_workflow: AMQPConnectionWorkflow - reporting success: <SelectConnection OPEN transport=<pika.adapters.utils.io_services_utils._AsyncPlaintextTransport object at 0x106256cc0> params=<URLParameters host=localhost port=5672 virtual_host=d1__1 ssl=False>>
2026-10-07 10:24:14,354 INFO pika.adapters.blocking_connection: Connection workflow succeeded: <SelectConnection OPEN transport=<pika.adapters.utils.io_services_utils._AsyncPlaintextTransport object at 0x106256cc0> params=<URLParameters host=localhost port=5672 virtual_host=d1__1 ssl=False>>
2026-10-07 10:24:14,354 INFO pika.adapters.blocking_connection: Created channel=1
2026-10-07 10:24:14,362 INFO pika.adapters.blocking_connection: Closing connection (200): Normal shutdown
2026-10-07 10:24:14,362 INFO pika.channel: Closing channel (200): 'Normal shutdown' on <Channel number=1 OPEN conn=<SelectConnection OPEN transport=<pika.adapters.utils.io_services_utils._AsyncPlaintextTransport object at 0x106256cc0> params=<URLParameters host=localhost port=5672 virtual_host=d1__1 ssl=False>>>
2026-10-07 10:24:14,363 INFO pika.channel: Received <Channel.CloseOk> on <Channel number=1 CLOSING conn=<SelectConnection OPEN transport=<pika.adapters.utils.io_services_utils._AsyncPlaintextTransport object at 0x106256cc0> params=<URLParameters host=localhost port=5672 virtual_host=d1__1 ssl=False>>>
2026-10-07 10:24:14,363 INFO pika.connection: Closing connection (200): 'Normal shutdown'
2026-10-07 10:24:14,369 INFO pika.adapters.utils.io_services_utils: Aborting transport connection: state=1; <socket.socket fd=9, family=30, type=1, proto=6, laddr=('::1', 55019, 0, 0), raddr=('::1', 5672, 0, 0)>
2026-10-07 10:24:14,369 INFO pika.adapters.utils.io_services_utils: _AsyncTransportBase._initate_abort(): Initiating abrupt asynchronous transport shutdown: state=1; error=None; <socket.socket fd=9, family=30, type=1, proto=6, laddr=('::1', 55019, 0, 0), raddr=('::1', 5672, 0, 0)>
2026-10-07 10:24:14,369 INFO pika.adapters.utils.io_services_utils: Deactivating transport: state=1; <socket.socket fd=9, family=30, type=1, proto=6, laddr=('::1', 55019, 0, 0), raddr=('::1', 5672, 0, 0)>
2026-10-07 10:24:14,369 INFO pika.connection: AMQP stack terminated, failed to connect, or aborted: opened=True, error-arg=None; pending-error=ConnectionClosedByClient: (200) 'Normal shutdown'
2026-10-07 10:24:14,369 INFO pika.connection: Stack terminated due to ConnectionClosedByClient: (200) 'Normal shutdown'
2026-10-07 10:24:14,369 INFO pika.adapters.utils.io_services_utils: Closing transport socket and unlinking: state=3; <socket.socket fd=9, family=30, type=1, proto=6, laddr=('::1', 55019, 0, 0), raddr=('::1', 5672, 0, 0)>
2026-10-07 10:24:14,369 INFO pika.adapters.blocking_connection: User-initiated close: result=BlockingConnection__OnClosedArgs(connection=<SelectConnection CLOSED transport=None params=<URLParameters host=localhost port=5672 virtual_host=d1__1 ssl=False>>, error=ConnectionClosedByClient: (200) 'Normal shutdown')
2026-10-07 10:24:24,380 INFO pika.adapters.utils.connection_workflow: Pika version 1.4.4 connecting to ('::1', 5672, 0, 0)
2026-10-07 10:24:24,381 INFO pika.adapters.utils.io_services_utils: Socket connected: <socket.socket fd=9, family=30, type=1, proto=6, laddr=('::1', 55029, 0, 0), raddr=('::1', 5672, 0, 0)>
2026-10-07 10:24:24,381 INFO pika.adapters.utils.connection_workflow: Streaming transport linked up: (<pika.adapters.utils.io_services_utils._AsyncPlaintextTransport object at 0x105e06db0>, _StreamingProtocolShim: <SelectConnection PROTOCOL transport=<pika.adapters.utils.io_services_utils._AsyncPlaintextTransport object at 0x105e06db0> params=<URLParameters host=localhost port=5672 virtual_host=d1__1 ssl=False>>).
2026-10-07 10:24:24,391 INFO pika.adapters.utils.connection_workflow: AMQPConnector - reporting success: <SelectConnection OPEN transport=<pika.adapters.utils.io_services_utils._AsyncPlaintextTransport object at 0x105e06db0> params=<URLParameters host=localhost port=5672 virtual_host=d1__1 ssl=False>>
2026-10-07 10:24:24,391 INFO pika.adapters.utils.connection_workflow: AMQPConnectionWorkflow - reporting success: <SelectConnection OPEN transport=<pika.adapters.utils.io_services_utils._AsyncPlaintextTransport object at 0x105e06db0> params=<URLParameters host=localhost port=5672 virtual_host=d1__1 ssl=False>>
2026-10-07 10:24:24,392 INFO pika.adapters.blocking_connection: Connection workflow succeeded: <SelectConnection OPEN transport=<pika.adapters.utils.io_services_utils._AsyncPlaintextTransport object at 0x105e06db0> params=<URLParameters host=localhost port=5672 virtual_host=d1__1 ssl=False>>
2026-10-07 10:24:24,392 INFO pika.adapters.blocking_connection: Created channel=1
2026-10-07 10:24:24,399 INFO pika.adapters.blocking_connection: Closing connection (200): Normal shutdown
2026-10-07 10:24:24,399 INFO pika.channel: Closing channel (200): 'Normal shutdown' on <Channel number=1 OPEN conn=<SelectConnection OPEN transport=<pika.adapters.utils.io_services_utils._AsyncPlaintextTransport object at 0x105e06db0> params=<URLParameters host=localhost port=5672 virtual_host=d1__1 ssl=False>>>
2026-10-07 10:24:24,400 INFO pika.channel: Received <Channel.CloseOk> on <Channel number=1 CLOSING conn=<SelectConnection OPEN transport=<pika.adapters.utils.io_services_utils._AsyncPlaintextTransport object at 0x105e06db0> params=<URLParameters host=localhost port=5672 virtual_host=d1__1 ssl=False>>>
2026-10-07 10:24:24,400 INFO pika.connection: Closing connection (200): 'Normal shutdown'
2026-10-07 10:24:24,407 INFO pika.adapters.utils.io_services_utils: Aborting transport connection: state=1; <socket.socket fd=9, family=30, type=1, proto=6, laddr=('::1', 55029, 0, 0), raddr=('::1', 5672, 0, 0)>
2026-10-07 10:24:24,407 INFO pika.adapters.utils.io_services_utils: _AsyncTransportBase._initate_abort(): Initiating abrupt asynchronous transport shutdown: state=1; error=None; <socket.socket fd=9, family=30, type=1, proto=6, laddr=('::1', 55029, 0, 0), raddr=('::1', 5672, 0, 0)>
2026-10-07 10:24:24,407 INFO pika.adapters.utils.io_services_utils: Deactivating transport: state=1; <socket.socket fd=9, family=30, type=1, proto=6, laddr=('::1', 55029, 0, 0), raddr=('::1', 5672, 0, 0)>
2026-10-07 10:24:24,407 INFO pika.connection: AMQP stack terminated, failed to connect, or aborted: opened=True, error-arg=None; pending-error=ConnectionClosedByClient: (200) 'Normal shutdown'
2026-10-07 10:24:24,407 INFO pika.connection: Stack terminated due to ConnectionClosedByClient: (200) 'Normal shutdown'
2026-10-07 10:24:24,407 INFO pika.adapters.utils.io_services_utils: Closing transport socket and unlinking: state=3; <socket.socket fd=9, family=30, type=1, proto=6, laddr=('::1', 55029, 0, 0), raddr=('::1', 5672, 0, 0)>
2026-10-07 10:24:24,407 INFO pika.adapters.blocking_connection: User-initiated close: result=BlockingConnection__OnClosedArgs(connection=<SelectConnection CLOSED transport=None params=<URLParameters host=localhost port=5672 virtual_host=d1__1 ssl=False>>, error=ConnectionClosedByClient: (200) 'Normal shutdown')
2026-10-07 10:24:34,417 INFO pika.adapters.utils.connection_workflow: Pika version 1.4.4 connecting to ('::1', 5672, 0, 0)
2026-10-07 10:24:34,418 INFO pika.adapters.utils.io_services_utils: Socket connected: <socket.socket fd=9, family=30, type=1, proto=6, laddr=('::1', 55133, 0, 0), raddr=('::1', 5672, 0, 0)>
2026-10-07 10:24:34,418 INFO pika.adapters.utils.connection_workflow: Streaming transport linked up: (<pika.adapters.utils.io_services_utils._AsyncPlaintextTransport object at 0x106256e70>, _StreamingProtocolShim: <SelectConnection PROTOCOL transport=<pika.adapters.utils.io_services_utils._AsyncPlaintextTransport object at 0x106256e70> params=<URLParameters host=localhost port=5672 virtual_host=d1__1 ssl=False>>).
2026-10-07 10:24:34,428 INFO pika.adapters.utils.connection_workflow: AMQPConnector - reporting success: <SelectConnection OPEN transport=<pika.adapters.utils.io_services_utils._AsyncPlaintextTransport object at 0x106256e70> params=<URLParameters host=localhost port=5672 virtual_host=d1__1 ssl=False>>
2026-10-07 10:24:34,428 INFO pika.adapters.utils.connection_workflow: AMQPConnectionWorkflow - reporting success: <SelectConnection OPEN transport=<pika.adapters.utils.io_services_utils._AsyncPlaintextTransport object at 0x106256e70> params=<URLParameters host=localhost port=5672 virtual_host=d1__1 ssl=False>>
2026-10-07 10:24:34,428 INFO pika.adapters.blocking_connection: Connection workflow succeeded: <SelectConnection OPEN transport=<pika.adapters.utils.io_services_utils._AsyncPlaintextTransport object at 0x106256e70> params=<URLParameters host=localhost port=5672 virtual_host=d1__1 ssl=False>>
2026-10-07 10:24:34,428 INFO pika.adapters.blocking_connection: Created channel=1
2026-10-07 10:24:34,436 INFO pika.adapters.blocking_connection: Closing connection (200): Normal shutdown
2026-10-07 10:24:34,436 INFO pika.channel: Closing channel (200): 'Normal shutdown' on <Channel number=1 OPEN conn=<SelectConnection OPEN transport=<pika.adapters.utils.io_services_utils._AsyncPlaintextTransport object at 0x106256e70> params=<URLParameters host=localhost port=5672 virtual_host=d1__1 ssl=False>>>
2026-10-07 10:24:34,438 INFO pika.channel: Received <Channel.CloseOk> on <Channel number=1 CLOSING conn=<SelectConnection OPEN transport=<pika.adapters.utils.io_services_utils._AsyncPlaintextTransport object at 0x106256e70> params=<URLParameters host=localhost port=5672 virtual_host=d1__1 ssl=False>>>
2026-10-07 10:24:34,438 INFO pika.connection: Closing connection (200): 'Normal shutdown'
2026-10-07 10:24:34,446 INFO pika.adapters.utils.io_services_utils: Aborting transport connection: state=1; <socket.socket fd=9, family=30, type=1, proto=6, laddr=('::1', 55133, 0, 0), raddr=('::1', 5672, 0, 0)>
2026-10-07 10:24:34,446 INFO pika.adapters.utils.io_services_utils: _AsyncTransportBase._initate_abort(): Initiating abrupt asynchronous transport shutdown: state=1; error=None; <socket.socket fd=9, family=30, type=1, proto=6, laddr=('::1', 55133, 0, 0), raddr=('::1', 5672, 0, 0)>
2026-10-07 10:24:34,446 INFO pika.adapters.utils.io_services_utils: Deactivating transport: state=1; <socket.socket fd=9, family=30, type=1, proto=6, laddr=('::1', 55133, 0, 0), raddr=('::1', 5672, 0, 0)>
2026-10-07 10:24:34,446 INFO pika.connection: AMQP stack terminated, failed to connect, or aborted: opened=True, error-arg=None; pending-error=ConnectionClosedByClient: (200) 'Normal shutdown'
2026-10-07 10:24:34,446 INFO pika.connection: Stack terminated due to ConnectionClosedByClient: (200) 'Normal shutdown'
2026-10-07 10:24:34,447 INFO pika.adapters.utils.io_services_utils: Closing transport socket and unlinking: state=3; <socket.socket fd=9, family=30, type=1, proto=6, laddr=('::1', 55133, 0, 0), raddr=('::1', 5672, 0, 0)>
2026-10-07 10:24:34,447 INFO pika.adapters.blocking_connection: User-initiated close: result=BlockingConnection__OnClosedArgs(connection=<SelectConnection CLOSED transport=None params=<URLParameters host=localhost port=5672 virtual_host=d1__1 ssl=False>>, error=ConnectionClosedByClient: (200) 'Normal shutdown')
2026-10-07 10:24:44,458 INFO pika.adapters.utils.connection_workflow: Pika version 1.4.4 connecting to ('::1', 5672, 0, 0)
2026-10-07 10:24:44,459 INFO pika.adapters.utils.io_services_utils: Socket connected: <socket.socket fd=9, family=30, type=1, proto=6, laddr=('::1', 55137, 0, 0), raddr=('::1', 5672, 0, 0)>
2026-10-07 10:24:44,459 INFO pika.adapters.utils.connection_workflow: Streaming transport linked up: (<pika.adapters.utils.io_services_utils._AsyncPlaintextTransport object at 0x106254380>, _StreamingProtocolShim: <SelectConnection PROTOCOL transport=<pika.adapters.utils.io_services_utils._AsyncPlaintextTransport object at 0x106254380> params=<URLParameters host=localhost port=5672 virtual_host=d1__1 ssl=False>>).
2026-10-07 10:24:44,467 INFO pika.adapters.utils.connection_workflow: AMQPConnector - reporting success: <SelectConnection OPEN transport=<pika.adapters.utils.io_services_utils._AsyncPlaintextTransport object at 0x106254380> params=<URLParameters host=localhost port=5672 virtual_host=d1__1 ssl=False>>
2026-10-07 10:24:44,467 INFO pika.adapters.utils.connection_workflow: AMQPConnectionWorkflow - reporting success: <SelectConnection OPEN transport=<pika.adapters.utils.io_services_utils._AsyncPlaintextTransport object at 0x106254380> params=<URLParameters host=localhost port=5672 virtual_host=d1__1 ssl=False>>
2026-10-07 10:24:44,467 INFO pika.adapters.blocking_connection: Connection workflow succeeded: <SelectConnection OPEN transport=<pika.adapters.utils.io_services_utils._AsyncPlaintextTransport object at 0x106254380> params=<URLParameters host=localhost port=5672 virtual_host=d1__1 ssl=False>>
2026-10-07 10:24:44,467 INFO pika.adapters.blocking_connection: Created channel=1
2026-10-07 10:24:44,473 INFO pika.adapters.blocking_connection: Closing connection (200): Normal shutdown
2026-10-07 10:24:44,473 INFO pika.channel: Closing channel (200): 'Normal shutdown' on <Channel number=1 OPEN conn=<SelectConnection OPEN transport=<pika.adapters.utils.io_services_utils._AsyncPlaintextTransport object at 0x106254380> params=<URLParameters host=localhost port=5672 virtual_host=d1__1 ssl=False>>>
2026-10-07 10:24:44,474 INFO pika.channel: Received <Channel.CloseOk> on <Channel number=1 CLOSING conn=<SelectConnection OPEN transport=<pika.adapters.utils.io_services_utils._AsyncPlaintextTransport object at 0x106254380> params=<URLParameters host=localhost port=5672 virtual_host=d1__1 ssl=False>>>
2026-10-07 10:24:44,474 INFO pika.connection: Closing connection (200): 'Normal shutdown'
2026-10-07 10:24:44,480 INFO pika.adapters.utils.io_services_utils: Aborting transport connection: state=1; <socket.socket fd=9, family=30, type=1, proto=6, laddr=('::1', 55137, 0, 0), raddr=('::1', 5672, 0, 0)>
2026-10-07 10:24:44,480 INFO pika.adapters.utils.io_services_utils: _AsyncTransportBase._initate_abort(): Initiating abrupt asynchronous transport shutdown: state=1; error=None; <socket.socket fd=9, family=30, type=1, proto=6, laddr=('::1', 55137, 0, 0), raddr=('::1', 5672, 0, 0)>
2026-10-07 10:24:44,480 INFO pika.adapters.utils.io_services_utils: Deactivating transport: state=1; <socket.socket fd=9, family=30, type=1, proto=6, laddr=('::1', 55137, 0, 0), raddr=('::1', 5672, 0, 0)>
2026-10-07 10:24:44,480 INFO pika.connection: AMQP stack terminated, failed to connect, or aborted: opened=True, error-arg=None; pending-error=ConnectionClosedByClient: (200) 'Normal shutdown'
2026-10-07 10:24:44,480 INFO pika.connection: Stack terminated due to ConnectionClosedByClient: (200) 'Normal shutdown'
2026-10-07 10:24:44,480 INFO pika.adapters.utils.io_services_utils: Closing transport socket and unlinking: state=3; <socket.socket fd=9, family=30, type=1, proto=6, laddr=('::1', 55137, 0, 0), raddr=('::1', 5672, 0, 0)>
2026-10-07 10:24:44,480 INFO pika.adapters.blocking_connection: User-initiated close: result=BlockingConnection__OnClosedArgs(connection=<SelectConnection CLOSED transport=None params=<URLParameters host=localhost port=5672 virtual_host=d1__1 ssl=False>>, error=ConnectionClosedByClient: (200) 'Normal shutdown')
2026-10-07 10:24:54,487 INFO pika.adapters.utils.connection_workflow: Pika version 1.4.4 connecting to ('::1', 5672, 0, 0)
2026-10-07 10:24:54,487 INFO pika.adapters.utils.io_services_utils: Socket connected: <socket.socket fd=9, family=30, type=1, proto=6, laddr=('::1', 55145, 0, 0), raddr=('::1', 5672, 0, 0)>
2026-10-07 10:24:54,487 INFO pika.adapters.utils.connection_workflow: Streaming transport linked up: (<pika.adapters.utils.io_services_utils._AsyncPlaintextTransport object at 0x106255e80>, _StreamingProtocolShim: <SelectConnection PROTOCOL transport=<pika.adapters.utils.io_services_utils._AsyncPlaintextTransport object at 0x106255e80> params=<URLParameters host=localhost port=5672 virtual_host=d1__1 ssl=False>>).
2026-10-07 10:24:54,492 INFO pika.adapters.utils.connection_workflow: AMQPConnector - reporting success: <SelectConnection OPEN transport=<pika.adapters.utils.io_services_utils._AsyncPlaintextTransport object at 0x106255e80> params=<URLParameters host=localhost port=5672 virtual_host=d1__1 ssl=False>>
2026-10-07 10:24:54,492 INFO pika.adapters.utils.connection_workflow: AMQPConnectionWorkflow - reporting success: <SelectConnection OPEN transport=<pika.adapters.utils.io_services_utils._AsyncPlaintextTransport object at 0x106255e80> params=<URLParameters host=localhost port=5672 virtual_host=d1__1 ssl=False>>
2026-10-07 10:24:54,492 INFO pika.adapters.blocking_connection: Connection workflow succeeded: <SelectConnection OPEN transport=<pika.adapters.utils.io_services_utils._AsyncPlaintextTransport object at 0x106255e80> params=<URLParameters host=localhost port=5672 virtual_host=d1__1 ssl=False>>
2026-10-07 10:24:54,492 INFO pika.adapters.blocking_connection: Created channel=1
2026-10-07 10:24:54,496 INFO pika.adapters.blocking_connection: Closing connection (200): Normal shutdown
2026-10-07 10:24:54,496 INFO pika.channel: Closing channel (200): 'Normal shutdown' on <Channel number=1 OPEN conn=<SelectConnection OPEN transport=<pika.adapters.utils.io_services_utils._AsyncPlaintextTransport object at 0x106255e80> params=<URLParameters host=localhost port=5672 virtual_host=d1__1 ssl=False>>>
2026-10-07 10:24:54,497 INFO pika.channel: Received <Channel.CloseOk> on <Channel number=1 CLOSING conn=<SelectConnection OPEN transport=<pika.adapters.utils.io_services_utils._AsyncPlaintextTransport object at 0x106255e80> params=<URLParameters host=localhost port=5672 virtual_host=d1__1 ssl=False>>>
2026-10-07 10:24:54,497 INFO pika.connection: Closing connection (200): 'Normal shutdown'
2026-10-07 10:24:54,501 INFO pika.adapters.utils.io_services_utils: Aborting transport connection: state=1; <socket.socket fd=9, family=30, type=1, proto=6, laddr=('::1', 55145, 0, 0), raddr=('::1', 5672, 0, 0)>
2026-10-07 10:24:54,501 INFO pika.adapters.utils.io_services_utils: _AsyncTransportBase._initate_abort(): Initiating abrupt asynchronous transport shutdown: state=1; error=None; <socket.socket fd=9, family=30, type=1, proto=6, laddr=('::1', 55145, 0, 0), raddr=('::1', 5672, 0, 0)>
2026-10-07 10:24:54,501 INFO pika.adapters.utils.io_services_utils: Deactivating transport: state=1; <socket.socket fd=9, family=30, type=1, proto=6, laddr=('::1', 55145, 0, 0), raddr=('::1', 5672, 0, 0)>
2026-10-07 10:24:54,501 INFO pika.connection: AMQP stack terminated, failed to connect, or aborted: opened=True, error-arg=None; pending-error=ConnectionClosedByClient: (200) 'Normal shutdown'
2026-10-07 10:24:54,501 INFO pika.connection: Stack terminated due to ConnectionClosedByClient: (200) 'Normal shutdown'
2026-10-07 10:24:54,501 INFO pika.adapters.utils.io_services_utils: Closing transport socket and unlinking: state=3; <socket.socket fd=9, family=30, type=1, proto=6, laddr=('::1', 55145, 0, 0), raddr=('::1', 5672, 0, 0)>
2026-10-07 10:24:54,501 INFO pika.adapters.blocking_connection: User-initiated close: result=BlockingConnection__OnClosedArgs(connection=<SelectConnection CLOSED transport=None params=<URLParameters host=localhost port=5672 virtual_host=d1__1 ssl=False>>, error=ConnectionClosedByClient: (200) 'Normal shutdown')
2026-10-07 10:25:04,510 INFO pika.adapters.utils.connection_workflow: Pika version 1.4.4 connecting to ('::1', 5672, 0, 0)
2026-10-07 10:25:04,511 INFO pika.adapters.utils.io_services_utils: Socket connected: <socket.socket fd=9, family=30, type=1, proto=6, laddr=('::1', 55174, 0, 0), raddr=('::1', 5672, 0, 0)>
2026-10-07 10:25:04,512 INFO pika.adapters.utils.connection_workflow: Streaming transport linked up: (<pika.adapters.utils.io_services_utils._AsyncPlaintextTransport object at 0x106256300>, _StreamingProtocolShim: <SelectConnection PROTOCOL transport=<pika.adapters.utils.io_services_utils._AsyncPlaintextTransport object at 0x106256300> params=<URLParameters host=localhost port=5672 virtual_host=d1__1 ssl=False>>).
2026-10-07 10:25:04,519 INFO pika.adapters.utils.connection_workflow: AMQPConnector - reporting success: <SelectConnection OPEN transport=<pika.adapters.utils.io_services_utils._AsyncPlaintextTransport object at 0x106256300> params=<URLParameters host=localhost port=5672 virtual_host=d1__1 ssl=False>>
2026-10-07 10:25:04,519 INFO pika.adapters.utils.connection_workflow: AMQPConnectionWorkflow - reporting success: <SelectConnection OPEN transport=<pika.adapters.utils.io_services_utils._AsyncPlaintextTransport object at 0x106256300> params=<URLParameters host=localhost port=5672 virtual_host=d1__1 ssl=False>>
2026-10-07 10:25:04,519 INFO pika.adapters.blocking_connection: Connection workflow succeeded: <SelectConnection OPEN transport=<pika.adapters.utils.io_services_utils._AsyncPlaintextTransport object at 0x106256300> params=<URLParameters host=localhost port=5672 virtual_host=d1__1 ssl=False>>
2026-10-07 10:25:04,519 INFO pika.adapters.blocking_connection: Created channel=1
2026-10-07 10:25:04,526 INFO pika.adapters.blocking_connection: Closing connection (200): Normal shutdown
2026-10-07 10:25:04,526 INFO pika.channel: Closing channel (200): 'Normal shutdown' on <Channel number=1 OPEN conn=<SelectConnection OPEN transport=<pika.adapters.utils.io_services_utils._AsyncPlaintextTransport object at 0x106256300> params=<URLParameters host=localhost port=5672 virtual_host=d1__1 ssl=False>>>
2026-10-07 10:25:04,527 INFO pika.channel: Received <Channel.CloseOk> on <Channel number=1 CLOSING conn=<SelectConnection OPEN transport=<pika.adapters.utils.io_services_utils._AsyncPlaintextTransport object at 0x106256300> params=<URLParameters host=localhost port=5672 virtual_host=d1__1 ssl=False>>>
2026-10-07 10:25:04,527 INFO pika.connection: Closing connection (200): 'Normal shutdown'
2026-10-07 10:25:04,532 INFO pika.adapters.utils.io_services_utils: Aborting transport connection: state=1; <socket.socket fd=9, family=30, type=1, proto=6, laddr=('::1', 55174, 0, 0), raddr=('::1', 5672, 0, 0)>
2026-10-07 10:25:04,532 INFO pika.adapters.utils.io_services_utils: _AsyncTransportBase._initate_abort(): Initiating abrupt asynchronous transport shutdown: state=1; error=None; <socket.socket fd=9, family=30, type=1, proto=6, laddr=('::1', 55174, 0, 0), raddr=('::1', 5672, 0, 0)>
2026-10-07 10:25:04,532 INFO pika.adapters.utils.io_services_utils: Deactivating transport: state=1; <socket.socket fd=9, family=30, type=1, proto=6, laddr=('::1', 55174, 0, 0), raddr=('::1', 5672, 0, 0)>
2026-10-07 10:25:04,532 INFO pika.connection: AMQP stack terminated, failed to connect, or aborted: opened=True, error-arg=None; pending-error=ConnectionClosedByClient: (200) 'Normal shutdown'
2026-10-07 10:25:04,532 INFO pika.connection: Stack terminated due to ConnectionClosedByClient: (200) 'Normal shutdown'
2026-10-07 10:25:04,532 INFO pika.adapters.utils.io_services_utils: Closing transport socket and unlinking: state=3; <socket.socket fd=9, family=30, type=1, proto=6, laddr=('::1', 55174, 0, 0), raddr=('::1', 5672, 0, 0)>
2026-10-07 10:25:04,532 INFO pika.adapters.blocking_connection: User-initiated close: result=BlockingConnection__OnClosedArgs(connection=<SelectConnection CLOSED transport=None params=<URLParameters host=localhost port=5672 virtual_host=d1__1 ssl=False>>, error=ConnectionClosedByClient: (200) 'Normal shutdown')
2026-10-07 10:25:14,543 INFO pika.adapters.utils.connection_workflow: Pika version 1.4.4 connecting to ('::1', 5672, 0, 0)
2026-10-07 10:25:14,543 INFO pika.adapters.utils.io_services_utils: Socket connected: <socket.socket fd=9, family=30, type=1, proto=6, laddr=('::1', 55180, 0, 0), raddr=('::1', 5672, 0, 0)>
2026-10-07 10:25:14,544 INFO pika.adapters.utils.connection_workflow: Streaming transport linked up: (<pika.adapters.utils.io_services_utils._AsyncPlaintextTransport object at 0x1062544d0>, _StreamingProtocolShim: <SelectConnection PROTOCOL transport=<pika.adapters.utils.io_services_utils._AsyncPlaintextTransport object at 0x1062544d0> params=<URLParameters host=localhost port=5672 virtual_host=d1__1 ssl=False>>).
2026-10-07 10:25:14,553 INFO pika.adapters.utils.connection_workflow: AMQPConnector - reporting success: <SelectConnection OPEN transport=<pika.adapters.utils.io_services_utils._AsyncPlaintextTransport object at 0x1062544d0> params=<URLParameters host=localhost port=5672 virtual_host=d1__1 ssl=False>>
2026-10-07 10:25:14,553 INFO pika.adapters.utils.connection_workflow: AMQPConnectionWorkflow - reporting success: <SelectConnection OPEN transport=<pika.adapters.utils.io_services_utils._AsyncPlaintextTransport object at 0x1062544d0> params=<URLParameters host=localhost port=5672 virtual_host=d1__1 ssl=False>>
2026-10-07 10:25:14,553 INFO pika.adapters.blocking_connection: Connection workflow succeeded: <SelectConnection OPEN transport=<pika.adapters.utils.io_services_utils._AsyncPlaintextTransport object at 0x1062544d0> params=<URLParameters host=localhost port=5672 virtual_host=d1__1 ssl=False>>
2026-10-07 10:25:14,553 INFO pika.adapters.blocking_connection: Created channel=1
2026-10-07 10:25:14,562 INFO pika.adapters.blocking_connection: Closing connection (200): Normal shutdown
2026-10-07 10:25:14,562 INFO pika.channel: Closing channel (200): 'Normal shutdown' on <Channel number=1 OPEN conn=<SelectConnection OPEN transport=<pika.adapters.utils.io_services_utils._AsyncPlaintextTransport object at 0x1062544d0> params=<URLParameters host=localhost port=5672 virtual_host=d1__1 ssl=False>>>
2026-10-07 10:25:14,563 INFO pika.channel: Received <Channel.CloseOk> on <Channel number=1 CLOSING conn=<SelectConnection OPEN transport=<pika.adapters.utils.io_services_utils._AsyncPlaintextTransport object at 0x1062544d0> params=<URLParameters host=localhost port=5672 virtual_host=d1__1 ssl=False>>>
2026-10-07 10:25:14,563 INFO pika.connection: Closing connection (200): 'Normal shutdown'
2026-10-07 10:25:14,570 INFO pika.adapters.utils.io_services_utils: Aborting transport connection: state=1; <socket.socket fd=9, family=30, type=1, proto=6, laddr=('::1', 55180, 0, 0), raddr=('::1', 5672, 0, 0)>
2026-10-07 10:25:14,571 INFO pika.adapters.utils.io_services_utils: _AsyncTransportBase._initate_abort(): Initiating abrupt asynchronous transport shutdown: state=1; error=None; <socket.socket fd=9, family=30, type=1, proto=6, laddr=('::1', 55180, 0, 0), raddr=('::1', 5672, 0, 0)>
2026-10-07 10:25:14,571 INFO pika.adapters.utils.io_services_utils: Deactivating transport: state=1; <socket.socket fd=9, family=30, type=1, proto=6, laddr=('::1', 55180, 0, 0), raddr=('::1', 5672, 0, 0)>
2026-10-07 10:25:14,571 INFO pika.connection: AMQP stack terminated, failed to connect, or aborted: opened=True, error-arg=None; pending-error=ConnectionClosedByClient: (200) 'Normal shutdown'
2026-10-07 10:25:14,571 INFO pika.connection: Stack terminated due to ConnectionClosedByClient: (200) 'Normal shutdown'
2026-10-07 10:25:14,571 INFO pika.adapters.utils.io_services_utils: Closing transport socket and unlinking: state=3; <socket.socket fd=9, family=30, type=1, proto=6, laddr=('::1', 55180, 0, 0), raddr=('::1', 5672, 0, 0)>
2026-10-07 10:25:14,572 INFO pika.adapters.blocking_connection: User-initiated close: result=BlockingConnection__OnClosedArgs(connection=<SelectConnection CLOSED transport=None params=<URLParameters host=localhost port=5672 virtual_host=d1__1 ssl=False>>, error=ConnectionClosedByClient: (200) 'Normal shutdown')
2026-10-07 10:25:24,588 INFO pika.adapters.utils.connection_workflow: Pika version 1.4.4 connecting to ('::1', 5672, 0, 0)
2026-10-07 10:25:24,589 INFO pika.adapters.utils.io_services_utils: Socket connected: <socket.socket fd=9, family=30, type=1, proto=6, laddr=('::1', 55186, 0, 0), raddr=('::1', 5672, 0, 0)>
2026-10-07 10:25:24,590 INFO pika.adapters.utils.connection_workflow: Streaming transport linked up: (<pika.adapters.utils.io_services_utils._AsyncPlaintextTransport object at 0x106257860>, _StreamingProtocolShim: <SelectConnection PROTOCOL transport=<pika.adapters.utils.io_services_utils._AsyncPlaintextTransport object at 0x106257860> params=<URLParameters host=localhost port=5672 virtual_host=d1__1 ssl=False>>).
2026-10-07 10:25:24,599 INFO pika.adapters.utils.connection_workflow: AMQPConnector - reporting success: <SelectConnection OPEN transport=<pika.adapters.utils.io_services_utils._AsyncPlaintextTransport object at 0x106257860> params=<URLParameters host=localhost port=5672 virtual_host=d1__1 ssl=False>>
2026-10-07 10:25:24,599 INFO pika.adapters.utils.connection_workflow: AMQPConnectionWorkflow - reporting success: <SelectConnection OPEN transport=<pika.adapters.utils.io_services_utils._AsyncPlaintextTransport object at 0x106257860> params=<URLParameters host=localhost port=5672 virtual_host=d1__1 ssl=False>>
2026-10-07 10:25:24,599 INFO pika.adapters.blocking_connection: Connection workflow succeeded: <SelectConnection OPEN transport=<pika.adapters.utils.io_services_utils._AsyncPlaintextTransport object at 0x106257860> params=<URLParameters host=localhost port=5672 virtual_host=d1__1 ssl=False>>
2026-10-07 10:25:24,600 INFO pika.adapters.blocking_connection: Created channel=1
2026-10-07 10:25:24,609 INFO pika.adapters.blocking_connection: Closing connection (200): Normal shutdown
2026-10-07 10:25:24,609 INFO pika.channel: Closing channel (200): 'Normal shutdown' on <Channel number=1 OPEN conn=<SelectConnection OPEN transport=<pika.adapters.utils.io_services_utils._AsyncPlaintextTransport object at 0x106257860> params=<URLParameters host=localhost port=5672 virtual_host=d1__1 ssl=False>>>
2026-10-07 10:25:24,610 INFO pika.channel: Received <Channel.CloseOk> on <Channel number=1 CLOSING conn=<SelectConnection OPEN transport=<pika.adapters.utils.io_services_utils._AsyncPlaintextTransport object at 0x106257860> params=<URLParameters host=localhost port=5672 virtual_host=d1__1 ssl=False>>>
2026-10-07 10:25:24,610 INFO pika.connection: Closing connection (200): 'Normal shutdown'
2026-10-07 10:25:24,617 INFO pika.adapters.utils.io_services_utils: Aborting transport connection: state=1; <socket.socket fd=9, family=30, type=1, proto=6, laddr=('::1', 55186, 0, 0), raddr=('::1', 5672, 0, 0)>
2026-10-07 10:25:24,617 INFO pika.adapters.utils.io_services_utils: _AsyncTransportBase._initate_abort(): Initiating abrupt asynchronous transport shutdown: state=1; error=None; <socket.socket fd=9, family=30, type=1, proto=6, laddr=('::1', 55186, 0, 0), raddr=('::1', 5672, 0, 0)>
2026-10-07 10:25:24,618 INFO pika.adapters.utils.io_services_utils: Deactivating transport: state=1; <socket.socket fd=9, family=30, type=1, proto=6, laddr=('::1', 55186, 0, 0), raddr=('::1', 5672, 0, 0)>
2026-10-07 10:25:24,618 INFO pika.connection: AMQP stack terminated, failed to connect, or aborted: opened=True, error-arg=None; pending-error=ConnectionClosedByClient: (200) 'Normal shutdown'
2026-10-07 10:25:24,618 INFO pika.connection: Stack terminated due to ConnectionClosedByClient: (200) 'Normal shutdown'
2026-10-07 10:25:24,618 INFO pika.adapters.utils.io_services_utils: Closing transport socket and unlinking: state=3; <socket.socket fd=9, family=30, type=1, proto=6, laddr=('::1', 55186, 0, 0), raddr=('::1', 5672, 0, 0)>
2026-10-07 10:25:24,618 INFO pika.adapters.blocking_connection: User-initiated close: result=BlockingConnection__OnClosedArgs(connection=<SelectConnection CLOSED transport=None params=<URLParameters host=localhost port=5672 virtual_host=d1__1 ssl=False>>, error=ConnectionClosedByClient: (200) 'Normal shutdown')
2026-10-07 10:25:34,633 INFO pika.adapters.utils.connection_workflow: Pika version 1.4.4 connecting to ('::1', 5672, 0, 0)
2026-10-07 10:25:34,634 INFO pika.adapters.utils.io_services_utils: Socket connected: <socket.socket fd=9, family=30, type=1, proto=6, laddr=('::1', 55193, 0, 0), raddr=('::1', 5672, 0, 0)>
2026-10-07 10:25:34,635 INFO pika.adapters.utils.connection_workflow: Streaming transport linked up: (<pika.adapters.utils.io_services_utils._AsyncPlaintextTransport object at 0x105e05c70>, _StreamingProtocolShim: <SelectConnection PROTOCOL transport=<pika.adapters.utils.io_services_utils._AsyncPlaintextTransport object at 0x105e05c70> params=<URLParameters host=localhost port=5672 virtual_host=d1__1 ssl=False>>).
2026-10-07 10:25:34,644 INFO pika.adapters.utils.connection_workflow: AMQPConnector - reporting success: <SelectConnection OPEN transport=<pika.adapters.utils.io_services_utils._AsyncPlaintextTransport object at 0x105e05c70> params=<URLParameters host=localhost port=5672 virtual_host=d1__1 ssl=False>>
2026-10-07 10:25:34,644 INFO pika.adapters.utils.connection_workflow: AMQPConnectionWorkflow - reporting success: <SelectConnection OPEN transport=<pika.adapters.utils.io_services_utils._AsyncPlaintextTransport object at 0x105e05c70> params=<URLParameters host=localhost port=5672 virtual_host=d1__1 ssl=False>>
2026-10-07 10:25:34,645 INFO pika.adapters.blocking_connection: Connection workflow succeeded: <SelectConnection OPEN transport=<pika.adapters.utils.io_services_utils._AsyncPlaintextTransport object at 0x105e05c70> params=<URLParameters host=localhost port=5672 virtual_host=d1__1 ssl=False>>
2026-10-07 10:25:34,645 INFO pika.adapters.blocking_connection: Created channel=1
2026-10-07 10:25:34,652 INFO pika.adapters.blocking_connection: Closing connection (200): Normal shutdown
2026-10-07 10:25:34,652 INFO pika.channel: Closing channel (200): 'Normal shutdown' on <Channel number=1 OPEN conn=<SelectConnection OPEN transport=<pika.adapters.utils.io_services_utils._AsyncPlaintextTransport object at 0x105e05c70> params=<URLParameters host=localhost port=5672 virtual_host=d1__1 ssl=False>>>
2026-10-07 10:25:34,653 INFO pika.channel: Received <Channel.CloseOk> on <Channel number=1 CLOSING conn=<SelectConnection OPEN transport=<pika.adapters.utils.io_services_utils._AsyncPlaintextTransport object at 0x105e05c70> params=<URLParameters host=localhost port=5672 virtual_host=d1__1 ssl=False>>>
2026-10-07 10:25:34,653 INFO pika.connection: Closing connection (200): 'Normal shutdown'
2026-10-07 10:25:34,661 INFO pika.adapters.utils.io_services_utils: Aborting transport connection: state=1; <socket.socket fd=9, family=30, type=1, proto=6, laddr=('::1', 55193, 0, 0), raddr=('::1', 5672, 0, 0)>
2026-10-07 10:25:34,661 INFO pika.adapters.utils.io_services_utils: _AsyncTransportBase._initate_abort(): Initiating abrupt asynchronous transport shutdown: state=1; error=None; <socket.socket fd=9, family=30, type=1, proto=6, laddr=('::1', 55193, 0, 0), raddr=('::1', 5672, 0, 0)>
2026-10-07 10:25:34,661 INFO pika.adapters.utils.io_services_utils: Deactivating transport: state=1; <socket.socket fd=9, family=30, type=1, proto=6, laddr=('::1', 55193, 0, 0), raddr=('::1', 5672, 0, 0)>
2026-10-07 10:25:34,661 INFO pika.connection: AMQP stack terminated, failed to connect, or aborted: opened=True, error-arg=None; pending-error=ConnectionClosedByClient: (200) 'Normal shutdown'
2026-10-07 10:25:34,661 INFO pika.connection: Stack terminated due to ConnectionClosedByClient: (200) 'Normal shutdown'
2026-10-07 10:25:34,661 INFO pika.adapters.utils.io_services_utils: Closing transport socket and unlinking: state=3; <socket.socket fd=9, family=30, type=1, proto=6, laddr=('::1', 55193, 0, 0), raddr=('::1', 5672, 0, 0)>
2026-10-07 10:25:34,661 INFO pika.adapters.blocking_connection: User-initiated close: result=BlockingConnection__OnClosedArgs(connection=<SelectConnection CLOSED transport=None params=<URLParameters host=localhost port=5672 virtual_host=d1__1 ssl=False>>, error=ConnectionClosedByClient: (200) 'Normal shutdown')
2026-10-07 10:25:44,673 INFO pika.adapters.utils.connection_workflow: Pika version 1.4.4 connecting to ('::1', 5672, 0, 0)
2026-10-07 10:25:44,674 INFO pika.adapters.utils.io_services_utils: Socket connected: <socket.socket fd=9, family=30, type=1, proto=6, laddr=('::1', 55225, 0, 0), raddr=('::1', 5672, 0, 0)>
2026-10-07 10:25:44,675 INFO pika.adapters.utils.connection_workflow: Streaming transport linked up: (<pika.adapters.utils.io_services_utils._AsyncPlaintextTransport object at 0x106257170>, _StreamingProtocolShim: <SelectConnection PROTOCOL transport=<pika.adapters.utils.io_services_utils._AsyncPlaintextTransport object at 0x106257170> params=<URLParameters host=localhost port=5672 virtual_host=d1__1 ssl=False>>).
2026-10-07 10:25:44,682 INFO pika.adapters.utils.connection_workflow: AMQPConnector - reporting success: <SelectConnection OPEN transport=<pika.adapters.utils.io_services_utils._AsyncPlaintextTransport object at 0x106257170> params=<URLParameters host=localhost port=5672 virtual_host=d1__1 ssl=False>>
2026-10-07 10:25:44,682 INFO pika.adapters.utils.connection_workflow: AMQPConnectionWorkflow - reporting success: <SelectConnection OPEN transport=<pika.adapters.utils.io_services_utils._AsyncPlaintextTransport object at 0x106257170> params=<URLParameters host=localhost port=5672 virtual_host=d1__1 ssl=False>>
2026-10-07 10:25:44,682 INFO pika.adapters.blocking_connection: Connection workflow succeeded: <SelectConnection OPEN transport=<pika.adapters.utils.io_services_utils._AsyncPlaintextTransport object at 0x106257170> params=<URLParameters host=localhost port=5672 virtual_host=d1__1 ssl=False>>
2026-10-07 10:25:44,683 INFO pika.adapters.blocking_connection: Created channel=1
2026-10-07 10:25:44,689 INFO pika.adapters.blocking_connection: Closing connection (200): Normal shutdown
2026-10-07 10:25:44,689 INFO pika.channel: Closing channel (200): 'Normal shutdown' on <Channel number=1 OPEN conn=<SelectConnection OPEN transport=<pika.adapters.utils.io_services_utils._AsyncPlaintextTransport object at 0x106257170> params=<URLParameters host=localhost port=5672 virtual_host=d1__1 ssl=False>>>
2026-10-07 10:25:44,690 INFO pika.channel: Received <Channel.CloseOk> on <Channel number=1 CLOSING conn=<SelectConnection OPEN transport=<pika.adapters.utils.io_services_utils._AsyncPlaintextTransport object at 0x106257170> params=<URLParameters host=localhost port=5672 virtual_host=d1__1 ssl=False>>>
2026-10-07 10:25:44,691 INFO pika.connection: Closing connection (200): 'Normal shutdown'
2026-10-07 10:25:44,698 INFO pika.adapters.utils.io_services_utils: Aborting transport connection: state=1; <socket.socket fd=9, family=30, type=1, proto=6, laddr=('::1', 55225, 0, 0), raddr=('::1', 5672, 0, 0)>
2026-10-07 10:25:44,698 INFO pika.adapters.utils.io_services_utils: _AsyncTransportBase._initate_abort(): Initiating abrupt asynchronous transport shutdown: state=1; error=None; <socket.socket fd=9, family=30, type=1, proto=6, laddr=('::1', 55225, 0, 0), raddr=('::1', 5672, 0, 0)>
2026-10-07 10:25:44,699 INFO pika.adapters.utils.io_services_utils: Deactivating transport: state=1; <socket.socket fd=9, family=30, type=1, proto=6, laddr=('::1', 55225, 0, 0), raddr=('::1', 5672, 0, 0)>
2026-10-07 10:25:44,699 INFO pika.connection: AMQP stack terminated, failed to connect, or aborted: opened=True, error-arg=None; pending-error=ConnectionClosedByClient: (200) 'Normal shutdown'
2026-10-07 10:25:44,699 INFO pika.connection: Stack terminated due to ConnectionClosedByClient: (200) 'Normal shutdown'
2026-10-07 10:25:44,699 INFO pika.adapters.utils.io_services_utils: Closing transport socket and unlinking: state=3; <socket.socket fd=9, family=30, type=1, proto=6, laddr=('::1', 55225, 0, 0), raddr=('::1', 5672, 0, 0)>
2026-10-07 10:25:44,699 INFO pika.adapters.blocking_connection: User-initiated close: result=BlockingConnection__OnClosedArgs(connection=<SelectConnection CLOSED transport=None params=<URLParameters host=localhost port=5672 virtual_host=d1__1 ssl=False>>, error=ConnectionClosedByClient: (200) 'Normal shutdown')
2026-10-07 10:25:54,710 INFO pika.adapters.utils.connection_workflow: Pika version 1.4.4 connecting to ('::1', 5672, 0, 0)
2026-10-07 10:25:54,710 INFO pika.adapters.utils.io_services_utils: Socket connected: <socket.socket fd=9, family=30, type=1, proto=6, laddr=('::1', 55230, 0, 0), raddr=('::1', 5672, 0, 0)>
2026-10-07 10:25:54,711 INFO pika.adapters.utils.connection_workflow: Streaming transport linked up: (<pika.adapters.utils.io_services_utils._AsyncPlaintextTransport object at 0x1062578c0>, _StreamingProtocolShim: <SelectConnection PROTOCOL transport=<pika.adapters.utils.io_services_utils._AsyncPlaintextTransport object at 0x1062578c0> params=<URLParameters host=localhost port=5672 virtual_host=d1__1 ssl=False>>).
2026-10-07 10:25:54,717 INFO pika.adapters.utils.connection_workflow: AMQPConnector - reporting success: <SelectConnection OPEN transport=<pika.adapters.utils.io_services_utils._AsyncPlaintextTransport object at 0x1062578c0> params=<URLParameters host=localhost port=5672 virtual_host=d1__1 ssl=False>>
2026-10-07 10:25:54,718 INFO pika.adapters.utils.connection_workflow: AMQPConnectionWorkflow - reporting success: <SelectConnection OPEN transport=<pika.adapters.utils.io_services_utils._AsyncPlaintextTransport object at 0x1062578c0> params=<URLParameters host=localhost port=5672 virtual_host=d1__1 ssl=False>>
2026-10-07 10:25:54,718 INFO pika.adapters.blocking_connection: Connection workflow succeeded: <SelectConnection OPEN transport=<pika.adapters.utils.io_services_utils._AsyncPlaintextTransport object at 0x1062578c0> params=<URLParameters host=localhost port=5672 virtual_host=d1__1 ssl=False>>
2026-10-07 10:25:54,718 INFO pika.adapters.blocking_connection: Created channel=1
2026-10-07 10:25:54,724 INFO pika.adapters.blocking_connection: Closing connection (200): Normal shutdown
2026-10-07 10:25:54,724 INFO pika.channel: Closing channel (200): 'Normal shutdown' on <Channel number=1 OPEN conn=<SelectConnection OPEN transport=<pika.adapters.utils.io_services_utils._AsyncPlaintextTransport object at 0x1062578c0> params=<URLParameters host=localhost port=5672 virtual_host=d1__1 ssl=False>>>
2026-10-07 10:25:54,725 INFO pika.channel: Received <Channel.CloseOk> on <Channel number=1 CLOSING conn=<SelectConnection OPEN transport=<pika.adapters.utils.io_services_utils._AsyncPlaintextTransport object at 0x1062578c0> params=<URLParameters host=localhost port=5672 virtual_host=d1__1 ssl=False>>>
2026-10-07 10:25:54,725 INFO pika.connection: Closing connection (200): 'Normal shutdown'
2026-10-07 10:25:54,732 INFO pika.adapters.utils.io_services_utils: Aborting transport connection: state=1; <socket.socket fd=9, family=30, type=1, proto=6, laddr=('::1', 55230, 0, 0), raddr=('::1', 5672, 0, 0)>
2026-10-07 10:25:54,732 INFO pika.adapters.utils.io_services_utils: _AsyncTransportBase._initate_abort(): Initiating abrupt asynchronous transport shutdown: state=1; error=None; <socket.socket fd=9, family=30, type=1, proto=6, laddr=('::1', 55230, 0, 0), raddr=('::1', 5672, 0, 0)>
2026-10-07 10:25:54,732 INFO pika.adapters.utils.io_services_utils: Deactivating transport: state=1; <socket.socket fd=9, family=30, type=1, proto=6, laddr=('::1', 55230, 0, 0), raddr=('::1', 5672, 0, 0)>
2026-10-07 10:25:54,732 INFO pika.connection: AMQP stack terminated, failed to connect, or aborted: opened=True, error-arg=None; pending-error=ConnectionClosedByClient: (200) 'Normal shutdown'
2026-10-07 10:25:54,732 INFO pika.connection: Stack terminated due to ConnectionClosedByClient: (200) 'Normal shutdown'
2026-10-07 10:25:54,732 INFO pika.adapters.utils.io_services_utils: Closing transport socket and unlinking: state=3; <socket.socket fd=9, family=30, type=1, proto=6, laddr=('::1', 55230, 0, 0), raddr=('::1', 5672, 0, 0)>
2026-10-07 10:25:54,732 INFO pika.adapters.blocking_connection: User-initiated close: result=BlockingConnection__OnClosedArgs(connection=<SelectConnection CLOSED transport=None params=<URLParameters host=localhost port=5672 virtual_host=d1__1 ssl=False>>, error=ConnectionClosedByClient: (200) 'Normal shutdown')
2026-10-07 10:26:04,745 INFO pika.adapters.utils.connection_workflow: Pika version 1.4.4 connecting to ('::1', 5672, 0, 0)
2026-10-07 10:26:04,745 INFO pika.adapters.utils.io_services_utils: Socket connected: <socket.socket fd=9, family=30, type=1, proto=6, laddr=('::1', 55234, 0, 0), raddr=('::1', 5672, 0, 0)>
2026-10-07 10:26:04,746 INFO pika.adapters.utils.connection_workflow: Streaming transport linked up: (<pika.adapters.utils.io_services_utils._AsyncPlaintextTransport object at 0x1062549e0>, _StreamingProtocolShim: <SelectConnection PROTOCOL transport=<pika.adapters.utils.io_services_utils._AsyncPlaintextTransport object at 0x1062549e0> params=<URLParameters host=localhost port=5672 virtual_host=d1__1 ssl=False>>).
2026-10-07 10:26:04,754 INFO pika.adapters.utils.connection_workflow: AMQPConnector - reporting success: <SelectConnection OPEN transport=<pika.adapters.utils.io_services_utils._AsyncPlaintextTransport object at 0x1062549e0> params=<URLParameters host=localhost port=5672 virtual_host=d1__1 ssl=False>>
2026-10-07 10:26:04,754 INFO pika.adapters.utils.connection_workflow: AMQPConnectionWorkflow - reporting success: <SelectConnection OPEN transport=<pika.adapters.utils.io_services_utils._AsyncPlaintextTransport object at 0x1062549e0> params=<URLParameters host=localhost port=5672 virtual_host=d1__1 ssl=False>>
2026-10-07 10:26:04,755 INFO pika.adapters.blocking_connection: Connection workflow succeeded: <SelectConnection OPEN transport=<pika.adapters.utils.io_services_utils._AsyncPlaintextTransport object at 0x1062549e0> params=<URLParameters host=localhost port=5672 virtual_host=d1__1 ssl=False>>
2026-10-07 10:26:04,755 INFO pika.adapters.blocking_connection: Created channel=1
2026-10-07 10:26:04,761 INFO pika.adapters.blocking_connection: Closing connection (200): Normal shutdown
2026-10-07 10:26:04,762 INFO pika.channel: Closing channel (200): 'Normal shutdown' on <Channel number=1 OPEN conn=<SelectConnection OPEN transport=<pika.adapters.utils.io_services_utils._AsyncPlaintextTransport object at 0x1062549e0> params=<URLParameters host=localhost port=5672 virtual_host=d1__1 ssl=False>>>
2026-10-07 10:26:04,763 INFO pika.channel: Received <Channel.CloseOk> on <Channel number=1 CLOSING conn=<SelectConnection OPEN transport=<pika.adapters.utils.io_services_utils._AsyncPlaintextTransport object at 0x1062549e0> params=<URLParameters host=localhost port=5672 virtual_host=d1__1 ssl=False>>>
2026-10-07 10:26:04,763 INFO pika.connection: Closing connection (200): 'Normal shutdown'
2026-10-07 10:26:04,770 INFO pika.adapters.utils.io_services_utils: Aborting transport connection: state=1; <socket.socket fd=9, family=30, type=1, proto=6, laddr=('::1', 55234, 0, 0), raddr=('::1', 5672, 0, 0)>
2026-10-07 10:26:04,770 INFO pika.adapters.utils.io_services_utils: _AsyncTransportBase._initate_abort(): Initiating abrupt asynchronous transport shutdown: state=1; error=None; <socket.socket fd=9, family=30, type=1, proto=6, laddr=('::1', 55234, 0, 0), raddr=('::1', 5672, 0, 0)>
2026-10-07 10:26:04,770 INFO pika.adapters.utils.io_services_utils: Deactivating transport: state=1; <socket.socket fd=9, family=30, type=1, proto=6, laddr=('::1', 55234, 0, 0), raddr=('::1', 5672, 0, 0)>
2026-10-07 10:26:04,771 INFO pika.connection: AMQP stack terminated, failed to connect, or aborted: opened=True, error-arg=None; pending-error=ConnectionClosedByClient: (200) 'Normal shutdown'
2026-10-07 10:26:04,771 INFO pika.connection: Stack terminated due to ConnectionClosedByClient: (200) 'Normal shutdown'
2026-10-07 10:26:04,771 INFO pika.adapters.utils.io_services_utils: Closing transport socket and unlinking: state=3; <socket.socket fd=9, family=30, type=1, proto=6, laddr=('::1', 55234, 0, 0), raddr=('::1', 5672, 0, 0)>
2026-10-07 10:26:04,771 INFO pika.adapters.blocking_connection: User-initiated close: result=BlockingConnection__OnClosedArgs(connection=<SelectConnection CLOSED transport=None params=<URLParameters host=localhost port=5672 virtual_host=d1__1 ssl=False>>, error=ConnectionClosedByClient: (200) 'Normal shutdown')
2026-10-07 10:26:14,779 INFO pika.adapters.utils.connection_workflow: Pika version 1.4.4 connecting to ('::1', 5672, 0, 0)
2026-10-07 10:26:14,779 INFO pika.adapters.utils.io_services_utils: Socket connected: <socket.socket fd=9, family=30, type=1, proto=6, laddr=('::1', 55278, 0, 0), raddr=('::1', 5672, 0, 0)>
2026-10-07 10:26:14,779 INFO pika.adapters.utils.connection_workflow: Streaming transport linked up: (<pika.adapters.utils.io_services_utils._AsyncPlaintextTransport object at 0x106254680>, _StreamingProtocolShim: <SelectConnection PROTOCOL transport=<pika.adapters.utils.io_services_utils._AsyncPlaintextTransport object at 0x106254680> params=<URLParameters host=localhost port=5672 virtual_host=d1__1 ssl=False>>).
2026-10-07 10:26:14,788 INFO pika.adapters.utils.connection_workflow: AMQPConnector - reporting success: <SelectConnection OPEN transport=<pika.adapters.utils.io_services_utils._AsyncPlaintextTransport object at 0x106254680> params=<URLParameters host=localhost port=5672 virtual_host=d1__1 ssl=False>>
2026-10-07 10:26:14,788 INFO pika.adapters.utils.connection_workflow: AMQPConnectionWorkflow - reporting success: <SelectConnection OPEN transport=<pika.adapters.utils.io_services_utils._AsyncPlaintextTransport object at 0x106254680> params=<URLParameters host=localhost port=5672 virtual_host=d1__1 ssl=False>>
2026-10-07 10:26:14,788 INFO pika.adapters.blocking_connection: Connection workflow succeeded: <SelectConnection OPEN transport=<pika.adapters.utils.io_services_utils._AsyncPlaintextTransport object at 0x106254680> params=<URLParameters host=localhost port=5672 virtual_host=d1__1 ssl=False>>
2026-10-07 10:26:14,788 INFO pika.adapters.blocking_connection: Created channel=1
2026-10-07 10:26:14,791 INFO pika.adapters.blocking_connection: Closing connection (200): Normal shutdown
2026-10-07 10:26:14,791 INFO pika.channel: Closing channel (200): 'Normal shutdown' on <Channel number=1 OPEN conn=<SelectConnection OPEN transport=<pika.adapters.utils.io_services_utils._AsyncPlaintextTransport object at 0x106254680> params=<URLParameters host=localhost port=5672 virtual_host=d1__1 ssl=False>>>
2026-10-07 10:26:14,792 INFO pika.channel: Received <Channel.CloseOk> on <Channel number=1 CLOSING conn=<SelectConnection OPEN transport=<pika.adapters.utils.io_services_utils._AsyncPlaintextTransport object at 0x106254680> params=<URLParameters host=localhost port=5672 virtual_host=d1__1 ssl=False>>>
2026-10-07 10:26:14,792 INFO pika.connection: Closing connection (200): 'Normal shutdown'
2026-10-07 10:26:14,795 INFO pika.adapters.utils.io_services_utils: Aborting transport connection: state=1; <socket.socket fd=9, family=30, type=1, proto=6, laddr=('::1', 55278, 0, 0), raddr=('::1', 5672, 0, 0)>
2026-10-07 10:26:14,795 INFO pika.adapters.utils.io_services_utils: _AsyncTransportBase._initate_abort(): Initiating abrupt asynchronous transport shutdown: state=1; error=None; <socket.socket fd=9, family=30, type=1, proto=6, laddr=('::1', 55278, 0, 0), raddr=('::1', 5672, 0, 0)>
2026-10-07 10:26:14,795 INFO pika.adapters.utils.io_services_utils: Deactivating transport: state=1; <socket.socket fd=9, family=30, type=1, proto=6, laddr=('::1', 55278, 0, 0), raddr=('::1', 5672, 0, 0)>
2026-10-07 10:26:14,795 INFO pika.connection: AMQP stack terminated, failed to connect, or aborted: opened=True, error-arg=None; pending-error=ConnectionClosedByClient: (200) 'Normal shutdown'
2026-10-07 10:26:14,795 INFO pika.connection: Stack terminated due to ConnectionClosedByClient: (200) 'Normal shutdown'
2026-10-07 10:26:14,795 INFO pika.adapters.utils.io_services_utils: Closing transport socket and unlinking: state=3; <socket.socket fd=9, family=30, type=1, proto=6, laddr=('::1', 55278, 0, 0), raddr=('::1', 5672, 0, 0)>
2026-10-07 10:26:14,795 INFO pika.adapters.blocking_connection: User-initiated close: result=BlockingConnection__OnClosedArgs(connection=<SelectConnection CLOSED transport=None params=<URLParameters host=localhost port=5672 virtual_host=d1__1 ssl=False>>, error=ConnectionClosedByClient: (200) 'Normal shutdown')
2026-10-07 10:26:24,807 INFO pika.adapters.utils.connection_workflow: Pika version 1.4.4 connecting to ('::1', 5672, 0, 0)
2026-10-07 10:26:24,808 INFO pika.adapters.utils.io_services_utils: Socket connected: <socket.socket fd=9, family=30, type=1, proto=6, laddr=('::1', 55285, 0, 0), raddr=('::1', 5672, 0, 0)>
2026-10-07 10:26:24,808 INFO pika.adapters.utils.connection_workflow: Streaming transport linked up: (<pika.adapters.utils.io_services_utils._AsyncPlaintextTransport object at 0x106257ce0>, _StreamingProtocolShim: <SelectConnection PROTOCOL transport=<pika.adapters.utils.io_services_utils._AsyncPlaintextTransport object at 0x106257ce0> params=<URLParameters host=localhost port=5672 virtual_host=d1__1 ssl=False>>).
2026-10-07 10:26:24,815 INFO pika.adapters.utils.connection_workflow: AMQPConnector - reporting success: <SelectConnection OPEN transport=<pika.adapters.utils.io_services_utils._AsyncPlaintextTransport object at 0x106257ce0> params=<URLParameters host=localhost port=5672 virtual_host=d1__1 ssl=False>>
2026-10-07 10:26:24,816 INFO pika.adapters.utils.connection_workflow: AMQPConnectionWorkflow - reporting success: <SelectConnection OPEN transport=<pika.adapters.utils.io_services_utils._AsyncPlaintextTransport object at 0x106257ce0> params=<URLParameters host=localhost port=5672 virtual_host=d1__1 ssl=False>>
2026-10-07 10:26:24,816 INFO pika.adapters.blocking_connection: Connection workflow succeeded: <SelectConnection OPEN transport=<pika.adapters.utils.io_services_utils._AsyncPlaintextTransport object at 0x106257ce0> params=<URLParameters host=localhost port=5672 virtual_host=d1__1 ssl=False>>
2026-10-07 10:26:24,816 INFO pika.adapters.blocking_connection: Created channel=1
2026-10-07 10:26:24,824 INFO pika.adapters.blocking_connection: Closing connection (200): Normal shutdown
2026-10-07 10:26:24,824 INFO pika.channel: Closing channel (200): 'Normal shutdown' on <Channel number=1 OPEN conn=<SelectConnection OPEN transport=<pika.adapters.utils.io_services_utils._AsyncPlaintextTransport object at 0x106257ce0> params=<URLParameters host=localhost port=5672 virtual_host=d1__1 ssl=False>>>
2026-10-07 10:26:24,825 INFO pika.channel: Received <Channel.CloseOk> on <Channel number=1 CLOSING conn=<SelectConnection OPEN transport=<pika.adapters.utils.io_services_utils._AsyncPlaintextTransport object at 0x106257ce0> params=<URLParameters host=localhost port=5672 virtual_host=d1__1 ssl=False>>>
2026-10-07 10:26:24,826 INFO pika.connection: Closing connection (200): 'Normal shutdown'
2026-10-07 10:26:24,833 INFO pika.adapters.utils.io_services_utils: Aborting transport connection: state=1; <socket.socket fd=9, family=30, type=1, proto=6, laddr=('::1', 55285, 0, 0), raddr=('::1', 5672, 0, 0)>
2026-10-07 10:26:24,833 INFO pika.adapters.utils.io_services_utils: _AsyncTransportBase._initate_abort(): Initiating abrupt asynchronous transport shutdown: state=1; error=None; <socket.socket fd=9, family=30, type=1, proto=6, laddr=('::1', 55285, 0, 0), raddr=('::1', 5672, 0, 0)>
2026-10-07 10:26:24,834 INFO pika.adapters.utils.io_services_utils: Deactivating transport: state=1; <socket.socket fd=9, family=30, type=1, proto=6, laddr=('::1', 55285, 0, 0), raddr=('::1', 5672, 0, 0)>
2026-10-07 10:26:24,834 INFO pika.connection: AMQP stack terminated, failed to connect, or aborted: opened=True, error-arg=None; pending-error=ConnectionClosedByClient: (200) 'Normal shutdown'
2026-10-07 10:26:24,834 INFO pika.connection: Stack terminated due to ConnectionClosedByClient: (200) 'Normal shutdown'
2026-10-07 10:26:24,834 INFO pika.adapters.utils.io_services_utils: Closing transport socket and unlinking: state=3; <socket.socket fd=9, family=30, type=1, proto=6, laddr=('::1', 55285, 0, 0), raddr=('::1', 5672, 0, 0)>
2026-10-07 10:26:24,834 INFO pika.adapters.blocking_connection: User-initiated close: result=BlockingConnection__OnClosedArgs(connection=<SelectConnection CLOSED transport=None params=<URLParameters host=localhost port=5672 virtual_host=d1__1 ssl=False>>, error=ConnectionClosedByClient: (200) 'Normal shutdown')
2026-10-07 10:26:34,850 INFO pika.adapters.utils.connection_workflow: Pika version 1.4.4 connecting to ('::1', 5672, 0, 0)
2026-10-07 10:26:34,850 INFO pika.adapters.utils.io_services_utils: Socket connected: <socket.socket fd=9, family=30, type=1, proto=6, laddr=('::1', 55291, 0, 0), raddr=('::1', 5672, 0, 0)>
2026-10-07 10:26:34,851 INFO pika.adapters.utils.connection_workflow: Streaming transport linked up: (<pika.adapters.utils.io_services_utils._AsyncPlaintextTransport object at 0x1062706e0>, _StreamingProtocolShim: <SelectConnection PROTOCOL transport=<pika.adapters.utils.io_services_utils._AsyncPlaintextTransport object at 0x1062706e0> params=<URLParameters host=localhost port=5672 virtual_host=d1__1 ssl=False>>).
2026-10-07 10:26:34,861 INFO pika.adapters.utils.connection_workflow: AMQPConnector - reporting success: <SelectConnection OPEN transport=<pika.adapters.utils.io_services_utils._AsyncPlaintextTransport object at 0x1062706e0> params=<URLParameters host=localhost port=5672 virtual_host=d1__1 ssl=False>>
2026-10-07 10:26:34,861 INFO pika.adapters.utils.connection_workflow: AMQPConnectionWorkflow - reporting success: <SelectConnection OPEN transport=<pika.adapters.utils.io_services_utils._AsyncPlaintextTransport object at 0x1062706e0> params=<URLParameters host=localhost port=5672 virtual_host=d1__1 ssl=False>>
2026-10-07 10:26:34,861 INFO pika.adapters.blocking_connection: Connection workflow succeeded: <SelectConnection OPEN transport=<pika.adapters.utils.io_services_utils._AsyncPlaintextTransport object at 0x1062706e0> params=<URLParameters host=localhost port=5672 virtual_host=d1__1 ssl=False>>
2026-10-07 10:26:34,862 INFO pika.adapters.blocking_connection: Created channel=1
2026-10-07 10:26:34,870 INFO pika.adapters.blocking_connection: Closing connection (200): Normal shutdown
2026-10-07 10:26:34,870 INFO pika.channel: Closing channel (200): 'Normal shutdown' on <Channel number=1 OPEN conn=<SelectConnection OPEN transport=<pika.adapters.utils.io_services_utils._AsyncPlaintextTransport object at 0x1062706e0> params=<URLParameters host=localhost port=5672 virtual_host=d1__1 ssl=False>>>
2026-10-07 10:26:34,871 INFO pika.channel: Received <Channel.CloseOk> on <Channel number=1 CLOSING conn=<SelectConnection OPEN transport=<pika.adapters.utils.io_services_utils._AsyncPlaintextTransport object at 0x1062706e0> params=<URLParameters host=localhost port=5672 virtual_host=d1__1 ssl=False>>>
2026-10-07 10:26:34,871 INFO pika.connection: Closing connection (200): 'Normal shutdown'
2026-10-07 10:26:34,880 INFO pika.adapters.utils.io_services_utils: Aborting transport connection: state=1; <socket.socket fd=9, family=30, type=1, proto=6, laddr=('::1', 55291, 0, 0), raddr=('::1', 5672, 0, 0)>
2026-10-07 10:26:34,880 INFO pika.adapters.utils.io_services_utils: _AsyncTransportBase._initate_abort(): Initiating abrupt asynchronous transport shutdown: state=1; error=None; <socket.socket fd=9, family=30, type=1, proto=6, laddr=('::1', 55291, 0, 0), raddr=('::1', 5672, 0, 0)>
2026-10-07 10:26:34,880 INFO pika.adapters.utils.io_services_utils: Deactivating transport: state=1; <socket.socket fd=9, family=30, type=1, proto=6, laddr=('::1', 55291, 0, 0), raddr=('::1', 5672, 0, 0)>
2026-10-07 10:26:34,881 INFO pika.connection: AMQP stack terminated, failed to connect, or aborted: opened=True, error-arg=None; pending-error=ConnectionClosedByClient: (200) 'Normal shutdown'
2026-10-07 10:26:34,881 INFO pika.connection: Stack terminated due to ConnectionClosedByClient: (200) 'Normal shutdown'
2026-10-07 10:26:34,881 INFO pika.adapters.utils.io_services_utils: Closing transport socket and unlinking: state=3; <socket.socket fd=9, family=30, type=1, proto=6, laddr=('::1', 55291, 0, 0), raddr=('::1', 5672, 0, 0)>
2026-10-07 10:26:34,881 INFO pika.adapters.blocking_connection: User-initiated close: result=BlockingConnection__OnClosedArgs(connection=<SelectConnection CLOSED transport=None params=<URLParameters host=localhost port=5672 virtual_host=d1__1 ssl=False>>, error=ConnectionClosedByClient: (200) 'Normal shutdown')
