2026-10-07 09:47:00,917 INFO alembic.runtime.migration: Context impl SQLiteImpl.
2026-10-07 09:47:00,917 INFO alembic.runtime.migration: Will assume non-transactional DDL.
2026-10-07 09:47:00,918 INFO gwalerter.prober: Probing ['localhost:5672', 'localhost:1885'] every 10 s; raising after 3 failures
2026-10-07 09:47:00,921 INFO pika.adapters.utils.connection_workflow: Pika version 1.4.4 connecting to ('::1', 5672, 0, 0)
2026-10-07 09:47:00,921 INFO pika.adapters.utils.io_services_utils: Socket connected: <socket.socket fd=8, family=30, type=1, proto=6, laddr=('::1', 50865, 0, 0), raddr=('::1', 5672, 0, 0)>
2026-10-07 09:47:00,921 INFO pika.adapters.utils.connection_workflow: Streaming transport linked up: (<pika.adapters.utils.io_services_utils._AsyncPlaintextTransport object at 0x12083d970>, _StreamingProtocolShim: <SelectConnection PROTOCOL transport=<pika.adapters.utils.io_services_utils._AsyncPlaintextTransport object at 0x12083d970> params=<URLParameters host=localhost port=5672 virtual_host=d1__1 ssl=False>>).
2026-10-07 09:47:00,928 INFO pika.adapters.utils.connection_workflow: AMQPConnector - reporting success: <SelectConnection OPEN transport=<pika.adapters.utils.io_services_utils._AsyncPlaintextTransport object at 0x12083d970> params=<URLParameters host=localhost port=5672 virtual_host=d1__1 ssl=False>>
2026-10-07 09:47:00,928 INFO pika.adapters.utils.connection_workflow: AMQPConnectionWorkflow - reporting success: <SelectConnection OPEN transport=<pika.adapters.utils.io_services_utils._AsyncPlaintextTransport object at 0x12083d970> params=<URLParameters host=localhost port=5672 virtual_host=d1__1 ssl=False>>
2026-10-07 09:47:00,928 INFO pika.adapters.blocking_connection: Connection workflow succeeded: <SelectConnection OPEN transport=<pika.adapters.utils.io_services_utils._AsyncPlaintextTransport object at 0x12083d970> params=<URLParameters host=localhost port=5672 virtual_host=d1__1 ssl=False>>
2026-10-07 09:47:00,928 INFO pika.adapters.blocking_connection: Created channel=1
2026-10-07 09:47:00,932 INFO pika.adapters.blocking_connection: Closing connection (200): Normal shutdown
2026-10-07 09:47:00,933 INFO pika.channel: Closing channel (200): 'Normal shutdown' on <Channel number=1 OPEN conn=<SelectConnection OPEN transport=<pika.adapters.utils.io_services_utils._AsyncPlaintextTransport object at 0x12083d970> params=<URLParameters host=localhost port=5672 virtual_host=d1__1 ssl=False>>>
2026-10-07 09:47:00,933 INFO pika.channel: Received <Channel.CloseOk> on <Channel number=1 CLOSING conn=<SelectConnection OPEN transport=<pika.adapters.utils.io_services_utils._AsyncPlaintextTransport object at 0x12083d970> params=<URLParameters host=localhost port=5672 virtual_host=d1__1 ssl=False>>>
2026-10-07 09:47:00,933 INFO pika.connection: Closing connection (200): 'Normal shutdown'
2026-10-07 09:47:00,936 INFO pika.adapters.utils.io_services_utils: Aborting transport connection: state=1; <socket.socket fd=8, family=30, type=1, proto=6, laddr=('::1', 50865, 0, 0), raddr=('::1', 5672, 0, 0)>
2026-10-07 09:47:00,936 INFO pika.adapters.utils.io_services_utils: _AsyncTransportBase._initate_abort(): Initiating abrupt asynchronous transport shutdown: state=1; error=None; <socket.socket fd=8, family=30, type=1, proto=6, laddr=('::1', 50865, 0, 0), raddr=('::1', 5672, 0, 0)>
2026-10-07 09:47:00,936 INFO pika.adapters.utils.io_services_utils: Deactivating transport: state=1; <socket.socket fd=8, family=30, type=1, proto=6, laddr=('::1', 50865, 0, 0), raddr=('::1', 5672, 0, 0)>
2026-10-07 09:47:00,936 INFO pika.connection: AMQP stack terminated, failed to connect, or aborted: opened=True, error-arg=None; pending-error=ConnectionClosedByClient: (200) 'Normal shutdown'
2026-10-07 09:47:00,937 INFO pika.connection: Stack terminated due to ConnectionClosedByClient: (200) 'Normal shutdown'
2026-10-07 09:47:00,937 INFO pika.adapters.utils.io_services_utils: Closing transport socket and unlinking: state=3; <socket.socket fd=8, family=30, type=1, proto=6, laddr=('::1', 50865, 0, 0), raddr=('::1', 5672, 0, 0)>
2026-10-07 09:47:00,937 INFO pika.adapters.blocking_connection: User-initiated close: result=BlockingConnection__OnClosedArgs(connection=<SelectConnection CLOSED transport=None params=<URLParameters host=localhost port=5672 virtual_host=d1__1 ssl=False>>, error=ConnectionClosedByClient: (200) 'Normal shutdown')
2026-10-07 09:47:10,949 INFO pika.adapters.utils.connection_workflow: Pika version 1.4.4 connecting to ('::1', 5672, 0, 0)
2026-10-07 09:47:10,950 INFO pika.adapters.utils.io_services_utils: Socket connected: <socket.socket fd=9, family=30, type=1, proto=6, laddr=('::1', 50875, 0, 0), raddr=('::1', 5672, 0, 0)>
2026-10-07 09:47:10,951 INFO pika.adapters.utils.connection_workflow: Streaming transport linked up: (<pika.adapters.utils.io_services_utils._AsyncPlaintextTransport object at 0x1208914f0>, _StreamingProtocolShim: <SelectConnection PROTOCOL transport=<pika.adapters.utils.io_services_utils._AsyncPlaintextTransport object at 0x1208914f0> params=<URLParameters host=localhost port=5672 virtual_host=d1__1 ssl=False>>).
2026-10-07 09:47:10,957 INFO pika.adapters.utils.connection_workflow: AMQPConnector - reporting success: <SelectConnection OPEN transport=<pika.adapters.utils.io_services_utils._AsyncPlaintextTransport object at 0x1208914f0> params=<URLParameters host=localhost port=5672 virtual_host=d1__1 ssl=False>>
2026-10-07 09:47:10,957 INFO pika.adapters.utils.connection_workflow: AMQPConnectionWorkflow - reporting success: <SelectConnection OPEN transport=<pika.adapters.utils.io_services_utils._AsyncPlaintextTransport object at 0x1208914f0> params=<URLParameters host=localhost port=5672 virtual_host=d1__1 ssl=False>>
2026-10-07 09:47:10,957 INFO pika.adapters.blocking_connection: Connection workflow succeeded: <SelectConnection OPEN transport=<pika.adapters.utils.io_services_utils._AsyncPlaintextTransport object at 0x1208914f0> params=<URLParameters host=localhost port=5672 virtual_host=d1__1 ssl=False>>
2026-10-07 09:47:10,958 INFO pika.adapters.blocking_connection: Created channel=1
2026-10-07 09:47:10,965 INFO pika.adapters.blocking_connection: Closing connection (200): Normal shutdown
2026-10-07 09:47:10,965 INFO pika.channel: Closing channel (200): 'Normal shutdown' on <Channel number=1 OPEN conn=<SelectConnection OPEN transport=<pika.adapters.utils.io_services_utils._AsyncPlaintextTransport object at 0x1208914f0> params=<URLParameters host=localhost port=5672 virtual_host=d1__1 ssl=False>>>
2026-10-07 09:47:10,967 INFO pika.channel: Received <Channel.CloseOk> on <Channel number=1 CLOSING conn=<SelectConnection OPEN transport=<pika.adapters.utils.io_services_utils._AsyncPlaintextTransport object at 0x1208914f0> params=<URLParameters host=localhost port=5672 virtual_host=d1__1 ssl=False>>>
2026-10-07 09:47:10,967 INFO pika.connection: Closing connection (200): 'Normal shutdown'
2026-10-07 09:47:10,974 INFO pika.adapters.utils.io_services_utils: Aborting transport connection: state=1; <socket.socket fd=9, family=30, type=1, proto=6, laddr=('::1', 50875, 0, 0), raddr=('::1', 5672, 0, 0)>
2026-10-07 09:47:10,975 INFO pika.adapters.utils.io_services_utils: _AsyncTransportBase._initate_abort(): Initiating abrupt asynchronous transport shutdown: state=1; error=None; <socket.socket fd=9, family=30, type=1, proto=6, laddr=('::1', 50875, 0, 0), raddr=('::1', 5672, 0, 0)>
2026-10-07 09:47:10,975 INFO pika.adapters.utils.io_services_utils: Deactivating transport: state=1; <socket.socket fd=9, family=30, type=1, proto=6, laddr=('::1', 50875, 0, 0), raddr=('::1', 5672, 0, 0)>
2026-10-07 09:47:10,975 INFO pika.connection: AMQP stack terminated, failed to connect, or aborted: opened=True, error-arg=None; pending-error=ConnectionClosedByClient: (200) 'Normal shutdown'
2026-10-07 09:47:10,975 INFO pika.connection: Stack terminated due to ConnectionClosedByClient: (200) 'Normal shutdown'
2026-10-07 09:47:10,975 INFO pika.adapters.utils.io_services_utils: Closing transport socket and unlinking: state=3; <socket.socket fd=9, family=30, type=1, proto=6, laddr=('::1', 50875, 0, 0), raddr=('::1', 5672, 0, 0)>
2026-10-07 09:47:10,975 INFO pika.adapters.blocking_connection: User-initiated close: result=BlockingConnection__OnClosedArgs(connection=<SelectConnection CLOSED transport=None params=<URLParameters host=localhost port=5672 virtual_host=d1__1 ssl=False>>, error=ConnectionClosedByClient: (200) 'Normal shutdown')
2026-10-07 09:47:20,990 INFO pika.adapters.utils.connection_workflow: Pika version 1.4.4 connecting to ('::1', 5672, 0, 0)
2026-10-07 09:47:20,990 INFO pika.adapters.utils.io_services_utils: Socket connected: <socket.socket fd=9, family=30, type=1, proto=6, laddr=('::1', 50879, 0, 0), raddr=('::1', 5672, 0, 0)>
2026-10-07 09:47:20,991 INFO pika.adapters.utils.connection_workflow: Streaming transport linked up: (<pika.adapters.utils.io_services_utils._AsyncPlaintextTransport object at 0x120891e20>, _StreamingProtocolShim: <SelectConnection PROTOCOL transport=<pika.adapters.utils.io_services_utils._AsyncPlaintextTransport object at 0x120891e20> params=<URLParameters host=localhost port=5672 virtual_host=d1__1 ssl=False>>).
2026-10-07 09:47:20,999 INFO pika.adapters.utils.connection_workflow: AMQPConnector - reporting success: <SelectConnection OPEN transport=<pika.adapters.utils.io_services_utils._AsyncPlaintextTransport object at 0x120891e20> params=<URLParameters host=localhost port=5672 virtual_host=d1__1 ssl=False>>
2026-10-07 09:47:20,999 INFO pika.adapters.utils.connection_workflow: AMQPConnectionWorkflow - reporting success: <SelectConnection OPEN transport=<pika.adapters.utils.io_services_utils._AsyncPlaintextTransport object at 0x120891e20> params=<URLParameters host=localhost port=5672 virtual_host=d1__1 ssl=False>>
2026-10-07 09:47:20,999 INFO pika.adapters.blocking_connection: Connection workflow succeeded: <SelectConnection OPEN transport=<pika.adapters.utils.io_services_utils._AsyncPlaintextTransport object at 0x120891e20> params=<URLParameters host=localhost port=5672 virtual_host=d1__1 ssl=False>>
2026-10-07 09:47:21,000 INFO pika.adapters.blocking_connection: Created channel=1
2026-10-07 09:47:21,006 INFO pika.adapters.blocking_connection: Closing connection (200): Normal shutdown
2026-10-07 09:47:21,006 INFO pika.channel: Closing channel (200): 'Normal shutdown' on <Channel number=1 OPEN conn=<SelectConnection OPEN transport=<pika.adapters.utils.io_services_utils._AsyncPlaintextTransport object at 0x120891e20> params=<URLParameters host=localhost port=5672 virtual_host=d1__1 ssl=False>>>
2026-10-07 09:47:21,008 INFO pika.channel: Received <Channel.CloseOk> on <Channel number=1 CLOSING conn=<SelectConnection OPEN transport=<pika.adapters.utils.io_services_utils._AsyncPlaintextTransport object at 0x120891e20> params=<URLParameters host=localhost port=5672 virtual_host=d1__1 ssl=False>>>
2026-10-07 09:47:21,008 INFO pika.connection: Closing connection (200): 'Normal shutdown'
2026-10-07 09:47:21,015 INFO pika.adapters.utils.io_services_utils: Aborting transport connection: state=1; <socket.socket fd=9, family=30, type=1, proto=6, laddr=('::1', 50879, 0, 0), raddr=('::1', 5672, 0, 0)>
2026-10-07 09:47:21,015 INFO pika.adapters.utils.io_services_utils: _AsyncTransportBase._initate_abort(): Initiating abrupt asynchronous transport shutdown: state=1; error=None; <socket.socket fd=9, family=30, type=1, proto=6, laddr=('::1', 50879, 0, 0), raddr=('::1', 5672, 0, 0)>
2026-10-07 09:47:21,015 INFO pika.adapters.utils.io_services_utils: Deactivating transport: state=1; <socket.socket fd=9, family=30, type=1, proto=6, laddr=('::1', 50879, 0, 0), raddr=('::1', 5672, 0, 0)>
2026-10-07 09:47:21,016 INFO pika.connection: AMQP stack terminated, failed to connect, or aborted: opened=True, error-arg=None; pending-error=ConnectionClosedByClient: (200) 'Normal shutdown'
2026-10-07 09:47:21,016 INFO pika.connection: Stack terminated due to ConnectionClosedByClient: (200) 'Normal shutdown'
2026-10-07 09:47:21,016 INFO pika.adapters.utils.io_services_utils: Closing transport socket and unlinking: state=3; <socket.socket fd=9, family=30, type=1, proto=6, laddr=('::1', 50879, 0, 0), raddr=('::1', 5672, 0, 0)>
2026-10-07 09:47:21,016 INFO pika.adapters.blocking_connection: User-initiated close: result=BlockingConnection__OnClosedArgs(connection=<SelectConnection CLOSED transport=None params=<URLParameters host=localhost port=5672 virtual_host=d1__1 ssl=False>>, error=ConnectionClosedByClient: (200) 'Normal shutdown')
2026-10-07 09:47:31,029 INFO pika.adapters.utils.connection_workflow: Pika version 1.4.4 connecting to ('::1', 5672, 0, 0)
2026-10-07 09:47:31,030 INFO pika.adapters.utils.io_services_utils: Socket connected: <socket.socket fd=9, family=30, type=1, proto=6, laddr=('::1', 50885, 0, 0), raddr=('::1', 5672, 0, 0)>
2026-10-07 09:47:31,030 INFO pika.adapters.utils.connection_workflow: Streaming transport linked up: (<pika.adapters.utils.io_services_utils._AsyncPlaintextTransport object at 0x1208924e0>, _StreamingProtocolShim: <SelectConnection PROTOCOL transport=<pika.adapters.utils.io_services_utils._AsyncPlaintextTransport object at 0x1208924e0> params=<URLParameters host=localhost port=5672 virtual_host=d1__1 ssl=False>>).
2026-10-07 09:47:31,038 INFO pika.adapters.utils.connection_workflow: AMQPConnector - reporting success: <SelectConnection OPEN transport=<pika.adapters.utils.io_services_utils._AsyncPlaintextTransport object at 0x1208924e0> params=<URLParameters host=localhost port=5672 virtual_host=d1__1 ssl=False>>
2026-10-07 09:47:31,038 INFO pika.adapters.utils.connection_workflow: AMQPConnectionWorkflow - reporting success: <SelectConnection OPEN transport=<pika.adapters.utils.io_services_utils._AsyncPlaintextTransport object at 0x1208924e0> params=<URLParameters host=localhost port=5672 virtual_host=d1__1 ssl=False>>
2026-10-07 09:47:31,038 INFO pika.adapters.blocking_connection: Connection workflow succeeded: <SelectConnection OPEN transport=<pika.adapters.utils.io_services_utils._AsyncPlaintextTransport object at 0x1208924e0> params=<URLParameters host=localhost port=5672 virtual_host=d1__1 ssl=False>>
2026-10-07 09:47:31,038 INFO pika.adapters.blocking_connection: Created channel=1
2026-10-07 09:47:31,046 INFO pika.adapters.blocking_connection: Closing connection (200): Normal shutdown
2026-10-07 09:47:31,046 INFO pika.channel: Closing channel (200): 'Normal shutdown' on <Channel number=1 OPEN conn=<SelectConnection OPEN transport=<pika.adapters.utils.io_services_utils._AsyncPlaintextTransport object at 0x1208924e0> params=<URLParameters host=localhost port=5672 virtual_host=d1__1 ssl=False>>>
2026-10-07 09:47:31,048 INFO pika.channel: Received <Channel.CloseOk> on <Channel number=1 CLOSING conn=<SelectConnection OPEN transport=<pika.adapters.utils.io_services_utils._AsyncPlaintextTransport object at 0x1208924e0> params=<URLParameters host=localhost port=5672 virtual_host=d1__1 ssl=False>>>
2026-10-07 09:47:31,048 INFO pika.connection: Closing connection (200): 'Normal shutdown'
2026-10-07 09:47:31,057 INFO pika.adapters.utils.io_services_utils: Aborting transport connection: state=1; <socket.socket fd=9, family=30, type=1, proto=6, laddr=('::1', 50885, 0, 0), raddr=('::1', 5672, 0, 0)>
2026-10-07 09:47:31,057 INFO pika.adapters.utils.io_services_utils: _AsyncTransportBase._initate_abort(): Initiating abrupt asynchronous transport shutdown: state=1; error=None; <socket.socket fd=9, family=30, type=1, proto=6, laddr=('::1', 50885, 0, 0), raddr=('::1', 5672, 0, 0)>
2026-10-07 09:47:31,057 INFO pika.adapters.utils.io_services_utils: Deactivating transport: state=1; <socket.socket fd=9, family=30, type=1, proto=6, laddr=('::1', 50885, 0, 0), raddr=('::1', 5672, 0, 0)>
2026-10-07 09:47:31,057 INFO pika.connection: AMQP stack terminated, failed to connect, or aborted: opened=True, error-arg=None; pending-error=ConnectionClosedByClient: (200) 'Normal shutdown'
2026-10-07 09:47:31,057 INFO pika.connection: Stack terminated due to ConnectionClosedByClient: (200) 'Normal shutdown'
2026-10-07 09:47:31,057 INFO pika.adapters.utils.io_services_utils: Closing transport socket and unlinking: state=3; <socket.socket fd=9, family=30, type=1, proto=6, laddr=('::1', 50885, 0, 0), raddr=('::1', 5672, 0, 0)>
2026-10-07 09:47:31,057 INFO pika.adapters.blocking_connection: User-initiated close: result=BlockingConnection__OnClosedArgs(connection=<SelectConnection CLOSED transport=None params=<URLParameters host=localhost port=5672 virtual_host=d1__1 ssl=False>>, error=ConnectionClosedByClient: (200) 'Normal shutdown')
2026-10-07 09:47:41,069 INFO pika.adapters.utils.connection_workflow: Pika version 1.4.4 connecting to ('::1', 5672, 0, 0)
2026-10-07 09:47:41,069 INFO pika.adapters.utils.io_services_utils: Socket connected: <socket.socket fd=9, family=30, type=1, proto=6, laddr=('::1', 50889, 0, 0), raddr=('::1', 5672, 0, 0)>
2026-10-07 09:47:41,070 INFO pika.adapters.utils.connection_workflow: Streaming transport linked up: (<pika.adapters.utils.io_services_utils._AsyncPlaintextTransport object at 0x1208925d0>, _StreamingProtocolShim: <SelectConnection PROTOCOL transport=<pika.adapters.utils.io_services_utils._AsyncPlaintextTransport object at 0x1208925d0> params=<URLParameters host=localhost port=5672 virtual_host=d1__1 ssl=False>>).
2026-10-07 09:47:41,078 INFO pika.adapters.utils.connection_workflow: AMQPConnector - reporting success: <SelectConnection OPEN transport=<pika.adapters.utils.io_services_utils._AsyncPlaintextTransport object at 0x1208925d0> params=<URLParameters host=localhost port=5672 virtual_host=d1__1 ssl=False>>
2026-10-07 09:47:41,078 INFO pika.adapters.utils.connection_workflow: AMQPConnectionWorkflow - reporting success: <SelectConnection OPEN transport=<pika.adapters.utils.io_services_utils._AsyncPlaintextTransport object at 0x1208925d0> params=<URLParameters host=localhost port=5672 virtual_host=d1__1 ssl=False>>
2026-10-07 09:47:41,078 INFO pika.adapters.blocking_connection: Connection workflow succeeded: <SelectConnection OPEN transport=<pika.adapters.utils.io_services_utils._AsyncPlaintextTransport object at 0x1208925d0> params=<URLParameters host=localhost port=5672 virtual_host=d1__1 ssl=False>>
2026-10-07 09:47:41,078 INFO pika.adapters.blocking_connection: Created channel=1
2026-10-07 09:47:41,084 INFO pika.adapters.blocking_connection: Closing connection (200): Normal shutdown
2026-10-07 09:47:41,085 INFO pika.channel: Closing channel (200): 'Normal shutdown' on <Channel number=1 OPEN conn=<SelectConnection OPEN transport=<pika.adapters.utils.io_services_utils._AsyncPlaintextTransport object at 0x1208925d0> params=<URLParameters host=localhost port=5672 virtual_host=d1__1 ssl=False>>>
2026-10-07 09:47:41,085 INFO pika.channel: Received <Channel.CloseOk> on <Channel number=1 CLOSING conn=<SelectConnection OPEN transport=<pika.adapters.utils.io_services_utils._AsyncPlaintextTransport object at 0x1208925d0> params=<URLParameters host=localhost port=5672 virtual_host=d1__1 ssl=False>>>
2026-10-07 09:47:41,086 INFO pika.connection: Closing connection (200): 'Normal shutdown'
2026-10-07 09:47:41,093 INFO pika.adapters.utils.io_services_utils: Aborting transport connection: state=1; <socket.socket fd=9, family=30, type=1, proto=6, laddr=('::1', 50889, 0, 0), raddr=('::1', 5672, 0, 0)>
2026-10-07 09:47:41,093 INFO pika.adapters.utils.io_services_utils: _AsyncTransportBase._initate_abort(): Initiating abrupt asynchronous transport shutdown: state=1; error=None; <socket.socket fd=9, family=30, type=1, proto=6, laddr=('::1', 50889, 0, 0), raddr=('::1', 5672, 0, 0)>
2026-10-07 09:47:41,093 INFO pika.adapters.utils.io_services_utils: Deactivating transport: state=1; <socket.socket fd=9, family=30, type=1, proto=6, laddr=('::1', 50889, 0, 0), raddr=('::1', 5672, 0, 0)>
2026-10-07 09:47:41,093 INFO pika.connection: AMQP stack terminated, failed to connect, or aborted: opened=True, error-arg=None; pending-error=ConnectionClosedByClient: (200) 'Normal shutdown'
2026-10-07 09:47:41,093 INFO pika.connection: Stack terminated due to ConnectionClosedByClient: (200) 'Normal shutdown'
2026-10-07 09:47:41,093 INFO pika.adapters.utils.io_services_utils: Closing transport socket and unlinking: state=3; <socket.socket fd=9, family=30, type=1, proto=6, laddr=('::1', 50889, 0, 0), raddr=('::1', 5672, 0, 0)>
2026-10-07 09:47:41,093 INFO pika.adapters.blocking_connection: User-initiated close: result=BlockingConnection__OnClosedArgs(connection=<SelectConnection CLOSED transport=None params=<URLParameters host=localhost port=5672 virtual_host=d1__1 ssl=False>>, error=ConnectionClosedByClient: (200) 'Normal shutdown')
2026-10-07 09:47:51,107 INFO pika.adapters.utils.connection_workflow: Pika version 1.4.4 connecting to ('::1', 5672, 0, 0)
2026-10-07 09:47:51,108 INFO pika.adapters.utils.io_services_utils: Socket connected: <socket.socket fd=9, family=30, type=1, proto=6, laddr=('::1', 50893, 0, 0), raddr=('::1', 5672, 0, 0)>
2026-10-07 09:47:51,108 INFO pika.adapters.utils.connection_workflow: Streaming transport linked up: (<pika.adapters.utils.io_services_utils._AsyncPlaintextTransport object at 0x120892db0>, _StreamingProtocolShim: <SelectConnection PROTOCOL transport=<pika.adapters.utils.io_services_utils._AsyncPlaintextTransport object at 0x120892db0> params=<URLParameters host=localhost port=5672 virtual_host=d1__1 ssl=False>>).
2026-10-07 09:47:51,114 INFO pika.adapters.utils.connection_workflow: AMQPConnector - reporting success: <SelectConnection OPEN transport=<pika.adapters.utils.io_services_utils._AsyncPlaintextTransport object at 0x120892db0> params=<URLParameters host=localhost port=5672 virtual_host=d1__1 ssl=False>>
2026-10-07 09:47:51,115 INFO pika.adapters.utils.connection_workflow: AMQPConnectionWorkflow - reporting success: <SelectConnection OPEN transport=<pika.adapters.utils.io_services_utils._AsyncPlaintextTransport object at 0x120892db0> params=<URLParameters host=localhost port=5672 virtual_host=d1__1 ssl=False>>
2026-10-07 09:47:51,115 INFO pika.adapters.blocking_connection: Connection workflow succeeded: <SelectConnection OPEN transport=<pika.adapters.utils.io_services_utils._AsyncPlaintextTransport object at 0x120892db0> params=<URLParameters host=localhost port=5672 virtual_host=d1__1 ssl=False>>
2026-10-07 09:47:51,115 INFO pika.adapters.blocking_connection: Created channel=1
2026-10-07 09:47:51,122 INFO pika.adapters.blocking_connection: Closing connection (200): Normal shutdown
2026-10-07 09:47:51,122 INFO pika.channel: Closing channel (200): 'Normal shutdown' on <Channel number=1 OPEN conn=<SelectConnection OPEN transport=<pika.adapters.utils.io_services_utils._AsyncPlaintextTransport object at 0x120892db0> params=<URLParameters host=localhost port=5672 virtual_host=d1__1 ssl=False>>>
2026-10-07 09:47:51,123 INFO pika.channel: Received <Channel.CloseOk> on <Channel number=1 CLOSING conn=<SelectConnection OPEN transport=<pika.adapters.utils.io_services_utils._AsyncPlaintextTransport object at 0x120892db0> params=<URLParameters host=localhost port=5672 virtual_host=d1__1 ssl=False>>>
2026-10-07 09:47:51,123 INFO pika.connection: Closing connection (200): 'Normal shutdown'
2026-10-07 09:47:51,130 INFO pika.adapters.utils.io_services_utils: Aborting transport connection: state=1; <socket.socket fd=9, family=30, type=1, proto=6, laddr=('::1', 50893, 0, 0), raddr=('::1', 5672, 0, 0)>
2026-10-07 09:47:51,130 INFO pika.adapters.utils.io_services_utils: _AsyncTransportBase._initate_abort(): Initiating abrupt asynchronous transport shutdown: state=1; error=None; <socket.socket fd=9, family=30, type=1, proto=6, laddr=('::1', 50893, 0, 0), raddr=('::1', 5672, 0, 0)>
2026-10-07 09:47:51,130 INFO pika.adapters.utils.io_services_utils: Deactivating transport: state=1; <socket.socket fd=9, family=30, type=1, proto=6, laddr=('::1', 50893, 0, 0), raddr=('::1', 5672, 0, 0)>
2026-10-07 09:47:51,130 INFO pika.connection: AMQP stack terminated, failed to connect, or aborted: opened=True, error-arg=None; pending-error=ConnectionClosedByClient: (200) 'Normal shutdown'
2026-10-07 09:47:51,130 INFO pika.connection: Stack terminated due to ConnectionClosedByClient: (200) 'Normal shutdown'
2026-10-07 09:47:51,130 INFO pika.adapters.utils.io_services_utils: Closing transport socket and unlinking: state=3; <socket.socket fd=9, family=30, type=1, proto=6, laddr=('::1', 50893, 0, 0), raddr=('::1', 5672, 0, 0)>
2026-10-07 09:47:51,131 INFO pika.adapters.blocking_connection: User-initiated close: result=BlockingConnection__OnClosedArgs(connection=<SelectConnection CLOSED transport=None params=<URLParameters host=localhost port=5672 virtual_host=d1__1 ssl=False>>, error=ConnectionClosedByClient: (200) 'Normal shutdown')
2026-10-07 09:48:01,140 INFO pika.adapters.utils.connection_workflow: Pika version 1.4.4 connecting to ('::1', 5672, 0, 0)
2026-10-07 09:48:01,141 INFO pika.adapters.utils.io_services_utils: Socket connected: <socket.socket fd=9, family=30, type=1, proto=6, laddr=('::1', 50897, 0, 0), raddr=('::1', 5672, 0, 0)>
2026-10-07 09:48:01,141 INFO pika.adapters.utils.connection_workflow: Streaming transport linked up: (<pika.adapters.utils.io_services_utils._AsyncPlaintextTransport object at 0x120891f70>, _StreamingProtocolShim: <SelectConnection PROTOCOL transport=<pika.adapters.utils.io_services_utils._AsyncPlaintextTransport object at 0x120891f70> params=<URLParameters host=localhost port=5672 virtual_host=d1__1 ssl=False>>).
2026-10-07 09:48:01,148 INFO pika.adapters.utils.connection_workflow: AMQPConnector - reporting success: <SelectConnection OPEN transport=<pika.adapters.utils.io_services_utils._AsyncPlaintextTransport object at 0x120891f70> params=<URLParameters host=localhost port=5672 virtual_host=d1__1 ssl=False>>
2026-10-07 09:48:01,148 INFO pika.adapters.utils.connection_workflow: AMQPConnectionWorkflow - reporting success: <SelectConnection OPEN transport=<pika.adapters.utils.io_services_utils._AsyncPlaintextTransport object at 0x120891f70> params=<URLParameters host=localhost port=5672 virtual_host=d1__1 ssl=False>>
2026-10-07 09:48:01,148 INFO pika.adapters.blocking_connection: Connection workflow succeeded: <SelectConnection OPEN transport=<pika.adapters.utils.io_services_utils._AsyncPlaintextTransport object at 0x120891f70> params=<URLParameters host=localhost port=5672 virtual_host=d1__1 ssl=False>>
2026-10-07 09:48:01,148 INFO pika.adapters.blocking_connection: Created channel=1
2026-10-07 09:48:01,155 INFO pika.adapters.blocking_connection: Closing connection (200): Normal shutdown
2026-10-07 09:48:01,155 INFO pika.channel: Closing channel (200): 'Normal shutdown' on <Channel number=1 OPEN conn=<SelectConnection OPEN transport=<pika.adapters.utils.io_services_utils._AsyncPlaintextTransport object at 0x120891f70> params=<URLParameters host=localhost port=5672 virtual_host=d1__1 ssl=False>>>
2026-10-07 09:48:01,157 INFO pika.channel: Received <Channel.CloseOk> on <Channel number=1 CLOSING conn=<SelectConnection OPEN transport=<pika.adapters.utils.io_services_utils._AsyncPlaintextTransport object at 0x120891f70> params=<URLParameters host=localhost port=5672 virtual_host=d1__1 ssl=False>>>
2026-10-07 09:48:01,157 INFO pika.connection: Closing connection (200): 'Normal shutdown'
2026-10-07 09:48:01,164 INFO pika.adapters.utils.io_services_utils: Aborting transport connection: state=1; <socket.socket fd=9, family=30, type=1, proto=6, laddr=('::1', 50897, 0, 0), raddr=('::1', 5672, 0, 0)>
2026-10-07 09:48:01,164 INFO pika.adapters.utils.io_services_utils: _AsyncTransportBase._initate_abort(): Initiating abrupt asynchronous transport shutdown: state=1; error=None; <socket.socket fd=9, family=30, type=1, proto=6, laddr=('::1', 50897, 0, 0), raddr=('::1', 5672, 0, 0)>
2026-10-07 09:48:01,164 INFO pika.adapters.utils.io_services_utils: Deactivating transport: state=1; <socket.socket fd=9, family=30, type=1, proto=6, laddr=('::1', 50897, 0, 0), raddr=('::1', 5672, 0, 0)>
2026-10-07 09:48:01,164 INFO pika.connection: AMQP stack terminated, failed to connect, or aborted: opened=True, error-arg=None; pending-error=ConnectionClosedByClient: (200) 'Normal shutdown'
2026-10-07 09:48:01,164 INFO pika.connection: Stack terminated due to ConnectionClosedByClient: (200) 'Normal shutdown'
2026-10-07 09:48:01,164 INFO pika.adapters.utils.io_services_utils: Closing transport socket and unlinking: state=3; <socket.socket fd=9, family=30, type=1, proto=6, laddr=('::1', 50897, 0, 0), raddr=('::1', 5672, 0, 0)>
2026-10-07 09:48:01,164 INFO pika.adapters.blocking_connection: User-initiated close: result=BlockingConnection__OnClosedArgs(connection=<SelectConnection CLOSED transport=None params=<URLParameters host=localhost port=5672 virtual_host=d1__1 ssl=False>>, error=ConnectionClosedByClient: (200) 'Normal shutdown')
2026-10-07 09:48:11,173 INFO pika.adapters.utils.connection_workflow: Pika version 1.4.4 connecting to ('::1', 5672, 0, 0)
2026-10-07 09:48:11,173 ERROR pika.adapters.utils.io_services_utils: Socket failed to connect: <socket.socket fd=9, family=30, type=1, proto=6, laddr=('::1', 50958, 0, 0)>; error=61 (Connection refused)
2026-10-07 09:48:11,173 ERROR pika.adapters.utils.connection_workflow: TCP Connection attempt failed: ConnectionRefusedError(61, 'Connection refused'); dest=(<AddressFamily.AF_INET6: 30>, <SocketKind.SOCK_STREAM: 1>, 6, '', ('::1', 5672, 0, 0))
2026-10-07 09:48:11,174 ERROR pika.adapters.utils.connection_workflow: AMQPConnector - reporting failure: AMQPConnectorSocketConnectError: ConnectionRefusedError(61, 'Connection refused')
2026-10-07 09:48:11,174 INFO pika.adapters.utils.connection_workflow: Pika version 1.4.4 connecting to ('127.0.0.1', 5672)
2026-10-07 09:48:11,174 ERROR pika.adapters.utils.io_services_utils: Socket failed to connect: <socket.socket fd=9, family=2, type=1, proto=6, laddr=('127.0.0.1', 50959)>; error=61 (Connection refused)
2026-10-07 09:48:11,174 ERROR pika.adapters.utils.connection_workflow: TCP Connection attempt failed: ConnectionRefusedError(61, 'Connection refused'); dest=(<AddressFamily.AF_INET: 2>, <SocketKind.SOCK_STREAM: 1>, 6, '', ('127.0.0.1', 5672))
2026-10-07 09:48:11,174 ERROR pika.adapters.utils.connection_workflow: AMQPConnector - reporting failure: AMQPConnectorSocketConnectError: ConnectionRefusedError(61, 'Connection refused')
2026-10-07 09:48:11,174 ERROR pika.adapters.utils.connection_workflow: AMQP connection workflow failed: AMQPConnectionWorkflowFailed: 2 exceptions in all; last exception - AMQPConnectorSocketConnectError: ConnectionRefusedError(61, 'Connection refused'); first exception - AMQPConnectorSocketConnectError: ConnectionRefusedError(61, 'Connection refused').
2026-10-07 09:48:11,174 ERROR pika.adapters.utils.connection_workflow: AMQPConnectionWorkflow - reporting failure: AMQPConnectionWorkflowFailed: 2 exceptions in all; last exception - AMQPConnectorSocketConnectError: ConnectionRefusedError(61, 'Connection refused'); first exception - AMQPConnectorSocketConnectError: ConnectionRefusedError(61, 'Connection refused')
2026-10-07 09:48:11,174 ERROR pika.adapters.blocking_connection: Connection workflow failed: AMQPConnectionWorkflowFailed: 2 exceptions in all; last exception - AMQPConnectorSocketConnectError: ConnectionRefusedError(61, 'Connection refused'); first exception - AMQPConnectorSocketConnectError: ConnectionRefusedError(61, 'Connection refused')
2026-10-07 09:48:11,174 ERROR pika.adapters.blocking_connection: Error in _create_connection().
Traceback (most recent call last):
  File "/Users/jessica/GridWorks/gridworks-alerter/.venv/lib/python3.12/site-packages/pika/adapters/blocking_connection.py", line 478, in _create_connection
    raise self._reap_last_connection_workflow_error(error)
pika.exceptions.AMQPConnectionError
2026-10-07 09:48:11,176 WARNING gwalerter.prober: localhost:5672 failed (1 running): AMQPConnectionError: (AMQPConnectorSocketConnectError: ConnectionRefusedError(61, 'Connection refused'),)
2026-10-07 09:48:11,178 WARNING gwalerter.prober: localhost:1885 failed (1 running): ConnectionRefusedError(61, 'Connection refused')
2026-10-07 09:48:21,183 INFO pika.adapters.utils.connection_workflow: Pika version 1.4.4 connecting to ('::1', 5672, 0, 0)
2026-10-07 09:48:21,183 ERROR pika.adapters.utils.io_services_utils: Socket failed to connect: <socket.socket fd=9, family=30, type=1, proto=6, laddr=('::1', 51005, 0, 0)>; error=61 (Connection refused)
2026-10-07 09:48:21,183 ERROR pika.adapters.utils.connection_workflow: TCP Connection attempt failed: ConnectionRefusedError(61, 'Connection refused'); dest=(<AddressFamily.AF_INET6: 30>, <SocketKind.SOCK_STREAM: 1>, 6, '', ('::1', 5672, 0, 0))
2026-10-07 09:48:21,183 ERROR pika.adapters.utils.connection_workflow: AMQPConnector - reporting failure: AMQPConnectorSocketConnectError: ConnectionRefusedError(61, 'Connection refused')
2026-10-07 09:48:21,183 INFO pika.adapters.utils.connection_workflow: Pika version 1.4.4 connecting to ('127.0.0.1', 5672)
2026-10-07 09:48:21,184 ERROR pika.adapters.utils.io_services_utils: Socket failed to connect: <socket.socket fd=9, family=2, type=1, proto=6, laddr=('127.0.0.1', 51006)>; error=61 (Connection refused)
2026-10-07 09:48:21,184 ERROR pika.adapters.utils.connection_workflow: TCP Connection attempt failed: ConnectionRefusedError(61, 'Connection refused'); dest=(<AddressFamily.AF_INET: 2>, <SocketKind.SOCK_STREAM: 1>, 6, '', ('127.0.0.1', 5672))
2026-10-07 09:48:21,184 ERROR pika.adapters.utils.connection_workflow: AMQPConnector - reporting failure: AMQPConnectorSocketConnectError: ConnectionRefusedError(61, 'Connection refused')
2026-10-07 09:48:21,184 ERROR pika.adapters.utils.connection_workflow: AMQP connection workflow failed: AMQPConnectionWorkflowFailed: 2 exceptions in all; last exception - AMQPConnectorSocketConnectError: ConnectionRefusedError(61, 'Connection refused'); first exception - AMQPConnectorSocketConnectError: ConnectionRefusedError(61, 'Connection refused').
2026-10-07 09:48:21,184 ERROR pika.adapters.utils.connection_workflow: AMQPConnectionWorkflow - reporting failure: AMQPConnectionWorkflowFailed: 2 exceptions in all; last exception - AMQPConnectorSocketConnectError: ConnectionRefusedError(61, 'Connection refused'); first exception - AMQPConnectorSocketConnectError: ConnectionRefusedError(61, 'Connection refused')
2026-10-07 09:48:21,184 ERROR pika.adapters.blocking_connection: Connection workflow failed: AMQPConnectionWorkflowFailed: 2 exceptions in all; last exception - AMQPConnectorSocketConnectError: ConnectionRefusedError(61, 'Connection refused'); first exception - AMQPConnectorSocketConnectError: ConnectionRefusedError(61, 'Connection refused')
2026-10-07 09:48:21,184 ERROR pika.adapters.blocking_connection: Error in _create_connection().
Traceback (most recent call last):
  File "/Users/jessica/GridWorks/gridworks-alerter/.venv/lib/python3.12/site-packages/pika/adapters/blocking_connection.py", line 478, in _create_connection
    raise self._reap_last_connection_workflow_error(error)
pika.exceptions.AMQPConnectionError
2026-10-07 09:48:21,186 WARNING gwalerter.prober: localhost:5672 failed (2 running): AMQPConnectionError: (AMQPConnectorSocketConnectError: ConnectionRefusedError(61, 'Connection refused'),)
2026-10-07 09:48:21,187 WARNING gwalerter.prober: localhost:1885 failed (2 running): ConnectionRefusedError(61, 'Connection refused')
2026-10-07 09:48:31,194 INFO pika.adapters.utils.connection_workflow: Pika version 1.4.4 connecting to ('::1', 5672, 0, 0)
2026-10-07 09:48:31,195 ERROR pika.adapters.utils.io_services_utils: Socket failed to connect: <socket.socket fd=9, family=30, type=1, proto=6, laddr=('::1', 51053, 0, 0)>; error=61 (Connection refused)
2026-10-07 09:48:31,195 ERROR pika.adapters.utils.connection_workflow: TCP Connection attempt failed: ConnectionRefusedError(61, 'Connection refused'); dest=(<AddressFamily.AF_INET6: 30>, <SocketKind.SOCK_STREAM: 1>, 6, '', ('::1', 5672, 0, 0))
2026-10-07 09:48:31,195 ERROR pika.adapters.utils.connection_workflow: AMQPConnector - reporting failure: AMQPConnectorSocketConnectError: ConnectionRefusedError(61, 'Connection refused')
2026-10-07 09:48:31,195 INFO pika.adapters.utils.connection_workflow: Pika version 1.4.4 connecting to ('127.0.0.1', 5672)
2026-10-07 09:48:31,195 ERROR pika.adapters.utils.io_services_utils: Socket failed to connect: <socket.socket fd=9, family=2, type=1, proto=6, laddr=('127.0.0.1', 51054)>; error=61 (Connection refused)
2026-10-07 09:48:31,195 ERROR pika.adapters.utils.connection_workflow: TCP Connection attempt failed: ConnectionRefusedError(61, 'Connection refused'); dest=(<AddressFamily.AF_INET: 2>, <SocketKind.SOCK_STREAM: 1>, 6, '', ('127.0.0.1', 5672))
2026-10-07 09:48:31,195 ERROR pika.adapters.utils.connection_workflow: AMQPConnector - reporting failure: AMQPConnectorSocketConnectError: ConnectionRefusedError(61, 'Connection refused')
2026-10-07 09:48:31,195 ERROR pika.adapters.utils.connection_workflow: AMQP connection workflow failed: AMQPConnectionWorkflowFailed: 2 exceptions in all; last exception - AMQPConnectorSocketConnectError: ConnectionRefusedError(61, 'Connection refused'); first exception - AMQPConnectorSocketConnectError: ConnectionRefusedError(61, 'Connection refused').
2026-10-07 09:48:31,195 ERROR pika.adapters.utils.connection_workflow: AMQPConnectionWorkflow - reporting failure: AMQPConnectionWorkflowFailed: 2 exceptions in all; last exception - AMQPConnectorSocketConnectError: ConnectionRefusedError(61, 'Connection refused'); first exception - AMQPConnectorSocketConnectError: ConnectionRefusedError(61, 'Connection refused')
2026-10-07 09:48:31,195 ERROR pika.adapters.blocking_connection: Connection workflow failed: AMQPConnectionWorkflowFailed: 2 exceptions in all; last exception - AMQPConnectorSocketConnectError: ConnectionRefusedError(61, 'Connection refused'); first exception - AMQPConnectorSocketConnectError: ConnectionRefusedError(61, 'Connection refused')
2026-10-07 09:48:31,195 ERROR pika.adapters.blocking_connection: Error in _create_connection().
Traceback (most recent call last):
  File "/Users/jessica/GridWorks/gridworks-alerter/.venv/lib/python3.12/site-packages/pika/adapters/blocking_connection.py", line 478, in _create_connection
    raise self._reap_last_connection_workflow_error(error)
pika.exceptions.AMQPConnectionError
2026-10-07 09:48:31,197 WARNING gwalerter.prober: localhost:5672 failed (3 running): AMQPConnectionError: (AMQPConnectorSocketConnectError: ConnectionRefusedError(61, 'Connection refused'),)
2026-10-07 09:48:31,200 ERROR gwalerter.prober: Firing BrokerUnreachable on localhost:5672 (a9a3b2a3-8be0-4c02-8bad-adaa480c2e45)
2026-10-07 09:48:31,202 WARNING gwalerter.prober: localhost:1885 failed (3 running): ConnectionRefusedError(61, 'Connection refused')
2026-10-07 09:48:31,203 ERROR gwalerter.prober: Firing BrokerUnreachable on localhost:1885 (6b1cb7f4-d348-481b-9a9f-8aa2bcb08727)
2026-10-07 09:48:41,211 INFO pika.adapters.utils.connection_workflow: Pika version 1.4.4 connecting to ('::1', 5672, 0, 0)
2026-10-07 09:48:41,212 ERROR pika.adapters.utils.io_services_utils: Socket failed to connect: <socket.socket fd=9, family=30, type=1, proto=6, laddr=('::1', 51093, 0, 0)>; error=61 (Connection refused)
2026-10-07 09:48:41,212 ERROR pika.adapters.utils.connection_workflow: TCP Connection attempt failed: ConnectionRefusedError(61, 'Connection refused'); dest=(<AddressFamily.AF_INET6: 30>, <SocketKind.SOCK_STREAM: 1>, 6, '', ('::1', 5672, 0, 0))
2026-10-07 09:48:41,212 ERROR pika.adapters.utils.connection_workflow: AMQPConnector - reporting failure: AMQPConnectorSocketConnectError: ConnectionRefusedError(61, 'Connection refused')
2026-10-07 09:48:41,212 INFO pika.adapters.utils.connection_workflow: Pika version 1.4.4 connecting to ('127.0.0.1', 5672)
2026-10-07 09:48:41,212 ERROR pika.adapters.utils.io_services_utils: Socket failed to connect: <socket.socket fd=9, family=2, type=1, proto=6, laddr=('127.0.0.1', 51094)>; error=61 (Connection refused)
2026-10-07 09:48:41,213 ERROR pika.adapters.utils.connection_workflow: TCP Connection attempt failed: ConnectionRefusedError(61, 'Connection refused'); dest=(<AddressFamily.AF_INET: 2>, <SocketKind.SOCK_STREAM: 1>, 6, '', ('127.0.0.1', 5672))
2026-10-07 09:48:41,213 ERROR pika.adapters.utils.connection_workflow: AMQPConnector - reporting failure: AMQPConnectorSocketConnectError: ConnectionRefusedError(61, 'Connection refused')
2026-10-07 09:48:41,213 ERROR pika.adapters.utils.connection_workflow: AMQP connection workflow failed: AMQPConnectionWorkflowFailed: 2 exceptions in all; last exception - AMQPConnectorSocketConnectError: ConnectionRefusedError(61, 'Connection refused'); first exception - AMQPConnectorSocketConnectError: ConnectionRefusedError(61, 'Connection refused').
2026-10-07 09:48:41,213 ERROR pika.adapters.utils.connection_workflow: AMQPConnectionWorkflow - reporting failure: AMQPConnectionWorkflowFailed: 2 exceptions in all; last exception - AMQPConnectorSocketConnectError: ConnectionRefusedError(61, 'Connection refused'); first exception - AMQPConnectorSocketConnectError: ConnectionRefusedError(61, 'Connection refused')
2026-10-07 09:48:41,213 ERROR pika.adapters.blocking_connection: Connection workflow failed: AMQPConnectionWorkflowFailed: 2 exceptions in all; last exception - AMQPConnectorSocketConnectError: ConnectionRefusedError(61, 'Connection refused'); first exception - AMQPConnectorSocketConnectError: ConnectionRefusedError(61, 'Connection refused')
2026-10-07 09:48:41,213 ERROR pika.adapters.blocking_connection: Error in _create_connection().
Traceback (most recent call last):
  File "/Users/jessica/GridWorks/gridworks-alerter/.venv/lib/python3.12/site-packages/pika/adapters/blocking_connection.py", line 478, in _create_connection
    raise self._reap_last_connection_workflow_error(error)
pika.exceptions.AMQPConnectionError
2026-10-07 09:48:41,216 WARNING gwalerter.prober: localhost:5672 failed (4 running): AMQPConnectionError: (AMQPConnectorSocketConnectError: ConnectionRefusedError(61, 'Connection refused'),)
2026-10-07 09:48:41,218 WARNING gwalerter.prober: localhost:1885 failed (4 running): ConnectionRefusedError(61, 'Connection refused')
2026-10-07 09:48:51,225 INFO pika.adapters.utils.connection_workflow: Pika version 1.4.4 connecting to ('::1', 5672, 0, 0)
2026-10-07 09:48:51,225 ERROR pika.adapters.utils.io_services_utils: Socket failed to connect: <socket.socket fd=9, family=30, type=1, proto=6, laddr=('::1', 51131, 0, 0)>; error=61 (Connection refused)
2026-10-07 09:48:51,225 ERROR pika.adapters.utils.connection_workflow: TCP Connection attempt failed: ConnectionRefusedError(61, 'Connection refused'); dest=(<AddressFamily.AF_INET6: 30>, <SocketKind.SOCK_STREAM: 1>, 6, '', ('::1', 5672, 0, 0))
2026-10-07 09:48:51,225 ERROR pika.adapters.utils.connection_workflow: AMQPConnector - reporting failure: AMQPConnectorSocketConnectError: ConnectionRefusedError(61, 'Connection refused')
2026-10-07 09:48:51,225 INFO pika.adapters.utils.connection_workflow: Pika version 1.4.4 connecting to ('127.0.0.1', 5672)
2026-10-07 09:48:51,225 ERROR pika.adapters.utils.io_services_utils: Socket failed to connect: <socket.socket fd=9, family=2, type=1, proto=6, laddr=('127.0.0.1', 51132)>; error=61 (Connection refused)
2026-10-07 09:48:51,225 ERROR pika.adapters.utils.connection_workflow: TCP Connection attempt failed: ConnectionRefusedError(61, 'Connection refused'); dest=(<AddressFamily.AF_INET: 2>, <SocketKind.SOCK_STREAM: 1>, 6, '', ('127.0.0.1', 5672))
2026-10-07 09:48:51,225 ERROR pika.adapters.utils.connection_workflow: AMQPConnector - reporting failure: AMQPConnectorSocketConnectError: ConnectionRefusedError(61, 'Connection refused')
2026-10-07 09:48:51,225 ERROR pika.adapters.utils.connection_workflow: AMQP connection workflow failed: AMQPConnectionWorkflowFailed: 2 exceptions in all; last exception - AMQPConnectorSocketConnectError: ConnectionRefusedError(61, 'Connection refused'); first exception - AMQPConnectorSocketConnectError: ConnectionRefusedError(61, 'Connection refused').
2026-10-07 09:48:51,225 ERROR pika.adapters.utils.connection_workflow: AMQPConnectionWorkflow - reporting failure: AMQPConnectionWorkflowFailed: 2 exceptions in all; last exception - AMQPConnectorSocketConnectError: ConnectionRefusedError(61, 'Connection refused'); first exception - AMQPConnectorSocketConnectError: ConnectionRefusedError(61, 'Connection refused')
2026-10-07 09:48:51,225 ERROR pika.adapters.blocking_connection: Connection workflow failed: AMQPConnectionWorkflowFailed: 2 exceptions in all; last exception - AMQPConnectorSocketConnectError: ConnectionRefusedError(61, 'Connection refused'); first exception - AMQPConnectorSocketConnectError: ConnectionRefusedError(61, 'Connection refused')
2026-10-07 09:48:51,225 ERROR pika.adapters.blocking_connection: Error in _create_connection().
Traceback (most recent call last):
  File "/Users/jessica/GridWorks/gridworks-alerter/.venv/lib/python3.12/site-packages/pika/adapters/blocking_connection.py", line 478, in _create_connection
    raise self._reap_last_connection_workflow_error(error)
pika.exceptions.AMQPConnectionError
2026-10-07 09:48:51,226 WARNING gwalerter.prober: localhost:5672 failed (5 running): AMQPConnectionError: (AMQPConnectorSocketConnectError: ConnectionRefusedError(61, 'Connection refused'),)
2026-10-07 09:48:51,227 WARNING gwalerter.prober: localhost:1885 failed (5 running): ConnectionRefusedError(61, 'Connection refused')
2026-10-07 09:49:01,234 INFO pika.adapters.utils.connection_workflow: Pika version 1.4.4 connecting to ('::1', 5672, 0, 0)
2026-10-07 09:49:01,235 ERROR pika.adapters.utils.io_services_utils: Socket failed to connect: <socket.socket fd=9, family=30, type=1, proto=6, laddr=('::1', 51173, 0, 0)>; error=61 (Connection refused)
2026-10-07 09:49:01,235 ERROR pika.adapters.utils.connection_workflow: TCP Connection attempt failed: ConnectionRefusedError(61, 'Connection refused'); dest=(<AddressFamily.AF_INET6: 30>, <SocketKind.SOCK_STREAM: 1>, 6, '', ('::1', 5672, 0, 0))
2026-10-07 09:49:01,235 ERROR pika.adapters.utils.connection_workflow: AMQPConnector - reporting failure: AMQPConnectorSocketConnectError: ConnectionRefusedError(61, 'Connection refused')
2026-10-07 09:49:01,235 INFO pika.adapters.utils.connection_workflow: Pika version 1.4.4 connecting to ('127.0.0.1', 5672)
2026-10-07 09:49:01,236 ERROR pika.adapters.utils.io_services_utils: Socket failed to connect: <socket.socket fd=9, family=2, type=1, proto=6, laddr=('127.0.0.1', 51174)>; error=61 (Connection refused)
2026-10-07 09:49:01,236 ERROR pika.adapters.utils.connection_workflow: TCP Connection attempt failed: ConnectionRefusedError(61, 'Connection refused'); dest=(<AddressFamily.AF_INET: 2>, <SocketKind.SOCK_STREAM: 1>, 6, '', ('127.0.0.1', 5672))
2026-10-07 09:49:01,236 ERROR pika.adapters.utils.connection_workflow: AMQPConnector - reporting failure: AMQPConnectorSocketConnectError: ConnectionRefusedError(61, 'Connection refused')
2026-10-07 09:49:01,236 ERROR pika.adapters.utils.connection_workflow: AMQP connection workflow failed: AMQPConnectionWorkflowFailed: 2 exceptions in all; last exception - AMQPConnectorSocketConnectError: ConnectionRefusedError(61, 'Connection refused'); first exception - AMQPConnectorSocketConnectError: ConnectionRefusedError(61, 'Connection refused').
2026-10-07 09:49:01,236 ERROR pika.adapters.utils.connection_workflow: AMQPConnectionWorkflow - reporting failure: AMQPConnectionWorkflowFailed: 2 exceptions in all; last exception - AMQPConnectorSocketConnectError: ConnectionRefusedError(61, 'Connection refused'); first exception - AMQPConnectorSocketConnectError: ConnectionRefusedError(61, 'Connection refused')
2026-10-07 09:49:01,236 ERROR pika.adapters.blocking_connection: Connection workflow failed: AMQPConnectionWorkflowFailed: 2 exceptions in all; last exception - AMQPConnectorSocketConnectError: ConnectionRefusedError(61, 'Connection refused'); first exception - AMQPConnectorSocketConnectError: ConnectionRefusedError(61, 'Connection refused')
2026-10-07 09:49:01,236 ERROR pika.adapters.blocking_connection: Error in _create_connection().
Traceback (most recent call last):
  File "/Users/jessica/GridWorks/gridworks-alerter/.venv/lib/python3.12/site-packages/pika/adapters/blocking_connection.py", line 478, in _create_connection
    raise self._reap_last_connection_workflow_error(error)
pika.exceptions.AMQPConnectionError
2026-10-07 09:49:01,239 WARNING gwalerter.prober: localhost:5672 failed (6 running): AMQPConnectionError: (AMQPConnectorSocketConnectError: ConnectionRefusedError(61, 'Connection refused'),)
2026-10-07 09:49:01,240 WARNING gwalerter.prober: localhost:1885 failed (6 running): ConnectionRefusedError(61, 'Connection refused')
2026-10-07 09:49:11,246 INFO pika.adapters.utils.connection_workflow: Pika version 1.4.4 connecting to ('::1', 5672, 0, 0)
2026-10-07 09:49:11,247 ERROR pika.adapters.utils.io_services_utils: Socket failed to connect: <socket.socket fd=9, family=30, type=1, proto=6, laddr=('::1', 51211, 0, 0)>; error=61 (Connection refused)
2026-10-07 09:49:11,247 ERROR pika.adapters.utils.connection_workflow: TCP Connection attempt failed: ConnectionRefusedError(61, 'Connection refused'); dest=(<AddressFamily.AF_INET6: 30>, <SocketKind.SOCK_STREAM: 1>, 6, '', ('::1', 5672, 0, 0))
2026-10-07 09:49:11,247 ERROR pika.adapters.utils.connection_workflow: AMQPConnector - reporting failure: AMQPConnectorSocketConnectError: ConnectionRefusedError(61, 'Connection refused')
2026-10-07 09:49:11,247 INFO pika.adapters.utils.connection_workflow: Pika version 1.4.4 connecting to ('127.0.0.1', 5672)
2026-10-07 09:49:11,248 ERROR pika.adapters.utils.io_services_utils: Socket failed to connect: <socket.socket fd=9, family=2, type=1, proto=6, laddr=('127.0.0.1', 51212)>; error=61 (Connection refused)
2026-10-07 09:49:11,248 ERROR pika.adapters.utils.connection_workflow: TCP Connection attempt failed: ConnectionRefusedError(61, 'Connection refused'); dest=(<AddressFamily.AF_INET: 2>, <SocketKind.SOCK_STREAM: 1>, 6, '', ('127.0.0.1', 5672))
2026-10-07 09:49:11,248 ERROR pika.adapters.utils.connection_workflow: AMQPConnector - reporting failure: AMQPConnectorSocketConnectError: ConnectionRefusedError(61, 'Connection refused')
2026-10-07 09:49:11,248 ERROR pika.adapters.utils.connection_workflow: AMQP connection workflow failed: AMQPConnectionWorkflowFailed: 2 exceptions in all; last exception - AMQPConnectorSocketConnectError: ConnectionRefusedError(61, 'Connection refused'); first exception - AMQPConnectorSocketConnectError: ConnectionRefusedError(61, 'Connection refused').
2026-10-07 09:49:11,248 ERROR pika.adapters.utils.connection_workflow: AMQPConnectionWorkflow - reporting failure: AMQPConnectionWorkflowFailed: 2 exceptions in all; last exception - AMQPConnectorSocketConnectError: ConnectionRefusedError(61, 'Connection refused'); first exception - AMQPConnectorSocketConnectError: ConnectionRefusedError(61, 'Connection refused')
2026-10-07 09:49:11,248 ERROR pika.adapters.blocking_connection: Connection workflow failed: AMQPConnectionWorkflowFailed: 2 exceptions in all; last exception - AMQPConnectorSocketConnectError: ConnectionRefusedError(61, 'Connection refused'); first exception - AMQPConnectorSocketConnectError: ConnectionRefusedError(61, 'Connection refused')
2026-10-07 09:49:11,248 ERROR pika.adapters.blocking_connection: Error in _create_connection().
Traceback (most recent call last):
  File "/Users/jessica/GridWorks/gridworks-alerter/.venv/lib/python3.12/site-packages/pika/adapters/blocking_connection.py", line 478, in _create_connection
    raise self._reap_last_connection_workflow_error(error)
pika.exceptions.AMQPConnectionError
2026-10-07 09:49:11,251 WARNING gwalerter.prober: localhost:5672 failed (7 running): AMQPConnectionError: (AMQPConnectorSocketConnectError: ConnectionRefusedError(61, 'Connection refused'),)
2026-10-07 09:49:11,253 WARNING gwalerter.prober: localhost:1885 failed (7 running): ConnectionRefusedError(61, 'Connection refused')
2026-10-07 09:49:21,257 INFO pika.adapters.utils.connection_workflow: Pika version 1.4.4 connecting to ('::1', 5672, 0, 0)
2026-10-07 09:49:21,258 ERROR pika.adapters.utils.io_services_utils: Socket failed to connect: <socket.socket fd=9, family=30, type=1, proto=6, laddr=('::1', 51249, 0, 0)>; error=61 (Connection refused)
2026-10-07 09:49:21,258 ERROR pika.adapters.utils.connection_workflow: TCP Connection attempt failed: ConnectionRefusedError(61, 'Connection refused'); dest=(<AddressFamily.AF_INET6: 30>, <SocketKind.SOCK_STREAM: 1>, 6, '', ('::1', 5672, 0, 0))
2026-10-07 09:49:21,258 ERROR pika.adapters.utils.connection_workflow: AMQPConnector - reporting failure: AMQPConnectorSocketConnectError: ConnectionRefusedError(61, 'Connection refused')
2026-10-07 09:49:21,258 INFO pika.adapters.utils.connection_workflow: Pika version 1.4.4 connecting to ('127.0.0.1', 5672)
2026-10-07 09:49:21,258 ERROR pika.adapters.utils.io_services_utils: Socket failed to connect: <socket.socket fd=9, family=2, type=1, proto=6, laddr=('127.0.0.1', 51250)>; error=61 (Connection refused)
2026-10-07 09:49:21,258 ERROR pika.adapters.utils.connection_workflow: TCP Connection attempt failed: ConnectionRefusedError(61, 'Connection refused'); dest=(<AddressFamily.AF_INET: 2>, <SocketKind.SOCK_STREAM: 1>, 6, '', ('127.0.0.1', 5672))
2026-10-07 09:49:21,258 ERROR pika.adapters.utils.connection_workflow: AMQPConnector - reporting failure: AMQPConnectorSocketConnectError: ConnectionRefusedError(61, 'Connection refused')
2026-10-07 09:49:21,258 ERROR pika.adapters.utils.connection_workflow: AMQP connection workflow failed: AMQPConnectionWorkflowFailed: 2 exceptions in all; last exception - AMQPConnectorSocketConnectError: ConnectionRefusedError(61, 'Connection refused'); first exception - AMQPConnectorSocketConnectError: ConnectionRefusedError(61, 'Connection refused').
2026-10-07 09:49:21,258 ERROR pika.adapters.utils.connection_workflow: AMQPConnectionWorkflow - reporting failure: AMQPConnectionWorkflowFailed: 2 exceptions in all; last exception - AMQPConnectorSocketConnectError: ConnectionRefusedError(61, 'Connection refused'); first exception - AMQPConnectorSocketConnectError: ConnectionRefusedError(61, 'Connection refused')
2026-10-07 09:49:21,258 ERROR pika.adapters.blocking_connection: Connection workflow failed: AMQPConnectionWorkflowFailed: 2 exceptions in all; last exception - AMQPConnectorSocketConnectError: ConnectionRefusedError(61, 'Connection refused'); first exception - AMQPConnectorSocketConnectError: ConnectionRefusedError(61, 'Connection refused')
2026-10-07 09:49:21,258 ERROR pika.adapters.blocking_connection: Error in _create_connection().
Traceback (most recent call last):
  File "/Users/jessica/GridWorks/gridworks-alerter/.venv/lib/python3.12/site-packages/pika/adapters/blocking_connection.py", line 478, in _create_connection
    raise self._reap_last_connection_workflow_error(error)
pika.exceptions.AMQPConnectionError
2026-10-07 09:49:21,259 WARNING gwalerter.prober: localhost:5672 failed (8 running): AMQPConnectionError: (AMQPConnectorSocketConnectError: ConnectionRefusedError(61, 'Connection refused'),)
2026-10-07 09:49:21,260 WARNING gwalerter.prober: localhost:1885 failed (8 running): ConnectionRefusedError(61, 'Connection refused')
2026-10-07 09:49:31,266 INFO pika.adapters.utils.connection_workflow: Pika version 1.4.4 connecting to ('::1', 5672, 0, 0)
2026-10-07 09:49:31,266 ERROR pika.adapters.utils.io_services_utils: Socket failed to connect: <socket.socket fd=9, family=30, type=1, proto=6, laddr=('::1', 51276, 0, 0)>; error=61 (Connection refused)
2026-10-07 09:49:31,266 ERROR pika.adapters.utils.connection_workflow: TCP Connection attempt failed: ConnectionRefusedError(61, 'Connection refused'); dest=(<AddressFamily.AF_INET6: 30>, <SocketKind.SOCK_STREAM: 1>, 6, '', ('::1', 5672, 0, 0))
2026-10-07 09:49:31,266 ERROR pika.adapters.utils.connection_workflow: AMQPConnector - reporting failure: AMQPConnectorSocketConnectError: ConnectionRefusedError(61, 'Connection refused')
2026-10-07 09:49:31,266 INFO pika.adapters.utils.connection_workflow: Pika version 1.4.4 connecting to ('127.0.0.1', 5672)
2026-10-07 09:49:31,266 ERROR pika.adapters.utils.io_services_utils: Socket failed to connect: <socket.socket fd=9, family=2, type=1, proto=6, laddr=('127.0.0.1', 51277)>; error=61 (Connection refused)
2026-10-07 09:49:31,266 ERROR pika.adapters.utils.connection_workflow: TCP Connection attempt failed: ConnectionRefusedError(61, 'Connection refused'); dest=(<AddressFamily.AF_INET: 2>, <SocketKind.SOCK_STREAM: 1>, 6, '', ('127.0.0.1', 5672))
2026-10-07 09:49:31,266 ERROR pika.adapters.utils.connection_workflow: AMQPConnector - reporting failure: AMQPConnectorSocketConnectError: ConnectionRefusedError(61, 'Connection refused')
2026-10-07 09:49:31,266 ERROR pika.adapters.utils.connection_workflow: AMQP connection workflow failed: AMQPConnectionWorkflowFailed: 2 exceptions in all; last exception - AMQPConnectorSocketConnectError: ConnectionRefusedError(61, 'Connection refused'); first exception - AMQPConnectorSocketConnectError: ConnectionRefusedError(61, 'Connection refused').
2026-10-07 09:49:31,266 ERROR pika.adapters.utils.connection_workflow: AMQPConnectionWorkflow - reporting failure: AMQPConnectionWorkflowFailed: 2 exceptions in all; last exception - AMQPConnectorSocketConnectError: ConnectionRefusedError(61, 'Connection refused'); first exception - AMQPConnectorSocketConnectError: ConnectionRefusedError(61, 'Connection refused')
2026-10-07 09:49:31,266 ERROR pika.adapters.blocking_connection: Connection workflow failed: AMQPConnectionWorkflowFailed: 2 exceptions in all; last exception - AMQPConnectorSocketConnectError: ConnectionRefusedError(61, 'Connection refused'); first exception - AMQPConnectorSocketConnectError: ConnectionRefusedError(61, 'Connection refused')
2026-10-07 09:49:31,266 ERROR pika.adapters.blocking_connection: Error in _create_connection().
Traceback (most recent call last):
  File "/Users/jessica/GridWorks/gridworks-alerter/.venv/lib/python3.12/site-packages/pika/adapters/blocking_connection.py", line 478, in _create_connection
    raise self._reap_last_connection_workflow_error(error)
pika.exceptions.AMQPConnectionError
2026-10-07 09:49:31,267 WARNING gwalerter.prober: localhost:5672 failed (9 running): AMQPConnectionError: (AMQPConnectorSocketConnectError: ConnectionRefusedError(61, 'Connection refused'),)
2026-10-07 09:49:31,268 WARNING gwalerter.prober: localhost:1885 failed (9 running): ConnectionRefusedError(61, 'Connection refused')
2026-10-07 09:49:41,277 INFO pika.adapters.utils.connection_workflow: Pika version 1.4.4 connecting to ('::1', 5672, 0, 0)
2026-10-07 09:49:41,278 ERROR pika.adapters.utils.io_services_utils: Socket failed to connect: <socket.socket fd=9, family=30, type=1, proto=6, laddr=('::1', 51316, 0, 0)>; error=61 (Connection refused)
2026-10-07 09:49:41,278 ERROR pika.adapters.utils.connection_workflow: TCP Connection attempt failed: ConnectionRefusedError(61, 'Connection refused'); dest=(<AddressFamily.AF_INET6: 30>, <SocketKind.SOCK_STREAM: 1>, 6, '', ('::1', 5672, 0, 0))
2026-10-07 09:49:41,278 ERROR pika.adapters.utils.connection_workflow: AMQPConnector - reporting failure: AMQPConnectorSocketConnectError: ConnectionRefusedError(61, 'Connection refused')
2026-10-07 09:49:41,278 INFO pika.adapters.utils.connection_workflow: Pika version 1.4.4 connecting to ('127.0.0.1', 5672)
2026-10-07 09:49:41,279 ERROR pika.adapters.utils.io_services_utils: Socket failed to connect: <socket.socket fd=9, family=2, type=1, proto=6, laddr=('127.0.0.1', 51317)>; error=61 (Connection refused)
2026-10-07 09:49:41,279 ERROR pika.adapters.utils.connection_workflow: TCP Connection attempt failed: ConnectionRefusedError(61, 'Connection refused'); dest=(<AddressFamily.AF_INET: 2>, <SocketKind.SOCK_STREAM: 1>, 6, '', ('127.0.0.1', 5672))
2026-10-07 09:49:41,279 ERROR pika.adapters.utils.connection_workflow: AMQPConnector - reporting failure: AMQPConnectorSocketConnectError: ConnectionRefusedError(61, 'Connection refused')
2026-10-07 09:49:41,279 ERROR pika.adapters.utils.connection_workflow: AMQP connection workflow failed: AMQPConnectionWorkflowFailed: 2 exceptions in all; last exception - AMQPConnectorSocketConnectError: ConnectionRefusedError(61, 'Connection refused'); first exception - AMQPConnectorSocketConnectError: ConnectionRefusedError(61, 'Connection refused').
2026-10-07 09:49:41,279 ERROR pika.adapters.utils.connection_workflow: AMQPConnectionWorkflow - reporting failure: AMQPConnectionWorkflowFailed: 2 exceptions in all; last exception - AMQPConnectorSocketConnectError: ConnectionRefusedError(61, 'Connection refused'); first exception - AMQPConnectorSocketConnectError: ConnectionRefusedError(61, 'Connection refused')
2026-10-07 09:49:41,279 ERROR pika.adapters.blocking_connection: Connection workflow failed: AMQPConnectionWorkflowFailed: 2 exceptions in all; last exception - AMQPConnectorSocketConnectError: ConnectionRefusedError(61, 'Connection refused'); first exception - AMQPConnectorSocketConnectError: ConnectionRefusedError(61, 'Connection refused')
2026-10-07 09:49:41,280 ERROR pika.adapters.blocking_connection: Error in _create_connection().
Traceback (most recent call last):
  File "/Users/jessica/GridWorks/gridworks-alerter/.venv/lib/python3.12/site-packages/pika/adapters/blocking_connection.py", line 478, in _create_connection
    raise self._reap_last_connection_workflow_error(error)
pika.exceptions.AMQPConnectionError
2026-10-07 09:49:41,284 WARNING gwalerter.prober: localhost:5672 failed (10 running): AMQPConnectionError: (AMQPConnectorSocketConnectError: ConnectionRefusedError(61, 'Connection refused'),)
2026-10-07 09:49:41,288 WARNING gwalerter.prober: localhost:1885 failed (10 running): ConnectionRefusedError(61, 'Connection refused')
2026-10-07 09:49:51,295 INFO pika.adapters.utils.connection_workflow: Pika version 1.4.4 connecting to ('::1', 5672, 0, 0)
2026-10-07 09:49:51,295 ERROR pika.adapters.utils.io_services_utils: Socket failed to connect: <socket.socket fd=9, family=30, type=1, proto=6, laddr=('::1', 51354, 0, 0)>; error=61 (Connection refused)
2026-10-07 09:49:51,296 ERROR pika.adapters.utils.connection_workflow: TCP Connection attempt failed: ConnectionRefusedError(61, 'Connection refused'); dest=(<AddressFamily.AF_INET6: 30>, <SocketKind.SOCK_STREAM: 1>, 6, '', ('::1', 5672, 0, 0))
2026-10-07 09:49:51,296 ERROR pika.adapters.utils.connection_workflow: AMQPConnector - reporting failure: AMQPConnectorSocketConnectError: ConnectionRefusedError(61, 'Connection refused')
2026-10-07 09:49:51,296 INFO pika.adapters.utils.connection_workflow: Pika version 1.4.4 connecting to ('127.0.0.1', 5672)
2026-10-07 09:49:51,296 ERROR pika.adapters.utils.io_services_utils: Socket failed to connect: <socket.socket fd=9, family=2, type=1, proto=6, laddr=('127.0.0.1', 51355)>; error=61 (Connection refused)
2026-10-07 09:49:51,297 ERROR pika.adapters.utils.connection_workflow: TCP Connection attempt failed: ConnectionRefusedError(61, 'Connection refused'); dest=(<AddressFamily.AF_INET: 2>, <SocketKind.SOCK_STREAM: 1>, 6, '', ('127.0.0.1', 5672))
2026-10-07 09:49:51,297 ERROR pika.adapters.utils.connection_workflow: AMQPConnector - reporting failure: AMQPConnectorSocketConnectError: ConnectionRefusedError(61, 'Connection refused')
2026-10-07 09:49:51,297 ERROR pika.adapters.utils.connection_workflow: AMQP connection workflow failed: AMQPConnectionWorkflowFailed: 2 exceptions in all; last exception - AMQPConnectorSocketConnectError: ConnectionRefusedError(61, 'Connection refused'); first exception - AMQPConnectorSocketConnectError: ConnectionRefusedError(61, 'Connection refused').
2026-10-07 09:49:51,297 ERROR pika.adapters.utils.connection_workflow: AMQPConnectionWorkflow - reporting failure: AMQPConnectionWorkflowFailed: 2 exceptions in all; last exception - AMQPConnectorSocketConnectError: ConnectionRefusedError(61, 'Connection refused'); first exception - AMQPConnectorSocketConnectError: ConnectionRefusedError(61, 'Connection refused')
2026-10-07 09:49:51,297 ERROR pika.adapters.blocking_connection: Connection workflow failed: AMQPConnectionWorkflowFailed: 2 exceptions in all; last exception - AMQPConnectorSocketConnectError: ConnectionRefusedError(61, 'Connection refused'); first exception - AMQPConnectorSocketConnectError: ConnectionRefusedError(61, 'Connection refused')
2026-10-07 09:49:51,297 ERROR pika.adapters.blocking_connection: Error in _create_connection().
Traceback (most recent call last):
  File "/Users/jessica/GridWorks/gridworks-alerter/.venv/lib/python3.12/site-packages/pika/adapters/blocking_connection.py", line 478, in _create_connection
    raise self._reap_last_connection_workflow_error(error)
pika.exceptions.AMQPConnectionError
2026-10-07 09:49:51,300 WARNING gwalerter.prober: localhost:5672 failed (11 running): AMQPConnectionError: (AMQPConnectorSocketConnectError: ConnectionRefusedError(61, 'Connection refused'),)
2026-10-07 09:49:51,303 WARNING gwalerter.prober: localhost:1885 failed (11 running): ConnectionRefusedError(61, 'Connection refused')
2026-10-07 09:50:01,309 INFO pika.adapters.utils.connection_workflow: Pika version 1.4.4 connecting to ('::1', 5672, 0, 0)
2026-10-07 09:50:01,309 ERROR pika.adapters.utils.io_services_utils: Socket failed to connect: <socket.socket fd=9, family=30, type=1, proto=6, laddr=('::1', 51384, 0, 0)>; error=61 (Connection refused)
2026-10-07 09:50:01,310 ERROR pika.adapters.utils.connection_workflow: TCP Connection attempt failed: ConnectionRefusedError(61, 'Connection refused'); dest=(<AddressFamily.AF_INET6: 30>, <SocketKind.SOCK_STREAM: 1>, 6, '', ('::1', 5672, 0, 0))
2026-10-07 09:50:01,310 ERROR pika.adapters.utils.connection_workflow: AMQPConnector - reporting failure: AMQPConnectorSocketConnectError: ConnectionRefusedError(61, 'Connection refused')
2026-10-07 09:50:01,310 INFO pika.adapters.utils.connection_workflow: Pika version 1.4.4 connecting to ('127.0.0.1', 5672)
2026-10-07 09:50:01,310 ERROR pika.adapters.utils.io_services_utils: Socket failed to connect: <socket.socket fd=9, family=2, type=1, proto=6, laddr=('127.0.0.1', 51385)>; error=61 (Connection refused)
2026-10-07 09:50:01,310 ERROR pika.adapters.utils.connection_workflow: TCP Connection attempt failed: ConnectionRefusedError(61, 'Connection refused'); dest=(<AddressFamily.AF_INET: 2>, <SocketKind.SOCK_STREAM: 1>, 6, '', ('127.0.0.1', 5672))
2026-10-07 09:50:01,310 ERROR pika.adapters.utils.connection_workflow: AMQPConnector - reporting failure: AMQPConnectorSocketConnectError: ConnectionRefusedError(61, 'Connection refused')
2026-10-07 09:50:01,310 ERROR pika.adapters.utils.connection_workflow: AMQP connection workflow failed: AMQPConnectionWorkflowFailed: 2 exceptions in all; last exception - AMQPConnectorSocketConnectError: ConnectionRefusedError(61, 'Connection refused'); first exception - AMQPConnectorSocketConnectError: ConnectionRefusedError(61, 'Connection refused').
2026-10-07 09:50:01,310 ERROR pika.adapters.utils.connection_workflow: AMQPConnectionWorkflow - reporting failure: AMQPConnectionWorkflowFailed: 2 exceptions in all; last exception - AMQPConnectorSocketConnectError: ConnectionRefusedError(61, 'Connection refused'); first exception - AMQPConnectorSocketConnectError: ConnectionRefusedError(61, 'Connection refused')
2026-10-07 09:50:01,310 ERROR pika.adapters.blocking_connection: Connection workflow failed: AMQPConnectionWorkflowFailed: 2 exceptions in all; last exception - AMQPConnectorSocketConnectError: ConnectionRefusedError(61, 'Connection refused'); first exception - AMQPConnectorSocketConnectError: ConnectionRefusedError(61, 'Connection refused')
2026-10-07 09:50:01,310 ERROR pika.adapters.blocking_connection: Error in _create_connection().
Traceback (most recent call last):
  File "/Users/jessica/GridWorks/gridworks-alerter/.venv/lib/python3.12/site-packages/pika/adapters/blocking_connection.py", line 478, in _create_connection
    raise self._reap_last_connection_workflow_error(error)
pika.exceptions.AMQPConnectionError
2026-10-07 09:50:01,312 WARNING gwalerter.prober: localhost:5672 failed (12 running): AMQPConnectionError: (AMQPConnectorSocketConnectError: ConnectionRefusedError(61, 'Connection refused'),)
2026-10-07 09:50:01,313 WARNING gwalerter.prober: localhost:1885 failed (12 running): ConnectionRefusedError(61, 'Connection refused')
2026-10-07 09:50:11,319 INFO pika.adapters.utils.connection_workflow: Pika version 1.4.4 connecting to ('::1', 5672, 0, 0)
2026-10-07 09:50:11,319 ERROR pika.adapters.utils.io_services_utils: Socket failed to connect: <socket.socket fd=9, family=30, type=1, proto=6, laddr=('::1', 51424, 0, 0)>; error=61 (Connection refused)
2026-10-07 09:50:11,319 ERROR pika.adapters.utils.connection_workflow: TCP Connection attempt failed: ConnectionRefusedError(61, 'Connection refused'); dest=(<AddressFamily.AF_INET6: 30>, <SocketKind.SOCK_STREAM: 1>, 6, '', ('::1', 5672, 0, 0))
2026-10-07 09:50:11,319 ERROR pika.adapters.utils.connection_workflow: AMQPConnector - reporting failure: AMQPConnectorSocketConnectError: ConnectionRefusedError(61, 'Connection refused')
2026-10-07 09:50:11,319 INFO pika.adapters.utils.connection_workflow: Pika version 1.4.4 connecting to ('127.0.0.1', 5672)
2026-10-07 09:50:11,319 ERROR pika.adapters.utils.io_services_utils: Socket failed to connect: <socket.socket fd=9, family=2, type=1, proto=6, laddr=('127.0.0.1', 51425)>; error=61 (Connection refused)
2026-10-07 09:50:11,319 ERROR pika.adapters.utils.connection_workflow: TCP Connection attempt failed: ConnectionRefusedError(61, 'Connection refused'); dest=(<AddressFamily.AF_INET: 2>, <SocketKind.SOCK_STREAM: 1>, 6, '', ('127.0.0.1', 5672))
2026-10-07 09:50:11,319 ERROR pika.adapters.utils.connection_workflow: AMQPConnector - reporting failure: AMQPConnectorSocketConnectError: ConnectionRefusedError(61, 'Connection refused')
2026-10-07 09:50:11,319 ERROR pika.adapters.utils.connection_workflow: AMQP connection workflow failed: AMQPConnectionWorkflowFailed: 2 exceptions in all; last exception - AMQPConnectorSocketConnectError: ConnectionRefusedError(61, 'Connection refused'); first exception - AMQPConnectorSocketConnectError: ConnectionRefusedError(61, 'Connection refused').
2026-10-07 09:50:11,319 ERROR pika.adapters.utils.connection_workflow: AMQPConnectionWorkflow - reporting failure: AMQPConnectionWorkflowFailed: 2 exceptions in all; last exception - AMQPConnectorSocketConnectError: ConnectionRefusedError(61, 'Connection refused'); first exception - AMQPConnectorSocketConnectError: ConnectionRefusedError(61, 'Connection refused')
2026-10-07 09:50:11,319 ERROR pika.adapters.blocking_connection: Connection workflow failed: AMQPConnectionWorkflowFailed: 2 exceptions in all; last exception - AMQPConnectorSocketConnectError: ConnectionRefusedError(61, 'Connection refused'); first exception - AMQPConnectorSocketConnectError: ConnectionRefusedError(61, 'Connection refused')
2026-10-07 09:50:11,319 ERROR pika.adapters.blocking_connection: Error in _create_connection().
Traceback (most recent call last):
  File "/Users/jessica/GridWorks/gridworks-alerter/.venv/lib/python3.12/site-packages/pika/adapters/blocking_connection.py", line 478, in _create_connection
    raise self._reap_last_connection_workflow_error(error)
pika.exceptions.AMQPConnectionError
2026-10-07 09:50:11,321 WARNING gwalerter.prober: localhost:5672 failed (13 running): AMQPConnectionError: (AMQPConnectorSocketConnectError: ConnectionRefusedError(61, 'Connection refused'),)
2026-10-07 09:50:11,322 WARNING gwalerter.prober: localhost:1885 failed (13 running): ConnectionRefusedError(61, 'Connection refused')
2026-10-07 09:50:21,331 INFO pika.adapters.utils.connection_workflow: Pika version 1.4.4 connecting to ('::1', 5672, 0, 0)
2026-10-07 09:50:21,332 ERROR pika.adapters.utils.io_services_utils: Socket failed to connect: <socket.socket fd=9, family=30, type=1, proto=6, laddr=('::1', 51464, 0, 0)>; error=61 (Connection refused)
2026-10-07 09:50:21,332 ERROR pika.adapters.utils.connection_workflow: TCP Connection attempt failed: ConnectionRefusedError(61, 'Connection refused'); dest=(<AddressFamily.AF_INET6: 30>, <SocketKind.SOCK_STREAM: 1>, 6, '', ('::1', 5672, 0, 0))
2026-10-07 09:50:21,332 ERROR pika.adapters.utils.connection_workflow: AMQPConnector - reporting failure: AMQPConnectorSocketConnectError: ConnectionRefusedError(61, 'Connection refused')
2026-10-07 09:50:21,332 INFO pika.adapters.utils.connection_workflow: Pika version 1.4.4 connecting to ('127.0.0.1', 5672)
2026-10-07 09:50:21,332 ERROR pika.adapters.utils.io_services_utils: Socket failed to connect: <socket.socket fd=9, family=2, type=1, proto=6, laddr=('127.0.0.1', 51465)>; error=61 (Connection refused)
2026-10-07 09:50:21,333 ERROR pika.adapters.utils.connection_workflow: TCP Connection attempt failed: ConnectionRefusedError(61, 'Connection refused'); dest=(<AddressFamily.AF_INET: 2>, <SocketKind.SOCK_STREAM: 1>, 6, '', ('127.0.0.1', 5672))
2026-10-07 09:50:21,333 ERROR pika.adapters.utils.connection_workflow: AMQPConnector - reporting failure: AMQPConnectorSocketConnectError: ConnectionRefusedError(61, 'Connection refused')
2026-10-07 09:50:21,333 ERROR pika.adapters.utils.connection_workflow: AMQP connection workflow failed: AMQPConnectionWorkflowFailed: 2 exceptions in all; last exception - AMQPConnectorSocketConnectError: ConnectionRefusedError(61, 'Connection refused'); first exception - AMQPConnectorSocketConnectError: ConnectionRefusedError(61, 'Connection refused').
2026-10-07 09:50:21,333 ERROR pika.adapters.utils.connection_workflow: AMQPConnectionWorkflow - reporting failure: AMQPConnectionWorkflowFailed: 2 exceptions in all; last exception - AMQPConnectorSocketConnectError: ConnectionRefusedError(61, 'Connection refused'); first exception - AMQPConnectorSocketConnectError: ConnectionRefusedError(61, 'Connection refused')
2026-10-07 09:50:21,333 ERROR pika.adapters.blocking_connection: Connection workflow failed: AMQPConnectionWorkflowFailed: 2 exceptions in all; last exception - AMQPConnectorSocketConnectError: ConnectionRefusedError(61, 'Connection refused'); first exception - AMQPConnectorSocketConnectError: ConnectionRefusedError(61, 'Connection refused')
2026-10-07 09:50:21,333 ERROR pika.adapters.blocking_connection: Error in _create_connection().
Traceback (most recent call last):
  File "/Users/jessica/GridWorks/gridworks-alerter/.venv/lib/python3.12/site-packages/pika/adapters/blocking_connection.py", line 478, in _create_connection
    raise self._reap_last_connection_workflow_error(error)
pika.exceptions.AMQPConnectionError
2026-10-07 09:50:21,337 WARNING gwalerter.prober: localhost:5672 failed (14 running): AMQPConnectionError: (AMQPConnectorSocketConnectError: ConnectionRefusedError(61, 'Connection refused'),)
2026-10-07 09:50:21,340 WARNING gwalerter.prober: localhost:1885 failed (14 running): ConnectionRefusedError(61, 'Connection refused')
2026-10-07 09:50:31,348 INFO pika.adapters.utils.connection_workflow: Pika version 1.4.4 connecting to ('::1', 5672, 0, 0)
2026-10-07 09:50:31,349 ERROR pika.adapters.utils.io_services_utils: Socket failed to connect: <socket.socket fd=9, family=30, type=1, proto=6, laddr=('::1', 51494, 0, 0)>; error=61 (Connection refused)
2026-10-07 09:50:31,349 ERROR pika.adapters.utils.connection_workflow: TCP Connection attempt failed: ConnectionRefusedError(61, 'Connection refused'); dest=(<AddressFamily.AF_INET6: 30>, <SocketKind.SOCK_STREAM: 1>, 6, '', ('::1', 5672, 0, 0))
2026-10-07 09:50:31,349 ERROR pika.adapters.utils.connection_workflow: AMQPConnector - reporting failure: AMQPConnectorSocketConnectError: ConnectionRefusedError(61, 'Connection refused')
2026-10-07 09:50:31,349 INFO pika.adapters.utils.connection_workflow: Pika version 1.4.4 connecting to ('127.0.0.1', 5672)
2026-10-07 09:50:31,349 ERROR pika.adapters.utils.io_services_utils: Socket failed to connect: <socket.socket fd=9, family=2, type=1, proto=6, laddr=('127.0.0.1', 51495)>; error=61 (Connection refused)
2026-10-07 09:50:31,349 ERROR pika.adapters.utils.connection_workflow: TCP Connection attempt failed: ConnectionRefusedError(61, 'Connection refused'); dest=(<AddressFamily.AF_INET: 2>, <SocketKind.SOCK_STREAM: 1>, 6, '', ('127.0.0.1', 5672))
2026-10-07 09:50:31,349 ERROR pika.adapters.utils.connection_workflow: AMQPConnector - reporting failure: AMQPConnectorSocketConnectError: ConnectionRefusedError(61, 'Connection refused')
2026-10-07 09:50:31,349 ERROR pika.adapters.utils.connection_workflow: AMQP connection workflow failed: AMQPConnectionWorkflowFailed: 2 exceptions in all; last exception - AMQPConnectorSocketConnectError: ConnectionRefusedError(61, 'Connection refused'); first exception - AMQPConnectorSocketConnectError: ConnectionRefusedError(61, 'Connection refused').
2026-10-07 09:50:31,349 ERROR pika.adapters.utils.connection_workflow: AMQPConnectionWorkflow - reporting failure: AMQPConnectionWorkflowFailed: 2 exceptions in all; last exception - AMQPConnectorSocketConnectError: ConnectionRefusedError(61, 'Connection refused'); first exception - AMQPConnectorSocketConnectError: ConnectionRefusedError(61, 'Connection refused')
2026-10-07 09:50:31,349 ERROR pika.adapters.blocking_connection: Connection workflow failed: AMQPConnectionWorkflowFailed: 2 exceptions in all; last exception - AMQPConnectorSocketConnectError: ConnectionRefusedError(61, 'Connection refused'); first exception - AMQPConnectorSocketConnectError: ConnectionRefusedError(61, 'Connection refused')
2026-10-07 09:50:31,349 ERROR pika.adapters.blocking_connection: Error in _create_connection().
Traceback (most recent call last):
  File "/Users/jessica/GridWorks/gridworks-alerter/.venv/lib/python3.12/site-packages/pika/adapters/blocking_connection.py", line 478, in _create_connection
    raise self._reap_last_connection_workflow_error(error)
pika.exceptions.AMQPConnectionError
2026-10-07 09:50:31,351 WARNING gwalerter.prober: localhost:5672 failed (15 running): AMQPConnectionError: (AMQPConnectorSocketConnectError: ConnectionRefusedError(61, 'Connection refused'),)
2026-10-07 09:50:31,353 WARNING gwalerter.prober: localhost:1885 failed (15 running): ConnectionRefusedError(61, 'Connection refused')
2026-10-07 09:50:41,356 INFO pika.adapters.utils.connection_workflow: Pika version 1.4.4 connecting to ('::1', 5672, 0, 0)
2026-10-07 09:50:41,356 ERROR pika.adapters.utils.io_services_utils: Socket failed to connect: <socket.socket fd=9, family=30, type=1, proto=6, laddr=('::1', 51536, 0, 0)>; error=61 (Connection refused)
2026-10-07 09:50:41,356 ERROR pika.adapters.utils.connection_workflow: TCP Connection attempt failed: ConnectionRefusedError(61, 'Connection refused'); dest=(<AddressFamily.AF_INET6: 30>, <SocketKind.SOCK_STREAM: 1>, 6, '', ('::1', 5672, 0, 0))
2026-10-07 09:50:41,356 ERROR pika.adapters.utils.connection_workflow: AMQPConnector - reporting failure: AMQPConnectorSocketConnectError: ConnectionRefusedError(61, 'Connection refused')
2026-10-07 09:50:41,356 INFO pika.adapters.utils.connection_workflow: Pika version 1.4.4 connecting to ('127.0.0.1', 5672)
2026-10-07 09:50:41,356 ERROR pika.adapters.utils.io_services_utils: Socket failed to connect: <socket.socket fd=9, family=2, type=1, proto=6, laddr=('127.0.0.1', 51537)>; error=61 (Connection refused)
2026-10-07 09:50:41,357 ERROR pika.adapters.utils.connection_workflow: TCP Connection attempt failed: ConnectionRefusedError(61, 'Connection refused'); dest=(<AddressFamily.AF_INET: 2>, <SocketKind.SOCK_STREAM: 1>, 6, '', ('127.0.0.1', 5672))
2026-10-07 09:50:41,357 ERROR pika.adapters.utils.connection_workflow: AMQPConnector - reporting failure: AMQPConnectorSocketConnectError: ConnectionRefusedError(61, 'Connection refused')
2026-10-07 09:50:41,357 ERROR pika.adapters.utils.connection_workflow: AMQP connection workflow failed: AMQPConnectionWorkflowFailed: 2 exceptions in all; last exception - AMQPConnectorSocketConnectError: ConnectionRefusedError(61, 'Connection refused'); first exception - AMQPConnectorSocketConnectError: ConnectionRefusedError(61, 'Connection refused').
2026-10-07 09:50:41,357 ERROR pika.adapters.utils.connection_workflow: AMQPConnectionWorkflow - reporting failure: AMQPConnectionWorkflowFailed: 2 exceptions in all; last exception - AMQPConnectorSocketConnectError: ConnectionRefusedError(61, 'Connection refused'); first exception - AMQPConnectorSocketConnectError: ConnectionRefusedError(61, 'Connection refused')
2026-10-07 09:50:41,357 ERROR pika.adapters.blocking_connection: Connection workflow failed: AMQPConnectionWorkflowFailed: 2 exceptions in all; last exception - AMQPConnectorSocketConnectError: ConnectionRefusedError(61, 'Connection refused'); first exception - AMQPConnectorSocketConnectError: ConnectionRefusedError(61, 'Connection refused')
2026-10-07 09:50:41,357 ERROR pika.adapters.blocking_connection: Error in _create_connection().
Traceback (most recent call last):
  File "/Users/jessica/GridWorks/gridworks-alerter/.venv/lib/python3.12/site-packages/pika/adapters/blocking_connection.py", line 478, in _create_connection
    raise self._reap_last_connection_workflow_error(error)
pika.exceptions.AMQPConnectionError
2026-10-07 09:50:41,357 WARNING gwalerter.prober: localhost:5672 failed (16 running): AMQPConnectionError: (AMQPConnectorSocketConnectError: ConnectionRefusedError(61, 'Connection refused'),)
2026-10-07 09:50:41,358 WARNING gwalerter.prober: localhost:1885 failed (16 running): ConnectionRefusedError(61, 'Connection refused')
2026-10-07 09:50:51,362 INFO pika.adapters.utils.connection_workflow: Pika version 1.4.4 connecting to ('::1', 5672, 0, 0)
2026-10-07 09:50:51,363 ERROR pika.adapters.utils.io_services_utils: Socket failed to connect: <socket.socket fd=9, family=30, type=1, proto=6, laddr=('::1', 51569, 0, 0)>; error=61 (Connection refused)
2026-10-07 09:50:51,363 ERROR pika.adapters.utils.connection_workflow: TCP Connection attempt failed: ConnectionRefusedError(61, 'Connection refused'); dest=(<AddressFamily.AF_INET6: 30>, <SocketKind.SOCK_STREAM: 1>, 6, '', ('::1', 5672, 0, 0))
2026-10-07 09:50:51,363 ERROR pika.adapters.utils.connection_workflow: AMQPConnector - reporting failure: AMQPConnectorSocketConnectError: ConnectionRefusedError(61, 'Connection refused')
2026-10-07 09:50:51,363 INFO pika.adapters.utils.connection_workflow: Pika version 1.4.4 connecting to ('127.0.0.1', 5672)
2026-10-07 09:50:51,363 ERROR pika.adapters.utils.io_services_utils: Socket failed to connect: <socket.socket fd=9, family=2, type=1, proto=6, laddr=('127.0.0.1', 51570)>; error=61 (Connection refused)
2026-10-07 09:50:51,363 ERROR pika.adapters.utils.connection_workflow: TCP Connection attempt failed: ConnectionRefusedError(61, 'Connection refused'); dest=(<AddressFamily.AF_INET: 2>, <SocketKind.SOCK_STREAM: 1>, 6, '', ('127.0.0.1', 5672))
2026-10-07 09:50:51,363 ERROR pika.adapters.utils.connection_workflow: AMQPConnector - reporting failure: AMQPConnectorSocketConnectError: ConnectionRefusedError(61, 'Connection refused')
2026-10-07 09:50:51,363 ERROR pika.adapters.utils.connection_workflow: AMQP connection workflow failed: AMQPConnectionWorkflowFailed: 2 exceptions in all; last exception - AMQPConnectorSocketConnectError: ConnectionRefusedError(61, 'Connection refused'); first exception - AMQPConnectorSocketConnectError: ConnectionRefusedError(61, 'Connection refused').
2026-10-07 09:50:51,363 ERROR pika.adapters.utils.connection_workflow: AMQPConnectionWorkflow - reporting failure: AMQPConnectionWorkflowFailed: 2 exceptions in all; last exception - AMQPConnectorSocketConnectError: ConnectionRefusedError(61, 'Connection refused'); first exception - AMQPConnectorSocketConnectError: ConnectionRefusedError(61, 'Connection refused')
2026-10-07 09:50:51,363 ERROR pika.adapters.blocking_connection: Connection workflow failed: AMQPConnectionWorkflowFailed: 2 exceptions in all; last exception - AMQPConnectorSocketConnectError: ConnectionRefusedError(61, 'Connection refused'); first exception - AMQPConnectorSocketConnectError: ConnectionRefusedError(61, 'Connection refused')
2026-10-07 09:50:51,364 ERROR pika.adapters.blocking_connection: Error in _create_connection().
Traceback (most recent call last):
  File "/Users/jessica/GridWorks/gridworks-alerter/.venv/lib/python3.12/site-packages/pika/adapters/blocking_connection.py", line 478, in _create_connection
    raise self._reap_last_connection_workflow_error(error)
pika.exceptions.AMQPConnectionError
2026-10-07 09:50:51,366 WARNING gwalerter.prober: localhost:5672 failed (17 running): AMQPConnectionError: (AMQPConnectorSocketConnectError: ConnectionRefusedError(61, 'Connection refused'),)
2026-10-07 09:50:51,367 WARNING gwalerter.prober: localhost:1885 failed (17 running): ConnectionRefusedError(61, 'Connection refused')
2026-10-07 09:51:01,376 INFO pika.adapters.utils.connection_workflow: Pika version 1.4.4 connecting to ('::1', 5672, 0, 0)
2026-10-07 09:51:01,377 ERROR pika.adapters.utils.io_services_utils: Socket failed to connect: <socket.socket fd=9, family=30, type=1, proto=6, laddr=('::1', 51607, 0, 0)>; error=61 (Connection refused)
2026-10-07 09:51:01,377 ERROR pika.adapters.utils.connection_workflow: TCP Connection attempt failed: ConnectionRefusedError(61, 'Connection refused'); dest=(<AddressFamily.AF_INET6: 30>, <SocketKind.SOCK_STREAM: 1>, 6, '', ('::1', 5672, 0, 0))
2026-10-07 09:51:01,377 ERROR pika.adapters.utils.connection_workflow: AMQPConnector - reporting failure: AMQPConnectorSocketConnectError: ConnectionRefusedError(61, 'Connection refused')
2026-10-07 09:51:01,378 INFO pika.adapters.utils.connection_workflow: Pika version 1.4.4 connecting to ('127.0.0.1', 5672)
2026-10-07 09:51:01,378 ERROR pika.adapters.utils.io_services_utils: Socket failed to connect: <socket.socket fd=9, family=2, type=1, proto=6, laddr=('127.0.0.1', 51608)>; error=61 (Connection refused)
2026-10-07 09:51:01,378 ERROR pika.adapters.utils.connection_workflow: TCP Connection attempt failed: ConnectionRefusedError(61, 'Connection refused'); dest=(<AddressFamily.AF_INET: 2>, <SocketKind.SOCK_STREAM: 1>, 6, '', ('127.0.0.1', 5672))
2026-10-07 09:51:01,378 ERROR pika.adapters.utils.connection_workflow: AMQPConnector - reporting failure: AMQPConnectorSocketConnectError: ConnectionRefusedError(61, 'Connection refused')
2026-10-07 09:51:01,378 ERROR pika.adapters.utils.connection_workflow: AMQP connection workflow failed: AMQPConnectionWorkflowFailed: 2 exceptions in all; last exception - AMQPConnectorSocketConnectError: ConnectionRefusedError(61, 'Connection refused'); first exception - AMQPConnectorSocketConnectError: ConnectionRefusedError(61, 'Connection refused').
2026-10-07 09:51:01,378 ERROR pika.adapters.utils.connection_workflow: AMQPConnectionWorkflow - reporting failure: AMQPConnectionWorkflowFailed: 2 exceptions in all; last exception - AMQPConnectorSocketConnectError: ConnectionRefusedError(61, 'Connection refused'); first exception - AMQPConnectorSocketConnectError: ConnectionRefusedError(61, 'Connection refused')
2026-10-07 09:51:01,378 ERROR pika.adapters.blocking_connection: Connection workflow failed: AMQPConnectionWorkflowFailed: 2 exceptions in all; last exception - AMQPConnectorSocketConnectError: ConnectionRefusedError(61, 'Connection refused'); first exception - AMQPConnectorSocketConnectError: ConnectionRefusedError(61, 'Connection refused')
2026-10-07 09:51:01,378 ERROR pika.adapters.blocking_connection: Error in _create_connection().
Traceback (most recent call last):
  File "/Users/jessica/GridWorks/gridworks-alerter/.venv/lib/python3.12/site-packages/pika/adapters/blocking_connection.py", line 478, in _create_connection
    raise self._reap_last_connection_workflow_error(error)
pika.exceptions.AMQPConnectionError
2026-10-07 09:51:01,381 WARNING gwalerter.prober: localhost:5672 failed (18 running): AMQPConnectionError: (AMQPConnectorSocketConnectError: ConnectionRefusedError(61, 'Connection refused'),)
2026-10-07 09:51:01,383 WARNING gwalerter.prober: localhost:1885 failed (18 running): ConnectionRefusedError(61, 'Connection refused')
2026-10-07 09:51:11,391 INFO pika.adapters.utils.connection_workflow: Pika version 1.4.4 connecting to ('::1', 5672, 0, 0)
2026-10-07 09:51:11,391 ERROR pika.adapters.utils.io_services_utils: Socket failed to connect: <socket.socket fd=9, family=30, type=1, proto=6, laddr=('::1', 51637, 0, 0)>; error=61 (Connection refused)
2026-10-07 09:51:11,391 ERROR pika.adapters.utils.connection_workflow: TCP Connection attempt failed: ConnectionRefusedError(61, 'Connection refused'); dest=(<AddressFamily.AF_INET6: 30>, <SocketKind.SOCK_STREAM: 1>, 6, '', ('::1', 5672, 0, 0))
2026-10-07 09:51:11,391 ERROR pika.adapters.utils.connection_workflow: AMQPConnector - reporting failure: AMQPConnectorSocketConnectError: ConnectionRefusedError(61, 'Connection refused')
2026-10-07 09:51:11,391 INFO pika.adapters.utils.connection_workflow: Pika version 1.4.4 connecting to ('127.0.0.1', 5672)
2026-10-07 09:51:11,392 ERROR pika.adapters.utils.io_services_utils: Socket failed to connect: <socket.socket fd=9, family=2, type=1, proto=6, laddr=('127.0.0.1', 51638)>; error=61 (Connection refused)
2026-10-07 09:51:11,392 ERROR pika.adapters.utils.connection_workflow: TCP Connection attempt failed: ConnectionRefusedError(61, 'Connection refused'); dest=(<AddressFamily.AF_INET: 2>, <SocketKind.SOCK_STREAM: 1>, 6, '', ('127.0.0.1', 5672))
2026-10-07 09:51:11,392 ERROR pika.adapters.utils.connection_workflow: AMQPConnector - reporting failure: AMQPConnectorSocketConnectError: ConnectionRefusedError(61, 'Connection refused')
2026-10-07 09:51:11,392 ERROR pika.adapters.utils.connection_workflow: AMQP connection workflow failed: AMQPConnectionWorkflowFailed: 2 exceptions in all; last exception - AMQPConnectorSocketConnectError: ConnectionRefusedError(61, 'Connection refused'); first exception - AMQPConnectorSocketConnectError: ConnectionRefusedError(61, 'Connection refused').
2026-10-07 09:51:11,392 ERROR pika.adapters.utils.connection_workflow: AMQPConnectionWorkflow - reporting failure: AMQPConnectionWorkflowFailed: 2 exceptions in all; last exception - AMQPConnectorSocketConnectError: ConnectionRefusedError(61, 'Connection refused'); first exception - AMQPConnectorSocketConnectError: ConnectionRefusedError(61, 'Connection refused')
2026-10-07 09:51:11,392 ERROR pika.adapters.blocking_connection: Connection workflow failed: AMQPConnectionWorkflowFailed: 2 exceptions in all; last exception - AMQPConnectorSocketConnectError: ConnectionRefusedError(61, 'Connection refused'); first exception - AMQPConnectorSocketConnectError: ConnectionRefusedError(61, 'Connection refused')
2026-10-07 09:51:11,392 ERROR pika.adapters.blocking_connection: Error in _create_connection().
Traceback (most recent call last):
  File "/Users/jessica/GridWorks/gridworks-alerter/.venv/lib/python3.12/site-packages/pika/adapters/blocking_connection.py", line 478, in _create_connection
    raise self._reap_last_connection_workflow_error(error)
pika.exceptions.AMQPConnectionError
2026-10-07 09:51:11,394 WARNING gwalerter.prober: localhost:5672 failed (19 running): AMQPConnectionError: (AMQPConnectorSocketConnectError: ConnectionRefusedError(61, 'Connection refused'),)
2026-10-07 09:51:11,395 WARNING gwalerter.prober: localhost:1885 failed (19 running): ConnectionRefusedError(61, 'Connection refused')
2026-10-07 09:51:21,399 INFO pika.adapters.utils.connection_workflow: Pika version 1.4.4 connecting to ('::1', 5672, 0, 0)
2026-10-07 09:51:21,399 ERROR pika.adapters.utils.io_services_utils: Socket failed to connect: <socket.socket fd=9, family=30, type=1, proto=6, laddr=('::1', 51679, 0, 0)>; error=61 (Connection refused)
2026-10-07 09:51:21,400 ERROR pika.adapters.utils.connection_workflow: TCP Connection attempt failed: ConnectionRefusedError(61, 'Connection refused'); dest=(<AddressFamily.AF_INET6: 30>, <SocketKind.SOCK_STREAM: 1>, 6, '', ('::1', 5672, 0, 0))
2026-10-07 09:51:21,400 ERROR pika.adapters.utils.connection_workflow: AMQPConnector - reporting failure: AMQPConnectorSocketConnectError: ConnectionRefusedError(61, 'Connection refused')
2026-10-07 09:51:21,400 INFO pika.adapters.utils.connection_workflow: Pika version 1.4.4 connecting to ('127.0.0.1', 5672)
2026-10-07 09:51:21,400 ERROR pika.adapters.utils.io_services_utils: Socket failed to connect: <socket.socket fd=9, family=2, type=1, proto=6, laddr=('127.0.0.1', 51680)>; error=61 (Connection refused)
2026-10-07 09:51:21,400 ERROR pika.adapters.utils.connection_workflow: TCP Connection attempt failed: ConnectionRefusedError(61, 'Connection refused'); dest=(<AddressFamily.AF_INET: 2>, <SocketKind.SOCK_STREAM: 1>, 6, '', ('127.0.0.1', 5672))
2026-10-07 09:51:21,400 ERROR pika.adapters.utils.connection_workflow: AMQPConnector - reporting failure: AMQPConnectorSocketConnectError: ConnectionRefusedError(61, 'Connection refused')
2026-10-07 09:51:21,400 ERROR pika.adapters.utils.connection_workflow: AMQP connection workflow failed: AMQPConnectionWorkflowFailed: 2 exceptions in all; last exception - AMQPConnectorSocketConnectError: ConnectionRefusedError(61, 'Connection refused'); first exception - AMQPConnectorSocketConnectError: ConnectionRefusedError(61, 'Connection refused').
2026-10-07 09:51:21,400 ERROR pika.adapters.utils.connection_workflow: AMQPConnectionWorkflow - reporting failure: AMQPConnectionWorkflowFailed: 2 exceptions in all; last exception - AMQPConnectorSocketConnectError: ConnectionRefusedError(61, 'Connection refused'); first exception - AMQPConnectorSocketConnectError: ConnectionRefusedError(61, 'Connection refused')
2026-10-07 09:51:21,400 ERROR pika.adapters.blocking_connection: Connection workflow failed: AMQPConnectionWorkflowFailed: 2 exceptions in all; last exception - AMQPConnectorSocketConnectError: ConnectionRefusedError(61, 'Connection refused'); first exception - AMQPConnectorSocketConnectError: ConnectionRefusedError(61, 'Connection refused')
2026-10-07 09:51:21,400 ERROR pika.adapters.blocking_connection: Error in _create_connection().
Traceback (most recent call last):
  File "/Users/jessica/GridWorks/gridworks-alerter/.venv/lib/python3.12/site-packages/pika/adapters/blocking_connection.py", line 478, in _create_connection
    raise self._reap_last_connection_workflow_error(error)
pika.exceptions.AMQPConnectionError
2026-10-07 09:51:21,402 WARNING gwalerter.prober: localhost:5672 failed (20 running): AMQPConnectionError: (AMQPConnectorSocketConnectError: ConnectionRefusedError(61, 'Connection refused'),)
2026-10-07 09:51:21,403 WARNING gwalerter.prober: localhost:1885 failed (20 running): ConnectionRefusedError(61, 'Connection refused')
2026-10-07 09:51:31,408 INFO pika.adapters.utils.connection_workflow: Pika version 1.4.4 connecting to ('::1', 5672, 0, 0)
2026-10-07 09:51:31,409 ERROR pika.adapters.utils.io_services_utils: Socket failed to connect: <socket.socket fd=9, family=30, type=1, proto=6, laddr=('::1', 51713, 0, 0)>; error=61 (Connection refused)
2026-10-07 09:51:31,409 ERROR pika.adapters.utils.connection_workflow: TCP Connection attempt failed: ConnectionRefusedError(61, 'Connection refused'); dest=(<AddressFamily.AF_INET6: 30>, <SocketKind.SOCK_STREAM: 1>, 6, '', ('::1', 5672, 0, 0))
2026-10-07 09:51:31,409 ERROR pika.adapters.utils.connection_workflow: AMQPConnector - reporting failure: AMQPConnectorSocketConnectError: ConnectionRefusedError(61, 'Connection refused')
2026-10-07 09:51:31,409 INFO pika.adapters.utils.connection_workflow: Pika version 1.4.4 connecting to ('127.0.0.1', 5672)
2026-10-07 09:51:31,409 ERROR pika.adapters.utils.io_services_utils: Socket failed to connect: <socket.socket fd=9, family=2, type=1, proto=6, laddr=('127.0.0.1', 51714)>; error=61 (Connection refused)
2026-10-07 09:51:31,410 ERROR pika.adapters.utils.connection_workflow: TCP Connection attempt failed: ConnectionRefusedError(61, 'Connection refused'); dest=(<AddressFamily.AF_INET: 2>, <SocketKind.SOCK_STREAM: 1>, 6, '', ('127.0.0.1', 5672))
2026-10-07 09:51:31,410 ERROR pika.adapters.utils.connection_workflow: AMQPConnector - reporting failure: AMQPConnectorSocketConnectError: ConnectionRefusedError(61, 'Connection refused')
2026-10-07 09:51:31,410 ERROR pika.adapters.utils.connection_workflow: AMQP connection workflow failed: AMQPConnectionWorkflowFailed: 2 exceptions in all; last exception - AMQPConnectorSocketConnectError: ConnectionRefusedError(61, 'Connection refused'); first exception - AMQPConnectorSocketConnectError: ConnectionRefusedError(61, 'Connection refused').
2026-10-07 09:51:31,410 ERROR pika.adapters.utils.connection_workflow: AMQPConnectionWorkflow - reporting failure: AMQPConnectionWorkflowFailed: 2 exceptions in all; last exception - AMQPConnectorSocketConnectError: ConnectionRefusedError(61, 'Connection refused'); first exception - AMQPConnectorSocketConnectError: ConnectionRefusedError(61, 'Connection refused')
2026-10-07 09:51:31,410 ERROR pika.adapters.blocking_connection: Connection workflow failed: AMQPConnectionWorkflowFailed: 2 exceptions in all; last exception - AMQPConnectorSocketConnectError: ConnectionRefusedError(61, 'Connection refused'); first exception - AMQPConnectorSocketConnectError: ConnectionRefusedError(61, 'Connection refused')
2026-10-07 09:51:31,410 ERROR pika.adapters.blocking_connection: Error in _create_connection().
Traceback (most recent call last):
  File "/Users/jessica/GridWorks/gridworks-alerter/.venv/lib/python3.12/site-packages/pika/adapters/blocking_connection.py", line 478, in _create_connection
    raise self._reap_last_connection_workflow_error(error)
pika.exceptions.AMQPConnectionError
2026-10-07 09:51:31,413 WARNING gwalerter.prober: localhost:5672 failed (21 running): AMQPConnectionError: (AMQPConnectorSocketConnectError: ConnectionRefusedError(61, 'Connection refused'),)
2026-10-07 09:51:31,415 WARNING gwalerter.prober: localhost:1885 failed (21 running): ConnectionRefusedError(61, 'Connection refused')
2026-10-07 09:51:41,418 INFO pika.adapters.utils.connection_workflow: Pika version 1.4.4 connecting to ('::1', 5672, 0, 0)
2026-10-07 09:51:41,419 ERROR pika.adapters.utils.io_services_utils: Socket failed to connect: <socket.socket fd=9, family=30, type=1, proto=6, laddr=('::1', 51755, 0, 0)>; error=61 (Connection refused)
2026-10-07 09:51:41,419 ERROR pika.adapters.utils.connection_workflow: TCP Connection attempt failed: ConnectionRefusedError(61, 'Connection refused'); dest=(<AddressFamily.AF_INET6: 30>, <SocketKind.SOCK_STREAM: 1>, 6, '', ('::1', 5672, 0, 0))
2026-10-07 09:51:41,419 ERROR pika.adapters.utils.connection_workflow: AMQPConnector - reporting failure: AMQPConnectorSocketConnectError: ConnectionRefusedError(61, 'Connection refused')
2026-10-07 09:51:41,419 INFO pika.adapters.utils.connection_workflow: Pika version 1.4.4 connecting to ('127.0.0.1', 5672)
2026-10-07 09:51:41,419 ERROR pika.adapters.utils.io_services_utils: Socket failed to connect: <socket.socket fd=9, family=2, type=1, proto=6, laddr=('127.0.0.1', 51756)>; error=61 (Connection refused)
2026-10-07 09:51:41,419 ERROR pika.adapters.utils.connection_workflow: TCP Connection attempt failed: ConnectionRefusedError(61, 'Connection refused'); dest=(<AddressFamily.AF_INET: 2>, <SocketKind.SOCK_STREAM: 1>, 6, '', ('127.0.0.1', 5672))
2026-10-07 09:51:41,419 ERROR pika.adapters.utils.connection_workflow: AMQPConnector - reporting failure: AMQPConnectorSocketConnectError: ConnectionRefusedError(61, 'Connection refused')
2026-10-07 09:51:41,419 ERROR pika.adapters.utils.connection_workflow: AMQP connection workflow failed: AMQPConnectionWorkflowFailed: 2 exceptions in all; last exception - AMQPConnectorSocketConnectError: ConnectionRefusedError(61, 'Connection refused'); first exception - AMQPConnectorSocketConnectError: ConnectionRefusedError(61, 'Connection refused').
2026-10-07 09:51:41,419 ERROR pika.adapters.utils.connection_workflow: AMQPConnectionWorkflow - reporting failure: AMQPConnectionWorkflowFailed: 2 exceptions in all; last exception - AMQPConnectorSocketConnectError: ConnectionRefusedError(61, 'Connection refused'); first exception - AMQPConnectorSocketConnectError: ConnectionRefusedError(61, 'Connection refused')
2026-10-07 09:51:41,419 ERROR pika.adapters.blocking_connection: Connection workflow failed: AMQPConnectionWorkflowFailed: 2 exceptions in all; last exception - AMQPConnectorSocketConnectError: ConnectionRefusedError(61, 'Connection refused'); first exception - AMQPConnectorSocketConnectError: ConnectionRefusedError(61, 'Connection refused')
2026-10-07 09:51:41,419 ERROR pika.adapters.blocking_connection: Error in _create_connection().
Traceback (most recent call last):
  File "/Users/jessica/GridWorks/gridworks-alerter/.venv/lib/python3.12/site-packages/pika/adapters/blocking_connection.py", line 478, in _create_connection
    raise self._reap_last_connection_workflow_error(error)
pika.exceptions.AMQPConnectionError
2026-10-07 09:51:41,420 WARNING gwalerter.prober: localhost:5672 failed (22 running): AMQPConnectionError: (AMQPConnectorSocketConnectError: ConnectionRefusedError(61, 'Connection refused'),)
2026-10-07 09:51:41,420 WARNING gwalerter.prober: localhost:1885 failed (22 running): ConnectionRefusedError(61, 'Connection refused')
2026-10-07 09:51:51,422 INFO pika.adapters.utils.connection_workflow: Pika version 1.4.4 connecting to ('::1', 5672, 0, 0)
2026-10-07 09:51:51,422 ERROR pika.adapters.utils.io_services_utils: Socket failed to connect: <socket.socket fd=9, family=30, type=1, proto=6, laddr=('::1', 51783, 0, 0)>; error=61 (Connection refused)
2026-10-07 09:51:51,422 ERROR pika.adapters.utils.connection_workflow: TCP Connection attempt failed: ConnectionRefusedError(61, 'Connection refused'); dest=(<AddressFamily.AF_INET6: 30>, <SocketKind.SOCK_STREAM: 1>, 6, '', ('::1', 5672, 0, 0))
2026-10-07 09:51:51,422 ERROR pika.adapters.utils.connection_workflow: AMQPConnector - reporting failure: AMQPConnectorSocketConnectError: ConnectionRefusedError(61, 'Connection refused')
2026-10-07 09:51:51,422 INFO pika.adapters.utils.connection_workflow: Pika version 1.4.4 connecting to ('127.0.0.1', 5672)
2026-10-07 09:51:51,422 ERROR pika.adapters.utils.io_services_utils: Socket failed to connect: <socket.socket fd=9, family=2, type=1, proto=6, laddr=('127.0.0.1', 51784)>; error=61 (Connection refused)
2026-10-07 09:51:51,422 ERROR pika.adapters.utils.connection_workflow: TCP Connection attempt failed: ConnectionRefusedError(61, 'Connection refused'); dest=(<AddressFamily.AF_INET: 2>, <SocketKind.SOCK_STREAM: 1>, 6, '', ('127.0.0.1', 5672))
2026-10-07 09:51:51,422 ERROR pika.adapters.utils.connection_workflow: AMQPConnector - reporting failure: AMQPConnectorSocketConnectError: ConnectionRefusedError(61, 'Connection refused')
2026-10-07 09:51:51,422 ERROR pika.adapters.utils.connection_workflow: AMQP connection workflow failed: AMQPConnectionWorkflowFailed: 2 exceptions in all; last exception - AMQPConnectorSocketConnectError: ConnectionRefusedError(61, 'Connection refused'); first exception - AMQPConnectorSocketConnectError: ConnectionRefusedError(61, 'Connection refused').
2026-10-07 09:51:51,422 ERROR pika.adapters.utils.connection_workflow: AMQPConnectionWorkflow - reporting failure: AMQPConnectionWorkflowFailed: 2 exceptions in all; last exception - AMQPConnectorSocketConnectError: ConnectionRefusedError(61, 'Connection refused'); first exception - AMQPConnectorSocketConnectError: ConnectionRefusedError(61, 'Connection refused')
2026-10-07 09:51:51,422 ERROR pika.adapters.blocking_connection: Connection workflow failed: AMQPConnectionWorkflowFailed: 2 exceptions in all; last exception - AMQPConnectorSocketConnectError: ConnectionRefusedError(61, 'Connection refused'); first exception - AMQPConnectorSocketConnectError: ConnectionRefusedError(61, 'Connection refused')
2026-10-07 09:51:51,422 ERROR pika.adapters.blocking_connection: Error in _create_connection().
Traceback (most recent call last):
  File "/Users/jessica/GridWorks/gridworks-alerter/.venv/lib/python3.12/site-packages/pika/adapters/blocking_connection.py", line 478, in _create_connection
    raise self._reap_last_connection_workflow_error(error)
pika.exceptions.AMQPConnectionError
2026-10-07 09:51:51,423 WARNING gwalerter.prober: localhost:5672 failed (23 running): AMQPConnectionError: (AMQPConnectorSocketConnectError: ConnectionRefusedError(61, 'Connection refused'),)
2026-10-07 09:51:51,424 WARNING gwalerter.prober: localhost:1885 failed (23 running): ConnectionRefusedError(61, 'Connection refused')
2026-10-07 09:52:01,430 INFO pika.adapters.utils.connection_workflow: Pika version 1.4.4 connecting to ('::1', 5672, 0, 0)
2026-10-07 09:52:01,430 ERROR pika.adapters.utils.io_services_utils: Socket failed to connect: <socket.socket fd=9, family=30, type=1, proto=6, laddr=('::1', 51827, 0, 0)>; error=61 (Connection refused)
2026-10-07 09:52:01,430 ERROR pika.adapters.utils.connection_workflow: TCP Connection attempt failed: ConnectionRefusedError(61, 'Connection refused'); dest=(<AddressFamily.AF_INET6: 30>, <SocketKind.SOCK_STREAM: 1>, 6, '', ('::1', 5672, 0, 0))
2026-10-07 09:52:01,430 ERROR pika.adapters.utils.connection_workflow: AMQPConnector - reporting failure: AMQPConnectorSocketConnectError: ConnectionRefusedError(61, 'Connection refused')
2026-10-07 09:52:01,430 INFO pika.adapters.utils.connection_workflow: Pika version 1.4.4 connecting to ('127.0.0.1', 5672)
2026-10-07 09:52:01,430 ERROR pika.adapters.utils.io_services_utils: Socket failed to connect: <socket.socket fd=9, family=2, type=1, proto=6, laddr=('127.0.0.1', 51828)>; error=61 (Connection refused)
2026-10-07 09:52:01,430 ERROR pika.adapters.utils.connection_workflow: TCP Connection attempt failed: ConnectionRefusedError(61, 'Connection refused'); dest=(<AddressFamily.AF_INET: 2>, <SocketKind.SOCK_STREAM: 1>, 6, '', ('127.0.0.1', 5672))
2026-10-07 09:52:01,430 ERROR pika.adapters.utils.connection_workflow: AMQPConnector - reporting failure: AMQPConnectorSocketConnectError: ConnectionRefusedError(61, 'Connection refused')
2026-10-07 09:52:01,430 ERROR pika.adapters.utils.connection_workflow: AMQP connection workflow failed: AMQPConnectionWorkflowFailed: 2 exceptions in all; last exception - AMQPConnectorSocketConnectError: ConnectionRefusedError(61, 'Connection refused'); first exception - AMQPConnectorSocketConnectError: ConnectionRefusedError(61, 'Connection refused').
2026-10-07 09:52:01,430 ERROR pika.adapters.utils.connection_workflow: AMQPConnectionWorkflow - reporting failure: AMQPConnectionWorkflowFailed: 2 exceptions in all; last exception - AMQPConnectorSocketConnectError: ConnectionRefusedError(61, 'Connection refused'); first exception - AMQPConnectorSocketConnectError: ConnectionRefusedError(61, 'Connection refused')
2026-10-07 09:52:01,430 ERROR pika.adapters.blocking_connection: Connection workflow failed: AMQPConnectionWorkflowFailed: 2 exceptions in all; last exception - AMQPConnectorSocketConnectError: ConnectionRefusedError(61, 'Connection refused'); first exception - AMQPConnectorSocketConnectError: ConnectionRefusedError(61, 'Connection refused')
2026-10-07 09:52:01,430 ERROR pika.adapters.blocking_connection: Error in _create_connection().
Traceback (most recent call last):
  File "/Users/jessica/GridWorks/gridworks-alerter/.venv/lib/python3.12/site-packages/pika/adapters/blocking_connection.py", line 478, in _create_connection
    raise self._reap_last_connection_workflow_error(error)
pika.exceptions.AMQPConnectionError
2026-10-07 09:52:01,431 WARNING gwalerter.prober: localhost:5672 failed (24 running): AMQPConnectionError: (AMQPConnectorSocketConnectError: ConnectionRefusedError(61, 'Connection refused'),)
2026-10-07 09:52:01,432 WARNING gwalerter.prober: localhost:1885 failed (24 running): ConnectionRefusedError(61, 'Connection refused')
2026-10-07 09:52:11,435 INFO pika.adapters.utils.connection_workflow: Pika version 1.4.4 connecting to ('::1', 5672, 0, 0)
2026-10-07 09:52:11,436 INFO pika.adapters.utils.io_services_utils: Socket connected: <socket.socket fd=9, family=30, type=1, proto=6, laddr=('::1', 51868, 0, 0), raddr=('::1', 5672, 0, 0)>
2026-10-07 09:52:11,436 INFO pika.adapters.utils.connection_workflow: Streaming transport linked up: (<pika.adapters.utils.io_services_utils._AsyncPlaintextTransport object at 0x123202f00>, _StreamingProtocolShim: <SelectConnection PROTOCOL transport=<pika.adapters.utils.io_services_utils._AsyncPlaintextTransport object at 0x123202f00> params=<URLParameters host=localhost port=5672 virtual_host=d1__1 ssl=False>>).
2026-10-07 09:52:11,444 INFO pika.adapters.utils.connection_workflow: AMQPConnector - reporting success: <SelectConnection OPEN transport=<pika.adapters.utils.io_services_utils._AsyncPlaintextTransport object at 0x123202f00> params=<URLParameters host=localhost port=5672 virtual_host=d1__1 ssl=False>>
2026-10-07 09:52:11,444 INFO pika.adapters.utils.connection_workflow: AMQPConnectionWorkflow - reporting success: <SelectConnection OPEN transport=<pika.adapters.utils.io_services_utils._AsyncPlaintextTransport object at 0x123202f00> params=<URLParameters host=localhost port=5672 virtual_host=d1__1 ssl=False>>
2026-10-07 09:52:11,444 INFO pika.adapters.blocking_connection: Connection workflow succeeded: <SelectConnection OPEN transport=<pika.adapters.utils.io_services_utils._AsyncPlaintextTransport object at 0x123202f00> params=<URLParameters host=localhost port=5672 virtual_host=d1__1 ssl=False>>
2026-10-07 09:52:11,445 INFO pika.adapters.blocking_connection: Created channel=1
2026-10-07 09:52:11,451 INFO pika.adapters.blocking_connection: Closing connection (200): Normal shutdown
2026-10-07 09:52:11,451 INFO pika.channel: Closing channel (200): 'Normal shutdown' on <Channel number=1 OPEN conn=<SelectConnection OPEN transport=<pika.adapters.utils.io_services_utils._AsyncPlaintextTransport object at 0x123202f00> params=<URLParameters host=localhost port=5672 virtual_host=d1__1 ssl=False>>>
2026-10-07 09:52:11,452 INFO pika.channel: Received <Channel.CloseOk> on <Channel number=1 CLOSING conn=<SelectConnection OPEN transport=<pika.adapters.utils.io_services_utils._AsyncPlaintextTransport object at 0x123202f00> params=<URLParameters host=localhost port=5672 virtual_host=d1__1 ssl=False>>>
2026-10-07 09:52:11,453 INFO pika.connection: Closing connection (200): 'Normal shutdown'
2026-10-07 09:52:11,459 INFO pika.adapters.utils.io_services_utils: Aborting transport connection: state=1; <socket.socket fd=9, family=30, type=1, proto=6, laddr=('::1', 51868, 0, 0), raddr=('::1', 5672, 0, 0)>
2026-10-07 09:52:11,459 INFO pika.adapters.utils.io_services_utils: _AsyncTransportBase._initate_abort(): Initiating abrupt asynchronous transport shutdown: state=1; error=None; <socket.socket fd=9, family=30, type=1, proto=6, laddr=('::1', 51868, 0, 0), raddr=('::1', 5672, 0, 0)>
2026-10-07 09:52:11,459 INFO pika.adapters.utils.io_services_utils: Deactivating transport: state=1; <socket.socket fd=9, family=30, type=1, proto=6, laddr=('::1', 51868, 0, 0), raddr=('::1', 5672, 0, 0)>
2026-10-07 09:52:11,459 INFO pika.connection: AMQP stack terminated, failed to connect, or aborted: opened=True, error-arg=None; pending-error=ConnectionClosedByClient: (200) 'Normal shutdown'
2026-10-07 09:52:11,459 INFO pika.connection: Stack terminated due to ConnectionClosedByClient: (200) 'Normal shutdown'
2026-10-07 09:52:11,459 INFO pika.adapters.utils.io_services_utils: Closing transport socket and unlinking: state=3; <socket.socket fd=9, family=30, type=1, proto=6, laddr=('::1', 51868, 0, 0), raddr=('::1', 5672, 0, 0)>
2026-10-07 09:52:11,459 INFO pika.adapters.blocking_connection: User-initiated close: result=BlockingConnection__OnClosedArgs(connection=<SelectConnection CLOSED transport=None params=<URLParameters host=localhost port=5672 virtual_host=d1__1 ssl=False>>, error=ConnectionClosedByClient: (200) 'Normal shutdown')
2026-10-07 09:52:11,465 INFO gwalerter.prober: Resolved BrokerUnreachable on localhost:5672 (a9a3b2a3-8be0-4c02-8bad-adaa480c2e45)
2026-10-07 09:52:11,469 INFO gwalerter.prober: Resolved BrokerUnreachable on localhost:1885 (6b1cb7f4-d348-481b-9a9f-8aa2bcb08727)
2026-10-07 09:52:21,476 INFO pika.adapters.utils.connection_workflow: Pika version 1.4.4 connecting to ('::1', 5672, 0, 0)
2026-10-07 09:52:21,476 INFO pika.adapters.utils.io_services_utils: Socket connected: <socket.socket fd=9, family=30, type=1, proto=6, laddr=('::1', 51884, 0, 0), raddr=('::1', 5672, 0, 0)>
2026-10-07 09:52:21,477 INFO pika.adapters.utils.connection_workflow: Streaming transport linked up: (<pika.adapters.utils.io_services_utils._AsyncPlaintextTransport object at 0x120893e60>, _StreamingProtocolShim: <SelectConnection PROTOCOL transport=<pika.adapters.utils.io_services_utils._AsyncPlaintextTransport object at 0x120893e60> params=<URLParameters host=localhost port=5672 virtual_host=d1__1 ssl=False>>).
2026-10-07 09:52:21,484 INFO pika.adapters.utils.connection_workflow: AMQPConnector - reporting success: <SelectConnection OPEN transport=<pika.adapters.utils.io_services_utils._AsyncPlaintextTransport object at 0x120893e60> params=<URLParameters host=localhost port=5672 virtual_host=d1__1 ssl=False>>
2026-10-07 09:52:21,484 INFO pika.adapters.utils.connection_workflow: AMQPConnectionWorkflow - reporting success: <SelectConnection OPEN transport=<pika.adapters.utils.io_services_utils._AsyncPlaintextTransport object at 0x120893e60> params=<URLParameters host=localhost port=5672 virtual_host=d1__1 ssl=False>>
2026-10-07 09:52:21,484 INFO pika.adapters.blocking_connection: Connection workflow succeeded: <SelectConnection OPEN transport=<pika.adapters.utils.io_services_utils._AsyncPlaintextTransport object at 0x120893e60> params=<URLParameters host=localhost port=5672 virtual_host=d1__1 ssl=False>>
2026-10-07 09:52:21,484 INFO pika.adapters.blocking_connection: Created channel=1
2026-10-07 09:52:21,490 INFO pika.adapters.blocking_connection: Closing connection (200): Normal shutdown
2026-10-07 09:52:21,491 INFO pika.channel: Closing channel (200): 'Normal shutdown' on <Channel number=1 OPEN conn=<SelectConnection OPEN transport=<pika.adapters.utils.io_services_utils._AsyncPlaintextTransport object at 0x120893e60> params=<URLParameters host=localhost port=5672 virtual_host=d1__1 ssl=False>>>
2026-10-07 09:52:21,492 INFO pika.channel: Received <Channel.CloseOk> on <Channel number=1 CLOSING conn=<SelectConnection OPEN transport=<pika.adapters.utils.io_services_utils._AsyncPlaintextTransport object at 0x120893e60> params=<URLParameters host=localhost port=5672 virtual_host=d1__1 ssl=False>>>
2026-10-07 09:52:21,492 INFO pika.connection: Closing connection (200): 'Normal shutdown'
2026-10-07 09:52:21,502 INFO pika.adapters.utils.io_services_utils: Aborting transport connection: state=1; <socket.socket fd=9, family=30, type=1, proto=6, laddr=('::1', 51884, 0, 0), raddr=('::1', 5672, 0, 0)>
2026-10-07 09:52:21,502 INFO pika.adapters.utils.io_services_utils: _AsyncTransportBase._initate_abort(): Initiating abrupt asynchronous transport shutdown: state=1; error=None; <socket.socket fd=9, family=30, type=1, proto=6, laddr=('::1', 51884, 0, 0), raddr=('::1', 5672, 0, 0)>
2026-10-07 09:52:21,502 INFO pika.adapters.utils.io_services_utils: Deactivating transport: state=1; <socket.socket fd=9, family=30, type=1, proto=6, laddr=('::1', 51884, 0, 0), raddr=('::1', 5672, 0, 0)>
2026-10-07 09:52:21,502 INFO pika.connection: AMQP stack terminated, failed to connect, or aborted: opened=True, error-arg=None; pending-error=ConnectionClosedByClient: (200) 'Normal shutdown'
2026-10-07 09:52:21,502 INFO pika.connection: Stack terminated due to ConnectionClosedByClient: (200) 'Normal shutdown'
2026-10-07 09:52:21,503 INFO pika.adapters.utils.io_services_utils: Closing transport socket and unlinking: state=3; <socket.socket fd=9, family=30, type=1, proto=6, laddr=('::1', 51884, 0, 0), raddr=('::1', 5672, 0, 0)>
2026-10-07 09:52:21,503 INFO pika.adapters.blocking_connection: User-initiated close: result=BlockingConnection__OnClosedArgs(connection=<SelectConnection CLOSED transport=None params=<URLParameters host=localhost port=5672 virtual_host=d1__1 ssl=False>>, error=ConnectionClosedByClient: (200) 'Normal shutdown')
2026-10-07 09:52:31,516 INFO pika.adapters.utils.connection_workflow: Pika version 1.4.4 connecting to ('::1', 5672, 0, 0)
2026-10-07 09:52:31,516 INFO pika.adapters.utils.io_services_utils: Socket connected: <socket.socket fd=9, family=30, type=1, proto=6, laddr=('::1', 51891, 0, 0), raddr=('::1', 5672, 0, 0)>
2026-10-07 09:52:31,517 INFO pika.adapters.utils.connection_workflow: Streaming transport linked up: (<pika.adapters.utils.io_services_utils._AsyncPlaintextTransport object at 0x1208923f0>, _StreamingProtocolShim: <SelectConnection PROTOCOL transport=<pika.adapters.utils.io_services_utils._AsyncPlaintextTransport object at 0x1208923f0> params=<URLParameters host=localhost port=5672 virtual_host=d1__1 ssl=False>>).
2026-10-07 09:52:31,524 INFO pika.adapters.utils.connection_workflow: AMQPConnector - reporting success: <SelectConnection OPEN transport=<pika.adapters.utils.io_services_utils._AsyncPlaintextTransport object at 0x1208923f0> params=<URLParameters host=localhost port=5672 virtual_host=d1__1 ssl=False>>
2026-10-07 09:52:31,524 INFO pika.adapters.utils.connection_workflow: AMQPConnectionWorkflow - reporting success: <SelectConnection OPEN transport=<pika.adapters.utils.io_services_utils._AsyncPlaintextTransport object at 0x1208923f0> params=<URLParameters host=localhost port=5672 virtual_host=d1__1 ssl=False>>
2026-10-07 09:52:31,524 INFO pika.adapters.blocking_connection: Connection workflow succeeded: <SelectConnection OPEN transport=<pika.adapters.utils.io_services_utils._AsyncPlaintextTransport object at 0x1208923f0> params=<URLParameters host=localhost port=5672 virtual_host=d1__1 ssl=False>>
2026-10-07 09:52:31,524 INFO pika.adapters.blocking_connection: Created channel=1
2026-10-07 09:52:31,530 INFO pika.adapters.blocking_connection: Closing connection (200): Normal shutdown
2026-10-07 09:52:31,531 INFO pika.channel: Closing channel (200): 'Normal shutdown' on <Channel number=1 OPEN conn=<SelectConnection OPEN transport=<pika.adapters.utils.io_services_utils._AsyncPlaintextTransport object at 0x1208923f0> params=<URLParameters host=localhost port=5672 virtual_host=d1__1 ssl=False>>>
2026-10-07 09:52:31,531 INFO pika.channel: Received <Channel.CloseOk> on <Channel number=1 CLOSING conn=<SelectConnection OPEN transport=<pika.adapters.utils.io_services_utils._AsyncPlaintextTransport object at 0x1208923f0> params=<URLParameters host=localhost port=5672 virtual_host=d1__1 ssl=False>>>
2026-10-07 09:52:31,532 INFO pika.connection: Closing connection (200): 'Normal shutdown'
2026-10-07 09:52:31,539 INFO pika.adapters.utils.io_services_utils: Aborting transport connection: state=1; <socket.socket fd=9, family=30, type=1, proto=6, laddr=('::1', 51891, 0, 0), raddr=('::1', 5672, 0, 0)>
2026-10-07 09:52:31,539 INFO pika.adapters.utils.io_services_utils: _AsyncTransportBase._initate_abort(): Initiating abrupt asynchronous transport shutdown: state=1; error=None; <socket.socket fd=9, family=30, type=1, proto=6, laddr=('::1', 51891, 0, 0), raddr=('::1', 5672, 0, 0)>
2026-10-07 09:52:31,539 INFO pika.adapters.utils.io_services_utils: Deactivating transport: state=1; <socket.socket fd=9, family=30, type=1, proto=6, laddr=('::1', 51891, 0, 0), raddr=('::1', 5672, 0, 0)>
2026-10-07 09:52:31,539 INFO pika.connection: AMQP stack terminated, failed to connect, or aborted: opened=True, error-arg=None; pending-error=ConnectionClosedByClient: (200) 'Normal shutdown'
2026-10-07 09:52:31,539 INFO pika.connection: Stack terminated due to ConnectionClosedByClient: (200) 'Normal shutdown'
2026-10-07 09:52:31,539 INFO pika.adapters.utils.io_services_utils: Closing transport socket and unlinking: state=3; <socket.socket fd=9, family=30, type=1, proto=6, laddr=('::1', 51891, 0, 0), raddr=('::1', 5672, 0, 0)>
2026-10-07 09:52:31,539 INFO pika.adapters.blocking_connection: User-initiated close: result=BlockingConnection__OnClosedArgs(connection=<SelectConnection CLOSED transport=None params=<URLParameters host=localhost port=5672 virtual_host=d1__1 ssl=False>>, error=ConnectionClosedByClient: (200) 'Normal shutdown')
2026-10-07 09:52:41,547 INFO pika.adapters.utils.connection_workflow: Pika version 1.4.4 connecting to ('::1', 5672, 0, 0)
2026-10-07 09:52:41,547 INFO pika.adapters.utils.io_services_utils: Socket connected: <socket.socket fd=9, family=30, type=1, proto=6, laddr=('::1', 51899, 0, 0), raddr=('::1', 5672, 0, 0)>
2026-10-07 09:52:41,548 INFO pika.adapters.utils.connection_workflow: Streaming transport linked up: (<pika.adapters.utils.io_services_utils._AsyncPlaintextTransport object at 0x123202750>, _StreamingProtocolShim: <SelectConnection PROTOCOL transport=<pika.adapters.utils.io_services_utils._AsyncPlaintextTransport object at 0x123202750> params=<URLParameters host=localhost port=5672 virtual_host=d1__1 ssl=False>>).
2026-10-07 09:52:41,555 INFO pika.adapters.utils.connection_workflow: AMQPConnector - reporting success: <SelectConnection OPEN transport=<pika.adapters.utils.io_services_utils._AsyncPlaintextTransport object at 0x123202750> params=<URLParameters host=localhost port=5672 virtual_host=d1__1 ssl=False>>
2026-10-07 09:52:41,555 INFO pika.adapters.utils.connection_workflow: AMQPConnectionWorkflow - reporting success: <SelectConnection OPEN transport=<pika.adapters.utils.io_services_utils._AsyncPlaintextTransport object at 0x123202750> params=<URLParameters host=localhost port=5672 virtual_host=d1__1 ssl=False>>
2026-10-07 09:52:41,555 INFO pika.adapters.blocking_connection: Connection workflow succeeded: <SelectConnection OPEN transport=<pika.adapters.utils.io_services_utils._AsyncPlaintextTransport object at 0x123202750> params=<URLParameters host=localhost port=5672 virtual_host=d1__1 ssl=False>>
2026-10-07 09:52:41,555 INFO pika.adapters.blocking_connection: Created channel=1
2026-10-07 09:52:41,564 INFO pika.adapters.blocking_connection: Closing connection (200): Normal shutdown
2026-10-07 09:52:41,564 INFO pika.channel: Closing channel (200): 'Normal shutdown' on <Channel number=1 OPEN conn=<SelectConnection OPEN transport=<pika.adapters.utils.io_services_utils._AsyncPlaintextTransport object at 0x123202750> params=<URLParameters host=localhost port=5672 virtual_host=d1__1 ssl=False>>>
2026-10-07 09:52:41,565 INFO pika.channel: Received <Channel.CloseOk> on <Channel number=1 CLOSING conn=<SelectConnection OPEN transport=<pika.adapters.utils.io_services_utils._AsyncPlaintextTransport object at 0x123202750> params=<URLParameters host=localhost port=5672 virtual_host=d1__1 ssl=False>>>
2026-10-07 09:52:41,565 INFO pika.connection: Closing connection (200): 'Normal shutdown'
2026-10-07 09:52:41,571 INFO pika.adapters.utils.io_services_utils: Aborting transport connection: state=1; <socket.socket fd=9, family=30, type=1, proto=6, laddr=('::1', 51899, 0, 0), raddr=('::1', 5672, 0, 0)>
2026-10-07 09:52:41,571 INFO pika.adapters.utils.io_services_utils: _AsyncTransportBase._initate_abort(): Initiating abrupt asynchronous transport shutdown: state=1; error=None; <socket.socket fd=9, family=30, type=1, proto=6, laddr=('::1', 51899, 0, 0), raddr=('::1', 5672, 0, 0)>
2026-10-07 09:52:41,571 INFO pika.adapters.utils.io_services_utils: Deactivating transport: state=1; <socket.socket fd=9, family=30, type=1, proto=6, laddr=('::1', 51899, 0, 0), raddr=('::1', 5672, 0, 0)>
2026-10-07 09:52:41,571 INFO pika.connection: AMQP stack terminated, failed to connect, or aborted: opened=True, error-arg=None; pending-error=ConnectionClosedByClient: (200) 'Normal shutdown'
2026-10-07 09:52:41,572 INFO pika.connection: Stack terminated due to ConnectionClosedByClient: (200) 'Normal shutdown'
2026-10-07 09:52:41,572 INFO pika.adapters.utils.io_services_utils: Closing transport socket and unlinking: state=3; <socket.socket fd=9, family=30, type=1, proto=6, laddr=('::1', 51899, 0, 0), raddr=('::1', 5672, 0, 0)>
2026-10-07 09:52:41,572 INFO pika.adapters.blocking_connection: User-initiated close: result=BlockingConnection__OnClosedArgs(connection=<SelectConnection CLOSED transport=None params=<URLParameters host=localhost port=5672 virtual_host=d1__1 ssl=False>>, error=ConnectionClosedByClient: (200) 'Normal shutdown')
2026-10-07 09:52:51,580 INFO pika.adapters.utils.connection_workflow: Pika version 1.4.4 connecting to ('::1', 5672, 0, 0)
2026-10-07 09:52:51,580 INFO pika.adapters.utils.io_services_utils: Socket connected: <socket.socket fd=9, family=30, type=1, proto=6, laddr=('::1', 51907, 0, 0), raddr=('::1', 5672, 0, 0)>
2026-10-07 09:52:51,580 INFO pika.adapters.utils.connection_workflow: Streaming transport linked up: (<pika.adapters.utils.io_services_utils._AsyncPlaintextTransport object at 0x1232020f0>, _StreamingProtocolShim: <SelectConnection PROTOCOL transport=<pika.adapters.utils.io_services_utils._AsyncPlaintextTransport object at 0x1232020f0> params=<URLParameters host=localhost port=5672 virtual_host=d1__1 ssl=False>>).
2026-10-07 09:52:51,586 INFO pika.adapters.utils.connection_workflow: AMQPConnector - reporting success: <SelectConnection OPEN transport=<pika.adapters.utils.io_services_utils._AsyncPlaintextTransport object at 0x1232020f0> params=<URLParameters host=localhost port=5672 virtual_host=d1__1 ssl=False>>
2026-10-07 09:52:51,586 INFO pika.adapters.utils.connection_workflow: AMQPConnectionWorkflow - reporting success: <SelectConnection OPEN transport=<pika.adapters.utils.io_services_utils._AsyncPlaintextTransport object at 0x1232020f0> params=<URLParameters host=localhost port=5672 virtual_host=d1__1 ssl=False>>
2026-10-07 09:52:51,586 INFO pika.adapters.blocking_connection: Connection workflow succeeded: <SelectConnection OPEN transport=<pika.adapters.utils.io_services_utils._AsyncPlaintextTransport object at 0x1232020f0> params=<URLParameters host=localhost port=5672 virtual_host=d1__1 ssl=False>>
2026-10-07 09:52:51,586 INFO pika.adapters.blocking_connection: Created channel=1
2026-10-07 09:52:51,591 INFO pika.adapters.blocking_connection: Closing connection (200): Normal shutdown
2026-10-07 09:52:51,591 INFO pika.channel: Closing channel (200): 'Normal shutdown' on <Channel number=1 OPEN conn=<SelectConnection OPEN transport=<pika.adapters.utils.io_services_utils._AsyncPlaintextTransport object at 0x1232020f0> params=<URLParameters host=localhost port=5672 virtual_host=d1__1 ssl=False>>>
2026-10-07 09:52:51,592 INFO pika.channel: Received <Channel.CloseOk> on <Channel number=1 CLOSING conn=<SelectConnection OPEN transport=<pika.adapters.utils.io_services_utils._AsyncPlaintextTransport object at 0x1232020f0> params=<URLParameters host=localhost port=5672 virtual_host=d1__1 ssl=False>>>
2026-10-07 09:52:51,592 INFO pika.connection: Closing connection (200): 'Normal shutdown'
2026-10-07 09:52:51,596 INFO pika.adapters.utils.io_services_utils: Aborting transport connection: state=1; <socket.socket fd=9, family=30, type=1, proto=6, laddr=('::1', 51907, 0, 0), raddr=('::1', 5672, 0, 0)>
2026-10-07 09:52:51,596 INFO pika.adapters.utils.io_services_utils: _AsyncTransportBase._initate_abort(): Initiating abrupt asynchronous transport shutdown: state=1; error=None; <socket.socket fd=9, family=30, type=1, proto=6, laddr=('::1', 51907, 0, 0), raddr=('::1', 5672, 0, 0)>
2026-10-07 09:52:51,596 INFO pika.adapters.utils.io_services_utils: Deactivating transport: state=1; <socket.socket fd=9, family=30, type=1, proto=6, laddr=('::1', 51907, 0, 0), raddr=('::1', 5672, 0, 0)>
2026-10-07 09:52:51,596 INFO pika.connection: AMQP stack terminated, failed to connect, or aborted: opened=True, error-arg=None; pending-error=ConnectionClosedByClient: (200) 'Normal shutdown'
2026-10-07 09:52:51,596 INFO pika.connection: Stack terminated due to ConnectionClosedByClient: (200) 'Normal shutdown'
2026-10-07 09:52:51,596 INFO pika.adapters.utils.io_services_utils: Closing transport socket and unlinking: state=3; <socket.socket fd=9, family=30, type=1, proto=6, laddr=('::1', 51907, 0, 0), raddr=('::1', 5672, 0, 0)>
2026-10-07 09:52:51,596 INFO pika.adapters.blocking_connection: User-initiated close: result=BlockingConnection__OnClosedArgs(connection=<SelectConnection CLOSED transport=None params=<URLParameters host=localhost port=5672 virtual_host=d1__1 ssl=False>>, error=ConnectionClosedByClient: (200) 'Normal shutdown')
2026-10-07 09:53:01,604 INFO pika.adapters.utils.connection_workflow: Pika version 1.4.4 connecting to ('::1', 5672, 0, 0)
2026-10-07 09:53:01,604 INFO pika.adapters.utils.io_services_utils: Socket connected: <socket.socket fd=9, family=30, type=1, proto=6, laddr=('::1', 51911, 0, 0), raddr=('::1', 5672, 0, 0)>
2026-10-07 09:53:01,605 INFO pika.adapters.utils.connection_workflow: Streaming transport linked up: (<pika.adapters.utils.io_services_utils._AsyncPlaintextTransport object at 0x123202420>, _StreamingProtocolShim: <SelectConnection PROTOCOL transport=<pika.adapters.utils.io_services_utils._AsyncPlaintextTransport object at 0x123202420> params=<URLParameters host=localhost port=5672 virtual_host=d1__1 ssl=False>>).
2026-10-07 09:53:01,612 INFO pika.adapters.utils.connection_workflow: AMQPConnector - reporting success: <SelectConnection OPEN transport=<pika.adapters.utils.io_services_utils._AsyncPlaintextTransport object at 0x123202420> params=<URLParameters host=localhost port=5672 virtual_host=d1__1 ssl=False>>
2026-10-07 09:53:01,613 INFO pika.adapters.utils.connection_workflow: AMQPConnectionWorkflow - reporting success: <SelectConnection OPEN transport=<pika.adapters.utils.io_services_utils._AsyncPlaintextTransport object at 0x123202420> params=<URLParameters host=localhost port=5672 virtual_host=d1__1 ssl=False>>
2026-10-07 09:53:01,613 INFO pika.adapters.blocking_connection: Connection workflow succeeded: <SelectConnection OPEN transport=<pika.adapters.utils.io_services_utils._AsyncPlaintextTransport object at 0x123202420> params=<URLParameters host=localhost port=5672 virtual_host=d1__1 ssl=False>>
2026-10-07 09:53:01,613 INFO pika.adapters.blocking_connection: Created channel=1
2026-10-07 09:53:01,619 INFO pika.adapters.blocking_connection: Closing connection (200): Normal shutdown
2026-10-07 09:53:01,619 INFO pika.channel: Closing channel (200): 'Normal shutdown' on <Channel number=1 OPEN conn=<SelectConnection OPEN transport=<pika.adapters.utils.io_services_utils._AsyncPlaintextTransport object at 0x123202420> params=<URLParameters host=localhost port=5672 virtual_host=d1__1 ssl=False>>>
2026-10-07 09:53:01,620 INFO pika.channel: Received <Channel.CloseOk> on <Channel number=1 CLOSING conn=<SelectConnection OPEN transport=<pika.adapters.utils.io_services_utils._AsyncPlaintextTransport object at 0x123202420> params=<URLParameters host=localhost port=5672 virtual_host=d1__1 ssl=False>>>
2026-10-07 09:53:01,621 INFO pika.connection: Closing connection (200): 'Normal shutdown'
2026-10-07 09:53:01,628 INFO pika.adapters.utils.io_services_utils: Aborting transport connection: state=1; <socket.socket fd=9, family=30, type=1, proto=6, laddr=('::1', 51911, 0, 0), raddr=('::1', 5672, 0, 0)>
2026-10-07 09:53:01,628 INFO pika.adapters.utils.io_services_utils: _AsyncTransportBase._initate_abort(): Initiating abrupt asynchronous transport shutdown: state=1; error=None; <socket.socket fd=9, family=30, type=1, proto=6, laddr=('::1', 51911, 0, 0), raddr=('::1', 5672, 0, 0)>
2026-10-07 09:53:01,628 INFO pika.adapters.utils.io_services_utils: Deactivating transport: state=1; <socket.socket fd=9, family=30, type=1, proto=6, laddr=('::1', 51911, 0, 0), raddr=('::1', 5672, 0, 0)>
2026-10-07 09:53:01,629 INFO pika.connection: AMQP stack terminated, failed to connect, or aborted: opened=True, error-arg=None; pending-error=ConnectionClosedByClient: (200) 'Normal shutdown'
2026-10-07 09:53:01,629 INFO pika.connection: Stack terminated due to ConnectionClosedByClient: (200) 'Normal shutdown'
2026-10-07 09:53:01,629 INFO pika.adapters.utils.io_services_utils: Closing transport socket and unlinking: state=3; <socket.socket fd=9, family=30, type=1, proto=6, laddr=('::1', 51911, 0, 0), raddr=('::1', 5672, 0, 0)>
2026-10-07 09:53:01,629 INFO pika.adapters.blocking_connection: User-initiated close: result=BlockingConnection__OnClosedArgs(connection=<SelectConnection CLOSED transport=None params=<URLParameters host=localhost port=5672 virtual_host=d1__1 ssl=False>>, error=ConnectionClosedByClient: (200) 'Normal shutdown')
2026-10-07 09:53:11,643 INFO pika.adapters.utils.connection_workflow: Pika version 1.4.4 connecting to ('::1', 5672, 0, 0)
2026-10-07 09:53:11,643 INFO pika.adapters.utils.io_services_utils: Socket connected: <socket.socket fd=9, family=30, type=1, proto=6, laddr=('::1', 51915, 0, 0), raddr=('::1', 5672, 0, 0)>
2026-10-07 09:53:11,644 INFO pika.adapters.utils.connection_workflow: Streaming transport linked up: (<pika.adapters.utils.io_services_utils._AsyncPlaintextTransport object at 0x123200440>, _StreamingProtocolShim: <SelectConnection PROTOCOL transport=<pika.adapters.utils.io_services_utils._AsyncPlaintextTransport object at 0x123200440> params=<URLParameters host=localhost port=5672 virtual_host=d1__1 ssl=False>>).
2026-10-07 09:53:11,653 INFO pika.adapters.utils.connection_workflow: AMQPConnector - reporting success: <SelectConnection OPEN transport=<pika.adapters.utils.io_services_utils._AsyncPlaintextTransport object at 0x123200440> params=<URLParameters host=localhost port=5672 virtual_host=d1__1 ssl=False>>
2026-10-07 09:53:11,653 INFO pika.adapters.utils.connection_workflow: AMQPConnectionWorkflow - reporting success: <SelectConnection OPEN transport=<pika.adapters.utils.io_services_utils._AsyncPlaintextTransport object at 0x123200440> params=<URLParameters host=localhost port=5672 virtual_host=d1__1 ssl=False>>
2026-10-07 09:53:11,653 INFO pika.adapters.blocking_connection: Connection workflow succeeded: <SelectConnection OPEN transport=<pika.adapters.utils.io_services_utils._AsyncPlaintextTransport object at 0x123200440> params=<URLParameters host=localhost port=5672 virtual_host=d1__1 ssl=False>>
2026-10-07 09:53:11,654 INFO pika.adapters.blocking_connection: Created channel=1
2026-10-07 09:53:11,661 INFO pika.adapters.blocking_connection: Closing connection (200): Normal shutdown
2026-10-07 09:53:11,661 INFO pika.channel: Closing channel (200): 'Normal shutdown' on <Channel number=1 OPEN conn=<SelectConnection OPEN transport=<pika.adapters.utils.io_services_utils._AsyncPlaintextTransport object at 0x123200440> params=<URLParameters host=localhost port=5672 virtual_host=d1__1 ssl=False>>>
2026-10-07 09:53:11,663 INFO pika.channel: Received <Channel.CloseOk> on <Channel number=1 CLOSING conn=<SelectConnection OPEN transport=<pika.adapters.utils.io_services_utils._AsyncPlaintextTransport object at 0x123200440> params=<URLParameters host=localhost port=5672 virtual_host=d1__1 ssl=False>>>
2026-10-07 09:53:11,663 INFO pika.connection: Closing connection (200): 'Normal shutdown'
2026-10-07 09:53:11,670 INFO pika.adapters.utils.io_services_utils: Aborting transport connection: state=1; <socket.socket fd=9, family=30, type=1, proto=6, laddr=('::1', 51915, 0, 0), raddr=('::1', 5672, 0, 0)>
2026-10-07 09:53:11,670 INFO pika.adapters.utils.io_services_utils: _AsyncTransportBase._initate_abort(): Initiating abrupt asynchronous transport shutdown: state=1; error=None; <socket.socket fd=9, family=30, type=1, proto=6, laddr=('::1', 51915, 0, 0), raddr=('::1', 5672, 0, 0)>
2026-10-07 09:53:11,670 INFO pika.adapters.utils.io_services_utils: Deactivating transport: state=1; <socket.socket fd=9, family=30, type=1, proto=6, laddr=('::1', 51915, 0, 0), raddr=('::1', 5672, 0, 0)>
2026-10-07 09:53:11,670 INFO pika.connection: AMQP stack terminated, failed to connect, or aborted: opened=True, error-arg=None; pending-error=ConnectionClosedByClient: (200) 'Normal shutdown'
2026-10-07 09:53:11,670 INFO pika.connection: Stack terminated due to ConnectionClosedByClient: (200) 'Normal shutdown'
2026-10-07 09:53:11,670 INFO pika.adapters.utils.io_services_utils: Closing transport socket and unlinking: state=3; <socket.socket fd=9, family=30, type=1, proto=6, laddr=('::1', 51915, 0, 0), raddr=('::1', 5672, 0, 0)>
2026-10-07 09:53:11,670 INFO pika.adapters.blocking_connection: User-initiated close: result=BlockingConnection__OnClosedArgs(connection=<SelectConnection CLOSED transport=None params=<URLParameters host=localhost port=5672 virtual_host=d1__1 ssl=False>>, error=ConnectionClosedByClient: (200) 'Normal shutdown')
2026-10-07 09:53:21,684 INFO pika.adapters.utils.connection_workflow: Pika version 1.4.4 connecting to ('::1', 5672, 0, 0)
2026-10-07 09:53:21,684 INFO pika.adapters.utils.io_services_utils: Socket connected: <socket.socket fd=9, family=30, type=1, proto=6, laddr=('::1', 51920, 0, 0), raddr=('::1', 5672, 0, 0)>
2026-10-07 09:53:21,684 INFO pika.adapters.utils.connection_workflow: Streaming transport linked up: (<pika.adapters.utils.io_services_utils._AsyncPlaintextTransport object at 0x123203140>, _StreamingProtocolShim: <SelectConnection PROTOCOL transport=<pika.adapters.utils.io_services_utils._AsyncPlaintextTransport object at 0x123203140> params=<URLParameters host=localhost port=5672 virtual_host=d1__1 ssl=False>>).
2026-10-07 09:53:21,688 INFO pika.adapters.utils.connection_workflow: AMQPConnector - reporting success: <SelectConnection OPEN transport=<pika.adapters.utils.io_services_utils._AsyncPlaintextTransport object at 0x123203140> params=<URLParameters host=localhost port=5672 virtual_host=d1__1 ssl=False>>
2026-10-07 09:53:21,688 INFO pika.adapters.utils.connection_workflow: AMQPConnectionWorkflow - reporting success: <SelectConnection OPEN transport=<pika.adapters.utils.io_services_utils._AsyncPlaintextTransport object at 0x123203140> params=<URLParameters host=localhost port=5672 virtual_host=d1__1 ssl=False>>
2026-10-07 09:53:21,688 INFO pika.adapters.blocking_connection: Connection workflow succeeded: <SelectConnection OPEN transport=<pika.adapters.utils.io_services_utils._AsyncPlaintextTransport object at 0x123203140> params=<URLParameters host=localhost port=5672 virtual_host=d1__1 ssl=False>>
2026-10-07 09:53:21,688 INFO pika.adapters.blocking_connection: Created channel=1
2026-10-07 09:53:21,693 INFO pika.adapters.blocking_connection: Closing connection (200): Normal shutdown
2026-10-07 09:53:21,693 INFO pika.channel: Closing channel (200): 'Normal shutdown' on <Channel number=1 OPEN conn=<SelectConnection OPEN transport=<pika.adapters.utils.io_services_utils._AsyncPlaintextTransport object at 0x123203140> params=<URLParameters host=localhost port=5672 virtual_host=d1__1 ssl=False>>>
2026-10-07 09:53:21,694 INFO pika.channel: Received <Channel.CloseOk> on <Channel number=1 CLOSING conn=<SelectConnection OPEN transport=<pika.adapters.utils.io_services_utils._AsyncPlaintextTransport object at 0x123203140> params=<URLParameters host=localhost port=5672 virtual_host=d1__1 ssl=False>>>
2026-10-07 09:53:21,694 INFO pika.connection: Closing connection (200): 'Normal shutdown'
2026-10-07 09:53:21,698 INFO pika.adapters.utils.io_services_utils: Aborting transport connection: state=1; <socket.socket fd=9, family=30, type=1, proto=6, laddr=('::1', 51920, 0, 0), raddr=('::1', 5672, 0, 0)>
2026-10-07 09:53:21,698 INFO pika.adapters.utils.io_services_utils: _AsyncTransportBase._initate_abort(): Initiating abrupt asynchronous transport shutdown: state=1; error=None; <socket.socket fd=9, family=30, type=1, proto=6, laddr=('::1', 51920, 0, 0), raddr=('::1', 5672, 0, 0)>
2026-10-07 09:53:21,698 INFO pika.adapters.utils.io_services_utils: Deactivating transport: state=1; <socket.socket fd=9, family=30, type=1, proto=6, laddr=('::1', 51920, 0, 0), raddr=('::1', 5672, 0, 0)>
2026-10-07 09:53:21,698 INFO pika.connection: AMQP stack terminated, failed to connect, or aborted: opened=True, error-arg=None; pending-error=ConnectionClosedByClient: (200) 'Normal shutdown'
2026-10-07 09:53:21,698 INFO pika.connection: Stack terminated due to ConnectionClosedByClient: (200) 'Normal shutdown'
2026-10-07 09:53:21,699 INFO pika.adapters.utils.io_services_utils: Closing transport socket and unlinking: state=3; <socket.socket fd=9, family=30, type=1, proto=6, laddr=('::1', 51920, 0, 0), raddr=('::1', 5672, 0, 0)>
2026-10-07 09:53:21,699 INFO pika.adapters.blocking_connection: User-initiated close: result=BlockingConnection__OnClosedArgs(connection=<SelectConnection CLOSED transport=None params=<URLParameters host=localhost port=5672 virtual_host=d1__1 ssl=False>>, error=ConnectionClosedByClient: (200) 'Normal shutdown')
2026-10-07 09:53:31,709 INFO pika.adapters.utils.connection_workflow: Pika version 1.4.4 connecting to ('::1', 5672, 0, 0)
2026-10-07 09:53:31,709 INFO pika.adapters.utils.io_services_utils: Socket connected: <socket.socket fd=9, family=30, type=1, proto=6, laddr=('::1', 51924, 0, 0), raddr=('::1', 5672, 0, 0)>
2026-10-07 09:53:31,710 INFO pika.adapters.utils.connection_workflow: Streaming transport linked up: (<pika.adapters.utils.io_services_utils._AsyncPlaintextTransport object at 0x120893140>, _StreamingProtocolShim: <SelectConnection PROTOCOL transport=<pika.adapters.utils.io_services_utils._AsyncPlaintextTransport object at 0x120893140> params=<URLParameters host=localhost port=5672 virtual_host=d1__1 ssl=False>>).
2026-10-07 09:53:31,718 INFO pika.adapters.utils.connection_workflow: AMQPConnector - reporting success: <SelectConnection OPEN transport=<pika.adapters.utils.io_services_utils._AsyncPlaintextTransport object at 0x120893140> params=<URLParameters host=localhost port=5672 virtual_host=d1__1 ssl=False>>
2026-10-07 09:53:31,718 INFO pika.adapters.utils.connection_workflow: AMQPConnectionWorkflow - reporting success: <SelectConnection OPEN transport=<pika.adapters.utils.io_services_utils._AsyncPlaintextTransport object at 0x120893140> params=<URLParameters host=localhost port=5672 virtual_host=d1__1 ssl=False>>
2026-10-07 09:53:31,718 INFO pika.adapters.blocking_connection: Connection workflow succeeded: <SelectConnection OPEN transport=<pika.adapters.utils.io_services_utils._AsyncPlaintextTransport object at 0x120893140> params=<URLParameters host=localhost port=5672 virtual_host=d1__1 ssl=False>>
2026-10-07 09:53:31,719 INFO pika.adapters.blocking_connection: Created channel=1
2026-10-07 09:53:31,725 INFO pika.adapters.blocking_connection: Closing connection (200): Normal shutdown
2026-10-07 09:53:31,725 INFO pika.channel: Closing channel (200): 'Normal shutdown' on <Channel number=1 OPEN conn=<SelectConnection OPEN transport=<pika.adapters.utils.io_services_utils._AsyncPlaintextTransport object at 0x120893140> params=<URLParameters host=localhost port=5672 virtual_host=d1__1 ssl=False>>>
2026-10-07 09:53:31,726 INFO pika.channel: Received <Channel.CloseOk> on <Channel number=1 CLOSING conn=<SelectConnection OPEN transport=<pika.adapters.utils.io_services_utils._AsyncPlaintextTransport object at 0x120893140> params=<URLParameters host=localhost port=5672 virtual_host=d1__1 ssl=False>>>
2026-10-07 09:53:31,726 INFO pika.connection: Closing connection (200): 'Normal shutdown'
2026-10-07 09:53:31,731 INFO pika.adapters.utils.io_services_utils: Aborting transport connection: state=1; <socket.socket fd=9, family=30, type=1, proto=6, laddr=('::1', 51924, 0, 0), raddr=('::1', 5672, 0, 0)>
2026-10-07 09:53:31,732 INFO pika.adapters.utils.io_services_utils: _AsyncTransportBase._initate_abort(): Initiating abrupt asynchronous transport shutdown: state=1; error=None; <socket.socket fd=9, family=30, type=1, proto=6, laddr=('::1', 51924, 0, 0), raddr=('::1', 5672, 0, 0)>
2026-10-07 09:53:31,732 INFO pika.adapters.utils.io_services_utils: Deactivating transport: state=1; <socket.socket fd=9, family=30, type=1, proto=6, laddr=('::1', 51924, 0, 0), raddr=('::1', 5672, 0, 0)>
2026-10-07 09:53:31,732 INFO pika.connection: AMQP stack terminated, failed to connect, or aborted: opened=True, error-arg=None; pending-error=ConnectionClosedByClient: (200) 'Normal shutdown'
2026-10-07 09:53:31,732 INFO pika.connection: Stack terminated due to ConnectionClosedByClient: (200) 'Normal shutdown'
2026-10-07 09:53:31,732 INFO pika.adapters.utils.io_services_utils: Closing transport socket and unlinking: state=3; <socket.socket fd=9, family=30, type=1, proto=6, laddr=('::1', 51924, 0, 0), raddr=('::1', 5672, 0, 0)>
2026-10-07 09:53:31,732 INFO pika.adapters.blocking_connection: User-initiated close: result=BlockingConnection__OnClosedArgs(connection=<SelectConnection CLOSED transport=None params=<URLParameters host=localhost port=5672 virtual_host=d1__1 ssl=False>>, error=ConnectionClosedByClient: (200) 'Normal shutdown')
2026-10-07 09:53:41,742 INFO pika.adapters.utils.connection_workflow: Pika version 1.4.4 connecting to ('::1', 5672, 0, 0)
2026-10-07 09:53:41,743 INFO pika.adapters.utils.io_services_utils: Socket connected: <socket.socket fd=9, family=30, type=1, proto=6, laddr=('::1', 51934, 0, 0), raddr=('::1', 5672, 0, 0)>
2026-10-07 09:53:41,743 INFO pika.adapters.utils.connection_workflow: Streaming transport linked up: (<pika.adapters.utils.io_services_utils._AsyncPlaintextTransport object at 0x1232037d0>, _StreamingProtocolShim: <SelectConnection PROTOCOL transport=<pika.adapters.utils.io_services_utils._AsyncPlaintextTransport object at 0x1232037d0> params=<URLParameters host=localhost port=5672 virtual_host=d1__1 ssl=False>>).
2026-10-07 09:53:41,750 INFO pika.adapters.utils.connection_workflow: AMQPConnector - reporting success: <SelectConnection OPEN transport=<pika.adapters.utils.io_services_utils._AsyncPlaintextTransport object at 0x1232037d0> params=<URLParameters host=localhost port=5672 virtual_host=d1__1 ssl=False>>
2026-10-07 09:53:41,750 INFO pika.adapters.utils.connection_workflow: AMQPConnectionWorkflow - reporting success: <SelectConnection OPEN transport=<pika.adapters.utils.io_services_utils._AsyncPlaintextTransport object at 0x1232037d0> params=<URLParameters host=localhost port=5672 virtual_host=d1__1 ssl=False>>
2026-10-07 09:53:41,750 INFO pika.adapters.blocking_connection: Connection workflow succeeded: <SelectConnection OPEN transport=<pika.adapters.utils.io_services_utils._AsyncPlaintextTransport object at 0x1232037d0> params=<URLParameters host=localhost port=5672 virtual_host=d1__1 ssl=False>>
2026-10-07 09:53:41,750 INFO pika.adapters.blocking_connection: Created channel=1
2026-10-07 09:53:41,756 INFO pika.adapters.blocking_connection: Closing connection (200): Normal shutdown
2026-10-07 09:53:41,757 INFO pika.channel: Closing channel (200): 'Normal shutdown' on <Channel number=1 OPEN conn=<SelectConnection OPEN transport=<pika.adapters.utils.io_services_utils._AsyncPlaintextTransport object at 0x1232037d0> params=<URLParameters host=localhost port=5672 virtual_host=d1__1 ssl=False>>>
2026-10-07 09:53:41,757 INFO pika.channel: Received <Channel.CloseOk> on <Channel number=1 CLOSING conn=<SelectConnection OPEN transport=<pika.adapters.utils.io_services_utils._AsyncPlaintextTransport object at 0x1232037d0> params=<URLParameters host=localhost port=5672 virtual_host=d1__1 ssl=False>>>
2026-10-07 09:53:41,758 INFO pika.connection: Closing connection (200): 'Normal shutdown'
2026-10-07 09:53:41,765 INFO pika.adapters.utils.io_services_utils: Aborting transport connection: state=1; <socket.socket fd=9, family=30, type=1, proto=6, laddr=('::1', 51934, 0, 0), raddr=('::1', 5672, 0, 0)>
2026-10-07 09:53:41,765 INFO pika.adapters.utils.io_services_utils: _AsyncTransportBase._initate_abort(): Initiating abrupt asynchronous transport shutdown: state=1; error=None; <socket.socket fd=9, family=30, type=1, proto=6, laddr=('::1', 51934, 0, 0), raddr=('::1', 5672, 0, 0)>
2026-10-07 09:53:41,765 INFO pika.adapters.utils.io_services_utils: Deactivating transport: state=1; <socket.socket fd=9, family=30, type=1, proto=6, laddr=('::1', 51934, 0, 0), raddr=('::1', 5672, 0, 0)>
2026-10-07 09:53:41,765 INFO pika.connection: AMQP stack terminated, failed to connect, or aborted: opened=True, error-arg=None; pending-error=ConnectionClosedByClient: (200) 'Normal shutdown'
2026-10-07 09:53:41,765 INFO pika.connection: Stack terminated due to ConnectionClosedByClient: (200) 'Normal shutdown'
2026-10-07 09:53:41,765 INFO pika.adapters.utils.io_services_utils: Closing transport socket and unlinking: state=3; <socket.socket fd=9, family=30, type=1, proto=6, laddr=('::1', 51934, 0, 0), raddr=('::1', 5672, 0, 0)>
2026-10-07 09:53:41,765 INFO pika.adapters.blocking_connection: User-initiated close: result=BlockingConnection__OnClosedArgs(connection=<SelectConnection CLOSED transport=None params=<URLParameters host=localhost port=5672 virtual_host=d1__1 ssl=False>>, error=ConnectionClosedByClient: (200) 'Normal shutdown')
2026-10-07 09:53:51,777 INFO pika.adapters.utils.connection_workflow: Pika version 1.4.4 connecting to ('::1', 5672, 0, 0)
2026-10-07 09:53:51,777 INFO pika.adapters.utils.io_services_utils: Socket connected: <socket.socket fd=9, family=30, type=1, proto=6, laddr=('::1', 51941, 0, 0), raddr=('::1', 5672, 0, 0)>
2026-10-07 09:53:51,778 INFO pika.adapters.utils.connection_workflow: Streaming transport linked up: (<pika.adapters.utils.io_services_utils._AsyncPlaintextTransport object at 0x123201880>, _StreamingProtocolShim: <SelectConnection PROTOCOL transport=<pika.adapters.utils.io_services_utils._AsyncPlaintextTransport object at 0x123201880> params=<URLParameters host=localhost port=5672 virtual_host=d1__1 ssl=False>>).
2026-10-07 09:53:51,783 INFO pika.adapters.utils.connection_workflow: AMQPConnector - reporting success: <SelectConnection OPEN transport=<pika.adapters.utils.io_services_utils._AsyncPlaintextTransport object at 0x123201880> params=<URLParameters host=localhost port=5672 virtual_host=d1__1 ssl=False>>
2026-10-07 09:53:51,784 INFO pika.adapters.utils.connection_workflow: AMQPConnectionWorkflow - reporting success: <SelectConnection OPEN transport=<pika.adapters.utils.io_services_utils._AsyncPlaintextTransport object at 0x123201880> params=<URLParameters host=localhost port=5672 virtual_host=d1__1 ssl=False>>
2026-10-07 09:53:51,784 INFO pika.adapters.blocking_connection: Connection workflow succeeded: <SelectConnection OPEN transport=<pika.adapters.utils.io_services_utils._AsyncPlaintextTransport object at 0x123201880> params=<URLParameters host=localhost port=5672 virtual_host=d1__1 ssl=False>>
2026-10-07 09:53:51,784 INFO pika.adapters.blocking_connection: Created channel=1
2026-10-07 09:53:51,789 INFO pika.adapters.blocking_connection: Closing connection (200): Normal shutdown
2026-10-07 09:53:51,789 INFO pika.channel: Closing channel (200): 'Normal shutdown' on <Channel number=1 OPEN conn=<SelectConnection OPEN transport=<pika.adapters.utils.io_services_utils._AsyncPlaintextTransport object at 0x123201880> params=<URLParameters host=localhost port=5672 virtual_host=d1__1 ssl=False>>>
2026-10-07 09:53:51,790 INFO pika.channel: Received <Channel.CloseOk> on <Channel number=1 CLOSING conn=<SelectConnection OPEN transport=<pika.adapters.utils.io_services_utils._AsyncPlaintextTransport object at 0x123201880> params=<URLParameters host=localhost port=5672 virtual_host=d1__1 ssl=False>>>
2026-10-07 09:53:51,790 INFO pika.connection: Closing connection (200): 'Normal shutdown'
2026-10-07 09:53:51,795 INFO pika.adapters.utils.io_services_utils: Aborting transport connection: state=1; <socket.socket fd=9, family=30, type=1, proto=6, laddr=('::1', 51941, 0, 0), raddr=('::1', 5672, 0, 0)>
2026-10-07 09:53:51,795 INFO pika.adapters.utils.io_services_utils: _AsyncTransportBase._initate_abort(): Initiating abrupt asynchronous transport shutdown: state=1; error=None; <socket.socket fd=9, family=30, type=1, proto=6, laddr=('::1', 51941, 0, 0), raddr=('::1', 5672, 0, 0)>
2026-10-07 09:53:51,795 INFO pika.adapters.utils.io_services_utils: Deactivating transport: state=1; <socket.socket fd=9, family=30, type=1, proto=6, laddr=('::1', 51941, 0, 0), raddr=('::1', 5672, 0, 0)>
2026-10-07 09:53:51,795 INFO pika.connection: AMQP stack terminated, failed to connect, or aborted: opened=True, error-arg=None; pending-error=ConnectionClosedByClient: (200) 'Normal shutdown'
2026-10-07 09:53:51,795 INFO pika.connection: Stack terminated due to ConnectionClosedByClient: (200) 'Normal shutdown'
2026-10-07 09:53:51,795 INFO pika.adapters.utils.io_services_utils: Closing transport socket and unlinking: state=3; <socket.socket fd=9, family=30, type=1, proto=6, laddr=('::1', 51941, 0, 0), raddr=('::1', 5672, 0, 0)>
2026-10-07 09:53:51,796 INFO pika.adapters.blocking_connection: User-initiated close: result=BlockingConnection__OnClosedArgs(connection=<SelectConnection CLOSED transport=None params=<URLParameters host=localhost port=5672 virtual_host=d1__1 ssl=False>>, error=ConnectionClosedByClient: (200) 'Normal shutdown')
2026-10-07 09:54:01,806 INFO pika.adapters.utils.connection_workflow: Pika version 1.4.4 connecting to ('::1', 5672, 0, 0)
2026-10-07 09:54:01,806 INFO pika.adapters.utils.io_services_utils: Socket connected: <socket.socket fd=9, family=30, type=1, proto=6, laddr=('::1', 51945, 0, 0), raddr=('::1', 5672, 0, 0)>
2026-10-07 09:54:01,807 INFO pika.adapters.utils.connection_workflow: Streaming transport linked up: (<pika.adapters.utils.io_services_utils._AsyncPlaintextTransport object at 0x123202990>, _StreamingProtocolShim: <SelectConnection PROTOCOL transport=<pika.adapters.utils.io_services_utils._AsyncPlaintextTransport object at 0x123202990> params=<URLParameters host=localhost port=5672 virtual_host=d1__1 ssl=False>>).
2026-10-07 09:54:01,814 INFO pika.adapters.utils.connection_workflow: AMQPConnector - reporting success: <SelectConnection OPEN transport=<pika.adapters.utils.io_services_utils._AsyncPlaintextTransport object at 0x123202990> params=<URLParameters host=localhost port=5672 virtual_host=d1__1 ssl=False>>
2026-10-07 09:54:01,814 INFO pika.adapters.utils.connection_workflow: AMQPConnectionWorkflow - reporting success: <SelectConnection OPEN transport=<pika.adapters.utils.io_services_utils._AsyncPlaintextTransport object at 0x123202990> params=<URLParameters host=localhost port=5672 virtual_host=d1__1 ssl=False>>
2026-10-07 09:54:01,815 INFO pika.adapters.blocking_connection: Connection workflow succeeded: <SelectConnection OPEN transport=<pika.adapters.utils.io_services_utils._AsyncPlaintextTransport object at 0x123202990> params=<URLParameters host=localhost port=5672 virtual_host=d1__1 ssl=False>>
2026-10-07 09:54:01,815 INFO pika.adapters.blocking_connection: Created channel=1
2026-10-07 09:54:01,823 INFO pika.adapters.blocking_connection: Closing connection (200): Normal shutdown
2026-10-07 09:54:01,824 INFO pika.channel: Closing channel (200): 'Normal shutdown' on <Channel number=1 OPEN conn=<SelectConnection OPEN transport=<pika.adapters.utils.io_services_utils._AsyncPlaintextTransport object at 0x123202990> params=<URLParameters host=localhost port=5672 virtual_host=d1__1 ssl=False>>>
2026-10-07 09:54:01,825 INFO pika.channel: Received <Channel.CloseOk> on <Channel number=1 CLOSING conn=<SelectConnection OPEN transport=<pika.adapters.utils.io_services_utils._AsyncPlaintextTransport object at 0x123202990> params=<URLParameters host=localhost port=5672 virtual_host=d1__1 ssl=False>>>
2026-10-07 09:54:01,826 INFO pika.connection: Closing connection (200): 'Normal shutdown'
2026-10-07 09:54:01,833 INFO pika.adapters.utils.io_services_utils: Aborting transport connection: state=1; <socket.socket fd=9, family=30, type=1, proto=6, laddr=('::1', 51945, 0, 0), raddr=('::1', 5672, 0, 0)>
2026-10-07 09:54:01,833 INFO pika.adapters.utils.io_services_utils: _AsyncTransportBase._initate_abort(): Initiating abrupt asynchronous transport shutdown: state=1; error=None; <socket.socket fd=9, family=30, type=1, proto=6, laddr=('::1', 51945, 0, 0), raddr=('::1', 5672, 0, 0)>
2026-10-07 09:54:01,833 INFO pika.adapters.utils.io_services_utils: Deactivating transport: state=1; <socket.socket fd=9, family=30, type=1, proto=6, laddr=('::1', 51945, 0, 0), raddr=('::1', 5672, 0, 0)>
2026-10-07 09:54:01,833 INFO pika.connection: AMQP stack terminated, failed to connect, or aborted: opened=True, error-arg=None; pending-error=ConnectionClosedByClient: (200) 'Normal shutdown'
2026-10-07 09:54:01,833 INFO pika.connection: Stack terminated due to ConnectionClosedByClient: (200) 'Normal shutdown'
2026-10-07 09:54:01,834 INFO pika.adapters.utils.io_services_utils: Closing transport socket and unlinking: state=3; <socket.socket fd=9, family=30, type=1, proto=6, laddr=('::1', 51945, 0, 0), raddr=('::1', 5672, 0, 0)>
2026-10-07 09:54:01,834 INFO pika.adapters.blocking_connection: User-initiated close: result=BlockingConnection__OnClosedArgs(connection=<SelectConnection CLOSED transport=None params=<URLParameters host=localhost port=5672 virtual_host=d1__1 ssl=False>>, error=ConnectionClosedByClient: (200) 'Normal shutdown')
2026-10-07 09:54:11,844 INFO pika.adapters.utils.connection_workflow: Pika version 1.4.4 connecting to ('::1', 5672, 0, 0)
2026-10-07 09:54:11,844 INFO pika.adapters.utils.io_services_utils: Socket connected: <socket.socket fd=9, family=30, type=1, proto=6, laddr=('::1', 51950, 0, 0), raddr=('::1', 5672, 0, 0)>
2026-10-07 09:54:11,845 INFO pika.adapters.utils.connection_workflow: Streaming transport linked up: (<pika.adapters.utils.io_services_utils._AsyncPlaintextTransport object at 0x123201370>, _StreamingProtocolShim: <SelectConnection PROTOCOL transport=<pika.adapters.utils.io_services_utils._AsyncPlaintextTransport object at 0x123201370> params=<URLParameters host=localhost port=5672 virtual_host=d1__1 ssl=False>>).
2026-10-07 09:54:11,852 INFO pika.adapters.utils.connection_workflow: AMQPConnector - reporting success: <SelectConnection OPEN transport=<pika.adapters.utils.io_services_utils._AsyncPlaintextTransport object at 0x123201370> params=<URLParameters host=localhost port=5672 virtual_host=d1__1 ssl=False>>
2026-10-07 09:54:11,852 INFO pika.adapters.utils.connection_workflow: AMQPConnectionWorkflow - reporting success: <SelectConnection OPEN transport=<pika.adapters.utils.io_services_utils._AsyncPlaintextTransport object at 0x123201370> params=<URLParameters host=localhost port=5672 virtual_host=d1__1 ssl=False>>
2026-10-07 09:54:11,852 INFO pika.adapters.blocking_connection: Connection workflow succeeded: <SelectConnection OPEN transport=<pika.adapters.utils.io_services_utils._AsyncPlaintextTransport object at 0x123201370> params=<URLParameters host=localhost port=5672 virtual_host=d1__1 ssl=False>>
2026-10-07 09:54:11,852 INFO pika.adapters.blocking_connection: Created channel=1
2026-10-07 09:54:11,861 INFO pika.adapters.blocking_connection: Closing connection (200): Normal shutdown
2026-10-07 09:54:11,861 INFO pika.channel: Closing channel (200): 'Normal shutdown' on <Channel number=1 OPEN conn=<SelectConnection OPEN transport=<pika.adapters.utils.io_services_utils._AsyncPlaintextTransport object at 0x123201370> params=<URLParameters host=localhost port=5672 virtual_host=d1__1 ssl=False>>>
2026-10-07 09:54:11,862 INFO pika.channel: Received <Channel.CloseOk> on <Channel number=1 CLOSING conn=<SelectConnection OPEN transport=<pika.adapters.utils.io_services_utils._AsyncPlaintextTransport object at 0x123201370> params=<URLParameters host=localhost port=5672 virtual_host=d1__1 ssl=False>>>
2026-10-07 09:54:11,863 INFO pika.connection: Closing connection (200): 'Normal shutdown'
2026-10-07 09:54:11,870 INFO pika.adapters.utils.io_services_utils: Aborting transport connection: state=1; <socket.socket fd=9, family=30, type=1, proto=6, laddr=('::1', 51950, 0, 0), raddr=('::1', 5672, 0, 0)>
2026-10-07 09:54:11,870 INFO pika.adapters.utils.io_services_utils: _AsyncTransportBase._initate_abort(): Initiating abrupt asynchronous transport shutdown: state=1; error=None; <socket.socket fd=9, family=30, type=1, proto=6, laddr=('::1', 51950, 0, 0), raddr=('::1', 5672, 0, 0)>
2026-10-07 09:54:11,870 INFO pika.adapters.utils.io_services_utils: Deactivating transport: state=1; <socket.socket fd=9, family=30, type=1, proto=6, laddr=('::1', 51950, 0, 0), raddr=('::1', 5672, 0, 0)>
2026-10-07 09:54:11,870 INFO pika.connection: AMQP stack terminated, failed to connect, or aborted: opened=True, error-arg=None; pending-error=ConnectionClosedByClient: (200) 'Normal shutdown'
2026-10-07 09:54:11,870 INFO pika.connection: Stack terminated due to ConnectionClosedByClient: (200) 'Normal shutdown'
2026-10-07 09:54:11,870 INFO pika.adapters.utils.io_services_utils: Closing transport socket and unlinking: state=3; <socket.socket fd=9, family=30, type=1, proto=6, laddr=('::1', 51950, 0, 0), raddr=('::1', 5672, 0, 0)>
2026-10-07 09:54:11,870 INFO pika.adapters.blocking_connection: User-initiated close: result=BlockingConnection__OnClosedArgs(connection=<SelectConnection CLOSED transport=None params=<URLParameters host=localhost port=5672 virtual_host=d1__1 ssl=False>>, error=ConnectionClosedByClient: (200) 'Normal shutdown')
2026-10-07 09:54:21,881 INFO pika.adapters.utils.connection_workflow: Pika version 1.4.4 connecting to ('::1', 5672, 0, 0)
2026-10-07 09:54:21,881 INFO pika.adapters.utils.io_services_utils: Socket connected: <socket.socket fd=9, family=30, type=1, proto=6, laddr=('::1', 51954, 0, 0), raddr=('::1', 5672, 0, 0)>
2026-10-07 09:54:21,882 INFO pika.adapters.utils.connection_workflow: Streaming transport linked up: (<pika.adapters.utils.io_services_utils._AsyncPlaintextTransport object at 0x1232012b0>, _StreamingProtocolShim: <SelectConnection PROTOCOL transport=<pika.adapters.utils.io_services_utils._AsyncPlaintextTransport object at 0x1232012b0> params=<URLParameters host=localhost port=5672 virtual_host=d1__1 ssl=False>>).
2026-10-07 09:54:21,888 INFO pika.adapters.utils.connection_workflow: AMQPConnector - reporting success: <SelectConnection OPEN transport=<pika.adapters.utils.io_services_utils._AsyncPlaintextTransport object at 0x1232012b0> params=<URLParameters host=localhost port=5672 virtual_host=d1__1 ssl=False>>
2026-10-07 09:54:21,889 INFO pika.adapters.utils.connection_workflow: AMQPConnectionWorkflow - reporting success: <SelectConnection OPEN transport=<pika.adapters.utils.io_services_utils._AsyncPlaintextTransport object at 0x1232012b0> params=<URLParameters host=localhost port=5672 virtual_host=d1__1 ssl=False>>
2026-10-07 09:54:21,889 INFO pika.adapters.blocking_connection: Connection workflow succeeded: <SelectConnection OPEN transport=<pika.adapters.utils.io_services_utils._AsyncPlaintextTransport object at 0x1232012b0> params=<URLParameters host=localhost port=5672 virtual_host=d1__1 ssl=False>>
2026-10-07 09:54:21,889 INFO pika.adapters.blocking_connection: Created channel=1
2026-10-07 09:54:21,896 INFO pika.adapters.blocking_connection: Closing connection (200): Normal shutdown
2026-10-07 09:54:21,896 INFO pika.channel: Closing channel (200): 'Normal shutdown' on <Channel number=1 OPEN conn=<SelectConnection OPEN transport=<pika.adapters.utils.io_services_utils._AsyncPlaintextTransport object at 0x1232012b0> params=<URLParameters host=localhost port=5672 virtual_host=d1__1 ssl=False>>>
2026-10-07 09:54:21,897 INFO pika.channel: Received <Channel.CloseOk> on <Channel number=1 CLOSING conn=<SelectConnection OPEN transport=<pika.adapters.utils.io_services_utils._AsyncPlaintextTransport object at 0x1232012b0> params=<URLParameters host=localhost port=5672 virtual_host=d1__1 ssl=False>>>
2026-10-07 09:54:21,897 INFO pika.connection: Closing connection (200): 'Normal shutdown'
2026-10-07 09:54:21,906 INFO pika.adapters.utils.io_services_utils: Aborting transport connection: state=1; <socket.socket fd=9, family=30, type=1, proto=6, laddr=('::1', 51954, 0, 0), raddr=('::1', 5672, 0, 0)>
2026-10-07 09:54:21,906 INFO pika.adapters.utils.io_services_utils: _AsyncTransportBase._initate_abort(): Initiating abrupt asynchronous transport shutdown: state=1; error=None; <socket.socket fd=9, family=30, type=1, proto=6, laddr=('::1', 51954, 0, 0), raddr=('::1', 5672, 0, 0)>
2026-10-07 09:54:21,906 INFO pika.adapters.utils.io_services_utils: Deactivating transport: state=1; <socket.socket fd=9, family=30, type=1, proto=6, laddr=('::1', 51954, 0, 0), raddr=('::1', 5672, 0, 0)>
2026-10-07 09:54:21,906 INFO pika.connection: AMQP stack terminated, failed to connect, or aborted: opened=True, error-arg=None; pending-error=ConnectionClosedByClient: (200) 'Normal shutdown'
2026-10-07 09:54:21,906 INFO pika.connection: Stack terminated due to ConnectionClosedByClient: (200) 'Normal shutdown'
2026-10-07 09:54:21,907 INFO pika.adapters.utils.io_services_utils: Closing transport socket and unlinking: state=3; <socket.socket fd=9, family=30, type=1, proto=6, laddr=('::1', 51954, 0, 0), raddr=('::1', 5672, 0, 0)>
2026-10-07 09:54:21,907 INFO pika.adapters.blocking_connection: User-initiated close: result=BlockingConnection__OnClosedArgs(connection=<SelectConnection CLOSED transport=None params=<URLParameters host=localhost port=5672 virtual_host=d1__1 ssl=False>>, error=ConnectionClosedByClient: (200) 'Normal shutdown')
2026-10-07 09:54:31,919 INFO pika.adapters.utils.connection_workflow: Pika version 1.4.4 connecting to ('::1', 5672, 0, 0)
2026-10-07 09:54:31,920 INFO pika.adapters.utils.io_services_utils: Socket connected: <socket.socket fd=9, family=30, type=1, proto=6, laddr=('::1', 51959, 0, 0), raddr=('::1', 5672, 0, 0)>
2026-10-07 09:54:31,920 INFO pika.adapters.utils.connection_workflow: Streaming transport linked up: (<pika.adapters.utils.io_services_utils._AsyncPlaintextTransport object at 0x123203ce0>, _StreamingProtocolShim: <SelectConnection PROTOCOL transport=<pika.adapters.utils.io_services_utils._AsyncPlaintextTransport object at 0x123203ce0> params=<URLParameters host=localhost port=5672 virtual_host=d1__1 ssl=False>>).
2026-10-07 09:54:31,927 INFO pika.adapters.utils.connection_workflow: AMQPConnector - reporting success: <SelectConnection OPEN transport=<pika.adapters.utils.io_services_utils._AsyncPlaintextTransport object at 0x123203ce0> params=<URLParameters host=localhost port=5672 virtual_host=d1__1 ssl=False>>
2026-10-07 09:54:31,927 INFO pika.adapters.utils.connection_workflow: AMQPConnectionWorkflow - reporting success: <SelectConnection OPEN transport=<pika.adapters.utils.io_services_utils._AsyncPlaintextTransport object at 0x123203ce0> params=<URLParameters host=localhost port=5672 virtual_host=d1__1 ssl=False>>
2026-10-07 09:54:31,927 INFO pika.adapters.blocking_connection: Connection workflow succeeded: <SelectConnection OPEN transport=<pika.adapters.utils.io_services_utils._AsyncPlaintextTransport object at 0x123203ce0> params=<URLParameters host=localhost port=5672 virtual_host=d1__1 ssl=False>>
2026-10-07 09:54:31,927 INFO pika.adapters.blocking_connection: Created channel=1
2026-10-07 09:54:31,934 INFO pika.adapters.blocking_connection: Closing connection (200): Normal shutdown
2026-10-07 09:54:31,934 INFO pika.channel: Closing channel (200): 'Normal shutdown' on <Channel number=1 OPEN conn=<SelectConnection OPEN transport=<pika.adapters.utils.io_services_utils._AsyncPlaintextTransport object at 0x123203ce0> params=<URLParameters host=localhost port=5672 virtual_host=d1__1 ssl=False>>>
2026-10-07 09:54:31,935 INFO pika.channel: Received <Channel.CloseOk> on <Channel number=1 CLOSING conn=<SelectConnection OPEN transport=<pika.adapters.utils.io_services_utils._AsyncPlaintextTransport object at 0x123203ce0> params=<URLParameters host=localhost port=5672 virtual_host=d1__1 ssl=False>>>
2026-10-07 09:54:31,935 INFO pika.connection: Closing connection (200): 'Normal shutdown'
2026-10-07 09:54:31,942 INFO pika.adapters.utils.io_services_utils: Aborting transport connection: state=1; <socket.socket fd=9, family=30, type=1, proto=6, laddr=('::1', 51959, 0, 0), raddr=('::1', 5672, 0, 0)>
2026-10-07 09:54:31,942 INFO pika.adapters.utils.io_services_utils: _AsyncTransportBase._initate_abort(): Initiating abrupt asynchronous transport shutdown: state=1; error=None; <socket.socket fd=9, family=30, type=1, proto=6, laddr=('::1', 51959, 0, 0), raddr=('::1', 5672, 0, 0)>
2026-10-07 09:54:31,942 INFO pika.adapters.utils.io_services_utils: Deactivating transport: state=1; <socket.socket fd=9, family=30, type=1, proto=6, laddr=('::1', 51959, 0, 0), raddr=('::1', 5672, 0, 0)>
2026-10-07 09:54:31,942 INFO pika.connection: AMQP stack terminated, failed to connect, or aborted: opened=True, error-arg=None; pending-error=ConnectionClosedByClient: (200) 'Normal shutdown'
2026-10-07 09:54:31,943 INFO pika.connection: Stack terminated due to ConnectionClosedByClient: (200) 'Normal shutdown'
2026-10-07 09:54:31,943 INFO pika.adapters.utils.io_services_utils: Closing transport socket and unlinking: state=3; <socket.socket fd=9, family=30, type=1, proto=6, laddr=('::1', 51959, 0, 0), raddr=('::1', 5672, 0, 0)>
2026-10-07 09:54:31,943 INFO pika.adapters.blocking_connection: User-initiated close: result=BlockingConnection__OnClosedArgs(connection=<SelectConnection CLOSED transport=None params=<URLParameters host=localhost port=5672 virtual_host=d1__1 ssl=False>>, error=ConnectionClosedByClient: (200) 'Normal shutdown')
2026-10-07 09:54:41,956 INFO pika.adapters.utils.connection_workflow: Pika version 1.4.4 connecting to ('::1', 5672, 0, 0)
2026-10-07 09:54:41,957 INFO pika.adapters.utils.io_services_utils: Socket connected: <socket.socket fd=9, family=30, type=1, proto=6, laddr=('::1', 51963, 0, 0), raddr=('::1', 5672, 0, 0)>
2026-10-07 09:54:41,958 INFO pika.adapters.utils.connection_workflow: Streaming transport linked up: (<pika.adapters.utils.io_services_utils._AsyncPlaintextTransport object at 0x120891460>, _StreamingProtocolShim: <SelectConnection PROTOCOL transport=<pika.adapters.utils.io_services_utils._AsyncPlaintextTransport object at 0x120891460> params=<URLParameters host=localhost port=5672 virtual_host=d1__1 ssl=False>>).
2026-10-07 09:54:41,966 INFO pika.adapters.utils.connection_workflow: AMQPConnector - reporting success: <SelectConnection OPEN transport=<pika.adapters.utils.io_services_utils._AsyncPlaintextTransport object at 0x120891460> params=<URLParameters host=localhost port=5672 virtual_host=d1__1 ssl=False>>
2026-10-07 09:54:41,966 INFO pika.adapters.utils.connection_workflow: AMQPConnectionWorkflow - reporting success: <SelectConnection OPEN transport=<pika.adapters.utils.io_services_utils._AsyncPlaintextTransport object at 0x120891460> params=<URLParameters host=localhost port=5672 virtual_host=d1__1 ssl=False>>
2026-10-07 09:54:41,966 INFO pika.adapters.blocking_connection: Connection workflow succeeded: <SelectConnection OPEN transport=<pika.adapters.utils.io_services_utils._AsyncPlaintextTransport object at 0x120891460> params=<URLParameters host=localhost port=5672 virtual_host=d1__1 ssl=False>>
2026-10-07 09:54:41,966 INFO pika.adapters.blocking_connection: Created channel=1
2026-10-07 09:54:41,973 INFO pika.adapters.blocking_connection: Closing connection (200): Normal shutdown
2026-10-07 09:54:41,973 INFO pika.channel: Closing channel (200): 'Normal shutdown' on <Channel number=1 OPEN conn=<SelectConnection OPEN transport=<pika.adapters.utils.io_services_utils._AsyncPlaintextTransport object at 0x120891460> params=<URLParameters host=localhost port=5672 virtual_host=d1__1 ssl=False>>>
2026-10-07 09:54:41,975 INFO pika.channel: Received <Channel.CloseOk> on <Channel number=1 CLOSING conn=<SelectConnection OPEN transport=<pika.adapters.utils.io_services_utils._AsyncPlaintextTransport object at 0x120891460> params=<URLParameters host=localhost port=5672 virtual_host=d1__1 ssl=False>>>
2026-10-07 09:54:41,975 INFO pika.connection: Closing connection (200): 'Normal shutdown'
2026-10-07 09:54:41,981 INFO pika.adapters.utils.io_services_utils: Aborting transport connection: state=1; <socket.socket fd=9, family=30, type=1, proto=6, laddr=('::1', 51963, 0, 0), raddr=('::1', 5672, 0, 0)>
2026-10-07 09:54:41,981 INFO pika.adapters.utils.io_services_utils: _AsyncTransportBase._initate_abort(): Initiating abrupt asynchronous transport shutdown: state=1; error=None; <socket.socket fd=9, family=30, type=1, proto=6, laddr=('::1', 51963, 0, 0), raddr=('::1', 5672, 0, 0)>
2026-10-07 09:54:41,981 INFO pika.adapters.utils.io_services_utils: Deactivating transport: state=1; <socket.socket fd=9, family=30, type=1, proto=6, laddr=('::1', 51963, 0, 0), raddr=('::1', 5672, 0, 0)>
2026-10-07 09:54:41,981 INFO pika.connection: AMQP stack terminated, failed to connect, or aborted: opened=True, error-arg=None; pending-error=ConnectionClosedByClient: (200) 'Normal shutdown'
2026-10-07 09:54:41,981 INFO pika.connection: Stack terminated due to ConnectionClosedByClient: (200) 'Normal shutdown'
2026-10-07 09:54:41,981 INFO pika.adapters.utils.io_services_utils: Closing transport socket and unlinking: state=3; <socket.socket fd=9, family=30, type=1, proto=6, laddr=('::1', 51963, 0, 0), raddr=('::1', 5672, 0, 0)>
2026-10-07 09:54:41,981 INFO pika.adapters.blocking_connection: User-initiated close: result=BlockingConnection__OnClosedArgs(connection=<SelectConnection CLOSED transport=None params=<URLParameters host=localhost port=5672 virtual_host=d1__1 ssl=False>>, error=ConnectionClosedByClient: (200) 'Normal shutdown')
2026-10-07 09:54:51,996 INFO pika.adapters.utils.connection_workflow: Pika version 1.4.4 connecting to ('::1', 5672, 0, 0)
2026-10-07 09:54:51,996 INFO pika.adapters.utils.io_services_utils: Socket connected: <socket.socket fd=9, family=30, type=1, proto=6, laddr=('::1', 51967, 0, 0), raddr=('::1', 5672, 0, 0)>
2026-10-07 09:54:51,997 INFO pika.adapters.utils.connection_workflow: Streaming transport linked up: (<pika.adapters.utils.io_services_utils._AsyncPlaintextTransport object at 0x123203bc0>, _StreamingProtocolShim: <SelectConnection PROTOCOL transport=<pika.adapters.utils.io_services_utils._AsyncPlaintextTransport object at 0x123203bc0> params=<URLParameters host=localhost port=5672 virtual_host=d1__1 ssl=False>>).
2026-10-07 09:54:52,004 INFO pika.adapters.utils.connection_workflow: AMQPConnector - reporting success: <SelectConnection OPEN transport=<pika.adapters.utils.io_services_utils._AsyncPlaintextTransport object at 0x123203bc0> params=<URLParameters host=localhost port=5672 virtual_host=d1__1 ssl=False>>
2026-10-07 09:54:52,005 INFO pika.adapters.utils.connection_workflow: AMQPConnectionWorkflow - reporting success: <SelectConnection OPEN transport=<pika.adapters.utils.io_services_utils._AsyncPlaintextTransport object at 0x123203bc0> params=<URLParameters host=localhost port=5672 virtual_host=d1__1 ssl=False>>
2026-10-07 09:54:52,005 INFO pika.adapters.blocking_connection: Connection workflow succeeded: <SelectConnection OPEN transport=<pika.adapters.utils.io_services_utils._AsyncPlaintextTransport object at 0x123203bc0> params=<URLParameters host=localhost port=5672 virtual_host=d1__1 ssl=False>>
2026-10-07 09:54:52,005 INFO pika.adapters.blocking_connection: Created channel=1
2026-10-07 09:54:52,012 INFO pika.adapters.blocking_connection: Closing connection (200): Normal shutdown
2026-10-07 09:54:52,012 INFO pika.channel: Closing channel (200): 'Normal shutdown' on <Channel number=1 OPEN conn=<SelectConnection OPEN transport=<pika.adapters.utils.io_services_utils._AsyncPlaintextTransport object at 0x123203bc0> params=<URLParameters host=localhost port=5672 virtual_host=d1__1 ssl=False>>>
2026-10-07 09:54:52,014 INFO pika.channel: Received <Channel.CloseOk> on <Channel number=1 CLOSING conn=<SelectConnection OPEN transport=<pika.adapters.utils.io_services_utils._AsyncPlaintextTransport object at 0x123203bc0> params=<URLParameters host=localhost port=5672 virtual_host=d1__1 ssl=False>>>
2026-10-07 09:54:52,014 INFO pika.connection: Closing connection (200): 'Normal shutdown'
2026-10-07 09:54:52,021 INFO pika.adapters.utils.io_services_utils: Aborting transport connection: state=1; <socket.socket fd=9, family=30, type=1, proto=6, laddr=('::1', 51967, 0, 0), raddr=('::1', 5672, 0, 0)>
2026-10-07 09:54:52,021 INFO pika.adapters.utils.io_services_utils: _AsyncTransportBase._initate_abort(): Initiating abrupt asynchronous transport shutdown: state=1; error=None; <socket.socket fd=9, family=30, type=1, proto=6, laddr=('::1', 51967, 0, 0), raddr=('::1', 5672, 0, 0)>
2026-10-07 09:54:52,021 INFO pika.adapters.utils.io_services_utils: Deactivating transport: state=1; <socket.socket fd=9, family=30, type=1, proto=6, laddr=('::1', 51967, 0, 0), raddr=('::1', 5672, 0, 0)>
2026-10-07 09:54:52,022 INFO pika.connection: AMQP stack terminated, failed to connect, or aborted: opened=True, error-arg=None; pending-error=ConnectionClosedByClient: (200) 'Normal shutdown'
2026-10-07 09:54:52,022 INFO pika.connection: Stack terminated due to ConnectionClosedByClient: (200) 'Normal shutdown'
2026-10-07 09:54:52,022 INFO pika.adapters.utils.io_services_utils: Closing transport socket and unlinking: state=3; <socket.socket fd=9, family=30, type=1, proto=6, laddr=('::1', 51967, 0, 0), raddr=('::1', 5672, 0, 0)>
2026-10-07 09:54:52,022 INFO pika.adapters.blocking_connection: User-initiated close: result=BlockingConnection__OnClosedArgs(connection=<SelectConnection CLOSED transport=None params=<URLParameters host=localhost port=5672 virtual_host=d1__1 ssl=False>>, error=ConnectionClosedByClient: (200) 'Normal shutdown')
2026-10-07 09:55:02,036 INFO pika.adapters.utils.connection_workflow: Pika version 1.4.4 connecting to ('::1', 5672, 0, 0)
2026-10-07 09:55:02,037 INFO pika.adapters.utils.io_services_utils: Socket connected: <socket.socket fd=9, family=30, type=1, proto=6, laddr=('::1', 51972, 0, 0), raddr=('::1', 5672, 0, 0)>
2026-10-07 09:55:02,037 INFO pika.adapters.utils.connection_workflow: Streaming transport linked up: (<pika.adapters.utils.io_services_utils._AsyncPlaintextTransport object at 0x1232036e0>, _StreamingProtocolShim: <SelectConnection PROTOCOL transport=<pika.adapters.utils.io_services_utils._AsyncPlaintextTransport object at 0x1232036e0> params=<URLParameters host=localhost port=5672 virtual_host=d1__1 ssl=False>>).
2026-10-07 09:55:02,045 INFO pika.adapters.utils.connection_workflow: AMQPConnector - reporting success: <SelectConnection OPEN transport=<pika.adapters.utils.io_services_utils._AsyncPlaintextTransport object at 0x1232036e0> params=<URLParameters host=localhost port=5672 virtual_host=d1__1 ssl=False>>
2026-10-07 09:55:02,045 INFO pika.adapters.utils.connection_workflow: AMQPConnectionWorkflow - reporting success: <SelectConnection OPEN transport=<pika.adapters.utils.io_services_utils._AsyncPlaintextTransport object at 0x1232036e0> params=<URLParameters host=localhost port=5672 virtual_host=d1__1 ssl=False>>
2026-10-07 09:55:02,045 INFO pika.adapters.blocking_connection: Connection workflow succeeded: <SelectConnection OPEN transport=<pika.adapters.utils.io_services_utils._AsyncPlaintextTransport object at 0x1232036e0> params=<URLParameters host=localhost port=5672 virtual_host=d1__1 ssl=False>>
2026-10-07 09:55:02,046 INFO pika.adapters.blocking_connection: Created channel=1
2026-10-07 09:55:02,051 INFO pika.adapters.blocking_connection: Closing connection (200): Normal shutdown
2026-10-07 09:55:02,051 INFO pika.channel: Closing channel (200): 'Normal shutdown' on <Channel number=1 OPEN conn=<SelectConnection OPEN transport=<pika.adapters.utils.io_services_utils._AsyncPlaintextTransport object at 0x1232036e0> params=<URLParameters host=localhost port=5672 virtual_host=d1__1 ssl=False>>>
2026-10-07 09:55:02,052 INFO pika.channel: Received <Channel.CloseOk> on <Channel number=1 CLOSING conn=<SelectConnection OPEN transport=<pika.adapters.utils.io_services_utils._AsyncPlaintextTransport object at 0x1232036e0> params=<URLParameters host=localhost port=5672 virtual_host=d1__1 ssl=False>>>
2026-10-07 09:55:02,052 INFO pika.connection: Closing connection (200): 'Normal shutdown'
2026-10-07 09:55:02,058 INFO pika.adapters.utils.io_services_utils: Aborting transport connection: state=1; <socket.socket fd=9, family=30, type=1, proto=6, laddr=('::1', 51972, 0, 0), raddr=('::1', 5672, 0, 0)>
2026-10-07 09:55:02,059 INFO pika.adapters.utils.io_services_utils: _AsyncTransportBase._initate_abort(): Initiating abrupt asynchronous transport shutdown: state=1; error=None; <socket.socket fd=9, family=30, type=1, proto=6, laddr=('::1', 51972, 0, 0), raddr=('::1', 5672, 0, 0)>
2026-10-07 09:55:02,059 INFO pika.adapters.utils.io_services_utils: Deactivating transport: state=1; <socket.socket fd=9, family=30, type=1, proto=6, laddr=('::1', 51972, 0, 0), raddr=('::1', 5672, 0, 0)>
2026-10-07 09:55:02,059 INFO pika.connection: AMQP stack terminated, failed to connect, or aborted: opened=True, error-arg=None; pending-error=ConnectionClosedByClient: (200) 'Normal shutdown'
2026-10-07 09:55:02,059 INFO pika.connection: Stack terminated due to ConnectionClosedByClient: (200) 'Normal shutdown'
2026-10-07 09:55:02,059 INFO pika.adapters.utils.io_services_utils: Closing transport socket and unlinking: state=3; <socket.socket fd=9, family=30, type=1, proto=6, laddr=('::1', 51972, 0, 0), raddr=('::1', 5672, 0, 0)>
2026-10-07 09:55:02,059 INFO pika.adapters.blocking_connection: User-initiated close: result=BlockingConnection__OnClosedArgs(connection=<SelectConnection CLOSED transport=None params=<URLParameters host=localhost port=5672 virtual_host=d1__1 ssl=False>>, error=ConnectionClosedByClient: (200) 'Normal shutdown')
2026-10-07 09:55:12,070 INFO pika.adapters.utils.connection_workflow: Pika version 1.4.4 connecting to ('::1', 5672, 0, 0)
2026-10-07 09:55:12,071 INFO pika.adapters.utils.io_services_utils: Socket connected: <socket.socket fd=9, family=30, type=1, proto=6, laddr=('::1', 51978, 0, 0), raddr=('::1', 5672, 0, 0)>
2026-10-07 09:55:12,071 INFO pika.adapters.utils.connection_workflow: Streaming transport linked up: (<pika.adapters.utils.io_services_utils._AsyncPlaintextTransport object at 0x1232022a0>, _StreamingProtocolShim: <SelectConnection PROTOCOL transport=<pika.adapters.utils.io_services_utils._AsyncPlaintextTransport object at 0x1232022a0> params=<URLParameters host=localhost port=5672 virtual_host=d1__1 ssl=False>>).
2026-10-07 09:55:12,079 INFO pika.adapters.utils.connection_workflow: AMQPConnector - reporting success: <SelectConnection OPEN transport=<pika.adapters.utils.io_services_utils._AsyncPlaintextTransport object at 0x1232022a0> params=<URLParameters host=localhost port=5672 virtual_host=d1__1 ssl=False>>
2026-10-07 09:55:12,079 INFO pika.adapters.utils.connection_workflow: AMQPConnectionWorkflow - reporting success: <SelectConnection OPEN transport=<pika.adapters.utils.io_services_utils._AsyncPlaintextTransport object at 0x1232022a0> params=<URLParameters host=localhost port=5672 virtual_host=d1__1 ssl=False>>
2026-10-07 09:55:12,079 INFO pika.adapters.blocking_connection: Connection workflow succeeded: <SelectConnection OPEN transport=<pika.adapters.utils.io_services_utils._AsyncPlaintextTransport object at 0x1232022a0> params=<URLParameters host=localhost port=5672 virtual_host=d1__1 ssl=False>>
2026-10-07 09:55:12,080 INFO pika.adapters.blocking_connection: Created channel=1
2026-10-07 09:55:12,086 INFO pika.adapters.blocking_connection: Closing connection (200): Normal shutdown
2026-10-07 09:55:12,086 INFO pika.channel: Closing channel (200): 'Normal shutdown' on <Channel number=1 OPEN conn=<SelectConnection OPEN transport=<pika.adapters.utils.io_services_utils._AsyncPlaintextTransport object at 0x1232022a0> params=<URLParameters host=localhost port=5672 virtual_host=d1__1 ssl=False>>>
2026-10-07 09:55:12,088 INFO pika.channel: Received <Channel.CloseOk> on <Channel number=1 CLOSING conn=<SelectConnection OPEN transport=<pika.adapters.utils.io_services_utils._AsyncPlaintextTransport object at 0x1232022a0> params=<URLParameters host=localhost port=5672 virtual_host=d1__1 ssl=False>>>
2026-10-07 09:55:12,088 INFO pika.connection: Closing connection (200): 'Normal shutdown'
2026-10-07 09:55:12,095 INFO pika.adapters.utils.io_services_utils: Aborting transport connection: state=1; <socket.socket fd=9, family=30, type=1, proto=6, laddr=('::1', 51978, 0, 0), raddr=('::1', 5672, 0, 0)>
2026-10-07 09:55:12,095 INFO pika.adapters.utils.io_services_utils: _AsyncTransportBase._initate_abort(): Initiating abrupt asynchronous transport shutdown: state=1; error=None; <socket.socket fd=9, family=30, type=1, proto=6, laddr=('::1', 51978, 0, 0), raddr=('::1', 5672, 0, 0)>
2026-10-07 09:55:12,095 INFO pika.adapters.utils.io_services_utils: Deactivating transport: state=1; <socket.socket fd=9, family=30, type=1, proto=6, laddr=('::1', 51978, 0, 0), raddr=('::1', 5672, 0, 0)>
2026-10-07 09:55:12,095 INFO pika.connection: AMQP stack terminated, failed to connect, or aborted: opened=True, error-arg=None; pending-error=ConnectionClosedByClient: (200) 'Normal shutdown'
2026-10-07 09:55:12,095 INFO pika.connection: Stack terminated due to ConnectionClosedByClient: (200) 'Normal shutdown'
2026-10-07 09:55:12,095 INFO pika.adapters.utils.io_services_utils: Closing transport socket and unlinking: state=3; <socket.socket fd=9, family=30, type=1, proto=6, laddr=('::1', 51978, 0, 0), raddr=('::1', 5672, 0, 0)>
2026-10-07 09:55:12,095 INFO pika.adapters.blocking_connection: User-initiated close: result=BlockingConnection__OnClosedArgs(connection=<SelectConnection CLOSED transport=None params=<URLParameters host=localhost port=5672 virtual_host=d1__1 ssl=False>>, error=ConnectionClosedByClient: (200) 'Normal shutdown')
2026-10-07 09:55:22,107 INFO pika.adapters.utils.connection_workflow: Pika version 1.4.4 connecting to ('::1', 5672, 0, 0)
2026-10-07 09:55:22,108 INFO pika.adapters.utils.io_services_utils: Socket connected: <socket.socket fd=9, family=30, type=1, proto=6, laddr=('::1', 51986, 0, 0), raddr=('::1', 5672, 0, 0)>
2026-10-07 09:55:22,108 INFO pika.adapters.utils.connection_workflow: Streaming transport linked up: (<pika.adapters.utils.io_services_utils._AsyncPlaintextTransport object at 0x123203080>, _StreamingProtocolShim: <SelectConnection PROTOCOL transport=<pika.adapters.utils.io_services_utils._AsyncPlaintextTransport object at 0x123203080> params=<URLParameters host=localhost port=5672 virtual_host=d1__1 ssl=False>>).
2026-10-07 09:55:22,116 INFO pika.adapters.utils.connection_workflow: AMQPConnector - reporting success: <SelectConnection OPEN transport=<pika.adapters.utils.io_services_utils._AsyncPlaintextTransport object at 0x123203080> params=<URLParameters host=localhost port=5672 virtual_host=d1__1 ssl=False>>
2026-10-07 09:55:22,116 INFO pika.adapters.utils.connection_workflow: AMQPConnectionWorkflow - reporting success: <SelectConnection OPEN transport=<pika.adapters.utils.io_services_utils._AsyncPlaintextTransport object at 0x123203080> params=<URLParameters host=localhost port=5672 virtual_host=d1__1 ssl=False>>
2026-10-07 09:55:22,116 INFO pika.adapters.blocking_connection: Connection workflow succeeded: <SelectConnection OPEN transport=<pika.adapters.utils.io_services_utils._AsyncPlaintextTransport object at 0x123203080> params=<URLParameters host=localhost port=5672 virtual_host=d1__1 ssl=False>>
2026-10-07 09:55:22,116 INFO pika.adapters.blocking_connection: Created channel=1
2026-10-07 09:55:22,122 INFO pika.adapters.blocking_connection: Closing connection (200): Normal shutdown
2026-10-07 09:55:22,122 INFO pika.channel: Closing channel (200): 'Normal shutdown' on <Channel number=1 OPEN conn=<SelectConnection OPEN transport=<pika.adapters.utils.io_services_utils._AsyncPlaintextTransport object at 0x123203080> params=<URLParameters host=localhost port=5672 virtual_host=d1__1 ssl=False>>>
2026-10-07 09:55:22,123 INFO pika.channel: Received <Channel.CloseOk> on <Channel number=1 CLOSING conn=<SelectConnection OPEN transport=<pika.adapters.utils.io_services_utils._AsyncPlaintextTransport object at 0x123203080> params=<URLParameters host=localhost port=5672 virtual_host=d1__1 ssl=False>>>
2026-10-07 09:55:22,123 INFO pika.connection: Closing connection (200): 'Normal shutdown'
2026-10-07 09:55:22,130 INFO pika.adapters.utils.io_services_utils: Aborting transport connection: state=1; <socket.socket fd=9, family=30, type=1, proto=6, laddr=('::1', 51986, 0, 0), raddr=('::1', 5672, 0, 0)>
2026-10-07 09:55:22,131 INFO pika.adapters.utils.io_services_utils: _AsyncTransportBase._initate_abort(): Initiating abrupt asynchronous transport shutdown: state=1; error=None; <socket.socket fd=9, family=30, type=1, proto=6, laddr=('::1', 51986, 0, 0), raddr=('::1', 5672, 0, 0)>
2026-10-07 09:55:22,131 INFO pika.adapters.utils.io_services_utils: Deactivating transport: state=1; <socket.socket fd=9, family=30, type=1, proto=6, laddr=('::1', 51986, 0, 0), raddr=('::1', 5672, 0, 0)>
2026-10-07 09:55:22,131 INFO pika.connection: AMQP stack terminated, failed to connect, or aborted: opened=True, error-arg=None; pending-error=ConnectionClosedByClient: (200) 'Normal shutdown'
2026-10-07 09:55:22,131 INFO pika.connection: Stack terminated due to ConnectionClosedByClient: (200) 'Normal shutdown'
2026-10-07 09:55:22,131 INFO pika.adapters.utils.io_services_utils: Closing transport socket and unlinking: state=3; <socket.socket fd=9, family=30, type=1, proto=6, laddr=('::1', 51986, 0, 0), raddr=('::1', 5672, 0, 0)>
2026-10-07 09:55:22,131 INFO pika.adapters.blocking_connection: User-initiated close: result=BlockingConnection__OnClosedArgs(connection=<SelectConnection CLOSED transport=None params=<URLParameters host=localhost port=5672 virtual_host=d1__1 ssl=False>>, error=ConnectionClosedByClient: (200) 'Normal shutdown')
2026-10-07 09:55:32,141 INFO pika.adapters.utils.connection_workflow: Pika version 1.4.4 connecting to ('::1', 5672, 0, 0)
2026-10-07 09:55:32,142 INFO pika.adapters.utils.io_services_utils: Socket connected: <socket.socket fd=9, family=30, type=1, proto=6, laddr=('::1', 51990, 0, 0), raddr=('::1', 5672, 0, 0)>
2026-10-07 09:55:32,142 INFO pika.adapters.utils.connection_workflow: Streaming transport linked up: (<pika.adapters.utils.io_services_utils._AsyncPlaintextTransport object at 0x123218530>, _StreamingProtocolShim: <SelectConnection PROTOCOL transport=<pika.adapters.utils.io_services_utils._AsyncPlaintextTransport object at 0x123218530> params=<URLParameters host=localhost port=5672 virtual_host=d1__1 ssl=False>>).
2026-10-07 09:55:32,150 INFO pika.adapters.utils.connection_workflow: AMQPConnector - reporting success: <SelectConnection OPEN transport=<pika.adapters.utils.io_services_utils._AsyncPlaintextTransport object at 0x123218530> params=<URLParameters host=localhost port=5672 virtual_host=d1__1 ssl=False>>
2026-10-07 09:55:32,150 INFO pika.adapters.utils.connection_workflow: AMQPConnectionWorkflow - reporting success: <SelectConnection OPEN transport=<pika.adapters.utils.io_services_utils._AsyncPlaintextTransport object at 0x123218530> params=<URLParameters host=localhost port=5672 virtual_host=d1__1 ssl=False>>
2026-10-07 09:55:32,150 INFO pika.adapters.blocking_connection: Connection workflow succeeded: <SelectConnection OPEN transport=<pika.adapters.utils.io_services_utils._AsyncPlaintextTransport object at 0x123218530> params=<URLParameters host=localhost port=5672 virtual_host=d1__1 ssl=False>>
2026-10-07 09:55:32,150 INFO pika.adapters.blocking_connection: Created channel=1
2026-10-07 09:55:32,157 INFO pika.adapters.blocking_connection: Closing connection (200): Normal shutdown
2026-10-07 09:55:32,157 INFO pika.channel: Closing channel (200): 'Normal shutdown' on <Channel number=1 OPEN conn=<SelectConnection OPEN transport=<pika.adapters.utils.io_services_utils._AsyncPlaintextTransport object at 0x123218530> params=<URLParameters host=localhost port=5672 virtual_host=d1__1 ssl=False>>>
2026-10-07 09:55:32,158 INFO pika.channel: Received <Channel.CloseOk> on <Channel number=1 CLOSING conn=<SelectConnection OPEN transport=<pika.adapters.utils.io_services_utils._AsyncPlaintextTransport object at 0x123218530> params=<URLParameters host=localhost port=5672 virtual_host=d1__1 ssl=False>>>
2026-10-07 09:55:32,159 INFO pika.connection: Closing connection (200): 'Normal shutdown'
2026-10-07 09:55:32,165 INFO pika.adapters.utils.io_services_utils: Aborting transport connection: state=1; <socket.socket fd=9, family=30, type=1, proto=6, laddr=('::1', 51990, 0, 0), raddr=('::1', 5672, 0, 0)>
2026-10-07 09:55:32,165 INFO pika.adapters.utils.io_services_utils: _AsyncTransportBase._initate_abort(): Initiating abrupt asynchronous transport shutdown: state=1; error=None; <socket.socket fd=9, family=30, type=1, proto=6, laddr=('::1', 51990, 0, 0), raddr=('::1', 5672, 0, 0)>
2026-10-07 09:55:32,165 INFO pika.adapters.utils.io_services_utils: Deactivating transport: state=1; <socket.socket fd=9, family=30, type=1, proto=6, laddr=('::1', 51990, 0, 0), raddr=('::1', 5672, 0, 0)>
2026-10-07 09:55:32,165 INFO pika.connection: AMQP stack terminated, failed to connect, or aborted: opened=True, error-arg=None; pending-error=ConnectionClosedByClient: (200) 'Normal shutdown'
2026-10-07 09:55:32,165 INFO pika.connection: Stack terminated due to ConnectionClosedByClient: (200) 'Normal shutdown'
2026-10-07 09:55:32,166 INFO pika.adapters.utils.io_services_utils: Closing transport socket and unlinking: state=3; <socket.socket fd=9, family=30, type=1, proto=6, laddr=('::1', 51990, 0, 0), raddr=('::1', 5672, 0, 0)>
2026-10-07 09:55:32,166 INFO pika.adapters.blocking_connection: User-initiated close: result=BlockingConnection__OnClosedArgs(connection=<SelectConnection CLOSED transport=None params=<URLParameters host=localhost port=5672 virtual_host=d1__1 ssl=False>>, error=ConnectionClosedByClient: (200) 'Normal shutdown')
2026-10-07 09:55:42,179 INFO pika.adapters.utils.connection_workflow: Pika version 1.4.4 connecting to ('::1', 5672, 0, 0)
2026-10-07 09:55:42,179 INFO pika.adapters.utils.io_services_utils: Socket connected: <socket.socket fd=9, family=30, type=1, proto=6, laddr=('::1', 51996, 0, 0), raddr=('::1', 5672, 0, 0)>
2026-10-07 09:55:42,180 INFO pika.adapters.utils.connection_workflow: Streaming transport linked up: (<pika.adapters.utils.io_services_utils._AsyncPlaintextTransport object at 0x123218290>, _StreamingProtocolShim: <SelectConnection PROTOCOL transport=<pika.adapters.utils.io_services_utils._AsyncPlaintextTransport object at 0x123218290> params=<URLParameters host=localhost port=5672 virtual_host=d1__1 ssl=False>>).
2026-10-07 09:55:42,186 INFO pika.adapters.utils.connection_workflow: AMQPConnector - reporting success: <SelectConnection OPEN transport=<pika.adapters.utils.io_services_utils._AsyncPlaintextTransport object at 0x123218290> params=<URLParameters host=localhost port=5672 virtual_host=d1__1 ssl=False>>
2026-10-07 09:55:42,186 INFO pika.adapters.utils.connection_workflow: AMQPConnectionWorkflow - reporting success: <SelectConnection OPEN transport=<pika.adapters.utils.io_services_utils._AsyncPlaintextTransport object at 0x123218290> params=<URLParameters host=localhost port=5672 virtual_host=d1__1 ssl=False>>
2026-10-07 09:55:42,186 INFO pika.adapters.blocking_connection: Connection workflow succeeded: <SelectConnection OPEN transport=<pika.adapters.utils.io_services_utils._AsyncPlaintextTransport object at 0x123218290> params=<URLParameters host=localhost port=5672 virtual_host=d1__1 ssl=False>>
2026-10-07 09:55:42,186 INFO pika.adapters.blocking_connection: Created channel=1
2026-10-07 09:55:42,192 INFO pika.adapters.blocking_connection: Closing connection (200): Normal shutdown
2026-10-07 09:55:42,192 INFO pika.channel: Closing channel (200): 'Normal shutdown' on <Channel number=1 OPEN conn=<SelectConnection OPEN transport=<pika.adapters.utils.io_services_utils._AsyncPlaintextTransport object at 0x123218290> params=<URLParameters host=localhost port=5672 virtual_host=d1__1 ssl=False>>>
2026-10-07 09:55:42,193 INFO pika.channel: Received <Channel.CloseOk> on <Channel number=1 CLOSING conn=<SelectConnection OPEN transport=<pika.adapters.utils.io_services_utils._AsyncPlaintextTransport object at 0x123218290> params=<URLParameters host=localhost port=5672 virtual_host=d1__1 ssl=False>>>
2026-10-07 09:55:42,193 INFO pika.connection: Closing connection (200): 'Normal shutdown'
2026-10-07 09:55:42,199 INFO pika.adapters.utils.io_services_utils: Aborting transport connection: state=1; <socket.socket fd=9, family=30, type=1, proto=6, laddr=('::1', 51996, 0, 0), raddr=('::1', 5672, 0, 0)>
2026-10-07 09:55:42,200 INFO pika.adapters.utils.io_services_utils: _AsyncTransportBase._initate_abort(): Initiating abrupt asynchronous transport shutdown: state=1; error=None; <socket.socket fd=9, family=30, type=1, proto=6, laddr=('::1', 51996, 0, 0), raddr=('::1', 5672, 0, 0)>
2026-10-07 09:55:42,200 INFO pika.adapters.utils.io_services_utils: Deactivating transport: state=1; <socket.socket fd=9, family=30, type=1, proto=6, laddr=('::1', 51996, 0, 0), raddr=('::1', 5672, 0, 0)>
2026-10-07 09:55:42,200 INFO pika.connection: AMQP stack terminated, failed to connect, or aborted: opened=True, error-arg=None; pending-error=ConnectionClosedByClient: (200) 'Normal shutdown'
2026-10-07 09:55:42,200 INFO pika.connection: Stack terminated due to ConnectionClosedByClient: (200) 'Normal shutdown'
2026-10-07 09:55:42,200 INFO pika.adapters.utils.io_services_utils: Closing transport socket and unlinking: state=3; <socket.socket fd=9, family=30, type=1, proto=6, laddr=('::1', 51996, 0, 0), raddr=('::1', 5672, 0, 0)>
2026-10-07 09:55:42,200 INFO pika.adapters.blocking_connection: User-initiated close: result=BlockingConnection__OnClosedArgs(connection=<SelectConnection CLOSED transport=None params=<URLParameters host=localhost port=5672 virtual_host=d1__1 ssl=False>>, error=ConnectionClosedByClient: (200) 'Normal shutdown')
