2026-10-07 09:46:58,878 INFO alembic.runtime.migration: Context impl SQLiteImpl.
2026-10-07 09:46:58,878 INFO alembic.runtime.migration: Will assume non-transactional DDL.
2026-10-07 09:46:58,897 INFO pika.adapters.utils.connection_workflow: Pika version 1.4.4 connecting to ('::1', 5672, 0, 0)
2026-10-07 09:46:58,897 INFO pika.adapters.utils.io_services_utils: Socket connected: <socket.socket fd=8, family=30, type=1, proto=6, laddr=('::1', 50860, 0, 0), raddr=('::1', 5672, 0, 0)>
2026-10-07 09:46:58,897 INFO pika.adapters.utils.connection_workflow: Streaming transport linked up: (<pika.adapters.utils.io_services_utils._AsyncPlaintextTransport object at 0x1039aef60>, _StreamingProtocolShim: <SelectConnection PROTOCOL transport=<pika.adapters.utils.io_services_utils._AsyncPlaintextTransport object at 0x1039aef60> params=<URLParameters host=localhost port=5672 virtual_host=d1__1 ssl=False>>).
2026-10-07 09:46:58,903 INFO pika.adapters.utils.connection_workflow: AMQPConnector - reporting success: <SelectConnection OPEN transport=<pika.adapters.utils.io_services_utils._AsyncPlaintextTransport object at 0x1039aef60> params=<URLParameters host=localhost port=5672 virtual_host=d1__1 ssl=False>>
2026-10-07 09:46:58,903 INFO pika.adapters.utils.connection_workflow: AMQPConnectionWorkflow - reporting success: <SelectConnection OPEN transport=<pika.adapters.utils.io_services_utils._AsyncPlaintextTransport object at 0x1039aef60> params=<URLParameters host=localhost port=5672 virtual_host=d1__1 ssl=False>>
2026-10-07 09:46:58,903 INFO pika.adapters.blocking_connection: Connection workflow succeeded: <SelectConnection OPEN transport=<pika.adapters.utils.io_services_utils._AsyncPlaintextTransport object at 0x1039aef60> params=<URLParameters host=localhost port=5672 virtual_host=d1__1 ssl=False>>
2026-10-07 09:46:58,903 INFO pika.adapters.blocking_connection: Created channel=1
2026-10-07 09:46:58,910 INFO gwalerter.tap: Bound d1.alerts-tap to alertsmic_tx with rjb.*.*.gw-alert.#; posting to https://api.opsgenie.com/v2/alerts
2026-10-07 09:46:58,913 INFO pika.adapters.blocking_connection: Created new queue consumer generator <_QueueConsumerGeneratorInfo params=('d1.alerts-tap', False, False) consumer_tag='ctag1.21c6188bd2664153a26c551500d3eecf'>
2026-10-07 09:48:02,635 INFO pika.adapters.utils.io_services_utils: Aborting transport connection: state=1; <socket.socket fd=8, family=30, type=1, proto=6, laddr=('::1', 50860, 0, 0), raddr=('::1', 5672, 0, 0)>
2026-10-07 09:48:02,635 INFO pika.adapters.utils.io_services_utils: _AsyncTransportBase._initate_abort(): Initiating abrupt asynchronous transport shutdown: state=1; error=None; <socket.socket fd=8, family=30, type=1, proto=6, laddr=('::1', 50860, 0, 0), raddr=('::1', 5672, 0, 0)>
2026-10-07 09:48:02,635 INFO pika.adapters.utils.io_services_utils: Deactivating transport: state=1; <socket.socket fd=8, family=30, type=1, proto=6, laddr=('::1', 50860, 0, 0), raddr=('::1', 5672, 0, 0)>
2026-10-07 09:48:02,636 INFO pika.connection: AMQP stack terminated, failed to connect, or aborted: opened=True, error-arg=None; pending-error=ConnectionClosedByBroker: (320) "CONNECTION_FORCED - broker forced connection closure with reason 'shutdown'"
2026-10-07 09:48:02,636 INFO pika.connection: Stack terminated due to ConnectionClosedByBroker: (320) "CONNECTION_FORCED - broker forced connection closure with reason 'shutdown'"
2026-10-07 09:48:02,636 INFO pika.adapters.utils.io_services_utils: Closing transport socket and unlinking: state=3; <socket.socket fd=8, family=30, type=1, proto=6, laddr=('::1', 50860, 0, 0), raddr=('::1', 5672, 0, 0)>
2026-10-07 09:48:02,636 ERROR pika.adapters.blocking_connection: Unexpected connection close detected: ConnectionClosedByBroker: (320) "CONNECTION_FORCED - broker forced connection closure with reason 'shutdown'"
Traceback (most recent call last):
  File "/Users/jessica/GridWorks/gridworks-alerter/src/gwalerter/tap.py", line 329, in run
    for method, _properties, body in channel.consume(
                                     ^^^^^^^^^^^^^^^^
  File "/Users/jessica/GridWorks/gridworks-alerter/.venv/lib/python3.12/site-packages/pika/adapters/blocking_connection.py", line 2112, in consume
    self._process_data_events(time_limit=delta)
  File "/Users/jessica/GridWorks/gridworks-alerter/.venv/lib/python3.12/site-packages/pika/adapters/blocking_connection.py", line 2147, in _process_data_events
    self.connection.process_data_events(time_limit=time_limit)
  File "/Users/jessica/GridWorks/gridworks-alerter/.venv/lib/python3.12/site-packages/pika/adapters/blocking_connection.py", line 900, in process_data_events
    self._flush_output(timer.is_ready, common_terminator)
  File "/Users/jessica/GridWorks/gridworks-alerter/.venv/lib/python3.12/site-packages/pika/adapters/blocking_connection.py", line 551, in _flush_output
    raise self._closed_result.value.error
pika.exceptions.ConnectionClosedByBroker: (320, "CONNECTION_FORCED - broker forced connection closure with reason 'shutdown'")

During handling of the above exception, another exception occurred:

Traceback (most recent call last):
  File "/Users/jessica/GridWorks/gridworks-alerter/.venv/bin/gwalerter", line 10, in <module>
    sys.exit(main())
             ^^^^^^
  File "/Users/jessica/GridWorks/gridworks-alerter/src/gwalerter/cli.py", line 114, in main
    run_tap()
  File "/Users/jessica/GridWorks/gridworks-alerter/src/gwalerter/cli.py", line 82, in run_tap
    Tap(settings=settings, store=store).run()
  File "/Users/jessica/GridWorks/gridworks-alerter/src/gwalerter/tap.py", line 341, in run
    channel.cancel()
  File "/Users/jessica/GridWorks/gridworks-alerter/.venv/lib/python3.12/site-packages/pika/adapters/blocking_connection.py", line 2204, in cancel
    self.basic_cancel(self._queue_consumer_generator.consumer_tag)
  File "/Users/jessica/GridWorks/gridworks-alerter/.venv/lib/python3.12/site-packages/pika/adapters/blocking_connection.py", line 1869, in basic_cancel
    assert (consumer_info.cancelled_by_broker or
            ^^^^^^^^^^^^^^^^^^^^^^^^^^^^^^^^^^^^
AssertionError: ctag1.21c6188bd2664153a26c551500d3eecf
09:48:02 tap exited 0; restarting in 3 s
2026-10-07 09:48:06,062 INFO alembic.runtime.migration: Context impl SQLiteImpl.
2026-10-07 09:48:06,062 INFO alembic.runtime.migration: Will assume non-transactional DDL.
2026-10-07 09:48:06,081 INFO pika.adapters.utils.connection_workflow: Pika version 1.4.4 connecting to ('::1', 5672, 0, 0)
2026-10-07 09:48:06,081 ERROR pika.adapters.utils.io_services_utils: Socket failed to connect: <socket.socket fd=8, family=30, type=1, proto=6, laddr=('::1', 50932, 0, 0)>; error=61 (Connection refused)
2026-10-07 09:48:06,081 ERROR pika.adapters.utils.connection_workflow: TCP Connection attempt failed: ConnectionRefusedError(61, 'Connection refused'); dest=(<AddressFamily.AF_INET6: 30>, <SocketKind.SOCK_STREAM: 1>, 6, '', ('::1', 5672, 0, 0))
2026-10-07 09:48:06,081 ERROR pika.adapters.utils.connection_workflow: AMQPConnector - reporting failure: AMQPConnectorSocketConnectError: ConnectionRefusedError(61, 'Connection refused')
2026-10-07 09:48:06,081 INFO pika.adapters.utils.connection_workflow: Pika version 1.4.4 connecting to ('127.0.0.1', 5672)
2026-10-07 09:48:06,081 ERROR pika.adapters.utils.io_services_utils: Socket failed to connect: <socket.socket fd=8, family=2, type=1, proto=6, laddr=('127.0.0.1', 50933)>; error=61 (Connection refused)
2026-10-07 09:48:06,081 ERROR pika.adapters.utils.connection_workflow: TCP Connection attempt failed: ConnectionRefusedError(61, 'Connection refused'); dest=(<AddressFamily.AF_INET: 2>, <SocketKind.SOCK_STREAM: 1>, 6, '', ('127.0.0.1', 5672))
2026-10-07 09:48:06,081 ERROR pika.adapters.utils.connection_workflow: AMQPConnector - reporting failure: AMQPConnectorSocketConnectError: ConnectionRefusedError(61, 'Connection refused')
2026-10-07 09:48:06,081 ERROR pika.adapters.utils.connection_workflow: AMQP connection workflow failed: AMQPConnectionWorkflowFailed: 2 exceptions in all; last exception - AMQPConnectorSocketConnectError: ConnectionRefusedError(61, 'Connection refused'); first exception - AMQPConnectorSocketConnectError: ConnectionRefusedError(61, 'Connection refused').
2026-10-07 09:48:06,081 ERROR pika.adapters.utils.connection_workflow: AMQPConnectionWorkflow - reporting failure: AMQPConnectionWorkflowFailed: 2 exceptions in all; last exception - AMQPConnectorSocketConnectError: ConnectionRefusedError(61, 'Connection refused'); first exception - AMQPConnectorSocketConnectError: ConnectionRefusedError(61, 'Connection refused')
2026-10-07 09:48:06,081 ERROR pika.adapters.blocking_connection: Connection workflow failed: AMQPConnectionWorkflowFailed: 2 exceptions in all; last exception - AMQPConnectorSocketConnectError: ConnectionRefusedError(61, 'Connection refused'); first exception - AMQPConnectorSocketConnectError: ConnectionRefusedError(61, 'Connection refused')
2026-10-07 09:48:06,081 ERROR pika.adapters.blocking_connection: Error in _create_connection().
Traceback (most recent call last):
  File "/Users/jessica/GridWorks/gridworks-alerter/.venv/lib/python3.12/site-packages/pika/adapters/blocking_connection.py", line 478, in _create_connection
    raise self._reap_last_connection_workflow_error(error)
pika.exceptions.AMQPConnectionError
Traceback (most recent call last):
  File "/Users/jessica/GridWorks/gridworks-alerter/.venv/bin/gwalerter", line 10, in <module>
    sys.exit(main())
             ^^^^^^
  File "/Users/jessica/GridWorks/gridworks-alerter/src/gwalerter/cli.py", line 114, in main
    run_tap()
  File "/Users/jessica/GridWorks/gridworks-alerter/src/gwalerter/cli.py", line 82, in run_tap
    Tap(settings=settings, store=store).run()
  File "/Users/jessica/GridWorks/gridworks-alerter/src/gwalerter/tap.py", line 313, in run
    connection = pika.BlockingConnection(
                 ^^^^^^^^^^^^^^^^^^^^^^^^
  File "/Users/jessica/GridWorks/gridworks-alerter/.venv/lib/python3.12/site-packages/pika/adapters/blocking_connection.py", line 381, in __init__
    self._impl = self._create_connection(parameters, _impl_class)
                 ^^^^^^^^^^^^^^^^^^^^^^^^^^^^^^^^^^^^^^^^^^^^^^^^
  File "/Users/jessica/GridWorks/gridworks-alerter/.venv/lib/python3.12/site-packages/pika/adapters/blocking_connection.py", line 478, in _create_connection
    raise self._reap_last_connection_workflow_error(error)
pika.exceptions.AMQPConnectionError
09:48:06 tap exited 0; restarting in 3 s
2026-10-07 09:48:09,471 INFO alembic.runtime.migration: Context impl SQLiteImpl.
2026-10-07 09:48:09,471 INFO alembic.runtime.migration: Will assume non-transactional DDL.
2026-10-07 09:48:09,489 INFO pika.adapters.utils.connection_workflow: Pika version 1.4.4 connecting to ('::1', 5672, 0, 0)
2026-10-07 09:48:09,489 ERROR pika.adapters.utils.io_services_utils: Socket failed to connect: <socket.socket fd=8, family=30, type=1, proto=6, laddr=('::1', 50952, 0, 0)>; error=61 (Connection refused)
2026-10-07 09:48:09,489 ERROR pika.adapters.utils.connection_workflow: TCP Connection attempt failed: ConnectionRefusedError(61, 'Connection refused'); dest=(<AddressFamily.AF_INET6: 30>, <SocketKind.SOCK_STREAM: 1>, 6, '', ('::1', 5672, 0, 0))
2026-10-07 09:48:09,489 ERROR pika.adapters.utils.connection_workflow: AMQPConnector - reporting failure: AMQPConnectorSocketConnectError: ConnectionRefusedError(61, 'Connection refused')
2026-10-07 09:48:09,489 INFO pika.adapters.utils.connection_workflow: Pika version 1.4.4 connecting to ('127.0.0.1', 5672)
2026-10-07 09:48:09,489 ERROR pika.adapters.utils.io_services_utils: Socket failed to connect: <socket.socket fd=8, family=2, type=1, proto=6, laddr=('127.0.0.1', 50953)>; error=61 (Connection refused)
2026-10-07 09:48:09,489 ERROR pika.adapters.utils.connection_workflow: TCP Connection attempt failed: ConnectionRefusedError(61, 'Connection refused'); dest=(<AddressFamily.AF_INET: 2>, <SocketKind.SOCK_STREAM: 1>, 6, '', ('127.0.0.1', 5672))
2026-10-07 09:48:09,489 ERROR pika.adapters.utils.connection_workflow: AMQPConnector - reporting failure: AMQPConnectorSocketConnectError: ConnectionRefusedError(61, 'Connection refused')
2026-10-07 09:48:09,489 ERROR pika.adapters.utils.connection_workflow: AMQP connection workflow failed: AMQPConnectionWorkflowFailed: 2 exceptions in all; last exception - AMQPConnectorSocketConnectError: ConnectionRefusedError(61, 'Connection refused'); first exception - AMQPConnectorSocketConnectError: ConnectionRefusedError(61, 'Connection refused').
2026-10-07 09:48:09,489 ERROR pika.adapters.utils.connection_workflow: AMQPConnectionWorkflow - reporting failure: AMQPConnectionWorkflowFailed: 2 exceptions in all; last exception - AMQPConnectorSocketConnectError: ConnectionRefusedError(61, 'Connection refused'); first exception - AMQPConnectorSocketConnectError: ConnectionRefusedError(61, 'Connection refused')
2026-10-07 09:48:09,489 ERROR pika.adapters.blocking_connection: Connection workflow failed: AMQPConnectionWorkflowFailed: 2 exceptions in all; last exception - AMQPConnectorSocketConnectError: ConnectionRefusedError(61, 'Connection refused'); first exception - AMQPConnectorSocketConnectError: ConnectionRefusedError(61, 'Connection refused')
2026-10-07 09:48:09,489 ERROR pika.adapters.blocking_connection: Error in _create_connection().
Traceback (most recent call last):
  File "/Users/jessica/GridWorks/gridworks-alerter/.venv/lib/python3.12/site-packages/pika/adapters/blocking_connection.py", line 478, in _create_connection
    raise self._reap_last_connection_workflow_error(error)
pika.exceptions.AMQPConnectionError
Traceback (most recent call last):
  File "/Users/jessica/GridWorks/gridworks-alerter/.venv/bin/gwalerter", line 10, in <module>
    sys.exit(main())
             ^^^^^^
  File "/Users/jessica/GridWorks/gridworks-alerter/src/gwalerter/cli.py", line 114, in main
    run_tap()
  File "/Users/jessica/GridWorks/gridworks-alerter/src/gwalerter/cli.py", line 82, in run_tap
    Tap(settings=settings, store=store).run()
  File "/Users/jessica/GridWorks/gridworks-alerter/src/gwalerter/tap.py", line 313, in run
    connection = pika.BlockingConnection(
                 ^^^^^^^^^^^^^^^^^^^^^^^^
  File "/Users/jessica/GridWorks/gridworks-alerter/.venv/lib/python3.12/site-packages/pika/adapters/blocking_connection.py", line 381, in __init__
    self._impl = self._create_connection(parameters, _impl_class)
                 ^^^^^^^^^^^^^^^^^^^^^^^^^^^^^^^^^^^^^^^^^^^^^^^^
  File "/Users/jessica/GridWorks/gridworks-alerter/.venv/lib/python3.12/site-packages/pika/adapters/blocking_connection.py", line 478, in _create_connection
    raise self._reap_last_connection_workflow_error(error)
pika.exceptions.AMQPConnectionError
09:48:09 tap exited 0; restarting in 3 s
2026-10-07 09:48:12,866 INFO alembic.runtime.migration: Context impl SQLiteImpl.
2026-10-07 09:48:12,866 INFO alembic.runtime.migration: Will assume non-transactional DDL.
2026-10-07 09:48:12,885 INFO pika.adapters.utils.connection_workflow: Pika version 1.4.4 connecting to ('::1', 5672, 0, 0)
2026-10-07 09:48:12,885 ERROR pika.adapters.utils.io_services_utils: Socket failed to connect: <socket.socket fd=8, family=30, type=1, proto=6, laddr=('::1', 50976, 0, 0)>; error=61 (Connection refused)
2026-10-07 09:48:12,885 ERROR pika.adapters.utils.connection_workflow: TCP Connection attempt failed: ConnectionRefusedError(61, 'Connection refused'); dest=(<AddressFamily.AF_INET6: 30>, <SocketKind.SOCK_STREAM: 1>, 6, '', ('::1', 5672, 0, 0))
2026-10-07 09:48:12,885 ERROR pika.adapters.utils.connection_workflow: AMQPConnector - reporting failure: AMQPConnectorSocketConnectError: ConnectionRefusedError(61, 'Connection refused')
2026-10-07 09:48:12,885 INFO pika.adapters.utils.connection_workflow: Pika version 1.4.4 connecting to ('127.0.0.1', 5672)
2026-10-07 09:48:12,885 ERROR pika.adapters.utils.io_services_utils: Socket failed to connect: <socket.socket fd=8, family=2, type=1, proto=6, laddr=('127.0.0.1', 50977)>; error=61 (Connection refused)
2026-10-07 09:48:12,885 ERROR pika.adapters.utils.connection_workflow: TCP Connection attempt failed: ConnectionRefusedError(61, 'Connection refused'); dest=(<AddressFamily.AF_INET: 2>, <SocketKind.SOCK_STREAM: 1>, 6, '', ('127.0.0.1', 5672))
2026-10-07 09:48:12,885 ERROR pika.adapters.utils.connection_workflow: AMQPConnector - reporting failure: AMQPConnectorSocketConnectError: ConnectionRefusedError(61, 'Connection refused')
2026-10-07 09:48:12,885 ERROR pika.adapters.utils.connection_workflow: AMQP connection workflow failed: AMQPConnectionWorkflowFailed: 2 exceptions in all; last exception - AMQPConnectorSocketConnectError: ConnectionRefusedError(61, 'Connection refused'); first exception - AMQPConnectorSocketConnectError: ConnectionRefusedError(61, 'Connection refused').
2026-10-07 09:48:12,886 ERROR pika.adapters.utils.connection_workflow: AMQPConnectionWorkflow - reporting failure: AMQPConnectionWorkflowFailed: 2 exceptions in all; last exception - AMQPConnectorSocketConnectError: ConnectionRefusedError(61, 'Connection refused'); first exception - AMQPConnectorSocketConnectError: ConnectionRefusedError(61, 'Connection refused')
2026-10-07 09:48:12,886 ERROR pika.adapters.blocking_connection: Connection workflow failed: AMQPConnectionWorkflowFailed: 2 exceptions in all; last exception - AMQPConnectorSocketConnectError: ConnectionRefusedError(61, 'Connection refused'); first exception - AMQPConnectorSocketConnectError: ConnectionRefusedError(61, 'Connection refused')
2026-10-07 09:48:12,886 ERROR pika.adapters.blocking_connection: Error in _create_connection().
Traceback (most recent call last):
  File "/Users/jessica/GridWorks/gridworks-alerter/.venv/lib/python3.12/site-packages/pika/adapters/blocking_connection.py", line 478, in _create_connection
    raise self._reap_last_connection_workflow_error(error)
pika.exceptions.AMQPConnectionError
Traceback (most recent call last):
  File "/Users/jessica/GridWorks/gridworks-alerter/.venv/bin/gwalerter", line 10, in <module>
    sys.exit(main())
             ^^^^^^
  File "/Users/jessica/GridWorks/gridworks-alerter/src/gwalerter/cli.py", line 114, in main
    run_tap()
  File "/Users/jessica/GridWorks/gridworks-alerter/src/gwalerter/cli.py", line 82, in run_tap
    Tap(settings=settings, store=store).run()
  File "/Users/jessica/GridWorks/gridworks-alerter/src/gwalerter/tap.py", line 313, in run
    connection = pika.BlockingConnection(
                 ^^^^^^^^^^^^^^^^^^^^^^^^
  File "/Users/jessica/GridWorks/gridworks-alerter/.venv/lib/python3.12/site-packages/pika/adapters/blocking_connection.py", line 381, in __init__
    self._impl = self._create_connection(parameters, _impl_class)
                 ^^^^^^^^^^^^^^^^^^^^^^^^^^^^^^^^^^^^^^^^^^^^^^^^
  File "/Users/jessica/GridWorks/gridworks-alerter/.venv/lib/python3.12/site-packages/pika/adapters/blocking_connection.py", line 478, in _create_connection
    raise self._reap_last_connection_workflow_error(error)
pika.exceptions.AMQPConnectionError
09:48:12 tap exited 0; restarting in 3 s
2026-10-07 09:48:16,262 INFO alembic.runtime.migration: Context impl SQLiteImpl.
2026-10-07 09:48:16,263 INFO alembic.runtime.migration: Will assume non-transactional DDL.
2026-10-07 09:48:16,281 INFO pika.adapters.utils.connection_workflow: Pika version 1.4.4 connecting to ('::1', 5672, 0, 0)
2026-10-07 09:48:16,281 ERROR pika.adapters.utils.io_services_utils: Socket failed to connect: <socket.socket fd=8, family=30, type=1, proto=6, laddr=('::1', 50984, 0, 0)>; error=61 (Connection refused)
2026-10-07 09:48:16,281 ERROR pika.adapters.utils.connection_workflow: TCP Connection attempt failed: ConnectionRefusedError(61, 'Connection refused'); dest=(<AddressFamily.AF_INET6: 30>, <SocketKind.SOCK_STREAM: 1>, 6, '', ('::1', 5672, 0, 0))
2026-10-07 09:48:16,281 ERROR pika.adapters.utils.connection_workflow: AMQPConnector - reporting failure: AMQPConnectorSocketConnectError: ConnectionRefusedError(61, 'Connection refused')
2026-10-07 09:48:16,281 INFO pika.adapters.utils.connection_workflow: Pika version 1.4.4 connecting to ('127.0.0.1', 5672)
2026-10-07 09:48:16,281 ERROR pika.adapters.utils.io_services_utils: Socket failed to connect: <socket.socket fd=8, family=2, type=1, proto=6, laddr=('127.0.0.1', 50985)>; error=61 (Connection refused)
2026-10-07 09:48:16,281 ERROR pika.adapters.utils.connection_workflow: TCP Connection attempt failed: ConnectionRefusedError(61, 'Connection refused'); dest=(<AddressFamily.AF_INET: 2>, <SocketKind.SOCK_STREAM: 1>, 6, '', ('127.0.0.1', 5672))
2026-10-07 09:48:16,281 ERROR pika.adapters.utils.connection_workflow: AMQPConnector - reporting failure: AMQPConnectorSocketConnectError: ConnectionRefusedError(61, 'Connection refused')
2026-10-07 09:48:16,281 ERROR pika.adapters.utils.connection_workflow: AMQP connection workflow failed: AMQPConnectionWorkflowFailed: 2 exceptions in all; last exception - AMQPConnectorSocketConnectError: ConnectionRefusedError(61, 'Connection refused'); first exception - AMQPConnectorSocketConnectError: ConnectionRefusedError(61, 'Connection refused').
2026-10-07 09:48:16,281 ERROR pika.adapters.utils.connection_workflow: AMQPConnectionWorkflow - reporting failure: AMQPConnectionWorkflowFailed: 2 exceptions in all; last exception - AMQPConnectorSocketConnectError: ConnectionRefusedError(61, 'Connection refused'); first exception - AMQPConnectorSocketConnectError: ConnectionRefusedError(61, 'Connection refused')
2026-10-07 09:48:16,281 ERROR pika.adapters.blocking_connection: Connection workflow failed: AMQPConnectionWorkflowFailed: 2 exceptions in all; last exception - AMQPConnectorSocketConnectError: ConnectionRefusedError(61, 'Connection refused'); first exception - AMQPConnectorSocketConnectError: ConnectionRefusedError(61, 'Connection refused')
2026-10-07 09:48:16,281 ERROR pika.adapters.blocking_connection: Error in _create_connection().
Traceback (most recent call last):
  File "/Users/jessica/GridWorks/gridworks-alerter/.venv/lib/python3.12/site-packages/pika/adapters/blocking_connection.py", line 478, in _create_connection
    raise self._reap_last_connection_workflow_error(error)
pika.exceptions.AMQPConnectionError
Traceback (most recent call last):
  File "/Users/jessica/GridWorks/gridworks-alerter/.venv/bin/gwalerter", line 10, in <module>
    sys.exit(main())
             ^^^^^^
  File "/Users/jessica/GridWorks/gridworks-alerter/src/gwalerter/cli.py", line 114, in main
    run_tap()
  File "/Users/jessica/GridWorks/gridworks-alerter/src/gwalerter/cli.py", line 82, in run_tap
    Tap(settings=settings, store=store).run()
  File "/Users/jessica/GridWorks/gridworks-alerter/src/gwalerter/tap.py", line 313, in run
    connection = pika.BlockingConnection(
                 ^^^^^^^^^^^^^^^^^^^^^^^^
  File "/Users/jessica/GridWorks/gridworks-alerter/.venv/lib/python3.12/site-packages/pika/adapters/blocking_connection.py", line 381, in __init__
    self._impl = self._create_connection(parameters, _impl_class)
                 ^^^^^^^^^^^^^^^^^^^^^^^^^^^^^^^^^^^^^^^^^^^^^^^^
  File "/Users/jessica/GridWorks/gridworks-alerter/.venv/lib/python3.12/site-packages/pika/adapters/blocking_connection.py", line 478, in _create_connection
    raise self._reap_last_connection_workflow_error(error)
pika.exceptions.AMQPConnectionError
09:48:16 tap exited 0; restarting in 3 s
2026-10-07 09:48:19,664 INFO alembic.runtime.migration: Context impl SQLiteImpl.
2026-10-07 09:48:19,664 INFO alembic.runtime.migration: Will assume non-transactional DDL.
2026-10-07 09:48:19,682 INFO pika.adapters.utils.connection_workflow: Pika version 1.4.4 connecting to ('::1', 5672, 0, 0)
2026-10-07 09:48:19,683 ERROR pika.adapters.utils.io_services_utils: Socket failed to connect: <socket.socket fd=8, family=30, type=1, proto=6, laddr=('::1', 51001, 0, 0)>; error=61 (Connection refused)
2026-10-07 09:48:19,683 ERROR pika.adapters.utils.connection_workflow: TCP Connection attempt failed: ConnectionRefusedError(61, 'Connection refused'); dest=(<AddressFamily.AF_INET6: 30>, <SocketKind.SOCK_STREAM: 1>, 6, '', ('::1', 5672, 0, 0))
2026-10-07 09:48:19,683 ERROR pika.adapters.utils.connection_workflow: AMQPConnector - reporting failure: AMQPConnectorSocketConnectError: ConnectionRefusedError(61, 'Connection refused')
2026-10-07 09:48:19,683 INFO pika.adapters.utils.connection_workflow: Pika version 1.4.4 connecting to ('127.0.0.1', 5672)
2026-10-07 09:48:19,683 ERROR pika.adapters.utils.io_services_utils: Socket failed to connect: <socket.socket fd=8, family=2, type=1, proto=6, laddr=('127.0.0.1', 51002)>; error=61 (Connection refused)
2026-10-07 09:48:19,683 ERROR pika.adapters.utils.connection_workflow: TCP Connection attempt failed: ConnectionRefusedError(61, 'Connection refused'); dest=(<AddressFamily.AF_INET: 2>, <SocketKind.SOCK_STREAM: 1>, 6, '', ('127.0.0.1', 5672))
2026-10-07 09:48:19,683 ERROR pika.adapters.utils.connection_workflow: AMQPConnector - reporting failure: AMQPConnectorSocketConnectError: ConnectionRefusedError(61, 'Connection refused')
2026-10-07 09:48:19,683 ERROR pika.adapters.utils.connection_workflow: AMQP connection workflow failed: AMQPConnectionWorkflowFailed: 2 exceptions in all; last exception - AMQPConnectorSocketConnectError: ConnectionRefusedError(61, 'Connection refused'); first exception - AMQPConnectorSocketConnectError: ConnectionRefusedError(61, 'Connection refused').
2026-10-07 09:48:19,683 ERROR pika.adapters.utils.connection_workflow: AMQPConnectionWorkflow - reporting failure: AMQPConnectionWorkflowFailed: 2 exceptions in all; last exception - AMQPConnectorSocketConnectError: ConnectionRefusedError(61, 'Connection refused'); first exception - AMQPConnectorSocketConnectError: ConnectionRefusedError(61, 'Connection refused')
2026-10-07 09:48:19,683 ERROR pika.adapters.blocking_connection: Connection workflow failed: AMQPConnectionWorkflowFailed: 2 exceptions in all; last exception - AMQPConnectorSocketConnectError: ConnectionRefusedError(61, 'Connection refused'); first exception - AMQPConnectorSocketConnectError: ConnectionRefusedError(61, 'Connection refused')
2026-10-07 09:48:19,683 ERROR pika.adapters.blocking_connection: Error in _create_connection().
Traceback (most recent call last):
  File "/Users/jessica/GridWorks/gridworks-alerter/.venv/lib/python3.12/site-packages/pika/adapters/blocking_connection.py", line 478, in _create_connection
    raise self._reap_last_connection_workflow_error(error)
pika.exceptions.AMQPConnectionError
Traceback (most recent call last):
  File "/Users/jessica/GridWorks/gridworks-alerter/.venv/bin/gwalerter", line 10, in <module>
    sys.exit(main())
             ^^^^^^
  File "/Users/jessica/GridWorks/gridworks-alerter/src/gwalerter/cli.py", line 114, in main
    run_tap()
  File "/Users/jessica/GridWorks/gridworks-alerter/src/gwalerter/cli.py", line 82, in run_tap
    Tap(settings=settings, store=store).run()
  File "/Users/jessica/GridWorks/gridworks-alerter/src/gwalerter/tap.py", line 313, in run
    connection = pika.BlockingConnection(
                 ^^^^^^^^^^^^^^^^^^^^^^^^
  File "/Users/jessica/GridWorks/gridworks-alerter/.venv/lib/python3.12/site-packages/pika/adapters/blocking_connection.py", line 381, in __init__
    self._impl = self._create_connection(parameters, _impl_class)
                 ^^^^^^^^^^^^^^^^^^^^^^^^^^^^^^^^^^^^^^^^^^^^^^^^
  File "/Users/jessica/GridWorks/gridworks-alerter/.venv/lib/python3.12/site-packages/pika/adapters/blocking_connection.py", line 478, in _create_connection
    raise self._reap_last_connection_workflow_error(error)
pika.exceptions.AMQPConnectionError
09:48:19 tap exited 0; restarting in 3 s
2026-10-07 09:48:23,072 INFO alembic.runtime.migration: Context impl SQLiteImpl.
2026-10-07 09:48:23,072 INFO alembic.runtime.migration: Will assume non-transactional DDL.
2026-10-07 09:48:23,092 INFO pika.adapters.utils.connection_workflow: Pika version 1.4.4 connecting to ('::1', 5672, 0, 0)
2026-10-07 09:48:23,092 ERROR pika.adapters.utils.io_services_utils: Socket failed to connect: <socket.socket fd=8, family=30, type=1, proto=6, laddr=('::1', 51017, 0, 0)>; error=61 (Connection refused)
2026-10-07 09:48:23,092 ERROR pika.adapters.utils.connection_workflow: TCP Connection attempt failed: ConnectionRefusedError(61, 'Connection refused'); dest=(<AddressFamily.AF_INET6: 30>, <SocketKind.SOCK_STREAM: 1>, 6, '', ('::1', 5672, 0, 0))
2026-10-07 09:48:23,092 ERROR pika.adapters.utils.connection_workflow: AMQPConnector - reporting failure: AMQPConnectorSocketConnectError: ConnectionRefusedError(61, 'Connection refused')
2026-10-07 09:48:23,092 INFO pika.adapters.utils.connection_workflow: Pika version 1.4.4 connecting to ('127.0.0.1', 5672)
2026-10-07 09:48:23,092 ERROR pika.adapters.utils.io_services_utils: Socket failed to connect: <socket.socket fd=8, family=2, type=1, proto=6, laddr=('127.0.0.1', 51018)>; error=61 (Connection refused)
2026-10-07 09:48:23,092 ERROR pika.adapters.utils.connection_workflow: TCP Connection attempt failed: ConnectionRefusedError(61, 'Connection refused'); dest=(<AddressFamily.AF_INET: 2>, <SocketKind.SOCK_STREAM: 1>, 6, '', ('127.0.0.1', 5672))
2026-10-07 09:48:23,092 ERROR pika.adapters.utils.connection_workflow: AMQPConnector - reporting failure: AMQPConnectorSocketConnectError: ConnectionRefusedError(61, 'Connection refused')
2026-10-07 09:48:23,092 ERROR pika.adapters.utils.connection_workflow: AMQP connection workflow failed: AMQPConnectionWorkflowFailed: 2 exceptions in all; last exception - AMQPConnectorSocketConnectError: ConnectionRefusedError(61, 'Connection refused'); first exception - AMQPConnectorSocketConnectError: ConnectionRefusedError(61, 'Connection refused').
2026-10-07 09:48:23,092 ERROR pika.adapters.utils.connection_workflow: AMQPConnectionWorkflow - reporting failure: AMQPConnectionWorkflowFailed: 2 exceptions in all; last exception - AMQPConnectorSocketConnectError: ConnectionRefusedError(61, 'Connection refused'); first exception - AMQPConnectorSocketConnectError: ConnectionRefusedError(61, 'Connection refused')
2026-10-07 09:48:23,092 ERROR pika.adapters.blocking_connection: Connection workflow failed: AMQPConnectionWorkflowFailed: 2 exceptions in all; last exception - AMQPConnectorSocketConnectError: ConnectionRefusedError(61, 'Connection refused'); first exception - AMQPConnectorSocketConnectError: ConnectionRefusedError(61, 'Connection refused')
2026-10-07 09:48:23,092 ERROR pika.adapters.blocking_connection: Error in _create_connection().
Traceback (most recent call last):
  File "/Users/jessica/GridWorks/gridworks-alerter/.venv/lib/python3.12/site-packages/pika/adapters/blocking_connection.py", line 478, in _create_connection
    raise self._reap_last_connection_workflow_error(error)
pika.exceptions.AMQPConnectionError
Traceback (most recent call last):
  File "/Users/jessica/GridWorks/gridworks-alerter/.venv/bin/gwalerter", line 10, in <module>
    sys.exit(main())
             ^^^^^^
  File "/Users/jessica/GridWorks/gridworks-alerter/src/gwalerter/cli.py", line 114, in main
    run_tap()
  File "/Users/jessica/GridWorks/gridworks-alerter/src/gwalerter/cli.py", line 82, in run_tap
    Tap(settings=settings, store=store).run()
  File "/Users/jessica/GridWorks/gridworks-alerter/src/gwalerter/tap.py", line 313, in run
    connection = pika.BlockingConnection(
                 ^^^^^^^^^^^^^^^^^^^^^^^^
  File "/Users/jessica/GridWorks/gridworks-alerter/.venv/lib/python3.12/site-packages/pika/adapters/blocking_connection.py", line 381, in __init__
    self._impl = self._create_connection(parameters, _impl_class)
                 ^^^^^^^^^^^^^^^^^^^^^^^^^^^^^^^^^^^^^^^^^^^^^^^^
  File "/Users/jessica/GridWorks/gridworks-alerter/.venv/lib/python3.12/site-packages/pika/adapters/blocking_connection.py", line 478, in _create_connection
    raise self._reap_last_connection_workflow_error(error)
pika.exceptions.AMQPConnectionError
09:48:23 tap exited 0; restarting in 3 s
2026-10-07 09:48:26,509 INFO alembic.runtime.migration: Context impl SQLiteImpl.
2026-10-07 09:48:26,509 INFO alembic.runtime.migration: Will assume non-transactional DDL.
2026-10-07 09:48:26,527 INFO pika.adapters.utils.connection_workflow: Pika version 1.4.4 connecting to ('::1', 5672, 0, 0)
2026-10-07 09:48:26,527 ERROR pika.adapters.utils.io_services_utils: Socket failed to connect: <socket.socket fd=8, family=30, type=1, proto=6, laddr=('::1', 51033, 0, 0)>; error=61 (Connection refused)
2026-10-07 09:48:26,527 ERROR pika.adapters.utils.connection_workflow: TCP Connection attempt failed: ConnectionRefusedError(61, 'Connection refused'); dest=(<AddressFamily.AF_INET6: 30>, <SocketKind.SOCK_STREAM: 1>, 6, '', ('::1', 5672, 0, 0))
2026-10-07 09:48:26,527 ERROR pika.adapters.utils.connection_workflow: AMQPConnector - reporting failure: AMQPConnectorSocketConnectError: ConnectionRefusedError(61, 'Connection refused')
2026-10-07 09:48:26,528 INFO pika.adapters.utils.connection_workflow: Pika version 1.4.4 connecting to ('127.0.0.1', 5672)
2026-10-07 09:48:26,528 ERROR pika.adapters.utils.io_services_utils: Socket failed to connect: <socket.socket fd=8, family=2, type=1, proto=6, laddr=('127.0.0.1', 51034)>; error=61 (Connection refused)
2026-10-07 09:48:26,528 ERROR pika.adapters.utils.connection_workflow: TCP Connection attempt failed: ConnectionRefusedError(61, 'Connection refused'); dest=(<AddressFamily.AF_INET: 2>, <SocketKind.SOCK_STREAM: 1>, 6, '', ('127.0.0.1', 5672))
2026-10-07 09:48:26,528 ERROR pika.adapters.utils.connection_workflow: AMQPConnector - reporting failure: AMQPConnectorSocketConnectError: ConnectionRefusedError(61, 'Connection refused')
2026-10-07 09:48:26,528 ERROR pika.adapters.utils.connection_workflow: AMQP connection workflow failed: AMQPConnectionWorkflowFailed: 2 exceptions in all; last exception - AMQPConnectorSocketConnectError: ConnectionRefusedError(61, 'Connection refused'); first exception - AMQPConnectorSocketConnectError: ConnectionRefusedError(61, 'Connection refused').
2026-10-07 09:48:26,528 ERROR pika.adapters.utils.connection_workflow: AMQPConnectionWorkflow - reporting failure: AMQPConnectionWorkflowFailed: 2 exceptions in all; last exception - AMQPConnectorSocketConnectError: ConnectionRefusedError(61, 'Connection refused'); first exception - AMQPConnectorSocketConnectError: ConnectionRefusedError(61, 'Connection refused')
2026-10-07 09:48:26,528 ERROR pika.adapters.blocking_connection: Connection workflow failed: AMQPConnectionWorkflowFailed: 2 exceptions in all; last exception - AMQPConnectorSocketConnectError: ConnectionRefusedError(61, 'Connection refused'); first exception - AMQPConnectorSocketConnectError: ConnectionRefusedError(61, 'Connection refused')
2026-10-07 09:48:26,528 ERROR pika.adapters.blocking_connection: Error in _create_connection().
Traceback (most recent call last):
  File "/Users/jessica/GridWorks/gridworks-alerter/.venv/lib/python3.12/site-packages/pika/adapters/blocking_connection.py", line 478, in _create_connection
    raise self._reap_last_connection_workflow_error(error)
pika.exceptions.AMQPConnectionError
Traceback (most recent call last):
  File "/Users/jessica/GridWorks/gridworks-alerter/.venv/bin/gwalerter", line 10, in <module>
    sys.exit(main())
             ^^^^^^
  File "/Users/jessica/GridWorks/gridworks-alerter/src/gwalerter/cli.py", line 114, in main
    run_tap()
  File "/Users/jessica/GridWorks/gridworks-alerter/src/gwalerter/cli.py", line 82, in run_tap
    Tap(settings=settings, store=store).run()
  File "/Users/jessica/GridWorks/gridworks-alerter/src/gwalerter/tap.py", line 313, in run
    connection = pika.BlockingConnection(
                 ^^^^^^^^^^^^^^^^^^^^^^^^
  File "/Users/jessica/GridWorks/gridworks-alerter/.venv/lib/python3.12/site-packages/pika/adapters/blocking_connection.py", line 381, in __init__
    self._impl = self._create_connection(parameters, _impl_class)
                 ^^^^^^^^^^^^^^^^^^^^^^^^^^^^^^^^^^^^^^^^^^^^^^^^
  File "/Users/jessica/GridWorks/gridworks-alerter/.venv/lib/python3.12/site-packages/pika/adapters/blocking_connection.py", line 478, in _create_connection
    raise self._reap_last_connection_workflow_error(error)
pika.exceptions.AMQPConnectionError
09:48:26 tap exited 0; restarting in 3 s
2026-10-07 09:48:29,931 INFO alembic.runtime.migration: Context impl SQLiteImpl.
2026-10-07 09:48:29,932 INFO alembic.runtime.migration: Will assume non-transactional DDL.
2026-10-07 09:48:29,958 INFO pika.adapters.utils.connection_workflow: Pika version 1.4.4 connecting to ('::1', 5672, 0, 0)
2026-10-07 09:48:29,958 ERROR pika.adapters.utils.io_services_utils: Socket failed to connect: <socket.socket fd=8, family=30, type=1, proto=6, laddr=('::1', 51041, 0, 0)>; error=61 (Connection refused)
2026-10-07 09:48:29,958 ERROR pika.adapters.utils.connection_workflow: TCP Connection attempt failed: ConnectionRefusedError(61, 'Connection refused'); dest=(<AddressFamily.AF_INET6: 30>, <SocketKind.SOCK_STREAM: 1>, 6, '', ('::1', 5672, 0, 0))
2026-10-07 09:48:29,958 ERROR pika.adapters.utils.connection_workflow: AMQPConnector - reporting failure: AMQPConnectorSocketConnectError: ConnectionRefusedError(61, 'Connection refused')
2026-10-07 09:48:29,958 INFO pika.adapters.utils.connection_workflow: Pika version 1.4.4 connecting to ('127.0.0.1', 5672)
2026-10-07 09:48:29,958 ERROR pika.adapters.utils.io_services_utils: Socket failed to connect: <socket.socket fd=8, family=2, type=1, proto=6, laddr=('127.0.0.1', 51042)>; error=61 (Connection refused)
2026-10-07 09:48:29,958 ERROR pika.adapters.utils.connection_workflow: TCP Connection attempt failed: ConnectionRefusedError(61, 'Connection refused'); dest=(<AddressFamily.AF_INET: 2>, <SocketKind.SOCK_STREAM: 1>, 6, '', ('127.0.0.1', 5672))
2026-10-07 09:48:29,958 ERROR pika.adapters.utils.connection_workflow: AMQPConnector - reporting failure: AMQPConnectorSocketConnectError: ConnectionRefusedError(61, 'Connection refused')
2026-10-07 09:48:29,958 ERROR pika.adapters.utils.connection_workflow: AMQP connection workflow failed: AMQPConnectionWorkflowFailed: 2 exceptions in all; last exception - AMQPConnectorSocketConnectError: ConnectionRefusedError(61, 'Connection refused'); first exception - AMQPConnectorSocketConnectError: ConnectionRefusedError(61, 'Connection refused').
2026-10-07 09:48:29,958 ERROR pika.adapters.utils.connection_workflow: AMQPConnectionWorkflow - reporting failure: AMQPConnectionWorkflowFailed: 2 exceptions in all; last exception - AMQPConnectorSocketConnectError: ConnectionRefusedError(61, 'Connection refused'); first exception - AMQPConnectorSocketConnectError: ConnectionRefusedError(61, 'Connection refused')
2026-10-07 09:48:29,958 ERROR pika.adapters.blocking_connection: Connection workflow failed: AMQPConnectionWorkflowFailed: 2 exceptions in all; last exception - AMQPConnectorSocketConnectError: ConnectionRefusedError(61, 'Connection refused'); first exception - AMQPConnectorSocketConnectError: ConnectionRefusedError(61, 'Connection refused')
2026-10-07 09:48:29,959 ERROR pika.adapters.blocking_connection: Error in _create_connection().
Traceback (most recent call last):
  File "/Users/jessica/GridWorks/gridworks-alerter/.venv/lib/python3.12/site-packages/pika/adapters/blocking_connection.py", line 478, in _create_connection
    raise self._reap_last_connection_workflow_error(error)
pika.exceptions.AMQPConnectionError
Traceback (most recent call last):
  File "/Users/jessica/GridWorks/gridworks-alerter/.venv/bin/gwalerter", line 10, in <module>
    sys.exit(main())
             ^^^^^^
  File "/Users/jessica/GridWorks/gridworks-alerter/src/gwalerter/cli.py", line 114, in main
    run_tap()
  File "/Users/jessica/GridWorks/gridworks-alerter/src/gwalerter/cli.py", line 82, in run_tap
    Tap(settings=settings, store=store).run()
  File "/Users/jessica/GridWorks/gridworks-alerter/src/gwalerter/tap.py", line 313, in run
    connection = pika.BlockingConnection(
                 ^^^^^^^^^^^^^^^^^^^^^^^^
  File "/Users/jessica/GridWorks/gridworks-alerter/.venv/lib/python3.12/site-packages/pika/adapters/blocking_connection.py", line 381, in __init__
    self._impl = self._create_connection(parameters, _impl_class)
                 ^^^^^^^^^^^^^^^^^^^^^^^^^^^^^^^^^^^^^^^^^^^^^^^^
  File "/Users/jessica/GridWorks/gridworks-alerter/.venv/lib/python3.12/site-packages/pika/adapters/blocking_connection.py", line 478, in _create_connection
    raise self._reap_last_connection_workflow_error(error)
pika.exceptions.AMQPConnectionError
09:48:30 tap exited 0; restarting in 3 s
2026-10-07 09:48:33,353 INFO alembic.runtime.migration: Context impl SQLiteImpl.
2026-10-07 09:48:33,354 INFO alembic.runtime.migration: Will assume non-transactional DDL.
2026-10-07 09:48:33,372 INFO pika.adapters.utils.connection_workflow: Pika version 1.4.4 connecting to ('::1', 5672, 0, 0)
2026-10-07 09:48:33,373 ERROR pika.adapters.utils.io_services_utils: Socket failed to connect: <socket.socket fd=8, family=30, type=1, proto=6, laddr=('::1', 51063, 0, 0)>; error=61 (Connection refused)
2026-10-07 09:48:33,373 ERROR pika.adapters.utils.connection_workflow: TCP Connection attempt failed: ConnectionRefusedError(61, 'Connection refused'); dest=(<AddressFamily.AF_INET6: 30>, <SocketKind.SOCK_STREAM: 1>, 6, '', ('::1', 5672, 0, 0))
2026-10-07 09:48:33,373 ERROR pika.adapters.utils.connection_workflow: AMQPConnector - reporting failure: AMQPConnectorSocketConnectError: ConnectionRefusedError(61, 'Connection refused')
2026-10-07 09:48:33,373 INFO pika.adapters.utils.connection_workflow: Pika version 1.4.4 connecting to ('127.0.0.1', 5672)
2026-10-07 09:48:33,373 ERROR pika.adapters.utils.io_services_utils: Socket failed to connect: <socket.socket fd=8, family=2, type=1, proto=6, laddr=('127.0.0.1', 51064)>; error=61 (Connection refused)
2026-10-07 09:48:33,373 ERROR pika.adapters.utils.connection_workflow: TCP Connection attempt failed: ConnectionRefusedError(61, 'Connection refused'); dest=(<AddressFamily.AF_INET: 2>, <SocketKind.SOCK_STREAM: 1>, 6, '', ('127.0.0.1', 5672))
2026-10-07 09:48:33,373 ERROR pika.adapters.utils.connection_workflow: AMQPConnector - reporting failure: AMQPConnectorSocketConnectError: ConnectionRefusedError(61, 'Connection refused')
2026-10-07 09:48:33,373 ERROR pika.adapters.utils.connection_workflow: AMQP connection workflow failed: AMQPConnectionWorkflowFailed: 2 exceptions in all; last exception - AMQPConnectorSocketConnectError: ConnectionRefusedError(61, 'Connection refused'); first exception - AMQPConnectorSocketConnectError: ConnectionRefusedError(61, 'Connection refused').
2026-10-07 09:48:33,373 ERROR pika.adapters.utils.connection_workflow: AMQPConnectionWorkflow - reporting failure: AMQPConnectionWorkflowFailed: 2 exceptions in all; last exception - AMQPConnectorSocketConnectError: ConnectionRefusedError(61, 'Connection refused'); first exception - AMQPConnectorSocketConnectError: ConnectionRefusedError(61, 'Connection refused')
2026-10-07 09:48:33,373 ERROR pika.adapters.blocking_connection: Connection workflow failed: AMQPConnectionWorkflowFailed: 2 exceptions in all; last exception - AMQPConnectorSocketConnectError: ConnectionRefusedError(61, 'Connection refused'); first exception - AMQPConnectorSocketConnectError: ConnectionRefusedError(61, 'Connection refused')
2026-10-07 09:48:33,373 ERROR pika.adapters.blocking_connection: Error in _create_connection().
Traceback (most recent call last):
  File "/Users/jessica/GridWorks/gridworks-alerter/.venv/lib/python3.12/site-packages/pika/adapters/blocking_connection.py", line 478, in _create_connection
    raise self._reap_last_connection_workflow_error(error)
pika.exceptions.AMQPConnectionError
Traceback (most recent call last):
  File "/Users/jessica/GridWorks/gridworks-alerter/.venv/bin/gwalerter", line 10, in <module>
    sys.exit(main())
             ^^^^^^
  File "/Users/jessica/GridWorks/gridworks-alerter/src/gwalerter/cli.py", line 114, in main
    run_tap()
  File "/Users/jessica/GridWorks/gridworks-alerter/src/gwalerter/cli.py", line 82, in run_tap
    Tap(settings=settings, store=store).run()
  File "/Users/jessica/GridWorks/gridworks-alerter/src/gwalerter/tap.py", line 313, in run
    connection = pika.BlockingConnection(
                 ^^^^^^^^^^^^^^^^^^^^^^^^
  File "/Users/jessica/GridWorks/gridworks-alerter/.venv/lib/python3.12/site-packages/pika/adapters/blocking_connection.py", line 381, in __init__
    self._impl = self._create_connection(parameters, _impl_class)
                 ^^^^^^^^^^^^^^^^^^^^^^^^^^^^^^^^^^^^^^^^^^^^^^^^
  File "/Users/jessica/GridWorks/gridworks-alerter/.venv/lib/python3.12/site-packages/pika/adapters/blocking_connection.py", line 478, in _create_connection
    raise self._reap_last_connection_workflow_error(error)
pika.exceptions.AMQPConnectionError
09:48:33 tap exited 0; restarting in 3 s
2026-10-07 09:48:36,767 INFO alembic.runtime.migration: Context impl SQLiteImpl.
2026-10-07 09:48:36,767 INFO alembic.runtime.migration: Will assume non-transactional DDL.
2026-10-07 09:48:36,786 INFO pika.adapters.utils.connection_workflow: Pika version 1.4.4 connecting to ('::1', 5672, 0, 0)
2026-10-07 09:48:36,786 ERROR pika.adapters.utils.io_services_utils: Socket failed to connect: <socket.socket fd=8, family=30, type=1, proto=6, laddr=('::1', 51073, 0, 0)>; error=61 (Connection refused)
2026-10-07 09:48:36,786 ERROR pika.adapters.utils.connection_workflow: TCP Connection attempt failed: ConnectionRefusedError(61, 'Connection refused'); dest=(<AddressFamily.AF_INET6: 30>, <SocketKind.SOCK_STREAM: 1>, 6, '', ('::1', 5672, 0, 0))
2026-10-07 09:48:36,787 ERROR pika.adapters.utils.connection_workflow: AMQPConnector - reporting failure: AMQPConnectorSocketConnectError: ConnectionRefusedError(61, 'Connection refused')
2026-10-07 09:48:36,787 INFO pika.adapters.utils.connection_workflow: Pika version 1.4.4 connecting to ('127.0.0.1', 5672)
2026-10-07 09:48:36,787 ERROR pika.adapters.utils.io_services_utils: Socket failed to connect: <socket.socket fd=8, family=2, type=1, proto=6, laddr=('127.0.0.1', 51074)>; error=61 (Connection refused)
2026-10-07 09:48:36,787 ERROR pika.adapters.utils.connection_workflow: TCP Connection attempt failed: ConnectionRefusedError(61, 'Connection refused'); dest=(<AddressFamily.AF_INET: 2>, <SocketKind.SOCK_STREAM: 1>, 6, '', ('127.0.0.1', 5672))
2026-10-07 09:48:36,787 ERROR pika.adapters.utils.connection_workflow: AMQPConnector - reporting failure: AMQPConnectorSocketConnectError: ConnectionRefusedError(61, 'Connection refused')
2026-10-07 09:48:36,787 ERROR pika.adapters.utils.connection_workflow: AMQP connection workflow failed: AMQPConnectionWorkflowFailed: 2 exceptions in all; last exception - AMQPConnectorSocketConnectError: ConnectionRefusedError(61, 'Connection refused'); first exception - AMQPConnectorSocketConnectError: ConnectionRefusedError(61, 'Connection refused').
2026-10-07 09:48:36,787 ERROR pika.adapters.utils.connection_workflow: AMQPConnectionWorkflow - reporting failure: AMQPConnectionWorkflowFailed: 2 exceptions in all; last exception - AMQPConnectorSocketConnectError: ConnectionRefusedError(61, 'Connection refused'); first exception - AMQPConnectorSocketConnectError: ConnectionRefusedError(61, 'Connection refused')
2026-10-07 09:48:36,787 ERROR pika.adapters.blocking_connection: Connection workflow failed: AMQPConnectionWorkflowFailed: 2 exceptions in all; last exception - AMQPConnectorSocketConnectError: ConnectionRefusedError(61, 'Connection refused'); first exception - AMQPConnectorSocketConnectError: ConnectionRefusedError(61, 'Connection refused')
2026-10-07 09:48:36,787 ERROR pika.adapters.blocking_connection: Error in _create_connection().
Traceback (most recent call last):
  File "/Users/jessica/GridWorks/gridworks-alerter/.venv/lib/python3.12/site-packages/pika/adapters/blocking_connection.py", line 478, in _create_connection
    raise self._reap_last_connection_workflow_error(error)
pika.exceptions.AMQPConnectionError
Traceback (most recent call last):
  File "/Users/jessica/GridWorks/gridworks-alerter/.venv/bin/gwalerter", line 10, in <module>
    sys.exit(main())
             ^^^^^^
  File "/Users/jessica/GridWorks/gridworks-alerter/src/gwalerter/cli.py", line 114, in main
    run_tap()
  File "/Users/jessica/GridWorks/gridworks-alerter/src/gwalerter/cli.py", line 82, in run_tap
    Tap(settings=settings, store=store).run()
  File "/Users/jessica/GridWorks/gridworks-alerter/src/gwalerter/tap.py", line 313, in run
    connection = pika.BlockingConnection(
                 ^^^^^^^^^^^^^^^^^^^^^^^^
  File "/Users/jessica/GridWorks/gridworks-alerter/.venv/lib/python3.12/site-packages/pika/adapters/blocking_connection.py", line 381, in __init__
    self._impl = self._create_connection(parameters, _impl_class)
                 ^^^^^^^^^^^^^^^^^^^^^^^^^^^^^^^^^^^^^^^^^^^^^^^^
  File "/Users/jessica/GridWorks/gridworks-alerter/.venv/lib/python3.12/site-packages/pika/adapters/blocking_connection.py", line 478, in _create_connection
    raise self._reap_last_connection_workflow_error(error)
pika.exceptions.AMQPConnectionError
09:48:36 tap exited 0; restarting in 3 s
2026-10-07 09:48:40,193 INFO alembic.runtime.migration: Context impl SQLiteImpl.
2026-10-07 09:48:40,193 INFO alembic.runtime.migration: Will assume non-transactional DDL.
2026-10-07 09:48:40,211 INFO pika.adapters.utils.connection_workflow: Pika version 1.4.4 connecting to ('::1', 5672, 0, 0)
2026-10-07 09:48:40,211 ERROR pika.adapters.utils.io_services_utils: Socket failed to connect: <socket.socket fd=8, family=30, type=1, proto=6, laddr=('::1', 51089, 0, 0)>; error=61 (Connection refused)
2026-10-07 09:48:40,211 ERROR pika.adapters.utils.connection_workflow: TCP Connection attempt failed: ConnectionRefusedError(61, 'Connection refused'); dest=(<AddressFamily.AF_INET6: 30>, <SocketKind.SOCK_STREAM: 1>, 6, '', ('::1', 5672, 0, 0))
2026-10-07 09:48:40,211 ERROR pika.adapters.utils.connection_workflow: AMQPConnector - reporting failure: AMQPConnectorSocketConnectError: ConnectionRefusedError(61, 'Connection refused')
2026-10-07 09:48:40,211 INFO pika.adapters.utils.connection_workflow: Pika version 1.4.4 connecting to ('127.0.0.1', 5672)
2026-10-07 09:48:40,212 ERROR pika.adapters.utils.io_services_utils: Socket failed to connect: <socket.socket fd=8, family=2, type=1, proto=6, laddr=('127.0.0.1', 51090)>; error=61 (Connection refused)
2026-10-07 09:48:40,212 ERROR pika.adapters.utils.connection_workflow: TCP Connection attempt failed: ConnectionRefusedError(61, 'Connection refused'); dest=(<AddressFamily.AF_INET: 2>, <SocketKind.SOCK_STREAM: 1>, 6, '', ('127.0.0.1', 5672))
2026-10-07 09:48:40,212 ERROR pika.adapters.utils.connection_workflow: AMQPConnector - reporting failure: AMQPConnectorSocketConnectError: ConnectionRefusedError(61, 'Connection refused')
2026-10-07 09:48:40,212 ERROR pika.adapters.utils.connection_workflow: AMQP connection workflow failed: AMQPConnectionWorkflowFailed: 2 exceptions in all; last exception - AMQPConnectorSocketConnectError: ConnectionRefusedError(61, 'Connection refused'); first exception - AMQPConnectorSocketConnectError: ConnectionRefusedError(61, 'Connection refused').
2026-10-07 09:48:40,212 ERROR pika.adapters.utils.connection_workflow: AMQPConnectionWorkflow - reporting failure: AMQPConnectionWorkflowFailed: 2 exceptions in all; last exception - AMQPConnectorSocketConnectError: ConnectionRefusedError(61, 'Connection refused'); first exception - AMQPConnectorSocketConnectError: ConnectionRefusedError(61, 'Connection refused')
2026-10-07 09:48:40,212 ERROR pika.adapters.blocking_connection: Connection workflow failed: AMQPConnectionWorkflowFailed: 2 exceptions in all; last exception - AMQPConnectorSocketConnectError: ConnectionRefusedError(61, 'Connection refused'); first exception - AMQPConnectorSocketConnectError: ConnectionRefusedError(61, 'Connection refused')
2026-10-07 09:48:40,212 ERROR pika.adapters.blocking_connection: Error in _create_connection().
Traceback (most recent call last):
  File "/Users/jessica/GridWorks/gridworks-alerter/.venv/lib/python3.12/site-packages/pika/adapters/blocking_connection.py", line 478, in _create_connection
    raise self._reap_last_connection_workflow_error(error)
pika.exceptions.AMQPConnectionError
Traceback (most recent call last):
  File "/Users/jessica/GridWorks/gridworks-alerter/.venv/bin/gwalerter", line 10, in <module>
    sys.exit(main())
             ^^^^^^
  File "/Users/jessica/GridWorks/gridworks-alerter/src/gwalerter/cli.py", line 114, in main
    run_tap()
  File "/Users/jessica/GridWorks/gridworks-alerter/src/gwalerter/cli.py", line 82, in run_tap
    Tap(settings=settings, store=store).run()
  File "/Users/jessica/GridWorks/gridworks-alerter/src/gwalerter/tap.py", line 313, in run
    connection = pika.BlockingConnection(
                 ^^^^^^^^^^^^^^^^^^^^^^^^
  File "/Users/jessica/GridWorks/gridworks-alerter/.venv/lib/python3.12/site-packages/pika/adapters/blocking_connection.py", line 381, in __init__
    self._impl = self._create_connection(parameters, _impl_class)
                 ^^^^^^^^^^^^^^^^^^^^^^^^^^^^^^^^^^^^^^^^^^^^^^^^
  File "/Users/jessica/GridWorks/gridworks-alerter/.venv/lib/python3.12/site-packages/pika/adapters/blocking_connection.py", line 478, in _create_connection
    raise self._reap_last_connection_workflow_error(error)
pika.exceptions.AMQPConnectionError
09:48:40 tap exited 0; restarting in 3 s
2026-10-07 09:48:43,602 INFO alembic.runtime.migration: Context impl SQLiteImpl.
2026-10-07 09:48:43,602 INFO alembic.runtime.migration: Will assume non-transactional DDL.
2026-10-07 09:48:43,620 INFO pika.adapters.utils.connection_workflow: Pika version 1.4.4 connecting to ('::1', 5672, 0, 0)
2026-10-07 09:48:43,621 ERROR pika.adapters.utils.io_services_utils: Socket failed to connect: <socket.socket fd=8, family=30, type=1, proto=6, laddr=('::1', 51103, 0, 0)>; error=61 (Connection refused)
2026-10-07 09:48:43,621 ERROR pika.adapters.utils.connection_workflow: TCP Connection attempt failed: ConnectionRefusedError(61, 'Connection refused'); dest=(<AddressFamily.AF_INET6: 30>, <SocketKind.SOCK_STREAM: 1>, 6, '', ('::1', 5672, 0, 0))
2026-10-07 09:48:43,621 ERROR pika.adapters.utils.connection_workflow: AMQPConnector - reporting failure: AMQPConnectorSocketConnectError: ConnectionRefusedError(61, 'Connection refused')
2026-10-07 09:48:43,621 INFO pika.adapters.utils.connection_workflow: Pika version 1.4.4 connecting to ('127.0.0.1', 5672)
2026-10-07 09:48:43,621 ERROR pika.adapters.utils.io_services_utils: Socket failed to connect: <socket.socket fd=8, family=2, type=1, proto=6, laddr=('127.0.0.1', 51104)>; error=61 (Connection refused)
2026-10-07 09:48:43,621 ERROR pika.adapters.utils.connection_workflow: TCP Connection attempt failed: ConnectionRefusedError(61, 'Connection refused'); dest=(<AddressFamily.AF_INET: 2>, <SocketKind.SOCK_STREAM: 1>, 6, '', ('127.0.0.1', 5672))
2026-10-07 09:48:43,621 ERROR pika.adapters.utils.connection_workflow: AMQPConnector - reporting failure: AMQPConnectorSocketConnectError: ConnectionRefusedError(61, 'Connection refused')
2026-10-07 09:48:43,621 ERROR pika.adapters.utils.connection_workflow: AMQP connection workflow failed: AMQPConnectionWorkflowFailed: 2 exceptions in all; last exception - AMQPConnectorSocketConnectError: ConnectionRefusedError(61, 'Connection refused'); first exception - AMQPConnectorSocketConnectError: ConnectionRefusedError(61, 'Connection refused').
2026-10-07 09:48:43,621 ERROR pika.adapters.utils.connection_workflow: AMQPConnectionWorkflow - reporting failure: AMQPConnectionWorkflowFailed: 2 exceptions in all; last exception - AMQPConnectorSocketConnectError: ConnectionRefusedError(61, 'Connection refused'); first exception - AMQPConnectorSocketConnectError: ConnectionRefusedError(61, 'Connection refused')
2026-10-07 09:48:43,621 ERROR pika.adapters.blocking_connection: Connection workflow failed: AMQPConnectionWorkflowFailed: 2 exceptions in all; last exception - AMQPConnectorSocketConnectError: ConnectionRefusedError(61, 'Connection refused'); first exception - AMQPConnectorSocketConnectError: ConnectionRefusedError(61, 'Connection refused')
2026-10-07 09:48:43,621 ERROR pika.adapters.blocking_connection: Error in _create_connection().
Traceback (most recent call last):
  File "/Users/jessica/GridWorks/gridworks-alerter/.venv/lib/python3.12/site-packages/pika/adapters/blocking_connection.py", line 478, in _create_connection
    raise self._reap_last_connection_workflow_error(error)
pika.exceptions.AMQPConnectionError
Traceback (most recent call last):
  File "/Users/jessica/GridWorks/gridworks-alerter/.venv/bin/gwalerter", line 10, in <module>
    sys.exit(main())
             ^^^^^^
  File "/Users/jessica/GridWorks/gridworks-alerter/src/gwalerter/cli.py", line 114, in main
    run_tap()
  File "/Users/jessica/GridWorks/gridworks-alerter/src/gwalerter/cli.py", line 82, in run_tap
    Tap(settings=settings, store=store).run()
  File "/Users/jessica/GridWorks/gridworks-alerter/src/gwalerter/tap.py", line 313, in run
    connection = pika.BlockingConnection(
                 ^^^^^^^^^^^^^^^^^^^^^^^^
  File "/Users/jessica/GridWorks/gridworks-alerter/.venv/lib/python3.12/site-packages/pika/adapters/blocking_connection.py", line 381, in __init__
    self._impl = self._create_connection(parameters, _impl_class)
                 ^^^^^^^^^^^^^^^^^^^^^^^^^^^^^^^^^^^^^^^^^^^^^^^^
  File "/Users/jessica/GridWorks/gridworks-alerter/.venv/lib/python3.12/site-packages/pika/adapters/blocking_connection.py", line 478, in _create_connection
    raise self._reap_last_connection_workflow_error(error)
pika.exceptions.AMQPConnectionError
09:48:43 tap exited 0; restarting in 3 s
2026-10-07 09:48:47,011 INFO alembic.runtime.migration: Context impl SQLiteImpl.
2026-10-07 09:48:47,011 INFO alembic.runtime.migration: Will assume non-transactional DDL.
2026-10-07 09:48:47,030 INFO pika.adapters.utils.connection_workflow: Pika version 1.4.4 connecting to ('::1', 5672, 0, 0)
2026-10-07 09:48:47,030 ERROR pika.adapters.utils.io_services_utils: Socket failed to connect: <socket.socket fd=8, family=30, type=1, proto=6, laddr=('::1', 51111, 0, 0)>; error=61 (Connection refused)
2026-10-07 09:48:47,030 ERROR pika.adapters.utils.connection_workflow: TCP Connection attempt failed: ConnectionRefusedError(61, 'Connection refused'); dest=(<AddressFamily.AF_INET6: 30>, <SocketKind.SOCK_STREAM: 1>, 6, '', ('::1', 5672, 0, 0))
2026-10-07 09:48:47,030 ERROR pika.adapters.utils.connection_workflow: AMQPConnector - reporting failure: AMQPConnectorSocketConnectError: ConnectionRefusedError(61, 'Connection refused')
2026-10-07 09:48:47,030 INFO pika.adapters.utils.connection_workflow: Pika version 1.4.4 connecting to ('127.0.0.1', 5672)
2026-10-07 09:48:47,030 ERROR pika.adapters.utils.io_services_utils: Socket failed to connect: <socket.socket fd=8, family=2, type=1, proto=6, laddr=('127.0.0.1', 51112)>; error=61 (Connection refused)
2026-10-07 09:48:47,030 ERROR pika.adapters.utils.connection_workflow: TCP Connection attempt failed: ConnectionRefusedError(61, 'Connection refused'); dest=(<AddressFamily.AF_INET: 2>, <SocketKind.SOCK_STREAM: 1>, 6, '', ('127.0.0.1', 5672))
2026-10-07 09:48:47,030 ERROR pika.adapters.utils.connection_workflow: AMQPConnector - reporting failure: AMQPConnectorSocketConnectError: ConnectionRefusedError(61, 'Connection refused')
2026-10-07 09:48:47,030 ERROR pika.adapters.utils.connection_workflow: AMQP connection workflow failed: AMQPConnectionWorkflowFailed: 2 exceptions in all; last exception - AMQPConnectorSocketConnectError: ConnectionRefusedError(61, 'Connection refused'); first exception - AMQPConnectorSocketConnectError: ConnectionRefusedError(61, 'Connection refused').
2026-10-07 09:48:47,030 ERROR pika.adapters.utils.connection_workflow: AMQPConnectionWorkflow - reporting failure: AMQPConnectionWorkflowFailed: 2 exceptions in all; last exception - AMQPConnectorSocketConnectError: ConnectionRefusedError(61, 'Connection refused'); first exception - AMQPConnectorSocketConnectError: ConnectionRefusedError(61, 'Connection refused')
2026-10-07 09:48:47,030 ERROR pika.adapters.blocking_connection: Connection workflow failed: AMQPConnectionWorkflowFailed: 2 exceptions in all; last exception - AMQPConnectorSocketConnectError: ConnectionRefusedError(61, 'Connection refused'); first exception - AMQPConnectorSocketConnectError: ConnectionRefusedError(61, 'Connection refused')
2026-10-07 09:48:47,030 ERROR pika.adapters.blocking_connection: Error in _create_connection().
Traceback (most recent call last):
  File "/Users/jessica/GridWorks/gridworks-alerter/.venv/lib/python3.12/site-packages/pika/adapters/blocking_connection.py", line 478, in _create_connection
    raise self._reap_last_connection_workflow_error(error)
pika.exceptions.AMQPConnectionError
Traceback (most recent call last):
  File "/Users/jessica/GridWorks/gridworks-alerter/.venv/bin/gwalerter", line 10, in <module>
    sys.exit(main())
             ^^^^^^
  File "/Users/jessica/GridWorks/gridworks-alerter/src/gwalerter/cli.py", line 114, in main
    run_tap()
  File "/Users/jessica/GridWorks/gridworks-alerter/src/gwalerter/cli.py", line 82, in run_tap
    Tap(settings=settings, store=store).run()
  File "/Users/jessica/GridWorks/gridworks-alerter/src/gwalerter/tap.py", line 313, in run
    connection = pika.BlockingConnection(
                 ^^^^^^^^^^^^^^^^^^^^^^^^
  File "/Users/jessica/GridWorks/gridworks-alerter/.venv/lib/python3.12/site-packages/pika/adapters/blocking_connection.py", line 381, in __init__
    self._impl = self._create_connection(parameters, _impl_class)
                 ^^^^^^^^^^^^^^^^^^^^^^^^^^^^^^^^^^^^^^^^^^^^^^^^
  File "/Users/jessica/GridWorks/gridworks-alerter/.venv/lib/python3.12/site-packages/pika/adapters/blocking_connection.py", line 478, in _create_connection
    raise self._reap_last_connection_workflow_error(error)
pika.exceptions.AMQPConnectionError
09:48:47 tap exited 0; restarting in 3 s
2026-10-07 09:48:50,422 INFO alembic.runtime.migration: Context impl SQLiteImpl.
2026-10-07 09:48:50,422 INFO alembic.runtime.migration: Will assume non-transactional DDL.
2026-10-07 09:48:50,441 INFO pika.adapters.utils.connection_workflow: Pika version 1.4.4 connecting to ('::1', 5672, 0, 0)
2026-10-07 09:48:50,441 ERROR pika.adapters.utils.io_services_utils: Socket failed to connect: <socket.socket fd=8, family=30, type=1, proto=6, laddr=('::1', 51127, 0, 0)>; error=61 (Connection refused)
2026-10-07 09:48:50,441 ERROR pika.adapters.utils.connection_workflow: TCP Connection attempt failed: ConnectionRefusedError(61, 'Connection refused'); dest=(<AddressFamily.AF_INET6: 30>, <SocketKind.SOCK_STREAM: 1>, 6, '', ('::1', 5672, 0, 0))
2026-10-07 09:48:50,441 ERROR pika.adapters.utils.connection_workflow: AMQPConnector - reporting failure: AMQPConnectorSocketConnectError: ConnectionRefusedError(61, 'Connection refused')
2026-10-07 09:48:50,441 INFO pika.adapters.utils.connection_workflow: Pika version 1.4.4 connecting to ('127.0.0.1', 5672)
2026-10-07 09:48:50,441 ERROR pika.adapters.utils.io_services_utils: Socket failed to connect: <socket.socket fd=8, family=2, type=1, proto=6, laddr=('127.0.0.1', 51128)>; error=61 (Connection refused)
2026-10-07 09:48:50,441 ERROR pika.adapters.utils.connection_workflow: TCP Connection attempt failed: ConnectionRefusedError(61, 'Connection refused'); dest=(<AddressFamily.AF_INET: 2>, <SocketKind.SOCK_STREAM: 1>, 6, '', ('127.0.0.1', 5672))
2026-10-07 09:48:50,441 ERROR pika.adapters.utils.connection_workflow: AMQPConnector - reporting failure: AMQPConnectorSocketConnectError: ConnectionRefusedError(61, 'Connection refused')
2026-10-07 09:48:50,441 ERROR pika.adapters.utils.connection_workflow: AMQP connection workflow failed: AMQPConnectionWorkflowFailed: 2 exceptions in all; last exception - AMQPConnectorSocketConnectError: ConnectionRefusedError(61, 'Connection refused'); first exception - AMQPConnectorSocketConnectError: ConnectionRefusedError(61, 'Connection refused').
2026-10-07 09:48:50,441 ERROR pika.adapters.utils.connection_workflow: AMQPConnectionWorkflow - reporting failure: AMQPConnectionWorkflowFailed: 2 exceptions in all; last exception - AMQPConnectorSocketConnectError: ConnectionRefusedError(61, 'Connection refused'); first exception - AMQPConnectorSocketConnectError: ConnectionRefusedError(61, 'Connection refused')
2026-10-07 09:48:50,441 ERROR pika.adapters.blocking_connection: Connection workflow failed: AMQPConnectionWorkflowFailed: 2 exceptions in all; last exception - AMQPConnectorSocketConnectError: ConnectionRefusedError(61, 'Connection refused'); first exception - AMQPConnectorSocketConnectError: ConnectionRefusedError(61, 'Connection refused')
2026-10-07 09:48:50,441 ERROR pika.adapters.blocking_connection: Error in _create_connection().
Traceback (most recent call last):
  File "/Users/jessica/GridWorks/gridworks-alerter/.venv/lib/python3.12/site-packages/pika/adapters/blocking_connection.py", line 478, in _create_connection
    raise self._reap_last_connection_workflow_error(error)
pika.exceptions.AMQPConnectionError
Traceback (most recent call last):
  File "/Users/jessica/GridWorks/gridworks-alerter/.venv/bin/gwalerter", line 10, in <module>
    sys.exit(main())
             ^^^^^^
  File "/Users/jessica/GridWorks/gridworks-alerter/src/gwalerter/cli.py", line 114, in main
    run_tap()
  File "/Users/jessica/GridWorks/gridworks-alerter/src/gwalerter/cli.py", line 82, in run_tap
    Tap(settings=settings, store=store).run()
  File "/Users/jessica/GridWorks/gridworks-alerter/src/gwalerter/tap.py", line 313, in run
    connection = pika.BlockingConnection(
                 ^^^^^^^^^^^^^^^^^^^^^^^^
  File "/Users/jessica/GridWorks/gridworks-alerter/.venv/lib/python3.12/site-packages/pika/adapters/blocking_connection.py", line 381, in __init__
    self._impl = self._create_connection(parameters, _impl_class)
                 ^^^^^^^^^^^^^^^^^^^^^^^^^^^^^^^^^^^^^^^^^^^^^^^^
  File "/Users/jessica/GridWorks/gridworks-alerter/.venv/lib/python3.12/site-packages/pika/adapters/blocking_connection.py", line 478, in _create_connection
    raise self._reap_last_connection_workflow_error(error)
pika.exceptions.AMQPConnectionError
09:48:50 tap exited 0; restarting in 3 s
2026-10-07 09:48:53,832 INFO alembic.runtime.migration: Context impl SQLiteImpl.
2026-10-07 09:48:53,832 INFO alembic.runtime.migration: Will assume non-transactional DDL.
2026-10-07 09:48:53,851 INFO pika.adapters.utils.connection_workflow: Pika version 1.4.4 connecting to ('::1', 5672, 0, 0)
2026-10-07 09:48:53,851 ERROR pika.adapters.utils.io_services_utils: Socket failed to connect: <socket.socket fd=8, family=30, type=1, proto=6, laddr=('::1', 51141, 0, 0)>; error=61 (Connection refused)
2026-10-07 09:48:53,851 ERROR pika.adapters.utils.connection_workflow: TCP Connection attempt failed: ConnectionRefusedError(61, 'Connection refused'); dest=(<AddressFamily.AF_INET6: 30>, <SocketKind.SOCK_STREAM: 1>, 6, '', ('::1', 5672, 0, 0))
2026-10-07 09:48:53,851 ERROR pika.adapters.utils.connection_workflow: AMQPConnector - reporting failure: AMQPConnectorSocketConnectError: ConnectionRefusedError(61, 'Connection refused')
2026-10-07 09:48:53,851 INFO pika.adapters.utils.connection_workflow: Pika version 1.4.4 connecting to ('127.0.0.1', 5672)
2026-10-07 09:48:53,851 ERROR pika.adapters.utils.io_services_utils: Socket failed to connect: <socket.socket fd=8, family=2, type=1, proto=6, laddr=('127.0.0.1', 51142)>; error=61 (Connection refused)
2026-10-07 09:48:53,851 ERROR pika.adapters.utils.connection_workflow: TCP Connection attempt failed: ConnectionRefusedError(61, 'Connection refused'); dest=(<AddressFamily.AF_INET: 2>, <SocketKind.SOCK_STREAM: 1>, 6, '', ('127.0.0.1', 5672))
2026-10-07 09:48:53,851 ERROR pika.adapters.utils.connection_workflow: AMQPConnector - reporting failure: AMQPConnectorSocketConnectError: ConnectionRefusedError(61, 'Connection refused')
2026-10-07 09:48:53,851 ERROR pika.adapters.utils.connection_workflow: AMQP connection workflow failed: AMQPConnectionWorkflowFailed: 2 exceptions in all; last exception - AMQPConnectorSocketConnectError: ConnectionRefusedError(61, 'Connection refused'); first exception - AMQPConnectorSocketConnectError: ConnectionRefusedError(61, 'Connection refused').
2026-10-07 09:48:53,851 ERROR pika.adapters.utils.connection_workflow: AMQPConnectionWorkflow - reporting failure: AMQPConnectionWorkflowFailed: 2 exceptions in all; last exception - AMQPConnectorSocketConnectError: ConnectionRefusedError(61, 'Connection refused'); first exception - AMQPConnectorSocketConnectError: ConnectionRefusedError(61, 'Connection refused')
2026-10-07 09:48:53,851 ERROR pika.adapters.blocking_connection: Connection workflow failed: AMQPConnectionWorkflowFailed: 2 exceptions in all; last exception - AMQPConnectorSocketConnectError: ConnectionRefusedError(61, 'Connection refused'); first exception - AMQPConnectorSocketConnectError: ConnectionRefusedError(61, 'Connection refused')
2026-10-07 09:48:53,851 ERROR pika.adapters.blocking_connection: Error in _create_connection().
Traceback (most recent call last):
  File "/Users/jessica/GridWorks/gridworks-alerter/.venv/lib/python3.12/site-packages/pika/adapters/blocking_connection.py", line 478, in _create_connection
    raise self._reap_last_connection_workflow_error(error)
pika.exceptions.AMQPConnectionError
Traceback (most recent call last):
  File "/Users/jessica/GridWorks/gridworks-alerter/.venv/bin/gwalerter", line 10, in <module>
    sys.exit(main())
             ^^^^^^
  File "/Users/jessica/GridWorks/gridworks-alerter/src/gwalerter/cli.py", line 114, in main
    run_tap()
  File "/Users/jessica/GridWorks/gridworks-alerter/src/gwalerter/cli.py", line 82, in run_tap
    Tap(settings=settings, store=store).run()
  File "/Users/jessica/GridWorks/gridworks-alerter/src/gwalerter/tap.py", line 313, in run
    connection = pika.BlockingConnection(
                 ^^^^^^^^^^^^^^^^^^^^^^^^
  File "/Users/jessica/GridWorks/gridworks-alerter/.venv/lib/python3.12/site-packages/pika/adapters/blocking_connection.py", line 381, in __init__
    self._impl = self._create_connection(parameters, _impl_class)
                 ^^^^^^^^^^^^^^^^^^^^^^^^^^^^^^^^^^^^^^^^^^^^^^^^
  File "/Users/jessica/GridWorks/gridworks-alerter/.venv/lib/python3.12/site-packages/pika/adapters/blocking_connection.py", line 478, in _create_connection
    raise self._reap_last_connection_workflow_error(error)
pika.exceptions.AMQPConnectionError
09:48:53 tap exited 0; restarting in 3 s
2026-10-07 09:48:57,242 INFO alembic.runtime.migration: Context impl SQLiteImpl.
2026-10-07 09:48:57,242 INFO alembic.runtime.migration: Will assume non-transactional DDL.
2026-10-07 09:48:57,261 INFO pika.adapters.utils.connection_workflow: Pika version 1.4.4 connecting to ('::1', 5672, 0, 0)
2026-10-07 09:48:57,261 ERROR pika.adapters.utils.io_services_utils: Socket failed to connect: <socket.socket fd=8, family=30, type=1, proto=6, laddr=('::1', 51149, 0, 0)>; error=61 (Connection refused)
2026-10-07 09:48:57,261 ERROR pika.adapters.utils.connection_workflow: TCP Connection attempt failed: ConnectionRefusedError(61, 'Connection refused'); dest=(<AddressFamily.AF_INET6: 30>, <SocketKind.SOCK_STREAM: 1>, 6, '', ('::1', 5672, 0, 0))
2026-10-07 09:48:57,261 ERROR pika.adapters.utils.connection_workflow: AMQPConnector - reporting failure: AMQPConnectorSocketConnectError: ConnectionRefusedError(61, 'Connection refused')
2026-10-07 09:48:57,261 INFO pika.adapters.utils.connection_workflow: Pika version 1.4.4 connecting to ('127.0.0.1', 5672)
2026-10-07 09:48:57,261 ERROR pika.adapters.utils.io_services_utils: Socket failed to connect: <socket.socket fd=8, family=2, type=1, proto=6, laddr=('127.0.0.1', 51150)>; error=61 (Connection refused)
2026-10-07 09:48:57,261 ERROR pika.adapters.utils.connection_workflow: TCP Connection attempt failed: ConnectionRefusedError(61, 'Connection refused'); dest=(<AddressFamily.AF_INET: 2>, <SocketKind.SOCK_STREAM: 1>, 6, '', ('127.0.0.1', 5672))
2026-10-07 09:48:57,261 ERROR pika.adapters.utils.connection_workflow: AMQPConnector - reporting failure: AMQPConnectorSocketConnectError: ConnectionRefusedError(61, 'Connection refused')
2026-10-07 09:48:57,261 ERROR pika.adapters.utils.connection_workflow: AMQP connection workflow failed: AMQPConnectionWorkflowFailed: 2 exceptions in all; last exception - AMQPConnectorSocketConnectError: ConnectionRefusedError(61, 'Connection refused'); first exception - AMQPConnectorSocketConnectError: ConnectionRefusedError(61, 'Connection refused').
2026-10-07 09:48:57,261 ERROR pika.adapters.utils.connection_workflow: AMQPConnectionWorkflow - reporting failure: AMQPConnectionWorkflowFailed: 2 exceptions in all; last exception - AMQPConnectorSocketConnectError: ConnectionRefusedError(61, 'Connection refused'); first exception - AMQPConnectorSocketConnectError: ConnectionRefusedError(61, 'Connection refused')
2026-10-07 09:48:57,261 ERROR pika.adapters.blocking_connection: Connection workflow failed: AMQPConnectionWorkflowFailed: 2 exceptions in all; last exception - AMQPConnectorSocketConnectError: ConnectionRefusedError(61, 'Connection refused'); first exception - AMQPConnectorSocketConnectError: ConnectionRefusedError(61, 'Connection refused')
2026-10-07 09:48:57,261 ERROR pika.adapters.blocking_connection: Error in _create_connection().
Traceback (most recent call last):
  File "/Users/jessica/GridWorks/gridworks-alerter/.venv/lib/python3.12/site-packages/pika/adapters/blocking_connection.py", line 478, in _create_connection
    raise self._reap_last_connection_workflow_error(error)
pika.exceptions.AMQPConnectionError
Traceback (most recent call last):
  File "/Users/jessica/GridWorks/gridworks-alerter/.venv/bin/gwalerter", line 10, in <module>
    sys.exit(main())
             ^^^^^^
  File "/Users/jessica/GridWorks/gridworks-alerter/src/gwalerter/cli.py", line 114, in main
    run_tap()
  File "/Users/jessica/GridWorks/gridworks-alerter/src/gwalerter/cli.py", line 82, in run_tap
    Tap(settings=settings, store=store).run()
  File "/Users/jessica/GridWorks/gridworks-alerter/src/gwalerter/tap.py", line 313, in run
    connection = pika.BlockingConnection(
                 ^^^^^^^^^^^^^^^^^^^^^^^^
  File "/Users/jessica/GridWorks/gridworks-alerter/.venv/lib/python3.12/site-packages/pika/adapters/blocking_connection.py", line 381, in __init__
    self._impl = self._create_connection(parameters, _impl_class)
                 ^^^^^^^^^^^^^^^^^^^^^^^^^^^^^^^^^^^^^^^^^^^^^^^^
  File "/Users/jessica/GridWorks/gridworks-alerter/.venv/lib/python3.12/site-packages/pika/adapters/blocking_connection.py", line 478, in _create_connection
    raise self._reap_last_connection_workflow_error(error)
pika.exceptions.AMQPConnectionError
09:48:57 tap exited 0; restarting in 3 s
2026-10-07 09:49:00,650 INFO alembic.runtime.migration: Context impl SQLiteImpl.
2026-10-07 09:49:00,650 INFO alembic.runtime.migration: Will assume non-transactional DDL.
2026-10-07 09:49:00,669 INFO pika.adapters.utils.connection_workflow: Pika version 1.4.4 connecting to ('::1', 5672, 0, 0)
2026-10-07 09:49:00,669 ERROR pika.adapters.utils.io_services_utils: Socket failed to connect: <socket.socket fd=8, family=30, type=1, proto=6, laddr=('::1', 51165, 0, 0)>; error=61 (Connection refused)
2026-10-07 09:49:00,669 ERROR pika.adapters.utils.connection_workflow: TCP Connection attempt failed: ConnectionRefusedError(61, 'Connection refused'); dest=(<AddressFamily.AF_INET6: 30>, <SocketKind.SOCK_STREAM: 1>, 6, '', ('::1', 5672, 0, 0))
2026-10-07 09:49:00,669 ERROR pika.adapters.utils.connection_workflow: AMQPConnector - reporting failure: AMQPConnectorSocketConnectError: ConnectionRefusedError(61, 'Connection refused')
2026-10-07 09:49:00,669 INFO pika.adapters.utils.connection_workflow: Pika version 1.4.4 connecting to ('127.0.0.1', 5672)
2026-10-07 09:49:00,669 ERROR pika.adapters.utils.io_services_utils: Socket failed to connect: <socket.socket fd=8, family=2, type=1, proto=6, laddr=('127.0.0.1', 51166)>; error=61 (Connection refused)
2026-10-07 09:49:00,669 ERROR pika.adapters.utils.connection_workflow: TCP Connection attempt failed: ConnectionRefusedError(61, 'Connection refused'); dest=(<AddressFamily.AF_INET: 2>, <SocketKind.SOCK_STREAM: 1>, 6, '', ('127.0.0.1', 5672))
2026-10-07 09:49:00,669 ERROR pika.adapters.utils.connection_workflow: AMQPConnector - reporting failure: AMQPConnectorSocketConnectError: ConnectionRefusedError(61, 'Connection refused')
2026-10-07 09:49:00,669 ERROR pika.adapters.utils.connection_workflow: AMQP connection workflow failed: AMQPConnectionWorkflowFailed: 2 exceptions in all; last exception - AMQPConnectorSocketConnectError: ConnectionRefusedError(61, 'Connection refused'); first exception - AMQPConnectorSocketConnectError: ConnectionRefusedError(61, 'Connection refused').
2026-10-07 09:49:00,669 ERROR pika.adapters.utils.connection_workflow: AMQPConnectionWorkflow - reporting failure: AMQPConnectionWorkflowFailed: 2 exceptions in all; last exception - AMQPConnectorSocketConnectError: ConnectionRefusedError(61, 'Connection refused'); first exception - AMQPConnectorSocketConnectError: ConnectionRefusedError(61, 'Connection refused')
2026-10-07 09:49:00,669 ERROR pika.adapters.blocking_connection: Connection workflow failed: AMQPConnectionWorkflowFailed: 2 exceptions in all; last exception - AMQPConnectorSocketConnectError: ConnectionRefusedError(61, 'Connection refused'); first exception - AMQPConnectorSocketConnectError: ConnectionRefusedError(61, 'Connection refused')
2026-10-07 09:49:00,669 ERROR pika.adapters.blocking_connection: Error in _create_connection().
Traceback (most recent call last):
  File "/Users/jessica/GridWorks/gridworks-alerter/.venv/lib/python3.12/site-packages/pika/adapters/blocking_connection.py", line 478, in _create_connection
    raise self._reap_last_connection_workflow_error(error)
pika.exceptions.AMQPConnectionError
Traceback (most recent call last):
  File "/Users/jessica/GridWorks/gridworks-alerter/.venv/bin/gwalerter", line 10, in <module>
    sys.exit(main())
             ^^^^^^
  File "/Users/jessica/GridWorks/gridworks-alerter/src/gwalerter/cli.py", line 114, in main
    run_tap()
  File "/Users/jessica/GridWorks/gridworks-alerter/src/gwalerter/cli.py", line 82, in run_tap
    Tap(settings=settings, store=store).run()
  File "/Users/jessica/GridWorks/gridworks-alerter/src/gwalerter/tap.py", line 313, in run
    connection = pika.BlockingConnection(
                 ^^^^^^^^^^^^^^^^^^^^^^^^
  File "/Users/jessica/GridWorks/gridworks-alerter/.venv/lib/python3.12/site-packages/pika/adapters/blocking_connection.py", line 381, in __init__
    self._impl = self._create_connection(parameters, _impl_class)
                 ^^^^^^^^^^^^^^^^^^^^^^^^^^^^^^^^^^^^^^^^^^^^^^^^
  File "/Users/jessica/GridWorks/gridworks-alerter/.venv/lib/python3.12/site-packages/pika/adapters/blocking_connection.py", line 478, in _create_connection
    raise self._reap_last_connection_workflow_error(error)
pika.exceptions.AMQPConnectionError
09:49:00 tap exited 0; restarting in 3 s
2026-10-07 09:49:04,064 INFO alembic.runtime.migration: Context impl SQLiteImpl.
2026-10-07 09:49:04,064 INFO alembic.runtime.migration: Will assume non-transactional DDL.
2026-10-07 09:49:04,083 INFO pika.adapters.utils.connection_workflow: Pika version 1.4.4 connecting to ('::1', 5672, 0, 0)
2026-10-07 09:49:04,083 ERROR pika.adapters.utils.io_services_utils: Socket failed to connect: <socket.socket fd=8, family=30, type=1, proto=6, laddr=('::1', 51179, 0, 0)>; error=61 (Connection refused)
2026-10-07 09:49:04,083 ERROR pika.adapters.utils.connection_workflow: TCP Connection attempt failed: ConnectionRefusedError(61, 'Connection refused'); dest=(<AddressFamily.AF_INET6: 30>, <SocketKind.SOCK_STREAM: 1>, 6, '', ('::1', 5672, 0, 0))
2026-10-07 09:49:04,083 ERROR pika.adapters.utils.connection_workflow: AMQPConnector - reporting failure: AMQPConnectorSocketConnectError: ConnectionRefusedError(61, 'Connection refused')
2026-10-07 09:49:04,083 INFO pika.adapters.utils.connection_workflow: Pika version 1.4.4 connecting to ('127.0.0.1', 5672)
2026-10-07 09:49:04,083 ERROR pika.adapters.utils.io_services_utils: Socket failed to connect: <socket.socket fd=8, family=2, type=1, proto=6, laddr=('127.0.0.1', 51180)>; error=61 (Connection refused)
2026-10-07 09:49:04,083 ERROR pika.adapters.utils.connection_workflow: TCP Connection attempt failed: ConnectionRefusedError(61, 'Connection refused'); dest=(<AddressFamily.AF_INET: 2>, <SocketKind.SOCK_STREAM: 1>, 6, '', ('127.0.0.1', 5672))
2026-10-07 09:49:04,083 ERROR pika.adapters.utils.connection_workflow: AMQPConnector - reporting failure: AMQPConnectorSocketConnectError: ConnectionRefusedError(61, 'Connection refused')
2026-10-07 09:49:04,083 ERROR pika.adapters.utils.connection_workflow: AMQP connection workflow failed: AMQPConnectionWorkflowFailed: 2 exceptions in all; last exception - AMQPConnectorSocketConnectError: ConnectionRefusedError(61, 'Connection refused'); first exception - AMQPConnectorSocketConnectError: ConnectionRefusedError(61, 'Connection refused').
2026-10-07 09:49:04,083 ERROR pika.adapters.utils.connection_workflow: AMQPConnectionWorkflow - reporting failure: AMQPConnectionWorkflowFailed: 2 exceptions in all; last exception - AMQPConnectorSocketConnectError: ConnectionRefusedError(61, 'Connection refused'); first exception - AMQPConnectorSocketConnectError: ConnectionRefusedError(61, 'Connection refused')
2026-10-07 09:49:04,083 ERROR pika.adapters.blocking_connection: Connection workflow failed: AMQPConnectionWorkflowFailed: 2 exceptions in all; last exception - AMQPConnectorSocketConnectError: ConnectionRefusedError(61, 'Connection refused'); first exception - AMQPConnectorSocketConnectError: ConnectionRefusedError(61, 'Connection refused')
2026-10-07 09:49:04,083 ERROR pika.adapters.blocking_connection: Error in _create_connection().
Traceback (most recent call last):
  File "/Users/jessica/GridWorks/gridworks-alerter/.venv/lib/python3.12/site-packages/pika/adapters/blocking_connection.py", line 478, in _create_connection
    raise self._reap_last_connection_workflow_error(error)
pika.exceptions.AMQPConnectionError
Traceback (most recent call last):
  File "/Users/jessica/GridWorks/gridworks-alerter/.venv/bin/gwalerter", line 10, in <module>
    sys.exit(main())
             ^^^^^^
  File "/Users/jessica/GridWorks/gridworks-alerter/src/gwalerter/cli.py", line 114, in main
    run_tap()
  File "/Users/jessica/GridWorks/gridworks-alerter/src/gwalerter/cli.py", line 82, in run_tap
    Tap(settings=settings, store=store).run()
  File "/Users/jessica/GridWorks/gridworks-alerter/src/gwalerter/tap.py", line 313, in run
    connection = pika.BlockingConnection(
                 ^^^^^^^^^^^^^^^^^^^^^^^^
  File "/Users/jessica/GridWorks/gridworks-alerter/.venv/lib/python3.12/site-packages/pika/adapters/blocking_connection.py", line 381, in __init__
    self._impl = self._create_connection(parameters, _impl_class)
                 ^^^^^^^^^^^^^^^^^^^^^^^^^^^^^^^^^^^^^^^^^^^^^^^^
  File "/Users/jessica/GridWorks/gridworks-alerter/.venv/lib/python3.12/site-packages/pika/adapters/blocking_connection.py", line 478, in _create_connection
    raise self._reap_last_connection_workflow_error(error)
pika.exceptions.AMQPConnectionError
09:49:04 tap exited 0; restarting in 3 s
2026-10-07 09:49:07,489 INFO alembic.runtime.migration: Context impl SQLiteImpl.
2026-10-07 09:49:07,489 INFO alembic.runtime.migration: Will assume non-transactional DDL.
2026-10-07 09:49:07,508 INFO pika.adapters.utils.connection_workflow: Pika version 1.4.4 connecting to ('::1', 5672, 0, 0)
2026-10-07 09:49:07,508 ERROR pika.adapters.utils.io_services_utils: Socket failed to connect: <socket.socket fd=8, family=30, type=1, proto=6, laddr=('::1', 51191, 0, 0)>; error=61 (Connection refused)
2026-10-07 09:49:07,508 ERROR pika.adapters.utils.connection_workflow: TCP Connection attempt failed: ConnectionRefusedError(61, 'Connection refused'); dest=(<AddressFamily.AF_INET6: 30>, <SocketKind.SOCK_STREAM: 1>, 6, '', ('::1', 5672, 0, 0))
2026-10-07 09:49:07,508 ERROR pika.adapters.utils.connection_workflow: AMQPConnector - reporting failure: AMQPConnectorSocketConnectError: ConnectionRefusedError(61, 'Connection refused')
2026-10-07 09:49:07,508 INFO pika.adapters.utils.connection_workflow: Pika version 1.4.4 connecting to ('127.0.0.1', 5672)
2026-10-07 09:49:07,508 ERROR pika.adapters.utils.io_services_utils: Socket failed to connect: <socket.socket fd=8, family=2, type=1, proto=6, laddr=('127.0.0.1', 51192)>; error=61 (Connection refused)
2026-10-07 09:49:07,508 ERROR pika.adapters.utils.connection_workflow: TCP Connection attempt failed: ConnectionRefusedError(61, 'Connection refused'); dest=(<AddressFamily.AF_INET: 2>, <SocketKind.SOCK_STREAM: 1>, 6, '', ('127.0.0.1', 5672))
2026-10-07 09:49:07,508 ERROR pika.adapters.utils.connection_workflow: AMQPConnector - reporting failure: AMQPConnectorSocketConnectError: ConnectionRefusedError(61, 'Connection refused')
2026-10-07 09:49:07,508 ERROR pika.adapters.utils.connection_workflow: AMQP connection workflow failed: AMQPConnectionWorkflowFailed: 2 exceptions in all; last exception - AMQPConnectorSocketConnectError: ConnectionRefusedError(61, 'Connection refused'); first exception - AMQPConnectorSocketConnectError: ConnectionRefusedError(61, 'Connection refused').
2026-10-07 09:49:07,508 ERROR pika.adapters.utils.connection_workflow: AMQPConnectionWorkflow - reporting failure: AMQPConnectionWorkflowFailed: 2 exceptions in all; last exception - AMQPConnectorSocketConnectError: ConnectionRefusedError(61, 'Connection refused'); first exception - AMQPConnectorSocketConnectError: ConnectionRefusedError(61, 'Connection refused')
2026-10-07 09:49:07,508 ERROR pika.adapters.blocking_connection: Connection workflow failed: AMQPConnectionWorkflowFailed: 2 exceptions in all; last exception - AMQPConnectorSocketConnectError: ConnectionRefusedError(61, 'Connection refused'); first exception - AMQPConnectorSocketConnectError: ConnectionRefusedError(61, 'Connection refused')
2026-10-07 09:49:07,508 ERROR pika.adapters.blocking_connection: Error in _create_connection().
Traceback (most recent call last):
  File "/Users/jessica/GridWorks/gridworks-alerter/.venv/lib/python3.12/site-packages/pika/adapters/blocking_connection.py", line 478, in _create_connection
    raise self._reap_last_connection_workflow_error(error)
pika.exceptions.AMQPConnectionError
Traceback (most recent call last):
  File "/Users/jessica/GridWorks/gridworks-alerter/.venv/bin/gwalerter", line 10, in <module>
    sys.exit(main())
             ^^^^^^
  File "/Users/jessica/GridWorks/gridworks-alerter/src/gwalerter/cli.py", line 114, in main
    run_tap()
  File "/Users/jessica/GridWorks/gridworks-alerter/src/gwalerter/cli.py", line 82, in run_tap
    Tap(settings=settings, store=store).run()
  File "/Users/jessica/GridWorks/gridworks-alerter/src/gwalerter/tap.py", line 313, in run
    connection = pika.BlockingConnection(
                 ^^^^^^^^^^^^^^^^^^^^^^^^
  File "/Users/jessica/GridWorks/gridworks-alerter/.venv/lib/python3.12/site-packages/pika/adapters/blocking_connection.py", line 381, in __init__
    self._impl = self._create_connection(parameters, _impl_class)
                 ^^^^^^^^^^^^^^^^^^^^^^^^^^^^^^^^^^^^^^^^^^^^^^^^
  File "/Users/jessica/GridWorks/gridworks-alerter/.venv/lib/python3.12/site-packages/pika/adapters/blocking_connection.py", line 478, in _create_connection
    raise self._reap_last_connection_workflow_error(error)
pika.exceptions.AMQPConnectionError
09:49:07 tap exited 0; restarting in 3 s
2026-10-07 09:49:10,867 INFO alembic.runtime.migration: Context impl SQLiteImpl.
2026-10-07 09:49:10,867 INFO alembic.runtime.migration: Will assume non-transactional DDL.
2026-10-07 09:49:10,885 INFO pika.adapters.utils.connection_workflow: Pika version 1.4.4 connecting to ('::1', 5672, 0, 0)
2026-10-07 09:49:10,885 ERROR pika.adapters.utils.io_services_utils: Socket failed to connect: <socket.socket fd=8, family=30, type=1, proto=6, laddr=('::1', 51207, 0, 0)>; error=61 (Connection refused)
2026-10-07 09:49:10,885 ERROR pika.adapters.utils.connection_workflow: TCP Connection attempt failed: ConnectionRefusedError(61, 'Connection refused'); dest=(<AddressFamily.AF_INET6: 30>, <SocketKind.SOCK_STREAM: 1>, 6, '', ('::1', 5672, 0, 0))
2026-10-07 09:49:10,885 ERROR pika.adapters.utils.connection_workflow: AMQPConnector - reporting failure: AMQPConnectorSocketConnectError: ConnectionRefusedError(61, 'Connection refused')
2026-10-07 09:49:10,885 INFO pika.adapters.utils.connection_workflow: Pika version 1.4.4 connecting to ('127.0.0.1', 5672)
2026-10-07 09:49:10,885 ERROR pika.adapters.utils.io_services_utils: Socket failed to connect: <socket.socket fd=8, family=2, type=1, proto=6, laddr=('127.0.0.1', 51208)>; error=61 (Connection refused)
2026-10-07 09:49:10,885 ERROR pika.adapters.utils.connection_workflow: TCP Connection attempt failed: ConnectionRefusedError(61, 'Connection refused'); dest=(<AddressFamily.AF_INET: 2>, <SocketKind.SOCK_STREAM: 1>, 6, '', ('127.0.0.1', 5672))
2026-10-07 09:49:10,885 ERROR pika.adapters.utils.connection_workflow: AMQPConnector - reporting failure: AMQPConnectorSocketConnectError: ConnectionRefusedError(61, 'Connection refused')
2026-10-07 09:49:10,885 ERROR pika.adapters.utils.connection_workflow: AMQP connection workflow failed: AMQPConnectionWorkflowFailed: 2 exceptions in all; last exception - AMQPConnectorSocketConnectError: ConnectionRefusedError(61, 'Connection refused'); first exception - AMQPConnectorSocketConnectError: ConnectionRefusedError(61, 'Connection refused').
2026-10-07 09:49:10,886 ERROR pika.adapters.utils.connection_workflow: AMQPConnectionWorkflow - reporting failure: AMQPConnectionWorkflowFailed: 2 exceptions in all; last exception - AMQPConnectorSocketConnectError: ConnectionRefusedError(61, 'Connection refused'); first exception - AMQPConnectorSocketConnectError: ConnectionRefusedError(61, 'Connection refused')
2026-10-07 09:49:10,886 ERROR pika.adapters.blocking_connection: Connection workflow failed: AMQPConnectionWorkflowFailed: 2 exceptions in all; last exception - AMQPConnectorSocketConnectError: ConnectionRefusedError(61, 'Connection refused'); first exception - AMQPConnectorSocketConnectError: ConnectionRefusedError(61, 'Connection refused')
2026-10-07 09:49:10,886 ERROR pika.adapters.blocking_connection: Error in _create_connection().
Traceback (most recent call last):
  File "/Users/jessica/GridWorks/gridworks-alerter/.venv/lib/python3.12/site-packages/pika/adapters/blocking_connection.py", line 478, in _create_connection
    raise self._reap_last_connection_workflow_error(error)
pika.exceptions.AMQPConnectionError
Traceback (most recent call last):
  File "/Users/jessica/GridWorks/gridworks-alerter/.venv/bin/gwalerter", line 10, in <module>
    sys.exit(main())
             ^^^^^^
  File "/Users/jessica/GridWorks/gridworks-alerter/src/gwalerter/cli.py", line 114, in main
    run_tap()
  File "/Users/jessica/GridWorks/gridworks-alerter/src/gwalerter/cli.py", line 82, in run_tap
    Tap(settings=settings, store=store).run()
  File "/Users/jessica/GridWorks/gridworks-alerter/src/gwalerter/tap.py", line 313, in run
    connection = pika.BlockingConnection(
                 ^^^^^^^^^^^^^^^^^^^^^^^^
  File "/Users/jessica/GridWorks/gridworks-alerter/.venv/lib/python3.12/site-packages/pika/adapters/blocking_connection.py", line 381, in __init__
    self._impl = self._create_connection(parameters, _impl_class)
                 ^^^^^^^^^^^^^^^^^^^^^^^^^^^^^^^^^^^^^^^^^^^^^^^^
  File "/Users/jessica/GridWorks/gridworks-alerter/.venv/lib/python3.12/site-packages/pika/adapters/blocking_connection.py", line 478, in _create_connection
    raise self._reap_last_connection_workflow_error(error)
pika.exceptions.AMQPConnectionError
09:49:10 tap exited 0; restarting in 3 s
2026-10-07 09:49:14,243 INFO alembic.runtime.migration: Context impl SQLiteImpl.
2026-10-07 09:49:14,243 INFO alembic.runtime.migration: Will assume non-transactional DDL.
2026-10-07 09:49:14,262 INFO pika.adapters.utils.connection_workflow: Pika version 1.4.4 connecting to ('::1', 5672, 0, 0)
2026-10-07 09:49:14,262 ERROR pika.adapters.utils.io_services_utils: Socket failed to connect: <socket.socket fd=8, family=30, type=1, proto=6, laddr=('::1', 51221, 0, 0)>; error=61 (Connection refused)
2026-10-07 09:49:14,262 ERROR pika.adapters.utils.connection_workflow: TCP Connection attempt failed: ConnectionRefusedError(61, 'Connection refused'); dest=(<AddressFamily.AF_INET6: 30>, <SocketKind.SOCK_STREAM: 1>, 6, '', ('::1', 5672, 0, 0))
2026-10-07 09:49:14,262 ERROR pika.adapters.utils.connection_workflow: AMQPConnector - reporting failure: AMQPConnectorSocketConnectError: ConnectionRefusedError(61, 'Connection refused')
2026-10-07 09:49:14,262 INFO pika.adapters.utils.connection_workflow: Pika version 1.4.4 connecting to ('127.0.0.1', 5672)
2026-10-07 09:49:14,262 ERROR pika.adapters.utils.io_services_utils: Socket failed to connect: <socket.socket fd=8, family=2, type=1, proto=6, laddr=('127.0.0.1', 51222)>; error=61 (Connection refused)
2026-10-07 09:49:14,262 ERROR pika.adapters.utils.connection_workflow: TCP Connection attempt failed: ConnectionRefusedError(61, 'Connection refused'); dest=(<AddressFamily.AF_INET: 2>, <SocketKind.SOCK_STREAM: 1>, 6, '', ('127.0.0.1', 5672))
2026-10-07 09:49:14,262 ERROR pika.adapters.utils.connection_workflow: AMQPConnector - reporting failure: AMQPConnectorSocketConnectError: ConnectionRefusedError(61, 'Connection refused')
2026-10-07 09:49:14,262 ERROR pika.adapters.utils.connection_workflow: AMQP connection workflow failed: AMQPConnectionWorkflowFailed: 2 exceptions in all; last exception - AMQPConnectorSocketConnectError: ConnectionRefusedError(61, 'Connection refused'); first exception - AMQPConnectorSocketConnectError: ConnectionRefusedError(61, 'Connection refused').
2026-10-07 09:49:14,262 ERROR pika.adapters.utils.connection_workflow: AMQPConnectionWorkflow - reporting failure: AMQPConnectionWorkflowFailed: 2 exceptions in all; last exception - AMQPConnectorSocketConnectError: ConnectionRefusedError(61, 'Connection refused'); first exception - AMQPConnectorSocketConnectError: ConnectionRefusedError(61, 'Connection refused')
2026-10-07 09:49:14,262 ERROR pika.adapters.blocking_connection: Connection workflow failed: AMQPConnectionWorkflowFailed: 2 exceptions in all; last exception - AMQPConnectorSocketConnectError: ConnectionRefusedError(61, 'Connection refused'); first exception - AMQPConnectorSocketConnectError: ConnectionRefusedError(61, 'Connection refused')
2026-10-07 09:49:14,262 ERROR pika.adapters.blocking_connection: Error in _create_connection().
Traceback (most recent call last):
  File "/Users/jessica/GridWorks/gridworks-alerter/.venv/lib/python3.12/site-packages/pika/adapters/blocking_connection.py", line 478, in _create_connection
    raise self._reap_last_connection_workflow_error(error)
pika.exceptions.AMQPConnectionError
Traceback (most recent call last):
  File "/Users/jessica/GridWorks/gridworks-alerter/.venv/bin/gwalerter", line 10, in <module>
    sys.exit(main())
             ^^^^^^
  File "/Users/jessica/GridWorks/gridworks-alerter/src/gwalerter/cli.py", line 114, in main
    run_tap()
  File "/Users/jessica/GridWorks/gridworks-alerter/src/gwalerter/cli.py", line 82, in run_tap
    Tap(settings=settings, store=store).run()
  File "/Users/jessica/GridWorks/gridworks-alerter/src/gwalerter/tap.py", line 313, in run
    connection = pika.BlockingConnection(
                 ^^^^^^^^^^^^^^^^^^^^^^^^
  File "/Users/jessica/GridWorks/gridworks-alerter/.venv/lib/python3.12/site-packages/pika/adapters/blocking_connection.py", line 381, in __init__
    self._impl = self._create_connection(parameters, _impl_class)
                 ^^^^^^^^^^^^^^^^^^^^^^^^^^^^^^^^^^^^^^^^^^^^^^^^
  File "/Users/jessica/GridWorks/gridworks-alerter/.venv/lib/python3.12/site-packages/pika/adapters/blocking_connection.py", line 478, in _create_connection
    raise self._reap_last_connection_workflow_error(error)
pika.exceptions.AMQPConnectionError
09:49:14 tap exited 0; restarting in 3 s
2026-10-07 09:49:17,661 INFO alembic.runtime.migration: Context impl SQLiteImpl.
2026-10-07 09:49:17,661 INFO alembic.runtime.migration: Will assume non-transactional DDL.
2026-10-07 09:49:17,680 INFO pika.adapters.utils.connection_workflow: Pika version 1.4.4 connecting to ('::1', 5672, 0, 0)
2026-10-07 09:49:17,680 ERROR pika.adapters.utils.io_services_utils: Socket failed to connect: <socket.socket fd=8, family=30, type=1, proto=6, laddr=('::1', 51229, 0, 0)>; error=61 (Connection refused)
2026-10-07 09:49:17,680 ERROR pika.adapters.utils.connection_workflow: TCP Connection attempt failed: ConnectionRefusedError(61, 'Connection refused'); dest=(<AddressFamily.AF_INET6: 30>, <SocketKind.SOCK_STREAM: 1>, 6, '', ('::1', 5672, 0, 0))
2026-10-07 09:49:17,680 ERROR pika.adapters.utils.connection_workflow: AMQPConnector - reporting failure: AMQPConnectorSocketConnectError: ConnectionRefusedError(61, 'Connection refused')
2026-10-07 09:49:17,680 INFO pika.adapters.utils.connection_workflow: Pika version 1.4.4 connecting to ('127.0.0.1', 5672)
2026-10-07 09:49:17,680 ERROR pika.adapters.utils.io_services_utils: Socket failed to connect: <socket.socket fd=8, family=2, type=1, proto=6, laddr=('127.0.0.1', 51230)>; error=61 (Connection refused)
2026-10-07 09:49:17,680 ERROR pika.adapters.utils.connection_workflow: TCP Connection attempt failed: ConnectionRefusedError(61, 'Connection refused'); dest=(<AddressFamily.AF_INET: 2>, <SocketKind.SOCK_STREAM: 1>, 6, '', ('127.0.0.1', 5672))
2026-10-07 09:49:17,680 ERROR pika.adapters.utils.connection_workflow: AMQPConnector - reporting failure: AMQPConnectorSocketConnectError: ConnectionRefusedError(61, 'Connection refused')
2026-10-07 09:49:17,680 ERROR pika.adapters.utils.connection_workflow: AMQP connection workflow failed: AMQPConnectionWorkflowFailed: 2 exceptions in all; last exception - AMQPConnectorSocketConnectError: ConnectionRefusedError(61, 'Connection refused'); first exception - AMQPConnectorSocketConnectError: ConnectionRefusedError(61, 'Connection refused').
2026-10-07 09:49:17,680 ERROR pika.adapters.utils.connection_workflow: AMQPConnectionWorkflow - reporting failure: AMQPConnectionWorkflowFailed: 2 exceptions in all; last exception - AMQPConnectorSocketConnectError: ConnectionRefusedError(61, 'Connection refused'); first exception - AMQPConnectorSocketConnectError: ConnectionRefusedError(61, 'Connection refused')
2026-10-07 09:49:17,680 ERROR pika.adapters.blocking_connection: Connection workflow failed: AMQPConnectionWorkflowFailed: 2 exceptions in all; last exception - AMQPConnectorSocketConnectError: ConnectionRefusedError(61, 'Connection refused'); first exception - AMQPConnectorSocketConnectError: ConnectionRefusedError(61, 'Connection refused')
2026-10-07 09:49:17,680 ERROR pika.adapters.blocking_connection: Error in _create_connection().
Traceback (most recent call last):
  File "/Users/jessica/GridWorks/gridworks-alerter/.venv/lib/python3.12/site-packages/pika/adapters/blocking_connection.py", line 478, in _create_connection
    raise self._reap_last_connection_workflow_error(error)
pika.exceptions.AMQPConnectionError
Traceback (most recent call last):
  File "/Users/jessica/GridWorks/gridworks-alerter/.venv/bin/gwalerter", line 10, in <module>
    sys.exit(main())
             ^^^^^^
  File "/Users/jessica/GridWorks/gridworks-alerter/src/gwalerter/cli.py", line 114, in main
    run_tap()
  File "/Users/jessica/GridWorks/gridworks-alerter/src/gwalerter/cli.py", line 82, in run_tap
    Tap(settings=settings, store=store).run()
  File "/Users/jessica/GridWorks/gridworks-alerter/src/gwalerter/tap.py", line 313, in run
    connection = pika.BlockingConnection(
                 ^^^^^^^^^^^^^^^^^^^^^^^^
  File "/Users/jessica/GridWorks/gridworks-alerter/.venv/lib/python3.12/site-packages/pika/adapters/blocking_connection.py", line 381, in __init__
    self._impl = self._create_connection(parameters, _impl_class)
                 ^^^^^^^^^^^^^^^^^^^^^^^^^^^^^^^^^^^^^^^^^^^^^^^^
  File "/Users/jessica/GridWorks/gridworks-alerter/.venv/lib/python3.12/site-packages/pika/adapters/blocking_connection.py", line 478, in _create_connection
    raise self._reap_last_connection_workflow_error(error)
pika.exceptions.AMQPConnectionError
09:49:17 tap exited 0; restarting in 3 s
2026-10-07 09:49:21,088 INFO alembic.runtime.migration: Context impl SQLiteImpl.
2026-10-07 09:49:21,088 INFO alembic.runtime.migration: Will assume non-transactional DDL.
2026-10-07 09:49:21,107 INFO pika.adapters.utils.connection_workflow: Pika version 1.4.4 connecting to ('::1', 5672, 0, 0)
2026-10-07 09:49:21,107 ERROR pika.adapters.utils.io_services_utils: Socket failed to connect: <socket.socket fd=8, family=30, type=1, proto=6, laddr=('::1', 51245, 0, 0)>; error=61 (Connection refused)
2026-10-07 09:49:21,107 ERROR pika.adapters.utils.connection_workflow: TCP Connection attempt failed: ConnectionRefusedError(61, 'Connection refused'); dest=(<AddressFamily.AF_INET6: 30>, <SocketKind.SOCK_STREAM: 1>, 6, '', ('::1', 5672, 0, 0))
2026-10-07 09:49:21,107 ERROR pika.adapters.utils.connection_workflow: AMQPConnector - reporting failure: AMQPConnectorSocketConnectError: ConnectionRefusedError(61, 'Connection refused')
2026-10-07 09:49:21,107 INFO pika.adapters.utils.connection_workflow: Pika version 1.4.4 connecting to ('127.0.0.1', 5672)
2026-10-07 09:49:21,108 ERROR pika.adapters.utils.io_services_utils: Socket failed to connect: <socket.socket fd=8, family=2, type=1, proto=6, laddr=('127.0.0.1', 51246)>; error=61 (Connection refused)
2026-10-07 09:49:21,108 ERROR pika.adapters.utils.connection_workflow: TCP Connection attempt failed: ConnectionRefusedError(61, 'Connection refused'); dest=(<AddressFamily.AF_INET: 2>, <SocketKind.SOCK_STREAM: 1>, 6, '', ('127.0.0.1', 5672))
2026-10-07 09:49:21,108 ERROR pika.adapters.utils.connection_workflow: AMQPConnector - reporting failure: AMQPConnectorSocketConnectError: ConnectionRefusedError(61, 'Connection refused')
2026-10-07 09:49:21,108 ERROR pika.adapters.utils.connection_workflow: AMQP connection workflow failed: AMQPConnectionWorkflowFailed: 2 exceptions in all; last exception - AMQPConnectorSocketConnectError: ConnectionRefusedError(61, 'Connection refused'); first exception - AMQPConnectorSocketConnectError: ConnectionRefusedError(61, 'Connection refused').
2026-10-07 09:49:21,108 ERROR pika.adapters.utils.connection_workflow: AMQPConnectionWorkflow - reporting failure: AMQPConnectionWorkflowFailed: 2 exceptions in all; last exception - AMQPConnectorSocketConnectError: ConnectionRefusedError(61, 'Connection refused'); first exception - AMQPConnectorSocketConnectError: ConnectionRefusedError(61, 'Connection refused')
2026-10-07 09:49:21,108 ERROR pika.adapters.blocking_connection: Connection workflow failed: AMQPConnectionWorkflowFailed: 2 exceptions in all; last exception - AMQPConnectorSocketConnectError: ConnectionRefusedError(61, 'Connection refused'); first exception - AMQPConnectorSocketConnectError: ConnectionRefusedError(61, 'Connection refused')
2026-10-07 09:49:21,108 ERROR pika.adapters.blocking_connection: Error in _create_connection().
Traceback (most recent call last):
  File "/Users/jessica/GridWorks/gridworks-alerter/.venv/lib/python3.12/site-packages/pika/adapters/blocking_connection.py", line 478, in _create_connection
    raise self._reap_last_connection_workflow_error(error)
pika.exceptions.AMQPConnectionError
Traceback (most recent call last):
  File "/Users/jessica/GridWorks/gridworks-alerter/.venv/bin/gwalerter", line 10, in <module>
    sys.exit(main())
             ^^^^^^
  File "/Users/jessica/GridWorks/gridworks-alerter/src/gwalerter/cli.py", line 114, in main
    run_tap()
  File "/Users/jessica/GridWorks/gridworks-alerter/src/gwalerter/cli.py", line 82, in run_tap
    Tap(settings=settings, store=store).run()
  File "/Users/jessica/GridWorks/gridworks-alerter/src/gwalerter/tap.py", line 313, in run
    connection = pika.BlockingConnection(
                 ^^^^^^^^^^^^^^^^^^^^^^^^
  File "/Users/jessica/GridWorks/gridworks-alerter/.venv/lib/python3.12/site-packages/pika/adapters/blocking_connection.py", line 381, in __init__
    self._impl = self._create_connection(parameters, _impl_class)
                 ^^^^^^^^^^^^^^^^^^^^^^^^^^^^^^^^^^^^^^^^^^^^^^^^
  File "/Users/jessica/GridWorks/gridworks-alerter/.venv/lib/python3.12/site-packages/pika/adapters/blocking_connection.py", line 478, in _create_connection
    raise self._reap_last_connection_workflow_error(error)
pika.exceptions.AMQPConnectionError
09:49:21 tap exited 0; restarting in 3 s
2026-10-07 09:49:24,525 INFO alembic.runtime.migration: Context impl SQLiteImpl.
2026-10-07 09:49:24,525 INFO alembic.runtime.migration: Will assume non-transactional DDL.
2026-10-07 09:49:24,545 INFO pika.adapters.utils.connection_workflow: Pika version 1.4.4 connecting to ('::1', 5672, 0, 0)
2026-10-07 09:49:24,545 ERROR pika.adapters.utils.io_services_utils: Socket failed to connect: <socket.socket fd=8, family=30, type=1, proto=6, laddr=('::1', 51259, 0, 0)>; error=61 (Connection refused)
2026-10-07 09:49:24,545 ERROR pika.adapters.utils.connection_workflow: TCP Connection attempt failed: ConnectionRefusedError(61, 'Connection refused'); dest=(<AddressFamily.AF_INET6: 30>, <SocketKind.SOCK_STREAM: 1>, 6, '', ('::1', 5672, 0, 0))
2026-10-07 09:49:24,545 ERROR pika.adapters.utils.connection_workflow: AMQPConnector - reporting failure: AMQPConnectorSocketConnectError: ConnectionRefusedError(61, 'Connection refused')
2026-10-07 09:49:24,545 INFO pika.adapters.utils.connection_workflow: Pika version 1.4.4 connecting to ('127.0.0.1', 5672)
2026-10-07 09:49:24,545 ERROR pika.adapters.utils.io_services_utils: Socket failed to connect: <socket.socket fd=8, family=2, type=1, proto=6, laddr=('127.0.0.1', 51260)>; error=61 (Connection refused)
2026-10-07 09:49:24,545 ERROR pika.adapters.utils.connection_workflow: TCP Connection attempt failed: ConnectionRefusedError(61, 'Connection refused'); dest=(<AddressFamily.AF_INET: 2>, <SocketKind.SOCK_STREAM: 1>, 6, '', ('127.0.0.1', 5672))
2026-10-07 09:49:24,545 ERROR pika.adapters.utils.connection_workflow: AMQPConnector - reporting failure: AMQPConnectorSocketConnectError: ConnectionRefusedError(61, 'Connection refused')
2026-10-07 09:49:24,545 ERROR pika.adapters.utils.connection_workflow: AMQP connection workflow failed: AMQPConnectionWorkflowFailed: 2 exceptions in all; last exception - AMQPConnectorSocketConnectError: ConnectionRefusedError(61, 'Connection refused'); first exception - AMQPConnectorSocketConnectError: ConnectionRefusedError(61, 'Connection refused').
2026-10-07 09:49:24,545 ERROR pika.adapters.utils.connection_workflow: AMQPConnectionWorkflow - reporting failure: AMQPConnectionWorkflowFailed: 2 exceptions in all; last exception - AMQPConnectorSocketConnectError: ConnectionRefusedError(61, 'Connection refused'); first exception - AMQPConnectorSocketConnectError: ConnectionRefusedError(61, 'Connection refused')
2026-10-07 09:49:24,545 ERROR pika.adapters.blocking_connection: Connection workflow failed: AMQPConnectionWorkflowFailed: 2 exceptions in all; last exception - AMQPConnectorSocketConnectError: ConnectionRefusedError(61, 'Connection refused'); first exception - AMQPConnectorSocketConnectError: ConnectionRefusedError(61, 'Connection refused')
2026-10-07 09:49:24,545 ERROR pika.adapters.blocking_connection: Error in _create_connection().
Traceback (most recent call last):
  File "/Users/jessica/GridWorks/gridworks-alerter/.venv/lib/python3.12/site-packages/pika/adapters/blocking_connection.py", line 478, in _create_connection
    raise self._reap_last_connection_workflow_error(error)
pika.exceptions.AMQPConnectionError
Traceback (most recent call last):
  File "/Users/jessica/GridWorks/gridworks-alerter/.venv/bin/gwalerter", line 10, in <module>
    sys.exit(main())
             ^^^^^^
  File "/Users/jessica/GridWorks/gridworks-alerter/src/gwalerter/cli.py", line 114, in main
    run_tap()
  File "/Users/jessica/GridWorks/gridworks-alerter/src/gwalerter/cli.py", line 82, in run_tap
    Tap(settings=settings, store=store).run()
  File "/Users/jessica/GridWorks/gridworks-alerter/src/gwalerter/tap.py", line 313, in run
    connection = pika.BlockingConnection(
                 ^^^^^^^^^^^^^^^^^^^^^^^^
  File "/Users/jessica/GridWorks/gridworks-alerter/.venv/lib/python3.12/site-packages/pika/adapters/blocking_connection.py", line 381, in __init__
    self._impl = self._create_connection(parameters, _impl_class)
                 ^^^^^^^^^^^^^^^^^^^^^^^^^^^^^^^^^^^^^^^^^^^^^^^^
  File "/Users/jessica/GridWorks/gridworks-alerter/.venv/lib/python3.12/site-packages/pika/adapters/blocking_connection.py", line 478, in _create_connection
    raise self._reap_last_connection_workflow_error(error)
pika.exceptions.AMQPConnectionError
09:49:24 tap exited 0; restarting in 3 s
2026-10-07 09:49:27,956 INFO alembic.runtime.migration: Context impl SQLiteImpl.
2026-10-07 09:49:27,956 INFO alembic.runtime.migration: Will assume non-transactional DDL.
2026-10-07 09:49:27,975 INFO pika.adapters.utils.connection_workflow: Pika version 1.4.4 connecting to ('::1', 5672, 0, 0)
2026-10-07 09:49:27,975 ERROR pika.adapters.utils.io_services_utils: Socket failed to connect: <socket.socket fd=8, family=30, type=1, proto=6, laddr=('::1', 51268, 0, 0)>; error=61 (Connection refused)
2026-10-07 09:49:27,975 ERROR pika.adapters.utils.connection_workflow: TCP Connection attempt failed: ConnectionRefusedError(61, 'Connection refused'); dest=(<AddressFamily.AF_INET6: 30>, <SocketKind.SOCK_STREAM: 1>, 6, '', ('::1', 5672, 0, 0))
2026-10-07 09:49:27,975 ERROR pika.adapters.utils.connection_workflow: AMQPConnector - reporting failure: AMQPConnectorSocketConnectError: ConnectionRefusedError(61, 'Connection refused')
2026-10-07 09:49:27,975 INFO pika.adapters.utils.connection_workflow: Pika version 1.4.4 connecting to ('127.0.0.1', 5672)
2026-10-07 09:49:27,975 ERROR pika.adapters.utils.io_services_utils: Socket failed to connect: <socket.socket fd=8, family=2, type=1, proto=6, laddr=('127.0.0.1', 51269)>; error=61 (Connection refused)
2026-10-07 09:49:27,975 ERROR pika.adapters.utils.connection_workflow: TCP Connection attempt failed: ConnectionRefusedError(61, 'Connection refused'); dest=(<AddressFamily.AF_INET: 2>, <SocketKind.SOCK_STREAM: 1>, 6, '', ('127.0.0.1', 5672))
2026-10-07 09:49:27,975 ERROR pika.adapters.utils.connection_workflow: AMQPConnector - reporting failure: AMQPConnectorSocketConnectError: ConnectionRefusedError(61, 'Connection refused')
2026-10-07 09:49:27,975 ERROR pika.adapters.utils.connection_workflow: AMQP connection workflow failed: AMQPConnectionWorkflowFailed: 2 exceptions in all; last exception - AMQPConnectorSocketConnectError: ConnectionRefusedError(61, 'Connection refused'); first exception - AMQPConnectorSocketConnectError: ConnectionRefusedError(61, 'Connection refused').
2026-10-07 09:49:27,975 ERROR pika.adapters.utils.connection_workflow: AMQPConnectionWorkflow - reporting failure: AMQPConnectionWorkflowFailed: 2 exceptions in all; last exception - AMQPConnectorSocketConnectError: ConnectionRefusedError(61, 'Connection refused'); first exception - AMQPConnectorSocketConnectError: ConnectionRefusedError(61, 'Connection refused')
2026-10-07 09:49:27,975 ERROR pika.adapters.blocking_connection: Connection workflow failed: AMQPConnectionWorkflowFailed: 2 exceptions in all; last exception - AMQPConnectorSocketConnectError: ConnectionRefusedError(61, 'Connection refused'); first exception - AMQPConnectorSocketConnectError: ConnectionRefusedError(61, 'Connection refused')
2026-10-07 09:49:27,975 ERROR pika.adapters.blocking_connection: Error in _create_connection().
Traceback (most recent call last):
  File "/Users/jessica/GridWorks/gridworks-alerter/.venv/lib/python3.12/site-packages/pika/adapters/blocking_connection.py", line 478, in _create_connection
    raise self._reap_last_connection_workflow_error(error)
pika.exceptions.AMQPConnectionError
Traceback (most recent call last):
  File "/Users/jessica/GridWorks/gridworks-alerter/.venv/bin/gwalerter", line 10, in <module>
    sys.exit(main())
             ^^^^^^
  File "/Users/jessica/GridWorks/gridworks-alerter/src/gwalerter/cli.py", line 114, in main
    run_tap()
  File "/Users/jessica/GridWorks/gridworks-alerter/src/gwalerter/cli.py", line 82, in run_tap
    Tap(settings=settings, store=store).run()
  File "/Users/jessica/GridWorks/gridworks-alerter/src/gwalerter/tap.py", line 313, in run
    connection = pika.BlockingConnection(
                 ^^^^^^^^^^^^^^^^^^^^^^^^
  File "/Users/jessica/GridWorks/gridworks-alerter/.venv/lib/python3.12/site-packages/pika/adapters/blocking_connection.py", line 381, in __init__
    self._impl = self._create_connection(parameters, _impl_class)
                 ^^^^^^^^^^^^^^^^^^^^^^^^^^^^^^^^^^^^^^^^^^^^^^^^
  File "/Users/jessica/GridWorks/gridworks-alerter/.venv/lib/python3.12/site-packages/pika/adapters/blocking_connection.py", line 478, in _create_connection
    raise self._reap_last_connection_workflow_error(error)
pika.exceptions.AMQPConnectionError
09:49:28 tap exited 0; restarting in 3 s
2026-10-07 09:49:31,383 INFO alembic.runtime.migration: Context impl SQLiteImpl.
2026-10-07 09:49:31,383 INFO alembic.runtime.migration: Will assume non-transactional DDL.
2026-10-07 09:49:31,402 INFO pika.adapters.utils.connection_workflow: Pika version 1.4.4 connecting to ('::1', 5672, 0, 0)
2026-10-07 09:49:31,402 ERROR pika.adapters.utils.io_services_utils: Socket failed to connect: <socket.socket fd=8, family=30, type=1, proto=6, laddr=('::1', 51282, 0, 0)>; error=61 (Connection refused)
2026-10-07 09:49:31,402 ERROR pika.adapters.utils.connection_workflow: TCP Connection attempt failed: ConnectionRefusedError(61, 'Connection refused'); dest=(<AddressFamily.AF_INET6: 30>, <SocketKind.SOCK_STREAM: 1>, 6, '', ('::1', 5672, 0, 0))
2026-10-07 09:49:31,402 ERROR pika.adapters.utils.connection_workflow: AMQPConnector - reporting failure: AMQPConnectorSocketConnectError: ConnectionRefusedError(61, 'Connection refused')
2026-10-07 09:49:31,402 INFO pika.adapters.utils.connection_workflow: Pika version 1.4.4 connecting to ('127.0.0.1', 5672)
2026-10-07 09:49:31,402 ERROR pika.adapters.utils.io_services_utils: Socket failed to connect: <socket.socket fd=8, family=2, type=1, proto=6, laddr=('127.0.0.1', 51283)>; error=61 (Connection refused)
2026-10-07 09:49:31,402 ERROR pika.adapters.utils.connection_workflow: TCP Connection attempt failed: ConnectionRefusedError(61, 'Connection refused'); dest=(<AddressFamily.AF_INET: 2>, <SocketKind.SOCK_STREAM: 1>, 6, '', ('127.0.0.1', 5672))
2026-10-07 09:49:31,402 ERROR pika.adapters.utils.connection_workflow: AMQPConnector - reporting failure: AMQPConnectorSocketConnectError: ConnectionRefusedError(61, 'Connection refused')
2026-10-07 09:49:31,402 ERROR pika.adapters.utils.connection_workflow: AMQP connection workflow failed: AMQPConnectionWorkflowFailed: 2 exceptions in all; last exception - AMQPConnectorSocketConnectError: ConnectionRefusedError(61, 'Connection refused'); first exception - AMQPConnectorSocketConnectError: ConnectionRefusedError(61, 'Connection refused').
2026-10-07 09:49:31,402 ERROR pika.adapters.utils.connection_workflow: AMQPConnectionWorkflow - reporting failure: AMQPConnectionWorkflowFailed: 2 exceptions in all; last exception - AMQPConnectorSocketConnectError: ConnectionRefusedError(61, 'Connection refused'); first exception - AMQPConnectorSocketConnectError: ConnectionRefusedError(61, 'Connection refused')
2026-10-07 09:49:31,402 ERROR pika.adapters.blocking_connection: Connection workflow failed: AMQPConnectionWorkflowFailed: 2 exceptions in all; last exception - AMQPConnectorSocketConnectError: ConnectionRefusedError(61, 'Connection refused'); first exception - AMQPConnectorSocketConnectError: ConnectionRefusedError(61, 'Connection refused')
2026-10-07 09:49:31,402 ERROR pika.adapters.blocking_connection: Error in _create_connection().
Traceback (most recent call last):
  File "/Users/jessica/GridWorks/gridworks-alerter/.venv/lib/python3.12/site-packages/pika/adapters/blocking_connection.py", line 478, in _create_connection
    raise self._reap_last_connection_workflow_error(error)
pika.exceptions.AMQPConnectionError
Traceback (most recent call last):
  File "/Users/jessica/GridWorks/gridworks-alerter/.venv/bin/gwalerter", line 10, in <module>
    sys.exit(main())
             ^^^^^^
  File "/Users/jessica/GridWorks/gridworks-alerter/src/gwalerter/cli.py", line 114, in main
    run_tap()
  File "/Users/jessica/GridWorks/gridworks-alerter/src/gwalerter/cli.py", line 82, in run_tap
    Tap(settings=settings, store=store).run()
  File "/Users/jessica/GridWorks/gridworks-alerter/src/gwalerter/tap.py", line 313, in run
    connection = pika.BlockingConnection(
                 ^^^^^^^^^^^^^^^^^^^^^^^^
  File "/Users/jessica/GridWorks/gridworks-alerter/.venv/lib/python3.12/site-packages/pika/adapters/blocking_connection.py", line 381, in __init__
    self._impl = self._create_connection(parameters, _impl_class)
                 ^^^^^^^^^^^^^^^^^^^^^^^^^^^^^^^^^^^^^^^^^^^^^^^^
  File "/Users/jessica/GridWorks/gridworks-alerter/.venv/lib/python3.12/site-packages/pika/adapters/blocking_connection.py", line 478, in _create_connection
    raise self._reap_last_connection_workflow_error(error)
pika.exceptions.AMQPConnectionError
09:49:31 tap exited 0; restarting in 3 s
2026-10-07 09:49:34,788 INFO alembic.runtime.migration: Context impl SQLiteImpl.
2026-10-07 09:49:34,788 INFO alembic.runtime.migration: Will assume non-transactional DDL.
2026-10-07 09:49:34,806 INFO pika.adapters.utils.connection_workflow: Pika version 1.4.4 connecting to ('::1', 5672, 0, 0)
2026-10-07 09:49:34,806 ERROR pika.adapters.utils.io_services_utils: Socket failed to connect: <socket.socket fd=8, family=30, type=1, proto=6, laddr=('::1', 51299, 0, 0)>; error=61 (Connection refused)
2026-10-07 09:49:34,806 ERROR pika.adapters.utils.connection_workflow: TCP Connection attempt failed: ConnectionRefusedError(61, 'Connection refused'); dest=(<AddressFamily.AF_INET6: 30>, <SocketKind.SOCK_STREAM: 1>, 6, '', ('::1', 5672, 0, 0))
2026-10-07 09:49:34,806 ERROR pika.adapters.utils.connection_workflow: AMQPConnector - reporting failure: AMQPConnectorSocketConnectError: ConnectionRefusedError(61, 'Connection refused')
2026-10-07 09:49:34,806 INFO pika.adapters.utils.connection_workflow: Pika version 1.4.4 connecting to ('127.0.0.1', 5672)
2026-10-07 09:49:34,806 ERROR pika.adapters.utils.io_services_utils: Socket failed to connect: <socket.socket fd=8, family=2, type=1, proto=6, laddr=('127.0.0.1', 51300)>; error=61 (Connection refused)
2026-10-07 09:49:34,806 ERROR pika.adapters.utils.connection_workflow: TCP Connection attempt failed: ConnectionRefusedError(61, 'Connection refused'); dest=(<AddressFamily.AF_INET: 2>, <SocketKind.SOCK_STREAM: 1>, 6, '', ('127.0.0.1', 5672))
2026-10-07 09:49:34,806 ERROR pika.adapters.utils.connection_workflow: AMQPConnector - reporting failure: AMQPConnectorSocketConnectError: ConnectionRefusedError(61, 'Connection refused')
2026-10-07 09:49:34,806 ERROR pika.adapters.utils.connection_workflow: AMQP connection workflow failed: AMQPConnectionWorkflowFailed: 2 exceptions in all; last exception - AMQPConnectorSocketConnectError: ConnectionRefusedError(61, 'Connection refused'); first exception - AMQPConnectorSocketConnectError: ConnectionRefusedError(61, 'Connection refused').
2026-10-07 09:49:34,806 ERROR pika.adapters.utils.connection_workflow: AMQPConnectionWorkflow - reporting failure: AMQPConnectionWorkflowFailed: 2 exceptions in all; last exception - AMQPConnectorSocketConnectError: ConnectionRefusedError(61, 'Connection refused'); first exception - AMQPConnectorSocketConnectError: ConnectionRefusedError(61, 'Connection refused')
2026-10-07 09:49:34,806 ERROR pika.adapters.blocking_connection: Connection workflow failed: AMQPConnectionWorkflowFailed: 2 exceptions in all; last exception - AMQPConnectorSocketConnectError: ConnectionRefusedError(61, 'Connection refused'); first exception - AMQPConnectorSocketConnectError: ConnectionRefusedError(61, 'Connection refused')
2026-10-07 09:49:34,806 ERROR pika.adapters.blocking_connection: Error in _create_connection().
Traceback (most recent call last):
  File "/Users/jessica/GridWorks/gridworks-alerter/.venv/lib/python3.12/site-packages/pika/adapters/blocking_connection.py", line 478, in _create_connection
    raise self._reap_last_connection_workflow_error(error)
pika.exceptions.AMQPConnectionError
Traceback (most recent call last):
  File "/Users/jessica/GridWorks/gridworks-alerter/.venv/bin/gwalerter", line 10, in <module>
    sys.exit(main())
             ^^^^^^
  File "/Users/jessica/GridWorks/gridworks-alerter/src/gwalerter/cli.py", line 114, in main
    run_tap()
  File "/Users/jessica/GridWorks/gridworks-alerter/src/gwalerter/cli.py", line 82, in run_tap
    Tap(settings=settings, store=store).run()
  File "/Users/jessica/GridWorks/gridworks-alerter/src/gwalerter/tap.py", line 313, in run
    connection = pika.BlockingConnection(
                 ^^^^^^^^^^^^^^^^^^^^^^^^
  File "/Users/jessica/GridWorks/gridworks-alerter/.venv/lib/python3.12/site-packages/pika/adapters/blocking_connection.py", line 381, in __init__
    self._impl = self._create_connection(parameters, _impl_class)
                 ^^^^^^^^^^^^^^^^^^^^^^^^^^^^^^^^^^^^^^^^^^^^^^^^
  File "/Users/jessica/GridWorks/gridworks-alerter/.venv/lib/python3.12/site-packages/pika/adapters/blocking_connection.py", line 478, in _create_connection
    raise self._reap_last_connection_workflow_error(error)
pika.exceptions.AMQPConnectionError
09:49:34 tap exited 0; restarting in 3 s
2026-10-07 09:49:38,223 INFO alembic.runtime.migration: Context impl SQLiteImpl.
2026-10-07 09:49:38,223 INFO alembic.runtime.migration: Will assume non-transactional DDL.
2026-10-07 09:49:38,242 INFO pika.adapters.utils.connection_workflow: Pika version 1.4.4 connecting to ('::1', 5672, 0, 0)
2026-10-07 09:49:38,242 ERROR pika.adapters.utils.io_services_utils: Socket failed to connect: <socket.socket fd=8, family=30, type=1, proto=6, laddr=('::1', 51307, 0, 0)>; error=61 (Connection refused)
2026-10-07 09:49:38,243 ERROR pika.adapters.utils.connection_workflow: TCP Connection attempt failed: ConnectionRefusedError(61, 'Connection refused'); dest=(<AddressFamily.AF_INET6: 30>, <SocketKind.SOCK_STREAM: 1>, 6, '', ('::1', 5672, 0, 0))
2026-10-07 09:49:38,243 ERROR pika.adapters.utils.connection_workflow: AMQPConnector - reporting failure: AMQPConnectorSocketConnectError: ConnectionRefusedError(61, 'Connection refused')
2026-10-07 09:49:38,243 INFO pika.adapters.utils.connection_workflow: Pika version 1.4.4 connecting to ('127.0.0.1', 5672)
2026-10-07 09:49:38,243 ERROR pika.adapters.utils.io_services_utils: Socket failed to connect: <socket.socket fd=8, family=2, type=1, proto=6, laddr=('127.0.0.1', 51308)>; error=61 (Connection refused)
2026-10-07 09:49:38,243 ERROR pika.adapters.utils.connection_workflow: TCP Connection attempt failed: ConnectionRefusedError(61, 'Connection refused'); dest=(<AddressFamily.AF_INET: 2>, <SocketKind.SOCK_STREAM: 1>, 6, '', ('127.0.0.1', 5672))
2026-10-07 09:49:38,243 ERROR pika.adapters.utils.connection_workflow: AMQPConnector - reporting failure: AMQPConnectorSocketConnectError: ConnectionRefusedError(61, 'Connection refused')
2026-10-07 09:49:38,243 ERROR pika.adapters.utils.connection_workflow: AMQP connection workflow failed: AMQPConnectionWorkflowFailed: 2 exceptions in all; last exception - AMQPConnectorSocketConnectError: ConnectionRefusedError(61, 'Connection refused'); first exception - AMQPConnectorSocketConnectError: ConnectionRefusedError(61, 'Connection refused').
2026-10-07 09:49:38,243 ERROR pika.adapters.utils.connection_workflow: AMQPConnectionWorkflow - reporting failure: AMQPConnectionWorkflowFailed: 2 exceptions in all; last exception - AMQPConnectorSocketConnectError: ConnectionRefusedError(61, 'Connection refused'); first exception - AMQPConnectorSocketConnectError: ConnectionRefusedError(61, 'Connection refused')
2026-10-07 09:49:38,243 ERROR pika.adapters.blocking_connection: Connection workflow failed: AMQPConnectionWorkflowFailed: 2 exceptions in all; last exception - AMQPConnectorSocketConnectError: ConnectionRefusedError(61, 'Connection refused'); first exception - AMQPConnectorSocketConnectError: ConnectionRefusedError(61, 'Connection refused')
2026-10-07 09:49:38,243 ERROR pika.adapters.blocking_connection: Error in _create_connection().
Traceback (most recent call last):
  File "/Users/jessica/GridWorks/gridworks-alerter/.venv/lib/python3.12/site-packages/pika/adapters/blocking_connection.py", line 478, in _create_connection
    raise self._reap_last_connection_workflow_error(error)
pika.exceptions.AMQPConnectionError
Traceback (most recent call last):
  File "/Users/jessica/GridWorks/gridworks-alerter/.venv/bin/gwalerter", line 10, in <module>
    sys.exit(main())
             ^^^^^^
  File "/Users/jessica/GridWorks/gridworks-alerter/src/gwalerter/cli.py", line 114, in main
    run_tap()
  File "/Users/jessica/GridWorks/gridworks-alerter/src/gwalerter/cli.py", line 82, in run_tap
    Tap(settings=settings, store=store).run()
  File "/Users/jessica/GridWorks/gridworks-alerter/src/gwalerter/tap.py", line 313, in run
    connection = pika.BlockingConnection(
                 ^^^^^^^^^^^^^^^^^^^^^^^^
  File "/Users/jessica/GridWorks/gridworks-alerter/.venv/lib/python3.12/site-packages/pika/adapters/blocking_connection.py", line 381, in __init__
    self._impl = self._create_connection(parameters, _impl_class)
                 ^^^^^^^^^^^^^^^^^^^^^^^^^^^^^^^^^^^^^^^^^^^^^^^^
  File "/Users/jessica/GridWorks/gridworks-alerter/.venv/lib/python3.12/site-packages/pika/adapters/blocking_connection.py", line 478, in _create_connection
    raise self._reap_last_connection_workflow_error(error)
pika.exceptions.AMQPConnectionError
09:49:38 tap exited 0; restarting in 3 s
2026-10-07 09:49:41,640 INFO alembic.runtime.migration: Context impl SQLiteImpl.
2026-10-07 09:49:41,640 INFO alembic.runtime.migration: Will assume non-transactional DDL.
2026-10-07 09:49:41,659 INFO pika.adapters.utils.connection_workflow: Pika version 1.4.4 connecting to ('::1', 5672, 0, 0)
2026-10-07 09:49:41,659 ERROR pika.adapters.utils.io_services_utils: Socket failed to connect: <socket.socket fd=8, family=30, type=1, proto=6, laddr=('::1', 51322, 0, 0)>; error=61 (Connection refused)
2026-10-07 09:49:41,659 ERROR pika.adapters.utils.connection_workflow: TCP Connection attempt failed: ConnectionRefusedError(61, 'Connection refused'); dest=(<AddressFamily.AF_INET6: 30>, <SocketKind.SOCK_STREAM: 1>, 6, '', ('::1', 5672, 0, 0))
2026-10-07 09:49:41,659 ERROR pika.adapters.utils.connection_workflow: AMQPConnector - reporting failure: AMQPConnectorSocketConnectError: ConnectionRefusedError(61, 'Connection refused')
2026-10-07 09:49:41,659 INFO pika.adapters.utils.connection_workflow: Pika version 1.4.4 connecting to ('127.0.0.1', 5672)
2026-10-07 09:49:41,659 ERROR pika.adapters.utils.io_services_utils: Socket failed to connect: <socket.socket fd=8, family=2, type=1, proto=6, laddr=('127.0.0.1', 51323)>; error=61 (Connection refused)
2026-10-07 09:49:41,659 ERROR pika.adapters.utils.connection_workflow: TCP Connection attempt failed: ConnectionRefusedError(61, 'Connection refused'); dest=(<AddressFamily.AF_INET: 2>, <SocketKind.SOCK_STREAM: 1>, 6, '', ('127.0.0.1', 5672))
2026-10-07 09:49:41,659 ERROR pika.adapters.utils.connection_workflow: AMQPConnector - reporting failure: AMQPConnectorSocketConnectError: ConnectionRefusedError(61, 'Connection refused')
2026-10-07 09:49:41,659 ERROR pika.adapters.utils.connection_workflow: AMQP connection workflow failed: AMQPConnectionWorkflowFailed: 2 exceptions in all; last exception - AMQPConnectorSocketConnectError: ConnectionRefusedError(61, 'Connection refused'); first exception - AMQPConnectorSocketConnectError: ConnectionRefusedError(61, 'Connection refused').
2026-10-07 09:49:41,659 ERROR pika.adapters.utils.connection_workflow: AMQPConnectionWorkflow - reporting failure: AMQPConnectionWorkflowFailed: 2 exceptions in all; last exception - AMQPConnectorSocketConnectError: ConnectionRefusedError(61, 'Connection refused'); first exception - AMQPConnectorSocketConnectError: ConnectionRefusedError(61, 'Connection refused')
2026-10-07 09:49:41,659 ERROR pika.adapters.blocking_connection: Connection workflow failed: AMQPConnectionWorkflowFailed: 2 exceptions in all; last exception - AMQPConnectorSocketConnectError: ConnectionRefusedError(61, 'Connection refused'); first exception - AMQPConnectorSocketConnectError: ConnectionRefusedError(61, 'Connection refused')
2026-10-07 09:49:41,659 ERROR pika.adapters.blocking_connection: Error in _create_connection().
Traceback (most recent call last):
  File "/Users/jessica/GridWorks/gridworks-alerter/.venv/lib/python3.12/site-packages/pika/adapters/blocking_connection.py", line 478, in _create_connection
    raise self._reap_last_connection_workflow_error(error)
pika.exceptions.AMQPConnectionError
Traceback (most recent call last):
  File "/Users/jessica/GridWorks/gridworks-alerter/.venv/bin/gwalerter", line 10, in <module>
    sys.exit(main())
             ^^^^^^
  File "/Users/jessica/GridWorks/gridworks-alerter/src/gwalerter/cli.py", line 114, in main
    run_tap()
  File "/Users/jessica/GridWorks/gridworks-alerter/src/gwalerter/cli.py", line 82, in run_tap
    Tap(settings=settings, store=store).run()
  File "/Users/jessica/GridWorks/gridworks-alerter/src/gwalerter/tap.py", line 313, in run
    connection = pika.BlockingConnection(
                 ^^^^^^^^^^^^^^^^^^^^^^^^
  File "/Users/jessica/GridWorks/gridworks-alerter/.venv/lib/python3.12/site-packages/pika/adapters/blocking_connection.py", line 381, in __init__
    self._impl = self._create_connection(parameters, _impl_class)
                 ^^^^^^^^^^^^^^^^^^^^^^^^^^^^^^^^^^^^^^^^^^^^^^^^
  File "/Users/jessica/GridWorks/gridworks-alerter/.venv/lib/python3.12/site-packages/pika/adapters/blocking_connection.py", line 478, in _create_connection
    raise self._reap_last_connection_workflow_error(error)
pika.exceptions.AMQPConnectionError
09:49:41 tap exited 0; restarting in 3 s
2026-10-07 09:49:45,062 INFO alembic.runtime.migration: Context impl SQLiteImpl.
2026-10-07 09:49:45,063 INFO alembic.runtime.migration: Will assume non-transactional DDL.
2026-10-07 09:49:45,081 INFO pika.adapters.utils.connection_workflow: Pika version 1.4.4 connecting to ('::1', 5672, 0, 0)
2026-10-07 09:49:45,081 ERROR pika.adapters.utils.io_services_utils: Socket failed to connect: <socket.socket fd=8, family=30, type=1, proto=6, laddr=('::1', 51330, 0, 0)>; error=61 (Connection refused)
2026-10-07 09:49:45,081 ERROR pika.adapters.utils.connection_workflow: TCP Connection attempt failed: ConnectionRefusedError(61, 'Connection refused'); dest=(<AddressFamily.AF_INET6: 30>, <SocketKind.SOCK_STREAM: 1>, 6, '', ('::1', 5672, 0, 0))
2026-10-07 09:49:45,081 ERROR pika.adapters.utils.connection_workflow: AMQPConnector - reporting failure: AMQPConnectorSocketConnectError: ConnectionRefusedError(61, 'Connection refused')
2026-10-07 09:49:45,081 INFO pika.adapters.utils.connection_workflow: Pika version 1.4.4 connecting to ('127.0.0.1', 5672)
2026-10-07 09:49:45,081 ERROR pika.adapters.utils.io_services_utils: Socket failed to connect: <socket.socket fd=8, family=2, type=1, proto=6, laddr=('127.0.0.1', 51331)>; error=61 (Connection refused)
2026-10-07 09:49:45,081 ERROR pika.adapters.utils.connection_workflow: TCP Connection attempt failed: ConnectionRefusedError(61, 'Connection refused'); dest=(<AddressFamily.AF_INET: 2>, <SocketKind.SOCK_STREAM: 1>, 6, '', ('127.0.0.1', 5672))
2026-10-07 09:49:45,081 ERROR pika.adapters.utils.connection_workflow: AMQPConnector - reporting failure: AMQPConnectorSocketConnectError: ConnectionRefusedError(61, 'Connection refused')
2026-10-07 09:49:45,081 ERROR pika.adapters.utils.connection_workflow: AMQP connection workflow failed: AMQPConnectionWorkflowFailed: 2 exceptions in all; last exception - AMQPConnectorSocketConnectError: ConnectionRefusedError(61, 'Connection refused'); first exception - AMQPConnectorSocketConnectError: ConnectionRefusedError(61, 'Connection refused').
2026-10-07 09:49:45,081 ERROR pika.adapters.utils.connection_workflow: AMQPConnectionWorkflow - reporting failure: AMQPConnectionWorkflowFailed: 2 exceptions in all; last exception - AMQPConnectorSocketConnectError: ConnectionRefusedError(61, 'Connection refused'); first exception - AMQPConnectorSocketConnectError: ConnectionRefusedError(61, 'Connection refused')
2026-10-07 09:49:45,081 ERROR pika.adapters.blocking_connection: Connection workflow failed: AMQPConnectionWorkflowFailed: 2 exceptions in all; last exception - AMQPConnectorSocketConnectError: ConnectionRefusedError(61, 'Connection refused'); first exception - AMQPConnectorSocketConnectError: ConnectionRefusedError(61, 'Connection refused')
2026-10-07 09:49:45,081 ERROR pika.adapters.blocking_connection: Error in _create_connection().
Traceback (most recent call last):
  File "/Users/jessica/GridWorks/gridworks-alerter/.venv/lib/python3.12/site-packages/pika/adapters/blocking_connection.py", line 478, in _create_connection
    raise self._reap_last_connection_workflow_error(error)
pika.exceptions.AMQPConnectionError
Traceback (most recent call last):
  File "/Users/jessica/GridWorks/gridworks-alerter/.venv/bin/gwalerter", line 10, in <module>
    sys.exit(main())
             ^^^^^^
  File "/Users/jessica/GridWorks/gridworks-alerter/src/gwalerter/cli.py", line 114, in main
    run_tap()
  File "/Users/jessica/GridWorks/gridworks-alerter/src/gwalerter/cli.py", line 82, in run_tap
    Tap(settings=settings, store=store).run()
  File "/Users/jessica/GridWorks/gridworks-alerter/src/gwalerter/tap.py", line 313, in run
    connection = pika.BlockingConnection(
                 ^^^^^^^^^^^^^^^^^^^^^^^^
  File "/Users/jessica/GridWorks/gridworks-alerter/.venv/lib/python3.12/site-packages/pika/adapters/blocking_connection.py", line 381, in __init__
    self._impl = self._create_connection(parameters, _impl_class)
                 ^^^^^^^^^^^^^^^^^^^^^^^^^^^^^^^^^^^^^^^^^^^^^^^^
  File "/Users/jessica/GridWorks/gridworks-alerter/.venv/lib/python3.12/site-packages/pika/adapters/blocking_connection.py", line 478, in _create_connection
    raise self._reap_last_connection_workflow_error(error)
pika.exceptions.AMQPConnectionError
09:49:45 tap exited 0; restarting in 3 s
2026-10-07 09:49:48,503 INFO alembic.runtime.migration: Context impl SQLiteImpl.
2026-10-07 09:49:48,503 INFO alembic.runtime.migration: Will assume non-transactional DDL.
2026-10-07 09:49:48,523 INFO pika.adapters.utils.connection_workflow: Pika version 1.4.4 connecting to ('::1', 5672, 0, 0)
2026-10-07 09:49:48,523 ERROR pika.adapters.utils.io_services_utils: Socket failed to connect: <socket.socket fd=8, family=30, type=1, proto=6, laddr=('::1', 51346, 0, 0)>; error=61 (Connection refused)
2026-10-07 09:49:48,523 ERROR pika.adapters.utils.connection_workflow: TCP Connection attempt failed: ConnectionRefusedError(61, 'Connection refused'); dest=(<AddressFamily.AF_INET6: 30>, <SocketKind.SOCK_STREAM: 1>, 6, '', ('::1', 5672, 0, 0))
2026-10-07 09:49:48,523 ERROR pika.adapters.utils.connection_workflow: AMQPConnector - reporting failure: AMQPConnectorSocketConnectError: ConnectionRefusedError(61, 'Connection refused')
2026-10-07 09:49:48,523 INFO pika.adapters.utils.connection_workflow: Pika version 1.4.4 connecting to ('127.0.0.1', 5672)
2026-10-07 09:49:48,523 ERROR pika.adapters.utils.io_services_utils: Socket failed to connect: <socket.socket fd=8, family=2, type=1, proto=6, laddr=('127.0.0.1', 51347)>; error=61 (Connection refused)
2026-10-07 09:49:48,523 ERROR pika.adapters.utils.connection_workflow: TCP Connection attempt failed: ConnectionRefusedError(61, 'Connection refused'); dest=(<AddressFamily.AF_INET: 2>, <SocketKind.SOCK_STREAM: 1>, 6, '', ('127.0.0.1', 5672))
2026-10-07 09:49:48,523 ERROR pika.adapters.utils.connection_workflow: AMQPConnector - reporting failure: AMQPConnectorSocketConnectError: ConnectionRefusedError(61, 'Connection refused')
2026-10-07 09:49:48,523 ERROR pika.adapters.utils.connection_workflow: AMQP connection workflow failed: AMQPConnectionWorkflowFailed: 2 exceptions in all; last exception - AMQPConnectorSocketConnectError: ConnectionRefusedError(61, 'Connection refused'); first exception - AMQPConnectorSocketConnectError: ConnectionRefusedError(61, 'Connection refused').
2026-10-07 09:49:48,523 ERROR pika.adapters.utils.connection_workflow: AMQPConnectionWorkflow - reporting failure: AMQPConnectionWorkflowFailed: 2 exceptions in all; last exception - AMQPConnectorSocketConnectError: ConnectionRefusedError(61, 'Connection refused'); first exception - AMQPConnectorSocketConnectError: ConnectionRefusedError(61, 'Connection refused')
2026-10-07 09:49:48,523 ERROR pika.adapters.blocking_connection: Connection workflow failed: AMQPConnectionWorkflowFailed: 2 exceptions in all; last exception - AMQPConnectorSocketConnectError: ConnectionRefusedError(61, 'Connection refused'); first exception - AMQPConnectorSocketConnectError: ConnectionRefusedError(61, 'Connection refused')
2026-10-07 09:49:48,523 ERROR pika.adapters.blocking_connection: Error in _create_connection().
Traceback (most recent call last):
  File "/Users/jessica/GridWorks/gridworks-alerter/.venv/lib/python3.12/site-packages/pika/adapters/blocking_connection.py", line 478, in _create_connection
    raise self._reap_last_connection_workflow_error(error)
pika.exceptions.AMQPConnectionError
Traceback (most recent call last):
  File "/Users/jessica/GridWorks/gridworks-alerter/.venv/bin/gwalerter", line 10, in <module>
    sys.exit(main())
             ^^^^^^
  File "/Users/jessica/GridWorks/gridworks-alerter/src/gwalerter/cli.py", line 114, in main
    run_tap()
  File "/Users/jessica/GridWorks/gridworks-alerter/src/gwalerter/cli.py", line 82, in run_tap
    Tap(settings=settings, store=store).run()
  File "/Users/jessica/GridWorks/gridworks-alerter/src/gwalerter/tap.py", line 313, in run
    connection = pika.BlockingConnection(
                 ^^^^^^^^^^^^^^^^^^^^^^^^
  File "/Users/jessica/GridWorks/gridworks-alerter/.venv/lib/python3.12/site-packages/pika/adapters/blocking_connection.py", line 381, in __init__
    self._impl = self._create_connection(parameters, _impl_class)
                 ^^^^^^^^^^^^^^^^^^^^^^^^^^^^^^^^^^^^^^^^^^^^^^^^
  File "/Users/jessica/GridWorks/gridworks-alerter/.venv/lib/python3.12/site-packages/pika/adapters/blocking_connection.py", line 478, in _create_connection
    raise self._reap_last_connection_workflow_error(error)
pika.exceptions.AMQPConnectionError
09:49:48 tap exited 0; restarting in 3 s
2026-10-07 09:49:51,918 INFO alembic.runtime.migration: Context impl SQLiteImpl.
2026-10-07 09:49:51,918 INFO alembic.runtime.migration: Will assume non-transactional DDL.
2026-10-07 09:49:51,936 INFO pika.adapters.utils.connection_workflow: Pika version 1.4.4 connecting to ('::1', 5672, 0, 0)
2026-10-07 09:49:51,936 ERROR pika.adapters.utils.io_services_utils: Socket failed to connect: <socket.socket fd=8, family=30, type=1, proto=6, laddr=('::1', 51360, 0, 0)>; error=61 (Connection refused)
2026-10-07 09:49:51,936 ERROR pika.adapters.utils.connection_workflow: TCP Connection attempt failed: ConnectionRefusedError(61, 'Connection refused'); dest=(<AddressFamily.AF_INET6: 30>, <SocketKind.SOCK_STREAM: 1>, 6, '', ('::1', 5672, 0, 0))
2026-10-07 09:49:51,936 ERROR pika.adapters.utils.connection_workflow: AMQPConnector - reporting failure: AMQPConnectorSocketConnectError: ConnectionRefusedError(61, 'Connection refused')
2026-10-07 09:49:51,936 INFO pika.adapters.utils.connection_workflow: Pika version 1.4.4 connecting to ('127.0.0.1', 5672)
2026-10-07 09:49:51,936 ERROR pika.adapters.utils.io_services_utils: Socket failed to connect: <socket.socket fd=8, family=2, type=1, proto=6, laddr=('127.0.0.1', 51361)>; error=61 (Connection refused)
2026-10-07 09:49:51,936 ERROR pika.adapters.utils.connection_workflow: TCP Connection attempt failed: ConnectionRefusedError(61, 'Connection refused'); dest=(<AddressFamily.AF_INET: 2>, <SocketKind.SOCK_STREAM: 1>, 6, '', ('127.0.0.1', 5672))
2026-10-07 09:49:51,936 ERROR pika.adapters.utils.connection_workflow: AMQPConnector - reporting failure: AMQPConnectorSocketConnectError: ConnectionRefusedError(61, 'Connection refused')
2026-10-07 09:49:51,937 ERROR pika.adapters.utils.connection_workflow: AMQP connection workflow failed: AMQPConnectionWorkflowFailed: 2 exceptions in all; last exception - AMQPConnectorSocketConnectError: ConnectionRefusedError(61, 'Connection refused'); first exception - AMQPConnectorSocketConnectError: ConnectionRefusedError(61, 'Connection refused').
2026-10-07 09:49:51,937 ERROR pika.adapters.utils.connection_workflow: AMQPConnectionWorkflow - reporting failure: AMQPConnectionWorkflowFailed: 2 exceptions in all; last exception - AMQPConnectorSocketConnectError: ConnectionRefusedError(61, 'Connection refused'); first exception - AMQPConnectorSocketConnectError: ConnectionRefusedError(61, 'Connection refused')
2026-10-07 09:49:51,937 ERROR pika.adapters.blocking_connection: Connection workflow failed: AMQPConnectionWorkflowFailed: 2 exceptions in all; last exception - AMQPConnectorSocketConnectError: ConnectionRefusedError(61, 'Connection refused'); first exception - AMQPConnectorSocketConnectError: ConnectionRefusedError(61, 'Connection refused')
2026-10-07 09:49:51,937 ERROR pika.adapters.blocking_connection: Error in _create_connection().
Traceback (most recent call last):
  File "/Users/jessica/GridWorks/gridworks-alerter/.venv/lib/python3.12/site-packages/pika/adapters/blocking_connection.py", line 478, in _create_connection
    raise self._reap_last_connection_workflow_error(error)
pika.exceptions.AMQPConnectionError
Traceback (most recent call last):
  File "/Users/jessica/GridWorks/gridworks-alerter/.venv/bin/gwalerter", line 10, in <module>
    sys.exit(main())
             ^^^^^^
  File "/Users/jessica/GridWorks/gridworks-alerter/src/gwalerter/cli.py", line 114, in main
    run_tap()
  File "/Users/jessica/GridWorks/gridworks-alerter/src/gwalerter/cli.py", line 82, in run_tap
    Tap(settings=settings, store=store).run()
  File "/Users/jessica/GridWorks/gridworks-alerter/src/gwalerter/tap.py", line 313, in run
    connection = pika.BlockingConnection(
                 ^^^^^^^^^^^^^^^^^^^^^^^^
  File "/Users/jessica/GridWorks/gridworks-alerter/.venv/lib/python3.12/site-packages/pika/adapters/blocking_connection.py", line 381, in __init__
    self._impl = self._create_connection(parameters, _impl_class)
                 ^^^^^^^^^^^^^^^^^^^^^^^^^^^^^^^^^^^^^^^^^^^^^^^^
  File "/Users/jessica/GridWorks/gridworks-alerter/.venv/lib/python3.12/site-packages/pika/adapters/blocking_connection.py", line 478, in _create_connection
    raise self._reap_last_connection_workflow_error(error)
pika.exceptions.AMQPConnectionError
09:49:51 tap exited 0; restarting in 3 s
2026-10-07 09:49:55,325 INFO alembic.runtime.migration: Context impl SQLiteImpl.
2026-10-07 09:49:55,325 INFO alembic.runtime.migration: Will assume non-transactional DDL.
2026-10-07 09:49:55,343 INFO pika.adapters.utils.connection_workflow: Pika version 1.4.4 connecting to ('::1', 5672, 0, 0)
2026-10-07 09:49:55,343 ERROR pika.adapters.utils.io_services_utils: Socket failed to connect: <socket.socket fd=8, family=30, type=1, proto=6, laddr=('::1', 51368, 0, 0)>; error=61 (Connection refused)
2026-10-07 09:49:55,343 ERROR pika.adapters.utils.connection_workflow: TCP Connection attempt failed: ConnectionRefusedError(61, 'Connection refused'); dest=(<AddressFamily.AF_INET6: 30>, <SocketKind.SOCK_STREAM: 1>, 6, '', ('::1', 5672, 0, 0))
2026-10-07 09:49:55,343 ERROR pika.adapters.utils.connection_workflow: AMQPConnector - reporting failure: AMQPConnectorSocketConnectError: ConnectionRefusedError(61, 'Connection refused')
2026-10-07 09:49:55,344 INFO pika.adapters.utils.connection_workflow: Pika version 1.4.4 connecting to ('127.0.0.1', 5672)
2026-10-07 09:49:55,344 ERROR pika.adapters.utils.io_services_utils: Socket failed to connect: <socket.socket fd=8, family=2, type=1, proto=6, laddr=('127.0.0.1', 51369)>; error=61 (Connection refused)
2026-10-07 09:49:55,344 ERROR pika.adapters.utils.connection_workflow: TCP Connection attempt failed: ConnectionRefusedError(61, 'Connection refused'); dest=(<AddressFamily.AF_INET: 2>, <SocketKind.SOCK_STREAM: 1>, 6, '', ('127.0.0.1', 5672))
2026-10-07 09:49:55,344 ERROR pika.adapters.utils.connection_workflow: AMQPConnector - reporting failure: AMQPConnectorSocketConnectError: ConnectionRefusedError(61, 'Connection refused')
2026-10-07 09:49:55,344 ERROR pika.adapters.utils.connection_workflow: AMQP connection workflow failed: AMQPConnectionWorkflowFailed: 2 exceptions in all; last exception - AMQPConnectorSocketConnectError: ConnectionRefusedError(61, 'Connection refused'); first exception - AMQPConnectorSocketConnectError: ConnectionRefusedError(61, 'Connection refused').
2026-10-07 09:49:55,344 ERROR pika.adapters.utils.connection_workflow: AMQPConnectionWorkflow - reporting failure: AMQPConnectionWorkflowFailed: 2 exceptions in all; last exception - AMQPConnectorSocketConnectError: ConnectionRefusedError(61, 'Connection refused'); first exception - AMQPConnectorSocketConnectError: ConnectionRefusedError(61, 'Connection refused')
2026-10-07 09:49:55,344 ERROR pika.adapters.blocking_connection: Connection workflow failed: AMQPConnectionWorkflowFailed: 2 exceptions in all; last exception - AMQPConnectorSocketConnectError: ConnectionRefusedError(61, 'Connection refused'); first exception - AMQPConnectorSocketConnectError: ConnectionRefusedError(61, 'Connection refused')
2026-10-07 09:49:55,344 ERROR pika.adapters.blocking_connection: Error in _create_connection().
Traceback (most recent call last):
  File "/Users/jessica/GridWorks/gridworks-alerter/.venv/lib/python3.12/site-packages/pika/adapters/blocking_connection.py", line 478, in _create_connection
    raise self._reap_last_connection_workflow_error(error)
pika.exceptions.AMQPConnectionError
Traceback (most recent call last):
  File "/Users/jessica/GridWorks/gridworks-alerter/.venv/bin/gwalerter", line 10, in <module>
    sys.exit(main())
             ^^^^^^
  File "/Users/jessica/GridWorks/gridworks-alerter/src/gwalerter/cli.py", line 114, in main
    run_tap()
  File "/Users/jessica/GridWorks/gridworks-alerter/src/gwalerter/cli.py", line 82, in run_tap
    Tap(settings=settings, store=store).run()
  File "/Users/jessica/GridWorks/gridworks-alerter/src/gwalerter/tap.py", line 313, in run
    connection = pika.BlockingConnection(
                 ^^^^^^^^^^^^^^^^^^^^^^^^
  File "/Users/jessica/GridWorks/gridworks-alerter/.venv/lib/python3.12/site-packages/pika/adapters/blocking_connection.py", line 381, in __init__
    self._impl = self._create_connection(parameters, _impl_class)
                 ^^^^^^^^^^^^^^^^^^^^^^^^^^^^^^^^^^^^^^^^^^^^^^^^
  File "/Users/jessica/GridWorks/gridworks-alerter/.venv/lib/python3.12/site-packages/pika/adapters/blocking_connection.py", line 478, in _create_connection
    raise self._reap_last_connection_workflow_error(error)
pika.exceptions.AMQPConnectionError
09:49:55 tap exited 0; restarting in 3 s
2026-10-07 09:49:58,742 INFO alembic.runtime.migration: Context impl SQLiteImpl.
2026-10-07 09:49:58,742 INFO alembic.runtime.migration: Will assume non-transactional DDL.
2026-10-07 09:49:58,761 INFO pika.adapters.utils.connection_workflow: Pika version 1.4.4 connecting to ('::1', 5672, 0, 0)
2026-10-07 09:49:58,761 ERROR pika.adapters.utils.io_services_utils: Socket failed to connect: <socket.socket fd=8, family=30, type=1, proto=6, laddr=('::1', 51376, 0, 0)>; error=61 (Connection refused)
2026-10-07 09:49:58,761 ERROR pika.adapters.utils.connection_workflow: TCP Connection attempt failed: ConnectionRefusedError(61, 'Connection refused'); dest=(<AddressFamily.AF_INET6: 30>, <SocketKind.SOCK_STREAM: 1>, 6, '', ('::1', 5672, 0, 0))
2026-10-07 09:49:58,761 ERROR pika.adapters.utils.connection_workflow: AMQPConnector - reporting failure: AMQPConnectorSocketConnectError: ConnectionRefusedError(61, 'Connection refused')
2026-10-07 09:49:58,761 INFO pika.adapters.utils.connection_workflow: Pika version 1.4.4 connecting to ('127.0.0.1', 5672)
2026-10-07 09:49:58,761 ERROR pika.adapters.utils.io_services_utils: Socket failed to connect: <socket.socket fd=8, family=2, type=1, proto=6, laddr=('127.0.0.1', 51377)>; error=61 (Connection refused)
2026-10-07 09:49:58,761 ERROR pika.adapters.utils.connection_workflow: TCP Connection attempt failed: ConnectionRefusedError(61, 'Connection refused'); dest=(<AddressFamily.AF_INET: 2>, <SocketKind.SOCK_STREAM: 1>, 6, '', ('127.0.0.1', 5672))
2026-10-07 09:49:58,761 ERROR pika.adapters.utils.connection_workflow: AMQPConnector - reporting failure: AMQPConnectorSocketConnectError: ConnectionRefusedError(61, 'Connection refused')
2026-10-07 09:49:58,761 ERROR pika.adapters.utils.connection_workflow: AMQP connection workflow failed: AMQPConnectionWorkflowFailed: 2 exceptions in all; last exception - AMQPConnectorSocketConnectError: ConnectionRefusedError(61, 'Connection refused'); first exception - AMQPConnectorSocketConnectError: ConnectionRefusedError(61, 'Connection refused').
2026-10-07 09:49:58,761 ERROR pika.adapters.utils.connection_workflow: AMQPConnectionWorkflow - reporting failure: AMQPConnectionWorkflowFailed: 2 exceptions in all; last exception - AMQPConnectorSocketConnectError: ConnectionRefusedError(61, 'Connection refused'); first exception - AMQPConnectorSocketConnectError: ConnectionRefusedError(61, 'Connection refused')
2026-10-07 09:49:58,761 ERROR pika.adapters.blocking_connection: Connection workflow failed: AMQPConnectionWorkflowFailed: 2 exceptions in all; last exception - AMQPConnectorSocketConnectError: ConnectionRefusedError(61, 'Connection refused'); first exception - AMQPConnectorSocketConnectError: ConnectionRefusedError(61, 'Connection refused')
2026-10-07 09:49:58,761 ERROR pika.adapters.blocking_connection: Error in _create_connection().
Traceback (most recent call last):
  File "/Users/jessica/GridWorks/gridworks-alerter/.venv/lib/python3.12/site-packages/pika/adapters/blocking_connection.py", line 478, in _create_connection
    raise self._reap_last_connection_workflow_error(error)
pika.exceptions.AMQPConnectionError
Traceback (most recent call last):
  File "/Users/jessica/GridWorks/gridworks-alerter/.venv/bin/gwalerter", line 10, in <module>
    sys.exit(main())
             ^^^^^^
  File "/Users/jessica/GridWorks/gridworks-alerter/src/gwalerter/cli.py", line 114, in main
    run_tap()
  File "/Users/jessica/GridWorks/gridworks-alerter/src/gwalerter/cli.py", line 82, in run_tap
    Tap(settings=settings, store=store).run()
  File "/Users/jessica/GridWorks/gridworks-alerter/src/gwalerter/tap.py", line 313, in run
    connection = pika.BlockingConnection(
                 ^^^^^^^^^^^^^^^^^^^^^^^^
  File "/Users/jessica/GridWorks/gridworks-alerter/.venv/lib/python3.12/site-packages/pika/adapters/blocking_connection.py", line 381, in __init__
    self._impl = self._create_connection(parameters, _impl_class)
                 ^^^^^^^^^^^^^^^^^^^^^^^^^^^^^^^^^^^^^^^^^^^^^^^^
  File "/Users/jessica/GridWorks/gridworks-alerter/.venv/lib/python3.12/site-packages/pika/adapters/blocking_connection.py", line 478, in _create_connection
    raise self._reap_last_connection_workflow_error(error)
pika.exceptions.AMQPConnectionError
09:49:58 tap exited 0; restarting in 3 s
2026-10-07 09:50:02,156 INFO alembic.runtime.migration: Context impl SQLiteImpl.
2026-10-07 09:50:02,156 INFO alembic.runtime.migration: Will assume non-transactional DDL.
2026-10-07 09:50:02,175 INFO pika.adapters.utils.connection_workflow: Pika version 1.4.4 connecting to ('::1', 5672, 0, 0)
2026-10-07 09:50:02,175 ERROR pika.adapters.utils.io_services_utils: Socket failed to connect: <socket.socket fd=8, family=30, type=1, proto=6, laddr=('::1', 51390, 0, 0)>; error=61 (Connection refused)
2026-10-07 09:50:02,175 ERROR pika.adapters.utils.connection_workflow: TCP Connection attempt failed: ConnectionRefusedError(61, 'Connection refused'); dest=(<AddressFamily.AF_INET6: 30>, <SocketKind.SOCK_STREAM: 1>, 6, '', ('::1', 5672, 0, 0))
2026-10-07 09:50:02,175 ERROR pika.adapters.utils.connection_workflow: AMQPConnector - reporting failure: AMQPConnectorSocketConnectError: ConnectionRefusedError(61, 'Connection refused')
2026-10-07 09:50:02,175 INFO pika.adapters.utils.connection_workflow: Pika version 1.4.4 connecting to ('127.0.0.1', 5672)
2026-10-07 09:50:02,175 ERROR pika.adapters.utils.io_services_utils: Socket failed to connect: <socket.socket fd=8, family=2, type=1, proto=6, laddr=('127.0.0.1', 51391)>; error=61 (Connection refused)
2026-10-07 09:50:02,175 ERROR pika.adapters.utils.connection_workflow: TCP Connection attempt failed: ConnectionRefusedError(61, 'Connection refused'); dest=(<AddressFamily.AF_INET: 2>, <SocketKind.SOCK_STREAM: 1>, 6, '', ('127.0.0.1', 5672))
2026-10-07 09:50:02,175 ERROR pika.adapters.utils.connection_workflow: AMQPConnector - reporting failure: AMQPConnectorSocketConnectError: ConnectionRefusedError(61, 'Connection refused')
2026-10-07 09:50:02,175 ERROR pika.adapters.utils.connection_workflow: AMQP connection workflow failed: AMQPConnectionWorkflowFailed: 2 exceptions in all; last exception - AMQPConnectorSocketConnectError: ConnectionRefusedError(61, 'Connection refused'); first exception - AMQPConnectorSocketConnectError: ConnectionRefusedError(61, 'Connection refused').
2026-10-07 09:50:02,175 ERROR pika.adapters.utils.connection_workflow: AMQPConnectionWorkflow - reporting failure: AMQPConnectionWorkflowFailed: 2 exceptions in all; last exception - AMQPConnectorSocketConnectError: ConnectionRefusedError(61, 'Connection refused'); first exception - AMQPConnectorSocketConnectError: ConnectionRefusedError(61, 'Connection refused')
2026-10-07 09:50:02,175 ERROR pika.adapters.blocking_connection: Connection workflow failed: AMQPConnectionWorkflowFailed: 2 exceptions in all; last exception - AMQPConnectorSocketConnectError: ConnectionRefusedError(61, 'Connection refused'); first exception - AMQPConnectorSocketConnectError: ConnectionRefusedError(61, 'Connection refused')
2026-10-07 09:50:02,175 ERROR pika.adapters.blocking_connection: Error in _create_connection().
Traceback (most recent call last):
  File "/Users/jessica/GridWorks/gridworks-alerter/.venv/lib/python3.12/site-packages/pika/adapters/blocking_connection.py", line 478, in _create_connection
    raise self._reap_last_connection_workflow_error(error)
pika.exceptions.AMQPConnectionError
Traceback (most recent call last):
  File "/Users/jessica/GridWorks/gridworks-alerter/.venv/bin/gwalerter", line 10, in <module>
    sys.exit(main())
             ^^^^^^
  File "/Users/jessica/GridWorks/gridworks-alerter/src/gwalerter/cli.py", line 114, in main
    run_tap()
  File "/Users/jessica/GridWorks/gridworks-alerter/src/gwalerter/cli.py", line 82, in run_tap
    Tap(settings=settings, store=store).run()
  File "/Users/jessica/GridWorks/gridworks-alerter/src/gwalerter/tap.py", line 313, in run
    connection = pika.BlockingConnection(
                 ^^^^^^^^^^^^^^^^^^^^^^^^
  File "/Users/jessica/GridWorks/gridworks-alerter/.venv/lib/python3.12/site-packages/pika/adapters/blocking_connection.py", line 381, in __init__
    self._impl = self._create_connection(parameters, _impl_class)
                 ^^^^^^^^^^^^^^^^^^^^^^^^^^^^^^^^^^^^^^^^^^^^^^^^
  File "/Users/jessica/GridWorks/gridworks-alerter/.venv/lib/python3.12/site-packages/pika/adapters/blocking_connection.py", line 478, in _create_connection
    raise self._reap_last_connection_workflow_error(error)
pika.exceptions.AMQPConnectionError
09:50:02 tap exited 0; restarting in 3 s
2026-10-07 09:50:05,603 INFO alembic.runtime.migration: Context impl SQLiteImpl.
2026-10-07 09:50:05,603 INFO alembic.runtime.migration: Will assume non-transactional DDL.
2026-10-07 09:50:05,622 INFO pika.adapters.utils.connection_workflow: Pika version 1.4.4 connecting to ('::1', 5672, 0, 0)
2026-10-07 09:50:05,622 ERROR pika.adapters.utils.io_services_utils: Socket failed to connect: <socket.socket fd=8, family=30, type=1, proto=6, laddr=('::1', 51406, 0, 0)>; error=61 (Connection refused)
2026-10-07 09:50:05,622 ERROR pika.adapters.utils.connection_workflow: TCP Connection attempt failed: ConnectionRefusedError(61, 'Connection refused'); dest=(<AddressFamily.AF_INET6: 30>, <SocketKind.SOCK_STREAM: 1>, 6, '', ('::1', 5672, 0, 0))
2026-10-07 09:50:05,622 ERROR pika.adapters.utils.connection_workflow: AMQPConnector - reporting failure: AMQPConnectorSocketConnectError: ConnectionRefusedError(61, 'Connection refused')
2026-10-07 09:50:05,623 INFO pika.adapters.utils.connection_workflow: Pika version 1.4.4 connecting to ('127.0.0.1', 5672)
2026-10-07 09:50:05,623 ERROR pika.adapters.utils.io_services_utils: Socket failed to connect: <socket.socket fd=8, family=2, type=1, proto=6, laddr=('127.0.0.1', 51407)>; error=61 (Connection refused)
2026-10-07 09:50:05,623 ERROR pika.adapters.utils.connection_workflow: TCP Connection attempt failed: ConnectionRefusedError(61, 'Connection refused'); dest=(<AddressFamily.AF_INET: 2>, <SocketKind.SOCK_STREAM: 1>, 6, '', ('127.0.0.1', 5672))
2026-10-07 09:50:05,623 ERROR pika.adapters.utils.connection_workflow: AMQPConnector - reporting failure: AMQPConnectorSocketConnectError: ConnectionRefusedError(61, 'Connection refused')
2026-10-07 09:50:05,623 ERROR pika.adapters.utils.connection_workflow: AMQP connection workflow failed: AMQPConnectionWorkflowFailed: 2 exceptions in all; last exception - AMQPConnectorSocketConnectError: ConnectionRefusedError(61, 'Connection refused'); first exception - AMQPConnectorSocketConnectError: ConnectionRefusedError(61, 'Connection refused').
2026-10-07 09:50:05,623 ERROR pika.adapters.utils.connection_workflow: AMQPConnectionWorkflow - reporting failure: AMQPConnectionWorkflowFailed: 2 exceptions in all; last exception - AMQPConnectorSocketConnectError: ConnectionRefusedError(61, 'Connection refused'); first exception - AMQPConnectorSocketConnectError: ConnectionRefusedError(61, 'Connection refused')
2026-10-07 09:50:05,623 ERROR pika.adapters.blocking_connection: Connection workflow failed: AMQPConnectionWorkflowFailed: 2 exceptions in all; last exception - AMQPConnectorSocketConnectError: ConnectionRefusedError(61, 'Connection refused'); first exception - AMQPConnectorSocketConnectError: ConnectionRefusedError(61, 'Connection refused')
2026-10-07 09:50:05,623 ERROR pika.adapters.blocking_connection: Error in _create_connection().
Traceback (most recent call last):
  File "/Users/jessica/GridWorks/gridworks-alerter/.venv/lib/python3.12/site-packages/pika/adapters/blocking_connection.py", line 478, in _create_connection
    raise self._reap_last_connection_workflow_error(error)
pika.exceptions.AMQPConnectionError
Traceback (most recent call last):
  File "/Users/jessica/GridWorks/gridworks-alerter/.venv/bin/gwalerter", line 10, in <module>
    sys.exit(main())
             ^^^^^^
  File "/Users/jessica/GridWorks/gridworks-alerter/src/gwalerter/cli.py", line 114, in main
    run_tap()
  File "/Users/jessica/GridWorks/gridworks-alerter/src/gwalerter/cli.py", line 82, in run_tap
    Tap(settings=settings, store=store).run()
  File "/Users/jessica/GridWorks/gridworks-alerter/src/gwalerter/tap.py", line 313, in run
    connection = pika.BlockingConnection(
                 ^^^^^^^^^^^^^^^^^^^^^^^^
  File "/Users/jessica/GridWorks/gridworks-alerter/.venv/lib/python3.12/site-packages/pika/adapters/blocking_connection.py", line 381, in __init__
    self._impl = self._create_connection(parameters, _impl_class)
                 ^^^^^^^^^^^^^^^^^^^^^^^^^^^^^^^^^^^^^^^^^^^^^^^^
  File "/Users/jessica/GridWorks/gridworks-alerter/.venv/lib/python3.12/site-packages/pika/adapters/blocking_connection.py", line 478, in _create_connection
    raise self._reap_last_connection_workflow_error(error)
pika.exceptions.AMQPConnectionError
09:50:05 tap exited 0; restarting in 3 s
2026-10-07 09:50:09,023 INFO alembic.runtime.migration: Context impl SQLiteImpl.
2026-10-07 09:50:09,023 INFO alembic.runtime.migration: Will assume non-transactional DDL.
2026-10-07 09:50:09,041 INFO pika.adapters.utils.connection_workflow: Pika version 1.4.4 connecting to ('::1', 5672, 0, 0)
2026-10-07 09:50:09,041 ERROR pika.adapters.utils.io_services_utils: Socket failed to connect: <socket.socket fd=8, family=30, type=1, proto=6, laddr=('::1', 51418, 0, 0)>; error=61 (Connection refused)
2026-10-07 09:50:09,041 ERROR pika.adapters.utils.connection_workflow: TCP Connection attempt failed: ConnectionRefusedError(61, 'Connection refused'); dest=(<AddressFamily.AF_INET6: 30>, <SocketKind.SOCK_STREAM: 1>, 6, '', ('::1', 5672, 0, 0))
2026-10-07 09:50:09,041 ERROR pika.adapters.utils.connection_workflow: AMQPConnector - reporting failure: AMQPConnectorSocketConnectError: ConnectionRefusedError(61, 'Connection refused')
2026-10-07 09:50:09,041 INFO pika.adapters.utils.connection_workflow: Pika version 1.4.4 connecting to ('127.0.0.1', 5672)
2026-10-07 09:50:09,042 ERROR pika.adapters.utils.io_services_utils: Socket failed to connect: <socket.socket fd=8, family=2, type=1, proto=6, laddr=('127.0.0.1', 51419)>; error=61 (Connection refused)
2026-10-07 09:50:09,042 ERROR pika.adapters.utils.connection_workflow: TCP Connection attempt failed: ConnectionRefusedError(61, 'Connection refused'); dest=(<AddressFamily.AF_INET: 2>, <SocketKind.SOCK_STREAM: 1>, 6, '', ('127.0.0.1', 5672))
2026-10-07 09:50:09,042 ERROR pika.adapters.utils.connection_workflow: AMQPConnector - reporting failure: AMQPConnectorSocketConnectError: ConnectionRefusedError(61, 'Connection refused')
2026-10-07 09:50:09,042 ERROR pika.adapters.utils.connection_workflow: AMQP connection workflow failed: AMQPConnectionWorkflowFailed: 2 exceptions in all; last exception - AMQPConnectorSocketConnectError: ConnectionRefusedError(61, 'Connection refused'); first exception - AMQPConnectorSocketConnectError: ConnectionRefusedError(61, 'Connection refused').
2026-10-07 09:50:09,042 ERROR pika.adapters.utils.connection_workflow: AMQPConnectionWorkflow - reporting failure: AMQPConnectionWorkflowFailed: 2 exceptions in all; last exception - AMQPConnectorSocketConnectError: ConnectionRefusedError(61, 'Connection refused'); first exception - AMQPConnectorSocketConnectError: ConnectionRefusedError(61, 'Connection refused')
2026-10-07 09:50:09,042 ERROR pika.adapters.blocking_connection: Connection workflow failed: AMQPConnectionWorkflowFailed: 2 exceptions in all; last exception - AMQPConnectorSocketConnectError: ConnectionRefusedError(61, 'Connection refused'); first exception - AMQPConnectorSocketConnectError: ConnectionRefusedError(61, 'Connection refused')
2026-10-07 09:50:09,042 ERROR pika.adapters.blocking_connection: Error in _create_connection().
Traceback (most recent call last):
  File "/Users/jessica/GridWorks/gridworks-alerter/.venv/lib/python3.12/site-packages/pika/adapters/blocking_connection.py", line 478, in _create_connection
    raise self._reap_last_connection_workflow_error(error)
pika.exceptions.AMQPConnectionError
Traceback (most recent call last):
  File "/Users/jessica/GridWorks/gridworks-alerter/.venv/bin/gwalerter", line 10, in <module>
    sys.exit(main())
             ^^^^^^
  File "/Users/jessica/GridWorks/gridworks-alerter/src/gwalerter/cli.py", line 114, in main
    run_tap()
  File "/Users/jessica/GridWorks/gridworks-alerter/src/gwalerter/cli.py", line 82, in run_tap
    Tap(settings=settings, store=store).run()
  File "/Users/jessica/GridWorks/gridworks-alerter/src/gwalerter/tap.py", line 313, in run
    connection = pika.BlockingConnection(
                 ^^^^^^^^^^^^^^^^^^^^^^^^
  File "/Users/jessica/GridWorks/gridworks-alerter/.venv/lib/python3.12/site-packages/pika/adapters/blocking_connection.py", line 381, in __init__
    self._impl = self._create_connection(parameters, _impl_class)
                 ^^^^^^^^^^^^^^^^^^^^^^^^^^^^^^^^^^^^^^^^^^^^^^^^
  File "/Users/jessica/GridWorks/gridworks-alerter/.venv/lib/python3.12/site-packages/pika/adapters/blocking_connection.py", line 478, in _create_connection
    raise self._reap_last_connection_workflow_error(error)
pika.exceptions.AMQPConnectionError
09:50:09 tap exited 0; restarting in 3 s
2026-10-07 09:50:12,402 INFO alembic.runtime.migration: Context impl SQLiteImpl.
2026-10-07 09:50:12,403 INFO alembic.runtime.migration: Will assume non-transactional DDL.
2026-10-07 09:50:12,421 INFO pika.adapters.utils.connection_workflow: Pika version 1.4.4 connecting to ('::1', 5672, 0, 0)
2026-10-07 09:50:12,422 ERROR pika.adapters.utils.io_services_utils: Socket failed to connect: <socket.socket fd=8, family=30, type=1, proto=6, laddr=('::1', 51434, 0, 0)>; error=61 (Connection refused)
2026-10-07 09:50:12,422 ERROR pika.adapters.utils.connection_workflow: TCP Connection attempt failed: ConnectionRefusedError(61, 'Connection refused'); dest=(<AddressFamily.AF_INET6: 30>, <SocketKind.SOCK_STREAM: 1>, 6, '', ('::1', 5672, 0, 0))
2026-10-07 09:50:12,422 ERROR pika.adapters.utils.connection_workflow: AMQPConnector - reporting failure: AMQPConnectorSocketConnectError: ConnectionRefusedError(61, 'Connection refused')
2026-10-07 09:50:12,422 INFO pika.adapters.utils.connection_workflow: Pika version 1.4.4 connecting to ('127.0.0.1', 5672)
2026-10-07 09:50:12,422 ERROR pika.adapters.utils.io_services_utils: Socket failed to connect: <socket.socket fd=8, family=2, type=1, proto=6, laddr=('127.0.0.1', 51435)>; error=61 (Connection refused)
2026-10-07 09:50:12,422 ERROR pika.adapters.utils.connection_workflow: TCP Connection attempt failed: ConnectionRefusedError(61, 'Connection refused'); dest=(<AddressFamily.AF_INET: 2>, <SocketKind.SOCK_STREAM: 1>, 6, '', ('127.0.0.1', 5672))
2026-10-07 09:50:12,422 ERROR pika.adapters.utils.connection_workflow: AMQPConnector - reporting failure: AMQPConnectorSocketConnectError: ConnectionRefusedError(61, 'Connection refused')
2026-10-07 09:50:12,422 ERROR pika.adapters.utils.connection_workflow: AMQP connection workflow failed: AMQPConnectionWorkflowFailed: 2 exceptions in all; last exception - AMQPConnectorSocketConnectError: ConnectionRefusedError(61, 'Connection refused'); first exception - AMQPConnectorSocketConnectError: ConnectionRefusedError(61, 'Connection refused').
2026-10-07 09:50:12,422 ERROR pika.adapters.utils.connection_workflow: AMQPConnectionWorkflow - reporting failure: AMQPConnectionWorkflowFailed: 2 exceptions in all; last exception - AMQPConnectorSocketConnectError: ConnectionRefusedError(61, 'Connection refused'); first exception - AMQPConnectorSocketConnectError: ConnectionRefusedError(61, 'Connection refused')
2026-10-07 09:50:12,422 ERROR pika.adapters.blocking_connection: Connection workflow failed: AMQPConnectionWorkflowFailed: 2 exceptions in all; last exception - AMQPConnectorSocketConnectError: ConnectionRefusedError(61, 'Connection refused'); first exception - AMQPConnectorSocketConnectError: ConnectionRefusedError(61, 'Connection refused')
2026-10-07 09:50:12,422 ERROR pika.adapters.blocking_connection: Error in _create_connection().
Traceback (most recent call last):
  File "/Users/jessica/GridWorks/gridworks-alerter/.venv/lib/python3.12/site-packages/pika/adapters/blocking_connection.py", line 478, in _create_connection
    raise self._reap_last_connection_workflow_error(error)
pika.exceptions.AMQPConnectionError
Traceback (most recent call last):
  File "/Users/jessica/GridWorks/gridworks-alerter/.venv/bin/gwalerter", line 10, in <module>
    sys.exit(main())
             ^^^^^^
  File "/Users/jessica/GridWorks/gridworks-alerter/src/gwalerter/cli.py", line 114, in main
    run_tap()
  File "/Users/jessica/GridWorks/gridworks-alerter/src/gwalerter/cli.py", line 82, in run_tap
    Tap(settings=settings, store=store).run()
  File "/Users/jessica/GridWorks/gridworks-alerter/src/gwalerter/tap.py", line 313, in run
    connection = pika.BlockingConnection(
                 ^^^^^^^^^^^^^^^^^^^^^^^^
  File "/Users/jessica/GridWorks/gridworks-alerter/.venv/lib/python3.12/site-packages/pika/adapters/blocking_connection.py", line 381, in __init__
    self._impl = self._create_connection(parameters, _impl_class)
                 ^^^^^^^^^^^^^^^^^^^^^^^^^^^^^^^^^^^^^^^^^^^^^^^^
  File "/Users/jessica/GridWorks/gridworks-alerter/.venv/lib/python3.12/site-packages/pika/adapters/blocking_connection.py", line 478, in _create_connection
    raise self._reap_last_connection_workflow_error(error)
pika.exceptions.AMQPConnectionError
09:50:12 tap exited 0; restarting in 3 s
2026-10-07 09:50:15,779 INFO alembic.runtime.migration: Context impl SQLiteImpl.
2026-10-07 09:50:15,779 INFO alembic.runtime.migration: Will assume non-transactional DDL.
2026-10-07 09:50:15,797 INFO pika.adapters.utils.connection_workflow: Pika version 1.4.4 connecting to ('::1', 5672, 0, 0)
2026-10-07 09:50:15,797 ERROR pika.adapters.utils.io_services_utils: Socket failed to connect: <socket.socket fd=8, family=30, type=1, proto=6, laddr=('::1', 51442, 0, 0)>; error=61 (Connection refused)
2026-10-07 09:50:15,797 ERROR pika.adapters.utils.connection_workflow: TCP Connection attempt failed: ConnectionRefusedError(61, 'Connection refused'); dest=(<AddressFamily.AF_INET6: 30>, <SocketKind.SOCK_STREAM: 1>, 6, '', ('::1', 5672, 0, 0))
2026-10-07 09:50:15,797 ERROR pika.adapters.utils.connection_workflow: AMQPConnector - reporting failure: AMQPConnectorSocketConnectError: ConnectionRefusedError(61, 'Connection refused')
2026-10-07 09:50:15,797 INFO pika.adapters.utils.connection_workflow: Pika version 1.4.4 connecting to ('127.0.0.1', 5672)
2026-10-07 09:50:15,797 ERROR pika.adapters.utils.io_services_utils: Socket failed to connect: <socket.socket fd=8, family=2, type=1, proto=6, laddr=('127.0.0.1', 51443)>; error=61 (Connection refused)
2026-10-07 09:50:15,797 ERROR pika.adapters.utils.connection_workflow: TCP Connection attempt failed: ConnectionRefusedError(61, 'Connection refused'); dest=(<AddressFamily.AF_INET: 2>, <SocketKind.SOCK_STREAM: 1>, 6, '', ('127.0.0.1', 5672))
2026-10-07 09:50:15,797 ERROR pika.adapters.utils.connection_workflow: AMQPConnector - reporting failure: AMQPConnectorSocketConnectError: ConnectionRefusedError(61, 'Connection refused')
2026-10-07 09:50:15,798 ERROR pika.adapters.utils.connection_workflow: AMQP connection workflow failed: AMQPConnectionWorkflowFailed: 2 exceptions in all; last exception - AMQPConnectorSocketConnectError: ConnectionRefusedError(61, 'Connection refused'); first exception - AMQPConnectorSocketConnectError: ConnectionRefusedError(61, 'Connection refused').
2026-10-07 09:50:15,798 ERROR pika.adapters.utils.connection_workflow: AMQPConnectionWorkflow - reporting failure: AMQPConnectionWorkflowFailed: 2 exceptions in all; last exception - AMQPConnectorSocketConnectError: ConnectionRefusedError(61, 'Connection refused'); first exception - AMQPConnectorSocketConnectError: ConnectionRefusedError(61, 'Connection refused')
2026-10-07 09:50:15,798 ERROR pika.adapters.blocking_connection: Connection workflow failed: AMQPConnectionWorkflowFailed: 2 exceptions in all; last exception - AMQPConnectorSocketConnectError: ConnectionRefusedError(61, 'Connection refused'); first exception - AMQPConnectorSocketConnectError: ConnectionRefusedError(61, 'Connection refused')
2026-10-07 09:50:15,798 ERROR pika.adapters.blocking_connection: Error in _create_connection().
Traceback (most recent call last):
  File "/Users/jessica/GridWorks/gridworks-alerter/.venv/lib/python3.12/site-packages/pika/adapters/blocking_connection.py", line 478, in _create_connection
    raise self._reap_last_connection_workflow_error(error)
pika.exceptions.AMQPConnectionError
Traceback (most recent call last):
  File "/Users/jessica/GridWorks/gridworks-alerter/.venv/bin/gwalerter", line 10, in <module>
    sys.exit(main())
             ^^^^^^
  File "/Users/jessica/GridWorks/gridworks-alerter/src/gwalerter/cli.py", line 114, in main
    run_tap()
  File "/Users/jessica/GridWorks/gridworks-alerter/src/gwalerter/cli.py", line 82, in run_tap
    Tap(settings=settings, store=store).run()
  File "/Users/jessica/GridWorks/gridworks-alerter/src/gwalerter/tap.py", line 313, in run
    connection = pika.BlockingConnection(
                 ^^^^^^^^^^^^^^^^^^^^^^^^
  File "/Users/jessica/GridWorks/gridworks-alerter/.venv/lib/python3.12/site-packages/pika/adapters/blocking_connection.py", line 381, in __init__
    self._impl = self._create_connection(parameters, _impl_class)
                 ^^^^^^^^^^^^^^^^^^^^^^^^^^^^^^^^^^^^^^^^^^^^^^^^
  File "/Users/jessica/GridWorks/gridworks-alerter/.venv/lib/python3.12/site-packages/pika/adapters/blocking_connection.py", line 478, in _create_connection
    raise self._reap_last_connection_workflow_error(error)
pika.exceptions.AMQPConnectionError
09:50:15 tap exited 0; restarting in 3 s
2026-10-07 09:50:19,180 INFO alembic.runtime.migration: Context impl SQLiteImpl.
2026-10-07 09:50:19,180 INFO alembic.runtime.migration: Will assume non-transactional DDL.
2026-10-07 09:50:19,198 INFO pika.adapters.utils.connection_workflow: Pika version 1.4.4 connecting to ('::1', 5672, 0, 0)
2026-10-07 09:50:19,198 ERROR pika.adapters.utils.io_services_utils: Socket failed to connect: <socket.socket fd=8, family=30, type=1, proto=6, laddr=('::1', 51460, 0, 0)>; error=61 (Connection refused)
2026-10-07 09:50:19,198 ERROR pika.adapters.utils.connection_workflow: TCP Connection attempt failed: ConnectionRefusedError(61, 'Connection refused'); dest=(<AddressFamily.AF_INET6: 30>, <SocketKind.SOCK_STREAM: 1>, 6, '', ('::1', 5672, 0, 0))
2026-10-07 09:50:19,198 ERROR pika.adapters.utils.connection_workflow: AMQPConnector - reporting failure: AMQPConnectorSocketConnectError: ConnectionRefusedError(61, 'Connection refused')
2026-10-07 09:50:19,198 INFO pika.adapters.utils.connection_workflow: Pika version 1.4.4 connecting to ('127.0.0.1', 5672)
2026-10-07 09:50:19,198 ERROR pika.adapters.utils.io_services_utils: Socket failed to connect: <socket.socket fd=8, family=2, type=1, proto=6, laddr=('127.0.0.1', 51461)>; error=61 (Connection refused)
2026-10-07 09:50:19,198 ERROR pika.adapters.utils.connection_workflow: TCP Connection attempt failed: ConnectionRefusedError(61, 'Connection refused'); dest=(<AddressFamily.AF_INET: 2>, <SocketKind.SOCK_STREAM: 1>, 6, '', ('127.0.0.1', 5672))
2026-10-07 09:50:19,198 ERROR pika.adapters.utils.connection_workflow: AMQPConnector - reporting failure: AMQPConnectorSocketConnectError: ConnectionRefusedError(61, 'Connection refused')
2026-10-07 09:50:19,198 ERROR pika.adapters.utils.connection_workflow: AMQP connection workflow failed: AMQPConnectionWorkflowFailed: 2 exceptions in all; last exception - AMQPConnectorSocketConnectError: ConnectionRefusedError(61, 'Connection refused'); first exception - AMQPConnectorSocketConnectError: ConnectionRefusedError(61, 'Connection refused').
2026-10-07 09:50:19,198 ERROR pika.adapters.utils.connection_workflow: AMQPConnectionWorkflow - reporting failure: AMQPConnectionWorkflowFailed: 2 exceptions in all; last exception - AMQPConnectorSocketConnectError: ConnectionRefusedError(61, 'Connection refused'); first exception - AMQPConnectorSocketConnectError: ConnectionRefusedError(61, 'Connection refused')
2026-10-07 09:50:19,198 ERROR pika.adapters.blocking_connection: Connection workflow failed: AMQPConnectionWorkflowFailed: 2 exceptions in all; last exception - AMQPConnectorSocketConnectError: ConnectionRefusedError(61, 'Connection refused'); first exception - AMQPConnectorSocketConnectError: ConnectionRefusedError(61, 'Connection refused')
2026-10-07 09:50:19,198 ERROR pika.adapters.blocking_connection: Error in _create_connection().
Traceback (most recent call last):
  File "/Users/jessica/GridWorks/gridworks-alerter/.venv/lib/python3.12/site-packages/pika/adapters/blocking_connection.py", line 478, in _create_connection
    raise self._reap_last_connection_workflow_error(error)
pika.exceptions.AMQPConnectionError
Traceback (most recent call last):
  File "/Users/jessica/GridWorks/gridworks-alerter/.venv/bin/gwalerter", line 10, in <module>
    sys.exit(main())
             ^^^^^^
  File "/Users/jessica/GridWorks/gridworks-alerter/src/gwalerter/cli.py", line 114, in main
    run_tap()
  File "/Users/jessica/GridWorks/gridworks-alerter/src/gwalerter/cli.py", line 82, in run_tap
    Tap(settings=settings, store=store).run()
  File "/Users/jessica/GridWorks/gridworks-alerter/src/gwalerter/tap.py", line 313, in run
    connection = pika.BlockingConnection(
                 ^^^^^^^^^^^^^^^^^^^^^^^^
  File "/Users/jessica/GridWorks/gridworks-alerter/.venv/lib/python3.12/site-packages/pika/adapters/blocking_connection.py", line 381, in __init__
    self._impl = self._create_connection(parameters, _impl_class)
                 ^^^^^^^^^^^^^^^^^^^^^^^^^^^^^^^^^^^^^^^^^^^^^^^^
  File "/Users/jessica/GridWorks/gridworks-alerter/.venv/lib/python3.12/site-packages/pika/adapters/blocking_connection.py", line 478, in _create_connection
    raise self._reap_last_connection_workflow_error(error)
pika.exceptions.AMQPConnectionError
09:50:19 tap exited 0; restarting in 3 s
2026-10-07 09:50:22,626 INFO alembic.runtime.migration: Context impl SQLiteImpl.
2026-10-07 09:50:22,626 INFO alembic.runtime.migration: Will assume non-transactional DDL.
2026-10-07 09:50:22,645 INFO pika.adapters.utils.connection_workflow: Pika version 1.4.4 connecting to ('::1', 5672, 0, 0)
2026-10-07 09:50:22,645 ERROR pika.adapters.utils.io_services_utils: Socket failed to connect: <socket.socket fd=8, family=30, type=1, proto=6, laddr=('::1', 51474, 0, 0)>; error=61 (Connection refused)
2026-10-07 09:50:22,645 ERROR pika.adapters.utils.connection_workflow: TCP Connection attempt failed: ConnectionRefusedError(61, 'Connection refused'); dest=(<AddressFamily.AF_INET6: 30>, <SocketKind.SOCK_STREAM: 1>, 6, '', ('::1', 5672, 0, 0))
2026-10-07 09:50:22,645 ERROR pika.adapters.utils.connection_workflow: AMQPConnector - reporting failure: AMQPConnectorSocketConnectError: ConnectionRefusedError(61, 'Connection refused')
2026-10-07 09:50:22,645 INFO pika.adapters.utils.connection_workflow: Pika version 1.4.4 connecting to ('127.0.0.1', 5672)
2026-10-07 09:50:22,645 ERROR pika.adapters.utils.io_services_utils: Socket failed to connect: <socket.socket fd=8, family=2, type=1, proto=6, laddr=('127.0.0.1', 51475)>; error=61 (Connection refused)
2026-10-07 09:50:22,645 ERROR pika.adapters.utils.connection_workflow: TCP Connection attempt failed: ConnectionRefusedError(61, 'Connection refused'); dest=(<AddressFamily.AF_INET: 2>, <SocketKind.SOCK_STREAM: 1>, 6, '', ('127.0.0.1', 5672))
2026-10-07 09:50:22,645 ERROR pika.adapters.utils.connection_workflow: AMQPConnector - reporting failure: AMQPConnectorSocketConnectError: ConnectionRefusedError(61, 'Connection refused')
2026-10-07 09:50:22,645 ERROR pika.adapters.utils.connection_workflow: AMQP connection workflow failed: AMQPConnectionWorkflowFailed: 2 exceptions in all; last exception - AMQPConnectorSocketConnectError: ConnectionRefusedError(61, 'Connection refused'); first exception - AMQPConnectorSocketConnectError: ConnectionRefusedError(61, 'Connection refused').
2026-10-07 09:50:22,645 ERROR pika.adapters.utils.connection_workflow: AMQPConnectionWorkflow - reporting failure: AMQPConnectionWorkflowFailed: 2 exceptions in all; last exception - AMQPConnectorSocketConnectError: ConnectionRefusedError(61, 'Connection refused'); first exception - AMQPConnectorSocketConnectError: ConnectionRefusedError(61, 'Connection refused')
2026-10-07 09:50:22,645 ERROR pika.adapters.blocking_connection: Connection workflow failed: AMQPConnectionWorkflowFailed: 2 exceptions in all; last exception - AMQPConnectorSocketConnectError: ConnectionRefusedError(61, 'Connection refused'); first exception - AMQPConnectorSocketConnectError: ConnectionRefusedError(61, 'Connection refused')
2026-10-07 09:50:22,645 ERROR pika.adapters.blocking_connection: Error in _create_connection().
Traceback (most recent call last):
  File "/Users/jessica/GridWorks/gridworks-alerter/.venv/lib/python3.12/site-packages/pika/adapters/blocking_connection.py", line 478, in _create_connection
    raise self._reap_last_connection_workflow_error(error)
pika.exceptions.AMQPConnectionError
Traceback (most recent call last):
  File "/Users/jessica/GridWorks/gridworks-alerter/.venv/bin/gwalerter", line 10, in <module>
    sys.exit(main())
             ^^^^^^
  File "/Users/jessica/GridWorks/gridworks-alerter/src/gwalerter/cli.py", line 114, in main
    run_tap()
  File "/Users/jessica/GridWorks/gridworks-alerter/src/gwalerter/cli.py", line 82, in run_tap
    Tap(settings=settings, store=store).run()
  File "/Users/jessica/GridWorks/gridworks-alerter/src/gwalerter/tap.py", line 313, in run
    connection = pika.BlockingConnection(
                 ^^^^^^^^^^^^^^^^^^^^^^^^
  File "/Users/jessica/GridWorks/gridworks-alerter/.venv/lib/python3.12/site-packages/pika/adapters/blocking_connection.py", line 381, in __init__
    self._impl = self._create_connection(parameters, _impl_class)
                 ^^^^^^^^^^^^^^^^^^^^^^^^^^^^^^^^^^^^^^^^^^^^^^^^
  File "/Users/jessica/GridWorks/gridworks-alerter/.venv/lib/python3.12/site-packages/pika/adapters/blocking_connection.py", line 478, in _create_connection
    raise self._reap_last_connection_workflow_error(error)
pika.exceptions.AMQPConnectionError
09:50:22 tap exited 0; restarting in 3 s
2026-10-07 09:50:26,039 INFO alembic.runtime.migration: Context impl SQLiteImpl.
2026-10-07 09:50:26,039 INFO alembic.runtime.migration: Will assume non-transactional DDL.
2026-10-07 09:50:26,058 INFO pika.adapters.utils.connection_workflow: Pika version 1.4.4 connecting to ('::1', 5672, 0, 0)
2026-10-07 09:50:26,058 ERROR pika.adapters.utils.io_services_utils: Socket failed to connect: <socket.socket fd=8, family=30, type=1, proto=6, laddr=('::1', 51482, 0, 0)>; error=61 (Connection refused)
2026-10-07 09:50:26,058 ERROR pika.adapters.utils.connection_workflow: TCP Connection attempt failed: ConnectionRefusedError(61, 'Connection refused'); dest=(<AddressFamily.AF_INET6: 30>, <SocketKind.SOCK_STREAM: 1>, 6, '', ('::1', 5672, 0, 0))
2026-10-07 09:50:26,058 ERROR pika.adapters.utils.connection_workflow: AMQPConnector - reporting failure: AMQPConnectorSocketConnectError: ConnectionRefusedError(61, 'Connection refused')
2026-10-07 09:50:26,058 INFO pika.adapters.utils.connection_workflow: Pika version 1.4.4 connecting to ('127.0.0.1', 5672)
2026-10-07 09:50:26,058 ERROR pika.adapters.utils.io_services_utils: Socket failed to connect: <socket.socket fd=8, family=2, type=1, proto=6, laddr=('127.0.0.1', 51483)>; error=61 (Connection refused)
2026-10-07 09:50:26,058 ERROR pika.adapters.utils.connection_workflow: TCP Connection attempt failed: ConnectionRefusedError(61, 'Connection refused'); dest=(<AddressFamily.AF_INET: 2>, <SocketKind.SOCK_STREAM: 1>, 6, '', ('127.0.0.1', 5672))
2026-10-07 09:50:26,058 ERROR pika.adapters.utils.connection_workflow: AMQPConnector - reporting failure: AMQPConnectorSocketConnectError: ConnectionRefusedError(61, 'Connection refused')
2026-10-07 09:50:26,058 ERROR pika.adapters.utils.connection_workflow: AMQP connection workflow failed: AMQPConnectionWorkflowFailed: 2 exceptions in all; last exception - AMQPConnectorSocketConnectError: ConnectionRefusedError(61, 'Connection refused'); first exception - AMQPConnectorSocketConnectError: ConnectionRefusedError(61, 'Connection refused').
2026-10-07 09:50:26,058 ERROR pika.adapters.utils.connection_workflow: AMQPConnectionWorkflow - reporting failure: AMQPConnectionWorkflowFailed: 2 exceptions in all; last exception - AMQPConnectorSocketConnectError: ConnectionRefusedError(61, 'Connection refused'); first exception - AMQPConnectorSocketConnectError: ConnectionRefusedError(61, 'Connection refused')
2026-10-07 09:50:26,058 ERROR pika.adapters.blocking_connection: Connection workflow failed: AMQPConnectionWorkflowFailed: 2 exceptions in all; last exception - AMQPConnectorSocketConnectError: ConnectionRefusedError(61, 'Connection refused'); first exception - AMQPConnectorSocketConnectError: ConnectionRefusedError(61, 'Connection refused')
2026-10-07 09:50:26,058 ERROR pika.adapters.blocking_connection: Error in _create_connection().
Traceback (most recent call last):
  File "/Users/jessica/GridWorks/gridworks-alerter/.venv/lib/python3.12/site-packages/pika/adapters/blocking_connection.py", line 478, in _create_connection
    raise self._reap_last_connection_workflow_error(error)
pika.exceptions.AMQPConnectionError
Traceback (most recent call last):
  File "/Users/jessica/GridWorks/gridworks-alerter/.venv/bin/gwalerter", line 10, in <module>
    sys.exit(main())
             ^^^^^^
  File "/Users/jessica/GridWorks/gridworks-alerter/src/gwalerter/cli.py", line 114, in main
    run_tap()
  File "/Users/jessica/GridWorks/gridworks-alerter/src/gwalerter/cli.py", line 82, in run_tap
    Tap(settings=settings, store=store).run()
  File "/Users/jessica/GridWorks/gridworks-alerter/src/gwalerter/tap.py", line 313, in run
    connection = pika.BlockingConnection(
                 ^^^^^^^^^^^^^^^^^^^^^^^^
  File "/Users/jessica/GridWorks/gridworks-alerter/.venv/lib/python3.12/site-packages/pika/adapters/blocking_connection.py", line 381, in __init__
    self._impl = self._create_connection(parameters, _impl_class)
                 ^^^^^^^^^^^^^^^^^^^^^^^^^^^^^^^^^^^^^^^^^^^^^^^^
  File "/Users/jessica/GridWorks/gridworks-alerter/.venv/lib/python3.12/site-packages/pika/adapters/blocking_connection.py", line 478, in _create_connection
    raise self._reap_last_connection_workflow_error(error)
pika.exceptions.AMQPConnectionError
09:50:26 tap exited 0; restarting in 3 s
2026-10-07 09:50:29,444 INFO alembic.runtime.migration: Context impl SQLiteImpl.
2026-10-07 09:50:29,444 INFO alembic.runtime.migration: Will assume non-transactional DDL.
2026-10-07 09:50:29,462 INFO pika.adapters.utils.connection_workflow: Pika version 1.4.4 connecting to ('::1', 5672, 0, 0)
2026-10-07 09:50:29,462 ERROR pika.adapters.utils.io_services_utils: Socket failed to connect: <socket.socket fd=8, family=30, type=1, proto=6, laddr=('::1', 51490, 0, 0)>; error=61 (Connection refused)
2026-10-07 09:50:29,462 ERROR pika.adapters.utils.connection_workflow: TCP Connection attempt failed: ConnectionRefusedError(61, 'Connection refused'); dest=(<AddressFamily.AF_INET6: 30>, <SocketKind.SOCK_STREAM: 1>, 6, '', ('::1', 5672, 0, 0))
2026-10-07 09:50:29,462 ERROR pika.adapters.utils.connection_workflow: AMQPConnector - reporting failure: AMQPConnectorSocketConnectError: ConnectionRefusedError(61, 'Connection refused')
2026-10-07 09:50:29,462 INFO pika.adapters.utils.connection_workflow: Pika version 1.4.4 connecting to ('127.0.0.1', 5672)
2026-10-07 09:50:29,463 ERROR pika.adapters.utils.io_services_utils: Socket failed to connect: <socket.socket fd=8, family=2, type=1, proto=6, laddr=('127.0.0.1', 51491)>; error=61 (Connection refused)
2026-10-07 09:50:29,463 ERROR pika.adapters.utils.connection_workflow: TCP Connection attempt failed: ConnectionRefusedError(61, 'Connection refused'); dest=(<AddressFamily.AF_INET: 2>, <SocketKind.SOCK_STREAM: 1>, 6, '', ('127.0.0.1', 5672))
2026-10-07 09:50:29,463 ERROR pika.adapters.utils.connection_workflow: AMQPConnector - reporting failure: AMQPConnectorSocketConnectError: ConnectionRefusedError(61, 'Connection refused')
2026-10-07 09:50:29,463 ERROR pika.adapters.utils.connection_workflow: AMQP connection workflow failed: AMQPConnectionWorkflowFailed: 2 exceptions in all; last exception - AMQPConnectorSocketConnectError: ConnectionRefusedError(61, 'Connection refused'); first exception - AMQPConnectorSocketConnectError: ConnectionRefusedError(61, 'Connection refused').
2026-10-07 09:50:29,463 ERROR pika.adapters.utils.connection_workflow: AMQPConnectionWorkflow - reporting failure: AMQPConnectionWorkflowFailed: 2 exceptions in all; last exception - AMQPConnectorSocketConnectError: ConnectionRefusedError(61, 'Connection refused'); first exception - AMQPConnectorSocketConnectError: ConnectionRefusedError(61, 'Connection refused')
2026-10-07 09:50:29,463 ERROR pika.adapters.blocking_connection: Connection workflow failed: AMQPConnectionWorkflowFailed: 2 exceptions in all; last exception - AMQPConnectorSocketConnectError: ConnectionRefusedError(61, 'Connection refused'); first exception - AMQPConnectorSocketConnectError: ConnectionRefusedError(61, 'Connection refused')
2026-10-07 09:50:29,463 ERROR pika.adapters.blocking_connection: Error in _create_connection().
Traceback (most recent call last):
  File "/Users/jessica/GridWorks/gridworks-alerter/.venv/lib/python3.12/site-packages/pika/adapters/blocking_connection.py", line 478, in _create_connection
    raise self._reap_last_connection_workflow_error(error)
pika.exceptions.AMQPConnectionError
Traceback (most recent call last):
  File "/Users/jessica/GridWorks/gridworks-alerter/.venv/bin/gwalerter", line 10, in <module>
    sys.exit(main())
             ^^^^^^
  File "/Users/jessica/GridWorks/gridworks-alerter/src/gwalerter/cli.py", line 114, in main
    run_tap()
  File "/Users/jessica/GridWorks/gridworks-alerter/src/gwalerter/cli.py", line 82, in run_tap
    Tap(settings=settings, store=store).run()
  File "/Users/jessica/GridWorks/gridworks-alerter/src/gwalerter/tap.py", line 313, in run
    connection = pika.BlockingConnection(
                 ^^^^^^^^^^^^^^^^^^^^^^^^
  File "/Users/jessica/GridWorks/gridworks-alerter/.venv/lib/python3.12/site-packages/pika/adapters/blocking_connection.py", line 381, in __init__
    self._impl = self._create_connection(parameters, _impl_class)
                 ^^^^^^^^^^^^^^^^^^^^^^^^^^^^^^^^^^^^^^^^^^^^^^^^
  File "/Users/jessica/GridWorks/gridworks-alerter/.venv/lib/python3.12/site-packages/pika/adapters/blocking_connection.py", line 478, in _create_connection
    raise self._reap_last_connection_workflow_error(error)
pika.exceptions.AMQPConnectionError
09:50:29 tap exited 0; restarting in 3 s
2026-10-07 09:50:32,870 INFO alembic.runtime.migration: Context impl SQLiteImpl.
2026-10-07 09:50:32,870 INFO alembic.runtime.migration: Will assume non-transactional DDL.
2026-10-07 09:50:32,888 INFO pika.adapters.utils.connection_workflow: Pika version 1.4.4 connecting to ('::1', 5672, 0, 0)
2026-10-07 09:50:32,889 ERROR pika.adapters.utils.io_services_utils: Socket failed to connect: <socket.socket fd=8, family=30, type=1, proto=6, laddr=('::1', 51504, 0, 0)>; error=61 (Connection refused)
2026-10-07 09:50:32,889 ERROR pika.adapters.utils.connection_workflow: TCP Connection attempt failed: ConnectionRefusedError(61, 'Connection refused'); dest=(<AddressFamily.AF_INET6: 30>, <SocketKind.SOCK_STREAM: 1>, 6, '', ('::1', 5672, 0, 0))
2026-10-07 09:50:32,889 ERROR pika.adapters.utils.connection_workflow: AMQPConnector - reporting failure: AMQPConnectorSocketConnectError: ConnectionRefusedError(61, 'Connection refused')
2026-10-07 09:50:32,889 INFO pika.adapters.utils.connection_workflow: Pika version 1.4.4 connecting to ('127.0.0.1', 5672)
2026-10-07 09:50:32,889 ERROR pika.adapters.utils.io_services_utils: Socket failed to connect: <socket.socket fd=8, family=2, type=1, proto=6, laddr=('127.0.0.1', 51505)>; error=61 (Connection refused)
2026-10-07 09:50:32,889 ERROR pika.adapters.utils.connection_workflow: TCP Connection attempt failed: ConnectionRefusedError(61, 'Connection refused'); dest=(<AddressFamily.AF_INET: 2>, <SocketKind.SOCK_STREAM: 1>, 6, '', ('127.0.0.1', 5672))
2026-10-07 09:50:32,889 ERROR pika.adapters.utils.connection_workflow: AMQPConnector - reporting failure: AMQPConnectorSocketConnectError: ConnectionRefusedError(61, 'Connection refused')
2026-10-07 09:50:32,889 ERROR pika.adapters.utils.connection_workflow: AMQP connection workflow failed: AMQPConnectionWorkflowFailed: 2 exceptions in all; last exception - AMQPConnectorSocketConnectError: ConnectionRefusedError(61, 'Connection refused'); first exception - AMQPConnectorSocketConnectError: ConnectionRefusedError(61, 'Connection refused').
2026-10-07 09:50:32,889 ERROR pika.adapters.utils.connection_workflow: AMQPConnectionWorkflow - reporting failure: AMQPConnectionWorkflowFailed: 2 exceptions in all; last exception - AMQPConnectorSocketConnectError: ConnectionRefusedError(61, 'Connection refused'); first exception - AMQPConnectorSocketConnectError: ConnectionRefusedError(61, 'Connection refused')
2026-10-07 09:50:32,889 ERROR pika.adapters.blocking_connection: Connection workflow failed: AMQPConnectionWorkflowFailed: 2 exceptions in all; last exception - AMQPConnectorSocketConnectError: ConnectionRefusedError(61, 'Connection refused'); first exception - AMQPConnectorSocketConnectError: ConnectionRefusedError(61, 'Connection refused')
2026-10-07 09:50:32,889 ERROR pika.adapters.blocking_connection: Error in _create_connection().
Traceback (most recent call last):
  File "/Users/jessica/GridWorks/gridworks-alerter/.venv/lib/python3.12/site-packages/pika/adapters/blocking_connection.py", line 478, in _create_connection
    raise self._reap_last_connection_workflow_error(error)
pika.exceptions.AMQPConnectionError
Traceback (most recent call last):
  File "/Users/jessica/GridWorks/gridworks-alerter/.venv/bin/gwalerter", line 10, in <module>
    sys.exit(main())
             ^^^^^^
  File "/Users/jessica/GridWorks/gridworks-alerter/src/gwalerter/cli.py", line 114, in main
    run_tap()
  File "/Users/jessica/GridWorks/gridworks-alerter/src/gwalerter/cli.py", line 82, in run_tap
    Tap(settings=settings, store=store).run()
  File "/Users/jessica/GridWorks/gridworks-alerter/src/gwalerter/tap.py", line 313, in run
    connection = pika.BlockingConnection(
                 ^^^^^^^^^^^^^^^^^^^^^^^^
  File "/Users/jessica/GridWorks/gridworks-alerter/.venv/lib/python3.12/site-packages/pika/adapters/blocking_connection.py", line 381, in __init__
    self._impl = self._create_connection(parameters, _impl_class)
                 ^^^^^^^^^^^^^^^^^^^^^^^^^^^^^^^^^^^^^^^^^^^^^^^^
  File "/Users/jessica/GridWorks/gridworks-alerter/.venv/lib/python3.12/site-packages/pika/adapters/blocking_connection.py", line 478, in _create_connection
    raise self._reap_last_connection_workflow_error(error)
pika.exceptions.AMQPConnectionError
09:50:32 tap exited 0; restarting in 3 s
2026-10-07 09:50:36,290 INFO alembic.runtime.migration: Context impl SQLiteImpl.
2026-10-07 09:50:36,290 INFO alembic.runtime.migration: Will assume non-transactional DDL.
2026-10-07 09:50:36,309 INFO pika.adapters.utils.connection_workflow: Pika version 1.4.4 connecting to ('::1', 5672, 0, 0)
2026-10-07 09:50:36,309 ERROR pika.adapters.utils.io_services_utils: Socket failed to connect: <socket.socket fd=8, family=30, type=1, proto=6, laddr=('::1', 51520, 0, 0)>; error=61 (Connection refused)
2026-10-07 09:50:36,309 ERROR pika.adapters.utils.connection_workflow: TCP Connection attempt failed: ConnectionRefusedError(61, 'Connection refused'); dest=(<AddressFamily.AF_INET6: 30>, <SocketKind.SOCK_STREAM: 1>, 6, '', ('::1', 5672, 0, 0))
2026-10-07 09:50:36,309 ERROR pika.adapters.utils.connection_workflow: AMQPConnector - reporting failure: AMQPConnectorSocketConnectError: ConnectionRefusedError(61, 'Connection refused')
2026-10-07 09:50:36,309 INFO pika.adapters.utils.connection_workflow: Pika version 1.4.4 connecting to ('127.0.0.1', 5672)
2026-10-07 09:50:36,309 ERROR pika.adapters.utils.io_services_utils: Socket failed to connect: <socket.socket fd=8, family=2, type=1, proto=6, laddr=('127.0.0.1', 51521)>; error=61 (Connection refused)
2026-10-07 09:50:36,309 ERROR pika.adapters.utils.connection_workflow: TCP Connection attempt failed: ConnectionRefusedError(61, 'Connection refused'); dest=(<AddressFamily.AF_INET: 2>, <SocketKind.SOCK_STREAM: 1>, 6, '', ('127.0.0.1', 5672))
2026-10-07 09:50:36,309 ERROR pika.adapters.utils.connection_workflow: AMQPConnector - reporting failure: AMQPConnectorSocketConnectError: ConnectionRefusedError(61, 'Connection refused')
2026-10-07 09:50:36,309 ERROR pika.adapters.utils.connection_workflow: AMQP connection workflow failed: AMQPConnectionWorkflowFailed: 2 exceptions in all; last exception - AMQPConnectorSocketConnectError: ConnectionRefusedError(61, 'Connection refused'); first exception - AMQPConnectorSocketConnectError: ConnectionRefusedError(61, 'Connection refused').
2026-10-07 09:50:36,309 ERROR pika.adapters.utils.connection_workflow: AMQPConnectionWorkflow - reporting failure: AMQPConnectionWorkflowFailed: 2 exceptions in all; last exception - AMQPConnectorSocketConnectError: ConnectionRefusedError(61, 'Connection refused'); first exception - AMQPConnectorSocketConnectError: ConnectionRefusedError(61, 'Connection refused')
2026-10-07 09:50:36,309 ERROR pika.adapters.blocking_connection: Connection workflow failed: AMQPConnectionWorkflowFailed: 2 exceptions in all; last exception - AMQPConnectorSocketConnectError: ConnectionRefusedError(61, 'Connection refused'); first exception - AMQPConnectorSocketConnectError: ConnectionRefusedError(61, 'Connection refused')
2026-10-07 09:50:36,309 ERROR pika.adapters.blocking_connection: Error in _create_connection().
Traceback (most recent call last):
  File "/Users/jessica/GridWorks/gridworks-alerter/.venv/lib/python3.12/site-packages/pika/adapters/blocking_connection.py", line 478, in _create_connection
    raise self._reap_last_connection_workflow_error(error)
pika.exceptions.AMQPConnectionError
Traceback (most recent call last):
  File "/Users/jessica/GridWorks/gridworks-alerter/.venv/bin/gwalerter", line 10, in <module>
    sys.exit(main())
             ^^^^^^
  File "/Users/jessica/GridWorks/gridworks-alerter/src/gwalerter/cli.py", line 114, in main
    run_tap()
  File "/Users/jessica/GridWorks/gridworks-alerter/src/gwalerter/cli.py", line 82, in run_tap
    Tap(settings=settings, store=store).run()
  File "/Users/jessica/GridWorks/gridworks-alerter/src/gwalerter/tap.py", line 313, in run
    connection = pika.BlockingConnection(
                 ^^^^^^^^^^^^^^^^^^^^^^^^
  File "/Users/jessica/GridWorks/gridworks-alerter/.venv/lib/python3.12/site-packages/pika/adapters/blocking_connection.py", line 381, in __init__
    self._impl = self._create_connection(parameters, _impl_class)
                 ^^^^^^^^^^^^^^^^^^^^^^^^^^^^^^^^^^^^^^^^^^^^^^^^
  File "/Users/jessica/GridWorks/gridworks-alerter/.venv/lib/python3.12/site-packages/pika/adapters/blocking_connection.py", line 478, in _create_connection
    raise self._reap_last_connection_workflow_error(error)
pika.exceptions.AMQPConnectionError
09:50:36 tap exited 0; restarting in 3 s
2026-10-07 09:50:39,713 INFO alembic.runtime.migration: Context impl SQLiteImpl.
2026-10-07 09:50:39,713 INFO alembic.runtime.migration: Will assume non-transactional DDL.
2026-10-07 09:50:39,732 INFO pika.adapters.utils.connection_workflow: Pika version 1.4.4 connecting to ('::1', 5672, 0, 0)
2026-10-07 09:50:39,732 ERROR pika.adapters.utils.io_services_utils: Socket failed to connect: <socket.socket fd=8, family=30, type=1, proto=6, laddr=('::1', 51528, 0, 0)>; error=61 (Connection refused)
2026-10-07 09:50:39,732 ERROR pika.adapters.utils.connection_workflow: TCP Connection attempt failed: ConnectionRefusedError(61, 'Connection refused'); dest=(<AddressFamily.AF_INET6: 30>, <SocketKind.SOCK_STREAM: 1>, 6, '', ('::1', 5672, 0, 0))
2026-10-07 09:50:39,732 ERROR pika.adapters.utils.connection_workflow: AMQPConnector - reporting failure: AMQPConnectorSocketConnectError: ConnectionRefusedError(61, 'Connection refused')
2026-10-07 09:50:39,732 INFO pika.adapters.utils.connection_workflow: Pika version 1.4.4 connecting to ('127.0.0.1', 5672)
2026-10-07 09:50:39,732 ERROR pika.adapters.utils.io_services_utils: Socket failed to connect: <socket.socket fd=8, family=2, type=1, proto=6, laddr=('127.0.0.1', 51529)>; error=61 (Connection refused)
2026-10-07 09:50:39,732 ERROR pika.adapters.utils.connection_workflow: TCP Connection attempt failed: ConnectionRefusedError(61, 'Connection refused'); dest=(<AddressFamily.AF_INET: 2>, <SocketKind.SOCK_STREAM: 1>, 6, '', ('127.0.0.1', 5672))
2026-10-07 09:50:39,732 ERROR pika.adapters.utils.connection_workflow: AMQPConnector - reporting failure: AMQPConnectorSocketConnectError: ConnectionRefusedError(61, 'Connection refused')
2026-10-07 09:50:39,732 ERROR pika.adapters.utils.connection_workflow: AMQP connection workflow failed: AMQPConnectionWorkflowFailed: 2 exceptions in all; last exception - AMQPConnectorSocketConnectError: ConnectionRefusedError(61, 'Connection refused'); first exception - AMQPConnectorSocketConnectError: ConnectionRefusedError(61, 'Connection refused').
2026-10-07 09:50:39,732 ERROR pika.adapters.utils.connection_workflow: AMQPConnectionWorkflow - reporting failure: AMQPConnectionWorkflowFailed: 2 exceptions in all; last exception - AMQPConnectorSocketConnectError: ConnectionRefusedError(61, 'Connection refused'); first exception - AMQPConnectorSocketConnectError: ConnectionRefusedError(61, 'Connection refused')
2026-10-07 09:50:39,732 ERROR pika.adapters.blocking_connection: Connection workflow failed: AMQPConnectionWorkflowFailed: 2 exceptions in all; last exception - AMQPConnectorSocketConnectError: ConnectionRefusedError(61, 'Connection refused'); first exception - AMQPConnectorSocketConnectError: ConnectionRefusedError(61, 'Connection refused')
2026-10-07 09:50:39,732 ERROR pika.adapters.blocking_connection: Error in _create_connection().
Traceback (most recent call last):
  File "/Users/jessica/GridWorks/gridworks-alerter/.venv/lib/python3.12/site-packages/pika/adapters/blocking_connection.py", line 478, in _create_connection
    raise self._reap_last_connection_workflow_error(error)
pika.exceptions.AMQPConnectionError
Traceback (most recent call last):
  File "/Users/jessica/GridWorks/gridworks-alerter/.venv/bin/gwalerter", line 10, in <module>
    sys.exit(main())
             ^^^^^^
  File "/Users/jessica/GridWorks/gridworks-alerter/src/gwalerter/cli.py", line 114, in main
    run_tap()
  File "/Users/jessica/GridWorks/gridworks-alerter/src/gwalerter/cli.py", line 82, in run_tap
    Tap(settings=settings, store=store).run()
  File "/Users/jessica/GridWorks/gridworks-alerter/src/gwalerter/tap.py", line 313, in run
    connection = pika.BlockingConnection(
                 ^^^^^^^^^^^^^^^^^^^^^^^^
  File "/Users/jessica/GridWorks/gridworks-alerter/.venv/lib/python3.12/site-packages/pika/adapters/blocking_connection.py", line 381, in __init__
    self._impl = self._create_connection(parameters, _impl_class)
                 ^^^^^^^^^^^^^^^^^^^^^^^^^^^^^^^^^^^^^^^^^^^^^^^^
  File "/Users/jessica/GridWorks/gridworks-alerter/.venv/lib/python3.12/site-packages/pika/adapters/blocking_connection.py", line 478, in _create_connection
    raise self._reap_last_connection_workflow_error(error)
pika.exceptions.AMQPConnectionError
09:50:39 tap exited 0; restarting in 3 s
2026-10-07 09:50:43,128 INFO alembic.runtime.migration: Context impl SQLiteImpl.
2026-10-07 09:50:43,128 INFO alembic.runtime.migration: Will assume non-transactional DDL.
2026-10-07 09:50:43,147 INFO pika.adapters.utils.connection_workflow: Pika version 1.4.4 connecting to ('::1', 5672, 0, 0)
2026-10-07 09:50:43,147 ERROR pika.adapters.utils.io_services_utils: Socket failed to connect: <socket.socket fd=8, family=30, type=1, proto=6, laddr=('::1', 51542, 0, 0)>; error=61 (Connection refused)
2026-10-07 09:50:43,147 ERROR pika.adapters.utils.connection_workflow: TCP Connection attempt failed: ConnectionRefusedError(61, 'Connection refused'); dest=(<AddressFamily.AF_INET6: 30>, <SocketKind.SOCK_STREAM: 1>, 6, '', ('::1', 5672, 0, 0))
2026-10-07 09:50:43,147 ERROR pika.adapters.utils.connection_workflow: AMQPConnector - reporting failure: AMQPConnectorSocketConnectError: ConnectionRefusedError(61, 'Connection refused')
2026-10-07 09:50:43,147 INFO pika.adapters.utils.connection_workflow: Pika version 1.4.4 connecting to ('127.0.0.1', 5672)
2026-10-07 09:50:43,147 ERROR pika.adapters.utils.io_services_utils: Socket failed to connect: <socket.socket fd=8, family=2, type=1, proto=6, laddr=('127.0.0.1', 51543)>; error=61 (Connection refused)
2026-10-07 09:50:43,147 ERROR pika.adapters.utils.connection_workflow: TCP Connection attempt failed: ConnectionRefusedError(61, 'Connection refused'); dest=(<AddressFamily.AF_INET: 2>, <SocketKind.SOCK_STREAM: 1>, 6, '', ('127.0.0.1', 5672))
2026-10-07 09:50:43,147 ERROR pika.adapters.utils.connection_workflow: AMQPConnector - reporting failure: AMQPConnectorSocketConnectError: ConnectionRefusedError(61, 'Connection refused')
2026-10-07 09:50:43,147 ERROR pika.adapters.utils.connection_workflow: AMQP connection workflow failed: AMQPConnectionWorkflowFailed: 2 exceptions in all; last exception - AMQPConnectorSocketConnectError: ConnectionRefusedError(61, 'Connection refused'); first exception - AMQPConnectorSocketConnectError: ConnectionRefusedError(61, 'Connection refused').
2026-10-07 09:50:43,147 ERROR pika.adapters.utils.connection_workflow: AMQPConnectionWorkflow - reporting failure: AMQPConnectionWorkflowFailed: 2 exceptions in all; last exception - AMQPConnectorSocketConnectError: ConnectionRefusedError(61, 'Connection refused'); first exception - AMQPConnectorSocketConnectError: ConnectionRefusedError(61, 'Connection refused')
2026-10-07 09:50:43,147 ERROR pika.adapters.blocking_connection: Connection workflow failed: AMQPConnectionWorkflowFailed: 2 exceptions in all; last exception - AMQPConnectorSocketConnectError: ConnectionRefusedError(61, 'Connection refused'); first exception - AMQPConnectorSocketConnectError: ConnectionRefusedError(61, 'Connection refused')
2026-10-07 09:50:43,147 ERROR pika.adapters.blocking_connection: Error in _create_connection().
Traceback (most recent call last):
  File "/Users/jessica/GridWorks/gridworks-alerter/.venv/lib/python3.12/site-packages/pika/adapters/blocking_connection.py", line 478, in _create_connection
    raise self._reap_last_connection_workflow_error(error)
pika.exceptions.AMQPConnectionError
Traceback (most recent call last):
  File "/Users/jessica/GridWorks/gridworks-alerter/.venv/bin/gwalerter", line 10, in <module>
    sys.exit(main())
             ^^^^^^
  File "/Users/jessica/GridWorks/gridworks-alerter/src/gwalerter/cli.py", line 114, in main
    run_tap()
  File "/Users/jessica/GridWorks/gridworks-alerter/src/gwalerter/cli.py", line 82, in run_tap
    Tap(settings=settings, store=store).run()
  File "/Users/jessica/GridWorks/gridworks-alerter/src/gwalerter/tap.py", line 313, in run
    connection = pika.BlockingConnection(
                 ^^^^^^^^^^^^^^^^^^^^^^^^
  File "/Users/jessica/GridWorks/gridworks-alerter/.venv/lib/python3.12/site-packages/pika/adapters/blocking_connection.py", line 381, in __init__
    self._impl = self._create_connection(parameters, _impl_class)
                 ^^^^^^^^^^^^^^^^^^^^^^^^^^^^^^^^^^^^^^^^^^^^^^^^
  File "/Users/jessica/GridWorks/gridworks-alerter/.venv/lib/python3.12/site-packages/pika/adapters/blocking_connection.py", line 478, in _create_connection
    raise self._reap_last_connection_workflow_error(error)
pika.exceptions.AMQPConnectionError
09:50:43 tap exited 0; restarting in 3 s
2026-10-07 09:50:46,537 INFO alembic.runtime.migration: Context impl SQLiteImpl.
2026-10-07 09:50:46,537 INFO alembic.runtime.migration: Will assume non-transactional DDL.
2026-10-07 09:50:46,555 INFO pika.adapters.utils.connection_workflow: Pika version 1.4.4 connecting to ('::1', 5672, 0, 0)
2026-10-07 09:50:46,556 ERROR pika.adapters.utils.io_services_utils: Socket failed to connect: <socket.socket fd=8, family=30, type=1, proto=6, laddr=('::1', 51550, 0, 0)>; error=61 (Connection refused)
2026-10-07 09:50:46,556 ERROR pika.adapters.utils.connection_workflow: TCP Connection attempt failed: ConnectionRefusedError(61, 'Connection refused'); dest=(<AddressFamily.AF_INET6: 30>, <SocketKind.SOCK_STREAM: 1>, 6, '', ('::1', 5672, 0, 0))
2026-10-07 09:50:46,556 ERROR pika.adapters.utils.connection_workflow: AMQPConnector - reporting failure: AMQPConnectorSocketConnectError: ConnectionRefusedError(61, 'Connection refused')
2026-10-07 09:50:46,556 INFO pika.adapters.utils.connection_workflow: Pika version 1.4.4 connecting to ('127.0.0.1', 5672)
2026-10-07 09:50:46,556 ERROR pika.adapters.utils.io_services_utils: Socket failed to connect: <socket.socket fd=8, family=2, type=1, proto=6, laddr=('127.0.0.1', 51551)>; error=61 (Connection refused)
2026-10-07 09:50:46,556 ERROR pika.adapters.utils.connection_workflow: TCP Connection attempt failed: ConnectionRefusedError(61, 'Connection refused'); dest=(<AddressFamily.AF_INET: 2>, <SocketKind.SOCK_STREAM: 1>, 6, '', ('127.0.0.1', 5672))
2026-10-07 09:50:46,556 ERROR pika.adapters.utils.connection_workflow: AMQPConnector - reporting failure: AMQPConnectorSocketConnectError: ConnectionRefusedError(61, 'Connection refused')
2026-10-07 09:50:46,556 ERROR pika.adapters.utils.connection_workflow: AMQP connection workflow failed: AMQPConnectionWorkflowFailed: 2 exceptions in all; last exception - AMQPConnectorSocketConnectError: ConnectionRefusedError(61, 'Connection refused'); first exception - AMQPConnectorSocketConnectError: ConnectionRefusedError(61, 'Connection refused').
2026-10-07 09:50:46,556 ERROR pika.adapters.utils.connection_workflow: AMQPConnectionWorkflow - reporting failure: AMQPConnectionWorkflowFailed: 2 exceptions in all; last exception - AMQPConnectorSocketConnectError: ConnectionRefusedError(61, 'Connection refused'); first exception - AMQPConnectorSocketConnectError: ConnectionRefusedError(61, 'Connection refused')
2026-10-07 09:50:46,556 ERROR pika.adapters.blocking_connection: Connection workflow failed: AMQPConnectionWorkflowFailed: 2 exceptions in all; last exception - AMQPConnectorSocketConnectError: ConnectionRefusedError(61, 'Connection refused'); first exception - AMQPConnectorSocketConnectError: ConnectionRefusedError(61, 'Connection refused')
2026-10-07 09:50:46,556 ERROR pika.adapters.blocking_connection: Error in _create_connection().
Traceback (most recent call last):
  File "/Users/jessica/GridWorks/gridworks-alerter/.venv/lib/python3.12/site-packages/pika/adapters/blocking_connection.py", line 478, in _create_connection
    raise self._reap_last_connection_workflow_error(error)
pika.exceptions.AMQPConnectionError
Traceback (most recent call last):
  File "/Users/jessica/GridWorks/gridworks-alerter/.venv/bin/gwalerter", line 10, in <module>
    sys.exit(main())
             ^^^^^^
  File "/Users/jessica/GridWorks/gridworks-alerter/src/gwalerter/cli.py", line 114, in main
    run_tap()
  File "/Users/jessica/GridWorks/gridworks-alerter/src/gwalerter/cli.py", line 82, in run_tap
    Tap(settings=settings, store=store).run()
  File "/Users/jessica/GridWorks/gridworks-alerter/src/gwalerter/tap.py", line 313, in run
    connection = pika.BlockingConnection(
                 ^^^^^^^^^^^^^^^^^^^^^^^^
  File "/Users/jessica/GridWorks/gridworks-alerter/.venv/lib/python3.12/site-packages/pika/adapters/blocking_connection.py", line 381, in __init__
    self._impl = self._create_connection(parameters, _impl_class)
                 ^^^^^^^^^^^^^^^^^^^^^^^^^^^^^^^^^^^^^^^^^^^^^^^^
  File "/Users/jessica/GridWorks/gridworks-alerter/.venv/lib/python3.12/site-packages/pika/adapters/blocking_connection.py", line 478, in _create_connection
    raise self._reap_last_connection_workflow_error(error)
pika.exceptions.AMQPConnectionError
09:50:46 tap exited 0; restarting in 3 s
2026-10-07 09:50:49,959 INFO alembic.runtime.migration: Context impl SQLiteImpl.
2026-10-07 09:50:49,959 INFO alembic.runtime.migration: Will assume non-transactional DDL.
2026-10-07 09:50:49,982 INFO pika.adapters.utils.connection_workflow: Pika version 1.4.4 connecting to ('::1', 5672, 0, 0)
2026-10-07 09:50:49,983 ERROR pika.adapters.utils.io_services_utils: Socket failed to connect: <socket.socket fd=8, family=30, type=1, proto=6, laddr=('::1', 51558, 0, 0)>; error=61 (Connection refused)
2026-10-07 09:50:49,983 ERROR pika.adapters.utils.connection_workflow: TCP Connection attempt failed: ConnectionRefusedError(61, 'Connection refused'); dest=(<AddressFamily.AF_INET6: 30>, <SocketKind.SOCK_STREAM: 1>, 6, '', ('::1', 5672, 0, 0))
2026-10-07 09:50:49,983 ERROR pika.adapters.utils.connection_workflow: AMQPConnector - reporting failure: AMQPConnectorSocketConnectError: ConnectionRefusedError(61, 'Connection refused')
2026-10-07 09:50:49,983 INFO pika.adapters.utils.connection_workflow: Pika version 1.4.4 connecting to ('127.0.0.1', 5672)
2026-10-07 09:50:49,983 ERROR pika.adapters.utils.io_services_utils: Socket failed to connect: <socket.socket fd=8, family=2, type=1, proto=6, laddr=('127.0.0.1', 51559)>; error=61 (Connection refused)
2026-10-07 09:50:49,983 ERROR pika.adapters.utils.connection_workflow: TCP Connection attempt failed: ConnectionRefusedError(61, 'Connection refused'); dest=(<AddressFamily.AF_INET: 2>, <SocketKind.SOCK_STREAM: 1>, 6, '', ('127.0.0.1', 5672))
2026-10-07 09:50:49,983 ERROR pika.adapters.utils.connection_workflow: AMQPConnector - reporting failure: AMQPConnectorSocketConnectError: ConnectionRefusedError(61, 'Connection refused')
2026-10-07 09:50:49,983 ERROR pika.adapters.utils.connection_workflow: AMQP connection workflow failed: AMQPConnectionWorkflowFailed: 2 exceptions in all; last exception - AMQPConnectorSocketConnectError: ConnectionRefusedError(61, 'Connection refused'); first exception - AMQPConnectorSocketConnectError: ConnectionRefusedError(61, 'Connection refused').
2026-10-07 09:50:49,984 ERROR pika.adapters.utils.connection_workflow: AMQPConnectionWorkflow - reporting failure: AMQPConnectionWorkflowFailed: 2 exceptions in all; last exception - AMQPConnectorSocketConnectError: ConnectionRefusedError(61, 'Connection refused'); first exception - AMQPConnectorSocketConnectError: ConnectionRefusedError(61, 'Connection refused')
2026-10-07 09:50:49,984 ERROR pika.adapters.blocking_connection: Connection workflow failed: AMQPConnectionWorkflowFailed: 2 exceptions in all; last exception - AMQPConnectorSocketConnectError: ConnectionRefusedError(61, 'Connection refused'); first exception - AMQPConnectorSocketConnectError: ConnectionRefusedError(61, 'Connection refused')
2026-10-07 09:50:49,984 ERROR pika.adapters.blocking_connection: Error in _create_connection().
Traceback (most recent call last):
  File "/Users/jessica/GridWorks/gridworks-alerter/.venv/lib/python3.12/site-packages/pika/adapters/blocking_connection.py", line 478, in _create_connection
    raise self._reap_last_connection_workflow_error(error)
pika.exceptions.AMQPConnectionError
Traceback (most recent call last):
  File "/Users/jessica/GridWorks/gridworks-alerter/.venv/bin/gwalerter", line 10, in <module>
    sys.exit(main())
             ^^^^^^
  File "/Users/jessica/GridWorks/gridworks-alerter/src/gwalerter/cli.py", line 114, in main
    run_tap()
  File "/Users/jessica/GridWorks/gridworks-alerter/src/gwalerter/cli.py", line 82, in run_tap
    Tap(settings=settings, store=store).run()
  File "/Users/jessica/GridWorks/gridworks-alerter/src/gwalerter/tap.py", line 313, in run
    connection = pika.BlockingConnection(
                 ^^^^^^^^^^^^^^^^^^^^^^^^
  File "/Users/jessica/GridWorks/gridworks-alerter/.venv/lib/python3.12/site-packages/pika/adapters/blocking_connection.py", line 381, in __init__
    self._impl = self._create_connection(parameters, _impl_class)
                 ^^^^^^^^^^^^^^^^^^^^^^^^^^^^^^^^^^^^^^^^^^^^^^^^
  File "/Users/jessica/GridWorks/gridworks-alerter/.venv/lib/python3.12/site-packages/pika/adapters/blocking_connection.py", line 478, in _create_connection
    raise self._reap_last_connection_workflow_error(error)
pika.exceptions.AMQPConnectionError
09:50:50 tap exited 0; restarting in 3 s
2026-10-07 09:50:53,394 INFO alembic.runtime.migration: Context impl SQLiteImpl.
2026-10-07 09:50:53,394 INFO alembic.runtime.migration: Will assume non-transactional DDL.
2026-10-07 09:50:53,412 INFO pika.adapters.utils.connection_workflow: Pika version 1.4.4 connecting to ('::1', 5672, 0, 0)
2026-10-07 09:50:53,412 ERROR pika.adapters.utils.io_services_utils: Socket failed to connect: <socket.socket fd=8, family=30, type=1, proto=6, laddr=('::1', 51575, 0, 0)>; error=61 (Connection refused)
2026-10-07 09:50:53,412 ERROR pika.adapters.utils.connection_workflow: TCP Connection attempt failed: ConnectionRefusedError(61, 'Connection refused'); dest=(<AddressFamily.AF_INET6: 30>, <SocketKind.SOCK_STREAM: 1>, 6, '', ('::1', 5672, 0, 0))
2026-10-07 09:50:53,412 ERROR pika.adapters.utils.connection_workflow: AMQPConnector - reporting failure: AMQPConnectorSocketConnectError: ConnectionRefusedError(61, 'Connection refused')
2026-10-07 09:50:53,413 INFO pika.adapters.utils.connection_workflow: Pika version 1.4.4 connecting to ('127.0.0.1', 5672)
2026-10-07 09:50:53,413 ERROR pika.adapters.utils.io_services_utils: Socket failed to connect: <socket.socket fd=8, family=2, type=1, proto=6, laddr=('127.0.0.1', 51576)>; error=61 (Connection refused)
2026-10-07 09:50:53,413 ERROR pika.adapters.utils.connection_workflow: TCP Connection attempt failed: ConnectionRefusedError(61, 'Connection refused'); dest=(<AddressFamily.AF_INET: 2>, <SocketKind.SOCK_STREAM: 1>, 6, '', ('127.0.0.1', 5672))
2026-10-07 09:50:53,413 ERROR pika.adapters.utils.connection_workflow: AMQPConnector - reporting failure: AMQPConnectorSocketConnectError: ConnectionRefusedError(61, 'Connection refused')
2026-10-07 09:50:53,413 ERROR pika.adapters.utils.connection_workflow: AMQP connection workflow failed: AMQPConnectionWorkflowFailed: 2 exceptions in all; last exception - AMQPConnectorSocketConnectError: ConnectionRefusedError(61, 'Connection refused'); first exception - AMQPConnectorSocketConnectError: ConnectionRefusedError(61, 'Connection refused').
2026-10-07 09:50:53,413 ERROR pika.adapters.utils.connection_workflow: AMQPConnectionWorkflow - reporting failure: AMQPConnectionWorkflowFailed: 2 exceptions in all; last exception - AMQPConnectorSocketConnectError: ConnectionRefusedError(61, 'Connection refused'); first exception - AMQPConnectorSocketConnectError: ConnectionRefusedError(61, 'Connection refused')
2026-10-07 09:50:53,413 ERROR pika.adapters.blocking_connection: Connection workflow failed: AMQPConnectionWorkflowFailed: 2 exceptions in all; last exception - AMQPConnectorSocketConnectError: ConnectionRefusedError(61, 'Connection refused'); first exception - AMQPConnectorSocketConnectError: ConnectionRefusedError(61, 'Connection refused')
2026-10-07 09:50:53,413 ERROR pika.adapters.blocking_connection: Error in _create_connection().
Traceback (most recent call last):
  File "/Users/jessica/GridWorks/gridworks-alerter/.venv/lib/python3.12/site-packages/pika/adapters/blocking_connection.py", line 478, in _create_connection
    raise self._reap_last_connection_workflow_error(error)
pika.exceptions.AMQPConnectionError
Traceback (most recent call last):
  File "/Users/jessica/GridWorks/gridworks-alerter/.venv/bin/gwalerter", line 10, in <module>
    sys.exit(main())
             ^^^^^^
  File "/Users/jessica/GridWorks/gridworks-alerter/src/gwalerter/cli.py", line 114, in main
    run_tap()
  File "/Users/jessica/GridWorks/gridworks-alerter/src/gwalerter/cli.py", line 82, in run_tap
    Tap(settings=settings, store=store).run()
  File "/Users/jessica/GridWorks/gridworks-alerter/src/gwalerter/tap.py", line 313, in run
    connection = pika.BlockingConnection(
                 ^^^^^^^^^^^^^^^^^^^^^^^^
  File "/Users/jessica/GridWorks/gridworks-alerter/.venv/lib/python3.12/site-packages/pika/adapters/blocking_connection.py", line 381, in __init__
    self._impl = self._create_connection(parameters, _impl_class)
                 ^^^^^^^^^^^^^^^^^^^^^^^^^^^^^^^^^^^^^^^^^^^^^^^^
  File "/Users/jessica/GridWorks/gridworks-alerter/.venv/lib/python3.12/site-packages/pika/adapters/blocking_connection.py", line 478, in _create_connection
    raise self._reap_last_connection_workflow_error(error)
pika.exceptions.AMQPConnectionError
09:50:53 tap exited 0; restarting in 3 s
2026-10-07 09:50:56,806 INFO alembic.runtime.migration: Context impl SQLiteImpl.
2026-10-07 09:50:56,806 INFO alembic.runtime.migration: Will assume non-transactional DDL.
2026-10-07 09:50:56,825 INFO pika.adapters.utils.connection_workflow: Pika version 1.4.4 connecting to ('::1', 5672, 0, 0)
2026-10-07 09:50:56,825 ERROR pika.adapters.utils.io_services_utils: Socket failed to connect: <socket.socket fd=8, family=30, type=1, proto=6, laddr=('::1', 51591, 0, 0)>; error=61 (Connection refused)
2026-10-07 09:50:56,825 ERROR pika.adapters.utils.connection_workflow: TCP Connection attempt failed: ConnectionRefusedError(61, 'Connection refused'); dest=(<AddressFamily.AF_INET6: 30>, <SocketKind.SOCK_STREAM: 1>, 6, '', ('::1', 5672, 0, 0))
2026-10-07 09:50:56,825 ERROR pika.adapters.utils.connection_workflow: AMQPConnector - reporting failure: AMQPConnectorSocketConnectError: ConnectionRefusedError(61, 'Connection refused')
2026-10-07 09:50:56,825 INFO pika.adapters.utils.connection_workflow: Pika version 1.4.4 connecting to ('127.0.0.1', 5672)
2026-10-07 09:50:56,825 ERROR pika.adapters.utils.io_services_utils: Socket failed to connect: <socket.socket fd=8, family=2, type=1, proto=6, laddr=('127.0.0.1', 51592)>; error=61 (Connection refused)
2026-10-07 09:50:56,825 ERROR pika.adapters.utils.connection_workflow: TCP Connection attempt failed: ConnectionRefusedError(61, 'Connection refused'); dest=(<AddressFamily.AF_INET: 2>, <SocketKind.SOCK_STREAM: 1>, 6, '', ('127.0.0.1', 5672))
2026-10-07 09:50:56,825 ERROR pika.adapters.utils.connection_workflow: AMQPConnector - reporting failure: AMQPConnectorSocketConnectError: ConnectionRefusedError(61, 'Connection refused')
2026-10-07 09:50:56,825 ERROR pika.adapters.utils.connection_workflow: AMQP connection workflow failed: AMQPConnectionWorkflowFailed: 2 exceptions in all; last exception - AMQPConnectorSocketConnectError: ConnectionRefusedError(61, 'Connection refused'); first exception - AMQPConnectorSocketConnectError: ConnectionRefusedError(61, 'Connection refused').
2026-10-07 09:50:56,825 ERROR pika.adapters.utils.connection_workflow: AMQPConnectionWorkflow - reporting failure: AMQPConnectionWorkflowFailed: 2 exceptions in all; last exception - AMQPConnectorSocketConnectError: ConnectionRefusedError(61, 'Connection refused'); first exception - AMQPConnectorSocketConnectError: ConnectionRefusedError(61, 'Connection refused')
2026-10-07 09:50:56,825 ERROR pika.adapters.blocking_connection: Connection workflow failed: AMQPConnectionWorkflowFailed: 2 exceptions in all; last exception - AMQPConnectorSocketConnectError: ConnectionRefusedError(61, 'Connection refused'); first exception - AMQPConnectorSocketConnectError: ConnectionRefusedError(61, 'Connection refused')
2026-10-07 09:50:56,825 ERROR pika.adapters.blocking_connection: Error in _create_connection().
Traceback (most recent call last):
  File "/Users/jessica/GridWorks/gridworks-alerter/.venv/lib/python3.12/site-packages/pika/adapters/blocking_connection.py", line 478, in _create_connection
    raise self._reap_last_connection_workflow_error(error)
pika.exceptions.AMQPConnectionError
Traceback (most recent call last):
  File "/Users/jessica/GridWorks/gridworks-alerter/.venv/bin/gwalerter", line 10, in <module>
    sys.exit(main())
             ^^^^^^
  File "/Users/jessica/GridWorks/gridworks-alerter/src/gwalerter/cli.py", line 114, in main
    run_tap()
  File "/Users/jessica/GridWorks/gridworks-alerter/src/gwalerter/cli.py", line 82, in run_tap
    Tap(settings=settings, store=store).run()
  File "/Users/jessica/GridWorks/gridworks-alerter/src/gwalerter/tap.py", line 313, in run
    connection = pika.BlockingConnection(
                 ^^^^^^^^^^^^^^^^^^^^^^^^
  File "/Users/jessica/GridWorks/gridworks-alerter/.venv/lib/python3.12/site-packages/pika/adapters/blocking_connection.py", line 381, in __init__
    self._impl = self._create_connection(parameters, _impl_class)
                 ^^^^^^^^^^^^^^^^^^^^^^^^^^^^^^^^^^^^^^^^^^^^^^^^
  File "/Users/jessica/GridWorks/gridworks-alerter/.venv/lib/python3.12/site-packages/pika/adapters/blocking_connection.py", line 478, in _create_connection
    raise self._reap_last_connection_workflow_error(error)
pika.exceptions.AMQPConnectionError
09:50:56 tap exited 0; restarting in 3 s
2026-10-07 09:51:00,231 INFO alembic.runtime.migration: Context impl SQLiteImpl.
2026-10-07 09:51:00,231 INFO alembic.runtime.migration: Will assume non-transactional DDL.
2026-10-07 09:51:00,249 INFO pika.adapters.utils.connection_workflow: Pika version 1.4.4 connecting to ('::1', 5672, 0, 0)
2026-10-07 09:51:00,249 ERROR pika.adapters.utils.io_services_utils: Socket failed to connect: <socket.socket fd=8, family=30, type=1, proto=6, laddr=('::1', 51599, 0, 0)>; error=61 (Connection refused)
2026-10-07 09:51:00,249 ERROR pika.adapters.utils.connection_workflow: TCP Connection attempt failed: ConnectionRefusedError(61, 'Connection refused'); dest=(<AddressFamily.AF_INET6: 30>, <SocketKind.SOCK_STREAM: 1>, 6, '', ('::1', 5672, 0, 0))
2026-10-07 09:51:00,249 ERROR pika.adapters.utils.connection_workflow: AMQPConnector - reporting failure: AMQPConnectorSocketConnectError: ConnectionRefusedError(61, 'Connection refused')
2026-10-07 09:51:00,249 INFO pika.adapters.utils.connection_workflow: Pika version 1.4.4 connecting to ('127.0.0.1', 5672)
2026-10-07 09:51:00,250 ERROR pika.adapters.utils.io_services_utils: Socket failed to connect: <socket.socket fd=8, family=2, type=1, proto=6, laddr=('127.0.0.1', 51600)>; error=61 (Connection refused)
2026-10-07 09:51:00,250 ERROR pika.adapters.utils.connection_workflow: TCP Connection attempt failed: ConnectionRefusedError(61, 'Connection refused'); dest=(<AddressFamily.AF_INET: 2>, <SocketKind.SOCK_STREAM: 1>, 6, '', ('127.0.0.1', 5672))
2026-10-07 09:51:00,250 ERROR pika.adapters.utils.connection_workflow: AMQPConnector - reporting failure: AMQPConnectorSocketConnectError: ConnectionRefusedError(61, 'Connection refused')
2026-10-07 09:51:00,250 ERROR pika.adapters.utils.connection_workflow: AMQP connection workflow failed: AMQPConnectionWorkflowFailed: 2 exceptions in all; last exception - AMQPConnectorSocketConnectError: ConnectionRefusedError(61, 'Connection refused'); first exception - AMQPConnectorSocketConnectError: ConnectionRefusedError(61, 'Connection refused').
2026-10-07 09:51:00,250 ERROR pika.adapters.utils.connection_workflow: AMQPConnectionWorkflow - reporting failure: AMQPConnectionWorkflowFailed: 2 exceptions in all; last exception - AMQPConnectorSocketConnectError: ConnectionRefusedError(61, 'Connection refused'); first exception - AMQPConnectorSocketConnectError: ConnectionRefusedError(61, 'Connection refused')
2026-10-07 09:51:00,250 ERROR pika.adapters.blocking_connection: Connection workflow failed: AMQPConnectionWorkflowFailed: 2 exceptions in all; last exception - AMQPConnectorSocketConnectError: ConnectionRefusedError(61, 'Connection refused'); first exception - AMQPConnectorSocketConnectError: ConnectionRefusedError(61, 'Connection refused')
2026-10-07 09:51:00,250 ERROR pika.adapters.blocking_connection: Error in _create_connection().
Traceback (most recent call last):
  File "/Users/jessica/GridWorks/gridworks-alerter/.venv/lib/python3.12/site-packages/pika/adapters/blocking_connection.py", line 478, in _create_connection
    raise self._reap_last_connection_workflow_error(error)
pika.exceptions.AMQPConnectionError
Traceback (most recent call last):
  File "/Users/jessica/GridWorks/gridworks-alerter/.venv/bin/gwalerter", line 10, in <module>
    sys.exit(main())
             ^^^^^^
  File "/Users/jessica/GridWorks/gridworks-alerter/src/gwalerter/cli.py", line 114, in main
    run_tap()
  File "/Users/jessica/GridWorks/gridworks-alerter/src/gwalerter/cli.py", line 82, in run_tap
    Tap(settings=settings, store=store).run()
  File "/Users/jessica/GridWorks/gridworks-alerter/src/gwalerter/tap.py", line 313, in run
    connection = pika.BlockingConnection(
                 ^^^^^^^^^^^^^^^^^^^^^^^^
  File "/Users/jessica/GridWorks/gridworks-alerter/.venv/lib/python3.12/site-packages/pika/adapters/blocking_connection.py", line 381, in __init__
    self._impl = self._create_connection(parameters, _impl_class)
                 ^^^^^^^^^^^^^^^^^^^^^^^^^^^^^^^^^^^^^^^^^^^^^^^^
  File "/Users/jessica/GridWorks/gridworks-alerter/.venv/lib/python3.12/site-packages/pika/adapters/blocking_connection.py", line 478, in _create_connection
    raise self._reap_last_connection_workflow_error(error)
pika.exceptions.AMQPConnectionError
09:51:00 tap exited 0; restarting in 3 s
2026-10-07 09:51:03,637 INFO alembic.runtime.migration: Context impl SQLiteImpl.
2026-10-07 09:51:03,637 INFO alembic.runtime.migration: Will assume non-transactional DDL.
2026-10-07 09:51:03,656 INFO pika.adapters.utils.connection_workflow: Pika version 1.4.4 connecting to ('::1', 5672, 0, 0)
2026-10-07 09:51:03,656 ERROR pika.adapters.utils.io_services_utils: Socket failed to connect: <socket.socket fd=8, family=30, type=1, proto=6, laddr=('::1', 51613, 0, 0)>; error=61 (Connection refused)
2026-10-07 09:51:03,656 ERROR pika.adapters.utils.connection_workflow: TCP Connection attempt failed: ConnectionRefusedError(61, 'Connection refused'); dest=(<AddressFamily.AF_INET6: 30>, <SocketKind.SOCK_STREAM: 1>, 6, '', ('::1', 5672, 0, 0))
2026-10-07 09:51:03,656 ERROR pika.adapters.utils.connection_workflow: AMQPConnector - reporting failure: AMQPConnectorSocketConnectError: ConnectionRefusedError(61, 'Connection refused')
2026-10-07 09:51:03,656 INFO pika.adapters.utils.connection_workflow: Pika version 1.4.4 connecting to ('127.0.0.1', 5672)
2026-10-07 09:51:03,656 ERROR pika.adapters.utils.io_services_utils: Socket failed to connect: <socket.socket fd=8, family=2, type=1, proto=6, laddr=('127.0.0.1', 51614)>; error=61 (Connection refused)
2026-10-07 09:51:03,656 ERROR pika.adapters.utils.connection_workflow: TCP Connection attempt failed: ConnectionRefusedError(61, 'Connection refused'); dest=(<AddressFamily.AF_INET: 2>, <SocketKind.SOCK_STREAM: 1>, 6, '', ('127.0.0.1', 5672))
2026-10-07 09:51:03,656 ERROR pika.adapters.utils.connection_workflow: AMQPConnector - reporting failure: AMQPConnectorSocketConnectError: ConnectionRefusedError(61, 'Connection refused')
2026-10-07 09:51:03,656 ERROR pika.adapters.utils.connection_workflow: AMQP connection workflow failed: AMQPConnectionWorkflowFailed: 2 exceptions in all; last exception - AMQPConnectorSocketConnectError: ConnectionRefusedError(61, 'Connection refused'); first exception - AMQPConnectorSocketConnectError: ConnectionRefusedError(61, 'Connection refused').
2026-10-07 09:51:03,656 ERROR pika.adapters.utils.connection_workflow: AMQPConnectionWorkflow - reporting failure: AMQPConnectionWorkflowFailed: 2 exceptions in all; last exception - AMQPConnectorSocketConnectError: ConnectionRefusedError(61, 'Connection refused'); first exception - AMQPConnectorSocketConnectError: ConnectionRefusedError(61, 'Connection refused')
2026-10-07 09:51:03,656 ERROR pika.adapters.blocking_connection: Connection workflow failed: AMQPConnectionWorkflowFailed: 2 exceptions in all; last exception - AMQPConnectorSocketConnectError: ConnectionRefusedError(61, 'Connection refused'); first exception - AMQPConnectorSocketConnectError: ConnectionRefusedError(61, 'Connection refused')
2026-10-07 09:51:03,656 ERROR pika.adapters.blocking_connection: Error in _create_connection().
Traceback (most recent call last):
  File "/Users/jessica/GridWorks/gridworks-alerter/.venv/lib/python3.12/site-packages/pika/adapters/blocking_connection.py", line 478, in _create_connection
    raise self._reap_last_connection_workflow_error(error)
pika.exceptions.AMQPConnectionError
Traceback (most recent call last):
  File "/Users/jessica/GridWorks/gridworks-alerter/.venv/bin/gwalerter", line 10, in <module>
    sys.exit(main())
             ^^^^^^
  File "/Users/jessica/GridWorks/gridworks-alerter/src/gwalerter/cli.py", line 114, in main
    run_tap()
  File "/Users/jessica/GridWorks/gridworks-alerter/src/gwalerter/cli.py", line 82, in run_tap
    Tap(settings=settings, store=store).run()
  File "/Users/jessica/GridWorks/gridworks-alerter/src/gwalerter/tap.py", line 313, in run
    connection = pika.BlockingConnection(
                 ^^^^^^^^^^^^^^^^^^^^^^^^
  File "/Users/jessica/GridWorks/gridworks-alerter/.venv/lib/python3.12/site-packages/pika/adapters/blocking_connection.py", line 381, in __init__
    self._impl = self._create_connection(parameters, _impl_class)
                 ^^^^^^^^^^^^^^^^^^^^^^^^^^^^^^^^^^^^^^^^^^^^^^^^
  File "/Users/jessica/GridWorks/gridworks-alerter/.venv/lib/python3.12/site-packages/pika/adapters/blocking_connection.py", line 478, in _create_connection
    raise self._reap_last_connection_workflow_error(error)
pika.exceptions.AMQPConnectionError
09:51:03 tap exited 0; restarting in 3 s
2026-10-07 09:51:07,052 INFO alembic.runtime.migration: Context impl SQLiteImpl.
2026-10-07 09:51:07,052 INFO alembic.runtime.migration: Will assume non-transactional DDL.
2026-10-07 09:51:07,070 INFO pika.adapters.utils.connection_workflow: Pika version 1.4.4 connecting to ('::1', 5672, 0, 0)
2026-10-07 09:51:07,070 ERROR pika.adapters.utils.io_services_utils: Socket failed to connect: <socket.socket fd=8, family=30, type=1, proto=6, laddr=('::1', 51623, 0, 0)>; error=61 (Connection refused)
2026-10-07 09:51:07,070 ERROR pika.adapters.utils.connection_workflow: TCP Connection attempt failed: ConnectionRefusedError(61, 'Connection refused'); dest=(<AddressFamily.AF_INET6: 30>, <SocketKind.SOCK_STREAM: 1>, 6, '', ('::1', 5672, 0, 0))
2026-10-07 09:51:07,070 ERROR pika.adapters.utils.connection_workflow: AMQPConnector - reporting failure: AMQPConnectorSocketConnectError: ConnectionRefusedError(61, 'Connection refused')
2026-10-07 09:51:07,070 INFO pika.adapters.utils.connection_workflow: Pika version 1.4.4 connecting to ('127.0.0.1', 5672)
2026-10-07 09:51:07,071 ERROR pika.adapters.utils.io_services_utils: Socket failed to connect: <socket.socket fd=8, family=2, type=1, proto=6, laddr=('127.0.0.1', 51624)>; error=61 (Connection refused)
2026-10-07 09:51:07,071 ERROR pika.adapters.utils.connection_workflow: TCP Connection attempt failed: ConnectionRefusedError(61, 'Connection refused'); dest=(<AddressFamily.AF_INET: 2>, <SocketKind.SOCK_STREAM: 1>, 6, '', ('127.0.0.1', 5672))
2026-10-07 09:51:07,071 ERROR pika.adapters.utils.connection_workflow: AMQPConnector - reporting failure: AMQPConnectorSocketConnectError: ConnectionRefusedError(61, 'Connection refused')
2026-10-07 09:51:07,071 ERROR pika.adapters.utils.connection_workflow: AMQP connection workflow failed: AMQPConnectionWorkflowFailed: 2 exceptions in all; last exception - AMQPConnectorSocketConnectError: ConnectionRefusedError(61, 'Connection refused'); first exception - AMQPConnectorSocketConnectError: ConnectionRefusedError(61, 'Connection refused').
2026-10-07 09:51:07,071 ERROR pika.adapters.utils.connection_workflow: AMQPConnectionWorkflow - reporting failure: AMQPConnectionWorkflowFailed: 2 exceptions in all; last exception - AMQPConnectorSocketConnectError: ConnectionRefusedError(61, 'Connection refused'); first exception - AMQPConnectorSocketConnectError: ConnectionRefusedError(61, 'Connection refused')
2026-10-07 09:51:07,071 ERROR pika.adapters.blocking_connection: Connection workflow failed: AMQPConnectionWorkflowFailed: 2 exceptions in all; last exception - AMQPConnectorSocketConnectError: ConnectionRefusedError(61, 'Connection refused'); first exception - AMQPConnectorSocketConnectError: ConnectionRefusedError(61, 'Connection refused')
2026-10-07 09:51:07,071 ERROR pika.adapters.blocking_connection: Error in _create_connection().
Traceback (most recent call last):
  File "/Users/jessica/GridWorks/gridworks-alerter/.venv/lib/python3.12/site-packages/pika/adapters/blocking_connection.py", line 478, in _create_connection
    raise self._reap_last_connection_workflow_error(error)
pika.exceptions.AMQPConnectionError
Traceback (most recent call last):
  File "/Users/jessica/GridWorks/gridworks-alerter/.venv/bin/gwalerter", line 10, in <module>
    sys.exit(main())
             ^^^^^^
  File "/Users/jessica/GridWorks/gridworks-alerter/src/gwalerter/cli.py", line 114, in main
    run_tap()
  File "/Users/jessica/GridWorks/gridworks-alerter/src/gwalerter/cli.py", line 82, in run_tap
    Tap(settings=settings, store=store).run()
  File "/Users/jessica/GridWorks/gridworks-alerter/src/gwalerter/tap.py", line 313, in run
    connection = pika.BlockingConnection(
                 ^^^^^^^^^^^^^^^^^^^^^^^^
  File "/Users/jessica/GridWorks/gridworks-alerter/.venv/lib/python3.12/site-packages/pika/adapters/blocking_connection.py", line 381, in __init__
    self._impl = self._create_connection(parameters, _impl_class)
                 ^^^^^^^^^^^^^^^^^^^^^^^^^^^^^^^^^^^^^^^^^^^^^^^^
  File "/Users/jessica/GridWorks/gridworks-alerter/.venv/lib/python3.12/site-packages/pika/adapters/blocking_connection.py", line 478, in _create_connection
    raise self._reap_last_connection_workflow_error(error)
pika.exceptions.AMQPConnectionError
09:51:07 tap exited 0; restarting in 3 s
2026-10-07 09:51:10,458 INFO alembic.runtime.migration: Context impl SQLiteImpl.
2026-10-07 09:51:10,458 INFO alembic.runtime.migration: Will assume non-transactional DDL.
2026-10-07 09:51:10,476 INFO pika.adapters.utils.connection_workflow: Pika version 1.4.4 connecting to ('::1', 5672, 0, 0)
2026-10-07 09:51:10,476 ERROR pika.adapters.utils.io_services_utils: Socket failed to connect: <socket.socket fd=8, family=30, type=1, proto=6, laddr=('::1', 51633, 0, 0)>; error=61 (Connection refused)
2026-10-07 09:51:10,476 ERROR pika.adapters.utils.connection_workflow: TCP Connection attempt failed: ConnectionRefusedError(61, 'Connection refused'); dest=(<AddressFamily.AF_INET6: 30>, <SocketKind.SOCK_STREAM: 1>, 6, '', ('::1', 5672, 0, 0))
2026-10-07 09:51:10,476 ERROR pika.adapters.utils.connection_workflow: AMQPConnector - reporting failure: AMQPConnectorSocketConnectError: ConnectionRefusedError(61, 'Connection refused')
2026-10-07 09:51:10,476 INFO pika.adapters.utils.connection_workflow: Pika version 1.4.4 connecting to ('127.0.0.1', 5672)
2026-10-07 09:51:10,476 ERROR pika.adapters.utils.io_services_utils: Socket failed to connect: <socket.socket fd=8, family=2, type=1, proto=6, laddr=('127.0.0.1', 51634)>; error=61 (Connection refused)
2026-10-07 09:51:10,476 ERROR pika.adapters.utils.connection_workflow: TCP Connection attempt failed: ConnectionRefusedError(61, 'Connection refused'); dest=(<AddressFamily.AF_INET: 2>, <SocketKind.SOCK_STREAM: 1>, 6, '', ('127.0.0.1', 5672))
2026-10-07 09:51:10,476 ERROR pika.adapters.utils.connection_workflow: AMQPConnector - reporting failure: AMQPConnectorSocketConnectError: ConnectionRefusedError(61, 'Connection refused')
2026-10-07 09:51:10,476 ERROR pika.adapters.utils.connection_workflow: AMQP connection workflow failed: AMQPConnectionWorkflowFailed: 2 exceptions in all; last exception - AMQPConnectorSocketConnectError: ConnectionRefusedError(61, 'Connection refused'); first exception - AMQPConnectorSocketConnectError: ConnectionRefusedError(61, 'Connection refused').
2026-10-07 09:51:10,476 ERROR pika.adapters.utils.connection_workflow: AMQPConnectionWorkflow - reporting failure: AMQPConnectionWorkflowFailed: 2 exceptions in all; last exception - AMQPConnectorSocketConnectError: ConnectionRefusedError(61, 'Connection refused'); first exception - AMQPConnectorSocketConnectError: ConnectionRefusedError(61, 'Connection refused')
2026-10-07 09:51:10,476 ERROR pika.adapters.blocking_connection: Connection workflow failed: AMQPConnectionWorkflowFailed: 2 exceptions in all; last exception - AMQPConnectorSocketConnectError: ConnectionRefusedError(61, 'Connection refused'); first exception - AMQPConnectorSocketConnectError: ConnectionRefusedError(61, 'Connection refused')
2026-10-07 09:51:10,476 ERROR pika.adapters.blocking_connection: Error in _create_connection().
Traceback (most recent call last):
  File "/Users/jessica/GridWorks/gridworks-alerter/.venv/lib/python3.12/site-packages/pika/adapters/blocking_connection.py", line 478, in _create_connection
    raise self._reap_last_connection_workflow_error(error)
pika.exceptions.AMQPConnectionError
Traceback (most recent call last):
  File "/Users/jessica/GridWorks/gridworks-alerter/.venv/bin/gwalerter", line 10, in <module>
    sys.exit(main())
             ^^^^^^
  File "/Users/jessica/GridWorks/gridworks-alerter/src/gwalerter/cli.py", line 114, in main
    run_tap()
  File "/Users/jessica/GridWorks/gridworks-alerter/src/gwalerter/cli.py", line 82, in run_tap
    Tap(settings=settings, store=store).run()
  File "/Users/jessica/GridWorks/gridworks-alerter/src/gwalerter/tap.py", line 313, in run
    connection = pika.BlockingConnection(
                 ^^^^^^^^^^^^^^^^^^^^^^^^
  File "/Users/jessica/GridWorks/gridworks-alerter/.venv/lib/python3.12/site-packages/pika/adapters/blocking_connection.py", line 381, in __init__
    self._impl = self._create_connection(parameters, _impl_class)
                 ^^^^^^^^^^^^^^^^^^^^^^^^^^^^^^^^^^^^^^^^^^^^^^^^
  File "/Users/jessica/GridWorks/gridworks-alerter/.venv/lib/python3.12/site-packages/pika/adapters/blocking_connection.py", line 478, in _create_connection
    raise self._reap_last_connection_workflow_error(error)
pika.exceptions.AMQPConnectionError
09:51:10 tap exited 0; restarting in 3 s
2026-10-07 09:51:13,840 INFO alembic.runtime.migration: Context impl SQLiteImpl.
2026-10-07 09:51:13,840 INFO alembic.runtime.migration: Will assume non-transactional DDL.
2026-10-07 09:51:13,858 INFO pika.adapters.utils.connection_workflow: Pika version 1.4.4 connecting to ('::1', 5672, 0, 0)
2026-10-07 09:51:13,858 ERROR pika.adapters.utils.io_services_utils: Socket failed to connect: <socket.socket fd=8, family=30, type=1, proto=6, laddr=('::1', 51655, 0, 0)>; error=61 (Connection refused)
2026-10-07 09:51:13,858 ERROR pika.adapters.utils.connection_workflow: TCP Connection attempt failed: ConnectionRefusedError(61, 'Connection refused'); dest=(<AddressFamily.AF_INET6: 30>, <SocketKind.SOCK_STREAM: 1>, 6, '', ('::1', 5672, 0, 0))
2026-10-07 09:51:13,858 ERROR pika.adapters.utils.connection_workflow: AMQPConnector - reporting failure: AMQPConnectorSocketConnectError: ConnectionRefusedError(61, 'Connection refused')
2026-10-07 09:51:13,858 INFO pika.adapters.utils.connection_workflow: Pika version 1.4.4 connecting to ('127.0.0.1', 5672)
2026-10-07 09:51:13,859 ERROR pika.adapters.utils.io_services_utils: Socket failed to connect: <socket.socket fd=8, family=2, type=1, proto=6, laddr=('127.0.0.1', 51656)>; error=61 (Connection refused)
2026-10-07 09:51:13,859 ERROR pika.adapters.utils.connection_workflow: TCP Connection attempt failed: ConnectionRefusedError(61, 'Connection refused'); dest=(<AddressFamily.AF_INET: 2>, <SocketKind.SOCK_STREAM: 1>, 6, '', ('127.0.0.1', 5672))
2026-10-07 09:51:13,859 ERROR pika.adapters.utils.connection_workflow: AMQPConnector - reporting failure: AMQPConnectorSocketConnectError: ConnectionRefusedError(61, 'Connection refused')
2026-10-07 09:51:13,859 ERROR pika.adapters.utils.connection_workflow: AMQP connection workflow failed: AMQPConnectionWorkflowFailed: 2 exceptions in all; last exception - AMQPConnectorSocketConnectError: ConnectionRefusedError(61, 'Connection refused'); first exception - AMQPConnectorSocketConnectError: ConnectionRefusedError(61, 'Connection refused').
2026-10-07 09:51:13,859 ERROR pika.adapters.utils.connection_workflow: AMQPConnectionWorkflow - reporting failure: AMQPConnectionWorkflowFailed: 2 exceptions in all; last exception - AMQPConnectorSocketConnectError: ConnectionRefusedError(61, 'Connection refused'); first exception - AMQPConnectorSocketConnectError: ConnectionRefusedError(61, 'Connection refused')
2026-10-07 09:51:13,859 ERROR pika.adapters.blocking_connection: Connection workflow failed: AMQPConnectionWorkflowFailed: 2 exceptions in all; last exception - AMQPConnectorSocketConnectError: ConnectionRefusedError(61, 'Connection refused'); first exception - AMQPConnectorSocketConnectError: ConnectionRefusedError(61, 'Connection refused')
2026-10-07 09:51:13,859 ERROR pika.adapters.blocking_connection: Error in _create_connection().
Traceback (most recent call last):
  File "/Users/jessica/GridWorks/gridworks-alerter/.venv/lib/python3.12/site-packages/pika/adapters/blocking_connection.py", line 478, in _create_connection
    raise self._reap_last_connection_workflow_error(error)
pika.exceptions.AMQPConnectionError
Traceback (most recent call last):
  File "/Users/jessica/GridWorks/gridworks-alerter/.venv/bin/gwalerter", line 10, in <module>
    sys.exit(main())
             ^^^^^^
  File "/Users/jessica/GridWorks/gridworks-alerter/src/gwalerter/cli.py", line 114, in main
    run_tap()
  File "/Users/jessica/GridWorks/gridworks-alerter/src/gwalerter/cli.py", line 82, in run_tap
    Tap(settings=settings, store=store).run()
  File "/Users/jessica/GridWorks/gridworks-alerter/src/gwalerter/tap.py", line 313, in run
    connection = pika.BlockingConnection(
                 ^^^^^^^^^^^^^^^^^^^^^^^^
  File "/Users/jessica/GridWorks/gridworks-alerter/.venv/lib/python3.12/site-packages/pika/adapters/blocking_connection.py", line 381, in __init__
    self._impl = self._create_connection(parameters, _impl_class)
                 ^^^^^^^^^^^^^^^^^^^^^^^^^^^^^^^^^^^^^^^^^^^^^^^^
  File "/Users/jessica/GridWorks/gridworks-alerter/.venv/lib/python3.12/site-packages/pika/adapters/blocking_connection.py", line 478, in _create_connection
    raise self._reap_last_connection_workflow_error(error)
pika.exceptions.AMQPConnectionError
09:51:13 tap exited 0; restarting in 3 s
2026-10-07 09:51:17,242 INFO alembic.runtime.migration: Context impl SQLiteImpl.
2026-10-07 09:51:17,242 INFO alembic.runtime.migration: Will assume non-transactional DDL.
2026-10-07 09:51:17,261 INFO pika.adapters.utils.connection_workflow: Pika version 1.4.4 connecting to ('::1', 5672, 0, 0)
2026-10-07 09:51:17,261 ERROR pika.adapters.utils.io_services_utils: Socket failed to connect: <socket.socket fd=8, family=30, type=1, proto=6, laddr=('::1', 51667, 0, 0)>; error=61 (Connection refused)
2026-10-07 09:51:17,261 ERROR pika.adapters.utils.connection_workflow: TCP Connection attempt failed: ConnectionRefusedError(61, 'Connection refused'); dest=(<AddressFamily.AF_INET6: 30>, <SocketKind.SOCK_STREAM: 1>, 6, '', ('::1', 5672, 0, 0))
2026-10-07 09:51:17,261 ERROR pika.adapters.utils.connection_workflow: AMQPConnector - reporting failure: AMQPConnectorSocketConnectError: ConnectionRefusedError(61, 'Connection refused')
2026-10-07 09:51:17,261 INFO pika.adapters.utils.connection_workflow: Pika version 1.4.4 connecting to ('127.0.0.1', 5672)
2026-10-07 09:51:17,261 ERROR pika.adapters.utils.io_services_utils: Socket failed to connect: <socket.socket fd=8, family=2, type=1, proto=6, laddr=('127.0.0.1', 51668)>; error=61 (Connection refused)
2026-10-07 09:51:17,261 ERROR pika.adapters.utils.connection_workflow: TCP Connection attempt failed: ConnectionRefusedError(61, 'Connection refused'); dest=(<AddressFamily.AF_INET: 2>, <SocketKind.SOCK_STREAM: 1>, 6, '', ('127.0.0.1', 5672))
2026-10-07 09:51:17,262 ERROR pika.adapters.utils.connection_workflow: AMQPConnector - reporting failure: AMQPConnectorSocketConnectError: ConnectionRefusedError(61, 'Connection refused')
2026-10-07 09:51:17,262 ERROR pika.adapters.utils.connection_workflow: AMQP connection workflow failed: AMQPConnectionWorkflowFailed: 2 exceptions in all; last exception - AMQPConnectorSocketConnectError: ConnectionRefusedError(61, 'Connection refused'); first exception - AMQPConnectorSocketConnectError: ConnectionRefusedError(61, 'Connection refused').
2026-10-07 09:51:17,262 ERROR pika.adapters.utils.connection_workflow: AMQPConnectionWorkflow - reporting failure: AMQPConnectionWorkflowFailed: 2 exceptions in all; last exception - AMQPConnectorSocketConnectError: ConnectionRefusedError(61, 'Connection refused'); first exception - AMQPConnectorSocketConnectError: ConnectionRefusedError(61, 'Connection refused')
2026-10-07 09:51:17,262 ERROR pika.adapters.blocking_connection: Connection workflow failed: AMQPConnectionWorkflowFailed: 2 exceptions in all; last exception - AMQPConnectorSocketConnectError: ConnectionRefusedError(61, 'Connection refused'); first exception - AMQPConnectorSocketConnectError: ConnectionRefusedError(61, 'Connection refused')
2026-10-07 09:51:17,262 ERROR pika.adapters.blocking_connection: Error in _create_connection().
Traceback (most recent call last):
  File "/Users/jessica/GridWorks/gridworks-alerter/.venv/lib/python3.12/site-packages/pika/adapters/blocking_connection.py", line 478, in _create_connection
    raise self._reap_last_connection_workflow_error(error)
pika.exceptions.AMQPConnectionError
Traceback (most recent call last):
  File "/Users/jessica/GridWorks/gridworks-alerter/.venv/bin/gwalerter", line 10, in <module>
    sys.exit(main())
             ^^^^^^
  File "/Users/jessica/GridWorks/gridworks-alerter/src/gwalerter/cli.py", line 114, in main
    run_tap()
  File "/Users/jessica/GridWorks/gridworks-alerter/src/gwalerter/cli.py", line 82, in run_tap
    Tap(settings=settings, store=store).run()
  File "/Users/jessica/GridWorks/gridworks-alerter/src/gwalerter/tap.py", line 313, in run
    connection = pika.BlockingConnection(
                 ^^^^^^^^^^^^^^^^^^^^^^^^
  File "/Users/jessica/GridWorks/gridworks-alerter/.venv/lib/python3.12/site-packages/pika/adapters/blocking_connection.py", line 381, in __init__
    self._impl = self._create_connection(parameters, _impl_class)
                 ^^^^^^^^^^^^^^^^^^^^^^^^^^^^^^^^^^^^^^^^^^^^^^^^
  File "/Users/jessica/GridWorks/gridworks-alerter/.venv/lib/python3.12/site-packages/pika/adapters/blocking_connection.py", line 478, in _create_connection
    raise self._reap_last_connection_workflow_error(error)
pika.exceptions.AMQPConnectionError
09:51:17 tap exited 0; restarting in 3 s
2026-10-07 09:51:20,653 INFO alembic.runtime.migration: Context impl SQLiteImpl.
2026-10-07 09:51:20,653 INFO alembic.runtime.migration: Will assume non-transactional DDL.
2026-10-07 09:51:20,672 INFO pika.adapters.utils.connection_workflow: Pika version 1.4.4 connecting to ('::1', 5672, 0, 0)
2026-10-07 09:51:20,672 ERROR pika.adapters.utils.io_services_utils: Socket failed to connect: <socket.socket fd=8, family=30, type=1, proto=6, laddr=('::1', 51675, 0, 0)>; error=61 (Connection refused)
2026-10-07 09:51:20,672 ERROR pika.adapters.utils.connection_workflow: TCP Connection attempt failed: ConnectionRefusedError(61, 'Connection refused'); dest=(<AddressFamily.AF_INET6: 30>, <SocketKind.SOCK_STREAM: 1>, 6, '', ('::1', 5672, 0, 0))
2026-10-07 09:51:20,672 ERROR pika.adapters.utils.connection_workflow: AMQPConnector - reporting failure: AMQPConnectorSocketConnectError: ConnectionRefusedError(61, 'Connection refused')
2026-10-07 09:51:20,672 INFO pika.adapters.utils.connection_workflow: Pika version 1.4.4 connecting to ('127.0.0.1', 5672)
2026-10-07 09:51:20,672 ERROR pika.adapters.utils.io_services_utils: Socket failed to connect: <socket.socket fd=8, family=2, type=1, proto=6, laddr=('127.0.0.1', 51676)>; error=61 (Connection refused)
2026-10-07 09:51:20,672 ERROR pika.adapters.utils.connection_workflow: TCP Connection attempt failed: ConnectionRefusedError(61, 'Connection refused'); dest=(<AddressFamily.AF_INET: 2>, <SocketKind.SOCK_STREAM: 1>, 6, '', ('127.0.0.1', 5672))
2026-10-07 09:51:20,672 ERROR pika.adapters.utils.connection_workflow: AMQPConnector - reporting failure: AMQPConnectorSocketConnectError: ConnectionRefusedError(61, 'Connection refused')
2026-10-07 09:51:20,672 ERROR pika.adapters.utils.connection_workflow: AMQP connection workflow failed: AMQPConnectionWorkflowFailed: 2 exceptions in all; last exception - AMQPConnectorSocketConnectError: ConnectionRefusedError(61, 'Connection refused'); first exception - AMQPConnectorSocketConnectError: ConnectionRefusedError(61, 'Connection refused').
2026-10-07 09:51:20,673 ERROR pika.adapters.utils.connection_workflow: AMQPConnectionWorkflow - reporting failure: AMQPConnectionWorkflowFailed: 2 exceptions in all; last exception - AMQPConnectorSocketConnectError: ConnectionRefusedError(61, 'Connection refused'); first exception - AMQPConnectorSocketConnectError: ConnectionRefusedError(61, 'Connection refused')
2026-10-07 09:51:20,673 ERROR pika.adapters.blocking_connection: Connection workflow failed: AMQPConnectionWorkflowFailed: 2 exceptions in all; last exception - AMQPConnectorSocketConnectError: ConnectionRefusedError(61, 'Connection refused'); first exception - AMQPConnectorSocketConnectError: ConnectionRefusedError(61, 'Connection refused')
2026-10-07 09:51:20,673 ERROR pika.adapters.blocking_connection: Error in _create_connection().
Traceback (most recent call last):
  File "/Users/jessica/GridWorks/gridworks-alerter/.venv/lib/python3.12/site-packages/pika/adapters/blocking_connection.py", line 478, in _create_connection
    raise self._reap_last_connection_workflow_error(error)
pika.exceptions.AMQPConnectionError
Traceback (most recent call last):
  File "/Users/jessica/GridWorks/gridworks-alerter/.venv/bin/gwalerter", line 10, in <module>
    sys.exit(main())
             ^^^^^^
  File "/Users/jessica/GridWorks/gridworks-alerter/src/gwalerter/cli.py", line 114, in main
    run_tap()
  File "/Users/jessica/GridWorks/gridworks-alerter/src/gwalerter/cli.py", line 82, in run_tap
    Tap(settings=settings, store=store).run()
  File "/Users/jessica/GridWorks/gridworks-alerter/src/gwalerter/tap.py", line 313, in run
    connection = pika.BlockingConnection(
                 ^^^^^^^^^^^^^^^^^^^^^^^^
  File "/Users/jessica/GridWorks/gridworks-alerter/.venv/lib/python3.12/site-packages/pika/adapters/blocking_connection.py", line 381, in __init__
    self._impl = self._create_connection(parameters, _impl_class)
                 ^^^^^^^^^^^^^^^^^^^^^^^^^^^^^^^^^^^^^^^^^^^^^^^^
  File "/Users/jessica/GridWorks/gridworks-alerter/.venv/lib/python3.12/site-packages/pika/adapters/blocking_connection.py", line 478, in _create_connection
    raise self._reap_last_connection_workflow_error(error)
pika.exceptions.AMQPConnectionError
09:51:20 tap exited 0; restarting in 3 s
2026-10-07 09:51:24,071 INFO alembic.runtime.migration: Context impl SQLiteImpl.
2026-10-07 09:51:24,071 INFO alembic.runtime.migration: Will assume non-transactional DDL.
2026-10-07 09:51:24,090 INFO pika.adapters.utils.connection_workflow: Pika version 1.4.4 connecting to ('::1', 5672, 0, 0)
2026-10-07 09:51:24,090 ERROR pika.adapters.utils.io_services_utils: Socket failed to connect: <socket.socket fd=8, family=30, type=1, proto=6, laddr=('::1', 51689, 0, 0)>; error=61 (Connection refused)
2026-10-07 09:51:24,091 ERROR pika.adapters.utils.connection_workflow: TCP Connection attempt failed: ConnectionRefusedError(61, 'Connection refused'); dest=(<AddressFamily.AF_INET6: 30>, <SocketKind.SOCK_STREAM: 1>, 6, '', ('::1', 5672, 0, 0))
2026-10-07 09:51:24,091 ERROR pika.adapters.utils.connection_workflow: AMQPConnector - reporting failure: AMQPConnectorSocketConnectError: ConnectionRefusedError(61, 'Connection refused')
2026-10-07 09:51:24,091 INFO pika.adapters.utils.connection_workflow: Pika version 1.4.4 connecting to ('127.0.0.1', 5672)
2026-10-07 09:51:24,091 ERROR pika.adapters.utils.io_services_utils: Socket failed to connect: <socket.socket fd=8, family=2, type=1, proto=6, laddr=('127.0.0.1', 51690)>; error=61 (Connection refused)
2026-10-07 09:51:24,091 ERROR pika.adapters.utils.connection_workflow: TCP Connection attempt failed: ConnectionRefusedError(61, 'Connection refused'); dest=(<AddressFamily.AF_INET: 2>, <SocketKind.SOCK_STREAM: 1>, 6, '', ('127.0.0.1', 5672))
2026-10-07 09:51:24,091 ERROR pika.adapters.utils.connection_workflow: AMQPConnector - reporting failure: AMQPConnectorSocketConnectError: ConnectionRefusedError(61, 'Connection refused')
2026-10-07 09:51:24,091 ERROR pika.adapters.utils.connection_workflow: AMQP connection workflow failed: AMQPConnectionWorkflowFailed: 2 exceptions in all; last exception - AMQPConnectorSocketConnectError: ConnectionRefusedError(61, 'Connection refused'); first exception - AMQPConnectorSocketConnectError: ConnectionRefusedError(61, 'Connection refused').
2026-10-07 09:51:24,091 ERROR pika.adapters.utils.connection_workflow: AMQPConnectionWorkflow - reporting failure: AMQPConnectionWorkflowFailed: 2 exceptions in all; last exception - AMQPConnectorSocketConnectError: ConnectionRefusedError(61, 'Connection refused'); first exception - AMQPConnectorSocketConnectError: ConnectionRefusedError(61, 'Connection refused')
2026-10-07 09:51:24,091 ERROR pika.adapters.blocking_connection: Connection workflow failed: AMQPConnectionWorkflowFailed: 2 exceptions in all; last exception - AMQPConnectorSocketConnectError: ConnectionRefusedError(61, 'Connection refused'); first exception - AMQPConnectorSocketConnectError: ConnectionRefusedError(61, 'Connection refused')
2026-10-07 09:51:24,091 ERROR pika.adapters.blocking_connection: Error in _create_connection().
Traceback (most recent call last):
  File "/Users/jessica/GridWorks/gridworks-alerter/.venv/lib/python3.12/site-packages/pika/adapters/blocking_connection.py", line 478, in _create_connection
    raise self._reap_last_connection_workflow_error(error)
pika.exceptions.AMQPConnectionError
Traceback (most recent call last):
  File "/Users/jessica/GridWorks/gridworks-alerter/.venv/bin/gwalerter", line 10, in <module>
    sys.exit(main())
             ^^^^^^
  File "/Users/jessica/GridWorks/gridworks-alerter/src/gwalerter/cli.py", line 114, in main
    run_tap()
  File "/Users/jessica/GridWorks/gridworks-alerter/src/gwalerter/cli.py", line 82, in run_tap
    Tap(settings=settings, store=store).run()
  File "/Users/jessica/GridWorks/gridworks-alerter/src/gwalerter/tap.py", line 313, in run
    connection = pika.BlockingConnection(
                 ^^^^^^^^^^^^^^^^^^^^^^^^
  File "/Users/jessica/GridWorks/gridworks-alerter/.venv/lib/python3.12/site-packages/pika/adapters/blocking_connection.py", line 381, in __init__
    self._impl = self._create_connection(parameters, _impl_class)
                 ^^^^^^^^^^^^^^^^^^^^^^^^^^^^^^^^^^^^^^^^^^^^^^^^
  File "/Users/jessica/GridWorks/gridworks-alerter/.venv/lib/python3.12/site-packages/pika/adapters/blocking_connection.py", line 478, in _create_connection
    raise self._reap_last_connection_workflow_error(error)
pika.exceptions.AMQPConnectionError
09:51:24 tap exited 0; restarting in 3 s
2026-10-07 09:51:27,502 INFO alembic.runtime.migration: Context impl SQLiteImpl.
2026-10-07 09:51:27,502 INFO alembic.runtime.migration: Will assume non-transactional DDL.
2026-10-07 09:51:27,521 INFO pika.adapters.utils.connection_workflow: Pika version 1.4.4 connecting to ('::1', 5672, 0, 0)
2026-10-07 09:51:27,521 ERROR pika.adapters.utils.io_services_utils: Socket failed to connect: <socket.socket fd=8, family=30, type=1, proto=6, laddr=('::1', 51697, 0, 0)>; error=61 (Connection refused)
2026-10-07 09:51:27,521 ERROR pika.adapters.utils.connection_workflow: TCP Connection attempt failed: ConnectionRefusedError(61, 'Connection refused'); dest=(<AddressFamily.AF_INET6: 30>, <SocketKind.SOCK_STREAM: 1>, 6, '', ('::1', 5672, 0, 0))
2026-10-07 09:51:27,521 ERROR pika.adapters.utils.connection_workflow: AMQPConnector - reporting failure: AMQPConnectorSocketConnectError: ConnectionRefusedError(61, 'Connection refused')
2026-10-07 09:51:27,521 INFO pika.adapters.utils.connection_workflow: Pika version 1.4.4 connecting to ('127.0.0.1', 5672)
2026-10-07 09:51:27,522 ERROR pika.adapters.utils.io_services_utils: Socket failed to connect: <socket.socket fd=8, family=2, type=1, proto=6, laddr=('127.0.0.1', 51698)>; error=61 (Connection refused)
2026-10-07 09:51:27,522 ERROR pika.adapters.utils.connection_workflow: TCP Connection attempt failed: ConnectionRefusedError(61, 'Connection refused'); dest=(<AddressFamily.AF_INET: 2>, <SocketKind.SOCK_STREAM: 1>, 6, '', ('127.0.0.1', 5672))
2026-10-07 09:51:27,522 ERROR pika.adapters.utils.connection_workflow: AMQPConnector - reporting failure: AMQPConnectorSocketConnectError: ConnectionRefusedError(61, 'Connection refused')
2026-10-07 09:51:27,522 ERROR pika.adapters.utils.connection_workflow: AMQP connection workflow failed: AMQPConnectionWorkflowFailed: 2 exceptions in all; last exception - AMQPConnectorSocketConnectError: ConnectionRefusedError(61, 'Connection refused'); first exception - AMQPConnectorSocketConnectError: ConnectionRefusedError(61, 'Connection refused').
2026-10-07 09:51:27,522 ERROR pika.adapters.utils.connection_workflow: AMQPConnectionWorkflow - reporting failure: AMQPConnectionWorkflowFailed: 2 exceptions in all; last exception - AMQPConnectorSocketConnectError: ConnectionRefusedError(61, 'Connection refused'); first exception - AMQPConnectorSocketConnectError: ConnectionRefusedError(61, 'Connection refused')
2026-10-07 09:51:27,522 ERROR pika.adapters.blocking_connection: Connection workflow failed: AMQPConnectionWorkflowFailed: 2 exceptions in all; last exception - AMQPConnectorSocketConnectError: ConnectionRefusedError(61, 'Connection refused'); first exception - AMQPConnectorSocketConnectError: ConnectionRefusedError(61, 'Connection refused')
2026-10-07 09:51:27,522 ERROR pika.adapters.blocking_connection: Error in _create_connection().
Traceback (most recent call last):
  File "/Users/jessica/GridWorks/gridworks-alerter/.venv/lib/python3.12/site-packages/pika/adapters/blocking_connection.py", line 478, in _create_connection
    raise self._reap_last_connection_workflow_error(error)
pika.exceptions.AMQPConnectionError
Traceback (most recent call last):
  File "/Users/jessica/GridWorks/gridworks-alerter/.venv/bin/gwalerter", line 10, in <module>
    sys.exit(main())
             ^^^^^^
  File "/Users/jessica/GridWorks/gridworks-alerter/src/gwalerter/cli.py", line 114, in main
    run_tap()
  File "/Users/jessica/GridWorks/gridworks-alerter/src/gwalerter/cli.py", line 82, in run_tap
    Tap(settings=settings, store=store).run()
  File "/Users/jessica/GridWorks/gridworks-alerter/src/gwalerter/tap.py", line 313, in run
    connection = pika.BlockingConnection(
                 ^^^^^^^^^^^^^^^^^^^^^^^^
  File "/Users/jessica/GridWorks/gridworks-alerter/.venv/lib/python3.12/site-packages/pika/adapters/blocking_connection.py", line 381, in __init__
    self._impl = self._create_connection(parameters, _impl_class)
                 ^^^^^^^^^^^^^^^^^^^^^^^^^^^^^^^^^^^^^^^^^^^^^^^^
  File "/Users/jessica/GridWorks/gridworks-alerter/.venv/lib/python3.12/site-packages/pika/adapters/blocking_connection.py", line 478, in _create_connection
    raise self._reap_last_connection_workflow_error(error)
pika.exceptions.AMQPConnectionError
09:51:27 tap exited 0; restarting in 3 s
2026-10-07 09:51:30,927 INFO alembic.runtime.migration: Context impl SQLiteImpl.
2026-10-07 09:51:30,927 INFO alembic.runtime.migration: Will assume non-transactional DDL.
2026-10-07 09:51:30,945 INFO pika.adapters.utils.connection_workflow: Pika version 1.4.4 connecting to ('::1', 5672, 0, 0)
2026-10-07 09:51:30,946 ERROR pika.adapters.utils.io_services_utils: Socket failed to connect: <socket.socket fd=8, family=30, type=1, proto=6, laddr=('::1', 51709, 0, 0)>; error=61 (Connection refused)
2026-10-07 09:51:30,946 ERROR pika.adapters.utils.connection_workflow: TCP Connection attempt failed: ConnectionRefusedError(61, 'Connection refused'); dest=(<AddressFamily.AF_INET6: 30>, <SocketKind.SOCK_STREAM: 1>, 6, '', ('::1', 5672, 0, 0))
2026-10-07 09:51:30,946 ERROR pika.adapters.utils.connection_workflow: AMQPConnector - reporting failure: AMQPConnectorSocketConnectError: ConnectionRefusedError(61, 'Connection refused')
2026-10-07 09:51:30,946 INFO pika.adapters.utils.connection_workflow: Pika version 1.4.4 connecting to ('127.0.0.1', 5672)
2026-10-07 09:51:30,946 ERROR pika.adapters.utils.io_services_utils: Socket failed to connect: <socket.socket fd=8, family=2, type=1, proto=6, laddr=('127.0.0.1', 51710)>; error=61 (Connection refused)
2026-10-07 09:51:30,946 ERROR pika.adapters.utils.connection_workflow: TCP Connection attempt failed: ConnectionRefusedError(61, 'Connection refused'); dest=(<AddressFamily.AF_INET: 2>, <SocketKind.SOCK_STREAM: 1>, 6, '', ('127.0.0.1', 5672))
2026-10-07 09:51:30,946 ERROR pika.adapters.utils.connection_workflow: AMQPConnector - reporting failure: AMQPConnectorSocketConnectError: ConnectionRefusedError(61, 'Connection refused')
2026-10-07 09:51:30,946 ERROR pika.adapters.utils.connection_workflow: AMQP connection workflow failed: AMQPConnectionWorkflowFailed: 2 exceptions in all; last exception - AMQPConnectorSocketConnectError: ConnectionRefusedError(61, 'Connection refused'); first exception - AMQPConnectorSocketConnectError: ConnectionRefusedError(61, 'Connection refused').
2026-10-07 09:51:30,946 ERROR pika.adapters.utils.connection_workflow: AMQPConnectionWorkflow - reporting failure: AMQPConnectionWorkflowFailed: 2 exceptions in all; last exception - AMQPConnectorSocketConnectError: ConnectionRefusedError(61, 'Connection refused'); first exception - AMQPConnectorSocketConnectError: ConnectionRefusedError(61, 'Connection refused')
2026-10-07 09:51:30,946 ERROR pika.adapters.blocking_connection: Connection workflow failed: AMQPConnectionWorkflowFailed: 2 exceptions in all; last exception - AMQPConnectorSocketConnectError: ConnectionRefusedError(61, 'Connection refused'); first exception - AMQPConnectorSocketConnectError: ConnectionRefusedError(61, 'Connection refused')
2026-10-07 09:51:30,946 ERROR pika.adapters.blocking_connection: Error in _create_connection().
Traceback (most recent call last):
  File "/Users/jessica/GridWorks/gridworks-alerter/.venv/lib/python3.12/site-packages/pika/adapters/blocking_connection.py", line 478, in _create_connection
    raise self._reap_last_connection_workflow_error(error)
pika.exceptions.AMQPConnectionError
Traceback (most recent call last):
  File "/Users/jessica/GridWorks/gridworks-alerter/.venv/bin/gwalerter", line 10, in <module>
    sys.exit(main())
             ^^^^^^
  File "/Users/jessica/GridWorks/gridworks-alerter/src/gwalerter/cli.py", line 114, in main
    run_tap()
  File "/Users/jessica/GridWorks/gridworks-alerter/src/gwalerter/cli.py", line 82, in run_tap
    Tap(settings=settings, store=store).run()
  File "/Users/jessica/GridWorks/gridworks-alerter/src/gwalerter/tap.py", line 313, in run
    connection = pika.BlockingConnection(
                 ^^^^^^^^^^^^^^^^^^^^^^^^
  File "/Users/jessica/GridWorks/gridworks-alerter/.venv/lib/python3.12/site-packages/pika/adapters/blocking_connection.py", line 381, in __init__
    self._impl = self._create_connection(parameters, _impl_class)
                 ^^^^^^^^^^^^^^^^^^^^^^^^^^^^^^^^^^^^^^^^^^^^^^^^
  File "/Users/jessica/GridWorks/gridworks-alerter/.venv/lib/python3.12/site-packages/pika/adapters/blocking_connection.py", line 478, in _create_connection
    raise self._reap_last_connection_workflow_error(error)
pika.exceptions.AMQPConnectionError
09:51:30 tap exited 0; restarting in 3 s
2026-10-07 09:51:34,333 INFO alembic.runtime.migration: Context impl SQLiteImpl.
2026-10-07 09:51:34,333 INFO alembic.runtime.migration: Will assume non-transactional DDL.
2026-10-07 09:51:34,352 INFO pika.adapters.utils.connection_workflow: Pika version 1.4.4 connecting to ('::1', 5672, 0, 0)
2026-10-07 09:51:34,352 ERROR pika.adapters.utils.io_services_utils: Socket failed to connect: <socket.socket fd=8, family=30, type=1, proto=6, laddr=('::1', 51731, 0, 0)>; error=61 (Connection refused)
2026-10-07 09:51:34,352 ERROR pika.adapters.utils.connection_workflow: TCP Connection attempt failed: ConnectionRefusedError(61, 'Connection refused'); dest=(<AddressFamily.AF_INET6: 30>, <SocketKind.SOCK_STREAM: 1>, 6, '', ('::1', 5672, 0, 0))
2026-10-07 09:51:34,353 ERROR pika.adapters.utils.connection_workflow: AMQPConnector - reporting failure: AMQPConnectorSocketConnectError: ConnectionRefusedError(61, 'Connection refused')
2026-10-07 09:51:34,353 INFO pika.adapters.utils.connection_workflow: Pika version 1.4.4 connecting to ('127.0.0.1', 5672)
2026-10-07 09:51:34,353 ERROR pika.adapters.utils.io_services_utils: Socket failed to connect: <socket.socket fd=8, family=2, type=1, proto=6, laddr=('127.0.0.1', 51732)>; error=61 (Connection refused)
2026-10-07 09:51:34,353 ERROR pika.adapters.utils.connection_workflow: TCP Connection attempt failed: ConnectionRefusedError(61, 'Connection refused'); dest=(<AddressFamily.AF_INET: 2>, <SocketKind.SOCK_STREAM: 1>, 6, '', ('127.0.0.1', 5672))
2026-10-07 09:51:34,353 ERROR pika.adapters.utils.connection_workflow: AMQPConnector - reporting failure: AMQPConnectorSocketConnectError: ConnectionRefusedError(61, 'Connection refused')
2026-10-07 09:51:34,353 ERROR pika.adapters.utils.connection_workflow: AMQP connection workflow failed: AMQPConnectionWorkflowFailed: 2 exceptions in all; last exception - AMQPConnectorSocketConnectError: ConnectionRefusedError(61, 'Connection refused'); first exception - AMQPConnectorSocketConnectError: ConnectionRefusedError(61, 'Connection refused').
2026-10-07 09:51:34,353 ERROR pika.adapters.utils.connection_workflow: AMQPConnectionWorkflow - reporting failure: AMQPConnectionWorkflowFailed: 2 exceptions in all; last exception - AMQPConnectorSocketConnectError: ConnectionRefusedError(61, 'Connection refused'); first exception - AMQPConnectorSocketConnectError: ConnectionRefusedError(61, 'Connection refused')
2026-10-07 09:51:34,353 ERROR pika.adapters.blocking_connection: Connection workflow failed: AMQPConnectionWorkflowFailed: 2 exceptions in all; last exception - AMQPConnectorSocketConnectError: ConnectionRefusedError(61, 'Connection refused'); first exception - AMQPConnectorSocketConnectError: ConnectionRefusedError(61, 'Connection refused')
2026-10-07 09:51:34,353 ERROR pika.adapters.blocking_connection: Error in _create_connection().
Traceback (most recent call last):
  File "/Users/jessica/GridWorks/gridworks-alerter/.venv/lib/python3.12/site-packages/pika/adapters/blocking_connection.py", line 478, in _create_connection
    raise self._reap_last_connection_workflow_error(error)
pika.exceptions.AMQPConnectionError
Traceback (most recent call last):
  File "/Users/jessica/GridWorks/gridworks-alerter/.venv/bin/gwalerter", line 10, in <module>
    sys.exit(main())
             ^^^^^^
  File "/Users/jessica/GridWorks/gridworks-alerter/src/gwalerter/cli.py", line 114, in main
    run_tap()
  File "/Users/jessica/GridWorks/gridworks-alerter/src/gwalerter/cli.py", line 82, in run_tap
    Tap(settings=settings, store=store).run()
  File "/Users/jessica/GridWorks/gridworks-alerter/src/gwalerter/tap.py", line 313, in run
    connection = pika.BlockingConnection(
                 ^^^^^^^^^^^^^^^^^^^^^^^^
  File "/Users/jessica/GridWorks/gridworks-alerter/.venv/lib/python3.12/site-packages/pika/adapters/blocking_connection.py", line 381, in __init__
    self._impl = self._create_connection(parameters, _impl_class)
                 ^^^^^^^^^^^^^^^^^^^^^^^^^^^^^^^^^^^^^^^^^^^^^^^^
  File "/Users/jessica/GridWorks/gridworks-alerter/.venv/lib/python3.12/site-packages/pika/adapters/blocking_connection.py", line 478, in _create_connection
    raise self._reap_last_connection_workflow_error(error)
pika.exceptions.AMQPConnectionError
09:51:34 tap exited 0; restarting in 3 s
2026-10-07 09:51:37,755 INFO alembic.runtime.migration: Context impl SQLiteImpl.
2026-10-07 09:51:37,756 INFO alembic.runtime.migration: Will assume non-transactional DDL.
2026-10-07 09:51:37,774 INFO pika.adapters.utils.connection_workflow: Pika version 1.4.4 connecting to ('::1', 5672, 0, 0)
2026-10-07 09:51:37,774 ERROR pika.adapters.utils.io_services_utils: Socket failed to connect: <socket.socket fd=8, family=30, type=1, proto=6, laddr=('::1', 51741, 0, 0)>; error=61 (Connection refused)
2026-10-07 09:51:37,774 ERROR pika.adapters.utils.connection_workflow: TCP Connection attempt failed: ConnectionRefusedError(61, 'Connection refused'); dest=(<AddressFamily.AF_INET6: 30>, <SocketKind.SOCK_STREAM: 1>, 6, '', ('::1', 5672, 0, 0))
2026-10-07 09:51:37,774 ERROR pika.adapters.utils.connection_workflow: AMQPConnector - reporting failure: AMQPConnectorSocketConnectError: ConnectionRefusedError(61, 'Connection refused')
2026-10-07 09:51:37,774 INFO pika.adapters.utils.connection_workflow: Pika version 1.4.4 connecting to ('127.0.0.1', 5672)
2026-10-07 09:51:37,774 ERROR pika.adapters.utils.io_services_utils: Socket failed to connect: <socket.socket fd=8, family=2, type=1, proto=6, laddr=('127.0.0.1', 51742)>; error=61 (Connection refused)
2026-10-07 09:51:37,774 ERROR pika.adapters.utils.connection_workflow: TCP Connection attempt failed: ConnectionRefusedError(61, 'Connection refused'); dest=(<AddressFamily.AF_INET: 2>, <SocketKind.SOCK_STREAM: 1>, 6, '', ('127.0.0.1', 5672))
2026-10-07 09:51:37,774 ERROR pika.adapters.utils.connection_workflow: AMQPConnector - reporting failure: AMQPConnectorSocketConnectError: ConnectionRefusedError(61, 'Connection refused')
2026-10-07 09:51:37,774 ERROR pika.adapters.utils.connection_workflow: AMQP connection workflow failed: AMQPConnectionWorkflowFailed: 2 exceptions in all; last exception - AMQPConnectorSocketConnectError: ConnectionRefusedError(61, 'Connection refused'); first exception - AMQPConnectorSocketConnectError: ConnectionRefusedError(61, 'Connection refused').
2026-10-07 09:51:37,774 ERROR pika.adapters.utils.connection_workflow: AMQPConnectionWorkflow - reporting failure: AMQPConnectionWorkflowFailed: 2 exceptions in all; last exception - AMQPConnectorSocketConnectError: ConnectionRefusedError(61, 'Connection refused'); first exception - AMQPConnectorSocketConnectError: ConnectionRefusedError(61, 'Connection refused')
2026-10-07 09:51:37,774 ERROR pika.adapters.blocking_connection: Connection workflow failed: AMQPConnectionWorkflowFailed: 2 exceptions in all; last exception - AMQPConnectorSocketConnectError: ConnectionRefusedError(61, 'Connection refused'); first exception - AMQPConnectorSocketConnectError: ConnectionRefusedError(61, 'Connection refused')
2026-10-07 09:51:37,774 ERROR pika.adapters.blocking_connection: Error in _create_connection().
Traceback (most recent call last):
  File "/Users/jessica/GridWorks/gridworks-alerter/.venv/lib/python3.12/site-packages/pika/adapters/blocking_connection.py", line 478, in _create_connection
    raise self._reap_last_connection_workflow_error(error)
pika.exceptions.AMQPConnectionError
Traceback (most recent call last):
  File "/Users/jessica/GridWorks/gridworks-alerter/.venv/bin/gwalerter", line 10, in <module>
    sys.exit(main())
             ^^^^^^
  File "/Users/jessica/GridWorks/gridworks-alerter/src/gwalerter/cli.py", line 114, in main
    run_tap()
  File "/Users/jessica/GridWorks/gridworks-alerter/src/gwalerter/cli.py", line 82, in run_tap
    Tap(settings=settings, store=store).run()
  File "/Users/jessica/GridWorks/gridworks-alerter/src/gwalerter/tap.py", line 313, in run
    connection = pika.BlockingConnection(
                 ^^^^^^^^^^^^^^^^^^^^^^^^
  File "/Users/jessica/GridWorks/gridworks-alerter/.venv/lib/python3.12/site-packages/pika/adapters/blocking_connection.py", line 381, in __init__
    self._impl = self._create_connection(parameters, _impl_class)
                 ^^^^^^^^^^^^^^^^^^^^^^^^^^^^^^^^^^^^^^^^^^^^^^^^
  File "/Users/jessica/GridWorks/gridworks-alerter/.venv/lib/python3.12/site-packages/pika/adapters/blocking_connection.py", line 478, in _create_connection
    raise self._reap_last_connection_workflow_error(error)
pika.exceptions.AMQPConnectionError
09:51:37 tap exited 0; restarting in 3 s
2026-10-07 09:51:41,165 INFO alembic.runtime.migration: Context impl SQLiteImpl.
2026-10-07 09:51:41,165 INFO alembic.runtime.migration: Will assume non-transactional DDL.
2026-10-07 09:51:41,185 INFO pika.adapters.utils.connection_workflow: Pika version 1.4.4 connecting to ('::1', 5672, 0, 0)
2026-10-07 09:51:41,185 ERROR pika.adapters.utils.io_services_utils: Socket failed to connect: <socket.socket fd=8, family=30, type=1, proto=6, laddr=('::1', 51751, 0, 0)>; error=61 (Connection refused)
2026-10-07 09:51:41,185 ERROR pika.adapters.utils.connection_workflow: TCP Connection attempt failed: ConnectionRefusedError(61, 'Connection refused'); dest=(<AddressFamily.AF_INET6: 30>, <SocketKind.SOCK_STREAM: 1>, 6, '', ('::1', 5672, 0, 0))
2026-10-07 09:51:41,185 ERROR pika.adapters.utils.connection_workflow: AMQPConnector - reporting failure: AMQPConnectorSocketConnectError: ConnectionRefusedError(61, 'Connection refused')
2026-10-07 09:51:41,185 INFO pika.adapters.utils.connection_workflow: Pika version 1.4.4 connecting to ('127.0.0.1', 5672)
2026-10-07 09:51:41,185 ERROR pika.adapters.utils.io_services_utils: Socket failed to connect: <socket.socket fd=8, family=2, type=1, proto=6, laddr=('127.0.0.1', 51752)>; error=61 (Connection refused)
2026-10-07 09:51:41,185 ERROR pika.adapters.utils.connection_workflow: TCP Connection attempt failed: ConnectionRefusedError(61, 'Connection refused'); dest=(<AddressFamily.AF_INET: 2>, <SocketKind.SOCK_STREAM: 1>, 6, '', ('127.0.0.1', 5672))
2026-10-07 09:51:41,185 ERROR pika.adapters.utils.connection_workflow: AMQPConnector - reporting failure: AMQPConnectorSocketConnectError: ConnectionRefusedError(61, 'Connection refused')
2026-10-07 09:51:41,185 ERROR pika.adapters.utils.connection_workflow: AMQP connection workflow failed: AMQPConnectionWorkflowFailed: 2 exceptions in all; last exception - AMQPConnectorSocketConnectError: ConnectionRefusedError(61, 'Connection refused'); first exception - AMQPConnectorSocketConnectError: ConnectionRefusedError(61, 'Connection refused').
2026-10-07 09:51:41,185 ERROR pika.adapters.utils.connection_workflow: AMQPConnectionWorkflow - reporting failure: AMQPConnectionWorkflowFailed: 2 exceptions in all; last exception - AMQPConnectorSocketConnectError: ConnectionRefusedError(61, 'Connection refused'); first exception - AMQPConnectorSocketConnectError: ConnectionRefusedError(61, 'Connection refused')
2026-10-07 09:51:41,185 ERROR pika.adapters.blocking_connection: Connection workflow failed: AMQPConnectionWorkflowFailed: 2 exceptions in all; last exception - AMQPConnectorSocketConnectError: ConnectionRefusedError(61, 'Connection refused'); first exception - AMQPConnectorSocketConnectError: ConnectionRefusedError(61, 'Connection refused')
2026-10-07 09:51:41,185 ERROR pika.adapters.blocking_connection: Error in _create_connection().
Traceback (most recent call last):
  File "/Users/jessica/GridWorks/gridworks-alerter/.venv/lib/python3.12/site-packages/pika/adapters/blocking_connection.py", line 478, in _create_connection
    raise self._reap_last_connection_workflow_error(error)
pika.exceptions.AMQPConnectionError
Traceback (most recent call last):
  File "/Users/jessica/GridWorks/gridworks-alerter/.venv/bin/gwalerter", line 10, in <module>
    sys.exit(main())
             ^^^^^^
  File "/Users/jessica/GridWorks/gridworks-alerter/src/gwalerter/cli.py", line 114, in main
    run_tap()
  File "/Users/jessica/GridWorks/gridworks-alerter/src/gwalerter/cli.py", line 82, in run_tap
    Tap(settings=settings, store=store).run()
  File "/Users/jessica/GridWorks/gridworks-alerter/src/gwalerter/tap.py", line 313, in run
    connection = pika.BlockingConnection(
                 ^^^^^^^^^^^^^^^^^^^^^^^^
  File "/Users/jessica/GridWorks/gridworks-alerter/.venv/lib/python3.12/site-packages/pika/adapters/blocking_connection.py", line 381, in __init__
    self._impl = self._create_connection(parameters, _impl_class)
                 ^^^^^^^^^^^^^^^^^^^^^^^^^^^^^^^^^^^^^^^^^^^^^^^^
  File "/Users/jessica/GridWorks/gridworks-alerter/.venv/lib/python3.12/site-packages/pika/adapters/blocking_connection.py", line 478, in _create_connection
    raise self._reap_last_connection_workflow_error(error)
pika.exceptions.AMQPConnectionError
09:51:41 tap exited 0; restarting in 3 s
2026-10-07 09:51:44,589 INFO alembic.runtime.migration: Context impl SQLiteImpl.
2026-10-07 09:51:44,589 INFO alembic.runtime.migration: Will assume non-transactional DDL.
2026-10-07 09:51:44,607 INFO pika.adapters.utils.connection_workflow: Pika version 1.4.4 connecting to ('::1', 5672, 0, 0)
2026-10-07 09:51:44,608 ERROR pika.adapters.utils.io_services_utils: Socket failed to connect: <socket.socket fd=8, family=30, type=1, proto=6, laddr=('::1', 51767, 0, 0)>; error=61 (Connection refused)
2026-10-07 09:51:44,608 ERROR pika.adapters.utils.connection_workflow: TCP Connection attempt failed: ConnectionRefusedError(61, 'Connection refused'); dest=(<AddressFamily.AF_INET6: 30>, <SocketKind.SOCK_STREAM: 1>, 6, '', ('::1', 5672, 0, 0))
2026-10-07 09:51:44,608 ERROR pika.adapters.utils.connection_workflow: AMQPConnector - reporting failure: AMQPConnectorSocketConnectError: ConnectionRefusedError(61, 'Connection refused')
2026-10-07 09:51:44,608 INFO pika.adapters.utils.connection_workflow: Pika version 1.4.4 connecting to ('127.0.0.1', 5672)
2026-10-07 09:51:44,608 ERROR pika.adapters.utils.io_services_utils: Socket failed to connect: <socket.socket fd=8, family=2, type=1, proto=6, laddr=('127.0.0.1', 51768)>; error=61 (Connection refused)
2026-10-07 09:51:44,608 ERROR pika.adapters.utils.connection_workflow: TCP Connection attempt failed: ConnectionRefusedError(61, 'Connection refused'); dest=(<AddressFamily.AF_INET: 2>, <SocketKind.SOCK_STREAM: 1>, 6, '', ('127.0.0.1', 5672))
2026-10-07 09:51:44,608 ERROR pika.adapters.utils.connection_workflow: AMQPConnector - reporting failure: AMQPConnectorSocketConnectError: ConnectionRefusedError(61, 'Connection refused')
2026-10-07 09:51:44,608 ERROR pika.adapters.utils.connection_workflow: AMQP connection workflow failed: AMQPConnectionWorkflowFailed: 2 exceptions in all; last exception - AMQPConnectorSocketConnectError: ConnectionRefusedError(61, 'Connection refused'); first exception - AMQPConnectorSocketConnectError: ConnectionRefusedError(61, 'Connection refused').
2026-10-07 09:51:44,608 ERROR pika.adapters.utils.connection_workflow: AMQPConnectionWorkflow - reporting failure: AMQPConnectionWorkflowFailed: 2 exceptions in all; last exception - AMQPConnectorSocketConnectError: ConnectionRefusedError(61, 'Connection refused'); first exception - AMQPConnectorSocketConnectError: ConnectionRefusedError(61, 'Connection refused')
2026-10-07 09:51:44,608 ERROR pika.adapters.blocking_connection: Connection workflow failed: AMQPConnectionWorkflowFailed: 2 exceptions in all; last exception - AMQPConnectorSocketConnectError: ConnectionRefusedError(61, 'Connection refused'); first exception - AMQPConnectorSocketConnectError: ConnectionRefusedError(61, 'Connection refused')
2026-10-07 09:51:44,608 ERROR pika.adapters.blocking_connection: Error in _create_connection().
Traceback (most recent call last):
  File "/Users/jessica/GridWorks/gridworks-alerter/.venv/lib/python3.12/site-packages/pika/adapters/blocking_connection.py", line 478, in _create_connection
    raise self._reap_last_connection_workflow_error(error)
pika.exceptions.AMQPConnectionError
Traceback (most recent call last):
  File "/Users/jessica/GridWorks/gridworks-alerter/.venv/bin/gwalerter", line 10, in <module>
    sys.exit(main())
             ^^^^^^
  File "/Users/jessica/GridWorks/gridworks-alerter/src/gwalerter/cli.py", line 114, in main
    run_tap()
  File "/Users/jessica/GridWorks/gridworks-alerter/src/gwalerter/cli.py", line 82, in run_tap
    Tap(settings=settings, store=store).run()
  File "/Users/jessica/GridWorks/gridworks-alerter/src/gwalerter/tap.py", line 313, in run
    connection = pika.BlockingConnection(
                 ^^^^^^^^^^^^^^^^^^^^^^^^
  File "/Users/jessica/GridWorks/gridworks-alerter/.venv/lib/python3.12/site-packages/pika/adapters/blocking_connection.py", line 381, in __init__
    self._impl = self._create_connection(parameters, _impl_class)
                 ^^^^^^^^^^^^^^^^^^^^^^^^^^^^^^^^^^^^^^^^^^^^^^^^
  File "/Users/jessica/GridWorks/gridworks-alerter/.venv/lib/python3.12/site-packages/pika/adapters/blocking_connection.py", line 478, in _create_connection
    raise self._reap_last_connection_workflow_error(error)
pika.exceptions.AMQPConnectionError
09:51:44 tap exited 0; restarting in 3 s
2026-10-07 09:51:48,004 INFO alembic.runtime.migration: Context impl SQLiteImpl.
2026-10-07 09:51:48,004 INFO alembic.runtime.migration: Will assume non-transactional DDL.
2026-10-07 09:51:48,025 INFO pika.adapters.utils.connection_workflow: Pika version 1.4.4 connecting to ('::1', 5672, 0, 0)
2026-10-07 09:51:48,025 ERROR pika.adapters.utils.io_services_utils: Socket failed to connect: <socket.socket fd=8, family=30, type=1, proto=6, laddr=('::1', 51775, 0, 0)>; error=61 (Connection refused)
2026-10-07 09:51:48,025 ERROR pika.adapters.utils.connection_workflow: TCP Connection attempt failed: ConnectionRefusedError(61, 'Connection refused'); dest=(<AddressFamily.AF_INET6: 30>, <SocketKind.SOCK_STREAM: 1>, 6, '', ('::1', 5672, 0, 0))
2026-10-07 09:51:48,025 ERROR pika.adapters.utils.connection_workflow: AMQPConnector - reporting failure: AMQPConnectorSocketConnectError: ConnectionRefusedError(61, 'Connection refused')
2026-10-07 09:51:48,025 INFO pika.adapters.utils.connection_workflow: Pika version 1.4.4 connecting to ('127.0.0.1', 5672)
2026-10-07 09:51:48,025 ERROR pika.adapters.utils.io_services_utils: Socket failed to connect: <socket.socket fd=8, family=2, type=1, proto=6, laddr=('127.0.0.1', 51776)>; error=61 (Connection refused)
2026-10-07 09:51:48,025 ERROR pika.adapters.utils.connection_workflow: TCP Connection attempt failed: ConnectionRefusedError(61, 'Connection refused'); dest=(<AddressFamily.AF_INET: 2>, <SocketKind.SOCK_STREAM: 1>, 6, '', ('127.0.0.1', 5672))
2026-10-07 09:51:48,025 ERROR pika.adapters.utils.connection_workflow: AMQPConnector - reporting failure: AMQPConnectorSocketConnectError: ConnectionRefusedError(61, 'Connection refused')
2026-10-07 09:51:48,025 ERROR pika.adapters.utils.connection_workflow: AMQP connection workflow failed: AMQPConnectionWorkflowFailed: 2 exceptions in all; last exception - AMQPConnectorSocketConnectError: ConnectionRefusedError(61, 'Connection refused'); first exception - AMQPConnectorSocketConnectError: ConnectionRefusedError(61, 'Connection refused').
2026-10-07 09:51:48,025 ERROR pika.adapters.utils.connection_workflow: AMQPConnectionWorkflow - reporting failure: AMQPConnectionWorkflowFailed: 2 exceptions in all; last exception - AMQPConnectorSocketConnectError: ConnectionRefusedError(61, 'Connection refused'); first exception - AMQPConnectorSocketConnectError: ConnectionRefusedError(61, 'Connection refused')
2026-10-07 09:51:48,025 ERROR pika.adapters.blocking_connection: Connection workflow failed: AMQPConnectionWorkflowFailed: 2 exceptions in all; last exception - AMQPConnectorSocketConnectError: ConnectionRefusedError(61, 'Connection refused'); first exception - AMQPConnectorSocketConnectError: ConnectionRefusedError(61, 'Connection refused')
2026-10-07 09:51:48,026 ERROR pika.adapters.blocking_connection: Error in _create_connection().
Traceback (most recent call last):
  File "/Users/jessica/GridWorks/gridworks-alerter/.venv/lib/python3.12/site-packages/pika/adapters/blocking_connection.py", line 478, in _create_connection
    raise self._reap_last_connection_workflow_error(error)
pika.exceptions.AMQPConnectionError
Traceback (most recent call last):
  File "/Users/jessica/GridWorks/gridworks-alerter/.venv/bin/gwalerter", line 10, in <module>
    sys.exit(main())
             ^^^^^^
  File "/Users/jessica/GridWorks/gridworks-alerter/src/gwalerter/cli.py", line 114, in main
    run_tap()
  File "/Users/jessica/GridWorks/gridworks-alerter/src/gwalerter/cli.py", line 82, in run_tap
    Tap(settings=settings, store=store).run()
  File "/Users/jessica/GridWorks/gridworks-alerter/src/gwalerter/tap.py", line 313, in run
    connection = pika.BlockingConnection(
                 ^^^^^^^^^^^^^^^^^^^^^^^^
  File "/Users/jessica/GridWorks/gridworks-alerter/.venv/lib/python3.12/site-packages/pika/adapters/blocking_connection.py", line 381, in __init__
    self._impl = self._create_connection(parameters, _impl_class)
                 ^^^^^^^^^^^^^^^^^^^^^^^^^^^^^^^^^^^^^^^^^^^^^^^^
  File "/Users/jessica/GridWorks/gridworks-alerter/.venv/lib/python3.12/site-packages/pika/adapters/blocking_connection.py", line 478, in _create_connection
    raise self._reap_last_connection_workflow_error(error)
pika.exceptions.AMQPConnectionError
09:51:48 tap exited 0; restarting in 3 s
2026-10-07 09:51:51,412 INFO alembic.runtime.migration: Context impl SQLiteImpl.
2026-10-07 09:51:51,412 INFO alembic.runtime.migration: Will assume non-transactional DDL.
2026-10-07 09:51:51,431 INFO pika.adapters.utils.connection_workflow: Pika version 1.4.4 connecting to ('::1', 5672, 0, 0)
2026-10-07 09:51:51,431 ERROR pika.adapters.utils.io_services_utils: Socket failed to connect: <socket.socket fd=8, family=30, type=1, proto=6, laddr=('::1', 51789, 0, 0)>; error=61 (Connection refused)
2026-10-07 09:51:51,431 ERROR pika.adapters.utils.connection_workflow: TCP Connection attempt failed: ConnectionRefusedError(61, 'Connection refused'); dest=(<AddressFamily.AF_INET6: 30>, <SocketKind.SOCK_STREAM: 1>, 6, '', ('::1', 5672, 0, 0))
2026-10-07 09:51:51,431 ERROR pika.adapters.utils.connection_workflow: AMQPConnector - reporting failure: AMQPConnectorSocketConnectError: ConnectionRefusedError(61, 'Connection refused')
2026-10-07 09:51:51,431 INFO pika.adapters.utils.connection_workflow: Pika version 1.4.4 connecting to ('127.0.0.1', 5672)
2026-10-07 09:51:51,431 ERROR pika.adapters.utils.io_services_utils: Socket failed to connect: <socket.socket fd=8, family=2, type=1, proto=6, laddr=('127.0.0.1', 51790)>; error=61 (Connection refused)
2026-10-07 09:51:51,431 ERROR pika.adapters.utils.connection_workflow: TCP Connection attempt failed: ConnectionRefusedError(61, 'Connection refused'); dest=(<AddressFamily.AF_INET: 2>, <SocketKind.SOCK_STREAM: 1>, 6, '', ('127.0.0.1', 5672))
2026-10-07 09:51:51,431 ERROR pika.adapters.utils.connection_workflow: AMQPConnector - reporting failure: AMQPConnectorSocketConnectError: ConnectionRefusedError(61, 'Connection refused')
2026-10-07 09:51:51,431 ERROR pika.adapters.utils.connection_workflow: AMQP connection workflow failed: AMQPConnectionWorkflowFailed: 2 exceptions in all; last exception - AMQPConnectorSocketConnectError: ConnectionRefusedError(61, 'Connection refused'); first exception - AMQPConnectorSocketConnectError: ConnectionRefusedError(61, 'Connection refused').
2026-10-07 09:51:51,431 ERROR pika.adapters.utils.connection_workflow: AMQPConnectionWorkflow - reporting failure: AMQPConnectionWorkflowFailed: 2 exceptions in all; last exception - AMQPConnectorSocketConnectError: ConnectionRefusedError(61, 'Connection refused'); first exception - AMQPConnectorSocketConnectError: ConnectionRefusedError(61, 'Connection refused')
2026-10-07 09:51:51,431 ERROR pika.adapters.blocking_connection: Connection workflow failed: AMQPConnectionWorkflowFailed: 2 exceptions in all; last exception - AMQPConnectorSocketConnectError: ConnectionRefusedError(61, 'Connection refused'); first exception - AMQPConnectorSocketConnectError: ConnectionRefusedError(61, 'Connection refused')
2026-10-07 09:51:51,431 ERROR pika.adapters.blocking_connection: Error in _create_connection().
Traceback (most recent call last):
  File "/Users/jessica/GridWorks/gridworks-alerter/.venv/lib/python3.12/site-packages/pika/adapters/blocking_connection.py", line 478, in _create_connection
    raise self._reap_last_connection_workflow_error(error)
pika.exceptions.AMQPConnectionError
Traceback (most recent call last):
  File "/Users/jessica/GridWorks/gridworks-alerter/.venv/bin/gwalerter", line 10, in <module>
    sys.exit(main())
             ^^^^^^
  File "/Users/jessica/GridWorks/gridworks-alerter/src/gwalerter/cli.py", line 114, in main
    run_tap()
  File "/Users/jessica/GridWorks/gridworks-alerter/src/gwalerter/cli.py", line 82, in run_tap
    Tap(settings=settings, store=store).run()
  File "/Users/jessica/GridWorks/gridworks-alerter/src/gwalerter/tap.py", line 313, in run
    connection = pika.BlockingConnection(
                 ^^^^^^^^^^^^^^^^^^^^^^^^
  File "/Users/jessica/GridWorks/gridworks-alerter/.venv/lib/python3.12/site-packages/pika/adapters/blocking_connection.py", line 381, in __init__
    self._impl = self._create_connection(parameters, _impl_class)
                 ^^^^^^^^^^^^^^^^^^^^^^^^^^^^^^^^^^^^^^^^^^^^^^^^
  File "/Users/jessica/GridWorks/gridworks-alerter/.venv/lib/python3.12/site-packages/pika/adapters/blocking_connection.py", line 478, in _create_connection
    raise self._reap_last_connection_workflow_error(error)
pika.exceptions.AMQPConnectionError
09:51:51 tap exited 0; restarting in 3 s
2026-10-07 09:51:54,821 INFO alembic.runtime.migration: Context impl SQLiteImpl.
2026-10-07 09:51:54,821 INFO alembic.runtime.migration: Will assume non-transactional DDL.
2026-10-07 09:51:54,840 INFO pika.adapters.utils.connection_workflow: Pika version 1.4.4 connecting to ('::1', 5672, 0, 0)
2026-10-07 09:51:54,841 ERROR pika.adapters.utils.io_services_utils: Socket failed to connect: <socket.socket fd=8, family=30, type=1, proto=6, laddr=('::1', 51809, 0, 0)>; error=61 (Connection refused)
2026-10-07 09:51:54,841 ERROR pika.adapters.utils.connection_workflow: TCP Connection attempt failed: ConnectionRefusedError(61, 'Connection refused'); dest=(<AddressFamily.AF_INET6: 30>, <SocketKind.SOCK_STREAM: 1>, 6, '', ('::1', 5672, 0, 0))
2026-10-07 09:51:54,841 ERROR pika.adapters.utils.connection_workflow: AMQPConnector - reporting failure: AMQPConnectorSocketConnectError: ConnectionRefusedError(61, 'Connection refused')
2026-10-07 09:51:54,841 INFO pika.adapters.utils.connection_workflow: Pika version 1.4.4 connecting to ('127.0.0.1', 5672)
2026-10-07 09:51:54,841 ERROR pika.adapters.utils.io_services_utils: Socket failed to connect: <socket.socket fd=8, family=2, type=1, proto=6, laddr=('127.0.0.1', 51810)>; error=61 (Connection refused)
2026-10-07 09:51:54,841 ERROR pika.adapters.utils.connection_workflow: TCP Connection attempt failed: ConnectionRefusedError(61, 'Connection refused'); dest=(<AddressFamily.AF_INET: 2>, <SocketKind.SOCK_STREAM: 1>, 6, '', ('127.0.0.1', 5672))
2026-10-07 09:51:54,841 ERROR pika.adapters.utils.connection_workflow: AMQPConnector - reporting failure: AMQPConnectorSocketConnectError: ConnectionRefusedError(61, 'Connection refused')
2026-10-07 09:51:54,841 ERROR pika.adapters.utils.connection_workflow: AMQP connection workflow failed: AMQPConnectionWorkflowFailed: 2 exceptions in all; last exception - AMQPConnectorSocketConnectError: ConnectionRefusedError(61, 'Connection refused'); first exception - AMQPConnectorSocketConnectError: ConnectionRefusedError(61, 'Connection refused').
2026-10-07 09:51:54,841 ERROR pika.adapters.utils.connection_workflow: AMQPConnectionWorkflow - reporting failure: AMQPConnectionWorkflowFailed: 2 exceptions in all; last exception - AMQPConnectorSocketConnectError: ConnectionRefusedError(61, 'Connection refused'); first exception - AMQPConnectorSocketConnectError: ConnectionRefusedError(61, 'Connection refused')
2026-10-07 09:51:54,841 ERROR pika.adapters.blocking_connection: Connection workflow failed: AMQPConnectionWorkflowFailed: 2 exceptions in all; last exception - AMQPConnectorSocketConnectError: ConnectionRefusedError(61, 'Connection refused'); first exception - AMQPConnectorSocketConnectError: ConnectionRefusedError(61, 'Connection refused')
2026-10-07 09:51:54,841 ERROR pika.adapters.blocking_connection: Error in _create_connection().
Traceback (most recent call last):
  File "/Users/jessica/GridWorks/gridworks-alerter/.venv/lib/python3.12/site-packages/pika/adapters/blocking_connection.py", line 478, in _create_connection
    raise self._reap_last_connection_workflow_error(error)
pika.exceptions.AMQPConnectionError
Traceback (most recent call last):
  File "/Users/jessica/GridWorks/gridworks-alerter/.venv/bin/gwalerter", line 10, in <module>
    sys.exit(main())
             ^^^^^^
  File "/Users/jessica/GridWorks/gridworks-alerter/src/gwalerter/cli.py", line 114, in main
    run_tap()
  File "/Users/jessica/GridWorks/gridworks-alerter/src/gwalerter/cli.py", line 82, in run_tap
    Tap(settings=settings, store=store).run()
  File "/Users/jessica/GridWorks/gridworks-alerter/src/gwalerter/tap.py", line 313, in run
    connection = pika.BlockingConnection(
                 ^^^^^^^^^^^^^^^^^^^^^^^^
  File "/Users/jessica/GridWorks/gridworks-alerter/.venv/lib/python3.12/site-packages/pika/adapters/blocking_connection.py", line 381, in __init__
    self._impl = self._create_connection(parameters, _impl_class)
                 ^^^^^^^^^^^^^^^^^^^^^^^^^^^^^^^^^^^^^^^^^^^^^^^^
  File "/Users/jessica/GridWorks/gridworks-alerter/.venv/lib/python3.12/site-packages/pika/adapters/blocking_connection.py", line 478, in _create_connection
    raise self._reap_last_connection_workflow_error(error)
pika.exceptions.AMQPConnectionError
09:51:54 tap exited 0; restarting in 3 s
2026-10-07 09:51:58,238 INFO alembic.runtime.migration: Context impl SQLiteImpl.
2026-10-07 09:51:58,238 INFO alembic.runtime.migration: Will assume non-transactional DDL.
2026-10-07 09:51:58,257 INFO pika.adapters.utils.connection_workflow: Pika version 1.4.4 connecting to ('::1', 5672, 0, 0)
2026-10-07 09:51:58,257 ERROR pika.adapters.utils.io_services_utils: Socket failed to connect: <socket.socket fd=8, family=30, type=1, proto=6, laddr=('::1', 51817, 0, 0)>; error=61 (Connection refused)
2026-10-07 09:51:58,257 ERROR pika.adapters.utils.connection_workflow: TCP Connection attempt failed: ConnectionRefusedError(61, 'Connection refused'); dest=(<AddressFamily.AF_INET6: 30>, <SocketKind.SOCK_STREAM: 1>, 6, '', ('::1', 5672, 0, 0))
2026-10-07 09:51:58,257 ERROR pika.adapters.utils.connection_workflow: AMQPConnector - reporting failure: AMQPConnectorSocketConnectError: ConnectionRefusedError(61, 'Connection refused')
2026-10-07 09:51:58,257 INFO pika.adapters.utils.connection_workflow: Pika version 1.4.4 connecting to ('127.0.0.1', 5672)
2026-10-07 09:51:58,257 ERROR pika.adapters.utils.io_services_utils: Socket failed to connect: <socket.socket fd=8, family=2, type=1, proto=6, laddr=('127.0.0.1', 51818)>; error=61 (Connection refused)
2026-10-07 09:51:58,257 ERROR pika.adapters.utils.connection_workflow: TCP Connection attempt failed: ConnectionRefusedError(61, 'Connection refused'); dest=(<AddressFamily.AF_INET: 2>, <SocketKind.SOCK_STREAM: 1>, 6, '', ('127.0.0.1', 5672))
2026-10-07 09:51:58,257 ERROR pika.adapters.utils.connection_workflow: AMQPConnector - reporting failure: AMQPConnectorSocketConnectError: ConnectionRefusedError(61, 'Connection refused')
2026-10-07 09:51:58,257 ERROR pika.adapters.utils.connection_workflow: AMQP connection workflow failed: AMQPConnectionWorkflowFailed: 2 exceptions in all; last exception - AMQPConnectorSocketConnectError: ConnectionRefusedError(61, 'Connection refused'); first exception - AMQPConnectorSocketConnectError: ConnectionRefusedError(61, 'Connection refused').
2026-10-07 09:51:58,257 ERROR pika.adapters.utils.connection_workflow: AMQPConnectionWorkflow - reporting failure: AMQPConnectionWorkflowFailed: 2 exceptions in all; last exception - AMQPConnectorSocketConnectError: ConnectionRefusedError(61, 'Connection refused'); first exception - AMQPConnectorSocketConnectError: ConnectionRefusedError(61, 'Connection refused')
2026-10-07 09:51:58,257 ERROR pika.adapters.blocking_connection: Connection workflow failed: AMQPConnectionWorkflowFailed: 2 exceptions in all; last exception - AMQPConnectorSocketConnectError: ConnectionRefusedError(61, 'Connection refused'); first exception - AMQPConnectorSocketConnectError: ConnectionRefusedError(61, 'Connection refused')
2026-10-07 09:51:58,257 ERROR pika.adapters.blocking_connection: Error in _create_connection().
Traceback (most recent call last):
  File "/Users/jessica/GridWorks/gridworks-alerter/.venv/lib/python3.12/site-packages/pika/adapters/blocking_connection.py", line 478, in _create_connection
    raise self._reap_last_connection_workflow_error(error)
pika.exceptions.AMQPConnectionError
Traceback (most recent call last):
  File "/Users/jessica/GridWorks/gridworks-alerter/.venv/bin/gwalerter", line 10, in <module>
    sys.exit(main())
             ^^^^^^
  File "/Users/jessica/GridWorks/gridworks-alerter/src/gwalerter/cli.py", line 114, in main
    run_tap()
  File "/Users/jessica/GridWorks/gridworks-alerter/src/gwalerter/cli.py", line 82, in run_tap
    Tap(settings=settings, store=store).run()
  File "/Users/jessica/GridWorks/gridworks-alerter/src/gwalerter/tap.py", line 313, in run
    connection = pika.BlockingConnection(
                 ^^^^^^^^^^^^^^^^^^^^^^^^
  File "/Users/jessica/GridWorks/gridworks-alerter/.venv/lib/python3.12/site-packages/pika/adapters/blocking_connection.py", line 381, in __init__
    self._impl = self._create_connection(parameters, _impl_class)
                 ^^^^^^^^^^^^^^^^^^^^^^^^^^^^^^^^^^^^^^^^^^^^^^^^
  File "/Users/jessica/GridWorks/gridworks-alerter/.venv/lib/python3.12/site-packages/pika/adapters/blocking_connection.py", line 478, in _create_connection
    raise self._reap_last_connection_workflow_error(error)
pika.exceptions.AMQPConnectionError
09:51:58 tap exited 0; restarting in 3 s
2026-10-07 09:52:01,647 INFO alembic.runtime.migration: Context impl SQLiteImpl.
2026-10-07 09:52:01,648 INFO alembic.runtime.migration: Will assume non-transactional DDL.
2026-10-07 09:52:01,666 INFO pika.adapters.utils.connection_workflow: Pika version 1.4.4 connecting to ('::1', 5672, 0, 0)
2026-10-07 09:52:01,666 ERROR pika.adapters.utils.io_services_utils: Socket failed to connect: <socket.socket fd=8, family=30, type=1, proto=6, laddr=('::1', 51833, 0, 0)>; error=61 (Connection refused)
2026-10-07 09:52:01,666 ERROR pika.adapters.utils.connection_workflow: TCP Connection attempt failed: ConnectionRefusedError(61, 'Connection refused'); dest=(<AddressFamily.AF_INET6: 30>, <SocketKind.SOCK_STREAM: 1>, 6, '', ('::1', 5672, 0, 0))
2026-10-07 09:52:01,666 ERROR pika.adapters.utils.connection_workflow: AMQPConnector - reporting failure: AMQPConnectorSocketConnectError: ConnectionRefusedError(61, 'Connection refused')
2026-10-07 09:52:01,666 INFO pika.adapters.utils.connection_workflow: Pika version 1.4.4 connecting to ('127.0.0.1', 5672)
2026-10-07 09:52:01,666 ERROR pika.adapters.utils.io_services_utils: Socket failed to connect: <socket.socket fd=8, family=2, type=1, proto=6, laddr=('127.0.0.1', 51834)>; error=61 (Connection refused)
2026-10-07 09:52:01,666 ERROR pika.adapters.utils.connection_workflow: TCP Connection attempt failed: ConnectionRefusedError(61, 'Connection refused'); dest=(<AddressFamily.AF_INET: 2>, <SocketKind.SOCK_STREAM: 1>, 6, '', ('127.0.0.1', 5672))
2026-10-07 09:52:01,666 ERROR pika.adapters.utils.connection_workflow: AMQPConnector - reporting failure: AMQPConnectorSocketConnectError: ConnectionRefusedError(61, 'Connection refused')
2026-10-07 09:52:01,666 ERROR pika.adapters.utils.connection_workflow: AMQP connection workflow failed: AMQPConnectionWorkflowFailed: 2 exceptions in all; last exception - AMQPConnectorSocketConnectError: ConnectionRefusedError(61, 'Connection refused'); first exception - AMQPConnectorSocketConnectError: ConnectionRefusedError(61, 'Connection refused').
2026-10-07 09:52:01,666 ERROR pika.adapters.utils.connection_workflow: AMQPConnectionWorkflow - reporting failure: AMQPConnectionWorkflowFailed: 2 exceptions in all; last exception - AMQPConnectorSocketConnectError: ConnectionRefusedError(61, 'Connection refused'); first exception - AMQPConnectorSocketConnectError: ConnectionRefusedError(61, 'Connection refused')
2026-10-07 09:52:01,666 ERROR pika.adapters.blocking_connection: Connection workflow failed: AMQPConnectionWorkflowFailed: 2 exceptions in all; last exception - AMQPConnectorSocketConnectError: ConnectionRefusedError(61, 'Connection refused'); first exception - AMQPConnectorSocketConnectError: ConnectionRefusedError(61, 'Connection refused')
2026-10-07 09:52:01,666 ERROR pika.adapters.blocking_connection: Error in _create_connection().
Traceback (most recent call last):
  File "/Users/jessica/GridWorks/gridworks-alerter/.venv/lib/python3.12/site-packages/pika/adapters/blocking_connection.py", line 478, in _create_connection
    raise self._reap_last_connection_workflow_error(error)
pika.exceptions.AMQPConnectionError
Traceback (most recent call last):
  File "/Users/jessica/GridWorks/gridworks-alerter/.venv/bin/gwalerter", line 10, in <module>
    sys.exit(main())
             ^^^^^^
  File "/Users/jessica/GridWorks/gridworks-alerter/src/gwalerter/cli.py", line 114, in main
    run_tap()
  File "/Users/jessica/GridWorks/gridworks-alerter/src/gwalerter/cli.py", line 82, in run_tap
    Tap(settings=settings, store=store).run()
  File "/Users/jessica/GridWorks/gridworks-alerter/src/gwalerter/tap.py", line 313, in run
    connection = pika.BlockingConnection(
                 ^^^^^^^^^^^^^^^^^^^^^^^^
  File "/Users/jessica/GridWorks/gridworks-alerter/.venv/lib/python3.12/site-packages/pika/adapters/blocking_connection.py", line 381, in __init__
    self._impl = self._create_connection(parameters, _impl_class)
                 ^^^^^^^^^^^^^^^^^^^^^^^^^^^^^^^^^^^^^^^^^^^^^^^^
  File "/Users/jessica/GridWorks/gridworks-alerter/.venv/lib/python3.12/site-packages/pika/adapters/blocking_connection.py", line 478, in _create_connection
    raise self._reap_last_connection_workflow_error(error)
pika.exceptions.AMQPConnectionError
09:52:01 tap exited 0; restarting in 3 s
2026-10-07 09:52:05,059 INFO alembic.runtime.migration: Context impl SQLiteImpl.
2026-10-07 09:52:05,059 INFO alembic.runtime.migration: Will assume non-transactional DDL.
2026-10-07 09:52:05,077 INFO pika.adapters.utils.connection_workflow: Pika version 1.4.4 connecting to ('::1', 5672, 0, 0)
2026-10-07 09:52:05,078 ERROR pika.adapters.utils.io_services_utils: Socket failed to connect: <socket.socket fd=8, family=30, type=1, proto=6, laddr=('::1', 51841, 0, 0)>; error=61 (Connection refused)
2026-10-07 09:52:05,078 ERROR pika.adapters.utils.connection_workflow: TCP Connection attempt failed: ConnectionRefusedError(61, 'Connection refused'); dest=(<AddressFamily.AF_INET6: 30>, <SocketKind.SOCK_STREAM: 1>, 6, '', ('::1', 5672, 0, 0))
2026-10-07 09:52:05,078 ERROR pika.adapters.utils.connection_workflow: AMQPConnector - reporting failure: AMQPConnectorSocketConnectError: ConnectionRefusedError(61, 'Connection refused')
2026-10-07 09:52:05,078 INFO pika.adapters.utils.connection_workflow: Pika version 1.4.4 connecting to ('127.0.0.1', 5672)
2026-10-07 09:52:05,078 ERROR pika.adapters.utils.io_services_utils: Socket failed to connect: <socket.socket fd=8, family=2, type=1, proto=6, laddr=('127.0.0.1', 51842)>; error=61 (Connection refused)
2026-10-07 09:52:05,078 ERROR pika.adapters.utils.connection_workflow: TCP Connection attempt failed: ConnectionRefusedError(61, 'Connection refused'); dest=(<AddressFamily.AF_INET: 2>, <SocketKind.SOCK_STREAM: 1>, 6, '', ('127.0.0.1', 5672))
2026-10-07 09:52:05,078 ERROR pika.adapters.utils.connection_workflow: AMQPConnector - reporting failure: AMQPConnectorSocketConnectError: ConnectionRefusedError(61, 'Connection refused')
2026-10-07 09:52:05,078 ERROR pika.adapters.utils.connection_workflow: AMQP connection workflow failed: AMQPConnectionWorkflowFailed: 2 exceptions in all; last exception - AMQPConnectorSocketConnectError: ConnectionRefusedError(61, 'Connection refused'); first exception - AMQPConnectorSocketConnectError: ConnectionRefusedError(61, 'Connection refused').
2026-10-07 09:52:05,078 ERROR pika.adapters.utils.connection_workflow: AMQPConnectionWorkflow - reporting failure: AMQPConnectionWorkflowFailed: 2 exceptions in all; last exception - AMQPConnectorSocketConnectError: ConnectionRefusedError(61, 'Connection refused'); first exception - AMQPConnectorSocketConnectError: ConnectionRefusedError(61, 'Connection refused')
2026-10-07 09:52:05,078 ERROR pika.adapters.blocking_connection: Connection workflow failed: AMQPConnectionWorkflowFailed: 2 exceptions in all; last exception - AMQPConnectorSocketConnectError: ConnectionRefusedError(61, 'Connection refused'); first exception - AMQPConnectorSocketConnectError: ConnectionRefusedError(61, 'Connection refused')
2026-10-07 09:52:05,078 ERROR pika.adapters.blocking_connection: Error in _create_connection().
Traceback (most recent call last):
  File "/Users/jessica/GridWorks/gridworks-alerter/.venv/lib/python3.12/site-packages/pika/adapters/blocking_connection.py", line 478, in _create_connection
    raise self._reap_last_connection_workflow_error(error)
pika.exceptions.AMQPConnectionError
Traceback (most recent call last):
  File "/Users/jessica/GridWorks/gridworks-alerter/.venv/bin/gwalerter", line 10, in <module>
    sys.exit(main())
             ^^^^^^
  File "/Users/jessica/GridWorks/gridworks-alerter/src/gwalerter/cli.py", line 114, in main
    run_tap()
  File "/Users/jessica/GridWorks/gridworks-alerter/src/gwalerter/cli.py", line 82, in run_tap
    Tap(settings=settings, store=store).run()
  File "/Users/jessica/GridWorks/gridworks-alerter/src/gwalerter/tap.py", line 313, in run
    connection = pika.BlockingConnection(
                 ^^^^^^^^^^^^^^^^^^^^^^^^
  File "/Users/jessica/GridWorks/gridworks-alerter/.venv/lib/python3.12/site-packages/pika/adapters/blocking_connection.py", line 381, in __init__
    self._impl = self._create_connection(parameters, _impl_class)
                 ^^^^^^^^^^^^^^^^^^^^^^^^^^^^^^^^^^^^^^^^^^^^^^^^
  File "/Users/jessica/GridWorks/gridworks-alerter/.venv/lib/python3.12/site-packages/pika/adapters/blocking_connection.py", line 478, in _create_connection
    raise self._reap_last_connection_workflow_error(error)
pika.exceptions.AMQPConnectionError
09:52:05 tap exited 0; restarting in 3 s
2026-10-07 09:52:08,491 INFO alembic.runtime.migration: Context impl SQLiteImpl.
2026-10-07 09:52:08,491 INFO alembic.runtime.migration: Will assume non-transactional DDL.
2026-10-07 09:52:08,513 INFO pika.adapters.utils.connection_workflow: Pika version 1.4.4 connecting to ('::1', 5672, 0, 0)
2026-10-07 09:52:08,513 INFO pika.adapters.utils.io_services_utils: Socket connected: <socket.socket fd=8, family=30, type=1, proto=6, laddr=('::1', 51864, 0, 0), raddr=('::1', 5672, 0, 0)>
2026-10-07 09:52:08,513 INFO pika.adapters.utils.connection_workflow: Streaming transport linked up: (<pika.adapters.utils.io_services_utils._AsyncPlaintextTransport object at 0x1123fb1d0>, _StreamingProtocolShim: <SelectConnection PROTOCOL transport=<pika.adapters.utils.io_services_utils._AsyncPlaintextTransport object at 0x1123fb1d0> params=<URLParameters host=localhost port=5672 virtual_host=d1__1 ssl=False>>).
2026-10-07 09:52:08,520 INFO pika.adapters.utils.connection_workflow: AMQPConnector - reporting success: <SelectConnection OPEN transport=<pika.adapters.utils.io_services_utils._AsyncPlaintextTransport object at 0x1123fb1d0> params=<URLParameters host=localhost port=5672 virtual_host=d1__1 ssl=False>>
2026-10-07 09:52:08,520 INFO pika.adapters.utils.connection_workflow: AMQPConnectionWorkflow - reporting success: <SelectConnection OPEN transport=<pika.adapters.utils.io_services_utils._AsyncPlaintextTransport object at 0x1123fb1d0> params=<URLParameters host=localhost port=5672 virtual_host=d1__1 ssl=False>>
2026-10-07 09:52:08,520 INFO pika.adapters.blocking_connection: Connection workflow succeeded: <SelectConnection OPEN transport=<pika.adapters.utils.io_services_utils._AsyncPlaintextTransport object at 0x1123fb1d0> params=<URLParameters host=localhost port=5672 virtual_host=d1__1 ssl=False>>
2026-10-07 09:52:08,521 INFO pika.adapters.blocking_connection: Created channel=1
2026-10-07 09:52:08,522 INFO gwalerter.tap: Bound d1.alerts-tap to alertsmic_tx with rjb.*.*.gw-alert.#; posting to https://api.opsgenie.com/v2/alerts
2026-10-07 09:52:08,525 INFO gwalerter.tap: Reconcile: creating a9a3b2a3-8be0-4c02-8bad-adaa480c2e45
2026-10-07 09:52:08,686 INFO httpx: HTTP Request: POST https://api.opsgenie.com/v2/alerts "HTTP/1.1 202 Accepted"
2026-10-07 09:52:08,686 INFO gwalerter.tap: Reconcile: creating 6b1cb7f4-d348-481b-9a9f-8aa2bcb08727
2026-10-07 09:52:08,919 INFO httpx: HTTP Request: POST https://api.opsgenie.com/v2/alerts "HTTP/1.1 202 Accepted"
2026-10-07 09:52:08,925 INFO pika.adapters.blocking_connection: Created new queue consumer generator <_QueueConsumerGeneratorInfo params=('d1.alerts-tap', False, False) consumer_tag='ctag1.19b52dc6d55b4536bb82b5cd75798120'>
2026-10-07 09:52:16,628 INFO gwalerter.tap: Firing NoData on d1.isone.me.versant.keene.spruce.ta (f11c8327-b616-4869-b29c-4db6817189dd)
2026-10-07 09:52:16,776 INFO httpx: HTTP Request: POST https://api.opsgenie.com/v2/alerts "HTTP/1.1 202 Accepted"
2026-10-07 09:52:16,777 INFO gwalerter.tap: Resolved NoData on d1.isone.me.versant.keene.spruce.ta (f11c8327-b616-4869-b29c-4db6817189dd)
2026-10-07 09:52:16,885 INFO httpx: HTTP Request: POST https://api.opsgenie.com/v2/alerts/f11c8327-b616-4869-b29c-4db6817189dd/close?identifierType=alias "HTTP/1.1 202 Accepted"
2026-10-07 09:52:29,901 INFO gwalerter.tap: Reconcile: closing a9a3b2a3-8be0-4c02-8bad-adaa480c2e45
2026-10-07 09:52:30,098 INFO httpx: HTTP Request: POST https://api.opsgenie.com/v2/alerts/a9a3b2a3-8be0-4c02-8bad-adaa480c2e45/close?identifierType=alias "HTTP/1.1 202 Accepted"
2026-10-07 09:52:30,099 INFO gwalerter.tap: Reconcile: closing 6b1cb7f4-d348-481b-9a9f-8aa2bcb08727
2026-10-07 09:52:30,239 INFO httpx: HTTP Request: POST https://api.opsgenie.com/v2/alerts/6b1cb7f4-d348-481b-9a9f-8aa2bcb08727/close?identifierType=alias "HTTP/1.1 202 Accepted"
