# units: {'buffer-depth1': ('FahrenheitX100', 'gw1.unit'), 'buffer-depth2': ('FahrenheitX100', 'gw1.unit'), 'buffer-depth3': ('FahrenheitX100', 'gw1.unit'), 'zone1-bedrooms-heat-call': ('Unitless', 'gw1.unit'), 'hp-lwt': ('WaterTempCTimes1000', 'spaceheat.telemetry.name'), 'hp-ewt': ('WaterTempCTimes1000', 'spaceheat.telemetry.name'), 'secondary-flow': ('GpmTimes100', 'spaceheat.telemetry.name'), 'secondary-lwt': ('WaterTempCTimes1000', 'spaceheat.telemetry.name'), 'secondary-ewt': ('WaterTempCTimes1000', 'spaceheat.telemetry.name'), 'zone5-living-rm-fancoil-heat-call': ('Unitless', 'gw1.unit')}
bucket_et,channel,avg_value,n
2026-07-26 00:00:00,buffer-depth1,4589,19
2026-07-26 00:00:00,buffer-depth2,4605,19
2026-07-26 00:00:00,buffer-depth3,4650,18
2026-07-26 00:00:00,hp-ewt,9820,4
2026-07-26 00:00:00,hp-lwt,6092,5
2026-07-26 00:00:00,secondary-ewt,8840,1
2026-07-26 00:00:00,secondary-flow,781,1
2026-07-26 00:00:00,secondary-lwt,8060,1
2026-07-26 00:00:00,zone1-bedrooms-heat-call,0,3
2026-07-26 00:00:00,zone5-living-rm-fancoil-heat-call,1,4
2026-07-26 00:15:00,buffer-depth1,4563,23
2026-07-26 00:15:00,buffer-depth2,4573,18
2026-07-26 00:15:00,buffer-depth3,4616,16
2026-07-26 00:15:00,hp-ewt,9825,14
2026-07-26 00:15:00,hp-lwt,7484,25
2026-07-26 00:15:00,zone1-bedrooms-heat-call,0,3
2026-07-26 00:15:00,zone5-living-rm-fancoil-heat-call,0,6
2026-07-26 00:30:00,buffer-depth1,4655,22
2026-07-26 00:30:00,buffer-depth2,4625,22
2026-07-26 00:30:00,buffer-depth3,4608,16
2026-07-26 00:30:00,hp-ewt,11080,7
2026-07-26 00:30:00,hp-lwt,10524,7
2026-07-26 00:30:00,zone1-bedrooms-heat-call,0,3
2026-07-26 00:30:00,zone5-living-rm-fancoil-heat-call,1,5
2026-07-26 00:45:00,buffer-depth1,4685,24
2026-07-26 00:45:00,buffer-depth2,4686,23
2026-07-26 00:45:00,buffer-depth3,4665,20
2026-07-26 00:45:00,hp-ewt,10684,14
2026-07-26 00:45:00,hp-lwt,8902,39
2026-07-26 00:45:00,zone1-bedrooms-heat-call,0,3
2026-07-26 00:45:00,zone5-living-rm-fancoil-heat-call,0,3
2026-07-26 01:00:00,buffer-depth1,4671,19
2026-07-26 01:00:00,buffer-depth2,4664,16
2026-07-26 01:00:00,buffer-depth3,4683,15
2026-07-26 01:00:00,hp-ewt,10110,7
2026-07-26 01:00:00,hp-lwt,7926,21
2026-07-26 01:00:00,zone1-bedrooms-heat-call,0,3
2026-07-26 01:00:00,zone5-living-rm-fancoil-heat-call,1,7
2026-07-26 01:15:00,buffer-depth1,4680,24
2026-07-26 01:15:00,buffer-depth2,4676,18
2026-07-26 01:15:00,buffer-depth3,4691,16
2026-07-26 01:15:00,hp-ewt,10499,11
2026-07-26 01:15:00,hp-lwt,8449,24
2026-07-26 01:15:00,zone1-bedrooms-heat-call,0,3
2026-07-26 01:15:00,zone5-living-rm-fancoil-heat-call,0,4
2026-07-26 01:30:00,buffer-depth1,4768,34
2026-07-26 01:30:00,buffer-depth2,4752,23
2026-07-26 01:30:00,buffer-depth3,4721,19
2026-07-26 01:30:00,hp-ewt,10783,21
2026-07-26 01:30:00,hp-lwt,8748,53
2026-07-26 01:30:00,secondary-ewt,9297,7
2026-07-26 01:30:00,secondary-flow,780,2
2026-07-26 01:30:00,secondary-lwt,8894,32
2026-07-26 01:30:00,zone1-bedrooms-heat-call,0,3
2026-07-26 01:30:00,zone5-living-rm-fancoil-heat-call,1,4
2026-07-26 01:45:00,buffer-depth1,4796,22
2026-07-26 01:45:00,buffer-depth2,4780,21
2026-07-26 01:45:00,buffer-depth3,4780,19
2026-07-26 01:45:00,hp-ewt,10840,10
2026-07-26 01:45:00,hp-lwt,10225,10
2026-07-26 01:45:00,secondary-ewt,9440,1
2026-07-26 01:45:00,secondary-lwt,9320,2
2026-07-26 01:45:00,zone1-bedrooms-heat-call,0,3
2026-07-26 01:45:00,zone5-living-rm-fancoil-heat-call,0,4
2026-07-26 02:00:00,buffer-depth1,4887,20
2026-07-26 02:00:00,buffer-depth2,4863,19
2026-07-26 02:00:00,buffer-depth3,4830,19
2026-07-26 02:00:00,hp-ewt,11977,10
2026-07-26 02:00:00,hp-lwt,11367,12
2026-07-26 02:00:00,secondary-ewt,10172,5
2026-07-26 02:00:00,secondary-flow,794,4
2026-07-26 02:00:00,secondary-lwt,10194,5
2026-07-26 02:00:00,zone1-bedrooms-heat-call,0,3
2026-07-26 02:00:00,zone5-living-rm-fancoil-heat-call,1,4
2026-07-26 02:15:00,buffer-depth1,4841,38
2026-07-26 02:15:00,buffer-depth2,4849,26
2026-07-26 02:15:00,buffer-depth3,4862,18
2026-07-26 02:15:00,hp-ewt,10648,24
2026-07-26 02:15:00,hp-lwt,8588,54
2026-07-26 02:15:00,secondary-ewt,10451,10
2026-07-26 02:15:00,secondary-flow,798,4
2026-07-26 02:15:00,secondary-lwt,10359,7
2026-07-26 02:15:00,zone1-bedrooms-heat-call,0,3
2026-07-26 02:15:00,zone5-living-rm-fancoil-heat-call,1,4
2026-07-26 02:30:00,buffer-depth1,4924,17
2026-07-26 02:30:00,buffer-depth2,4905,17
2026-07-26 02:30:00,buffer-depth3,4874,18
2026-07-26 02:30:00,hp-ewt,11943,8
2026-07-26 02:30:00,hp-lwt,11241,8
2026-07-26 02:30:00,secondary-ewt,10293,4
2026-07-26 02:30:00,secondary-flow,790,4
2026-07-26 02:30:00,secondary-lwt,10330,4
2026-07-26 02:30:00,zone1-bedrooms-heat-call,0,3
2026-07-26 02:30:00,zone5-living-rm-fancoil-heat-call,0,4
2026-07-26 02:45:00,buffer-depth1,4838,37
2026-07-26 02:45:00,buffer-depth2,4857,27
2026-07-26 02:45:00,buffer-depth3,4884,23
2026-07-26 02:45:00,hp-ewt,10625,22
2026-07-26 02:45:00,hp-lwt,8247,53
2026-07-26 02:45:00,zone1-bedrooms-heat-call,0,3
2026-07-26 02:45:00,zone5-living-rm-fancoil-heat-call,1,4
2026-07-26 03:00:00,buffer-depth1,4823,15
2026-07-26 03:00:00,buffer-depth2,4820,15
2026-07-26 03:00:00,buffer-depth3,4846,16
2026-07-26 03:00:00,hp-ewt,10730,5
2026-07-26 03:00:00,hp-lwt,9123,7
2026-07-26 03:00:00,secondary-ewt,9870,1
2026-07-26 03:00:00,secondary-flow,779,1
2026-07-26 03:00:00,secondary-lwt,9630,1
2026-07-26 03:00:00,zone1-bedrooms-heat-call,0,3
2026-07-26 03:00:00,zone5-living-rm-fancoil-heat-call,0,6
2026-07-26 03:15:00,buffer-depth1,4843,17
2026-07-26 03:15:00,buffer-depth2,4834,17
2026-07-26 03:15:00,buffer-depth3,4845,15
2026-07-26 03:15:00,hp-ewt,10944,5
2026-07-26 03:15:00,hp-lwt,8865,15
2026-07-26 03:15:00,secondary-ewt,10298,11
2026-07-26 03:15:00,secondary-flow,794,7
2026-07-26 03:15:00,secondary-lwt,9856,7
2026-07-26 03:15:00,zone1-bedrooms-heat-call,0,3
2026-07-26 03:15:00,zone5-living-rm-fancoil-heat-call,1,5
2026-07-26 03:30:00,buffer-depth1,4810,20
2026-07-26 03:30:00,buffer-depth2,4821,17
2026-07-26 03:30:00,buffer-depth3,4847,17
2026-07-26 03:30:00,hp-ewt,10683,3
2026-07-26 03:30:00,hp-lwt,7684,15
2026-07-26 03:30:00,secondary-ewt,9895,2
2026-07-26 03:30:00,secondary-flow,780,2
2026-07-26 03:30:00,secondary-lwt,9353,3
2026-07-26 03:30:00,zone1-bedrooms-heat-call,0,3
2026-07-26 03:30:00,zone5-living-rm-fancoil-heat-call,0,3
2026-07-26 03:45:00,buffer-depth1,4739,21
2026-07-26 03:45:00,buffer-depth2,4759,21
2026-07-26 03:45:00,buffer-depth3,4802,21
2026-07-26 03:45:00,hp-ewt,10396,5
2026-07-26 03:45:00,hp-lwt,6747,6
2026-07-26 03:45:00,secondary-ewt,9643,3
2026-07-26 03:45:00,secondary-flow,795,3
2026-07-26 03:45:00,secondary-lwt,8777,3
2026-07-26 03:45:00,zone1-bedrooms-heat-call,0,3
2026-07-26 03:45:00,zone5-living-rm-fancoil-heat-call,1,5
2026-07-26 04:00:00,buffer-depth1,4661,21
2026-07-26 04:00:00,buffer-depth2,4686,22
2026-07-26 04:00:00,buffer-depth3,4738,20
2026-07-26 04:00:00,hp-ewt,9997,3
2026-07-26 04:00:00,hp-lwt,6345,4
2026-07-26 04:00:00,secondary-ewt,9160,4
2026-07-26 04:00:00,secondary-flow,778,3
2026-07-26 04:00:00,secondary-lwt,8283,4
2026-07-26 04:00:00,zone1-bedrooms-heat-call,0,3
2026-07-26 04:00:00,zone5-living-rm-fancoil-heat-call,0,3
2026-07-26 04:15:00,buffer-depth1,4605,21
2026-07-26 04:15:00,buffer-depth2,4613,17
2026-07-26 04:15:00,buffer-depth3,4661,18
2026-07-26 04:15:00,hp-ewt,9907,3
2026-07-26 04:15:00,hp-lwt,7030,4
2026-07-26 04:15:00,secondary-ewt,8985,4
2026-07-26 04:15:00,secondary-flow,796,3
2026-07-26 04:15:00,secondary-lwt,8433,4
2026-07-26 04:15:00,zone1-bedrooms-heat-call,0,3
2026-07-26 04:15:00,zone5-living-rm-fancoil-heat-call,1,5
2026-07-26 04:30:00,buffer-depth1,4588,25
2026-07-26 04:30:00,buffer-depth2,4590,21
2026-07-26 04:30:00,buffer-depth3,4626,17
2026-07-26 04:30:00,hp-ewt,9958,12
2026-07-26 04:30:00,hp-lwt,7859,26
2026-07-26 04:30:00,secondary-ewt,8663,3
2026-07-26 04:30:00,secondary-flow,779,3
2026-07-26 04:30:00,secondary-lwt,7903,15
2026-07-26 04:30:00,zone1-bedrooms-heat-call,0,3
2026-07-26 04:30:00,zone5-living-rm-fancoil-heat-call,0,3
2026-07-26 04:45:00,buffer-depth1,4683,22
2026-07-26 04:45:00,buffer-depth2,4657,21
2026-07-26 04:45:00,buffer-depth3,4632,17
2026-07-26 04:45:00,hp-ewt,11428,6
2026-07-26 04:45:00,hp-lwt,10760,6
2026-07-26 04:45:00,secondary-ewt,9366,14
2026-07-26 04:45:00,secondary-flow,795,6
2026-07-26 04:45:00,secondary-lwt,9298,12
2026-07-26 04:45:00,zone1-bedrooms-heat-call,0,3
2026-07-26 04:45:00,zone5-living-rm-fancoil-heat-call,1,5
2026-07-26 05:00:00,buffer-depth1,4733,26
2026-07-26 05:00:00,buffer-depth2,4724,19
2026-07-26 05:00:00,buffer-depth3,4705,22
2026-07-26 05:00:00,hp-ewt,11294,18
2026-07-26 05:00:00,hp-lwt,9250,34
2026-07-26 05:00:00,secondary-ewt,9263,7
2026-07-26 05:00:00,secondary-flow,779,3
2026-07-26 05:00:00,secondary-lwt,9094,25
2026-07-26 05:00:00,zone1-bedrooms-heat-call,0,3
2026-07-26 05:00:00,zone5-living-rm-fancoil-heat-call,0,3
2026-07-26 05:15:00,buffer-depth1,4738,23
2026-07-26 05:15:00,buffer-depth2,4726,20
2026-07-26 05:15:00,buffer-depth3,4732,16
2026-07-26 05:15:00,hp-ewt,10362,12
2026-07-26 05:15:00,hp-lwt,9060,21
2026-07-26 05:15:00,secondary-ewt,9795,15
2026-07-26 05:15:00,secondary-flow,794,5
2026-07-26 05:15:00,secondary-lwt,9289,15
2026-07-26 05:15:00,zone1-bedrooms-heat-call,0,3
2026-07-26 05:15:00,zone5-living-rm-fancoil-heat-call,1,5
2026-07-26 05:30:00,buffer-depth1,4776,18
2026-07-26 05:30:00,buffer-depth2,4776,17
2026-07-26 05:30:00,buffer-depth3,4768,19
2026-07-26 05:30:00,hp-ewt,10448,4
2026-07-26 05:30:00,hp-lwt,8131,16
2026-07-26 05:30:00,secondary-ewt,9480,3
2026-07-26 05:30:00,secondary-flow,780,3
2026-07-26 05:30:00,secondary-lwt,9203,6
2026-07-26 05:30:00,zone1-bedrooms-heat-call,0,3
2026-07-26 05:30:00,zone5-living-rm-fancoil-heat-call,0,3
2026-07-26 05:45:00,buffer-depth1,4736,18
2026-07-26 05:45:00,buffer-depth2,4743,17
2026-07-26 05:45:00,buffer-depth3,4777,16
2026-07-26 05:45:00,hp-ewt,10430,4
2026-07-26 05:45:00,hp-lwt,6865,17
2026-07-26 05:45:00,secondary-ewt,9797,13
2026-07-26 05:45:00,secondary-flow,787,6
2026-07-26 05:45:00,secondary-lwt,9038,8
2026-07-26 05:45:00,zone1-bedrooms-heat-call,0,3
2026-07-26 05:45:00,zone5-living-rm-fancoil-heat-call,0,5
2026-07-26 06:00:00,buffer-depth1,4721,22
2026-07-26 06:00:00,buffer-depth2,4720,21
2026-07-26 06:00:00,buffer-depth3,4752,17
2026-07-26 06:00:00,hp-ewt,10426,14
2026-07-26 06:00:00,hp-lwt,8021,29
2026-07-26 06:00:00,secondary-ewt,9260,2
2026-07-26 06:00:00,secondary-flow,779,1
2026-07-26 06:00:00,secondary-lwt,8413,15
2026-07-26 06:00:00,zone1-bedrooms-heat-call,0,3
2026-07-26 06:00:00,zone5-living-rm-fancoil-heat-call,0,3
2026-07-26 06:15:00,buffer-depth1,4790,29
2026-07-26 06:15:00,buffer-depth2,4767,23
2026-07-26 06:15:00,buffer-depth3,4758,19
2026-07-26 06:15:00,hp-ewt,11216,16
2026-07-26 06:15:00,hp-lwt,9644,37
2026-07-26 06:15:00,zone1-bedrooms-heat-call,0,3
2026-07-26 06:15:00,zone5-living-rm-fancoil-heat-call,1,4
2026-07-26 06:30:00,buffer-depth1,4744,19
2026-07-26 06:30:00,buffer-depth2,4754,19
2026-07-26 06:30:00,buffer-depth3,4780,17
2026-07-26 06:30:00,hp-ewt,10204,5
2026-07-26 06:30:00,hp-lwt,8403,12
2026-07-26 06:30:00,zone1-bedrooms-heat-call,0,3
2026-07-26 06:30:00,zone5-living-rm-fancoil-heat-call,0,4
2026-07-26 06:45:00,buffer-depth1,4718,23
2026-07-26 06:45:00,buffer-depth2,4721,18
2026-07-26 06:45:00,buffer-depth3,4755,17
2026-07-26 06:45:00,hp-ewt,10293,9
2026-07-26 06:45:00,hp-lwt,8023,31
2026-07-26 06:45:00,zone1-bedrooms-heat-call,0,3
2026-07-26 06:45:00,zone5-living-rm-fancoil-heat-call,0,4
2026-07-26 07:00:00,buffer-depth1,4782,32
2026-07-26 07:00:00,buffer-depth2,4772,23
2026-07-26 07:00:00,buffer-depth3,4756,19
2026-07-26 07:00:00,hp-ewt,10692,21
2026-07-26 07:00:00,hp-lwt,8739,54
2026-07-26 07:00:00,zone1-bedrooms-heat-call,0,3
2026-07-26 07:00:00,zone5-living-rm-fancoil-heat-call,1,4
2026-07-26 07:15:00,buffer-depth1,4800,19
2026-07-26 07:15:00,buffer-depth2,4788,18
2026-07-26 07:15:00,buffer-depth3,4795,15
2026-07-26 07:15:00,hp-ewt,11104,9
2026-07-26 07:15:00,hp-lwt,10456,8
2026-07-26 07:15:00,zone1-bedrooms-heat-call,0,3
2026-07-26 07:15:00,zone5-living-rm-fancoil-heat-call,0,4
2026-07-26 07:30:00,buffer-depth1,4823,35
2026-07-26 07:30:00,buffer-depth2,4819,22
2026-07-26 07:30:00,buffer-depth3,4823,17
2026-07-26 07:30:00,hp-ewt,10451,22
2026-07-26 07:30:00,hp-lwt,8758,57
2026-07-26 07:30:00,zone1-bedrooms-heat-call,0,3
2026-07-26 07:30:00,zone5-living-rm-fancoil-heat-call,1,4
2026-07-26 07:45:00,buffer-depth1,4830,20
2026-07-26 07:45:00,buffer-depth2,4833,21
2026-07-26 07:45:00,buffer-depth3,4842,16
2026-07-26 07:45:00,hp-ewt,10649,19
2026-07-26 07:45:00,hp-lwt,8900,47
2026-07-26 07:45:00,secondary-ewt,9739,7
2026-07-26 07:45:00,secondary-flow,779,3
2026-07-26 07:45:00,secondary-lwt,8262,20
2026-07-26 07:45:00,zone1-bedrooms-heat-call,0,3
2026-07-26 07:45:00,zone5-living-rm-fancoil-heat-call,0,3
2026-07-26 08:00:00,buffer-depth1,4861,23
2026-07-26 08:00:00,buffer-depth2,4842,21
2026-07-26 08:00:00,buffer-depth3,4840,16
2026-07-26 08:00:00,hp-ewt,11262,9
2026-07-26 08:00:00,hp-lwt,10578,8
2026-07-26 08:00:00,secondary-ewt,10289,12
2026-07-26 08:00:00,secondary-flow,793,5
2026-07-26 08:00:00,secondary-lwt,10191,11
2026-07-26 08:00:00,zone1-bedrooms-heat-call,0,3
2026-07-26 08:00:00,zone5-living-rm-fancoil-heat-call,1,5
2026-07-26 08:15:00,buffer-depth1,4851,35
2026-07-26 08:15:00,buffer-depth2,4860,24
2026-07-26 08:15:00,buffer-depth3,4865,17
2026-07-26 08:15:00,hp-ewt,10578,22
2026-07-26 08:15:00,hp-lwt,8841,57
2026-07-26 08:15:00,secondary-ewt,9909,8
2026-07-26 08:15:00,secondary-flow,780,3
2026-07-26 08:15:00,secondary-lwt,9228,37
2026-07-26 08:15:00,zone1-bedrooms-heat-call,0,3
2026-07-26 08:15:00,zone5-living-rm-fancoil-heat-call,0,3
2026-07-26 08:30:00,buffer-depth1,4836,33
2026-07-26 08:30:00,buffer-depth2,4848,24
2026-07-26 08:30:00,buffer-depth3,4873,18
2026-07-26 08:30:00,hp-ewt,10413,20
2026-07-26 08:30:00,hp-lwt,8624,55
2026-07-26 08:30:00,secondary-ewt,10340,16
2026-07-26 08:30:00,secondary-flow,793,5
2026-07-26 08:30:00,secondary-lwt,9160,35
2026-07-26 08:30:00,zone1-bedrooms-heat-call,0,3
2026-07-26 08:30:00,zone5-living-rm-fancoil-heat-call,1,5
2026-07-26 08:45:00,buffer-depth1,4798,17
2026-07-26 08:45:00,buffer-depth2,4802,16
2026-07-26 08:45:00,buffer-depth3,4834,16
2026-07-26 08:45:00,hp-ewt,10533,3
2026-07-26 08:45:00,hp-lwt,8679,11
2026-07-26 08:45:00,secondary-ewt,9750,2
2026-07-26 08:45:00,secondary-flow,780,2
2026-07-26 08:45:00,secondary-lwt,9468,4
2026-07-26 08:45:00,zone1-bedrooms-heat-call,0,3
2026-07-26 08:45:00,zone5-living-rm-fancoil-heat-call,0,3
2026-07-26 09:00:00,buffer-depth1,4747,17
2026-07-26 09:00:00,buffer-depth2,4758,16
2026-07-26 09:00:00,buffer-depth3,4801,17
2026-07-26 09:00:00,hp-ewt,10464,5
2026-07-26 09:00:00,hp-lwt,6724,12
2026-07-26 09:00:00,secondary-ewt,9934,11
2026-07-26 09:00:00,secondary-flow,797,4
2026-07-26 09:00:00,secondary-lwt,9067,7
2026-07-26 09:00:00,zone1-bedrooms-heat-call,0,3
2026-07-26 09:00:00,zone5-living-rm-fancoil-heat-call,1,4
2026-07-26 09:15:00,buffer-depth1,4704,19
2026-07-26 09:15:00,buffer-depth2,4717,19
2026-07-26 09:15:00,buffer-depth3,4762,18
2026-07-26 09:15:00,hp-ewt,10316,5
2026-07-26 09:15:00,hp-lwt,6122,6
2026-07-26 09:15:00,secondary-ewt,9503,4
2026-07-26 09:15:00,secondary-flow,788,3
2026-07-26 09:15:00,secondary-lwt,8850,3
2026-07-26 09:15:00,zone1-bedrooms-heat-call,0,3
2026-07-26 09:15:00,zone5-living-rm-fancoil-heat-call,0,4
2026-07-26 09:30:00,buffer-depth1,4652,18
2026-07-26 09:30:00,buffer-depth2,4663,17
2026-07-26 09:30:00,buffer-depth3,4707,18
2026-07-26 09:30:00,hp-ewt,10096,5
2026-07-26 09:30:00,hp-lwt,6103,6
2026-07-26 09:30:00,secondary-ewt,9437,12
2026-07-26 09:30:00,secondary-flow,794,3
2026-07-26 09:30:00,secondary-lwt,8705,8
2026-07-26 09:30:00,zone1-bedrooms-heat-call,0,3
2026-07-26 09:30:00,zone5-living-rm-fancoil-heat-call,1,4
2026-07-26 09:45:00,buffer-depth1,4643,17
2026-07-26 09:45:00,buffer-depth2,4647,16
2026-07-26 09:45:00,buffer-depth3,4681,16
2026-07-26 09:45:00,hp-ewt,10120,4
2026-07-26 09:45:00,hp-lwt,6322,5
2026-07-26 09:45:00,secondary-ewt,9123,4
2026-07-26 09:45:00,secondary-flow,785,4
2026-07-26 09:45:00,secondary-lwt,8512,5
2026-07-26 09:45:00,zone1-bedrooms-heat-call,0,3
2026-07-26 09:45:00,zone5-living-rm-fancoil-heat-call,0,4
2026-07-26 10:00:00,buffer-depth1,4611,17
2026-07-26 10:00:00,buffer-depth2,4613,16
2026-07-26 10:00:00,buffer-depth3,4650,17
2026-07-26 10:00:00,hp-ewt,10009,9
2026-07-26 10:00:00,hp-lwt,6344,9
2026-07-26 10:00:00,secondary-ewt,9269,15
2026-07-26 10:00:00,secondary-flow,793,7
2026-07-26 10:00:00,secondary-lwt,8557,10
2026-07-26 10:00:00,zone1-bedrooms-heat-call,0,3
2026-07-26 10:00:00,zone5-living-rm-fancoil-heat-call,1,4
2026-07-26 10:15:00,buffer-depth1,4609,18
2026-07-26 10:15:00,buffer-depth2,4612,16
2026-07-26 10:15:00,buffer-depth3,4643,15
2026-07-26 10:15:00,hp-ewt,9890,4
2026-07-26 10:15:00,hp-lwt,6260,4
2026-07-26 10:15:00,secondary-ewt,8934,5
2026-07-26 10:15:00,secondary-flow,786,4
2026-07-26 10:15:00,secondary-lwt,8366,5
2026-07-26 10:15:00,zone1-bedrooms-heat-call,0,3
2026-07-26 10:15:00,zone5-living-rm-fancoil-heat-call,0,4
2026-07-26 10:30:00,buffer-depth1,4588,16
2026-07-26 10:30:00,buffer-depth2,4587,15
2026-07-26 10:30:00,buffer-depth3,4618,16
2026-07-26 10:30:00,hp-ewt,9938,5
2026-07-26 10:30:00,hp-lwt,6220,4
2026-07-26 10:30:00,secondary-ewt,9145,12
2026-07-26 10:30:00,secondary-flow,793,5
2026-07-26 10:30:00,secondary-lwt,8418,9
2026-07-26 10:30:00,zone1-bedrooms-heat-call,0,3
2026-07-26 10:30:00,zone5-living-rm-fancoil-heat-call,1,4
2026-07-26 10:45:00,buffer-depth1,4590,19
2026-07-26 10:45:00,buffer-depth2,4592,18
2026-07-26 10:45:00,buffer-depth3,4621,16
2026-07-26 10:45:00,hp-ewt,9920,4
2026-07-26 10:45:00,hp-lwt,6365,4
2026-07-26 10:45:00,secondary-ewt,8822,5
2026-07-26 10:45:00,secondary-flow,785,4
2026-07-26 10:45:00,secondary-lwt,8302,5
2026-07-26 10:45:00,zone1-bedrooms-heat-call,0,3
2026-07-26 10:45:00,zone5-living-rm-fancoil-heat-call,0,4
2026-07-26 11:00:00,buffer-depth1,4581,18
2026-07-26 11:00:00,buffer-depth2,4577,17
2026-07-26 11:00:00,buffer-depth3,4607,17
2026-07-26 11:00:00,hp-ewt,9943,6
2026-07-26 11:00:00,hp-lwt,6353,7
2026-07-26 11:00:00,secondary-ewt,9140,1
2026-07-26 11:00:00,secondary-flow,806,1
2026-07-26 11:00:00,secondary-lwt,8550,1
2026-07-26 11:00:00,zone1-bedrooms-heat-call,0,3
2026-07-26 11:00:00,zone5-living-rm-fancoil-heat-call,1,4
2026-07-26 11:15:00,buffer-depth1,4570,18
2026-07-26 11:15:00,buffer-depth2,4574,17
2026-07-26 11:15:00,buffer-depth3,4608,15
2026-07-26 11:15:00,hp-ewt,9754,5
2026-07-26 11:15:00,hp-lwt,6429,8
2026-07-26 11:15:00,secondary-ewt,8744,5
2026-07-26 11:15:00,secondary-flow,785,4
2026-07-26 11:15:00,secondary-lwt,8128,6
2026-07-26 11:15:00,zone1-bedrooms-heat-call,0,3
2026-07-26 11:15:00,zone5-living-rm-fancoil-heat-call,0,4
2026-07-26 11:30:00,buffer-depth1,4561,18
2026-07-26 11:30:00,buffer-depth2,4555,17
2026-07-26 11:30:00,buffer-depth3,4587,16
2026-07-26 11:30:00,hp-ewt,9805,4
2026-07-26 11:30:00,hp-lwt,6595,6
2026-07-26 11:30:00,secondary-ewt,9013,11
2026-07-26 11:30:00,secondary-flow,788,2
2026-07-26 11:30:00,secondary-lwt,8210,5
2026-07-26 11:30:00,zone1-bedrooms-heat-call,0,3
2026-07-26 11:30:00,zone5-living-rm-fancoil-heat-call,1,4
2026-07-26 11:45:00,buffer-depth1,4552,19
2026-07-26 11:45:00,buffer-depth2,4556,19
2026-07-26 11:45:00,buffer-depth3,4591,18
2026-07-26 11:45:00,hp-ewt,9883,3
2026-07-26 11:45:00,hp-lwt,6778,4
2026-07-26 11:45:00,secondary-ewt,8517,3
2026-07-26 11:45:00,secondary-flow,778,3
2026-07-26 11:45:00,secondary-lwt,7907,3
2026-07-26 11:45:00,zone1-bedrooms-heat-call,0,3
2026-07-26 11:45:00,zone5-living-rm-fancoil-heat-call,0,4
2026-07-26 12:00:00,buffer-depth1,4540,18
2026-07-26 12:00:00,buffer-depth2,4536,16
2026-07-26 12:00:00,buffer-depth3,4571,16
2026-07-26 12:00:00,hp-ewt,9802,5
2026-07-26 12:00:00,hp-lwt,6632,5
2026-07-26 12:00:00,secondary-ewt,8989,9
2026-07-26 12:00:00,secondary-flow,798,6
2026-07-26 12:00:00,secondary-lwt,8178,9
2026-07-26 12:00:00,zone1-bedrooms-heat-call,0,3
2026-07-26 12:00:00,zone5-living-rm-fancoil-heat-call,1,4
2026-07-26 12:15:00,buffer-depth1,4522,19
2026-07-26 12:15:00,buffer-depth2,4530,19
2026-07-26 12:15:00,buffer-depth3,4566,16
2026-07-26 12:15:00,hp-ewt,9565,6
2026-07-26 12:15:00,hp-lwt,6420,6
2026-07-26 12:15:00,secondary-ewt,8848,13
2026-07-26 12:15:00,secondary-flow,788,6
2026-07-26 12:15:00,secondary-lwt,7980,7
2026-07-26 12:15:00,zone1-bedrooms-heat-call,0,3
2026-07-26 12:15:00,zone5-living-rm-fancoil-heat-call,0,5
2026-07-26 12:30:00,buffer-depth1,4526,18
2026-07-26 12:30:00,buffer-depth2,4520,16
2026-07-26 12:30:00,buffer-depth3,4550,15
2026-07-26 12:30:00,hp-ewt,9698,4
2026-07-26 12:30:00,hp-lwt,6582,6
2026-07-26 12:30:00,secondary-ewt,8775,2
2026-07-26 12:30:00,secondary-flow,801,2
2026-07-26 12:30:00,secondary-lwt,8257,3
2026-07-26 12:30:00,zone1-bedrooms-heat-call,0,3
2026-07-26 12:30:00,zone5-living-rm-fancoil-heat-call,1,4
2026-07-26 12:45:00,buffer-depth1,4498,17
2026-07-26 12:45:00,buffer-depth2,4507,16
2026-07-26 12:45:00,buffer-depth3,4543,15
2026-07-26 12:45:00,hp-ewt,9367,7
2026-07-26 12:45:00,hp-lwt,6317,7
2026-07-26 12:45:00,secondary-ewt,8699,11
2026-07-26 12:45:00,secondary-flow,785,3
2026-07-26 12:45:00,secondary-lwt,7823,7
2026-07-26 12:45:00,zone1-bedrooms-heat-call,0,3
2026-07-26 12:45:00,zone5-living-rm-fancoil-heat-call,0,4
2026-07-26 13:00:00,buffer-depth1,4509,18
2026-07-26 13:00:00,buffer-depth2,4503,15
2026-07-26 13:00:00,buffer-depth3,4529,15
2026-07-26 13:00:00,hp-ewt,9270,5
2026-07-26 13:00:00,hp-lwt,6465,4
2026-07-26 13:00:00,secondary-ewt,8580,5
2026-07-26 13:00:00,secondary-flow,796,4
2026-07-26 13:00:00,secondary-lwt,7842,5
2026-07-26 13:00:00,zone1-bedrooms-heat-call,0,3
2026-07-26 13:00:00,zone5-living-rm-fancoil-heat-call,1,4
2026-07-26 13:15:00,buffer-depth1,4481,19
2026-07-26 13:15:00,buffer-depth2,4485,18
2026-07-26 13:15:00,buffer-depth3,4522,17
2026-07-26 13:15:00,hp-ewt,8947,6
2026-07-26 13:15:00,hp-lwt,6176,7
2026-07-26 13:15:00,secondary-ewt,8505,13
2026-07-26 13:15:00,secondary-flow,786,6
2026-07-26 13:15:00,secondary-lwt,7676,11
2026-07-26 13:15:00,zone1-bedrooms-heat-call,0,3
2026-07-26 13:15:00,zone5-living-rm-fancoil-heat-call,0,3
2026-07-26 13:30:00,buffer-depth1,4507,18
2026-07-26 13:30:00,buffer-depth2,4497,17
2026-07-26 13:30:00,buffer-depth3,4513,15
2026-07-26 13:30:00,hp-ewt,9124,5
2026-07-26 13:30:00,hp-lwt,6298,5
2026-07-26 13:30:00,secondary-ewt,8513,4
2026-07-26 13:30:00,secondary-flow,796,3
2026-07-26 13:30:00,secondary-lwt,7750,4
2026-07-26 13:30:00,zone1-bedrooms-heat-call,0,3
2026-07-26 13:30:00,zone5-living-rm-fancoil-heat-call,1,4
2026-07-26 13:45:00,buffer-depth1,4475,16
2026-07-26 13:45:00,buffer-depth2,4479,17
2026-07-26 13:45:00,buffer-depth3,4512,16
2026-07-26 13:45:00,hp-ewt,8865,6
2026-07-26 13:45:00,hp-lwt,6068,5
2026-07-26 13:45:00,secondary-ewt,8610,1
2026-07-26 13:45:00,secondary-flow,805,1
2026-07-26 13:45:00,secondary-lwt,7760,1
2026-07-26 13:45:00,zone1-bedrooms-heat-call,0,3
2026-07-26 13:45:00,zone5-living-rm-fancoil-heat-call,1,4
2026-07-26 14:00:00,buffer-depth1,4500,18
2026-07-26 14:00:00,buffer-depth2,4492,18
2026-07-26 14:00:00,buffer-depth3,4505,17
2026-07-26 14:00:00,hp-ewt,9080,6
2026-07-26 14:00:00,hp-lwt,6358,6
2026-07-26 14:00:00,secondary-ewt,8375,2
2026-07-26 14:00:00,secondary-flow,791,2
2026-07-26 14:00:00,secondary-lwt,7660,2
2026-07-26 14:00:00,zone1-bedrooms-heat-call,0,3
2026-07-26 14:00:00,zone5-living-rm-fancoil-heat-call,1,4
2026-07-26 14:15:00,buffer-depth1,4469,21
2026-07-26 14:15:00,buffer-depth2,4472,20
2026-07-26 14:15:00,buffer-depth3,4504,19
2026-07-26 14:15:00,hp-ewt,8933,7
2026-07-26 14:15:00,hp-lwt,6061,7
2026-07-26 14:15:00,zone1-bedrooms-heat-call,0,3
2026-07-26 14:15:00,zone5-living-rm-fancoil-heat-call,1,4
2026-07-26 14:30:00,buffer-depth1,4493,16
2026-07-26 14:30:00,buffer-depth2,4485,16
2026-07-26 14:30:00,buffer-depth3,4499,15
2026-07-26 14:30:00,hp-ewt,9264,5
2026-07-26 14:30:00,hp-lwt,6323,3
2026-07-26 14:30:00,zone1-bedrooms-heat-call,0,3
2026-07-26 14:30:00,zone5-living-rm-fancoil-heat-call,1,4
2026-07-26 14:45:00,buffer-depth1,4466,19
2026-07-26 14:45:00,buffer-depth2,4469,18
2026-07-26 14:45:00,buffer-depth3,4507,16
2026-07-26 14:45:00,hp-ewt,9430,2
2026-07-26 14:45:00,hp-lwt,6360,3
2026-07-26 14:45:00,secondary-ewt,8636,13
2026-07-26 14:45:00,secondary-flow,789,4
2026-07-26 14:45:00,secondary-lwt,7736,9
2026-07-26 14:45:00,zone1-bedrooms-heat-call,0,3
2026-07-26 14:45:00,zone5-living-rm-fancoil-heat-call,1,4
2026-07-26 15:00:00,buffer-depth1,4491,18
2026-07-26 15:00:00,buffer-depth2,4482,19
2026-07-26 15:00:00,buffer-depth3,4501,17
2026-07-26 15:00:00,hp-ewt,9444,5
2026-07-26 15:00:00,hp-lwt,6312,5
2026-07-26 15:00:00,secondary-ewt,8560,1
2026-07-26 15:00:00,secondary-flow,802,1
2026-07-26 15:00:00,secondary-lwt,7930,1
2026-07-26 15:00:00,zone1-bedrooms-heat-call,0,3
2026-07-26 15:00:00,zone5-living-rm-fancoil-heat-call,1,3
2026-07-26 15:15:00,buffer-depth1,4467,18
2026-07-26 15:15:00,buffer-depth2,4473,18
2026-07-26 15:15:00,buffer-depth3,4509,17
2026-07-26 15:15:00,hp-ewt,9203,4
2026-07-26 15:15:00,hp-lwt,6005,4
2026-07-26 15:15:00,secondary-ewt,8290,4
2026-07-26 15:15:00,secondary-flow,787,3
2026-07-26 15:15:00,secondary-lwt,7670,4
2026-07-26 15:15:00,zone1-bedrooms-heat-call,0,3
2026-07-26 15:15:00,zone5-living-rm-fancoil-heat-call,0,5
2026-07-26 15:30:00,buffer-depth1,4472,18
2026-07-26 15:30:00,buffer-depth2,4467,17
2026-07-26 15:30:00,buffer-depth3,4494,17
2026-07-26 15:30:00,hp-ewt,9413,3
2026-07-26 15:30:00,hp-lwt,6233,3
2026-07-26 15:30:00,secondary-ewt,8397,3
2026-07-26 15:30:00,secondary-flow,794,4
2026-07-26 15:30:00,secondary-lwt,7825,2
2026-07-26 15:30:00,zone1-bedrooms-heat-call,0,3
2026-07-26 15:30:00,zone5-living-rm-fancoil-heat-call,1,4
2026-07-26 15:45:00,buffer-depth1,4448,22
2026-07-26 15:45:00,buffer-depth2,4453,18
2026-07-26 15:45:00,buffer-depth3,4496,17
2026-07-26 15:45:00,hp-ewt,9278,11
2026-07-26 15:45:00,hp-lwt,7726,19
2026-07-26 15:45:00,secondary-ewt,8556,10
2026-07-26 15:45:00,secondary-flow,802,2
2026-07-26 15:45:00,secondary-lwt,7893,13
2026-07-26 15:45:00,zone1-bedrooms-heat-call,0,3
2026-07-26 15:45:00,zone5-living-rm-fancoil-heat-call,0,4
2026-07-26 16:00:00,buffer-depth1,4561,29
2026-07-26 16:00:00,buffer-depth2,4519,26
2026-07-26 16:00:00,buffer-depth3,4486,16
2026-07-26 16:00:00,hp-ewt,10327,14
2026-07-26 16:00:00,hp-lwt,9702,40
2026-07-26 16:00:00,secondary-ewt,8912,9
2026-07-26 16:00:00,secondary-flow,803,3
2026-07-26 16:00:00,secondary-lwt,9252,25
2026-07-26 16:00:00,zone1-bedrooms-heat-call,0,3
2026-07-26 16:00:00,zone5-living-rm-fancoil-heat-call,1,3
2026-07-26 16:15:00,buffer-depth1,4637,21
2026-07-26 16:15:00,buffer-depth2,4609,20
2026-07-26 16:15:00,buffer-depth3,4557,21
2026-07-26 16:15:00,hp-ewt,10100,5
2026-07-26 16:15:00,hp-lwt,8952,12
2026-07-26 16:15:00,secondary-ewt,8850,1
2026-07-26 16:15:00,secondary-lwt,8560,2
2026-07-26 16:15:00,zone1-bedrooms-heat-call,0,3
2026-07-26 16:15:00,zone5-living-rm-fancoil-heat-call,1,3
2026-07-26 16:30:00,buffer-depth1,4713,19
2026-07-26 16:30:00,buffer-depth2,4696,20
2026-07-26 16:30:00,buffer-depth3,4644,23
2026-07-26 16:30:00,hp-ewt,10387,6
2026-07-26 16:30:00,hp-lwt,8149,13
2026-07-26 16:30:00,secondary-ewt,9473,4
2026-07-26 16:30:00,secondary-flow,803,4
2026-07-26 16:30:00,secondary-lwt,9125,4
2026-07-26 16:30:00,zone1-bedrooms-heat-call,0,3
2026-07-26 16:30:00,zone5-living-rm-fancoil-heat-call,1,3
2026-07-26 16:45:00,buffer-depth1,4716,15
2026-07-26 16:45:00,buffer-depth2,4713,15
2026-07-26 16:45:00,buffer-depth3,4720,17
2026-07-26 16:45:00,hp-ewt,10433,3
2026-07-26 16:45:00,hp-lwt,7152,11
2026-07-26 16:45:00,secondary-ewt,9640,1
2026-07-26 16:45:00,secondary-flow,803,1
2026-07-26 16:45:00,secondary-lwt,8980,1
2026-07-26 16:45:00,zone1-bedrooms-heat-call,0,3
2026-07-26 16:45:00,zone5-living-rm-fancoil-heat-call,1,3
2026-07-26 17:00:00,buffer-depth1,4711,18
2026-07-26 17:00:00,buffer-depth2,4711,18
2026-07-26 17:00:00,buffer-depth3,4732,18
2026-07-26 17:00:00,hp-ewt,10418,4
2026-07-26 17:00:00,hp-lwt,7330,7
2026-07-26 17:00:00,zone1-bedrooms-heat-call,0,3
2026-07-26 17:00:00,zone5-living-rm-fancoil-heat-call,1,3
2026-07-26 17:15:00,buffer-depth1,4711,15
2026-07-26 17:15:00,buffer-depth2,4708,15
2026-07-26 17:15:00,buffer-depth3,4732,15
2026-07-26 17:15:00,hp-ewt,10430,3
2026-07-26 17:15:00,hp-lwt,7433,3
2026-07-26 17:15:00,zone1-bedrooms-heat-call,0,5
2026-07-26 17:15:00,zone5-living-rm-fancoil-heat-call,1,3
2026-07-26 17:30:00,buffer-depth1,4687,18
2026-07-26 17:30:00,buffer-depth2,4693,17
2026-07-26 17:30:00,buffer-depth3,4727,16
2026-07-26 17:30:00,hp-ewt,10253,4
2026-07-26 17:30:00,hp-lwt,7105,4
2026-07-26 17:30:00,zone1-bedrooms-heat-call,0,3
2026-07-26 17:30:00,zone5-living-rm-fancoil-heat-call,0,7
2026-07-26 17:45:00,buffer-depth1,4672,17
2026-07-26 17:45:00,buffer-depth2,4671,16
2026-07-26 17:45:00,buffer-depth3,4702,16
2026-07-26 17:45:00,hp-ewt,10326,5
2026-07-26 17:45:00,hp-lwt,7118,4
2026-07-26 17:45:00,zone1-bedrooms-heat-call,0,3
2026-07-26 17:45:00,zone5-living-rm-fancoil-heat-call,1,3
2026-07-26 18:00:00,buffer-depth1,4672,16
2026-07-26 18:00:00,buffer-depth2,4672,16
2026-07-26 18:00:00,buffer-depth3,4703,15
2026-07-26 18:00:00,hp-ewt,10555,8
2026-07-26 18:00:00,hp-lwt,7170,4
2026-07-26 18:00:00,zone1-bedrooms-heat-call,0,3
2026-07-26 18:00:00,zone5-living-rm-fancoil-heat-call,1,4
2026-07-26 18:15:00,buffer-depth1,4636,17
2026-07-26 18:15:00,buffer-depth2,4641,17
2026-07-26 18:15:00,buffer-depth3,4678,17
2026-07-26 18:15:00,hp-ewt,10944,7
2026-07-26 18:15:00,hp-lwt,7175,4
2026-07-26 18:15:00,secondary-ewt,9335,2
2026-07-26 18:15:00,secondary-flow,805,2
2026-07-26 18:15:00,secondary-lwt,8670,2
2026-07-26 18:15:00,zone1-bedrooms-heat-call,0,3
2026-07-26 18:15:00,zone5-living-rm-fancoil-heat-call,1,4
2026-07-26 18:30:00,buffer-depth1,4638,16
2026-07-26 18:30:00,buffer-depth2,4638,16
2026-07-26 18:30:00,buffer-depth3,4669,15
2026-07-26 18:30:00,hp-ewt,10280,5
2026-07-26 18:30:00,hp-lwt,7076,5
2026-07-26 18:30:00,secondary-ewt,9093,4
2026-07-26 18:30:00,secondary-flow,787,4
2026-07-26 18:30:00,secondary-lwt,8440,4
2026-07-26 18:30:00,zone1-bedrooms-heat-call,0,3
2026-07-26 18:30:00,zone5-living-rm-fancoil-heat-call,1,6
2026-07-26 18:45:00,buffer-depth1,4602,17
2026-07-26 18:45:00,buffer-depth2,4608,16
2026-07-26 18:45:00,buffer-depth3,4644,17
2026-07-26 18:45:00,hp-ewt,9945,4
2026-07-26 18:45:00,hp-lwt,6778,4
2026-07-26 18:45:00,secondary-ewt,9280,8
2026-07-26 18:45:00,secondary-flow,791,3
2026-07-26 18:45:00,secondary-lwt,8373,4
2026-07-26 18:45:00,zone1-bedrooms-heat-call,0,3
2026-07-26 18:45:00,zone5-living-rm-fancoil-heat-call,1,4
2026-07-26 19:00:00,buffer-depth1,4597,18
2026-07-26 19:00:00,buffer-depth2,4599,18
2026-07-26 19:00:00,buffer-depth3,4631,17
2026-07-26 19:00:00,hp-ewt,9910,5
2026-07-26 19:00:00,hp-lwt,6700,5
2026-07-26 19:00:00,secondary-ewt,8823,3
2026-07-26 19:00:00,secondary-flow,779,2
2026-07-26 19:00:00,secondary-lwt,8260,3
2026-07-26 19:00:00,zone1-bedrooms-heat-call,0,3
2026-07-26 19:00:00,zone5-living-rm-fancoil-heat-call,1,4
2026-07-26 19:15:00,buffer-depth1,4608,22
2026-07-26 19:15:00,buffer-depth2,4607,18
2026-07-26 19:15:00,buffer-depth3,4645,23
2026-07-26 19:15:00,hp-ewt,9854,19
2026-07-26 19:15:00,hp-lwt,8502,51
2026-07-26 19:15:00,secondary-ewt,9287,12
2026-07-26 19:15:00,secondary-flow,518,16
2026-07-26 19:15:00,secondary-lwt,8732,22
2026-07-26 19:15:00,zone1-bedrooms-heat-call,0,3
2026-07-26 19:15:00,zone5-living-rm-fancoil-heat-call,1,4
2026-07-26 19:30:00,buffer-depth1,4694,23
2026-07-26 19:30:00,buffer-depth2,4668,22
2026-07-26 19:30:00,buffer-depth3,4660,22
2026-07-26 19:30:00,hp-ewt,10703,15
2026-07-26 19:30:00,hp-lwt,9582,21
2026-07-26 19:30:00,secondary-ewt,9431,7
2026-07-26 19:30:00,secondary-flow,428,8
2026-07-26 19:30:00,secondary-lwt,9432,5
2026-07-26 19:30:00,zone1-bedrooms-heat-call,0,3
2026-07-26 19:30:00,zone5-living-rm-fancoil-heat-call,1,4
2026-07-26 19:45:00,buffer-depth1,4744,17
2026-07-26 19:45:00,buffer-depth2,4737,20
2026-07-26 19:45:00,buffer-depth3,4779,24
2026-07-26 19:45:00,hp-ewt,11975,6
2026-07-26 19:45:00,hp-lwt,11403,6
2026-07-26 19:45:00,secondary-ewt,10633,10
2026-07-26 19:45:00,secondary-flow,0,3
2026-07-26 19:45:00,secondary-lwt,10221,11
2026-07-26 19:45:00,zone1-bedrooms-heat-call,0,3
2026-07-26 19:45:00,zone5-living-rm-fancoil-heat-call,1,4
2026-07-26 20:00:00,buffer-depth1,4822,20
2026-07-26 20:00:00,buffer-depth2,4824,19
2026-07-26 20:00:00,buffer-depth3,4867,20
2026-07-26 20:00:00,hp-ewt,12535,4
2026-07-26 20:00:00,hp-lwt,12020,5
2026-07-26 20:00:00,secondary-ewt,11610,5
2026-07-26 20:00:00,secondary-flow,0,3
2026-07-26 20:00:00,secondary-lwt,11488,8
2026-07-26 20:00:00,zone1-bedrooms-heat-call,0,3
2026-07-26 20:00:00,zone5-living-rm-fancoil-heat-call,0,4
2026-07-26 20:15:00,buffer-depth1,4889,20
2026-07-26 20:15:00,buffer-depth2,4893,22
2026-07-26 20:15:00,buffer-depth3,4937,24
2026-07-26 20:15:00,hp-ewt,12933,3
2026-07-26 20:15:00,hp-lwt,12310,3
2026-07-26 20:15:00,secondary-ewt,11976,7
2026-07-26 20:15:00,secondary-flow,0,4
2026-07-26 20:15:00,secondary-lwt,12081,9
2026-07-26 20:15:00,zone1-bedrooms-heat-call,0,3
2026-07-26 20:15:00,zone5-living-rm-fancoil-heat-call,1,4
2026-07-26 20:30:00,buffer-depth1,4960,30
2026-07-26 20:30:00,buffer-depth2,4958,16
2026-07-26 20:30:00,buffer-depth3,4988,19
2026-07-26 20:30:00,hp-ewt,11694,19
2026-07-26 20:30:00,hp-lwt,10107,41
2026-07-26 20:30:00,secondary-ewt,11473,15
2026-07-26 20:30:00,secondary-flow,422,16
2026-07-26 20:30:00,secondary-lwt,10716,31
2026-07-26 20:30:00,zone1-bedrooms-heat-call,0,3
2026-07-26 20:30:00,zone5-living-rm-fancoil-heat-call,0,5
2026-07-26 20:45:00,buffer-depth1,4882,24
2026-07-26 20:45:00,buffer-depth2,4904,23
2026-07-26 20:45:00,buffer-depth3,4943,19
2026-07-26 20:45:00,hp-ewt,10520,9
2026-07-26 20:45:00,hp-lwt,8281,25
2026-07-26 20:45:00,secondary-ewt,10435,15
2026-07-26 20:45:00,secondary-flow,800,4
2026-07-26 20:45:00,secondary-lwt,9141,17
2026-07-26 20:45:00,zone1-bedrooms-heat-call,0,5
2026-07-26 20:45:00,zone5-living-rm-fancoil-heat-call,1,4
2026-07-26 21:00:00,buffer-depth1,4890,20
2026-07-26 21:00:00,buffer-depth2,4899,20
2026-07-26 21:00:00,buffer-depth3,4936,24
2026-07-26 21:00:00,hp-ewt,10389,12
2026-07-26 21:00:00,hp-lwt,9107,22
2026-07-26 21:00:00,secondary-ewt,10648,8
2026-07-26 21:00:00,secondary-flow,308,7
2026-07-26 21:00:00,secondary-lwt,9769,7
2026-07-26 21:00:00,zone1-bedrooms-heat-call,0,3
2026-07-26 21:00:00,zone5-living-rm-fancoil-heat-call,0,4
2026-07-26 21:15:00,buffer-depth1,4963,21
2026-07-26 21:15:00,buffer-depth2,4969,20
2026-07-26 21:15:00,buffer-depth3,5006,19
2026-07-26 21:15:00,hp-ewt,11113,3
2026-07-26 21:15:00,hp-lwt,10803,3
2026-07-26 21:15:00,secondary-ewt,11505,4
2026-07-26 21:15:00,secondary-flow,0,3
2026-07-26 21:15:00,secondary-lwt,11040,9
2026-07-26 21:15:00,zone1-bedrooms-heat-call,0,3
2026-07-26 21:15:00,zone5-living-rm-fancoil-heat-call,1,4
2026-07-26 21:30:00,buffer-depth1,5022,19
2026-07-26 21:30:00,buffer-depth2,5024,19
2026-07-26 21:30:00,buffer-depth3,5056,21
2026-07-26 21:30:00,hp-ewt,11450,4
2026-07-26 21:30:00,hp-lwt,11123,4
2026-07-26 21:30:00,secondary-ewt,11870,3
2026-07-26 21:30:00,secondary-flow,0,3
2026-07-26 21:30:00,secondary-lwt,11753,3
2026-07-26 21:30:00,zone1-bedrooms-heat-call,0,3
2026-07-26 21:30:00,zone5-living-rm-fancoil-heat-call,1,4
2026-07-26 21:45:00,buffer-depth1,5095,20
2026-07-26 21:45:00,buffer-depth2,5102,21
2026-07-26 21:45:00,buffer-depth3,5132,22
2026-07-26 21:45:00,hp-ewt,11687,3
2026-07-26 21:45:00,hp-lwt,11313,3
2026-07-26 21:45:00,secondary-ewt,12188,4
2026-07-26 21:45:00,secondary-flow,4,5
2026-07-26 21:45:00,secondary-lwt,12050,4
2026-07-26 21:45:00,zone1-bedrooms-heat-call,0,3
2026-07-26 21:45:00,zone5-living-rm-fancoil-heat-call,1,4
2026-07-26 22:00:00,buffer-depth1,5146,18
2026-07-26 22:00:00,buffer-depth2,5151,19
2026-07-26 22:00:00,buffer-depth3,5178,19
2026-07-26 22:00:00,hp-ewt,11805,4
2026-07-26 22:00:00,hp-lwt,11478,4
2026-07-26 22:00:00,secondary-ewt,12417,3
2026-07-26 22:00:00,secondary-flow,0,3
2026-07-26 22:00:00,secondary-lwt,12390,5
2026-07-26 22:00:00,zone1-bedrooms-heat-call,0,3
2026-07-26 22:00:00,zone5-living-rm-fancoil-heat-call,1,4
2026-07-26 22:15:00,buffer-depth1,5217,20
2026-07-26 22:15:00,buffer-depth2,5221,19
2026-07-26 22:15:00,buffer-depth3,5252,19
2026-07-26 22:15:00,hp-ewt,11913,3
2026-07-26 22:15:00,hp-lwt,11670,3
2026-07-26 22:15:00,secondary-ewt,12760,3
2026-07-26 22:15:00,secondary-flow,0,3
2026-07-26 22:15:00,secondary-lwt,12547,3
2026-07-26 22:15:00,zone1-bedrooms-heat-call,0,3
2026-07-26 22:15:00,zone5-living-rm-fancoil-heat-call,1,6
2026-07-26 22:30:00,buffer-depth1,5267,18
2026-07-26 22:30:00,buffer-depth2,5266,19
2026-07-26 22:30:00,buffer-depth3,5292,19
2026-07-26 22:30:00,hp-ewt,12088,4
2026-07-26 22:30:00,hp-lwt,11807,3
2026-07-26 22:30:00,secondary-ewt,13000,4
2026-07-26 22:30:00,secondary-flow,0,4
2026-07-26 22:30:00,secondary-lwt,12936,5
2026-07-26 22:30:00,zone1-bedrooms-heat-call,0,3
2026-07-26 22:30:00,zone5-living-rm-fancoil-heat-call,1,4
2026-07-26 22:45:00,buffer-depth1,5331,20
2026-07-26 22:45:00,buffer-depth2,5337,21
2026-07-26 22:45:00,buffer-depth3,5367,20
2026-07-26 22:45:00,hp-ewt,12447,3
2026-07-26 22:45:00,hp-lwt,12130,3
2026-07-26 22:45:00,secondary-ewt,13365,2
2026-07-26 22:45:00,secondary-flow,0,2
2026-07-26 22:45:00,secondary-lwt,13165,2
2026-07-26 22:45:00,zone1-bedrooms-heat-call,0,3
2026-07-26 22:45:00,zone5-living-rm-fancoil-heat-call,1,3
2026-07-26 23:00:00,buffer-depth1,5312,34
2026-07-26 23:00:00,buffer-depth2,5333,25
2026-07-26 23:00:00,buffer-depth3,5376,23
2026-07-26 23:00:00,hp-ewt,12295,19
2026-07-26 23:00:00,hp-lwt,10250,48
2026-07-26 23:00:00,secondary-ewt,12444,20
2026-07-26 23:00:00,secondary-flow,426,16
2026-07-26 23:00:00,secondary-lwt,11164,31
2026-07-26 23:00:00,zone1-bedrooms-heat-call,0,3
2026-07-26 23:00:00,zone5-living-rm-fancoil-heat-call,1,5
2026-07-26 23:15:00,buffer-depth1,5242,19
2026-07-26 23:15:00,buffer-depth2,5249,16
2026-07-26 23:15:00,buffer-depth3,5281,19
2026-07-26 23:15:00,hp-ewt,12276,5
2026-07-26 23:15:00,hp-lwt,10884,10
2026-07-26 23:15:00,secondary-ewt,12210,5
2026-07-26 23:15:00,secondary-flow,809,4
2026-07-26 23:15:00,secondary-lwt,11482,9
2026-07-26 23:15:00,zone1-bedrooms-heat-call,0,3
2026-07-26 23:15:00,zone5-living-rm-fancoil-heat-call,1,3
2026-07-26 23:30:00,buffer-depth1,5175,20
2026-07-26 23:30:00,buffer-depth2,5194,22
2026-07-26 23:30:00,buffer-depth3,5228,20
2026-07-26 23:30:00,hp-ewt,12097,3
2026-07-26 23:30:00,hp-lwt,7734,5
2026-07-26 23:30:00,secondary-ewt,11990,2
2026-07-26 23:30:00,secondary-flow,797,2
2026-07-26 23:30:00,secondary-lwt,11190,2
2026-07-26 23:30:00,zone1-bedrooms-heat-call,0,3
2026-07-26 23:30:00,zone5-living-rm-fancoil-heat-call,0,7
2026-07-26 23:45:00,buffer-depth1,5105,20
2026-07-26 23:45:00,buffer-depth2,5124,20
2026-07-26 23:45:00,buffer-depth3,5158,20
2026-07-26 23:45:00,hp-ewt,11970,3
2026-07-26 23:45:00,hp-lwt,7573,3
2026-07-26 23:45:00,secondary-ewt,11392,5
2026-07-26 23:45:00,secondary-flow,799,5
2026-07-26 23:45:00,secondary-lwt,10538,5
2026-07-26 23:45:00,zone1-bedrooms-heat-call,0,3
2026-07-26 23:45:00,zone5-living-rm-fancoil-heat-call,1,6
2026-07-27 00:00:00,buffer-depth1,5023,20
2026-07-27 00:00:00,buffer-depth2,5046,20
2026-07-27 00:00:00,buffer-depth3,5087,20
2026-07-27 00:00:00,hp-ewt,11568,4
2026-07-27 00:00:00,hp-lwt,7133,7
2026-07-27 00:00:00,secondary-ewt,10960,1
2026-07-27 00:00:00,secondary-lwt,10130,1
2026-07-27 00:00:00,zone1-bedrooms-heat-call,0,3
2026-07-27 00:00:00,zone5-living-rm-fancoil-heat-call,0,4
2026-07-27 00:15:00,buffer-depth1,4958,22
2026-07-27 00:15:00,buffer-depth2,4978,20
2026-07-27 00:15:00,buffer-depth3,5017,21
2026-07-27 00:15:00,hp-ewt,11357,6
2026-07-27 00:15:00,hp-lwt,6947,10
2026-07-27 00:15:00,secondary-ewt,10734,5
2026-07-27 00:15:00,secondary-flow,796,4
2026-07-27 00:15:00,secondary-lwt,9914,5
2026-07-27 00:15:00,zone1-bedrooms-heat-call,0,3
2026-07-27 00:15:00,zone5-living-rm-fancoil-heat-call,1,4
2026-07-27 00:30:00,buffer-depth1,4885,17
2026-07-27 00:30:00,buffer-depth2,4904,19
2026-07-27 00:30:00,buffer-depth3,4953,19
2026-07-27 00:30:00,hp-ewt,11070,4
2026-07-27 00:30:00,hp-lwt,6600,4
2026-07-27 00:30:00,secondary-ewt,10594,12
2026-07-27 00:30:00,secondary-flow,795,5
2026-07-27 00:30:00,secondary-lwt,9637,7
2026-07-27 00:30:00,zone1-bedrooms-heat-call,0,3
2026-07-27 00:30:00,zone5-living-rm-fancoil-heat-call,1,4
2026-07-27 00:45:00,buffer-depth1,4829,21
2026-07-27 00:45:00,buffer-depth2,4849,20
2026-07-27 00:45:00,buffer-depth3,4891,20
2026-07-27 00:45:00,hp-ewt,10838,4
2026-07-27 00:45:00,hp-lwt,6324,5
2026-07-27 00:45:00,secondary-ewt,10072,5
2026-07-27 00:45:00,secondary-flow,786,4
2026-07-27 00:45:00,secondary-lwt,9265,4
2026-07-27 00:45:00,zone1-bedrooms-heat-call,0,3
2026-07-27 00:45:00,zone5-living-rm-fancoil-heat-call,0,6
2026-07-27 01:00:00,buffer-depth1,4779,20
2026-07-27 01:00:00,buffer-depth2,4792,15
2026-07-27 01:00:00,buffer-depth3,4834,14
2026-07-27 01:00:00,hp-ewt,10572,17
2026-07-27 01:00:00,hp-lwt,8356,42
2026-07-27 01:00:00,secondary-ewt,9980,14
2026-07-27 01:00:00,secondary-flow,790,7
2026-07-27 01:00:00,secondary-lwt,9190,24
2026-07-27 01:00:00,zone1-bedrooms-heat-call,0,3
2026-07-27 01:00:00,zone5-living-rm-fancoil-heat-call,1,5
2026-07-27 01:15:00,buffer-depth1,4764,17
2026-07-27 01:15:00,buffer-depth2,4771,17
2026-07-27 01:15:00,buffer-depth3,4802,18
2026-07-27 01:15:00,hp-ewt,10475,4
2026-07-27 01:15:00,hp-lwt,7864,17
2026-07-27 01:15:00,secondary-ewt,9936,10
2026-07-27 01:15:00,secondary-flow,793,5
2026-07-27 01:15:00,secondary-lwt,9128,11
2026-07-27 01:15:00,zone1-bedrooms-heat-call,0,3
2026-07-27 01:15:00,zone5-living-rm-fancoil-heat-call,0,4
2026-07-27 01:30:00,buffer-depth1,4754,32
2026-07-27 01:30:00,buffer-depth2,4754,21
2026-07-27 01:30:00,buffer-depth3,4776,16
2026-07-27 01:30:00,hp-ewt,10380,22
2026-07-27 01:30:00,hp-lwt,8313,66
2026-07-27 01:30:00,secondary-ewt,9665,14
2026-07-27 01:30:00,secondary-flow,790,3
2026-07-27 01:30:00,secondary-lwt,8853,44
2026-07-27 01:30:00,zone1-bedrooms-heat-call,0,3
2026-07-27 01:30:00,zone5-living-rm-fancoil-heat-call,1,4
2026-07-27 01:45:00,buffer-depth1,4808,20
2026-07-27 01:45:00,buffer-depth2,4785,19
2026-07-27 01:45:00,buffer-depth3,4781,16
2026-07-27 01:45:00,hp-ewt,11267,7
2026-07-27 01:45:00,hp-lwt,10541,7
2026-07-27 01:45:00,secondary-ewt,10093,12
2026-07-27 01:45:00,secondary-flow,786,4
2026-07-27 01:45:00,secondary-lwt,9977,9
2026-07-27 01:45:00,zone1-bedrooms-heat-call,0,3
2026-07-27 01:45:00,zone5-living-rm-fancoil-heat-call,0,4
2026-07-27 02:00:00,buffer-depth1,4879,26
2026-07-27 02:00:00,buffer-depth2,4860,19
2026-07-27 02:00:00,buffer-depth3,4827,20
2026-07-27 02:00:00,hp-ewt,11406,16
2026-07-27 02:00:00,hp-lwt,9464,36
2026-07-27 02:00:00,secondary-ewt,10220,4
2026-07-27 02:00:00,secondary-flow,798,3
2026-07-27 02:00:00,secondary-lwt,10230,4
2026-07-27 02:00:00,zone1-bedrooms-heat-call,0,3
2026-07-27 02:00:00,zone5-living-rm-fancoil-heat-call,1,6
2026-07-27 02:15:00,buffer-depth1,4841,32
2026-07-27 02:15:00,buffer-depth2,4848,26
2026-07-27 02:15:00,buffer-depth3,4857,20
2026-07-27 02:15:00,hp-ewt,10532,16
2026-07-27 02:15:00,hp-lwt,8475,28
2026-07-27 02:15:00,zone1-bedrooms-heat-call,0,3
2026-07-27 02:15:00,zone5-living-rm-fancoil-heat-call,1,4
2026-07-27 02:30:00,buffer-depth1,4937,17
2026-07-27 02:30:00,buffer-depth2,4921,19
2026-07-27 02:30:00,buffer-depth3,4892,20
2026-07-27 02:30:00,hp-ewt,12070,5
2026-07-27 02:30:00,hp-lwt,11398,5
2026-07-27 02:30:00,zone1-bedrooms-heat-call,0,3
2026-07-27 02:30:00,zone5-living-rm-fancoil-heat-call,0,4
2026-07-27 02:45:00,buffer-depth1,4873,35
2026-07-27 02:45:00,buffer-depth2,4894,23
2026-07-27 02:45:00,buffer-depth3,4919,19
2026-07-27 02:45:00,hp-ewt,10700,24
2026-07-27 02:45:00,hp-lwt,8503,56
2026-07-27 02:45:00,zone1-bedrooms-heat-call,0,3
2026-07-27 02:45:00,zone5-living-rm-fancoil-heat-call,1,5
2026-07-27 03:00:00,buffer-depth1,4906,16
2026-07-27 03:00:00,buffer-depth2,4892,16
2026-07-27 03:00:00,buffer-depth3,4891,15
2026-07-27 03:00:00,hp-ewt,11077,3
2026-07-27 03:00:00,hp-lwt,9958,6
2026-07-27 03:00:00,secondary-ewt,10240,1
2026-07-27 03:00:00,secondary-flow,782,1
2026-07-27 03:00:00,secondary-lwt,10140,1
2026-07-27 03:00:00,zone1-bedrooms-heat-call,0,3
2026-07-27 03:00:00,zone5-living-rm-fancoil-heat-call,0,3
2026-07-27 03:15:00,buffer-depth1,4912,19
2026-07-27 03:15:00,buffer-depth2,4910,17
2026-07-27 03:15:00,buffer-depth3,4920,17
2026-07-27 03:15:00,hp-ewt,11210,5
2026-07-27 03:15:00,hp-lwt,8622,24
2026-07-27 03:15:00,secondary-ewt,10640,12
2026-07-27 03:15:00,secondary-flow,796,5
2026-07-27 03:15:00,secondary-lwt,10003,9
2026-07-27 03:15:00,zone1-bedrooms-heat-call,0,3
2026-07-27 03:15:00,zone5-living-rm-fancoil-heat-call,1,5
2026-07-27 03:30:00,buffer-depth1,4830,20
2026-07-27 03:30:00,buffer-depth2,4848,21
2026-07-27 03:30:00,buffer-depth3,4891,19
2026-07-27 03:30:00,hp-ewt,10700,4
2026-07-27 03:30:00,hp-lwt,7189,8
2026-07-27 03:30:00,secondary-ewt,9968,4
2026-07-27 03:30:00,secondary-flow,781,3
2026-07-27 03:30:00,secondary-lwt,9108,4
2026-07-27 03:30:00,zone1-bedrooms-heat-call,0,3
2026-07-27 03:30:00,zone5-living-rm-fancoil-heat-call,0,3
2026-07-27 03:45:00,buffer-depth1,4779,20
2026-07-27 03:45:00,buffer-depth2,4786,18
2026-07-27 03:45:00,buffer-depth3,4825,18
2026-07-27 03:45:00,hp-ewt,10606,5
2026-07-27 03:45:00,hp-lwt,7465,13
2026-07-27 03:45:00,secondary-ewt,10043,12
2026-07-27 03:45:00,secondary-flow,795,6
2026-07-27 03:45:00,secondary-lwt,9233,12
2026-07-27 03:45:00,zone1-bedrooms-heat-call,0,3
2026-07-27 03:45:00,zone5-living-rm-fancoil-heat-call,1,5
2026-07-27 04:00:00,buffer-depth1,4698,20
2026-07-27 04:00:00,buffer-depth2,4718,20
2026-07-27 04:00:00,buffer-depth3,4764,20
2026-07-27 04:00:00,hp-ewt,10110,3
2026-07-27 04:00:00,hp-lwt,6733,8
2026-07-27 04:00:00,secondary-ewt,9315,4
2026-07-27 04:00:00,secondary-flow,779,3
2026-07-27 04:00:00,secondary-lwt,8458,4
2026-07-27 04:00:00,zone1-bedrooms-heat-call,0,3
2026-07-27 04:00:00,zone5-living-rm-fancoil-heat-call,0,4
2026-07-27 04:15:00,buffer-depth1,4668,19
2026-07-27 04:15:00,buffer-depth2,4676,18
2026-07-27 04:15:00,buffer-depth3,4714,16
2026-07-27 04:15:00,hp-ewt,9940,3
2026-07-27 04:15:00,hp-lwt,6444,5
2026-07-27 04:15:00,secondary-ewt,9523,11
2026-07-27 04:15:00,secondary-flow,795,3
2026-07-27 04:15:00,secondary-lwt,8765,8
2026-07-27 04:15:00,zone1-bedrooms-heat-call,0,3
2026-07-27 04:15:00,zone5-living-rm-fancoil-heat-call,1,4
2026-07-27 04:30:00,buffer-depth1,4604,18
2026-07-27 04:30:00,buffer-depth2,4619,18
2026-07-27 04:30:00,buffer-depth3,4667,18
2026-07-27 04:30:00,hp-ewt,9704,7
2026-07-27 04:30:00,hp-lwt,6582,17
2026-07-27 04:30:00,secondary-ewt,8760,3
2026-07-27 04:30:00,secondary-flow,780,3
2026-07-27 04:30:00,secondary-lwt,8053,4
2026-07-27 04:30:00,zone1-bedrooms-heat-call,0,3
2026-07-27 04:30:00,zone5-living-rm-fancoil-heat-call,0,3
2026-07-27 04:45:00,buffer-depth1,4633,23
2026-07-27 04:45:00,buffer-depth2,4618,21
2026-07-27 04:45:00,buffer-depth3,4627,17
2026-07-27 04:45:00,hp-ewt,10465,11
2026-07-27 04:45:00,hp-lwt,8481,21
2026-07-27 04:45:00,secondary-ewt,8715,2
2026-07-27 04:45:00,secondary-flow,778,2
2026-07-27 04:45:00,secondary-lwt,8350,2
2026-07-27 04:45:00,zone1-bedrooms-heat-call,0,3
2026-07-27 04:45:00,zone5-living-rm-fancoil-heat-call,0,5
2026-07-27 05:00:00,buffer-depth1,4695,18
2026-07-27 05:00:00,buffer-depth2,4680,18
2026-07-27 05:00:00,buffer-depth3,4669,19
2026-07-27 05:00:00,hp-ewt,11768,6
2026-07-27 05:00:00,hp-lwt,11147,6
2026-07-27 05:00:00,secondary-ewt,9008,4
2026-07-27 05:00:00,secondary-flow,780,3
2026-07-27 05:00:00,secondary-lwt,9025,4
2026-07-27 05:00:00,zone1-bedrooms-heat-call,0,3
2026-07-27 05:00:00,zone5-living-rm-fancoil-heat-call,0,3
2026-07-27 05:15:00,buffer-depth1,4720,27
2026-07-27 05:15:00,buffer-depth2,4710,19
2026-07-27 05:15:00,buffer-depth3,4716,19
2026-07-27 05:15:00,hp-ewt,10802,19
2026-07-27 05:15:00,hp-lwt,8941,41
2026-07-27 05:15:00,secondary-ewt,9300,2
2026-07-27 05:15:00,secondary-flow,780,2
2026-07-27 05:15:00,secondary-lwt,9425,2
2026-07-27 05:15:00,zone1-bedrooms-heat-call,0,3
2026-07-27 05:15:00,zone5-living-rm-fancoil-heat-call,1,5
2026-07-27 05:30:00,buffer-depth1,4766,16
2026-07-27 05:30:00,buffer-depth2,4752,16
2026-07-27 05:30:00,buffer-depth3,4745,17
2026-07-27 05:30:00,hp-ewt,10444,5
2026-07-27 05:30:00,hp-lwt,8949,12
2026-07-27 05:30:00,secondary-ewt,9428,5
2026-07-27 05:30:00,secondary-flow,780,5
2026-07-27 05:30:00,secondary-lwt,9359,7
2026-07-27 05:30:00,zone1-bedrooms-heat-call,0,3
2026-07-27 05:30:00,zone5-living-rm-fancoil-heat-call,0,3
2026-07-27 05:45:00,buffer-depth1,4742,20
2026-07-27 05:45:00,buffer-depth2,4748,16
2026-07-27 05:45:00,buffer-depth3,4772,15
2026-07-27 05:45:00,hp-ewt,10364,5
2026-07-27 05:45:00,hp-lwt,6910,20
2026-07-27 05:45:00,secondary-ewt,9772,11
2026-07-27 05:45:00,secondary-flow,794,6
2026-07-27 05:45:00,secondary-lwt,8909,14
2026-07-27 05:45:00,zone1-bedrooms-heat-call,0,3
2026-07-27 05:45:00,zone5-living-rm-fancoil-heat-call,1,5
2026-07-27 06:00:00,buffer-depth1,4664,21
2026-07-27 06:00:00,buffer-depth2,4687,22
2026-07-27 06:00:00,buffer-depth3,4733,20
2026-07-27 06:00:00,hp-ewt,9953,3
2026-07-27 06:00:00,hp-lwt,6495,6
2026-07-27 06:00:00,secondary-ewt,9133,3
2026-07-27 06:00:00,secondary-flow,779,3
2026-07-27 06:00:00,secondary-lwt,8335,4
2026-07-27 06:00:00,zone1-bedrooms-heat-call,0,3
2026-07-27 06:00:00,zone5-living-rm-fancoil-heat-call,0,3
2026-07-27 06:15:00,buffer-depth1,4625,24
2026-07-27 06:15:00,buffer-depth2,4621,22
2026-07-27 06:15:00,buffer-depth3,4660,18
2026-07-27 06:15:00,hp-ewt,9920,14
2026-07-27 06:15:00,hp-lwt,7856,25
2026-07-27 06:15:00,secondary-ewt,9113,20
2026-07-27 06:15:00,secondary-flow,786,9
2026-07-27 06:15:00,secondary-lwt,8356,18
2026-07-27 06:15:00,zone1-bedrooms-heat-call,0,3
2026-07-27 06:15:00,zone5-living-rm-fancoil-heat-call,0,5
2026-07-27 06:30:00,buffer-depth1,4701,19
2026-07-27 06:30:00,buffer-depth2,4685,20
2026-07-27 06:30:00,buffer-depth3,4669,20
2026-07-27 06:30:00,hp-ewt,11477,7
2026-07-27 06:30:00,hp-lwt,11061,8
2026-07-27 06:30:00,secondary-lwt,8990,1
2026-07-27 06:30:00,zone1-bedrooms-heat-call,0,3
2026-07-27 06:30:00,zone5-living-rm-fancoil-heat-call,0,3
2026-07-27 06:45:00,buffer-depth1,4696,26
2026-07-27 06:45:00,buffer-depth2,4682,17
2026-07-27 06:45:00,buffer-depth3,4707,18
2026-07-27 06:45:00,hp-ewt,10532,19
2026-07-27 06:45:00,hp-lwt,8834,45
2026-07-27 06:45:00,secondary-ewt,9170,5
2026-07-27 06:45:00,secondary-flow,780,2
2026-07-27 06:45:00,secondary-lwt,9096,25
2026-07-27 06:45:00,zone1-bedrooms-heat-call,0,3
2026-07-27 06:45:00,zone5-living-rm-fancoil-heat-call,1,4
2026-07-27 07:00:00,buffer-depth1,4690,18
2026-07-27 07:00:00,buffer-depth2,4687,18
2026-07-27 07:00:00,buffer-depth3,4714,22
2026-07-27 07:00:00,hp-ewt,11090,10
2026-07-27 07:00:00,hp-lwt,10143,13
2026-07-27 07:00:00,secondary-ewt,10937,7
2026-07-27 07:00:00,secondary-flow,0,4
2026-07-27 07:00:00,secondary-lwt,10539,12
2026-07-27 07:00:00,zone1-bedrooms-heat-call,0,5
2026-07-27 07:00:00,zone5-living-rm-fancoil-heat-call,0,4
2026-07-27 07:15:00,buffer-depth1,4704,15
2026-07-27 07:15:00,buffer-depth2,4694,15
2026-07-27 07:15:00,buffer-depth3,4710,15
2026-07-27 07:15:00,hp-ewt,12184,5
2026-07-27 07:15:00,hp-lwt,11606,5
2026-07-27 07:15:00,secondary-ewt,11826,5
2026-07-27 07:15:00,secondary-flow,0,2
2026-07-27 07:15:00,secondary-lwt,11884,5
2026-07-27 07:15:00,zone1-bedrooms-heat-call,0,3
2026-07-27 07:15:00,zone5-living-rm-fancoil-heat-call,0,3
2026-07-27 07:30:00,buffer-depth1,4724,17
2026-07-27 07:30:00,buffer-depth2,4725,18
2026-07-27 07:30:00,buffer-depth3,4781,32
2026-07-27 07:30:00,hp-ewt,12707,3
2026-07-27 07:30:00,hp-lwt,12130,3
2026-07-27 07:30:00,secondary-ewt,12358,5
2026-07-27 07:30:00,secondary-flow,0,4
2026-07-27 07:30:00,secondary-lwt,12460,4
2026-07-27 07:30:00,zone1-bedrooms-heat-call,0,3
2026-07-27 07:30:00,zone5-living-rm-fancoil-heat-call,0,5
2026-07-27 07:45:00,buffer-depth1,4748,16
2026-07-27 07:45:00,buffer-depth2,4738,15
2026-07-27 07:45:00,buffer-depth3,4757,15
2026-07-27 07:45:00,hp-ewt,13185,4
2026-07-27 07:45:00,hp-lwt,12493,4
2026-07-27 07:45:00,secondary-ewt,12853,3
2026-07-27 07:45:00,secondary-flow,0,3
2026-07-27 07:45:00,secondary-lwt,12947,3
2026-07-27 07:45:00,zone1-bedrooms-heat-call,0,3
2026-07-27 07:45:00,zone5-living-rm-fancoil-heat-call,0,3
2026-07-27 08:00:00,buffer-depth1,4769,18
2026-07-27 08:00:00,buffer-depth2,4769,22
2026-07-27 08:00:00,buffer-depth3,4821,29
2026-07-27 08:00:00,hp-ewt,13313,3
2026-07-27 08:00:00,hp-lwt,12627,3
2026-07-27 08:00:00,secondary-ewt,13110,4
2026-07-27 08:00:00,secondary-flow,0,3
2026-07-27 08:00:00,secondary-lwt,13237,3
2026-07-27 08:00:00,zone1-bedrooms-heat-call,0,3
2026-07-27 08:00:00,zone5-living-rm-fancoil-heat-call,1,5
2026-07-27 08:15:00,buffer-depth1,4798,15
2026-07-27 08:15:00,buffer-depth2,4789,16
2026-07-27 08:15:00,buffer-depth3,4804,15
2026-07-27 08:15:00,hp-ewt,12970,3
2026-07-27 08:15:00,hp-lwt,12637,3
2026-07-27 08:15:00,secondary-ewt,13400,3
2026-07-27 08:15:00,secondary-flow,0,3
2026-07-27 08:15:00,secondary-lwt,13543,3
2026-07-27 08:15:00,zone1-bedrooms-heat-call,0,3
2026-07-27 08:15:00,zone5-living-rm-fancoil-heat-call,0,3
2026-07-27 08:30:00,buffer-depth1,4814,17
2026-07-27 08:30:00,buffer-depth2,4815,20
2026-07-27 08:30:00,buffer-depth3,4867,29
2026-07-27 08:30:00,hp-ewt,12927,3
2026-07-27 08:30:00,hp-lwt,12697,3
2026-07-27 08:30:00,secondary-ewt,13783,3
2026-07-27 08:30:00,secondary-flow,0,3
2026-07-27 08:30:00,secondary-lwt,13787,3
2026-07-27 08:30:00,zone1-bedrooms-heat-call,0,3
2026-07-27 08:30:00,zone5-living-rm-fancoil-heat-call,1,5
2026-07-27 08:45:00,buffer-depth1,4848,16
2026-07-27 08:45:00,buffer-depth2,4840,15
2026-07-27 08:45:00,buffer-depth3,4857,17
2026-07-27 08:45:00,hp-ewt,13207,3
2026-07-27 08:45:00,hp-lwt,12903,3
2026-07-27 08:45:00,secondary-ewt,14157,3
2026-07-27 08:45:00,secondary-flow,0,3
2026-07-27 08:45:00,secondary-lwt,14023,3
2026-07-27 08:45:00,zone1-bedrooms-heat-call,0,3
2026-07-27 08:45:00,zone5-living-rm-fancoil-heat-call,0,3
2026-07-27 09:00:00,buffer-depth1,4858,17
2026-07-27 09:00:00,buffer-depth2,4855,21
2026-07-27 09:00:00,buffer-depth3,4898,24
2026-07-27 09:00:00,hp-ewt,13533,4
2026-07-27 09:00:00,hp-lwt,13093,4
2026-07-27 09:00:00,secondary-ewt,14508,4
2026-07-27 09:00:00,secondary-flow,0,4
2026-07-27 09:00:00,secondary-lwt,14283,4
2026-07-27 09:00:00,zone1-bedrooms-heat-call,0,3
2026-07-27 09:00:00,zone5-living-rm-fancoil-heat-call,1,4
2026-07-27 09:15:00,buffer-depth1,4893,16
2026-07-27 09:15:00,buffer-depth2,4888,16
2026-07-27 09:15:00,buffer-depth3,4926,18
2026-07-27 09:15:00,hp-ewt,13567,3
2026-07-27 09:15:00,hp-lwt,13060,3
2026-07-27 09:15:00,secondary-ewt,14743,3
2026-07-27 09:15:00,secondary-flow,0,3
2026-07-27 09:15:00,secondary-lwt,14467,3
2026-07-27 09:15:00,zone1-bedrooms-heat-call,0,3
2026-07-27 09:15:00,zone5-living-rm-fancoil-heat-call,1,4
2026-07-27 09:30:00,buffer-depth1,4905,15
2026-07-27 09:30:00,buffer-depth2,4898,17
2026-07-27 09:30:00,buffer-depth3,4941,23
2026-07-27 09:30:00,hp-ewt,13620,3
2026-07-27 09:30:00,hp-lwt,12967,3
2026-07-27 09:30:00,secondary-ewt,14877,3
2026-07-27 09:30:00,secondary-flow,0,3
2026-07-27 09:30:00,secondary-lwt,14630,3
2026-07-27 09:30:00,zone1-bedrooms-heat-call,0,3
2026-07-27 09:30:00,zone5-living-rm-fancoil-heat-call,0,4
2026-07-27 09:45:00,buffer-depth1,4946,20
2026-07-27 09:45:00,buffer-depth2,4948,19
2026-07-27 09:45:00,buffer-depth3,4999,20
2026-07-27 09:45:00,hp-ewt,13660,3
2026-07-27 09:45:00,hp-lwt,12823,3
2026-07-27 09:45:00,secondary-ewt,14943,3
2026-07-27 09:45:00,secondary-flow,0,3
2026-07-27 09:45:00,secondary-lwt,14730,3
2026-07-27 09:45:00,zone1-bedrooms-heat-call,0,3
2026-07-27 09:45:00,zone5-living-rm-fancoil-heat-call,1,6
2026-07-27 10:00:00,buffer-depth1,4979,16
2026-07-27 10:00:00,buffer-depth2,4972,16
2026-07-27 10:00:00,buffer-depth3,5002,19
2026-07-27 10:00:00,hp-ewt,13715,4
2026-07-27 10:00:00,hp-lwt,12603,4
2026-07-27 10:00:00,secondary-ewt,15000,5
2026-07-27 10:00:00,secondary-flow,0,5
2026-07-27 10:00:00,secondary-lwt,14868,5
2026-07-27 10:00:00,zone1-bedrooms-heat-call,0,3
2026-07-27 10:00:00,zone5-living-rm-fancoil-heat-call,0,4
2026-07-27 10:15:00,buffer-depth1,5022,20
2026-07-27 10:15:00,buffer-depth2,5025,19
2026-07-27 10:15:00,buffer-depth3,5075,21
2026-07-27 10:15:00,hp-ewt,13763,4
2026-07-27 10:15:00,hp-lwt,12448,4
2026-07-27 10:15:00,secondary-ewt,15030,3
2026-07-27 10:15:00,secondary-flow,0,3
2026-07-27 10:15:00,secondary-lwt,14940,3
2026-07-27 10:15:00,zone1-bedrooms-heat-call,0,3
2026-07-27 10:15:00,zone5-living-rm-fancoil-heat-call,1,4
2026-07-27 10:30:00,buffer-depth1,5055,16
2026-07-27 10:30:00,buffer-depth2,5052,18
2026-07-27 10:30:00,buffer-depth3,5087,24
2026-07-27 10:30:00,hp-ewt,14120,2
2026-07-27 10:30:00,hp-lwt,12460,2
2026-07-27 10:30:00,secondary-ewt,15213,4
2026-07-27 10:30:00,secondary-flow,0,4
2026-07-27 10:30:00,secondary-lwt,15153,4
2026-07-27 10:30:00,zone1-bedrooms-heat-call,0,3
2026-07-27 10:30:00,zone5-living-rm-fancoil-heat-call,1,4
2026-07-27 10:45:00,buffer-depth1,5097,20
2026-07-27 10:45:00,buffer-depth2,5103,18
2026-07-27 10:45:00,buffer-depth3,5144,20
2026-07-27 10:45:00,hp-ewt,14420,3
2026-07-27 10:45:00,hp-lwt,12607,3
2026-07-27 10:45:00,secondary-ewt,15407,3
2026-07-27 10:45:00,secondary-flow,0,3
2026-07-27 10:45:00,secondary-lwt,15357,3
2026-07-27 10:45:00,zone1-bedrooms-heat-call,0,3
2026-07-27 10:45:00,zone5-living-rm-fancoil-heat-call,1,4
2026-07-27 11:00:00,buffer-depth1,5132,16
2026-07-27 11:00:00,buffer-depth2,5127,20
2026-07-27 11:00:00,buffer-depth3,5150,21
2026-07-27 11:00:00,hp-ewt,14657,3
2026-07-27 11:00:00,hp-lwt,12877,3
2026-07-27 11:00:00,secondary-ewt,15610,3
2026-07-27 11:00:00,secondary-flow,0,3
2026-07-27 11:00:00,secondary-lwt,15537,3
2026-07-27 11:00:00,zone1-bedrooms-heat-call,0,3
2026-07-27 11:00:00,zone5-living-rm-fancoil-heat-call,0,4
2026-07-27 11:15:00,buffer-depth1,5160,18
2026-07-27 11:15:00,buffer-depth2,5158,21
2026-07-27 11:15:00,buffer-depth3,5193,19
2026-07-27 11:15:00,hp-ewt,14877,3
2026-07-27 11:15:00,hp-lwt,13177,3
2026-07-27 11:15:00,secondary-ewt,15757,3
2026-07-27 11:15:00,secondary-flow,0,3
2026-07-27 11:15:00,secondary-lwt,15730,3
2026-07-27 11:15:00,zone1-bedrooms-heat-call,0,3
2026-07-27 11:15:00,zone5-living-rm-fancoil-heat-call,1,4
2026-07-27 11:30:00,buffer-depth1,5183,16
2026-07-27 11:30:00,buffer-depth2,5178,19
2026-07-27 11:30:00,buffer-depth3,5211,22
2026-07-27 11:30:00,hp-ewt,15090,4
2026-07-27 11:30:00,hp-lwt,13415,4
2026-07-27 11:30:00,secondary-ewt,15943,3
2026-07-27 11:30:00,secondary-flow,0,3
2026-07-27 11:30:00,secondary-lwt,15897,3
2026-07-27 11:30:00,zone1-bedrooms-heat-call,0,3
2026-07-27 11:30:00,zone5-living-rm-fancoil-heat-call,1,4
2026-07-27 11:45:00,buffer-depth1,5216,17
2026-07-27 11:45:00,buffer-depth2,5211,16
2026-07-27 11:45:00,buffer-depth3,5238,18
2026-07-27 11:45:00,hp-ewt,15297,3
2026-07-27 11:45:00,hp-lwt,13290,4
2026-07-27 11:45:00,secondary-ewt,16117,3
2026-07-27 11:45:00,secondary-flow,0,3
2026-07-27 11:45:00,secondary-lwt,16060,3
2026-07-27 11:45:00,zone1-bedrooms-heat-call,0,3
2026-07-27 11:45:00,zone5-living-rm-fancoil-heat-call,1,6
2026-07-27 12:00:00,buffer-depth1,5250,37
2026-07-27 12:00:00,buffer-depth2,5222,25
2026-07-27 12:00:00,buffer-depth3,5221,15
2026-07-27 12:00:00,hp-ewt,13440,21
2026-07-27 12:00:00,hp-lwt,13004,63
2026-07-27 12:00:00,secondary-ewt,13507,23
2026-07-27 12:00:00,secondary-flow,611,7
2026-07-27 12:00:00,secondary-lwt,13444,41
2026-07-27 12:00:00,zone1-bedrooms-heat-call,0,3
2026-07-27 12:00:00,zone5-living-rm-fancoil-heat-call,1,4
2026-07-27 12:15:00,buffer-depth1,5177,20
2026-07-27 12:15:00,buffer-depth2,5180,19
2026-07-27 12:15:00,buffer-depth3,5201,18
2026-07-27 12:15:00,hp-ewt,12317,7
2026-07-27 12:15:00,hp-lwt,10515,13
2026-07-27 12:15:00,secondary-ewt,11570,3
2026-07-27 12:15:00,secondary-flow,742,3
2026-07-27 12:15:00,secondary-lwt,10995,6
2026-07-27 12:15:00,zone1-bedrooms-heat-call,0,3
2026-07-27 12:15:00,zone5-living-rm-fancoil-heat-call,0,4
2026-07-27 12:30:00,buffer-depth1,5125,16
2026-07-27 12:30:00,buffer-depth2,5128,17
2026-07-27 12:30:00,buffer-depth3,5163,18
2026-07-27 12:30:00,hp-ewt,12255,4
2026-07-27 12:30:00,hp-lwt,9788,4
2026-07-27 12:30:00,secondary-ewt,11718,9
2026-07-27 12:30:00,secondary-flow,771,6
2026-07-27 12:30:00,secondary-lwt,11137,6
2026-07-27 12:30:00,zone1-bedrooms-heat-call,0,3
2026-07-27 12:30:00,zone5-living-rm-fancoil-heat-call,1,5
2026-07-27 12:45:00,buffer-depth1,5059,23
2026-07-27 12:45:00,buffer-depth2,5071,22
2026-07-27 12:45:00,buffer-depth3,5106,20
2026-07-27 12:45:00,hp-ewt,11920,4
2026-07-27 12:45:00,hp-lwt,9252,5
2026-07-27 12:45:00,secondary-ewt,11153,3
2026-07-27 12:45:00,secondary-flow,744,4
2026-07-27 12:45:00,secondary-lwt,10590,5
2026-07-27 12:45:00,zone1-bedrooms-heat-call,0,3
2026-07-27 12:45:00,zone5-living-rm-fancoil-heat-call,0,4
2026-07-27 13:00:00,buffer-depth1,5000,19
2026-07-27 13:00:00,buffer-depth2,5006,17
2026-07-27 13:00:00,buffer-depth3,5042,19
2026-07-27 13:00:00,hp-ewt,11667,6
2026-07-27 13:00:00,hp-lwt,8778,8
2026-07-27 13:00:00,secondary-ewt,11211,12
2026-07-27 13:00:00,secondary-flow,768,5
2026-07-27 13:00:00,secondary-lwt,10321,7
2026-07-27 13:00:00,zone1-bedrooms-heat-call,0,3
2026-07-27 13:00:00,zone5-living-rm-fancoil-heat-call,1,6
2026-07-27 13:15:00,buffer-depth1,4911,22
2026-07-27 13:15:00,buffer-depth2,4924,22
2026-07-27 13:15:00,buffer-depth3,4967,22
2026-07-27 13:15:00,hp-ewt,11244,5
2026-07-27 13:15:00,hp-lwt,8050,6
2026-07-27 13:15:00,secondary-ewt,10595,11
2026-07-27 13:15:00,secondary-flow,751,5
2026-07-27 13:15:00,secondary-lwt,9641,10
2026-07-27 13:15:00,zone1-bedrooms-heat-call,0,3
2026-07-27 13:15:00,zone5-living-rm-fancoil-heat-call,0,4
2026-07-27 13:30:00,buffer-depth1,4844,20
2026-07-27 13:30:00,buffer-depth2,4855,19
2026-07-27 13:30:00,buffer-depth3,4893,19
2026-07-27 13:30:00,hp-ewt,11003,4
2026-07-27 13:30:00,hp-lwt,7758,4
2026-07-27 13:30:00,secondary-ewt,10163,4
2026-07-27 13:30:00,secondary-flow,767,5
2026-07-27 13:30:00,secondary-lwt,9360,5
2026-07-27 13:30:00,zone1-bedrooms-heat-call,0,3
2026-07-27 13:30:00,zone5-living-rm-fancoil-heat-call,1,4
2026-07-27 13:45:00,buffer-depth1,4758,22
2026-07-27 13:45:00,buffer-depth2,4774,21
2026-07-27 13:45:00,buffer-depth3,4817,21
2026-07-27 13:45:00,hp-ewt,10597,7
2026-07-27 13:45:00,hp-lwt,7409,7
2026-07-27 13:45:00,secondary-ewt,9667,3
2026-07-27 13:45:00,secondary-flow,780,3
2026-07-27 13:45:00,secondary-lwt,9003,3
2026-07-27 13:45:00,zone1-bedrooms-heat-call,0,3
2026-07-27 13:45:00,zone5-living-rm-fancoil-heat-call,1,4
2026-07-27 14:00:00,buffer-depth1,4719,19
2026-07-27 14:00:00,buffer-depth2,4726,19
2026-07-27 14:00:00,buffer-depth3,4767,18
2026-07-27 14:00:00,hp-ewt,10450,4
2026-07-27 14:00:00,hp-lwt,7218,4
2026-07-27 14:00:00,secondary-ewt,9418,5
2026-07-27 14:00:00,secondary-flow,770,4
2026-07-27 14:00:00,secondary-lwt,8734,5
2026-07-27 14:00:00,zone1-bedrooms-heat-call,0,3
2026-07-27 14:00:00,zone5-living-rm-fancoil-heat-call,1,4
2026-07-27 14:15:00,buffer-depth1,4645,23
2026-07-27 14:15:00,buffer-depth2,4655,22
2026-07-27 14:15:00,buffer-depth3,4708,22
2026-07-27 14:15:00,hp-ewt,10185,8
2026-07-27 14:15:00,hp-lwt,6964,7
2026-07-27 14:15:00,zone1-bedrooms-heat-call,0,3
2026-07-27 14:15:00,zone5-living-rm-fancoil-heat-call,1,4
2026-07-27 14:30:00,buffer-depth1,4613,19
2026-07-27 14:30:00,buffer-depth2,4620,18
2026-07-27 14:30:00,buffer-depth3,4665,17
2026-07-27 14:30:00,hp-ewt,9950,5
2026-07-27 14:30:00,hp-lwt,6853,4
2026-07-27 14:30:00,zone1-bedrooms-heat-call,0,3
2026-07-27 14:30:00,zone5-living-rm-fancoil-heat-call,1,4
2026-07-27 14:45:00,buffer-depth1,4543,19
2026-07-27 14:45:00,buffer-depth2,4556,18
2026-07-27 14:45:00,buffer-depth3,4602,19
2026-07-27 14:45:00,hp-ewt,9686,5
2026-07-27 14:45:00,hp-lwt,6550,6
2026-07-27 14:45:00,zone1-bedrooms-heat-call,0,3
2026-07-27 14:45:00,zone5-living-rm-fancoil-heat-call,1,4
2026-07-27 15:00:00,buffer-depth1,4518,19
2026-07-27 15:00:00,buffer-depth2,4524,18
2026-07-27 15:00:00,buffer-depth3,4567,18
2026-07-27 15:00:00,hp-ewt,9588,4
2026-07-27 15:00:00,hp-lwt,6388,4
2026-07-27 15:00:00,zone1-bedrooms-heat-call,0,3
2026-07-27 15:00:00,zone5-living-rm-fancoil-heat-call,1,6
2026-07-27 15:15:00,buffer-depth1,4472,17
2026-07-27 15:15:00,buffer-depth2,4477,16
2026-07-27 15:15:00,buffer-depth3,4523,17
2026-07-27 15:15:00,hp-ewt,9475,4
2026-07-27 15:15:00,hp-lwt,6308,6
2026-07-27 15:15:00,zone1-bedrooms-heat-call,0,3
2026-07-27 15:15:00,zone5-living-rm-fancoil-heat-call,1,4
2026-07-27 15:30:00,buffer-depth1,4471,15
2026-07-27 15:30:00,buffer-depth2,4470,15
2026-07-27 15:30:00,buffer-depth3,4510,15
2026-07-27 15:30:00,hp-ewt,9440,3
2026-07-27 15:30:00,hp-lwt,6240,3
2026-07-27 15:30:00,zone1-bedrooms-heat-call,0,3
2026-07-27 15:30:00,zone5-living-rm-fancoil-heat-call,1,3
2026-07-27 15:45:00,buffer-depth1,4461,15
2026-07-27 15:45:00,buffer-depth2,4462,15
2026-07-27 15:45:00,buffer-depth3,4498,15
2026-07-27 15:45:00,hp-ewt,9403,4
2026-07-27 15:45:00,hp-lwt,6170,4
2026-07-27 15:45:00,zone1-bedrooms-heat-call,0,3
2026-07-27 15:45:00,zone5-living-rm-fancoil-heat-call,1,3
2026-07-27 16:00:00,buffer-depth1,4495,19
2026-07-27 16:00:00,buffer-depth2,4500,20
2026-07-27 16:00:00,buffer-depth3,4551,27
2026-07-27 16:00:00,hp-ewt,9976,15
2026-07-27 16:00:00,hp-lwt,8283,22
2026-07-27 16:00:00,zone1-bedrooms-heat-call,0,3
2026-07-27 16:00:00,zone5-living-rm-fancoil-heat-call,1,6
2026-07-27 16:15:00,buffer-depth1,4561,21
2026-07-27 16:15:00,buffer-depth2,4588,26
2026-07-27 16:15:00,buffer-depth3,4633,25
2026-07-27 16:15:00,hp-ewt,11578,5
2026-07-27 16:15:00,hp-lwt,10810,5
2026-07-27 16:15:00,secondary-ewt,11114,7
2026-07-27 16:15:00,secondary-flow,0,2
2026-07-27 16:15:00,secondary-lwt,9879,15
2026-07-27 16:15:00,zone1-bedrooms-heat-call,0,3
2026-07-27 16:15:00,zone5-living-rm-fancoil-heat-call,1,4
2026-07-27 16:30:00,buffer-depth1,4665,21
2026-07-27 16:30:00,buffer-depth2,4665,22
2026-07-27 16:30:00,buffer-depth3,4730,20
2026-07-27 16:30:00,hp-ewt,11983,4
2026-07-27 16:30:00,hp-lwt,10826,5
2026-07-27 16:30:00,secondary-ewt,11675,8
2026-07-27 16:30:00,secondary-flow,0,5
2026-07-27 16:30:00,secondary-lwt,11513,11
2026-07-27 16:30:00,zone1-bedrooms-heat-call,0,3
2026-07-27 16:30:00,zone5-living-rm-fancoil-heat-call,1,3
2026-07-27 16:45:00,buffer-depth1,4764,23
2026-07-27 16:45:00,buffer-depth2,4766,27
2026-07-27 16:45:00,buffer-depth3,4827,24
2026-07-27 16:45:00,hp-ewt,13414,14
2026-07-27 16:45:00,hp-lwt,11418,4
2026-07-27 16:45:00,secondary-ewt,12636,5
2026-07-27 16:45:00,secondary-flow,0,2
2026-07-27 16:45:00,secondary-lwt,13268,9
2026-07-27 16:45:00,zone1-bedrooms-heat-call,0,3
2026-07-27 16:45:00,zone5-living-rm-fancoil-heat-call,1,3
2026-07-27 17:00:00,buffer-depth1,4876,24
2026-07-27 17:00:00,buffer-depth2,4883,22
2026-07-27 17:00:00,buffer-depth3,4935,23
2026-07-27 17:00:00,hp-ewt,14835,4
2026-07-27 17:00:00,hp-lwt,12017,6
2026-07-27 17:00:00,secondary-ewt,13107,3
2026-07-27 17:00:00,secondary-flow,0,3
2026-07-27 17:00:00,secondary-lwt,14167,3
2026-07-27 17:00:00,zone1-bedrooms-heat-call,0,3
2026-07-27 17:00:00,zone5-living-rm-fancoil-heat-call,1,3
2026-07-27 17:15:00,buffer-depth1,4956,19
2026-07-27 17:15:00,buffer-depth2,4958,22
2026-07-27 17:15:00,buffer-depth3,5010,22
2026-07-27 17:15:00,hp-ewt,14990,4
2026-07-27 17:15:00,hp-lwt,12593,4
2026-07-27 17:15:00,secondary-ewt,13603,4
2026-07-27 17:15:00,secondary-flow,0,4
2026-07-27 17:15:00,secondary-lwt,14356,5
2026-07-27 17:15:00,zone1-bedrooms-heat-call,0,3
2026-07-27 17:15:00,zone5-living-rm-fancoil-heat-call,1,3
2026-07-27 17:30:00,buffer-depth1,5048,21
2026-07-27 17:30:00,buffer-depth2,5056,22
2026-07-27 17:30:00,buffer-depth3,5102,23
2026-07-27 17:30:00,hp-ewt,15173,4
2026-07-27 17:30:00,hp-lwt,12953,3
2026-07-27 17:30:00,secondary-ewt,13910,3
2026-07-27 17:30:00,secondary-flow,0,3
2026-07-27 17:30:00,secondary-lwt,14617,3
2026-07-27 17:30:00,zone1-bedrooms-heat-call,0,3
2026-07-27 17:30:00,zone5-living-rm-fancoil-heat-call,1,3
2026-07-27 17:45:00,buffer-depth1,5117,18
2026-07-27 17:45:00,buffer-depth2,5121,21
2026-07-27 17:45:00,buffer-depth3,5168,20
2026-07-27 17:45:00,hp-ewt,15746,7
2026-07-27 17:45:00,hp-lwt,13033,3
2026-07-27 17:45:00,secondary-ewt,14070,3
2026-07-27 17:45:00,secondary-flow,0,3
2026-07-27 17:45:00,secondary-lwt,14633,3
2026-07-27 17:45:00,zone1-bedrooms-heat-call,0,5
2026-07-27 17:45:00,zone5-living-rm-fancoil-heat-call,1,3
2026-07-27 18:00:00,buffer-depth1,5196,21
2026-07-27 18:00:00,buffer-depth2,5203,20
2026-07-27 18:00:00,buffer-depth3,5240,20
2026-07-27 18:00:00,hp-ewt,16803,10
2026-07-27 18:00:00,hp-lwt,13110,3
2026-07-27 18:00:00,secondary-ewt,14277,3
2026-07-27 18:00:00,secondary-flow,0,3
2026-07-27 18:00:00,secondary-lwt,14783,3
2026-07-27 18:00:00,zone1-bedrooms-heat-call,0,3
2026-07-27 18:00:00,zone5-living-rm-fancoil-heat-call,1,3
2026-07-27 18:15:00,buffer-depth1,5261,19
2026-07-27 18:15:00,buffer-depth2,5264,20
2026-07-27 18:15:00,buffer-depth3,5299,21
2026-07-27 18:15:00,hp-ewt,17900,10
2026-07-27 18:15:00,hp-lwt,13226,5
2026-07-27 18:15:00,secondary-ewt,14640,4
2026-07-27 18:15:00,secondary-flow,6,6
2026-07-27 18:15:00,secondary-lwt,14850,4
2026-07-27 18:15:00,zone1-bedrooms-heat-call,0,3
2026-07-27 18:15:00,zone5-living-rm-fancoil-heat-call,1,3
2026-07-27 18:30:00,buffer-depth1,5332,18
2026-07-27 18:30:00,buffer-depth2,5337,17
2026-07-27 18:30:00,buffer-depth3,5367,17
2026-07-27 18:30:00,hp-ewt,17403,4
2026-07-27 18:30:00,hp-lwt,13817,6
2026-07-27 18:30:00,secondary-ewt,15034,5
2026-07-27 18:30:00,secondary-flow,0,5
2026-07-27 18:30:00,secondary-lwt,15030,5
2026-07-27 18:30:00,zone1-bedrooms-heat-call,0,3
2026-07-27 18:30:00,zone5-living-rm-fancoil-heat-call,1,4
2026-07-27 18:45:00,buffer-depth1,5373,16
2026-07-27 18:45:00,buffer-depth2,5369,17
2026-07-27 18:45:00,buffer-depth3,5399,23
2026-07-27 18:45:00,hp-ewt,17640,4
2026-07-27 18:45:00,hp-lwt,14587,6
2026-07-27 18:45:00,secondary-ewt,15330,3
2026-07-27 18:45:00,secondary-flow,6,5
2026-07-27 18:45:00,secondary-lwt,15187,3
2026-07-27 18:45:00,zone1-bedrooms-heat-call,0,3
2026-07-27 18:45:00,zone5-living-rm-fancoil-heat-call,1,4
2026-07-27 19:00:00,buffer-depth1,5427,21
2026-07-27 19:00:00,buffer-depth2,5428,21
2026-07-27 19:00:00,buffer-depth3,5460,21
2026-07-27 19:00:00,hp-ewt,17740,3
2026-07-27 19:00:00,hp-lwt,14960,3
2026-07-27 19:00:00,secondary-ewt,15259,8
2026-07-27 19:00:00,secondary-flow,0,3
2026-07-27 19:00:00,secondary-lwt,15375,4
2026-07-27 19:00:00,zone1-bedrooms-heat-call,0,3
2026-07-27 19:00:00,zone5-living-rm-fancoil-heat-call,1,3
2026-07-27 19:15:00,buffer-depth1,5489,18
2026-07-27 19:15:00,buffer-depth2,5487,18
2026-07-27 19:15:00,buffer-depth3,5510,18
2026-07-27 19:15:00,hp-ewt,17725,2
2026-07-27 19:15:00,hp-lwt,14945,2
2026-07-27 19:15:00,secondary-ewt,14426,5
2026-07-27 19:15:00,secondary-flow,0,3
2026-07-27 19:15:00,secondary-lwt,15418,5
2026-07-27 19:15:00,zone1-bedrooms-heat-call,0,3
2026-07-27 19:15:00,zone5-living-rm-fancoil-heat-call,1,4
2026-07-27 19:30:00,buffer-depth1,5521,19
2026-07-27 19:30:00,buffer-depth2,5518,19
2026-07-27 19:30:00,buffer-depth3,5543,22
2026-07-27 19:30:00,hp-ewt,17633,3
2026-07-27 19:30:00,hp-lwt,14863,3
2026-07-27 19:30:00,secondary-ewt,14625,4
2026-07-27 19:30:00,secondary-flow,0,3
2026-07-27 19:30:00,secondary-lwt,15390,6
2026-07-27 19:30:00,zone1-bedrooms-heat-call,0,3
2026-07-27 19:30:00,zone5-living-rm-fancoil-heat-call,1,4
2026-07-27 19:45:00,buffer-depth1,5576,17
2026-07-27 19:45:00,buffer-depth2,5574,18
2026-07-27 19:45:00,buffer-depth3,5598,19
2026-07-27 19:45:00,hp-ewt,17485,4
2026-07-27 19:45:00,hp-lwt,14783,4
2026-07-27 19:45:00,secondary-ewt,14597,3
2026-07-27 19:45:00,secondary-flow,0,3
2026-07-27 19:45:00,secondary-lwt,14837,3
2026-07-27 19:45:00,zone1-bedrooms-heat-call,0,3
2026-07-27 19:45:00,zone5-living-rm-fancoil-heat-call,1,4
2026-07-27 20:00:00,buffer-depth1,5537,37
2026-07-27 20:00:00,buffer-depth2,5542,27
2026-07-27 20:00:00,buffer-depth3,5556,22
2026-07-27 20:00:00,hp-ewt,15157,22
2026-07-27 20:00:00,hp-lwt,13200,50
2026-07-27 20:00:00,secondary-ewt,13865,17
2026-07-27 20:00:00,secondary-flow,662,10
2026-07-27 20:00:00,secondary-lwt,13470,33
2026-07-27 20:00:00,zone1-bedrooms-heat-call,0,5
2026-07-27 20:00:00,zone5-living-rm-fancoil-heat-call,1,4
2026-07-27 20:15:00,buffer-depth1,5448,21
2026-07-27 20:15:00,buffer-depth2,5461,19
2026-07-27 20:15:00,buffer-depth3,5492,18
2026-07-27 20:15:00,hp-ewt,13605,4
2026-07-27 20:15:00,hp-lwt,10836,18
2026-07-27 20:15:00,secondary-ewt,13293,4
2026-07-27 20:15:00,secondary-flow,788,7
2026-07-27 20:15:00,secondary-lwt,12568,9
2026-07-27 20:15:00,zone1-bedrooms-heat-call,0,3
2026-07-27 20:15:00,zone5-living-rm-fancoil-heat-call,1,4
2026-07-27 20:30:00,buffer-depth1,5333,21
2026-07-27 20:30:00,buffer-depth2,5358,23
2026-07-27 20:30:00,buffer-depth3,5401,23
2026-07-27 20:30:00,hp-ewt,13148,5
2026-07-27 20:30:00,hp-lwt,9618,10
2026-07-27 20:30:00,secondary-ewt,12600,1
2026-07-27 20:30:00,secondary-flow,783,1
2026-07-27 20:30:00,secondary-lwt,11660,1
2026-07-27 20:30:00,zone1-bedrooms-heat-call,0,5
2026-07-27 20:30:00,zone5-living-rm-fancoil-heat-call,1,4
2026-07-27 20:45:00,buffer-depth1,5249,21
2026-07-27 20:45:00,buffer-depth2,5267,21
2026-07-27 20:45:00,buffer-depth3,5310,21
2026-07-27 20:45:00,hp-ewt,12843,4
2026-07-27 20:45:00,hp-lwt,9333,4
2026-07-27 20:45:00,secondary-ewt,12509,9
2026-07-27 20:45:00,secondary-flow,790,5
2026-07-27 20:45:00,secondary-lwt,11517,7
2026-07-27 20:45:00,zone1-bedrooms-heat-call,0,3
2026-07-27 20:45:00,zone5-living-rm-fancoil-heat-call,1,4
2026-07-27 21:00:00,buffer-depth1,5147,22
2026-07-27 21:00:00,buffer-depth2,5172,21
2026-07-27 21:00:00,buffer-depth3,5215,21
2026-07-27 21:00:00,hp-ewt,12350,5
2026-07-27 21:00:00,hp-lwt,8865,4
2026-07-27 21:00:00,secondary-ewt,11914,11
2026-07-27 21:00:00,secondary-flow,764,7
2026-07-27 21:00:00,secondary-lwt,10881,7
2026-07-27 21:00:00,zone1-bedrooms-heat-call,0,3
2026-07-27 21:00:00,zone5-living-rm-fancoil-heat-call,1,4
2026-07-27 21:15:00,buffer-depth1,5059,21
2026-07-27 21:15:00,buffer-depth2,5080,23
2026-07-27 21:15:00,buffer-depth3,5127,23
2026-07-27 21:15:00,hp-ewt,11793,6
2026-07-27 21:15:00,hp-lwt,8426,5
2026-07-27 21:15:00,secondary-ewt,11399,11
2026-07-27 21:15:00,secondary-flow,768,7
2026-07-27 21:15:00,secondary-lwt,10341,7
2026-07-27 21:15:00,zone1-bedrooms-heat-call,0,3
2026-07-27 21:15:00,zone5-living-rm-fancoil-heat-call,1,4
2026-07-27 21:30:00,buffer-depth1,4976,20
2026-07-27 21:30:00,buffer-depth2,4993,19
2026-07-27 21:30:00,buffer-depth3,5035,20
2026-07-27 21:30:00,hp-ewt,11250,5
2026-07-27 21:30:00,hp-lwt,7903,4
2026-07-27 21:30:00,secondary-ewt,10810,2
2026-07-27 21:30:00,secondary-flow,782,2
2026-07-27 21:30:00,secondary-lwt,9865,2
2026-07-27 21:30:00,zone1-bedrooms-heat-call,0,3
2026-07-27 21:30:00,zone5-living-rm-fancoil-heat-call,1,4
2026-07-27 21:45:00,buffer-depth1,4884,24
2026-07-27 21:45:00,buffer-depth2,4906,23
2026-07-27 21:45:00,buffer-depth3,4957,23
2026-07-27 21:45:00,hp-ewt,10688,6
2026-07-27 21:45:00,hp-lwt,7343,6
2026-07-27 21:45:00,secondary-ewt,10202,6
2026-07-27 21:45:00,secondary-flow,741,4
2026-07-27 21:45:00,secondary-lwt,9216,7
2026-07-27 21:45:00,zone1-bedrooms-heat-call,0,3
2026-07-27 21:45:00,zone5-living-rm-fancoil-heat-call,0,4
2026-07-27 22:00:00,buffer-depth1,4752,23
2026-07-27 22:00:00,buffer-depth2,4774,23
2026-07-27 22:00:00,buffer-depth3,4832,24
2026-07-27 22:00:00,hp-ewt,10055,6
2026-07-27 22:00:00,hp-lwt,6666,5
2026-07-27 22:00:00,secondary-ewt,9722,9
2026-07-27 22:00:00,secondary-flow,750,6
2026-07-27 22:00:00,secondary-lwt,8596,7
2026-07-27 22:00:00,zone1-bedrooms-heat-call,0,3
2026-07-27 22:00:00,zone5-living-rm-fancoil-heat-call,0,3
2026-07-27 22:15:00,buffer-depth1,4661,23
2026-07-27 22:15:00,buffer-depth2,4677,21
2026-07-27 22:15:00,buffer-depth3,4728,21
2026-07-27 22:15:00,hp-ewt,9803,8
2026-07-27 22:15:00,hp-lwt,6405,8
2026-07-27 22:15:00,secondary-ewt,9694,10
2026-07-27 22:15:00,secondary-flow,764,5
2026-07-27 22:15:00,secondary-lwt,8466,10
2026-07-27 22:15:00,zone1-bedrooms-heat-call,0,3
2026-07-27 22:15:00,zone5-living-rm-fancoil-heat-call,0,3
2026-07-27 22:30:00,buffer-depth1,4551,24
2026-07-27 22:30:00,buffer-depth2,4570,23
2026-07-27 22:30:00,buffer-depth3,4624,22
2026-07-27 22:30:00,hp-ewt,9249,9
2026-07-27 22:30:00,hp-lwt,7068,20
2026-07-27 22:30:00,zone1-bedrooms-heat-call,0,3
2026-07-27 22:30:00,zone5-living-rm-fancoil-heat-call,0,3
2026-07-27 22:45:00,buffer-depth1,4556,16
2026-07-27 22:45:00,buffer-depth2,4547,16
2026-07-27 22:45:00,buffer-depth3,4573,16
2026-07-27 22:45:00,hp-ewt,10223,6
2026-07-27 22:45:00,hp-lwt,9830,6
2026-07-27 22:45:00,zone1-bedrooms-heat-call,0,3
2026-07-27 22:45:00,zone5-living-rm-fancoil-heat-call,0,3
2026-07-27 23:00:00,buffer-depth1,4554,24
2026-07-27 23:00:00,buffer-depth2,4539,20
2026-07-27 23:00:00,buffer-depth3,4565,18
2026-07-27 23:00:00,hp-ewt,9399,11
2026-07-27 23:00:00,hp-lwt,8375,43
2026-07-27 23:00:00,secondary-ewt,8808,8
2026-07-27 23:00:00,secondary-flow,756,5
2026-07-27 23:00:00,secondary-lwt,7279,9
2026-07-27 23:00:00,zone1-bedrooms-heat-call,0,3
2026-07-27 23:00:00,zone5-living-rm-fancoil-heat-call,0,3
2026-07-27 23:15:00,buffer-depth1,4527,20
2026-07-27 23:15:00,buffer-depth2,4523,19
2026-07-27 23:15:00,buffer-depth3,4543,16
2026-07-27 23:15:00,hp-ewt,9123,6
2026-07-27 23:15:00,hp-lwt,7193,18
2026-07-27 23:15:00,secondary-ewt,8786,9
2026-07-27 23:15:00,secondary-flow,769,4
2026-07-27 23:15:00,secondary-lwt,7880,8
2026-07-27 23:15:00,zone1-bedrooms-heat-call,0,3
2026-07-27 23:15:00,zone5-living-rm-fancoil-heat-call,0,3
2026-07-27 23:30:00,buffer-depth1,4510,18
2026-07-27 23:30:00,buffer-depth2,4508,15
2026-07-27 23:30:00,buffer-depth3,4539,15
2026-07-27 23:30:00,hp-ewt,9619,11
2026-07-27 23:30:00,hp-lwt,7834,20
2026-07-27 23:30:00,secondary-ewt,8080,1
2026-07-27 23:30:00,secondary-flow,740,1
2026-07-27 23:30:00,secondary-lwt,7400,10
2026-07-27 23:30:00,zone1-bedrooms-heat-call,0,3
2026-07-27 23:30:00,zone5-living-rm-fancoil-heat-call,0,3
2026-07-27 23:45:00,buffer-depth1,4532,18
2026-07-27 23:45:00,buffer-depth2,4524,18
2026-07-27 23:45:00,buffer-depth3,4544,18
2026-07-27 23:45:00,hp-ewt,11039,9
2026-07-27 23:45:00,hp-lwt,10261,9
2026-07-27 23:45:00,zone1-bedrooms-heat-call,0,3
2026-07-27 23:45:00,zone5-living-rm-fancoil-heat-call,0,3
2026-07-28 00:00:00,buffer-depth1,4550,29
2026-07-28 00:00:00,buffer-depth2,4537,18
2026-07-28 00:00:00,buffer-depth3,4557,16
2026-07-28 00:00:00,hp-ewt,9997,24
2026-07-28 00:00:00,hp-lwt,8532,55
2026-07-28 00:00:00,zone1-bedrooms-heat-call,0,3
2026-07-28 00:00:00,zone5-living-rm-fancoil-heat-call,0,3
2026-07-28 00:15:00,buffer-depth1,4571,20
2026-07-28 00:15:00,buffer-depth2,4557,18
2026-07-28 00:15:00,buffer-depth3,4570,16
2026-07-28 00:15:00,hp-ewt,11108,6
2026-07-28 00:15:00,hp-lwt,10325,6
2026-07-28 00:15:00,zone1-bedrooms-heat-call,0,5
2026-07-28 00:15:00,zone5-living-rm-fancoil-heat-call,0,3
2026-07-28 00:30:00,buffer-depth1,4614,27
2026-07-28 00:30:00,buffer-depth2,4602,20
2026-07-28 00:30:00,buffer-depth3,4599,17
2026-07-28 00:30:00,hp-ewt,10312,20
2026-07-28 00:30:00,hp-lwt,8743,55
2026-07-28 00:30:00,secondary-ewt,8445,2
2026-07-28 00:30:00,secondary-flow,741,2
2026-07-28 00:30:00,secondary-lwt,8515,2
2026-07-28 00:30:00,zone1-bedrooms-heat-call,0,3
2026-07-28 00:30:00,zone5-living-rm-fancoil-heat-call,0,3
2026-07-28 00:45:00,buffer-depth1,4620,16
2026-07-28 00:45:00,buffer-depth2,4612,16
2026-07-28 00:45:00,buffer-depth3,4629,16
2026-07-28 00:45:00,hp-ewt,11180,6
2026-07-28 00:45:00,hp-lwt,10457,6
2026-07-28 00:45:00,secondary-ewt,8523,3
2026-07-28 00:45:00,secondary-flow,741,3
2026-07-28 00:45:00,secondary-lwt,8590,3
2026-07-28 00:45:00,zone1-bedrooms-heat-call,0,3
2026-07-28 00:45:00,zone5-living-rm-fancoil-heat-call,0,3
2026-07-28 01:00:00,buffer-depth1,4620,29
2026-07-28 01:00:00,buffer-depth2,4617,19
2026-07-28 01:00:00,buffer-depth3,4641,16
2026-07-28 01:00:00,hp-ewt,10237,25
2026-07-28 01:00:00,hp-lwt,8647,57
2026-07-28 01:00:00,secondary-ewt,8550,3
2026-07-28 01:00:00,secondary-flow,740,3
2026-07-28 01:00:00,secondary-lwt,8509,38
2026-07-28 01:00:00,zone1-bedrooms-heat-call,0,3
2026-07-28 01:00:00,zone5-living-rm-fancoil-heat-call,0,3
2026-07-28 01:15:00,buffer-depth1,4639,16
2026-07-28 01:15:00,buffer-depth2,4631,16
2026-07-28 01:15:00,buffer-depth3,4651,16
2026-07-28 01:15:00,hp-ewt,11393,6
2026-07-28 01:15:00,hp-lwt,10574,7
2026-07-28 01:15:00,secondary-ewt,8607,3
2026-07-28 01:15:00,secondary-flow,740,3
2026-07-28 01:15:00,secondary-lwt,8667,3
2026-07-28 01:15:00,zone1-bedrooms-heat-call,0,3
2026-07-28 01:15:00,zone5-living-rm-fancoil-heat-call,0,3
2026-07-28 01:30:00,buffer-depth1,4649,28
2026-07-28 01:30:00,buffer-depth2,4642,20
2026-07-28 01:30:00,buffer-depth3,4665,16
2026-07-28 01:30:00,hp-ewt,10614,23
2026-07-28 01:30:00,hp-lwt,8704,55
2026-07-28 01:30:00,secondary-ewt,8687,3
2026-07-28 01:30:00,secondary-flow,741,3
2026-07-28 01:30:00,secondary-lwt,8638,36
2026-07-28 01:30:00,zone1-bedrooms-heat-call,0,3
2026-07-28 01:30:00,zone5-living-rm-fancoil-heat-call,0,3
2026-07-28 01:45:00,buffer-depth1,4661,15
2026-07-28 01:45:00,buffer-depth2,4653,15
2026-07-28 01:45:00,buffer-depth3,4673,15
2026-07-28 01:45:00,hp-ewt,11476,7
2026-07-28 01:45:00,hp-lwt,10687,7
2026-07-28 01:45:00,secondary-ewt,8750,1
2026-07-28 01:45:00,secondary-flow,738,1
2026-07-28 01:45:00,secondary-lwt,8820,1
2026-07-28 01:45:00,zone1-bedrooms-heat-call,0,3
2026-07-28 01:45:00,zone5-living-rm-fancoil-heat-call,0,3
2026-07-28 02:00:00,buffer-depth1,4667,29
2026-07-28 02:00:00,buffer-depth2,4661,19
2026-07-28 02:00:00,buffer-depth3,4687,17
2026-07-28 02:00:00,hp-ewt,10706,25
2026-07-28 02:00:00,hp-lwt,8865,56
2026-07-28 02:00:00,secondary-ewt,8835,2
2026-07-28 02:00:00,secondary-flow,741,2
2026-07-28 02:00:00,secondary-lwt,8430,6
2026-07-28 02:00:00,zone1-bedrooms-heat-call,0,3
2026-07-28 02:00:00,zone5-living-rm-fancoil-heat-call,0,3
2026-07-28 02:15:00,buffer-depth1,4679,16
2026-07-28 02:15:00,buffer-depth2,4671,16
2026-07-28 02:15:00,buffer-depth3,4692,16
2026-07-28 02:15:00,hp-ewt,11343,7
2026-07-28 02:15:00,hp-lwt,10586,8
2026-07-28 02:15:00,secondary-ewt,8825,4
2026-07-28 02:15:00,secondary-flow,741,4
2026-07-28 02:15:00,secondary-lwt,8875,4
2026-07-28 02:15:00,zone1-bedrooms-heat-call,0,3
2026-07-28 02:15:00,zone5-living-rm-fancoil-heat-call,0,3
2026-07-28 02:30:00,buffer-depth1,4688,33
2026-07-28 02:30:00,buffer-depth2,4686,19
2026-07-28 02:30:00,buffer-depth3,4707,16
2026-07-28 02:30:00,hp-ewt,10841,25
2026-07-28 02:30:00,hp-lwt,8870,55
2026-07-28 02:30:00,secondary-ewt,8927,3
2026-07-28 02:30:00,secondary-flow,742,3
2026-07-28 02:30:00,secondary-lwt,8746,37
2026-07-28 02:30:00,zone1-bedrooms-heat-call,0,3
2026-07-28 02:30:00,zone5-living-rm-fancoil-heat-call,0,3
2026-07-28 02:45:00,buffer-depth1,4694,18
2026-07-28 02:45:00,buffer-depth2,4685,17
2026-07-28 02:45:00,buffer-depth3,4709,17
2026-07-28 02:45:00,hp-ewt,11201,8
2026-07-28 02:45:00,hp-lwt,10412,9
2026-07-28 02:45:00,secondary-ewt,8960,1
2026-07-28 02:45:00,secondary-flow,739,1
2026-07-28 02:45:00,secondary-lwt,8990,1
2026-07-28 02:45:00,zone1-bedrooms-heat-call,0,3
2026-07-28 02:45:00,zone5-living-rm-fancoil-heat-call,0,3
2026-07-28 03:00:00,buffer-depth1,4722,22
2026-07-28 03:00:00,buffer-depth2,4705,17
2026-07-28 03:00:00,buffer-depth3,4723,16
2026-07-28 03:00:00,hp-ewt,11620,17
2026-07-28 03:00:00,hp-lwt,10033,32
2026-07-28 03:00:00,secondary-ewt,9023,3
2026-07-28 03:00:00,secondary-flow,741,3
2026-07-28 03:00:00,secondary-lwt,9525,22
2026-07-28 03:00:00,zone1-bedrooms-heat-call,0,3
2026-07-28 03:00:00,zone5-living-rm-fancoil-heat-call,0,3
2026-07-28 03:15:00,buffer-depth1,4690,24
2026-07-28 03:15:00,buffer-depth2,4699,17
2026-07-28 03:15:00,buffer-depth3,4728,15
2026-07-28 03:15:00,hp-ewt,10506,16
2026-07-28 03:15:00,hp-lwt,7898,32
2026-07-28 03:15:00,secondary-ewt,9027,3
2026-07-28 03:15:00,secondary-flow,741,3
2026-07-28 03:15:00,secondary-lwt,7942,17
2026-07-28 03:15:00,zone1-bedrooms-heat-call,0,3
2026-07-28 03:15:00,zone5-living-rm-fancoil-heat-call,0,3
2026-07-28 03:30:00,buffer-depth1,4725,17
2026-07-28 03:30:00,buffer-depth2,4716,17
2026-07-28 03:30:00,buffer-depth3,4737,16
2026-07-28 03:30:00,hp-ewt,12065,6
2026-07-28 03:30:00,hp-lwt,11292,6
2026-07-28 03:30:00,secondary-ewt,9090,3
2026-07-28 03:30:00,secondary-flow,742,3
2026-07-28 03:30:00,secondary-lwt,9123,3
2026-07-28 03:30:00,zone1-bedrooms-heat-call,0,3
2026-07-28 03:30:00,zone5-living-rm-fancoil-heat-call,0,3
2026-07-28 03:45:00,buffer-depth1,4709,26
2026-07-28 03:45:00,buffer-depth2,4722,19
2026-07-28 03:45:00,buffer-depth3,4748,17
2026-07-28 03:45:00,hp-ewt,10981,24
2026-07-28 03:45:00,hp-lwt,8512,49
2026-07-28 03:45:00,secondary-ewt,9130,1
2026-07-28 03:45:00,secondary-flow,742,1
2026-07-28 03:45:00,secondary-lwt,9265,2
2026-07-28 03:45:00,zone1-bedrooms-heat-call,0,3
2026-07-28 03:45:00,zone5-living-rm-fancoil-heat-call,0,3
2026-07-28 04:00:00,buffer-depth1,4737,17
2026-07-28 04:00:00,buffer-depth2,4729,17
2026-07-28 04:00:00,buffer-depth3,4748,16
2026-07-28 04:00:00,hp-ewt,11629,7
2026-07-28 04:00:00,hp-lwt,10857,7
2026-07-28 04:00:00,secondary-ewt,9173,3
2026-07-28 04:00:00,secondary-flow,740,3
2026-07-28 04:00:00,secondary-lwt,9193,3
2026-07-28 04:00:00,zone1-bedrooms-heat-call,0,3
2026-07-28 04:00:00,zone5-living-rm-fancoil-heat-call,0,3
2026-07-28 04:15:00,buffer-depth1,4737,28
2026-07-28 04:15:00,buffer-depth2,4737,20
2026-07-28 04:15:00,buffer-depth3,4763,16
2026-07-28 04:15:00,hp-ewt,11103,21
2026-07-28 04:15:00,hp-lwt,8848,51
2026-07-28 04:15:00,secondary-ewt,9230,1
2026-07-28 04:15:00,secondary-flow,740,1
2026-07-28 04:15:00,secondary-lwt,9230,1
2026-07-28 04:15:00,zone1-bedrooms-heat-call,0,3
2026-07-28 04:15:00,zone5-living-rm-fancoil-heat-call,0,3
2026-07-28 04:30:00,buffer-depth1,4750,16
2026-07-28 04:30:00,buffer-depth2,4740,15
2026-07-28 04:30:00,buffer-depth3,4762,15
2026-07-28 04:30:00,hp-ewt,11462,10
2026-07-28 04:30:00,hp-lwt,10692,9
2026-07-28 04:30:00,secondary-ewt,9223,4
2026-07-28 04:30:00,secondary-flow,739,4
2026-07-28 04:30:00,secondary-lwt,9245,4
2026-07-28 04:30:00,zone1-bedrooms-heat-call,0,3
2026-07-28 04:30:00,zone5-living-rm-fancoil-heat-call,0,3
2026-07-28 04:45:00,buffer-depth1,4767,15
2026-07-28 04:45:00,buffer-depth2,4758,16
2026-07-28 04:45:00,buffer-depth3,4777,16
2026-07-28 04:45:00,hp-ewt,12499,9
2026-07-28 04:45:00,hp-lwt,11694,8
2026-07-28 04:45:00,secondary-ewt,9317,3
2026-07-28 04:45:00,secondary-flow,739,3
2026-07-28 04:45:00,secondary-lwt,9577,6
2026-07-28 04:45:00,zone1-bedrooms-heat-call,0,3
2026-07-28 04:45:00,zone5-living-rm-fancoil-heat-call,0,3
2026-07-28 05:00:00,buffer-depth1,4754,31
2026-07-28 05:00:00,buffer-depth2,4752,19
2026-07-28 05:00:00,buffer-depth3,4780,17
2026-07-28 05:00:00,hp-ewt,10823,23
2026-07-28 05:00:00,hp-lwt,8629,51
2026-07-28 05:00:00,secondary-ewt,9347,3
2026-07-28 05:00:00,secondary-flow,739,3
2026-07-28 05:00:00,secondary-lwt,8965,31
2026-07-28 05:00:00,zone1-bedrooms-heat-call,0,3
2026-07-28 05:00:00,zone5-living-rm-fancoil-heat-call,0,3
2026-07-28 05:15:00,buffer-depth1,4775,16
2026-07-28 05:15:00,buffer-depth2,4767,16
2026-07-28 05:15:00,buffer-depth3,4787,16
2026-07-28 05:15:00,hp-ewt,12153,6
2026-07-28 05:15:00,hp-lwt,11357,6
2026-07-28 05:15:00,secondary-ewt,9347,3
2026-07-28 05:15:00,secondary-flow,740,3
2026-07-28 05:15:00,secondary-lwt,9380,3
2026-07-28 05:15:00,zone1-bedrooms-heat-call,0,3
2026-07-28 05:15:00,zone5-living-rm-fancoil-heat-call,0,3
2026-07-28 05:30:00,buffer-depth1,4766,31
2026-07-28 05:30:00,buffer-depth2,4769,22
2026-07-28 05:30:00,buffer-depth3,4792,15
2026-07-28 05:30:00,hp-ewt,11122,26
2026-07-28 05:30:00,hp-lwt,8745,52
2026-07-28 05:30:00,secondary-ewt,9417,3
2026-07-28 05:30:00,secondary-flow,739,3
2026-07-28 05:30:00,secondary-lwt,8951,33
2026-07-28 05:30:00,zone1-bedrooms-heat-call,0,3
2026-07-28 05:30:00,zone5-living-rm-fancoil-heat-call,0,3
2026-07-28 05:45:00,buffer-depth1,4783,17
2026-07-28 05:45:00,buffer-depth2,4774,17
2026-07-28 05:45:00,buffer-depth3,4792,16
2026-07-28 05:45:00,hp-ewt,11947,6
2026-07-28 05:45:00,hp-lwt,11137,6
2026-07-28 05:45:00,secondary-ewt,9407,3
2026-07-28 05:45:00,secondary-flow,738,3
2026-07-28 05:45:00,secondary-lwt,9420,3
2026-07-28 05:45:00,zone1-bedrooms-heat-call,0,3
2026-07-28 05:45:00,zone5-living-rm-fancoil-heat-call,0,3
2026-07-28 06:00:00,buffer-depth1,4780,28
2026-07-28 06:00:00,buffer-depth2,4778,19
2026-07-28 06:00:00,buffer-depth3,4806,17
2026-07-28 06:00:00,hp-ewt,11210,25
2026-07-28 06:00:00,hp-lwt,9373,49
2026-07-28 06:00:00,zone1-bedrooms-heat-call,0,3
2026-07-28 06:00:00,zone5-living-rm-fancoil-heat-call,0,3
2026-07-28 06:15:00,buffer-depth1,4792,16
2026-07-28 06:15:00,buffer-depth2,4784,16
2026-07-28 06:15:00,buffer-depth3,4804,15
2026-07-28 06:15:00,hp-ewt,11937,7
2026-07-28 06:15:00,hp-lwt,11093,7
2026-07-28 06:15:00,zone1-bedrooms-heat-call,0,3
2026-07-28 06:15:00,zone5-living-rm-fancoil-heat-call,0,3
2026-07-28 06:30:00,buffer-depth1,4784,30
2026-07-28 06:30:00,buffer-depth2,4784,19
2026-07-28 06:30:00,buffer-depth3,4809,15
2026-07-28 06:30:00,hp-ewt,10968,24
2026-07-28 06:30:00,hp-lwt,9180,57
2026-07-28 06:30:00,zone1-bedrooms-heat-call,0,3
2026-07-28 06:30:00,zone5-living-rm-fancoil-heat-call,0,3
2026-07-28 06:45:00,buffer-depth1,4795,27
2026-07-28 06:45:00,buffer-depth2,4787,17
2026-07-28 06:45:00,buffer-depth3,4811,15
2026-07-28 06:45:00,hp-ewt,11147,13
2026-07-28 06:45:00,hp-lwt,9494,38
2026-07-28 06:45:00,secondary-ewt,9500,1
2026-07-28 06:45:00,secondary-flow,740,1
2026-07-28 06:45:00,secondary-lwt,8335,10
2026-07-28 06:45:00,zone1-bedrooms-heat-call,0,3
2026-07-28 06:45:00,zone5-living-rm-fancoil-heat-call,0,3
2026-07-28 07:00:00,buffer-depth1,4791,16
2026-07-28 07:00:00,buffer-depth2,4785,16
2026-07-28 07:00:00,buffer-depth3,4804,16
2026-07-28 07:00:00,hp-ewt,12013,3
2026-07-28 07:00:00,hp-lwt,11240,3
2026-07-28 07:00:00,secondary-ewt,10418,13
2026-07-28 07:00:00,secondary-flow,154,9
2026-07-28 07:00:00,secondary-lwt,10251,11
2026-07-28 07:00:00,zone1-bedrooms-heat-call,0,3
2026-07-28 07:00:00,zone5-living-rm-fancoil-heat-call,0,3
2026-07-28 07:15:00,buffer-depth1,4797,15
2026-07-28 07:15:00,buffer-depth2,4790,15
2026-07-28 07:15:00,buffer-depth3,4808,15
2026-07-28 07:15:00,hp-ewt,12658,6
2026-07-28 07:15:00,hp-lwt,11930,6
2026-07-28 07:15:00,secondary-ewt,11815,6
2026-07-28 07:15:00,secondary-flow,0,2
2026-07-28 07:15:00,secondary-lwt,11532,5
2026-07-28 07:15:00,zone1-bedrooms-heat-call,0,3
2026-07-28 07:15:00,zone5-living-rm-fancoil-heat-call,0,3
2026-07-28 07:30:00,buffer-depth1,4801,15
2026-07-28 07:30:00,buffer-depth2,4793,15
2026-07-28 07:30:00,buffer-depth3,4811,15
2026-07-28 07:30:00,hp-ewt,13168,4
2026-07-28 07:30:00,hp-lwt,12390,3
2026-07-28 07:30:00,secondary-ewt,12703,7
2026-07-28 07:30:00,secondary-flow,0,4
2026-07-28 07:30:00,secondary-lwt,12383,7
2026-07-28 07:30:00,zone1-bedrooms-heat-call,0,3
2026-07-28 07:30:00,zone5-living-rm-fancoil-heat-call,0,3
2026-07-28 07:45:00,buffer-depth1,4806,15
2026-07-28 07:45:00,buffer-depth2,4794,15
2026-07-28 07:45:00,buffer-depth3,4812,15
2026-07-28 07:45:00,hp-ewt,13423,3
2026-07-28 07:45:00,hp-lwt,11985,6
2026-07-28 07:45:00,secondary-ewt,13240,3
2026-07-28 07:45:00,secondary-flow,0,2
2026-07-28 07:45:00,secondary-lwt,13048,5
2026-07-28 07:45:00,zone1-bedrooms-heat-call,0,3
2026-07-28 07:45:00,zone5-living-rm-fancoil-heat-call,0,3
2026-07-28 08:00:00,buffer-depth1,4817,17
2026-07-28 08:00:00,buffer-depth2,4821,21
2026-07-28 08:00:00,buffer-depth3,4899,35
2026-07-28 08:00:00,hp-ewt,13670,4
2026-07-28 08:00:00,hp-lwt,11373,4
2026-07-28 08:00:00,secondary-ewt,13633,3
2026-07-28 08:00:00,secondary-flow,0,3
2026-07-28 08:00:00,secondary-lwt,13407,3
2026-07-28 08:00:00,zone1-bedrooms-heat-call,0,3
2026-07-28 08:00:00,zone5-living-rm-fancoil-heat-call,1,4
2026-07-28 08:15:00,buffer-depth1,4855,16
2026-07-28 08:15:00,buffer-depth2,4845,20
2026-07-28 08:15:00,buffer-depth3,4873,19
2026-07-28 08:15:00,hp-ewt,14138,4
2026-07-28 08:15:00,hp-lwt,11400,2
2026-07-28 08:15:00,secondary-ewt,14007,3
2026-07-28 08:15:00,secondary-flow,0,3
2026-07-28 08:15:00,secondary-lwt,13800,3
2026-07-28 08:15:00,zone1-bedrooms-heat-call,0,3
2026-07-28 08:15:00,zone5-living-rm-fancoil-heat-call,0,4
2026-07-28 08:30:00,buffer-depth1,4859,15
2026-07-28 08:30:00,buffer-depth2,4847,15
2026-07-28 08:30:00,buffer-depth3,4861,15
2026-07-28 08:30:00,hp-ewt,14677,7
2026-07-28 08:30:00,hp-lwt,11795,6
2026-07-28 08:30:00,secondary-ewt,14250,3
2026-07-28 08:30:00,secondary-flow,0,3
2026-07-28 08:30:00,secondary-lwt,14120,3
2026-07-28 08:30:00,zone1-bedrooms-heat-call,0,3
2026-07-28 08:30:00,zone5-living-rm-fancoil-heat-call,0,3
2026-07-28 08:45:00,buffer-depth1,4861,15
2026-07-28 08:45:00,buffer-depth2,4850,15
2026-07-28 08:45:00,buffer-depth3,4862,15
2026-07-28 08:45:00,hp-ewt,15418,5
2026-07-28 08:45:00,hp-lwt,12293,3
2026-07-28 08:45:00,secondary-ewt,14430,3
2026-07-28 08:45:00,secondary-flow,0,3
2026-07-28 08:45:00,secondary-lwt,14367,3
2026-07-28 08:45:00,zone1-bedrooms-heat-call,0,3
2026-07-28 08:45:00,zone5-living-rm-fancoil-heat-call,0,3
2026-07-28 09:00:00,buffer-depth1,4864,15
2026-07-28 09:00:00,buffer-depth2,4852,15
2026-07-28 09:00:00,buffer-depth3,4864,15
2026-07-28 09:00:00,hp-ewt,15996,5
2026-07-28 09:00:00,hp-lwt,12698,4
2026-07-28 09:00:00,secondary-ewt,14590,3
2026-07-28 09:00:00,secondary-flow,0,3
2026-07-28 09:00:00,secondary-lwt,14557,3
2026-07-28 09:00:00,zone1-bedrooms-heat-call,0,3
2026-07-28 09:00:00,zone5-living-rm-fancoil-heat-call,0,3
2026-07-28 09:15:00,buffer-depth1,4867,15
2026-07-28 09:15:00,buffer-depth2,4853,15
2026-07-28 09:15:00,buffer-depth3,4865,15
2026-07-28 09:15:00,hp-ewt,16410,3
2026-07-28 09:15:00,hp-lwt,13100,3
2026-07-28 09:15:00,secondary-ewt,14707,3
2026-07-28 09:15:00,secondary-flow,0,3
2026-07-28 09:15:00,secondary-lwt,14753,3
2026-07-28 09:15:00,zone1-bedrooms-heat-call,0,3
2026-07-28 09:15:00,zone5-living-rm-fancoil-heat-call,0,3
2026-07-28 09:30:00,buffer-depth1,4870,15
2026-07-28 09:30:00,buffer-depth2,4854,15
2026-07-28 09:30:00,buffer-depth3,4866,15
2026-07-28 09:30:00,hp-ewt,16717,3
2026-07-28 09:30:00,hp-lwt,13487,3
2026-07-28 09:30:00,secondary-ewt,14873,4
2026-07-28 09:30:00,secondary-flow,0,4
2026-07-28 09:30:00,secondary-lwt,14943,4
2026-07-28 09:30:00,zone1-bedrooms-heat-call,0,3
2026-07-28 09:30:00,zone5-living-rm-fancoil-heat-call,0,3
2026-07-28 09:45:00,buffer-depth1,4880,18
2026-07-28 09:45:00,buffer-depth2,4887,27
2026-07-28 09:45:00,buffer-depth3,4966,38
2026-07-28 09:45:00,hp-ewt,16983,3
2026-07-28 09:45:00,hp-lwt,13937,3
2026-07-28 09:45:00,secondary-ewt,15057,3
2026-07-28 09:45:00,secondary-flow,0,3
2026-07-28 09:45:00,secondary-lwt,15308,4
2026-07-28 09:45:00,zone1-bedrooms-heat-call,0,3
2026-07-28 09:45:00,zone5-living-rm-fancoil-heat-call,1,4
2026-07-28 10:00:00,buffer-depth1,4944,17
2026-07-28 10:00:00,buffer-depth2,4940,17
2026-07-28 10:00:00,buffer-depth3,4984,22
2026-07-28 10:00:00,hp-ewt,17340,4
2026-07-28 10:00:00,hp-lwt,14518,6
2026-07-28 10:00:00,secondary-ewt,15213,3
2026-07-28 10:00:00,secondary-flow,0,3
2026-07-28 10:00:00,secondary-lwt,15290,4
2026-07-28 10:00:00,zone1-bedrooms-heat-call,0,3
2026-07-28 10:00:00,zone5-living-rm-fancoil-heat-call,0,4
2026-07-28 10:15:00,buffer-depth1,4961,15
2026-07-28 10:15:00,buffer-depth2,4952,15
2026-07-28 10:15:00,buffer-depth3,4969,15
2026-07-28 10:15:00,hp-ewt,17797,3
2026-07-28 10:15:00,hp-lwt,14977,3
2026-07-28 10:15:00,secondary-ewt,15467,3
2026-07-28 10:15:00,secondary-flow,0,3
2026-07-28 10:15:00,secondary-lwt,15323,3
2026-07-28 10:15:00,zone1-bedrooms-heat-call,0,3
2026-07-28 10:15:00,zone5-living-rm-fancoil-heat-call,0,3
2026-07-28 10:30:00,buffer-depth1,4964,15
2026-07-28 10:30:00,buffer-depth2,4954,15
2026-07-28 10:30:00,buffer-depth3,4982,19
2026-07-28 10:30:00,hp-ewt,18220,4
2026-07-28 10:30:00,hp-lwt,15515,4
2026-07-28 10:30:00,secondary-ewt,15865,4
2026-07-28 10:30:00,secondary-flow,2,6
2026-07-28 10:30:00,secondary-lwt,15573,4
2026-07-28 10:30:00,zone1-bedrooms-heat-call,0,3
2026-07-28 10:30:00,zone5-living-rm-fancoil-heat-call,0,3
2026-07-28 10:45:00,buffer-depth1,4992,19
2026-07-28 10:45:00,buffer-depth2,4988,21
2026-07-28 10:45:00,buffer-depth3,5039,25
2026-07-28 10:45:00,hp-ewt,18473,3
2026-07-28 10:45:00,hp-lwt,16128,4
2026-07-28 10:45:00,secondary-ewt,16200,3
2026-07-28 10:45:00,secondary-flow,0,3
2026-07-28 10:45:00,secondary-lwt,15953,3
2026-07-28 10:45:00,zone1-bedrooms-heat-call,0,3
2026-07-28 10:45:00,zone5-living-rm-fancoil-heat-call,0,3
2026-07-28 11:00:00,buffer-depth1,5011,16
2026-07-28 11:00:00,buffer-depth2,5000,15
2026-07-28 11:00:00,buffer-depth3,5016,15
2026-07-28 11:00:00,hp-ewt,18700,3
2026-07-28 11:00:00,hp-lwt,16513,3
2026-07-28 11:00:00,secondary-ewt,16530,3
2026-07-28 11:00:00,secondary-flow,0,3
2026-07-28 11:00:00,secondary-lwt,16277,3
2026-07-28 11:00:00,zone1-bedrooms-heat-call,0,3
2026-07-28 11:00:00,zone5-living-rm-fancoil-heat-call,0,3
2026-07-28 11:15:00,buffer-depth1,5036,18
2026-07-28 11:15:00,buffer-depth2,5032,21
2026-07-28 11:15:00,buffer-depth3,5091,33
2026-07-28 11:15:00,hp-ewt,18897,3
2026-07-28 11:15:00,hp-lwt,16840,3
2026-07-28 11:15:00,secondary-ewt,16760,3
2026-07-28 11:15:00,secondary-flow,0,3
2026-07-28 11:15:00,secondary-lwt,16527,3
2026-07-28 11:15:00,zone1-bedrooms-heat-call,0,3
2026-07-28 11:15:00,zone5-living-rm-fancoil-heat-call,0,5
2026-07-28 11:30:00,buffer-depth1,5059,16
2026-07-28 11:30:00,buffer-depth2,5054,18
2026-07-28 11:30:00,buffer-depth3,5092,19
2026-07-28 11:30:00,hp-ewt,19038,4
2026-07-28 11:30:00,hp-lwt,17188,4
2026-07-28 11:30:00,secondary-ewt,17010,4
2026-07-28 11:30:00,secondary-flow,0,4
2026-07-28 11:30:00,secondary-lwt,16815,4
2026-07-28 11:30:00,zone1-bedrooms-heat-call,0,3
2026-07-28 11:30:00,zone5-living-rm-fancoil-heat-call,0,3
2026-07-28 11:45:00,buffer-depth1,5086,16
2026-07-28 11:45:00,buffer-depth2,5080,16
2026-07-28 11:45:00,buffer-depth3,5105,18
2026-07-28 11:45:00,hp-ewt,19047,3
2026-07-28 11:45:00,hp-lwt,17397,3
2026-07-28 11:45:00,secondary-ewt,17217,3
2026-07-28 11:45:00,secondary-flow,0,3
2026-07-28 11:45:00,secondary-lwt,17037,3
2026-07-28 11:45:00,zone1-bedrooms-heat-call,0,3
2026-07-28 11:45:00,zone5-living-rm-fancoil-heat-call,0,3
2026-07-28 12:00:00,buffer-depth1,5162,40
2026-07-28 12:00:00,buffer-depth2,5111,25
2026-07-28 12:00:00,buffer-depth3,5105,16
2026-07-28 12:00:00,hp-ewt,14986,36
2026-07-28 12:00:00,hp-lwt,13438,55
2026-07-28 12:00:00,secondary-ewt,13598,25
2026-07-28 12:00:00,secondary-flow,595,5
2026-07-28 12:00:00,secondary-lwt,13343,44
2026-07-28 12:00:00,zone1-bedrooms-heat-call,0,3
2026-07-28 12:00:00,zone5-living-rm-fancoil-heat-call,0,3
2026-07-28 12:15:00,buffer-depth1,5106,16
2026-07-28 12:15:00,buffer-depth2,5098,16
2026-07-28 12:15:00,buffer-depth3,5113,16
2026-07-28 12:15:00,hp-ewt,12294,7
2026-07-28 12:15:00,hp-lwt,10678,10
2026-07-28 12:15:00,secondary-ewt,11395,2
2026-07-28 12:15:00,secondary-flow,782,2
2026-07-28 12:15:00,secondary-lwt,11080,2
2026-07-28 12:15:00,zone1-bedrooms-heat-call,0,3
2026-07-28 12:15:00,zone5-living-rm-fancoil-heat-call,0,3
2026-07-28 12:30:00,buffer-depth1,5080,18
2026-07-28 12:30:00,buffer-depth2,5082,18
2026-07-28 12:30:00,buffer-depth3,5114,16
2026-07-28 12:30:00,hp-ewt,12105,4
2026-07-28 12:30:00,hp-lwt,10038,5
2026-07-28 12:30:00,secondary-ewt,11115,4
2026-07-28 12:30:00,secondary-flow,746,5
2026-07-28 12:30:00,secondary-lwt,10770,3
2026-07-28 12:30:00,zone1-bedrooms-heat-call,0,3
2026-07-28 12:30:00,zone5-living-rm-fancoil-heat-call,0,3
2026-07-28 12:45:00,buffer-depth1,5027,20
2026-07-28 12:45:00,buffer-depth2,5033,19
2026-07-28 12:45:00,buffer-depth3,5072,20
2026-07-28 12:45:00,hp-ewt,11810,6
2026-07-28 12:45:00,hp-lwt,9576,7
2026-07-28 12:45:00,secondary-ewt,10820,1
2026-07-28 12:45:00,secondary-flow,742,1
2026-07-28 12:45:00,secondary-lwt,10300,1
2026-07-28 12:45:00,zone1-bedrooms-heat-call,0,3
2026-07-28 12:45:00,zone5-living-rm-fancoil-heat-call,0,3
2026-07-28 13:00:00,buffer-depth1,4997,18
2026-07-28 13:00:00,buffer-depth2,4997,16
2026-07-28 13:00:00,buffer-depth3,5029,17
2026-07-28 13:00:00,hp-ewt,11939,7
2026-07-28 13:00:00,hp-lwt,9404,9
2026-07-28 13:00:00,secondary-ewt,11241,22
2026-07-28 13:00:00,secondary-flow,765,9
2026-07-28 13:00:00,secondary-lwt,10622,12
2026-07-28 13:00:00,zone1-bedrooms-heat-call,0,3
2026-07-28 13:00:00,zone5-living-rm-fancoil-heat-call,1,5
2026-07-28 13:15:00,buffer-depth1,4955,20
2026-07-28 13:15:00,buffer-depth2,4963,19
2026-07-28 13:15:00,buffer-depth3,5003,18
2026-07-28 13:15:00,hp-ewt,11614,5
2026-07-28 13:15:00,hp-lwt,8880,7
2026-07-28 13:15:00,secondary-ewt,10610,5
2026-07-28 13:15:00,secondary-flow,760,5
2026-07-28 13:15:00,secondary-lwt,10088,5
2026-07-28 13:15:00,zone1-bedrooms-heat-call,0,3
2026-07-28 13:15:00,zone5-living-rm-fancoil-heat-call,0,3
2026-07-28 13:30:00,buffer-depth1,4872,21
2026-07-28 13:30:00,buffer-depth2,4887,21
2026-07-28 13:30:00,buffer-depth3,4939,21
2026-07-28 13:30:00,hp-ewt,11168,5
2026-07-28 13:30:00,hp-lwt,8273,4
2026-07-28 13:30:00,secondary-ewt,10531,14
2026-07-28 13:30:00,secondary-flow,752,5
2026-07-28 13:30:00,secondary-lwt,9795,6
2026-07-28 13:30:00,zone1-bedrooms-heat-call,0,3
2026-07-28 13:30:00,zone5-living-rm-fancoil-heat-call,0,4
2026-07-28 13:45:00,buffer-depth1,4829,18
2026-07-28 13:45:00,buffer-depth2,4834,18
2026-07-28 13:45:00,buffer-depth3,4872,18
2026-07-28 13:45:00,hp-ewt,11148,5
2026-07-28 13:45:00,hp-lwt,8185,8
2026-07-28 13:45:00,secondary-ewt,10364,11
2026-07-28 13:45:00,secondary-flow,752,4
2026-07-28 13:45:00,secondary-lwt,9500,7
2026-07-28 13:45:00,zone1-bedrooms-heat-call,0,3
2026-07-28 13:45:00,zone5-living-rm-fancoil-heat-call,1,4
2026-07-28 14:00:00,buffer-depth1,4772,21
2026-07-28 14:00:00,buffer-depth2,4784,20
2026-07-28 14:00:00,buffer-depth3,4826,20
2026-07-28 14:00:00,hp-ewt,10767,6
2026-07-28 14:00:00,hp-lwt,7721,7
2026-07-28 14:00:00,secondary-ewt,9696,5
2026-07-28 14:00:00,secondary-flow,759,4
2026-07-28 14:00:00,secondary-lwt,9150,4
2026-07-28 14:00:00,zone1-bedrooms-heat-call,0,3
2026-07-28 14:00:00,zone5-living-rm-fancoil-heat-call,0,3
2026-07-28 14:15:00,buffer-depth1,4688,21
2026-07-28 14:15:00,buffer-depth2,4703,20
2026-07-28 14:15:00,buffer-depth3,4753,19
2026-07-28 14:15:00,hp-ewt,10468,6
2026-07-28 14:15:00,hp-lwt,7252,5
2026-07-28 14:15:00,secondary-ewt,9420,1
2026-07-28 14:15:00,secondary-flow,739,1
2026-07-28 14:15:00,secondary-lwt,8725,2
2026-07-28 14:15:00,zone1-bedrooms-heat-call,0,3
2026-07-28 14:15:00,zone5-living-rm-fancoil-heat-call,0,4
2026-07-28 14:30:00,buffer-depth1,4659,19
2026-07-28 14:30:00,buffer-depth2,4662,19
2026-07-28 14:30:00,buffer-depth3,4704,19
2026-07-28 14:30:00,hp-ewt,10437,6
2026-07-28 14:30:00,hp-lwt,7230,6
2026-07-28 14:30:00,secondary-ewt,9541,12
2026-07-28 14:30:00,secondary-flow,766,7
2026-07-28 14:30:00,secondary-lwt,8759,7
2026-07-28 14:30:00,zone1-bedrooms-heat-call,0,5
2026-07-28 14:30:00,zone5-living-rm-fancoil-heat-call,1,4
2026-07-28 14:45:00,buffer-depth1,4604,20
2026-07-28 14:45:00,buffer-depth2,4617,19
2026-07-28 14:45:00,buffer-depth3,4667,18
2026-07-28 14:45:00,hp-ewt,10013,4
2026-07-28 14:45:00,hp-lwt,6935,6
2026-07-28 14:45:00,secondary-ewt,8770,5
2026-07-28 14:45:00,secondary-flow,752,5
2026-07-28 14:45:00,secondary-lwt,8257,3
2026-07-28 14:45:00,zone1-bedrooms-heat-call,0,3
2026-07-28 14:45:00,zone5-living-rm-fancoil-heat-call,0,3
2026-07-28 15:00:00,buffer-depth1,4542,21
2026-07-28 15:00:00,buffer-depth2,4551,18
2026-07-28 15:00:00,buffer-depth3,4603,18
2026-07-28 15:00:00,hp-ewt,9870,5
2026-07-28 15:00:00,hp-lwt,6901,7
2026-07-28 15:00:00,secondary-ewt,9029,15
2026-07-28 15:00:00,secondary-flow,757,5
2026-07-28 15:00:00,secondary-lwt,8248,10
2026-07-28 15:00:00,zone1-bedrooms-heat-call,0,3
2026-07-28 15:00:00,zone5-living-rm-fancoil-heat-call,1,4
2026-07-28 15:15:00,buffer-depth1,4527,17
2026-07-28 15:15:00,buffer-depth2,4528,15
2026-07-28 15:15:00,buffer-depth3,4574,16
2026-07-28 15:15:00,hp-ewt,9781,8
2026-07-28 15:15:00,hp-lwt,6874,10
2026-07-28 15:15:00,secondary-ewt,8754,14
2026-07-28 15:15:00,secondary-flow,760,6
2026-07-28 15:15:00,secondary-lwt,8108,13
2026-07-28 15:15:00,zone1-bedrooms-heat-call,0,5
2026-07-28 15:15:00,zone5-living-rm-fancoil-heat-call,0,4
2026-07-28 15:30:00,buffer-depth1,4487,20
2026-07-28 15:30:00,buffer-depth2,4495,19
2026-07-28 15:30:00,buffer-depth3,4545,19
2026-07-28 15:30:00,hp-ewt,9405,4
2026-07-28 15:30:00,hp-lwt,6393,4
2026-07-28 15:30:00,secondary-ewt,8363,7
2026-07-28 15:30:00,secondary-flow,755,7
2026-07-28 15:30:00,secondary-lwt,7730,4
2026-07-28 15:30:00,zone1-bedrooms-heat-call,0,3
2026-07-28 15:30:00,zone5-living-rm-fancoil-heat-call,0,4
2026-07-28 15:45:00,buffer-depth1,4463,17
2026-07-28 15:45:00,buffer-depth2,4463,16
2026-07-28 15:45:00,buffer-depth3,4507,16
2026-07-28 15:45:00,hp-ewt,9462,6
2026-07-28 15:45:00,hp-lwt,6440,6
2026-07-28 15:45:00,secondary-ewt,8696,10
2026-07-28 15:45:00,secondary-flow,761,5
2026-07-28 15:45:00,secondary-lwt,7878,11
2026-07-28 15:45:00,zone1-bedrooms-heat-call,0,5
2026-07-28 15:45:00,zone5-living-rm-fancoil-heat-call,1,4
2026-07-28 16:00:00,buffer-depth1,4477,20
2026-07-28 16:00:00,buffer-depth2,4488,20
2026-07-28 16:00:00,buffer-depth3,4545,25
2026-07-28 16:00:00,hp-ewt,10116,16
2026-07-28 16:00:00,hp-lwt,8691,24
2026-07-28 16:00:00,secondary-ewt,10990,5
2026-07-28 16:00:00,secondary-flow,0,2
2026-07-28 16:00:00,secondary-lwt,9250,7
2026-07-28 16:00:00,zone1-bedrooms-heat-call,0,3
2026-07-28 16:00:00,zone5-living-rm-fancoil-heat-call,0,3
2026-07-28 16:15:00,buffer-depth1,4547,18
2026-07-28 16:15:00,buffer-depth2,4552,23
2026-07-28 16:15:00,buffer-depth3,4618,25
2026-07-28 16:15:00,hp-ewt,11946,5
2026-07-28 16:15:00,hp-lwt,11268,5
2026-07-28 16:15:00,secondary-ewt,11933,7
2026-07-28 16:15:00,secondary-flow,0,3
2026-07-28 16:15:00,secondary-lwt,10525,10
2026-07-28 16:15:00,zone1-bedrooms-heat-call,0,3
2026-07-28 16:15:00,zone5-living-rm-fancoil-heat-call,1,4
2026-07-28 16:30:00,buffer-depth1,4648,23
2026-07-28 16:30:00,buffer-depth2,4658,23
2026-07-28 16:30:00,buffer-depth3,4726,30
2026-07-28 16:30:00,hp-ewt,12513,4
2026-07-28 16:30:00,hp-lwt,11028,11
2026-07-28 16:30:00,secondary-ewt,12142,10
2026-07-28 16:30:00,secondary-flow,6,5
2026-07-28 16:30:00,secondary-lwt,10920,22
2026-07-28 16:30:00,zone1-bedrooms-heat-call,0,3
2026-07-28 16:30:00,zone5-living-rm-fancoil-heat-call,1,3
2026-07-28 16:45:00,buffer-depth1,4759,20
2026-07-28 16:45:00,buffer-depth2,4760,22
2026-07-28 16:45:00,buffer-depth3,4823,25
2026-07-28 16:45:00,hp-ewt,13778,12
2026-07-28 16:45:00,hp-lwt,11958,4
2026-07-28 16:45:00,secondary-ewt,12067,7
2026-07-28 16:45:00,secondary-flow,0,3
2026-07-28 16:45:00,secondary-lwt,12467,6
2026-07-28 16:45:00,zone1-bedrooms-heat-call,0,3
2026-07-28 16:45:00,zone5-living-rm-fancoil-heat-call,1,3
2026-07-28 17:00:00,buffer-depth1,4820,18
2026-07-28 17:00:00,buffer-depth2,4821,20
2026-07-28 17:00:00,buffer-depth3,4870,27
2026-07-28 17:00:00,hp-ewt,15033,3
2026-07-28 17:00:00,hp-lwt,12377,3
2026-07-28 17:00:00,secondary-ewt,12720,3
2026-07-28 17:00:00,secondary-flow,0,3
2026-07-28 17:00:00,secondary-lwt,13120,3
2026-07-28 17:00:00,zone1-bedrooms-heat-call,0,3
2026-07-28 17:00:00,zone5-living-rm-fancoil-heat-call,0,6
2026-07-28 17:15:00,buffer-depth1,4886,20
2026-07-28 17:15:00,buffer-depth2,4888,20
2026-07-28 17:15:00,buffer-depth3,4942,20
2026-07-28 17:15:00,hp-ewt,14630,6
2026-07-28 17:15:00,hp-lwt,12740,6
2026-07-28 17:15:00,secondary-ewt,12612,6
2026-07-28 17:15:00,secondary-flow,0,4
2026-07-28 17:15:00,secondary-lwt,13159,7
2026-07-28 17:15:00,zone1-bedrooms-heat-call,0,3
2026-07-28 17:15:00,zone5-living-rm-fancoil-heat-call,1,4
2026-07-28 17:30:00,buffer-depth1,4938,19
2026-07-28 17:30:00,buffer-depth2,4936,23
2026-07-28 17:30:00,buffer-depth3,4975,26
2026-07-28 17:30:00,hp-ewt,14227,3
2026-07-28 17:30:00,hp-lwt,12847,3
2026-07-28 17:30:00,secondary-ewt,12693,4
2026-07-28 17:30:00,secondary-flow,0,4
2026-07-28 17:30:00,secondary-lwt,13480,4
2026-07-28 17:30:00,zone1-bedrooms-heat-call,0,3
2026-07-28 17:30:00,zone5-living-rm-fancoil-heat-call,0,6
2026-07-28 17:45:00,buffer-depth1,5006,21
2026-07-28 17:45:00,buffer-depth2,5009,22
2026-07-28 17:45:00,buffer-depth3,5056,28
2026-07-28 17:45:00,hp-ewt,14178,4
2026-07-28 17:45:00,hp-lwt,12813,3
2026-07-28 17:45:00,secondary-ewt,12518,5
2026-07-28 17:45:00,secondary-flow,0,3
2026-07-28 17:45:00,secondary-lwt,13100,8
2026-07-28 17:45:00,zone1-bedrooms-heat-call,0,3
2026-07-28 17:45:00,zone5-living-rm-fancoil-heat-call,1,5
2026-07-28 18:00:00,buffer-depth1,5046,16
2026-07-28 18:00:00,buffer-depth2,5042,19
2026-07-28 18:00:00,buffer-depth3,5076,26
2026-07-28 18:00:00,hp-ewt,14123,3
2026-07-28 18:00:00,hp-lwt,12740,3
2026-07-28 18:00:00,secondary-ewt,12723,3
2026-07-28 18:00:00,secondary-flow,12,5
2026-07-28 18:00:00,secondary-lwt,13390,4
2026-07-28 18:00:00,zone1-bedrooms-heat-call,0,3
2026-07-28 18:00:00,zone5-living-rm-fancoil-heat-call,0,4
2026-07-28 18:15:00,buffer-depth1,5113,22
2026-07-28 18:15:00,buffer-depth2,5117,21
2026-07-28 18:15:00,buffer-depth3,5161,22
2026-07-28 18:15:00,hp-ewt,14432,6
2026-07-28 18:15:00,hp-lwt,12820,4
2026-07-28 18:15:00,secondary-ewt,12773,3
2026-07-28 18:15:00,secondary-flow,0,3
2026-07-28 18:15:00,secondary-lwt,13170,6
2026-07-28 18:15:00,zone1-bedrooms-heat-call,0,3
2026-07-28 18:15:00,zone5-living-rm-fancoil-heat-call,1,6
2026-07-28 18:30:00,buffer-depth1,5165,16
2026-07-28 18:30:00,buffer-depth2,5167,19
2026-07-28 18:30:00,buffer-depth3,5198,22
2026-07-28 18:30:00,hp-ewt,14438,4
2026-07-28 18:30:00,hp-lwt,13030,3
2026-07-28 18:30:00,secondary-ewt,13010,3
2026-07-28 18:30:00,secondary-flow,0,3
2026-07-28 18:30:00,secondary-lwt,13257,3
2026-07-28 18:30:00,zone1-bedrooms-heat-call,0,3
2026-07-28 18:30:00,zone5-living-rm-fancoil-heat-call,0,4
2026-07-28 18:45:00,buffer-depth1,5211,21
2026-07-28 18:45:00,buffer-depth2,5217,19
2026-07-28 18:45:00,buffer-depth3,5257,20
2026-07-28 18:45:00,hp-ewt,15240,7
2026-07-28 18:45:00,hp-lwt,13018,4
2026-07-28 18:45:00,secondary-ewt,13223,3
2026-07-28 18:45:00,secondary-flow,0,3
2026-07-28 18:45:00,secondary-lwt,13302,5
2026-07-28 18:45:00,zone1-bedrooms-heat-call,0,3
2026-07-28 18:45:00,zone5-living-rm-fancoil-heat-call,1,4
2026-07-28 19:00:00,buffer-depth1,5267,18
2026-07-28 19:00:00,buffer-depth2,5269,18
2026-07-28 19:00:00,buffer-depth3,5298,22
2026-07-28 19:00:00,hp-ewt,15725,4
2026-07-28 19:00:00,hp-lwt,13043,3
2026-07-28 19:00:00,secondary-ewt,13465,4
2026-07-28 19:00:00,secondary-flow,0,4
2026-07-28 19:00:00,secondary-lwt,13667,6
2026-07-28 19:00:00,zone1-bedrooms-heat-call,0,3
2026-07-28 19:00:00,zone5-living-rm-fancoil-heat-call,1,4
2026-07-28 19:15:00,buffer-depth1,5312,18
2026-07-28 19:15:00,buffer-depth2,5313,17
2026-07-28 19:15:00,buffer-depth3,5342,23
2026-07-28 19:15:00,hp-ewt,16063,4
2026-07-28 19:15:00,hp-lwt,13033,3
2026-07-28 19:15:00,secondary-ewt,13767,3
2026-07-28 19:15:00,secondary-flow,0,3
2026-07-28 19:15:00,secondary-lwt,14067,3
2026-07-28 19:15:00,zone1-bedrooms-heat-call,0,3
2026-07-28 19:15:00,zone5-living-rm-fancoil-heat-call,1,4
2026-07-28 19:30:00,buffer-depth1,5357,18
2026-07-28 19:30:00,buffer-depth2,5355,19
2026-07-28 19:30:00,buffer-depth3,5385,21
2026-07-28 19:30:00,hp-ewt,16233,4
2026-07-28 19:30:00,hp-lwt,13058,4
2026-07-28 19:30:00,secondary-ewt,13838,4
2026-07-28 19:30:00,secondary-flow,0,3
2026-07-28 19:30:00,secondary-lwt,14054,5
2026-07-28 19:30:00,zone1-bedrooms-heat-call,0,3
2026-07-28 19:30:00,zone5-living-rm-fancoil-heat-call,1,4
2026-07-28 19:45:00,buffer-depth1,5393,16
2026-07-28 19:45:00,buffer-depth2,5392,17
2026-07-28 19:45:00,buffer-depth3,5412,19
2026-07-28 19:45:00,hp-ewt,16157,3
2026-07-28 19:45:00,hp-lwt,13110,3
2026-07-28 19:45:00,secondary-ewt,13950,3
2026-07-28 19:45:00,secondary-flow,6,7
2026-07-28 19:45:00,secondary-lwt,14250,3
2026-07-28 19:45:00,zone1-bedrooms-heat-call,0,3
2026-07-28 19:45:00,zone5-living-rm-fancoil-heat-call,0,4
2026-07-28 20:00:00,buffer-depth1,5406,31
2026-07-28 20:00:00,buffer-depth2,5377,17
2026-07-28 20:00:00,buffer-depth3,5401,20
2026-07-28 20:00:00,hp-ewt,13880,22
2026-07-28 20:00:00,hp-lwt,13006,51
2026-07-28 20:00:00,secondary-ewt,13324,11
2026-07-28 20:00:00,secondary-flow,405,3
2026-07-28 20:00:00,secondary-lwt,13672,25
2026-07-28 20:00:00,zone1-bedrooms-heat-call,0,3
2026-07-28 20:00:00,zone5-living-rm-fancoil-heat-call,1,4
2026-07-28 20:15:00,buffer-depth1,5320,21
2026-07-28 20:15:00,buffer-depth2,5327,21
2026-07-28 20:15:00,buffer-depth3,5352,19
2026-07-28 20:15:00,hp-ewt,12535,4
2026-07-28 20:15:00,hp-lwt,10549,16
2026-07-28 20:15:00,secondary-ewt,12568,6
2026-07-28 20:15:00,secondary-flow,759,6
2026-07-28 20:15:00,secondary-lwt,11782,6
2026-07-28 20:15:00,zone1-bedrooms-heat-call,0,3
2026-07-28 20:15:00,zone5-living-rm-fancoil-heat-call,0,4
2026-07-28 20:30:00,buffer-depth1,5249,18
2026-07-28 20:30:00,buffer-depth2,5259,17
2026-07-28 20:30:00,buffer-depth3,5293,19
2026-07-28 20:30:00,hp-ewt,12643,3
2026-07-28 20:30:00,hp-lwt,9715,8
2026-07-28 20:30:00,secondary-ewt,12446,13
2026-07-28 20:30:00,secondary-flow,787,7
2026-07-28 20:30:00,secondary-lwt,11680,5
2026-07-28 20:30:00,zone1-bedrooms-heat-call,0,3
2026-07-28 20:30:00,zone5-living-rm-fancoil-heat-call,1,5
2026-07-28 20:45:00,buffer-depth1,5157,25
2026-07-28 20:45:00,buffer-depth2,5176,25
2026-07-28 20:45:00,buffer-depth3,5212,24
2026-07-28 20:45:00,hp-ewt,12280,4
2026-07-28 20:45:00,hp-lwt,9109,7
2026-07-28 20:45:00,secondary-ewt,11670,6
2026-07-28 20:45:00,secondary-flow,742,3
2026-07-28 20:45:00,secondary-lwt,10919,7
2026-07-28 20:45:00,zone1-bedrooms-heat-call,0,3
2026-07-28 20:45:00,zone5-living-rm-fancoil-heat-call,0,3
2026-07-28 21:00:00,buffer-depth1,5065,20
2026-07-28 21:00:00,buffer-depth2,5079,18
2026-07-28 21:00:00,buffer-depth3,5121,17
2026-07-28 21:00:00,hp-ewt,11948,6
2026-07-28 21:00:00,hp-lwt,8684,5
2026-07-28 21:00:00,secondary-ewt,11624,16
2026-07-28 21:00:00,secondary-flow,773,9
2026-07-28 21:00:00,secondary-lwt,10668,10
2026-07-28 21:00:00,zone1-bedrooms-heat-call,0,3
2026-07-28 21:00:00,zone5-living-rm-fancoil-heat-call,1,5
2026-07-28 21:15:00,buffer-depth1,4975,24
2026-07-28 21:15:00,buffer-depth2,4995,24
2026-07-28 21:15:00,buffer-depth3,5046,23
2026-07-28 21:15:00,hp-ewt,11580,4
2026-07-28 21:15:00,hp-lwt,8282,5
2026-07-28 21:15:00,secondary-ewt,10796,5
2026-07-28 21:15:00,secondary-flow,741,3
2026-07-28 21:15:00,secondary-lwt,10009,7
2026-07-28 21:15:00,zone1-bedrooms-heat-call,0,3
2026-07-28 21:15:00,zone5-living-rm-fancoil-heat-call,0,3
2026-07-28 21:30:00,buffer-depth1,4877,20
2026-07-28 21:30:00,buffer-depth2,4892,20
2026-07-28 21:30:00,buffer-depth3,4941,21
2026-07-28 21:30:00,hp-ewt,11220,6
2026-07-28 21:30:00,hp-lwt,7837,6
2026-07-28 21:30:00,secondary-ewt,10697,18
2026-07-28 21:30:00,secondary-flow,773,6
2026-07-28 21:30:00,secondary-lwt,9691,9
2026-07-28 21:30:00,zone1-bedrooms-heat-call,0,3
2026-07-28 21:30:00,zone5-living-rm-fancoil-heat-call,0,4
2026-07-28 21:45:00,buffer-depth1,4819,23
2026-07-28 21:45:00,buffer-depth2,4834,21
2026-07-28 21:45:00,buffer-depth3,4876,20
2026-07-28 21:45:00,hp-ewt,10968,5
2026-07-28 21:45:00,hp-lwt,7504,7
2026-07-28 21:45:00,secondary-ewt,10430,3
2026-07-28 21:45:00,secondary-flow,794,2
2026-07-28 21:45:00,secondary-lwt,9600,1
2026-07-28 21:45:00,zone1-bedrooms-heat-call,0,3
2026-07-28 21:45:00,zone5-living-rm-fancoil-heat-call,1,4
2026-07-28 22:00:00,buffer-depth1,4721,20
2026-07-28 22:00:00,buffer-depth2,4739,19
2026-07-28 22:00:00,buffer-depth3,4792,19
2026-07-28 22:00:00,hp-ewt,10496,5
2026-07-28 22:00:00,hp-lwt,7036,7
2026-07-28 22:00:00,secondary-ewt,9787,14
2026-07-28 22:00:00,secondary-flow,757,5
2026-07-28 22:00:00,secondary-lwt,8884,9
2026-07-28 22:00:00,zone1-bedrooms-heat-call,0,3
2026-07-28 22:00:00,zone5-living-rm-fancoil-heat-call,0,3
2026-07-28 22:15:00,buffer-depth1,4652,21
2026-07-28 22:15:00,buffer-depth2,4669,20
2026-07-28 22:15:00,buffer-depth3,4716,20
2026-07-28 22:15:00,hp-ewt,10208,5
2026-07-28 22:15:00,hp-lwt,6693,6
2026-07-28 22:15:00,secondary-ewt,9538,15
2026-07-28 22:15:00,secondary-flow,763,8
2026-07-28 22:15:00,secondary-lwt,8457,11
2026-07-28 22:15:00,zone1-bedrooms-heat-call,0,3
2026-07-28 22:15:00,zone5-living-rm-fancoil-heat-call,1,4
2026-07-28 22:30:00,buffer-depth1,4571,27
2026-07-28 22:30:00,buffer-depth2,4593,20
2026-07-28 22:30:00,buffer-depth3,4644,21
2026-07-28 22:30:00,hp-ewt,9809,11
2026-07-28 22:30:00,hp-lwt,7569,20
2026-07-28 22:30:00,secondary-ewt,8713,4
2026-07-28 22:30:00,secondary-flow,744,4
2026-07-28 22:30:00,secondary-lwt,7978,4
2026-07-28 22:30:00,zone1-bedrooms-heat-call,0,3
2026-07-28 22:30:00,zone5-living-rm-fancoil-heat-call,0,4
2026-07-28 22:45:00,buffer-depth1,4608,19
2026-07-28 22:45:00,buffer-depth2,4589,18
2026-07-28 22:45:00,buffer-depth3,4600,18
2026-07-28 22:45:00,hp-ewt,10918,9
2026-07-28 22:45:00,hp-lwt,10503,9
2026-07-28 22:45:00,secondary-ewt,8540,4
2026-07-28 22:45:00,secondary-flow,750,4
2026-07-28 22:45:00,secondary-lwt,8623,3
2026-07-28 22:45:00,zone1-bedrooms-heat-call,0,3
2026-07-28 22:45:00,zone5-living-rm-fancoil-heat-call,0,3
2026-07-28 23:00:00,buffer-depth1,4601,27
2026-07-28 23:00:00,buffer-depth2,4588,22
2026-07-28 23:00:00,buffer-depth3,4620,18
2026-07-28 23:00:00,hp-ewt,10349,14
2026-07-28 23:00:00,hp-lwt,8905,43
2026-07-28 23:00:00,secondary-ewt,8513,3
2026-07-28 23:00:00,secondary-flow,739,3
2026-07-28 23:00:00,secondary-lwt,8697,31
2026-07-28 23:00:00,zone1-bedrooms-heat-call,0,3
2026-07-28 23:00:00,zone5-living-rm-fancoil-heat-call,0,3
2026-07-28 23:15:00,buffer-depth1,4558,21
2026-07-28 23:15:00,buffer-depth2,4556,19
2026-07-28 23:15:00,buffer-depth3,4591,18
2026-07-28 23:15:00,hp-ewt,9691,9
2026-07-28 23:15:00,hp-lwt,7574,30
2026-07-28 23:15:00,zone1-bedrooms-heat-call,0,3
2026-07-28 23:15:00,zone5-living-rm-fancoil-heat-call,0,3
2026-07-28 23:30:00,buffer-depth1,4580,20
2026-07-28 23:30:00,buffer-depth2,4561,17
2026-07-28 23:30:00,buffer-depth3,4588,15
2026-07-28 23:30:00,hp-ewt,10752,11
2026-07-28 23:30:00,hp-lwt,10294,10
2026-07-28 23:30:00,zone1-bedrooms-heat-call,0,3
2026-07-28 23:30:00,zone5-living-rm-fancoil-heat-call,0,4
2026-07-28 23:45:00,buffer-depth1,4633,30
2026-07-28 23:45:00,buffer-depth2,4619,20
2026-07-28 23:45:00,buffer-depth3,4615,18
2026-07-28 23:45:00,hp-ewt,10768,24
2026-07-28 23:45:00,hp-lwt,8989,56
2026-07-28 23:45:00,zone1-bedrooms-heat-call,0,3
2026-07-28 23:45:00,zone5-living-rm-fancoil-heat-call,0,4
2026-07-29 00:00:00,buffer-depth1,4674,18
2026-07-29 00:00:00,buffer-depth2,4657,18
2026-07-29 00:00:00,buffer-depth3,4659,18
2026-07-29 00:00:00,hp-ewt,11361,8
2026-07-29 00:00:00,hp-lwt,10283,9
2026-07-29 00:00:00,zone1-bedrooms-heat-call,0,5
2026-07-29 00:00:00,zone5-living-rm-fancoil-heat-call,0,3
2026-07-29 00:15:00,buffer-depth1,4681,31
2026-07-29 00:15:00,buffer-depth2,4682,20
2026-07-29 00:15:00,buffer-depth3,4700,16
2026-07-29 00:15:00,hp-ewt,11026,24
2026-07-29 00:15:00,hp-lwt,8942,58
2026-07-29 00:15:00,secondary-ewt,8907,3
2026-07-29 00:15:00,secondary-flow,738,3
2026-07-29 00:15:00,secondary-lwt,8800,36
2026-07-29 00:15:00,zone1-bedrooms-heat-call,0,3
2026-07-29 00:15:00,zone5-living-rm-fancoil-heat-call,0,3
2026-07-29 00:30:00,buffer-depth1,4738,25
2026-07-29 00:30:00,buffer-depth2,4709,22
2026-07-29 00:30:00,buffer-depth3,4704,15
2026-07-29 00:30:00,hp-ewt,11100,9
2026-07-29 00:30:00,hp-lwt,10348,9
2026-07-29 00:30:00,secondary-ewt,9915,23
2026-07-29 00:30:00,secondary-flow,768,11
2026-07-29 00:30:00,secondary-lwt,9925,17
2026-07-29 00:30:00,zone1-bedrooms-heat-call,0,3
2026-07-29 00:30:00,zone5-living-rm-fancoil-heat-call,1,5
2026-07-29 00:45:00,buffer-depth1,4750,32
2026-07-29 00:45:00,buffer-depth2,4753,21
2026-07-29 00:45:00,buffer-depth3,4759,21
2026-07-29 00:45:00,hp-ewt,10932,23
2026-07-29 00:45:00,hp-lwt,8989,57
2026-07-29 00:45:00,secondary-ewt,9218,4
2026-07-29 00:45:00,secondary-flow,739,3
2026-07-29 00:45:00,secondary-lwt,9062,38
2026-07-29 00:45:00,zone1-bedrooms-heat-call,0,3
2026-07-29 00:45:00,zone5-living-rm-fancoil-heat-call,0,3
2026-07-29 01:00:00,buffer-depth1,4770,18
2026-07-29 01:00:00,buffer-depth2,4757,18
2026-07-29 01:00:00,buffer-depth3,4774,16
2026-07-29 01:00:00,hp-ewt,11476,8
2026-07-29 01:00:00,hp-lwt,10693,8
2026-07-29 01:00:00,secondary-ewt,9833,10
2026-07-29 01:00:00,secondary-flow,760,6
2026-07-29 01:00:00,secondary-lwt,9802,9
2026-07-29 01:00:00,zone1-bedrooms-heat-call,0,3
2026-07-29 01:00:00,zone5-living-rm-fancoil-heat-call,0,3
2026-07-29 01:15:00,buffer-depth1,4788,30
2026-07-29 01:15:00,buffer-depth2,4787,22
2026-07-29 01:15:00,buffer-depth3,4798,16
2026-07-29 01:15:00,hp-ewt,10916,25
2026-07-29 01:15:00,hp-lwt,8995,59
2026-07-29 01:15:00,secondary-ewt,9543,4
2026-07-29 01:15:00,secondary-flow,751,5
2026-07-29 01:15:00,secondary-lwt,8993,33
2026-07-29 01:15:00,zone1-bedrooms-heat-call,0,5
2026-07-29 01:15:00,zone5-living-rm-fancoil-heat-call,0,3
2026-07-29 01:30:00,buffer-depth1,4797,20
2026-07-29 01:30:00,buffer-depth2,4788,19
2026-07-29 01:30:00,buffer-depth3,4808,19
2026-07-29 01:30:00,hp-ewt,11914,12
2026-07-29 01:30:00,hp-lwt,11321,20
2026-07-29 01:30:00,secondary-ewt,9555,2
2026-07-29 01:30:00,secondary-flow,741,2
2026-07-29 01:30:00,secondary-lwt,10313,8
2026-07-29 01:30:00,zone1-bedrooms-heat-call,0,3
2026-07-29 01:30:00,zone5-living-rm-fancoil-heat-call,0,3
2026-07-29 01:45:00,buffer-depth1,4770,27
2026-07-29 01:45:00,buffer-depth2,4784,20
2026-07-29 01:45:00,buffer-depth3,4808,16
2026-07-29 01:45:00,hp-ewt,10556,19
2026-07-29 01:45:00,hp-lwt,8076,41
2026-07-29 01:45:00,secondary-ewt,9938,17
2026-07-29 01:45:00,secondary-flow,756,7
2026-07-29 01:45:00,secondary-lwt,8797,30
2026-07-29 01:45:00,zone1-bedrooms-heat-call,0,3
2026-07-29 01:45:00,zone5-living-rm-fancoil-heat-call,0,3
2026-07-29 02:00:00,buffer-depth1,4813,34
2026-07-29 02:00:00,buffer-depth2,4812,20
2026-07-29 02:00:00,buffer-depth3,4820,16
2026-07-29 02:00:00,hp-ewt,10909,21
2026-07-29 02:00:00,hp-lwt,8979,59
2026-07-29 02:00:00,secondary-ewt,10087,20
2026-07-29 02:00:00,secondary-flow,755,6
2026-07-29 02:00:00,secondary-lwt,9429,44
2026-07-29 02:00:00,zone1-bedrooms-heat-call,0,3
2026-07-29 02:00:00,zone5-living-rm-fancoil-heat-call,0,5
2026-07-29 02:15:00,buffer-depth1,4814,17
2026-07-29 02:15:00,buffer-depth2,4807,17
2026-07-29 02:15:00,buffer-depth3,4840,22
2026-07-29 02:15:00,hp-ewt,11806,8
2026-07-29 02:15:00,hp-lwt,11090,9
2026-07-29 02:15:00,secondary-ewt,10549,9
2026-07-29 02:15:00,secondary-flow,3,6
2026-07-29 02:15:00,secondary-lwt,10419,8
2026-07-29 02:15:00,zone1-bedrooms-heat-call,0,3
2026-07-29 02:15:00,zone5-living-rm-fancoil-heat-call,0,3
2026-07-29 02:30:00,buffer-depth1,4843,18
2026-07-29 02:30:00,buffer-depth2,4845,23
2026-07-29 02:30:00,buffer-depth3,4888,22
2026-07-29 02:30:00,hp-ewt,12802,6
2026-07-29 02:30:00,hp-lwt,12115,6
2026-07-29 02:30:00,secondary-ewt,11758,6
2026-07-29 02:30:00,secondary-flow,0,3
2026-07-29 02:30:00,secondary-lwt,11522,6
2026-07-29 02:30:00,zone1-bedrooms-heat-call,0,3
2026-07-29 02:30:00,zone5-living-rm-fancoil-heat-call,0,3
2026-07-29 02:45:00,buffer-depth1,4863,15
2026-07-29 02:45:00,buffer-depth2,4853,16
2026-07-29 02:45:00,buffer-depth3,4868,15
2026-07-29 02:45:00,hp-ewt,13512,5
2026-07-29 02:45:00,hp-lwt,12617,3
2026-07-29 02:45:00,secondary-ewt,12627,6
2026-07-29 02:45:00,secondary-flow,0,3
2026-07-29 02:45:00,secondary-lwt,12388,6
2026-07-29 02:45:00,zone1-bedrooms-heat-call,0,3
2026-07-29 02:45:00,zone5-living-rm-fancoil-heat-call,0,3
2026-07-29 03:00:00,buffer-depth1,4866,15
2026-07-29 03:00:00,buffer-depth2,4857,15
2026-07-29 03:00:00,buffer-depth3,4869,15
2026-07-29 03:00:00,hp-ewt,13143,7
2026-07-29 03:00:00,hp-lwt,12560,5
2026-07-29 03:00:00,secondary-ewt,13140,5
2026-07-29 03:00:00,secondary-flow,8,5
2026-07-29 03:00:00,secondary-lwt,12910,4
2026-07-29 03:00:00,zone1-bedrooms-heat-call,0,3
2026-07-29 03:00:00,zone5-living-rm-fancoil-heat-call,0,3
2026-07-29 03:15:00,buffer-depth1,4887,17
2026-07-29 03:15:00,buffer-depth2,4887,23
2026-07-29 03:15:00,buffer-depth3,4938,29
2026-07-29 03:15:00,hp-ewt,12573,4
2026-07-29 03:15:00,hp-lwt,12378,4
2026-07-29 03:15:00,secondary-ewt,13543,4
2026-07-29 03:15:00,secondary-flow,0,4
2026-07-29 03:15:00,secondary-lwt,13415,4
2026-07-29 03:15:00,zone1-bedrooms-heat-call,0,3
2026-07-29 03:15:00,zone5-living-rm-fancoil-heat-call,0,3
2026-07-29 03:30:00,buffer-depth1,4907,15
2026-07-29 03:30:00,buffer-depth2,4899,15
2026-07-29 03:30:00,buffer-depth3,4913,15
2026-07-29 03:30:00,hp-ewt,13137,6
2026-07-29 03:30:00,hp-lwt,12763,3
2026-07-29 03:30:00,secondary-ewt,13837,3
2026-07-29 03:30:00,secondary-flow,0,3
2026-07-29 03:30:00,secondary-lwt,13757,3
2026-07-29 03:30:00,zone1-bedrooms-heat-call,0,3
2026-07-29 03:30:00,zone5-living-rm-fancoil-heat-call,0,3
2026-07-29 03:45:00,buffer-depth1,4910,15
2026-07-29 03:45:00,buffer-depth2,4903,15
2026-07-29 03:45:00,buffer-depth3,4914,15
2026-07-29 03:45:00,hp-ewt,13633,3
2026-07-29 03:45:00,hp-lwt,13153,3
2026-07-29 03:45:00,secondary-ewt,14043,3
2026-07-29 03:45:00,secondary-flow,0,3
2026-07-29 03:45:00,secondary-lwt,14047,3
2026-07-29 03:45:00,zone1-bedrooms-heat-call,0,3
2026-07-29 03:45:00,zone5-living-rm-fancoil-heat-call,0,3
2026-07-29 04:00:00,buffer-depth1,4929,17
2026-07-29 04:00:00,buffer-depth2,4929,19
2026-07-29 04:00:00,buffer-depth3,4979,29
2026-07-29 04:00:00,hp-ewt,14100,3
2026-07-29 04:00:00,hp-lwt,13473,3
2026-07-29 04:00:00,secondary-ewt,14243,3
2026-07-29 04:00:00,secondary-flow,0,3
2026-07-29 04:00:00,secondary-lwt,14273,3
2026-07-29 04:00:00,zone1-bedrooms-heat-call,0,3
2026-07-29 04:00:00,zone5-living-rm-fancoil-heat-call,0,3
2026-07-29 04:15:00,buffer-depth1,4953,16
2026-07-29 04:15:00,buffer-depth2,4942,15
2026-07-29 04:15:00,buffer-depth3,4958,15
2026-07-29 04:15:00,hp-ewt,14318,4
2026-07-29 04:15:00,hp-lwt,13748,4
2026-07-29 04:15:00,secondary-ewt,14433,4
2026-07-29 04:15:00,secondary-flow,0,4
2026-07-29 04:15:00,secondary-lwt,14480,4
2026-07-29 04:15:00,zone1-bedrooms-heat-call,0,3
2026-07-29 04:15:00,zone5-living-rm-fancoil-heat-call,0,3
2026-07-29 04:30:00,buffer-depth1,4955,15
2026-07-29 04:30:00,buffer-depth2,4946,15
2026-07-29 04:30:00,buffer-depth3,4958,15
2026-07-29 04:30:00,hp-ewt,14257,3
2026-07-29 04:30:00,hp-lwt,13980,3
2026-07-29 04:30:00,secondary-ewt,14780,4
2026-07-29 04:30:00,secondary-flow,0,3
2026-07-29 04:30:00,secondary-lwt,14723,3
2026-07-29 04:30:00,zone1-bedrooms-heat-call,0,3
2026-07-29 04:30:00,zone5-living-rm-fancoil-heat-call,0,3
2026-07-29 04:45:00,buffer-depth1,4958,15
2026-07-29 04:45:00,buffer-depth2,4947,15
2026-07-29 04:45:00,buffer-depth3,4959,15
2026-07-29 04:45:00,hp-ewt,14113,4
2026-07-29 04:45:00,hp-lwt,14218,4
2026-07-29 04:45:00,secondary-ewt,15080,3
2026-07-29 04:45:00,secondary-flow,0,3
2026-07-29 04:45:00,secondary-lwt,15043,3
2026-07-29 04:45:00,zone1-bedrooms-heat-call,0,3
2026-07-29 04:45:00,zone5-living-rm-fancoil-heat-call,0,3
2026-07-29 05:00:00,buffer-depth1,4961,15
2026-07-29 05:00:00,buffer-depth2,4948,15
2026-07-29 05:00:00,buffer-depth3,4961,15
2026-07-29 05:00:00,hp-ewt,14147,3
2026-07-29 05:00:00,hp-lwt,14387,3
2026-07-29 05:00:00,secondary-ewt,15390,3
2026-07-29 05:00:00,secondary-flow,0,3
2026-07-29 05:00:00,secondary-lwt,15367,3
2026-07-29 05:00:00,zone1-bedrooms-heat-call,0,3
2026-07-29 05:00:00,zone5-living-rm-fancoil-heat-call,0,3
2026-07-29 05:15:00,buffer-depth1,4964,15
2026-07-29 05:15:00,buffer-depth2,4949,15
2026-07-29 05:15:00,buffer-depth3,4962,15
2026-07-29 05:15:00,hp-ewt,14387,3
2026-07-29 05:15:00,hp-lwt,14577,3
2026-07-29 05:15:00,secondary-ewt,15697,3
2026-07-29 05:15:00,secondary-flow,0,3
2026-07-29 05:15:00,secondary-lwt,15680,3
2026-07-29 05:15:00,zone1-bedrooms-heat-call,0,3
2026-07-29 05:15:00,zone5-living-rm-fancoil-heat-call,0,3
2026-07-29 05:30:00,buffer-depth1,4966,15
2026-07-29 05:30:00,buffer-depth2,4950,15
2026-07-29 05:30:00,buffer-depth3,4963,15
2026-07-29 05:30:00,hp-ewt,14720,4
2026-07-29 05:30:00,hp-lwt,14793,4
2026-07-29 05:30:00,secondary-ewt,15910,4
2026-07-29 05:30:00,secondary-flow,0,4
2026-07-29 05:30:00,secondary-lwt,15933,4
2026-07-29 05:30:00,zone1-bedrooms-heat-call,0,3
2026-07-29 05:30:00,zone5-living-rm-fancoil-heat-call,0,3
2026-07-29 05:45:00,buffer-depth1,4984,19
2026-07-29 05:45:00,buffer-depth2,4988,25
2026-07-29 05:45:00,buffer-depth3,5059,37
2026-07-29 05:45:00,hp-ewt,14950,2
2026-07-29 05:45:00,hp-lwt,14955,2
2026-07-29 05:45:00,secondary-ewt,16157,3
2026-07-29 05:45:00,secondary-flow,4,5
2026-07-29 05:45:00,secondary-lwt,16180,3
2026-07-29 05:45:00,zone1-bedrooms-heat-call,0,5
2026-07-29 05:45:00,zone5-living-rm-fancoil-heat-call,0,3
2026-07-29 06:00:00,buffer-depth1,5008,15
2026-07-29 06:00:00,buffer-depth2,4998,15
2026-07-29 06:00:00,buffer-depth3,5014,15
2026-07-29 06:00:00,hp-ewt,15120,5
2026-07-29 06:00:00,hp-lwt,15086,5
2026-07-29 06:00:00,secondary-ewt,16334,5
2026-07-29 06:00:00,secondary-flow,0,5
2026-07-29 06:00:00,secondary-lwt,16370,5
2026-07-29 06:00:00,zone1-bedrooms-heat-call,0,3
2026-07-29 06:00:00,zone5-living-rm-fancoil-heat-call,0,3
2026-07-29 06:15:00,buffer-depth1,5013,16
2026-07-29 06:15:00,buffer-depth2,5002,16
2026-07-29 06:15:00,buffer-depth3,5016,16
2026-07-29 06:15:00,hp-ewt,15273,4
2026-07-29 06:15:00,hp-lwt,15220,4
2026-07-29 06:15:00,secondary-ewt,16480,4
2026-07-29 06:15:00,secondary-flow,0,4
2026-07-29 06:15:00,secondary-lwt,16520,4
2026-07-29 06:15:00,zone1-bedrooms-heat-call,0,3
2026-07-29 06:15:00,zone5-living-rm-fancoil-heat-call,0,3
2026-07-29 06:30:00,buffer-depth1,5015,15
2026-07-29 06:30:00,buffer-depth2,5004,15
2026-07-29 06:30:00,buffer-depth3,5016,15
2026-07-29 06:30:00,hp-ewt,15428,4
2026-07-29 06:30:00,hp-lwt,15375,4
2026-07-29 06:30:00,secondary-ewt,16633,3
2026-07-29 06:30:00,secondary-flow,0,3
2026-07-29 06:30:00,secondary-lwt,16660,3
2026-07-29 06:30:00,zone1-bedrooms-heat-call,0,3
2026-07-29 06:30:00,zone5-living-rm-fancoil-heat-call,0,3
2026-07-29 06:45:00,buffer-depth1,5018,15
2026-07-29 06:45:00,buffer-depth2,5005,15
2026-07-29 06:45:00,buffer-depth3,5018,15
2026-07-29 06:45:00,hp-ewt,15557,3
2026-07-29 06:45:00,hp-lwt,15483,3
2026-07-29 06:45:00,secondary-ewt,16783,3
2026-07-29 06:45:00,secondary-flow,0,3
2026-07-29 06:45:00,secondary-lwt,16780,3
2026-07-29 06:45:00,zone1-bedrooms-heat-call,0,3
2026-07-29 06:45:00,zone5-living-rm-fancoil-heat-call,0,3
2026-07-29 07:00:00,buffer-depth1,5020,15
2026-07-29 07:00:00,buffer-depth2,5016,18
2026-07-29 07:00:00,buffer-depth3,5079,25
2026-07-29 07:00:00,hp-ewt,15623,3
2026-07-29 07:00:00,hp-lwt,15567,3
2026-07-29 07:00:00,secondary-ewt,16880,3
2026-07-29 07:00:00,secondary-flow,0,3
2026-07-29 07:00:00,secondary-lwt,16920,3
2026-07-29 07:00:00,zone1-bedrooms-heat-call,0,3
2026-07-29 07:00:00,zone5-living-rm-fancoil-heat-call,0,4
2026-07-29 07:15:00,buffer-depth1,5053,17
2026-07-29 07:15:00,buffer-depth2,5052,23
2026-07-29 07:15:00,buffer-depth3,5093,23
2026-07-29 07:15:00,hp-ewt,15723,3
2026-07-29 07:15:00,hp-lwt,15650,3
2026-07-29 07:15:00,secondary-ewt,16997,3
2026-07-29 07:15:00,secondary-flow,0,3
2026-07-29 07:15:00,secondary-lwt,17030,3
2026-07-29 07:15:00,zone1-bedrooms-heat-call,0,3
2026-07-29 07:15:00,zone5-living-rm-fancoil-heat-call,0,4
2026-07-29 07:30:00,buffer-depth1,5064,15
2026-07-29 07:30:00,buffer-depth2,5053,15
2026-07-29 07:30:00,buffer-depth3,5065,15
2026-07-29 07:30:00,hp-ewt,15813,4
2026-07-29 07:30:00,hp-lwt,15723,4
2026-07-29 07:30:00,secondary-ewt,17090,3
2026-07-29 07:30:00,secondary-flow,0,3
2026-07-29 07:30:00,secondary-lwt,17137,3
2026-07-29 07:30:00,zone1-bedrooms-heat-call,0,3
2026-07-29 07:30:00,zone5-living-rm-fancoil-heat-call,0,3
2026-07-29 07:45:00,buffer-depth1,5065,15
2026-07-29 07:45:00,buffer-depth2,5055,15
2026-07-29 07:45:00,buffer-depth3,5065,15
2026-07-29 07:45:00,hp-ewt,15910,2
2026-07-29 07:45:00,hp-lwt,15790,2
2026-07-29 07:45:00,secondary-ewt,17193,3
2026-07-29 07:45:00,secondary-flow,0,3
2026-07-29 07:45:00,secondary-lwt,17210,3
2026-07-29 07:45:00,zone1-bedrooms-heat-call,0,3
2026-07-29 07:45:00,zone5-living-rm-fancoil-heat-call,0,3
2026-07-29 08:00:00,buffer-depth1,5089,18
2026-07-29 08:00:00,buffer-depth2,5090,23
2026-07-29 08:00:00,buffer-depth3,5141,29
2026-07-29 08:00:00,hp-ewt,16017,3
2026-07-29 08:00:00,hp-lwt,15853,3
2026-07-29 08:00:00,secondary-ewt,17273,3
2026-07-29 08:00:00,secondary-flow,0,3
2026-07-29 08:00:00,secondary-lwt,17323,3
2026-07-29 08:00:00,zone1-bedrooms-heat-call,0,3
2026-07-29 08:00:00,zone5-living-rm-fancoil-heat-call,0,5
2026-07-29 08:15:00,buffer-depth1,5106,15
2026-07-29 08:15:00,buffer-depth2,5096,15
2026-07-29 08:15:00,buffer-depth3,5107,16
2026-07-29 08:15:00,hp-ewt,16093,3
2026-07-29 08:15:00,hp-lwt,15930,3
2026-07-29 08:15:00,secondary-ewt,17380,3
2026-07-29 08:15:00,secondary-flow,0,3
2026-07-29 08:15:00,secondary-lwt,17387,3
2026-07-29 08:15:00,zone1-bedrooms-heat-call,0,3
2026-07-29 08:15:00,zone5-living-rm-fancoil-heat-call,0,3
2026-07-29 08:30:00,buffer-depth1,5108,15
2026-07-29 08:30:00,buffer-depth2,5099,15
2026-07-29 08:30:00,buffer-depth3,5107,15
2026-07-29 08:30:00,hp-ewt,16188,4
2026-07-29 08:30:00,hp-lwt,16005,4
2026-07-29 08:30:00,secondary-ewt,17458,4
2026-07-29 08:30:00,secondary-flow,0,4
2026-07-29 08:30:00,secondary-lwt,17448,4
2026-07-29 08:30:00,zone1-bedrooms-heat-call,0,3
2026-07-29 08:30:00,zone5-living-rm-fancoil-heat-call,0,3
2026-07-29 08:45:00,buffer-depth1,5110,15
2026-07-29 08:45:00,buffer-depth2,5111,19
2026-07-29 08:45:00,buffer-depth3,5169,28
2026-07-29 08:45:00,hp-ewt,16290,3
2026-07-29 08:45:00,hp-lwt,16077,3
2026-07-29 08:45:00,secondary-ewt,17530,3
2026-07-29 08:45:00,secondary-flow,0,3
2026-07-29 08:45:00,secondary-lwt,17530,3
2026-07-29 08:45:00,zone1-bedrooms-heat-call,0,3
2026-07-29 08:45:00,zone5-living-rm-fancoil-heat-call,0,4
2026-07-29 09:00:00,buffer-depth1,5140,16
2026-07-29 09:00:00,buffer-depth2,5136,16
2026-07-29 09:00:00,buffer-depth3,5167,19
2026-07-29 09:00:00,hp-ewt,16340,3
2026-07-29 09:00:00,hp-lwt,16107,3
2026-07-29 09:00:00,secondary-ewt,17580,4
2026-07-29 09:00:00,secondary-flow,0,4
2026-07-29 09:00:00,secondary-lwt,17585,4
2026-07-29 09:00:00,zone1-bedrooms-heat-call,0,3
2026-07-29 09:00:00,zone5-living-rm-fancoil-heat-call,0,4
2026-07-29 09:15:00,buffer-depth1,5148,15
2026-07-29 09:15:00,buffer-depth2,5141,15
2026-07-29 09:15:00,buffer-depth3,5151,15
2026-07-29 09:15:00,hp-ewt,16413,3
2026-07-29 09:15:00,hp-lwt,16160,3
2026-07-29 09:15:00,secondary-ewt,17647,3
2026-07-29 09:15:00,secondary-flow,0,3
2026-07-29 09:15:00,secondary-lwt,17640,3
2026-07-29 09:15:00,zone1-bedrooms-heat-call,0,3
2026-07-29 09:15:00,zone5-living-rm-fancoil-heat-call,0,3
2026-07-29 09:30:00,buffer-depth1,5151,15
2026-07-29 09:30:00,buffer-depth2,5142,15
2026-07-29 09:30:00,buffer-depth3,5152,15
2026-07-29 09:30:00,hp-ewt,16487,3
2026-07-29 09:30:00,hp-lwt,16223,3
2026-07-29 09:30:00,secondary-ewt,17717,3
2026-07-29 09:30:00,secondary-flow,0,3
2026-07-29 09:30:00,secondary-lwt,17677,3
2026-07-29 09:30:00,zone1-bedrooms-heat-call,0,3
2026-07-29 09:30:00,zone5-living-rm-fancoil-heat-call,0,3
2026-07-29 09:45:00,buffer-depth1,5171,17
2026-07-29 09:45:00,buffer-depth2,5173,25
2026-07-29 09:45:00,buffer-depth3,5224,30
2026-07-29 09:45:00,hp-ewt,16573,3
2026-07-29 09:45:00,hp-lwt,16303,3
2026-07-29 09:45:00,secondary-ewt,17737,3
2026-07-29 09:45:00,secondary-flow,0,3
2026-07-29 09:45:00,secondary-lwt,17737,3
2026-07-29 09:45:00,zone1-bedrooms-heat-call,0,3
2026-07-29 09:45:00,zone5-living-rm-fancoil-heat-call,0,5
2026-07-29 10:00:00,buffer-depth1,5190,15
2026-07-29 10:00:00,buffer-depth2,5179,15
2026-07-29 10:00:00,buffer-depth3,5190,15
2026-07-29 10:00:00,hp-ewt,16632,5
2026-07-29 10:00:00,hp-lwt,16350,5
2026-07-29 10:00:00,secondary-ewt,17785,4
2026-07-29 10:00:00,secondary-flow,0,4
2026-07-29 10:00:00,secondary-lwt,17778,4
2026-07-29 10:00:00,zone1-bedrooms-heat-call,0,3
2026-07-29 10:00:00,zone5-living-rm-fancoil-heat-call,0,3
2026-07-29 10:15:00,buffer-depth1,5194,15
2026-07-29 10:15:00,buffer-depth2,5181,15
2026-07-29 10:15:00,buffer-depth3,5190,15
2026-07-29 10:15:00,hp-ewt,16700,3
2026-07-29 10:15:00,hp-lwt,16400,3
2026-07-29 10:15:00,secondary-ewt,17840,3
2026-07-29 10:15:00,secondary-flow,0,3
2026-07-29 10:15:00,secondary-lwt,17803,3
2026-07-29 10:15:00,zone1-bedrooms-heat-call,0,3
2026-07-29 10:15:00,zone5-living-rm-fancoil-heat-call,0,3
2026-07-29 10:30:00,buffer-depth1,5195,15
2026-07-29 10:30:00,buffer-depth2,5182,15
2026-07-29 10:30:00,buffer-depth3,5192,15
2026-07-29 10:30:00,hp-ewt,16765,2
2026-07-29 10:30:00,hp-lwt,16450,2
2026-07-29 10:30:00,secondary-ewt,17900,3
2026-07-29 10:30:00,secondary-flow,0,3
2026-07-29 10:30:00,secondary-lwt,17840,3
2026-07-29 10:30:00,zone1-bedrooms-heat-call,0,3
2026-07-29 10:30:00,zone5-living-rm-fancoil-heat-call,0,3
2026-07-29 10:45:00,buffer-depth1,5197,15
2026-07-29 10:45:00,buffer-depth2,5184,15
2026-07-29 10:45:00,buffer-depth3,5193,15
2026-07-29 10:45:00,hp-ewt,16810,3
2026-07-29 10:45:00,hp-lwt,16493,3
2026-07-29 10:45:00,secondary-ewt,17950,3
2026-07-29 10:45:00,secondary-flow,0,3
2026-07-29 10:45:00,secondary-lwt,17880,3
2026-07-29 10:45:00,zone1-bedrooms-heat-call,0,3
2026-07-29 10:45:00,zone5-living-rm-fancoil-heat-call,0,3
2026-07-29 11:00:00,buffer-depth1,5210,16
2026-07-29 11:00:00,buffer-depth2,5214,23
2026-07-29 11:00:00,buffer-depth3,5277,25
2026-07-29 11:00:00,hp-ewt,16897,6
2026-07-29 11:00:00,hp-lwt,16543,6
2026-07-29 11:00:00,secondary-ewt,17984,5
2026-07-29 11:00:00,secondary-flow,0,5
2026-07-29 11:00:00,secondary-lwt,17924,5
2026-07-29 11:00:00,zone1-bedrooms-heat-call,0,3
2026-07-29 11:00:00,zone5-living-rm-fancoil-heat-call,0,5
2026-07-29 11:15:00,buffer-depth1,5235,16
2026-07-29 11:15:00,buffer-depth2,5229,17
2026-07-29 11:15:00,buffer-depth3,5275,26
2026-07-29 11:15:00,hp-ewt,16960,3
2026-07-29 11:15:00,hp-lwt,16563,3
2026-07-29 11:15:00,secondary-ewt,18013,3
2026-07-29 11:15:00,secondary-flow,3,5
2026-07-29 11:15:00,secondary-lwt,17973,3
2026-07-29 11:15:00,zone1-bedrooms-heat-call,0,3
2026-07-29 11:15:00,zone5-living-rm-fancoil-heat-call,0,3
2026-07-29 11:30:00,buffer-depth1,5258,18
2026-07-29 11:30:00,buffer-depth2,5261,22
2026-07-29 11:30:00,buffer-depth3,5290,22
2026-07-29 11:30:00,hp-ewt,17040,4
2026-07-29 11:30:00,hp-lwt,16558,4
2026-07-29 11:30:00,secondary-ewt,18030,5
2026-07-29 11:30:00,secondary-flow,0,5
2026-07-29 11:30:00,secondary-lwt,18006,5
2026-07-29 11:30:00,zone1-bedrooms-heat-call,0,3
2026-07-29 11:30:00,zone5-living-rm-fancoil-heat-call,0,4
2026-07-29 11:45:00,buffer-depth1,5287,17
2026-07-29 11:45:00,buffer-depth2,5289,20
2026-07-29 11:45:00,buffer-depth3,5322,24
2026-07-29 11:45:00,hp-ewt,17113,3
2026-07-29 11:45:00,hp-lwt,16533,3
2026-07-29 11:45:00,secondary-ewt,18030,3
2026-07-29 11:45:00,secondary-flow,0,3
2026-07-29 11:45:00,secondary-lwt,18047,3
2026-07-29 11:45:00,zone1-bedrooms-heat-call,0,3
2026-07-29 11:45:00,zone5-living-rm-fancoil-heat-call,1,4
2026-07-29 12:00:00,buffer-depth1,5305,15
2026-07-29 12:00:00,buffer-depth2,5303,18
2026-07-29 12:00:00,buffer-depth3,5334,25
2026-07-29 12:00:00,hp-ewt,17177,3
2026-07-29 12:00:00,hp-lwt,16420,3
2026-07-29 12:00:00,secondary-ewt,18043,3
2026-07-29 12:00:00,secondary-flow,0,3
2026-07-29 12:00:00,secondary-lwt,18063,3
2026-07-29 12:00:00,zone1-bedrooms-heat-call,0,5
2026-07-29 12:00:00,zone5-living-rm-fancoil-heat-call,0,3
2026-07-29 12:15:00,buffer-depth1,5334,19
2026-07-29 12:15:00,buffer-depth2,5334,18
2026-07-29 12:15:00,buffer-depth3,5367,20
2026-07-29 12:15:00,hp-ewt,17307,3
2026-07-29 12:15:00,hp-lwt,16380,3
2026-07-29 12:15:00,secondary-ewt,17958,5
2026-07-29 12:15:00,secondary-flow,0,4
2026-07-29 12:15:00,secondary-lwt,18214,5
2026-07-29 12:15:00,zone1-bedrooms-heat-call,0,3
2026-07-29 12:15:00,zone5-living-rm-fancoil-heat-call,0,5
2026-07-29 12:30:00,buffer-depth1,5364,15
2026-07-29 12:30:00,buffer-depth2,5351,15
2026-07-29 12:30:00,buffer-depth3,5365,16
2026-07-29 12:30:00,hp-ewt,17594,5
2026-07-29 12:30:00,hp-lwt,16430,5
2026-07-29 12:30:00,secondary-ewt,18017,3
2026-07-29 12:30:00,secondary-flow,0,3
2026-07-29 12:30:00,secondary-lwt,18320,3
2026-07-29 12:30:00,zone1-bedrooms-heat-call,0,3
2026-07-29 12:30:00,zone5-living-rm-fancoil-heat-call,0,3
2026-07-29 12:45:00,buffer-depth1,5375,17
2026-07-29 12:45:00,buffer-depth2,5369,20
2026-07-29 12:45:00,buffer-depth3,5405,25
2026-07-29 12:45:00,hp-ewt,17763,3
2026-07-29 12:45:00,hp-lwt,16243,3
2026-07-29 12:45:00,secondary-ewt,18110,3
2026-07-29 12:45:00,secondary-flow,3,5
2026-07-29 12:45:00,secondary-lwt,18357,3
2026-07-29 12:45:00,zone1-bedrooms-heat-call,0,3
2026-07-29 12:45:00,zone5-living-rm-fancoil-heat-call,0,3
2026-07-29 13:00:00,buffer-depth1,5393,15
2026-07-29 13:00:00,buffer-depth2,5388,18
2026-07-29 13:00:00,buffer-depth3,5421,22
2026-07-29 13:00:00,hp-ewt,17833,3
2026-07-29 13:00:00,hp-lwt,16107,3
2026-07-29 13:00:00,secondary-ewt,18210,3
2026-07-29 13:00:00,secondary-flow,0,3
2026-07-29 13:00:00,secondary-lwt,18437,3
2026-07-29 13:00:00,zone1-bedrooms-heat-call,0,3
2026-07-29 13:00:00,zone5-living-rm-fancoil-heat-call,0,4
2026-07-29 13:15:00,buffer-depth1,5419,17
2026-07-29 13:15:00,buffer-depth2,5413,17
2026-07-29 13:15:00,buffer-depth3,5443,21
2026-07-29 13:15:00,hp-ewt,18155,4
2026-07-29 13:15:00,hp-lwt,16287,3
2026-07-29 13:15:00,secondary-ewt,18297,3
2026-07-29 13:15:00,secondary-flow,0,3
2026-07-29 13:15:00,secondary-lwt,18517,3
2026-07-29 13:15:00,zone1-bedrooms-heat-call,0,3
2026-07-29 13:15:00,zone5-living-rm-fancoil-heat-call,1,4
2026-07-29 13:30:00,buffer-depth1,5435,17
2026-07-29 13:30:00,buffer-depth2,5432,19
2026-07-29 13:30:00,buffer-depth3,5469,24
2026-07-29 13:30:00,hp-ewt,18670,5
2026-07-29 13:30:00,hp-lwt,16673,3
2026-07-29 13:30:00,secondary-ewt,18417,3
2026-07-29 13:30:00,secondary-flow,0,3
2026-07-29 13:30:00,secondary-lwt,18613,3
2026-07-29 13:30:00,zone1-bedrooms-heat-call,0,5
2026-07-29 13:30:00,zone5-living-rm-fancoil-heat-call,0,3
2026-07-29 13:45:00,buffer-depth1,5455,14
2026-07-29 13:45:00,buffer-depth2,5445,15
2026-07-29 13:45:00,buffer-depth3,5469,19
2026-07-29 13:45:00,hp-ewt,19143,6
2026-07-29 13:45:00,hp-lwt,17002,6
2026-07-29 13:45:00,secondary-ewt,18523,6
2026-07-29 13:45:00,secondary-flow,0,6
2026-07-29 13:45:00,secondary-lwt,18693,6
2026-07-29 13:45:00,zone1-bedrooms-heat-call,0,3
2026-07-29 13:45:00,zone5-living-rm-fancoil-heat-call,0,4
2026-07-29 14:00:00,buffer-depth1,5532,32
2026-07-29 14:00:00,buffer-depth2,5479,22
2026-07-29 14:00:00,buffer-depth3,5498,20
2026-07-29 14:00:00,hp-ewt,16828,28
2026-07-29 14:00:00,hp-lwt,14917,44
2026-07-29 14:00:00,secondary-ewt,16051,21
2026-07-29 14:00:00,secondary-flow,241,5
2026-07-29 14:00:00,secondary-lwt,15199,35
2026-07-29 14:00:00,zone1-bedrooms-heat-call,0,3
2026-07-29 14:00:00,zone5-living-rm-fancoil-heat-call,1,4
2026-07-29 14:15:00,buffer-depth1,5429,22
2026-07-29 14:15:00,buffer-depth2,5454,21
2026-07-29 14:15:00,buffer-depth3,5468,18
2026-07-29 14:15:00,hp-ewt,13673,6
2026-07-29 14:15:00,hp-lwt,12011,15
2026-07-29 14:15:00,secondary-ewt,13453,10
2026-07-29 14:15:00,secondary-flow,764,8
2026-07-29 14:15:00,secondary-lwt,12450,11
2026-07-29 14:15:00,zone1-bedrooms-heat-call,0,5
2026-07-29 14:15:00,zone5-living-rm-fancoil-heat-call,0,3
2026-07-29 14:30:00,buffer-depth1,5385,21
2026-07-29 14:30:00,buffer-depth2,5394,20
2026-07-29 14:30:00,buffer-depth3,5425,18
2026-07-29 14:30:00,hp-ewt,13745,4
2026-07-29 14:30:00,hp-lwt,11267,12
2026-07-29 14:30:00,secondary-ewt,13158,9
2026-07-29 14:30:00,secondary-flow,757,6
2026-07-29 14:30:00,secondary-lwt,12453,10
2026-07-29 14:30:00,zone1-bedrooms-heat-call,0,3
2026-07-29 14:30:00,zone5-living-rm-fancoil-heat-call,0,5
2026-07-29 14:45:00,buffer-depth1,5307,11
2026-07-29 14:45:00,buffer-depth2,5323,11
2026-07-29 14:45:00,buffer-depth3,5369,11
2026-07-29 14:45:00,hp-ewt,13157,3
2026-07-29 14:45:00,hp-lwt,10237,3
2026-07-29 14:45:00,secondary-ewt,12458,5
2026-07-29 14:45:00,secondary-flow,742,4
2026-07-29 14:45:00,secondary-lwt,11846,5
2026-07-29 14:45:00,zone1-bedrooms-heat-call,0,2
2026-07-29 14:45:00,zone5-living-rm-fancoil-heat-call,0,2
2026-07-29 15:00:00,buffer-depth1,5239,7
2026-07-29 15:00:00,buffer-depth2,5253,8
2026-07-29 15:00:00,buffer-depth3,5307,9
2026-07-29 15:00:00,hp-ewt,13158,4
2026-07-29 15:00:00,hp-lwt,10147,3
2026-07-29 15:00:00,secondary-ewt,12600,10
2026-07-29 15:00:00,secondary-flow,766,4
2026-07-29 15:00:00,secondary-lwt,11796,5
2026-07-29 15:00:00,zone1-bedrooms-heat-call,0,1
2026-07-29 15:00:00,zone5-living-rm-fancoil-heat-call,0,1
2026-07-29 15:15:00,buffer-depth1,5230,10
2026-07-29 15:15:00,buffer-depth2,5222,10
2026-07-29 15:15:00,buffer-depth3,5241,10
2026-07-29 15:15:00,hp-ewt,14664,7
2026-07-29 15:15:00,hp-lwt,14093,7
2026-07-29 15:15:00,secondary-ewt,13345,8
2026-07-29 15:15:00,secondary-flow,0,7
2026-07-29 15:15:00,secondary-lwt,14259,7
2026-07-29 15:15:00,zone1-bedrooms-heat-call,0,2
2026-07-29 15:15:00,zone5-living-rm-fancoil-heat-call,0,2
2026-07-29 15:30:00,buffer-depth1,5265,25
2026-07-29 15:30:00,buffer-depth2,5240,19
2026-07-29 15:30:00,buffer-depth3,5245,16
2026-07-29 15:30:00,hp-ewt,15328,5
2026-07-29 15:30:00,hp-lwt,14683,4
2026-07-29 15:30:00,secondary-ewt,13009,22
2026-07-29 15:30:00,secondary-flow,521,20
2026-07-29 15:30:00,secondary-lwt,13350,24
2026-07-29 15:30:00,zone1-bedrooms-heat-call,0,3
2026-07-29 15:30:00,zone5-living-rm-fancoil-heat-call,0,4
2026-07-29 15:45:00,buffer-depth1,5310,21
2026-07-29 15:45:00,buffer-depth2,5290,19
2026-07-29 15:45:00,buffer-depth3,5277,19
2026-07-29 15:45:00,hp-ewt,15243,7
2026-07-29 15:45:00,hp-lwt,14903,4
2026-07-29 15:45:00,secondary-ewt,12783,12
2026-07-29 15:45:00,secondary-flow,510,9
2026-07-29 15:45:00,secondary-lwt,12747,11
2026-07-29 15:45:00,zone1-bedrooms-heat-call,0,3
2026-07-29 15:45:00,zone5-living-rm-fancoil-heat-call,1,4
2026-07-29 16:00:00,buffer-depth1,5335,16
2026-07-29 16:00:00,buffer-depth2,5326,16
2026-07-29 16:00:00,buffer-depth3,5327,17
2026-07-29 16:00:00,hp-ewt,14960,4
2026-07-29 16:00:00,hp-lwt,15072,5
2026-07-29 16:00:00,secondary-ewt,13349,11
2026-07-29 16:00:00,secondary-flow,131,7
2026-07-29 16:00:00,secondary-lwt,13162,9
2026-07-29 16:00:00,zone1-bedrooms-heat-call,0,3
2026-07-29 16:00:00,zone5-living-rm-fancoil-heat-call,0,3
2026-07-29 16:15:00,buffer-depth1,5356,17
2026-07-29 16:15:00,buffer-depth2,5350,21
2026-07-29 16:15:00,buffer-depth3,5390,30
2026-07-29 16:15:00,hp-ewt,15340,3
2026-07-29 16:15:00,hp-lwt,15410,2
2026-07-29 16:15:00,secondary-ewt,14566,5
2026-07-29 16:15:00,secondary-flow,0,3
2026-07-29 16:15:00,secondary-lwt,14272,6
2026-07-29 16:15:00,zone1-bedrooms-heat-call,0,3
2026-07-29 16:15:00,zone5-living-rm-fancoil-heat-call,1,7
2026-07-29 16:30:00,buffer-depth1,5382,17
2026-07-29 16:30:00,buffer-depth2,5382,19
2026-07-29 16:30:00,buffer-depth3,5419,26
2026-07-29 16:30:00,hp-ewt,15213,3
2026-07-29 16:30:00,hp-lwt,15420,3
2026-07-29 16:30:00,secondary-ewt,14973,3
2026-07-29 16:30:00,secondary-flow,0,3
2026-07-29 16:30:00,secondary-lwt,14700,3
2026-07-29 16:30:00,zone1-bedrooms-heat-call,0,3
2026-07-29 16:30:00,zone5-living-rm-fancoil-heat-call,0,4
2026-07-29 16:45:00,buffer-depth1,5422,18
2026-07-29 16:45:00,buffer-depth2,5418,17
2026-07-29 16:45:00,buffer-depth3,5444,17
2026-07-29 16:45:00,hp-ewt,15053,3
2026-07-29 16:45:00,hp-lwt,15243,3
2026-07-29 16:45:00,secondary-ewt,14997,3
2026-07-29 16:45:00,secondary-flow,0,3
2026-07-29 16:45:00,secondary-lwt,14920,4
2026-07-29 16:45:00,zone1-bedrooms-heat-call,0,3
2026-07-29 16:45:00,zone5-living-rm-fancoil-heat-call,1,4
2026-07-29 17:00:00,buffer-depth1,5435,16
2026-07-29 17:00:00,buffer-depth2,5431,17
2026-07-29 17:00:00,buffer-depth3,5453,20
2026-07-29 17:00:00,hp-ewt,15027,3
2026-07-29 17:00:00,hp-lwt,14983,3
2026-07-29 17:00:00,secondary-ewt,15120,3
2026-07-29 17:00:00,secondary-flow,0,3
2026-07-29 17:00:00,secondary-lwt,15190,3
2026-07-29 17:00:00,zone1-bedrooms-heat-call,0,5
2026-07-29 17:00:00,zone5-living-rm-fancoil-heat-call,0,3
2026-07-29 17:15:00,buffer-depth1,5471,19
2026-07-29 17:15:00,buffer-depth2,5470,18
2026-07-29 17:15:00,buffer-depth3,5496,21
2026-07-29 17:15:00,hp-ewt,15168,6
2026-07-29 17:15:00,hp-lwt,14687,6
2026-07-29 17:15:00,secondary-ewt,14769,9
2026-07-29 17:15:00,secondary-flow,3,7
2026-07-29 17:15:00,secondary-lwt,15000,7
2026-07-29 17:15:00,zone1-bedrooms-heat-call,0,3
2026-07-29 17:15:00,zone5-living-rm-fancoil-heat-call,1,7
2026-07-29 17:30:00,buffer-depth1,5487,15
2026-07-29 17:30:00,buffer-depth2,5479,15
2026-07-29 17:30:00,buffer-depth3,5493,18
2026-07-29 17:30:00,hp-ewt,15307,3
2026-07-29 17:30:00,hp-lwt,14587,3
2026-07-29 17:30:00,secondary-ewt,14933,3
2026-07-29 17:30:00,secondary-flow,0,3
2026-07-29 17:30:00,secondary-lwt,15188,4
2026-07-29 17:30:00,zone1-bedrooms-heat-call,0,3
2026-07-29 17:30:00,zone5-living-rm-fancoil-heat-call,0,3
2026-07-29 17:45:00,buffer-depth1,5513,18
2026-07-29 17:45:00,buffer-depth2,5511,21
2026-07-29 17:45:00,buffer-depth3,5538,23
2026-07-29 17:45:00,hp-ewt,15588,4
2026-07-29 17:45:00,hp-lwt,14703,3
2026-07-29 17:45:00,secondary-ewt,14880,6
2026-07-29 17:45:00,secondary-flow,0,3
2026-07-29 17:45:00,secondary-lwt,15041,8
2026-07-29 17:45:00,zone1-bedrooms-heat-call,0,3
2026-07-29 17:45:00,zone5-living-rm-fancoil-heat-call,0,5
2026-07-29 18:00:00,buffer-depth1,5537,16
2026-07-29 18:00:00,buffer-depth2,5530,16
2026-07-29 18:00:00,buffer-depth3,5537,16
2026-07-29 18:00:00,hp-ewt,16010,4
2026-07-29 18:00:00,hp-lwt,15110,4
2026-07-29 18:00:00,secondary-ewt,14894,5
2026-07-29 18:00:00,secondary-flow,0,5
2026-07-29 18:00:00,secondary-lwt,15206,5
2026-07-29 18:00:00,zone1-bedrooms-heat-call,0,3
2026-07-29 18:00:00,zone5-living-rm-fancoil-heat-call,0,3
2026-07-29 18:15:00,buffer-depth1,5551,17
2026-07-29 18:15:00,buffer-depth2,5549,20
2026-07-29 18:15:00,buffer-depth3,5572,22
2026-07-29 18:15:00,hp-ewt,16310,3
2026-07-29 18:15:00,hp-lwt,15447,3
2026-07-29 18:15:00,secondary-ewt,15158,4
2026-07-29 18:15:00,secondary-flow,10,4
2026-07-29 18:15:00,secondary-lwt,15533,3
2026-07-29 18:15:00,zone1-bedrooms-heat-call,0,3
2026-07-29 18:15:00,zone5-living-rm-fancoil-heat-call,0,4
2026-07-29 18:30:00,buffer-depth1,5582,16
2026-07-29 18:30:00,buffer-depth2,5577,16
2026-07-29 18:30:00,buffer-depth3,5597,16
2026-07-29 18:30:00,hp-ewt,16507,3
2026-07-29 18:30:00,hp-lwt,15773,3
2026-07-29 18:30:00,secondary-ewt,15000,3
2026-07-29 18:30:00,secondary-flow,0,3
2026-07-29 18:30:00,secondary-lwt,15553,3
2026-07-29 18:30:00,zone1-bedrooms-heat-call,0,3
2026-07-29 18:30:00,zone5-living-rm-fancoil-heat-call,0,4
2026-07-29 18:45:00,buffer-depth1,5592,16
2026-07-29 18:45:00,buffer-depth2,5588,16
2026-07-29 18:45:00,buffer-depth3,5610,20
2026-07-29 18:45:00,hp-ewt,16680,3
2026-07-29 18:45:00,hp-lwt,16023,3
2026-07-29 18:45:00,secondary-ewt,15443,3
2026-07-29 18:45:00,secondary-flow,0,3
2026-07-29 18:45:00,secondary-lwt,15850,3
2026-07-29 18:45:00,zone1-bedrooms-heat-call,0,3
2026-07-29 18:45:00,zone5-living-rm-fancoil-heat-call,0,4
2026-07-29 19:00:00,buffer-depth1,5624,17
2026-07-29 19:00:00,buffer-depth2,5622,17
2026-07-29 19:00:00,buffer-depth3,5645,19
2026-07-29 19:00:00,hp-ewt,16800,4
2026-07-29 19:00:00,hp-lwt,16223,4
2026-07-29 19:00:00,secondary-ewt,15810,3
2026-07-29 19:00:00,secondary-flow,3,5
2026-07-29 19:00:00,secondary-lwt,15953,3
2026-07-29 19:00:00,zone1-bedrooms-heat-call,0,3
2026-07-29 19:00:00,zone5-living-rm-fancoil-heat-call,1,4
2026-07-29 19:15:00,buffer-depth1,5638,15
2026-07-29 19:15:00,buffer-depth2,5630,16
2026-07-29 19:15:00,buffer-depth3,5653,21
2026-07-29 19:15:00,hp-ewt,16950,3
2026-07-29 19:15:00,hp-lwt,16380,3
2026-07-29 19:15:00,secondary-ewt,16127,3
2026-07-29 19:15:00,secondary-flow,0,3
2026-07-29 19:15:00,secondary-lwt,16010,3
2026-07-29 19:15:00,zone1-bedrooms-heat-call,0,3
2026-07-29 19:15:00,zone5-living-rm-fancoil-heat-call,0,3
2026-07-29 19:30:00,buffer-depth1,5656,16
2026-07-29 19:30:00,buffer-depth2,5653,17
2026-07-29 19:30:00,buffer-depth3,5679,23
2026-07-29 19:30:00,hp-ewt,17063,3
2026-07-29 19:30:00,hp-lwt,16393,3
2026-07-29 19:30:00,secondary-ewt,16413,3
2026-07-29 19:30:00,secondary-flow,0,3
2026-07-29 19:30:00,secondary-lwt,16293,3
2026-07-29 19:30:00,zone1-bedrooms-heat-call,0,3
2026-07-29 19:30:00,zone5-living-rm-fancoil-heat-call,1,4
2026-07-29 19:45:00,buffer-depth1,5680,17
2026-07-29 19:45:00,buffer-depth2,5674,16
2026-07-29 19:45:00,buffer-depth3,5688,16
2026-07-29 19:45:00,hp-ewt,17197,3
2026-07-29 19:45:00,hp-lwt,16193,3
2026-07-29 19:45:00,secondary-ewt,16660,3
2026-07-29 19:45:00,secondary-flow,0,3
2026-07-29 19:45:00,secondary-lwt,16547,3
2026-07-29 19:45:00,zone1-bedrooms-heat-call,0,3
2026-07-29 19:45:00,zone5-living-rm-fancoil-heat-call,0,4
2026-07-29 20:00:00,buffer-depth1,5723,24
2026-07-29 20:00:00,buffer-depth2,5700,18
2026-07-29 20:00:00,buffer-depth3,5691,17
2026-07-29 20:00:00,hp-ewt,17270,4
2026-07-29 20:00:00,hp-lwt,15755,6
2026-07-29 20:00:00,secondary-ewt,15294,14
2026-07-29 20:00:00,secondary-flow,539,6
2026-07-29 20:00:00,secondary-lwt,15344,14
2026-07-29 20:00:00,zone1-bedrooms-heat-call,0,5
2026-07-29 20:00:00,zone5-living-rm-fancoil-heat-call,0,3
2026-07-29 20:15:00,buffer-depth1,5727,16
2026-07-29 20:15:00,buffer-depth2,5718,16
2026-07-29 20:15:00,buffer-depth3,5719,17
2026-07-29 20:15:00,hp-ewt,17320,5
2026-07-29 20:15:00,hp-lwt,15126,5
2026-07-29 20:15:00,secondary-ewt,14433,3
2026-07-29 20:15:00,secondary-flow,744,3
2026-07-29 20:15:00,secondary-lwt,14430,3
2026-07-29 20:15:00,zone1-bedrooms-heat-call,0,3
2026-07-29 20:15:00,zone5-living-rm-fancoil-heat-call,0,3
2026-07-29 20:30:00,buffer-depth1,5751,18
2026-07-29 20:30:00,buffer-depth2,5736,18
2026-07-29 20:30:00,buffer-depth3,5732,15
2026-07-29 20:30:00,hp-ewt,17415,2
2026-07-29 20:30:00,hp-lwt,15135,2
2026-07-29 20:30:00,secondary-ewt,14797,6
2026-07-29 20:30:00,secondary-flow,764,3
2026-07-29 20:30:00,secondary-lwt,14655,4
2026-07-29 20:30:00,zone1-bedrooms-heat-call,0,3
2026-07-29 20:30:00,zone5-living-rm-fancoil-heat-call,1,5
2026-07-29 20:45:00,buffer-depth1,5772,15
2026-07-29 20:45:00,buffer-depth2,5763,15
2026-07-29 20:45:00,buffer-depth3,5757,17
2026-07-29 20:45:00,hp-ewt,17472,6
2026-07-29 20:45:00,hp-lwt,15323,6
2026-07-29 20:45:00,zone1-bedrooms-heat-call,0,3
2026-07-29 20:45:00,zone5-living-rm-fancoil-heat-call,0,3
2026-07-29 21:00:00,buffer-depth1,5783,17
2026-07-29 21:00:00,buffer-depth2,5771,15
2026-07-29 21:00:00,buffer-depth3,5775,15
2026-07-29 21:00:00,hp-ewt,17500,3
2026-07-29 21:00:00,hp-lwt,15677,3
2026-07-29 21:00:00,secondary-ewt,15033,8
2026-07-29 21:00:00,secondary-flow,775,6
2026-07-29 21:00:00,secondary-lwt,14937,6
2026-07-29 21:00:00,zone1-bedrooms-heat-call,0,3
2026-07-29 21:00:00,zone5-living-rm-fancoil-heat-call,0,4
2026-07-29 21:15:00,buffer-depth1,5817,16
2026-07-29 21:15:00,buffer-depth2,5802,18
2026-07-29 21:15:00,buffer-depth3,5790,17
2026-07-29 21:15:00,hp-ewt,17523,3
2026-07-29 21:15:00,hp-lwt,15983,3
2026-07-29 21:15:00,secondary-ewt,14960,5
2026-07-29 21:15:00,secondary-flow,774,6
2026-07-29 21:15:00,secondary-lwt,14944,5
2026-07-29 21:15:00,zone1-bedrooms-heat-call,0,3
2026-07-29 21:15:00,zone5-living-rm-fancoil-heat-call,0,4
2026-07-29 21:30:00,buffer-depth1,5820,15
2026-07-29 21:30:00,buffer-depth2,5812,15
2026-07-29 21:30:00,buffer-depth3,5815,16
2026-07-29 21:30:00,hp-ewt,17473,6
2026-07-29 21:30:00,hp-lwt,16263,6
2026-07-29 21:30:00,secondary-ewt,15101,7
2026-07-29 21:30:00,secondary-flow,760,7
2026-07-29 21:30:00,secondary-lwt,14932,5
2026-07-29 21:30:00,zone1-bedrooms-heat-call,0,3
2026-07-29 21:30:00,zone5-living-rm-fancoil-heat-call,0,3
2026-07-29 21:45:00,buffer-depth1,5840,17
2026-07-29 21:45:00,buffer-depth2,5829,17
2026-07-29 21:45:00,buffer-depth3,5826,16
2026-07-29 21:45:00,hp-ewt,17410,3
2026-07-29 21:45:00,hp-lwt,16457,3
2026-07-29 21:45:00,secondary-ewt,15128,4
2026-07-29 21:45:00,secondary-flow,756,4
2026-07-29 21:45:00,secondary-lwt,15120,4
2026-07-29 21:45:00,zone1-bedrooms-heat-call,0,3
2026-07-29 21:45:00,zone5-living-rm-fancoil-heat-call,0,3
2026-07-29 22:00:00,buffer-depth1,5857,17
2026-07-29 22:00:00,buffer-depth2,5847,17
2026-07-29 22:00:00,buffer-depth3,5845,17
2026-07-29 22:00:00,hp-ewt,17343,4
2026-07-29 22:00:00,hp-lwt,16638,4
2026-07-29 22:00:00,secondary-ewt,15215,2
2026-07-29 22:00:00,secondary-flow,760,4
2026-07-29 22:00:00,secondary-lwt,15230,2
2026-07-29 22:00:00,zone1-bedrooms-heat-call,0,3
2026-07-29 22:00:00,zone5-living-rm-fancoil-heat-call,0,5
2026-07-29 22:15:00,buffer-depth1,5876,17
2026-07-29 22:15:00,buffer-depth2,5865,16
2026-07-29 22:15:00,buffer-depth3,5864,16
2026-07-29 22:15:00,hp-ewt,17283,3
2026-07-29 22:15:00,hp-lwt,16790,3
2026-07-29 22:15:00,secondary-ewt,15375,6
2026-07-29 22:15:00,secondary-flow,770,6
2026-07-29 22:15:00,secondary-lwt,15285,4
2026-07-29 22:15:00,zone1-bedrooms-heat-call,0,5
2026-07-29 22:15:00,zone5-living-rm-fancoil-heat-call,0,3
2026-07-29 22:30:00,buffer-depth1,5885,15
2026-07-29 22:30:00,buffer-depth2,5877,15
2026-07-29 22:30:00,buffer-depth3,5880,16
2026-07-29 22:30:00,hp-ewt,17227,3
2026-07-29 22:30:00,hp-lwt,16943,3
2026-07-29 22:30:00,secondary-ewt,15287,3
2026-07-29 22:30:00,secondary-flow,746,3
2026-07-29 22:30:00,secondary-lwt,15257,3
2026-07-29 22:30:00,zone1-bedrooms-heat-call,0,3
2026-07-29 22:30:00,zone5-living-rm-fancoil-heat-call,0,3
2026-07-29 22:45:00,buffer-depth1,5898,17
2026-07-29 22:45:00,buffer-depth2,5886,16
2026-07-29 22:45:00,buffer-depth3,5889,15
2026-07-29 22:45:00,hp-ewt,17200,3
2026-07-29 22:45:00,hp-lwt,17060,3
2026-07-29 22:45:00,secondary-ewt,15615,11
2026-07-29 22:45:00,secondary-flow,771,6
2026-07-29 22:45:00,secondary-lwt,15460,5
2026-07-29 22:45:00,zone1-bedrooms-heat-call,0,3
2026-07-29 22:45:00,zone5-living-rm-fancoil-heat-call,0,4
2026-07-29 23:00:00,buffer-depth1,5924,16
2026-07-29 23:00:00,buffer-depth2,5913,17
2026-07-29 23:00:00,buffer-depth3,5903,17
2026-07-29 23:00:00,hp-ewt,17205,4
2026-07-29 23:00:00,hp-lwt,17173,4
2026-07-29 23:00:00,secondary-ewt,15520,5
2026-07-29 23:00:00,secondary-flow,762,4
2026-07-29 23:00:00,secondary-lwt,15535,4
2026-07-29 23:00:00,zone1-bedrooms-heat-call,0,3
2026-07-29 23:00:00,zone5-living-rm-fancoil-heat-call,0,4
2026-07-29 23:15:00,buffer-depth1,5928,16
2026-07-29 23:15:00,buffer-depth2,5919,16
2026-07-29 23:15:00,buffer-depth3,5922,16
2026-07-29 23:15:00,hp-ewt,17200,3
2026-07-29 23:15:00,hp-lwt,17253,3
2026-07-29 23:15:00,secondary-ewt,15672,6
2026-07-29 23:15:00,secondary-flow,757,5
2026-07-29 23:15:00,secondary-lwt,15560,4
2026-07-29 23:15:00,zone1-bedrooms-heat-call,0,3
2026-07-29 23:15:00,zone5-living-rm-fancoil-heat-call,0,3
2026-07-29 23:30:00,buffer-depth1,5946,16
2026-07-29 23:30:00,buffer-depth2,5936,16
2026-07-29 23:30:00,buffer-depth3,5933,16
2026-07-29 23:30:00,hp-ewt,17200,3
2026-07-29 23:30:00,hp-lwt,17323,3
2026-07-29 23:30:00,secondary-ewt,15673,3
2026-07-29 23:30:00,secondary-flow,766,5
2026-07-29 23:30:00,secondary-lwt,15630,3
2026-07-29 23:30:00,zone1-bedrooms-heat-call,0,3
2026-07-29 23:30:00,zone5-living-rm-fancoil-heat-call,0,3
2026-07-29 23:45:00,buffer-depth1,5951,15
2026-07-29 23:45:00,buffer-depth2,5943,15
2026-07-29 23:45:00,buffer-depth3,5946,15
2026-07-29 23:45:00,hp-ewt,17230,3
2026-07-29 23:45:00,hp-lwt,17400,3
2026-07-29 23:45:00,secondary-ewt,15660,3
2026-07-29 23:45:00,secondary-flow,751,5
2026-07-29 23:45:00,secondary-lwt,15617,3
2026-07-29 23:45:00,zone1-bedrooms-heat-call,0,3
2026-07-29 23:45:00,zone5-living-rm-fancoil-heat-call,0,3
2026-07-30 00:00:00,buffer-depth1,5967,17
2026-07-30 00:00:00,buffer-depth2,5957,16
2026-07-30 00:00:00,buffer-depth3,5955,16
2026-07-30 00:00:00,hp-ewt,17263,3
2026-07-30 00:00:00,hp-lwt,17457,3
2026-07-30 00:00:00,secondary-ewt,15808,4
2026-07-30 00:00:00,secondary-flow,767,8
2026-07-30 00:00:00,secondary-lwt,15795,4
2026-07-30 00:00:00,zone1-bedrooms-heat-call,0,3
2026-07-30 00:00:00,zone5-living-rm-fancoil-heat-call,0,3
2026-07-30 00:15:00,buffer-depth1,5974,17
2026-07-30 00:15:00,buffer-depth2,5966,17
2026-07-30 00:15:00,buffer-depth3,5969,17
2026-07-30 00:15:00,hp-ewt,17286,7
2026-07-30 00:15:00,hp-lwt,17503,7
2026-07-30 00:15:00,secondary-ewt,15960,6
2026-07-30 00:15:00,secondary-flow,765,5
2026-07-30 00:15:00,secondary-lwt,15970,5
2026-07-30 00:15:00,zone1-bedrooms-heat-call,0,3
2026-07-30 00:15:00,zone5-living-rm-fancoil-heat-call,0,4
2026-07-30 00:30:00,buffer-depth1,5997,17
2026-07-30 00:30:00,buffer-depth2,5985,17
2026-07-30 00:30:00,buffer-depth3,5978,16
2026-07-30 00:30:00,hp-ewt,17320,3
2026-07-30 00:30:00,hp-lwt,17563,3
2026-07-30 00:30:00,secondary-ewt,16100,5
2026-07-30 00:30:00,secondary-flow,778,7
2026-07-30 00:30:00,secondary-lwt,15990,4
2026-07-30 00:30:00,zone1-bedrooms-heat-call,0,3
2026-07-30 00:30:00,zone5-living-rm-fancoil-heat-call,1,4
2026-07-30 00:45:00,buffer-depth1,6006,15
2026-07-30 00:45:00,buffer-depth2,5998,15
2026-07-30 00:45:00,buffer-depth3,5998,16
2026-07-30 00:45:00,hp-ewt,17343,3
2026-07-30 00:45:00,hp-lwt,17573,3
2026-07-30 00:45:00,secondary-ewt,15927,3
2026-07-30 00:45:00,secondary-flow,746,3
2026-07-30 00:45:00,secondary-lwt,15907,3
2026-07-30 00:45:00,zone1-bedrooms-heat-call,0,3
2026-07-30 00:45:00,zone5-living-rm-fancoil-heat-call,0,3
2026-07-30 01:00:00,buffer-depth1,6015,16
2026-07-30 01:00:00,buffer-depth2,6005,16
2026-07-30 01:00:00,buffer-depth3,6007,15
2026-07-30 01:00:00,hp-ewt,17380,3
2026-07-30 01:00:00,hp-lwt,17607,3
2026-07-30 01:00:00,secondary-ewt,16065,4
2026-07-30 01:00:00,secondary-flow,766,5
2026-07-30 01:00:00,secondary-lwt,16033,4
2026-07-30 01:00:00,zone1-bedrooms-heat-call,0,3
2026-07-30 01:00:00,zone5-living-rm-fancoil-heat-call,0,3
2026-07-30 01:15:00,buffer-depth1,6030,16
2026-07-30 01:15:00,buffer-depth2,6021,16
2026-07-30 01:15:00,buffer-depth3,6018,17
2026-07-30 01:15:00,hp-ewt,17404,5
2026-07-30 01:15:00,hp-lwt,17634,5
2026-07-30 01:15:00,secondary-ewt,16105,2
2026-07-30 01:15:00,secondary-flow,746,2
2026-07-30 01:15:00,secondary-lwt,16040,2
2026-07-30 01:15:00,zone1-bedrooms-heat-call,0,3
2026-07-30 01:15:00,zone5-living-rm-fancoil-heat-call,0,3
2026-07-30 01:30:00,buffer-depth1,6035,15
2026-07-30 01:30:00,buffer-depth2,6026,15
2026-07-30 01:30:00,buffer-depth3,6029,15
2026-07-30 01:30:00,hp-ewt,17427,3
2026-07-30 01:30:00,hp-lwt,17663,3
2026-07-30 01:30:00,secondary-ewt,16120,3
2026-07-30 01:30:00,secondary-flow,745,3
2026-07-30 01:30:00,secondary-lwt,16073,3
2026-07-30 01:30:00,zone1-bedrooms-heat-call,0,3
2026-07-30 01:30:00,zone5-living-rm-fancoil-heat-call,0,3
2026-07-30 01:45:00,buffer-depth1,6045,16
2026-07-30 01:45:00,buffer-depth2,6035,17
2026-07-30 01:45:00,buffer-depth3,6036,16
2026-07-30 01:45:00,hp-ewt,17442,5
2026-07-30 01:45:00,hp-lwt,17680,5
2026-07-30 01:45:00,secondary-ewt,16226,7
2026-07-30 01:45:00,secondary-flow,772,5
2026-07-30 01:45:00,secondary-lwt,16177,6
2026-07-30 01:45:00,zone1-bedrooms-heat-call,0,3
2026-07-30 01:45:00,zone5-living-rm-fancoil-heat-call,0,3
2026-07-30 02:00:00,buffer-depth1,6057,16
2026-07-30 02:00:00,buffer-depth2,6049,15
2026-07-30 02:00:00,buffer-depth3,6047,16
2026-07-30 02:00:00,hp-ewt,17470,3
2026-07-30 02:00:00,hp-lwt,17703,3
2026-07-30 02:00:00,secondary-ewt,16223,3
2026-07-30 02:00:00,secondary-flow,750,5
2026-07-30 02:00:00,secondary-lwt,16187,3
2026-07-30 02:00:00,zone1-bedrooms-heat-call,0,3
2026-07-30 02:00:00,zone5-living-rm-fancoil-heat-call,0,3
2026-07-30 02:15:00,buffer-depth1,6062,15
2026-07-30 02:15:00,buffer-depth2,6054,15
2026-07-30 02:15:00,buffer-depth3,6056,15
2026-07-30 02:15:00,hp-ewt,17490,4
2026-07-30 02:15:00,hp-lwt,17723,4
2026-07-30 02:15:00,secondary-ewt,16423,3
2026-07-30 02:15:00,secondary-flow,790,1
2026-07-30 02:15:00,secondary-lwt,16335,2
2026-07-30 02:15:00,zone1-bedrooms-heat-call,0,3
2026-07-30 02:15:00,zone5-living-rm-fancoil-heat-call,0,4
2026-07-30 02:30:00,buffer-depth1,6086,16
2026-07-30 02:30:00,buffer-depth2,6073,16
2026-07-30 02:30:00,buffer-depth3,6066,16
2026-07-30 02:30:00,hp-ewt,17523,3
2026-07-30 02:30:00,hp-lwt,17740,3
2026-07-30 02:30:00,secondary-ewt,16476,5
2026-07-30 02:30:00,secondary-flow,788,6
2026-07-30 02:30:00,secondary-lwt,16467,6
2026-07-30 02:30:00,zone1-bedrooms-heat-call,0,3
2026-07-30 02:30:00,zone5-living-rm-fancoil-heat-call,1,4
2026-07-30 02:45:00,buffer-depth1,6090,15
2026-07-30 02:45:00,buffer-depth2,6082,16
2026-07-30 02:45:00,buffer-depth3,6083,15
2026-07-30 02:45:00,hp-ewt,17543,4
2026-07-30 02:45:00,hp-lwt,17765,4
2026-07-30 02:45:00,secondary-ewt,16380,1
2026-07-30 02:45:00,secondary-flow,746,1
2026-07-30 02:45:00,secondary-lwt,16340,1
2026-07-30 02:45:00,zone1-bedrooms-heat-call,0,3
2026-07-30 02:45:00,zone5-living-rm-fancoil-heat-call,0,3
2026-07-30 03:00:00,buffer-depth1,6098,17
2026-07-30 03:00:00,buffer-depth2,6089,17
2026-07-30 03:00:00,buffer-depth3,6092,17
2026-07-30 03:00:00,hp-ewt,17545,4
2026-07-30 03:00:00,hp-lwt,17768,4
2026-07-30 03:00:00,secondary-ewt,16538,5
2026-07-30 03:00:00,secondary-flow,423,10
2026-07-30 03:00:00,secondary-lwt,16504,5
2026-07-30 03:00:00,zone1-bedrooms-heat-call,0,3
2026-07-30 03:00:00,zone5-living-rm-fancoil-heat-call,0,3
2026-07-30 03:15:00,buffer-depth1,6108,15
2026-07-30 03:15:00,buffer-depth2,6101,15
2026-07-30 03:15:00,buffer-depth3,6105,15
2026-07-30 03:15:00,hp-ewt,17583,3
2026-07-30 03:15:00,hp-lwt,17797,3
2026-07-30 03:15:00,secondary-ewt,16465,2
2026-07-30 03:15:00,secondary-flow,588,15
2026-07-30 03:15:00,secondary-lwt,16445,2
2026-07-30 03:15:00,zone1-bedrooms-heat-call,0,3
2026-07-30 03:15:00,zone5-living-rm-fancoil-heat-call,0,3
2026-07-30 03:30:00,buffer-depth1,6114,16
2026-07-30 03:30:00,buffer-depth2,6106,16
2026-07-30 03:30:00,buffer-depth3,6108,16
2026-07-30 03:30:00,hp-ewt,17593,4
2026-07-30 03:30:00,hp-lwt,17808,4
2026-07-30 03:30:00,secondary-ewt,16527,3
2026-07-30 03:30:00,secondary-flow,748,3
2026-07-30 03:30:00,secondary-lwt,16487,3
2026-07-30 03:30:00,zone1-bedrooms-heat-call,0,3
2026-07-30 03:30:00,zone5-living-rm-fancoil-heat-call,0,3
2026-07-30 03:45:00,buffer-depth1,6121,16
2026-07-30 03:45:00,buffer-depth2,6112,15
2026-07-30 03:45:00,buffer-depth3,6113,15
2026-07-30 03:45:00,hp-ewt,17610,4
2026-07-30 03:45:00,hp-lwt,17823,4
2026-07-30 03:45:00,secondary-ewt,16560,2
2026-07-30 03:45:00,secondary-flow,749,2
2026-07-30 03:45:00,secondary-lwt,16520,2
2026-07-30 03:45:00,zone1-bedrooms-heat-call,0,3
2026-07-30 03:45:00,zone5-living-rm-fancoil-heat-call,0,3
2026-07-30 04:00:00,buffer-depth1,6134,17
2026-07-30 04:00:00,buffer-depth2,6125,18
2026-07-30 04:00:00,buffer-depth3,6122,17
2026-07-30 04:00:00,hp-ewt,17622,5
2026-07-30 04:00:00,hp-lwt,17830,5
2026-07-30 04:00:00,secondary-ewt,16673,3
2026-07-30 04:00:00,secondary-flow,769,4
2026-07-30 04:00:00,secondary-lwt,16637,3
2026-07-30 04:00:00,zone1-bedrooms-heat-call,0,3
2026-07-30 04:00:00,zone5-living-rm-fancoil-heat-call,0,3
2026-07-30 04:15:00,buffer-depth1,6139,16
2026-07-30 04:15:00,buffer-depth2,6131,16
2026-07-30 04:15:00,buffer-depth3,6133,16
2026-07-30 04:15:00,hp-ewt,17623,4
2026-07-30 04:15:00,hp-lwt,17830,4
2026-07-30 04:15:00,secondary-ewt,16660,2
2026-07-30 04:15:00,secondary-flow,749,2
2026-07-30 04:15:00,secondary-lwt,16615,2
2026-07-30 04:15:00,zone1-bedrooms-heat-call,0,3
2026-07-30 04:15:00,zone5-living-rm-fancoil-heat-call,0,3
2026-07-30 04:30:00,buffer-depth1,6144,16
2026-07-30 04:30:00,buffer-depth2,6136,16
2026-07-30 04:30:00,buffer-depth3,6138,16
2026-07-30 04:30:00,hp-ewt,17657,3
2026-07-30 04:30:00,hp-lwt,17850,3
2026-07-30 04:30:00,secondary-ewt,16685,2
2026-07-30 04:30:00,secondary-flow,749,2
2026-07-30 04:30:00,secondary-lwt,16655,2
2026-07-30 04:30:00,zone1-bedrooms-heat-call,0,3
2026-07-30 04:30:00,zone5-living-rm-fancoil-heat-call,0,3
2026-07-30 04:45:00,buffer-depth1,6156,16
2026-07-30 04:45:00,buffer-depth2,6145,16
2026-07-30 04:45:00,buffer-depth3,6144,16
2026-07-30 04:45:00,hp-ewt,17668,4
2026-07-30 04:45:00,hp-lwt,17870,4
2026-07-30 04:45:00,secondary-ewt,16805,2
2026-07-30 04:45:00,secondary-flow,790,2
2026-07-30 04:45:00,secondary-lwt,16815,2
2026-07-30 04:45:00,zone1-bedrooms-heat-call,0,3
2026-07-30 04:45:00,zone5-living-rm-fancoil-heat-call,0,3
2026-07-30 05:00:00,buffer-depth1,6163,15
2026-07-30 05:00:00,buffer-depth2,6154,15
2026-07-30 05:00:00,buffer-depth3,6155,15
2026-07-30 05:00:00,hp-ewt,17679,7
2026-07-30 05:00:00,hp-lwt,17874,7
2026-07-30 05:00:00,secondary-ewt,16793,3
2026-07-30 05:00:00,secondary-flow,748,3
2026-07-30 05:00:00,secondary-lwt,16753,3
2026-07-30 05:00:00,zone1-bedrooms-heat-call,0,3
2026-07-30 05:00:00,zone5-living-rm-fancoil-heat-call,0,3
2026-07-30 05:15:00,buffer-depth1,6169,15
2026-07-30 05:15:00,buffer-depth2,6160,15
2026-07-30 05:15:00,buffer-depth3,6161,15
2026-07-30 05:15:00,hp-ewt,17690,2
2026-07-30 05:15:00,hp-lwt,17890,2
2026-07-30 05:15:00,secondary-ewt,16890,3
2026-07-30 05:15:00,secondary-flow,763,4
2026-07-30 05:15:00,secondary-lwt,16853,3
2026-07-30 05:15:00,zone1-bedrooms-heat-call,0,3
2026-07-30 05:15:00,zone5-living-rm-fancoil-heat-call,0,3
2026-07-30 05:30:00,buffer-depth1,6180,17
2026-07-30 05:30:00,buffer-depth2,6171,16
2026-07-30 05:30:00,buffer-depth3,6169,16
2026-07-30 05:30:00,hp-ewt,17703,4
2026-07-30 05:30:00,hp-lwt,17900,4
2026-07-30 05:30:00,secondary-ewt,16924,5
2026-07-30 05:30:00,secondary-flow,765,5
2026-07-30 05:30:00,secondary-lwt,16882,5
2026-07-30 05:30:00,zone1-bedrooms-heat-call,0,3
2026-07-30 05:30:00,zone5-living-rm-fancoil-heat-call,0,3
2026-07-30 05:45:00,buffer-depth1,6184,15
2026-07-30 05:45:00,buffer-depth2,6177,15
2026-07-30 05:45:00,buffer-depth3,6178,16
2026-07-30 05:45:00,hp-ewt,17713,3
2026-07-30 05:45:00,hp-lwt,17900,3
2026-07-30 05:45:00,secondary-ewt,16905,2
2026-07-30 05:45:00,secondary-flow,749,2
2026-07-30 05:45:00,secondary-lwt,16855,2
2026-07-30 05:45:00,zone1-bedrooms-heat-call,0,3
2026-07-30 05:45:00,zone5-living-rm-fancoil-heat-call,0,3
2026-07-30 06:00:00,buffer-depth1,6194,16
2026-07-30 06:00:00,buffer-depth2,6183,16
2026-07-30 06:00:00,buffer-depth3,6182,15
2026-07-30 06:00:00,hp-ewt,17720,3
2026-07-30 06:00:00,hp-lwt,17920,3
2026-07-30 06:00:00,secondary-ewt,17000,4
2026-07-30 06:00:00,secondary-flow,769,5
2026-07-30 06:00:00,secondary-lwt,16965,4
2026-07-30 06:00:00,zone1-bedrooms-heat-call,0,3
2026-07-30 06:00:00,zone5-living-rm-fancoil-heat-call,0,3
2026-07-30 06:15:00,buffer-depth1,6202,15
2026-07-30 06:15:00,buffer-depth2,6193,15
2026-07-30 06:15:00,buffer-depth3,6192,16
2026-07-30 06:15:00,hp-ewt,17730,3
2026-07-30 06:15:00,hp-lwt,17927,3
2026-07-30 06:15:00,secondary-ewt,17035,2
2026-07-30 06:15:00,secondary-flow,764,4
2026-07-30 06:15:00,secondary-lwt,16990,2
2026-07-30 06:15:00,zone1-bedrooms-heat-call,0,3
2026-07-30 06:15:00,zone5-living-rm-fancoil-heat-call,0,3
2026-07-30 06:30:00,buffer-depth1,6205,17
2026-07-30 06:30:00,buffer-depth2,6198,17
2026-07-30 06:30:00,buffer-depth3,6199,17
2026-07-30 06:30:00,hp-ewt,17756,5
2026-07-30 06:30:00,hp-lwt,17930,5
2026-07-30 06:30:00,secondary-ewt,17030,2
2026-07-30 06:30:00,secondary-flow,748,2
2026-07-30 06:30:00,secondary-lwt,16985,2
2026-07-30 06:30:00,zone1-bedrooms-heat-call,0,3
2026-07-30 06:30:00,zone5-living-rm-fancoil-heat-call,0,3
2026-07-30 06:45:00,buffer-depth1,6211,15
2026-07-30 06:45:00,buffer-depth2,6203,15
2026-07-30 06:45:00,buffer-depth3,6204,15
2026-07-30 06:45:00,hp-ewt,17768,4
2026-07-30 06:45:00,hp-lwt,17953,4
2026-07-30 06:45:00,secondary-ewt,17043,3
2026-07-30 06:45:00,secondary-flow,748,3
2026-07-30 06:45:00,secondary-lwt,17007,3
2026-07-30 06:45:00,zone1-bedrooms-heat-call,0,3
2026-07-30 06:45:00,zone5-living-rm-fancoil-heat-call,0,3
2026-07-30 07:00:00,buffer-depth1,6218,16
2026-07-30 07:00:00,buffer-depth2,6212,16
2026-07-30 07:00:00,buffer-depth3,6218,17
2026-07-30 07:00:00,hp-ewt,17785,4
2026-07-30 07:00:00,hp-lwt,17958,4
2026-07-30 07:00:00,secondary-ewt,17307,3
2026-07-30 07:00:00,secondary-flow,0,3
2026-07-30 07:00:00,secondary-lwt,17277,3
2026-07-30 07:00:00,zone1-bedrooms-heat-call,0,3
2026-07-30 07:00:00,zone5-living-rm-fancoil-heat-call,0,3
2026-07-30 07:15:00,buffer-depth1,6222,15
2026-07-30 07:15:00,buffer-depth2,6215,15
2026-07-30 07:15:00,buffer-depth3,6216,15
2026-07-30 07:15:00,hp-ewt,17793,3
2026-07-30 07:15:00,hp-lwt,17973,3
2026-07-30 07:15:00,secondary-ewt,17450,3
2026-07-30 07:15:00,secondary-flow,0,3
2026-07-30 07:15:00,secondary-lwt,17410,3
2026-07-30 07:15:00,zone1-bedrooms-heat-call,0,3
2026-07-30 07:15:00,zone5-living-rm-fancoil-heat-call,0,3
2026-07-30 07:30:00,buffer-depth1,6223,15
2026-07-30 07:30:00,buffer-depth2,6215,15
2026-07-30 07:30:00,buffer-depth3,6216,15
2026-07-30 07:30:00,hp-ewt,17810,3
2026-07-30 07:30:00,hp-lwt,17973,3
2026-07-30 07:30:00,secondary-ewt,17567,3
2026-07-30 07:30:00,secondary-flow,0,3
2026-07-30 07:30:00,secondary-lwt,17563,3
2026-07-30 07:30:00,zone1-bedrooms-heat-call,0,3
2026-07-30 07:30:00,zone5-living-rm-fancoil-heat-call,0,3
2026-07-30 07:45:00,buffer-depth1,6224,15
2026-07-30 07:45:00,buffer-depth2,6216,15
2026-07-30 07:45:00,buffer-depth3,6216,15
2026-07-30 07:45:00,hp-ewt,17830,3
2026-07-30 07:45:00,hp-lwt,17980,3
2026-07-30 07:45:00,secondary-ewt,17710,3
2026-07-30 07:45:00,secondary-flow,0,3
2026-07-30 07:45:00,secondary-lwt,17717,3
2026-07-30 07:45:00,zone1-bedrooms-heat-call,0,3
2026-07-30 07:45:00,zone5-living-rm-fancoil-heat-call,0,3
2026-07-30 08:15:00,buffer-depth1,6230,2
2026-07-30 08:15:00,buffer-depth2,6225,2
2026-07-30 08:15:00,buffer-depth3,6234,2
2026-07-30 08:15:00,hp-ewt,17885,2
2026-07-30 08:15:00,hp-lwt,18010,2
2026-07-30 08:15:00,secondary-ewt,18035,2
2026-07-30 08:15:00,secondary-flow,0,2
2026-07-30 08:15:00,secondary-lwt,18065,2
2026-07-30 08:15:00,zone1-bedrooms-heat-call,0,3
2026-07-30 08:15:00,zone5-living-rm-fancoil-heat-call,0,1
2026-07-30 08:30:00,buffer-depth1,6239,10
2026-07-30 08:30:00,buffer-depth2,6231,10
2026-07-30 08:30:00,buffer-depth3,6227,10
2026-07-30 08:30:00,hp-ewt,17900,6
2026-07-30 08:30:00,hp-lwt,18023,6
2026-07-30 08:30:00,secondary-ewt,17218,6
2026-07-30 08:30:00,secondary-flow,168,7
2026-07-30 08:30:00,secondary-lwt,17197,6
2026-07-30 08:30:00,zone1-bedrooms-heat-call,0,2
2026-07-30 08:30:00,zone5-living-rm-fancoil-heat-call,0,2
2026-07-30 08:45:00,buffer-depth1,6242,15
2026-07-30 08:45:00,buffer-depth2,6233,15
2026-07-30 08:45:00,buffer-depth3,6228,15
2026-07-30 08:45:00,hp-ewt,17907,3
2026-07-30 08:45:00,hp-lwt,18037,3
2026-07-30 08:45:00,secondary-ewt,17387,3
2026-07-30 08:45:00,secondary-flow,0,3
2026-07-30 08:45:00,secondary-lwt,17357,3
2026-07-30 08:45:00,zone1-bedrooms-heat-call,0,3
2026-07-30 08:45:00,zone5-living-rm-fancoil-heat-call,0,3
2026-07-30 09:00:00,buffer-depth1,6243,16
2026-07-30 09:00:00,buffer-depth2,6234,15
2026-07-30 09:00:00,buffer-depth3,6228,15
2026-07-30 09:00:00,hp-ewt,17915,2
2026-07-30 09:00:00,hp-lwt,18035,2
2026-07-30 09:00:00,secondary-ewt,17450,5
2026-07-30 09:00:00,secondary-flow,337,6
2026-07-30 09:00:00,secondary-lwt,17482,5
2026-07-30 09:00:00,zone1-bedrooms-heat-call,0,3
2026-07-30 09:00:00,zone5-living-rm-fancoil-heat-call,0,3
2026-07-30 09:15:00,buffer-depth1,6180,37
2026-07-30 09:15:00,buffer-depth2,6209,23
2026-07-30 09:15:00,buffer-depth3,6219,17
2026-07-30 09:15:00,hp-ewt,12503,55
2026-07-30 09:15:00,hp-lwt,11271,70
2026-07-30 09:15:00,secondary-ewt,17243,4
2026-07-30 09:15:00,secondary-flow,395,8
2026-07-30 09:15:00,secondary-lwt,14915,47
2026-07-30 09:15:00,zone1-bedrooms-heat-call,0,3
2026-07-30 09:15:00,zone5-living-rm-fancoil-heat-call,0,3
2026-07-30 09:30:00,buffer-depth1,6201,15
2026-07-30 09:30:00,buffer-depth2,6195,15
2026-07-30 09:30:00,buffer-depth3,6198,15
2026-07-30 09:30:00,hp-ewt,11666,10
2026-07-30 09:30:00,hp-lwt,13718,33
2026-07-30 09:30:00,secondary-ewt,17123,3
2026-07-30 09:30:00,secondary-flow,166,5
2026-07-30 09:30:00,secondary-lwt,17060,3
2026-07-30 09:30:00,zone1-bedrooms-heat-call,0,3
2026-07-30 09:30:00,zone5-living-rm-fancoil-heat-call,0,3
2026-07-30 09:45:00,buffer-depth1,6203,15
2026-07-30 09:45:00,buffer-depth2,6197,15
2026-07-30 09:45:00,buffer-depth3,6198,15
2026-07-30 09:45:00,hp-ewt,13896,15
2026-07-30 09:45:00,hp-lwt,16683,4
2026-07-30 09:45:00,secondary-ewt,17410,3
2026-07-30 09:45:00,secondary-flow,0,3
2026-07-30 09:45:00,secondary-lwt,17340,3
2026-07-30 09:45:00,zone1-bedrooms-heat-call,0,3
2026-07-30 09:45:00,zone5-living-rm-fancoil-heat-call,0,3
2026-07-30 10:00:00,buffer-depth1,6205,15
2026-07-30 10:00:00,buffer-depth2,6200,16
2026-07-30 10:00:00,buffer-depth3,6213,22
2026-07-30 10:00:00,hp-ewt,15913,7
2026-07-30 10:00:00,hp-lwt,16373,4
2026-07-30 10:00:00,secondary-ewt,17623,3
2026-07-30 10:00:00,secondary-flow,2,5
2026-07-30 10:00:00,secondary-lwt,17600,3
2026-07-30 10:00:00,zone1-bedrooms-heat-call,0,3
2026-07-30 10:00:00,zone5-living-rm-fancoil-heat-call,0,3
2026-07-30 10:15:00,buffer-depth1,6214,15
2026-07-30 10:15:00,buffer-depth2,6206,15
2026-07-30 10:15:00,buffer-depth3,6211,16
2026-07-30 10:15:00,hp-ewt,16537,3
2026-07-30 10:15:00,hp-lwt,16457,3
2026-07-30 10:15:00,secondary-ewt,17817,3
2026-07-30 10:15:00,secondary-flow,0,3
2026-07-30 10:15:00,secondary-lwt,17820,3
2026-07-30 10:15:00,zone1-bedrooms-heat-call,0,3
2026-07-30 10:15:00,zone5-living-rm-fancoil-heat-call,0,3
2026-07-30 10:30:00,buffer-depth1,6215,16
2026-07-30 10:30:00,buffer-depth2,6207,16
2026-07-30 10:30:00,buffer-depth3,6210,16
2026-07-30 10:30:00,hp-ewt,16853,4
2026-07-30 10:30:00,hp-lwt,16855,4
2026-07-30 10:30:00,secondary-ewt,18030,5
2026-07-30 10:30:00,secondary-flow,0,5
2026-07-30 10:30:00,secondary-lwt,18058,5
2026-07-30 10:30:00,zone1-bedrooms-heat-call,0,3
2026-07-30 10:30:00,zone5-living-rm-fancoil-heat-call,0,3
2026-07-30 10:45:00,buffer-depth1,6216,17
2026-07-30 10:45:00,buffer-depth2,6207,17
2026-07-30 10:45:00,buffer-depth3,6210,17
2026-07-30 10:45:00,hp-ewt,16250,5
2026-07-30 10:45:00,hp-lwt,16982,5
2026-07-30 10:45:00,secondary-ewt,18224,7
2026-07-30 10:45:00,secondary-flow,0,7
2026-07-30 10:45:00,secondary-lwt,18251,7
2026-07-30 10:45:00,zone1-bedrooms-heat-call,0,3
2026-07-30 10:45:00,zone5-living-rm-fancoil-heat-call,0,4
2026-07-30 11:00:00,buffer-depth1,6223,16
2026-07-30 11:00:00,buffer-depth2,6218,16
2026-07-30 11:00:00,buffer-depth3,6232,24
2026-07-30 11:00:00,hp-ewt,16335,4
2026-07-30 11:00:00,hp-lwt,16993,3
2026-07-30 11:00:00,secondary-ewt,17813,6
2026-07-30 11:00:00,secondary-flow,12,5
2026-07-30 11:00:00,secondary-lwt,16914,16
2026-07-30 11:00:00,zone1-bedrooms-heat-call,0,3
2026-07-30 11:00:00,zone5-living-rm-fancoil-heat-call,1,4
2026-07-30 11:15:00,buffer-depth1,6231,16
2026-07-30 11:15:00,buffer-depth2,6222,16
2026-07-30 11:15:00,buffer-depth3,6225,16
2026-07-30 11:15:00,hp-ewt,16768,4
2026-07-30 11:15:00,hp-lwt,17243,4
2026-07-30 11:15:00,secondary-ewt,17670,4
2026-07-30 11:15:00,secondary-flow,0,4
2026-07-30 11:15:00,secondary-lwt,16368,4
2026-07-30 11:15:00,zone1-bedrooms-heat-call,0,3
2026-07-30 11:15:00,zone5-living-rm-fancoil-heat-call,0,3
2026-07-30 11:30:00,buffer-depth1,6233,15
2026-07-30 11:30:00,buffer-depth2,6223,15
2026-07-30 11:30:00,buffer-depth3,6226,15
2026-07-30 11:30:00,hp-ewt,17220,3
2026-07-30 11:30:00,hp-lwt,17453,3
2026-07-30 11:30:00,secondary-ewt,17917,3
2026-07-30 11:30:00,secondary-flow,0,3
2026-07-30 11:30:00,secondary-lwt,16783,3
2026-07-30 11:30:00,zone1-bedrooms-heat-call,0,3
2026-07-30 11:30:00,zone5-living-rm-fancoil-heat-call,0,3
2026-07-30 11:45:00,buffer-depth1,6234,15
2026-07-30 11:45:00,buffer-depth2,6227,16
2026-07-30 11:45:00,buffer-depth3,6238,23
2026-07-30 11:45:00,hp-ewt,17570,3
2026-07-30 11:45:00,hp-lwt,17660,3
2026-07-30 11:45:00,secondary-ewt,17994,7
2026-07-30 11:45:00,secondary-flow,0,4
2026-07-30 11:45:00,secondary-lwt,17406,8
2026-07-30 11:45:00,zone1-bedrooms-heat-call,0,3
2026-07-30 11:45:00,zone5-living-rm-fancoil-heat-call,1,5
2026-07-30 12:00:00,buffer-depth1,6239,15
2026-07-30 12:00:00,buffer-depth2,6232,15
2026-07-30 12:00:00,buffer-depth3,6234,15
2026-07-30 12:00:00,hp-ewt,17753,3
2026-07-30 12:00:00,hp-lwt,17787,3
2026-07-30 12:00:00,secondary-ewt,17670,3
2026-07-30 12:00:00,secondary-flow,0,3
2026-07-30 12:00:00,secondary-lwt,17703,3
2026-07-30 12:00:00,zone1-bedrooms-heat-call,0,3
2026-07-30 12:00:00,zone5-living-rm-fancoil-heat-call,0,3
2026-07-30 12:15:00,buffer-depth1,6242,15
2026-07-30 12:15:00,buffer-depth2,6234,15
2026-07-30 12:15:00,buffer-depth3,6236,15
2026-07-30 12:15:00,hp-ewt,17875,4
2026-07-30 12:15:00,hp-lwt,17913,4
2026-07-30 12:15:00,secondary-ewt,17957,3
2026-07-30 12:15:00,secondary-flow,0,3
2026-07-30 12:15:00,secondary-lwt,17643,3
2026-07-30 12:15:00,zone1-bedrooms-heat-call,0,3
2026-07-30 12:15:00,zone5-living-rm-fancoil-heat-call,0,3
2026-07-30 12:30:00,buffer-depth1,6242,15
2026-07-30 12:30:00,buffer-depth2,6236,16
2026-07-30 12:30:00,buffer-depth3,6245,20
2026-07-30 12:30:00,hp-ewt,17933,3
2026-07-30 12:30:00,hp-lwt,18057,3
2026-07-30 12:30:00,secondary-ewt,18180,3
2026-07-30 12:30:00,secondary-flow,0,3
2026-07-30 12:30:00,secondary-lwt,17980,5
2026-07-30 12:30:00,zone1-bedrooms-heat-call,0,3
2026-07-30 12:30:00,zone5-living-rm-fancoil-heat-call,0,4
2026-07-30 12:45:00,buffer-depth1,6249,15
2026-07-30 12:45:00,buffer-depth2,6241,15
2026-07-30 12:45:00,buffer-depth3,6245,15
2026-07-30 12:45:00,hp-ewt,17967,3
2026-07-30 12:45:00,hp-lwt,18223,3
2026-07-30 12:45:00,secondary-ewt,17807,6
2026-07-30 12:45:00,secondary-flow,0,3
2026-07-30 12:45:00,secondary-lwt,18218,4
2026-07-30 12:45:00,zone1-bedrooms-heat-call,0,3
2026-07-30 12:45:00,zone5-living-rm-fancoil-heat-call,0,4
2026-07-30 13:00:00,buffer-depth1,6249,5
2026-07-30 13:00:00,buffer-depth2,6242,5
2026-07-30 13:00:00,buffer-depth3,6244,5
2026-07-30 13:00:00,hp-ewt,17930,1
2026-07-30 13:00:00,hp-lwt,18320,1
2026-07-30 13:00:00,secondary-ewt,17650,1
2026-07-30 13:00:00,secondary-flow,0,1
2026-07-30 13:00:00,secondary-lwt,17890,1
2026-07-30 13:00:00,zone1-bedrooms-heat-call,0,1
2026-07-30 13:00:00,zone5-living-rm-fancoil-heat-call,0,1
2026-07-30 13:15:00,buffer-depth1,6009,8
2026-07-30 13:15:00,buffer-depth2,6023,8
2026-07-30 13:15:00,buffer-depth3,6053,8
2026-07-30 13:15:00,hp-ewt,16362,6
2026-07-30 13:15:00,hp-lwt,15390,7
2026-07-30 13:15:00,secondary-ewt,16260,5
2026-07-30 13:15:00,secondary-flow,760,7
2026-07-30 13:15:00,secondary-lwt,15752,5
2026-07-30 13:15:00,zone1-bedrooms-heat-call,0,2
2026-07-30 13:15:00,zone5-living-rm-fancoil-heat-call,0,2
2026-07-30 13:30:00,buffer-depth1,5803,59
2026-07-30 13:30:00,buffer-depth2,5886,44
2026-07-30 13:30:00,buffer-depth3,5926,36
2026-07-30 13:30:00,hp-ewt,15145,21
2026-07-30 13:30:00,hp-lwt,13167,51
2026-07-30 13:30:00,secondary-ewt,15634,9
2026-07-30 13:30:00,secondary-flow,770,5
2026-07-30 13:30:00,secondary-lwt,13920,38
2026-07-30 13:30:00,zone1-bedrooms-heat-call,0,5
2026-07-30 13:30:00,zone5-living-rm-fancoil-heat-call,0,3
2026-07-30 13:45:00,buffer-depth1,5407,62
2026-07-30 13:45:00,buffer-depth2,5498,40
2026-07-30 13:45:00,buffer-depth3,5581,39
2026-07-30 13:45:00,hp-ewt,13142,28
2026-07-30 13:45:00,hp-lwt,10519,62
2026-07-30 13:45:00,secondary-ewt,14055,16
2026-07-30 13:45:00,secondary-flow,767,4
2026-07-30 13:45:00,secondary-lwt,11228,44
2026-07-30 13:45:00,zone1-bedrooms-heat-call,0,3
2026-07-30 13:45:00,zone5-living-rm-fancoil-heat-call,1,5
2026-07-30 14:00:00,buffer-depth1,5099,40
2026-07-30 14:00:00,buffer-depth2,5183,42
2026-07-30 14:00:00,buffer-depth3,5250,36
2026-07-30 14:00:00,hp-ewt,11729,13
2026-07-30 14:00:00,hp-lwt,8333,20
2026-07-30 14:00:00,secondary-ewt,11327,3
2026-07-30 14:00:00,secondary-flow,783,2
2026-07-30 14:00:00,secondary-lwt,9824,13
2026-07-30 14:00:00,zone1-bedrooms-heat-call,0,5
2026-07-30 14:00:00,zone5-living-rm-fancoil-heat-call,0,3
2026-07-30 14:15:00,buffer-depth1,4976,22
2026-07-30 14:15:00,buffer-depth2,5002,20
2026-07-30 14:15:00,buffer-depth3,5055,22
2026-07-30 14:15:00,hp-ewt,11460,8
2026-07-30 14:15:00,hp-lwt,8437,26
2026-07-30 14:15:00,secondary-ewt,11238,14
2026-07-30 14:15:00,secondary-flow,763,7
2026-07-30 14:15:00,secondary-lwt,9923,17
2026-07-30 14:15:00,zone1-bedrooms-heat-call,0,3
2026-07-30 14:15:00,zone5-living-rm-fancoil-heat-call,1,4
2026-07-30 14:30:00,buffer-depth1,4929,23
2026-07-30 14:30:00,buffer-depth2,4934,20
2026-07-30 14:30:00,buffer-depth3,4975,19
2026-07-30 14:30:00,hp-ewt,11160,8
2026-07-30 14:30:00,hp-lwt,9836,25
2026-07-30 14:30:00,secondary-ewt,10553,6
2026-07-30 14:30:00,secondary-flow,749,5
2026-07-30 14:30:00,secondary-lwt,10133,21
2026-07-30 14:30:00,zone1-bedrooms-heat-call,0,3
2026-07-30 14:30:00,zone5-living-rm-fancoil-heat-call,0,4
2026-07-30 14:45:00,buffer-depth1,4886,41
2026-07-30 14:45:00,buffer-depth2,4898,22
2026-07-30 14:45:00,buffer-depth3,4928,20
2026-07-30 14:45:00,hp-ewt,10676,30
2026-07-30 14:45:00,hp-lwt,8984,67
2026-07-30 14:45:00,secondary-ewt,10829,20
2026-07-30 14:45:00,secondary-flow,786,5
2026-07-30 14:45:00,secondary-lwt,9139,32
2026-07-30 14:45:00,zone1-bedrooms-heat-call,0,3
2026-07-30 14:45:00,zone5-living-rm-fancoil-heat-call,1,4
2026-07-30 15:00:00,buffer-depth1,4794,49
2026-07-30 15:00:00,buffer-depth2,4836,31
2026-07-30 15:00:00,buffer-depth3,4877,23
2026-07-30 15:00:00,hp-ewt,10215,27
2026-07-30 15:00:00,hp-lwt,8622,63
2026-07-30 15:00:00,secondary-ewt,9805,4
2026-07-30 15:00:00,secondary-flow,742,2
2026-07-30 15:00:00,secondary-lwt,8565,26
2026-07-30 15:00:00,zone1-bedrooms-heat-call,0,3
2026-07-30 15:00:00,zone5-living-rm-fancoil-heat-call,0,4
2026-07-30 15:15:00,buffer-depth1,4771,32
2026-07-30 15:15:00,buffer-depth2,4769,24
2026-07-30 15:15:00,buffer-depth3,4806,16
2026-07-30 15:15:00,hp-ewt,10630,22
2026-07-30 15:15:00,hp-lwt,9208,52
2026-07-30 15:15:00,secondary-ewt,9910,12
2026-07-30 15:15:00,secondary-flow,751,6
2026-07-30 15:15:00,secondary-lwt,9223,46
2026-07-30 15:15:00,zone1-bedrooms-heat-call,0,3
2026-07-30 15:15:00,zone5-living-rm-fancoil-heat-call,0,3
2026-07-30 15:30:00,buffer-depth1,4760,48
2026-07-30 15:30:00,buffer-depth2,4767,26
2026-07-30 15:30:00,buffer-depth3,4791,16
2026-07-30 15:30:00,hp-ewt,10555,35
2026-07-30 15:30:00,hp-lwt,8753,79
2026-07-30 15:30:00,secondary-ewt,10088,24
2026-07-30 15:30:00,secondary-flow,783,6
2026-07-30 15:30:00,secondary-lwt,8923,61
2026-07-30 15:30:00,zone1-bedrooms-heat-call,0,3
2026-07-30 15:30:00,zone5-living-rm-fancoil-heat-call,1,5
2026-07-30 15:45:00,buffer-depth1,4734,43
2026-07-30 15:45:00,buffer-depth2,4749,25
2026-07-30 15:45:00,buffer-depth3,4785,17
2026-07-30 15:45:00,hp-ewt,10509,32
2026-07-30 15:45:00,hp-lwt,8704,74
2026-07-30 15:45:00,secondary-ewt,9373,3
2026-07-30 15:45:00,secondary-flow,741,3
2026-07-30 15:45:00,secondary-lwt,8743,56
2026-07-30 15:45:00,zone1-bedrooms-heat-call,0,3
2026-07-30 15:45:00,zone5-living-rm-fancoil-heat-call,0,3
2026-07-30 16:00:00,buffer-depth1,4762,21
2026-07-30 16:00:00,buffer-depth2,4748,18
2026-07-30 16:00:00,buffer-depth3,4772,15
2026-07-30 16:00:00,hp-ewt,11522,13
2026-07-30 16:00:00,hp-lwt,11126,16
2026-07-30 16:00:00,secondary-ewt,9870,14
2026-07-30 16:00:00,secondary-flow,752,5
2026-07-30 16:00:00,secondary-lwt,9768,19
2026-07-30 16:00:00,zone1-bedrooms-heat-call,0,3
2026-07-30 16:00:00,zone5-living-rm-fancoil-heat-call,0,3
2026-07-30 16:15:00,buffer-depth1,4817,17
2026-07-30 16:15:00,buffer-depth2,4803,18
2026-07-30 16:15:00,buffer-depth3,4805,19
2026-07-30 16:15:00,hp-ewt,13183,6
2026-07-30 16:15:00,hp-lwt,12792,5
2026-07-30 16:15:00,secondary-ewt,9703,4
2026-07-30 16:15:00,secondary-flow,763,5
2026-07-30 16:15:00,secondary-lwt,9768,4
2026-07-30 16:15:00,zone1-bedrooms-heat-call,0,3
2026-07-30 16:15:00,zone5-living-rm-fancoil-heat-call,0,3
2026-07-30 16:30:00,buffer-depth1,4857,19
2026-07-30 16:30:00,buffer-depth2,4840,19
2026-07-30 16:30:00,buffer-depth3,4848,16
2026-07-30 16:30:00,hp-ewt,13693,3
2026-07-30 16:30:00,hp-lwt,12795,6
2026-07-30 16:30:00,secondary-ewt,10293,18
2026-07-30 16:30:00,secondary-flow,758,6
2026-07-30 16:30:00,secondary-lwt,10271,11
2026-07-30 16:30:00,zone1-bedrooms-heat-call,0,3
2026-07-30 16:30:00,zone5-living-rm-fancoil-heat-call,0,5
2026-07-30 16:45:00,buffer-depth1,4896,17
2026-07-30 16:45:00,buffer-depth2,4886,17
2026-07-30 16:45:00,buffer-depth3,4891,19
2026-07-30 16:45:00,hp-ewt,13920,3
2026-07-30 16:45:00,hp-lwt,12193,3
2026-07-30 16:45:00,secondary-ewt,10578,11
2026-07-30 16:45:00,secondary-flow,752,5
2026-07-30 16:45:00,secondary-lwt,10450,11
2026-07-30 16:45:00,zone1-bedrooms-heat-call,0,3
2026-07-30 16:45:00,zone5-living-rm-fancoil-heat-call,0,3
2026-07-30 17:00:00,buffer-depth1,4948,17
2026-07-30 17:00:00,buffer-depth2,4935,18
2026-07-30 17:00:00,buffer-depth3,4933,18
2026-07-30 17:00:00,hp-ewt,14285,4
2026-07-30 17:00:00,hp-lwt,12153,6
2026-07-30 17:00:00,secondary-ewt,10395,4
2026-07-30 17:00:00,secondary-flow,763,5
2026-07-30 17:00:00,secondary-lwt,10540,3
2026-07-30 17:00:00,zone1-bedrooms-heat-call,0,3
2026-07-30 17:00:00,zone5-living-rm-fancoil-heat-call,0,3
2026-07-30 17:15:00,buffer-depth1,4975,20
2026-07-30 17:15:00,buffer-depth2,4960,17
2026-07-30 17:15:00,buffer-depth3,4976,17
2026-07-30 17:15:00,hp-ewt,14818,5
2026-07-30 17:15:00,hp-lwt,12790,6
2026-07-30 17:15:00,secondary-ewt,10947,11
2026-07-30 17:15:00,secondary-flow,753,5
2026-07-30 17:15:00,secondary-lwt,10872,9
2026-07-30 17:15:00,zone1-bedrooms-heat-call,0,3
2026-07-30 17:15:00,zone5-living-rm-fancoil-heat-call,0,4
2026-07-30 17:30:00,buffer-depth1,5022,19
2026-07-30 17:30:00,buffer-depth2,5009,20
2026-07-30 17:30:00,buffer-depth3,5012,20
2026-07-30 17:30:00,hp-ewt,15123,6
2026-07-30 17:30:00,hp-lwt,13362,6
2026-07-30 17:30:00,secondary-ewt,10980,1
2026-07-30 17:30:00,secondary-flow,782,1
2026-07-30 17:30:00,secondary-lwt,11030,1
2026-07-30 17:30:00,zone1-bedrooms-heat-call,0,3
2026-07-30 17:30:00,zone5-living-rm-fancoil-heat-call,0,4
2026-07-30 17:45:00,buffer-depth1,5050,21
2026-07-30 17:45:00,buffer-depth2,5035,19
2026-07-30 17:45:00,buffer-depth3,5047,17
2026-07-30 17:45:00,hp-ewt,15268,4
2026-07-30 17:45:00,hp-lwt,13865,6
2026-07-30 17:45:00,zone1-bedrooms-heat-call,0,3
2026-07-30 17:45:00,zone5-living-rm-fancoil-heat-call,0,3
2026-07-30 18:00:00,buffer-depth1,5086,16
2026-07-30 18:00:00,buffer-depth2,5076,16
2026-07-30 18:00:00,buffer-depth3,5080,17
2026-07-30 18:00:00,hp-ewt,15388,4
2026-07-30 18:00:00,hp-lwt,14315,4
2026-07-30 18:00:00,zone1-bedrooms-heat-call,0,3
2026-07-30 18:00:00,zone5-living-rm-fancoil-heat-call,0,3
2026-07-30 18:15:00,buffer-depth1,5104,20
2026-07-30 18:15:00,buffer-depth2,5092,17
2026-07-30 18:15:00,buffer-depth3,5110,17
2026-07-30 18:15:00,hp-ewt,15467,3
2026-07-30 18:15:00,hp-lwt,14710,3
2026-07-30 18:15:00,zone1-bedrooms-heat-call,0,3
2026-07-30 18:15:00,zone5-living-rm-fancoil-heat-call,0,4
2026-07-30 18:30:00,buffer-depth1,5149,18
2026-07-30 18:30:00,buffer-depth2,5135,17
2026-07-30 18:30:00,buffer-depth3,5136,17
2026-07-30 18:30:00,hp-ewt,15500,3
2026-07-30 18:30:00,hp-lwt,14963,3
2026-07-30 18:30:00,secondary-ewt,11453,4
2026-07-30 18:30:00,secondary-flow,755,3
2026-07-30 18:30:00,secondary-lwt,11507,3
2026-07-30 18:30:00,zone1-bedrooms-heat-call,0,3
2026-07-30 18:30:00,zone5-living-rm-fancoil-heat-call,1,4
2026-07-30 18:45:00,buffer-depth1,5162,16
2026-07-30 18:45:00,buffer-depth2,5154,16
2026-07-30 18:45:00,buffer-depth3,5169,17
2026-07-30 18:45:00,hp-ewt,15530,3
2026-07-30 18:45:00,hp-lwt,15123,3
2026-07-30 18:45:00,secondary-ewt,11433,3
2026-07-30 18:45:00,secondary-flow,741,3
2026-07-30 18:45:00,secondary-lwt,11467,3
2026-07-30 18:45:00,zone1-bedrooms-heat-call,0,3
2026-07-30 18:45:00,zone5-living-rm-fancoil-heat-call,0,3
2026-07-30 19:00:00,buffer-depth1,5218,23
2026-07-30 19:00:00,buffer-depth2,5199,21
2026-07-30 19:00:00,buffer-depth3,5187,16
2026-07-30 19:00:00,hp-ewt,15583,3
2026-07-30 19:00:00,hp-lwt,15233,3
2026-07-30 19:00:00,secondary-ewt,11977,9
2026-07-30 19:00:00,secondary-flow,766,4
2026-07-30 19:00:00,secondary-lwt,11909,7
2026-07-30 19:00:00,zone1-bedrooms-heat-call,0,3
2026-07-30 19:00:00,zone5-living-rm-fancoil-heat-call,1,5
2026-07-30 19:15:00,buffer-depth1,5246,20
2026-07-30 19:15:00,buffer-depth2,5240,18
2026-07-30 19:15:00,buffer-depth3,5237,20
2026-07-30 19:15:00,hp-ewt,15632,5
2026-07-30 19:15:00,hp-lwt,15244,5
2026-07-30 19:15:00,secondary-ewt,11885,2
2026-07-30 19:15:00,secondary-flow,742,2
2026-07-30 19:15:00,secondary-lwt,11870,2
2026-07-30 19:15:00,zone1-bedrooms-heat-call,0,3
2026-07-30 19:15:00,zone5-living-rm-fancoil-heat-call,0,3
2026-07-30 19:30:00,buffer-depth1,5287,18
2026-07-30 19:30:00,buffer-depth2,5266,19
2026-07-30 19:30:00,buffer-depth3,5268,16
2026-07-30 19:30:00,hp-ewt,15710,4
2026-07-30 19:30:00,hp-lwt,15243,4
2026-07-30 19:30:00,secondary-ewt,12330,4
2026-07-30 19:30:00,secondary-flow,759,3
2026-07-30 19:30:00,secondary-lwt,11950,1
2026-07-30 19:30:00,zone1-bedrooms-heat-call,0,3
2026-07-30 19:30:00,zone5-living-rm-fancoil-heat-call,1,5
2026-07-30 19:45:00,buffer-depth1,5311,18
2026-07-30 19:45:00,buffer-depth2,5304,18
2026-07-30 19:45:00,buffer-depth3,5307,19
2026-07-30 19:45:00,hp-ewt,15776,5
2026-07-30 19:45:00,hp-lwt,15196,5
2026-07-30 19:45:00,secondary-ewt,12220,3
2026-07-30 19:45:00,secondary-flow,744,3
2026-07-30 19:45:00,secondary-lwt,12227,3
2026-07-30 19:45:00,zone1-bedrooms-heat-call,0,3
2026-07-30 19:45:00,zone5-living-rm-fancoil-heat-call,0,3
2026-07-30 20:00:00,buffer-depth1,5234,61
2026-07-30 20:00:00,buffer-depth2,5246,33
2026-07-30 20:00:00,buffer-depth3,5288,21
2026-07-30 20:00:00,hp-ewt,12840,49
2026-07-30 20:00:00,hp-lwt,10839,116
2026-07-30 20:00:00,secondary-ewt,12252,25
2026-07-30 20:00:00,secondary-flow,778,8
2026-07-30 20:00:00,secondary-lwt,11244,96
2026-07-30 20:00:00,zone1-bedrooms-heat-call,0,5
2026-07-30 20:00:00,zone5-living-rm-fancoil-heat-call,1,5
2026-07-30 20:15:00,buffer-depth1,5063,50
2026-07-30 20:15:00,buffer-depth2,5098,38
2026-07-30 20:15:00,buffer-depth3,5156,26
2026-07-30 20:15:00,hp-ewt,11578,29
2026-07-30 20:15:00,hp-lwt,9591,80
2026-07-30 20:15:00,secondary-ewt,11350,10
2026-07-30 20:15:00,secondary-flow,746,5
2026-07-30 20:15:00,secondary-lwt,10000,54
2026-07-30 20:15:00,zone1-bedrooms-heat-call,0,3
2026-07-30 20:15:00,zone5-living-rm-fancoil-heat-call,0,3
2026-07-30 20:30:00,buffer-depth1,4960,42
2026-07-30 20:30:00,buffer-depth2,4970,27
2026-07-30 20:30:00,buffer-depth3,5026,20
2026-07-30 20:30:00,hp-ewt,11288,16
2026-07-30 20:30:00,hp-lwt,9390,40
2026-07-30 20:30:00,secondary-ewt,11061,21
2026-07-30 20:30:00,secondary-flow,770,5
2026-07-30 20:30:00,secondary-lwt,10071,57
2026-07-30 20:30:00,zone1-bedrooms-heat-call,0,3
2026-07-30 20:30:00,zone5-living-rm-fancoil-heat-call,1,7
2026-07-30 20:45:00,buffer-depth1,4823,44
2026-07-30 20:45:00,buffer-depth2,4861,35
2026-07-30 20:45:00,buffer-depth3,4913,26
2026-07-30 20:45:00,hp-ewt,10822,15
2026-07-30 20:45:00,hp-lwt,8602,35
2026-07-30 20:45:00,secondary-ewt,10155,4
2026-07-30 20:45:00,secondary-flow,741,2
2026-07-30 20:45:00,secondary-lwt,9256,19
2026-07-30 20:45:00,zone1-bedrooms-heat-call,0,3
2026-07-30 20:45:00,zone5-living-rm-fancoil-heat-call,0,4
2026-07-30 21:00:00,buffer-depth1,4775,43
2026-07-30 21:00:00,buffer-depth2,4791,27
2026-07-30 21:00:00,buffer-depth3,4825,22
2026-07-30 21:00:00,hp-ewt,10830,29
2026-07-30 21:00:00,hp-lwt,9193,53
2026-07-30 21:00:00,secondary-ewt,9970,4
2026-07-30 21:00:00,secondary-flow,783,1
2026-07-30 21:00:00,secondary-lwt,8246,9
2026-07-30 21:00:00,zone1-bedrooms-heat-call,0,3
2026-07-30 21:00:00,zone5-living-rm-fancoil-heat-call,1,6
2026-07-30 21:15:00,buffer-depth1,4759,35
2026-07-30 21:15:00,buffer-depth2,4765,24
2026-07-30 21:15:00,buffer-depth3,4797,17
2026-07-30 21:15:00,hp-ewt,10633,31
2026-07-30 21:15:00,hp-lwt,8880,66
2026-07-30 21:15:00,secondary-ewt,9380,4
2026-07-30 21:15:00,secondary-flow,741,4
2026-07-30 21:15:00,secondary-lwt,8921,22
2026-07-30 21:15:00,zone1-bedrooms-heat-call,0,3
2026-07-30 21:15:00,zone5-living-rm-fancoil-heat-call,0,3
2026-07-30 21:30:00,buffer-depth1,4759,40
2026-07-30 21:30:00,buffer-depth2,4760,29
2026-07-30 21:30:00,buffer-depth3,4782,17
2026-07-30 21:30:00,hp-ewt,10750,30
2026-07-30 21:30:00,hp-lwt,8894,69
2026-07-30 21:30:00,secondary-ewt,10036,17
2026-07-30 21:30:00,secondary-flow,767,7
2026-07-30 21:30:00,secondary-lwt,9040,50
2026-07-30 21:30:00,zone1-bedrooms-heat-call,0,3
2026-07-30 21:30:00,zone5-living-rm-fancoil-heat-call,1,5
2026-07-30 21:45:00,buffer-depth1,4748,40
2026-07-30 21:45:00,buffer-depth2,4763,26
2026-07-30 21:45:00,buffer-depth3,4792,16
2026-07-30 21:45:00,hp-ewt,10679,28
2026-07-30 21:45:00,hp-lwt,8841,74
2026-07-30 21:45:00,secondary-ewt,9450,1
2026-07-30 21:45:00,secondary-flow,741,1
2026-07-30 21:45:00,secondary-lwt,8695,23
2026-07-30 21:45:00,zone1-bedrooms-heat-call,0,3
2026-07-30 21:45:00,zone5-living-rm-fancoil-heat-call,0,3
2026-07-30 22:00:00,buffer-depth1,4764,44
2026-07-30 22:00:00,buffer-depth2,4762,27
2026-07-30 22:00:00,buffer-depth3,4789,16
2026-07-30 22:00:00,hp-ewt,10632,25
2026-07-30 22:00:00,hp-lwt,8915,52
2026-07-30 22:00:00,secondary-ewt,10357,29
2026-07-30 22:00:00,secondary-flow,773,9
2026-07-30 22:00:00,secondary-lwt,9480,62
2026-07-30 22:00:00,zone1-bedrooms-heat-call,0,3
2026-07-30 22:00:00,zone5-living-rm-fancoil-heat-call,1,5
2026-07-30 22:15:00,buffer-depth1,4748,35
2026-07-30 22:15:00,buffer-depth2,4755,21
2026-07-30 22:15:00,buffer-depth3,4786,17
2026-07-30 22:15:00,hp-ewt,10786,25
2026-07-30 22:15:00,hp-lwt,9091,49
2026-07-30 22:15:00,secondary-ewt,9400,1
2026-07-30 22:15:00,secondary-flow,741,1
2026-07-30 22:15:00,secondary-lwt,9550,2
2026-07-30 22:15:00,zone1-bedrooms-heat-call,0,3
2026-07-30 22:15:00,zone5-living-rm-fancoil-heat-call,0,3
2026-07-30 22:30:00,buffer-depth1,4740,51
2026-07-30 22:30:00,buffer-depth2,4750,29
2026-07-30 22:30:00,buffer-depth3,4776,17
2026-07-30 22:30:00,hp-ewt,10501,34
2026-07-30 22:30:00,hp-lwt,8866,91
2026-07-30 22:30:00,secondary-ewt,9816,18
2026-07-30 22:30:00,secondary-flow,757,6
2026-07-30 22:30:00,secondary-lwt,8987,71
2026-07-30 22:30:00,zone1-bedrooms-heat-call,0,3
2026-07-30 22:30:00,zone5-living-rm-fancoil-heat-call,0,5
2026-07-30 22:45:00,buffer-depth1,4750,32
2026-07-30 22:45:00,buffer-depth2,4752,21
2026-07-30 22:45:00,buffer-depth3,4780,16
2026-07-30 22:45:00,hp-ewt,10769,24
2026-07-30 22:45:00,hp-lwt,9201,47
2026-07-30 22:45:00,secondary-ewt,9370,1
2026-07-30 22:45:00,secondary-flow,741,1
2026-07-30 22:45:00,secondary-lwt,9410,1
2026-07-30 22:45:00,zone1-bedrooms-heat-call,0,3
2026-07-30 22:45:00,zone5-living-rm-fancoil-heat-call,0,3
2026-07-30 23:00:00,buffer-depth1,4735,47
2026-07-30 23:00:00,buffer-depth2,4744,23
2026-07-30 23:00:00,buffer-depth3,4777,17
2026-07-30 23:00:00,hp-ewt,10614,34
2026-07-30 23:00:00,hp-lwt,9008,86
2026-07-30 23:00:00,secondary-ewt,9884,17
2026-07-30 23:00:00,secondary-flow,751,5
2026-07-30 23:00:00,secondary-lwt,8878,65
2026-07-30 23:00:00,zone1-bedrooms-heat-call,0,3
2026-07-30 23:00:00,zone5-living-rm-fancoil-heat-call,0,4
2026-07-30 23:15:00,buffer-depth1,4761,34
2026-07-30 23:15:00,buffer-depth2,4762,25
2026-07-30 23:15:00,buffer-depth3,4777,17
2026-07-30 23:15:00,hp-ewt,10815,23
2026-07-30 23:15:00,hp-lwt,9172,48
2026-07-30 23:15:00,secondary-ewt,10008,15
2026-07-30 23:15:00,secondary-flow,757,6
2026-07-30 23:15:00,secondary-lwt,9304,50
2026-07-30 23:15:00,zone1-bedrooms-heat-call,0,3
2026-07-30 23:15:00,zone5-living-rm-fancoil-heat-call,0,4
2026-07-30 23:30:00,buffer-depth1,4760,43
2026-07-30 23:30:00,buffer-depth2,4771,24
2026-07-30 23:30:00,buffer-depth3,4794,17
2026-07-30 23:30:00,hp-ewt,10667,33
2026-07-30 23:30:00,hp-lwt,8967,83
2026-07-30 23:30:00,secondary-ewt,9667,9
2026-07-30 23:30:00,secondary-flow,761,4
2026-07-30 23:30:00,secondary-lwt,8984,66
2026-07-30 23:30:00,zone1-bedrooms-heat-call,0,3
2026-07-30 23:30:00,zone5-living-rm-fancoil-heat-call,0,3
2026-07-30 23:45:00,buffer-depth1,4783,31
2026-07-30 23:45:00,buffer-depth2,4785,19
2026-07-30 23:45:00,buffer-depth3,4799,16
2026-07-30 23:45:00,hp-ewt,10850,23
2026-07-30 23:45:00,hp-lwt,9382,52
2026-07-30 23:45:00,secondary-ewt,10193,12
2026-07-30 23:45:00,secondary-flow,757,3
2026-07-30 23:45:00,secondary-lwt,10168,16
2026-07-30 23:45:00,zone1-bedrooms-heat-call,0,3
2026-07-30 23:45:00,zone5-living-rm-fancoil-heat-call,0,5
2026-07-31 00:00:00,buffer-depth1,4833,19
2026-07-31 00:00:00,buffer-depth2,4820,20
2026-07-31 00:00:00,buffer-depth3,4828,19
2026-07-31 00:00:00,hp-ewt,11322,15
2026-07-31 00:00:00,hp-lwt,10721,20
2026-07-31 00:00:00,secondary-ewt,9657,3
2026-07-31 00:00:00,secondary-flow,740,3
2026-07-31 00:00:00,secondary-lwt,9840,7
2026-07-31 00:00:00,zone1-bedrooms-heat-call,0,3
2026-07-31 00:00:00,zone5-living-rm-fancoil-heat-call,0,3
2026-07-31 00:15:00,buffer-depth1,4878,21
2026-07-31 00:15:00,buffer-depth2,4861,19
2026-07-31 00:15:00,buffer-depth3,4865,18
2026-07-31 00:15:00,hp-ewt,11610,16
2026-07-31 00:15:00,hp-lwt,11033,15
2026-07-31 00:15:00,secondary-ewt,9805,2
2026-07-31 00:15:00,secondary-flow,740,2
2026-07-31 00:15:00,secondary-lwt,9920,2
2026-07-31 00:15:00,zone1-bedrooms-heat-call,0,3
2026-07-31 00:15:00,zone5-living-rm-fancoil-heat-call,0,5
2026-07-31 00:30:00,buffer-depth1,4925,17
2026-07-31 00:30:00,buffer-depth2,4914,17
2026-07-31 00:30:00,buffer-depth3,4916,17
2026-07-31 00:30:00,hp-ewt,11690,16
2026-07-31 00:30:00,hp-lwt,11125,16
2026-07-31 00:30:00,secondary-ewt,10185,2
2026-07-31 00:30:00,secondary-flow,740,2
2026-07-31 00:30:00,secondary-lwt,10250,3
2026-07-31 00:30:00,zone1-bedrooms-heat-call,0,3
2026-07-31 00:30:00,zone5-living-rm-fancoil-heat-call,0,3
2026-07-31 00:45:00,buffer-depth1,4857,33
2026-07-31 00:45:00,buffer-depth2,4888,22
2026-07-31 00:45:00,buffer-depth3,4926,19
2026-07-31 00:45:00,hp-ewt,11006,23
2026-07-31 00:45:00,hp-lwt,9349,49
2026-07-31 00:45:00,secondary-ewt,10175,4
2026-07-31 00:45:00,secondary-flow,741,3
2026-07-31 00:45:00,secondary-lwt,9145,32
2026-07-31 00:45:00,zone1-bedrooms-heat-call,0,3
2026-07-31 00:45:00,zone5-living-rm-fancoil-heat-call,0,3
2026-07-31 01:00:00,buffer-depth1,4804,33
2026-07-31 01:00:00,buffer-depth2,4817,25
2026-07-31 01:00:00,buffer-depth3,4857,19
2026-07-31 01:00:00,hp-ewt,10804,20
2026-07-31 01:00:00,hp-lwt,8992,50
2026-07-31 01:00:00,secondary-ewt,10401,18
2026-07-31 01:00:00,secondary-flow,759,7
2026-07-31 01:00:00,secondary-lwt,9256,42
2026-07-31 01:00:00,zone1-bedrooms-heat-call,0,3
2026-07-31 01:00:00,zone5-living-rm-fancoil-heat-call,0,5
2026-07-31 01:15:00,buffer-depth1,4762,47
2026-07-31 01:15:00,buffer-depth2,4782,26
2026-07-31 01:15:00,buffer-depth3,4819,19
2026-07-31 01:15:00,hp-ewt,10633,37
2026-07-31 01:15:00,hp-lwt,8968,83
2026-07-31 01:15:00,secondary-ewt,9542,5
2026-07-31 01:15:00,secondary-flow,740,5
2026-07-31 01:15:00,secondary-lwt,8943,68
2026-07-31 01:15:00,zone1-bedrooms-heat-call,0,3
2026-07-31 01:15:00,zone5-living-rm-fancoil-heat-call,0,3
2026-07-31 01:30:00,buffer-depth1,4774,33
2026-07-31 01:30:00,buffer-depth2,4771,22
2026-07-31 01:30:00,buffer-depth3,4803,15
2026-07-31 01:30:00,hp-ewt,10788,23
2026-07-31 01:30:00,hp-lwt,9240,43
2026-07-31 01:30:00,secondary-ewt,10106,13
2026-07-31 01:30:00,secondary-flow,758,5
2026-07-31 01:30:00,secondary-lwt,9181,44
2026-07-31 01:30:00,zone1-bedrooms-heat-call,0,3
2026-07-31 01:30:00,zone5-living-rm-fancoil-heat-call,0,4
2026-07-31 01:45:00,buffer-depth1,4778,42
2026-07-31 01:45:00,buffer-depth2,4780,26
2026-07-31 01:45:00,buffer-depth3,4805,15
2026-07-31 01:45:00,hp-ewt,10660,32
2026-07-31 01:45:00,hp-lwt,8846,76
2026-07-31 01:45:00,secondary-ewt,9603,6
2026-07-31 01:45:00,secondary-flow,755,4
2026-07-31 01:45:00,secondary-lwt,8874,59
2026-07-31 01:45:00,zone1-bedrooms-heat-call,0,3
2026-07-31 01:45:00,zone5-living-rm-fancoil-heat-call,1,4
2026-07-31 02:00:00,buffer-depth1,4763,38
2026-07-31 02:00:00,buffer-depth2,4769,23
2026-07-31 02:00:00,buffer-depth3,4800,16
2026-07-31 02:00:00,hp-ewt,10785,25
2026-07-31 02:00:00,hp-lwt,9178,48
2026-07-31 02:00:00,secondary-ewt,9487,3
2026-07-31 02:00:00,secondary-flow,740,3
2026-07-31 02:00:00,secondary-lwt,9112,39
2026-07-31 02:00:00,zone1-bedrooms-heat-call,0,3
2026-07-31 02:00:00,zone5-living-rm-fancoil-heat-call,0,3
2026-07-31 02:15:00,buffer-depth1,4759,38
2026-07-31 02:15:00,buffer-depth2,4765,20
2026-07-31 02:15:00,buffer-depth3,4795,15
2026-07-31 02:15:00,hp-ewt,10716,32
2026-07-31 02:15:00,hp-lwt,9103,74
2026-07-31 02:15:00,secondary-ewt,9513,6
2026-07-31 02:15:00,secondary-flow,749,6
2026-07-31 02:15:00,secondary-lwt,8870,59
2026-07-31 02:15:00,zone1-bedrooms-heat-call,0,3
2026-07-31 02:15:00,zone5-living-rm-fancoil-heat-call,0,4
2026-07-31 02:30:00,buffer-depth1,4783,36
2026-07-31 02:30:00,buffer-depth2,4780,26
2026-07-31 02:30:00,buffer-depth3,4800,16
2026-07-31 02:30:00,hp-ewt,10787,29
2026-07-31 02:30:00,hp-lwt,9331,55
2026-07-31 02:30:00,secondary-ewt,10132,14
2026-07-31 02:30:00,secondary-flow,761,4
2026-07-31 02:30:00,secondary-lwt,9163,47
2026-07-31 02:30:00,zone1-bedrooms-heat-call,0,3
2026-07-31 02:30:00,zone5-living-rm-fancoil-heat-call,1,4
2026-07-31 02:45:00,buffer-depth1,4754,40
2026-07-31 02:45:00,buffer-depth2,4775,23
2026-07-31 02:45:00,buffer-depth3,4814,17
2026-07-31 02:45:00,hp-ewt,10548,35
2026-07-31 02:45:00,hp-lwt,8885,80
2026-07-31 02:45:00,secondary-ewt,9530,2
2026-07-31 02:45:00,secondary-flow,741,2
2026-07-31 02:45:00,secondary-lwt,8876,33
2026-07-31 02:45:00,zone1-bedrooms-heat-call,0,3
2026-07-31 02:45:00,zone5-living-rm-fancoil-heat-call,0,3
2026-07-31 03:00:00,buffer-depth1,4758,30
2026-07-31 03:00:00,buffer-depth2,4764,22
2026-07-31 03:00:00,buffer-depth3,4795,17
2026-07-31 03:00:00,hp-ewt,10703,21
2026-07-31 03:00:00,hp-lwt,9177,43
2026-07-31 03:00:00,secondary-ewt,10140,12
2026-07-31 03:00:00,secondary-flow,754,4
2026-07-31 03:00:00,secondary-lwt,9034,33
2026-07-31 03:00:00,zone1-bedrooms-heat-call,0,3
2026-07-31 03:00:00,zone5-living-rm-fancoil-heat-call,0,4
2026-07-31 03:15:00,buffer-depth1,4770,42
2026-07-31 03:15:00,buffer-depth2,4782,27
2026-07-31 03:15:00,buffer-depth3,4800,16
2026-07-31 03:15:00,hp-ewt,10478,31
2026-07-31 03:15:00,hp-lwt,8845,77
2026-07-31 03:15:00,secondary-ewt,9668,5
2026-07-31 03:15:00,secondary-flow,749,4
2026-07-31 03:15:00,secondary-lwt,8829,60
2026-07-31 03:15:00,zone1-bedrooms-heat-call,0,3
2026-07-31 03:15:00,zone5-living-rm-fancoil-heat-call,0,4
2026-07-31 03:30:00,buffer-depth1,4755,34
2026-07-31 03:30:00,buffer-depth2,4762,20
2026-07-31 03:30:00,buffer-depth3,4797,16
2026-07-31 03:30:00,hp-ewt,10688,23
2026-07-31 03:30:00,hp-lwt,9155,49
2026-07-31 03:30:00,secondary-ewt,9330,1
2026-07-31 03:30:00,secondary-flow,740,1
2026-07-31 03:30:00,secondary-lwt,9380,1
2026-07-31 03:30:00,zone1-bedrooms-heat-call,0,3
2026-07-31 03:30:00,zone5-living-rm-fancoil-heat-call,0,3
2026-07-31 03:45:00,buffer-depth1,4742,47
2026-07-31 03:45:00,buffer-depth2,4754,25
2026-07-31 03:45:00,buffer-depth3,4788,16
2026-07-31 03:45:00,hp-ewt,10501,31
2026-07-31 03:45:00,hp-lwt,8948,82
2026-07-31 03:45:00,secondary-ewt,9367,3
2026-07-31 03:45:00,secondary-flow,740,3
2026-07-31 03:45:00,secondary-lwt,8813,63
2026-07-31 03:45:00,zone1-bedrooms-heat-call,0,3
2026-07-31 03:45:00,zone5-living-rm-fancoil-heat-call,0,3
2026-07-31 04:00:00,buffer-depth1,4758,38
2026-07-31 04:00:00,buffer-depth2,4750,25
2026-07-31 04:00:00,buffer-depth3,4781,18
2026-07-31 04:00:00,hp-ewt,11337,3
2026-07-31 04:00:00,hp-lwt,11030,3
2026-07-31 04:00:00,secondary-ewt,9305,2
2026-07-31 04:00:00,secondary-flow,740,2
2026-07-31 04:00:00,secondary-lwt,9585,2
2026-07-31 04:00:00,zone1-bedrooms-heat-call,0,3
2026-07-31 04:00:00,zone5-living-rm-fancoil-heat-call,0,5
2026-07-31 04:15:00,buffer-depth1,4738,41
2026-07-31 04:15:00,buffer-depth2,4747,22
2026-07-31 04:15:00,buffer-depth3,4779,15
2026-07-31 04:15:00,hp-ewt,10605,31
2026-07-31 04:15:00,hp-lwt,8940,78
2026-07-31 04:15:00,secondary-ewt,9293,3
2026-07-31 04:15:00,secondary-flow,740,3
2026-07-31 04:15:00,secondary-lwt,8765,62
2026-07-31 04:15:00,zone1-bedrooms-heat-call,0,3
2026-07-31 04:15:00,zone5-living-rm-fancoil-heat-call,0,3
2026-07-31 04:30:00,buffer-depth1,4725,35
2026-07-31 04:30:00,buffer-depth2,4733,23
2026-07-31 04:30:00,buffer-depth3,4770,17
2026-07-31 04:30:00,hp-ewt,10530,25
2026-07-31 04:30:00,hp-lwt,8795,49
2026-07-31 04:30:00,secondary-ewt,9253,4
2026-07-31 04:30:00,secondary-flow,740,3
2026-07-31 04:30:00,secondary-lwt,8765,41
2026-07-31 04:30:00,zone1-bedrooms-heat-call,0,3
2026-07-31 04:30:00,zone5-living-rm-fancoil-heat-call,0,3
2026-07-31 04:45:00,buffer-depth1,4737,37
2026-07-31 04:45:00,buffer-depth2,4732,21
2026-07-31 04:45:00,buffer-depth3,4764,15
2026-07-31 04:45:00,hp-ewt,10617,26
2026-07-31 04:45:00,hp-lwt,9107,60
2026-07-31 04:45:00,secondary-ewt,9863,15
2026-07-31 04:45:00,secondary-flow,751,5
2026-07-31 04:45:00,secondary-lwt,9061,54
2026-07-31 04:45:00,zone1-bedrooms-heat-call,0,3
2026-07-31 04:45:00,zone5-living-rm-fancoil-heat-call,0,4
2026-07-31 05:00:00,buffer-depth1,4728,40
2026-07-31 05:00:00,buffer-depth2,4735,25
2026-07-31 05:00:00,buffer-depth3,4766,15
2026-07-31 05:00:00,hp-ewt,10567,34
2026-07-31 05:00:00,hp-lwt,8745,69
2026-07-31 05:00:00,secondary-ewt,9637,6
2026-07-31 05:00:00,secondary-flow,760,3
2026-07-31 05:00:00,secondary-lwt,8522,21
2026-07-31 05:00:00,zone1-bedrooms-heat-call,0,3
2026-07-31 05:00:00,zone5-living-rm-fancoil-heat-call,0,4
2026-07-31 05:15:00,buffer-depth1,4733,37
2026-07-31 05:15:00,buffer-depth2,4735,21
2026-07-31 05:15:00,buffer-depth3,4765,17
2026-07-31 05:15:00,hp-ewt,10561,19
2026-07-31 05:15:00,hp-lwt,9092,47
2026-07-31 05:15:00,secondary-ewt,9237,3
2026-07-31 05:15:00,secondary-flow,740,3
2026-07-31 05:15:00,secondary-lwt,8871,40
2026-07-31 05:15:00,zone1-bedrooms-heat-call,0,3
2026-07-31 05:15:00,zone5-living-rm-fancoil-heat-call,0,3
2026-07-31 05:30:00,buffer-depth1,4747,43
2026-07-31 05:30:00,buffer-depth2,4748,24
2026-07-31 05:30:00,buffer-depth3,4766,16
2026-07-31 05:30:00,hp-ewt,10027,31
2026-07-31 05:30:00,hp-lwt,8497,75
2026-07-31 05:30:00,secondary-ewt,9280,1
2026-07-31 05:30:00,secondary-flow,758,3
2026-07-31 05:30:00,secondary-lwt,8449,27
2026-07-31 05:30:00,zone1-bedrooms-heat-call,0,3
2026-07-31 05:30:00,zone5-living-rm-fancoil-heat-call,1,5
2026-07-31 05:45:00,buffer-depth1,4759,33
2026-07-31 05:45:00,buffer-depth2,4763,22
2026-07-31 05:45:00,buffer-depth3,4782,18
2026-07-31 05:45:00,hp-ewt,10169,21
2026-07-31 05:45:00,hp-lwt,8859,46
2026-07-31 05:45:00,zone1-bedrooms-heat-call,0,3
2026-07-31 05:45:00,zone5-living-rm-fancoil-heat-call,0,3
2026-07-31 06:00:00,buffer-depth1,4741,47
2026-07-31 06:00:00,buffer-depth2,4751,24
2026-07-31 06:00:00,buffer-depth3,4777,16
2026-07-31 06:00:00,hp-ewt,9969,29
2026-07-31 06:00:00,hp-lwt,8576,84
2026-07-31 06:00:00,zone1-bedrooms-heat-call,0,3
2026-07-31 06:00:00,zone5-living-rm-fancoil-heat-call,0,4
2026-07-31 06:15:00,buffer-depth1,4785,39
2026-07-31 06:15:00,buffer-depth2,4773,25
2026-07-31 06:15:00,buffer-depth3,4777,16
2026-07-31 06:15:00,hp-ewt,10213,21
2026-07-31 06:15:00,hp-lwt,9121,57
2026-07-31 06:15:00,zone1-bedrooms-heat-call,0,3
2026-07-31 06:15:00,zone5-living-rm-fancoil-heat-call,0,4
2026-07-31 06:30:00,buffer-depth1,4760,44
2026-07-31 06:30:00,buffer-depth2,4772,21
2026-07-31 06:30:00,buffer-depth3,4794,15
2026-07-31 06:30:00,hp-ewt,9718,12
2026-07-31 06:30:00,hp-lwt,7913,29
2026-07-31 06:30:00,secondary-ewt,9415,2
2026-07-31 06:30:00,secondary-flow,740,2
2026-07-31 06:30:00,secondary-lwt,8721,34
2026-07-31 06:30:00,zone1-bedrooms-heat-call,0,3
2026-07-31 06:30:00,zone5-living-rm-fancoil-heat-call,0,3
2026-07-31 06:45:00,buffer-depth1,4768,38
2026-07-31 06:45:00,buffer-depth2,4768,21
2026-07-31 06:45:00,buffer-depth3,4789,16
2026-07-31 06:45:00,hp-ewt,10183,19
2026-07-31 06:45:00,hp-lwt,8835,58
2026-07-31 06:45:00,secondary-ewt,9931,13
2026-07-31 06:45:00,secondary-flow,756,6
2026-07-31 06:45:00,secondary-lwt,9131,52
2026-07-31 06:45:00,zone1-bedrooms-heat-call,0,3
2026-07-31 06:45:00,zone5-living-rm-fancoil-heat-call,1,4
2026-07-31 07:00:00,buffer-depth1,4809,21
2026-07-31 07:00:00,buffer-depth2,4802,16
2026-07-31 07:00:00,buffer-depth3,4810,17
2026-07-31 07:00:00,hp-ewt,11178,11
2026-07-31 07:00:00,hp-lwt,10088,18
2026-07-31 07:00:00,secondary-ewt,9696,5
2026-07-31 07:00:00,secondary-flow,757,4
2026-07-31 07:00:00,secondary-lwt,9410,12
2026-07-31 07:00:00,zone1-bedrooms-heat-call,0,3
2026-07-31 07:00:00,zone5-living-rm-fancoil-heat-call,0,4
2026-07-31 07:15:00,buffer-depth1,4825,18
2026-07-31 07:15:00,buffer-depth2,4817,19
2026-07-31 07:15:00,buffer-depth3,4835,19
2026-07-31 07:15:00,hp-ewt,12354,7
2026-07-31 07:15:00,hp-lwt,12017,7
2026-07-31 07:15:00,secondary-ewt,9615,2
2026-07-31 07:15:00,secondary-flow,741,2
2026-07-31 07:15:00,secondary-lwt,9645,2
2026-07-31 07:15:00,zone1-bedrooms-heat-call,0,3
2026-07-31 07:15:00,zone5-living-rm-fancoil-heat-call,0,3
2026-07-31 07:30:00,buffer-depth1,4873,22
2026-07-31 07:30:00,buffer-depth2,4855,19
2026-07-31 07:30:00,buffer-depth3,4855,17
2026-07-31 07:30:00,hp-ewt,12840,3
2026-07-31 07:30:00,hp-lwt,12163,3
2026-07-31 07:30:00,secondary-ewt,10380,16
2026-07-31 07:30:00,secondary-flow,763,8
2026-07-31 07:30:00,secondary-lwt,10277,13
2026-07-31 07:30:00,zone1-bedrooms-heat-call,0,3
2026-07-31 07:30:00,zone5-living-rm-fancoil-heat-call,1,5
2026-07-31 07:45:00,buffer-depth1,4897,16
2026-07-31 07:45:00,buffer-depth2,4890,16
2026-07-31 07:45:00,buffer-depth3,4901,18
2026-07-31 07:45:00,hp-ewt,13140,3
2026-07-31 07:45:00,hp-lwt,11813,3
2026-07-31 07:45:00,secondary-ewt,9957,3
2026-07-31 07:45:00,secondary-flow,741,3
2026-07-31 07:45:00,secondary-lwt,9980,3
2026-07-31 07:45:00,zone1-bedrooms-heat-call,0,3
2026-07-31 07:45:00,zone5-living-rm-fancoil-heat-call,0,3
2026-07-31 08:00:00,buffer-depth1,4913,15
2026-07-31 08:00:00,buffer-depth2,4906,16
2026-07-31 08:00:00,buffer-depth3,4924,16
2026-07-31 08:00:00,hp-ewt,13463,3
2026-07-31 08:00:00,hp-lwt,11540,3
2026-07-31 08:00:00,secondary-ewt,10080,3
2026-07-31 08:00:00,secondary-flow,740,3
2026-07-31 08:00:00,secondary-lwt,10117,3
2026-07-31 08:00:00,zone1-bedrooms-heat-call,0,3
2026-07-31 08:00:00,zone5-living-rm-fancoil-heat-call,0,3
2026-07-31 08:15:00,buffer-depth1,4957,20
2026-07-31 08:15:00,buffer-depth2,4941,20
2026-07-31 08:15:00,buffer-depth3,4942,17
2026-07-31 08:15:00,hp-ewt,13867,3
2026-07-31 08:15:00,hp-lwt,11633,3
2026-07-31 08:15:00,secondary-ewt,10706,13
2026-07-31 08:15:00,secondary-flow,758,7
2026-07-31 08:15:00,secondary-lwt,10678,11
2026-07-31 08:15:00,zone1-bedrooms-heat-call,0,3
2026-07-31 08:15:00,zone5-living-rm-fancoil-heat-call,0,5
2026-07-31 08:30:00,buffer-depth1,4984,15
2026-07-31 08:30:00,buffer-depth2,4977,15
2026-07-31 08:30:00,buffer-depth3,4984,17
2026-07-31 08:30:00,hp-ewt,14380,3
2026-07-31 08:30:00,hp-lwt,11983,4
2026-07-31 08:30:00,secondary-ewt,10433,4
2026-07-31 08:30:00,secondary-flow,741,3
2026-07-31 08:30:00,secondary-lwt,10463,3
2026-07-31 08:30:00,zone1-bedrooms-heat-call,0,3
2026-07-31 08:30:00,zone5-living-rm-fancoil-heat-call,0,3
2026-07-31 08:45:00,buffer-depth1,5005,18
2026-07-31 08:45:00,buffer-depth2,4994,17
2026-07-31 08:45:00,buffer-depth3,5009,16
2026-07-31 08:45:00,hp-ewt,14817,3
2026-07-31 08:45:00,hp-lwt,12160,3
2026-07-31 08:45:00,secondary-ewt,11105,11
2026-07-31 08:45:00,secondary-flow,752,5
2026-07-31 08:45:00,secondary-lwt,11045,10
2026-07-31 08:45:00,zone1-bedrooms-heat-call,0,3
2026-07-31 08:45:00,zone5-living-rm-fancoil-heat-call,0,4
2026-07-31 09:00:00,buffer-depth1,5057,17
2026-07-31 09:00:00,buffer-depth2,5043,18
2026-07-31 09:00:00,buffer-depth3,5039,19
2026-07-31 09:00:00,hp-ewt,15157,3
2026-07-31 09:00:00,hp-lwt,12407,3
2026-07-31 09:00:00,secondary-ewt,10964,5
2026-07-31 09:00:00,secondary-flow,762,4
2026-07-31 09:00:00,secondary-lwt,10994,5
2026-07-31 09:00:00,zone1-bedrooms-heat-call,0,3
2026-07-31 09:00:00,zone5-living-rm-fancoil-heat-call,1,4
2026-07-31 09:15:00,buffer-depth1,5068,17
2026-07-31 09:15:00,buffer-depth2,5061,16
2026-07-31 09:15:00,buffer-depth3,5075,16
2026-07-31 09:15:00,hp-ewt,15410,6
2026-07-31 09:15:00,hp-lwt,12828,6
2026-07-31 09:15:00,secondary-ewt,10970,2
2026-07-31 09:15:00,secondary-flow,741,2
2026-07-31 09:15:00,secondary-lwt,10995,2
2026-07-31 09:15:00,zone1-bedrooms-heat-call,0,3
2026-07-31 09:15:00,zone5-living-rm-fancoil-heat-call,0,3
2026-07-31 09:30:00,buffer-depth1,5124,25
2026-07-31 09:30:00,buffer-depth2,5102,21
2026-07-31 09:30:00,buffer-depth3,5093,16
2026-07-31 09:30:00,hp-ewt,15585,2
2026-07-31 09:30:00,hp-lwt,12960,2
2026-07-31 09:30:00,secondary-ewt,11742,22
2026-07-31 09:30:00,secondary-flow,772,10
2026-07-31 09:30:00,secondary-lwt,11758,19
2026-07-31 09:30:00,zone1-bedrooms-heat-call,0,3
2026-07-31 09:30:00,zone5-living-rm-fancoil-heat-call,0,5
2026-07-31 09:45:00,buffer-depth1,5155,16
2026-07-31 09:45:00,buffer-depth2,5148,16
2026-07-31 09:45:00,buffer-depth3,5144,20
2026-07-31 09:45:00,hp-ewt,15773,4
2026-07-31 09:45:00,hp-lwt,13025,4
2026-07-31 09:45:00,secondary-ewt,11420,1
2026-07-31 09:45:00,secondary-flow,740,1
2026-07-31 09:45:00,secondary-lwt,11390,1
2026-07-31 09:45:00,zone1-bedrooms-heat-call,0,3
2026-07-31 09:45:00,zone5-living-rm-fancoil-heat-call,0,3
2026-07-31 10:00:00,buffer-depth1,5173,18
2026-07-31 10:00:00,buffer-depth2,5161,17
2026-07-31 10:00:00,buffer-depth3,5173,16
2026-07-31 10:00:00,hp-ewt,15943,3
2026-07-31 10:00:00,hp-lwt,13090,3
2026-07-31 10:00:00,secondary-ewt,11910,11
2026-07-31 10:00:00,secondary-flow,752,5
2026-07-31 10:00:00,secondary-lwt,11867,9
2026-07-31 10:00:00,zone1-bedrooms-heat-call,0,3
2026-07-31 10:00:00,zone5-living-rm-fancoil-heat-call,0,4
2026-07-31 10:15:00,buffer-depth1,5218,17
2026-07-31 10:15:00,buffer-depth2,5203,17
2026-07-31 10:15:00,buffer-depth3,5202,18
2026-07-31 10:15:00,hp-ewt,16200,5
2026-07-31 10:15:00,hp-lwt,12860,5
2026-07-31 10:15:00,secondary-ewt,11810,5
2026-07-31 10:15:00,secondary-flow,759,6
2026-07-31 10:15:00,secondary-lwt,11875,6
2026-07-31 10:15:00,zone1-bedrooms-heat-call,0,3
2026-07-31 10:15:00,zone5-living-rm-fancoil-heat-call,0,4
2026-07-31 10:30:00,buffer-depth1,5248,18
2026-07-31 10:30:00,buffer-depth2,5234,18
2026-07-31 10:30:00,buffer-depth3,5235,17
2026-07-31 10:30:00,hp-ewt,16807,6
2026-07-31 10:30:00,hp-lwt,12935,4
2026-07-31 10:30:00,secondary-ewt,12150,12
2026-07-31 10:30:00,secondary-flow,765,7
2026-07-31 10:30:00,secondary-lwt,12204,9
2026-07-31 10:30:00,zone1-bedrooms-heat-call,0,3
2026-07-31 10:30:00,zone5-living-rm-fancoil-heat-call,0,3
2026-07-31 10:45:00,buffer-depth1,5292,18
2026-07-31 10:45:00,buffer-depth2,5276,18
2026-07-31 10:45:00,buffer-depth3,5271,17
2026-07-31 10:45:00,hp-ewt,17190,3
2026-07-31 10:45:00,hp-lwt,13173,3
2026-07-31 10:45:00,secondary-ewt,12345,12
2026-07-31 10:45:00,secondary-flow,764,6
2026-07-31 10:45:00,secondary-lwt,12311,10
2026-07-31 10:45:00,zone1-bedrooms-heat-call,0,3
2026-07-31 10:45:00,zone5-living-rm-fancoil-heat-call,1,5
2026-07-31 11:00:00,buffer-depth1,5309,15
2026-07-31 11:00:00,buffer-depth2,5301,16
2026-07-31 11:00:00,buffer-depth3,5309,17
2026-07-31 11:00:00,hp-ewt,17540,3
2026-07-31 11:00:00,hp-lwt,13507,3
2026-07-31 11:00:00,secondary-ewt,12210,3
2026-07-31 11:00:00,secondary-flow,742,3
2026-07-31 11:00:00,secondary-lwt,12227,3
2026-07-31 11:00:00,zone1-bedrooms-heat-call,0,3
2026-07-31 11:00:00,zone5-living-rm-fancoil-heat-call,0,3
2026-07-31 11:15:00,buffer-depth1,5340,19
2026-07-31 11:15:00,buffer-depth2,5326,18
2026-07-31 11:15:00,buffer-depth3,5326,16
2026-07-31 11:15:00,hp-ewt,17707,3
2026-07-31 11:15:00,hp-lwt,13727,3
2026-07-31 11:15:00,secondary-ewt,12240,1
2026-07-31 11:15:00,secondary-flow,745,1
2026-07-31 11:15:00,secondary-lwt,12260,1
2026-07-31 11:15:00,zone1-bedrooms-heat-call,0,3
2026-07-31 11:15:00,zone5-living-rm-fancoil-heat-call,0,5
2026-07-31 11:30:00,buffer-depth1,5373,20
2026-07-31 11:30:00,buffer-depth2,5361,17
2026-07-31 11:30:00,buffer-depth3,5359,17
2026-07-31 11:30:00,hp-ewt,17766,5
2026-07-31 11:30:00,hp-lwt,13900,5
2026-07-31 11:30:00,secondary-ewt,12917,10
2026-07-31 11:30:00,secondary-flow,763,5
2026-07-31 11:30:00,secondary-lwt,12757,7
2026-07-31 11:30:00,zone1-bedrooms-heat-call,0,5
2026-07-31 11:30:00,zone5-living-rm-fancoil-heat-call,0,3
2026-07-31 11:45:00,buffer-depth1,5414,18
2026-07-31 11:45:00,buffer-depth2,5396,18
2026-07-31 11:45:00,buffer-depth3,5390,16
2026-07-31 11:45:00,hp-ewt,17790,3
2026-07-31 11:45:00,hp-lwt,14117,3
2026-07-31 11:45:00,secondary-ewt,13006,9
2026-07-31 11:45:00,secondary-flow,771,5
2026-07-31 11:45:00,secondary-lwt,12979,9
2026-07-31 11:45:00,zone1-bedrooms-heat-call,0,3
2026-07-31 11:45:00,zone5-living-rm-fancoil-heat-call,1,4
2026-07-31 12:00:00,buffer-depth1,5316,61
2026-07-31 12:00:00,buffer-depth2,5329,38
2026-07-31 12:00:00,buffer-depth3,5358,26
2026-07-31 12:00:00,hp-ewt,13835,48
2026-07-31 12:00:00,hp-lwt,11339,103
2026-07-31 12:00:00,secondary-ewt,12707,10
2026-07-31 12:00:00,secondary-flow,754,5
2026-07-31 12:00:00,secondary-lwt,11901,83
2026-07-31 12:00:00,zone1-bedrooms-heat-call,0,3
2026-07-31 12:00:00,zone5-living-rm-fancoil-heat-call,0,4
2026-07-31 12:15:00,buffer-depth1,5063,26
2026-07-31 12:15:00,buffer-depth2,5107,34
2026-07-31 12:15:00,buffer-depth3,5172,25
2026-07-31 12:15:00,hp-ewt,11767,13
2026-07-31 12:15:00,hp-lwt,8456,29
2026-07-31 12:15:00,secondary-ewt,12025,21
2026-07-31 12:15:00,secondary-flow,777,9
2026-07-31 12:15:00,secondary-lwt,9849,25
2026-07-31 12:15:00,zone1-bedrooms-heat-call,0,3
2026-07-31 12:15:00,zone5-living-rm-fancoil-heat-call,1,5
2026-07-31 12:30:00,buffer-depth1,4992,47
2026-07-31 12:30:00,buffer-depth2,5005,28
2026-07-31 12:30:00,buffer-depth3,5047,20
2026-07-31 12:30:00,hp-ewt,11454,22
2026-07-31 12:30:00,hp-lwt,10072,67
2026-07-31 12:30:00,secondary-ewt,10770,4
2026-07-31 12:30:00,secondary-flow,741,3
2026-07-31 12:30:00,secondary-lwt,10031,54
2026-07-31 12:30:00,zone1-bedrooms-heat-call,0,3
2026-07-31 12:30:00,zone5-living-rm-fancoil-heat-call,0,3
2026-07-31 12:45:00,buffer-depth1,4877,42
2026-07-31 12:45:00,buffer-depth2,4905,28
2026-07-31 12:45:00,buffer-depth3,4950,22
2026-07-31 12:45:00,hp-ewt,11023,27
2026-07-31 12:45:00,hp-lwt,9289,69
2026-07-31 12:45:00,secondary-ewt,10710,20
2026-07-31 12:45:00,secondary-flow,762,6
2026-07-31 12:45:00,secondary-lwt,9622,53
2026-07-31 12:45:00,zone1-bedrooms-heat-call,0,3
2026-07-31 12:45:00,zone5-living-rm-fancoil-heat-call,1,5
2026-07-31 13:00:00,buffer-depth1,4834,38
2026-07-31 13:00:00,buffer-depth2,4851,28
2026-07-31 13:00:00,buffer-depth3,4890,18
2026-07-31 13:00:00,hp-ewt,11062,25
2026-07-31 13:00:00,hp-lwt,9307,54
2026-07-31 13:00:00,secondary-ewt,10431,16
2026-07-31 13:00:00,secondary-flow,759,7
2026-07-31 13:00:00,secondary-lwt,9518,43
2026-07-31 13:00:00,zone1-bedrooms-heat-call,0,3
2026-07-31 13:00:00,zone5-living-rm-fancoil-heat-call,0,3
2026-07-31 13:15:00,buffer-depth1,4799,45
2026-07-31 13:15:00,buffer-depth2,4811,29
2026-07-31 13:15:00,buffer-depth3,4847,21
2026-07-31 13:15:00,hp-ewt,10715,37
2026-07-31 13:15:00,hp-lwt,8859,85
2026-07-31 13:15:00,secondary-ewt,10237,18
2026-07-31 13:15:00,secondary-flow,759,7
2026-07-31 13:15:00,secondary-lwt,9064,66
2026-07-31 13:15:00,zone1-bedrooms-heat-call,0,3
2026-07-31 13:15:00,zone5-living-rm-fancoil-heat-call,1,5
2026-07-31 13:30:00,buffer-depth1,4775,39
2026-07-31 13:30:00,buffer-depth2,4783,25
2026-07-31 13:30:00,buffer-depth3,4819,20
2026-07-31 13:30:00,hp-ewt,10863,26
2026-07-31 13:30:00,hp-lwt,9277,59
2026-07-31 13:30:00,secondary-ewt,9480,2
2026-07-31 13:30:00,secondary-flow,740,2
2026-07-31 13:30:00,secondary-lwt,8675,2
2026-07-31 13:30:00,zone1-bedrooms-heat-call,0,3
2026-07-31 13:30:00,zone5-living-rm-fancoil-heat-call,0,3
2026-07-31 13:45:00,buffer-depth1,4763,48
2026-07-31 13:45:00,buffer-depth2,4772,30
2026-07-31 13:45:00,buffer-depth3,4804,17
2026-07-31 13:45:00,hp-ewt,10579,35
2026-07-31 13:45:00,hp-lwt,8853,76
2026-07-31 13:45:00,secondary-ewt,10183,25
2026-07-31 13:45:00,secondary-flow,782,6
2026-07-31 13:45:00,secondary-lwt,8985,57
2026-07-31 13:45:00,zone1-bedrooms-heat-call,0,3
2026-07-31 13:45:00,zone5-living-rm-fancoil-heat-call,1,5
2026-07-31 14:00:00,buffer-depth1,4773,42
2026-07-31 14:00:00,buffer-depth2,4783,28
2026-07-31 14:00:00,buffer-depth3,4801,16
2026-07-31 14:00:00,hp-ewt,10749,31
2026-07-31 14:00:00,hp-lwt,9033,70
2026-07-31 14:00:00,secondary-ewt,9662,5
2026-07-31 14:00:00,secondary-flow,751,5
2026-07-31 14:00:00,secondary-lwt,8995,57
2026-07-31 14:00:00,zone1-bedrooms-heat-call,0,3
2026-07-31 14:00:00,zone5-living-rm-fancoil-heat-call,0,3
2026-07-31 14:15:00,buffer-depth1,4769,44
2026-07-31 14:15:00,buffer-depth2,4772,31
2026-07-31 14:15:00,buffer-depth3,4796,16
2026-07-31 14:15:00,hp-ewt,10751,32
2026-07-31 14:15:00,hp-lwt,8963,72
2026-07-31 14:15:00,secondary-ewt,10069,14
2026-07-31 14:15:00,secondary-flow,762,6
2026-07-31 14:15:00,secondary-lwt,9144,58
2026-07-31 14:15:00,zone1-bedrooms-heat-call,0,3
2026-07-31 14:15:00,zone5-living-rm-fancoil-heat-call,0,5
2026-07-31 14:30:00,buffer-depth1,4755,49
2026-07-31 14:30:00,buffer-depth2,4760,28
2026-07-31 14:30:00,buffer-depth3,4793,18
2026-07-31 14:30:00,hp-ewt,10618,35
2026-07-31 14:30:00,hp-lwt,8877,89
2026-07-31 14:30:00,secondary-ewt,9959,21
2026-07-31 14:30:00,secondary-flow,768,6
2026-07-31 14:30:00,secondary-lwt,8985,71
2026-07-31 14:30:00,zone1-bedrooms-heat-call,0,3
2026-07-31 14:30:00,zone5-living-rm-fancoil-heat-call,0,4
2026-07-31 14:45:00,buffer-depth1,4770,40
2026-07-31 14:45:00,buffer-depth2,4765,27
2026-07-31 14:45:00,buffer-depth3,4786,16
2026-07-31 14:45:00,hp-ewt,10818,27
2026-07-31 14:45:00,hp-lwt,9089,55
2026-07-31 14:45:00,secondary-ewt,10149,14
2026-07-31 14:45:00,secondary-flow,770,5
2026-07-31 14:45:00,secondary-lwt,9325,50
2026-07-31 14:45:00,zone1-bedrooms-heat-call,0,3
2026-07-31 14:45:00,zone5-living-rm-fancoil-heat-call,1,4
2026-07-31 15:00:00,buffer-depth1,4726,47
2026-07-31 15:00:00,buffer-depth2,4735,27
2026-07-31 15:00:00,buffer-depth3,4776,16
2026-07-31 15:00:00,hp-ewt,10495,34
2026-07-31 15:00:00,hp-lwt,8796,84
2026-07-31 15:00:00,secondary-ewt,9847,16
2026-07-31 15:00:00,secondary-flow,750,5
2026-07-31 15:00:00,secondary-lwt,8836,67
2026-07-31 15:00:00,zone1-bedrooms-heat-call,0,3
2026-07-31 15:00:00,zone5-living-rm-fancoil-heat-call,0,4
2026-07-31 15:15:00,buffer-depth1,4772,36
2026-07-31 15:15:00,buffer-depth2,4765,26
2026-07-31 15:15:00,buffer-depth3,4768,17
2026-07-31 15:15:00,hp-ewt,10893,27
2026-07-31 15:15:00,hp-lwt,9195,57
2026-07-31 15:15:00,secondary-ewt,10058,17
2026-07-31 15:15:00,secondary-flow,782,8
2026-07-31 15:15:00,secondary-lwt,9308,52
2026-07-31 15:15:00,zone1-bedrooms-heat-call,0,3
2026-07-31 15:15:00,zone5-living-rm-fancoil-heat-call,1,4
2026-07-31 15:30:00,buffer-depth1,4731,45
2026-07-31 15:30:00,buffer-depth2,4744,31
2026-07-31 15:30:00,buffer-depth3,4778,18
2026-07-31 15:30:00,hp-ewt,10572,32
2026-07-31 15:30:00,hp-lwt,8758,77
2026-07-31 15:30:00,secondary-ewt,9964,16
2026-07-31 15:30:00,secondary-flow,753,6
2026-07-31 15:30:00,secondary-lwt,8830,61
2026-07-31 15:30:00,zone1-bedrooms-heat-call,0,3
2026-07-31 15:30:00,zone5-living-rm-fancoil-heat-call,0,4
2026-07-31 15:45:00,buffer-depth1,4763,43
2026-07-31 15:45:00,buffer-depth2,4765,26
2026-07-31 15:45:00,buffer-depth3,4779,18
2026-07-31 15:45:00,hp-ewt,10654,33
2026-07-31 15:45:00,hp-lwt,8907,74
2026-07-31 15:45:00,secondary-ewt,9778,20
2026-07-31 15:45:00,secondary-flow,764,7
2026-07-31 15:45:00,secondary-lwt,9136,65
2026-07-31 15:45:00,zone1-bedrooms-heat-call,0,3
2026-07-31 15:45:00,zone5-living-rm-fancoil-heat-call,1,4
2026-07-31 16:00:00,buffer-depth1,4784,24
2026-07-31 16:00:00,buffer-depth2,4769,20
2026-07-31 16:00:00,buffer-depth3,4787,17
2026-07-31 16:00:00,hp-ewt,11173,15
2026-07-31 16:00:00,hp-lwt,10180,23
2026-07-31 16:00:00,secondary-ewt,9927,20
2026-07-31 16:00:00,secondary-flow,769,8
2026-07-31 16:00:00,secondary-lwt,9116,26
2026-07-31 16:00:00,zone1-bedrooms-heat-call,0,3
2026-07-31 16:00:00,zone5-living-rm-fancoil-heat-call,1,4
2026-07-31 16:15:00,buffer-depth1,4859,19
2026-07-31 16:15:00,buffer-depth2,4842,19
2026-07-31 16:15:00,buffer-depth3,4834,20
2026-07-31 16:15:00,hp-ewt,12802,5
2026-07-31 16:15:00,hp-lwt,12297,3
2026-07-31 16:15:00,secondary-ewt,9986,5
2026-07-31 16:15:00,secondary-flow,759,4
2026-07-31 16:15:00,secondary-lwt,9982,5
2026-07-31 16:15:00,zone1-bedrooms-heat-call,0,3
2026-07-31 16:15:00,zone5-living-rm-fancoil-heat-call,1,7
2026-07-31 16:30:00,buffer-depth1,4952,24
2026-07-31 16:30:00,buffer-depth2,4921,25
2026-07-31 16:30:00,buffer-depth3,4888,17
2026-07-31 16:30:00,hp-ewt,13348,4
2026-07-31 16:30:00,hp-lwt,11935,6
2026-07-31 16:30:00,secondary-ewt,10739,18
2026-07-31 16:30:00,secondary-flow,773,8
2026-07-31 16:30:00,secondary-lwt,10655,16
2026-07-31 16:30:00,zone1-bedrooms-heat-call,0,5
2026-07-31 16:30:00,zone5-living-rm-fancoil-heat-call,1,4
2026-07-31 16:45:00,buffer-depth1,4986,19
2026-07-31 16:45:00,buffer-depth2,4980,16
2026-07-31 16:45:00,buffer-depth3,4966,22
2026-07-31 16:45:00,hp-ewt,14361,9
2026-07-31 16:45:00,hp-lwt,11975,6
2026-07-31 16:45:00,secondary-ewt,10364,5
2026-07-31 16:45:00,secondary-flow,740,3
2026-07-31 16:45:00,secondary-lwt,10400,4
2026-07-31 16:45:00,zone1-bedrooms-heat-call,0,3
2026-07-31 16:45:00,zone5-living-rm-fancoil-heat-call,0,3
2026-07-31 17:00:00,buffer-depth1,5052,25
2026-07-31 17:00:00,buffer-depth2,5026,21
2026-07-31 17:00:00,buffer-depth3,5014,17
2026-07-31 17:00:00,hp-ewt,15383,4
2026-07-31 17:00:00,hp-lwt,12173,4
2026-07-31 17:00:00,secondary-ewt,11238,12
2026-07-31 17:00:00,secondary-flow,758,3
2026-07-31 17:00:00,secondary-lwt,11062,9
2026-07-31 17:00:00,zone1-bedrooms-heat-call,0,3
2026-07-31 17:00:00,zone5-living-rm-fancoil-heat-call,1,7
2026-07-31 17:15:00,buffer-depth1,5099,16
2026-07-31 17:15:00,buffer-depth2,5090,16
2026-07-31 17:15:00,buffer-depth3,5074,18
2026-07-31 17:15:00,hp-ewt,15416,5
2026-07-31 17:15:00,hp-lwt,12480,5
2026-07-31 17:15:00,secondary-ewt,11537,14
2026-07-31 17:15:00,secondary-flow,766,8
2026-07-31 17:15:00,secondary-lwt,11238,9
2026-07-31 17:15:00,zone1-bedrooms-heat-call,0,3
2026-07-31 17:15:00,zone5-living-rm-fancoil-heat-call,0,4
2026-07-31 17:30:00,buffer-depth1,5150,22
2026-07-31 17:30:00,buffer-depth2,5134,19
2026-07-31 17:30:00,buffer-depth3,5119,18
2026-07-31 17:30:00,hp-ewt,14970,3
2026-07-31 17:30:00,hp-lwt,12793,3
2026-07-31 17:30:00,secondary-ewt,11487,3
2026-07-31 17:30:00,secondary-flow,783,1
2026-07-31 17:30:00,secondary-lwt,11495,4
2026-07-31 17:30:00,zone1-bedrooms-heat-call,0,3
2026-07-31 17:30:00,zone5-living-rm-fancoil-heat-call,1,6
2026-07-31 17:45:00,buffer-depth1,5207,20
2026-07-31 17:45:00,buffer-depth2,5185,19
2026-07-31 17:45:00,buffer-depth3,5169,19
2026-07-31 17:45:00,hp-ewt,14596,5
2026-07-31 17:45:00,hp-lwt,12866,5
2026-07-31 17:45:00,secondary-ewt,12094,9
2026-07-31 17:45:00,secondary-flow,785,7
2026-07-31 17:45:00,secondary-lwt,11854,7
2026-07-31 17:45:00,zone1-bedrooms-heat-call,0,5
2026-07-31 17:45:00,zone5-living-rm-fancoil-heat-call,1,4
2026-07-31 18:00:00,buffer-depth1,5261,16
2026-07-31 18:00:00,buffer-depth2,5245,18
2026-07-31 18:00:00,buffer-depth3,5222,18
2026-07-31 18:00:00,hp-ewt,14307,3
2026-07-31 18:00:00,hp-lwt,12770,3
2026-07-31 18:00:00,secondary-ewt,12180,1
2026-07-31 18:00:00,secondary-flow,784,1
2026-07-31 18:00:00,secondary-lwt,12080,1
2026-07-31 18:00:00,zone1-bedrooms-heat-call,0,5
2026-07-31 18:00:00,zone5-living-rm-fancoil-heat-call,1,4
2026-07-31 18:15:00,buffer-depth1,5304,23
2026-07-31 18:15:00,buffer-depth2,5283,23
2026-07-31 18:15:00,buffer-depth3,5263,20
2026-07-31 18:15:00,hp-ewt,14064,5
2026-07-31 18:15:00,hp-lwt,12694,5
2026-07-31 18:15:00,zone1-bedrooms-heat-call,0,3
2026-07-31 18:15:00,zone5-living-rm-fancoil-heat-call,1,4
2026-07-31 18:30:00,buffer-depth1,5355,16
2026-07-31 18:30:00,buffer-depth2,5343,16
2026-07-31 18:30:00,buffer-depth3,5317,18
2026-07-31 18:30:00,hp-ewt,13968,4
2026-07-31 18:30:00,hp-lwt,12648,4
2026-07-31 18:30:00,zone1-bedrooms-heat-call,0,3
2026-07-31 18:30:00,zone5-living-rm-fancoil-heat-call,1,4
2026-07-31 18:45:00,buffer-depth1,5400,21
2026-07-31 18:45:00,buffer-depth2,5375,20
2026-07-31 18:45:00,buffer-depth3,5352,16
2026-07-31 18:45:00,hp-ewt,13907,3
2026-07-31 18:45:00,hp-lwt,12633,3
2026-07-31 18:45:00,zone1-bedrooms-heat-call,0,3
2026-07-31 18:45:00,zone5-living-rm-fancoil-heat-call,1,4
2026-07-31 19:00:00,buffer-depth1,5436,16
2026-07-31 19:00:00,buffer-depth2,5427,16
2026-07-31 19:00:00,buffer-depth3,5396,20
2026-07-31 19:00:00,hp-ewt,13935,2
2026-07-31 19:00:00,hp-lwt,12650,2
2026-07-31 19:00:00,zone1-bedrooms-heat-call,0,3
2026-07-31 19:00:00,zone5-living-rm-fancoil-heat-call,0,4
2026-07-31 19:15:00,buffer-depth1,5477,23
2026-07-31 19:15:00,buffer-depth2,5455,20
2026-07-31 19:15:00,buffer-depth3,5433,17
2026-07-31 19:15:00,hp-ewt,13948,5
2026-07-31 19:15:00,hp-lwt,12632,5
2026-07-31 19:15:00,secondary-ewt,13490,6
2026-07-31 19:15:00,secondary-flow,796,5
2026-07-31 19:15:00,secondary-lwt,13390,6
2026-07-31 19:15:00,zone1-bedrooms-heat-call,0,3
2026-07-31 19:15:00,zone5-living-rm-fancoil-heat-call,1,5
2026-07-31 19:30:00,buffer-depth1,5512,16
2026-07-31 19:30:00,buffer-depth2,5502,16
2026-07-31 19:30:00,buffer-depth3,5478,19
2026-07-31 19:30:00,hp-ewt,14257,3
2026-07-31 19:30:00,hp-lwt,12843,3
2026-07-31 19:30:00,secondary-ewt,13308,5
2026-07-31 19:30:00,secondary-flow,757,3
2026-07-31 19:30:00,secondary-lwt,13283,4
2026-07-31 19:30:00,zone1-bedrooms-heat-call,0,3
2026-07-31 19:30:00,zone5-living-rm-fancoil-heat-call,0,4
2026-07-31 19:45:00,buffer-depth1,5553,22
2026-07-31 19:45:00,buffer-depth2,5534,21
2026-07-31 19:45:00,buffer-depth3,5514,19
2026-07-31 19:45:00,hp-ewt,14563,6
2026-07-31 19:45:00,hp-lwt,13122,6
2026-07-31 19:45:00,secondary-ewt,13842,6
2026-07-31 19:45:00,secondary-flow,791,5
2026-07-31 19:45:00,secondary-lwt,13740,4
2026-07-31 19:45:00,zone1-bedrooms-heat-call,0,3
2026-07-31 19:45:00,zone5-living-rm-fancoil-heat-call,1,4
2026-07-31 20:00:00,buffer-depth1,5407,57
2026-07-31 20:00:00,buffer-depth2,5450,37
2026-07-31 20:00:00,buffer-depth3,5475,24
2026-07-31 20:00:00,hp-ewt,12648,39
2026-07-31 20:00:00,hp-lwt,10677,103
2026-07-31 20:00:00,secondary-ewt,12965,24
2026-07-31 20:00:00,secondary-flow,763,7
2026-07-31 20:00:00,secondary-lwt,11582,79
2026-07-31 20:00:00,zone1-bedrooms-heat-call,0,3
2026-07-31 20:00:00,zone5-living-rm-fancoil-heat-call,0,4
2026-07-31 20:15:00,buffer-depth1,5125,34
2026-07-31 20:15:00,buffer-depth2,5196,34
2026-07-31 20:15:00,buffer-depth3,5258,32
2026-07-31 20:15:00,hp-ewt,11571,8
2026-07-31 20:15:00,hp-lwt,8032,30
2026-07-31 20:15:00,secondary-ewt,11838,8
2026-07-31 20:15:00,secondary-flow,771,4
2026-07-31 20:15:00,secondary-lwt,9428,25
2026-07-31 20:15:00,zone1-bedrooms-heat-call,0,3
2026-07-31 20:15:00,zone5-living-rm-fancoil-heat-call,1,4
2026-07-31 20:30:00,buffer-depth1,5026,40
2026-07-31 20:30:00,buffer-depth2,5045,27
2026-07-31 20:30:00,buffer-depth3,5083,20
2026-07-31 20:30:00,hp-ewt,11595,25
2026-07-31 20:30:00,hp-lwt,9962,64
2026-07-31 20:30:00,secondary-ewt,11334,21
2026-07-31 20:30:00,secondary-flow,775,7
2026-07-31 20:30:00,secondary-lwt,10351,47
2026-07-31 20:30:00,zone1-bedrooms-heat-call,0,3
2026-07-31 20:30:00,zone5-living-rm-fancoil-heat-call,0,4
2026-07-31 20:45:00,buffer-depth1,4897,47
2026-07-31 20:45:00,buffer-depth2,4937,34
2026-07-31 20:45:00,buffer-depth3,4986,24
2026-07-31 20:45:00,hp-ewt,10999,27
2026-07-31 20:45:00,hp-lwt,9027,70
2026-07-31 20:45:00,secondary-ewt,10665,11
2026-07-31 20:45:00,secondary-flow,762,5
2026-07-31 20:45:00,secondary-lwt,9471,50
2026-07-31 20:45:00,zone1-bedrooms-heat-call,0,3
2026-07-31 20:45:00,zone5-living-rm-fancoil-heat-call,1,4
2026-07-31 21:00:00,buffer-depth1,4832,41
2026-07-31 21:00:00,buffer-depth2,4841,25
2026-07-31 21:00:00,buffer-depth3,4882,19
2026-07-31 21:00:00,hp-ewt,10910,29
2026-07-31 21:00:00,hp-lwt,9040,63
2026-07-31 21:00:00,secondary-ewt,10646,23
2026-07-31 21:00:00,secondary-flow,763,7
2026-07-31 21:00:00,secondary-lwt,9400,53
2026-07-31 21:00:00,zone1-bedrooms-heat-call,0,3
2026-07-31 21:00:00,zone5-living-rm-fancoil-heat-call,1,4
2026-07-31 21:15:00,buffer-depth1,4791,38
2026-07-31 21:15:00,buffer-depth2,4811,25
2026-07-31 21:15:00,buffer-depth3,4838,17
2026-07-31 21:15:00,hp-ewt,10562,29
2026-07-31 21:15:00,hp-lwt,8594,67
2026-07-31 21:15:00,secondary-ewt,9550,1
2026-07-31 21:15:00,secondary-flow,741,1
2026-07-31 21:15:00,secondary-lwt,10050,1
2026-07-31 21:15:00,zone1-bedrooms-heat-call,0,3
2026-07-31 21:15:00,zone5-living-rm-fancoil-heat-call,0,4
2026-07-31 21:30:00,buffer-depth1,4763,34
2026-07-31 21:30:00,buffer-depth2,4777,25
2026-07-31 21:30:00,buffer-depth3,4812,18
2026-07-31 21:30:00,hp-ewt,10738,24
2026-07-31 21:30:00,hp-lwt,8736,49
2026-07-31 21:30:00,secondary-ewt,10073,15
2026-07-31 21:30:00,secondary-flow,768,6
2026-07-31 21:30:00,secondary-lwt,9121,40
2026-07-31 21:30:00,zone1-bedrooms-heat-call,0,3
2026-07-31 21:30:00,zone5-living-rm-fancoil-heat-call,1,4
2026-07-31 21:45:00,buffer-depth1,4763,35
2026-07-31 21:45:00,buffer-depth2,4772,25
2026-07-31 21:45:00,buffer-depth3,4789,18
2026-07-31 21:45:00,hp-ewt,10521,27
2026-07-31 21:45:00,hp-lwt,8653,73
2026-07-31 21:45:00,secondary-ewt,9607,6
2026-07-31 21:45:00,secondary-flow,770,5
2026-07-31 21:45:00,secondary-lwt,8107,10
2026-07-31 21:45:00,zone1-bedrooms-heat-call,0,3
2026-07-31 21:45:00,zone5-living-rm-fancoil-heat-call,0,6
2026-07-31 22:00:00,buffer-depth1,4784,42
2026-07-31 22:00:00,buffer-depth2,4783,25
2026-07-31 22:00:00,buffer-depth3,4795,16
2026-07-31 22:00:00,hp-ewt,10742,26
2026-07-31 22:00:00,hp-lwt,9015,57
2026-07-31 22:00:00,secondary-ewt,10050,21
2026-07-31 22:00:00,secondary-flow,773,6
2026-07-31 22:00:00,secondary-lwt,9265,47
2026-07-31 22:00:00,zone1-bedrooms-heat-call,0,3
2026-07-31 22:00:00,zone5-living-rm-fancoil-heat-call,1,5
2026-07-31 22:15:00,buffer-depth1,4768,41
2026-07-31 22:15:00,buffer-depth2,4780,25
2026-07-31 22:15:00,buffer-depth3,4811,16
2026-07-31 22:15:00,hp-ewt,10629,34
2026-07-31 22:15:00,hp-lwt,8777,84
2026-07-31 22:15:00,secondary-ewt,9560,2
2026-07-31 22:15:00,secondary-flow,740,2
2026-07-31 22:15:00,secondary-lwt,8952,67
2026-07-31 22:15:00,zone1-bedrooms-heat-call,0,3
2026-07-31 22:15:00,zone5-living-rm-fancoil-heat-call,0,3
2026-07-31 22:30:00,buffer-depth1,4787,38
2026-07-31 22:30:00,buffer-depth2,4787,22
2026-07-31 22:30:00,buffer-depth3,4803,15
2026-07-31 22:30:00,hp-ewt,10837,23
2026-07-31 22:30:00,hp-lwt,8836,49
2026-07-31 22:30:00,secondary-ewt,10097,28
2026-07-31 22:30:00,secondary-flow,762,8
2026-07-31 22:30:00,secondary-lwt,9404,55
2026-07-31 22:30:00,zone1-bedrooms-heat-call,0,3
2026-07-31 22:30:00,zone5-living-rm-fancoil-heat-call,1,5
2026-07-31 22:45:00,buffer-depth1,4780,45
2026-07-31 22:45:00,buffer-depth2,4788,22
2026-07-31 22:45:00,buffer-depth3,4814,15
2026-07-31 22:45:00,hp-ewt,10680,37
2026-07-31 22:45:00,hp-lwt,8738,89
2026-07-31 22:45:00,secondary-ewt,9642,6
2026-07-31 22:45:00,secondary-flow,782,1
2026-07-31 22:45:00,secondary-lwt,8981,33
2026-07-31 22:45:00,zone1-bedrooms-heat-call,0,3
2026-07-31 22:45:00,zone5-living-rm-fancoil-heat-call,0,3
2026-07-31 23:00:00,buffer-depth1,4757,35
2026-07-31 23:00:00,buffer-depth2,4760,28
2026-07-31 23:00:00,buffer-depth3,4797,18
2026-07-31 23:00:00,hp-ewt,10692,25
2026-07-31 23:00:00,hp-lwt,8774,53
2026-07-31 23:00:00,secondary-ewt,9952,19
2026-07-31 23:00:00,secondary-flow,761,6
2026-07-31 23:00:00,secondary-lwt,9063,42
2026-07-31 23:00:00,zone1-bedrooms-heat-call,0,3
2026-07-31 23:00:00,zone5-living-rm-fancoil-heat-call,1,5
2026-07-31 23:15:00,buffer-depth1,4749,30
2026-07-31 23:15:00,buffer-depth2,4744,20
2026-07-31 23:15:00,buffer-depth3,4770,16
2026-07-31 23:15:00,hp-ewt,10784,27
2026-07-31 23:15:00,hp-lwt,9108,55
2026-07-31 23:15:00,secondary-ewt,9273,4
2026-07-31 23:15:00,secondary-flow,738,3
2026-07-31 23:15:00,secondary-lwt,8898,45
2026-07-31 23:15:00,zone1-bedrooms-heat-call,0,3
2026-07-31 23:15:00,zone5-living-rm-fancoil-heat-call,0,3
2026-07-31 23:30:00,buffer-depth1,4752,43
2026-07-31 23:30:00,buffer-depth2,4753,25
2026-07-31 23:30:00,buffer-depth3,4772,16
2026-07-31 23:30:00,hp-ewt,10540,31
2026-07-31 23:30:00,hp-lwt,8570,69
2026-07-31 23:30:00,secondary-ewt,10113,31
2026-07-31 23:30:00,secondary-flow,777,7
2026-07-31 23:30:00,secondary-lwt,8821,55
2026-07-31 23:30:00,zone1-bedrooms-heat-call,0,3
2026-07-31 23:30:00,zone5-living-rm-fancoil-heat-call,1,4
2026-07-31 23:45:00,buffer-depth1,4766,36
2026-07-31 23:45:00,buffer-depth2,4774,22
2026-07-31 23:45:00,buffer-depth3,4790,16
2026-07-31 23:45:00,hp-ewt,10815,23
2026-07-31 23:45:00,hp-lwt,9133,50
2026-07-31 23:45:00,secondary-ewt,9596,5
2026-07-31 23:45:00,secondary-flow,750,4
2026-07-31 23:45:00,secondary-lwt,9112,43
2026-07-31 23:45:00,zone1-bedrooms-heat-call,0,3
2026-07-31 23:45:00,zone5-living-rm-fancoil-heat-call,0,4
2026-08-01 00:00:00,buffer-depth1,4818,19
2026-08-01 00:00:00,buffer-depth2,4799,18
2026-08-01 00:00:00,buffer-depth3,4813,18
2026-08-01 00:00:00,hp-ewt,11238,13
2026-08-01 00:00:00,hp-lwt,10552,14
2026-08-01 00:00:00,secondary-ewt,10239,14
2026-08-01 00:00:00,secondary-flow,751,5
2026-08-01 00:00:00,secondary-lwt,10084,16
2026-08-01 00:00:00,zone1-bedrooms-heat-call,0,3
2026-08-01 00:00:00,zone5-living-rm-fancoil-heat-call,0,4
2026-08-01 00:15:00,buffer-depth1,4893,23
2026-08-01 00:15:00,buffer-depth2,4870,22
2026-08-01 00:15:00,buffer-depth3,4856,17
2026-08-01 00:15:00,hp-ewt,11339,17
2026-08-01 00:15:00,hp-lwt,9803,29
2026-08-01 00:15:00,secondary-ewt,10338,13
2026-08-01 00:15:00,secondary-flow,771,6
2026-08-01 00:15:00,secondary-lwt,9602,18
2026-08-01 00:15:00,zone1-bedrooms-heat-call,0,3
2026-08-01 00:15:00,zone5-living-rm-fancoil-heat-call,1,4
2026-08-01 00:30:00,buffer-depth1,4791,42
2026-08-01 00:30:00,buffer-depth2,4825,31
2026-08-01 00:30:00,buffer-depth3,4862,21
2026-08-01 00:30:00,hp-ewt,10555,27
2026-08-01 00:30:00,hp-lwt,8593,66
2026-08-01 00:30:00,secondary-ewt,9827,6
2026-08-01 00:30:00,secondary-flow,750,4
2026-08-01 00:30:00,secondary-lwt,8764,48
2026-08-01 00:30:00,zone1-bedrooms-heat-call,0,3
2026-08-01 00:30:00,zone5-living-rm-fancoil-heat-call,0,3
2026-08-01 00:45:00,buffer-depth1,4814,29
2026-08-01 00:45:00,buffer-depth2,4808,22
2026-08-01 00:45:00,buffer-depth3,4829,16
2026-08-01 00:45:00,hp-ewt,10749,24
2026-08-01 00:45:00,hp-lwt,9094,43
2026-08-01 00:45:00,secondary-ewt,10141,16
2026-08-01 00:45:00,secondary-flow,763,7
2026-08-01 00:45:00,secondary-lwt,9291,43
2026-08-01 00:45:00,zone1-bedrooms-heat-call,0,3
2026-08-01 00:45:00,zone5-living-rm-fancoil-heat-call,1,7
2026-08-01 01:00:00,buffer-depth1,4790,34
2026-08-01 01:00:00,buffer-depth2,4800,22
2026-08-01 01:00:00,buffer-depth3,4828,18
2026-08-01 01:00:00,hp-ewt,10809,30
2026-08-01 01:00:00,hp-lwt,8922,56
2026-08-01 01:00:00,secondary-ewt,9613,3
2026-08-01 01:00:00,secondary-flow,741,3
2026-08-01 01:00:00,secondary-lwt,9194,10
2026-08-01 01:00:00,zone1-bedrooms-heat-call,0,3
2026-08-01 01:00:00,zone5-living-rm-fancoil-heat-call,0,3
2026-08-01 01:15:00,buffer-depth1,4778,41
2026-08-01 01:15:00,buffer-depth2,4794,24
2026-08-01 01:15:00,buffer-depth3,4821,16
2026-08-01 01:15:00,hp-ewt,10622,30
2026-08-01 01:15:00,hp-lwt,8778,72
2026-08-01 01:15:00,secondary-ewt,10068,26
2026-08-01 01:15:00,secondary-flow,763,8
2026-08-01 01:15:00,secondary-lwt,8893,59
2026-08-01 01:15:00,zone1-bedrooms-heat-call,0,3
2026-08-01 01:15:00,zone5-living-rm-fancoil-heat-call,0,4
2026-08-01 01:30:00,buffer-depth1,4819,36
2026-08-01 01:30:00,buffer-depth2,4820,26
2026-08-01 01:30:00,buffer-depth3,4827,17
2026-08-01 01:30:00,hp-ewt,10882,27
2026-08-01 01:30:00,hp-lwt,8959,49
2026-08-01 01:30:00,secondary-ewt,9902,6
2026-08-01 01:30:00,secondary-flow,760,5
2026-08-01 01:30:00,secondary-lwt,9128,39
2026-08-01 01:30:00,zone1-bedrooms-heat-call,0,3
2026-08-01 01:30:00,zone5-living-rm-fancoil-heat-call,1,4
2026-08-01 01:45:00,buffer-depth1,4788,39
2026-08-01 01:45:00,buffer-depth2,4802,21
2026-08-01 01:45:00,buffer-depth3,4832,15
2026-08-01 01:45:00,hp-ewt,10694,27
2026-08-01 01:45:00,hp-lwt,8827,74
2026-08-01 01:45:00,secondary-ewt,9623,3
2026-08-01 01:45:00,secondary-flow,741,3
2026-08-01 01:45:00,secondary-lwt,8827,57
2026-08-01 01:45:00,zone1-bedrooms-heat-call,0,3
2026-08-01 01:45:00,zone5-living-rm-fancoil-heat-call,0,3
2026-08-01 02:00:00,buffer-depth1,4805,35
2026-08-01 02:00:00,buffer-depth2,4800,23
2026-08-01 02:00:00,buffer-depth3,4824,17
2026-08-01 02:00:00,hp-ewt,10743,23
2026-08-01 02:00:00,hp-lwt,8878,53
2026-08-01 02:00:00,secondary-ewt,9580,1
2026-08-01 02:00:00,secondary-flow,739,1
2026-08-01 02:00:00,secondary-lwt,9913,3
2026-08-01 02:00:00,zone1-bedrooms-heat-call,0,3
2026-08-01 02:00:00,zone5-living-rm-fancoil-heat-call,1,7
2026-08-01 02:15:00,buffer-depth1,4785,34
2026-08-01 02:15:00,buffer-depth2,4797,22
2026-08-01 02:15:00,buffer-depth3,4827,15
2026-08-01 02:15:00,hp-ewt,10823,23
2026-08-01 02:15:00,hp-lwt,9299,59
2026-08-01 02:15:00,secondary-ewt,9567,3
2026-08-01 02:15:00,secondary-flow,740,3
2026-08-01 02:15:00,secondary-lwt,9116,45
2026-08-01 02:15:00,zone1-bedrooms-heat-call,0,3
2026-08-01 02:15:00,zone5-living-rm-fancoil-heat-call,0,3
2026-08-01 02:30:00,buffer-depth1,4783,38
2026-08-01 02:30:00,buffer-depth2,4793,26
2026-08-01 02:30:00,buffer-depth3,4815,16
2026-08-01 02:30:00,hp-ewt,10729,31
2026-08-01 02:30:00,hp-lwt,8732,69
2026-08-01 02:30:00,secondary-ewt,10081,14
2026-08-01 02:30:00,secondary-flow,760,7
2026-08-01 02:30:00,secondary-lwt,8878,55
2026-08-01 02:30:00,zone1-bedrooms-heat-call,0,3
2026-08-01 02:30:00,zone5-living-rm-fancoil-heat-call,0,3
2026-08-01 02:45:00,buffer-depth1,4787,34
2026-08-01 02:45:00,buffer-depth2,4794,23
2026-08-01 02:45:00,buffer-depth3,4817,17
2026-08-01 02:45:00,hp-ewt,10947,24
2026-08-01 02:45:00,hp-lwt,9091,47
2026-08-01 02:45:00,secondary-ewt,10163,11
2026-08-01 02:45:00,secondary-flow,758,5
2026-08-01 02:45:00,secondary-lwt,9051,37
2026-08-01 02:45:00,zone1-bedrooms-heat-call,0,3
2026-08-01 02:45:00,zone5-living-rm-fancoil-heat-call,1,4
2026-08-01 03:00:00,buffer-depth1,4784,37
2026-08-01 03:00:00,buffer-depth2,4799,24
2026-08-01 03:00:00,buffer-depth3,4824,17
2026-08-01 03:00:00,hp-ewt,10662,31
2026-08-01 03:00:00,hp-lwt,8843,78
2026-08-01 03:00:00,secondary-ewt,9597,3
2026-08-01 03:00:00,secondary-flow,738,3
2026-08-01 03:00:00,secondary-lwt,8753,52
2026-08-01 03:00:00,zone1-bedrooms-heat-call,0,3
2026-08-01 03:00:00,zone5-living-rm-fancoil-heat-call,0,4
2026-08-01 03:15:00,buffer-depth1,4780,29
2026-08-01 03:15:00,buffer-depth2,4787,22
2026-08-01 03:15:00,buffer-depth3,4815,16
2026-08-01 03:15:00,hp-ewt,10761,24
2026-08-01 03:15:00,hp-lwt,9004,42
2026-08-01 03:15:00,secondary-ewt,9538,4
2026-08-01 03:15:00,secondary-flow,738,3
2026-08-01 03:15:00,secondary-lwt,8899,36
2026-08-01 03:15:00,zone1-bedrooms-heat-call,0,3
2026-08-01 03:15:00,zone5-living-rm-fancoil-heat-call,0,3
2026-08-01 03:30:00,buffer-depth1,4786,38
2026-08-01 03:30:00,buffer-depth2,4790,25
2026-08-01 03:30:00,buffer-depth3,4809,19
2026-08-01 03:30:00,hp-ewt,10897,31
2026-08-01 03:30:00,hp-lwt,9160,61
2026-08-01 03:30:00,zone1-bedrooms-heat-call,0,3
2026-08-01 03:30:00,zone5-living-rm-fancoil-heat-call,0,5
2026-08-01 03:45:00,buffer-depth1,4778,37
2026-08-01 03:45:00,buffer-depth2,4793,24
2026-08-01 03:45:00,buffer-depth3,4822,17
2026-08-01 03:45:00,hp-ewt,10517,28
2026-08-01 03:45:00,hp-lwt,8580,66
2026-08-01 03:45:00,zone1-bedrooms-heat-call,0,3
2026-08-01 03:45:00,zone5-living-rm-fancoil-heat-call,0,3
2026-08-01 04:00:00,buffer-depth1,4781,28
2026-08-01 04:00:00,buffer-depth2,4785,18
2026-08-01 04:00:00,buffer-depth3,4814,15
2026-08-01 04:00:00,hp-ewt,10786,20
2026-08-01 04:00:00,hp-lwt,9134,43
2026-08-01 04:00:00,secondary-ewt,9490,3
2026-08-01 04:00:00,secondary-flow,741,3
2026-08-01 04:00:00,secondary-lwt,8972,31
2026-08-01 04:00:00,zone1-bedrooms-heat-call,0,3
2026-08-01 04:00:00,zone5-living-rm-fancoil-heat-call,0,3
2026-08-01 04:15:00,buffer-depth1,4762,33
2026-08-01 04:15:00,buffer-depth2,4776,21
2026-08-01 04:15:00,buffer-depth3,4807,16
2026-08-01 04:15:00,hp-ewt,10748,21
2026-08-01 04:15:00,hp-lwt,9048,46
2026-08-01 04:15:00,secondary-ewt,9477,3
2026-08-01 04:15:00,secondary-flow,739,3
2026-08-01 04:15:00,secondary-lwt,8755,33
2026-08-01 04:15:00,zone1-bedrooms-heat-call,0,3
2026-08-01 04:15:00,zone5-living-rm-fancoil-heat-call,0,3
2026-08-01 04:30:00,buffer-depth1,4846,20
2026-08-01 04:30:00,buffer-depth2,4824,20
2026-08-01 04:30:00,buffer-depth3,4823,19
2026-08-01 04:30:00,hp-ewt,11299,14
2026-08-01 04:30:00,hp-lwt,10630,17
2026-08-01 04:30:00,secondary-ewt,10210,15
2026-08-01 04:30:00,secondary-flow,762,6
2026-08-01 04:30:00,secondary-lwt,10102,19
2026-08-01 04:30:00,zone1-bedrooms-heat-call,0,3
2026-08-01 04:30:00,zone5-living-rm-fancoil-heat-call,1,5
2026-08-01 04:45:00,buffer-depth1,4878,16
2026-08-01 04:45:00,buffer-depth2,4869,16
2026-08-01 04:45:00,buffer-depth3,4881,17
2026-08-01 04:45:00,hp-ewt,11548,13
2026-08-01 04:45:00,hp-lwt,10954,14
2026-08-01 04:45:00,secondary-ewt,9860,4
2026-08-01 04:45:00,secondary-flow,740,4
2026-08-01 04:45:00,secondary-lwt,9916,5
2026-08-01 04:45:00,zone1-bedrooms-heat-call,0,3
2026-08-01 04:45:00,zone5-living-rm-fancoil-heat-call,0,3
2026-08-01 05:00:00,buffer-depth1,4907,18
2026-08-01 05:00:00,buffer-depth2,4896,17
2026-08-01 05:00:00,buffer-depth3,4909,17
2026-08-01 05:00:00,hp-ewt,11620,12
2026-08-01 05:00:00,hp-lwt,10944,13
2026-08-01 05:00:00,secondary-ewt,10070,1
2026-08-01 05:00:00,secondary-flow,741,1
2026-08-01 05:00:00,secondary-lwt,10220,1
2026-08-01 05:00:00,zone1-bedrooms-heat-call,0,3
2026-08-01 05:00:00,zone5-living-rm-fancoil-heat-call,0,3
2026-08-01 05:15:00,buffer-depth1,4938,18
2026-08-01 05:15:00,buffer-depth2,4924,19
2026-08-01 05:15:00,buffer-depth3,4933,18
2026-08-01 05:15:00,hp-ewt,11747,6
2026-08-01 05:15:00,hp-lwt,11173,6
2026-08-01 05:15:00,secondary-ewt,10370,3
2026-08-01 05:15:00,secondary-flow,754,3
2026-08-01 05:15:00,secondary-lwt,10320,4
2026-08-01 05:15:00,zone1-bedrooms-heat-call,0,3
2026-08-01 05:15:00,zone5-living-rm-fancoil-heat-call,0,4
2026-08-01 05:30:00,buffer-depth1,4921,33
2026-08-01 05:30:00,buffer-depth2,4933,28
2026-08-01 05:30:00,buffer-depth3,4957,22
2026-08-01 05:30:00,hp-ewt,11049,19
2026-08-01 05:30:00,hp-lwt,9098,46
2026-08-01 05:30:00,secondary-ewt,10427,7
2026-08-01 05:30:00,secondary-flow,752,5
2026-08-01 05:30:00,secondary-lwt,9400,33
2026-08-01 05:30:00,zone1-bedrooms-heat-call,0,3
2026-08-01 05:30:00,zone5-living-rm-fancoil-heat-call,0,4
2026-08-01 05:45:00,buffer-depth1,4807,37
2026-08-01 05:45:00,buffer-depth2,4836,26
2026-08-01 05:45:00,buffer-depth3,4892,19
2026-08-01 05:45:00,hp-ewt,10636,21
2026-08-01 05:45:00,hp-lwt,8589,48
2026-08-01 05:45:00,secondary-ewt,9856,5
2026-08-01 05:45:00,secondary-flow,740,3
2026-08-01 05:45:00,secondary-lwt,8921,37
2026-08-01 05:45:00,zone1-bedrooms-heat-call,0,3
2026-08-01 05:45:00,zone5-living-rm-fancoil-heat-call,0,3
2026-08-01 06:00:00,buffer-depth1,4772,29
2026-08-01 06:00:00,buffer-depth2,4783,23
2026-08-01 06:00:00,buffer-depth3,4820,17
2026-08-01 06:00:00,hp-ewt,10550,22
2026-08-01 06:00:00,hp-lwt,8682,44
2026-08-01 06:00:00,secondary-ewt,9500,1
2026-08-01 06:00:00,secondary-flow,740,1
2026-08-01 06:00:00,secondary-lwt,9570,2
2026-08-01 06:00:00,zone1-bedrooms-heat-call,0,3
2026-08-01 06:00:00,zone5-living-rm-fancoil-heat-call,0,5
2026-08-01 06:15:00,buffer-depth1,4791,26
2026-08-01 06:15:00,buffer-depth2,4789,23
2026-08-01 06:15:00,buffer-depth3,4808,18
2026-08-01 06:15:00,hp-ewt,10289,22
2026-08-01 06:15:00,hp-lwt,9053,42
2026-08-01 06:15:00,zone1-bedrooms-heat-call,0,3
2026-08-01 06:15:00,zone5-living-rm-fancoil-heat-call,0,3
2026-08-01 06:30:00,buffer-depth1,4862,23
2026-08-01 06:30:00,buffer-depth2,4840,19
2026-08-01 06:30:00,buffer-depth3,4828,17
2026-08-01 06:30:00,hp-ewt,10692,6
2026-08-01 06:30:00,hp-lwt,10262,6
2026-08-01 06:30:00,zone1-bedrooms-heat-call,0,3
2026-08-01 06:30:00,zone5-living-rm-fancoil-heat-call,0,4
2026-08-01 06:45:00,buffer-depth1,4822,34
2026-08-01 06:45:00,buffer-depth2,4838,27
2026-08-01 06:45:00,buffer-depth3,4850,20
2026-08-01 06:45:00,hp-ewt,10061,17
2026-08-01 06:45:00,hp-lwt,8359,44
2026-08-01 06:45:00,zone1-bedrooms-heat-call,0,3
2026-08-01 06:45:00,zone5-living-rm-fancoil-heat-call,1,4
2026-08-01 07:00:00,buffer-depth1,4769,44
2026-08-01 07:00:00,buffer-depth2,4787,19
2026-08-01 07:00:00,buffer-depth3,4815,15
2026-08-01 07:00:00,hp-ewt,9903,28
2026-08-01 07:00:00,hp-lwt,8425,77
2026-08-01 07:00:00,secondary-ewt,9470,2
2026-08-01 07:00:00,secondary-flow,739,2
2026-08-01 07:00:00,secondary-lwt,8720,33
2026-08-01 07:00:00,zone1-bedrooms-heat-call,0,3
2026-08-01 07:00:00,zone5-living-rm-fancoil-heat-call,0,3
2026-08-01 07:15:00,buffer-depth1,4784,35
2026-08-01 07:15:00,buffer-depth2,4780,24
2026-08-01 07:15:00,buffer-depth3,4798,17
2026-08-01 07:15:00,hp-ewt,9959,18
2026-08-01 07:15:00,hp-lwt,8480,45
2026-08-01 07:15:00,secondary-ewt,9904,18
2026-08-01 07:15:00,secondary-flow,762,8
2026-08-01 07:15:00,secondary-lwt,9067,45
2026-08-01 07:15:00,zone1-bedrooms-heat-call,0,3
2026-08-01 07:15:00,zone5-living-rm-fancoil-heat-call,1,5
2026-08-01 07:30:00,buffer-depth1,4758,47
2026-08-01 07:30:00,buffer-depth2,4769,24
2026-08-01 07:30:00,buffer-depth3,4794,16
2026-08-01 07:30:00,hp-ewt,9866,28
2026-08-01 07:30:00,hp-lwt,8535,84
2026-08-01 07:30:00,secondary-ewt,9370,1
2026-08-01 07:30:00,secondary-flow,739,1
2026-08-01 07:30:00,secondary-lwt,8753,33
2026-08-01 07:30:00,zone1-bedrooms-heat-call,0,3
2026-08-01 07:30:00,zone5-living-rm-fancoil-heat-call,0,3
2026-08-01 07:45:00,buffer-depth1,4763,37
2026-08-01 07:45:00,buffer-depth2,4764,27
2026-08-01 07:45:00,buffer-depth3,4777,18
2026-08-01 07:45:00,hp-ewt,9879,19
2026-08-01 07:45:00,hp-lwt,8811,56
2026-08-01 07:45:00,secondary-ewt,10003,13
2026-08-01 07:45:00,secondary-flow,760,5
2026-08-01 07:45:00,secondary-lwt,8987,49
2026-08-01 07:45:00,zone1-bedrooms-heat-call,0,3
2026-08-01 07:45:00,zone5-living-rm-fancoil-heat-call,1,4
2026-08-01 08:00:00,buffer-depth1,4762,38
2026-08-01 08:00:00,buffer-depth2,4768,21
2026-08-01 08:00:00,buffer-depth3,4784,17
2026-08-01 08:00:00,hp-ewt,9838,16
2026-08-01 08:00:00,hp-lwt,8332,46
2026-08-01 08:00:00,secondary-ewt,9543,6
2026-08-01 08:00:00,secondary-flow,753,5
2026-08-01 08:00:00,secondary-lwt,8573,55
2026-08-01 08:00:00,zone1-bedrooms-heat-call,0,3
2026-08-01 08:00:00,zone5-living-rm-fancoil-heat-call,0,4
2026-08-01 08:15:00,buffer-depth1,4747,42
2026-08-01 08:15:00,buffer-depth2,4754,25
2026-08-01 08:15:00,buffer-depth3,4775,16
2026-08-01 08:15:00,hp-ewt,9806,10
2026-08-01 08:15:00,hp-lwt,8313,31
2026-08-01 08:15:00,secondary-ewt,9298,4
2026-08-01 08:15:00,secondary-flow,740,4
2026-08-01 08:15:00,secondary-lwt,8700,54
2026-08-01 08:15:00,zone1-bedrooms-heat-call,0,3
2026-08-01 08:15:00,zone5-living-rm-fancoil-heat-call,0,3
2026-08-01 08:30:00,buffer-depth1,4738,36
2026-08-01 08:30:00,buffer-depth2,4734,25
2026-08-01 08:30:00,buffer-depth3,4761,15
2026-08-01 08:30:00,hp-ewt,10110,24
2026-08-01 08:30:00,hp-lwt,8746,54
2026-08-01 08:30:00,secondary-ewt,9814,11
2026-08-01 08:30:00,secondary-flow,754,4
2026-08-01 08:30:00,secondary-lwt,8644,36
2026-08-01 08:30:00,zone1-bedrooms-heat-call,0,3
2026-08-01 08:30:00,zone5-living-rm-fancoil-heat-call,1,4
2026-08-01 08:45:00,buffer-depth1,4739,50
2026-08-01 08:45:00,buffer-depth2,4755,24
2026-08-01 08:45:00,buffer-depth3,4764,18
2026-08-01 08:45:00,hp-ewt,10221,29
2026-08-01 08:45:00,hp-lwt,8546,89
2026-08-01 08:45:00,secondary-ewt,9265,2
2026-08-01 08:45:00,secondary-flow,741,2
2026-08-01 08:45:00,secondary-lwt,8652,32
2026-08-01 08:45:00,zone1-bedrooms-heat-call,0,3
2026-08-01 08:45:00,zone5-living-rm-fancoil-heat-call,0,4
2026-08-01 09:00:00,buffer-depth1,4738,35
2026-08-01 09:00:00,buffer-depth2,4742,22
2026-08-01 09:00:00,buffer-depth3,4760,16
2026-08-01 09:00:00,hp-ewt,10422,25
2026-08-01 09:00:00,hp-lwt,9113,66
2026-08-01 09:00:00,secondary-ewt,9275,2
2026-08-01 09:00:00,secondary-flow,753,6
2026-08-01 09:00:00,secondary-lwt,8809,37
2026-08-01 09:00:00,zone1-bedrooms-heat-call,0,3
2026-08-01 09:00:00,zone5-living-rm-fancoil-heat-call,0,3
2026-08-01 09:15:00,buffer-depth1,4750,49
2026-08-01 09:15:00,buffer-depth2,4754,30
2026-08-01 09:15:00,buffer-depth3,4761,18
2026-08-01 09:15:00,hp-ewt,10322,35
2026-08-01 09:15:00,hp-lwt,8471,83
2026-08-01 09:15:00,secondary-ewt,9623,6
2026-08-01 09:15:00,secondary-flow,768,4
2026-08-01 09:15:00,secondary-lwt,8669,28
2026-08-01 09:15:00,zone1-bedrooms-heat-call,0,3
2026-08-01 09:15:00,zone5-living-rm-fancoil-heat-call,1,5
2026-08-01 09:30:00,buffer-depth1,4736,46
2026-08-01 09:30:00,buffer-depth2,4746,27
2026-08-01 09:30:00,buffer-depth3,4774,17
2026-08-01 09:30:00,hp-ewt,10304,30
2026-08-01 09:30:00,hp-lwt,8547,97
2026-08-01 09:30:00,secondary-ewt,9302,5
2026-08-01 09:30:00,secondary-flow,740,4
2026-08-01 09:30:00,secondary-lwt,8852,75
2026-08-01 09:30:00,zone1-bedrooms-heat-call,0,3
2026-08-01 09:30:00,zone5-living-rm-fancoil-heat-call,0,3
2026-08-01 09:45:00,buffer-depth1,4736,42
2026-08-01 09:45:00,buffer-depth2,4734,23
2026-08-01 09:45:00,buffer-depth3,4760,16
2026-08-01 09:45:00,hp-ewt,10461,25
2026-08-01 09:45:00,hp-lwt,9078,67
2026-08-01 09:45:00,secondary-ewt,9230,3
2026-08-01 09:45:00,secondary-flow,741,3
2026-08-01 09:45:00,secondary-lwt,9149,55
2026-08-01 09:45:00,zone1-bedrooms-heat-call,0,3
2026-08-01 09:45:00,zone5-living-rm-fancoil-heat-call,0,3
2026-08-01 10:00:00,buffer-depth1,4732,48
2026-08-01 10:00:00,buffer-depth2,4732,28
2026-08-01 10:00:00,buffer-depth3,4752,16
2026-08-01 10:00:00,hp-ewt,10356,32
2026-08-01 10:00:00,hp-lwt,8582,85
2026-08-01 10:00:00,secondary-ewt,9752,19
2026-08-01 10:00:00,secondary-flow,758,6
2026-08-01 10:00:00,secondary-lwt,9003,45
2026-08-01 10:00:00,zone1-bedrooms-heat-call,0,3
2026-08-01 10:00:00,zone5-living-rm-fancoil-heat-call,1,4
2026-08-01 10:15:00,buffer-depth1,4732,45
2026-08-01 10:15:00,buffer-depth2,4738,23
2026-08-01 10:15:00,buffer-depth3,4764,18
2026-08-01 10:15:00,hp-ewt,10371,31
2026-08-01 10:15:00,hp-lwt,8655,81
2026-08-01 10:15:00,secondary-ewt,9185,2
2026-08-01 10:15:00,secondary-flow,739,2
2026-08-01 10:15:00,secondary-lwt,8949,22
2026-08-01 10:15:00,zone1-bedrooms-heat-call,0,3
2026-08-01 10:15:00,zone5-living-rm-fancoil-heat-call,0,3
2026-08-01 10:30:00,buffer-depth1,4718,45
2026-08-01 10:30:00,buffer-depth2,4719,28
2026-08-01 10:30:00,buffer-depth3,4751,16
2026-08-01 10:30:00,hp-ewt,10428,26
2026-08-01 10:30:00,hp-lwt,8745,72
2026-08-01 10:30:00,secondary-ewt,9748,20
2026-08-01 10:30:00,secondary-flow,759,5
2026-08-01 10:30:00,secondary-lwt,9006,60
2026-08-01 10:30:00,zone1-bedrooms-heat-call,0,3
2026-08-01 10:30:00,zone5-living-rm-fancoil-heat-call,1,4
2026-08-01 10:45:00,buffer-depth1,4742,40
2026-08-01 10:45:00,buffer-depth2,4738,25
2026-08-01 10:45:00,buffer-depth3,4756,20
2026-08-01 10:45:00,hp-ewt,10397,33
2026-08-01 10:45:00,hp-lwt,8749,90
2026-08-01 10:45:00,secondary-ewt,9290,2
2026-08-01 10:45:00,secondary-flow,739,2
2026-08-01 10:45:00,secondary-lwt,8119,14
2026-08-01 10:45:00,zone1-bedrooms-heat-call,0,3
2026-08-01 10:45:00,zone5-living-rm-fancoil-heat-call,0,4
2026-08-01 11:00:00,buffer-depth1,4729,41
2026-08-01 11:00:00,buffer-depth2,4725,24
2026-08-01 11:00:00,buffer-depth3,4751,17
2026-08-01 11:00:00,hp-ewt,10527,25
2026-08-01 11:00:00,hp-lwt,9117,66
2026-08-01 11:00:00,secondary-ewt,9110,1
2026-08-01 11:00:00,secondary-flow,739,1
2026-08-01 11:00:00,secondary-lwt,9766,8
2026-08-01 11:00:00,zone1-bedrooms-heat-call,0,3
2026-08-01 11:00:00,zone5-living-rm-fancoil-heat-call,0,3
2026-08-01 11:15:00,buffer-depth1,4728,50
2026-08-01 11:15:00,buffer-depth2,4723,28
2026-08-01 11:15:00,buffer-depth3,4746,15
2026-08-01 11:15:00,hp-ewt,10429,39
2026-08-01 11:15:00,hp-lwt,8545,93
2026-08-01 11:15:00,secondary-ewt,10031,40
2026-08-01 11:15:00,secondary-flow,772,11
2026-08-01 11:15:00,secondary-lwt,8966,71
2026-08-01 11:15:00,zone1-bedrooms-heat-call,0,3
2026-08-01 11:15:00,zone5-living-rm-fancoil-heat-call,1,5
2026-08-01 11:30:00,buffer-depth1,4721,48
2026-08-01 11:30:00,buffer-depth2,4731,27
2026-08-01 11:30:00,buffer-depth3,4755,15
2026-08-01 11:30:00,hp-ewt,10396,34
2026-08-01 11:30:00,hp-lwt,8595,96
2026-08-01 11:30:00,secondary-ewt,9207,3
2026-08-01 11:30:00,secondary-flow,740,3
2026-08-01 11:30:00,secondary-lwt,8792,69
2026-08-01 11:30:00,zone1-bedrooms-heat-call,0,3
2026-08-01 11:30:00,zone5-living-rm-fancoil-heat-call,0,3
2026-08-01 11:45:00,buffer-depth1,4740,42
2026-08-01 11:45:00,buffer-depth2,4734,26
2026-08-01 11:45:00,buffer-depth3,4750,16
2026-08-01 11:45:00,hp-ewt,10614,29
2026-08-01 11:45:00,hp-lwt,9028,84
2026-08-01 11:45:00,secondary-ewt,9899,16
2026-08-01 11:45:00,secondary-flow,758,5
2026-08-01 11:45:00,secondary-lwt,9222,62
2026-08-01 11:45:00,zone1-bedrooms-heat-call,0,3
2026-08-01 11:45:00,zone5-living-rm-fancoil-heat-call,1,4
2026-08-01 12:00:00,buffer-depth1,4732,48
2026-08-01 12:00:00,buffer-depth2,4742,28
2026-08-01 12:00:00,buffer-depth3,4760,17
2026-08-01 12:00:00,hp-ewt,10307,30
2026-08-01 12:00:00,hp-lwt,8583,80
2026-08-01 12:00:00,secondary-ewt,9350,5
2026-08-01 12:00:00,secondary-flow,750,5
2026-08-01 12:00:00,secondary-lwt,8781,61
2026-08-01 12:00:00,zone1-bedrooms-heat-call,0,3
2026-08-01 12:00:00,zone5-living-rm-fancoil-heat-call,0,4
2026-08-01 12:15:00,buffer-depth1,4744,41
2026-08-01 12:15:00,buffer-depth2,4751,23
2026-08-01 12:15:00,buffer-depth3,4767,15
2026-08-01 12:15:00,hp-ewt,10551,33
2026-08-01 12:15:00,hp-lwt,8735,89
2026-08-01 12:15:00,secondary-ewt,9965,13
2026-08-01 12:15:00,secondary-flow,756,3
2026-08-01 12:15:00,secondary-lwt,8739,23
2026-08-01 12:15:00,zone1-bedrooms-heat-call,0,3
2026-08-01 12:15:00,zone5-living-rm-fancoil-heat-call,0,3
2026-08-01 12:30:00,buffer-depth1,4750,43
2026-08-01 12:30:00,buffer-depth2,4745,30
2026-08-01 12:30:00,buffer-depth3,4774,21
2026-08-01 12:30:00,hp-ewt,10669,27
2026-08-01 12:30:00,hp-lwt,8871,58
2026-08-01 12:30:00,secondary-ewt,9612,13
2026-08-01 12:30:00,secondary-flow,768,5
2026-08-01 12:30:00,secondary-lwt,9117,38
2026-08-01 12:30:00,zone1-bedrooms-heat-call,0,3
2026-08-01 12:30:00,zone5-living-rm-fancoil-heat-call,1,5
2026-08-01 12:45:00,buffer-depth1,4727,44
2026-08-01 12:45:00,buffer-depth2,4731,23
2026-08-01 12:45:00,buffer-depth3,4768,18
2026-08-01 12:45:00,hp-ewt,10447,34
2026-08-01 12:45:00,hp-lwt,8582,93
2026-08-01 12:45:00,secondary-ewt,9277,3
2026-08-01 12:45:00,secondary-flow,740,3
2026-08-01 12:45:00,secondary-lwt,9012,51
2026-08-01 12:45:00,zone1-bedrooms-heat-call,0,3
2026-08-01 12:45:00,zone5-living-rm-fancoil-heat-call,0,3
2026-08-01 13:00:00,buffer-depth1,4752,43
2026-08-01 13:00:00,buffer-depth2,4738,26
2026-08-01 13:00:00,buffer-depth3,4760,18
2026-08-01 13:00:00,hp-ewt,10691,28
2026-08-01 13:00:00,hp-lwt,9070,76
2026-08-01 13:00:00,secondary-ewt,9970,1
2026-08-01 13:00:00,secondary-flow,781,1
2026-08-01 13:00:00,secondary-lwt,10727,3
2026-08-01 13:00:00,zone1-bedrooms-heat-call,0,3
2026-08-01 13:00:00,zone5-living-rm-fancoil-heat-call,1,4
2026-08-01 13:15:00,buffer-depth1,4754,37
2026-08-01 13:15:00,buffer-depth2,4757,22
2026-08-01 13:15:00,buffer-depth3,4770,18
2026-08-01 13:15:00,hp-ewt,10272,29
2026-08-01 13:15:00,hp-lwt,8523,71
2026-08-01 13:15:00,secondary-ewt,9370,2
2026-08-01 13:15:00,secondary-flow,739,2
2026-08-01 13:15:00,secondary-lwt,8582,12
2026-08-01 13:15:00,zone1-bedrooms-heat-call,0,3
2026-08-01 13:15:00,zone5-living-rm-fancoil-heat-call,0,4
2026-08-01 13:30:00,buffer-depth1,4756,43
2026-08-01 13:30:00,buffer-depth2,4752,25
2026-08-01 13:30:00,buffer-depth3,4768,18
2026-08-01 13:30:00,hp-ewt,10694,28
2026-08-01 13:30:00,hp-lwt,8842,78
2026-08-01 13:30:00,secondary-ewt,9900,4
2026-08-01 13:30:00,secondary-flow,781,2
2026-08-01 13:30:00,secondary-lwt,9786,25
2026-08-01 13:30:00,zone1-bedrooms-heat-call,0,3
2026-08-01 13:30:00,zone5-living-rm-fancoil-heat-call,1,4
2026-08-01 13:45:00,buffer-depth1,4755,41
2026-08-01 13:45:00,buffer-depth2,4756,26
2026-08-01 13:45:00,buffer-depth3,4778,19
2026-08-01 13:45:00,hp-ewt,10376,21
2026-08-01 13:45:00,hp-lwt,8559,57
2026-08-01 13:45:00,secondary-ewt,9843,14
2026-08-01 13:45:00,secondary-flow,765,8
2026-08-01 13:45:00,secondary-lwt,8880,42
2026-08-01 13:45:00,zone1-bedrooms-heat-call,0,3
2026-08-01 13:45:00,zone5-living-rm-fancoil-heat-call,0,4
2026-08-01 14:00:00,buffer-depth1,4762,40
2026-08-01 14:00:00,buffer-depth2,4756,27
2026-08-01 14:00:00,buffer-depth3,4774,20
2026-08-01 14:00:00,hp-ewt,10986,14
2026-08-01 14:00:00,hp-lwt,9042,27
2026-08-01 14:00:00,secondary-ewt,9598,5
2026-08-01 14:00:00,secondary-flow,753,3
2026-08-01 14:00:00,secondary-lwt,9118,17
2026-08-01 14:00:00,zone1-bedrooms-heat-call,0,3
2026-08-01 14:00:00,zone5-living-rm-fancoil-heat-call,1,5
2026-08-01 14:15:00,buffer-depth1,4751,45
2026-08-01 14:15:00,buffer-depth2,4754,29
2026-08-01 14:15:00,buffer-depth3,4776,17
2026-08-01 14:15:00,hp-ewt,10378,29
2026-08-01 14:15:00,hp-lwt,8783,77
2026-08-01 14:15:00,secondary-ewt,9828,8
2026-08-01 14:15:00,secondary-flow,751,5
2026-08-01 14:15:00,secondary-lwt,9034,61
2026-08-01 14:15:00,zone1-bedrooms-heat-call,0,3
2026-08-01 14:15:00,zone5-living-rm-fancoil-heat-call,0,4
2026-08-01 14:30:00,buffer-depth1,4779,49
2026-08-01 14:30:00,buffer-depth2,4776,27
2026-08-01 14:30:00,buffer-depth3,4783,17
2026-08-01 14:30:00,hp-ewt,10676,36
2026-08-01 14:30:00,hp-lwt,8550,91
2026-08-01 14:30:00,secondary-ewt,10165,24
2026-08-01 14:30:00,secondary-flow,779,5
2026-08-01 14:30:00,secondary-lwt,9175,74
2026-08-01 14:30:00,zone1-bedrooms-heat-call,0,3
2026-08-01 14:30:00,zone5-living-rm-fancoil-heat-call,1,4
2026-08-01 14:45:00,buffer-depth1,4767,47
2026-08-01 14:45:00,buffer-depth2,4763,27
2026-08-01 14:45:00,buffer-depth3,4790,19
2026-08-01 14:45:00,hp-ewt,10798,29
2026-08-01 14:45:00,hp-lwt,9348,72
2026-08-01 14:45:00,secondary-ewt,10082,12
2026-08-01 14:45:00,secondary-flow,750,5
2026-08-01 14:45:00,secondary-lwt,9437,55
2026-08-01 14:45:00,zone1-bedrooms-heat-call,0,3
2026-08-01 14:45:00,zone5-living-rm-fancoil-heat-call,0,4
2026-08-01 15:00:00,buffer-depth1,4772,39
2026-08-01 15:00:00,buffer-depth2,4781,28
2026-08-01 15:00:00,buffer-depth3,4791,17
2026-08-01 15:00:00,hp-ewt,10559,34
2026-08-01 15:00:00,hp-lwt,8345,87
2026-08-01 15:00:00,secondary-ewt,9460,1
2026-08-01 15:00:00,secondary-flow,741,1
2026-08-01 15:00:00,secondary-lwt,10030,5
2026-08-01 15:00:00,zone1-bedrooms-heat-call,0,3
2026-08-01 15:00:00,zone5-living-rm-fancoil-heat-call,1,4
2026-08-01 15:15:00,buffer-depth1,4770,43
2026-08-01 15:15:00,buffer-depth2,4773,29
2026-08-01 15:15:00,buffer-depth3,4791,19
2026-08-01 15:15:00,hp-ewt,10728,29
2026-08-01 15:15:00,hp-lwt,9056,75
2026-08-01 15:15:00,secondary-ewt,10131,15
2026-08-01 15:15:00,secondary-flow,760,6
2026-08-01 15:15:00,secondary-lwt,9416,57
2026-08-01 15:15:00,zone1-bedrooms-heat-call,0,3
2026-08-01 15:15:00,zone5-living-rm-fancoil-heat-call,1,4
2026-08-01 15:30:00,buffer-depth1,4762,44
2026-08-01 15:30:00,buffer-depth2,4776,28
2026-08-01 15:30:00,buffer-depth3,4791,16
2026-08-01 15:30:00,hp-ewt,10484,32
2026-08-01 15:30:00,hp-lwt,8497,81
2026-08-01 15:30:00,secondary-ewt,9874,16
2026-08-01 15:30:00,secondary-flow,778,8
2026-08-01 15:30:00,secondary-lwt,8974,62
2026-08-01 15:30:00,zone1-bedrooms-heat-call,0,3
2026-08-01 15:30:00,zone5-living-rm-fancoil-heat-call,0,4
2026-08-01 15:45:00,buffer-depth1,4777,44
2026-08-01 15:45:00,buffer-depth2,4780,27
2026-08-01 15:45:00,buffer-depth3,4792,16
2026-08-01 15:45:00,hp-ewt,10709,34
2026-08-01 15:45:00,hp-lwt,8979,82
2026-08-01 15:45:00,secondary-ewt,10043,15
2026-08-01 15:45:00,secondary-flow,759,5
2026-08-01 15:45:00,secondary-lwt,9234,59
2026-08-01 15:45:00,zone1-bedrooms-heat-call,0,3
2026-08-01 15:45:00,zone5-living-rm-fancoil-heat-call,1,4
2026-08-01 16:00:00,buffer-depth1,4759,36
2026-08-01 16:00:00,buffer-depth2,4770,28
2026-08-01 16:00:00,buffer-depth3,4796,20
2026-08-01 16:00:00,hp-ewt,10422,28
2026-08-01 16:00:00,hp-lwt,8635,75
2026-08-01 16:00:00,zone1-bedrooms-heat-call,0,3
2026-08-01 16:00:00,zone5-living-rm-fancoil-heat-call,0,4
2026-08-01 16:15:00,buffer-depth1,4767,39
2026-08-01 16:15:00,buffer-depth2,4771,24
2026-08-01 16:15:00,buffer-depth3,4791,17
2026-08-01 16:15:00,hp-ewt,10669,29
2026-08-01 16:15:00,hp-lwt,8531,75
2026-08-01 16:15:00,zone1-bedrooms-heat-call,0,3
2026-08-01 16:15:00,zone5-living-rm-fancoil-heat-call,1,4
2026-08-01 16:30:00,buffer-depth1,4771,47
2026-08-01 16:30:00,buffer-depth2,4776,26
2026-08-01 16:30:00,buffer-depth3,4785,15
2026-08-01 16:30:00,hp-ewt,10224,34
2026-08-01 16:30:00,hp-lwt,8378,77
2026-08-01 16:30:00,zone1-bedrooms-heat-call,0,3
2026-08-01 16:30:00,zone5-living-rm-fancoil-heat-call,1,3
2026-08-01 16:45:00,buffer-depth1,4783,46
2026-08-01 16:45:00,buffer-depth2,4795,28
2026-08-01 16:45:00,buffer-depth3,4796,16
2026-08-01 16:45:00,hp-ewt,10045,37
2026-08-01 16:45:00,hp-lwt,8163,91
2026-08-01 16:45:00,zone1-bedrooms-heat-call,0,3
2026-08-01 16:45:00,zone5-living-rm-fancoil-heat-call,1,4
2026-08-01 17:00:00,buffer-depth1,4771,37
2026-08-01 17:00:00,buffer-depth2,4776,24
2026-08-01 17:00:00,buffer-depth3,4795,17
2026-08-01 17:00:00,hp-ewt,10112,24
2026-08-01 17:00:00,hp-lwt,8379,56
2026-08-01 17:00:00,zone1-bedrooms-heat-call,0,3
2026-08-01 17:00:00,zone5-living-rm-fancoil-heat-call,1,4
2026-08-01 17:15:00,buffer-depth1,4780,49
2026-08-01 17:15:00,buffer-depth2,4792,28
2026-08-01 17:15:00,buffer-depth3,4786,15
2026-08-01 17:15:00,hp-ewt,10003,38
2026-08-01 17:15:00,hp-lwt,8216,94
2026-08-01 17:15:00,zone1-bedrooms-heat-call,0,3
2026-08-01 17:15:00,zone5-living-rm-fancoil-heat-call,1,4
2026-08-01 17:30:00,buffer-depth1,4771,37
2026-08-01 17:30:00,buffer-depth2,4768,25
2026-08-01 17:30:00,buffer-depth3,4784,16
2026-08-01 17:30:00,hp-ewt,10127,26
2026-08-01 17:30:00,hp-lwt,8511,70
2026-08-01 17:30:00,zone1-bedrooms-heat-call,0,3
2026-08-01 17:30:00,zone5-living-rm-fancoil-heat-call,1,4
2026-08-01 17:45:00,buffer-depth1,4770,49
2026-08-01 17:45:00,buffer-depth2,4778,29
2026-08-01 17:45:00,buffer-depth3,4778,18
2026-08-01 17:45:00,hp-ewt,9913,32
2026-08-01 17:45:00,hp-lwt,8116,80
2026-08-01 17:45:00,zone1-bedrooms-heat-call,0,3
2026-08-01 17:45:00,zone5-living-rm-fancoil-heat-call,1,4
2026-08-01 18:00:00,buffer-depth1,4778,45
2026-08-01 18:00:00,buffer-depth2,4777,24
2026-08-01 18:00:00,buffer-depth3,4783,16
2026-08-01 18:00:00,hp-ewt,10024,28
2026-08-01 18:00:00,hp-lwt,8356,80
2026-08-01 18:00:00,secondary-ewt,10037,25
2026-08-01 18:00:00,secondary-flow,778,6
2026-08-01 18:00:00,secondary-lwt,9022,59
2026-08-01 18:00:00,zone1-bedrooms-heat-call,0,3
2026-08-01 18:00:00,zone5-living-rm-fancoil-heat-call,1,4
2026-08-01 18:15:00,buffer-depth1,4771,44
2026-08-01 18:15:00,buffer-depth2,4782,29
2026-08-01 18:15:00,buffer-depth3,4786,18
2026-08-01 18:15:00,hp-ewt,9875,28
2026-08-01 18:15:00,hp-lwt,8208,73
2026-08-01 18:15:00,secondary-ewt,9647,9
2026-08-01 18:15:00,secondary-flow,768,6
2026-08-01 18:15:00,secondary-lwt,8739,54
2026-08-01 18:15:00,zone1-bedrooms-heat-call,0,3
2026-08-01 18:15:00,zone5-living-rm-fancoil-heat-call,1,4
2026-08-01 18:30:00,buffer-depth1,4783,40
2026-08-01 18:30:00,buffer-depth2,4779,24
2026-08-01 18:30:00,buffer-depth3,4789,15
2026-08-01 18:30:00,hp-ewt,9942,32
2026-08-01 18:30:00,hp-lwt,8139,88
2026-08-01 18:30:00,secondary-ewt,10045,25
2026-08-01 18:30:00,secondary-flow,778,8
2026-08-01 18:30:00,secondary-lwt,8871,63
2026-08-01 18:30:00,zone1-bedrooms-heat-call,0,5
2026-08-01 18:30:00,zone5-living-rm-fancoil-heat-call,1,4
2026-08-01 18:45:00,buffer-depth1,4781,40
2026-08-01 18:45:00,buffer-depth2,4783,24
2026-08-01 18:45:00,buffer-depth3,4793,16
2026-08-01 18:45:00,hp-ewt,9890,25
2026-08-01 18:45:00,hp-lwt,8701,74
2026-08-01 18:45:00,secondary-ewt,9583,7
2026-08-01 18:45:00,secondary-flow,739,4
2026-08-01 18:45:00,secondary-lwt,9080,63
2026-08-01 18:45:00,zone1-bedrooms-heat-call,0,3
2026-08-01 18:45:00,zone5-living-rm-fancoil-heat-call,0,4
2026-08-01 19:00:00,buffer-depth1,4765,49
2026-08-01 19:00:00,buffer-depth2,4770,31
2026-08-01 19:00:00,buffer-depth3,4785,16
2026-08-01 19:00:00,hp-ewt,9933,37
2026-08-01 19:00:00,hp-lwt,8231,87
2026-08-01 19:00:00,secondary-ewt,10248,18
2026-08-01 19:00:00,secondary-flow,788,5
2026-08-01 19:00:00,secondary-lwt,8661,27
2026-08-01 19:00:00,zone1-bedrooms-heat-call,0,5
2026-08-01 19:00:00,zone5-living-rm-fancoil-heat-call,1,4
2026-08-01 19:15:00,buffer-depth1,4769,32
2026-08-01 19:15:00,buffer-depth2,4771,22
2026-08-01 19:15:00,buffer-depth3,4779,18
2026-08-01 19:15:00,hp-ewt,9729,20
2026-08-01 19:15:00,hp-lwt,8197,64
2026-08-01 19:15:00,secondary-ewt,9924,8
2026-08-01 19:15:00,secondary-flow,753,4
2026-08-01 19:15:00,secondary-lwt,8761,33
2026-08-01 19:15:00,zone1-bedrooms-heat-call,0,3
2026-08-01 19:15:00,zone5-living-rm-fancoil-heat-call,0,5
2026-08-01 19:30:00,buffer-depth1,4771,40
2026-08-01 19:30:00,buffer-depth2,4770,26
2026-08-01 19:30:00,buffer-depth3,4776,16
2026-08-01 19:30:00,hp-ewt,10078,29
2026-08-01 19:30:00,hp-lwt,8555,66
2026-08-01 19:30:00,secondary-ewt,10365,11
2026-08-01 19:30:00,secondary-flow,791,2
2026-08-01 19:30:00,secondary-lwt,9591,15
2026-08-01 19:30:00,zone1-bedrooms-heat-call,0,3
2026-08-01 19:30:00,zone5-living-rm-fancoil-heat-call,1,6
2026-08-01 19:45:00,buffer-depth1,4747,41
2026-08-01 19:45:00,buffer-depth2,4759,27
2026-08-01 19:45:00,buffer-depth3,4785,19
2026-08-01 19:45:00,hp-ewt,10061,26
2026-08-01 19:45:00,hp-lwt,8171,79
2026-08-01 19:45:00,secondary-ewt,9907,17
2026-08-01 19:45:00,secondary-flow,756,6
2026-08-01 19:45:00,secondary-lwt,8516,48
2026-08-01 19:45:00,zone1-bedrooms-heat-call,0,3
2026-08-01 19:45:00,zone5-living-rm-fancoil-heat-call,0,4
2026-08-01 20:00:00,buffer-depth1,4749,40
2026-08-01 20:00:00,buffer-depth2,4749,26
2026-08-01 20:00:00,buffer-depth3,4768,16
2026-08-01 20:00:00,hp-ewt,10371,28
2026-08-01 20:00:00,hp-lwt,8368,56
2026-08-01 20:00:00,secondary-ewt,10027,18
2026-08-01 20:00:00,secondary-flow,793,5
2026-08-01 20:00:00,secondary-lwt,9162,45
2026-08-01 20:00:00,zone1-bedrooms-heat-call,0,5
2026-08-01 20:00:00,zone5-living-rm-fancoil-heat-call,1,4
2026-08-01 20:15:00,buffer-depth1,4745,44
2026-08-01 20:15:00,buffer-depth2,4752,23
2026-08-01 20:15:00,buffer-depth3,4768,15
2026-08-01 20:15:00,hp-ewt,10145,30
2026-08-01 20:15:00,hp-lwt,8165,85
2026-08-01 20:15:00,secondary-ewt,9775,15
2026-08-01 20:15:00,secondary-flow,765,9
2026-08-01 20:15:00,secondary-lwt,8805,65
2026-08-01 20:15:00,zone1-bedrooms-heat-call,0,3
2026-08-01 20:15:00,zone5-living-rm-fancoil-heat-call,1,4
2026-08-01 20:30:00,buffer-depth1,4764,41
2026-08-01 20:30:00,buffer-depth2,4759,26
2026-08-01 20:30:00,buffer-depth3,4774,15
2026-08-01 20:30:00,hp-ewt,10568,31
2026-08-01 20:30:00,hp-lwt,8954,76
2026-08-01 20:30:00,secondary-ewt,9879,19
2026-08-01 20:30:00,secondary-flow,769,6
2026-08-01 20:30:00,secondary-lwt,9344,57
2026-08-01 20:30:00,zone1-bedrooms-heat-call,0,3
2026-08-01 20:30:00,zone5-living-rm-fancoil-heat-call,1,4
2026-08-01 20:45:00,buffer-depth1,4755,50
2026-08-01 20:45:00,buffer-depth2,4771,31
2026-08-01 20:45:00,buffer-depth3,4785,16
2026-08-01 20:45:00,hp-ewt,10257,35
2026-08-01 20:45:00,hp-lwt,8155,89
2026-08-01 20:45:00,secondary-ewt,9828,19
2026-08-01 20:45:00,secondary-flow,766,7
2026-08-01 20:45:00,secondary-lwt,8937,70
2026-08-01 20:45:00,zone1-bedrooms-heat-call,0,3
2026-08-01 20:45:00,zone5-living-rm-fancoil-heat-call,1,4
2026-08-01 21:00:00,buffer-depth1,4764,38
2026-08-01 21:00:00,buffer-depth2,4761,23
2026-08-01 21:00:00,buffer-depth3,4777,15
2026-08-01 21:00:00,hp-ewt,10448,26
2026-08-01 21:00:00,hp-lwt,8592,67
2026-08-01 21:00:00,secondary-ewt,9583,8
2026-08-01 21:00:00,secondary-flow,746,5
2026-08-01 21:00:00,secondary-lwt,9046,50
2026-08-01 21:00:00,zone1-bedrooms-heat-call,0,3
2026-08-01 21:00:00,zone5-living-rm-fancoil-heat-call,0,4
2026-08-01 21:15:00,buffer-depth1,4772,45
2026-08-01 21:15:00,buffer-depth2,4771,28
2026-08-01 21:15:00,buffer-depth3,4784,15
2026-08-01 21:15:00,hp-ewt,10468,31
2026-08-01 21:15:00,hp-lwt,8275,86
2026-08-01 21:15:00,secondary-ewt,10081,31
2026-08-01 21:15:00,secondary-flow,780,7
2026-08-01 21:15:00,secondary-lwt,9043,56
2026-08-01 21:15:00,zone1-bedrooms-heat-call,0,3
2026-08-01 21:15:00,zone5-living-rm-fancoil-heat-call,1,4
2026-08-01 21:30:00,buffer-depth1,4760,40
2026-08-01 21:30:00,buffer-depth2,4772,26
2026-08-01 21:30:00,buffer-depth3,4789,17
2026-08-01 21:30:00,hp-ewt,10357,27
2026-08-01 21:30:00,hp-lwt,8362,77
2026-08-01 21:30:00,secondary-ewt,9628,6
2026-08-01 21:30:00,secondary-flow,748,4
2026-08-01 21:30:00,secondary-lwt,8848,58
2026-08-01 21:30:00,zone1-bedrooms-heat-call,0,3
2026-08-01 21:30:00,zone5-living-rm-fancoil-heat-call,0,7
2026-08-01 21:45:00,buffer-depth1,4776,47
2026-08-01 21:45:00,buffer-depth2,4779,28
2026-08-01 21:45:00,buffer-depth3,4786,17
2026-08-01 21:45:00,hp-ewt,10448,32
2026-08-01 21:45:00,hp-lwt,8414,77
2026-08-01 21:45:00,secondary-ewt,10152,29
2026-08-01 21:45:00,secondary-flow,776,7
2026-08-01 21:45:00,secondary-lwt,9164,58
2026-08-01 21:45:00,zone1-bedrooms-heat-call,0,3
2026-08-01 21:45:00,zone5-living-rm-fancoil-heat-call,1,4
2026-08-01 22:00:00,buffer-depth1,4772,44
2026-08-01 22:00:00,buffer-depth2,4776,26
2026-08-01 22:00:00,buffer-depth3,4797,17
2026-08-01 22:00:00,hp-ewt,10456,30
2026-08-01 22:00:00,hp-lwt,8456,75
2026-08-01 22:00:00,secondary-ewt,10018,16
2026-08-01 22:00:00,secondary-flow,754,7
2026-08-01 22:00:00,secondary-lwt,8951,56
2026-08-01 22:00:00,zone1-bedrooms-heat-call,0,3
2026-08-01 22:00:00,zone5-living-rm-fancoil-heat-call,0,4
2026-08-01 22:15:00,buffer-depth1,4739,45
2026-08-01 22:15:00,buffer-depth2,4746,31
2026-08-01 22:15:00,buffer-depth3,4770,19
2026-08-01 22:15:00,hp-ewt,10329,28
2026-08-01 22:15:00,hp-lwt,8181,70
2026-08-01 22:15:00,secondary-ewt,9829,17
2026-08-01 22:15:00,secondary-flow,767,6
2026-08-01 22:15:00,secondary-lwt,8941,55
2026-08-01 22:15:00,zone1-bedrooms-heat-call,0,3
2026-08-01 22:15:00,zone5-living-rm-fancoil-heat-call,1,4
2026-08-01 22:30:00,buffer-depth1,4768,41
2026-08-01 22:30:00,buffer-depth2,4772,23
2026-08-01 22:30:00,buffer-depth3,4782,17
2026-08-01 22:30:00,hp-ewt,10444,29
2026-08-01 22:30:00,hp-lwt,8354,74
2026-08-01 22:30:00,secondary-ewt,9826,17
2026-08-01 22:30:00,secondary-flow,760,7
2026-08-01 22:30:00,secondary-lwt,9017,55
2026-08-01 22:30:00,zone1-bedrooms-heat-call,0,3
2026-08-01 22:30:00,zone5-living-rm-fancoil-heat-call,0,4
2026-08-01 22:45:00,buffer-depth1,4770,41
2026-08-01 22:45:00,buffer-depth2,4769,25
2026-08-01 22:45:00,buffer-depth3,4787,17
2026-08-01 22:45:00,hp-ewt,10965,2
2026-08-01 22:45:00,hp-lwt,10450,2
2026-08-01 22:45:00,secondary-ewt,9390,2
2026-08-01 22:45:00,secondary-flow,740,2
2026-08-01 22:45:00,secondary-lwt,9415,2
2026-08-01 22:45:00,zone1-bedrooms-heat-call,0,3
2026-08-01 22:45:00,zone5-living-rm-fancoil-heat-call,1,6
2026-08-01 23:00:00,buffer-depth1,4776,45
2026-08-01 23:00:00,buffer-depth2,4778,28
2026-08-01 23:00:00,buffer-depth3,4786,17
2026-08-01 23:00:00,hp-ewt,10401,31
2026-08-01 23:00:00,hp-lwt,8475,84
2026-08-01 23:00:00,secondary-ewt,10150,24
2026-08-01 23:00:00,secondary-flow,777,7
2026-08-01 23:00:00,secondary-lwt,9122,68
2026-08-01 23:00:00,zone1-bedrooms-heat-call,0,3
2026-08-01 23:00:00,zone5-living-rm-fancoil-heat-call,1,4
2026-08-01 23:15:00,buffer-depth1,4764,37
2026-08-01 23:15:00,buffer-depth2,4771,22
2026-08-01 23:15:00,buffer-depth3,4795,16
2026-08-01 23:15:00,hp-ewt,10378,28
2026-08-01 23:15:00,hp-lwt,8584,63
2026-08-01 23:15:00,secondary-ewt,9626,9
2026-08-01 23:15:00,secondary-flow,759,5
2026-08-01 23:15:00,secondary-lwt,9021,53
2026-08-01 23:15:00,zone1-bedrooms-heat-call,0,3
2026-08-01 23:15:00,zone5-living-rm-fancoil-heat-call,0,6
2026-08-01 23:30:00,buffer-depth1,4763,49
2026-08-01 23:30:00,buffer-depth2,4773,29
2026-08-01 23:30:00,buffer-depth3,4785,19
2026-08-01 23:30:00,hp-ewt,10373,37
2026-08-01 23:30:00,hp-lwt,8454,99
2026-08-01 23:30:00,secondary-ewt,9997,15
2026-08-01 23:30:00,secondary-flow,754,6
2026-08-01 23:30:00,secondary-lwt,8966,67
2026-08-01 23:30:00,zone1-bedrooms-heat-call,0,3
2026-08-01 23:30:00,zone5-living-rm-fancoil-heat-call,1,5
2026-08-01 23:45:00,buffer-depth1,4771,40
2026-08-01 23:45:00,buffer-depth2,4776,23
2026-08-01 23:45:00,buffer-depth3,4786,17
2026-08-01 23:45:00,hp-ewt,10649,27
2026-08-01 23:45:00,hp-lwt,8915,62
2026-08-01 23:45:00,secondary-ewt,9989,8
2026-08-01 23:45:00,secondary-flow,756,3
2026-08-01 23:45:00,secondary-lwt,10218,10
2026-08-01 23:45:00,zone1-bedrooms-heat-call,0,3
2026-08-01 23:45:00,zone5-living-rm-fancoil-heat-call,0,3
2026-08-02 00:00:00,buffer-depth1,4864,24
2026-08-02 00:00:00,buffer-depth2,4840,22
2026-08-02 00:00:00,buffer-depth3,4824,19
2026-08-02 00:00:00,hp-ewt,11195,10
2026-08-02 00:00:00,hp-lwt,10364,17
2026-08-02 00:00:00,secondary-ewt,10119,13
2026-08-02 00:00:00,secondary-flow,758,7
2026-08-02 00:00:00,secondary-lwt,10146,11
2026-08-02 00:00:00,zone1-bedrooms-heat-call,0,3
2026-08-02 00:00:00,zone5-living-rm-fancoil-heat-call,1,5
2026-08-02 00:15:00,buffer-depth1,4826,33
2026-08-02 00:15:00,buffer-depth2,4846,23
2026-08-02 00:15:00,buffer-depth3,4873,20
2026-08-02 00:15:00,hp-ewt,10800,24
2026-08-02 00:15:00,hp-lwt,8668,56
2026-08-02 00:15:00,secondary-ewt,10214,12
2026-08-02 00:15:00,secondary-flow,753,4
2026-08-02 00:15:00,secondary-lwt,9299,40
2026-08-02 00:15:00,zone1-bedrooms-heat-call,0,3
2026-08-02 00:15:00,zone5-living-rm-fancoil-heat-call,0,3
2026-08-02 00:30:00,buffer-depth1,4818,43
2026-08-02 00:30:00,buffer-depth2,4824,29
2026-08-02 00:30:00,buffer-depth3,4839,16
2026-08-02 00:30:00,hp-ewt,10574,33
2026-08-02 00:30:00,hp-lwt,8225,81
2026-08-02 00:30:00,secondary-ewt,10278,23
2026-08-02 00:30:00,secondary-flow,778,7
2026-08-02 00:30:00,secondary-lwt,9054,56
2026-08-02 00:30:00,zone1-bedrooms-heat-call,0,3
2026-08-02 00:30:00,zone5-living-rm-fancoil-heat-call,1,5
2026-08-02 00:45:00,buffer-depth1,4788,42
2026-08-02 00:45:00,buffer-depth2,4799,22
2026-08-02 00:45:00,buffer-depth3,4827,16
2026-08-02 00:45:00,hp-ewt,10433,28
2026-08-02 00:45:00,hp-lwt,8809,68
2026-08-02 00:45:00,secondary-ewt,9670,1
2026-08-02 00:45:00,secondary-flow,740,1
2026-08-02 00:45:00,secondary-lwt,9153,15
2026-08-02 00:45:00,zone1-bedrooms-heat-call,0,3
2026-08-02 00:45:00,zone5-living-rm-fancoil-heat-call,0,4
2026-08-02 01:00:00,buffer-depth1,4771,41
2026-08-02 01:00:00,buffer-depth2,4778,25
2026-08-02 01:00:00,buffer-depth3,4808,20
2026-08-02 01:00:00,hp-ewt,10433,33
2026-08-02 01:00:00,hp-lwt,8179,83
2026-08-02 01:00:00,secondary-ewt,9896,17
2026-08-02 01:00:00,secondary-flow,763,6
2026-08-02 01:00:00,secondary-lwt,8815,44
2026-08-02 01:00:00,zone1-bedrooms-heat-call,0,3
2026-08-02 01:00:00,zone5-living-rm-fancoil-heat-call,1,6
2026-08-02 01:15:00,buffer-depth1,4763,33
2026-08-02 01:15:00,buffer-depth2,4771,25
2026-08-02 01:15:00,buffer-depth3,4794,17
2026-08-02 01:15:00,hp-ewt,10493,26
2026-08-02 01:15:00,hp-lwt,8579,59
2026-08-02 01:15:00,secondary-ewt,9550,5
2026-08-02 01:15:00,secondary-flow,754,3
2026-08-02 01:15:00,secondary-lwt,8856,42
2026-08-02 01:15:00,zone1-bedrooms-heat-call,0,3
2026-08-02 01:15:00,zone5-living-rm-fancoil-heat-call,0,4
2026-08-02 01:30:00,buffer-depth1,4753,40
2026-08-02 01:30:00,buffer-depth2,4753,27
2026-08-02 01:30:00,buffer-depth3,4786,17
2026-08-02 01:30:00,hp-ewt,10394,26
2026-08-02 01:30:00,hp-lwt,8251,73
2026-08-02 01:30:00,secondary-ewt,9530,7
2026-08-02 01:30:00,secondary-flow,751,5
2026-08-02 01:30:00,secondary-lwt,9161,20
2026-08-02 01:30:00,zone1-bedrooms-heat-call,0,3
2026-08-02 01:30:00,zone5-living-rm-fancoil-heat-call,1,4
2026-08-02 01:45:00,buffer-depth1,4729,34
2026-08-02 01:45:00,buffer-depth2,4739,21
2026-08-02 01:45:00,buffer-depth3,4766,17
2026-08-02 01:45:00,hp-ewt,10250,27
2026-08-02 01:45:00,hp-lwt,8331,71
2026-08-02 01:45:00,secondary-ewt,9738,20
2026-08-02 01:45:00,secondary-flow,766,5
2026-08-02 01:45:00,secondary-lwt,8761,55
2026-08-02 01:45:00,zone1-bedrooms-heat-call,0,3
2026-08-02 01:45:00,zone5-living-rm-fancoil-heat-call,0,4
2026-08-02 02:00:00,buffer-depth1,4761,40
2026-08-02 02:00:00,buffer-depth2,4762,25
2026-08-02 02:00:00,buffer-depth3,4769,16
2026-08-02 02:00:00,hp-ewt,10400,27
2026-08-02 02:00:00,hp-lwt,8684,72
2026-08-02 02:00:00,secondary-ewt,10021,16
2026-08-02 02:00:00,secondary-flow,768,7
2026-08-02 02:00:00,secondary-lwt,9274,54
2026-08-02 02:00:00,zone1-bedrooms-heat-call,0,3
2026-08-02 02:00:00,zone5-living-rm-fancoil-heat-call,1,4
2026-08-02 02:15:00,buffer-depth1,4719,40
2026-08-02 02:15:00,buffer-depth2,4735,28
2026-08-02 02:15:00,buffer-depth3,4769,16
2026-08-02 02:15:00,hp-ewt,10177,30
2026-08-02 02:15:00,hp-lwt,8141,79
2026-08-02 02:15:00,secondary-ewt,9298,4
2026-08-02 02:15:00,secondary-flow,739,3
2026-08-02 02:15:00,secondary-lwt,8627,56
2026-08-02 02:15:00,zone1-bedrooms-heat-call,0,3
2026-08-02 02:15:00,zone5-living-rm-fancoil-heat-call,0,3
2026-08-02 02:30:00,buffer-depth1,4754,34
2026-08-02 02:30:00,buffer-depth2,4751,25
2026-08-02 02:30:00,buffer-depth3,4765,15
2026-08-02 02:30:00,hp-ewt,10411,22
2026-08-02 02:30:00,hp-lwt,8562,55
2026-08-02 02:30:00,secondary-ewt,9980,28
2026-08-02 02:30:00,secondary-flow,770,8
2026-08-02 02:30:00,secondary-lwt,9114,45
2026-08-02 02:30:00,zone1-bedrooms-heat-call,0,3
2026-08-02 02:30:00,zone5-living-rm-fancoil-heat-call,0,5
2026-08-02 02:45:00,buffer-depth1,4735,46
2026-08-02 02:45:00,buffer-depth2,4748,24
2026-08-02 02:45:00,buffer-depth3,4774,17
2026-08-02 02:45:00,hp-ewt,10287,34
2026-08-02 02:45:00,hp-lwt,8120,88
2026-08-02 02:45:00,secondary-ewt,9315,2
2026-08-02 02:45:00,secondary-flow,741,2
2026-08-02 02:45:00,secondary-lwt,8843,32
2026-08-02 02:45:00,zone1-bedrooms-heat-call,0,3
2026-08-02 02:45:00,zone5-living-rm-fancoil-heat-call,0,3
2026-08-02 03:00:00,buffer-depth1,4761,34
2026-08-02 03:00:00,buffer-depth2,4755,24
2026-08-02 03:00:00,buffer-depth3,4773,16
2026-08-02 03:00:00,hp-ewt,10462,23
2026-08-02 03:00:00,hp-lwt,8563,56
2026-08-02 03:00:00,secondary-ewt,9390,4
2026-08-02 03:00:00,secondary-flow,750,5
2026-08-02 03:00:00,secondary-lwt,8766,20
2026-08-02 03:00:00,zone1-bedrooms-heat-call,0,5
2026-08-02 03:00:00,zone5-living-rm-fancoil-heat-call,0,5
2026-08-02 03:15:00,buffer-depth1,4738,48
2026-08-02 03:15:00,buffer-depth2,4743,25
2026-08-02 03:15:00,buffer-depth3,4773,17
2026-08-02 03:15:00,hp-ewt,10366,32
2026-08-02 03:15:00,hp-lwt,8301,98
2026-08-02 03:15:00,secondary-ewt,9790,15
2026-08-02 03:15:00,secondary-flow,752,4
2026-08-02 03:15:00,secondary-lwt,8848,68
2026-08-02 03:15:00,zone1-bedrooms-heat-call,0,3
2026-08-02 03:15:00,zone5-living-rm-fancoil-heat-call,0,3
2026-08-02 03:30:00,buffer-depth1,4753,37
2026-08-02 03:30:00,buffer-depth2,4754,25
2026-08-02 03:30:00,buffer-depth3,4775,16
2026-08-02 03:30:00,hp-ewt,11477,3
2026-08-02 03:30:00,hp-lwt,10957,3
2026-08-02 03:30:00,secondary-ewt,9912,19
2026-08-02 03:30:00,secondary-flow,763,7
2026-08-02 03:30:00,secondary-lwt,9237,44
2026-08-02 03:30:00,zone1-bedrooms-heat-call,0,3
2026-08-02 03:30:00,zone5-living-rm-fancoil-heat-call,1,5
2026-08-02 03:45:00,buffer-depth1,4736,46
2026-08-02 03:45:00,buffer-depth2,4747,25
2026-08-02 03:45:00,buffer-depth3,4772,17
2026-08-02 03:45:00,hp-ewt,10411,35
2026-08-02 03:45:00,hp-lwt,8382,97
2026-08-02 03:45:00,secondary-ewt,9307,3
2026-08-02 03:45:00,secondary-flow,738,3
2026-08-02 03:45:00,secondary-lwt,8837,67
2026-08-02 03:45:00,zone1-bedrooms-heat-call,0,3
2026-08-02 03:45:00,zone5-living-rm-fancoil-heat-call,0,3
2026-08-02 04:00:00,buffer-depth1,4731,35
2026-08-02 04:00:00,buffer-depth2,4737,23
2026-08-02 04:00:00,buffer-depth3,4763,16
2026-08-02 04:00:00,hp-ewt,10571,25
2026-08-02 04:00:00,hp-lwt,8777,55
2026-08-02 04:00:00,secondary-ewt,9903,20
2026-08-02 04:00:00,secondary-flow,755,7
2026-08-02 04:00:00,secondary-lwt,9090,40
2026-08-02 04:00:00,zone1-bedrooms-heat-call,0,3
2026-08-02 04:00:00,zone5-living-rm-fancoil-heat-call,0,5
2026-08-02 04:15:00,buffer-depth1,4754,45
2026-08-02 04:15:00,buffer-depth2,4762,28
2026-08-02 04:15:00,buffer-depth3,4768,17
2026-08-02 04:15:00,hp-ewt,10455,36
2026-08-02 04:15:00,hp-lwt,8426,101
2026-08-02 04:15:00,secondary-ewt,9747,18
2026-08-02 04:15:00,secondary-flow,757,8
2026-08-02 04:15:00,secondary-lwt,8880,66
2026-08-02 04:15:00,zone1-bedrooms-heat-call,0,3
2026-08-02 04:15:00,zone5-living-rm-fancoil-heat-call,0,3
2026-08-02 04:30:00,buffer-depth1,4760,36
2026-08-02 04:30:00,buffer-depth2,4757,23
2026-08-02 04:30:00,buffer-depth3,4777,18
2026-08-02 04:30:00,hp-ewt,10582,25
2026-08-02 04:30:00,hp-lwt,8958,66
2026-08-02 04:30:00,secondary-ewt,10055,2
2026-08-02 04:30:00,secondary-flow,779,2
2026-08-02 04:30:00,secondary-lwt,10340,7
2026-08-02 04:30:00,zone1-bedrooms-heat-call,0,3
2026-08-02 04:30:00,zone5-living-rm-fancoil-heat-call,1,4
2026-08-02 04:45:00,buffer-depth1,4749,50
2026-08-02 04:45:00,buffer-depth2,4759,26
2026-08-02 04:45:00,buffer-depth3,4784,16
2026-08-02 04:45:00,hp-ewt,10343,35
2026-08-02 04:45:00,hp-lwt,8259,91
2026-08-02 04:45:00,secondary-ewt,9503,6
2026-08-02 04:45:00,secondary-flow,741,5
2026-08-02 04:45:00,secondary-lwt,8800,64
2026-08-02 04:45:00,zone1-bedrooms-heat-call,0,3
2026-08-02 04:45:00,zone5-living-rm-fancoil-heat-call,0,4
2026-08-02 05:00:00,buffer-depth1,4742,32
2026-08-02 05:00:00,buffer-depth2,4753,23
2026-08-02 05:00:00,buffer-depth3,4777,15
2026-08-02 05:00:00,hp-ewt,10574,25
2026-08-02 05:00:00,hp-lwt,8712,56
2026-08-02 05:00:00,secondary-ewt,9951,11
2026-08-02 05:00:00,secondary-flow,779,7
2026-08-02 05:00:00,secondary-lwt,9083,39
2026-08-02 05:00:00,zone1-bedrooms-heat-call,0,3
2026-08-02 05:00:00,zone5-living-rm-fancoil-heat-call,0,4
2026-08-02 05:15:00,buffer-depth1,4756,49
2026-08-02 05:15:00,buffer-depth2,4767,28
2026-08-02 05:15:00,buffer-depth3,4780,15
2026-08-02 05:15:00,hp-ewt,10394,37
2026-08-02 05:15:00,hp-lwt,8388,96
2026-08-02 05:15:00,secondary-ewt,10054,18
2026-08-02 05:15:00,secondary-flow,761,5
2026-08-02 05:15:00,secondary-lwt,8933,68
2026-08-02 05:15:00,zone1-bedrooms-heat-call,0,3
2026-08-02 05:15:00,zone5-living-rm-fancoil-heat-call,1,4
2026-08-02 05:30:00,buffer-depth1,4743,31
2026-08-02 05:30:00,buffer-depth2,4758,21
2026-08-02 05:30:00,buffer-depth3,4787,16
2026-08-02 05:30:00,hp-ewt,10495,23
2026-08-02 05:30:00,hp-lwt,8436,49
2026-08-02 05:30:00,secondary-ewt,9397,3
2026-08-02 05:30:00,secondary-flow,740,3
2026-08-02 05:30:00,secondary-lwt,8872,37
2026-08-02 05:30:00,zone1-bedrooms-heat-call,0,3
2026-08-02 05:30:00,zone5-living-rm-fancoil-heat-call,0,3
2026-08-02 05:45:00,buffer-depth1,4757,48
2026-08-02 05:45:00,buffer-depth2,4758,26
2026-08-02 05:45:00,buffer-depth3,4775,17
2026-08-02 05:45:00,hp-ewt,10509,36
2026-08-02 05:45:00,hp-lwt,8424,95
2026-08-02 05:45:00,secondary-ewt,9998,18
2026-08-02 05:45:00,secondary-flow,763,7
2026-08-02 05:45:00,secondary-lwt,8938,71
2026-08-02 05:45:00,zone1-bedrooms-heat-call,0,3
2026-08-02 05:45:00,zone5-living-rm-fancoil-heat-call,1,5
2026-08-02 06:00:00,buffer-depth1,4771,32
2026-08-02 06:00:00,buffer-depth2,4769,20
2026-08-02 06:00:00,buffer-depth3,4790,18
2026-08-02 06:00:00,hp-ewt,10592,24
2026-08-02 06:00:00,hp-lwt,8757,58
2026-08-02 06:00:00,secondary-ewt,9430,1
2026-08-02 06:00:00,secondary-flow,740,1
2026-08-02 06:00:00,secondary-lwt,9758,4
2026-08-02 06:00:00,zone1-bedrooms-heat-call,0,3
2026-08-02 06:00:00,zone5-living-rm-fancoil-heat-call,0,3
2026-08-02 06:15:00,buffer-depth1,4772,40
2026-08-02 06:15:00,buffer-depth2,4781,25
2026-08-02 06:15:00,buffer-depth3,4800,19
2026-08-02 06:15:00,hp-ewt,10544,34
2026-08-02 06:15:00,hp-lwt,8450,98
2026-08-02 06:15:00,secondary-ewt,9981,17
2026-08-02 06:15:00,secondary-flow,751,5
2026-08-02 06:15:00,secondary-lwt,9127,40
2026-08-02 06:15:00,zone1-bedrooms-heat-call,0,3
2026-08-02 06:15:00,zone5-living-rm-fancoil-heat-call,0,4
2026-08-02 06:30:00,buffer-depth1,4791,29
2026-08-02 06:30:00,buffer-depth2,4793,23
2026-08-02 06:30:00,buffer-depth3,4805,15
2026-08-02 06:30:00,hp-ewt,10631,24
2026-08-02 06:30:00,hp-lwt,8680,57
2026-08-02 06:30:00,secondary-ewt,9802,6
2026-08-02 06:30:00,secondary-flow,761,5
2026-08-02 06:30:00,secondary-lwt,9147,41
2026-08-02 06:30:00,zone1-bedrooms-heat-call,0,3
2026-08-02 06:30:00,zone5-living-rm-fancoil-heat-call,1,4
2026-08-02 06:45:00,buffer-depth1,4762,48
2026-08-02 06:45:00,buffer-depth2,4770,31
2026-08-02 06:45:00,buffer-depth3,4801,18
2026-08-02 06:45:00,hp-ewt,10395,34
2026-08-02 06:45:00,hp-lwt,8298,90
2026-08-02 06:45:00,secondary-ewt,10124,14
2026-08-02 06:45:00,secondary-flow,752,5
2026-08-02 06:45:00,secondary-lwt,8937,64
2026-08-02 06:45:00,zone1-bedrooms-heat-call,0,3
2026-08-02 06:45:00,zone5-living-rm-fancoil-heat-call,0,4
2026-08-02 07:00:00,buffer-depth1,4786,37
2026-08-02 07:00:00,buffer-depth2,4790,24
2026-08-02 07:00:00,buffer-depth3,4798,15
2026-08-02 07:00:00,hp-ewt,10597,27
2026-08-02 07:00:00,hp-lwt,8773,74
2026-08-02 07:00:00,secondary-ewt,9738,6
2026-08-02 07:00:00,secondary-flow,758,5
2026-08-02 07:00:00,secondary-lwt,9231,49
2026-08-02 07:00:00,zone1-bedrooms-heat-call,0,3
2026-08-02 07:00:00,zone5-living-rm-fancoil-heat-call,1,4
2026-08-02 07:15:00,buffer-depth1,4757,48
2026-08-02 07:15:00,buffer-depth2,4773,25
2026-08-02 07:15:00,buffer-depth3,4799,17
2026-08-02 07:15:00,hp-ewt,10383,31
2026-08-02 07:15:00,hp-lwt,8413,78
2026-08-02 07:15:00,secondary-ewt,10092,26
2026-08-02 07:15:00,secondary-flow,770,7
2026-08-02 07:15:00,secondary-lwt,9009,65
2026-08-02 07:15:00,zone1-bedrooms-heat-call,0,5
2026-08-02 07:15:00,zone5-living-rm-fancoil-heat-call,0,4
2026-08-02 07:30:00,buffer-depth1,4776,36
2026-08-02 07:30:00,buffer-depth2,4775,24
2026-08-02 07:30:00,buffer-depth3,4785,18
2026-08-02 07:30:00,hp-ewt,10391,27
2026-08-02 07:30:00,hp-lwt,8424,76
2026-08-02 07:30:00,secondary-ewt,9663,7
2026-08-02 07:30:00,secondary-flow,761,4
2026-08-02 07:30:00,secondary-lwt,9045,51
2026-08-02 07:30:00,zone1-bedrooms-heat-call,0,3
2026-08-02 07:30:00,zone5-living-rm-fancoil-heat-call,1,4
2026-08-02 07:45:00,buffer-depth1,4730,43
2026-08-02 07:45:00,buffer-depth2,4740,27
2026-08-02 07:45:00,buffer-depth3,4772,18
2026-08-02 07:45:00,hp-ewt,10364,30
2026-08-02 07:45:00,hp-lwt,8426,73
2026-08-02 07:45:00,secondary-ewt,9855,10
2026-08-02 07:45:00,secondary-flow,750,5
2026-08-02 07:45:00,secondary-lwt,8710,58
2026-08-02 07:45:00,zone1-bedrooms-heat-call,0,3
2026-08-02 07:45:00,zone5-living-rm-fancoil-heat-call,0,4
2026-08-02 08:00:00,buffer-depth1,4752,47
2026-08-02 08:00:00,buffer-depth2,4760,24
2026-08-02 08:00:00,buffer-depth3,4771,15
2026-08-02 08:00:00,hp-ewt,10337,30
2026-08-02 08:00:00,hp-lwt,8288,96
2026-08-02 08:00:00,secondary-ewt,9616,5
2026-08-02 08:00:00,secondary-flow,765,3
2026-08-02 08:00:00,secondary-lwt,9040,39
2026-08-02 08:00:00,zone1-bedrooms-heat-call,0,3
2026-08-02 08:00:00,zone5-living-rm-fancoil-heat-call,1,4
2026-08-02 08:15:00,buffer-depth1,4736,31
2026-08-02 08:15:00,buffer-depth2,4736,20
2026-08-02 08:15:00,buffer-depth3,4772,17
2026-08-02 08:15:00,hp-ewt,10501,28
2026-08-02 08:15:00,hp-lwt,8791,60
2026-08-02 08:15:00,secondary-ewt,10288,5
2026-08-02 08:15:00,secondary-flow,790,3
2026-08-02 08:15:00,secondary-lwt,10558,4
2026-08-02 08:15:00,zone1-bedrooms-heat-call,0,3
2026-08-02 08:15:00,zone5-living-rm-fancoil-heat-call,1,4
2026-08-02 08:30:00,buffer-depth1,4754,42
2026-08-02 08:30:00,buffer-depth2,4763,29
2026-08-02 08:30:00,buffer-depth3,4772,18
2026-08-02 08:30:00,hp-ewt,10390,35
2026-08-02 08:30:00,hp-lwt,8415,95
2026-08-02 08:30:00,secondary-ewt,9480,6
2026-08-02 08:30:00,secondary-flow,746,4
2026-08-02 08:30:00,secondary-lwt,8865,67
2026-08-02 08:30:00,zone1-bedrooms-heat-call,0,3
2026-08-02 08:30:00,zone5-living-rm-fancoil-heat-call,0,6
2026-08-02 08:45:00,buffer-depth1,4741,36
2026-08-02 08:45:00,buffer-depth2,4739,25
2026-08-02 08:45:00,buffer-depth3,4768,17
2026-08-02 08:45:00,hp-ewt,10221,23
2026-08-02 08:45:00,hp-lwt,8554,57
2026-08-02 08:45:00,secondary-ewt,9931,14
2026-08-02 08:45:00,secondary-flow,764,6
2026-08-02 08:45:00,secondary-lwt,9063,44
2026-08-02 08:45:00,zone1-bedrooms-heat-call,0,3
2026-08-02 08:45:00,zone5-living-rm-fancoil-heat-call,1,5
2026-08-02 09:00:00,buffer-depth1,4736,50
2026-08-02 09:00:00,buffer-depth2,4739,23
2026-08-02 09:00:00,buffer-depth3,4756,18
2026-08-02 09:00:00,hp-ewt,9827,32
2026-08-02 09:00:00,hp-lwt,8316,94
2026-08-02 09:00:00,secondary-ewt,9515,4
2026-08-02 09:00:00,secondary-flow,740,2
2026-08-02 09:00:00,secondary-lwt,8845,46
2026-08-02 09:00:00,zone1-bedrooms-heat-call,0,3
2026-08-02 09:00:00,zone5-living-rm-fancoil-heat-call,0,4
2026-08-02 09:15:00,buffer-depth1,4788,42
2026-08-02 09:15:00,buffer-depth2,4766,25
2026-08-02 09:15:00,buffer-depth3,4758,19
2026-08-02 09:15:00,hp-ewt,10130,28
2026-08-02 09:15:00,hp-lwt,8462,60
2026-08-02 09:15:00,secondary-ewt,9790,5
2026-08-02 09:15:00,secondary-flow,762,2
2026-08-02 09:15:00,secondary-lwt,9505,11
2026-08-02 09:15:00,zone1-bedrooms-heat-call,0,3
2026-08-02 09:15:00,zone5-living-rm-fancoil-heat-call,1,4
2026-08-02 09:30:00,buffer-depth1,4757,53
2026-08-02 09:30:00,buffer-depth2,4767,29
2026-08-02 09:30:00,buffer-depth3,4781,18
2026-08-02 09:30:00,hp-ewt,9699,27
2026-08-02 09:30:00,hp-lwt,8226,86
2026-08-02 09:30:00,secondary-ewt,9991,11
2026-08-02 09:30:00,secondary-flow,752,6
2026-08-02 09:30:00,secondary-lwt,8782,70
2026-08-02 09:30:00,zone1-bedrooms-heat-call,0,3
2026-08-02 09:30:00,zone5-living-rm-fancoil-heat-call,0,4
2026-08-02 09:45:00,buffer-depth1,4759,43
2026-08-02 09:45:00,buffer-depth2,4770,23
2026-08-02 09:45:00,buffer-depth3,4780,15
2026-08-02 09:45:00,hp-ewt,9864,27
2026-08-02 09:45:00,hp-lwt,8166,79
2026-08-02 09:45:00,secondary-ewt,9671,8
2026-08-02 09:45:00,secondary-flow,761,4
2026-08-02 09:45:00,secondary-lwt,8862,58
2026-08-02 09:45:00,zone1-bedrooms-heat-call,0,3
2026-08-02 09:45:00,zone5-living-rm-fancoil-heat-call,1,4
2026-08-02 10:00:00,buffer-depth1,4742,43
2026-08-02 10:00:00,buffer-depth2,4752,28
2026-08-02 10:00:00,buffer-depth3,4772,16
2026-08-02 10:00:00,hp-ewt,9736,27
2026-08-02 10:00:00,hp-lwt,8248,80
2026-08-02 10:00:00,secondary-ewt,9851,20
2026-08-02 10:00:00,secondary-flow,778,7
2026-08-02 10:00:00,secondary-lwt,8845,56
2026-08-02 10:00:00,zone1-bedrooms-heat-call,0,3
2026-08-02 10:00:00,zone5-living-rm-fancoil-heat-call,1,4
2026-08-02 10:15:00,buffer-depth1,4768,40
2026-08-02 10:15:00,buffer-depth2,4772,24
2026-08-02 10:15:00,buffer-depth3,4773,17
2026-08-02 10:15:00,hp-ewt,9770,25
2026-08-02 10:15:00,hp-lwt,8106,81
2026-08-02 10:15:00,secondary-ewt,9634,12
2026-08-02 10:15:00,secondary-flow,762,7
2026-08-02 10:15:00,secondary-lwt,8848,54
2026-08-02 10:15:00,zone1-bedrooms-heat-call,0,3
2026-08-02 10:15:00,zone5-living-rm-fancoil-heat-call,1,4
2026-08-02 10:30:00,buffer-depth1,4762,43
2026-08-02 10:30:00,buffer-depth2,4765,30
2026-08-02 10:30:00,buffer-depth3,4781,17
2026-08-02 10:30:00,hp-ewt,10578,34
2026-08-02 10:30:00,hp-lwt,8844,73
2026-08-02 10:30:00,secondary-ewt,10025,17
2026-08-02 10:30:00,secondary-flow,785,4
2026-08-02 10:30:00,secondary-lwt,9200,56
2026-08-02 10:30:00,zone1-bedrooms-heat-call,0,3
2026-08-02 10:30:00,zone5-living-rm-fancoil-heat-call,0,4
2026-08-02 10:45:00,buffer-depth1,4792,33
2026-08-02 10:45:00,buffer-depth2,4794,22
2026-08-02 10:45:00,buffer-depth3,4795,15
2026-08-02 10:45:00,hp-ewt,10223,10
2026-08-02 10:45:00,hp-lwt,7777,28
2026-08-02 10:45:00,secondary-ewt,9553,3
2026-08-02 10:45:00,secondary-flow,780,2
2026-08-02 10:45:00,secondary-lwt,8376,14
2026-08-02 10:45:00,zone1-bedrooms-heat-call,0,3
2026-08-02 10:45:00,zone5-living-rm-fancoil-heat-call,1,4
2026-08-02 11:00:00,buffer-depth1,4795,44
2026-08-02 11:00:00,buffer-depth2,4794,25
2026-08-02 11:00:00,buffer-depth3,4813,15
2026-08-02 11:00:00,hp-ewt,10970,33
2026-08-02 11:00:00,hp-lwt,9090,74
2026-08-02 11:00:00,secondary-ewt,9780,10
2026-08-02 11:00:00,secondary-flow,781,2
2026-08-02 11:00:00,secondary-lwt,9471,55
2026-08-02 11:00:00,zone1-bedrooms-heat-call,0,3
2026-08-02 11:00:00,zone5-living-rm-fancoil-heat-call,0,3
2026-08-02 11:15:00,buffer-depth1,4790,48
2026-08-02 11:15:00,buffer-depth2,4797,26
2026-08-02 11:15:00,buffer-depth3,4816,15
2026-08-02 11:15:00,hp-ewt,10647,35
2026-08-02 11:15:00,hp-lwt,8562,86
2026-08-02 11:15:00,secondary-ewt,9743,8
2026-08-02 11:15:00,secondary-flow,781,2
2026-08-02 11:15:00,secondary-lwt,8739,24
2026-08-02 11:15:00,zone1-bedrooms-heat-call,0,3
2026-08-02 11:15:00,zone5-living-rm-fancoil-heat-call,1,4
2026-08-02 11:30:00,buffer-depth1,4795,46
2026-08-02 11:30:00,buffer-depth2,4804,27
2026-08-02 11:30:00,buffer-depth3,4814,16
2026-08-02 11:30:00,hp-ewt,10882,36
2026-08-02 11:30:00,hp-lwt,8716,79
2026-08-02 11:30:00,secondary-ewt,9778,11
2026-08-02 11:30:00,secondary-flow,781,3
2026-08-02 11:30:00,secondary-lwt,8967,49
2026-08-02 11:30:00,zone1-bedrooms-heat-call,0,3
2026-08-02 11:30:00,zone5-living-rm-fancoil-heat-call,0,4
2026-08-02 11:45:00,buffer-depth1,4787,49
2026-08-02 11:45:00,buffer-depth2,4786,31
2026-08-02 11:45:00,buffer-depth3,4815,15
2026-08-02 11:45:00,hp-ewt,10893,39
2026-08-02 11:45:00,hp-lwt,9065,93
2026-08-02 11:45:00,secondary-ewt,9800,4
2026-08-02 11:45:00,secondary-flow,780,2
2026-08-02 11:45:00,secondary-lwt,9193,20
2026-08-02 11:45:00,zone1-bedrooms-heat-call,0,3
2026-08-02 11:45:00,zone5-living-rm-fancoil-heat-call,1,4
2026-08-02 12:00:00,buffer-depth1,4788,46
2026-08-02 12:00:00,buffer-depth2,4807,27
2026-08-02 12:00:00,buffer-depth3,4815,16
2026-08-02 12:00:00,hp-ewt,10732,35
2026-08-02 12:00:00,hp-lwt,8400,89
2026-08-02 12:00:00,secondary-ewt,9703,12
2026-08-02 12:00:00,secondary-flow,793,4
2026-08-02 12:00:00,secondary-lwt,8960,51
2026-08-02 12:00:00,zone1-bedrooms-heat-call,0,3
2026-08-02 12:00:00,zone5-living-rm-fancoil-heat-call,1,4
2026-08-02 12:15:00,buffer-depth1,4802,43
2026-08-02 12:15:00,buffer-depth2,4802,25
2026-08-02 12:15:00,buffer-depth3,4817,17
2026-08-02 12:15:00,hp-ewt,10902,33
2026-08-02 12:15:00,hp-lwt,8971,80
2026-08-02 12:15:00,secondary-ewt,9796,9
2026-08-02 12:15:00,secondary-flow,780,2
2026-08-02 12:15:00,secondary-lwt,9297,41
2026-08-02 12:15:00,zone1-bedrooms-heat-call,0,3
2026-08-02 12:15:00,zone5-living-rm-fancoil-heat-call,0,4
2026-08-02 12:30:00,buffer-depth1,4778,46
2026-08-02 12:30:00,buffer-depth2,4793,28
2026-08-02 12:30:00,buffer-depth3,4810,19
2026-08-02 12:30:00,hp-ewt,10681,38
2026-08-02 12:30:00,hp-lwt,8629,78
2026-08-02 12:30:00,zone1-bedrooms-heat-call,0,3
2026-08-02 12:30:00,zone5-living-rm-fancoil-heat-call,1,4
2026-08-02 12:45:00,buffer-depth1,4781,47
2026-08-02 12:45:00,buffer-depth2,4793,26
2026-08-02 12:45:00,buffer-depth3,4811,15
2026-08-02 12:45:00,hp-ewt,10681,38
2026-08-02 12:45:00,hp-lwt,8572,97
2026-08-02 12:45:00,zone1-bedrooms-heat-call,0,3
2026-08-02 12:45:00,zone5-living-rm-fancoil-heat-call,0,3
2026-08-02 13:00:00,buffer-depth1,4798,43
2026-08-02 13:00:00,buffer-depth2,4796,26
2026-08-02 13:00:00,buffer-depth3,4808,15
2026-08-02 13:00:00,hp-ewt,11054,33
2026-08-02 13:00:00,hp-lwt,9091,69
2026-08-02 13:00:00,zone1-bedrooms-heat-call,0,3
2026-08-02 13:00:00,zone5-living-rm-fancoil-heat-call,1,5
2026-08-02 13:15:00,buffer-depth1,4787,42
2026-08-02 13:15:00,buffer-depth2,4802,24
2026-08-02 13:15:00,buffer-depth3,4815,17
2026-08-02 13:15:00,hp-ewt,10712,39
2026-08-02 13:15:00,hp-lwt,8535,88
2026-08-02 13:15:00,secondary-ewt,9772,6
2026-08-02 13:15:00,secondary-flow,778,1
2026-08-02 13:15:00,secondary-lwt,8997,22
2026-08-02 13:15:00,zone1-bedrooms-heat-call,0,3
2026-08-02 13:15:00,zone5-living-rm-fancoil-heat-call,0,3
2026-08-02 13:30:00,buffer-depth1,4803,46
2026-08-02 13:30:00,buffer-depth2,4810,24
2026-08-02 13:30:00,buffer-depth3,4818,16
2026-08-02 13:30:00,hp-ewt,10866,38
2026-08-02 13:30:00,hp-lwt,8634,85
2026-08-02 13:30:00,secondary-ewt,10140,24
2026-08-02 13:30:00,secondary-flow,798,4
2026-08-02 13:30:00,secondary-lwt,9331,61
2026-08-02 13:30:00,zone1-bedrooms-heat-call,0,3
2026-08-02 13:30:00,zone5-living-rm-fancoil-heat-call,1,4
2026-08-02 13:45:00,buffer-depth1,4797,45
2026-08-02 13:45:00,buffer-depth2,4800,29
2026-08-02 13:45:00,buffer-depth3,4822,15
2026-08-02 13:45:00,hp-ewt,10816,36
2026-08-02 13:45:00,hp-lwt,9010,81
2026-08-02 13:45:00,secondary-ewt,9778,11
2026-08-02 13:45:00,secondary-flow,787,5
2026-08-02 13:45:00,secondary-lwt,9395,57
2026-08-02 13:45:00,zone1-bedrooms-heat-call,0,3
2026-08-02 13:45:00,zone5-living-rm-fancoil-heat-call,0,4
2026-08-02 14:00:00,buffer-depth1,4767,43
2026-08-02 14:00:00,buffer-depth2,4786,27
2026-08-02 14:00:00,buffer-depth3,4819,18
2026-08-02 14:00:00,hp-ewt,10656,36
2026-08-02 14:00:00,hp-lwt,8461,86
2026-08-02 14:00:00,secondary-ewt,10025,4
2026-08-02 14:00:00,secondary-flow,806,1
2026-08-02 14:00:00,secondary-lwt,9997,9
2026-08-02 14:00:00,zone1-bedrooms-heat-call,0,3
2026-08-02 14:00:00,zone5-living-rm-fancoil-heat-call,0,4
2026-08-02 14:15:00,buffer-depth1,4805,39
2026-08-02 14:15:00,buffer-depth2,4797,28
2026-08-02 14:15:00,buffer-depth3,4809,15
2026-08-02 14:15:00,hp-ewt,10890,31
2026-08-02 14:15:00,hp-lwt,8827,71
2026-08-02 14:15:00,secondary-ewt,10036,12
2026-08-02 14:15:00,secondary-flow,793,4
2026-08-02 14:15:00,secondary-lwt,9370,47
2026-08-02 14:15:00,zone1-bedrooms-heat-call,0,3
2026-08-02 14:15:00,zone5-living-rm-fancoil-heat-call,1,4
2026-08-02 14:30:00,buffer-depth1,4762,45
2026-08-02 14:30:00,buffer-depth2,4772,28
2026-08-02 14:30:00,buffer-depth3,4804,18
2026-08-02 14:30:00,hp-ewt,10544,40
2026-08-02 14:30:00,hp-lwt,8519,83
2026-08-02 14:30:00,secondary-ewt,9873,25
2026-08-02 14:30:00,secondary-flow,784,4
2026-08-02 14:30:00,secondary-lwt,9006,58
2026-08-02 14:30:00,zone1-bedrooms-heat-call,0,3
2026-08-02 14:30:00,zone5-living-rm-fancoil-heat-call,1,4
2026-08-02 14:45:00,buffer-depth1,4806,42
2026-08-02 14:45:00,buffer-depth2,4804,29
2026-08-02 14:45:00,buffer-depth3,4805,15
2026-08-02 14:45:00,hp-ewt,10851,34
2026-08-02 14:45:00,hp-lwt,8473,86
2026-08-02 14:45:00,secondary-ewt,10162,22
2026-08-02 14:45:00,secondary-flow,800,4
2026-08-02 14:45:00,secondary-lwt,9330,59
2026-08-02 14:45:00,zone1-bedrooms-heat-call,0,3
2026-08-02 14:45:00,zone5-living-rm-fancoil-heat-call,1,4
2026-08-02 15:00:00,buffer-depth1,4783,37
2026-08-02 15:00:00,buffer-depth2,4789,29
2026-08-02 15:00:00,buffer-depth3,4811,20
2026-08-02 15:00:00,hp-ewt,10598,33
2026-08-02 15:00:00,hp-lwt,8676,64
2026-08-02 15:00:00,secondary-ewt,10098,19
2026-08-02 15:00:00,secondary-flow,789,5
2026-08-02 15:00:00,secondary-lwt,9308,50
2026-08-02 15:00:00,zone1-bedrooms-heat-call,0,3
2026-08-02 15:00:00,zone5-living-rm-fancoil-heat-call,0,4
2026-08-02 15:15:00,buffer-depth1,4802,44
2026-08-02 15:15:00,buffer-depth2,4799,25
2026-08-02 15:15:00,buffer-depth3,4810,16
2026-08-02 15:15:00,hp-ewt,10678,35
2026-08-02 15:15:00,hp-lwt,8289,89
2026-08-02 15:15:00,secondary-ewt,10153,22
2026-08-02 15:15:00,secondary-flow,800,4
2026-08-02 15:15:00,secondary-lwt,9165,61
2026-08-02 15:15:00,zone1-bedrooms-heat-call,0,3
2026-08-02 15:15:00,zone5-living-rm-fancoil-heat-call,1,4
2026-08-02 15:30:00,buffer-depth1,4775,34
2026-08-02 15:30:00,buffer-depth2,4777,26
2026-08-02 15:30:00,buffer-depth3,4805,18
2026-08-02 15:30:00,hp-ewt,10641,29
2026-08-02 15:30:00,hp-lwt,8819,60
2026-08-02 15:30:00,secondary-ewt,10606,8
2026-08-02 15:30:00,secondary-flow,795,3
2026-08-02 15:30:00,secondary-lwt,10406,5
2026-08-02 15:30:00,zone1-bedrooms-heat-call,0,3
2026-08-02 15:30:00,zone5-living-rm-fancoil-heat-call,0,4
2026-08-02 15:45:00,buffer-depth1,4790,45
2026-08-02 15:45:00,buffer-depth2,4794,27
2026-08-02 15:45:00,buffer-depth3,4796,15
2026-08-02 15:45:00,hp-ewt,10646,35
2026-08-02 15:45:00,hp-lwt,8397,88
2026-08-02 15:45:00,secondary-ewt,10085,23
2026-08-02 15:45:00,secondary-flow,796,5
2026-08-02 15:45:00,secondary-lwt,9047,57
2026-08-02 15:45:00,zone1-bedrooms-heat-call,0,3
2026-08-02 15:45:00,zone5-living-rm-fancoil-heat-call,1,4
2026-08-02 16:00:00,buffer-depth1,4767,35
2026-08-02 16:00:00,buffer-depth2,4774,25
2026-08-02 16:00:00,buffer-depth3,4793,17
2026-08-02 16:00:00,hp-ewt,10585,29
2026-08-02 16:00:00,hp-lwt,8776,65
2026-08-02 16:00:00,secondary-ewt,10638,8
2026-08-02 16:00:00,secondary-flow,794,2
2026-08-02 16:00:00,secondary-lwt,10510,6
2026-08-02 16:00:00,zone1-bedrooms-heat-call,0,3
2026-08-02 16:00:00,zone5-living-rm-fancoil-heat-call,0,4
2026-08-02 16:15:00,buffer-depth1,4809,39
2026-08-02 16:15:00,buffer-depth2,4802,25
2026-08-02 16:15:00,buffer-depth3,4795,16
2026-08-02 16:15:00,hp-ewt,10751,34
2026-08-02 16:15:00,hp-lwt,8410,81
2026-08-02 16:15:00,secondary-ewt,10227,15
2026-08-02 16:15:00,secondary-flow,806,3
2026-08-02 16:15:00,secondary-lwt,9301,33
2026-08-02 16:15:00,zone1-bedrooms-heat-call,0,5
2026-08-02 16:15:00,zone5-living-rm-fancoil-heat-call,1,3
2026-08-02 16:30:00,buffer-depth1,4835,40
2026-08-02 16:30:00,buffer-depth2,4825,25
2026-08-02 16:30:00,buffer-depth3,4818,17
2026-08-02 16:30:00,hp-ewt,10898,33
2026-08-02 16:30:00,hp-lwt,8986,71
2026-08-02 16:30:00,secondary-ewt,10374,16
2026-08-02 16:30:00,secondary-flow,806,3
2026-08-02 16:30:00,secondary-lwt,9384,40
2026-08-02 16:30:00,zone1-bedrooms-heat-call,0,3
2026-08-02 16:30:00,zone5-living-rm-fancoil-heat-call,1,3
2026-08-02 16:45:00,buffer-depth1,4833,47
2026-08-02 16:45:00,buffer-depth2,4838,25
2026-08-02 16:45:00,buffer-depth3,4840,16
2026-08-02 16:45:00,hp-ewt,10700,36
2026-08-02 16:45:00,hp-lwt,8488,82
2026-08-02 16:45:00,secondary-ewt,10284,26
2026-08-02 16:45:00,secondary-flow,807,3
2026-08-02 16:45:00,secondary-lwt,9249,57
2026-08-02 16:45:00,zone1-bedrooms-heat-call,0,3
2026-08-02 16:45:00,zone5-living-rm-fancoil-heat-call,1,3
2026-08-02 17:00:00,buffer-depth1,4837,39
2026-08-02 17:00:00,buffer-depth2,4843,25
2026-08-02 17:00:00,buffer-depth3,4847,15
2026-08-02 17:00:00,hp-ewt,10727,37
2026-08-02 17:00:00,hp-lwt,8572,94
2026-08-02 17:00:00,secondary-ewt,10116,7
2026-08-02 17:00:00,secondary-flow,805,1
2026-08-02 17:00:00,secondary-lwt,9158,21
2026-08-02 17:00:00,zone1-bedrooms-heat-call,0,3
2026-08-02 17:00:00,zone5-living-rm-fancoil-heat-call,1,4
2026-08-02 17:15:00,buffer-depth1,4810,42
2026-08-02 17:15:00,buffer-depth2,4816,29
2026-08-02 17:15:00,buffer-depth3,4842,17
2026-08-02 17:15:00,hp-ewt,10876,30
2026-08-02 17:15:00,hp-lwt,9044,68
2026-08-02 17:15:00,secondary-ewt,10252,13
2026-08-02 17:15:00,secondary-flow,787,4
2026-08-02 17:15:00,secondary-lwt,9271,40
2026-08-02 17:15:00,zone1-bedrooms-heat-call,0,3
2026-08-02 17:15:00,zone5-living-rm-fancoil-heat-call,0,4
2026-08-02 17:30:00,buffer-depth1,4818,39
2026-08-02 17:30:00,buffer-depth2,4828,28
2026-08-02 17:30:00,buffer-depth3,4830,15
2026-08-02 17:30:00,hp-ewt,10648,37
2026-08-02 17:30:00,hp-lwt,8363,89
2026-08-02 17:30:00,secondary-ewt,10243,8
2026-08-02 17:30:00,secondary-flow,807,1
2026-08-02 17:30:00,secondary-lwt,8808,26
2026-08-02 17:30:00,zone1-bedrooms-heat-call,0,3
2026-08-02 17:30:00,zone5-living-rm-fancoil-heat-call,1,4
2026-08-02 17:45:00,buffer-depth1,4790,39
2026-08-02 17:45:00,buffer-depth2,4807,29
2026-08-02 17:45:00,buffer-depth3,4823,17
2026-08-02 17:45:00,hp-ewt,10798,28
2026-08-02 17:45:00,hp-lwt,8867,67
2026-08-02 17:45:00,secondary-ewt,10224,17
2026-08-02 17:45:00,secondary-flow,790,5
2026-08-02 17:45:00,secondary-lwt,9387,46
2026-08-02 17:45:00,zone1-bedrooms-heat-call,0,3
2026-08-02 17:45:00,zone5-living-rm-fancoil-heat-call,0,4
2026-08-02 18:00:00,buffer-depth1,4798,37
2026-08-02 18:00:00,buffer-depth2,4806,26
2026-08-02 18:00:00,buffer-depth3,4815,15
2026-08-02 18:00:00,hp-ewt,10612,37
2026-08-02 18:00:00,hp-lwt,8366,85
2026-08-02 18:00:00,secondary-ewt,10087,13
2026-08-02 18:00:00,secondary-flow,806,1
2026-08-02 18:00:00,secondary-lwt,9239,32
2026-08-02 18:00:00,zone1-bedrooms-heat-call,0,3
2026-08-02 18:00:00,zone5-living-rm-fancoil-heat-call,1,4
2026-08-02 18:15:00,buffer-depth1,4790,41
2026-08-02 18:15:00,buffer-depth2,4789,26
2026-08-02 18:15:00,buffer-depth3,4809,18
2026-08-02 18:15:00,hp-ewt,10929,28
2026-08-02 18:15:00,hp-lwt,8839,63
2026-08-02 18:15:00,secondary-ewt,10255,11
2026-08-02 18:15:00,secondary-flow,789,3
2026-08-02 18:15:00,secondary-lwt,9322,21
2026-08-02 18:15:00,zone1-bedrooms-heat-call,0,3
2026-08-02 18:15:00,zone5-living-rm-fancoil-heat-call,0,4
2026-08-02 18:30:00,buffer-depth1,4794,44
2026-08-02 18:30:00,buffer-depth2,4795,32
2026-08-02 18:30:00,buffer-depth3,4801,16
2026-08-02 18:30:00,hp-ewt,10554,39
2026-08-02 18:30:00,hp-lwt,8329,92
2026-08-02 18:30:00,secondary-ewt,10114,14
2026-08-02 18:30:00,secondary-flow,796,3
2026-08-02 18:30:00,secondary-lwt,9104,35
2026-08-02 18:30:00,zone1-bedrooms-heat-call,0,3
2026-08-02 18:30:00,zone5-living-rm-fancoil-heat-call,1,4
2026-08-02 18:45:00,buffer-depth1,4797,39
2026-08-02 18:45:00,buffer-depth2,4789,26
2026-08-02 18:45:00,buffer-depth3,4806,16
2026-08-02 18:45:00,hp-ewt,10642,30
2026-08-02 18:45:00,hp-lwt,8524,68
2026-08-02 18:45:00,secondary-ewt,10302,18
2026-08-02 18:45:00,secondary-flow,794,4
2026-08-02 18:45:00,secondary-lwt,9661,29
2026-08-02 18:45:00,zone1-bedrooms-heat-call,0,3
2026-08-02 18:45:00,zone5-living-rm-fancoil-heat-call,0,4
2026-08-02 19:00:00,buffer-depth1,4788,45
2026-08-02 19:00:00,buffer-depth2,4793,28
2026-08-02 19:00:00,buffer-depth3,4809,15
2026-08-02 19:00:00,hp-ewt,10525,38
2026-08-02 19:00:00,hp-lwt,8406,81
2026-08-02 19:00:00,secondary-ewt,9931,19
2026-08-02 19:00:00,secondary-flow,787,4
2026-08-02 19:00:00,secondary-lwt,9019,56
2026-08-02 19:00:00,zone1-bedrooms-heat-call,0,3
2026-08-02 19:00:00,zone5-living-rm-fancoil-heat-call,1,4
2026-08-02 19:15:00,buffer-depth1,4779,45
2026-08-02 19:15:00,buffer-depth2,4792,28
2026-08-02 19:15:00,buffer-depth3,4807,17
2026-08-02 19:15:00,hp-ewt,10449,34
2026-08-02 19:15:00,hp-lwt,8256,81
2026-08-02 19:15:00,secondary-ewt,10207,23
2026-08-02 19:15:00,secondary-flow,792,4
2026-08-02 19:15:00,secondary-lwt,9041,60
2026-08-02 19:15:00,zone1-bedrooms-heat-call,0,3
2026-08-02 19:15:00,zone5-living-rm-fancoil-heat-call,1,4
2026-08-02 19:30:00,buffer-depth1,4790,39
2026-08-02 19:30:00,buffer-depth2,4791,29
2026-08-02 19:30:00,buffer-depth3,4806,15
2026-08-02 19:30:00,hp-ewt,10618,36
2026-08-02 19:30:00,hp-lwt,8632,76
2026-08-02 19:30:00,secondary-ewt,9964,15
2026-08-02 19:30:00,secondary-flow,793,4
2026-08-02 19:30:00,secondary-lwt,9009,47
2026-08-02 19:30:00,zone1-bedrooms-heat-call,0,3
2026-08-02 19:30:00,zone5-living-rm-fancoil-heat-call,1,4
2026-08-02 19:45:00,buffer-depth1,4768,47
2026-08-02 19:45:00,buffer-depth2,4791,27
2026-08-02 19:45:00,buffer-depth3,4810,17
2026-08-02 19:45:00,hp-ewt,10427,38
2026-08-02 19:45:00,hp-lwt,8280,96
2026-08-02 19:45:00,secondary-ewt,10101,17
2026-08-02 19:45:00,secondary-flow,794,4
2026-08-02 19:45:00,secondary-lwt,8957,34
2026-08-02 19:45:00,zone1-bedrooms-heat-call,0,3
2026-08-02 19:45:00,zone5-living-rm-fancoil-heat-call,0,4
2026-08-02 20:00:00,buffer-depth1,4798,43
2026-08-02 20:00:00,buffer-depth2,4789,25
2026-08-02 20:00:00,buffer-depth3,4802,15
2026-08-02 20:00:00,hp-ewt,10729,32
2026-08-02 20:00:00,hp-lwt,8675,71
2026-08-02 20:00:00,secondary-ewt,9989,14
2026-08-02 20:00:00,secondary-flow,789,3
2026-08-02 20:00:00,secondary-lwt,9310,48
2026-08-02 20:00:00,zone1-bedrooms-heat-call,0,3
2026-08-02 20:00:00,zone5-living-rm-fancoil-heat-call,1,4
2026-08-02 20:15:00,buffer-depth1,4758,43
2026-08-02 20:15:00,buffer-depth2,4769,29
2026-08-02 20:15:00,buffer-depth3,4801,18
2026-08-02 20:15:00,hp-ewt,10524,37
2026-08-02 20:15:00,hp-lwt,8365,83
2026-08-02 20:15:00,secondary-ewt,10022,20
2026-08-02 20:15:00,secondary-flow,793,6
2026-08-02 20:15:00,secondary-lwt,8864,57
2026-08-02 20:15:00,zone1-bedrooms-heat-call,0,3
2026-08-02 20:15:00,zone5-living-rm-fancoil-heat-call,0,4
2026-08-02 20:30:00,buffer-depth1,4786,44
2026-08-02 20:30:00,buffer-depth2,4791,25
2026-08-02 20:30:00,buffer-depth3,4798,15
2026-08-02 20:30:00,hp-ewt,10549,34
2026-08-02 20:30:00,hp-lwt,8285,81
2026-08-02 20:30:00,secondary-ewt,9797,12
2026-08-02 20:30:00,secondary-flow,788,3
2026-08-02 20:30:00,secondary-lwt,9090,53
2026-08-02 20:30:00,zone1-bedrooms-heat-call,0,3
2026-08-02 20:30:00,zone5-living-rm-fancoil-heat-call,1,4
2026-08-02 20:45:00,buffer-depth1,4770,40
2026-08-02 20:45:00,buffer-depth2,4774,27
2026-08-02 20:45:00,buffer-depth3,4801,17
2026-08-02 20:45:00,hp-ewt,10575,33
2026-08-02 20:45:00,hp-lwt,8900,76
2026-08-02 20:45:00,secondary-ewt,9980,1
2026-08-02 20:45:00,secondary-flow,781,1
2026-08-02 20:45:00,secondary-lwt,10243,3
2026-08-02 20:45:00,zone1-bedrooms-heat-call,0,3
2026-08-02 20:45:00,zone5-living-rm-fancoil-heat-call,0,3
2026-08-02 21:00:00,buffer-depth1,4773,51
2026-08-02 21:00:00,buffer-depth2,4784,28
2026-08-02 21:00:00,buffer-depth3,4802,17
2026-08-02 21:00:00,hp-ewt,10503,40
2026-08-02 21:00:00,hp-lwt,8385,95
2026-08-02 21:00:00,secondary-ewt,9935,31
2026-08-02 21:00:00,secondary-flow,795,5
2026-08-02 21:00:00,secondary-lwt,9175,68
2026-08-02 21:00:00,zone1-bedrooms-heat-call,0,3
2026-08-02 21:00:00,zone5-living-rm-fancoil-heat-call,1,5
2026-08-02 21:15:00,buffer-depth1,4777,41
2026-08-02 21:15:00,buffer-depth2,4788,22
2026-08-02 21:15:00,buffer-depth3,4802,17
2026-08-02 21:15:00,hp-ewt,10511,24
2026-08-02 21:15:00,hp-lwt,8492,51
2026-08-02 21:15:00,secondary-ewt,9628,4
2026-08-02 21:15:00,secondary-flow,780,2
2026-08-02 21:15:00,secondary-lwt,8864,17
2026-08-02 21:15:00,zone1-bedrooms-heat-call,0,3
2026-08-02 21:15:00,zone5-living-rm-fancoil-heat-call,0,3
2026-08-02 21:30:00,buffer-depth1,4765,42
2026-08-02 21:30:00,buffer-depth2,4776,29
2026-08-02 21:30:00,buffer-depth3,4804,17
2026-08-02 21:30:00,hp-ewt,10455,11
2026-08-02 21:30:00,hp-lwt,8202,25
2026-08-02 21:30:00,secondary-ewt,10070,14
2026-08-02 21:30:00,secondary-flow,792,2
2026-08-02 21:30:00,secondary-lwt,9032,35
2026-08-02 21:30:00,zone1-bedrooms-heat-call,0,3
2026-08-02 21:30:00,zone5-living-rm-fancoil-heat-call,1,4
2026-08-02 21:45:00,buffer-depth1,4791,40
2026-08-02 21:45:00,buffer-depth2,4797,20
2026-08-02 21:45:00,buffer-depth3,4796,18
2026-08-02 21:45:00,hp-ewt,10490,38
2026-08-02 21:45:00,hp-lwt,8480,91
2026-08-02 21:45:00,secondary-ewt,10540,1
2026-08-02 21:45:00,secondary-flow,807,1
2026-08-02 21:45:00,secondary-lwt,10570,1
2026-08-02 21:45:00,zone1-bedrooms-heat-call,0,3
2026-08-02 21:45:00,zone5-living-rm-fancoil-heat-call,0,4
2026-08-02 22:00:00,buffer-depth1,4785,40
2026-08-02 22:00:00,buffer-depth2,4778,28
2026-08-02 22:00:00,buffer-depth3,4809,17
2026-08-02 22:00:00,hp-ewt,10690,36
2026-08-02 22:00:00,hp-lwt,9044,77
2026-08-02 22:00:00,zone1-bedrooms-heat-call,0,3
2026-08-02 22:00:00,zone5-living-rm-fancoil-heat-call,1,4
2026-08-02 22:15:00,buffer-depth1,4772,41
2026-08-02 22:15:00,buffer-depth2,4785,27
2026-08-02 22:15:00,buffer-depth3,4806,15
2026-08-02 22:15:00,hp-ewt,10322,37
2026-08-02 22:15:00,hp-lwt,8183,84
2026-08-02 22:15:00,zone1-bedrooms-heat-call,0,3
2026-08-02 22:15:00,zone5-living-rm-fancoil-heat-call,0,4
2026-08-02 22:30:00,buffer-depth1,4791,39
2026-08-02 22:30:00,buffer-depth2,4784,25
2026-08-02 22:30:00,buffer-depth3,4807,15
2026-08-02 22:30:00,hp-ewt,10707,29
2026-08-02 22:30:00,hp-lwt,8767,66
2026-08-02 22:30:00,zone1-bedrooms-heat-call,0,3
2026-08-02 22:30:00,zone5-living-rm-fancoil-heat-call,0,4
2026-08-02 22:45:00,buffer-depth1,4778,43
2026-08-02 22:45:00,buffer-depth2,4796,25
2026-08-02 22:45:00,buffer-depth3,4809,15
2026-08-02 22:45:00,hp-ewt,10315,37
2026-08-02 22:45:00,hp-lwt,8099,83
2026-08-02 22:45:00,secondary-ewt,9828,19
2026-08-02 22:45:00,secondary-flow,794,4
2026-08-02 22:45:00,secondary-lwt,8911,59
2026-08-02 22:45:00,zone1-bedrooms-heat-call,0,3
2026-08-02 22:45:00,zone5-living-rm-fancoil-heat-call,1,4
2026-08-02 23:00:00,buffer-depth1,4800,39
2026-08-02 23:00:00,buffer-depth2,4795,26
2026-08-02 23:00:00,buffer-depth3,4812,15
2026-08-02 23:00:00,hp-ewt,10653,30
2026-08-02 23:00:00,hp-lwt,8852,75
2026-08-02 23:00:00,secondary-ewt,10234,20
2026-08-02 23:00:00,secondary-flow,787,5
2026-08-02 23:00:00,secondary-lwt,9387,52
2026-08-02 23:00:00,zone1-bedrooms-heat-call,0,3
2026-08-02 23:00:00,zone5-living-rm-fancoil-heat-call,0,4
2026-08-02 23:15:00,buffer-depth1,4780,44
2026-08-02 23:15:00,buffer-depth2,4790,27
2026-08-02 23:15:00,buffer-depth3,4815,15
2026-08-02 23:15:00,hp-ewt,10413,39
2026-08-02 23:15:00,hp-lwt,8225,82
2026-08-02 23:15:00,secondary-ewt,9891,9
2026-08-02 23:15:00,secondary-flow,806,1
2026-08-02 23:15:00,secondary-lwt,8551,22
2026-08-02 23:15:00,zone1-bedrooms-heat-call,0,3
2026-08-02 23:15:00,zone5-living-rm-fancoil-heat-call,1,4
2026-08-02 23:30:00,buffer-depth1,4781,45
2026-08-02 23:30:00,buffer-depth2,4794,28
2026-08-02 23:30:00,buffer-depth3,4809,17
2026-08-02 23:30:00,hp-ewt,10328,34
2026-08-02 23:30:00,hp-lwt,8119,84
2026-08-02 23:30:00,secondary-ewt,9685,11
2026-08-02 23:30:00,secondary-flow,781,3
2026-08-02 23:30:00,secondary-lwt,8877,58
2026-08-02 23:30:00,zone1-bedrooms-heat-call,0,3
2026-08-02 23:30:00,zone5-living-rm-fancoil-heat-call,0,4
2026-08-02 23:45:00,buffer-depth1,4784,36
2026-08-02 23:45:00,buffer-depth2,4799,23
2026-08-02 23:45:00,buffer-depth3,4809,16
2026-08-02 23:45:00,hp-ewt,10604,32
2026-08-02 23:45:00,hp-lwt,8766,55
2026-08-02 23:45:00,secondary-ewt,10175,15
2026-08-02 23:45:00,secondary-flow,799,4
2026-08-02 23:45:00,secondary-lwt,9690,28
2026-08-02 23:45:00,zone1-bedrooms-heat-call,0,3
2026-08-02 23:45:00,zone5-living-rm-fancoil-heat-call,1,4
