bucket_et,channel,avg_value,n,display_unit
2026-07-26 00:00:00,buffer-depth1,45.89,19,F
2026-07-26 00:00:00,buffer-depth2,46.05,19,F
2026-07-26 00:00:00,buffer-depth3,46.5,18,F
2026-07-26 00:00:00,hp-ewt,49.68,4,F
2026-07-26 00:00:00,hp-lwt,42.97,5,F
2026-07-26 00:00:00,secondary-ewt,47.91,1,F
2026-07-26 00:00:00,secondary-flow,7.81,1,gpm
2026-07-26 00:00:00,secondary-lwt,46.51,1,F
2026-07-26 00:00:00,zone1-bedrooms-heat-call,0.0,3,Unitless
2026-07-26 00:00:00,zone5-living-rm-fancoil-heat-call,1.0,4,Unitless
2026-07-26 00:15:00,buffer-depth1,45.63,23,F
2026-07-26 00:15:00,buffer-depth2,45.73,18,F
2026-07-26 00:15:00,buffer-depth3,46.16,16,F
2026-07-26 00:15:00,hp-ewt,49.69,14,F
2026-07-26 00:15:00,hp-lwt,45.47,25,F
2026-07-26 00:15:00,zone1-bedrooms-heat-call,0.0,3,Unitless
2026-07-26 00:15:00,zone5-living-rm-fancoil-heat-call,0.0,6,Unitless
2026-07-26 00:30:00,buffer-depth1,46.55,22,F
2026-07-26 00:30:00,buffer-depth2,46.25,22,F
2026-07-26 00:30:00,buffer-depth3,46.08,16,F
2026-07-26 00:30:00,hp-ewt,51.94,7,F
2026-07-26 00:30:00,hp-lwt,50.94,7,F
2026-07-26 00:30:00,zone1-bedrooms-heat-call,0.0,3,Unitless
2026-07-26 00:30:00,zone5-living-rm-fancoil-heat-call,1.0,5,Unitless
2026-07-26 00:45:00,buffer-depth1,46.85,24,F
2026-07-26 00:45:00,buffer-depth2,46.86,23,F
2026-07-26 00:45:00,buffer-depth3,46.65,20,F
2026-07-26 00:45:00,hp-ewt,51.23,14,F
2026-07-26 00:45:00,hp-lwt,48.02,39,F
2026-07-26 00:45:00,zone1-bedrooms-heat-call,0.0,3,Unitless
2026-07-26 00:45:00,zone5-living-rm-fancoil-heat-call,0.0,3,Unitless
2026-07-26 01:00:00,buffer-depth1,46.71,19,F
2026-07-26 01:00:00,buffer-depth2,46.64,16,F
2026-07-26 01:00:00,buffer-depth3,46.83,15,F
2026-07-26 01:00:00,hp-ewt,50.2,7,F
2026-07-26 01:00:00,hp-lwt,46.27,21,F
2026-07-26 01:00:00,zone1-bedrooms-heat-call,0.0,3,Unitless
2026-07-26 01:00:00,zone5-living-rm-fancoil-heat-call,1.0,7,Unitless
2026-07-26 01:15:00,buffer-depth1,46.8,24,F
2026-07-26 01:15:00,buffer-depth2,46.76,18,F
2026-07-26 01:15:00,buffer-depth3,46.91,16,F
2026-07-26 01:15:00,hp-ewt,50.9,11,F
2026-07-26 01:15:00,hp-lwt,47.21,24,F
2026-07-26 01:15:00,zone1-bedrooms-heat-call,0.0,3,Unitless
2026-07-26 01:15:00,zone5-living-rm-fancoil-heat-call,0.0,4,Unitless
2026-07-26 01:30:00,buffer-depth1,47.68,34,F
2026-07-26 01:30:00,buffer-depth2,47.52,23,F
2026-07-26 01:30:00,buffer-depth3,47.21,19,F
2026-07-26 01:30:00,hp-ewt,51.41,21,F
2026-07-26 01:30:00,hp-lwt,47.75,53,F
2026-07-26 01:30:00,secondary-ewt,48.73,7,F
2026-07-26 01:30:00,secondary-flow,7.8,2,gpm
2026-07-26 01:30:00,secondary-lwt,48.01,32,F
2026-07-26 01:30:00,zone1-bedrooms-heat-call,0.0,3,Unitless
2026-07-26 01:30:00,zone5-living-rm-fancoil-heat-call,1.0,4,Unitless
2026-07-26 01:45:00,buffer-depth1,47.96,22,F
2026-07-26 01:45:00,buffer-depth2,47.8,21,F
2026-07-26 01:45:00,buffer-depth3,47.8,19,F
2026-07-26 01:45:00,hp-ewt,51.51,10,F
2026-07-26 01:45:00,hp-lwt,50.41,10,F
2026-07-26 01:45:00,secondary-ewt,48.99,1,F
2026-07-26 01:45:00,secondary-lwt,48.78,2,F
2026-07-26 01:45:00,zone1-bedrooms-heat-call,0.0,3,Unitless
2026-07-26 01:45:00,zone5-living-rm-fancoil-heat-call,0.0,4,Unitless
2026-07-26 02:00:00,buffer-depth1,48.87,20,F
2026-07-26 02:00:00,buffer-depth2,48.63,19,F
2026-07-26 02:00:00,buffer-depth3,48.3,19,F
2026-07-26 02:00:00,hp-ewt,53.56,10,F
2026-07-26 02:00:00,hp-lwt,52.46,12,F
2026-07-26 02:00:00,secondary-ewt,50.31,5,F
2026-07-26 02:00:00,secondary-flow,7.94,4,gpm
2026-07-26 02:00:00,secondary-lwt,50.35,5,F
2026-07-26 02:00:00,zone1-bedrooms-heat-call,0.0,3,Unitless
2026-07-26 02:00:00,zone5-living-rm-fancoil-heat-call,1.0,4,Unitless
2026-07-26 02:15:00,buffer-depth1,48.41,38,F
2026-07-26 02:15:00,buffer-depth2,48.49,26,F
2026-07-26 02:15:00,buffer-depth3,48.62,18,F
2026-07-26 02:15:00,hp-ewt,51.17,24,F
2026-07-26 02:15:00,hp-lwt,47.46,54,F
2026-07-26 02:15:00,secondary-ewt,50.81,10,F
2026-07-26 02:15:00,secondary-flow,7.98,4,gpm
2026-07-26 02:15:00,secondary-lwt,50.65,7,F
2026-07-26 02:15:00,zone1-bedrooms-heat-call,0.0,3,Unitless
2026-07-26 02:15:00,zone5-living-rm-fancoil-heat-call,1.0,4,Unitless
2026-07-26 02:30:00,buffer-depth1,49.24,17,F
2026-07-26 02:30:00,buffer-depth2,49.05,17,F
2026-07-26 02:30:00,buffer-depth3,48.74,18,F
2026-07-26 02:30:00,hp-ewt,53.5,8,F
2026-07-26 02:30:00,hp-lwt,52.23,8,F
2026-07-26 02:30:00,secondary-ewt,50.53,4,F
2026-07-26 02:30:00,secondary-flow,7.9,4,gpm
2026-07-26 02:30:00,secondary-lwt,50.59,4,F
2026-07-26 02:30:00,zone1-bedrooms-heat-call,0.0,3,Unitless
2026-07-26 02:30:00,zone5-living-rm-fancoil-heat-call,0.0,4,Unitless
2026-07-26 02:45:00,buffer-depth1,48.38,37,F
2026-07-26 02:45:00,buffer-depth2,48.57,27,F
2026-07-26 02:45:00,buffer-depth3,48.84,23,F
2026-07-26 02:45:00,hp-ewt,51.12,22,F
2026-07-26 02:45:00,hp-lwt,46.84,53,F
2026-07-26 02:45:00,zone1-bedrooms-heat-call,0.0,3,Unitless
2026-07-26 02:45:00,zone5-living-rm-fancoil-heat-call,1.0,4,Unitless
2026-07-26 03:00:00,buffer-depth1,48.23,15,F
2026-07-26 03:00:00,buffer-depth2,48.2,15,F
2026-07-26 03:00:00,buffer-depth3,48.46,16,F
2026-07-26 03:00:00,hp-ewt,51.31,5,F
2026-07-26 03:00:00,hp-lwt,48.42,7,F
2026-07-26 03:00:00,secondary-ewt,49.77,1,F
2026-07-26 03:00:00,secondary-flow,7.79,1,gpm
2026-07-26 03:00:00,secondary-lwt,49.33,1,F
2026-07-26 03:00:00,zone1-bedrooms-heat-call,0.0,3,Unitless
2026-07-26 03:00:00,zone5-living-rm-fancoil-heat-call,0.0,6,Unitless
2026-07-26 03:15:00,buffer-depth1,48.43,17,F
2026-07-26 03:15:00,buffer-depth2,48.34,17,F
2026-07-26 03:15:00,buffer-depth3,48.45,15,F
2026-07-26 03:15:00,hp-ewt,51.7,5,F
2026-07-26 03:15:00,hp-lwt,47.96,15,F
2026-07-26 03:15:00,secondary-ewt,50.54,11,F
2026-07-26 03:15:00,secondary-flow,7.94,7,gpm
2026-07-26 03:15:00,secondary-lwt,49.74,7,F
2026-07-26 03:15:00,zone1-bedrooms-heat-call,0.0,3,Unitless
2026-07-26 03:15:00,zone5-living-rm-fancoil-heat-call,1.0,5,Unitless
2026-07-26 03:30:00,buffer-depth1,48.1,20,F
2026-07-26 03:30:00,buffer-depth2,48.21,17,F
2026-07-26 03:30:00,buffer-depth3,48.47,17,F
2026-07-26 03:30:00,hp-ewt,51.23,3,F
2026-07-26 03:30:00,hp-lwt,45.83,15,F
2026-07-26 03:30:00,secondary-ewt,49.81,2,F
2026-07-26 03:30:00,secondary-flow,7.8,2,gpm
2026-07-26 03:30:00,secondary-lwt,48.84,3,F
2026-07-26 03:30:00,zone1-bedrooms-heat-call,0.0,3,Unitless
2026-07-26 03:30:00,zone5-living-rm-fancoil-heat-call,0.0,3,Unitless
2026-07-26 03:45:00,buffer-depth1,47.39,21,F
2026-07-26 03:45:00,buffer-depth2,47.59,21,F
2026-07-26 03:45:00,buffer-depth3,48.02,21,F
2026-07-26 03:45:00,hp-ewt,50.71,5,F
2026-07-26 03:45:00,hp-lwt,44.14,6,F
2026-07-26 03:45:00,secondary-ewt,49.36,3,F
2026-07-26 03:45:00,secondary-flow,7.95,3,gpm
2026-07-26 03:45:00,secondary-lwt,47.8,3,F
2026-07-26 03:45:00,zone1-bedrooms-heat-call,0.0,3,Unitless
2026-07-26 03:45:00,zone5-living-rm-fancoil-heat-call,1.0,5,Unitless
2026-07-26 04:00:00,buffer-depth1,46.61,21,F
2026-07-26 04:00:00,buffer-depth2,46.86,22,F
2026-07-26 04:00:00,buffer-depth3,47.38,20,F
2026-07-26 04:00:00,hp-ewt,49.99,3,F
2026-07-26 04:00:00,hp-lwt,43.42,4,F
2026-07-26 04:00:00,secondary-ewt,48.49,4,F
2026-07-26 04:00:00,secondary-flow,7.78,3,gpm
2026-07-26 04:00:00,secondary-lwt,46.91,4,F
2026-07-26 04:00:00,zone1-bedrooms-heat-call,0.0,3,Unitless
2026-07-26 04:00:00,zone5-living-rm-fancoil-heat-call,0.0,3,Unitless
2026-07-26 04:15:00,buffer-depth1,46.05,21,F
2026-07-26 04:15:00,buffer-depth2,46.13,17,F
2026-07-26 04:15:00,buffer-depth3,46.61,18,F
2026-07-26 04:15:00,hp-ewt,49.83,3,F
2026-07-26 04:15:00,hp-lwt,44.65,4,F
2026-07-26 04:15:00,secondary-ewt,48.17,4,F
2026-07-26 04:15:00,secondary-flow,7.96,3,gpm
2026-07-26 04:15:00,secondary-lwt,47.18,4,F
2026-07-26 04:15:00,zone1-bedrooms-heat-call,0.0,3,Unitless
2026-07-26 04:15:00,zone5-living-rm-fancoil-heat-call,1.0,5,Unitless
2026-07-26 04:30:00,buffer-depth1,45.88,25,F
2026-07-26 04:30:00,buffer-depth2,45.9,21,F
2026-07-26 04:30:00,buffer-depth3,46.26,17,F
2026-07-26 04:30:00,hp-ewt,49.92,12,F
2026-07-26 04:30:00,hp-lwt,46.15,26,F
2026-07-26 04:30:00,secondary-ewt,47.59,3,F
2026-07-26 04:30:00,secondary-flow,7.79,3,gpm
2026-07-26 04:30:00,secondary-lwt,46.23,15,F
2026-07-26 04:30:00,zone1-bedrooms-heat-call,0.0,3,Unitless
2026-07-26 04:30:00,zone5-living-rm-fancoil-heat-call,0.0,3,Unitless
2026-07-26 04:45:00,buffer-depth1,46.83,22,F
2026-07-26 04:45:00,buffer-depth2,46.57,21,F
2026-07-26 04:45:00,buffer-depth3,46.32,17,F
2026-07-26 04:45:00,hp-ewt,52.57,6,F
2026-07-26 04:45:00,hp-lwt,51.37,6,F
2026-07-26 04:45:00,secondary-ewt,48.86,14,F
2026-07-26 04:45:00,secondary-flow,7.95,6,gpm
2026-07-26 04:45:00,secondary-lwt,48.74,12,F
2026-07-26 04:45:00,zone1-bedrooms-heat-call,0.0,3,Unitless
2026-07-26 04:45:00,zone5-living-rm-fancoil-heat-call,1.0,5,Unitless
2026-07-26 05:00:00,buffer-depth1,47.33,26,F
2026-07-26 05:00:00,buffer-depth2,47.24,19,F
2026-07-26 05:00:00,buffer-depth3,47.05,22,F
2026-07-26 05:00:00,hp-ewt,52.33,18,F
2026-07-26 05:00:00,hp-lwt,48.65,34,F
2026-07-26 05:00:00,secondary-ewt,48.67,7,F
2026-07-26 05:00:00,secondary-flow,7.79,3,gpm
2026-07-26 05:00:00,secondary-lwt,48.37,25,F
2026-07-26 05:00:00,zone1-bedrooms-heat-call,0.0,3,Unitless
2026-07-26 05:00:00,zone5-living-rm-fancoil-heat-call,0.0,3,Unitless
2026-07-26 05:15:00,buffer-depth1,47.38,23,F
2026-07-26 05:15:00,buffer-depth2,47.26,20,F
2026-07-26 05:15:00,buffer-depth3,47.32,16,F
2026-07-26 05:15:00,hp-ewt,50.65,12,F
2026-07-26 05:15:00,hp-lwt,48.31,21,F
2026-07-26 05:15:00,secondary-ewt,49.63,15,F
2026-07-26 05:15:00,secondary-flow,7.94,5,gpm
2026-07-26 05:15:00,secondary-lwt,48.72,15,F
2026-07-26 05:15:00,zone1-bedrooms-heat-call,0.0,3,Unitless
2026-07-26 05:15:00,zone5-living-rm-fancoil-heat-call,1.0,5,Unitless
2026-07-26 05:30:00,buffer-depth1,47.76,18,F
2026-07-26 05:30:00,buffer-depth2,47.76,17,F
2026-07-26 05:30:00,buffer-depth3,47.68,19,F
2026-07-26 05:30:00,hp-ewt,50.81,4,F
2026-07-26 05:30:00,hp-lwt,46.64,16,F
2026-07-26 05:30:00,secondary-ewt,49.06,3,F
2026-07-26 05:30:00,secondary-flow,7.8,3,gpm
2026-07-26 05:30:00,secondary-lwt,48.57,6,F
2026-07-26 05:30:00,zone1-bedrooms-heat-call,0.0,3,Unitless
2026-07-26 05:30:00,zone5-living-rm-fancoil-heat-call,0.0,3,Unitless
2026-07-26 05:45:00,buffer-depth1,47.36,18,F
2026-07-26 05:45:00,buffer-depth2,47.43,17,F
2026-07-26 05:45:00,buffer-depth3,47.77,16,F
2026-07-26 05:45:00,hp-ewt,50.77,4,F
2026-07-26 05:45:00,hp-lwt,44.36,17,F
2026-07-26 05:45:00,secondary-ewt,49.63,13,F
2026-07-26 05:45:00,secondary-flow,7.87,6,gpm
2026-07-26 05:45:00,secondary-lwt,48.27,8,F
2026-07-26 05:45:00,zone1-bedrooms-heat-call,0.0,3,Unitless
2026-07-26 05:45:00,zone5-living-rm-fancoil-heat-call,0.0,5,Unitless
2026-07-26 06:00:00,buffer-depth1,47.21,22,F
2026-07-26 06:00:00,buffer-depth2,47.2,21,F
2026-07-26 06:00:00,buffer-depth3,47.52,17,F
2026-07-26 06:00:00,hp-ewt,50.77,14,F
2026-07-26 06:00:00,hp-lwt,46.44,29,F
2026-07-26 06:00:00,secondary-ewt,48.67,2,F
2026-07-26 06:00:00,secondary-flow,7.79,1,gpm
2026-07-26 06:00:00,secondary-lwt,47.14,15,F
2026-07-26 06:00:00,zone1-bedrooms-heat-call,0.0,3,Unitless
2026-07-26 06:00:00,zone5-living-rm-fancoil-heat-call,0.0,3,Unitless
2026-07-26 06:15:00,buffer-depth1,47.9,29,F
2026-07-26 06:15:00,buffer-depth2,47.67,23,F
2026-07-26 06:15:00,buffer-depth3,47.58,19,F
2026-07-26 06:15:00,hp-ewt,52.19,16,F
2026-07-26 06:15:00,hp-lwt,49.36,37,F
2026-07-26 06:15:00,zone1-bedrooms-heat-call,0.0,3,Unitless
2026-07-26 06:15:00,zone5-living-rm-fancoil-heat-call,1.0,4,Unitless
2026-07-26 06:30:00,buffer-depth1,47.44,19,F
2026-07-26 06:30:00,buffer-depth2,47.54,19,F
2026-07-26 06:30:00,buffer-depth3,47.8,17,F
2026-07-26 06:30:00,hp-ewt,50.37,5,F
2026-07-26 06:30:00,hp-lwt,47.13,12,F
2026-07-26 06:30:00,zone1-bedrooms-heat-call,0.0,3,Unitless
2026-07-26 06:30:00,zone5-living-rm-fancoil-heat-call,0.0,4,Unitless
2026-07-26 06:45:00,buffer-depth1,47.18,23,F
2026-07-26 06:45:00,buffer-depth2,47.21,18,F
2026-07-26 06:45:00,buffer-depth3,47.55,17,F
2026-07-26 06:45:00,hp-ewt,50.53,9,F
2026-07-26 06:45:00,hp-lwt,46.44,31,F
2026-07-26 06:45:00,zone1-bedrooms-heat-call,0.0,3,Unitless
2026-07-26 06:45:00,zone5-living-rm-fancoil-heat-call,0.0,4,Unitless
2026-07-26 07:00:00,buffer-depth1,47.82,32,F
2026-07-26 07:00:00,buffer-depth2,47.72,23,F
2026-07-26 07:00:00,buffer-depth3,47.56,19,F
2026-07-26 07:00:00,hp-ewt,51.25,21,F
2026-07-26 07:00:00,hp-lwt,47.73,54,F
2026-07-26 07:00:00,zone1-bedrooms-heat-call,0.0,3,Unitless
2026-07-26 07:00:00,zone5-living-rm-fancoil-heat-call,1.0,4,Unitless
2026-07-26 07:15:00,buffer-depth1,48.0,19,F
2026-07-26 07:15:00,buffer-depth2,47.88,18,F
2026-07-26 07:15:00,buffer-depth3,47.95,15,F
2026-07-26 07:15:00,hp-ewt,51.99,9,F
2026-07-26 07:15:00,hp-lwt,50.82,8,F
2026-07-26 07:15:00,zone1-bedrooms-heat-call,0.0,3,Unitless
2026-07-26 07:15:00,zone5-living-rm-fancoil-heat-call,0.0,4,Unitless
2026-07-26 07:30:00,buffer-depth1,48.23,35,F
2026-07-26 07:30:00,buffer-depth2,48.19,22,F
2026-07-26 07:30:00,buffer-depth3,48.23,17,F
2026-07-26 07:30:00,hp-ewt,50.81,22,F
2026-07-26 07:30:00,hp-lwt,47.76,57,F
2026-07-26 07:30:00,zone1-bedrooms-heat-call,0.0,3,Unitless
2026-07-26 07:30:00,zone5-living-rm-fancoil-heat-call,1.0,4,Unitless
2026-07-26 07:45:00,buffer-depth1,48.3,20,F
2026-07-26 07:45:00,buffer-depth2,48.33,21,F
2026-07-26 07:45:00,buffer-depth3,48.42,16,F
2026-07-26 07:45:00,hp-ewt,51.17,19,F
2026-07-26 07:45:00,hp-lwt,48.02,47,F
2026-07-26 07:45:00,secondary-ewt,49.53,7,F
2026-07-26 07:45:00,secondary-flow,7.79,3,gpm
2026-07-26 07:45:00,secondary-lwt,46.87,20,F
2026-07-26 07:45:00,zone1-bedrooms-heat-call,0.0,3,Unitless
2026-07-26 07:45:00,zone5-living-rm-fancoil-heat-call,0.0,3,Unitless
2026-07-26 08:00:00,buffer-depth1,48.61,23,F
2026-07-26 08:00:00,buffer-depth2,48.42,21,F
2026-07-26 08:00:00,buffer-depth3,48.4,16,F
2026-07-26 08:00:00,hp-ewt,52.27,9,F
2026-07-26 08:00:00,hp-lwt,51.04,8,F
2026-07-26 08:00:00,secondary-ewt,50.52,12,F
2026-07-26 08:00:00,secondary-flow,7.93,5,gpm
2026-07-26 08:00:00,secondary-lwt,50.34,11,F
2026-07-26 08:00:00,zone1-bedrooms-heat-call,0.0,3,Unitless
2026-07-26 08:00:00,zone5-living-rm-fancoil-heat-call,1.0,5,Unitless
2026-07-26 08:15:00,buffer-depth1,48.51,35,F
2026-07-26 08:15:00,buffer-depth2,48.6,24,F
2026-07-26 08:15:00,buffer-depth3,48.65,17,F
2026-07-26 08:15:00,hp-ewt,51.04,22,F
2026-07-26 08:15:00,hp-lwt,47.91,57,F
2026-07-26 08:15:00,secondary-ewt,49.84,8,F
2026-07-26 08:15:00,secondary-flow,7.8,3,gpm
2026-07-26 08:15:00,secondary-lwt,48.61,37,F
2026-07-26 08:15:00,zone1-bedrooms-heat-call,0.0,3,Unitless
2026-07-26 08:15:00,zone5-living-rm-fancoil-heat-call,0.0,3,Unitless
2026-07-26 08:30:00,buffer-depth1,48.36,33,F
2026-07-26 08:30:00,buffer-depth2,48.48,24,F
2026-07-26 08:30:00,buffer-depth3,48.73,18,F
2026-07-26 08:30:00,hp-ewt,50.74,20,F
2026-07-26 08:30:00,hp-lwt,47.52,55,F
2026-07-26 08:30:00,secondary-ewt,50.61,16,F
2026-07-26 08:30:00,secondary-flow,7.93,5,gpm
2026-07-26 08:30:00,secondary-lwt,48.49,35,F
2026-07-26 08:30:00,zone1-bedrooms-heat-call,0.0,3,Unitless
2026-07-26 08:30:00,zone5-living-rm-fancoil-heat-call,1.0,5,Unitless
2026-07-26 08:45:00,buffer-depth1,47.98,17,F
2026-07-26 08:45:00,buffer-depth2,48.02,16,F
2026-07-26 08:45:00,buffer-depth3,48.34,16,F
2026-07-26 08:45:00,hp-ewt,50.96,3,F
2026-07-26 08:45:00,hp-lwt,47.62,11,F
2026-07-26 08:45:00,secondary-ewt,49.55,2,F
2026-07-26 08:45:00,secondary-flow,7.8,2,gpm
2026-07-26 08:45:00,secondary-lwt,49.04,4,F
2026-07-26 08:45:00,zone1-bedrooms-heat-call,0.0,3,Unitless
2026-07-26 08:45:00,zone5-living-rm-fancoil-heat-call,0.0,3,Unitless
2026-07-26 09:00:00,buffer-depth1,47.47,17,F
2026-07-26 09:00:00,buffer-depth2,47.58,16,F
2026-07-26 09:00:00,buffer-depth3,48.01,17,F
2026-07-26 09:00:00,hp-ewt,50.84,5,F
2026-07-26 09:00:00,hp-lwt,44.1,12,F
2026-07-26 09:00:00,secondary-ewt,49.88,11,F
2026-07-26 09:00:00,secondary-flow,7.97,4,gpm
2026-07-26 09:00:00,secondary-lwt,48.32,7,F
2026-07-26 09:00:00,zone1-bedrooms-heat-call,0.0,3,Unitless
2026-07-26 09:00:00,zone5-living-rm-fancoil-heat-call,1.0,4,Unitless
2026-07-26 09:15:00,buffer-depth1,47.04,19,F
2026-07-26 09:15:00,buffer-depth2,47.17,19,F
2026-07-26 09:15:00,buffer-depth3,47.62,18,F
2026-07-26 09:15:00,hp-ewt,50.57,5,F
2026-07-26 09:15:00,hp-lwt,43.02,6,F
2026-07-26 09:15:00,secondary-ewt,49.11,4,F
2026-07-26 09:15:00,secondary-flow,7.88,3,gpm
2026-07-26 09:15:00,secondary-lwt,47.93,3,F
2026-07-26 09:15:00,zone1-bedrooms-heat-call,0.0,3,Unitless
2026-07-26 09:15:00,zone5-living-rm-fancoil-heat-call,0.0,4,Unitless
2026-07-26 09:30:00,buffer-depth1,46.52,18,F
2026-07-26 09:30:00,buffer-depth2,46.63,17,F
2026-07-26 09:30:00,buffer-depth3,47.07,18,F
2026-07-26 09:30:00,hp-ewt,50.17,5,F
2026-07-26 09:30:00,hp-lwt,42.99,6,F
2026-07-26 09:30:00,secondary-ewt,48.99,12,F
2026-07-26 09:30:00,secondary-flow,7.94,3,gpm
2026-07-26 09:30:00,secondary-lwt,47.67,8,F
2026-07-26 09:30:00,zone1-bedrooms-heat-call,0.0,3,Unitless
2026-07-26 09:30:00,zone5-living-rm-fancoil-heat-call,1.0,4,Unitless
2026-07-26 09:45:00,buffer-depth1,46.43,17,F
2026-07-26 09:45:00,buffer-depth2,46.47,16,F
2026-07-26 09:45:00,buffer-depth3,46.81,16,F
2026-07-26 09:45:00,hp-ewt,50.22,4,F
2026-07-26 09:45:00,hp-lwt,43.38,5,F
2026-07-26 09:45:00,secondary-ewt,48.42,4,F
2026-07-26 09:45:00,secondary-flow,7.85,4,gpm
2026-07-26 09:45:00,secondary-lwt,47.32,5,F
2026-07-26 09:45:00,zone1-bedrooms-heat-call,0.0,3,Unitless
2026-07-26 09:45:00,zone5-living-rm-fancoil-heat-call,0.0,4,Unitless
2026-07-26 10:00:00,buffer-depth1,46.11,17,F
2026-07-26 10:00:00,buffer-depth2,46.13,16,F
2026-07-26 10:00:00,buffer-depth3,46.5,17,F
2026-07-26 10:00:00,hp-ewt,50.02,9,F
2026-07-26 10:00:00,hp-lwt,43.42,9,F
2026-07-26 10:00:00,secondary-ewt,48.68,15,F
2026-07-26 10:00:00,secondary-flow,7.93,7,gpm
2026-07-26 10:00:00,secondary-lwt,47.4,10,F
2026-07-26 10:00:00,zone1-bedrooms-heat-call,0.0,3,Unitless
2026-07-26 10:00:00,zone5-living-rm-fancoil-heat-call,1.0,4,Unitless
2026-07-26 10:15:00,buffer-depth1,46.09,18,F
2026-07-26 10:15:00,buffer-depth2,46.12,16,F
2026-07-26 10:15:00,buffer-depth3,46.43,15,F
2026-07-26 10:15:00,hp-ewt,49.8,4,F
2026-07-26 10:15:00,hp-lwt,43.27,4,F
2026-07-26 10:15:00,secondary-ewt,48.08,5,F
2026-07-26 10:15:00,secondary-flow,7.86,4,gpm
2026-07-26 10:15:00,secondary-lwt,47.06,5,F
2026-07-26 10:15:00,zone1-bedrooms-heat-call,0.0,3,Unitless
2026-07-26 10:15:00,zone5-living-rm-fancoil-heat-call,0.0,4,Unitless
2026-07-26 10:30:00,buffer-depth1,45.88,16,F
2026-07-26 10:30:00,buffer-depth2,45.87,15,F
2026-07-26 10:30:00,buffer-depth3,46.18,16,F
2026-07-26 10:30:00,hp-ewt,49.89,5,F
2026-07-26 10:30:00,hp-lwt,43.2,4,F
2026-07-26 10:30:00,secondary-ewt,48.46,12,F
2026-07-26 10:30:00,secondary-flow,7.93,5,gpm
2026-07-26 10:30:00,secondary-lwt,47.15,9,F
2026-07-26 10:30:00,zone1-bedrooms-heat-call,0.0,3,Unitless
2026-07-26 10:30:00,zone5-living-rm-fancoil-heat-call,1.0,4,Unitless
2026-07-26 10:45:00,buffer-depth1,45.9,19,F
2026-07-26 10:45:00,buffer-depth2,45.92,18,F
2026-07-26 10:45:00,buffer-depth3,46.21,16,F
2026-07-26 10:45:00,hp-ewt,49.86,4,F
2026-07-26 10:45:00,hp-lwt,43.46,4,F
2026-07-26 10:45:00,secondary-ewt,47.88,5,F
2026-07-26 10:45:00,secondary-flow,7.85,4,gpm
2026-07-26 10:45:00,secondary-lwt,46.94,5,F
2026-07-26 10:45:00,zone1-bedrooms-heat-call,0.0,3,Unitless
2026-07-26 10:45:00,zone5-living-rm-fancoil-heat-call,0.0,4,Unitless
2026-07-26 11:00:00,buffer-depth1,45.81,18,F
2026-07-26 11:00:00,buffer-depth2,45.77,17,F
2026-07-26 11:00:00,buffer-depth3,46.07,17,F
2026-07-26 11:00:00,hp-ewt,49.9,6,F
2026-07-26 11:00:00,hp-lwt,43.44,7,F
2026-07-26 11:00:00,secondary-ewt,48.45,1,F
2026-07-26 11:00:00,secondary-flow,8.06,1,gpm
2026-07-26 11:00:00,secondary-lwt,47.39,1,F
2026-07-26 11:00:00,zone1-bedrooms-heat-call,0.0,3,Unitless
2026-07-26 11:00:00,zone5-living-rm-fancoil-heat-call,1.0,4,Unitless
2026-07-26 11:15:00,buffer-depth1,45.7,18,F
2026-07-26 11:15:00,buffer-depth2,45.74,17,F
2026-07-26 11:15:00,buffer-depth3,46.08,15,F
2026-07-26 11:15:00,hp-ewt,49.56,5,F
2026-07-26 11:15:00,hp-lwt,43.57,8,F
2026-07-26 11:15:00,secondary-ewt,47.74,5,F
2026-07-26 11:15:00,secondary-flow,7.85,4,gpm
2026-07-26 11:15:00,secondary-lwt,46.63,6,F
2026-07-26 11:15:00,zone1-bedrooms-heat-call,0.0,3,Unitless
2026-07-26 11:15:00,zone5-living-rm-fancoil-heat-call,0.0,4,Unitless
2026-07-26 11:30:00,buffer-depth1,45.61,18,F
2026-07-26 11:30:00,buffer-depth2,45.55,17,F
2026-07-26 11:30:00,buffer-depth3,45.87,16,F
2026-07-26 11:30:00,hp-ewt,49.65,4,F
2026-07-26 11:30:00,hp-lwt,43.87,6,F
2026-07-26 11:30:00,secondary-ewt,48.22,11,F
2026-07-26 11:30:00,secondary-flow,7.88,2,gpm
2026-07-26 11:30:00,secondary-lwt,46.78,5,F
2026-07-26 11:30:00,zone1-bedrooms-heat-call,0.0,3,Unitless
2026-07-26 11:30:00,zone5-living-rm-fancoil-heat-call,1.0,4,Unitless
2026-07-26 11:45:00,buffer-depth1,45.52,19,F
2026-07-26 11:45:00,buffer-depth2,45.56,19,F
2026-07-26 11:45:00,buffer-depth3,45.91,18,F
2026-07-26 11:45:00,hp-ewt,49.79,3,F
2026-07-26 11:45:00,hp-lwt,44.2,4,F
2026-07-26 11:45:00,secondary-ewt,47.33,3,F
2026-07-26 11:45:00,secondary-flow,7.78,3,gpm
2026-07-26 11:45:00,secondary-lwt,46.23,3,F
2026-07-26 11:45:00,zone1-bedrooms-heat-call,0.0,3,Unitless
2026-07-26 11:45:00,zone5-living-rm-fancoil-heat-call,0.0,4,Unitless
2026-07-26 12:00:00,buffer-depth1,45.4,18,F
2026-07-26 12:00:00,buffer-depth2,45.36,16,F
2026-07-26 12:00:00,buffer-depth3,45.71,16,F
2026-07-26 12:00:00,hp-ewt,49.64,5,F
2026-07-26 12:00:00,hp-lwt,43.94,5,F
2026-07-26 12:00:00,secondary-ewt,48.18,9,F
2026-07-26 12:00:00,secondary-flow,7.98,6,gpm
2026-07-26 12:00:00,secondary-lwt,46.72,9,F
2026-07-26 12:00:00,zone1-bedrooms-heat-call,0.0,3,Unitless
2026-07-26 12:00:00,zone5-living-rm-fancoil-heat-call,1.0,4,Unitless
2026-07-26 12:15:00,buffer-depth1,45.22,19,F
2026-07-26 12:15:00,buffer-depth2,45.3,19,F
2026-07-26 12:15:00,buffer-depth3,45.66,16,F
2026-07-26 12:15:00,hp-ewt,49.22,6,F
2026-07-26 12:15:00,hp-lwt,43.56,6,F
2026-07-26 12:15:00,secondary-ewt,47.93,13,F
2026-07-26 12:15:00,secondary-flow,7.88,6,gpm
2026-07-26 12:15:00,secondary-lwt,46.36,7,F
2026-07-26 12:15:00,zone1-bedrooms-heat-call,0.0,3,Unitless
2026-07-26 12:15:00,zone5-living-rm-fancoil-heat-call,0.0,5,Unitless
2026-07-26 12:30:00,buffer-depth1,45.26,18,F
2026-07-26 12:30:00,buffer-depth2,45.2,16,F
2026-07-26 12:30:00,buffer-depth3,45.5,15,F
2026-07-26 12:30:00,hp-ewt,49.46,4,F
2026-07-26 12:30:00,hp-lwt,43.85,6,F
2026-07-26 12:30:00,secondary-ewt,47.8,2,F
2026-07-26 12:30:00,secondary-flow,8.01,2,gpm
2026-07-26 12:30:00,secondary-lwt,46.86,3,F
2026-07-26 12:30:00,zone1-bedrooms-heat-call,0.0,3,Unitless
2026-07-26 12:30:00,zone5-living-rm-fancoil-heat-call,1.0,4,Unitless
2026-07-26 12:45:00,buffer-depth1,44.98,17,F
2026-07-26 12:45:00,buffer-depth2,45.07,16,F
2026-07-26 12:45:00,buffer-depth3,45.43,15,F
2026-07-26 12:45:00,hp-ewt,48.86,7,F
2026-07-26 12:45:00,hp-lwt,43.37,7,F
2026-07-26 12:45:00,secondary-ewt,47.66,11,F
2026-07-26 12:45:00,secondary-flow,7.85,3,gpm
2026-07-26 12:45:00,secondary-lwt,46.08,7,F
2026-07-26 12:45:00,zone1-bedrooms-heat-call,0.0,3,Unitless
2026-07-26 12:45:00,zone5-living-rm-fancoil-heat-call,0.0,4,Unitless
2026-07-26 13:00:00,buffer-depth1,45.09,18,F
2026-07-26 13:00:00,buffer-depth2,45.03,15,F
2026-07-26 13:00:00,buffer-depth3,45.29,15,F
2026-07-26 13:00:00,hp-ewt,48.69,5,F
2026-07-26 13:00:00,hp-lwt,43.64,4,F
2026-07-26 13:00:00,secondary-ewt,47.44,5,F
2026-07-26 13:00:00,secondary-flow,7.96,4,gpm
2026-07-26 13:00:00,secondary-lwt,46.12,5,F
2026-07-26 13:00:00,zone1-bedrooms-heat-call,0.0,3,Unitless
2026-07-26 13:00:00,zone5-living-rm-fancoil-heat-call,1.0,4,Unitless
2026-07-26 13:15:00,buffer-depth1,44.81,19,F
2026-07-26 13:15:00,buffer-depth2,44.85,18,F
2026-07-26 13:15:00,buffer-depth3,45.22,17,F
2026-07-26 13:15:00,hp-ewt,48.1,6,F
2026-07-26 13:15:00,hp-lwt,43.12,7,F
2026-07-26 13:15:00,secondary-ewt,47.31,13,F
2026-07-26 13:15:00,secondary-flow,7.86,6,gpm
2026-07-26 13:15:00,secondary-lwt,45.82,11,F
2026-07-26 13:15:00,zone1-bedrooms-heat-call,0.0,3,Unitless
2026-07-26 13:15:00,zone5-living-rm-fancoil-heat-call,0.0,3,Unitless
2026-07-26 13:30:00,buffer-depth1,45.07,18,F
2026-07-26 13:30:00,buffer-depth2,44.97,17,F
2026-07-26 13:30:00,buffer-depth3,45.13,15,F
2026-07-26 13:30:00,hp-ewt,48.42,5,F
2026-07-26 13:30:00,hp-lwt,43.34,5,F
2026-07-26 13:30:00,secondary-ewt,47.32,4,F
2026-07-26 13:30:00,secondary-flow,7.96,3,gpm
2026-07-26 13:30:00,secondary-lwt,45.95,4,F
2026-07-26 13:30:00,zone1-bedrooms-heat-call,0.0,3,Unitless
2026-07-26 13:30:00,zone5-living-rm-fancoil-heat-call,1.0,4,Unitless
2026-07-26 13:45:00,buffer-depth1,44.75,16,F
2026-07-26 13:45:00,buffer-depth2,44.79,17,F
2026-07-26 13:45:00,buffer-depth3,45.12,16,F
2026-07-26 13:45:00,hp-ewt,47.96,6,F
2026-07-26 13:45:00,hp-lwt,42.92,5,F
2026-07-26 13:45:00,secondary-ewt,47.5,1,F
2026-07-26 13:45:00,secondary-flow,8.05,1,gpm
2026-07-26 13:45:00,secondary-lwt,45.97,1,F
2026-07-26 13:45:00,zone1-bedrooms-heat-call,0.0,3,Unitless
2026-07-26 13:45:00,zone5-living-rm-fancoil-heat-call,1.0,4,Unitless
2026-07-26 14:00:00,buffer-depth1,45.0,18,F
2026-07-26 14:00:00,buffer-depth2,44.92,18,F
2026-07-26 14:00:00,buffer-depth3,45.05,17,F
2026-07-26 14:00:00,hp-ewt,48.34,6,F
2026-07-26 14:00:00,hp-lwt,43.44,6,F
2026-07-26 14:00:00,secondary-ewt,47.08,2,F
2026-07-26 14:00:00,secondary-flow,7.91,2,gpm
2026-07-26 14:00:00,secondary-lwt,45.79,2,F
2026-07-26 14:00:00,zone1-bedrooms-heat-call,0.0,3,Unitless
2026-07-26 14:00:00,zone5-living-rm-fancoil-heat-call,1.0,4,Unitless
2026-07-26 14:15:00,buffer-depth1,44.69,21,F
2026-07-26 14:15:00,buffer-depth2,44.72,20,F
2026-07-26 14:15:00,buffer-depth3,45.04,19,F
2026-07-26 14:15:00,hp-ewt,48.08,7,F
2026-07-26 14:15:00,hp-lwt,42.91,7,F
2026-07-26 14:15:00,zone1-bedrooms-heat-call,0.0,3,Unitless
2026-07-26 14:15:00,zone5-living-rm-fancoil-heat-call,1.0,4,Unitless
2026-07-26 14:30:00,buffer-depth1,44.93,16,F
2026-07-26 14:30:00,buffer-depth2,44.85,16,F
2026-07-26 14:30:00,buffer-depth3,44.99,15,F
2026-07-26 14:30:00,hp-ewt,48.68,5,F
2026-07-26 14:30:00,hp-lwt,43.38,3,F
2026-07-26 14:30:00,zone1-bedrooms-heat-call,0.0,3,Unitless
2026-07-26 14:30:00,zone5-living-rm-fancoil-heat-call,1.0,4,Unitless
2026-07-26 14:45:00,buffer-depth1,44.66,19,F
2026-07-26 14:45:00,buffer-depth2,44.69,18,F
2026-07-26 14:45:00,buffer-depth3,45.07,16,F
2026-07-26 14:45:00,hp-ewt,48.97,2,F
2026-07-26 14:45:00,hp-lwt,43.45,3,F
2026-07-26 14:45:00,secondary-ewt,47.54,13,F
2026-07-26 14:45:00,secondary-flow,7.89,4,gpm
2026-07-26 14:45:00,secondary-lwt,45.92,9,F
2026-07-26 14:45:00,zone1-bedrooms-heat-call,0.0,3,Unitless
2026-07-26 14:45:00,zone5-living-rm-fancoil-heat-call,1.0,4,Unitless
2026-07-26 15:00:00,buffer-depth1,44.91,18,F
2026-07-26 15:00:00,buffer-depth2,44.82,19,F
2026-07-26 15:00:00,buffer-depth3,45.01,17,F
2026-07-26 15:00:00,hp-ewt,49.0,5,F
2026-07-26 15:00:00,hp-lwt,43.36,5,F
2026-07-26 15:00:00,secondary-ewt,47.41,1,F
2026-07-26 15:00:00,secondary-flow,8.02,1,gpm
2026-07-26 15:00:00,secondary-lwt,46.27,1,F
2026-07-26 15:00:00,zone1-bedrooms-heat-call,0.0,3,Unitless
2026-07-26 15:00:00,zone5-living-rm-fancoil-heat-call,1.0,3,Unitless
2026-07-26 15:15:00,buffer-depth1,44.67,18,F
2026-07-26 15:15:00,buffer-depth2,44.73,18,F
2026-07-26 15:15:00,buffer-depth3,45.09,17,F
2026-07-26 15:15:00,hp-ewt,48.57,4,F
2026-07-26 15:15:00,hp-lwt,42.81,4,F
2026-07-26 15:15:00,secondary-ewt,46.92,4,F
2026-07-26 15:15:00,secondary-flow,7.87,3,gpm
2026-07-26 15:15:00,secondary-lwt,45.81,4,F
2026-07-26 15:15:00,zone1-bedrooms-heat-call,0.0,3,Unitless
2026-07-26 15:15:00,zone5-living-rm-fancoil-heat-call,0.0,5,Unitless
2026-07-26 15:30:00,buffer-depth1,44.72,18,F
2026-07-26 15:30:00,buffer-depth2,44.67,17,F
2026-07-26 15:30:00,buffer-depth3,44.94,17,F
2026-07-26 15:30:00,hp-ewt,48.94,3,F
2026-07-26 15:30:00,hp-lwt,43.22,3,F
2026-07-26 15:30:00,secondary-ewt,47.11,3,F
2026-07-26 15:30:00,secondary-flow,7.94,4,gpm
2026-07-26 15:30:00,secondary-lwt,46.09,2,F
2026-07-26 15:30:00,zone1-bedrooms-heat-call,0.0,3,Unitless
2026-07-26 15:30:00,zone5-living-rm-fancoil-heat-call,1.0,4,Unitless
2026-07-26 15:45:00,buffer-depth1,44.48,22,F
2026-07-26 15:45:00,buffer-depth2,44.53,18,F
2026-07-26 15:45:00,buffer-depth3,44.96,17,F
2026-07-26 15:45:00,hp-ewt,48.7,11,F
2026-07-26 15:45:00,hp-lwt,45.91,19,F
2026-07-26 15:45:00,secondary-ewt,47.4,10,F
2026-07-26 15:45:00,secondary-flow,8.02,2,gpm
2026-07-26 15:45:00,secondary-lwt,46.21,13,F
2026-07-26 15:45:00,zone1-bedrooms-heat-call,0.0,3,Unitless
2026-07-26 15:45:00,zone5-living-rm-fancoil-heat-call,0.0,4,Unitless
2026-07-26 16:00:00,buffer-depth1,45.61,29,F
2026-07-26 16:00:00,buffer-depth2,45.19,26,F
2026-07-26 16:00:00,buffer-depth3,44.86,16,F
2026-07-26 16:00:00,hp-ewt,50.59,14,F
2026-07-26 16:00:00,hp-lwt,49.46,40,F
2026-07-26 16:00:00,secondary-ewt,48.04,9,F
2026-07-26 16:00:00,secondary-flow,8.03,3,gpm
2026-07-26 16:00:00,secondary-lwt,48.65,25,F
2026-07-26 16:00:00,zone1-bedrooms-heat-call,0.0,3,Unitless
2026-07-26 16:00:00,zone5-living-rm-fancoil-heat-call,1.0,3,Unitless
2026-07-26 16:15:00,buffer-depth1,46.37,21,F
2026-07-26 16:15:00,buffer-depth2,46.09,20,F
2026-07-26 16:15:00,buffer-depth3,45.57,21,F
2026-07-26 16:15:00,hp-ewt,50.18,5,F
2026-07-26 16:15:00,hp-lwt,48.11,12,F
2026-07-26 16:15:00,secondary-ewt,47.93,1,F
2026-07-26 16:15:00,secondary-lwt,47.41,2,F
2026-07-26 16:15:00,zone1-bedrooms-heat-call,0.0,3,Unitless
2026-07-26 16:15:00,zone5-living-rm-fancoil-heat-call,1.0,3,Unitless
2026-07-26 16:30:00,buffer-depth1,47.13,19,F
2026-07-26 16:30:00,buffer-depth2,46.96,20,F
2026-07-26 16:30:00,buffer-depth3,46.44,23,F
2026-07-26 16:30:00,hp-ewt,50.7,6,F
2026-07-26 16:30:00,hp-lwt,46.67,13,F
2026-07-26 16:30:00,secondary-ewt,49.05,4,F
2026-07-26 16:30:00,secondary-flow,8.03,4,gpm
2026-07-26 16:30:00,secondary-lwt,48.42,4,F
2026-07-26 16:30:00,zone1-bedrooms-heat-call,0.0,3,Unitless
2026-07-26 16:30:00,zone5-living-rm-fancoil-heat-call,1.0,3,Unitless
2026-07-26 16:45:00,buffer-depth1,47.16,15,F
2026-07-26 16:45:00,buffer-depth2,47.13,15,F
2026-07-26 16:45:00,buffer-depth3,47.2,17,F
2026-07-26 16:45:00,hp-ewt,50.78,3,F
2026-07-26 16:45:00,hp-lwt,44.87,11,F
2026-07-26 16:45:00,secondary-ewt,49.35,1,F
2026-07-26 16:45:00,secondary-flow,8.03,1,gpm
2026-07-26 16:45:00,secondary-lwt,48.16,1,F
2026-07-26 16:45:00,zone1-bedrooms-heat-call,0.0,3,Unitless
2026-07-26 16:45:00,zone5-living-rm-fancoil-heat-call,1.0,3,Unitless
2026-07-26 17:00:00,buffer-depth1,47.11,18,F
2026-07-26 17:00:00,buffer-depth2,47.11,18,F
2026-07-26 17:00:00,buffer-depth3,47.32,18,F
2026-07-26 17:00:00,hp-ewt,50.75,4,F
2026-07-26 17:00:00,hp-lwt,45.19,7,F
2026-07-26 17:00:00,zone1-bedrooms-heat-call,0.0,3,Unitless
2026-07-26 17:00:00,zone5-living-rm-fancoil-heat-call,1.0,3,Unitless
2026-07-26 17:15:00,buffer-depth1,47.11,15,F
2026-07-26 17:15:00,buffer-depth2,47.08,15,F
2026-07-26 17:15:00,buffer-depth3,47.32,15,F
2026-07-26 17:15:00,hp-ewt,50.77,3,F
2026-07-26 17:15:00,hp-lwt,45.38,3,F
2026-07-26 17:15:00,zone1-bedrooms-heat-call,0.0,5,Unitless
2026-07-26 17:15:00,zone5-living-rm-fancoil-heat-call,1.0,3,Unitless
2026-07-26 17:30:00,buffer-depth1,46.87,18,F
2026-07-26 17:30:00,buffer-depth2,46.93,17,F
2026-07-26 17:30:00,buffer-depth3,47.27,16,F
2026-07-26 17:30:00,hp-ewt,50.46,4,F
2026-07-26 17:30:00,hp-lwt,44.79,4,F
2026-07-26 17:30:00,zone1-bedrooms-heat-call,0.0,3,Unitless
2026-07-26 17:30:00,zone5-living-rm-fancoil-heat-call,0.0,7,Unitless
2026-07-26 17:45:00,buffer-depth1,46.72,17,F
2026-07-26 17:45:00,buffer-depth2,46.71,16,F
2026-07-26 17:45:00,buffer-depth3,47.02,16,F
2026-07-26 17:45:00,hp-ewt,50.59,5,F
2026-07-26 17:45:00,hp-lwt,44.81,4,F
2026-07-26 17:45:00,zone1-bedrooms-heat-call,0.0,3,Unitless
2026-07-26 17:45:00,zone5-living-rm-fancoil-heat-call,1.0,3,Unitless
2026-07-26 18:00:00,buffer-depth1,46.72,16,F
2026-07-26 18:00:00,buffer-depth2,46.72,16,F
2026-07-26 18:00:00,buffer-depth3,47.03,15,F
2026-07-26 18:00:00,hp-ewt,51.0,8,F
2026-07-26 18:00:00,hp-lwt,44.91,4,F
2026-07-26 18:00:00,zone1-bedrooms-heat-call,0.0,3,Unitless
2026-07-26 18:00:00,zone5-living-rm-fancoil-heat-call,1.0,4,Unitless
2026-07-26 18:15:00,buffer-depth1,46.36,17,F
2026-07-26 18:15:00,buffer-depth2,46.41,17,F
2026-07-26 18:15:00,buffer-depth3,46.78,17,F
2026-07-26 18:15:00,hp-ewt,51.7,7,F
2026-07-26 18:15:00,hp-lwt,44.91,4,F
2026-07-26 18:15:00,secondary-ewt,48.8,2,F
2026-07-26 18:15:00,secondary-flow,8.05,2,gpm
2026-07-26 18:15:00,secondary-lwt,47.61,2,F
2026-07-26 18:15:00,zone1-bedrooms-heat-call,0.0,3,Unitless
2026-07-26 18:15:00,zone5-living-rm-fancoil-heat-call,1.0,4,Unitless
2026-07-26 18:30:00,buffer-depth1,46.38,16,F
2026-07-26 18:30:00,buffer-depth2,46.38,16,F
2026-07-26 18:30:00,buffer-depth3,46.69,15,F
2026-07-26 18:30:00,hp-ewt,50.5,5,F
2026-07-26 18:30:00,hp-lwt,44.74,5,F
2026-07-26 18:30:00,secondary-ewt,48.37,4,F
2026-07-26 18:30:00,secondary-flow,7.87,4,gpm
2026-07-26 18:30:00,secondary-lwt,47.19,4,F
2026-07-26 18:30:00,zone1-bedrooms-heat-call,0.0,3,Unitless
2026-07-26 18:30:00,zone5-living-rm-fancoil-heat-call,1.0,6,Unitless
2026-07-26 18:45:00,buffer-depth1,46.02,17,F
2026-07-26 18:45:00,buffer-depth2,46.08,16,F
2026-07-26 18:45:00,buffer-depth3,46.44,17,F
2026-07-26 18:45:00,hp-ewt,49.9,4,F
2026-07-26 18:45:00,hp-lwt,44.2,4,F
2026-07-26 18:45:00,secondary-ewt,48.7,8,F
2026-07-26 18:45:00,secondary-flow,7.91,3,gpm
2026-07-26 18:45:00,secondary-lwt,47.07,4,F
2026-07-26 18:45:00,zone1-bedrooms-heat-call,0.0,3,Unitless
2026-07-26 18:45:00,zone5-living-rm-fancoil-heat-call,1.0,4,Unitless
2026-07-26 19:00:00,buffer-depth1,45.97,18,F
2026-07-26 19:00:00,buffer-depth2,45.99,18,F
2026-07-26 19:00:00,buffer-depth3,46.31,17,F
2026-07-26 19:00:00,hp-ewt,49.84,5,F
2026-07-26 19:00:00,hp-lwt,44.06,5,F
2026-07-26 19:00:00,secondary-ewt,47.88,3,F
2026-07-26 19:00:00,secondary-flow,7.79,2,gpm
2026-07-26 19:00:00,secondary-lwt,46.87,3,F
2026-07-26 19:00:00,zone1-bedrooms-heat-call,0.0,3,Unitless
2026-07-26 19:00:00,zone5-living-rm-fancoil-heat-call,1.0,4,Unitless
2026-07-26 19:15:00,buffer-depth1,46.08,22,F
2026-07-26 19:15:00,buffer-depth2,46.07,18,F
2026-07-26 19:15:00,buffer-depth3,46.45,23,F
2026-07-26 19:15:00,hp-ewt,49.74,19,F
2026-07-26 19:15:00,hp-lwt,47.3,51,F
2026-07-26 19:15:00,secondary-ewt,48.72,12,F
2026-07-26 19:15:00,secondary-flow,5.18,16,gpm
2026-07-26 19:15:00,secondary-lwt,47.72,22,F
2026-07-26 19:15:00,zone1-bedrooms-heat-call,0.0,3,Unitless
2026-07-26 19:15:00,zone5-living-rm-fancoil-heat-call,1.0,4,Unitless
2026-07-26 19:30:00,buffer-depth1,46.94,23,F
2026-07-26 19:30:00,buffer-depth2,46.68,22,F
2026-07-26 19:30:00,buffer-depth3,46.6,22,F
2026-07-26 19:30:00,hp-ewt,51.27,15,F
2026-07-26 19:30:00,hp-lwt,49.25,21,F
2026-07-26 19:30:00,secondary-ewt,48.98,7,F
2026-07-26 19:30:00,secondary-flow,4.28,8,gpm
2026-07-26 19:30:00,secondary-lwt,48.98,5,F
2026-07-26 19:30:00,zone1-bedrooms-heat-call,0.0,3,Unitless
2026-07-26 19:30:00,zone5-living-rm-fancoil-heat-call,1.0,4,Unitless
2026-07-26 19:45:00,buffer-depth1,47.44,17,F
2026-07-26 19:45:00,buffer-depth2,47.37,20,F
2026-07-26 19:45:00,buffer-depth3,47.79,24,F
2026-07-26 19:45:00,hp-ewt,53.55,6,F
2026-07-26 19:45:00,hp-lwt,52.53,6,F
2026-07-26 19:45:00,secondary-ewt,51.14,10,F
2026-07-26 19:45:00,secondary-flow,0.0,3,gpm
2026-07-26 19:45:00,secondary-lwt,50.4,11,F
2026-07-26 19:45:00,zone1-bedrooms-heat-call,0.0,3,Unitless
2026-07-26 19:45:00,zone5-living-rm-fancoil-heat-call,1.0,4,Unitless
2026-07-26 20:00:00,buffer-depth1,48.22,20,F
2026-07-26 20:00:00,buffer-depth2,48.24,19,F
2026-07-26 20:00:00,buffer-depth3,48.67,20,F
2026-07-26 20:00:00,hp-ewt,54.56,4,F
2026-07-26 20:00:00,hp-lwt,53.64,5,F
2026-07-26 20:00:00,secondary-ewt,52.9,5,F
2026-07-26 20:00:00,secondary-flow,0.0,3,gpm
2026-07-26 20:00:00,secondary-lwt,52.68,8,F
2026-07-26 20:00:00,zone1-bedrooms-heat-call,0.0,3,Unitless
2026-07-26 20:00:00,zone5-living-rm-fancoil-heat-call,0.0,4,Unitless
2026-07-26 20:15:00,buffer-depth1,48.89,20,F
2026-07-26 20:15:00,buffer-depth2,48.93,22,F
2026-07-26 20:15:00,buffer-depth3,49.37,24,F
2026-07-26 20:15:00,hp-ewt,55.28,3,F
2026-07-26 20:15:00,hp-lwt,54.16,3,F
2026-07-26 20:15:00,secondary-ewt,53.56,7,F
2026-07-26 20:15:00,secondary-flow,0.0,4,gpm
2026-07-26 20:15:00,secondary-lwt,53.75,9,F
2026-07-26 20:15:00,zone1-bedrooms-heat-call,0.0,3,Unitless
2026-07-26 20:15:00,zone5-living-rm-fancoil-heat-call,1.0,4,Unitless
2026-07-26 20:30:00,buffer-depth1,49.6,30,F
2026-07-26 20:30:00,buffer-depth2,49.58,16,F
2026-07-26 20:30:00,buffer-depth3,49.88,19,F
2026-07-26 20:30:00,hp-ewt,53.05,19,F
2026-07-26 20:30:00,hp-lwt,50.19,41,F
2026-07-26 20:30:00,secondary-ewt,52.65,15,F
2026-07-26 20:30:00,secondary-flow,4.22,16,gpm
2026-07-26 20:30:00,secondary-lwt,51.29,31,F
2026-07-26 20:30:00,zone1-bedrooms-heat-call,0.0,3,Unitless
2026-07-26 20:30:00,zone5-living-rm-fancoil-heat-call,0.0,5,Unitless
2026-07-26 20:45:00,buffer-depth1,48.82,24,F
2026-07-26 20:45:00,buffer-depth2,49.04,23,F
2026-07-26 20:45:00,buffer-depth3,49.43,19,F
2026-07-26 20:45:00,hp-ewt,50.94,9,F
2026-07-26 20:45:00,hp-lwt,46.91,25,F
2026-07-26 20:45:00,secondary-ewt,50.78,15,F
2026-07-26 20:45:00,secondary-flow,8.0,4,gpm
2026-07-26 20:45:00,secondary-lwt,48.45,17,F
2026-07-26 20:45:00,zone1-bedrooms-heat-call,0.0,5,Unitless
2026-07-26 20:45:00,zone5-living-rm-fancoil-heat-call,1.0,4,Unitless
2026-07-26 21:00:00,buffer-depth1,48.9,20,F
2026-07-26 21:00:00,buffer-depth2,48.99,20,F
2026-07-26 21:00:00,buffer-depth3,49.36,24,F
2026-07-26 21:00:00,hp-ewt,50.7,12,F
2026-07-26 21:00:00,hp-lwt,48.39,22,F
2026-07-26 21:00:00,secondary-ewt,51.17,8,F
2026-07-26 21:00:00,secondary-flow,3.08,7,gpm
2026-07-26 21:00:00,secondary-lwt,49.58,7,F
2026-07-26 21:00:00,zone1-bedrooms-heat-call,0.0,3,Unitless
2026-07-26 21:00:00,zone5-living-rm-fancoil-heat-call,0.0,4,Unitless
2026-07-26 21:15:00,buffer-depth1,49.63,21,F
2026-07-26 21:15:00,buffer-depth2,49.69,20,F
2026-07-26 21:15:00,buffer-depth3,50.06,19,F
2026-07-26 21:15:00,hp-ewt,52.0,3,F
2026-07-26 21:15:00,hp-lwt,51.45,3,F
2026-07-26 21:15:00,secondary-ewt,52.71,4,F
2026-07-26 21:15:00,secondary-flow,0.0,3,gpm
2026-07-26 21:15:00,secondary-lwt,51.87,9,F
2026-07-26 21:15:00,zone1-bedrooms-heat-call,0.0,3,Unitless
2026-07-26 21:15:00,zone5-living-rm-fancoil-heat-call,1.0,4,Unitless
2026-07-26 21:30:00,buffer-depth1,50.22,19,F
2026-07-26 21:30:00,buffer-depth2,50.24,19,F
2026-07-26 21:30:00,buffer-depth3,50.56,21,F
2026-07-26 21:30:00,hp-ewt,52.61,4,F
2026-07-26 21:30:00,hp-lwt,52.02,4,F
2026-07-26 21:30:00,secondary-ewt,53.37,3,F
2026-07-26 21:30:00,secondary-flow,0.0,3,gpm
2026-07-26 21:30:00,secondary-lwt,53.16,3,F
2026-07-26 21:30:00,zone1-bedrooms-heat-call,0.0,3,Unitless
2026-07-26 21:30:00,zone5-living-rm-fancoil-heat-call,1.0,4,Unitless
2026-07-26 21:45:00,buffer-depth1,50.95,20,F
2026-07-26 21:45:00,buffer-depth2,51.02,21,F
2026-07-26 21:45:00,buffer-depth3,51.32,22,F
2026-07-26 21:45:00,hp-ewt,53.04,3,F
2026-07-26 21:45:00,hp-lwt,52.36,3,F
2026-07-26 21:45:00,secondary-ewt,53.94,4,F
2026-07-26 21:45:00,secondary-flow,0.04,5,gpm
2026-07-26 21:45:00,secondary-lwt,53.69,4,F
2026-07-26 21:45:00,zone1-bedrooms-heat-call,0.0,3,Unitless
2026-07-26 21:45:00,zone5-living-rm-fancoil-heat-call,1.0,4,Unitless
2026-07-26 22:00:00,buffer-depth1,51.46,18,F
2026-07-26 22:00:00,buffer-depth2,51.51,19,F
2026-07-26 22:00:00,buffer-depth3,51.78,19,F
2026-07-26 22:00:00,hp-ewt,53.25,4,F
2026-07-26 22:00:00,hp-lwt,52.66,4,F
2026-07-26 22:00:00,secondary-ewt,54.35,3,F
2026-07-26 22:00:00,secondary-flow,0.0,3,gpm
2026-07-26 22:00:00,secondary-lwt,54.3,5,F
2026-07-26 22:00:00,zone1-bedrooms-heat-call,0.0,3,Unitless
2026-07-26 22:00:00,zone5-living-rm-fancoil-heat-call,1.0,4,Unitless
2026-07-26 22:15:00,buffer-depth1,52.17,20,F
2026-07-26 22:15:00,buffer-depth2,52.21,19,F
2026-07-26 22:15:00,buffer-depth3,52.52,19,F
2026-07-26 22:15:00,hp-ewt,53.44,3,F
2026-07-26 22:15:00,hp-lwt,53.01,3,F
2026-07-26 22:15:00,secondary-ewt,54.97,3,F
2026-07-26 22:15:00,secondary-flow,0.0,3,gpm
2026-07-26 22:15:00,secondary-lwt,54.58,3,F
2026-07-26 22:15:00,zone1-bedrooms-heat-call,0.0,3,Unitless
2026-07-26 22:15:00,zone5-living-rm-fancoil-heat-call,1.0,6,Unitless
2026-07-26 22:30:00,buffer-depth1,52.67,18,F
2026-07-26 22:30:00,buffer-depth2,52.66,19,F
2026-07-26 22:30:00,buffer-depth3,52.92,19,F
2026-07-26 22:30:00,hp-ewt,53.76,4,F
2026-07-26 22:30:00,hp-lwt,53.25,3,F
2026-07-26 22:30:00,secondary-ewt,55.4,4,F
2026-07-26 22:30:00,secondary-flow,0.0,4,gpm
2026-07-26 22:30:00,secondary-lwt,55.28,5,F
2026-07-26 22:30:00,zone1-bedrooms-heat-call,0.0,3,Unitless
2026-07-26 22:30:00,zone5-living-rm-fancoil-heat-call,1.0,4,Unitless
2026-07-26 22:45:00,buffer-depth1,53.31,20,F
2026-07-26 22:45:00,buffer-depth2,53.37,21,F
2026-07-26 22:45:00,buffer-depth3,53.67,20,F
2026-07-26 22:45:00,hp-ewt,54.4,3,F
2026-07-26 22:45:00,hp-lwt,53.83,3,F
2026-07-26 22:45:00,secondary-ewt,56.06,2,F
2026-07-26 22:45:00,secondary-flow,0.0,2,gpm
2026-07-26 22:45:00,secondary-lwt,55.7,2,F
2026-07-26 22:45:00,zone1-bedrooms-heat-call,0.0,3,Unitless
2026-07-26 22:45:00,zone5-living-rm-fancoil-heat-call,1.0,3,Unitless
2026-07-26 23:00:00,buffer-depth1,53.12,34,F
2026-07-26 23:00:00,buffer-depth2,53.33,25,F
2026-07-26 23:00:00,buffer-depth3,53.76,23,F
2026-07-26 23:00:00,hp-ewt,54.13,19,F
2026-07-26 23:00:00,hp-lwt,50.45,48,F
2026-07-26 23:00:00,secondary-ewt,54.4,20,F
2026-07-26 23:00:00,secondary-flow,4.26,16,gpm
2026-07-26 23:00:00,secondary-lwt,52.1,31,F
2026-07-26 23:00:00,zone1-bedrooms-heat-call,0.0,3,Unitless
2026-07-26 23:00:00,zone5-living-rm-fancoil-heat-call,1.0,5,Unitless
2026-07-26 23:15:00,buffer-depth1,52.42,19,F
2026-07-26 23:15:00,buffer-depth2,52.49,16,F
2026-07-26 23:15:00,buffer-depth3,52.81,19,F
2026-07-26 23:15:00,hp-ewt,54.1,5,F
2026-07-26 23:15:00,hp-lwt,51.59,10,F
2026-07-26 23:15:00,secondary-ewt,53.98,5,F
2026-07-26 23:15:00,secondary-flow,8.09,4,gpm
2026-07-26 23:15:00,secondary-lwt,52.67,9,F
2026-07-26 23:15:00,zone1-bedrooms-heat-call,0.0,3,Unitless
2026-07-26 23:15:00,zone5-living-rm-fancoil-heat-call,1.0,3,Unitless
2026-07-26 23:30:00,buffer-depth1,51.75,20,F
2026-07-26 23:30:00,buffer-depth2,51.94,22,F
2026-07-26 23:30:00,buffer-depth3,52.28,20,F
2026-07-26 23:30:00,hp-ewt,53.77,3,F
2026-07-26 23:30:00,hp-lwt,45.92,5,F
2026-07-26 23:30:00,secondary-ewt,53.58,2,F
2026-07-26 23:30:00,secondary-flow,7.97,2,gpm
2026-07-26 23:30:00,secondary-lwt,52.14,2,F
2026-07-26 23:30:00,zone1-bedrooms-heat-call,0.0,3,Unitless
2026-07-26 23:30:00,zone5-living-rm-fancoil-heat-call,0.0,7,Unitless
2026-07-26 23:45:00,buffer-depth1,51.05,20,F
2026-07-26 23:45:00,buffer-depth2,51.24,20,F
2026-07-26 23:45:00,buffer-depth3,51.58,20,F
2026-07-26 23:45:00,hp-ewt,53.55,3,F
2026-07-26 23:45:00,hp-lwt,45.63,3,F
2026-07-26 23:45:00,secondary-ewt,52.51,5,F
2026-07-26 23:45:00,secondary-flow,7.99,5,gpm
2026-07-26 23:45:00,secondary-lwt,50.97,5,F
2026-07-26 23:45:00,zone1-bedrooms-heat-call,0.0,3,Unitless
2026-07-26 23:45:00,zone5-living-rm-fancoil-heat-call,1.0,6,Unitless
2026-07-27 00:00:00,buffer-depth1,50.23,20,F
2026-07-27 00:00:00,buffer-depth2,50.46,20,F
2026-07-27 00:00:00,buffer-depth3,50.87,20,F
2026-07-27 00:00:00,hp-ewt,52.82,4,F
2026-07-27 00:00:00,hp-lwt,44.84,7,F
2026-07-27 00:00:00,secondary-ewt,51.73,1,F
2026-07-27 00:00:00,secondary-lwt,50.23,1,F
2026-07-27 00:00:00,zone1-bedrooms-heat-call,0.0,3,Unitless
2026-07-27 00:00:00,zone5-living-rm-fancoil-heat-call,0.0,4,Unitless
2026-07-27 00:15:00,buffer-depth1,49.58,22,F
2026-07-27 00:15:00,buffer-depth2,49.78,20,F
2026-07-27 00:15:00,buffer-depth3,50.17,21,F
2026-07-27 00:15:00,hp-ewt,52.44,6,F
2026-07-27 00:15:00,hp-lwt,44.5,10,F
2026-07-27 00:15:00,secondary-ewt,51.32,5,F
2026-07-27 00:15:00,secondary-flow,7.96,4,gpm
2026-07-27 00:15:00,secondary-lwt,49.85,5,F
2026-07-27 00:15:00,zone1-bedrooms-heat-call,0.0,3,Unitless
2026-07-27 00:15:00,zone5-living-rm-fancoil-heat-call,1.0,4,Unitless
2026-07-27 00:30:00,buffer-depth1,48.85,17,F
2026-07-27 00:30:00,buffer-depth2,49.04,19,F
2026-07-27 00:30:00,buffer-depth3,49.53,19,F
2026-07-27 00:30:00,hp-ewt,51.93,4,F
2026-07-27 00:30:00,hp-lwt,43.88,4,F
2026-07-27 00:30:00,secondary-ewt,51.07,12,F
2026-07-27 00:30:00,secondary-flow,7.95,5,gpm
2026-07-27 00:30:00,secondary-lwt,49.35,7,F
2026-07-27 00:30:00,zone1-bedrooms-heat-call,0.0,3,Unitless
2026-07-27 00:30:00,zone5-living-rm-fancoil-heat-call,1.0,4,Unitless
2026-07-27 00:45:00,buffer-depth1,48.29,21,F
2026-07-27 00:45:00,buffer-depth2,48.49,20,F
2026-07-27 00:45:00,buffer-depth3,48.91,20,F
2026-07-27 00:45:00,hp-ewt,51.51,4,F
2026-07-27 00:45:00,hp-lwt,43.38,5,F
2026-07-27 00:45:00,secondary-ewt,50.13,5,F
2026-07-27 00:45:00,secondary-flow,7.86,4,gpm
2026-07-27 00:45:00,secondary-lwt,48.68,4,F
2026-07-27 00:45:00,zone1-bedrooms-heat-call,0.0,3,Unitless
2026-07-27 00:45:00,zone5-living-rm-fancoil-heat-call,0.0,6,Unitless
2026-07-27 01:00:00,buffer-depth1,47.79,20,F
2026-07-27 01:00:00,buffer-depth2,47.92,15,F
2026-07-27 01:00:00,buffer-depth3,48.34,14,F
2026-07-27 01:00:00,hp-ewt,51.03,17,F
2026-07-27 01:00:00,hp-lwt,47.04,42,F
2026-07-27 01:00:00,secondary-ewt,49.96,14,F
2026-07-27 01:00:00,secondary-flow,7.9,7,gpm
2026-07-27 01:00:00,secondary-lwt,48.54,24,F
2026-07-27 01:00:00,zone1-bedrooms-heat-call,0.0,3,Unitless
2026-07-27 01:00:00,zone5-living-rm-fancoil-heat-call,1.0,5,Unitless
2026-07-27 01:15:00,buffer-depth1,47.64,17,F
2026-07-27 01:15:00,buffer-depth2,47.71,17,F
2026-07-27 01:15:00,buffer-depth3,48.02,18,F
2026-07-27 01:15:00,hp-ewt,50.85,4,F
2026-07-27 01:15:00,hp-lwt,46.16,17,F
2026-07-27 01:15:00,secondary-ewt,49.88,10,F
2026-07-27 01:15:00,secondary-flow,7.93,5,gpm
2026-07-27 01:15:00,secondary-lwt,48.43,11,F
2026-07-27 01:15:00,zone1-bedrooms-heat-call,0.0,3,Unitless
2026-07-27 01:15:00,zone5-living-rm-fancoil-heat-call,0.0,4,Unitless
2026-07-27 01:30:00,buffer-depth1,47.54,32,F
2026-07-27 01:30:00,buffer-depth2,47.54,21,F
2026-07-27 01:30:00,buffer-depth3,47.76,16,F
2026-07-27 01:30:00,hp-ewt,50.68,22,F
2026-07-27 01:30:00,hp-lwt,46.96,66,F
2026-07-27 01:30:00,secondary-ewt,49.4,14,F
2026-07-27 01:30:00,secondary-flow,7.9,3,gpm
2026-07-27 01:30:00,secondary-lwt,47.94,44,F
2026-07-27 01:30:00,zone1-bedrooms-heat-call,0.0,3,Unitless
2026-07-27 01:30:00,zone5-living-rm-fancoil-heat-call,1.0,4,Unitless
2026-07-27 01:45:00,buffer-depth1,48.08,20,F
2026-07-27 01:45:00,buffer-depth2,47.85,19,F
2026-07-27 01:45:00,buffer-depth3,47.81,16,F
2026-07-27 01:45:00,hp-ewt,52.28,7,F
2026-07-27 01:45:00,hp-lwt,50.97,7,F
2026-07-27 01:45:00,secondary-ewt,50.17,12,F
2026-07-27 01:45:00,secondary-flow,7.86,4,gpm
2026-07-27 01:45:00,secondary-lwt,49.96,9,F
2026-07-27 01:45:00,zone1-bedrooms-heat-call,0.0,3,Unitless
2026-07-27 01:45:00,zone5-living-rm-fancoil-heat-call,0.0,4,Unitless
2026-07-27 02:00:00,buffer-depth1,48.79,26,F
2026-07-27 02:00:00,buffer-depth2,48.6,19,F
2026-07-27 02:00:00,buffer-depth3,48.27,20,F
2026-07-27 02:00:00,hp-ewt,52.53,16,F
2026-07-27 02:00:00,hp-lwt,49.04,36,F
2026-07-27 02:00:00,secondary-ewt,50.4,4,F
2026-07-27 02:00:00,secondary-flow,7.98,3,gpm
2026-07-27 02:00:00,secondary-lwt,50.41,4,F
2026-07-27 02:00:00,zone1-bedrooms-heat-call,0.0,3,Unitless
2026-07-27 02:00:00,zone5-living-rm-fancoil-heat-call,1.0,6,Unitless
2026-07-27 02:15:00,buffer-depth1,48.41,32,F
2026-07-27 02:15:00,buffer-depth2,48.48,26,F
2026-07-27 02:15:00,buffer-depth3,48.57,20,F
2026-07-27 02:15:00,hp-ewt,50.96,16,F
2026-07-27 02:15:00,hp-lwt,47.25,28,F
2026-07-27 02:15:00,zone1-bedrooms-heat-call,0.0,3,Unitless
2026-07-27 02:15:00,zone5-living-rm-fancoil-heat-call,1.0,4,Unitless
2026-07-27 02:30:00,buffer-depth1,49.37,17,F
2026-07-27 02:30:00,buffer-depth2,49.21,19,F
2026-07-27 02:30:00,buffer-depth3,48.92,20,F
2026-07-27 02:30:00,hp-ewt,53.73,5,F
2026-07-27 02:30:00,hp-lwt,52.52,5,F
2026-07-27 02:30:00,zone1-bedrooms-heat-call,0.0,3,Unitless
2026-07-27 02:30:00,zone5-living-rm-fancoil-heat-call,0.0,4,Unitless
2026-07-27 02:45:00,buffer-depth1,48.73,35,F
2026-07-27 02:45:00,buffer-depth2,48.94,23,F
2026-07-27 02:45:00,buffer-depth3,49.19,19,F
2026-07-27 02:45:00,hp-ewt,51.26,24,F
2026-07-27 02:45:00,hp-lwt,47.31,56,F
2026-07-27 02:45:00,zone1-bedrooms-heat-call,0.0,3,Unitless
2026-07-27 02:45:00,zone5-living-rm-fancoil-heat-call,1.0,5,Unitless
2026-07-27 03:00:00,buffer-depth1,49.06,16,F
2026-07-27 03:00:00,buffer-depth2,48.92,16,F
2026-07-27 03:00:00,buffer-depth3,48.91,15,F
2026-07-27 03:00:00,hp-ewt,51.94,3,F
2026-07-27 03:00:00,hp-lwt,49.92,6,F
2026-07-27 03:00:00,secondary-ewt,50.43,1,F
2026-07-27 03:00:00,secondary-flow,7.82,1,gpm
2026-07-27 03:00:00,secondary-lwt,50.25,1,F
2026-07-27 03:00:00,zone1-bedrooms-heat-call,0.0,3,Unitless
2026-07-27 03:00:00,zone5-living-rm-fancoil-heat-call,0.0,3,Unitless
2026-07-27 03:15:00,buffer-depth1,49.12,19,F
2026-07-27 03:15:00,buffer-depth2,49.1,17,F
2026-07-27 03:15:00,buffer-depth3,49.2,17,F
2026-07-27 03:15:00,hp-ewt,52.18,5,F
2026-07-27 03:15:00,hp-lwt,47.52,24,F
2026-07-27 03:15:00,secondary-ewt,51.15,12,F
2026-07-27 03:15:00,secondary-flow,7.96,5,gpm
2026-07-27 03:15:00,secondary-lwt,50.01,9,F
2026-07-27 03:15:00,zone1-bedrooms-heat-call,0.0,3,Unitless
2026-07-27 03:15:00,zone5-living-rm-fancoil-heat-call,1.0,5,Unitless
2026-07-27 03:30:00,buffer-depth1,48.3,20,F
2026-07-27 03:30:00,buffer-depth2,48.48,21,F
2026-07-27 03:30:00,buffer-depth3,48.91,19,F
2026-07-27 03:30:00,hp-ewt,51.26,4,F
2026-07-27 03:30:00,hp-lwt,44.94,8,F
2026-07-27 03:30:00,secondary-ewt,49.94,4,F
2026-07-27 03:30:00,secondary-flow,7.81,3,gpm
2026-07-27 03:30:00,secondary-lwt,48.39,4,F
2026-07-27 03:30:00,zone1-bedrooms-heat-call,0.0,3,Unitless
2026-07-27 03:30:00,zone5-living-rm-fancoil-heat-call,0.0,3,Unitless
2026-07-27 03:45:00,buffer-depth1,47.79,20,F
2026-07-27 03:45:00,buffer-depth2,47.86,18,F
2026-07-27 03:45:00,buffer-depth3,48.25,18,F
2026-07-27 03:45:00,hp-ewt,51.09,5,F
2026-07-27 03:45:00,hp-lwt,45.44,13,F
2026-07-27 03:45:00,secondary-ewt,50.08,12,F
2026-07-27 03:45:00,secondary-flow,7.95,6,gpm
2026-07-27 03:45:00,secondary-lwt,48.62,12,F
2026-07-27 03:45:00,zone1-bedrooms-heat-call,0.0,3,Unitless
2026-07-27 03:45:00,zone5-living-rm-fancoil-heat-call,1.0,5,Unitless
2026-07-27 04:00:00,buffer-depth1,46.98,20,F
2026-07-27 04:00:00,buffer-depth2,47.18,20,F
2026-07-27 04:00:00,buffer-depth3,47.64,20,F
2026-07-27 04:00:00,hp-ewt,50.2,3,F
2026-07-27 04:00:00,hp-lwt,44.12,8,F
2026-07-27 04:00:00,secondary-ewt,48.77,4,F
2026-07-27 04:00:00,secondary-flow,7.79,3,gpm
2026-07-27 04:00:00,secondary-lwt,47.22,4,F
2026-07-27 04:00:00,zone1-bedrooms-heat-call,0.0,3,Unitless
2026-07-27 04:00:00,zone5-living-rm-fancoil-heat-call,0.0,4,Unitless
2026-07-27 04:15:00,buffer-depth1,46.68,19,F
2026-07-27 04:15:00,buffer-depth2,46.76,18,F
2026-07-27 04:15:00,buffer-depth3,47.14,16,F
2026-07-27 04:15:00,hp-ewt,49.89,3,F
2026-07-27 04:15:00,hp-lwt,43.6,5,F
2026-07-27 04:15:00,secondary-ewt,49.14,11,F
2026-07-27 04:15:00,secondary-flow,7.95,3,gpm
2026-07-27 04:15:00,secondary-lwt,47.78,8,F
2026-07-27 04:15:00,zone1-bedrooms-heat-call,0.0,3,Unitless
2026-07-27 04:15:00,zone5-living-rm-fancoil-heat-call,1.0,4,Unitless
2026-07-27 04:30:00,buffer-depth1,46.04,18,F
2026-07-27 04:30:00,buffer-depth2,46.19,18,F
2026-07-27 04:30:00,buffer-depth3,46.67,18,F
2026-07-27 04:30:00,hp-ewt,49.47,7,F
2026-07-27 04:30:00,hp-lwt,43.85,17,F
2026-07-27 04:30:00,secondary-ewt,47.77,3,F
2026-07-27 04:30:00,secondary-flow,7.8,3,gpm
2026-07-27 04:30:00,secondary-lwt,46.5,4,F
2026-07-27 04:30:00,zone1-bedrooms-heat-call,0.0,3,Unitless
2026-07-27 04:30:00,zone5-living-rm-fancoil-heat-call,0.0,3,Unitless
2026-07-27 04:45:00,buffer-depth1,46.33,23,F
2026-07-27 04:45:00,buffer-depth2,46.18,21,F
2026-07-27 04:45:00,buffer-depth3,46.27,17,F
2026-07-27 04:45:00,hp-ewt,50.84,11,F
2026-07-27 04:45:00,hp-lwt,47.27,21,F
2026-07-27 04:45:00,secondary-ewt,47.69,2,F
2026-07-27 04:45:00,secondary-flow,7.78,2,gpm
2026-07-27 04:45:00,secondary-lwt,47.03,2,F
2026-07-27 04:45:00,zone1-bedrooms-heat-call,0.0,3,Unitless
2026-07-27 04:45:00,zone5-living-rm-fancoil-heat-call,0.0,5,Unitless
2026-07-27 05:00:00,buffer-depth1,46.95,18,F
2026-07-27 05:00:00,buffer-depth2,46.8,18,F
2026-07-27 05:00:00,buffer-depth3,46.69,19,F
2026-07-27 05:00:00,hp-ewt,53.18,6,F
2026-07-27 05:00:00,hp-lwt,52.06,6,F
2026-07-27 05:00:00,secondary-ewt,48.21,4,F
2026-07-27 05:00:00,secondary-flow,7.8,3,gpm
2026-07-27 05:00:00,secondary-lwt,48.25,4,F
2026-07-27 05:00:00,zone1-bedrooms-heat-call,0.0,3,Unitless
2026-07-27 05:00:00,zone5-living-rm-fancoil-heat-call,0.0,3,Unitless
2026-07-27 05:15:00,buffer-depth1,47.2,27,F
2026-07-27 05:15:00,buffer-depth2,47.1,19,F
2026-07-27 05:15:00,buffer-depth3,47.16,19,F
2026-07-27 05:15:00,hp-ewt,51.44,19,F
2026-07-27 05:15:00,hp-lwt,48.09,41,F
2026-07-27 05:15:00,secondary-ewt,48.74,2,F
2026-07-27 05:15:00,secondary-flow,7.8,2,gpm
2026-07-27 05:15:00,secondary-lwt,48.97,2,F
2026-07-27 05:15:00,zone1-bedrooms-heat-call,0.0,3,Unitless
2026-07-27 05:15:00,zone5-living-rm-fancoil-heat-call,1.0,5,Unitless
2026-07-27 05:30:00,buffer-depth1,47.66,16,F
2026-07-27 05:30:00,buffer-depth2,47.52,16,F
2026-07-27 05:30:00,buffer-depth3,47.45,17,F
2026-07-27 05:30:00,hp-ewt,50.8,5,F
2026-07-27 05:30:00,hp-lwt,48.11,12,F
2026-07-27 05:30:00,secondary-ewt,48.97,5,F
2026-07-27 05:30:00,secondary-flow,7.8,5,gpm
2026-07-27 05:30:00,secondary-lwt,48.85,7,F
2026-07-27 05:30:00,zone1-bedrooms-heat-call,0.0,3,Unitless
2026-07-27 05:30:00,zone5-living-rm-fancoil-heat-call,0.0,3,Unitless
2026-07-27 05:45:00,buffer-depth1,47.42,20,F
2026-07-27 05:45:00,buffer-depth2,47.48,16,F
2026-07-27 05:45:00,buffer-depth3,47.72,15,F
2026-07-27 05:45:00,hp-ewt,50.66,5,F
2026-07-27 05:45:00,hp-lwt,44.44,20,F
2026-07-27 05:45:00,secondary-ewt,49.59,11,F
2026-07-27 05:45:00,secondary-flow,7.94,6,gpm
2026-07-27 05:45:00,secondary-lwt,48.04,14,F
2026-07-27 05:45:00,zone1-bedrooms-heat-call,0.0,3,Unitless
2026-07-27 05:45:00,zone5-living-rm-fancoil-heat-call,1.0,5,Unitless
2026-07-27 06:00:00,buffer-depth1,46.64,21,F
2026-07-27 06:00:00,buffer-depth2,46.87,22,F
2026-07-27 06:00:00,buffer-depth3,47.33,20,F
2026-07-27 06:00:00,hp-ewt,49.92,3,F
2026-07-27 06:00:00,hp-lwt,43.69,6,F
2026-07-27 06:00:00,secondary-ewt,48.44,3,F
2026-07-27 06:00:00,secondary-flow,7.79,3,gpm
2026-07-27 06:00:00,secondary-lwt,47.0,4,F
2026-07-27 06:00:00,zone1-bedrooms-heat-call,0.0,3,Unitless
2026-07-27 06:00:00,zone5-living-rm-fancoil-heat-call,0.0,3,Unitless
2026-07-27 06:15:00,buffer-depth1,46.25,24,F
2026-07-27 06:15:00,buffer-depth2,46.21,22,F
2026-07-27 06:15:00,buffer-depth3,46.6,18,F
2026-07-27 06:15:00,hp-ewt,49.86,14,F
2026-07-27 06:15:00,hp-lwt,46.14,25,F
2026-07-27 06:15:00,secondary-ewt,48.4,20,F
2026-07-27 06:15:00,secondary-flow,7.86,9,gpm
2026-07-27 06:15:00,secondary-lwt,47.04,18,F
2026-07-27 06:15:00,zone1-bedrooms-heat-call,0.0,3,Unitless
2026-07-27 06:15:00,zone5-living-rm-fancoil-heat-call,0.0,5,Unitless
2026-07-27 06:30:00,buffer-depth1,47.01,19,F
2026-07-27 06:30:00,buffer-depth2,46.85,20,F
2026-07-27 06:30:00,buffer-depth3,46.69,20,F
2026-07-27 06:30:00,hp-ewt,52.66,7,F
2026-07-27 06:30:00,hp-lwt,51.91,8,F
2026-07-27 06:30:00,secondary-lwt,48.18,1,F
2026-07-27 06:30:00,zone1-bedrooms-heat-call,0.0,3,Unitless
2026-07-27 06:30:00,zone5-living-rm-fancoil-heat-call,0.0,3,Unitless
2026-07-27 06:45:00,buffer-depth1,46.96,26,F
2026-07-27 06:45:00,buffer-depth2,46.82,17,F
2026-07-27 06:45:00,buffer-depth3,47.07,18,F
2026-07-27 06:45:00,hp-ewt,50.96,19,F
2026-07-27 06:45:00,hp-lwt,47.9,45,F
2026-07-27 06:45:00,secondary-ewt,48.51,5,F
2026-07-27 06:45:00,secondary-flow,7.8,2,gpm
2026-07-27 06:45:00,secondary-lwt,48.37,25,F
2026-07-27 06:45:00,zone1-bedrooms-heat-call,0.0,3,Unitless
2026-07-27 06:45:00,zone5-living-rm-fancoil-heat-call,1.0,4,Unitless
2026-07-27 07:00:00,buffer-depth1,46.9,18,F
2026-07-27 07:00:00,buffer-depth2,46.87,18,F
2026-07-27 07:00:00,buffer-depth3,47.14,22,F
2026-07-27 07:00:00,hp-ewt,51.96,10,F
2026-07-27 07:00:00,hp-lwt,50.26,13,F
2026-07-27 07:00:00,secondary-ewt,51.69,7,F
2026-07-27 07:00:00,secondary-flow,0.0,4,gpm
2026-07-27 07:00:00,secondary-lwt,50.97,12,F
2026-07-27 07:00:00,zone1-bedrooms-heat-call,0.0,5,Unitless
2026-07-27 07:00:00,zone5-living-rm-fancoil-heat-call,0.0,4,Unitless
2026-07-27 07:15:00,buffer-depth1,47.04,15,F
2026-07-27 07:15:00,buffer-depth2,46.94,15,F
2026-07-27 07:15:00,buffer-depth3,47.1,15,F
2026-07-27 07:15:00,hp-ewt,53.93,5,F
2026-07-27 07:15:00,hp-lwt,52.89,5,F
2026-07-27 07:15:00,secondary-ewt,53.29,5,F
2026-07-27 07:15:00,secondary-flow,0.0,2,gpm
2026-07-27 07:15:00,secondary-lwt,53.39,5,F
2026-07-27 07:15:00,zone1-bedrooms-heat-call,0.0,3,Unitless
2026-07-27 07:15:00,zone5-living-rm-fancoil-heat-call,0.0,3,Unitless
2026-07-27 07:30:00,buffer-depth1,47.24,17,F
2026-07-27 07:30:00,buffer-depth2,47.25,18,F
2026-07-27 07:30:00,buffer-depth3,47.81,32,F
2026-07-27 07:30:00,hp-ewt,54.87,3,F
2026-07-27 07:30:00,hp-lwt,53.83,3,F
2026-07-27 07:30:00,secondary-ewt,54.24,5,F
2026-07-27 07:30:00,secondary-flow,0.0,4,gpm
2026-07-27 07:30:00,secondary-lwt,54.43,4,F
2026-07-27 07:30:00,zone1-bedrooms-heat-call,0.0,3,Unitless
2026-07-27 07:30:00,zone5-living-rm-fancoil-heat-call,0.0,5,Unitless
2026-07-27 07:45:00,buffer-depth1,47.48,16,F
2026-07-27 07:45:00,buffer-depth2,47.38,15,F
2026-07-27 07:45:00,buffer-depth3,47.57,15,F
2026-07-27 07:45:00,hp-ewt,55.73,4,F
2026-07-27 07:45:00,hp-lwt,54.49,4,F
2026-07-27 07:45:00,secondary-ewt,55.14,3,F
2026-07-27 07:45:00,secondary-flow,0.0,3,gpm
2026-07-27 07:45:00,secondary-lwt,55.3,3,F
2026-07-27 07:45:00,zone1-bedrooms-heat-call,0.0,3,Unitless
2026-07-27 07:45:00,zone5-living-rm-fancoil-heat-call,0.0,3,Unitless
2026-07-27 08:00:00,buffer-depth1,47.69,18,F
2026-07-27 08:00:00,buffer-depth2,47.69,22,F
2026-07-27 08:00:00,buffer-depth3,48.21,29,F
2026-07-27 08:00:00,hp-ewt,55.96,3,F
2026-07-27 08:00:00,hp-lwt,54.73,3,F
2026-07-27 08:00:00,secondary-ewt,55.6,4,F
2026-07-27 08:00:00,secondary-flow,0.0,3,gpm
2026-07-27 08:00:00,secondary-lwt,55.83,3,F
2026-07-27 08:00:00,zone1-bedrooms-heat-call,0.0,3,Unitless
2026-07-27 08:00:00,zone5-living-rm-fancoil-heat-call,1.0,5,Unitless
2026-07-27 08:15:00,buffer-depth1,47.98,15,F
2026-07-27 08:15:00,buffer-depth2,47.89,16,F
2026-07-27 08:15:00,buffer-depth3,48.04,15,F
2026-07-27 08:15:00,hp-ewt,55.35,3,F
2026-07-27 08:15:00,hp-lwt,54.75,3,F
2026-07-27 08:15:00,secondary-ewt,56.12,3,F
2026-07-27 08:15:00,secondary-flow,0.0,3,gpm
2026-07-27 08:15:00,secondary-lwt,56.38,3,F
2026-07-27 08:15:00,zone1-bedrooms-heat-call,0.0,3,Unitless
2026-07-27 08:15:00,zone5-living-rm-fancoil-heat-call,0.0,3,Unitless
2026-07-27 08:30:00,buffer-depth1,48.14,17,F
2026-07-27 08:30:00,buffer-depth2,48.15,20,F
2026-07-27 08:30:00,buffer-depth3,48.67,29,F
2026-07-27 08:30:00,hp-ewt,55.27,3,F
2026-07-27 08:30:00,hp-lwt,54.85,3,F
2026-07-27 08:30:00,secondary-ewt,56.81,3,F
2026-07-27 08:30:00,secondary-flow,0.0,3,gpm
2026-07-27 08:30:00,secondary-lwt,56.82,3,F
2026-07-27 08:30:00,zone1-bedrooms-heat-call,0.0,3,Unitless
2026-07-27 08:30:00,zone5-living-rm-fancoil-heat-call,1.0,5,Unitless
2026-07-27 08:45:00,buffer-depth1,48.48,16,F
2026-07-27 08:45:00,buffer-depth2,48.4,15,F
2026-07-27 08:45:00,buffer-depth3,48.57,17,F
2026-07-27 08:45:00,hp-ewt,55.77,3,F
2026-07-27 08:45:00,hp-lwt,55.23,3,F
2026-07-27 08:45:00,secondary-ewt,57.48,3,F
2026-07-27 08:45:00,secondary-flow,0.0,3,gpm
2026-07-27 08:45:00,secondary-lwt,57.24,3,F
2026-07-27 08:45:00,zone1-bedrooms-heat-call,0.0,3,Unitless
2026-07-27 08:45:00,zone5-living-rm-fancoil-heat-call,0.0,3,Unitless
2026-07-27 09:00:00,buffer-depth1,48.58,17,F
2026-07-27 09:00:00,buffer-depth2,48.55,21,F
2026-07-27 09:00:00,buffer-depth3,48.98,24,F
2026-07-27 09:00:00,hp-ewt,56.36,4,F
2026-07-27 09:00:00,hp-lwt,55.57,4,F
2026-07-27 09:00:00,secondary-ewt,58.11,4,F
2026-07-27 09:00:00,secondary-flow,0.0,4,gpm
2026-07-27 09:00:00,secondary-lwt,57.71,4,F
2026-07-27 09:00:00,zone1-bedrooms-heat-call,0.0,3,Unitless
2026-07-27 09:00:00,zone5-living-rm-fancoil-heat-call,1.0,4,Unitless
2026-07-27 09:15:00,buffer-depth1,48.93,16,F
2026-07-27 09:15:00,buffer-depth2,48.88,16,F
2026-07-27 09:15:00,buffer-depth3,49.26,18,F
2026-07-27 09:15:00,hp-ewt,56.42,3,F
2026-07-27 09:15:00,hp-lwt,55.51,3,F
2026-07-27 09:15:00,secondary-ewt,58.54,3,F
2026-07-27 09:15:00,secondary-flow,0.0,3,gpm
2026-07-27 09:15:00,secondary-lwt,58.04,3,F
2026-07-27 09:15:00,zone1-bedrooms-heat-call,0.0,3,Unitless
2026-07-27 09:15:00,zone5-living-rm-fancoil-heat-call,1.0,4,Unitless
2026-07-27 09:30:00,buffer-depth1,49.05,15,F
2026-07-27 09:30:00,buffer-depth2,48.98,17,F
2026-07-27 09:30:00,buffer-depth3,49.41,23,F
2026-07-27 09:30:00,hp-ewt,56.52,3,F
2026-07-27 09:30:00,hp-lwt,55.34,3,F
2026-07-27 09:30:00,secondary-ewt,58.78,3,F
2026-07-27 09:30:00,secondary-flow,0.0,3,gpm
2026-07-27 09:30:00,secondary-lwt,58.33,3,F
2026-07-27 09:30:00,zone1-bedrooms-heat-call,0.0,3,Unitless
2026-07-27 09:30:00,zone5-living-rm-fancoil-heat-call,0.0,4,Unitless
2026-07-27 09:45:00,buffer-depth1,49.46,20,F
2026-07-27 09:45:00,buffer-depth2,49.48,19,F
2026-07-27 09:45:00,buffer-depth3,49.99,20,F
2026-07-27 09:45:00,hp-ewt,56.59,3,F
2026-07-27 09:45:00,hp-lwt,55.08,3,F
2026-07-27 09:45:00,secondary-ewt,58.9,3,F
2026-07-27 09:45:00,secondary-flow,0.0,3,gpm
2026-07-27 09:45:00,secondary-lwt,58.51,3,F
2026-07-27 09:45:00,zone1-bedrooms-heat-call,0.0,3,Unitless
2026-07-27 09:45:00,zone5-living-rm-fancoil-heat-call,1.0,6,Unitless
2026-07-27 10:00:00,buffer-depth1,49.79,16,F
2026-07-27 10:00:00,buffer-depth2,49.72,16,F
2026-07-27 10:00:00,buffer-depth3,50.02,19,F
2026-07-27 10:00:00,hp-ewt,56.69,4,F
2026-07-27 10:00:00,hp-lwt,54.69,4,F
2026-07-27 10:00:00,secondary-ewt,59.0,5,F
2026-07-27 10:00:00,secondary-flow,0.0,5,gpm
2026-07-27 10:00:00,secondary-lwt,58.76,5,F
2026-07-27 10:00:00,zone1-bedrooms-heat-call,0.0,3,Unitless
2026-07-27 10:00:00,zone5-living-rm-fancoil-heat-call,0.0,4,Unitless
2026-07-27 10:15:00,buffer-depth1,50.22,20,F
2026-07-27 10:15:00,buffer-depth2,50.25,19,F
2026-07-27 10:15:00,buffer-depth3,50.75,21,F
2026-07-27 10:15:00,hp-ewt,56.77,4,F
2026-07-27 10:15:00,hp-lwt,54.41,4,F
2026-07-27 10:15:00,secondary-ewt,59.05,3,F
2026-07-27 10:15:00,secondary-flow,0.0,3,gpm
2026-07-27 10:15:00,secondary-lwt,58.89,3,F
2026-07-27 10:15:00,zone1-bedrooms-heat-call,0.0,3,Unitless
2026-07-27 10:15:00,zone5-living-rm-fancoil-heat-call,1.0,4,Unitless
2026-07-27 10:30:00,buffer-depth1,50.55,16,F
2026-07-27 10:30:00,buffer-depth2,50.52,18,F
2026-07-27 10:30:00,buffer-depth3,50.87,24,F
2026-07-27 10:30:00,hp-ewt,57.42,2,F
2026-07-27 10:30:00,hp-lwt,54.43,2,F
2026-07-27 10:30:00,secondary-ewt,59.38,4,F
2026-07-27 10:30:00,secondary-flow,0.0,4,gpm
2026-07-27 10:30:00,secondary-lwt,59.28,4,F
2026-07-27 10:30:00,zone1-bedrooms-heat-call,0.0,3,Unitless
2026-07-27 10:30:00,zone5-living-rm-fancoil-heat-call,1.0,4,Unitless
2026-07-27 10:45:00,buffer-depth1,50.97,20,F
2026-07-27 10:45:00,buffer-depth2,51.03,18,F
2026-07-27 10:45:00,buffer-depth3,51.44,20,F
2026-07-27 10:45:00,hp-ewt,57.96,3,F
2026-07-27 10:45:00,hp-lwt,54.69,3,F
2026-07-27 10:45:00,secondary-ewt,59.73,3,F
2026-07-27 10:45:00,secondary-flow,0.0,3,gpm
2026-07-27 10:45:00,secondary-lwt,59.64,3,F
2026-07-27 10:45:00,zone1-bedrooms-heat-call,0.0,3,Unitless
2026-07-27 10:45:00,zone5-living-rm-fancoil-heat-call,1.0,4,Unitless
2026-07-27 11:00:00,buffer-depth1,51.32,16,F
2026-07-27 11:00:00,buffer-depth2,51.27,20,F
2026-07-27 11:00:00,buffer-depth3,51.5,21,F
2026-07-27 11:00:00,hp-ewt,58.38,3,F
2026-07-27 11:00:00,hp-lwt,55.18,3,F
2026-07-27 11:00:00,secondary-ewt,60.1,3,F
2026-07-27 11:00:00,secondary-flow,0.0,3,gpm
2026-07-27 11:00:00,secondary-lwt,59.97,3,F
2026-07-27 11:00:00,zone1-bedrooms-heat-call,0.0,3,Unitless
2026-07-27 11:00:00,zone5-living-rm-fancoil-heat-call,0.0,4,Unitless
2026-07-27 11:15:00,buffer-depth1,51.6,18,F
2026-07-27 11:15:00,buffer-depth2,51.58,21,F
2026-07-27 11:15:00,buffer-depth3,51.93,19,F
2026-07-27 11:15:00,hp-ewt,58.78,3,F
2026-07-27 11:15:00,hp-lwt,55.72,3,F
2026-07-27 11:15:00,secondary-ewt,60.36,3,F
2026-07-27 11:15:00,secondary-flow,0.0,3,gpm
2026-07-27 11:15:00,secondary-lwt,60.31,3,F
2026-07-27 11:15:00,zone1-bedrooms-heat-call,0.0,3,Unitless
2026-07-27 11:15:00,zone5-living-rm-fancoil-heat-call,1.0,4,Unitless
2026-07-27 11:30:00,buffer-depth1,51.83,16,F
2026-07-27 11:30:00,buffer-depth2,51.78,19,F
2026-07-27 11:30:00,buffer-depth3,52.11,22,F
2026-07-27 11:30:00,hp-ewt,59.16,4,F
2026-07-27 11:30:00,hp-lwt,56.15,4,F
2026-07-27 11:30:00,secondary-ewt,60.7,3,F
2026-07-27 11:30:00,secondary-flow,0.0,3,gpm
2026-07-27 11:30:00,secondary-lwt,60.61,3,F
2026-07-27 11:30:00,zone1-bedrooms-heat-call,0.0,3,Unitless
2026-07-27 11:30:00,zone5-living-rm-fancoil-heat-call,1.0,4,Unitless
2026-07-27 11:45:00,buffer-depth1,52.16,17,F
2026-07-27 11:45:00,buffer-depth2,52.11,16,F
2026-07-27 11:45:00,buffer-depth3,52.38,18,F
2026-07-27 11:45:00,hp-ewt,59.53,3,F
2026-07-27 11:45:00,hp-lwt,55.92,4,F
2026-07-27 11:45:00,secondary-ewt,61.01,3,F
2026-07-27 11:45:00,secondary-flow,0.0,3,gpm
2026-07-27 11:45:00,secondary-lwt,60.91,3,F
2026-07-27 11:45:00,zone1-bedrooms-heat-call,0.0,3,Unitless
2026-07-27 11:45:00,zone5-living-rm-fancoil-heat-call,1.0,6,Unitless
2026-07-27 12:00:00,buffer-depth1,52.5,37,F
2026-07-27 12:00:00,buffer-depth2,52.22,25,F
2026-07-27 12:00:00,buffer-depth3,52.21,15,F
2026-07-27 12:00:00,hp-ewt,56.19,21,F
2026-07-27 12:00:00,hp-lwt,55.41,63,F
2026-07-27 12:00:00,secondary-ewt,56.31,23,F
2026-07-27 12:00:00,secondary-flow,6.11,7,gpm
2026-07-27 12:00:00,secondary-lwt,56.2,41,F
2026-07-27 12:00:00,zone1-bedrooms-heat-call,0.0,3,Unitless
2026-07-27 12:00:00,zone5-living-rm-fancoil-heat-call,1.0,4,Unitless
2026-07-27 12:15:00,buffer-depth1,51.77,20,F
2026-07-27 12:15:00,buffer-depth2,51.8,19,F
2026-07-27 12:15:00,buffer-depth3,52.01,18,F
2026-07-27 12:15:00,hp-ewt,54.17,7,F
2026-07-27 12:15:00,hp-lwt,50.93,13,F
2026-07-27 12:15:00,secondary-ewt,52.83,3,F
2026-07-27 12:15:00,secondary-flow,7.42,3,gpm
2026-07-27 12:15:00,secondary-lwt,51.79,6,F
2026-07-27 12:15:00,zone1-bedrooms-heat-call,0.0,3,Unitless
2026-07-27 12:15:00,zone5-living-rm-fancoil-heat-call,0.0,4,Unitless
2026-07-27 12:30:00,buffer-depth1,51.25,16,F
2026-07-27 12:30:00,buffer-depth2,51.28,17,F
2026-07-27 12:30:00,buffer-depth3,51.63,18,F
2026-07-27 12:30:00,hp-ewt,54.06,4,F
2026-07-27 12:30:00,hp-lwt,49.62,4,F
2026-07-27 12:30:00,secondary-ewt,53.09,9,F
2026-07-27 12:30:00,secondary-flow,7.71,6,gpm
2026-07-27 12:30:00,secondary-lwt,52.05,6,F
2026-07-27 12:30:00,zone1-bedrooms-heat-call,0.0,3,Unitless
2026-07-27 12:30:00,zone5-living-rm-fancoil-heat-call,1.0,5,Unitless
2026-07-27 12:45:00,buffer-depth1,50.59,23,F
2026-07-27 12:45:00,buffer-depth2,50.71,22,F
2026-07-27 12:45:00,buffer-depth3,51.06,20,F
2026-07-27 12:45:00,hp-ewt,53.46,4,F
2026-07-27 12:45:00,hp-lwt,48.65,5,F
2026-07-27 12:45:00,secondary-ewt,52.08,3,F
2026-07-27 12:45:00,secondary-flow,7.44,4,gpm
2026-07-27 12:45:00,secondary-lwt,51.06,5,F
2026-07-27 12:45:00,zone1-bedrooms-heat-call,0.0,3,Unitless
2026-07-27 12:45:00,zone5-living-rm-fancoil-heat-call,0.0,4,Unitless
2026-07-27 13:00:00,buffer-depth1,50.0,19,F
2026-07-27 13:00:00,buffer-depth2,50.06,17,F
2026-07-27 13:00:00,buffer-depth3,50.42,19,F
2026-07-27 13:00:00,hp-ewt,53.0,6,F
2026-07-27 13:00:00,hp-lwt,47.8,8,F
2026-07-27 13:00:00,secondary-ewt,52.18,12,F
2026-07-27 13:00:00,secondary-flow,7.68,5,gpm
2026-07-27 13:00:00,secondary-lwt,50.58,7,F
2026-07-27 13:00:00,zone1-bedrooms-heat-call,0.0,3,Unitless
2026-07-27 13:00:00,zone5-living-rm-fancoil-heat-call,1.0,6,Unitless
2026-07-27 13:15:00,buffer-depth1,49.11,22,F
2026-07-27 13:15:00,buffer-depth2,49.24,22,F
2026-07-27 13:15:00,buffer-depth3,49.67,22,F
2026-07-27 13:15:00,hp-ewt,52.24,5,F
2026-07-27 13:15:00,hp-lwt,46.49,6,F
2026-07-27 13:15:00,secondary-ewt,51.07,11,F
2026-07-27 13:15:00,secondary-flow,7.51,5,gpm
2026-07-27 13:15:00,secondary-lwt,49.35,10,F
2026-07-27 13:15:00,zone1-bedrooms-heat-call,0.0,3,Unitless
2026-07-27 13:15:00,zone5-living-rm-fancoil-heat-call,0.0,4,Unitless
2026-07-27 13:30:00,buffer-depth1,48.44,20,F
2026-07-27 13:30:00,buffer-depth2,48.55,19,F
2026-07-27 13:30:00,buffer-depth3,48.93,19,F
2026-07-27 13:30:00,hp-ewt,51.81,4,F
2026-07-27 13:30:00,hp-lwt,45.96,4,F
2026-07-27 13:30:00,secondary-ewt,50.29,4,F
2026-07-27 13:30:00,secondary-flow,7.67,5,gpm
2026-07-27 13:30:00,secondary-lwt,48.85,5,F
2026-07-27 13:30:00,zone1-bedrooms-heat-call,0.0,3,Unitless
2026-07-27 13:30:00,zone5-living-rm-fancoil-heat-call,1.0,4,Unitless
2026-07-27 13:45:00,buffer-depth1,47.58,22,F
2026-07-27 13:45:00,buffer-depth2,47.74,21,F
2026-07-27 13:45:00,buffer-depth3,48.17,21,F
2026-07-27 13:45:00,hp-ewt,51.07,7,F
2026-07-27 13:45:00,hp-lwt,45.34,7,F
2026-07-27 13:45:00,secondary-ewt,49.4,3,F
2026-07-27 13:45:00,secondary-flow,7.8,3,gpm
2026-07-27 13:45:00,secondary-lwt,48.21,3,F
2026-07-27 13:45:00,zone1-bedrooms-heat-call,0.0,3,Unitless
2026-07-27 13:45:00,zone5-living-rm-fancoil-heat-call,1.0,4,Unitless
2026-07-27 14:00:00,buffer-depth1,47.19,19,F
2026-07-27 14:00:00,buffer-depth2,47.26,19,F
2026-07-27 14:00:00,buffer-depth3,47.67,18,F
2026-07-27 14:00:00,hp-ewt,50.81,4,F
2026-07-27 14:00:00,hp-lwt,44.99,4,F
2026-07-27 14:00:00,secondary-ewt,48.95,5,F
2026-07-27 14:00:00,secondary-flow,7.7,4,gpm
2026-07-27 14:00:00,secondary-lwt,47.72,5,F
2026-07-27 14:00:00,zone1-bedrooms-heat-call,0.0,3,Unitless
2026-07-27 14:00:00,zone5-living-rm-fancoil-heat-call,1.0,4,Unitless
2026-07-27 14:15:00,buffer-depth1,46.45,23,F
2026-07-27 14:15:00,buffer-depth2,46.55,22,F
2026-07-27 14:15:00,buffer-depth3,47.08,22,F
2026-07-27 14:15:00,hp-ewt,50.33,8,F
2026-07-27 14:15:00,hp-lwt,44.54,7,F
2026-07-27 14:15:00,zone1-bedrooms-heat-call,0.0,3,Unitless
2026-07-27 14:15:00,zone5-living-rm-fancoil-heat-call,1.0,4,Unitless
2026-07-27 14:30:00,buffer-depth1,46.13,19,F
2026-07-27 14:30:00,buffer-depth2,46.2,18,F
2026-07-27 14:30:00,buffer-depth3,46.65,17,F
2026-07-27 14:30:00,hp-ewt,49.91,5,F
2026-07-27 14:30:00,hp-lwt,44.34,4,F
2026-07-27 14:30:00,zone1-bedrooms-heat-call,0.0,3,Unitless
2026-07-27 14:30:00,zone5-living-rm-fancoil-heat-call,1.0,4,Unitless
2026-07-27 14:45:00,buffer-depth1,45.43,19,F
2026-07-27 14:45:00,buffer-depth2,45.56,18,F
2026-07-27 14:45:00,buffer-depth3,46.02,19,F
2026-07-27 14:45:00,hp-ewt,49.43,5,F
2026-07-27 14:45:00,hp-lwt,43.79,6,F
2026-07-27 14:45:00,zone1-bedrooms-heat-call,0.0,3,Unitless
2026-07-27 14:45:00,zone5-living-rm-fancoil-heat-call,1.0,4,Unitless
2026-07-27 15:00:00,buffer-depth1,45.18,19,F
2026-07-27 15:00:00,buffer-depth2,45.24,18,F
2026-07-27 15:00:00,buffer-depth3,45.67,18,F
2026-07-27 15:00:00,hp-ewt,49.26,4,F
2026-07-27 15:00:00,hp-lwt,43.5,4,F
2026-07-27 15:00:00,zone1-bedrooms-heat-call,0.0,3,Unitless
2026-07-27 15:00:00,zone5-living-rm-fancoil-heat-call,1.0,6,Unitless
2026-07-27 15:15:00,buffer-depth1,44.72,17,F
2026-07-27 15:15:00,buffer-depth2,44.77,16,F
2026-07-27 15:15:00,buffer-depth3,45.23,17,F
2026-07-27 15:15:00,hp-ewt,49.05,4,F
2026-07-27 15:15:00,hp-lwt,43.35,6,F
2026-07-27 15:15:00,zone1-bedrooms-heat-call,0.0,3,Unitless
2026-07-27 15:15:00,zone5-living-rm-fancoil-heat-call,1.0,4,Unitless
2026-07-27 15:30:00,buffer-depth1,44.71,15,F
2026-07-27 15:30:00,buffer-depth2,44.7,15,F
2026-07-27 15:30:00,buffer-depth3,45.1,15,F
2026-07-27 15:30:00,hp-ewt,48.99,3,F
2026-07-27 15:30:00,hp-lwt,43.23,3,F
2026-07-27 15:30:00,zone1-bedrooms-heat-call,0.0,3,Unitless
2026-07-27 15:30:00,zone5-living-rm-fancoil-heat-call,1.0,3,Unitless
2026-07-27 15:45:00,buffer-depth1,44.61,15,F
2026-07-27 15:45:00,buffer-depth2,44.62,15,F
2026-07-27 15:45:00,buffer-depth3,44.98,15,F
2026-07-27 15:45:00,hp-ewt,48.93,4,F
2026-07-27 15:45:00,hp-lwt,43.11,4,F
2026-07-27 15:45:00,zone1-bedrooms-heat-call,0.0,3,Unitless
2026-07-27 15:45:00,zone5-living-rm-fancoil-heat-call,1.0,3,Unitless
2026-07-27 16:00:00,buffer-depth1,44.95,19,F
2026-07-27 16:00:00,buffer-depth2,45.0,20,F
2026-07-27 16:00:00,buffer-depth3,45.51,27,F
2026-07-27 16:00:00,hp-ewt,49.96,15,F
2026-07-27 16:00:00,hp-lwt,46.91,22,F
2026-07-27 16:00:00,zone1-bedrooms-heat-call,0.0,3,Unitless
2026-07-27 16:00:00,zone5-living-rm-fancoil-heat-call,1.0,6,Unitless
2026-07-27 16:15:00,buffer-depth1,45.61,21,F
2026-07-27 16:15:00,buffer-depth2,45.88,26,F
2026-07-27 16:15:00,buffer-depth3,46.33,25,F
2026-07-27 16:15:00,hp-ewt,52.84,5,F
2026-07-27 16:15:00,hp-lwt,51.46,5,F
2026-07-27 16:15:00,secondary-ewt,52.01,7,F
2026-07-27 16:15:00,secondary-flow,0.0,2,gpm
2026-07-27 16:15:00,secondary-lwt,49.78,15,F
2026-07-27 16:15:00,zone1-bedrooms-heat-call,0.0,3,Unitless
2026-07-27 16:15:00,zone5-living-rm-fancoil-heat-call,1.0,4,Unitless
2026-07-27 16:30:00,buffer-depth1,46.65,21,F
2026-07-27 16:30:00,buffer-depth2,46.65,22,F
2026-07-27 16:30:00,buffer-depth3,47.3,20,F
2026-07-27 16:30:00,hp-ewt,53.57,4,F
2026-07-27 16:30:00,hp-lwt,51.49,5,F
2026-07-27 16:30:00,secondary-ewt,53.02,8,F
2026-07-27 16:30:00,secondary-flow,0.0,5,gpm
2026-07-27 16:30:00,secondary-lwt,52.72,11,F
2026-07-27 16:30:00,zone1-bedrooms-heat-call,0.0,3,Unitless
2026-07-27 16:30:00,zone5-living-rm-fancoil-heat-call,1.0,3,Unitless
2026-07-27 16:45:00,buffer-depth1,47.64,23,F
2026-07-27 16:45:00,buffer-depth2,47.66,27,F
2026-07-27 16:45:00,buffer-depth3,48.27,24,F
2026-07-27 16:45:00,hp-ewt,56.15,14,F
2026-07-27 16:45:00,hp-lwt,52.55,4,F
2026-07-27 16:45:00,secondary-ewt,54.74,5,F
2026-07-27 16:45:00,secondary-flow,0.0,2,gpm
2026-07-27 16:45:00,secondary-lwt,55.88,9,F
2026-07-27 16:45:00,zone1-bedrooms-heat-call,0.0,3,Unitless
2026-07-27 16:45:00,zone5-living-rm-fancoil-heat-call,1.0,3,Unitless
2026-07-27 17:00:00,buffer-depth1,48.76,24,F
2026-07-27 17:00:00,buffer-depth2,48.83,22,F
2026-07-27 17:00:00,buffer-depth3,49.35,23,F
2026-07-27 17:00:00,hp-ewt,58.7,4,F
2026-07-27 17:00:00,hp-lwt,53.63,6,F
2026-07-27 17:00:00,secondary-ewt,55.59,3,F
2026-07-27 17:00:00,secondary-flow,0.0,3,gpm
2026-07-27 17:00:00,secondary-lwt,57.5,3,F
2026-07-27 17:00:00,zone1-bedrooms-heat-call,0.0,3,Unitless
2026-07-27 17:00:00,zone5-living-rm-fancoil-heat-call,1.0,3,Unitless
2026-07-27 17:15:00,buffer-depth1,49.56,19,F
2026-07-27 17:15:00,buffer-depth2,49.58,22,F
2026-07-27 17:15:00,buffer-depth3,50.1,22,F
2026-07-27 17:15:00,hp-ewt,58.98,4,F
2026-07-27 17:15:00,hp-lwt,54.67,4,F
2026-07-27 17:15:00,secondary-ewt,56.49,4,F
2026-07-27 17:15:00,secondary-flow,0.0,4,gpm
2026-07-27 17:15:00,secondary-lwt,57.84,5,F
2026-07-27 17:15:00,zone1-bedrooms-heat-call,0.0,3,Unitless
2026-07-27 17:15:00,zone5-living-rm-fancoil-heat-call,1.0,3,Unitless
2026-07-27 17:30:00,buffer-depth1,50.48,21,F
2026-07-27 17:30:00,buffer-depth2,50.56,22,F
2026-07-27 17:30:00,buffer-depth3,51.02,23,F
2026-07-27 17:30:00,hp-ewt,59.31,4,F
2026-07-27 17:30:00,hp-lwt,55.32,3,F
2026-07-27 17:30:00,secondary-ewt,57.04,3,F
2026-07-27 17:30:00,secondary-flow,0.0,3,gpm
2026-07-27 17:30:00,secondary-lwt,58.31,3,F
2026-07-27 17:30:00,zone1-bedrooms-heat-call,0.0,3,Unitless
2026-07-27 17:30:00,zone5-living-rm-fancoil-heat-call,1.0,3,Unitless
2026-07-27 17:45:00,buffer-depth1,51.17,18,F
2026-07-27 17:45:00,buffer-depth2,51.21,21,F
2026-07-27 17:45:00,buffer-depth3,51.68,20,F
2026-07-27 17:45:00,hp-ewt,60.34,7,F
2026-07-27 17:45:00,hp-lwt,55.46,3,F
2026-07-27 17:45:00,secondary-ewt,57.33,3,F
2026-07-27 17:45:00,secondary-flow,0.0,3,gpm
2026-07-27 17:45:00,secondary-lwt,58.34,3,F
2026-07-27 17:45:00,zone1-bedrooms-heat-call,0.0,5,Unitless
2026-07-27 17:45:00,zone5-living-rm-fancoil-heat-call,1.0,3,Unitless
2026-07-27 18:00:00,buffer-depth1,51.96,21,F
2026-07-27 18:00:00,buffer-depth2,52.03,20,F
2026-07-27 18:00:00,buffer-depth3,52.4,20,F
2026-07-27 18:00:00,hp-ewt,62.25,10,F
2026-07-27 18:00:00,hp-lwt,55.6,3,F
2026-07-27 18:00:00,secondary-ewt,57.7,3,F
2026-07-27 18:00:00,secondary-flow,0.0,3,gpm
2026-07-27 18:00:00,secondary-lwt,58.61,3,F
2026-07-27 18:00:00,zone1-bedrooms-heat-call,0.0,3,Unitless
2026-07-27 18:00:00,zone5-living-rm-fancoil-heat-call,1.0,3,Unitless
2026-07-27 18:15:00,buffer-depth1,52.61,19,F
2026-07-27 18:15:00,buffer-depth2,52.64,20,F
2026-07-27 18:15:00,buffer-depth3,52.99,21,F
2026-07-27 18:15:00,hp-ewt,64.22,10,F
2026-07-27 18:15:00,hp-lwt,55.81,5,F
2026-07-27 18:15:00,secondary-ewt,58.35,4,F
2026-07-27 18:15:00,secondary-flow,0.06,6,gpm
2026-07-27 18:15:00,secondary-lwt,58.73,4,F
2026-07-27 18:15:00,zone1-bedrooms-heat-call,0.0,3,Unitless
2026-07-27 18:15:00,zone5-living-rm-fancoil-heat-call,1.0,3,Unitless
2026-07-27 18:30:00,buffer-depth1,53.32,18,F
2026-07-27 18:30:00,buffer-depth2,53.37,17,F
2026-07-27 18:30:00,buffer-depth3,53.67,17,F
2026-07-27 18:30:00,hp-ewt,63.33,4,F
2026-07-27 18:30:00,hp-lwt,56.87,6,F
2026-07-27 18:30:00,secondary-ewt,59.06,5,F
2026-07-27 18:30:00,secondary-flow,0.0,5,gpm
2026-07-27 18:30:00,secondary-lwt,59.05,5,F
2026-07-27 18:30:00,zone1-bedrooms-heat-call,0.0,3,Unitless
2026-07-27 18:30:00,zone5-living-rm-fancoil-heat-call,1.0,4,Unitless
2026-07-27 18:45:00,buffer-depth1,53.73,16,F
2026-07-27 18:45:00,buffer-depth2,53.69,17,F
2026-07-27 18:45:00,buffer-depth3,53.99,23,F
2026-07-27 18:45:00,hp-ewt,63.75,4,F
2026-07-27 18:45:00,hp-lwt,58.26,6,F
2026-07-27 18:45:00,secondary-ewt,59.59,3,F
2026-07-27 18:45:00,secondary-flow,0.06,5,gpm
2026-07-27 18:45:00,secondary-lwt,59.34,3,F
2026-07-27 18:45:00,zone1-bedrooms-heat-call,0.0,3,Unitless
2026-07-27 18:45:00,zone5-living-rm-fancoil-heat-call,1.0,4,Unitless
2026-07-27 19:00:00,buffer-depth1,54.27,21,F
2026-07-27 19:00:00,buffer-depth2,54.28,21,F
2026-07-27 19:00:00,buffer-depth3,54.6,21,F
2026-07-27 19:00:00,hp-ewt,63.93,3,F
2026-07-27 19:00:00,hp-lwt,58.93,3,F
2026-07-27 19:00:00,secondary-ewt,59.47,8,F
2026-07-27 19:00:00,secondary-flow,0.0,3,gpm
2026-07-27 19:00:00,secondary-lwt,59.67,4,F
2026-07-27 19:00:00,zone1-bedrooms-heat-call,0.0,3,Unitless
2026-07-27 19:00:00,zone5-living-rm-fancoil-heat-call,1.0,3,Unitless
2026-07-27 19:15:00,buffer-depth1,54.89,18,F
2026-07-27 19:15:00,buffer-depth2,54.87,18,F
2026-07-27 19:15:00,buffer-depth3,55.1,18,F
2026-07-27 19:15:00,hp-ewt,63.91,2,F
2026-07-27 19:15:00,hp-lwt,58.9,2,F
2026-07-27 19:15:00,secondary-ewt,57.97,5,F
2026-07-27 19:15:00,secondary-flow,0.0,3,gpm
2026-07-27 19:15:00,secondary-lwt,59.75,5,F
2026-07-27 19:15:00,zone1-bedrooms-heat-call,0.0,3,Unitless
2026-07-27 19:15:00,zone5-living-rm-fancoil-heat-call,1.0,4,Unitless
2026-07-27 19:30:00,buffer-depth1,55.21,19,F
2026-07-27 19:30:00,buffer-depth2,55.18,19,F
2026-07-27 19:30:00,buffer-depth3,55.43,22,F
2026-07-27 19:30:00,hp-ewt,63.74,3,F
2026-07-27 19:30:00,hp-lwt,58.75,3,F
2026-07-27 19:30:00,secondary-ewt,58.33,4,F
2026-07-27 19:30:00,secondary-flow,0.0,3,gpm
2026-07-27 19:30:00,secondary-lwt,59.7,6,F
2026-07-27 19:30:00,zone1-bedrooms-heat-call,0.0,3,Unitless
2026-07-27 19:30:00,zone5-living-rm-fancoil-heat-call,1.0,4,Unitless
2026-07-27 19:45:00,buffer-depth1,55.76,17,F
2026-07-27 19:45:00,buffer-depth2,55.74,18,F
2026-07-27 19:45:00,buffer-depth3,55.98,19,F
2026-07-27 19:45:00,hp-ewt,63.47,4,F
2026-07-27 19:45:00,hp-lwt,58.61,4,F
2026-07-27 19:45:00,secondary-ewt,58.27,3,F
2026-07-27 19:45:00,secondary-flow,0.0,3,gpm
2026-07-27 19:45:00,secondary-lwt,58.71,3,F
2026-07-27 19:45:00,zone1-bedrooms-heat-call,0.0,3,Unitless
2026-07-27 19:45:00,zone5-living-rm-fancoil-heat-call,1.0,4,Unitless
2026-07-27 20:00:00,buffer-depth1,55.37,37,F
2026-07-27 20:00:00,buffer-depth2,55.42,27,F
2026-07-27 20:00:00,buffer-depth3,55.56,22,F
2026-07-27 20:00:00,hp-ewt,59.28,22,F
2026-07-27 20:00:00,hp-lwt,55.76,50,F
2026-07-27 20:00:00,secondary-ewt,56.96,17,F
2026-07-27 20:00:00,secondary-flow,6.62,10,gpm
2026-07-27 20:00:00,secondary-lwt,56.25,33,F
2026-07-27 20:00:00,zone1-bedrooms-heat-call,0.0,5,Unitless
2026-07-27 20:00:00,zone5-living-rm-fancoil-heat-call,1.0,4,Unitless
2026-07-27 20:15:00,buffer-depth1,54.48,21,F
2026-07-27 20:15:00,buffer-depth2,54.61,19,F
2026-07-27 20:15:00,buffer-depth3,54.92,18,F
2026-07-27 20:15:00,hp-ewt,56.49,4,F
2026-07-27 20:15:00,hp-lwt,51.5,18,F
2026-07-27 20:15:00,secondary-ewt,55.93,4,F
2026-07-27 20:15:00,secondary-flow,7.88,7,gpm
2026-07-27 20:15:00,secondary-lwt,54.62,9,F
2026-07-27 20:15:00,zone1-bedrooms-heat-call,0.0,3,Unitless
2026-07-27 20:15:00,zone5-living-rm-fancoil-heat-call,1.0,4,Unitless
2026-07-27 20:30:00,buffer-depth1,53.33,21,F
2026-07-27 20:30:00,buffer-depth2,53.58,23,F
2026-07-27 20:30:00,buffer-depth3,54.01,23,F
2026-07-27 20:30:00,hp-ewt,55.67,5,F
2026-07-27 20:30:00,hp-lwt,49.31,10,F
2026-07-27 20:30:00,secondary-ewt,54.68,1,F
2026-07-27 20:30:00,secondary-flow,7.83,1,gpm
2026-07-27 20:30:00,secondary-lwt,52.99,1,F
2026-07-27 20:30:00,zone1-bedrooms-heat-call,0.0,5,Unitless
2026-07-27 20:30:00,zone5-living-rm-fancoil-heat-call,1.0,4,Unitless
2026-07-27 20:45:00,buffer-depth1,52.49,21,F
2026-07-27 20:45:00,buffer-depth2,52.67,21,F
2026-07-27 20:45:00,buffer-depth3,53.1,21,F
2026-07-27 20:45:00,hp-ewt,55.12,4,F
2026-07-27 20:45:00,hp-lwt,48.8,4,F
2026-07-27 20:45:00,secondary-ewt,54.52,9,F
2026-07-27 20:45:00,secondary-flow,7.9,5,gpm
2026-07-27 20:45:00,secondary-lwt,52.73,7,F
2026-07-27 20:45:00,zone1-bedrooms-heat-call,0.0,3,Unitless
2026-07-27 20:45:00,zone5-living-rm-fancoil-heat-call,1.0,4,Unitless
2026-07-27 21:00:00,buffer-depth1,51.47,22,F
2026-07-27 21:00:00,buffer-depth2,51.72,21,F
2026-07-27 21:00:00,buffer-depth3,52.15,21,F
2026-07-27 21:00:00,hp-ewt,54.23,5,F
2026-07-27 21:00:00,hp-lwt,47.96,4,F
2026-07-27 21:00:00,secondary-ewt,53.45,11,F
2026-07-27 21:00:00,secondary-flow,7.64,7,gpm
2026-07-27 21:00:00,secondary-lwt,51.59,7,F
2026-07-27 21:00:00,zone1-bedrooms-heat-call,0.0,3,Unitless
2026-07-27 21:00:00,zone5-living-rm-fancoil-heat-call,1.0,4,Unitless
2026-07-27 21:15:00,buffer-depth1,50.59,21,F
2026-07-27 21:15:00,buffer-depth2,50.8,23,F
2026-07-27 21:15:00,buffer-depth3,51.27,23,F
2026-07-27 21:15:00,hp-ewt,53.23,6,F
2026-07-27 21:15:00,hp-lwt,47.17,5,F
2026-07-27 21:15:00,secondary-ewt,52.52,11,F
2026-07-27 21:15:00,secondary-flow,7.68,7,gpm
2026-07-27 21:15:00,secondary-lwt,50.61,7,F
2026-07-27 21:15:00,zone1-bedrooms-heat-call,0.0,3,Unitless
2026-07-27 21:15:00,zone5-living-rm-fancoil-heat-call,1.0,4,Unitless
2026-07-27 21:30:00,buffer-depth1,49.76,20,F
2026-07-27 21:30:00,buffer-depth2,49.93,19,F
2026-07-27 21:30:00,buffer-depth3,50.35,20,F
2026-07-27 21:30:00,hp-ewt,52.25,5,F
2026-07-27 21:30:00,hp-lwt,46.23,4,F
2026-07-27 21:30:00,secondary-ewt,51.46,2,F
2026-07-27 21:30:00,secondary-flow,7.82,2,gpm
2026-07-27 21:30:00,secondary-lwt,49.76,2,F
2026-07-27 21:30:00,zone1-bedrooms-heat-call,0.0,3,Unitless
2026-07-27 21:30:00,zone5-living-rm-fancoil-heat-call,1.0,4,Unitless
2026-07-27 21:45:00,buffer-depth1,48.84,24,F
2026-07-27 21:45:00,buffer-depth2,49.06,23,F
2026-07-27 21:45:00,buffer-depth3,49.57,23,F
2026-07-27 21:45:00,hp-ewt,51.24,6,F
2026-07-27 21:45:00,hp-lwt,45.22,6,F
2026-07-27 21:45:00,secondary-ewt,50.36,6,F
2026-07-27 21:45:00,secondary-flow,7.41,4,gpm
2026-07-27 21:45:00,secondary-lwt,48.59,7,F
2026-07-27 21:45:00,zone1-bedrooms-heat-call,0.0,3,Unitless
2026-07-27 21:45:00,zone5-living-rm-fancoil-heat-call,0.0,4,Unitless
2026-07-27 22:00:00,buffer-depth1,47.52,23,F
2026-07-27 22:00:00,buffer-depth2,47.74,23,F
2026-07-27 22:00:00,buffer-depth3,48.32,24,F
2026-07-27 22:00:00,hp-ewt,50.1,6,F
2026-07-27 22:00:00,hp-lwt,44.0,5,F
2026-07-27 22:00:00,secondary-ewt,49.5,9,F
2026-07-27 22:00:00,secondary-flow,7.5,6,gpm
2026-07-27 22:00:00,secondary-lwt,47.47,7,F
2026-07-27 22:00:00,zone1-bedrooms-heat-call,0.0,3,Unitless
2026-07-27 22:00:00,zone5-living-rm-fancoil-heat-call,0.0,3,Unitless
2026-07-27 22:15:00,buffer-depth1,46.61,23,F
2026-07-27 22:15:00,buffer-depth2,46.77,21,F
2026-07-27 22:15:00,buffer-depth3,47.28,21,F
2026-07-27 22:15:00,hp-ewt,49.65,8,F
2026-07-27 22:15:00,hp-lwt,43.53,8,F
2026-07-27 22:15:00,secondary-ewt,49.45,10,F
2026-07-27 22:15:00,secondary-flow,7.64,5,gpm
2026-07-27 22:15:00,secondary-lwt,47.24,10,F
2026-07-27 22:15:00,zone1-bedrooms-heat-call,0.0,3,Unitless
2026-07-27 22:15:00,zone5-living-rm-fancoil-heat-call,0.0,3,Unitless
2026-07-27 22:30:00,buffer-depth1,45.51,24,F
2026-07-27 22:30:00,buffer-depth2,45.7,23,F
2026-07-27 22:30:00,buffer-depth3,46.24,22,F
2026-07-27 22:30:00,hp-ewt,48.65,9,F
2026-07-27 22:30:00,hp-lwt,44.72,20,F
2026-07-27 22:30:00,zone1-bedrooms-heat-call,0.0,3,Unitless
2026-07-27 22:30:00,zone5-living-rm-fancoil-heat-call,0.0,3,Unitless
2026-07-27 22:45:00,buffer-depth1,45.56,16,F
2026-07-27 22:45:00,buffer-depth2,45.47,16,F
2026-07-27 22:45:00,buffer-depth3,45.73,16,F
2026-07-27 22:45:00,hp-ewt,50.4,6,F
2026-07-27 22:45:00,hp-lwt,49.69,6,F
2026-07-27 22:45:00,zone1-bedrooms-heat-call,0.0,3,Unitless
2026-07-27 22:45:00,zone5-living-rm-fancoil-heat-call,0.0,3,Unitless
2026-07-27 23:00:00,buffer-depth1,45.54,24,F
2026-07-27 23:00:00,buffer-depth2,45.39,20,F
2026-07-27 23:00:00,buffer-depth3,45.65,18,F
2026-07-27 23:00:00,hp-ewt,48.92,11,F
2026-07-27 23:00:00,hp-lwt,47.08,43,F
2026-07-27 23:00:00,secondary-ewt,47.85,8,F
2026-07-27 23:00:00,secondary-flow,7.56,5,gpm
2026-07-27 23:00:00,secondary-lwt,45.1,9,F
2026-07-27 23:00:00,zone1-bedrooms-heat-call,0.0,3,Unitless
2026-07-27 23:00:00,zone5-living-rm-fancoil-heat-call,0.0,3,Unitless
2026-07-27 23:15:00,buffer-depth1,45.27,20,F
2026-07-27 23:15:00,buffer-depth2,45.23,19,F
2026-07-27 23:15:00,buffer-depth3,45.43,16,F
2026-07-27 23:15:00,hp-ewt,48.42,6,F
2026-07-27 23:15:00,hp-lwt,44.95,18,F
2026-07-27 23:15:00,secondary-ewt,47.81,9,F
2026-07-27 23:15:00,secondary-flow,7.69,4,gpm
2026-07-27 23:15:00,secondary-lwt,46.18,8,F
2026-07-27 23:15:00,zone1-bedrooms-heat-call,0.0,3,Unitless
2026-07-27 23:15:00,zone5-living-rm-fancoil-heat-call,0.0,3,Unitless
2026-07-27 23:30:00,buffer-depth1,45.1,18,F
2026-07-27 23:30:00,buffer-depth2,45.08,15,F
2026-07-27 23:30:00,buffer-depth3,45.39,15,F
2026-07-27 23:30:00,hp-ewt,49.31,11,F
2026-07-27 23:30:00,hp-lwt,46.1,20,F
2026-07-27 23:30:00,secondary-ewt,46.54,1,F
2026-07-27 23:30:00,secondary-flow,7.4,1,gpm
2026-07-27 23:30:00,secondary-lwt,45.32,10,F
2026-07-27 23:30:00,zone1-bedrooms-heat-call,0.0,3,Unitless
2026-07-27 23:30:00,zone5-living-rm-fancoil-heat-call,0.0,3,Unitless
2026-07-27 23:45:00,buffer-depth1,45.32,18,F
2026-07-27 23:45:00,buffer-depth2,45.24,18,F
2026-07-27 23:45:00,buffer-depth3,45.44,18,F
2026-07-27 23:45:00,hp-ewt,51.87,9,F
2026-07-27 23:45:00,hp-lwt,50.47,9,F
2026-07-27 23:45:00,zone1-bedrooms-heat-call,0.0,3,Unitless
2026-07-27 23:45:00,zone5-living-rm-fancoil-heat-call,0.0,3,Unitless
2026-07-28 00:00:00,buffer-depth1,45.5,29,F
2026-07-28 00:00:00,buffer-depth2,45.37,18,F
2026-07-28 00:00:00,buffer-depth3,45.57,16,F
2026-07-28 00:00:00,hp-ewt,49.99,24,F
2026-07-28 00:00:00,hp-lwt,47.36,55,F
2026-07-28 00:00:00,zone1-bedrooms-heat-call,0.0,3,Unitless
2026-07-28 00:00:00,zone5-living-rm-fancoil-heat-call,0.0,3,Unitless
2026-07-28 00:15:00,buffer-depth1,45.71,20,F
2026-07-28 00:15:00,buffer-depth2,45.57,18,F
2026-07-28 00:15:00,buffer-depth3,45.7,16,F
2026-07-28 00:15:00,hp-ewt,51.99,6,F
2026-07-28 00:15:00,hp-lwt,50.59,6,F
2026-07-28 00:15:00,zone1-bedrooms-heat-call,0.0,5,Unitless
2026-07-28 00:15:00,zone5-living-rm-fancoil-heat-call,0.0,3,Unitless
2026-07-28 00:30:00,buffer-depth1,46.14,27,F
2026-07-28 00:30:00,buffer-depth2,46.02,20,F
2026-07-28 00:30:00,buffer-depth3,45.99,17,F
2026-07-28 00:30:00,hp-ewt,50.56,20,F
2026-07-28 00:30:00,hp-lwt,47.74,55,F
2026-07-28 00:30:00,secondary-ewt,47.2,2,F
2026-07-28 00:30:00,secondary-flow,7.41,2,gpm
2026-07-28 00:30:00,secondary-lwt,47.33,2,F
2026-07-28 00:30:00,zone1-bedrooms-heat-call,0.0,3,Unitless
2026-07-28 00:30:00,zone5-living-rm-fancoil-heat-call,0.0,3,Unitless
2026-07-28 00:45:00,buffer-depth1,46.2,16,F
2026-07-28 00:45:00,buffer-depth2,46.12,16,F
2026-07-28 00:45:00,buffer-depth3,46.29,16,F
2026-07-28 00:45:00,hp-ewt,52.12,6,F
2026-07-28 00:45:00,hp-lwt,50.82,6,F
2026-07-28 00:45:00,secondary-ewt,47.34,3,F
2026-07-28 00:45:00,secondary-flow,7.41,3,gpm
2026-07-28 00:45:00,secondary-lwt,47.46,3,F
2026-07-28 00:45:00,zone1-bedrooms-heat-call,0.0,3,Unitless
2026-07-28 00:45:00,zone5-living-rm-fancoil-heat-call,0.0,3,Unitless
2026-07-28 01:00:00,buffer-depth1,46.2,29,F
2026-07-28 01:00:00,buffer-depth2,46.17,19,F
2026-07-28 01:00:00,buffer-depth3,46.41,16,F
2026-07-28 01:00:00,hp-ewt,50.43,25,F
2026-07-28 01:00:00,hp-lwt,47.56,57,F
2026-07-28 01:00:00,secondary-ewt,47.39,3,F
2026-07-28 01:00:00,secondary-flow,7.4,3,gpm
2026-07-28 01:00:00,secondary-lwt,47.32,38,F
2026-07-28 01:00:00,zone1-bedrooms-heat-call,0.0,3,Unitless
2026-07-28 01:00:00,zone5-living-rm-fancoil-heat-call,0.0,3,Unitless
2026-07-28 01:15:00,buffer-depth1,46.39,16,F
2026-07-28 01:15:00,buffer-depth2,46.31,16,F
2026-07-28 01:15:00,buffer-depth3,46.51,16,F
2026-07-28 01:15:00,hp-ewt,52.51,6,F
2026-07-28 01:15:00,hp-lwt,51.03,7,F
2026-07-28 01:15:00,secondary-ewt,47.49,3,F
2026-07-28 01:15:00,secondary-flow,7.4,3,gpm
2026-07-28 01:15:00,secondary-lwt,47.6,3,F
2026-07-28 01:15:00,zone1-bedrooms-heat-call,0.0,3,Unitless
2026-07-28 01:15:00,zone5-living-rm-fancoil-heat-call,0.0,3,Unitless
2026-07-28 01:30:00,buffer-depth1,46.49,28,F
2026-07-28 01:30:00,buffer-depth2,46.42,20,F
2026-07-28 01:30:00,buffer-depth3,46.65,16,F
2026-07-28 01:30:00,hp-ewt,51.11,23,F
2026-07-28 01:30:00,hp-lwt,47.67,55,F
2026-07-28 01:30:00,secondary-ewt,47.64,3,F
2026-07-28 01:30:00,secondary-flow,7.41,3,gpm
2026-07-28 01:30:00,secondary-lwt,47.55,36,F
2026-07-28 01:30:00,zone1-bedrooms-heat-call,0.0,3,Unitless
2026-07-28 01:30:00,zone5-living-rm-fancoil-heat-call,0.0,3,Unitless
2026-07-28 01:45:00,buffer-depth1,46.61,15,F
2026-07-28 01:45:00,buffer-depth2,46.53,15,F
2026-07-28 01:45:00,buffer-depth3,46.73,15,F
2026-07-28 01:45:00,hp-ewt,52.66,7,F
2026-07-28 01:45:00,hp-lwt,51.24,7,F
2026-07-28 01:45:00,secondary-ewt,47.75,1,F
2026-07-28 01:45:00,secondary-flow,7.38,1,gpm
2026-07-28 01:45:00,secondary-lwt,47.88,1,F
2026-07-28 01:45:00,zone1-bedrooms-heat-call,0.0,3,Unitless
2026-07-28 01:45:00,zone5-living-rm-fancoil-heat-call,0.0,3,Unitless
2026-07-28 02:00:00,buffer-depth1,46.67,29,F
2026-07-28 02:00:00,buffer-depth2,46.61,19,F
2026-07-28 02:00:00,buffer-depth3,46.87,17,F
2026-07-28 02:00:00,hp-ewt,51.27,25,F
2026-07-28 02:00:00,hp-lwt,47.96,56,F
2026-07-28 02:00:00,secondary-ewt,47.9,2,F
2026-07-28 02:00:00,secondary-flow,7.41,2,gpm
2026-07-28 02:00:00,secondary-lwt,47.17,6,F
2026-07-28 02:00:00,zone1-bedrooms-heat-call,0.0,3,Unitless
2026-07-28 02:00:00,zone5-living-rm-fancoil-heat-call,0.0,3,Unitless
2026-07-28 02:15:00,buffer-depth1,46.79,16,F
2026-07-28 02:15:00,buffer-depth2,46.71,16,F
2026-07-28 02:15:00,buffer-depth3,46.92,16,F
2026-07-28 02:15:00,hp-ewt,52.42,7,F
2026-07-28 02:15:00,hp-lwt,51.05,8,F
2026-07-28 02:15:00,secondary-ewt,47.88,4,F
2026-07-28 02:15:00,secondary-flow,7.41,4,gpm
2026-07-28 02:15:00,secondary-lwt,47.98,4,F
2026-07-28 02:15:00,zone1-bedrooms-heat-call,0.0,3,Unitless
2026-07-28 02:15:00,zone5-living-rm-fancoil-heat-call,0.0,3,Unitless
2026-07-28 02:30:00,buffer-depth1,46.88,33,F
2026-07-28 02:30:00,buffer-depth2,46.86,19,F
2026-07-28 02:30:00,buffer-depth3,47.07,16,F
2026-07-28 02:30:00,hp-ewt,51.51,25,F
2026-07-28 02:30:00,hp-lwt,47.97,55,F
2026-07-28 02:30:00,secondary-ewt,48.07,3,F
2026-07-28 02:30:00,secondary-flow,7.42,3,gpm
2026-07-28 02:30:00,secondary-lwt,47.74,37,F
2026-07-28 02:30:00,zone1-bedrooms-heat-call,0.0,3,Unitless
2026-07-28 02:30:00,zone5-living-rm-fancoil-heat-call,0.0,3,Unitless
2026-07-28 02:45:00,buffer-depth1,46.94,18,F
2026-07-28 02:45:00,buffer-depth2,46.85,17,F
2026-07-28 02:45:00,buffer-depth3,47.09,17,F
2026-07-28 02:45:00,hp-ewt,52.16,8,F
2026-07-28 02:45:00,hp-lwt,50.74,9,F
2026-07-28 02:45:00,secondary-ewt,48.13,1,F
2026-07-28 02:45:00,secondary-flow,7.39,1,gpm
2026-07-28 02:45:00,secondary-lwt,48.18,1,F
2026-07-28 02:45:00,zone1-bedrooms-heat-call,0.0,3,Unitless
2026-07-28 02:45:00,zone5-living-rm-fancoil-heat-call,0.0,3,Unitless
2026-07-28 03:00:00,buffer-depth1,47.22,22,F
2026-07-28 03:00:00,buffer-depth2,47.05,17,F
2026-07-28 03:00:00,buffer-depth3,47.23,16,F
2026-07-28 03:00:00,hp-ewt,52.92,17,F
2026-07-28 03:00:00,hp-lwt,50.06,32,F
2026-07-28 03:00:00,secondary-ewt,48.24,3,F
2026-07-28 03:00:00,secondary-flow,7.41,3,gpm
2026-07-28 03:00:00,secondary-lwt,49.15,22,F
2026-07-28 03:00:00,zone1-bedrooms-heat-call,0.0,3,Unitless
2026-07-28 03:00:00,zone5-living-rm-fancoil-heat-call,0.0,3,Unitless
2026-07-28 03:15:00,buffer-depth1,46.9,24,F
2026-07-28 03:15:00,buffer-depth2,46.99,17,F
2026-07-28 03:15:00,buffer-depth3,47.28,15,F
2026-07-28 03:15:00,hp-ewt,50.91,16,F
2026-07-28 03:15:00,hp-lwt,46.22,32,F
2026-07-28 03:15:00,secondary-ewt,48.25,3,F
2026-07-28 03:15:00,secondary-flow,7.41,3,gpm
2026-07-28 03:15:00,secondary-lwt,46.3,17,F
2026-07-28 03:15:00,zone1-bedrooms-heat-call,0.0,3,Unitless
2026-07-28 03:15:00,zone5-living-rm-fancoil-heat-call,0.0,3,Unitless
2026-07-28 03:30:00,buffer-depth1,47.25,17,F
2026-07-28 03:30:00,buffer-depth2,47.16,17,F
2026-07-28 03:30:00,buffer-depth3,47.37,16,F
2026-07-28 03:30:00,hp-ewt,53.72,6,F
2026-07-28 03:30:00,hp-lwt,52.33,6,F
2026-07-28 03:30:00,secondary-ewt,48.36,3,F
2026-07-28 03:30:00,secondary-flow,7.42,3,gpm
2026-07-28 03:30:00,secondary-lwt,48.42,3,F
2026-07-28 03:30:00,zone1-bedrooms-heat-call,0.0,3,Unitless
2026-07-28 03:30:00,zone5-living-rm-fancoil-heat-call,0.0,3,Unitless
2026-07-28 03:45:00,buffer-depth1,47.09,26,F
2026-07-28 03:45:00,buffer-depth2,47.22,19,F
2026-07-28 03:45:00,buffer-depth3,47.48,17,F
2026-07-28 03:45:00,hp-ewt,51.77,24,F
2026-07-28 03:45:00,hp-lwt,47.32,49,F
2026-07-28 03:45:00,secondary-ewt,48.43,1,F
2026-07-28 03:45:00,secondary-flow,7.42,1,gpm
2026-07-28 03:45:00,secondary-lwt,48.68,2,F
2026-07-28 03:45:00,zone1-bedrooms-heat-call,0.0,3,Unitless
2026-07-28 03:45:00,zone5-living-rm-fancoil-heat-call,0.0,3,Unitless
2026-07-28 04:00:00,buffer-depth1,47.37,17,F
2026-07-28 04:00:00,buffer-depth2,47.29,17,F
2026-07-28 04:00:00,buffer-depth3,47.48,16,F
2026-07-28 04:00:00,hp-ewt,52.93,7,F
2026-07-28 04:00:00,hp-lwt,51.54,7,F
2026-07-28 04:00:00,secondary-ewt,48.51,3,F
2026-07-28 04:00:00,secondary-flow,7.4,3,gpm
2026-07-28 04:00:00,secondary-lwt,48.55,3,F
2026-07-28 04:00:00,zone1-bedrooms-heat-call,0.0,3,Unitless
2026-07-28 04:00:00,zone5-living-rm-fancoil-heat-call,0.0,3,Unitless
2026-07-28 04:15:00,buffer-depth1,47.37,28,F
2026-07-28 04:15:00,buffer-depth2,47.37,20,F
2026-07-28 04:15:00,buffer-depth3,47.63,16,F
2026-07-28 04:15:00,hp-ewt,51.99,21,F
2026-07-28 04:15:00,hp-lwt,47.93,51,F
2026-07-28 04:15:00,secondary-ewt,48.61,1,F
2026-07-28 04:15:00,secondary-flow,7.4,1,gpm
2026-07-28 04:15:00,secondary-lwt,48.61,1,F
2026-07-28 04:15:00,zone1-bedrooms-heat-call,0.0,3,Unitless
2026-07-28 04:15:00,zone5-living-rm-fancoil-heat-call,0.0,3,Unitless
2026-07-28 04:30:00,buffer-depth1,47.5,16,F
2026-07-28 04:30:00,buffer-depth2,47.4,15,F
2026-07-28 04:30:00,buffer-depth3,47.62,15,F
2026-07-28 04:30:00,hp-ewt,52.63,10,F
2026-07-28 04:30:00,hp-lwt,51.25,9,F
2026-07-28 04:30:00,secondary-ewt,48.6,4,F
2026-07-28 04:30:00,secondary-flow,7.39,4,gpm
2026-07-28 04:30:00,secondary-lwt,48.64,4,F
2026-07-28 04:30:00,zone1-bedrooms-heat-call,0.0,3,Unitless
2026-07-28 04:30:00,zone5-living-rm-fancoil-heat-call,0.0,3,Unitless
2026-07-28 04:45:00,buffer-depth1,47.67,15,F
2026-07-28 04:45:00,buffer-depth2,47.58,16,F
2026-07-28 04:45:00,buffer-depth3,47.77,16,F
2026-07-28 04:45:00,hp-ewt,54.5,9,F
2026-07-28 04:45:00,hp-lwt,53.05,8,F
2026-07-28 04:45:00,secondary-ewt,48.77,3,F
2026-07-28 04:45:00,secondary-flow,7.39,3,gpm
2026-07-28 04:45:00,secondary-lwt,49.24,6,F
2026-07-28 04:45:00,zone1-bedrooms-heat-call,0.0,3,Unitless
2026-07-28 04:45:00,zone5-living-rm-fancoil-heat-call,0.0,3,Unitless
2026-07-28 05:00:00,buffer-depth1,47.54,31,F
2026-07-28 05:00:00,buffer-depth2,47.52,19,F
2026-07-28 05:00:00,buffer-depth3,47.8,17,F
2026-07-28 05:00:00,hp-ewt,51.48,23,F
2026-07-28 05:00:00,hp-lwt,47.53,51,F
2026-07-28 05:00:00,secondary-ewt,48.82,3,F
2026-07-28 05:00:00,secondary-flow,7.39,3,gpm
2026-07-28 05:00:00,secondary-lwt,48.14,31,F
2026-07-28 05:00:00,zone1-bedrooms-heat-call,0.0,3,Unitless
2026-07-28 05:00:00,zone5-living-rm-fancoil-heat-call,0.0,3,Unitless
2026-07-28 05:15:00,buffer-depth1,47.75,16,F
2026-07-28 05:15:00,buffer-depth2,47.67,16,F
2026-07-28 05:15:00,buffer-depth3,47.87,16,F
2026-07-28 05:15:00,hp-ewt,53.88,6,F
2026-07-28 05:15:00,hp-lwt,52.44,6,F
2026-07-28 05:15:00,secondary-ewt,48.82,3,F
2026-07-28 05:15:00,secondary-flow,7.4,3,gpm
2026-07-28 05:15:00,secondary-lwt,48.88,3,F
2026-07-28 05:15:00,zone1-bedrooms-heat-call,0.0,3,Unitless
2026-07-28 05:15:00,zone5-living-rm-fancoil-heat-call,0.0,3,Unitless
2026-07-28 05:30:00,buffer-depth1,47.66,31,F
2026-07-28 05:30:00,buffer-depth2,47.69,22,F
2026-07-28 05:30:00,buffer-depth3,47.92,15,F
2026-07-28 05:30:00,hp-ewt,52.02,26,F
2026-07-28 05:30:00,hp-lwt,47.74,52,F
2026-07-28 05:30:00,secondary-ewt,48.95,3,F
2026-07-28 05:30:00,secondary-flow,7.39,3,gpm
2026-07-28 05:30:00,secondary-lwt,48.11,33,F
2026-07-28 05:30:00,zone1-bedrooms-heat-call,0.0,3,Unitless
2026-07-28 05:30:00,zone5-living-rm-fancoil-heat-call,0.0,3,Unitless
2026-07-28 05:45:00,buffer-depth1,47.83,17,F
2026-07-28 05:45:00,buffer-depth2,47.74,17,F
2026-07-28 05:45:00,buffer-depth3,47.92,16,F
2026-07-28 05:45:00,hp-ewt,53.5,6,F
2026-07-28 05:45:00,hp-lwt,52.05,6,F
2026-07-28 05:45:00,secondary-ewt,48.93,3,F
2026-07-28 05:45:00,secondary-flow,7.38,3,gpm
2026-07-28 05:45:00,secondary-lwt,48.96,3,F
2026-07-28 05:45:00,zone1-bedrooms-heat-call,0.0,3,Unitless
2026-07-28 05:45:00,zone5-living-rm-fancoil-heat-call,0.0,3,Unitless
2026-07-28 06:00:00,buffer-depth1,47.8,28,F
2026-07-28 06:00:00,buffer-depth2,47.78,19,F
2026-07-28 06:00:00,buffer-depth3,48.06,17,F
2026-07-28 06:00:00,hp-ewt,52.18,25,F
2026-07-28 06:00:00,hp-lwt,48.87,49,F
2026-07-28 06:00:00,zone1-bedrooms-heat-call,0.0,3,Unitless
2026-07-28 06:00:00,zone5-living-rm-fancoil-heat-call,0.0,3,Unitless
2026-07-28 06:15:00,buffer-depth1,47.92,16,F
2026-07-28 06:15:00,buffer-depth2,47.84,16,F
2026-07-28 06:15:00,buffer-depth3,48.04,15,F
2026-07-28 06:15:00,hp-ewt,53.49,7,F
2026-07-28 06:15:00,hp-lwt,51.97,7,F
2026-07-28 06:15:00,zone1-bedrooms-heat-call,0.0,3,Unitless
2026-07-28 06:15:00,zone5-living-rm-fancoil-heat-call,0.0,3,Unitless
2026-07-28 06:30:00,buffer-depth1,47.84,30,F
2026-07-28 06:30:00,buffer-depth2,47.84,19,F
2026-07-28 06:30:00,buffer-depth3,48.09,15,F
2026-07-28 06:30:00,hp-ewt,51.74,24,F
2026-07-28 06:30:00,hp-lwt,48.52,57,F
2026-07-28 06:30:00,zone1-bedrooms-heat-call,0.0,3,Unitless
2026-07-28 06:30:00,zone5-living-rm-fancoil-heat-call,0.0,3,Unitless
2026-07-28 06:45:00,buffer-depth1,47.95,27,F
2026-07-28 06:45:00,buffer-depth2,47.87,17,F
2026-07-28 06:45:00,buffer-depth3,48.11,15,F
2026-07-28 06:45:00,hp-ewt,52.06,13,F
2026-07-28 06:45:00,hp-lwt,49.09,38,F
2026-07-28 06:45:00,secondary-ewt,49.1,1,F
2026-07-28 06:45:00,secondary-flow,7.4,1,gpm
2026-07-28 06:45:00,secondary-lwt,47.0,10,F
2026-07-28 06:45:00,zone1-bedrooms-heat-call,0.0,3,Unitless
2026-07-28 06:45:00,zone5-living-rm-fancoil-heat-call,0.0,3,Unitless
2026-07-28 07:00:00,buffer-depth1,47.91,16,F
2026-07-28 07:00:00,buffer-depth2,47.85,16,F
2026-07-28 07:00:00,buffer-depth3,48.04,16,F
2026-07-28 07:00:00,hp-ewt,53.62,3,F
2026-07-28 07:00:00,hp-lwt,52.23,3,F
2026-07-28 07:00:00,secondary-ewt,50.75,13,F
2026-07-28 07:00:00,secondary-flow,1.54,9,gpm
2026-07-28 07:00:00,secondary-lwt,50.45,11,F
2026-07-28 07:00:00,zone1-bedrooms-heat-call,0.0,3,Unitless
2026-07-28 07:00:00,zone5-living-rm-fancoil-heat-call,0.0,3,Unitless
2026-07-28 07:15:00,buffer-depth1,47.97,15,F
2026-07-28 07:15:00,buffer-depth2,47.9,15,F
2026-07-28 07:15:00,buffer-depth3,48.08,15,F
2026-07-28 07:15:00,hp-ewt,54.78,6,F
2026-07-28 07:15:00,hp-lwt,53.47,6,F
2026-07-28 07:15:00,secondary-ewt,53.27,6,F
2026-07-28 07:15:00,secondary-flow,0.0,2,gpm
2026-07-28 07:15:00,secondary-lwt,52.76,5,F
2026-07-28 07:15:00,zone1-bedrooms-heat-call,0.0,3,Unitless
2026-07-28 07:15:00,zone5-living-rm-fancoil-heat-call,0.0,3,Unitless
2026-07-28 07:30:00,buffer-depth1,48.01,15,F
2026-07-28 07:30:00,buffer-depth2,47.93,15,F
2026-07-28 07:30:00,buffer-depth3,48.11,15,F
2026-07-28 07:30:00,hp-ewt,55.7,4,F
2026-07-28 07:30:00,hp-lwt,54.3,3,F
2026-07-28 07:30:00,secondary-ewt,54.87,7,F
2026-07-28 07:30:00,secondary-flow,0.0,4,gpm
2026-07-28 07:30:00,secondary-lwt,54.29,7,F
2026-07-28 07:30:00,zone1-bedrooms-heat-call,0.0,3,Unitless
2026-07-28 07:30:00,zone5-living-rm-fancoil-heat-call,0.0,3,Unitless
2026-07-28 07:45:00,buffer-depth1,48.06,15,F
2026-07-28 07:45:00,buffer-depth2,47.94,15,F
2026-07-28 07:45:00,buffer-depth3,48.12,15,F
2026-07-28 07:45:00,hp-ewt,56.16,3,F
2026-07-28 07:45:00,hp-lwt,53.57,6,F
2026-07-28 07:45:00,secondary-ewt,55.83,3,F
2026-07-28 07:45:00,secondary-flow,0.0,2,gpm
2026-07-28 07:45:00,secondary-lwt,55.49,5,F
2026-07-28 07:45:00,zone1-bedrooms-heat-call,0.0,3,Unitless
2026-07-28 07:45:00,zone5-living-rm-fancoil-heat-call,0.0,3,Unitless
2026-07-28 08:00:00,buffer-depth1,48.17,17,F
2026-07-28 08:00:00,buffer-depth2,48.21,21,F
2026-07-28 08:00:00,buffer-depth3,48.99,35,F
2026-07-28 08:00:00,hp-ewt,56.61,4,F
2026-07-28 08:00:00,hp-lwt,52.47,4,F
2026-07-28 08:00:00,secondary-ewt,56.54,3,F
2026-07-28 08:00:00,secondary-flow,0.0,3,gpm
2026-07-28 08:00:00,secondary-lwt,56.13,3,F
2026-07-28 08:00:00,zone1-bedrooms-heat-call,0.0,3,Unitless
2026-07-28 08:00:00,zone5-living-rm-fancoil-heat-call,1.0,4,Unitless
2026-07-28 08:15:00,buffer-depth1,48.55,16,F
2026-07-28 08:15:00,buffer-depth2,48.45,20,F
2026-07-28 08:15:00,buffer-depth3,48.73,19,F
2026-07-28 08:15:00,hp-ewt,57.45,4,F
2026-07-28 08:15:00,hp-lwt,52.52,2,F
2026-07-28 08:15:00,secondary-ewt,57.21,3,F
2026-07-28 08:15:00,secondary-flow,0.0,3,gpm
2026-07-28 08:15:00,secondary-lwt,56.84,3,F
2026-07-28 08:15:00,zone1-bedrooms-heat-call,0.0,3,Unitless
2026-07-28 08:15:00,zone5-living-rm-fancoil-heat-call,0.0,4,Unitless
2026-07-28 08:30:00,buffer-depth1,48.59,15,F
2026-07-28 08:30:00,buffer-depth2,48.47,15,F
2026-07-28 08:30:00,buffer-depth3,48.61,15,F
2026-07-28 08:30:00,hp-ewt,58.42,7,F
2026-07-28 08:30:00,hp-lwt,53.23,6,F
2026-07-28 08:30:00,secondary-ewt,57.65,3,F
2026-07-28 08:30:00,secondary-flow,0.0,3,gpm
2026-07-28 08:30:00,secondary-lwt,57.42,3,F
2026-07-28 08:30:00,zone1-bedrooms-heat-call,0.0,3,Unitless
2026-07-28 08:30:00,zone5-living-rm-fancoil-heat-call,0.0,3,Unitless
2026-07-28 08:45:00,buffer-depth1,48.61,15,F
2026-07-28 08:45:00,buffer-depth2,48.5,15,F
2026-07-28 08:45:00,buffer-depth3,48.62,15,F
2026-07-28 08:45:00,hp-ewt,59.75,5,F
2026-07-28 08:45:00,hp-lwt,54.13,3,F
2026-07-28 08:45:00,secondary-ewt,57.97,3,F
2026-07-28 08:45:00,secondary-flow,0.0,3,gpm
2026-07-28 08:45:00,secondary-lwt,57.86,3,F
2026-07-28 08:45:00,zone1-bedrooms-heat-call,0.0,3,Unitless
2026-07-28 08:45:00,zone5-living-rm-fancoil-heat-call,0.0,3,Unitless
2026-07-28 09:00:00,buffer-depth1,48.64,15,F
2026-07-28 09:00:00,buffer-depth2,48.52,15,F
2026-07-28 09:00:00,buffer-depth3,48.64,15,F
2026-07-28 09:00:00,hp-ewt,60.79,5,F
2026-07-28 09:00:00,hp-lwt,54.86,4,F
2026-07-28 09:00:00,secondary-ewt,58.26,3,F
2026-07-28 09:00:00,secondary-flow,0.0,3,gpm
2026-07-28 09:00:00,secondary-lwt,58.2,3,F
2026-07-28 09:00:00,zone1-bedrooms-heat-call,0.0,3,Unitless
2026-07-28 09:00:00,zone5-living-rm-fancoil-heat-call,0.0,3,Unitless
2026-07-28 09:15:00,buffer-depth1,48.67,15,F
2026-07-28 09:15:00,buffer-depth2,48.53,15,F
2026-07-28 09:15:00,buffer-depth3,48.65,15,F
2026-07-28 09:15:00,hp-ewt,61.54,3,F
2026-07-28 09:15:00,hp-lwt,55.58,3,F
2026-07-28 09:15:00,secondary-ewt,58.47,3,F
2026-07-28 09:15:00,secondary-flow,0.0,3,gpm
2026-07-28 09:15:00,secondary-lwt,58.56,3,F
2026-07-28 09:15:00,zone1-bedrooms-heat-call,0.0,3,Unitless
2026-07-28 09:15:00,zone5-living-rm-fancoil-heat-call,0.0,3,Unitless
2026-07-28 09:30:00,buffer-depth1,48.7,15,F
2026-07-28 09:30:00,buffer-depth2,48.54,15,F
2026-07-28 09:30:00,buffer-depth3,48.66,15,F
2026-07-28 09:30:00,hp-ewt,62.09,3,F
2026-07-28 09:30:00,hp-lwt,56.28,3,F
2026-07-28 09:30:00,secondary-ewt,58.77,4,F
2026-07-28 09:30:00,secondary-flow,0.0,4,gpm
2026-07-28 09:30:00,secondary-lwt,58.9,4,F
2026-07-28 09:30:00,zone1-bedrooms-heat-call,0.0,3,Unitless
2026-07-28 09:30:00,zone5-living-rm-fancoil-heat-call,0.0,3,Unitless
2026-07-28 09:45:00,buffer-depth1,48.8,18,F
2026-07-28 09:45:00,buffer-depth2,48.87,27,F
2026-07-28 09:45:00,buffer-depth3,49.66,38,F
2026-07-28 09:45:00,hp-ewt,62.57,3,F
2026-07-28 09:45:00,hp-lwt,57.09,3,F
2026-07-28 09:45:00,secondary-ewt,59.1,3,F
2026-07-28 09:45:00,secondary-flow,0.0,3,gpm
2026-07-28 09:45:00,secondary-lwt,59.55,4,F
2026-07-28 09:45:00,zone1-bedrooms-heat-call,0.0,3,Unitless
2026-07-28 09:45:00,zone5-living-rm-fancoil-heat-call,1.0,4,Unitless
2026-07-28 10:00:00,buffer-depth1,49.44,17,F
2026-07-28 10:00:00,buffer-depth2,49.4,17,F
2026-07-28 10:00:00,buffer-depth3,49.84,22,F
2026-07-28 10:00:00,hp-ewt,63.21,4,F
2026-07-28 10:00:00,hp-lwt,58.13,6,F
2026-07-28 10:00:00,secondary-ewt,59.38,3,F
2026-07-28 10:00:00,secondary-flow,0.0,3,gpm
2026-07-28 10:00:00,secondary-lwt,59.52,4,F
2026-07-28 10:00:00,zone1-bedrooms-heat-call,0.0,3,Unitless
2026-07-28 10:00:00,zone5-living-rm-fancoil-heat-call,0.0,4,Unitless
2026-07-28 10:15:00,buffer-depth1,49.61,15,F
2026-07-28 10:15:00,buffer-depth2,49.52,15,F
2026-07-28 10:15:00,buffer-depth3,49.69,15,F
2026-07-28 10:15:00,hp-ewt,64.03,3,F
2026-07-28 10:15:00,hp-lwt,58.96,3,F
2026-07-28 10:15:00,secondary-ewt,59.84,3,F
2026-07-28 10:15:00,secondary-flow,0.0,3,gpm
2026-07-28 10:15:00,secondary-lwt,59.58,3,F
2026-07-28 10:15:00,zone1-bedrooms-heat-call,0.0,3,Unitless
2026-07-28 10:15:00,zone5-living-rm-fancoil-heat-call,0.0,3,Unitless
2026-07-28 10:30:00,buffer-depth1,49.64,15,F
2026-07-28 10:30:00,buffer-depth2,49.54,15,F
2026-07-28 10:30:00,buffer-depth3,49.82,19,F
2026-07-28 10:30:00,hp-ewt,64.8,4,F
2026-07-28 10:30:00,hp-lwt,59.93,4,F
2026-07-28 10:30:00,secondary-ewt,60.56,4,F
2026-07-28 10:30:00,secondary-flow,0.02,6,gpm
2026-07-28 10:30:00,secondary-lwt,60.03,4,F
2026-07-28 10:30:00,zone1-bedrooms-heat-call,0.0,3,Unitless
2026-07-28 10:30:00,zone5-living-rm-fancoil-heat-call,0.0,3,Unitless
2026-07-28 10:45:00,buffer-depth1,49.92,19,F
2026-07-28 10:45:00,buffer-depth2,49.88,21,F
2026-07-28 10:45:00,buffer-depth3,50.39,25,F
2026-07-28 10:45:00,hp-ewt,65.25,3,F
2026-07-28 10:45:00,hp-lwt,61.03,4,F
2026-07-28 10:45:00,secondary-ewt,61.16,3,F
2026-07-28 10:45:00,secondary-flow,0.0,3,gpm
2026-07-28 10:45:00,secondary-lwt,60.72,3,F
2026-07-28 10:45:00,zone1-bedrooms-heat-call,0.0,3,Unitless
2026-07-28 10:45:00,zone5-living-rm-fancoil-heat-call,0.0,3,Unitless
2026-07-28 11:00:00,buffer-depth1,50.11,16,F
2026-07-28 11:00:00,buffer-depth2,50.0,15,F
2026-07-28 11:00:00,buffer-depth3,50.16,15,F
2026-07-28 11:00:00,hp-ewt,65.66,3,F
2026-07-28 11:00:00,hp-lwt,61.72,3,F
2026-07-28 11:00:00,secondary-ewt,61.75,3,F
2026-07-28 11:00:00,secondary-flow,0.0,3,gpm
2026-07-28 11:00:00,secondary-lwt,61.3,3,F
2026-07-28 11:00:00,zone1-bedrooms-heat-call,0.0,3,Unitless
2026-07-28 11:00:00,zone5-living-rm-fancoil-heat-call,0.0,3,Unitless
2026-07-28 11:15:00,buffer-depth1,50.36,18,F
2026-07-28 11:15:00,buffer-depth2,50.32,21,F
2026-07-28 11:15:00,buffer-depth3,50.91,33,F
2026-07-28 11:15:00,hp-ewt,66.01,3,F
2026-07-28 11:15:00,hp-lwt,62.31,3,F
2026-07-28 11:15:00,secondary-ewt,62.17,3,F
2026-07-28 11:15:00,secondary-flow,0.0,3,gpm
2026-07-28 11:15:00,secondary-lwt,61.75,3,F
2026-07-28 11:15:00,zone1-bedrooms-heat-call,0.0,3,Unitless
2026-07-28 11:15:00,zone5-living-rm-fancoil-heat-call,0.0,5,Unitless
2026-07-28 11:30:00,buffer-depth1,50.59,16,F
2026-07-28 11:30:00,buffer-depth2,50.54,18,F
2026-07-28 11:30:00,buffer-depth3,50.92,19,F
2026-07-28 11:30:00,hp-ewt,66.27,4,F
2026-07-28 11:30:00,hp-lwt,62.94,4,F
2026-07-28 11:30:00,secondary-ewt,62.62,4,F
2026-07-28 11:30:00,secondary-flow,0.0,4,gpm
2026-07-28 11:30:00,secondary-lwt,62.27,4,F
2026-07-28 11:30:00,zone1-bedrooms-heat-call,0.0,3,Unitless
2026-07-28 11:30:00,zone5-living-rm-fancoil-heat-call,0.0,3,Unitless
2026-07-28 11:45:00,buffer-depth1,50.86,16,F
2026-07-28 11:45:00,buffer-depth2,50.8,16,F
2026-07-28 11:45:00,buffer-depth3,51.05,18,F
2026-07-28 11:45:00,hp-ewt,66.28,3,F
2026-07-28 11:45:00,hp-lwt,63.31,3,F
2026-07-28 11:45:00,secondary-ewt,62.99,3,F
2026-07-28 11:45:00,secondary-flow,0.0,3,gpm
2026-07-28 11:45:00,secondary-lwt,62.67,3,F
2026-07-28 11:45:00,zone1-bedrooms-heat-call,0.0,3,Unitless
2026-07-28 11:45:00,zone5-living-rm-fancoil-heat-call,0.0,3,Unitless
2026-07-28 12:00:00,buffer-depth1,51.62,40,F
2026-07-28 12:00:00,buffer-depth2,51.11,25,F
2026-07-28 12:00:00,buffer-depth3,51.05,16,F
2026-07-28 12:00:00,hp-ewt,58.97,36,F
2026-07-28 12:00:00,hp-lwt,56.19,55,F
2026-07-28 12:00:00,secondary-ewt,56.48,25,F
2026-07-28 12:00:00,secondary-flow,5.95,5,gpm
2026-07-28 12:00:00,secondary-lwt,56.02,44,F
2026-07-28 12:00:00,zone1-bedrooms-heat-call,0.0,3,Unitless
2026-07-28 12:00:00,zone5-living-rm-fancoil-heat-call,0.0,3,Unitless
2026-07-28 12:15:00,buffer-depth1,51.06,16,F
2026-07-28 12:15:00,buffer-depth2,50.98,16,F
2026-07-28 12:15:00,buffer-depth3,51.13,16,F
2026-07-28 12:15:00,hp-ewt,54.13,7,F
2026-07-28 12:15:00,hp-lwt,51.22,10,F
2026-07-28 12:15:00,secondary-ewt,52.51,2,F
2026-07-28 12:15:00,secondary-flow,7.82,2,gpm
2026-07-28 12:15:00,secondary-lwt,51.94,2,F
2026-07-28 12:15:00,zone1-bedrooms-heat-call,0.0,3,Unitless
2026-07-28 12:15:00,zone5-living-rm-fancoil-heat-call,0.0,3,Unitless
2026-07-28 12:30:00,buffer-depth1,50.8,18,F
2026-07-28 12:30:00,buffer-depth2,50.82,18,F
2026-07-28 12:30:00,buffer-depth3,51.14,16,F
2026-07-28 12:30:00,hp-ewt,53.79,4,F
2026-07-28 12:30:00,hp-lwt,50.07,5,F
2026-07-28 12:30:00,secondary-ewt,52.01,4,F
2026-07-28 12:30:00,secondary-flow,7.46,5,gpm
2026-07-28 12:30:00,secondary-lwt,51.39,3,F
2026-07-28 12:30:00,zone1-bedrooms-heat-call,0.0,3,Unitless
2026-07-28 12:30:00,zone5-living-rm-fancoil-heat-call,0.0,3,Unitless
2026-07-28 12:45:00,buffer-depth1,50.27,20,F
2026-07-28 12:45:00,buffer-depth2,50.33,19,F
2026-07-28 12:45:00,buffer-depth3,50.72,20,F
2026-07-28 12:45:00,hp-ewt,53.26,6,F
2026-07-28 12:45:00,hp-lwt,49.24,7,F
2026-07-28 12:45:00,secondary-ewt,51.48,1,F
2026-07-28 12:45:00,secondary-flow,7.42,1,gpm
2026-07-28 12:45:00,secondary-lwt,50.54,1,F
2026-07-28 12:45:00,zone1-bedrooms-heat-call,0.0,3,Unitless
2026-07-28 12:45:00,zone5-living-rm-fancoil-heat-call,0.0,3,Unitless
2026-07-28 13:00:00,buffer-depth1,49.97,18,F
2026-07-28 13:00:00,buffer-depth2,49.97,16,F
2026-07-28 13:00:00,buffer-depth3,50.29,17,F
2026-07-28 13:00:00,hp-ewt,53.49,7,F
2026-07-28 13:00:00,hp-lwt,48.93,9,F
2026-07-28 13:00:00,secondary-ewt,52.23,22,F
2026-07-28 13:00:00,secondary-flow,7.65,9,gpm
2026-07-28 13:00:00,secondary-lwt,51.12,12,F
2026-07-28 13:00:00,zone1-bedrooms-heat-call,0.0,3,Unitless
2026-07-28 13:00:00,zone5-living-rm-fancoil-heat-call,1.0,5,Unitless
2026-07-28 13:15:00,buffer-depth1,49.55,20,F
2026-07-28 13:15:00,buffer-depth2,49.63,19,F
2026-07-28 13:15:00,buffer-depth3,50.03,18,F
2026-07-28 13:15:00,hp-ewt,52.91,5,F
2026-07-28 13:15:00,hp-lwt,47.98,7,F
2026-07-28 13:15:00,secondary-ewt,51.1,5,F
2026-07-28 13:15:00,secondary-flow,7.6,5,gpm
2026-07-28 13:15:00,secondary-lwt,50.16,5,F
2026-07-28 13:15:00,zone1-bedrooms-heat-call,0.0,3,Unitless
2026-07-28 13:15:00,zone5-living-rm-fancoil-heat-call,0.0,3,Unitless
2026-07-28 13:30:00,buffer-depth1,48.72,21,F
2026-07-28 13:30:00,buffer-depth2,48.87,21,F
2026-07-28 13:30:00,buffer-depth3,49.39,21,F
2026-07-28 13:30:00,hp-ewt,52.1,5,F
2026-07-28 13:30:00,hp-lwt,46.89,4,F
2026-07-28 13:30:00,secondary-ewt,50.96,14,F
2026-07-28 13:30:00,secondary-flow,7.52,5,gpm
2026-07-28 13:30:00,secondary-lwt,49.63,6,F
2026-07-28 13:30:00,zone1-bedrooms-heat-call,0.0,3,Unitless
2026-07-28 13:30:00,zone5-living-rm-fancoil-heat-call,0.0,4,Unitless
2026-07-28 13:45:00,buffer-depth1,48.29,18,F
2026-07-28 13:45:00,buffer-depth2,48.34,18,F
2026-07-28 13:45:00,buffer-depth3,48.72,18,F
2026-07-28 13:45:00,hp-ewt,52.07,5,F
2026-07-28 13:45:00,hp-lwt,46.73,8,F
2026-07-28 13:45:00,secondary-ewt,50.66,11,F
2026-07-28 13:45:00,secondary-flow,7.52,4,gpm
2026-07-28 13:45:00,secondary-lwt,49.1,7,F
2026-07-28 13:45:00,zone1-bedrooms-heat-call,0.0,3,Unitless
2026-07-28 13:45:00,zone5-living-rm-fancoil-heat-call,1.0,4,Unitless
2026-07-28 14:00:00,buffer-depth1,47.72,21,F
2026-07-28 14:00:00,buffer-depth2,47.84,20,F
2026-07-28 14:00:00,buffer-depth3,48.26,20,F
2026-07-28 14:00:00,hp-ewt,51.38,6,F
2026-07-28 14:00:00,hp-lwt,45.9,7,F
2026-07-28 14:00:00,secondary-ewt,49.45,5,F
2026-07-28 14:00:00,secondary-flow,7.59,4,gpm
2026-07-28 14:00:00,secondary-lwt,48.47,4,F
2026-07-28 14:00:00,zone1-bedrooms-heat-call,0.0,3,Unitless
2026-07-28 14:00:00,zone5-living-rm-fancoil-heat-call,0.0,3,Unitless
2026-07-28 14:15:00,buffer-depth1,46.88,21,F
2026-07-28 14:15:00,buffer-depth2,47.03,20,F
2026-07-28 14:15:00,buffer-depth3,47.53,19,F
2026-07-28 14:15:00,hp-ewt,50.84,6,F
2026-07-28 14:15:00,hp-lwt,45.05,5,F
2026-07-28 14:15:00,secondary-ewt,48.96,1,F
2026-07-28 14:15:00,secondary-flow,7.39,1,gpm
2026-07-28 14:15:00,secondary-lwt,47.7,2,F
2026-07-28 14:15:00,zone1-bedrooms-heat-call,0.0,3,Unitless
2026-07-28 14:15:00,zone5-living-rm-fancoil-heat-call,0.0,4,Unitless
2026-07-28 14:30:00,buffer-depth1,46.59,19,F
2026-07-28 14:30:00,buffer-depth2,46.62,19,F
2026-07-28 14:30:00,buffer-depth3,47.04,19,F
2026-07-28 14:30:00,hp-ewt,50.79,6,F
2026-07-28 14:30:00,hp-lwt,45.01,6,F
2026-07-28 14:30:00,secondary-ewt,49.17,12,F
2026-07-28 14:30:00,secondary-flow,7.66,7,gpm
2026-07-28 14:30:00,secondary-lwt,47.77,7,F
2026-07-28 14:30:00,zone1-bedrooms-heat-call,0.0,5,Unitless
2026-07-28 14:30:00,zone5-living-rm-fancoil-heat-call,1.0,4,Unitless
2026-07-28 14:45:00,buffer-depth1,46.04,20,F
2026-07-28 14:45:00,buffer-depth2,46.17,19,F
2026-07-28 14:45:00,buffer-depth3,46.67,18,F
2026-07-28 14:45:00,hp-ewt,50.02,4,F
2026-07-28 14:45:00,hp-lwt,44.48,6,F
2026-07-28 14:45:00,secondary-ewt,47.79,5,F
2026-07-28 14:45:00,secondary-flow,7.52,5,gpm
2026-07-28 14:45:00,secondary-lwt,46.86,3,F
2026-07-28 14:45:00,zone1-bedrooms-heat-call,0.0,3,Unitless
2026-07-28 14:45:00,zone5-living-rm-fancoil-heat-call,0.0,3,Unitless
2026-07-28 15:00:00,buffer-depth1,45.42,21,F
2026-07-28 15:00:00,buffer-depth2,45.51,18,F
2026-07-28 15:00:00,buffer-depth3,46.03,18,F
2026-07-28 15:00:00,hp-ewt,49.77,5,F
2026-07-28 15:00:00,hp-lwt,44.42,7,F
2026-07-28 15:00:00,secondary-ewt,48.25,15,F
2026-07-28 15:00:00,secondary-flow,7.57,5,gpm
2026-07-28 15:00:00,secondary-lwt,46.85,10,F
2026-07-28 15:00:00,zone1-bedrooms-heat-call,0.0,3,Unitless
2026-07-28 15:00:00,zone5-living-rm-fancoil-heat-call,1.0,4,Unitless
2026-07-28 15:15:00,buffer-depth1,45.27,17,F
2026-07-28 15:15:00,buffer-depth2,45.28,15,F
2026-07-28 15:15:00,buffer-depth3,45.74,16,F
2026-07-28 15:15:00,hp-ewt,49.61,8,F
2026-07-28 15:15:00,hp-lwt,44.37,10,F
2026-07-28 15:15:00,secondary-ewt,47.76,14,F
2026-07-28 15:15:00,secondary-flow,7.6,6,gpm
2026-07-28 15:15:00,secondary-lwt,46.59,13,F
2026-07-28 15:15:00,zone1-bedrooms-heat-call,0.0,5,Unitless
2026-07-28 15:15:00,zone5-living-rm-fancoil-heat-call,0.0,4,Unitless
2026-07-28 15:30:00,buffer-depth1,44.87,20,F
2026-07-28 15:30:00,buffer-depth2,44.95,19,F
2026-07-28 15:30:00,buffer-depth3,45.45,19,F
2026-07-28 15:30:00,hp-ewt,48.93,4,F
2026-07-28 15:30:00,hp-lwt,43.51,4,F
2026-07-28 15:30:00,secondary-ewt,47.05,7,F
2026-07-28 15:30:00,secondary-flow,7.55,7,gpm
2026-07-28 15:30:00,secondary-lwt,45.91,4,F
2026-07-28 15:30:00,zone1-bedrooms-heat-call,0.0,3,Unitless
2026-07-28 15:30:00,zone5-living-rm-fancoil-heat-call,0.0,4,Unitless
2026-07-28 15:45:00,buffer-depth1,44.63,17,F
2026-07-28 15:45:00,buffer-depth2,44.63,16,F
2026-07-28 15:45:00,buffer-depth3,45.07,16,F
2026-07-28 15:45:00,hp-ewt,49.03,6,F
2026-07-28 15:45:00,hp-lwt,43.59,6,F
2026-07-28 15:45:00,secondary-ewt,47.65,10,F
2026-07-28 15:45:00,secondary-flow,7.61,5,gpm
2026-07-28 15:45:00,secondary-lwt,46.18,11,F
2026-07-28 15:45:00,zone1-bedrooms-heat-call,0.0,5,Unitless
2026-07-28 15:45:00,zone5-living-rm-fancoil-heat-call,1.0,4,Unitless
2026-07-28 16:00:00,buffer-depth1,44.77,20,F
2026-07-28 16:00:00,buffer-depth2,44.88,20,F
2026-07-28 16:00:00,buffer-depth3,45.45,25,F
2026-07-28 16:00:00,hp-ewt,50.21,16,F
2026-07-28 16:00:00,hp-lwt,47.64,24,F
2026-07-28 16:00:00,secondary-ewt,51.78,5,F
2026-07-28 16:00:00,secondary-flow,0.0,2,gpm
2026-07-28 16:00:00,secondary-lwt,48.65,7,F
2026-07-28 16:00:00,zone1-bedrooms-heat-call,0.0,3,Unitless
2026-07-28 16:00:00,zone5-living-rm-fancoil-heat-call,0.0,3,Unitless
2026-07-28 16:15:00,buffer-depth1,45.47,18,F
2026-07-28 16:15:00,buffer-depth2,45.52,23,F
2026-07-28 16:15:00,buffer-depth3,46.18,25,F
2026-07-28 16:15:00,hp-ewt,53.5,5,F
2026-07-28 16:15:00,hp-lwt,52.28,5,F
2026-07-28 16:15:00,secondary-ewt,53.48,7,F
2026-07-28 16:15:00,secondary-flow,0.0,3,gpm
2026-07-28 16:15:00,secondary-lwt,50.95,10,F
2026-07-28 16:15:00,zone1-bedrooms-heat-call,0.0,3,Unitless
2026-07-28 16:15:00,zone5-living-rm-fancoil-heat-call,1.0,4,Unitless
2026-07-28 16:30:00,buffer-depth1,46.48,23,F
2026-07-28 16:30:00,buffer-depth2,46.58,23,F
2026-07-28 16:30:00,buffer-depth3,47.26,30,F
2026-07-28 16:30:00,hp-ewt,54.52,4,F
2026-07-28 16:30:00,hp-lwt,51.85,11,F
2026-07-28 16:30:00,secondary-ewt,53.86,10,F
2026-07-28 16:30:00,secondary-flow,0.06,5,gpm
2026-07-28 16:30:00,secondary-lwt,51.66,22,F
2026-07-28 16:30:00,zone1-bedrooms-heat-call,0.0,3,Unitless
2026-07-28 16:30:00,zone5-living-rm-fancoil-heat-call,1.0,3,Unitless
2026-07-28 16:45:00,buffer-depth1,47.59,20,F
2026-07-28 16:45:00,buffer-depth2,47.6,22,F
2026-07-28 16:45:00,buffer-depth3,48.23,25,F
2026-07-28 16:45:00,hp-ewt,56.8,12,F
2026-07-28 16:45:00,hp-lwt,53.52,4,F
2026-07-28 16:45:00,secondary-ewt,53.72,7,F
2026-07-28 16:45:00,secondary-flow,0.0,3,gpm
2026-07-28 16:45:00,secondary-lwt,54.44,6,F
2026-07-28 16:45:00,zone1-bedrooms-heat-call,0.0,3,Unitless
2026-07-28 16:45:00,zone5-living-rm-fancoil-heat-call,1.0,3,Unitless
2026-07-28 17:00:00,buffer-depth1,48.2,18,F
2026-07-28 17:00:00,buffer-depth2,48.21,20,F
2026-07-28 17:00:00,buffer-depth3,48.7,27,F
2026-07-28 17:00:00,hp-ewt,59.06,3,F
2026-07-28 17:00:00,hp-lwt,54.28,3,F
2026-07-28 17:00:00,secondary-ewt,54.9,3,F
2026-07-28 17:00:00,secondary-flow,0.0,3,gpm
2026-07-28 17:00:00,secondary-lwt,55.62,3,F
2026-07-28 17:00:00,zone1-bedrooms-heat-call,0.0,3,Unitless
2026-07-28 17:00:00,zone5-living-rm-fancoil-heat-call,0.0,6,Unitless
2026-07-28 17:15:00,buffer-depth1,48.86,20,F
2026-07-28 17:15:00,buffer-depth2,48.88,20,F
2026-07-28 17:15:00,buffer-depth3,49.42,20,F
2026-07-28 17:15:00,hp-ewt,58.33,6,F
2026-07-28 17:15:00,hp-lwt,54.93,6,F
2026-07-28 17:15:00,secondary-ewt,54.7,6,F
2026-07-28 17:15:00,secondary-flow,0.0,4,gpm
2026-07-28 17:15:00,secondary-lwt,55.69,7,F
2026-07-28 17:15:00,zone1-bedrooms-heat-call,0.0,3,Unitless
2026-07-28 17:15:00,zone5-living-rm-fancoil-heat-call,1.0,4,Unitless
2026-07-28 17:30:00,buffer-depth1,49.38,19,F
2026-07-28 17:30:00,buffer-depth2,49.36,23,F
2026-07-28 17:30:00,buffer-depth3,49.75,26,F
2026-07-28 17:30:00,hp-ewt,57.61,3,F
2026-07-28 17:30:00,hp-lwt,55.12,3,F
2026-07-28 17:30:00,secondary-ewt,54.85,4,F
2026-07-28 17:30:00,secondary-flow,0.0,4,gpm
2026-07-28 17:30:00,secondary-lwt,56.26,4,F
2026-07-28 17:30:00,zone1-bedrooms-heat-call,0.0,3,Unitless
2026-07-28 17:30:00,zone5-living-rm-fancoil-heat-call,0.0,6,Unitless
2026-07-28 17:45:00,buffer-depth1,50.06,21,F
2026-07-28 17:45:00,buffer-depth2,50.09,22,F
2026-07-28 17:45:00,buffer-depth3,50.56,28,F
2026-07-28 17:45:00,hp-ewt,57.52,4,F
2026-07-28 17:45:00,hp-lwt,55.06,3,F
2026-07-28 17:45:00,secondary-ewt,54.53,5,F
2026-07-28 17:45:00,secondary-flow,0.0,3,gpm
2026-07-28 17:45:00,secondary-lwt,55.58,8,F
2026-07-28 17:45:00,zone1-bedrooms-heat-call,0.0,3,Unitless
2026-07-28 17:45:00,zone5-living-rm-fancoil-heat-call,1.0,5,Unitless
2026-07-28 18:00:00,buffer-depth1,50.46,16,F
2026-07-28 18:00:00,buffer-depth2,50.42,19,F
2026-07-28 18:00:00,buffer-depth3,50.76,26,F
2026-07-28 18:00:00,hp-ewt,57.42,3,F
2026-07-28 18:00:00,hp-lwt,54.93,3,F
2026-07-28 18:00:00,secondary-ewt,54.9,3,F
2026-07-28 18:00:00,secondary-flow,0.12,5,gpm
2026-07-28 18:00:00,secondary-lwt,56.1,4,F
2026-07-28 18:00:00,zone1-bedrooms-heat-call,0.0,3,Unitless
2026-07-28 18:00:00,zone5-living-rm-fancoil-heat-call,0.0,4,Unitless
2026-07-28 18:15:00,buffer-depth1,51.13,22,F
2026-07-28 18:15:00,buffer-depth2,51.17,21,F
2026-07-28 18:15:00,buffer-depth3,51.61,22,F
2026-07-28 18:15:00,hp-ewt,57.98,6,F
2026-07-28 18:15:00,hp-lwt,55.08,4,F
2026-07-28 18:15:00,secondary-ewt,54.99,3,F
2026-07-28 18:15:00,secondary-flow,0.0,3,gpm
2026-07-28 18:15:00,secondary-lwt,55.71,6,F
2026-07-28 18:15:00,zone1-bedrooms-heat-call,0.0,3,Unitless
2026-07-28 18:15:00,zone5-living-rm-fancoil-heat-call,1.0,6,Unitless
2026-07-28 18:30:00,buffer-depth1,51.65,16,F
2026-07-28 18:30:00,buffer-depth2,51.67,19,F
2026-07-28 18:30:00,buffer-depth3,51.98,22,F
2026-07-28 18:30:00,hp-ewt,57.99,4,F
2026-07-28 18:30:00,hp-lwt,55.45,3,F
2026-07-28 18:30:00,secondary-ewt,55.42,3,F
2026-07-28 18:30:00,secondary-flow,0.0,3,gpm
2026-07-28 18:30:00,secondary-lwt,55.86,3,F
2026-07-28 18:30:00,zone1-bedrooms-heat-call,0.0,3,Unitless
2026-07-28 18:30:00,zone5-living-rm-fancoil-heat-call,0.0,4,Unitless
2026-07-28 18:45:00,buffer-depth1,52.11,21,F
2026-07-28 18:45:00,buffer-depth2,52.17,19,F
2026-07-28 18:45:00,buffer-depth3,52.57,20,F
2026-07-28 18:45:00,hp-ewt,59.43,7,F
2026-07-28 18:45:00,hp-lwt,55.43,4,F
2026-07-28 18:45:00,secondary-ewt,55.8,3,F
2026-07-28 18:45:00,secondary-flow,0.0,3,gpm
2026-07-28 18:45:00,secondary-lwt,55.94,5,F
2026-07-28 18:45:00,zone1-bedrooms-heat-call,0.0,3,Unitless
2026-07-28 18:45:00,zone5-living-rm-fancoil-heat-call,1.0,4,Unitless
2026-07-28 19:00:00,buffer-depth1,52.67,18,F
2026-07-28 19:00:00,buffer-depth2,52.69,18,F
2026-07-28 19:00:00,buffer-depth3,52.98,22,F
2026-07-28 19:00:00,hp-ewt,60.3,4,F
2026-07-28 19:00:00,hp-lwt,55.48,3,F
2026-07-28 19:00:00,secondary-ewt,56.24,4,F
2026-07-28 19:00:00,secondary-flow,0.0,4,gpm
2026-07-28 19:00:00,secondary-lwt,56.6,6,F
2026-07-28 19:00:00,zone1-bedrooms-heat-call,0.0,3,Unitless
2026-07-28 19:00:00,zone5-living-rm-fancoil-heat-call,1.0,4,Unitless
2026-07-28 19:15:00,buffer-depth1,53.12,18,F
2026-07-28 19:15:00,buffer-depth2,53.13,17,F
2026-07-28 19:15:00,buffer-depth3,53.42,23,F
2026-07-28 19:15:00,hp-ewt,60.91,4,F
2026-07-28 19:15:00,hp-lwt,55.46,3,F
2026-07-28 19:15:00,secondary-ewt,56.78,3,F
2026-07-28 19:15:00,secondary-flow,0.0,3,gpm
2026-07-28 19:15:00,secondary-lwt,57.32,3,F
2026-07-28 19:15:00,zone1-bedrooms-heat-call,0.0,3,Unitless
2026-07-28 19:15:00,zone5-living-rm-fancoil-heat-call,1.0,4,Unitless
2026-07-28 19:30:00,buffer-depth1,53.57,18,F
2026-07-28 19:30:00,buffer-depth2,53.55,19,F
2026-07-28 19:30:00,buffer-depth3,53.85,21,F
2026-07-28 19:30:00,hp-ewt,61.22,4,F
2026-07-28 19:30:00,hp-lwt,55.5,4,F
2026-07-28 19:30:00,secondary-ewt,56.91,4,F
2026-07-28 19:30:00,secondary-flow,0.0,3,gpm
2026-07-28 19:30:00,secondary-lwt,57.3,5,F
2026-07-28 19:30:00,zone1-bedrooms-heat-call,0.0,3,Unitless
2026-07-28 19:30:00,zone5-living-rm-fancoil-heat-call,1.0,4,Unitless
2026-07-28 19:45:00,buffer-depth1,53.93,16,F
2026-07-28 19:45:00,buffer-depth2,53.92,17,F
2026-07-28 19:45:00,buffer-depth3,54.12,19,F
2026-07-28 19:45:00,hp-ewt,61.08,3,F
2026-07-28 19:45:00,hp-lwt,55.6,3,F
2026-07-28 19:45:00,secondary-ewt,57.11,3,F
2026-07-28 19:45:00,secondary-flow,0.06,7,gpm
2026-07-28 19:45:00,secondary-lwt,57.65,3,F
2026-07-28 19:45:00,zone1-bedrooms-heat-call,0.0,3,Unitless
2026-07-28 19:45:00,zone5-living-rm-fancoil-heat-call,0.0,4,Unitless
2026-07-28 20:00:00,buffer-depth1,54.06,31,F
2026-07-28 20:00:00,buffer-depth2,53.77,17,F
2026-07-28 20:00:00,buffer-depth3,54.01,20,F
2026-07-28 20:00:00,hp-ewt,56.98,22,F
2026-07-28 20:00:00,hp-lwt,55.41,51,F
2026-07-28 20:00:00,secondary-ewt,55.98,11,F
2026-07-28 20:00:00,secondary-flow,4.05,3,gpm
2026-07-28 20:00:00,secondary-lwt,56.61,25,F
2026-07-28 20:00:00,zone1-bedrooms-heat-call,0.0,3,Unitless
2026-07-28 20:00:00,zone5-living-rm-fancoil-heat-call,1.0,4,Unitless
2026-07-28 20:15:00,buffer-depth1,53.2,21,F
2026-07-28 20:15:00,buffer-depth2,53.27,21,F
2026-07-28 20:15:00,buffer-depth3,53.52,19,F
2026-07-28 20:15:00,hp-ewt,54.56,4,F
2026-07-28 20:15:00,hp-lwt,50.99,16,F
2026-07-28 20:15:00,secondary-ewt,54.62,6,F
2026-07-28 20:15:00,secondary-flow,7.59,6,gpm
2026-07-28 20:15:00,secondary-lwt,53.21,6,F
2026-07-28 20:15:00,zone1-bedrooms-heat-call,0.0,3,Unitless
2026-07-28 20:15:00,zone5-living-rm-fancoil-heat-call,0.0,4,Unitless
2026-07-28 20:30:00,buffer-depth1,52.49,18,F
2026-07-28 20:30:00,buffer-depth2,52.59,17,F
2026-07-28 20:30:00,buffer-depth3,52.93,19,F
2026-07-28 20:30:00,hp-ewt,54.76,3,F
2026-07-28 20:30:00,hp-lwt,49.49,8,F
2026-07-28 20:30:00,secondary-ewt,54.4,13,F
2026-07-28 20:30:00,secondary-flow,7.87,7,gpm
2026-07-28 20:30:00,secondary-lwt,53.02,5,F
2026-07-28 20:30:00,zone1-bedrooms-heat-call,0.0,3,Unitless
2026-07-28 20:30:00,zone5-living-rm-fancoil-heat-call,1.0,5,Unitless
2026-07-28 20:45:00,buffer-depth1,51.57,25,F
2026-07-28 20:45:00,buffer-depth2,51.76,25,F
2026-07-28 20:45:00,buffer-depth3,52.12,24,F
2026-07-28 20:45:00,hp-ewt,54.1,4,F
2026-07-28 20:45:00,hp-lwt,48.4,7,F
2026-07-28 20:45:00,secondary-ewt,53.01,6,F
2026-07-28 20:45:00,secondary-flow,7.42,3,gpm
2026-07-28 20:45:00,secondary-lwt,51.65,7,F
2026-07-28 20:45:00,zone1-bedrooms-heat-call,0.0,3,Unitless
2026-07-28 20:45:00,zone5-living-rm-fancoil-heat-call,0.0,3,Unitless
2026-07-28 21:00:00,buffer-depth1,50.65,20,F
2026-07-28 21:00:00,buffer-depth2,50.79,18,F
2026-07-28 21:00:00,buffer-depth3,51.21,17,F
2026-07-28 21:00:00,hp-ewt,53.51,6,F
2026-07-28 21:00:00,hp-lwt,47.63,5,F
2026-07-28 21:00:00,secondary-ewt,52.92,16,F
2026-07-28 21:00:00,secondary-flow,7.73,9,gpm
2026-07-28 21:00:00,secondary-lwt,51.2,10,F
2026-07-28 21:00:00,zone1-bedrooms-heat-call,0.0,3,Unitless
2026-07-28 21:00:00,zone5-living-rm-fancoil-heat-call,1.0,5,Unitless
2026-07-28 21:15:00,buffer-depth1,49.75,24,F
2026-07-28 21:15:00,buffer-depth2,49.95,24,F
2026-07-28 21:15:00,buffer-depth3,50.46,23,F
2026-07-28 21:15:00,hp-ewt,52.84,4,F
2026-07-28 21:15:00,hp-lwt,46.91,5,F
2026-07-28 21:15:00,secondary-ewt,51.43,5,F
2026-07-28 21:15:00,secondary-flow,7.41,3,gpm
2026-07-28 21:15:00,secondary-lwt,50.02,7,F
2026-07-28 21:15:00,zone1-bedrooms-heat-call,0.0,3,Unitless
2026-07-28 21:15:00,zone5-living-rm-fancoil-heat-call,0.0,3,Unitless
2026-07-28 21:30:00,buffer-depth1,48.77,20,F
2026-07-28 21:30:00,buffer-depth2,48.92,20,F
2026-07-28 21:30:00,buffer-depth3,49.41,21,F
2026-07-28 21:30:00,hp-ewt,52.2,6,F
2026-07-28 21:30:00,hp-lwt,46.11,6,F
2026-07-28 21:30:00,secondary-ewt,51.25,18,F
2026-07-28 21:30:00,secondary-flow,7.73,6,gpm
2026-07-28 21:30:00,secondary-lwt,49.44,9,F
2026-07-28 21:30:00,zone1-bedrooms-heat-call,0.0,3,Unitless
2026-07-28 21:30:00,zone5-living-rm-fancoil-heat-call,0.0,4,Unitless
2026-07-28 21:45:00,buffer-depth1,48.19,23,F
2026-07-28 21:45:00,buffer-depth2,48.34,21,F
2026-07-28 21:45:00,buffer-depth3,48.76,20,F
2026-07-28 21:45:00,hp-ewt,51.74,5,F
2026-07-28 21:45:00,hp-lwt,45.51,7,F
2026-07-28 21:45:00,secondary-ewt,50.77,3,F
2026-07-28 21:45:00,secondary-flow,7.94,2,gpm
2026-07-28 21:45:00,secondary-lwt,49.28,1,F
2026-07-28 21:45:00,zone1-bedrooms-heat-call,0.0,3,Unitless
2026-07-28 21:45:00,zone5-living-rm-fancoil-heat-call,1.0,4,Unitless
2026-07-28 22:00:00,buffer-depth1,47.21,20,F
2026-07-28 22:00:00,buffer-depth2,47.39,19,F
2026-07-28 22:00:00,buffer-depth3,47.92,19,F
2026-07-28 22:00:00,hp-ewt,50.89,5,F
2026-07-28 22:00:00,hp-lwt,44.66,7,F
2026-07-28 22:00:00,secondary-ewt,49.62,14,F
2026-07-28 22:00:00,secondary-flow,7.57,5,gpm
2026-07-28 22:00:00,secondary-lwt,47.99,9,F
2026-07-28 22:00:00,zone1-bedrooms-heat-call,0.0,3,Unitless
2026-07-28 22:00:00,zone5-living-rm-fancoil-heat-call,0.0,3,Unitless
2026-07-28 22:15:00,buffer-depth1,46.52,21,F
2026-07-28 22:15:00,buffer-depth2,46.69,20,F
2026-07-28 22:15:00,buffer-depth3,47.16,20,F
2026-07-28 22:15:00,hp-ewt,50.37,5,F
2026-07-28 22:15:00,hp-lwt,44.05,6,F
2026-07-28 22:15:00,secondary-ewt,49.17,15,F
2026-07-28 22:15:00,secondary-flow,7.63,8,gpm
2026-07-28 22:15:00,secondary-lwt,47.22,11,F
2026-07-28 22:15:00,zone1-bedrooms-heat-call,0.0,3,Unitless
2026-07-28 22:15:00,zone5-living-rm-fancoil-heat-call,1.0,4,Unitless
2026-07-28 22:30:00,buffer-depth1,45.71,27,F
2026-07-28 22:30:00,buffer-depth2,45.93,20,F
2026-07-28 22:30:00,buffer-depth3,46.44,21,F
2026-07-28 22:30:00,hp-ewt,49.66,11,F
2026-07-28 22:30:00,hp-lwt,45.62,20,F
2026-07-28 22:30:00,secondary-ewt,47.68,4,F
2026-07-28 22:30:00,secondary-flow,7.44,4,gpm
2026-07-28 22:30:00,secondary-lwt,46.36,4,F
2026-07-28 22:30:00,zone1-bedrooms-heat-call,0.0,3,Unitless
2026-07-28 22:30:00,zone5-living-rm-fancoil-heat-call,0.0,4,Unitless
2026-07-28 22:45:00,buffer-depth1,46.08,19,F
2026-07-28 22:45:00,buffer-depth2,45.89,18,F
2026-07-28 22:45:00,buffer-depth3,46.0,18,F
2026-07-28 22:45:00,hp-ewt,51.65,9,F
2026-07-28 22:45:00,hp-lwt,50.91,9,F
2026-07-28 22:45:00,secondary-ewt,47.37,4,F
2026-07-28 22:45:00,secondary-flow,7.5,4,gpm
2026-07-28 22:45:00,secondary-lwt,47.52,3,F
2026-07-28 22:45:00,zone1-bedrooms-heat-call,0.0,3,Unitless
2026-07-28 22:45:00,zone5-living-rm-fancoil-heat-call,0.0,3,Unitless
2026-07-28 23:00:00,buffer-depth1,46.01,27,F
2026-07-28 23:00:00,buffer-depth2,45.88,22,F
2026-07-28 23:00:00,buffer-depth3,46.2,18,F
2026-07-28 23:00:00,hp-ewt,50.63,14,F
2026-07-28 23:00:00,hp-lwt,48.03,43,F
2026-07-28 23:00:00,secondary-ewt,47.32,3,F
2026-07-28 23:00:00,secondary-flow,7.39,3,gpm
2026-07-28 23:00:00,secondary-lwt,47.65,31,F
2026-07-28 23:00:00,zone1-bedrooms-heat-call,0.0,3,Unitless
2026-07-28 23:00:00,zone5-living-rm-fancoil-heat-call,0.0,3,Unitless
2026-07-28 23:15:00,buffer-depth1,45.58,21,F
2026-07-28 23:15:00,buffer-depth2,45.56,19,F
2026-07-28 23:15:00,buffer-depth3,45.91,18,F
2026-07-28 23:15:00,hp-ewt,49.44,9,F
2026-07-28 23:15:00,hp-lwt,45.63,30,F
2026-07-28 23:15:00,zone1-bedrooms-heat-call,0.0,3,Unitless
2026-07-28 23:15:00,zone5-living-rm-fancoil-heat-call,0.0,3,Unitless
2026-07-28 23:30:00,buffer-depth1,45.8,20,F
2026-07-28 23:30:00,buffer-depth2,45.61,17,F
2026-07-28 23:30:00,buffer-depth3,45.88,15,F
2026-07-28 23:30:00,hp-ewt,51.35,11,F
2026-07-28 23:30:00,hp-lwt,50.53,10,F
2026-07-28 23:30:00,zone1-bedrooms-heat-call,0.0,3,Unitless
2026-07-28 23:30:00,zone5-living-rm-fancoil-heat-call,0.0,4,Unitless
2026-07-28 23:45:00,buffer-depth1,46.33,30,F
2026-07-28 23:45:00,buffer-depth2,46.19,20,F
2026-07-28 23:45:00,buffer-depth3,46.15,18,F
2026-07-28 23:45:00,hp-ewt,51.38,24,F
2026-07-28 23:45:00,hp-lwt,48.18,56,F
2026-07-28 23:45:00,zone1-bedrooms-heat-call,0.0,3,Unitless
2026-07-28 23:45:00,zone5-living-rm-fancoil-heat-call,0.0,4,Unitless
2026-07-29 00:00:00,buffer-depth1,46.74,18,F
2026-07-29 00:00:00,buffer-depth2,46.57,18,F
2026-07-29 00:00:00,buffer-depth3,46.59,18,F
2026-07-29 00:00:00,hp-ewt,52.45,8,F
2026-07-29 00:00:00,hp-lwt,50.51,9,F
2026-07-29 00:00:00,zone1-bedrooms-heat-call,0.0,5,Unitless
2026-07-29 00:00:00,zone5-living-rm-fancoil-heat-call,0.0,3,Unitless
2026-07-29 00:15:00,buffer-depth1,46.81,31,F
2026-07-29 00:15:00,buffer-depth2,46.82,20,F
2026-07-29 00:15:00,buffer-depth3,47.0,16,F
2026-07-29 00:15:00,hp-ewt,51.85,24,F
2026-07-29 00:15:00,hp-lwt,48.1,58,F
2026-07-29 00:15:00,secondary-ewt,48.03,3,F
2026-07-29 00:15:00,secondary-flow,7.38,3,gpm
2026-07-29 00:15:00,secondary-lwt,47.84,36,F
2026-07-29 00:15:00,zone1-bedrooms-heat-call,0.0,3,Unitless
2026-07-29 00:15:00,zone5-living-rm-fancoil-heat-call,0.0,3,Unitless
2026-07-29 00:30:00,buffer-depth1,47.38,25,F
2026-07-29 00:30:00,buffer-depth2,47.09,22,F
2026-07-29 00:30:00,buffer-depth3,47.04,15,F
2026-07-29 00:30:00,hp-ewt,51.98,9,F
2026-07-29 00:30:00,hp-lwt,50.63,9,F
2026-07-29 00:30:00,secondary-ewt,49.85,23,F
2026-07-29 00:30:00,secondary-flow,7.68,11,gpm
2026-07-29 00:30:00,secondary-lwt,49.87,17,F
2026-07-29 00:30:00,zone1-bedrooms-heat-call,0.0,3,Unitless
2026-07-29 00:30:00,zone5-living-rm-fancoil-heat-call,1.0,5,Unitless
2026-07-29 00:45:00,buffer-depth1,47.5,32,F
2026-07-29 00:45:00,buffer-depth2,47.53,21,F
2026-07-29 00:45:00,buffer-depth3,47.59,21,F
2026-07-29 00:45:00,hp-ewt,51.68,23,F
2026-07-29 00:45:00,hp-lwt,48.18,57,F
2026-07-29 00:45:00,secondary-ewt,48.59,4,F
2026-07-29 00:45:00,secondary-flow,7.39,3,gpm
2026-07-29 00:45:00,secondary-lwt,48.31,38,F
2026-07-29 00:45:00,zone1-bedrooms-heat-call,0.0,3,Unitless
2026-07-29 00:45:00,zone5-living-rm-fancoil-heat-call,0.0,3,Unitless
2026-07-29 01:00:00,buffer-depth1,47.7,18,F
2026-07-29 01:00:00,buffer-depth2,47.57,18,F
2026-07-29 01:00:00,buffer-depth3,47.74,16,F
2026-07-29 01:00:00,hp-ewt,52.66,8,F
2026-07-29 01:00:00,hp-lwt,51.25,8,F
2026-07-29 01:00:00,secondary-ewt,49.7,10,F
2026-07-29 01:00:00,secondary-flow,7.6,6,gpm
2026-07-29 01:00:00,secondary-lwt,49.64,9,F
2026-07-29 01:00:00,zone1-bedrooms-heat-call,0.0,3,Unitless
2026-07-29 01:00:00,zone5-living-rm-fancoil-heat-call,0.0,3,Unitless
2026-07-29 01:15:00,buffer-depth1,47.88,30,F
2026-07-29 01:15:00,buffer-depth2,47.87,22,F
2026-07-29 01:15:00,buffer-depth3,47.98,16,F
2026-07-29 01:15:00,hp-ewt,51.65,25,F
2026-07-29 01:15:00,hp-lwt,48.19,59,F
2026-07-29 01:15:00,secondary-ewt,49.18,4,F
2026-07-29 01:15:00,secondary-flow,7.51,5,gpm
2026-07-29 01:15:00,secondary-lwt,48.19,33,F
2026-07-29 01:15:00,zone1-bedrooms-heat-call,0.0,5,Unitless
2026-07-29 01:15:00,zone5-living-rm-fancoil-heat-call,0.0,3,Unitless
2026-07-29 01:30:00,buffer-depth1,47.97,20,F
2026-07-29 01:30:00,buffer-depth2,47.88,19,F
2026-07-29 01:30:00,buffer-depth3,48.08,19,F
2026-07-29 01:30:00,hp-ewt,53.45,12,F
2026-07-29 01:30:00,hp-lwt,52.38,20,F
2026-07-29 01:30:00,secondary-ewt,49.2,2,F
2026-07-29 01:30:00,secondary-flow,7.41,2,gpm
2026-07-29 01:30:00,secondary-lwt,50.56,8,F
2026-07-29 01:30:00,zone1-bedrooms-heat-call,0.0,3,Unitless
2026-07-29 01:30:00,zone5-living-rm-fancoil-heat-call,0.0,3,Unitless
2026-07-29 01:45:00,buffer-depth1,47.7,27,F
2026-07-29 01:45:00,buffer-depth2,47.84,20,F
2026-07-29 01:45:00,buffer-depth3,48.08,16,F
2026-07-29 01:45:00,hp-ewt,51.0,19,F
2026-07-29 01:45:00,hp-lwt,46.54,41,F
2026-07-29 01:45:00,secondary-ewt,49.89,17,F
2026-07-29 01:45:00,secondary-flow,7.56,7,gpm
2026-07-29 01:45:00,secondary-lwt,47.83,30,F
2026-07-29 01:45:00,zone1-bedrooms-heat-call,0.0,3,Unitless
2026-07-29 01:45:00,zone5-living-rm-fancoil-heat-call,0.0,3,Unitless
2026-07-29 02:00:00,buffer-depth1,48.13,34,F
2026-07-29 02:00:00,buffer-depth2,48.12,20,F
2026-07-29 02:00:00,buffer-depth3,48.2,16,F
2026-07-29 02:00:00,hp-ewt,51.64,21,F
2026-07-29 02:00:00,hp-lwt,48.16,59,F
2026-07-29 02:00:00,secondary-ewt,50.16,20,F
2026-07-29 02:00:00,secondary-flow,7.55,6,gpm
2026-07-29 02:00:00,secondary-lwt,48.97,44,F
2026-07-29 02:00:00,zone1-bedrooms-heat-call,0.0,3,Unitless
2026-07-29 02:00:00,zone5-living-rm-fancoil-heat-call,0.0,5,Unitless
2026-07-29 02:15:00,buffer-depth1,48.14,17,F
2026-07-29 02:15:00,buffer-depth2,48.07,17,F
2026-07-29 02:15:00,buffer-depth3,48.4,22,F
2026-07-29 02:15:00,hp-ewt,53.25,8,F
2026-07-29 02:15:00,hp-lwt,51.96,9,F
2026-07-29 02:15:00,secondary-ewt,50.99,9,F
2026-07-29 02:15:00,secondary-flow,0.03,6,gpm
2026-07-29 02:15:00,secondary-lwt,50.75,8,F
2026-07-29 02:15:00,zone1-bedrooms-heat-call,0.0,3,Unitless
2026-07-29 02:15:00,zone5-living-rm-fancoil-heat-call,0.0,3,Unitless
2026-07-29 02:30:00,buffer-depth1,48.43,18,F
2026-07-29 02:30:00,buffer-depth2,48.45,23,F
2026-07-29 02:30:00,buffer-depth3,48.88,22,F
2026-07-29 02:30:00,hp-ewt,55.04,6,F
2026-07-29 02:30:00,hp-lwt,53.81,6,F
2026-07-29 02:30:00,secondary-ewt,53.16,6,F
2026-07-29 02:30:00,secondary-flow,0.0,3,gpm
2026-07-29 02:30:00,secondary-lwt,52.74,6,F
2026-07-29 02:30:00,zone1-bedrooms-heat-call,0.0,3,Unitless
2026-07-29 02:30:00,zone5-living-rm-fancoil-heat-call,0.0,3,Unitless
2026-07-29 02:45:00,buffer-depth1,48.63,15,F
2026-07-29 02:45:00,buffer-depth2,48.53,16,F
2026-07-29 02:45:00,buffer-depth3,48.68,15,F
2026-07-29 02:45:00,hp-ewt,56.32,5,F
2026-07-29 02:45:00,hp-lwt,54.71,3,F
2026-07-29 02:45:00,secondary-ewt,54.73,6,F
2026-07-29 02:45:00,secondary-flow,0.0,3,gpm
2026-07-29 02:45:00,secondary-lwt,54.3,6,F
2026-07-29 02:45:00,zone1-bedrooms-heat-call,0.0,3,Unitless
2026-07-29 02:45:00,zone5-living-rm-fancoil-heat-call,0.0,3,Unitless
2026-07-29 03:00:00,buffer-depth1,48.66,15,F
2026-07-29 03:00:00,buffer-depth2,48.57,15,F
2026-07-29 03:00:00,buffer-depth3,48.69,15,F
2026-07-29 03:00:00,hp-ewt,55.66,7,F
2026-07-29 03:00:00,hp-lwt,54.61,5,F
2026-07-29 03:00:00,secondary-ewt,55.65,5,F
2026-07-29 03:00:00,secondary-flow,0.08,5,gpm
2026-07-29 03:00:00,secondary-lwt,55.24,4,F
2026-07-29 03:00:00,zone1-bedrooms-heat-call,0.0,3,Unitless
2026-07-29 03:00:00,zone5-living-rm-fancoil-heat-call,0.0,3,Unitless
2026-07-29 03:15:00,buffer-depth1,48.87,17,F
2026-07-29 03:15:00,buffer-depth2,48.87,23,F
2026-07-29 03:15:00,buffer-depth3,49.38,29,F
2026-07-29 03:15:00,hp-ewt,54.63,4,F
2026-07-29 03:15:00,hp-lwt,54.28,4,F
2026-07-29 03:15:00,secondary-ewt,56.38,4,F
2026-07-29 03:15:00,secondary-flow,0.0,4,gpm
2026-07-29 03:15:00,secondary-lwt,56.15,4,F
2026-07-29 03:15:00,zone1-bedrooms-heat-call,0.0,3,Unitless
2026-07-29 03:15:00,zone5-living-rm-fancoil-heat-call,0.0,3,Unitless
2026-07-29 03:30:00,buffer-depth1,49.07,15,F
2026-07-29 03:30:00,buffer-depth2,48.99,15,F
2026-07-29 03:30:00,buffer-depth3,49.13,15,F
2026-07-29 03:30:00,hp-ewt,55.65,6,F
2026-07-29 03:30:00,hp-lwt,54.97,3,F
2026-07-29 03:30:00,secondary-ewt,56.91,3,F
2026-07-29 03:30:00,secondary-flow,0.0,3,gpm
2026-07-29 03:30:00,secondary-lwt,56.76,3,F
2026-07-29 03:30:00,zone1-bedrooms-heat-call,0.0,3,Unitless
2026-07-29 03:30:00,zone5-living-rm-fancoil-heat-call,0.0,3,Unitless
2026-07-29 03:45:00,buffer-depth1,49.1,15,F
2026-07-29 03:45:00,buffer-depth2,49.03,15,F
2026-07-29 03:45:00,buffer-depth3,49.14,15,F
2026-07-29 03:45:00,hp-ewt,56.54,3,F
2026-07-29 03:45:00,hp-lwt,55.68,3,F
2026-07-29 03:45:00,secondary-ewt,57.28,3,F
2026-07-29 03:45:00,secondary-flow,0.0,3,gpm
2026-07-29 03:45:00,secondary-lwt,57.28,3,F
2026-07-29 03:45:00,zone1-bedrooms-heat-call,0.0,3,Unitless
2026-07-29 03:45:00,zone5-living-rm-fancoil-heat-call,0.0,3,Unitless
2026-07-29 04:00:00,buffer-depth1,49.29,17,F
2026-07-29 04:00:00,buffer-depth2,49.29,19,F
2026-07-29 04:00:00,buffer-depth3,49.79,29,F
2026-07-29 04:00:00,hp-ewt,57.38,3,F
2026-07-29 04:00:00,hp-lwt,56.25,3,F
2026-07-29 04:00:00,secondary-ewt,57.64,3,F
2026-07-29 04:00:00,secondary-flow,0.0,3,gpm
2026-07-29 04:00:00,secondary-lwt,57.69,3,F
2026-07-29 04:00:00,zone1-bedrooms-heat-call,0.0,3,Unitless
2026-07-29 04:00:00,zone5-living-rm-fancoil-heat-call,0.0,3,Unitless
2026-07-29 04:15:00,buffer-depth1,49.53,16,F
2026-07-29 04:15:00,buffer-depth2,49.42,15,F
2026-07-29 04:15:00,buffer-depth3,49.58,15,F
2026-07-29 04:15:00,hp-ewt,57.77,4,F
2026-07-29 04:15:00,hp-lwt,56.75,4,F
2026-07-29 04:15:00,secondary-ewt,57.98,4,F
2026-07-29 04:15:00,secondary-flow,0.0,4,gpm
2026-07-29 04:15:00,secondary-lwt,58.06,4,F
2026-07-29 04:15:00,zone1-bedrooms-heat-call,0.0,3,Unitless
2026-07-29 04:15:00,zone5-living-rm-fancoil-heat-call,0.0,3,Unitless
2026-07-29 04:30:00,buffer-depth1,49.55,15,F
2026-07-29 04:30:00,buffer-depth2,49.46,15,F
2026-07-29 04:30:00,buffer-depth3,49.58,15,F
2026-07-29 04:30:00,hp-ewt,57.66,3,F
2026-07-29 04:30:00,hp-lwt,57.16,3,F
2026-07-29 04:30:00,secondary-ewt,58.6,4,F
2026-07-29 04:30:00,secondary-flow,0.0,3,gpm
2026-07-29 04:30:00,secondary-lwt,58.5,3,F
2026-07-29 04:30:00,zone1-bedrooms-heat-call,0.0,3,Unitless
2026-07-29 04:30:00,zone5-living-rm-fancoil-heat-call,0.0,3,Unitless
2026-07-29 04:45:00,buffer-depth1,49.58,15,F
2026-07-29 04:45:00,buffer-depth2,49.47,15,F
2026-07-29 04:45:00,buffer-depth3,49.59,15,F
2026-07-29 04:45:00,hp-ewt,57.4,4,F
2026-07-29 04:45:00,hp-lwt,57.59,4,F
2026-07-29 04:45:00,secondary-ewt,59.14,3,F
2026-07-29 04:45:00,secondary-flow,0.0,3,gpm
2026-07-29 04:45:00,secondary-lwt,59.08,3,F
2026-07-29 04:45:00,zone1-bedrooms-heat-call,0.0,3,Unitless
2026-07-29 04:45:00,zone5-living-rm-fancoil-heat-call,0.0,3,Unitless
2026-07-29 05:00:00,buffer-depth1,49.61,15,F
2026-07-29 05:00:00,buffer-depth2,49.48,15,F
2026-07-29 05:00:00,buffer-depth3,49.61,15,F
2026-07-29 05:00:00,hp-ewt,57.46,3,F
2026-07-29 05:00:00,hp-lwt,57.9,3,F
2026-07-29 05:00:00,secondary-ewt,59.7,3,F
2026-07-29 05:00:00,secondary-flow,0.0,3,gpm
2026-07-29 05:00:00,secondary-lwt,59.66,3,F
2026-07-29 05:00:00,zone1-bedrooms-heat-call,0.0,3,Unitless
2026-07-29 05:00:00,zone5-living-rm-fancoil-heat-call,0.0,3,Unitless
2026-07-29 05:15:00,buffer-depth1,49.64,15,F
2026-07-29 05:15:00,buffer-depth2,49.49,15,F
2026-07-29 05:15:00,buffer-depth3,49.62,15,F
2026-07-29 05:15:00,hp-ewt,57.9,3,F
2026-07-29 05:15:00,hp-lwt,58.24,3,F
2026-07-29 05:15:00,secondary-ewt,60.25,3,F
2026-07-29 05:15:00,secondary-flow,0.0,3,gpm
2026-07-29 05:15:00,secondary-lwt,60.22,3,F
2026-07-29 05:15:00,zone1-bedrooms-heat-call,0.0,3,Unitless
2026-07-29 05:15:00,zone5-living-rm-fancoil-heat-call,0.0,3,Unitless
2026-07-29 05:30:00,buffer-depth1,49.66,15,F
2026-07-29 05:30:00,buffer-depth2,49.5,15,F
2026-07-29 05:30:00,buffer-depth3,49.63,15,F
2026-07-29 05:30:00,hp-ewt,58.5,4,F
2026-07-29 05:30:00,hp-lwt,58.63,4,F
2026-07-29 05:30:00,secondary-ewt,60.64,4,F
2026-07-29 05:30:00,secondary-flow,0.0,4,gpm
2026-07-29 05:30:00,secondary-lwt,60.68,4,F
2026-07-29 05:30:00,zone1-bedrooms-heat-call,0.0,3,Unitless
2026-07-29 05:30:00,zone5-living-rm-fancoil-heat-call,0.0,3,Unitless
2026-07-29 05:45:00,buffer-depth1,49.84,19,F
2026-07-29 05:45:00,buffer-depth2,49.88,25,F
2026-07-29 05:45:00,buffer-depth3,50.59,37,F
2026-07-29 05:45:00,hp-ewt,58.91,2,F
2026-07-29 05:45:00,hp-lwt,58.92,2,F
2026-07-29 05:45:00,secondary-ewt,61.08,3,F
2026-07-29 05:45:00,secondary-flow,0.04,5,gpm
2026-07-29 05:45:00,secondary-lwt,61.12,3,F
2026-07-29 05:45:00,zone1-bedrooms-heat-call,0.0,5,Unitless
2026-07-29 05:45:00,zone5-living-rm-fancoil-heat-call,0.0,3,Unitless
2026-07-29 06:00:00,buffer-depth1,50.08,15,F
2026-07-29 06:00:00,buffer-depth2,49.98,15,F
2026-07-29 06:00:00,buffer-depth3,50.14,15,F
2026-07-29 06:00:00,hp-ewt,59.22,5,F
2026-07-29 06:00:00,hp-lwt,59.15,5,F
2026-07-29 06:00:00,secondary-ewt,61.4,5,F
2026-07-29 06:00:00,secondary-flow,0.0,5,gpm
2026-07-29 06:00:00,secondary-lwt,61.47,5,F
2026-07-29 06:00:00,zone1-bedrooms-heat-call,0.0,3,Unitless
2026-07-29 06:00:00,zone5-living-rm-fancoil-heat-call,0.0,3,Unitless
2026-07-29 06:15:00,buffer-depth1,50.13,16,F
2026-07-29 06:15:00,buffer-depth2,50.02,16,F
2026-07-29 06:15:00,buffer-depth3,50.16,16,F
2026-07-29 06:15:00,hp-ewt,59.49,4,F
2026-07-29 06:15:00,hp-lwt,59.4,4,F
2026-07-29 06:15:00,secondary-ewt,61.66,4,F
2026-07-29 06:15:00,secondary-flow,0.0,4,gpm
2026-07-29 06:15:00,secondary-lwt,61.74,4,F
2026-07-29 06:15:00,zone1-bedrooms-heat-call,0.0,3,Unitless
2026-07-29 06:15:00,zone5-living-rm-fancoil-heat-call,0.0,3,Unitless
2026-07-29 06:30:00,buffer-depth1,50.15,15,F
2026-07-29 06:30:00,buffer-depth2,50.04,15,F
2026-07-29 06:30:00,buffer-depth3,50.16,15,F
2026-07-29 06:30:00,hp-ewt,59.77,4,F
2026-07-29 06:30:00,hp-lwt,59.67,4,F
2026-07-29 06:30:00,secondary-ewt,61.94,3,F
2026-07-29 06:30:00,secondary-flow,0.0,3,gpm
2026-07-29 06:30:00,secondary-lwt,61.99,3,F
2026-07-29 06:30:00,zone1-bedrooms-heat-call,0.0,3,Unitless
2026-07-29 06:30:00,zone5-living-rm-fancoil-heat-call,0.0,3,Unitless
2026-07-29 06:45:00,buffer-depth1,50.18,15,F
2026-07-29 06:45:00,buffer-depth2,50.05,15,F
2026-07-29 06:45:00,buffer-depth3,50.18,15,F
2026-07-29 06:45:00,hp-ewt,60.0,3,F
2026-07-29 06:45:00,hp-lwt,59.87,3,F
2026-07-29 06:45:00,secondary-ewt,62.21,3,F
2026-07-29 06:45:00,secondary-flow,0.0,3,gpm
2026-07-29 06:45:00,secondary-lwt,62.2,3,F
2026-07-29 06:45:00,zone1-bedrooms-heat-call,0.0,3,Unitless
2026-07-29 06:45:00,zone5-living-rm-fancoil-heat-call,0.0,3,Unitless
2026-07-29 07:00:00,buffer-depth1,50.2,15,F
2026-07-29 07:00:00,buffer-depth2,50.16,18,F
2026-07-29 07:00:00,buffer-depth3,50.79,25,F
2026-07-29 07:00:00,hp-ewt,60.12,3,F
2026-07-29 07:00:00,hp-lwt,60.02,3,F
2026-07-29 07:00:00,secondary-ewt,62.38,3,F
2026-07-29 07:00:00,secondary-flow,0.0,3,gpm
2026-07-29 07:00:00,secondary-lwt,62.46,3,F
2026-07-29 07:00:00,zone1-bedrooms-heat-call,0.0,3,Unitless
2026-07-29 07:00:00,zone5-living-rm-fancoil-heat-call,0.0,4,Unitless
2026-07-29 07:15:00,buffer-depth1,50.53,17,F
2026-07-29 07:15:00,buffer-depth2,50.52,23,F
2026-07-29 07:15:00,buffer-depth3,50.93,23,F
2026-07-29 07:15:00,hp-ewt,60.3,3,F
2026-07-29 07:15:00,hp-lwt,60.17,3,F
2026-07-29 07:15:00,secondary-ewt,62.59,3,F
2026-07-29 07:15:00,secondary-flow,0.0,3,gpm
2026-07-29 07:15:00,secondary-lwt,62.65,3,F
2026-07-29 07:15:00,zone1-bedrooms-heat-call,0.0,3,Unitless
2026-07-29 07:15:00,zone5-living-rm-fancoil-heat-call,0.0,4,Unitless
2026-07-29 07:30:00,buffer-depth1,50.64,15,F
2026-07-29 07:30:00,buffer-depth2,50.53,15,F
2026-07-29 07:30:00,buffer-depth3,50.65,15,F
2026-07-29 07:30:00,hp-ewt,60.46,4,F
2026-07-29 07:30:00,hp-lwt,60.3,4,F
2026-07-29 07:30:00,secondary-ewt,62.76,3,F
2026-07-29 07:30:00,secondary-flow,0.0,3,gpm
2026-07-29 07:30:00,secondary-lwt,62.85,3,F
2026-07-29 07:30:00,zone1-bedrooms-heat-call,0.0,3,Unitless
2026-07-29 07:30:00,zone5-living-rm-fancoil-heat-call,0.0,3,Unitless
2026-07-29 07:45:00,buffer-depth1,50.65,15,F
2026-07-29 07:45:00,buffer-depth2,50.55,15,F
2026-07-29 07:45:00,buffer-depth3,50.65,15,F
2026-07-29 07:45:00,hp-ewt,60.64,2,F
2026-07-29 07:45:00,hp-lwt,60.42,2,F
2026-07-29 07:45:00,secondary-ewt,62.95,3,F
2026-07-29 07:45:00,secondary-flow,0.0,3,gpm
2026-07-29 07:45:00,secondary-lwt,62.98,3,F
2026-07-29 07:45:00,zone1-bedrooms-heat-call,0.0,3,Unitless
2026-07-29 07:45:00,zone5-living-rm-fancoil-heat-call,0.0,3,Unitless
2026-07-29 08:00:00,buffer-depth1,50.89,18,F
2026-07-29 08:00:00,buffer-depth2,50.9,23,F
2026-07-29 08:00:00,buffer-depth3,51.41,29,F
2026-07-29 08:00:00,hp-ewt,60.83,3,F
2026-07-29 08:00:00,hp-lwt,60.54,3,F
2026-07-29 08:00:00,secondary-ewt,63.09,3,F
2026-07-29 08:00:00,secondary-flow,0.0,3,gpm
2026-07-29 08:00:00,secondary-lwt,63.18,3,F
2026-07-29 08:00:00,zone1-bedrooms-heat-call,0.0,3,Unitless
2026-07-29 08:00:00,zone5-living-rm-fancoil-heat-call,0.0,5,Unitless
2026-07-29 08:15:00,buffer-depth1,51.06,15,F
2026-07-29 08:15:00,buffer-depth2,50.96,15,F
2026-07-29 08:15:00,buffer-depth3,51.07,16,F
2026-07-29 08:15:00,hp-ewt,60.97,3,F
2026-07-29 08:15:00,hp-lwt,60.67,3,F
2026-07-29 08:15:00,secondary-ewt,63.28,3,F
2026-07-29 08:15:00,secondary-flow,0.0,3,gpm
2026-07-29 08:15:00,secondary-lwt,63.3,3,F
2026-07-29 08:15:00,zone1-bedrooms-heat-call,0.0,3,Unitless
2026-07-29 08:15:00,zone5-living-rm-fancoil-heat-call,0.0,3,Unitless
2026-07-29 08:30:00,buffer-depth1,51.08,15,F
2026-07-29 08:30:00,buffer-depth2,50.99,15,F
2026-07-29 08:30:00,buffer-depth3,51.07,15,F
2026-07-29 08:30:00,hp-ewt,61.14,4,F
2026-07-29 08:30:00,hp-lwt,60.81,4,F
2026-07-29 08:30:00,secondary-ewt,63.42,4,F
2026-07-29 08:30:00,secondary-flow,0.0,4,gpm
2026-07-29 08:30:00,secondary-lwt,63.41,4,F
2026-07-29 08:30:00,zone1-bedrooms-heat-call,0.0,3,Unitless
2026-07-29 08:30:00,zone5-living-rm-fancoil-heat-call,0.0,3,Unitless
2026-07-29 08:45:00,buffer-depth1,51.1,15,F
2026-07-29 08:45:00,buffer-depth2,51.11,19,F
2026-07-29 08:45:00,buffer-depth3,51.69,28,F
2026-07-29 08:45:00,hp-ewt,61.32,3,F
2026-07-29 08:45:00,hp-lwt,60.94,3,F
2026-07-29 08:45:00,secondary-ewt,63.55,3,F
2026-07-29 08:45:00,secondary-flow,0.0,3,gpm
2026-07-29 08:45:00,secondary-lwt,63.55,3,F
2026-07-29 08:45:00,zone1-bedrooms-heat-call,0.0,3,Unitless
2026-07-29 08:45:00,zone5-living-rm-fancoil-heat-call,0.0,4,Unitless
2026-07-29 09:00:00,buffer-depth1,51.4,16,F
2026-07-29 09:00:00,buffer-depth2,51.36,16,F
2026-07-29 09:00:00,buffer-depth3,51.67,19,F
2026-07-29 09:00:00,hp-ewt,61.41,3,F
2026-07-29 09:00:00,hp-lwt,60.99,3,F
2026-07-29 09:00:00,secondary-ewt,63.64,4,F
2026-07-29 09:00:00,secondary-flow,0.0,4,gpm
2026-07-29 09:00:00,secondary-lwt,63.65,4,F
2026-07-29 09:00:00,zone1-bedrooms-heat-call,0.0,3,Unitless
2026-07-29 09:00:00,zone5-living-rm-fancoil-heat-call,0.0,4,Unitless
2026-07-29 09:15:00,buffer-depth1,51.48,15,F
2026-07-29 09:15:00,buffer-depth2,51.41,15,F
2026-07-29 09:15:00,buffer-depth3,51.51,15,F
2026-07-29 09:15:00,hp-ewt,61.54,3,F
2026-07-29 09:15:00,hp-lwt,61.09,3,F
2026-07-29 09:15:00,secondary-ewt,63.76,3,F
2026-07-29 09:15:00,secondary-flow,0.0,3,gpm
2026-07-29 09:15:00,secondary-lwt,63.75,3,F
2026-07-29 09:15:00,zone1-bedrooms-heat-call,0.0,3,Unitless
2026-07-29 09:15:00,zone5-living-rm-fancoil-heat-call,0.0,3,Unitless
2026-07-29 09:30:00,buffer-depth1,51.51,15,F
2026-07-29 09:30:00,buffer-depth2,51.42,15,F
2026-07-29 09:30:00,buffer-depth3,51.52,15,F
2026-07-29 09:30:00,hp-ewt,61.68,3,F
2026-07-29 09:30:00,hp-lwt,61.2,3,F
2026-07-29 09:30:00,secondary-ewt,63.89,3,F
2026-07-29 09:30:00,secondary-flow,0.0,3,gpm
2026-07-29 09:30:00,secondary-lwt,63.82,3,F
2026-07-29 09:30:00,zone1-bedrooms-heat-call,0.0,3,Unitless
2026-07-29 09:30:00,zone5-living-rm-fancoil-heat-call,0.0,3,Unitless
2026-07-29 09:45:00,buffer-depth1,51.71,17,F
2026-07-29 09:45:00,buffer-depth2,51.73,25,F
2026-07-29 09:45:00,buffer-depth3,52.24,30,F
2026-07-29 09:45:00,hp-ewt,61.83,3,F
2026-07-29 09:45:00,hp-lwt,61.35,3,F
2026-07-29 09:45:00,secondary-ewt,63.93,3,F
2026-07-29 09:45:00,secondary-flow,0.0,3,gpm
2026-07-29 09:45:00,secondary-lwt,63.93,3,F
2026-07-29 09:45:00,zone1-bedrooms-heat-call,0.0,3,Unitless
2026-07-29 09:45:00,zone5-living-rm-fancoil-heat-call,0.0,5,Unitless
2026-07-29 10:00:00,buffer-depth1,51.9,15,F
2026-07-29 10:00:00,buffer-depth2,51.79,15,F
2026-07-29 10:00:00,buffer-depth3,51.9,15,F
2026-07-29 10:00:00,hp-ewt,61.94,5,F
2026-07-29 10:00:00,hp-lwt,61.43,5,F
2026-07-29 10:00:00,secondary-ewt,64.01,4,F
2026-07-29 10:00:00,secondary-flow,0.0,4,gpm
2026-07-29 10:00:00,secondary-lwt,64.0,4,F
2026-07-29 10:00:00,zone1-bedrooms-heat-call,0.0,3,Unitless
2026-07-29 10:00:00,zone5-living-rm-fancoil-heat-call,0.0,3,Unitless
2026-07-29 10:15:00,buffer-depth1,51.94,15,F
2026-07-29 10:15:00,buffer-depth2,51.81,15,F
2026-07-29 10:15:00,buffer-depth3,51.9,15,F
2026-07-29 10:15:00,hp-ewt,62.06,3,F
2026-07-29 10:15:00,hp-lwt,61.52,3,F
2026-07-29 10:15:00,secondary-ewt,64.11,3,F
2026-07-29 10:15:00,secondary-flow,0.0,3,gpm
2026-07-29 10:15:00,secondary-lwt,64.05,3,F
2026-07-29 10:15:00,zone1-bedrooms-heat-call,0.0,3,Unitless
2026-07-29 10:15:00,zone5-living-rm-fancoil-heat-call,0.0,3,Unitless
2026-07-29 10:30:00,buffer-depth1,51.95,15,F
2026-07-29 10:30:00,buffer-depth2,51.82,15,F
2026-07-29 10:30:00,buffer-depth3,51.92,15,F
2026-07-29 10:30:00,hp-ewt,62.18,2,F
2026-07-29 10:30:00,hp-lwt,61.61,2,F
2026-07-29 10:30:00,secondary-ewt,64.22,3,F
2026-07-29 10:30:00,secondary-flow,0.0,3,gpm
2026-07-29 10:30:00,secondary-lwt,64.11,3,F
2026-07-29 10:30:00,zone1-bedrooms-heat-call,0.0,3,Unitless
2026-07-29 10:30:00,zone5-living-rm-fancoil-heat-call,0.0,3,Unitless
2026-07-29 10:45:00,buffer-depth1,51.97,15,F
2026-07-29 10:45:00,buffer-depth2,51.84,15,F
2026-07-29 10:45:00,buffer-depth3,51.93,15,F
2026-07-29 10:45:00,hp-ewt,62.26,3,F
2026-07-29 10:45:00,hp-lwt,61.69,3,F
2026-07-29 10:45:00,secondary-ewt,64.31,3,F
2026-07-29 10:45:00,secondary-flow,0.0,3,gpm
2026-07-29 10:45:00,secondary-lwt,64.18,3,F
2026-07-29 10:45:00,zone1-bedrooms-heat-call,0.0,3,Unitless
2026-07-29 10:45:00,zone5-living-rm-fancoil-heat-call,0.0,3,Unitless
2026-07-29 11:00:00,buffer-depth1,52.1,16,F
2026-07-29 11:00:00,buffer-depth2,52.14,23,F
2026-07-29 11:00:00,buffer-depth3,52.77,25,F
2026-07-29 11:00:00,hp-ewt,62.41,6,F
2026-07-29 11:00:00,hp-lwt,61.78,6,F
2026-07-29 11:00:00,secondary-ewt,64.37,5,F
2026-07-29 11:00:00,secondary-flow,0.0,5,gpm
2026-07-29 11:00:00,secondary-lwt,64.26,5,F
2026-07-29 11:00:00,zone1-bedrooms-heat-call,0.0,3,Unitless
2026-07-29 11:00:00,zone5-living-rm-fancoil-heat-call,0.0,5,Unitless
2026-07-29 11:15:00,buffer-depth1,52.35,16,F
2026-07-29 11:15:00,buffer-depth2,52.29,17,F
2026-07-29 11:15:00,buffer-depth3,52.75,26,F
2026-07-29 11:15:00,hp-ewt,62.53,3,F
2026-07-29 11:15:00,hp-lwt,61.81,3,F
2026-07-29 11:15:00,secondary-ewt,64.42,3,F
2026-07-29 11:15:00,secondary-flow,0.03,5,gpm
2026-07-29 11:15:00,secondary-lwt,64.35,3,F
2026-07-29 11:15:00,zone1-bedrooms-heat-call,0.0,3,Unitless
2026-07-29 11:15:00,zone5-living-rm-fancoil-heat-call,0.0,3,Unitless
2026-07-29 11:30:00,buffer-depth1,52.58,18,F
2026-07-29 11:30:00,buffer-depth2,52.61,22,F
2026-07-29 11:30:00,buffer-depth3,52.9,22,F
2026-07-29 11:30:00,hp-ewt,62.67,4,F
2026-07-29 11:30:00,hp-lwt,61.8,4,F
2026-07-29 11:30:00,secondary-ewt,64.45,5,F
2026-07-29 11:30:00,secondary-flow,0.0,5,gpm
2026-07-29 11:30:00,secondary-lwt,64.41,5,F
2026-07-29 11:30:00,zone1-bedrooms-heat-call,0.0,3,Unitless
2026-07-29 11:30:00,zone5-living-rm-fancoil-heat-call,0.0,4,Unitless
2026-07-29 11:45:00,buffer-depth1,52.87,17,F
2026-07-29 11:45:00,buffer-depth2,52.89,20,F
2026-07-29 11:45:00,buffer-depth3,53.22,24,F
2026-07-29 11:45:00,hp-ewt,62.8,3,F
2026-07-29 11:45:00,hp-lwt,61.76,3,F
2026-07-29 11:45:00,secondary-ewt,64.45,3,F
2026-07-29 11:45:00,secondary-flow,0.0,3,gpm
2026-07-29 11:45:00,secondary-lwt,64.48,3,F
2026-07-29 11:45:00,zone1-bedrooms-heat-call,0.0,3,Unitless
2026-07-29 11:45:00,zone5-living-rm-fancoil-heat-call,1.0,4,Unitless
2026-07-29 12:00:00,buffer-depth1,53.05,15,F
2026-07-29 12:00:00,buffer-depth2,53.03,18,F
2026-07-29 12:00:00,buffer-depth3,53.34,25,F
2026-07-29 12:00:00,hp-ewt,62.92,3,F
2026-07-29 12:00:00,hp-lwt,61.56,3,F
2026-07-29 12:00:00,secondary-ewt,64.48,3,F
2026-07-29 12:00:00,secondary-flow,0.0,3,gpm
2026-07-29 12:00:00,secondary-lwt,64.51,3,F
2026-07-29 12:00:00,zone1-bedrooms-heat-call,0.0,5,Unitless
2026-07-29 12:00:00,zone5-living-rm-fancoil-heat-call,0.0,3,Unitless
2026-07-29 12:15:00,buffer-depth1,53.34,19,F
2026-07-29 12:15:00,buffer-depth2,53.34,18,F
2026-07-29 12:15:00,buffer-depth3,53.67,20,F
2026-07-29 12:15:00,hp-ewt,63.15,3,F
2026-07-29 12:15:00,hp-lwt,61.48,3,F
2026-07-29 12:15:00,secondary-ewt,64.32,5,F
2026-07-29 12:15:00,secondary-flow,0.0,4,gpm
2026-07-29 12:15:00,secondary-lwt,64.79,5,F
2026-07-29 12:15:00,zone1-bedrooms-heat-call,0.0,3,Unitless
2026-07-29 12:15:00,zone5-living-rm-fancoil-heat-call,0.0,5,Unitless
2026-07-29 12:30:00,buffer-depth1,53.64,15,F
2026-07-29 12:30:00,buffer-depth2,53.51,15,F
2026-07-29 12:30:00,buffer-depth3,53.65,16,F
2026-07-29 12:30:00,hp-ewt,63.67,5,F
2026-07-29 12:30:00,hp-lwt,61.57,5,F
2026-07-29 12:30:00,secondary-ewt,64.43,3,F
2026-07-29 12:30:00,secondary-flow,0.0,3,gpm
2026-07-29 12:30:00,secondary-lwt,64.98,3,F
2026-07-29 12:30:00,zone1-bedrooms-heat-call,0.0,3,Unitless
2026-07-29 12:30:00,zone5-living-rm-fancoil-heat-call,0.0,3,Unitless
2026-07-29 12:45:00,buffer-depth1,53.75,17,F
2026-07-29 12:45:00,buffer-depth2,53.69,20,F
2026-07-29 12:45:00,buffer-depth3,54.05,25,F
2026-07-29 12:45:00,hp-ewt,63.97,3,F
2026-07-29 12:45:00,hp-lwt,61.24,3,F
2026-07-29 12:45:00,secondary-ewt,64.6,3,F
2026-07-29 12:45:00,secondary-flow,0.03,5,gpm
2026-07-29 12:45:00,secondary-lwt,65.04,3,F
2026-07-29 12:45:00,zone1-bedrooms-heat-call,0.0,3,Unitless
2026-07-29 12:45:00,zone5-living-rm-fancoil-heat-call,0.0,3,Unitless
2026-07-29 13:00:00,buffer-depth1,53.93,15,F
2026-07-29 13:00:00,buffer-depth2,53.88,18,F
2026-07-29 13:00:00,buffer-depth3,54.21,22,F
2026-07-29 13:00:00,hp-ewt,64.1,3,F
2026-07-29 13:00:00,hp-lwt,60.99,3,F
2026-07-29 13:00:00,secondary-ewt,64.78,3,F
2026-07-29 13:00:00,secondary-flow,0.0,3,gpm
2026-07-29 13:00:00,secondary-lwt,65.19,3,F
2026-07-29 13:00:00,zone1-bedrooms-heat-call,0.0,3,Unitless
2026-07-29 13:00:00,zone5-living-rm-fancoil-heat-call,0.0,4,Unitless
2026-07-29 13:15:00,buffer-depth1,54.19,17,F
2026-07-29 13:15:00,buffer-depth2,54.13,17,F
2026-07-29 13:15:00,buffer-depth3,54.43,21,F
2026-07-29 13:15:00,hp-ewt,64.68,4,F
2026-07-29 13:15:00,hp-lwt,61.32,3,F
2026-07-29 13:15:00,secondary-ewt,64.93,3,F
2026-07-29 13:15:00,secondary-flow,0.0,3,gpm
2026-07-29 13:15:00,secondary-lwt,65.33,3,F
2026-07-29 13:15:00,zone1-bedrooms-heat-call,0.0,3,Unitless
2026-07-29 13:15:00,zone5-living-rm-fancoil-heat-call,1.0,4,Unitless
2026-07-29 13:30:00,buffer-depth1,54.35,17,F
2026-07-29 13:30:00,buffer-depth2,54.32,19,F
2026-07-29 13:30:00,buffer-depth3,54.69,24,F
2026-07-29 13:30:00,hp-ewt,65.61,5,F
2026-07-29 13:30:00,hp-lwt,62.01,3,F
2026-07-29 13:30:00,secondary-ewt,65.15,3,F
2026-07-29 13:30:00,secondary-flow,0.0,3,gpm
2026-07-29 13:30:00,secondary-lwt,65.5,3,F
2026-07-29 13:30:00,zone1-bedrooms-heat-call,0.0,5,Unitless
2026-07-29 13:30:00,zone5-living-rm-fancoil-heat-call,0.0,3,Unitless
2026-07-29 13:45:00,buffer-depth1,54.55,14,F
2026-07-29 13:45:00,buffer-depth2,54.45,15,F
2026-07-29 13:45:00,buffer-depth3,54.69,19,F
2026-07-29 13:45:00,hp-ewt,66.46,6,F
2026-07-29 13:45:00,hp-lwt,62.6,6,F
2026-07-29 13:45:00,secondary-ewt,65.34,6,F
2026-07-29 13:45:00,secondary-flow,0.0,6,gpm
2026-07-29 13:45:00,secondary-lwt,65.65,6,F
2026-07-29 13:45:00,zone1-bedrooms-heat-call,0.0,3,Unitless
2026-07-29 13:45:00,zone5-living-rm-fancoil-heat-call,0.0,4,Unitless
2026-07-29 14:00:00,buffer-depth1,55.32,32,F
2026-07-29 14:00:00,buffer-depth2,54.79,22,F
2026-07-29 14:00:00,buffer-depth3,54.98,20,F
2026-07-29 14:00:00,hp-ewt,62.29,28,F
2026-07-29 14:00:00,hp-lwt,58.85,44,F
2026-07-29 14:00:00,secondary-ewt,60.89,21,F
2026-07-29 14:00:00,secondary-flow,2.41,5,gpm
2026-07-29 14:00:00,secondary-lwt,59.36,35,F
2026-07-29 14:00:00,zone1-bedrooms-heat-call,0.0,3,Unitless
2026-07-29 14:00:00,zone5-living-rm-fancoil-heat-call,1.0,4,Unitless
2026-07-29 14:15:00,buffer-depth1,54.29,22,F
2026-07-29 14:15:00,buffer-depth2,54.54,21,F
2026-07-29 14:15:00,buffer-depth3,54.68,18,F
2026-07-29 14:15:00,hp-ewt,56.61,6,F
2026-07-29 14:15:00,hp-lwt,53.62,15,F
2026-07-29 14:15:00,secondary-ewt,56.22,10,F
2026-07-29 14:15:00,secondary-flow,7.64,8,gpm
2026-07-29 14:15:00,secondary-lwt,54.41,11,F
2026-07-29 14:15:00,zone1-bedrooms-heat-call,0.0,5,Unitless
2026-07-29 14:15:00,zone5-living-rm-fancoil-heat-call,0.0,3,Unitless
2026-07-29 14:30:00,buffer-depth1,53.85,21,F
2026-07-29 14:30:00,buffer-depth2,53.94,20,F
2026-07-29 14:30:00,buffer-depth3,54.25,18,F
2026-07-29 14:30:00,hp-ewt,56.74,4,F
2026-07-29 14:30:00,hp-lwt,52.28,12,F
2026-07-29 14:30:00,secondary-ewt,55.68,9,F
2026-07-29 14:30:00,secondary-flow,7.57,6,gpm
2026-07-29 14:30:00,secondary-lwt,54.42,10,F
2026-07-29 14:30:00,zone1-bedrooms-heat-call,0.0,3,Unitless
2026-07-29 14:30:00,zone5-living-rm-fancoil-heat-call,0.0,5,Unitless
2026-07-29 14:45:00,buffer-depth1,53.07,11,F
2026-07-29 14:45:00,buffer-depth2,53.23,11,F
2026-07-29 14:45:00,buffer-depth3,53.69,11,F
2026-07-29 14:45:00,hp-ewt,55.68,3,F
2026-07-29 14:45:00,hp-lwt,50.43,3,F
2026-07-29 14:45:00,secondary-ewt,54.42,5,F
2026-07-29 14:45:00,secondary-flow,7.42,4,gpm
2026-07-29 14:45:00,secondary-lwt,53.32,5,F
2026-07-29 14:45:00,zone1-bedrooms-heat-call,0.0,2,Unitless
2026-07-29 14:45:00,zone5-living-rm-fancoil-heat-call,0.0,2,Unitless
2026-07-29 15:00:00,buffer-depth1,52.39,7,F
2026-07-29 15:00:00,buffer-depth2,52.53,8,F
2026-07-29 15:00:00,buffer-depth3,53.07,9,F
2026-07-29 15:00:00,hp-ewt,55.68,4,F
2026-07-29 15:00:00,hp-lwt,50.26,3,F
2026-07-29 15:00:00,secondary-ewt,54.68,10,F
2026-07-29 15:00:00,secondary-flow,7.66,4,gpm
2026-07-29 15:00:00,secondary-lwt,53.23,5,F
2026-07-29 15:00:00,zone1-bedrooms-heat-call,0.0,1,Unitless
2026-07-29 15:00:00,zone5-living-rm-fancoil-heat-call,0.0,1,Unitless
2026-07-29 15:15:00,buffer-depth1,52.3,10,F
2026-07-29 15:15:00,buffer-depth2,52.22,10,F
2026-07-29 15:15:00,buffer-depth3,52.41,10,F
2026-07-29 15:15:00,hp-ewt,58.4,7,F
2026-07-29 15:15:00,hp-lwt,57.37,7,F
2026-07-29 15:15:00,secondary-ewt,56.02,8,F
2026-07-29 15:15:00,secondary-flow,0.0,7,gpm
2026-07-29 15:15:00,secondary-lwt,57.67,7,F
2026-07-29 15:15:00,zone1-bedrooms-heat-call,0.0,2,Unitless
2026-07-29 15:15:00,zone5-living-rm-fancoil-heat-call,0.0,2,Unitless
2026-07-29 15:30:00,buffer-depth1,52.65,25,F
2026-07-29 15:30:00,buffer-depth2,52.4,19,F
2026-07-29 15:30:00,buffer-depth3,52.45,16,F
2026-07-29 15:30:00,hp-ewt,59.59,5,F
2026-07-29 15:30:00,hp-lwt,58.43,4,F
2026-07-29 15:30:00,secondary-ewt,55.42,22,F
2026-07-29 15:30:00,secondary-flow,5.21,20,gpm
2026-07-29 15:30:00,secondary-lwt,56.03,24,F
2026-07-29 15:30:00,zone1-bedrooms-heat-call,0.0,3,Unitless
2026-07-29 15:30:00,zone5-living-rm-fancoil-heat-call,0.0,4,Unitless
2026-07-29 15:45:00,buffer-depth1,53.1,21,F
2026-07-29 15:45:00,buffer-depth2,52.9,19,F
2026-07-29 15:45:00,buffer-depth3,52.77,19,F
2026-07-29 15:45:00,hp-ewt,59.44,7,F
2026-07-29 15:45:00,hp-lwt,58.83,4,F
2026-07-29 15:45:00,secondary-ewt,55.01,12,F
2026-07-29 15:45:00,secondary-flow,5.1,9,gpm
2026-07-29 15:45:00,secondary-lwt,54.94,11,F
2026-07-29 15:45:00,zone1-bedrooms-heat-call,0.0,3,Unitless
2026-07-29 15:45:00,zone5-living-rm-fancoil-heat-call,1.0,4,Unitless
2026-07-29 16:00:00,buffer-depth1,53.35,16,F
2026-07-29 16:00:00,buffer-depth2,53.26,16,F
2026-07-29 16:00:00,buffer-depth3,53.27,17,F
2026-07-29 16:00:00,hp-ewt,58.93,4,F
2026-07-29 16:00:00,hp-lwt,59.13,5,F
2026-07-29 16:00:00,secondary-ewt,56.03,11,F
2026-07-29 16:00:00,secondary-flow,1.31,7,gpm
2026-07-29 16:00:00,secondary-lwt,55.69,9,F
2026-07-29 16:00:00,zone1-bedrooms-heat-call,0.0,3,Unitless
2026-07-29 16:00:00,zone5-living-rm-fancoil-heat-call,0.0,3,Unitless
2026-07-29 16:15:00,buffer-depth1,53.56,17,F
2026-07-29 16:15:00,buffer-depth2,53.5,21,F
2026-07-29 16:15:00,buffer-depth3,53.9,30,F
2026-07-29 16:15:00,hp-ewt,59.61,3,F
2026-07-29 16:15:00,hp-lwt,59.74,2,F
2026-07-29 16:15:00,secondary-ewt,58.22,5,F
2026-07-29 16:15:00,secondary-flow,0.0,3,gpm
2026-07-29 16:15:00,secondary-lwt,57.69,6,F
2026-07-29 16:15:00,zone1-bedrooms-heat-call,0.0,3,Unitless
2026-07-29 16:15:00,zone5-living-rm-fancoil-heat-call,1.0,7,Unitless
2026-07-29 16:30:00,buffer-depth1,53.82,17,F
2026-07-29 16:30:00,buffer-depth2,53.82,19,F
2026-07-29 16:30:00,buffer-depth3,54.19,26,F
2026-07-29 16:30:00,hp-ewt,59.38,3,F
2026-07-29 16:30:00,hp-lwt,59.76,3,F
2026-07-29 16:30:00,secondary-ewt,58.95,3,F
2026-07-29 16:30:00,secondary-flow,0.0,3,gpm
2026-07-29 16:30:00,secondary-lwt,58.46,3,F
2026-07-29 16:30:00,zone1-bedrooms-heat-call,0.0,3,Unitless
2026-07-29 16:30:00,zone5-living-rm-fancoil-heat-call,0.0,4,Unitless
2026-07-29 16:45:00,buffer-depth1,54.22,18,F
2026-07-29 16:45:00,buffer-depth2,54.18,17,F
2026-07-29 16:45:00,buffer-depth3,54.44,17,F
2026-07-29 16:45:00,hp-ewt,59.1,3,F
2026-07-29 16:45:00,hp-lwt,59.44,3,F
2026-07-29 16:45:00,secondary-ewt,58.99,3,F
2026-07-29 16:45:00,secondary-flow,0.0,3,gpm
2026-07-29 16:45:00,secondary-lwt,58.86,4,F
2026-07-29 16:45:00,zone1-bedrooms-heat-call,0.0,3,Unitless
2026-07-29 16:45:00,zone5-living-rm-fancoil-heat-call,1.0,4,Unitless
2026-07-29 17:00:00,buffer-depth1,54.35,16,F
2026-07-29 17:00:00,buffer-depth2,54.31,17,F
2026-07-29 17:00:00,buffer-depth3,54.53,20,F
2026-07-29 17:00:00,hp-ewt,59.05,3,F
2026-07-29 17:00:00,hp-lwt,58.97,3,F
2026-07-29 17:00:00,secondary-ewt,59.22,3,F
2026-07-29 17:00:00,secondary-flow,0.0,3,gpm
2026-07-29 17:00:00,secondary-lwt,59.34,3,F
2026-07-29 17:00:00,zone1-bedrooms-heat-call,0.0,5,Unitless
2026-07-29 17:00:00,zone5-living-rm-fancoil-heat-call,0.0,3,Unitless
2026-07-29 17:15:00,buffer-depth1,54.71,19,F
2026-07-29 17:15:00,buffer-depth2,54.7,18,F
2026-07-29 17:15:00,buffer-depth3,54.96,21,F
2026-07-29 17:15:00,hp-ewt,59.3,6,F
2026-07-29 17:15:00,hp-lwt,58.44,6,F
2026-07-29 17:15:00,secondary-ewt,58.58,9,F
2026-07-29 17:15:00,secondary-flow,0.03,7,gpm
2026-07-29 17:15:00,secondary-lwt,59.0,7,F
2026-07-29 17:15:00,zone1-bedrooms-heat-call,0.0,3,Unitless
2026-07-29 17:15:00,zone5-living-rm-fancoil-heat-call,1.0,7,Unitless
2026-07-29 17:30:00,buffer-depth1,54.87,15,F
2026-07-29 17:30:00,buffer-depth2,54.79,15,F
2026-07-29 17:30:00,buffer-depth3,54.93,18,F
2026-07-29 17:30:00,hp-ewt,59.55,3,F
2026-07-29 17:30:00,hp-lwt,58.26,3,F
2026-07-29 17:30:00,secondary-ewt,58.88,3,F
2026-07-29 17:30:00,secondary-flow,0.0,3,gpm
2026-07-29 17:30:00,secondary-lwt,59.34,4,F
2026-07-29 17:30:00,zone1-bedrooms-heat-call,0.0,3,Unitless
2026-07-29 17:30:00,zone5-living-rm-fancoil-heat-call,0.0,3,Unitless
2026-07-29 17:45:00,buffer-depth1,55.13,18,F
2026-07-29 17:45:00,buffer-depth2,55.11,21,F
2026-07-29 17:45:00,buffer-depth3,55.38,23,F
2026-07-29 17:45:00,hp-ewt,60.06,4,F
2026-07-29 17:45:00,hp-lwt,58.47,3,F
2026-07-29 17:45:00,secondary-ewt,58.78,6,F
2026-07-29 17:45:00,secondary-flow,0.0,3,gpm
2026-07-29 17:45:00,secondary-lwt,59.07,8,F
2026-07-29 17:45:00,zone1-bedrooms-heat-call,0.0,3,Unitless
2026-07-29 17:45:00,zone5-living-rm-fancoil-heat-call,0.0,5,Unitless
2026-07-29 18:00:00,buffer-depth1,55.37,16,F
2026-07-29 18:00:00,buffer-depth2,55.3,16,F
2026-07-29 18:00:00,buffer-depth3,55.37,16,F
2026-07-29 18:00:00,hp-ewt,60.82,4,F
2026-07-29 18:00:00,hp-lwt,59.2,4,F
2026-07-29 18:00:00,secondary-ewt,58.81,5,F
2026-07-29 18:00:00,secondary-flow,0.0,5,gpm
2026-07-29 18:00:00,secondary-lwt,59.37,5,F
2026-07-29 18:00:00,zone1-bedrooms-heat-call,0.0,3,Unitless
2026-07-29 18:00:00,zone5-living-rm-fancoil-heat-call,0.0,3,Unitless
2026-07-29 18:15:00,buffer-depth1,55.51,17,F
2026-07-29 18:15:00,buffer-depth2,55.49,20,F
2026-07-29 18:15:00,buffer-depth3,55.72,22,F
2026-07-29 18:15:00,hp-ewt,61.36,3,F
2026-07-29 18:15:00,hp-lwt,59.8,3,F
2026-07-29 18:15:00,secondary-ewt,59.28,4,F
2026-07-29 18:15:00,secondary-flow,0.1,4,gpm
2026-07-29 18:15:00,secondary-lwt,59.96,3,F
2026-07-29 18:15:00,zone1-bedrooms-heat-call,0.0,3,Unitless
2026-07-29 18:15:00,zone5-living-rm-fancoil-heat-call,0.0,4,Unitless
2026-07-29 18:30:00,buffer-depth1,55.82,16,F
2026-07-29 18:30:00,buffer-depth2,55.77,16,F
2026-07-29 18:30:00,buffer-depth3,55.97,16,F
2026-07-29 18:30:00,hp-ewt,61.71,3,F
2026-07-29 18:30:00,hp-lwt,60.39,3,F
2026-07-29 18:30:00,secondary-ewt,59.0,3,F
2026-07-29 18:30:00,secondary-flow,0.0,3,gpm
2026-07-29 18:30:00,secondary-lwt,60.0,3,F
2026-07-29 18:30:00,zone1-bedrooms-heat-call,0.0,3,Unitless
2026-07-29 18:30:00,zone5-living-rm-fancoil-heat-call,0.0,4,Unitless
2026-07-29 18:45:00,buffer-depth1,55.92,16,F
2026-07-29 18:45:00,buffer-depth2,55.88,16,F
2026-07-29 18:45:00,buffer-depth3,56.1,20,F
2026-07-29 18:45:00,hp-ewt,62.02,3,F
2026-07-29 18:45:00,hp-lwt,60.84,3,F
2026-07-29 18:45:00,secondary-ewt,59.8,3,F
2026-07-29 18:45:00,secondary-flow,0.0,3,gpm
2026-07-29 18:45:00,secondary-lwt,60.53,3,F
2026-07-29 18:45:00,zone1-bedrooms-heat-call,0.0,3,Unitless
2026-07-29 18:45:00,zone5-living-rm-fancoil-heat-call,0.0,4,Unitless
2026-07-29 19:00:00,buffer-depth1,56.24,17,F
2026-07-29 19:00:00,buffer-depth2,56.22,17,F
2026-07-29 19:00:00,buffer-depth3,56.45,19,F
2026-07-29 19:00:00,hp-ewt,62.24,4,F
2026-07-29 19:00:00,hp-lwt,61.2,4,F
2026-07-29 19:00:00,secondary-ewt,60.46,3,F
2026-07-29 19:00:00,secondary-flow,0.03,5,gpm
2026-07-29 19:00:00,secondary-lwt,60.72,3,F
2026-07-29 19:00:00,zone1-bedrooms-heat-call,0.0,3,Unitless
2026-07-29 19:00:00,zone5-living-rm-fancoil-heat-call,1.0,4,Unitless
2026-07-29 19:15:00,buffer-depth1,56.38,15,F
2026-07-29 19:15:00,buffer-depth2,56.3,16,F
2026-07-29 19:15:00,buffer-depth3,56.53,21,F
2026-07-29 19:15:00,hp-ewt,62.51,3,F
2026-07-29 19:15:00,hp-lwt,61.48,3,F
2026-07-29 19:15:00,secondary-ewt,61.03,3,F
2026-07-29 19:15:00,secondary-flow,0.0,3,gpm
2026-07-29 19:15:00,secondary-lwt,60.82,3,F
2026-07-29 19:15:00,zone1-bedrooms-heat-call,0.0,3,Unitless
2026-07-29 19:15:00,zone5-living-rm-fancoil-heat-call,0.0,3,Unitless
2026-07-29 19:30:00,buffer-depth1,56.56,16,F
2026-07-29 19:30:00,buffer-depth2,56.53,17,F
2026-07-29 19:30:00,buffer-depth3,56.79,23,F
2026-07-29 19:30:00,hp-ewt,62.71,3,F
2026-07-29 19:30:00,hp-lwt,61.51,3,F
2026-07-29 19:30:00,secondary-ewt,61.54,3,F
2026-07-29 19:30:00,secondary-flow,0.0,3,gpm
2026-07-29 19:30:00,secondary-lwt,61.33,3,F
2026-07-29 19:30:00,zone1-bedrooms-heat-call,0.0,3,Unitless
2026-07-29 19:30:00,zone5-living-rm-fancoil-heat-call,1.0,4,Unitless
2026-07-29 19:45:00,buffer-depth1,56.8,17,F
2026-07-29 19:45:00,buffer-depth2,56.74,16,F
2026-07-29 19:45:00,buffer-depth3,56.88,16,F
2026-07-29 19:45:00,hp-ewt,62.95,3,F
2026-07-29 19:45:00,hp-lwt,61.15,3,F
2026-07-29 19:45:00,secondary-ewt,61.99,3,F
2026-07-29 19:45:00,secondary-flow,0.0,3,gpm
2026-07-29 19:45:00,secondary-lwt,61.78,3,F
2026-07-29 19:45:00,zone1-bedrooms-heat-call,0.0,3,Unitless
2026-07-29 19:45:00,zone5-living-rm-fancoil-heat-call,0.0,4,Unitless
2026-07-29 20:00:00,buffer-depth1,57.23,24,F
2026-07-29 20:00:00,buffer-depth2,57.0,18,F
2026-07-29 20:00:00,buffer-depth3,56.91,17,F
2026-07-29 20:00:00,hp-ewt,63.09,4,F
2026-07-29 20:00:00,hp-lwt,60.36,6,F
2026-07-29 20:00:00,secondary-ewt,59.53,14,F
2026-07-29 20:00:00,secondary-flow,5.39,6,gpm
2026-07-29 20:00:00,secondary-lwt,59.62,14,F
2026-07-29 20:00:00,zone1-bedrooms-heat-call,0.0,5,Unitless
2026-07-29 20:00:00,zone5-living-rm-fancoil-heat-call,0.0,3,Unitless
2026-07-29 20:15:00,buffer-depth1,57.27,16,F
2026-07-29 20:15:00,buffer-depth2,57.18,16,F
2026-07-29 20:15:00,buffer-depth3,57.19,17,F
2026-07-29 20:15:00,hp-ewt,63.18,5,F
2026-07-29 20:15:00,hp-lwt,59.23,5,F
2026-07-29 20:15:00,secondary-ewt,57.98,3,F
2026-07-29 20:15:00,secondary-flow,7.44,3,gpm
2026-07-29 20:15:00,secondary-lwt,57.97,3,F
2026-07-29 20:15:00,zone1-bedrooms-heat-call,0.0,3,Unitless
2026-07-29 20:15:00,zone5-living-rm-fancoil-heat-call,0.0,3,Unitless
2026-07-29 20:30:00,buffer-depth1,57.51,18,F
2026-07-29 20:30:00,buffer-depth2,57.36,18,F
2026-07-29 20:30:00,buffer-depth3,57.32,15,F
2026-07-29 20:30:00,hp-ewt,63.35,2,F
2026-07-29 20:30:00,hp-lwt,59.24,2,F
2026-07-29 20:30:00,secondary-ewt,58.63,6,F
2026-07-29 20:30:00,secondary-flow,7.64,3,gpm
2026-07-29 20:30:00,secondary-lwt,58.38,4,F
2026-07-29 20:30:00,zone1-bedrooms-heat-call,0.0,3,Unitless
2026-07-29 20:30:00,zone5-living-rm-fancoil-heat-call,1.0,5,Unitless
2026-07-29 20:45:00,buffer-depth1,57.72,15,F
2026-07-29 20:45:00,buffer-depth2,57.63,15,F
2026-07-29 20:45:00,buffer-depth3,57.57,17,F
2026-07-29 20:45:00,hp-ewt,63.45,6,F
2026-07-29 20:45:00,hp-lwt,59.58,6,F
2026-07-29 20:45:00,zone1-bedrooms-heat-call,0.0,3,Unitless
2026-07-29 20:45:00,zone5-living-rm-fancoil-heat-call,0.0,3,Unitless
2026-07-29 21:00:00,buffer-depth1,57.83,17,F
2026-07-29 21:00:00,buffer-depth2,57.71,15,F
2026-07-29 21:00:00,buffer-depth3,57.75,15,F
2026-07-29 21:00:00,hp-ewt,63.5,3,F
2026-07-29 21:00:00,hp-lwt,60.22,3,F
2026-07-29 21:00:00,secondary-ewt,59.06,8,F
2026-07-29 21:00:00,secondary-flow,7.75,6,gpm
2026-07-29 21:00:00,secondary-lwt,58.89,6,F
2026-07-29 21:00:00,zone1-bedrooms-heat-call,0.0,3,Unitless
2026-07-29 21:00:00,zone5-living-rm-fancoil-heat-call,0.0,4,Unitless
2026-07-29 21:15:00,buffer-depth1,58.17,16,F
2026-07-29 21:15:00,buffer-depth2,58.02,18,F
2026-07-29 21:15:00,buffer-depth3,57.9,17,F
2026-07-29 21:15:00,hp-ewt,63.54,3,F
2026-07-29 21:15:00,hp-lwt,60.77,3,F
2026-07-29 21:15:00,secondary-ewt,58.93,5,F
2026-07-29 21:15:00,secondary-flow,7.74,6,gpm
2026-07-29 21:15:00,secondary-lwt,58.9,5,F
2026-07-29 21:15:00,zone1-bedrooms-heat-call,0.0,3,Unitless
2026-07-29 21:15:00,zone5-living-rm-fancoil-heat-call,0.0,4,Unitless
2026-07-29 21:30:00,buffer-depth1,58.2,15,F
2026-07-29 21:30:00,buffer-depth2,58.12,15,F
2026-07-29 21:30:00,buffer-depth3,58.15,16,F
2026-07-29 21:30:00,hp-ewt,63.45,6,F
2026-07-29 21:30:00,hp-lwt,61.27,6,F
2026-07-29 21:30:00,secondary-ewt,59.18,7,F
2026-07-29 21:30:00,secondary-flow,7.6,7,gpm
2026-07-29 21:30:00,secondary-lwt,58.88,5,F
2026-07-29 21:30:00,zone1-bedrooms-heat-call,0.0,3,Unitless
2026-07-29 21:30:00,zone5-living-rm-fancoil-heat-call,0.0,3,Unitless
2026-07-29 21:45:00,buffer-depth1,58.4,17,F
2026-07-29 21:45:00,buffer-depth2,58.29,17,F
2026-07-29 21:45:00,buffer-depth3,58.26,16,F
2026-07-29 21:45:00,hp-ewt,63.34,3,F
2026-07-29 21:45:00,hp-lwt,61.62,3,F
2026-07-29 21:45:00,secondary-ewt,59.23,4,F
2026-07-29 21:45:00,secondary-flow,7.56,4,gpm
2026-07-29 21:45:00,secondary-lwt,59.22,4,F
2026-07-29 21:45:00,zone1-bedrooms-heat-call,0.0,3,Unitless
2026-07-29 21:45:00,zone5-living-rm-fancoil-heat-call,0.0,3,Unitless
2026-07-29 22:00:00,buffer-depth1,58.57,17,F
2026-07-29 22:00:00,buffer-depth2,58.47,17,F
2026-07-29 22:00:00,buffer-depth3,58.45,17,F
2026-07-29 22:00:00,hp-ewt,63.22,4,F
2026-07-29 22:00:00,hp-lwt,61.95,4,F
2026-07-29 22:00:00,secondary-ewt,59.39,2,F
2026-07-29 22:00:00,secondary-flow,7.6,4,gpm
2026-07-29 22:00:00,secondary-lwt,59.41,2,F
2026-07-29 22:00:00,zone1-bedrooms-heat-call,0.0,3,Unitless
2026-07-29 22:00:00,zone5-living-rm-fancoil-heat-call,0.0,5,Unitless
2026-07-29 22:15:00,buffer-depth1,58.76,17,F
2026-07-29 22:15:00,buffer-depth2,58.65,16,F
2026-07-29 22:15:00,buffer-depth3,58.64,16,F
2026-07-29 22:15:00,hp-ewt,63.11,3,F
2026-07-29 22:15:00,hp-lwt,62.22,3,F
2026-07-29 22:15:00,secondary-ewt,59.67,6,F
2026-07-29 22:15:00,secondary-flow,7.7,6,gpm
2026-07-29 22:15:00,secondary-lwt,59.51,4,F
2026-07-29 22:15:00,zone1-bedrooms-heat-call,0.0,5,Unitless
2026-07-29 22:15:00,zone5-living-rm-fancoil-heat-call,0.0,3,Unitless
2026-07-29 22:30:00,buffer-depth1,58.85,15,F
2026-07-29 22:30:00,buffer-depth2,58.77,15,F
2026-07-29 22:30:00,buffer-depth3,58.8,16,F
2026-07-29 22:30:00,hp-ewt,63.01,3,F
2026-07-29 22:30:00,hp-lwt,62.5,3,F
2026-07-29 22:30:00,secondary-ewt,59.52,3,F
2026-07-29 22:30:00,secondary-flow,7.46,3,gpm
2026-07-29 22:30:00,secondary-lwt,59.46,3,F
2026-07-29 22:30:00,zone1-bedrooms-heat-call,0.0,3,Unitless
2026-07-29 22:30:00,zone5-living-rm-fancoil-heat-call,0.0,3,Unitless
2026-07-29 22:45:00,buffer-depth1,58.98,17,F
2026-07-29 22:45:00,buffer-depth2,58.86,16,F
2026-07-29 22:45:00,buffer-depth3,58.89,15,F
2026-07-29 22:45:00,hp-ewt,62.96,3,F
2026-07-29 22:45:00,hp-lwt,62.71,3,F
2026-07-29 22:45:00,secondary-ewt,60.11,11,F
2026-07-29 22:45:00,secondary-flow,7.71,6,gpm
2026-07-29 22:45:00,secondary-lwt,59.83,5,F
2026-07-29 22:45:00,zone1-bedrooms-heat-call,0.0,3,Unitless
2026-07-29 22:45:00,zone5-living-rm-fancoil-heat-call,0.0,4,Unitless
2026-07-29 23:00:00,buffer-depth1,59.24,16,F
2026-07-29 23:00:00,buffer-depth2,59.13,17,F
2026-07-29 23:00:00,buffer-depth3,59.03,17,F
2026-07-29 23:00:00,hp-ewt,62.97,4,F
2026-07-29 23:00:00,hp-lwt,62.91,4,F
2026-07-29 23:00:00,secondary-ewt,59.94,5,F
2026-07-29 23:00:00,secondary-flow,7.62,4,gpm
2026-07-29 23:00:00,secondary-lwt,59.96,4,F
2026-07-29 23:00:00,zone1-bedrooms-heat-call,0.0,3,Unitless
2026-07-29 23:00:00,zone5-living-rm-fancoil-heat-call,0.0,4,Unitless
2026-07-29 23:15:00,buffer-depth1,59.28,16,F
2026-07-29 23:15:00,buffer-depth2,59.19,16,F
2026-07-29 23:15:00,buffer-depth3,59.22,16,F
2026-07-29 23:15:00,hp-ewt,62.96,3,F
2026-07-29 23:15:00,hp-lwt,63.06,3,F
2026-07-29 23:15:00,secondary-ewt,60.21,6,F
2026-07-29 23:15:00,secondary-flow,7.57,5,gpm
2026-07-29 23:15:00,secondary-lwt,60.01,4,F
2026-07-29 23:15:00,zone1-bedrooms-heat-call,0.0,3,Unitless
2026-07-29 23:15:00,zone5-living-rm-fancoil-heat-call,0.0,3,Unitless
2026-07-29 23:30:00,buffer-depth1,59.46,16,F
2026-07-29 23:30:00,buffer-depth2,59.36,16,F
2026-07-29 23:30:00,buffer-depth3,59.33,16,F
2026-07-29 23:30:00,hp-ewt,62.96,3,F
2026-07-29 23:30:00,hp-lwt,63.18,3,F
2026-07-29 23:30:00,secondary-ewt,60.21,3,F
2026-07-29 23:30:00,secondary-flow,7.66,5,gpm
2026-07-29 23:30:00,secondary-lwt,60.13,3,F
2026-07-29 23:30:00,zone1-bedrooms-heat-call,0.0,3,Unitless
2026-07-29 23:30:00,zone5-living-rm-fancoil-heat-call,0.0,3,Unitless
2026-07-29 23:45:00,buffer-depth1,59.51,15,F
2026-07-29 23:45:00,buffer-depth2,59.43,15,F
2026-07-29 23:45:00,buffer-depth3,59.46,15,F
2026-07-29 23:45:00,hp-ewt,63.01,3,F
2026-07-29 23:45:00,hp-lwt,63.32,3,F
2026-07-29 23:45:00,secondary-ewt,60.19,3,F
2026-07-29 23:45:00,secondary-flow,7.51,5,gpm
2026-07-29 23:45:00,secondary-lwt,60.11,3,F
2026-07-29 23:45:00,zone1-bedrooms-heat-call,0.0,3,Unitless
2026-07-29 23:45:00,zone5-living-rm-fancoil-heat-call,0.0,3,Unitless
2026-07-30 00:00:00,buffer-depth1,59.67,17,F
2026-07-30 00:00:00,buffer-depth2,59.57,16,F
2026-07-30 00:00:00,buffer-depth3,59.55,16,F
2026-07-30 00:00:00,hp-ewt,63.07,3,F
2026-07-30 00:00:00,hp-lwt,63.42,3,F
2026-07-30 00:00:00,secondary-ewt,60.45,4,F
2026-07-30 00:00:00,secondary-flow,7.67,8,gpm
2026-07-30 00:00:00,secondary-lwt,60.43,4,F
2026-07-30 00:00:00,zone1-bedrooms-heat-call,0.0,3,Unitless
2026-07-30 00:00:00,zone5-living-rm-fancoil-heat-call,0.0,3,Unitless
2026-07-30 00:15:00,buffer-depth1,59.74,17,F
2026-07-30 00:15:00,buffer-depth2,59.66,17,F
2026-07-30 00:15:00,buffer-depth3,59.69,17,F
2026-07-30 00:15:00,hp-ewt,63.11,7,F
2026-07-30 00:15:00,hp-lwt,63.51,7,F
2026-07-30 00:15:00,secondary-ewt,60.73,6,F
2026-07-30 00:15:00,secondary-flow,7.65,5,gpm
2026-07-30 00:15:00,secondary-lwt,60.75,5,F
2026-07-30 00:15:00,zone1-bedrooms-heat-call,0.0,3,Unitless
2026-07-30 00:15:00,zone5-living-rm-fancoil-heat-call,0.0,4,Unitless
2026-07-30 00:30:00,buffer-depth1,59.97,17,F
2026-07-30 00:30:00,buffer-depth2,59.85,17,F
2026-07-30 00:30:00,buffer-depth3,59.78,16,F
2026-07-30 00:30:00,hp-ewt,63.18,3,F
2026-07-30 00:30:00,hp-lwt,63.61,3,F
2026-07-30 00:30:00,secondary-ewt,60.98,5,F
2026-07-30 00:30:00,secondary-flow,7.78,7,gpm
2026-07-30 00:30:00,secondary-lwt,60.78,4,F
2026-07-30 00:30:00,zone1-bedrooms-heat-call,0.0,3,Unitless
2026-07-30 00:30:00,zone5-living-rm-fancoil-heat-call,1.0,4,Unitless
2026-07-30 00:45:00,buffer-depth1,60.06,15,F
2026-07-30 00:45:00,buffer-depth2,59.98,15,F
2026-07-30 00:45:00,buffer-depth3,59.98,16,F
2026-07-30 00:45:00,hp-ewt,63.22,3,F
2026-07-30 00:45:00,hp-lwt,63.63,3,F
2026-07-30 00:45:00,secondary-ewt,60.67,3,F
2026-07-30 00:45:00,secondary-flow,7.46,3,gpm
2026-07-30 00:45:00,secondary-lwt,60.63,3,F
2026-07-30 00:45:00,zone1-bedrooms-heat-call,0.0,3,Unitless
2026-07-30 00:45:00,zone5-living-rm-fancoil-heat-call,0.0,3,Unitless
2026-07-30 01:00:00,buffer-depth1,60.15,16,F
2026-07-30 01:00:00,buffer-depth2,60.05,16,F
2026-07-30 01:00:00,buffer-depth3,60.07,15,F
2026-07-30 01:00:00,hp-ewt,63.28,3,F
2026-07-30 01:00:00,hp-lwt,63.69,3,F
2026-07-30 01:00:00,secondary-ewt,60.92,4,F
2026-07-30 01:00:00,secondary-flow,7.66,5,gpm
2026-07-30 01:00:00,secondary-lwt,60.86,4,F
2026-07-30 01:00:00,zone1-bedrooms-heat-call,0.0,3,Unitless
2026-07-30 01:00:00,zone5-living-rm-fancoil-heat-call,0.0,3,Unitless
2026-07-30 01:15:00,buffer-depth1,60.3,16,F
2026-07-30 01:15:00,buffer-depth2,60.21,16,F
2026-07-30 01:15:00,buffer-depth3,60.18,17,F
2026-07-30 01:15:00,hp-ewt,63.33,5,F
2026-07-30 01:15:00,hp-lwt,63.74,5,F
2026-07-30 01:15:00,secondary-ewt,60.99,2,F
2026-07-30 01:15:00,secondary-flow,7.46,2,gpm
2026-07-30 01:15:00,secondary-lwt,60.87,2,F
2026-07-30 01:15:00,zone1-bedrooms-heat-call,0.0,3,Unitless
2026-07-30 01:15:00,zone5-living-rm-fancoil-heat-call,0.0,3,Unitless
2026-07-30 01:30:00,buffer-depth1,60.35,15,F
2026-07-30 01:30:00,buffer-depth2,60.26,15,F
2026-07-30 01:30:00,buffer-depth3,60.29,15,F
2026-07-30 01:30:00,hp-ewt,63.37,3,F
2026-07-30 01:30:00,hp-lwt,63.79,3,F
2026-07-30 01:30:00,secondary-ewt,61.02,3,F
2026-07-30 01:30:00,secondary-flow,7.45,3,gpm
2026-07-30 01:30:00,secondary-lwt,60.93,3,F
2026-07-30 01:30:00,zone1-bedrooms-heat-call,0.0,3,Unitless
2026-07-30 01:30:00,zone5-living-rm-fancoil-heat-call,0.0,3,Unitless
2026-07-30 01:45:00,buffer-depth1,60.45,16,F
2026-07-30 01:45:00,buffer-depth2,60.35,17,F
2026-07-30 01:45:00,buffer-depth3,60.36,16,F
2026-07-30 01:45:00,hp-ewt,63.4,5,F
2026-07-30 01:45:00,hp-lwt,63.82,5,F
2026-07-30 01:45:00,secondary-ewt,61.21,7,F
2026-07-30 01:45:00,secondary-flow,7.72,5,gpm
2026-07-30 01:45:00,secondary-lwt,61.12,6,F
2026-07-30 01:45:00,zone1-bedrooms-heat-call,0.0,3,Unitless
2026-07-30 01:45:00,zone5-living-rm-fancoil-heat-call,0.0,3,Unitless
2026-07-30 02:00:00,buffer-depth1,60.57,16,F
2026-07-30 02:00:00,buffer-depth2,60.49,15,F
2026-07-30 02:00:00,buffer-depth3,60.47,16,F
2026-07-30 02:00:00,hp-ewt,63.45,3,F
2026-07-30 02:00:00,hp-lwt,63.87,3,F
2026-07-30 02:00:00,secondary-ewt,61.2,3,F
2026-07-30 02:00:00,secondary-flow,7.5,5,gpm
2026-07-30 02:00:00,secondary-lwt,61.14,3,F
2026-07-30 02:00:00,zone1-bedrooms-heat-call,0.0,3,Unitless
2026-07-30 02:00:00,zone5-living-rm-fancoil-heat-call,0.0,3,Unitless
2026-07-30 02:15:00,buffer-depth1,60.62,15,F
2026-07-30 02:15:00,buffer-depth2,60.54,15,F
2026-07-30 02:15:00,buffer-depth3,60.56,15,F
2026-07-30 02:15:00,hp-ewt,63.48,4,F
2026-07-30 02:15:00,hp-lwt,63.9,4,F
2026-07-30 02:15:00,secondary-ewt,61.56,3,F
2026-07-30 02:15:00,secondary-flow,7.9,1,gpm
2026-07-30 02:15:00,secondary-lwt,61.4,2,F
2026-07-30 02:15:00,zone1-bedrooms-heat-call,0.0,3,Unitless
2026-07-30 02:15:00,zone5-living-rm-fancoil-heat-call,0.0,4,Unitless
2026-07-30 02:30:00,buffer-depth1,60.86,16,F
2026-07-30 02:30:00,buffer-depth2,60.73,16,F
2026-07-30 02:30:00,buffer-depth3,60.66,16,F
2026-07-30 02:30:00,hp-ewt,63.54,3,F
2026-07-30 02:30:00,hp-lwt,63.93,3,F
2026-07-30 02:30:00,secondary-ewt,61.66,5,F
2026-07-30 02:30:00,secondary-flow,7.88,6,gpm
2026-07-30 02:30:00,secondary-lwt,61.64,6,F
2026-07-30 02:30:00,zone1-bedrooms-heat-call,0.0,3,Unitless
2026-07-30 02:30:00,zone5-living-rm-fancoil-heat-call,1.0,4,Unitless
2026-07-30 02:45:00,buffer-depth1,60.9,15,F
2026-07-30 02:45:00,buffer-depth2,60.82,16,F
2026-07-30 02:45:00,buffer-depth3,60.83,15,F
2026-07-30 02:45:00,hp-ewt,63.58,4,F
2026-07-30 02:45:00,hp-lwt,63.98,4,F
2026-07-30 02:45:00,secondary-ewt,61.48,1,F
2026-07-30 02:45:00,secondary-flow,7.46,1,gpm
2026-07-30 02:45:00,secondary-lwt,61.41,1,F
2026-07-30 02:45:00,zone1-bedrooms-heat-call,0.0,3,Unitless
2026-07-30 02:45:00,zone5-living-rm-fancoil-heat-call,0.0,3,Unitless
2026-07-30 03:00:00,buffer-depth1,60.98,17,F
2026-07-30 03:00:00,buffer-depth2,60.89,17,F
2026-07-30 03:00:00,buffer-depth3,60.92,17,F
2026-07-30 03:00:00,hp-ewt,63.58,4,F
2026-07-30 03:00:00,hp-lwt,63.98,4,F
2026-07-30 03:00:00,secondary-ewt,61.77,5,F
2026-07-30 03:00:00,secondary-flow,4.23,10,gpm
2026-07-30 03:00:00,secondary-lwt,61.71,5,F
2026-07-30 03:00:00,zone1-bedrooms-heat-call,0.0,3,Unitless
2026-07-30 03:00:00,zone5-living-rm-fancoil-heat-call,0.0,3,Unitless
2026-07-30 03:15:00,buffer-depth1,61.08,15,F
2026-07-30 03:15:00,buffer-depth2,61.01,15,F
2026-07-30 03:15:00,buffer-depth3,61.05,15,F
2026-07-30 03:15:00,hp-ewt,63.65,3,F
2026-07-30 03:15:00,hp-lwt,64.03,3,F
2026-07-30 03:15:00,secondary-ewt,61.64,2,F
2026-07-30 03:15:00,secondary-flow,5.88,15,gpm
2026-07-30 03:15:00,secondary-lwt,61.6,2,F
2026-07-30 03:15:00,zone1-bedrooms-heat-call,0.0,3,Unitless
2026-07-30 03:15:00,zone5-living-rm-fancoil-heat-call,0.0,3,Unitless
2026-07-30 03:30:00,buffer-depth1,61.14,16,F
2026-07-30 03:30:00,buffer-depth2,61.06,16,F
2026-07-30 03:30:00,buffer-depth3,61.08,16,F
2026-07-30 03:30:00,hp-ewt,63.67,4,F
2026-07-30 03:30:00,hp-lwt,64.05,4,F
2026-07-30 03:30:00,secondary-ewt,61.75,3,F
2026-07-30 03:30:00,secondary-flow,7.48,3,gpm
2026-07-30 03:30:00,secondary-lwt,61.68,3,F
2026-07-30 03:30:00,zone1-bedrooms-heat-call,0.0,3,Unitless
2026-07-30 03:30:00,zone5-living-rm-fancoil-heat-call,0.0,3,Unitless
2026-07-30 03:45:00,buffer-depth1,61.21,16,F
2026-07-30 03:45:00,buffer-depth2,61.12,15,F
2026-07-30 03:45:00,buffer-depth3,61.13,15,F
2026-07-30 03:45:00,hp-ewt,63.7,4,F
2026-07-30 03:45:00,hp-lwt,64.08,4,F
2026-07-30 03:45:00,secondary-ewt,61.81,2,F
2026-07-30 03:45:00,secondary-flow,7.49,2,gpm
2026-07-30 03:45:00,secondary-lwt,61.74,2,F
2026-07-30 03:45:00,zone1-bedrooms-heat-call,0.0,3,Unitless
2026-07-30 03:45:00,zone5-living-rm-fancoil-heat-call,0.0,3,Unitless
2026-07-30 04:00:00,buffer-depth1,61.34,17,F
2026-07-30 04:00:00,buffer-depth2,61.25,18,F
2026-07-30 04:00:00,buffer-depth3,61.22,17,F
2026-07-30 04:00:00,hp-ewt,63.72,5,F
2026-07-30 04:00:00,hp-lwt,64.09,5,F
2026-07-30 04:00:00,secondary-ewt,62.01,3,F
2026-07-30 04:00:00,secondary-flow,7.69,4,gpm
2026-07-30 04:00:00,secondary-lwt,61.95,3,F
2026-07-30 04:00:00,zone1-bedrooms-heat-call,0.0,3,Unitless
2026-07-30 04:00:00,zone5-living-rm-fancoil-heat-call,0.0,3,Unitless
2026-07-30 04:15:00,buffer-depth1,61.39,16,F
2026-07-30 04:15:00,buffer-depth2,61.31,16,F
2026-07-30 04:15:00,buffer-depth3,61.33,16,F
2026-07-30 04:15:00,hp-ewt,63.72,4,F
2026-07-30 04:15:00,hp-lwt,64.09,4,F
2026-07-30 04:15:00,secondary-ewt,61.99,2,F
2026-07-30 04:15:00,secondary-flow,7.49,2,gpm
2026-07-30 04:15:00,secondary-lwt,61.91,2,F
2026-07-30 04:15:00,zone1-bedrooms-heat-call,0.0,3,Unitless
2026-07-30 04:15:00,zone5-living-rm-fancoil-heat-call,0.0,3,Unitless
2026-07-30 04:30:00,buffer-depth1,61.44,16,F
2026-07-30 04:30:00,buffer-depth2,61.36,16,F
2026-07-30 04:30:00,buffer-depth3,61.38,16,F
2026-07-30 04:30:00,hp-ewt,63.78,3,F
2026-07-30 04:30:00,hp-lwt,64.13,3,F
2026-07-30 04:30:00,secondary-ewt,62.03,2,F
2026-07-30 04:30:00,secondary-flow,7.49,2,gpm
2026-07-30 04:30:00,secondary-lwt,61.98,2,F
2026-07-30 04:30:00,zone1-bedrooms-heat-call,0.0,3,Unitless
2026-07-30 04:30:00,zone5-living-rm-fancoil-heat-call,0.0,3,Unitless
2026-07-30 04:45:00,buffer-depth1,61.56,16,F
2026-07-30 04:45:00,buffer-depth2,61.45,16,F
2026-07-30 04:45:00,buffer-depth3,61.44,16,F
2026-07-30 04:45:00,hp-ewt,63.8,4,F
2026-07-30 04:45:00,hp-lwt,64.17,4,F
2026-07-30 04:45:00,secondary-ewt,62.25,2,F
2026-07-30 04:45:00,secondary-flow,7.9,2,gpm
2026-07-30 04:45:00,secondary-lwt,62.27,2,F
2026-07-30 04:45:00,zone1-bedrooms-heat-call,0.0,3,Unitless
2026-07-30 04:45:00,zone5-living-rm-fancoil-heat-call,0.0,3,Unitless
2026-07-30 05:00:00,buffer-depth1,61.63,15,F
2026-07-30 05:00:00,buffer-depth2,61.54,15,F
2026-07-30 05:00:00,buffer-depth3,61.55,15,F
2026-07-30 05:00:00,hp-ewt,63.82,7,F
2026-07-30 05:00:00,hp-lwt,64.17,7,F
2026-07-30 05:00:00,secondary-ewt,62.23,3,F
2026-07-30 05:00:00,secondary-flow,7.48,3,gpm
2026-07-30 05:00:00,secondary-lwt,62.16,3,F
2026-07-30 05:00:00,zone1-bedrooms-heat-call,0.0,3,Unitless
2026-07-30 05:00:00,zone5-living-rm-fancoil-heat-call,0.0,3,Unitless
2026-07-30 05:15:00,buffer-depth1,61.69,15,F
2026-07-30 05:15:00,buffer-depth2,61.6,15,F
2026-07-30 05:15:00,buffer-depth3,61.61,15,F
2026-07-30 05:15:00,hp-ewt,63.84,2,F
2026-07-30 05:15:00,hp-lwt,64.2,2,F
2026-07-30 05:15:00,secondary-ewt,62.4,3,F
2026-07-30 05:15:00,secondary-flow,7.63,4,gpm
2026-07-30 05:15:00,secondary-lwt,62.34,3,F
2026-07-30 05:15:00,zone1-bedrooms-heat-call,0.0,3,Unitless
2026-07-30 05:15:00,zone5-living-rm-fancoil-heat-call,0.0,3,Unitless
2026-07-30 05:30:00,buffer-depth1,61.8,17,F
2026-07-30 05:30:00,buffer-depth2,61.71,16,F
2026-07-30 05:30:00,buffer-depth3,61.69,16,F
2026-07-30 05:30:00,hp-ewt,63.87,4,F
2026-07-30 05:30:00,hp-lwt,64.22,4,F
2026-07-30 05:30:00,secondary-ewt,62.46,5,F
2026-07-30 05:30:00,secondary-flow,7.65,5,gpm
2026-07-30 05:30:00,secondary-lwt,62.39,5,F
2026-07-30 05:30:00,zone1-bedrooms-heat-call,0.0,3,Unitless
2026-07-30 05:30:00,zone5-living-rm-fancoil-heat-call,0.0,3,Unitless
2026-07-30 05:45:00,buffer-depth1,61.84,15,F
2026-07-30 05:45:00,buffer-depth2,61.77,15,F
2026-07-30 05:45:00,buffer-depth3,61.78,16,F
2026-07-30 05:45:00,hp-ewt,63.88,3,F
2026-07-30 05:45:00,hp-lwt,64.22,3,F
2026-07-30 05:45:00,secondary-ewt,62.43,2,F
2026-07-30 05:45:00,secondary-flow,7.49,2,gpm
2026-07-30 05:45:00,secondary-lwt,62.34,2,F
2026-07-30 05:45:00,zone1-bedrooms-heat-call,0.0,3,Unitless
2026-07-30 05:45:00,zone5-living-rm-fancoil-heat-call,0.0,3,Unitless
2026-07-30 06:00:00,buffer-depth1,61.94,16,F
2026-07-30 06:00:00,buffer-depth2,61.83,16,F
2026-07-30 06:00:00,buffer-depth3,61.82,15,F
2026-07-30 06:00:00,hp-ewt,63.9,3,F
2026-07-30 06:00:00,hp-lwt,64.26,3,F
2026-07-30 06:00:00,secondary-ewt,62.6,4,F
2026-07-30 06:00:00,secondary-flow,7.69,5,gpm
2026-07-30 06:00:00,secondary-lwt,62.54,4,F
2026-07-30 06:00:00,zone1-bedrooms-heat-call,0.0,3,Unitless
2026-07-30 06:00:00,zone5-living-rm-fancoil-heat-call,0.0,3,Unitless
2026-07-30 06:15:00,buffer-depth1,62.02,15,F
2026-07-30 06:15:00,buffer-depth2,61.93,15,F
2026-07-30 06:15:00,buffer-depth3,61.92,16,F
2026-07-30 06:15:00,hp-ewt,63.91,3,F
2026-07-30 06:15:00,hp-lwt,64.27,3,F
2026-07-30 06:15:00,secondary-ewt,62.66,2,F
2026-07-30 06:15:00,secondary-flow,7.64,4,gpm
2026-07-30 06:15:00,secondary-lwt,62.58,2,F
2026-07-30 06:15:00,zone1-bedrooms-heat-call,0.0,3,Unitless
2026-07-30 06:15:00,zone5-living-rm-fancoil-heat-call,0.0,3,Unitless
2026-07-30 06:30:00,buffer-depth1,62.05,17,F
2026-07-30 06:30:00,buffer-depth2,61.98,17,F
2026-07-30 06:30:00,buffer-depth3,61.99,17,F
2026-07-30 06:30:00,hp-ewt,63.96,5,F
2026-07-30 06:30:00,hp-lwt,64.27,5,F
2026-07-30 06:30:00,secondary-ewt,62.65,2,F
2026-07-30 06:30:00,secondary-flow,7.48,2,gpm
2026-07-30 06:30:00,secondary-lwt,62.57,2,F
2026-07-30 06:30:00,zone1-bedrooms-heat-call,0.0,3,Unitless
2026-07-30 06:30:00,zone5-living-rm-fancoil-heat-call,0.0,3,Unitless
2026-07-30 06:45:00,buffer-depth1,62.11,15,F
2026-07-30 06:45:00,buffer-depth2,62.03,15,F
2026-07-30 06:45:00,buffer-depth3,62.04,15,F
2026-07-30 06:45:00,hp-ewt,63.98,4,F
2026-07-30 06:45:00,hp-lwt,64.32,4,F
2026-07-30 06:45:00,secondary-ewt,62.68,3,F
2026-07-30 06:45:00,secondary-flow,7.48,3,gpm
2026-07-30 06:45:00,secondary-lwt,62.61,3,F
2026-07-30 06:45:00,zone1-bedrooms-heat-call,0.0,3,Unitless
2026-07-30 06:45:00,zone5-living-rm-fancoil-heat-call,0.0,3,Unitless
2026-07-30 07:00:00,buffer-depth1,62.18,16,F
2026-07-30 07:00:00,buffer-depth2,62.12,16,F
2026-07-30 07:00:00,buffer-depth3,62.18,17,F
2026-07-30 07:00:00,hp-ewt,64.01,4,F
2026-07-30 07:00:00,hp-lwt,64.32,4,F
2026-07-30 07:00:00,secondary-ewt,63.15,3,F
2026-07-30 07:00:00,secondary-flow,0.0,3,gpm
2026-07-30 07:00:00,secondary-lwt,63.1,3,F
2026-07-30 07:00:00,zone1-bedrooms-heat-call,0.0,3,Unitless
2026-07-30 07:00:00,zone5-living-rm-fancoil-heat-call,0.0,3,Unitless
2026-07-30 07:15:00,buffer-depth1,62.22,15,F
2026-07-30 07:15:00,buffer-depth2,62.15,15,F
2026-07-30 07:15:00,buffer-depth3,62.16,15,F
2026-07-30 07:15:00,hp-ewt,64.03,3,F
2026-07-30 07:15:00,hp-lwt,64.35,3,F
2026-07-30 07:15:00,secondary-ewt,63.41,3,F
2026-07-30 07:15:00,secondary-flow,0.0,3,gpm
2026-07-30 07:15:00,secondary-lwt,63.34,3,F
2026-07-30 07:15:00,zone1-bedrooms-heat-call,0.0,3,Unitless
2026-07-30 07:15:00,zone5-living-rm-fancoil-heat-call,0.0,3,Unitless
2026-07-30 07:30:00,buffer-depth1,62.23,15,F
2026-07-30 07:30:00,buffer-depth2,62.15,15,F
2026-07-30 07:30:00,buffer-depth3,62.16,15,F
2026-07-30 07:30:00,hp-ewt,64.06,3,F
2026-07-30 07:30:00,hp-lwt,64.35,3,F
2026-07-30 07:30:00,secondary-ewt,63.62,3,F
2026-07-30 07:30:00,secondary-flow,0.0,3,gpm
2026-07-30 07:30:00,secondary-lwt,63.61,3,F
2026-07-30 07:30:00,zone1-bedrooms-heat-call,0.0,3,Unitless
2026-07-30 07:30:00,zone5-living-rm-fancoil-heat-call,0.0,3,Unitless
2026-07-30 07:45:00,buffer-depth1,62.24,15,F
2026-07-30 07:45:00,buffer-depth2,62.16,15,F
2026-07-30 07:45:00,buffer-depth3,62.16,15,F
2026-07-30 07:45:00,hp-ewt,64.09,3,F
2026-07-30 07:45:00,hp-lwt,64.36,3,F
2026-07-30 07:45:00,secondary-ewt,63.88,3,F
2026-07-30 07:45:00,secondary-flow,0.0,3,gpm
2026-07-30 07:45:00,secondary-lwt,63.89,3,F
2026-07-30 07:45:00,zone1-bedrooms-heat-call,0.0,3,Unitless
2026-07-30 07:45:00,zone5-living-rm-fancoil-heat-call,0.0,3,Unitless
2026-07-30 08:15:00,buffer-depth1,62.3,2,F
2026-07-30 08:15:00,buffer-depth2,62.25,2,F
2026-07-30 08:15:00,buffer-depth3,62.34,2,F
2026-07-30 08:15:00,hp-ewt,64.19,2,F
2026-07-30 08:15:00,hp-lwt,64.42,2,F
2026-07-30 08:15:00,secondary-ewt,64.46,2,F
2026-07-30 08:15:00,secondary-flow,0.0,2,gpm
2026-07-30 08:15:00,secondary-lwt,64.52,2,F
2026-07-30 08:15:00,zone1-bedrooms-heat-call,0.0,3,Unitless
2026-07-30 08:15:00,zone5-living-rm-fancoil-heat-call,0.0,1,Unitless
2026-07-30 08:30:00,buffer-depth1,62.39,10,F
2026-07-30 08:30:00,buffer-depth2,62.31,10,F
2026-07-30 08:30:00,buffer-depth3,62.27,10,F
2026-07-30 08:30:00,hp-ewt,64.22,6,F
2026-07-30 08:30:00,hp-lwt,64.44,6,F
2026-07-30 08:30:00,secondary-ewt,62.99,6,F
2026-07-30 08:30:00,secondary-flow,1.68,7,gpm
2026-07-30 08:30:00,secondary-lwt,62.95,6,F
2026-07-30 08:30:00,zone1-bedrooms-heat-call,0.0,2,Unitless
2026-07-30 08:30:00,zone5-living-rm-fancoil-heat-call,0.0,2,Unitless
2026-07-30 08:45:00,buffer-depth1,62.42,15,F
2026-07-30 08:45:00,buffer-depth2,62.33,15,F
2026-07-30 08:45:00,buffer-depth3,62.28,15,F
2026-07-30 08:45:00,hp-ewt,64.23,3,F
2026-07-30 08:45:00,hp-lwt,64.47,3,F
2026-07-30 08:45:00,secondary-ewt,63.3,3,F
2026-07-30 08:45:00,secondary-flow,0.0,3,gpm
2026-07-30 08:45:00,secondary-lwt,63.24,3,F
2026-07-30 08:45:00,zone1-bedrooms-heat-call,0.0,3,Unitless
2026-07-30 08:45:00,zone5-living-rm-fancoil-heat-call,0.0,3,Unitless
2026-07-30 09:00:00,buffer-depth1,62.43,16,F
2026-07-30 09:00:00,buffer-depth2,62.34,15,F
2026-07-30 09:00:00,buffer-depth3,62.28,15,F
2026-07-30 09:00:00,hp-ewt,64.25,2,F
2026-07-30 09:00:00,hp-lwt,64.46,2,F
2026-07-30 09:00:00,secondary-ewt,63.41,5,F
2026-07-30 09:00:00,secondary-flow,3.37,6,gpm
2026-07-30 09:00:00,secondary-lwt,63.47,5,F
2026-07-30 09:00:00,zone1-bedrooms-heat-call,0.0,3,Unitless
2026-07-30 09:00:00,zone5-living-rm-fancoil-heat-call,0.0,3,Unitless
2026-07-30 09:15:00,buffer-depth1,61.8,37,F
2026-07-30 09:15:00,buffer-depth2,62.09,23,F
2026-07-30 09:15:00,buffer-depth3,62.19,17,F
2026-07-30 09:15:00,hp-ewt,54.51,55,F
2026-07-30 09:15:00,hp-lwt,52.29,70,F
2026-07-30 09:15:00,secondary-ewt,63.04,4,F
2026-07-30 09:15:00,secondary-flow,3.95,8,gpm
2026-07-30 09:15:00,secondary-lwt,58.85,47,F
2026-07-30 09:15:00,zone1-bedrooms-heat-call,0.0,3,Unitless
2026-07-30 09:15:00,zone5-living-rm-fancoil-heat-call,0.0,3,Unitless
2026-07-30 09:30:00,buffer-depth1,62.01,15,F
2026-07-30 09:30:00,buffer-depth2,61.95,15,F
2026-07-30 09:30:00,buffer-depth3,61.98,15,F
2026-07-30 09:30:00,hp-ewt,53.0,10,F
2026-07-30 09:30:00,hp-lwt,56.69,33,F
2026-07-30 09:30:00,secondary-ewt,62.82,3,F
2026-07-30 09:30:00,secondary-flow,1.66,5,gpm
2026-07-30 09:30:00,secondary-lwt,62.71,3,F
2026-07-30 09:30:00,zone1-bedrooms-heat-call,0.0,3,Unitless
2026-07-30 09:30:00,zone5-living-rm-fancoil-heat-call,0.0,3,Unitless
2026-07-30 09:45:00,buffer-depth1,62.03,15,F
2026-07-30 09:45:00,buffer-depth2,61.97,15,F
2026-07-30 09:45:00,buffer-depth3,61.98,15,F
2026-07-30 09:45:00,hp-ewt,57.01,15,F
2026-07-30 09:45:00,hp-lwt,62.03,4,F
2026-07-30 09:45:00,secondary-ewt,63.34,3,F
2026-07-30 09:45:00,secondary-flow,0.0,3,gpm
2026-07-30 09:45:00,secondary-lwt,63.21,3,F
2026-07-30 09:45:00,zone1-bedrooms-heat-call,0.0,3,Unitless
2026-07-30 09:45:00,zone5-living-rm-fancoil-heat-call,0.0,3,Unitless
2026-07-30 10:00:00,buffer-depth1,62.05,15,F
2026-07-30 10:00:00,buffer-depth2,62.0,16,F
2026-07-30 10:00:00,buffer-depth3,62.13,22,F
2026-07-30 10:00:00,hp-ewt,60.64,7,F
2026-07-30 10:00:00,hp-lwt,61.47,4,F
2026-07-30 10:00:00,secondary-ewt,63.72,3,F
2026-07-30 10:00:00,secondary-flow,0.02,5,gpm
2026-07-30 10:00:00,secondary-lwt,63.68,3,F
2026-07-30 10:00:00,zone1-bedrooms-heat-call,0.0,3,Unitless
2026-07-30 10:00:00,zone5-living-rm-fancoil-heat-call,0.0,3,Unitless
2026-07-30 10:15:00,buffer-depth1,62.14,15,F
2026-07-30 10:15:00,buffer-depth2,62.06,15,F
2026-07-30 10:15:00,buffer-depth3,62.11,16,F
2026-07-30 10:15:00,hp-ewt,61.77,3,F
2026-07-30 10:15:00,hp-lwt,61.62,3,F
2026-07-30 10:15:00,secondary-ewt,64.07,3,F
2026-07-30 10:15:00,secondary-flow,0.0,3,gpm
2026-07-30 10:15:00,secondary-lwt,64.08,3,F
2026-07-30 10:15:00,zone1-bedrooms-heat-call,0.0,3,Unitless
2026-07-30 10:15:00,zone5-living-rm-fancoil-heat-call,0.0,3,Unitless
2026-07-30 10:30:00,buffer-depth1,62.15,16,F
2026-07-30 10:30:00,buffer-depth2,62.07,16,F
2026-07-30 10:30:00,buffer-depth3,62.1,16,F
2026-07-30 10:30:00,hp-ewt,62.34,4,F
2026-07-30 10:30:00,hp-lwt,62.34,4,F
2026-07-30 10:30:00,secondary-ewt,64.45,5,F
2026-07-30 10:30:00,secondary-flow,0.0,5,gpm
2026-07-30 10:30:00,secondary-lwt,64.5,5,F
2026-07-30 10:30:00,zone1-bedrooms-heat-call,0.0,3,Unitless
2026-07-30 10:30:00,zone5-living-rm-fancoil-heat-call,0.0,3,Unitless
2026-07-30 10:45:00,buffer-depth1,62.16,17,F
2026-07-30 10:45:00,buffer-depth2,62.07,17,F
2026-07-30 10:45:00,buffer-depth3,62.1,17,F
2026-07-30 10:45:00,hp-ewt,61.25,5,F
2026-07-30 10:45:00,hp-lwt,62.57,5,F
2026-07-30 10:45:00,secondary-ewt,64.8,7,F
2026-07-30 10:45:00,secondary-flow,0.0,7,gpm
2026-07-30 10:45:00,secondary-lwt,64.85,7,F
2026-07-30 10:45:00,zone1-bedrooms-heat-call,0.0,3,Unitless
2026-07-30 10:45:00,zone5-living-rm-fancoil-heat-call,0.0,4,Unitless
2026-07-30 11:00:00,buffer-depth1,62.23,16,F
2026-07-30 11:00:00,buffer-depth2,62.18,16,F
2026-07-30 11:00:00,buffer-depth3,62.32,24,F
2026-07-30 11:00:00,hp-ewt,61.4,4,F
2026-07-30 11:00:00,hp-lwt,62.59,3,F
2026-07-30 11:00:00,secondary-ewt,64.06,6,F
2026-07-30 11:00:00,secondary-flow,0.12,5,gpm
2026-07-30 11:00:00,secondary-lwt,62.45,16,F
2026-07-30 11:00:00,zone1-bedrooms-heat-call,0.0,3,Unitless
2026-07-30 11:00:00,zone5-living-rm-fancoil-heat-call,1.0,4,Unitless
2026-07-30 11:15:00,buffer-depth1,62.31,16,F
2026-07-30 11:15:00,buffer-depth2,62.22,16,F
2026-07-30 11:15:00,buffer-depth3,62.25,16,F
2026-07-30 11:15:00,hp-ewt,62.18,4,F
2026-07-30 11:15:00,hp-lwt,63.04,4,F
2026-07-30 11:15:00,secondary-ewt,63.81,4,F
2026-07-30 11:15:00,secondary-flow,0.0,4,gpm
2026-07-30 11:15:00,secondary-lwt,61.46,4,F
2026-07-30 11:15:00,zone1-bedrooms-heat-call,0.0,3,Unitless
2026-07-30 11:15:00,zone5-living-rm-fancoil-heat-call,0.0,3,Unitless
2026-07-30 11:30:00,buffer-depth1,62.33,15,F
2026-07-30 11:30:00,buffer-depth2,62.23,15,F
2026-07-30 11:30:00,buffer-depth3,62.26,15,F
2026-07-30 11:30:00,hp-ewt,63.0,3,F
2026-07-30 11:30:00,hp-lwt,63.42,3,F
2026-07-30 11:30:00,secondary-ewt,64.25,3,F
2026-07-30 11:30:00,secondary-flow,0.0,3,gpm
2026-07-30 11:30:00,secondary-lwt,62.21,3,F
2026-07-30 11:30:00,zone1-bedrooms-heat-call,0.0,3,Unitless
2026-07-30 11:30:00,zone5-living-rm-fancoil-heat-call,0.0,3,Unitless
2026-07-30 11:45:00,buffer-depth1,62.34,15,F
2026-07-30 11:45:00,buffer-depth2,62.27,16,F
2026-07-30 11:45:00,buffer-depth3,62.38,23,F
2026-07-30 11:45:00,hp-ewt,63.63,3,F
2026-07-30 11:45:00,hp-lwt,63.79,3,F
2026-07-30 11:45:00,secondary-ewt,64.39,7,F
2026-07-30 11:45:00,secondary-flow,0.0,4,gpm
2026-07-30 11:45:00,secondary-lwt,63.33,8,F
2026-07-30 11:45:00,zone1-bedrooms-heat-call,0.0,3,Unitless
2026-07-30 11:45:00,zone5-living-rm-fancoil-heat-call,1.0,5,Unitless
2026-07-30 12:00:00,buffer-depth1,62.39,15,F
2026-07-30 12:00:00,buffer-depth2,62.32,15,F
2026-07-30 12:00:00,buffer-depth3,62.34,15,F
2026-07-30 12:00:00,hp-ewt,63.96,3,F
2026-07-30 12:00:00,hp-lwt,64.02,3,F
2026-07-30 12:00:00,secondary-ewt,63.81,3,F
2026-07-30 12:00:00,secondary-flow,0.0,3,gpm
2026-07-30 12:00:00,secondary-lwt,63.87,3,F
2026-07-30 12:00:00,zone1-bedrooms-heat-call,0.0,3,Unitless
2026-07-30 12:00:00,zone5-living-rm-fancoil-heat-call,0.0,3,Unitless
2026-07-30 12:15:00,buffer-depth1,62.42,15,F
2026-07-30 12:15:00,buffer-depth2,62.34,15,F
2026-07-30 12:15:00,buffer-depth3,62.36,15,F
2026-07-30 12:15:00,hp-ewt,64.17,4,F
2026-07-30 12:15:00,hp-lwt,64.24,4,F
2026-07-30 12:15:00,secondary-ewt,64.32,3,F
2026-07-30 12:15:00,secondary-flow,0.0,3,gpm
2026-07-30 12:15:00,secondary-lwt,63.76,3,F
2026-07-30 12:15:00,zone1-bedrooms-heat-call,0.0,3,Unitless
2026-07-30 12:15:00,zone5-living-rm-fancoil-heat-call,0.0,3,Unitless
2026-07-30 12:30:00,buffer-depth1,62.42,15,F
2026-07-30 12:30:00,buffer-depth2,62.36,16,F
2026-07-30 12:30:00,buffer-depth3,62.45,20,F
2026-07-30 12:30:00,hp-ewt,64.28,3,F
2026-07-30 12:30:00,hp-lwt,64.5,3,F
2026-07-30 12:30:00,secondary-ewt,64.72,3,F
2026-07-30 12:30:00,secondary-flow,0.0,3,gpm
2026-07-30 12:30:00,secondary-lwt,64.36,5,F
2026-07-30 12:30:00,zone1-bedrooms-heat-call,0.0,3,Unitless
2026-07-30 12:30:00,zone5-living-rm-fancoil-heat-call,0.0,4,Unitless
2026-07-30 12:45:00,buffer-depth1,62.49,15,F
2026-07-30 12:45:00,buffer-depth2,62.41,15,F
2026-07-30 12:45:00,buffer-depth3,62.45,15,F
2026-07-30 12:45:00,hp-ewt,64.34,3,F
2026-07-30 12:45:00,hp-lwt,64.8,3,F
2026-07-30 12:45:00,secondary-ewt,64.05,6,F
2026-07-30 12:45:00,secondary-flow,0.0,3,gpm
2026-07-30 12:45:00,secondary-lwt,64.79,4,F
2026-07-30 12:45:00,zone1-bedrooms-heat-call,0.0,3,Unitless
2026-07-30 12:45:00,zone5-living-rm-fancoil-heat-call,0.0,4,Unitless
2026-07-30 13:00:00,buffer-depth1,62.49,5,F
2026-07-30 13:00:00,buffer-depth2,62.42,5,F
2026-07-30 13:00:00,buffer-depth3,62.44,5,F
2026-07-30 13:00:00,hp-ewt,64.27,1,F
2026-07-30 13:00:00,hp-lwt,64.98,1,F
2026-07-30 13:00:00,secondary-ewt,63.77,1,F
2026-07-30 13:00:00,secondary-flow,0.0,1,gpm
2026-07-30 13:00:00,secondary-lwt,64.2,1,F
2026-07-30 13:00:00,zone1-bedrooms-heat-call,0.0,1,Unitless
2026-07-30 13:00:00,zone5-living-rm-fancoil-heat-call,0.0,1,Unitless
2026-07-30 13:15:00,buffer-depth1,60.09,8,F
2026-07-30 13:15:00,buffer-depth2,60.23,8,F
2026-07-30 13:15:00,buffer-depth3,60.53,8,F
2026-07-30 13:15:00,hp-ewt,61.45,6,F
2026-07-30 13:15:00,hp-lwt,59.7,7,F
2026-07-30 13:15:00,secondary-ewt,61.27,5,F
2026-07-30 13:15:00,secondary-flow,7.6,7,gpm
2026-07-30 13:15:00,secondary-lwt,60.35,5,F
2026-07-30 13:15:00,zone1-bedrooms-heat-call,0.0,2,Unitless
2026-07-30 13:15:00,zone5-living-rm-fancoil-heat-call,0.0,2,Unitless
2026-07-30 13:30:00,buffer-depth1,58.03,59,F
2026-07-30 13:30:00,buffer-depth2,58.86,44,F
2026-07-30 13:30:00,buffer-depth3,59.26,36,F
2026-07-30 13:30:00,hp-ewt,59.26,21,F
2026-07-30 13:30:00,hp-lwt,55.7,51,F
2026-07-30 13:30:00,secondary-ewt,60.14,9,F
2026-07-30 13:30:00,secondary-flow,7.7,5,gpm
2026-07-30 13:30:00,secondary-lwt,57.06,38,F
2026-07-30 13:30:00,zone1-bedrooms-heat-call,0.0,5,Unitless
2026-07-30 13:30:00,zone5-living-rm-fancoil-heat-call,0.0,3,Unitless
2026-07-30 13:45:00,buffer-depth1,54.07,62,F
2026-07-30 13:45:00,buffer-depth2,54.98,40,F
2026-07-30 13:45:00,buffer-depth3,55.81,39,F
2026-07-30 13:45:00,hp-ewt,55.66,28,F
2026-07-30 13:45:00,hp-lwt,50.93,62,F
2026-07-30 13:45:00,secondary-ewt,57.3,16,F
2026-07-30 13:45:00,secondary-flow,7.67,4,gpm
2026-07-30 13:45:00,secondary-lwt,52.21,44,F
2026-07-30 13:45:00,zone1-bedrooms-heat-call,0.0,3,Unitless
2026-07-30 13:45:00,zone5-living-rm-fancoil-heat-call,1.0,5,Unitless
2026-07-30 14:00:00,buffer-depth1,50.99,40,F
2026-07-30 14:00:00,buffer-depth2,51.83,42,F
2026-07-30 14:00:00,buffer-depth3,52.5,36,F
2026-07-30 14:00:00,hp-ewt,53.11,13,F
2026-07-30 14:00:00,hp-lwt,47.0,20,F
2026-07-30 14:00:00,secondary-ewt,52.39,3,F
2026-07-30 14:00:00,secondary-flow,7.83,2,gpm
2026-07-30 14:00:00,secondary-lwt,49.68,13,F
2026-07-30 14:00:00,zone1-bedrooms-heat-call,0.0,5,Unitless
2026-07-30 14:00:00,zone5-living-rm-fancoil-heat-call,0.0,3,Unitless
2026-07-30 14:15:00,buffer-depth1,49.76,22,F
2026-07-30 14:15:00,buffer-depth2,50.02,20,F
2026-07-30 14:15:00,buffer-depth3,50.55,22,F
2026-07-30 14:15:00,hp-ewt,52.63,8,F
2026-07-30 14:15:00,hp-lwt,47.19,26,F
2026-07-30 14:15:00,secondary-ewt,52.23,14,F
2026-07-30 14:15:00,secondary-flow,7.63,7,gpm
2026-07-30 14:15:00,secondary-lwt,49.86,17,F
2026-07-30 14:15:00,zone1-bedrooms-heat-call,0.0,3,Unitless
2026-07-30 14:15:00,zone5-living-rm-fancoil-heat-call,1.0,4,Unitless
2026-07-30 14:30:00,buffer-depth1,49.29,23,F
2026-07-30 14:30:00,buffer-depth2,49.34,20,F
2026-07-30 14:30:00,buffer-depth3,49.75,19,F
2026-07-30 14:30:00,hp-ewt,52.09,8,F
2026-07-30 14:30:00,hp-lwt,49.7,25,F
2026-07-30 14:30:00,secondary-ewt,51.0,6,F
2026-07-30 14:30:00,secondary-flow,7.49,5,gpm
2026-07-30 14:30:00,secondary-lwt,50.24,21,F
2026-07-30 14:30:00,zone1-bedrooms-heat-call,0.0,3,Unitless
2026-07-30 14:30:00,zone5-living-rm-fancoil-heat-call,0.0,4,Unitless
2026-07-30 14:45:00,buffer-depth1,48.86,41,F
2026-07-30 14:45:00,buffer-depth2,48.98,22,F
2026-07-30 14:45:00,buffer-depth3,49.28,20,F
2026-07-30 14:45:00,hp-ewt,51.22,30,F
2026-07-30 14:45:00,hp-lwt,48.17,67,F
2026-07-30 14:45:00,secondary-ewt,51.49,20,F
2026-07-30 14:45:00,secondary-flow,7.86,5,gpm
2026-07-30 14:45:00,secondary-lwt,48.45,32,F
2026-07-30 14:45:00,zone1-bedrooms-heat-call,0.0,3,Unitless
2026-07-30 14:45:00,zone5-living-rm-fancoil-heat-call,1.0,4,Unitless
2026-07-30 15:00:00,buffer-depth1,47.94,49,F
2026-07-30 15:00:00,buffer-depth2,48.36,31,F
2026-07-30 15:00:00,buffer-depth3,48.77,23,F
2026-07-30 15:00:00,hp-ewt,50.39,27,F
2026-07-30 15:00:00,hp-lwt,47.52,63,F
2026-07-30 15:00:00,secondary-ewt,49.65,4,F
2026-07-30 15:00:00,secondary-flow,7.42,2,gpm
2026-07-30 15:00:00,secondary-lwt,47.42,26,F
2026-07-30 15:00:00,zone1-bedrooms-heat-call,0.0,3,Unitless
2026-07-30 15:00:00,zone5-living-rm-fancoil-heat-call,0.0,4,Unitless
2026-07-30 15:15:00,buffer-depth1,47.71,32,F
2026-07-30 15:15:00,buffer-depth2,47.69,24,F
2026-07-30 15:15:00,buffer-depth3,48.06,16,F
2026-07-30 15:15:00,hp-ewt,51.13,22,F
2026-07-30 15:15:00,hp-lwt,48.57,52,F
2026-07-30 15:15:00,secondary-ewt,49.84,12,F
2026-07-30 15:15:00,secondary-flow,7.51,6,gpm
2026-07-30 15:15:00,secondary-lwt,48.6,46,F
2026-07-30 15:15:00,zone1-bedrooms-heat-call,0.0,3,Unitless
2026-07-30 15:15:00,zone5-living-rm-fancoil-heat-call,0.0,3,Unitless
2026-07-30 15:30:00,buffer-depth1,47.6,48,F
2026-07-30 15:30:00,buffer-depth2,47.67,26,F
2026-07-30 15:30:00,buffer-depth3,47.91,16,F
2026-07-30 15:30:00,hp-ewt,51.0,35,F
2026-07-30 15:30:00,hp-lwt,47.76,79,F
2026-07-30 15:30:00,secondary-ewt,50.16,24,F
2026-07-30 15:30:00,secondary-flow,7.83,6,gpm
2026-07-30 15:30:00,secondary-lwt,48.06,61,F
2026-07-30 15:30:00,zone1-bedrooms-heat-call,0.0,3,Unitless
2026-07-30 15:30:00,zone5-living-rm-fancoil-heat-call,1.0,5,Unitless
2026-07-30 15:45:00,buffer-depth1,47.34,43,F
2026-07-30 15:45:00,buffer-depth2,47.49,25,F
2026-07-30 15:45:00,buffer-depth3,47.85,17,F
2026-07-30 15:45:00,hp-ewt,50.92,32,F
2026-07-30 15:45:00,hp-lwt,47.67,74,F
2026-07-30 15:45:00,secondary-ewt,48.87,3,F
2026-07-30 15:45:00,secondary-flow,7.41,3,gpm
2026-07-30 15:45:00,secondary-lwt,47.74,56,F
2026-07-30 15:45:00,zone1-bedrooms-heat-call,0.0,3,Unitless
2026-07-30 15:45:00,zone5-living-rm-fancoil-heat-call,0.0,3,Unitless
2026-07-30 16:00:00,buffer-depth1,47.62,21,F
2026-07-30 16:00:00,buffer-depth2,47.48,18,F
2026-07-30 16:00:00,buffer-depth3,47.72,15,F
2026-07-30 16:00:00,hp-ewt,52.74,13,F
2026-07-30 16:00:00,hp-lwt,52.03,16,F
2026-07-30 16:00:00,secondary-ewt,49.77,14,F
2026-07-30 16:00:00,secondary-flow,7.52,5,gpm
2026-07-30 16:00:00,secondary-lwt,49.58,19,F
2026-07-30 16:00:00,zone1-bedrooms-heat-call,0.0,3,Unitless
2026-07-30 16:00:00,zone5-living-rm-fancoil-heat-call,0.0,3,Unitless
2026-07-30 16:15:00,buffer-depth1,48.17,17,F
2026-07-30 16:15:00,buffer-depth2,48.03,18,F
2026-07-30 16:15:00,buffer-depth3,48.05,19,F
2026-07-30 16:15:00,hp-ewt,55.73,6,F
2026-07-30 16:15:00,hp-lwt,55.03,5,F
2026-07-30 16:15:00,secondary-ewt,49.47,4,F
2026-07-30 16:15:00,secondary-flow,7.63,5,gpm
2026-07-30 16:15:00,secondary-lwt,49.58,4,F
2026-07-30 16:15:00,zone1-bedrooms-heat-call,0.0,3,Unitless
2026-07-30 16:15:00,zone5-living-rm-fancoil-heat-call,0.0,3,Unitless
2026-07-30 16:30:00,buffer-depth1,48.57,19,F
2026-07-30 16:30:00,buffer-depth2,48.4,19,F
2026-07-30 16:30:00,buffer-depth3,48.48,16,F
2026-07-30 16:30:00,hp-ewt,56.65,3,F
2026-07-30 16:30:00,hp-lwt,55.03,6,F
2026-07-30 16:30:00,secondary-ewt,50.53,18,F
2026-07-30 16:30:00,secondary-flow,7.58,6,gpm
2026-07-30 16:30:00,secondary-lwt,50.49,11,F
2026-07-30 16:30:00,zone1-bedrooms-heat-call,0.0,3,Unitless
2026-07-30 16:30:00,zone5-living-rm-fancoil-heat-call,0.0,5,Unitless
2026-07-30 16:45:00,buffer-depth1,48.96,17,F
2026-07-30 16:45:00,buffer-depth2,48.86,17,F
2026-07-30 16:45:00,buffer-depth3,48.91,19,F
2026-07-30 16:45:00,hp-ewt,57.06,3,F
2026-07-30 16:45:00,hp-lwt,53.95,3,F
2026-07-30 16:45:00,secondary-ewt,51.04,11,F
2026-07-30 16:45:00,secondary-flow,7.52,5,gpm
2026-07-30 16:45:00,secondary-lwt,50.81,11,F
2026-07-30 16:45:00,zone1-bedrooms-heat-call,0.0,3,Unitless
2026-07-30 16:45:00,zone5-living-rm-fancoil-heat-call,0.0,3,Unitless
2026-07-30 17:00:00,buffer-depth1,49.48,17,F
2026-07-30 17:00:00,buffer-depth2,49.35,18,F
2026-07-30 17:00:00,buffer-depth3,49.33,18,F
2026-07-30 17:00:00,hp-ewt,57.71,4,F
2026-07-30 17:00:00,hp-lwt,53.88,6,F
2026-07-30 17:00:00,secondary-ewt,50.71,4,F
2026-07-30 17:00:00,secondary-flow,7.63,5,gpm
2026-07-30 17:00:00,secondary-lwt,50.97,3,F
2026-07-30 17:00:00,zone1-bedrooms-heat-call,0.0,3,Unitless
2026-07-30 17:00:00,zone5-living-rm-fancoil-heat-call,0.0,3,Unitless
2026-07-30 17:15:00,buffer-depth1,49.75,20,F
2026-07-30 17:15:00,buffer-depth2,49.6,17,F
2026-07-30 17:15:00,buffer-depth3,49.76,17,F
2026-07-30 17:15:00,hp-ewt,58.67,5,F
2026-07-30 17:15:00,hp-lwt,55.02,6,F
2026-07-30 17:15:00,secondary-ewt,51.7,11,F
2026-07-30 17:15:00,secondary-flow,7.53,5,gpm
2026-07-30 17:15:00,secondary-lwt,51.57,9,F
2026-07-30 17:15:00,zone1-bedrooms-heat-call,0.0,3,Unitless
2026-07-30 17:15:00,zone5-living-rm-fancoil-heat-call,0.0,4,Unitless
2026-07-30 17:30:00,buffer-depth1,50.22,19,F
2026-07-30 17:30:00,buffer-depth2,50.09,20,F
2026-07-30 17:30:00,buffer-depth3,50.12,20,F
2026-07-30 17:30:00,hp-ewt,59.22,6,F
2026-07-30 17:30:00,hp-lwt,56.05,6,F
2026-07-30 17:30:00,secondary-ewt,51.76,1,F
2026-07-30 17:30:00,secondary-flow,7.82,1,gpm
2026-07-30 17:30:00,secondary-lwt,51.85,1,F
2026-07-30 17:30:00,zone1-bedrooms-heat-call,0.0,3,Unitless
2026-07-30 17:30:00,zone5-living-rm-fancoil-heat-call,0.0,4,Unitless
2026-07-30 17:45:00,buffer-depth1,50.5,21,F
2026-07-30 17:45:00,buffer-depth2,50.35,19,F
2026-07-30 17:45:00,buffer-depth3,50.47,17,F
2026-07-30 17:45:00,hp-ewt,59.48,4,F
2026-07-30 17:45:00,hp-lwt,56.96,6,F
2026-07-30 17:45:00,zone1-bedrooms-heat-call,0.0,3,Unitless
2026-07-30 17:45:00,zone5-living-rm-fancoil-heat-call,0.0,3,Unitless
2026-07-30 18:00:00,buffer-depth1,50.86,16,F
2026-07-30 18:00:00,buffer-depth2,50.76,16,F
2026-07-30 18:00:00,buffer-depth3,50.8,17,F
2026-07-30 18:00:00,hp-ewt,59.7,4,F
2026-07-30 18:00:00,hp-lwt,57.77,4,F
2026-07-30 18:00:00,zone1-bedrooms-heat-call,0.0,3,Unitless
2026-07-30 18:00:00,zone5-living-rm-fancoil-heat-call,0.0,3,Unitless
2026-07-30 18:15:00,buffer-depth1,51.04,20,F
2026-07-30 18:15:00,buffer-depth2,50.92,17,F
2026-07-30 18:15:00,buffer-depth3,51.1,17,F
2026-07-30 18:15:00,hp-ewt,59.84,3,F
2026-07-30 18:15:00,hp-lwt,58.48,3,F
2026-07-30 18:15:00,zone1-bedrooms-heat-call,0.0,3,Unitless
2026-07-30 18:15:00,zone5-living-rm-fancoil-heat-call,0.0,4,Unitless
2026-07-30 18:30:00,buffer-depth1,51.49,18,F
2026-07-30 18:30:00,buffer-depth2,51.35,17,F
2026-07-30 18:30:00,buffer-depth3,51.36,17,F
2026-07-30 18:30:00,hp-ewt,59.9,3,F
2026-07-30 18:30:00,hp-lwt,58.93,3,F
2026-07-30 18:30:00,secondary-ewt,52.62,4,F
2026-07-30 18:30:00,secondary-flow,7.55,3,gpm
2026-07-30 18:30:00,secondary-lwt,52.71,3,F
2026-07-30 18:30:00,zone1-bedrooms-heat-call,0.0,3,Unitless
2026-07-30 18:30:00,zone5-living-rm-fancoil-heat-call,1.0,4,Unitless
2026-07-30 18:45:00,buffer-depth1,51.62,16,F
2026-07-30 18:45:00,buffer-depth2,51.54,16,F
2026-07-30 18:45:00,buffer-depth3,51.69,17,F
2026-07-30 18:45:00,hp-ewt,59.95,3,F
2026-07-30 18:45:00,hp-lwt,59.22,3,F
2026-07-30 18:45:00,secondary-ewt,52.58,3,F
2026-07-30 18:45:00,secondary-flow,7.41,3,gpm
2026-07-30 18:45:00,secondary-lwt,52.64,3,F
2026-07-30 18:45:00,zone1-bedrooms-heat-call,0.0,3,Unitless
2026-07-30 18:45:00,zone5-living-rm-fancoil-heat-call,0.0,3,Unitless
2026-07-30 19:00:00,buffer-depth1,52.18,23,F
2026-07-30 19:00:00,buffer-depth2,51.99,21,F
2026-07-30 19:00:00,buffer-depth3,51.87,16,F
2026-07-30 19:00:00,hp-ewt,60.05,3,F
2026-07-30 19:00:00,hp-lwt,59.42,3,F
2026-07-30 19:00:00,secondary-ewt,53.56,9,F
2026-07-30 19:00:00,secondary-flow,7.66,4,gpm
2026-07-30 19:00:00,secondary-lwt,53.44,7,F
2026-07-30 19:00:00,zone1-bedrooms-heat-call,0.0,3,Unitless
2026-07-30 19:00:00,zone5-living-rm-fancoil-heat-call,1.0,5,Unitless
2026-07-30 19:15:00,buffer-depth1,52.46,20,F
2026-07-30 19:15:00,buffer-depth2,52.4,18,F
2026-07-30 19:15:00,buffer-depth3,52.37,20,F
2026-07-30 19:15:00,hp-ewt,60.14,5,F
2026-07-30 19:15:00,hp-lwt,59.44,5,F
2026-07-30 19:15:00,secondary-ewt,53.39,2,F
2026-07-30 19:15:00,secondary-flow,7.42,2,gpm
2026-07-30 19:15:00,secondary-lwt,53.37,2,F
2026-07-30 19:15:00,zone1-bedrooms-heat-call,0.0,3,Unitless
2026-07-30 19:15:00,zone5-living-rm-fancoil-heat-call,0.0,3,Unitless
2026-07-30 19:30:00,buffer-depth1,52.87,18,F
2026-07-30 19:30:00,buffer-depth2,52.66,19,F
2026-07-30 19:30:00,buffer-depth3,52.68,16,F
2026-07-30 19:30:00,hp-ewt,60.28,4,F
2026-07-30 19:30:00,hp-lwt,59.44,4,F
2026-07-30 19:30:00,secondary-ewt,54.19,4,F
2026-07-30 19:30:00,secondary-flow,7.59,3,gpm
2026-07-30 19:30:00,secondary-lwt,53.51,1,F
2026-07-30 19:30:00,zone1-bedrooms-heat-call,0.0,3,Unitless
2026-07-30 19:30:00,zone5-living-rm-fancoil-heat-call,1.0,5,Unitless
2026-07-30 19:45:00,buffer-depth1,53.11,18,F
2026-07-30 19:45:00,buffer-depth2,53.04,18,F
2026-07-30 19:45:00,buffer-depth3,53.07,19,F
2026-07-30 19:45:00,hp-ewt,60.4,5,F
2026-07-30 19:45:00,hp-lwt,59.35,5,F
2026-07-30 19:45:00,secondary-ewt,54.0,3,F
2026-07-30 19:45:00,secondary-flow,7.44,3,gpm
2026-07-30 19:45:00,secondary-lwt,54.01,3,F
2026-07-30 19:45:00,zone1-bedrooms-heat-call,0.0,3,Unitless
2026-07-30 19:45:00,zone5-living-rm-fancoil-heat-call,0.0,3,Unitless
2026-07-30 20:00:00,buffer-depth1,52.34,61,F
2026-07-30 20:00:00,buffer-depth2,52.46,33,F
2026-07-30 20:00:00,buffer-depth3,52.88,21,F
2026-07-30 20:00:00,hp-ewt,55.11,49,F
2026-07-30 20:00:00,hp-lwt,51.51,116,F
2026-07-30 20:00:00,secondary-ewt,54.05,25,F
2026-07-30 20:00:00,secondary-flow,7.78,8,gpm
2026-07-30 20:00:00,secondary-lwt,52.24,96,F
2026-07-30 20:00:00,zone1-bedrooms-heat-call,0.0,5,Unitless
2026-07-30 20:00:00,zone5-living-rm-fancoil-heat-call,1.0,5,Unitless
2026-07-30 20:15:00,buffer-depth1,50.63,50,F
2026-07-30 20:15:00,buffer-depth2,50.98,38,F
2026-07-30 20:15:00,buffer-depth3,51.56,26,F
2026-07-30 20:15:00,hp-ewt,52.84,29,F
2026-07-30 20:15:00,hp-lwt,49.26,80,F
2026-07-30 20:15:00,secondary-ewt,52.43,10,F
2026-07-30 20:15:00,secondary-flow,7.46,5,gpm
2026-07-30 20:15:00,secondary-lwt,50.0,54,F
2026-07-30 20:15:00,zone1-bedrooms-heat-call,0.0,3,Unitless
2026-07-30 20:15:00,zone5-living-rm-fancoil-heat-call,0.0,3,Unitless
2026-07-30 20:30:00,buffer-depth1,49.6,42,F
2026-07-30 20:30:00,buffer-depth2,49.7,27,F
2026-07-30 20:30:00,buffer-depth3,50.26,20,F
2026-07-30 20:30:00,hp-ewt,52.32,16,F
2026-07-30 20:30:00,hp-lwt,48.9,40,F
2026-07-30 20:30:00,secondary-ewt,51.91,21,F
2026-07-30 20:30:00,secondary-flow,7.7,5,gpm
2026-07-30 20:30:00,secondary-lwt,50.13,57,F
2026-07-30 20:30:00,zone1-bedrooms-heat-call,0.0,3,Unitless
2026-07-30 20:30:00,zone5-living-rm-fancoil-heat-call,1.0,7,Unitless
2026-07-30 20:45:00,buffer-depth1,48.23,44,F
2026-07-30 20:45:00,buffer-depth2,48.61,35,F
2026-07-30 20:45:00,buffer-depth3,49.13,26,F
2026-07-30 20:45:00,hp-ewt,51.48,15,F
2026-07-30 20:45:00,hp-lwt,47.48,35,F
2026-07-30 20:45:00,secondary-ewt,50.28,4,F
2026-07-30 20:45:00,secondary-flow,7.41,2,gpm
2026-07-30 20:45:00,secondary-lwt,48.66,19,F
2026-07-30 20:45:00,zone1-bedrooms-heat-call,0.0,3,Unitless
2026-07-30 20:45:00,zone5-living-rm-fancoil-heat-call,0.0,4,Unitless
2026-07-30 21:00:00,buffer-depth1,47.75,43,F
2026-07-30 21:00:00,buffer-depth2,47.91,27,F
2026-07-30 21:00:00,buffer-depth3,48.25,22,F
2026-07-30 21:00:00,hp-ewt,51.49,29,F
2026-07-30 21:00:00,hp-lwt,48.55,53,F
2026-07-30 21:00:00,secondary-ewt,49.95,4,F
2026-07-30 21:00:00,secondary-flow,7.83,1,gpm
2026-07-30 21:00:00,secondary-lwt,46.84,9,F
2026-07-30 21:00:00,zone1-bedrooms-heat-call,0.0,3,Unitless
2026-07-30 21:00:00,zone5-living-rm-fancoil-heat-call,1.0,6,Unitless
2026-07-30 21:15:00,buffer-depth1,47.59,35,F
2026-07-30 21:15:00,buffer-depth2,47.65,24,F
2026-07-30 21:15:00,buffer-depth3,47.97,17,F
2026-07-30 21:15:00,hp-ewt,51.14,31,F
2026-07-30 21:15:00,hp-lwt,47.98,66,F
2026-07-30 21:15:00,secondary-ewt,48.88,4,F
2026-07-30 21:15:00,secondary-flow,7.41,4,gpm
2026-07-30 21:15:00,secondary-lwt,48.06,22,F
2026-07-30 21:15:00,zone1-bedrooms-heat-call,0.0,3,Unitless
2026-07-30 21:15:00,zone5-living-rm-fancoil-heat-call,0.0,3,Unitless
2026-07-30 21:30:00,buffer-depth1,47.59,40,F
2026-07-30 21:30:00,buffer-depth2,47.6,29,F
2026-07-30 21:30:00,buffer-depth3,47.82,17,F
2026-07-30 21:30:00,hp-ewt,51.35,30,F
2026-07-30 21:30:00,hp-lwt,48.01,69,F
2026-07-30 21:30:00,secondary-ewt,50.06,17,F
2026-07-30 21:30:00,secondary-flow,7.67,7,gpm
2026-07-30 21:30:00,secondary-lwt,48.27,50,F
2026-07-30 21:30:00,zone1-bedrooms-heat-call,0.0,3,Unitless
2026-07-30 21:30:00,zone5-living-rm-fancoil-heat-call,1.0,5,Unitless
2026-07-30 21:45:00,buffer-depth1,47.48,40,F
2026-07-30 21:45:00,buffer-depth2,47.63,26,F
2026-07-30 21:45:00,buffer-depth3,47.92,16,F
2026-07-30 21:45:00,hp-ewt,51.22,28,F
2026-07-30 21:45:00,hp-lwt,47.91,74,F
2026-07-30 21:45:00,secondary-ewt,49.01,1,F
2026-07-30 21:45:00,secondary-flow,7.41,1,gpm
2026-07-30 21:45:00,secondary-lwt,47.65,23,F
2026-07-30 21:45:00,zone1-bedrooms-heat-call,0.0,3,Unitless
2026-07-30 21:45:00,zone5-living-rm-fancoil-heat-call,0.0,3,Unitless
2026-07-30 22:00:00,buffer-depth1,47.64,44,F
2026-07-30 22:00:00,buffer-depth2,47.62,27,F
2026-07-30 22:00:00,buffer-depth3,47.89,16,F
2026-07-30 22:00:00,hp-ewt,51.14,25,F
2026-07-30 22:00:00,hp-lwt,48.05,52,F
2026-07-30 22:00:00,secondary-ewt,50.64,29,F
2026-07-30 22:00:00,secondary-flow,7.73,9,gpm
2026-07-30 22:00:00,secondary-lwt,49.06,62,F
2026-07-30 22:00:00,zone1-bedrooms-heat-call,0.0,3,Unitless
2026-07-30 22:00:00,zone5-living-rm-fancoil-heat-call,1.0,5,Unitless
2026-07-30 22:15:00,buffer-depth1,47.48,35,F
2026-07-30 22:15:00,buffer-depth2,47.55,21,F
2026-07-30 22:15:00,buffer-depth3,47.86,17,F
2026-07-30 22:15:00,hp-ewt,51.41,25,F
2026-07-30 22:15:00,hp-lwt,48.36,49,F
2026-07-30 22:15:00,secondary-ewt,48.92,1,F
2026-07-30 22:15:00,secondary-flow,7.41,1,gpm
2026-07-30 22:15:00,secondary-lwt,49.19,2,F
2026-07-30 22:15:00,zone1-bedrooms-heat-call,0.0,3,Unitless
2026-07-30 22:15:00,zone5-living-rm-fancoil-heat-call,0.0,3,Unitless
2026-07-30 22:30:00,buffer-depth1,47.4,51,F
2026-07-30 22:30:00,buffer-depth2,47.5,29,F
2026-07-30 22:30:00,buffer-depth3,47.76,17,F
2026-07-30 22:30:00,hp-ewt,50.9,34,F
2026-07-30 22:30:00,hp-lwt,47.96,91,F
2026-07-30 22:30:00,secondary-ewt,49.67,18,F
2026-07-30 22:30:00,secondary-flow,7.57,6,gpm
2026-07-30 22:30:00,secondary-lwt,48.18,71,F
2026-07-30 22:30:00,zone1-bedrooms-heat-call,0.0,3,Unitless
2026-07-30 22:30:00,zone5-living-rm-fancoil-heat-call,0.0,5,Unitless
2026-07-30 22:45:00,buffer-depth1,47.5,32,F
2026-07-30 22:45:00,buffer-depth2,47.52,21,F
2026-07-30 22:45:00,buffer-depth3,47.8,16,F
2026-07-30 22:45:00,hp-ewt,51.38,24,F
2026-07-30 22:45:00,hp-lwt,48.56,47,F
2026-07-30 22:45:00,secondary-ewt,48.87,1,F
2026-07-30 22:45:00,secondary-flow,7.41,1,gpm
2026-07-30 22:45:00,secondary-lwt,48.94,1,F
2026-07-30 22:45:00,zone1-bedrooms-heat-call,0.0,3,Unitless
2026-07-30 22:45:00,zone5-living-rm-fancoil-heat-call,0.0,3,Unitless
2026-07-30 23:00:00,buffer-depth1,47.35,47,F
2026-07-30 23:00:00,buffer-depth2,47.44,23,F
2026-07-30 23:00:00,buffer-depth3,47.77,17,F
2026-07-30 23:00:00,hp-ewt,51.11,34,F
2026-07-30 23:00:00,hp-lwt,48.21,86,F
2026-07-30 23:00:00,secondary-ewt,49.79,17,F
2026-07-30 23:00:00,secondary-flow,7.51,5,gpm
2026-07-30 23:00:00,secondary-lwt,47.98,65,F
2026-07-30 23:00:00,zone1-bedrooms-heat-call,0.0,3,Unitless
2026-07-30 23:00:00,zone5-living-rm-fancoil-heat-call,0.0,4,Unitless
2026-07-30 23:15:00,buffer-depth1,47.61,34,F
2026-07-30 23:15:00,buffer-depth2,47.62,25,F
2026-07-30 23:15:00,buffer-depth3,47.77,17,F
2026-07-30 23:15:00,hp-ewt,51.47,23,F
2026-07-30 23:15:00,hp-lwt,48.51,48,F
2026-07-30 23:15:00,secondary-ewt,50.01,15,F
2026-07-30 23:15:00,secondary-flow,7.57,6,gpm
2026-07-30 23:15:00,secondary-lwt,48.75,50,F
2026-07-30 23:15:00,zone1-bedrooms-heat-call,0.0,3,Unitless
2026-07-30 23:15:00,zone5-living-rm-fancoil-heat-call,0.0,4,Unitless
2026-07-30 23:30:00,buffer-depth1,47.6,43,F
2026-07-30 23:30:00,buffer-depth2,47.71,24,F
2026-07-30 23:30:00,buffer-depth3,47.94,17,F
2026-07-30 23:30:00,hp-ewt,51.2,33,F
2026-07-30 23:30:00,hp-lwt,48.14,83,F
2026-07-30 23:30:00,secondary-ewt,49.4,9,F
2026-07-30 23:30:00,secondary-flow,7.61,4,gpm
2026-07-30 23:30:00,secondary-lwt,48.17,66,F
2026-07-30 23:30:00,zone1-bedrooms-heat-call,0.0,3,Unitless
2026-07-30 23:30:00,zone5-living-rm-fancoil-heat-call,0.0,3,Unitless
2026-07-30 23:45:00,buffer-depth1,47.83,31,F
2026-07-30 23:45:00,buffer-depth2,47.85,19,F
2026-07-30 23:45:00,buffer-depth3,47.99,16,F
2026-07-30 23:45:00,hp-ewt,51.53,23,F
2026-07-30 23:45:00,hp-lwt,48.89,52,F
2026-07-30 23:45:00,secondary-ewt,50.35,12,F
2026-07-30 23:45:00,secondary-flow,7.57,3,gpm
2026-07-30 23:45:00,secondary-lwt,50.3,16,F
2026-07-30 23:45:00,zone1-bedrooms-heat-call,0.0,3,Unitless
2026-07-30 23:45:00,zone5-living-rm-fancoil-heat-call,0.0,5,Unitless
2026-07-31 00:00:00,buffer-depth1,48.33,19,F
2026-07-31 00:00:00,buffer-depth2,48.2,20,F
2026-07-31 00:00:00,buffer-depth3,48.28,19,F
2026-07-31 00:00:00,hp-ewt,52.38,15,F
2026-07-31 00:00:00,hp-lwt,51.3,20,F
2026-07-31 00:00:00,secondary-ewt,49.38,3,F
2026-07-31 00:00:00,secondary-flow,7.4,3,gpm
2026-07-31 00:00:00,secondary-lwt,49.71,7,F
2026-07-31 00:00:00,zone1-bedrooms-heat-call,0.0,3,Unitless
2026-07-31 00:00:00,zone5-living-rm-fancoil-heat-call,0.0,3,Unitless
2026-07-31 00:15:00,buffer-depth1,48.78,21,F
2026-07-31 00:15:00,buffer-depth2,48.61,19,F
2026-07-31 00:15:00,buffer-depth3,48.65,18,F
2026-07-31 00:15:00,hp-ewt,52.9,16,F
2026-07-31 00:15:00,hp-lwt,51.86,15,F
2026-07-31 00:15:00,secondary-ewt,49.65,2,F
2026-07-31 00:15:00,secondary-flow,7.4,2,gpm
2026-07-31 00:15:00,secondary-lwt,49.86,2,F
2026-07-31 00:15:00,zone1-bedrooms-heat-call,0.0,3,Unitless
2026-07-31 00:15:00,zone5-living-rm-fancoil-heat-call,0.0,5,Unitless
2026-07-31 00:30:00,buffer-depth1,49.25,17,F
2026-07-31 00:30:00,buffer-depth2,49.14,17,F
2026-07-31 00:30:00,buffer-depth3,49.16,17,F
2026-07-31 00:30:00,hp-ewt,53.04,16,F
2026-07-31 00:30:00,hp-lwt,52.02,16,F
2026-07-31 00:30:00,secondary-ewt,50.33,2,F
2026-07-31 00:30:00,secondary-flow,7.4,2,gpm
2026-07-31 00:30:00,secondary-lwt,50.45,3,F
2026-07-31 00:30:00,zone1-bedrooms-heat-call,0.0,3,Unitless
2026-07-31 00:30:00,zone5-living-rm-fancoil-heat-call,0.0,3,Unitless
2026-07-31 00:45:00,buffer-depth1,48.57,33,F
2026-07-31 00:45:00,buffer-depth2,48.88,22,F
2026-07-31 00:45:00,buffer-depth3,49.26,19,F
2026-07-31 00:45:00,hp-ewt,51.81,23,F
2026-07-31 00:45:00,hp-lwt,48.83,49,F
2026-07-31 00:45:00,secondary-ewt,50.31,4,F
2026-07-31 00:45:00,secondary-flow,7.41,3,gpm
2026-07-31 00:45:00,secondary-lwt,48.46,32,F
2026-07-31 00:45:00,zone1-bedrooms-heat-call,0.0,3,Unitless
2026-07-31 00:45:00,zone5-living-rm-fancoil-heat-call,0.0,3,Unitless
2026-07-31 01:00:00,buffer-depth1,48.04,33,F
2026-07-31 01:00:00,buffer-depth2,48.17,25,F
2026-07-31 01:00:00,buffer-depth3,48.57,19,F
2026-07-31 01:00:00,hp-ewt,51.45,20,F
2026-07-31 01:00:00,hp-lwt,48.19,50,F
2026-07-31 01:00:00,secondary-ewt,50.72,18,F
2026-07-31 01:00:00,secondary-flow,7.59,7,gpm
2026-07-31 01:00:00,secondary-lwt,48.66,42,F
2026-07-31 01:00:00,zone1-bedrooms-heat-call,0.0,3,Unitless
2026-07-31 01:00:00,zone5-living-rm-fancoil-heat-call,0.0,5,Unitless
2026-07-31 01:15:00,buffer-depth1,47.62,47,F
2026-07-31 01:15:00,buffer-depth2,47.82,26,F
2026-07-31 01:15:00,buffer-depth3,48.19,19,F
2026-07-31 01:15:00,hp-ewt,51.14,37,F
2026-07-31 01:15:00,hp-lwt,48.14,83,F
2026-07-31 01:15:00,secondary-ewt,49.18,5,F
2026-07-31 01:15:00,secondary-flow,7.4,5,gpm
2026-07-31 01:15:00,secondary-lwt,48.1,68,F
2026-07-31 01:15:00,zone1-bedrooms-heat-call,0.0,3,Unitless
2026-07-31 01:15:00,zone5-living-rm-fancoil-heat-call,0.0,3,Unitless
2026-07-31 01:30:00,buffer-depth1,47.74,33,F
2026-07-31 01:30:00,buffer-depth2,47.71,22,F
2026-07-31 01:30:00,buffer-depth3,48.03,15,F
2026-07-31 01:30:00,hp-ewt,51.42,23,F
2026-07-31 01:30:00,hp-lwt,48.63,43,F
2026-07-31 01:30:00,secondary-ewt,50.19,13,F
2026-07-31 01:30:00,secondary-flow,7.58,5,gpm
2026-07-31 01:30:00,secondary-lwt,48.53,44,F
2026-07-31 01:30:00,zone1-bedrooms-heat-call,0.0,3,Unitless
2026-07-31 01:30:00,zone5-living-rm-fancoil-heat-call,0.0,4,Unitless
2026-07-31 01:45:00,buffer-depth1,47.78,42,F
2026-07-31 01:45:00,buffer-depth2,47.8,26,F
2026-07-31 01:45:00,buffer-depth3,48.05,15,F
2026-07-31 01:45:00,hp-ewt,51.19,32,F
2026-07-31 01:45:00,hp-lwt,47.92,76,F
2026-07-31 01:45:00,secondary-ewt,49.29,6,F
2026-07-31 01:45:00,secondary-flow,7.55,4,gpm
2026-07-31 01:45:00,secondary-lwt,47.97,59,F
2026-07-31 01:45:00,zone1-bedrooms-heat-call,0.0,3,Unitless
2026-07-31 01:45:00,zone5-living-rm-fancoil-heat-call,1.0,4,Unitless
2026-07-31 02:00:00,buffer-depth1,47.63,38,F
2026-07-31 02:00:00,buffer-depth2,47.69,23,F
2026-07-31 02:00:00,buffer-depth3,48.0,16,F
2026-07-31 02:00:00,hp-ewt,51.41,25,F
2026-07-31 02:00:00,hp-lwt,48.52,48,F
2026-07-31 02:00:00,secondary-ewt,49.08,3,F
2026-07-31 02:00:00,secondary-flow,7.4,3,gpm
2026-07-31 02:00:00,secondary-lwt,48.4,39,F
2026-07-31 02:00:00,zone1-bedrooms-heat-call,0.0,3,Unitless
2026-07-31 02:00:00,zone5-living-rm-fancoil-heat-call,0.0,3,Unitless
2026-07-31 02:15:00,buffer-depth1,47.59,38,F
2026-07-31 02:15:00,buffer-depth2,47.65,20,F
2026-07-31 02:15:00,buffer-depth3,47.95,15,F
2026-07-31 02:15:00,hp-ewt,51.29,32,F
2026-07-31 02:15:00,hp-lwt,48.39,74,F
2026-07-31 02:15:00,secondary-ewt,49.12,6,F
2026-07-31 02:15:00,secondary-flow,7.49,6,gpm
2026-07-31 02:15:00,secondary-lwt,47.97,59,F
2026-07-31 02:15:00,zone1-bedrooms-heat-call,0.0,3,Unitless
2026-07-31 02:15:00,zone5-living-rm-fancoil-heat-call,0.0,4,Unitless
2026-07-31 02:30:00,buffer-depth1,47.83,36,F
2026-07-31 02:30:00,buffer-depth2,47.8,26,F
2026-07-31 02:30:00,buffer-depth3,48.0,16,F
2026-07-31 02:30:00,hp-ewt,51.42,29,F
2026-07-31 02:30:00,hp-lwt,48.8,55,F
2026-07-31 02:30:00,secondary-ewt,50.24,14,F
2026-07-31 02:30:00,secondary-flow,7.61,4,gpm
2026-07-31 02:30:00,secondary-lwt,48.49,47,F
2026-07-31 02:30:00,zone1-bedrooms-heat-call,0.0,3,Unitless
2026-07-31 02:30:00,zone5-living-rm-fancoil-heat-call,1.0,4,Unitless
2026-07-31 02:45:00,buffer-depth1,47.54,40,F
2026-07-31 02:45:00,buffer-depth2,47.75,23,F
2026-07-31 02:45:00,buffer-depth3,48.14,17,F
2026-07-31 02:45:00,hp-ewt,50.99,35,F
2026-07-31 02:45:00,hp-lwt,47.99,80,F
2026-07-31 02:45:00,secondary-ewt,49.15,2,F
2026-07-31 02:45:00,secondary-flow,7.41,2,gpm
2026-07-31 02:45:00,secondary-lwt,47.98,33,F
2026-07-31 02:45:00,zone1-bedrooms-heat-call,0.0,3,Unitless
2026-07-31 02:45:00,zone5-living-rm-fancoil-heat-call,0.0,3,Unitless
2026-07-31 03:00:00,buffer-depth1,47.58,30,F
2026-07-31 03:00:00,buffer-depth2,47.64,22,F
2026-07-31 03:00:00,buffer-depth3,47.95,17,F
2026-07-31 03:00:00,hp-ewt,51.27,21,F
2026-07-31 03:00:00,hp-lwt,48.52,43,F
2026-07-31 03:00:00,secondary-ewt,50.25,12,F
2026-07-31 03:00:00,secondary-flow,7.54,4,gpm
2026-07-31 03:00:00,secondary-lwt,48.26,33,F
2026-07-31 03:00:00,zone1-bedrooms-heat-call,0.0,3,Unitless
2026-07-31 03:00:00,zone5-living-rm-fancoil-heat-call,0.0,4,Unitless
2026-07-31 03:15:00,buffer-depth1,47.7,42,F
2026-07-31 03:15:00,buffer-depth2,47.82,27,F
2026-07-31 03:15:00,buffer-depth3,48.0,16,F
2026-07-31 03:15:00,hp-ewt,50.86,31,F
2026-07-31 03:15:00,hp-lwt,47.92,77,F
2026-07-31 03:15:00,secondary-ewt,49.4,5,F
2026-07-31 03:15:00,secondary-flow,7.49,4,gpm
2026-07-31 03:15:00,secondary-lwt,47.89,60,F
2026-07-31 03:15:00,zone1-bedrooms-heat-call,0.0,3,Unitless
2026-07-31 03:15:00,zone5-living-rm-fancoil-heat-call,0.0,4,Unitless
2026-07-31 03:30:00,buffer-depth1,47.55,34,F
2026-07-31 03:30:00,buffer-depth2,47.62,20,F
2026-07-31 03:30:00,buffer-depth3,47.97,16,F
2026-07-31 03:30:00,hp-ewt,51.24,23,F
2026-07-31 03:30:00,hp-lwt,48.48,49,F
2026-07-31 03:30:00,secondary-ewt,48.79,1,F
2026-07-31 03:30:00,secondary-flow,7.4,1,gpm
2026-07-31 03:30:00,secondary-lwt,48.88,1,F
2026-07-31 03:30:00,zone1-bedrooms-heat-call,0.0,3,Unitless
2026-07-31 03:30:00,zone5-living-rm-fancoil-heat-call,0.0,3,Unitless
2026-07-31 03:45:00,buffer-depth1,47.42,47,F
2026-07-31 03:45:00,buffer-depth2,47.54,25,F
2026-07-31 03:45:00,buffer-depth3,47.88,16,F
2026-07-31 03:45:00,hp-ewt,50.9,31,F
2026-07-31 03:45:00,hp-lwt,48.11,82,F
2026-07-31 03:45:00,secondary-ewt,48.86,3,F
2026-07-31 03:45:00,secondary-flow,7.4,3,gpm
2026-07-31 03:45:00,secondary-lwt,47.86,63,F
2026-07-31 03:45:00,zone1-bedrooms-heat-call,0.0,3,Unitless
2026-07-31 03:45:00,zone5-living-rm-fancoil-heat-call,0.0,3,Unitless
2026-07-31 04:00:00,buffer-depth1,47.58,38,F
2026-07-31 04:00:00,buffer-depth2,47.5,25,F
2026-07-31 04:00:00,buffer-depth3,47.81,18,F
2026-07-31 04:00:00,hp-ewt,52.41,3,F
2026-07-31 04:00:00,hp-lwt,51.85,3,F
2026-07-31 04:00:00,secondary-ewt,48.75,2,F
2026-07-31 04:00:00,secondary-flow,7.4,2,gpm
2026-07-31 04:00:00,secondary-lwt,49.25,2,F
2026-07-31 04:00:00,zone1-bedrooms-heat-call,0.0,3,Unitless
2026-07-31 04:00:00,zone5-living-rm-fancoil-heat-call,0.0,5,Unitless
2026-07-31 04:15:00,buffer-depth1,47.38,41,F
2026-07-31 04:15:00,buffer-depth2,47.47,22,F
2026-07-31 04:15:00,buffer-depth3,47.79,15,F
2026-07-31 04:15:00,hp-ewt,51.09,31,F
2026-07-31 04:15:00,hp-lwt,48.09,78,F
2026-07-31 04:15:00,secondary-ewt,48.73,3,F
2026-07-31 04:15:00,secondary-flow,7.4,3,gpm
2026-07-31 04:15:00,secondary-lwt,47.78,62,F
2026-07-31 04:15:00,zone1-bedrooms-heat-call,0.0,3,Unitless
2026-07-31 04:15:00,zone5-living-rm-fancoil-heat-call,0.0,3,Unitless
2026-07-31 04:30:00,buffer-depth1,47.25,35,F
2026-07-31 04:30:00,buffer-depth2,47.33,23,F
2026-07-31 04:30:00,buffer-depth3,47.7,17,F
2026-07-31 04:30:00,hp-ewt,50.95,25,F
2026-07-31 04:30:00,hp-lwt,47.83,49,F
2026-07-31 04:30:00,secondary-ewt,48.66,4,F
2026-07-31 04:30:00,secondary-flow,7.4,3,gpm
2026-07-31 04:30:00,secondary-lwt,47.78,41,F
2026-07-31 04:30:00,zone1-bedrooms-heat-call,0.0,3,Unitless
2026-07-31 04:30:00,zone5-living-rm-fancoil-heat-call,0.0,3,Unitless
2026-07-31 04:45:00,buffer-depth1,47.37,37,F
2026-07-31 04:45:00,buffer-depth2,47.32,21,F
2026-07-31 04:45:00,buffer-depth3,47.64,15,F
2026-07-31 04:45:00,hp-ewt,51.11,26,F
2026-07-31 04:45:00,hp-lwt,48.39,60,F
2026-07-31 04:45:00,secondary-ewt,49.75,15,F
2026-07-31 04:45:00,secondary-flow,7.51,5,gpm
2026-07-31 04:45:00,secondary-lwt,48.31,54,F
2026-07-31 04:45:00,zone1-bedrooms-heat-call,0.0,3,Unitless
2026-07-31 04:45:00,zone5-living-rm-fancoil-heat-call,0.0,4,Unitless
2026-07-31 05:00:00,buffer-depth1,47.28,40,F
2026-07-31 05:00:00,buffer-depth2,47.35,25,F
2026-07-31 05:00:00,buffer-depth3,47.66,15,F
2026-07-31 05:00:00,hp-ewt,51.02,34,F
2026-07-31 05:00:00,hp-lwt,47.74,69,F
2026-07-31 05:00:00,secondary-ewt,49.35,6,F
2026-07-31 05:00:00,secondary-flow,7.6,3,gpm
2026-07-31 05:00:00,secondary-lwt,47.34,21,F
2026-07-31 05:00:00,zone1-bedrooms-heat-call,0.0,3,Unitless
2026-07-31 05:00:00,zone5-living-rm-fancoil-heat-call,0.0,4,Unitless
2026-07-31 05:15:00,buffer-depth1,47.33,37,F
2026-07-31 05:15:00,buffer-depth2,47.35,21,F
2026-07-31 05:15:00,buffer-depth3,47.65,17,F
2026-07-31 05:15:00,hp-ewt,51.01,19,F
2026-07-31 05:15:00,hp-lwt,48.37,47,F
2026-07-31 05:15:00,secondary-ewt,48.63,3,F
2026-07-31 05:15:00,secondary-flow,7.4,3,gpm
2026-07-31 05:15:00,secondary-lwt,47.97,40,F
2026-07-31 05:15:00,zone1-bedrooms-heat-call,0.0,3,Unitless
2026-07-31 05:15:00,zone5-living-rm-fancoil-heat-call,0.0,3,Unitless
2026-07-31 05:30:00,buffer-depth1,47.47,43,F
2026-07-31 05:30:00,buffer-depth2,47.48,24,F
2026-07-31 05:30:00,buffer-depth3,47.66,16,F
2026-07-31 05:30:00,hp-ewt,50.05,31,F
2026-07-31 05:30:00,hp-lwt,47.29,75,F
2026-07-31 05:30:00,secondary-ewt,48.7,1,F
2026-07-31 05:30:00,secondary-flow,7.58,3,gpm
2026-07-31 05:30:00,secondary-lwt,47.21,27,F
2026-07-31 05:30:00,zone1-bedrooms-heat-call,0.0,3,Unitless
2026-07-31 05:30:00,zone5-living-rm-fancoil-heat-call,1.0,5,Unitless
2026-07-31 05:45:00,buffer-depth1,47.59,33,F
2026-07-31 05:45:00,buffer-depth2,47.63,22,F
2026-07-31 05:45:00,buffer-depth3,47.82,18,F
2026-07-31 05:45:00,hp-ewt,50.3,21,F
2026-07-31 05:45:00,hp-lwt,47.95,46,F
2026-07-31 05:45:00,zone1-bedrooms-heat-call,0.0,3,Unitless
2026-07-31 05:45:00,zone5-living-rm-fancoil-heat-call,0.0,3,Unitless
2026-07-31 06:00:00,buffer-depth1,47.41,47,F
2026-07-31 06:00:00,buffer-depth2,47.51,24,F
2026-07-31 06:00:00,buffer-depth3,47.77,16,F
2026-07-31 06:00:00,hp-ewt,49.94,29,F
2026-07-31 06:00:00,hp-lwt,47.44,84,F
2026-07-31 06:00:00,zone1-bedrooms-heat-call,0.0,3,Unitless
2026-07-31 06:00:00,zone5-living-rm-fancoil-heat-call,0.0,4,Unitless
2026-07-31 06:15:00,buffer-depth1,47.85,39,F
2026-07-31 06:15:00,buffer-depth2,47.73,25,F
2026-07-31 06:15:00,buffer-depth3,47.77,16,F
2026-07-31 06:15:00,hp-ewt,50.38,21,F
2026-07-31 06:15:00,hp-lwt,48.42,57,F
2026-07-31 06:15:00,zone1-bedrooms-heat-call,0.0,3,Unitless
2026-07-31 06:15:00,zone5-living-rm-fancoil-heat-call,0.0,4,Unitless
2026-07-31 06:30:00,buffer-depth1,47.6,44,F
2026-07-31 06:30:00,buffer-depth2,47.72,21,F
2026-07-31 06:30:00,buffer-depth3,47.94,15,F
2026-07-31 06:30:00,hp-ewt,49.49,12,F
2026-07-31 06:30:00,hp-lwt,46.24,29,F
2026-07-31 06:30:00,secondary-ewt,48.95,2,F
2026-07-31 06:30:00,secondary-flow,7.4,2,gpm
2026-07-31 06:30:00,secondary-lwt,47.7,34,F
2026-07-31 06:30:00,zone1-bedrooms-heat-call,0.0,3,Unitless
2026-07-31 06:30:00,zone5-living-rm-fancoil-heat-call,0.0,3,Unitless
2026-07-31 06:45:00,buffer-depth1,47.68,38,F
2026-07-31 06:45:00,buffer-depth2,47.68,21,F
2026-07-31 06:45:00,buffer-depth3,47.89,16,F
2026-07-31 06:45:00,hp-ewt,50.33,19,F
2026-07-31 06:45:00,hp-lwt,47.9,58,F
2026-07-31 06:45:00,secondary-ewt,49.88,13,F
2026-07-31 06:45:00,secondary-flow,7.56,6,gpm
2026-07-31 06:45:00,secondary-lwt,48.44,52,F
2026-07-31 06:45:00,zone1-bedrooms-heat-call,0.0,3,Unitless
2026-07-31 06:45:00,zone5-living-rm-fancoil-heat-call,1.0,4,Unitless
2026-07-31 07:00:00,buffer-depth1,48.09,21,F
2026-07-31 07:00:00,buffer-depth2,48.02,16,F
2026-07-31 07:00:00,buffer-depth3,48.1,17,F
2026-07-31 07:00:00,hp-ewt,52.12,11,F
2026-07-31 07:00:00,hp-lwt,50.16,18,F
2026-07-31 07:00:00,secondary-ewt,49.45,5,F
2026-07-31 07:00:00,secondary-flow,7.57,4,gpm
2026-07-31 07:00:00,secondary-lwt,48.94,12,F
2026-07-31 07:00:00,zone1-bedrooms-heat-call,0.0,3,Unitless
2026-07-31 07:00:00,zone5-living-rm-fancoil-heat-call,0.0,4,Unitless
2026-07-31 07:15:00,buffer-depth1,48.25,18,F
2026-07-31 07:15:00,buffer-depth2,48.17,19,F
2026-07-31 07:15:00,buffer-depth3,48.35,19,F
2026-07-31 07:15:00,hp-ewt,54.24,7,F
2026-07-31 07:15:00,hp-lwt,53.63,7,F
2026-07-31 07:15:00,secondary-ewt,49.31,2,F
2026-07-31 07:15:00,secondary-flow,7.41,2,gpm
2026-07-31 07:15:00,secondary-lwt,49.36,2,F
2026-07-31 07:15:00,zone1-bedrooms-heat-call,0.0,3,Unitless
2026-07-31 07:15:00,zone5-living-rm-fancoil-heat-call,0.0,3,Unitless
2026-07-31 07:30:00,buffer-depth1,48.73,22,F
2026-07-31 07:30:00,buffer-depth2,48.55,19,F
2026-07-31 07:30:00,buffer-depth3,48.55,17,F
2026-07-31 07:30:00,hp-ewt,55.11,3,F
2026-07-31 07:30:00,hp-lwt,53.89,3,F
2026-07-31 07:30:00,secondary-ewt,50.68,16,F
2026-07-31 07:30:00,secondary-flow,7.63,8,gpm
2026-07-31 07:30:00,secondary-lwt,50.5,13,F
2026-07-31 07:30:00,zone1-bedrooms-heat-call,0.0,3,Unitless
2026-07-31 07:30:00,zone5-living-rm-fancoil-heat-call,1.0,5,Unitless
2026-07-31 07:45:00,buffer-depth1,48.97,16,F
2026-07-31 07:45:00,buffer-depth2,48.9,16,F
2026-07-31 07:45:00,buffer-depth3,49.01,18,F
2026-07-31 07:45:00,hp-ewt,55.65,3,F
2026-07-31 07:45:00,hp-lwt,53.26,3,F
2026-07-31 07:45:00,secondary-ewt,49.92,3,F
2026-07-31 07:45:00,secondary-flow,7.41,3,gpm
2026-07-31 07:45:00,secondary-lwt,49.96,3,F
2026-07-31 07:45:00,zone1-bedrooms-heat-call,0.0,3,Unitless
2026-07-31 07:45:00,zone5-living-rm-fancoil-heat-call,0.0,3,Unitless
2026-07-31 08:00:00,buffer-depth1,49.13,15,F
2026-07-31 08:00:00,buffer-depth2,49.06,16,F
2026-07-31 08:00:00,buffer-depth3,49.24,16,F
2026-07-31 08:00:00,hp-ewt,56.23,3,F
2026-07-31 08:00:00,hp-lwt,52.77,3,F
2026-07-31 08:00:00,secondary-ewt,50.14,3,F
2026-07-31 08:00:00,secondary-flow,7.4,3,gpm
2026-07-31 08:00:00,secondary-lwt,50.21,3,F
2026-07-31 08:00:00,zone1-bedrooms-heat-call,0.0,3,Unitless
2026-07-31 08:00:00,zone5-living-rm-fancoil-heat-call,0.0,3,Unitless
2026-07-31 08:15:00,buffer-depth1,49.57,20,F
2026-07-31 08:15:00,buffer-depth2,49.41,20,F
2026-07-31 08:15:00,buffer-depth3,49.42,17,F
2026-07-31 08:15:00,hp-ewt,56.96,3,F
2026-07-31 08:15:00,hp-lwt,52.94,3,F
2026-07-31 08:15:00,secondary-ewt,51.27,13,F
2026-07-31 08:15:00,secondary-flow,7.58,7,gpm
2026-07-31 08:15:00,secondary-lwt,51.22,11,F
2026-07-31 08:15:00,zone1-bedrooms-heat-call,0.0,3,Unitless
2026-07-31 08:15:00,zone5-living-rm-fancoil-heat-call,0.0,5,Unitless
2026-07-31 08:30:00,buffer-depth1,49.84,15,F
2026-07-31 08:30:00,buffer-depth2,49.77,15,F
2026-07-31 08:30:00,buffer-depth3,49.84,17,F
2026-07-31 08:30:00,hp-ewt,57.88,3,F
2026-07-31 08:30:00,hp-lwt,53.57,4,F
2026-07-31 08:30:00,secondary-ewt,50.78,4,F
2026-07-31 08:30:00,secondary-flow,7.41,3,gpm
2026-07-31 08:30:00,secondary-lwt,50.83,3,F
2026-07-31 08:30:00,zone1-bedrooms-heat-call,0.0,3,Unitless
2026-07-31 08:30:00,zone5-living-rm-fancoil-heat-call,0.0,3,Unitless
2026-07-31 08:45:00,buffer-depth1,50.05,18,F
2026-07-31 08:45:00,buffer-depth2,49.94,17,F
2026-07-31 08:45:00,buffer-depth3,50.09,16,F
2026-07-31 08:45:00,hp-ewt,58.67,3,F
2026-07-31 08:45:00,hp-lwt,53.89,3,F
2026-07-31 08:45:00,secondary-ewt,51.99,11,F
2026-07-31 08:45:00,secondary-flow,7.52,5,gpm
2026-07-31 08:45:00,secondary-lwt,51.88,10,F
2026-07-31 08:45:00,zone1-bedrooms-heat-call,0.0,3,Unitless
2026-07-31 08:45:00,zone5-living-rm-fancoil-heat-call,0.0,4,Unitless
2026-07-31 09:00:00,buffer-depth1,50.57,17,F
2026-07-31 09:00:00,buffer-depth2,50.43,18,F
2026-07-31 09:00:00,buffer-depth3,50.39,19,F
2026-07-31 09:00:00,hp-ewt,59.28,3,F
2026-07-31 09:00:00,hp-lwt,54.33,3,F
2026-07-31 09:00:00,secondary-ewt,51.74,5,F
2026-07-31 09:00:00,secondary-flow,7.62,4,gpm
2026-07-31 09:00:00,secondary-lwt,51.79,5,F
2026-07-31 09:00:00,zone1-bedrooms-heat-call,0.0,3,Unitless
2026-07-31 09:00:00,zone5-living-rm-fancoil-heat-call,1.0,4,Unitless
2026-07-31 09:15:00,buffer-depth1,50.68,17,F
2026-07-31 09:15:00,buffer-depth2,50.61,16,F
2026-07-31 09:15:00,buffer-depth3,50.75,16,F
2026-07-31 09:15:00,hp-ewt,59.74,6,F
2026-07-31 09:15:00,hp-lwt,55.09,6,F
2026-07-31 09:15:00,secondary-ewt,51.75,2,F
2026-07-31 09:15:00,secondary-flow,7.41,2,gpm
2026-07-31 09:15:00,secondary-lwt,51.79,2,F
2026-07-31 09:15:00,zone1-bedrooms-heat-call,0.0,3,Unitless
2026-07-31 09:15:00,zone5-living-rm-fancoil-heat-call,0.0,3,Unitless
2026-07-31 09:30:00,buffer-depth1,51.24,25,F
2026-07-31 09:30:00,buffer-depth2,51.02,21,F
2026-07-31 09:30:00,buffer-depth3,50.93,16,F
2026-07-31 09:30:00,hp-ewt,60.05,2,F
2026-07-31 09:30:00,hp-lwt,55.33,2,F
2026-07-31 09:30:00,secondary-ewt,53.14,22,F
2026-07-31 09:30:00,secondary-flow,7.72,10,gpm
2026-07-31 09:30:00,secondary-lwt,53.16,19,F
2026-07-31 09:30:00,zone1-bedrooms-heat-call,0.0,3,Unitless
2026-07-31 09:30:00,zone5-living-rm-fancoil-heat-call,0.0,5,Unitless
2026-07-31 09:45:00,buffer-depth1,51.55,16,F
2026-07-31 09:45:00,buffer-depth2,51.48,16,F
2026-07-31 09:45:00,buffer-depth3,51.44,20,F
2026-07-31 09:45:00,hp-ewt,60.39,4,F
2026-07-31 09:45:00,hp-lwt,55.45,4,F
2026-07-31 09:45:00,secondary-ewt,52.56,1,F
2026-07-31 09:45:00,secondary-flow,7.4,1,gpm
2026-07-31 09:45:00,secondary-lwt,52.5,1,F
2026-07-31 09:45:00,zone1-bedrooms-heat-call,0.0,3,Unitless
2026-07-31 09:45:00,zone5-living-rm-fancoil-heat-call,0.0,3,Unitless
2026-07-31 10:00:00,buffer-depth1,51.73,18,F
2026-07-31 10:00:00,buffer-depth2,51.61,17,F
2026-07-31 10:00:00,buffer-depth3,51.73,16,F
2026-07-31 10:00:00,hp-ewt,60.7,3,F
2026-07-31 10:00:00,hp-lwt,55.56,3,F
2026-07-31 10:00:00,secondary-ewt,53.44,11,F
2026-07-31 10:00:00,secondary-flow,7.52,5,gpm
2026-07-31 10:00:00,secondary-lwt,53.36,9,F
2026-07-31 10:00:00,zone1-bedrooms-heat-call,0.0,3,Unitless
2026-07-31 10:00:00,zone5-living-rm-fancoil-heat-call,0.0,4,Unitless
2026-07-31 10:15:00,buffer-depth1,52.18,17,F
2026-07-31 10:15:00,buffer-depth2,52.03,17,F
2026-07-31 10:15:00,buffer-depth3,52.02,18,F
2026-07-31 10:15:00,hp-ewt,61.16,5,F
2026-07-31 10:15:00,hp-lwt,55.15,5,F
2026-07-31 10:15:00,secondary-ewt,53.26,5,F
2026-07-31 10:15:00,secondary-flow,7.59,6,gpm
2026-07-31 10:15:00,secondary-lwt,53.38,6,F
2026-07-31 10:15:00,zone1-bedrooms-heat-call,0.0,3,Unitless
2026-07-31 10:15:00,zone5-living-rm-fancoil-heat-call,0.0,4,Unitless
2026-07-31 10:30:00,buffer-depth1,52.48,18,F
2026-07-31 10:30:00,buffer-depth2,52.34,18,F
2026-07-31 10:30:00,buffer-depth3,52.35,17,F
2026-07-31 10:30:00,hp-ewt,62.25,6,F
2026-07-31 10:30:00,hp-lwt,55.28,4,F
2026-07-31 10:30:00,secondary-ewt,53.87,12,F
2026-07-31 10:30:00,secondary-flow,7.65,7,gpm
2026-07-31 10:30:00,secondary-lwt,53.97,9,F
2026-07-31 10:30:00,zone1-bedrooms-heat-call,0.0,3,Unitless
2026-07-31 10:30:00,zone5-living-rm-fancoil-heat-call,0.0,3,Unitless
2026-07-31 10:45:00,buffer-depth1,52.92,18,F
2026-07-31 10:45:00,buffer-depth2,52.76,18,F
2026-07-31 10:45:00,buffer-depth3,52.71,17,F
2026-07-31 10:45:00,hp-ewt,62.94,3,F
2026-07-31 10:45:00,hp-lwt,55.71,3,F
2026-07-31 10:45:00,secondary-ewt,54.22,12,F
2026-07-31 10:45:00,secondary-flow,7.64,6,gpm
2026-07-31 10:45:00,secondary-lwt,54.16,10,F
2026-07-31 10:45:00,zone1-bedrooms-heat-call,0.0,3,Unitless
2026-07-31 10:45:00,zone5-living-rm-fancoil-heat-call,1.0,5,Unitless
2026-07-31 11:00:00,buffer-depth1,53.09,15,F
2026-07-31 11:00:00,buffer-depth2,53.01,16,F
2026-07-31 11:00:00,buffer-depth3,53.09,17,F
2026-07-31 11:00:00,hp-ewt,63.57,3,F
2026-07-31 11:00:00,hp-lwt,56.31,3,F
2026-07-31 11:00:00,secondary-ewt,53.98,3,F
2026-07-31 11:00:00,secondary-flow,7.42,3,gpm
2026-07-31 11:00:00,secondary-lwt,54.01,3,F
2026-07-31 11:00:00,zone1-bedrooms-heat-call,0.0,3,Unitless
2026-07-31 11:00:00,zone5-living-rm-fancoil-heat-call,0.0,3,Unitless
2026-07-31 11:15:00,buffer-depth1,53.4,19,F
2026-07-31 11:15:00,buffer-depth2,53.26,18,F
2026-07-31 11:15:00,buffer-depth3,53.26,16,F
2026-07-31 11:15:00,hp-ewt,63.87,3,F
2026-07-31 11:15:00,hp-lwt,56.71,3,F
2026-07-31 11:15:00,secondary-ewt,54.03,1,F
2026-07-31 11:15:00,secondary-flow,7.45,1,gpm
2026-07-31 11:15:00,secondary-lwt,54.07,1,F
2026-07-31 11:15:00,zone1-bedrooms-heat-call,0.0,3,Unitless
2026-07-31 11:15:00,zone5-living-rm-fancoil-heat-call,0.0,5,Unitless
2026-07-31 11:30:00,buffer-depth1,53.73,20,F
2026-07-31 11:30:00,buffer-depth2,53.61,17,F
2026-07-31 11:30:00,buffer-depth3,53.59,17,F
2026-07-31 11:30:00,hp-ewt,63.98,5,F
2026-07-31 11:30:00,hp-lwt,57.02,5,F
2026-07-31 11:30:00,secondary-ewt,55.25,10,F
2026-07-31 11:30:00,secondary-flow,7.63,5,gpm
2026-07-31 11:30:00,secondary-lwt,54.96,7,F
2026-07-31 11:30:00,zone1-bedrooms-heat-call,0.0,5,Unitless
2026-07-31 11:30:00,zone5-living-rm-fancoil-heat-call,0.0,3,Unitless
2026-07-31 11:45:00,buffer-depth1,54.14,18,F
2026-07-31 11:45:00,buffer-depth2,53.96,18,F
2026-07-31 11:45:00,buffer-depth3,53.9,16,F
2026-07-31 11:45:00,hp-ewt,64.02,3,F
2026-07-31 11:45:00,hp-lwt,57.41,3,F
2026-07-31 11:45:00,secondary-ewt,55.41,9,F
2026-07-31 11:45:00,secondary-flow,7.71,5,gpm
2026-07-31 11:45:00,secondary-lwt,55.36,9,F
2026-07-31 11:45:00,zone1-bedrooms-heat-call,0.0,3,Unitless
2026-07-31 11:45:00,zone5-living-rm-fancoil-heat-call,1.0,4,Unitless
2026-07-31 12:00:00,buffer-depth1,53.16,61,F
2026-07-31 12:00:00,buffer-depth2,53.29,38,F
2026-07-31 12:00:00,buffer-depth3,53.58,26,F
2026-07-31 12:00:00,hp-ewt,56.9,48,F
2026-07-31 12:00:00,hp-lwt,52.41,103,F
2026-07-31 12:00:00,secondary-ewt,54.87,10,F
2026-07-31 12:00:00,secondary-flow,7.54,5,gpm
2026-07-31 12:00:00,secondary-lwt,53.42,83,F
2026-07-31 12:00:00,zone1-bedrooms-heat-call,0.0,3,Unitless
2026-07-31 12:00:00,zone5-living-rm-fancoil-heat-call,0.0,4,Unitless
2026-07-31 12:15:00,buffer-depth1,50.63,26,F
2026-07-31 12:15:00,buffer-depth2,51.07,34,F
2026-07-31 12:15:00,buffer-depth3,51.72,25,F
2026-07-31 12:15:00,hp-ewt,53.18,13,F
2026-07-31 12:15:00,hp-lwt,47.22,29,F
2026-07-31 12:15:00,secondary-ewt,53.65,21,F
2026-07-31 12:15:00,secondary-flow,7.77,9,gpm
2026-07-31 12:15:00,secondary-lwt,49.73,25,F
2026-07-31 12:15:00,zone1-bedrooms-heat-call,0.0,3,Unitless
2026-07-31 12:15:00,zone5-living-rm-fancoil-heat-call,1.0,5,Unitless
2026-07-31 12:30:00,buffer-depth1,49.92,47,F
2026-07-31 12:30:00,buffer-depth2,50.05,28,F
2026-07-31 12:30:00,buffer-depth3,50.47,20,F
2026-07-31 12:30:00,hp-ewt,52.62,22,F
2026-07-31 12:30:00,hp-lwt,50.13,67,F
2026-07-31 12:30:00,secondary-ewt,51.39,4,F
2026-07-31 12:30:00,secondary-flow,7.41,3,gpm
2026-07-31 12:30:00,secondary-lwt,50.06,54,F
2026-07-31 12:30:00,zone1-bedrooms-heat-call,0.0,3,Unitless
2026-07-31 12:30:00,zone5-living-rm-fancoil-heat-call,0.0,3,Unitless
2026-07-31 12:45:00,buffer-depth1,48.77,42,F
2026-07-31 12:45:00,buffer-depth2,49.05,28,F
2026-07-31 12:45:00,buffer-depth3,49.5,22,F
2026-07-31 12:45:00,hp-ewt,51.84,27,F
2026-07-31 12:45:00,hp-lwt,48.72,69,F
2026-07-31 12:45:00,secondary-ewt,51.28,20,F
2026-07-31 12:45:00,secondary-flow,7.62,6,gpm
2026-07-31 12:45:00,secondary-lwt,49.32,53,F
2026-07-31 12:45:00,zone1-bedrooms-heat-call,0.0,3,Unitless
2026-07-31 12:45:00,zone5-living-rm-fancoil-heat-call,1.0,5,Unitless
2026-07-31 13:00:00,buffer-depth1,48.34,38,F
2026-07-31 13:00:00,buffer-depth2,48.51,28,F
2026-07-31 13:00:00,buffer-depth3,48.9,18,F
2026-07-31 13:00:00,hp-ewt,51.91,25,F
2026-07-31 13:00:00,hp-lwt,48.75,54,F
2026-07-31 13:00:00,secondary-ewt,50.78,16,F
2026-07-31 13:00:00,secondary-flow,7.59,7,gpm
2026-07-31 13:00:00,secondary-lwt,49.13,43,F
2026-07-31 13:00:00,zone1-bedrooms-heat-call,0.0,3,Unitless
2026-07-31 13:00:00,zone5-living-rm-fancoil-heat-call,0.0,3,Unitless
2026-07-31 13:15:00,buffer-depth1,47.99,45,F
2026-07-31 13:15:00,buffer-depth2,48.11,29,F
2026-07-31 13:15:00,buffer-depth3,48.47,21,F
2026-07-31 13:15:00,hp-ewt,51.29,37,F
2026-07-31 13:15:00,hp-lwt,47.95,85,F
2026-07-31 13:15:00,secondary-ewt,50.43,18,F
2026-07-31 13:15:00,secondary-flow,7.59,7,gpm
2026-07-31 13:15:00,secondary-lwt,48.32,66,F
2026-07-31 13:15:00,zone1-bedrooms-heat-call,0.0,3,Unitless
2026-07-31 13:15:00,zone5-living-rm-fancoil-heat-call,1.0,5,Unitless
2026-07-31 13:30:00,buffer-depth1,47.75,39,F
2026-07-31 13:30:00,buffer-depth2,47.83,25,F
2026-07-31 13:30:00,buffer-depth3,48.19,20,F
2026-07-31 13:30:00,hp-ewt,51.55,26,F
2026-07-31 13:30:00,hp-lwt,48.7,59,F
2026-07-31 13:30:00,secondary-ewt,49.06,2,F
2026-07-31 13:30:00,secondary-flow,7.4,2,gpm
2026-07-31 13:30:00,secondary-lwt,47.62,2,F
2026-07-31 13:30:00,zone1-bedrooms-heat-call,0.0,3,Unitless
2026-07-31 13:30:00,zone5-living-rm-fancoil-heat-call,0.0,3,Unitless
2026-07-31 13:45:00,buffer-depth1,47.63,48,F
2026-07-31 13:45:00,buffer-depth2,47.72,30,F
2026-07-31 13:45:00,buffer-depth3,48.04,17,F
2026-07-31 13:45:00,hp-ewt,51.04,35,F
2026-07-31 13:45:00,hp-lwt,47.94,76,F
2026-07-31 13:45:00,secondary-ewt,50.33,25,F
2026-07-31 13:45:00,secondary-flow,7.82,6,gpm
2026-07-31 13:45:00,secondary-lwt,48.17,57,F
2026-07-31 13:45:00,zone1-bedrooms-heat-call,0.0,3,Unitless
2026-07-31 13:45:00,zone5-living-rm-fancoil-heat-call,1.0,5,Unitless
2026-07-31 14:00:00,buffer-depth1,47.73,42,F
2026-07-31 14:00:00,buffer-depth2,47.83,28,F
2026-07-31 14:00:00,buffer-depth3,48.01,16,F
2026-07-31 14:00:00,hp-ewt,51.35,31,F
2026-07-31 14:00:00,hp-lwt,48.26,70,F
2026-07-31 14:00:00,secondary-ewt,49.39,5,F
2026-07-31 14:00:00,secondary-flow,7.51,5,gpm
2026-07-31 14:00:00,secondary-lwt,48.19,57,F
2026-07-31 14:00:00,zone1-bedrooms-heat-call,0.0,3,Unitless
2026-07-31 14:00:00,zone5-living-rm-fancoil-heat-call,0.0,3,Unitless
2026-07-31 14:15:00,buffer-depth1,47.69,44,F
2026-07-31 14:15:00,buffer-depth2,47.72,31,F
2026-07-31 14:15:00,buffer-depth3,47.96,16,F
2026-07-31 14:15:00,hp-ewt,51.35,32,F
2026-07-31 14:15:00,hp-lwt,48.13,72,F
2026-07-31 14:15:00,secondary-ewt,50.12,14,F
2026-07-31 14:15:00,secondary-flow,7.62,6,gpm
2026-07-31 14:15:00,secondary-lwt,48.46,58,F
2026-07-31 14:15:00,zone1-bedrooms-heat-call,0.0,3,Unitless
2026-07-31 14:15:00,zone5-living-rm-fancoil-heat-call,0.0,5,Unitless
2026-07-31 14:30:00,buffer-depth1,47.55,49,F
2026-07-31 14:30:00,buffer-depth2,47.6,28,F
2026-07-31 14:30:00,buffer-depth3,47.93,18,F
2026-07-31 14:30:00,hp-ewt,51.11,35,F
2026-07-31 14:30:00,hp-lwt,47.98,89,F
2026-07-31 14:30:00,secondary-ewt,49.93,21,F
2026-07-31 14:30:00,secondary-flow,7.68,6,gpm
2026-07-31 14:30:00,secondary-lwt,48.17,71,F
2026-07-31 14:30:00,zone1-bedrooms-heat-call,0.0,3,Unitless
2026-07-31 14:30:00,zone5-living-rm-fancoil-heat-call,0.0,4,Unitless
2026-07-31 14:45:00,buffer-depth1,47.7,40,F
2026-07-31 14:45:00,buffer-depth2,47.65,27,F
2026-07-31 14:45:00,buffer-depth3,47.86,16,F
2026-07-31 14:45:00,hp-ewt,51.47,27,F
2026-07-31 14:45:00,hp-lwt,48.36,55,F
2026-07-31 14:45:00,secondary-ewt,50.27,14,F
2026-07-31 14:45:00,secondary-flow,7.7,5,gpm
2026-07-31 14:45:00,secondary-lwt,48.78,50,F
2026-07-31 14:45:00,zone1-bedrooms-heat-call,0.0,3,Unitless
2026-07-31 14:45:00,zone5-living-rm-fancoil-heat-call,1.0,4,Unitless
2026-07-31 15:00:00,buffer-depth1,47.26,47,F
2026-07-31 15:00:00,buffer-depth2,47.35,27,F
2026-07-31 15:00:00,buffer-depth3,47.76,16,F
2026-07-31 15:00:00,hp-ewt,50.89,34,F
2026-07-31 15:00:00,hp-lwt,47.83,84,F
2026-07-31 15:00:00,secondary-ewt,49.72,16,F
2026-07-31 15:00:00,secondary-flow,7.5,5,gpm
2026-07-31 15:00:00,secondary-lwt,47.9,67,F
2026-07-31 15:00:00,zone1-bedrooms-heat-call,0.0,3,Unitless
2026-07-31 15:00:00,zone5-living-rm-fancoil-heat-call,0.0,4,Unitless
2026-07-31 15:15:00,buffer-depth1,47.72,36,F
2026-07-31 15:15:00,buffer-depth2,47.65,26,F
2026-07-31 15:15:00,buffer-depth3,47.68,17,F
2026-07-31 15:15:00,hp-ewt,51.61,27,F
2026-07-31 15:15:00,hp-lwt,48.55,57,F
2026-07-31 15:15:00,secondary-ewt,50.1,17,F
2026-07-31 15:15:00,secondary-flow,7.82,8,gpm
2026-07-31 15:15:00,secondary-lwt,48.75,52,F
2026-07-31 15:15:00,zone1-bedrooms-heat-call,0.0,3,Unitless
2026-07-31 15:15:00,zone5-living-rm-fancoil-heat-call,1.0,4,Unitless
2026-07-31 15:30:00,buffer-depth1,47.31,45,F
2026-07-31 15:30:00,buffer-depth2,47.44,31,F
2026-07-31 15:30:00,buffer-depth3,47.78,18,F
2026-07-31 15:30:00,hp-ewt,51.03,32,F
2026-07-31 15:30:00,hp-lwt,47.76,77,F
2026-07-31 15:30:00,secondary-ewt,49.94,16,F
2026-07-31 15:30:00,secondary-flow,7.53,6,gpm
2026-07-31 15:30:00,secondary-lwt,47.89,61,F
2026-07-31 15:30:00,zone1-bedrooms-heat-call,0.0,3,Unitless
2026-07-31 15:30:00,zone5-living-rm-fancoil-heat-call,0.0,4,Unitless
2026-07-31 15:45:00,buffer-depth1,47.63,43,F
2026-07-31 15:45:00,buffer-depth2,47.65,26,F
2026-07-31 15:45:00,buffer-depth3,47.79,18,F
2026-07-31 15:45:00,hp-ewt,51.18,33,F
2026-07-31 15:45:00,hp-lwt,48.03,74,F
2026-07-31 15:45:00,secondary-ewt,49.6,20,F
2026-07-31 15:45:00,secondary-flow,7.64,7,gpm
2026-07-31 15:45:00,secondary-lwt,48.44,65,F
2026-07-31 15:45:00,zone1-bedrooms-heat-call,0.0,3,Unitless
2026-07-31 15:45:00,zone5-living-rm-fancoil-heat-call,1.0,4,Unitless
2026-07-31 16:00:00,buffer-depth1,47.84,24,F
2026-07-31 16:00:00,buffer-depth2,47.69,20,F
2026-07-31 16:00:00,buffer-depth3,47.87,17,F
2026-07-31 16:00:00,hp-ewt,52.11,15,F
2026-07-31 16:00:00,hp-lwt,50.32,23,F
2026-07-31 16:00:00,secondary-ewt,49.87,20,F
2026-07-31 16:00:00,secondary-flow,7.69,8,gpm
2026-07-31 16:00:00,secondary-lwt,48.41,26,F
2026-07-31 16:00:00,zone1-bedrooms-heat-call,0.0,3,Unitless
2026-07-31 16:00:00,zone5-living-rm-fancoil-heat-call,1.0,4,Unitless
2026-07-31 16:15:00,buffer-depth1,48.59,19,F
2026-07-31 16:15:00,buffer-depth2,48.42,19,F
2026-07-31 16:15:00,buffer-depth3,48.34,20,F
2026-07-31 16:15:00,hp-ewt,55.04,5,F
2026-07-31 16:15:00,hp-lwt,54.13,3,F
2026-07-31 16:15:00,secondary-ewt,49.97,5,F
2026-07-31 16:15:00,secondary-flow,7.59,4,gpm
2026-07-31 16:15:00,secondary-lwt,49.97,5,F
2026-07-31 16:15:00,zone1-bedrooms-heat-call,0.0,3,Unitless
2026-07-31 16:15:00,zone5-living-rm-fancoil-heat-call,1.0,7,Unitless
2026-07-31 16:30:00,buffer-depth1,49.52,24,F
2026-07-31 16:30:00,buffer-depth2,49.21,25,F
2026-07-31 16:30:00,buffer-depth3,48.88,17,F
2026-07-31 16:30:00,hp-ewt,56.03,4,F
2026-07-31 16:30:00,hp-lwt,53.48,6,F
2026-07-31 16:30:00,secondary-ewt,51.33,18,F
2026-07-31 16:30:00,secondary-flow,7.73,8,gpm
2026-07-31 16:30:00,secondary-lwt,51.18,16,F
2026-07-31 16:30:00,zone1-bedrooms-heat-call,0.0,5,Unitless
2026-07-31 16:30:00,zone5-living-rm-fancoil-heat-call,1.0,4,Unitless
2026-07-31 16:45:00,buffer-depth1,49.86,19,F
2026-07-31 16:45:00,buffer-depth2,49.8,16,F
2026-07-31 16:45:00,buffer-depth3,49.66,22,F
2026-07-31 16:45:00,hp-ewt,57.85,9,F
2026-07-31 16:45:00,hp-lwt,53.55,6,F
2026-07-31 16:45:00,secondary-ewt,50.66,5,F
2026-07-31 16:45:00,secondary-flow,7.4,3,gpm
2026-07-31 16:45:00,secondary-lwt,50.72,4,F
2026-07-31 16:45:00,zone1-bedrooms-heat-call,0.0,3,Unitless
2026-07-31 16:45:00,zone5-living-rm-fancoil-heat-call,0.0,3,Unitless
2026-07-31 17:00:00,buffer-depth1,50.52,25,F
2026-07-31 17:00:00,buffer-depth2,50.26,21,F
2026-07-31 17:00:00,buffer-depth3,50.14,17,F
2026-07-31 17:00:00,hp-ewt,59.69,4,F
2026-07-31 17:00:00,hp-lwt,53.91,4,F
2026-07-31 17:00:00,secondary-ewt,52.23,12,F
2026-07-31 17:00:00,secondary-flow,7.58,3,gpm
2026-07-31 17:00:00,secondary-lwt,51.91,9,F
2026-07-31 17:00:00,zone1-bedrooms-heat-call,0.0,3,Unitless
2026-07-31 17:00:00,zone5-living-rm-fancoil-heat-call,1.0,7,Unitless
2026-07-31 17:15:00,buffer-depth1,50.99,16,F
2026-07-31 17:15:00,buffer-depth2,50.9,16,F
2026-07-31 17:15:00,buffer-depth3,50.74,18,F
2026-07-31 17:15:00,hp-ewt,59.75,5,F
2026-07-31 17:15:00,hp-lwt,54.46,5,F
2026-07-31 17:15:00,secondary-ewt,52.77,14,F
2026-07-31 17:15:00,secondary-flow,7.66,8,gpm
2026-07-31 17:15:00,secondary-lwt,52.23,9,F
2026-07-31 17:15:00,zone1-bedrooms-heat-call,0.0,3,Unitless
2026-07-31 17:15:00,zone5-living-rm-fancoil-heat-call,0.0,4,Unitless
2026-07-31 17:30:00,buffer-depth1,51.5,22,F
2026-07-31 17:30:00,buffer-depth2,51.34,19,F
2026-07-31 17:30:00,buffer-depth3,51.19,18,F
2026-07-31 17:30:00,hp-ewt,58.95,3,F
2026-07-31 17:30:00,hp-lwt,55.03,3,F
2026-07-31 17:30:00,secondary-ewt,52.68,3,F
2026-07-31 17:30:00,secondary-flow,7.83,1,gpm
2026-07-31 17:30:00,secondary-lwt,52.69,4,F
2026-07-31 17:30:00,zone1-bedrooms-heat-call,0.0,3,Unitless
2026-07-31 17:30:00,zone5-living-rm-fancoil-heat-call,1.0,6,Unitless
2026-07-31 17:45:00,buffer-depth1,52.07,20,F
2026-07-31 17:45:00,buffer-depth2,51.85,19,F
2026-07-31 17:45:00,buffer-depth3,51.69,19,F
2026-07-31 17:45:00,hp-ewt,58.27,5,F
2026-07-31 17:45:00,hp-lwt,55.16,5,F
2026-07-31 17:45:00,secondary-ewt,53.77,9,F
2026-07-31 17:45:00,secondary-flow,7.85,7,gpm
2026-07-31 17:45:00,secondary-lwt,53.34,7,F
2026-07-31 17:45:00,zone1-bedrooms-heat-call,0.0,5,Unitless
2026-07-31 17:45:00,zone5-living-rm-fancoil-heat-call,1.0,4,Unitless
2026-07-31 18:00:00,buffer-depth1,52.61,16,F
2026-07-31 18:00:00,buffer-depth2,52.45,18,F
2026-07-31 18:00:00,buffer-depth3,52.22,18,F
2026-07-31 18:00:00,hp-ewt,57.75,3,F
2026-07-31 18:00:00,hp-lwt,54.99,3,F
2026-07-31 18:00:00,secondary-ewt,53.92,1,F
2026-07-31 18:00:00,secondary-flow,7.84,1,gpm
2026-07-31 18:00:00,secondary-lwt,53.74,1,F
2026-07-31 18:00:00,zone1-bedrooms-heat-call,0.0,5,Unitless
2026-07-31 18:00:00,zone5-living-rm-fancoil-heat-call,1.0,4,Unitless
2026-07-31 18:15:00,buffer-depth1,53.04,23,F
2026-07-31 18:15:00,buffer-depth2,52.83,23,F
2026-07-31 18:15:00,buffer-depth3,52.63,20,F
2026-07-31 18:15:00,hp-ewt,57.32,5,F
2026-07-31 18:15:00,hp-lwt,54.85,5,F
2026-07-31 18:15:00,zone1-bedrooms-heat-call,0.0,3,Unitless
2026-07-31 18:15:00,zone5-living-rm-fancoil-heat-call,1.0,4,Unitless
2026-07-31 18:30:00,buffer-depth1,53.55,16,F
2026-07-31 18:30:00,buffer-depth2,53.43,16,F
2026-07-31 18:30:00,buffer-depth3,53.17,18,F
2026-07-31 18:30:00,hp-ewt,57.14,4,F
2026-07-31 18:30:00,hp-lwt,54.77,4,F
2026-07-31 18:30:00,zone1-bedrooms-heat-call,0.0,3,Unitless
2026-07-31 18:30:00,zone5-living-rm-fancoil-heat-call,1.0,4,Unitless
2026-07-31 18:45:00,buffer-depth1,54.0,21,F
2026-07-31 18:45:00,buffer-depth2,53.75,20,F
2026-07-31 18:45:00,buffer-depth3,53.52,16,F
2026-07-31 18:45:00,hp-ewt,57.03,3,F
2026-07-31 18:45:00,hp-lwt,54.74,3,F
2026-07-31 18:45:00,zone1-bedrooms-heat-call,0.0,3,Unitless
2026-07-31 18:45:00,zone5-living-rm-fancoil-heat-call,1.0,4,Unitless
2026-07-31 19:00:00,buffer-depth1,54.36,16,F
2026-07-31 19:00:00,buffer-depth2,54.27,16,F
2026-07-31 19:00:00,buffer-depth3,53.96,20,F
2026-07-31 19:00:00,hp-ewt,57.08,2,F
2026-07-31 19:00:00,hp-lwt,54.77,2,F
2026-07-31 19:00:00,zone1-bedrooms-heat-call,0.0,3,Unitless
2026-07-31 19:00:00,zone5-living-rm-fancoil-heat-call,0.0,4,Unitless
2026-07-31 19:15:00,buffer-depth1,54.77,23,F
2026-07-31 19:15:00,buffer-depth2,54.55,20,F
2026-07-31 19:15:00,buffer-depth3,54.33,17,F
2026-07-31 19:15:00,hp-ewt,57.11,5,F
2026-07-31 19:15:00,hp-lwt,54.74,5,F
2026-07-31 19:15:00,secondary-ewt,56.28,6,F
2026-07-31 19:15:00,secondary-flow,7.96,5,gpm
2026-07-31 19:15:00,secondary-lwt,56.1,6,F
2026-07-31 19:15:00,zone1-bedrooms-heat-call,0.0,3,Unitless
2026-07-31 19:15:00,zone5-living-rm-fancoil-heat-call,1.0,5,Unitless
2026-07-31 19:30:00,buffer-depth1,55.12,16,F
2026-07-31 19:30:00,buffer-depth2,55.02,16,F
2026-07-31 19:30:00,buffer-depth3,54.78,19,F
2026-07-31 19:30:00,hp-ewt,57.66,3,F
2026-07-31 19:30:00,hp-lwt,55.12,3,F
2026-07-31 19:30:00,secondary-ewt,55.95,5,F
2026-07-31 19:30:00,secondary-flow,7.57,3,gpm
2026-07-31 19:30:00,secondary-lwt,55.91,4,F
2026-07-31 19:30:00,zone1-bedrooms-heat-call,0.0,3,Unitless
2026-07-31 19:30:00,zone5-living-rm-fancoil-heat-call,0.0,4,Unitless
2026-07-31 19:45:00,buffer-depth1,55.53,22,F
2026-07-31 19:45:00,buffer-depth2,55.34,21,F
2026-07-31 19:45:00,buffer-depth3,55.14,19,F
2026-07-31 19:45:00,hp-ewt,58.21,6,F
2026-07-31 19:45:00,hp-lwt,55.62,6,F
2026-07-31 19:45:00,secondary-ewt,56.92,6,F
2026-07-31 19:45:00,secondary-flow,7.91,5,gpm
2026-07-31 19:45:00,secondary-lwt,56.73,4,F
2026-07-31 19:45:00,zone1-bedrooms-heat-call,0.0,3,Unitless
2026-07-31 19:45:00,zone5-living-rm-fancoil-heat-call,1.0,4,Unitless
2026-07-31 20:00:00,buffer-depth1,54.07,57,F
2026-07-31 20:00:00,buffer-depth2,54.5,37,F
2026-07-31 20:00:00,buffer-depth3,54.75,24,F
2026-07-31 20:00:00,hp-ewt,54.77,39,F
2026-07-31 20:00:00,hp-lwt,51.22,103,F
2026-07-31 20:00:00,secondary-ewt,55.34,24,F
2026-07-31 20:00:00,secondary-flow,7.63,7,gpm
2026-07-31 20:00:00,secondary-lwt,52.85,79,F
2026-07-31 20:00:00,zone1-bedrooms-heat-call,0.0,3,Unitless
2026-07-31 20:00:00,zone5-living-rm-fancoil-heat-call,0.0,4,Unitless
2026-07-31 20:15:00,buffer-depth1,51.25,34,F
2026-07-31 20:15:00,buffer-depth2,51.96,34,F
2026-07-31 20:15:00,buffer-depth3,52.58,32,F
2026-07-31 20:15:00,hp-ewt,52.83,8,F
2026-07-31 20:15:00,hp-lwt,46.46,30,F
2026-07-31 20:15:00,secondary-ewt,53.31,8,F
2026-07-31 20:15:00,secondary-flow,7.71,4,gpm
2026-07-31 20:15:00,secondary-lwt,48.97,25,F
2026-07-31 20:15:00,zone1-bedrooms-heat-call,0.0,3,Unitless
2026-07-31 20:15:00,zone5-living-rm-fancoil-heat-call,1.0,4,Unitless
2026-07-31 20:30:00,buffer-depth1,50.26,40,F
2026-07-31 20:30:00,buffer-depth2,50.45,27,F
2026-07-31 20:30:00,buffer-depth3,50.83,20,F
2026-07-31 20:30:00,hp-ewt,52.87,25,F
2026-07-31 20:30:00,hp-lwt,49.93,64,F
2026-07-31 20:30:00,secondary-ewt,52.4,21,F
2026-07-31 20:30:00,secondary-flow,7.75,7,gpm
2026-07-31 20:30:00,secondary-lwt,50.63,47,F
2026-07-31 20:30:00,zone1-bedrooms-heat-call,0.0,3,Unitless
2026-07-31 20:30:00,zone5-living-rm-fancoil-heat-call,0.0,4,Unitless
2026-07-31 20:45:00,buffer-depth1,48.97,47,F
2026-07-31 20:45:00,buffer-depth2,49.37,34,F
2026-07-31 20:45:00,buffer-depth3,49.86,24,F
2026-07-31 20:45:00,hp-ewt,51.8,27,F
2026-07-31 20:45:00,hp-lwt,48.25,70,F
2026-07-31 20:45:00,secondary-ewt,51.2,11,F
2026-07-31 20:45:00,secondary-flow,7.62,5,gpm
2026-07-31 20:45:00,secondary-lwt,49.05,50,F
2026-07-31 20:45:00,zone1-bedrooms-heat-call,0.0,3,Unitless
2026-07-31 20:45:00,zone5-living-rm-fancoil-heat-call,1.0,4,Unitless
2026-07-31 21:00:00,buffer-depth1,48.32,41,F
2026-07-31 21:00:00,buffer-depth2,48.41,25,F
2026-07-31 21:00:00,buffer-depth3,48.82,19,F
2026-07-31 21:00:00,hp-ewt,51.64,29,F
2026-07-31 21:00:00,hp-lwt,48.27,63,F
2026-07-31 21:00:00,secondary-ewt,51.16,23,F
2026-07-31 21:00:00,secondary-flow,7.63,7,gpm
2026-07-31 21:00:00,secondary-lwt,48.92,53,F
2026-07-31 21:00:00,zone1-bedrooms-heat-call,0.0,3,Unitless
2026-07-31 21:00:00,zone5-living-rm-fancoil-heat-call,1.0,4,Unitless
2026-07-31 21:15:00,buffer-depth1,47.91,38,F
2026-07-31 21:15:00,buffer-depth2,48.11,25,F
2026-07-31 21:15:00,buffer-depth3,48.38,17,F
2026-07-31 21:15:00,hp-ewt,51.01,29,F
2026-07-31 21:15:00,hp-lwt,47.47,67,F
2026-07-31 21:15:00,secondary-ewt,49.19,1,F
2026-07-31 21:15:00,secondary-flow,7.41,1,gpm
2026-07-31 21:15:00,secondary-lwt,50.09,1,F
2026-07-31 21:15:00,zone1-bedrooms-heat-call,0.0,3,Unitless
2026-07-31 21:15:00,zone5-living-rm-fancoil-heat-call,0.0,4,Unitless
2026-07-31 21:30:00,buffer-depth1,47.63,34,F
2026-07-31 21:30:00,buffer-depth2,47.77,25,F
2026-07-31 21:30:00,buffer-depth3,48.12,18,F
2026-07-31 21:30:00,hp-ewt,51.33,24,F
2026-07-31 21:30:00,hp-lwt,47.72,49,F
2026-07-31 21:30:00,secondary-ewt,50.13,15,F
2026-07-31 21:30:00,secondary-flow,7.68,6,gpm
2026-07-31 21:30:00,secondary-lwt,48.42,40,F
2026-07-31 21:30:00,zone1-bedrooms-heat-call,0.0,3,Unitless
2026-07-31 21:30:00,zone5-living-rm-fancoil-heat-call,1.0,4,Unitless
2026-07-31 21:45:00,buffer-depth1,47.63,35,F
2026-07-31 21:45:00,buffer-depth2,47.72,25,F
2026-07-31 21:45:00,buffer-depth3,47.89,18,F
2026-07-31 21:45:00,hp-ewt,50.94,27,F
2026-07-31 21:45:00,hp-lwt,47.58,73,F
2026-07-31 21:45:00,secondary-ewt,49.29,6,F
2026-07-31 21:45:00,secondary-flow,7.7,5,gpm
2026-07-31 21:45:00,secondary-lwt,46.59,10,F
2026-07-31 21:45:00,zone1-bedrooms-heat-call,0.0,3,Unitless
2026-07-31 21:45:00,zone5-living-rm-fancoil-heat-call,0.0,6,Unitless
2026-07-31 22:00:00,buffer-depth1,47.84,42,F
2026-07-31 22:00:00,buffer-depth2,47.83,25,F
2026-07-31 22:00:00,buffer-depth3,47.95,16,F
2026-07-31 22:00:00,hp-ewt,51.34,26,F
2026-07-31 22:00:00,hp-lwt,48.23,57,F
2026-07-31 22:00:00,secondary-ewt,50.09,21,F
2026-07-31 22:00:00,secondary-flow,7.73,6,gpm
2026-07-31 22:00:00,secondary-lwt,48.68,47,F
2026-07-31 22:00:00,zone1-bedrooms-heat-call,0.0,3,Unitless
2026-07-31 22:00:00,zone5-living-rm-fancoil-heat-call,1.0,5,Unitless
2026-07-31 22:15:00,buffer-depth1,47.68,41,F
2026-07-31 22:15:00,buffer-depth2,47.8,25,F
2026-07-31 22:15:00,buffer-depth3,48.11,16,F
2026-07-31 22:15:00,hp-ewt,51.13,34,F
2026-07-31 22:15:00,hp-lwt,47.8,84,F
2026-07-31 22:15:00,secondary-ewt,49.21,2,F
2026-07-31 22:15:00,secondary-flow,7.4,2,gpm
2026-07-31 22:15:00,secondary-lwt,48.11,67,F
2026-07-31 22:15:00,zone1-bedrooms-heat-call,0.0,3,Unitless
2026-07-31 22:15:00,zone5-living-rm-fancoil-heat-call,0.0,3,Unitless
2026-07-31 22:30:00,buffer-depth1,47.87,38,F
2026-07-31 22:30:00,buffer-depth2,47.87,22,F
2026-07-31 22:30:00,buffer-depth3,48.03,15,F
2026-07-31 22:30:00,hp-ewt,51.51,23,F
2026-07-31 22:30:00,hp-lwt,47.9,49,F
2026-07-31 22:30:00,secondary-ewt,50.17,28,F
2026-07-31 22:30:00,secondary-flow,7.62,8,gpm
2026-07-31 22:30:00,secondary-lwt,48.93,55,F
2026-07-31 22:30:00,zone1-bedrooms-heat-call,0.0,3,Unitless
2026-07-31 22:30:00,zone5-living-rm-fancoil-heat-call,1.0,5,Unitless
2026-07-31 22:45:00,buffer-depth1,47.8,45,F
2026-07-31 22:45:00,buffer-depth2,47.88,22,F
2026-07-31 22:45:00,buffer-depth3,48.14,15,F
2026-07-31 22:45:00,hp-ewt,51.22,37,F
2026-07-31 22:45:00,hp-lwt,47.73,89,F
2026-07-31 22:45:00,secondary-ewt,49.36,6,F
2026-07-31 22:45:00,secondary-flow,7.82,1,gpm
2026-07-31 22:45:00,secondary-lwt,48.17,33,F
2026-07-31 22:45:00,zone1-bedrooms-heat-call,0.0,3,Unitless
2026-07-31 22:45:00,zone5-living-rm-fancoil-heat-call,0.0,3,Unitless
2026-07-31 23:00:00,buffer-depth1,47.57,35,F
2026-07-31 23:00:00,buffer-depth2,47.6,28,F
2026-07-31 23:00:00,buffer-depth3,47.97,18,F
2026-07-31 23:00:00,hp-ewt,51.25,25,F
2026-07-31 23:00:00,hp-lwt,47.79,53,F
2026-07-31 23:00:00,secondary-ewt,49.91,19,F
2026-07-31 23:00:00,secondary-flow,7.61,6,gpm
2026-07-31 23:00:00,secondary-lwt,48.31,42,F
2026-07-31 23:00:00,zone1-bedrooms-heat-call,0.0,3,Unitless
2026-07-31 23:00:00,zone5-living-rm-fancoil-heat-call,1.0,5,Unitless
2026-07-31 23:15:00,buffer-depth1,47.49,30,F
2026-07-31 23:15:00,buffer-depth2,47.44,20,F
2026-07-31 23:15:00,buffer-depth3,47.7,16,F
2026-07-31 23:15:00,hp-ewt,51.41,27,F
2026-07-31 23:15:00,hp-lwt,48.39,55,F
2026-07-31 23:15:00,secondary-ewt,48.69,4,F
2026-07-31 23:15:00,secondary-flow,7.38,3,gpm
2026-07-31 23:15:00,secondary-lwt,48.02,45,F
2026-07-31 23:15:00,zone1-bedrooms-heat-call,0.0,3,Unitless
2026-07-31 23:15:00,zone5-living-rm-fancoil-heat-call,0.0,3,Unitless
2026-07-31 23:30:00,buffer-depth1,47.52,43,F
2026-07-31 23:30:00,buffer-depth2,47.53,25,F
2026-07-31 23:30:00,buffer-depth3,47.72,16,F
2026-07-31 23:30:00,hp-ewt,50.97,31,F
2026-07-31 23:30:00,hp-lwt,47.43,69,F
2026-07-31 23:30:00,secondary-ewt,50.2,31,F
2026-07-31 23:30:00,secondary-flow,7.77,7,gpm
2026-07-31 23:30:00,secondary-lwt,47.88,55,F
2026-07-31 23:30:00,zone1-bedrooms-heat-call,0.0,3,Unitless
2026-07-31 23:30:00,zone5-living-rm-fancoil-heat-call,1.0,4,Unitless
2026-07-31 23:45:00,buffer-depth1,47.66,36,F
2026-07-31 23:45:00,buffer-depth2,47.74,22,F
2026-07-31 23:45:00,buffer-depth3,47.9,16,F
2026-07-31 23:45:00,hp-ewt,51.47,23,F
2026-07-31 23:45:00,hp-lwt,48.44,50,F
2026-07-31 23:45:00,secondary-ewt,49.27,5,F
2026-07-31 23:45:00,secondary-flow,7.5,4,gpm
2026-07-31 23:45:00,secondary-lwt,48.4,43,F
2026-07-31 23:45:00,zone1-bedrooms-heat-call,0.0,3,Unitless
2026-07-31 23:45:00,zone5-living-rm-fancoil-heat-call,0.0,4,Unitless
2026-08-01 00:00:00,buffer-depth1,48.18,19,F
2026-08-01 00:00:00,buffer-depth2,47.99,18,F
2026-08-01 00:00:00,buffer-depth3,48.13,18,F
2026-08-01 00:00:00,hp-ewt,52.23,13,F
2026-08-01 00:00:00,hp-lwt,50.99,14,F
2026-08-01 00:00:00,secondary-ewt,50.43,14,F
2026-08-01 00:00:00,secondary-flow,7.51,5,gpm
2026-08-01 00:00:00,secondary-lwt,50.15,16,F
2026-08-01 00:00:00,zone1-bedrooms-heat-call,0.0,3,Unitless
2026-08-01 00:00:00,zone5-living-rm-fancoil-heat-call,0.0,4,Unitless
2026-08-01 00:15:00,buffer-depth1,48.93,23,F
2026-08-01 00:15:00,buffer-depth2,48.7,22,F
2026-08-01 00:15:00,buffer-depth3,48.56,17,F
2026-08-01 00:15:00,hp-ewt,52.41,17,F
2026-08-01 00:15:00,hp-lwt,49.65,29,F
2026-08-01 00:15:00,secondary-ewt,50.61,13,F
2026-08-01 00:15:00,secondary-flow,7.71,6,gpm
2026-08-01 00:15:00,secondary-lwt,49.28,18,F
2026-08-01 00:15:00,zone1-bedrooms-heat-call,0.0,3,Unitless
2026-08-01 00:15:00,zone5-living-rm-fancoil-heat-call,1.0,4,Unitless
2026-08-01 00:30:00,buffer-depth1,47.91,42,F
2026-08-01 00:30:00,buffer-depth2,48.25,31,F
2026-08-01 00:30:00,buffer-depth3,48.62,21,F
2026-08-01 00:30:00,hp-ewt,51.0,27,F
2026-08-01 00:30:00,hp-lwt,47.47,66,F
2026-08-01 00:30:00,secondary-ewt,49.69,6,F
2026-08-01 00:30:00,secondary-flow,7.5,4,gpm
2026-08-01 00:30:00,secondary-lwt,47.78,48,F
2026-08-01 00:30:00,zone1-bedrooms-heat-call,0.0,3,Unitless
2026-08-01 00:30:00,zone5-living-rm-fancoil-heat-call,0.0,3,Unitless
2026-08-01 00:45:00,buffer-depth1,48.14,29,F
2026-08-01 00:45:00,buffer-depth2,48.08,22,F
2026-08-01 00:45:00,buffer-depth3,48.29,16,F
2026-08-01 00:45:00,hp-ewt,51.35,24,F
2026-08-01 00:45:00,hp-lwt,48.37,43,F
2026-08-01 00:45:00,secondary-ewt,50.25,16,F
2026-08-01 00:45:00,secondary-flow,7.63,7,gpm
2026-08-01 00:45:00,secondary-lwt,48.72,43,F
2026-08-01 00:45:00,zone1-bedrooms-heat-call,0.0,3,Unitless
2026-08-01 00:45:00,zone5-living-rm-fancoil-heat-call,1.0,7,Unitless
2026-08-01 01:00:00,buffer-depth1,47.9,34,F
2026-08-01 01:00:00,buffer-depth2,48.0,22,F
2026-08-01 01:00:00,buffer-depth3,48.28,18,F
2026-08-01 01:00:00,hp-ewt,51.46,30,F
2026-08-01 01:00:00,hp-lwt,48.06,56,F
2026-08-01 01:00:00,secondary-ewt,49.3,3,F
2026-08-01 01:00:00,secondary-flow,7.41,3,gpm
2026-08-01 01:00:00,secondary-lwt,48.55,10,F
2026-08-01 01:00:00,zone1-bedrooms-heat-call,0.0,3,Unitless
2026-08-01 01:00:00,zone5-living-rm-fancoil-heat-call,0.0,3,Unitless
2026-08-01 01:15:00,buffer-depth1,47.78,41,F
2026-08-01 01:15:00,buffer-depth2,47.94,24,F
2026-08-01 01:15:00,buffer-depth3,48.21,16,F
2026-08-01 01:15:00,hp-ewt,51.12,30,F
2026-08-01 01:15:00,hp-lwt,47.8,72,F
2026-08-01 01:15:00,secondary-ewt,50.12,26,F
2026-08-01 01:15:00,secondary-flow,7.63,8,gpm
2026-08-01 01:15:00,secondary-lwt,48.01,59,F
2026-08-01 01:15:00,zone1-bedrooms-heat-call,0.0,3,Unitless
2026-08-01 01:15:00,zone5-living-rm-fancoil-heat-call,0.0,4,Unitless
2026-08-01 01:30:00,buffer-depth1,48.19,36,F
2026-08-01 01:30:00,buffer-depth2,48.2,26,F
2026-08-01 01:30:00,buffer-depth3,48.27,17,F
2026-08-01 01:30:00,hp-ewt,51.59,27,F
2026-08-01 01:30:00,hp-lwt,48.13,49,F
2026-08-01 01:30:00,secondary-ewt,49.82,6,F
2026-08-01 01:30:00,secondary-flow,7.6,5,gpm
2026-08-01 01:30:00,secondary-lwt,48.43,39,F
2026-08-01 01:30:00,zone1-bedrooms-heat-call,0.0,3,Unitless
2026-08-01 01:30:00,zone5-living-rm-fancoil-heat-call,1.0,4,Unitless
2026-08-01 01:45:00,buffer-depth1,47.88,39,F
2026-08-01 01:45:00,buffer-depth2,48.02,21,F
2026-08-01 01:45:00,buffer-depth3,48.32,15,F
2026-08-01 01:45:00,hp-ewt,51.25,27,F
2026-08-01 01:45:00,hp-lwt,47.89,74,F
2026-08-01 01:45:00,secondary-ewt,49.32,3,F
2026-08-01 01:45:00,secondary-flow,7.41,3,gpm
2026-08-01 01:45:00,secondary-lwt,47.89,57,F
2026-08-01 01:45:00,zone1-bedrooms-heat-call,0.0,3,Unitless
2026-08-01 01:45:00,zone5-living-rm-fancoil-heat-call,0.0,3,Unitless
2026-08-01 02:00:00,buffer-depth1,48.05,35,F
2026-08-01 02:00:00,buffer-depth2,48.0,23,F
2026-08-01 02:00:00,buffer-depth3,48.24,17,F
2026-08-01 02:00:00,hp-ewt,51.34,23,F
2026-08-01 02:00:00,hp-lwt,47.98,53,F
2026-08-01 02:00:00,secondary-ewt,49.24,1,F
2026-08-01 02:00:00,secondary-flow,7.39,1,gpm
2026-08-01 02:00:00,secondary-lwt,49.84,3,F
2026-08-01 02:00:00,zone1-bedrooms-heat-call,0.0,3,Unitless
2026-08-01 02:00:00,zone5-living-rm-fancoil-heat-call,1.0,7,Unitless
2026-08-01 02:15:00,buffer-depth1,47.85,34,F
2026-08-01 02:15:00,buffer-depth2,47.97,22,F
2026-08-01 02:15:00,buffer-depth3,48.27,15,F
2026-08-01 02:15:00,hp-ewt,51.48,23,F
2026-08-01 02:15:00,hp-lwt,48.74,59,F
2026-08-01 02:15:00,secondary-ewt,49.22,3,F
2026-08-01 02:15:00,secondary-flow,7.4,3,gpm
2026-08-01 02:15:00,secondary-lwt,48.41,45,F
2026-08-01 02:15:00,zone1-bedrooms-heat-call,0.0,3,Unitless
2026-08-01 02:15:00,zone5-living-rm-fancoil-heat-call,0.0,3,Unitless
2026-08-01 02:30:00,buffer-depth1,47.83,38,F
2026-08-01 02:30:00,buffer-depth2,47.93,26,F
2026-08-01 02:30:00,buffer-depth3,48.15,16,F
2026-08-01 02:30:00,hp-ewt,51.31,31,F
2026-08-01 02:30:00,hp-lwt,47.72,69,F
2026-08-01 02:30:00,secondary-ewt,50.15,14,F
2026-08-01 02:30:00,secondary-flow,7.6,7,gpm
2026-08-01 02:30:00,secondary-lwt,47.98,55,F
2026-08-01 02:30:00,zone1-bedrooms-heat-call,0.0,3,Unitless
2026-08-01 02:30:00,zone5-living-rm-fancoil-heat-call,0.0,3,Unitless
2026-08-01 02:45:00,buffer-depth1,47.87,34,F
2026-08-01 02:45:00,buffer-depth2,47.94,23,F
2026-08-01 02:45:00,buffer-depth3,48.17,17,F
2026-08-01 02:45:00,hp-ewt,51.7,24,F
2026-08-01 02:45:00,hp-lwt,48.36,47,F
2026-08-01 02:45:00,secondary-ewt,50.29,11,F
2026-08-01 02:45:00,secondary-flow,7.58,5,gpm
2026-08-01 02:45:00,secondary-lwt,48.29,37,F
2026-08-01 02:45:00,zone1-bedrooms-heat-call,0.0,3,Unitless
2026-08-01 02:45:00,zone5-living-rm-fancoil-heat-call,1.0,4,Unitless
2026-08-01 03:00:00,buffer-depth1,47.84,37,F
2026-08-01 03:00:00,buffer-depth2,47.99,24,F
2026-08-01 03:00:00,buffer-depth3,48.24,17,F
2026-08-01 03:00:00,hp-ewt,51.19,31,F
2026-08-01 03:00:00,hp-lwt,47.92,78,F
2026-08-01 03:00:00,secondary-ewt,49.27,3,F
2026-08-01 03:00:00,secondary-flow,7.38,3,gpm
2026-08-01 03:00:00,secondary-lwt,47.76,52,F
2026-08-01 03:00:00,zone1-bedrooms-heat-call,0.0,3,Unitless
2026-08-01 03:00:00,zone5-living-rm-fancoil-heat-call,0.0,4,Unitless
2026-08-01 03:15:00,buffer-depth1,47.8,29,F
2026-08-01 03:15:00,buffer-depth2,47.87,22,F
2026-08-01 03:15:00,buffer-depth3,48.15,16,F
2026-08-01 03:15:00,hp-ewt,51.37,24,F
2026-08-01 03:15:00,hp-lwt,48.21,42,F
2026-08-01 03:15:00,secondary-ewt,49.17,4,F
2026-08-01 03:15:00,secondary-flow,7.38,3,gpm
2026-08-01 03:15:00,secondary-lwt,48.02,36,F
2026-08-01 03:15:00,zone1-bedrooms-heat-call,0.0,3,Unitless
2026-08-01 03:15:00,zone5-living-rm-fancoil-heat-call,0.0,3,Unitless
2026-08-01 03:30:00,buffer-depth1,47.86,38,F
2026-08-01 03:30:00,buffer-depth2,47.9,25,F
2026-08-01 03:30:00,buffer-depth3,48.09,19,F
2026-08-01 03:30:00,hp-ewt,51.61,31,F
2026-08-01 03:30:00,hp-lwt,48.49,61,F
2026-08-01 03:30:00,zone1-bedrooms-heat-call,0.0,3,Unitless
2026-08-01 03:30:00,zone5-living-rm-fancoil-heat-call,0.0,5,Unitless
2026-08-01 03:45:00,buffer-depth1,47.78,37,F
2026-08-01 03:45:00,buffer-depth2,47.93,24,F
2026-08-01 03:45:00,buffer-depth3,48.22,17,F
2026-08-01 03:45:00,hp-ewt,50.93,28,F
2026-08-01 03:45:00,hp-lwt,47.44,66,F
2026-08-01 03:45:00,zone1-bedrooms-heat-call,0.0,3,Unitless
2026-08-01 03:45:00,zone5-living-rm-fancoil-heat-call,0.0,3,Unitless
2026-08-01 04:00:00,buffer-depth1,47.81,28,F
2026-08-01 04:00:00,buffer-depth2,47.85,18,F
2026-08-01 04:00:00,buffer-depth3,48.14,15,F
2026-08-01 04:00:00,hp-ewt,51.41,20,F
2026-08-01 04:00:00,hp-lwt,48.44,43,F
2026-08-01 04:00:00,secondary-ewt,49.08,3,F
2026-08-01 04:00:00,secondary-flow,7.41,3,gpm
2026-08-01 04:00:00,secondary-lwt,48.15,31,F
2026-08-01 04:00:00,zone1-bedrooms-heat-call,0.0,3,Unitless
2026-08-01 04:00:00,zone5-living-rm-fancoil-heat-call,0.0,3,Unitless
2026-08-01 04:15:00,buffer-depth1,47.62,33,F
2026-08-01 04:15:00,buffer-depth2,47.76,21,F
2026-08-01 04:15:00,buffer-depth3,48.07,16,F
2026-08-01 04:15:00,hp-ewt,51.35,21,F
2026-08-01 04:15:00,hp-lwt,48.29,46,F
2026-08-01 04:15:00,secondary-ewt,49.06,3,F
2026-08-01 04:15:00,secondary-flow,7.39,3,gpm
2026-08-01 04:15:00,secondary-lwt,47.76,33,F
2026-08-01 04:15:00,zone1-bedrooms-heat-call,0.0,3,Unitless
2026-08-01 04:15:00,zone5-living-rm-fancoil-heat-call,0.0,3,Unitless
2026-08-01 04:30:00,buffer-depth1,48.46,20,F
2026-08-01 04:30:00,buffer-depth2,48.24,20,F
2026-08-01 04:30:00,buffer-depth3,48.23,19,F
2026-08-01 04:30:00,hp-ewt,52.34,14,F
2026-08-01 04:30:00,hp-lwt,51.13,17,F
2026-08-01 04:30:00,secondary-ewt,50.38,15,F
2026-08-01 04:30:00,secondary-flow,7.62,6,gpm
2026-08-01 04:30:00,secondary-lwt,50.18,19,F
2026-08-01 04:30:00,zone1-bedrooms-heat-call,0.0,3,Unitless
2026-08-01 04:30:00,zone5-living-rm-fancoil-heat-call,1.0,5,Unitless
2026-08-01 04:45:00,buffer-depth1,48.78,16,F
2026-08-01 04:45:00,buffer-depth2,48.69,16,F
2026-08-01 04:45:00,buffer-depth3,48.81,17,F
2026-08-01 04:45:00,hp-ewt,52.79,13,F
2026-08-01 04:45:00,hp-lwt,51.72,14,F
2026-08-01 04:45:00,secondary-ewt,49.75,4,F
2026-08-01 04:45:00,secondary-flow,7.4,4,gpm
2026-08-01 04:45:00,secondary-lwt,49.85,5,F
2026-08-01 04:45:00,zone1-bedrooms-heat-call,0.0,3,Unitless
2026-08-01 04:45:00,zone5-living-rm-fancoil-heat-call,0.0,3,Unitless
2026-08-01 05:00:00,buffer-depth1,49.07,18,F
2026-08-01 05:00:00,buffer-depth2,48.96,17,F
2026-08-01 05:00:00,buffer-depth3,49.09,17,F
2026-08-01 05:00:00,hp-ewt,52.92,12,F
2026-08-01 05:00:00,hp-lwt,51.7,13,F
2026-08-01 05:00:00,secondary-ewt,50.13,1,F
2026-08-01 05:00:00,secondary-flow,7.41,1,gpm
2026-08-01 05:00:00,secondary-lwt,50.4,1,F
2026-08-01 05:00:00,zone1-bedrooms-heat-call,0.0,3,Unitless
2026-08-01 05:00:00,zone5-living-rm-fancoil-heat-call,0.0,3,Unitless
2026-08-01 05:15:00,buffer-depth1,49.38,18,F
2026-08-01 05:15:00,buffer-depth2,49.24,19,F
2026-08-01 05:15:00,buffer-depth3,49.33,18,F
2026-08-01 05:15:00,hp-ewt,53.14,6,F
2026-08-01 05:15:00,hp-lwt,52.11,6,F
2026-08-01 05:15:00,secondary-ewt,50.67,3,F
2026-08-01 05:15:00,secondary-flow,7.54,3,gpm
2026-08-01 05:15:00,secondary-lwt,50.58,4,F
2026-08-01 05:15:00,zone1-bedrooms-heat-call,0.0,3,Unitless
2026-08-01 05:15:00,zone5-living-rm-fancoil-heat-call,0.0,4,Unitless
2026-08-01 05:30:00,buffer-depth1,49.21,33,F
2026-08-01 05:30:00,buffer-depth2,49.33,28,F
2026-08-01 05:30:00,buffer-depth3,49.57,22,F
2026-08-01 05:30:00,hp-ewt,51.89,19,F
2026-08-01 05:30:00,hp-lwt,48.38,46,F
2026-08-01 05:30:00,secondary-ewt,50.77,7,F
2026-08-01 05:30:00,secondary-flow,7.52,5,gpm
2026-08-01 05:30:00,secondary-lwt,48.92,33,F
2026-08-01 05:30:00,zone1-bedrooms-heat-call,0.0,3,Unitless
2026-08-01 05:30:00,zone5-living-rm-fancoil-heat-call,0.0,4,Unitless
2026-08-01 05:45:00,buffer-depth1,48.07,37,F
2026-08-01 05:45:00,buffer-depth2,48.36,26,F
2026-08-01 05:45:00,buffer-depth3,48.92,19,F
2026-08-01 05:45:00,hp-ewt,51.14,21,F
2026-08-01 05:45:00,hp-lwt,47.46,48,F
2026-08-01 05:45:00,secondary-ewt,49.74,5,F
2026-08-01 05:45:00,secondary-flow,7.4,3,gpm
2026-08-01 05:45:00,secondary-lwt,48.06,37,F
2026-08-01 05:45:00,zone1-bedrooms-heat-call,0.0,3,Unitless
2026-08-01 05:45:00,zone5-living-rm-fancoil-heat-call,0.0,3,Unitless
2026-08-01 06:00:00,buffer-depth1,47.72,29,F
2026-08-01 06:00:00,buffer-depth2,47.83,23,F
2026-08-01 06:00:00,buffer-depth3,48.2,17,F
2026-08-01 06:00:00,hp-ewt,50.99,22,F
2026-08-01 06:00:00,hp-lwt,47.63,44,F
2026-08-01 06:00:00,secondary-ewt,49.1,1,F
2026-08-01 06:00:00,secondary-flow,7.4,1,gpm
2026-08-01 06:00:00,secondary-lwt,49.23,2,F
2026-08-01 06:00:00,zone1-bedrooms-heat-call,0.0,3,Unitless
2026-08-01 06:00:00,zone5-living-rm-fancoil-heat-call,0.0,5,Unitless
2026-08-01 06:15:00,buffer-depth1,47.91,26,F
2026-08-01 06:15:00,buffer-depth2,47.89,23,F
2026-08-01 06:15:00,buffer-depth3,48.08,18,F
2026-08-01 06:15:00,hp-ewt,50.52,22,F
2026-08-01 06:15:00,hp-lwt,48.3,42,F
2026-08-01 06:15:00,zone1-bedrooms-heat-call,0.0,3,Unitless
2026-08-01 06:15:00,zone5-living-rm-fancoil-heat-call,0.0,3,Unitless
2026-08-01 06:30:00,buffer-depth1,48.62,23,F
2026-08-01 06:30:00,buffer-depth2,48.4,19,F
2026-08-01 06:30:00,buffer-depth3,48.28,17,F
2026-08-01 06:30:00,hp-ewt,51.25,6,F
2026-08-01 06:30:00,hp-lwt,50.47,6,F
2026-08-01 06:30:00,zone1-bedrooms-heat-call,0.0,3,Unitless
2026-08-01 06:30:00,zone5-living-rm-fancoil-heat-call,0.0,4,Unitless
2026-08-01 06:45:00,buffer-depth1,48.22,34,F
2026-08-01 06:45:00,buffer-depth2,48.38,27,F
2026-08-01 06:45:00,buffer-depth3,48.5,20,F
2026-08-01 06:45:00,hp-ewt,50.11,17,F
2026-08-01 06:45:00,hp-lwt,47.05,44,F
2026-08-01 06:45:00,zone1-bedrooms-heat-call,0.0,3,Unitless
2026-08-01 06:45:00,zone5-living-rm-fancoil-heat-call,1.0,4,Unitless
2026-08-01 07:00:00,buffer-depth1,47.69,44,F
2026-08-01 07:00:00,buffer-depth2,47.87,19,F
2026-08-01 07:00:00,buffer-depth3,48.15,15,F
2026-08-01 07:00:00,hp-ewt,49.83,28,F
2026-08-01 07:00:00,hp-lwt,47.16,77,F
2026-08-01 07:00:00,secondary-ewt,49.05,2,F
2026-08-01 07:00:00,secondary-flow,7.39,2,gpm
2026-08-01 07:00:00,secondary-lwt,47.7,33,F
2026-08-01 07:00:00,zone1-bedrooms-heat-call,0.0,3,Unitless
2026-08-01 07:00:00,zone5-living-rm-fancoil-heat-call,0.0,3,Unitless
2026-08-01 07:15:00,buffer-depth1,47.84,35,F
2026-08-01 07:15:00,buffer-depth2,47.8,24,F
2026-08-01 07:15:00,buffer-depth3,47.98,17,F
2026-08-01 07:15:00,hp-ewt,49.93,18,F
2026-08-01 07:15:00,hp-lwt,47.26,45,F
2026-08-01 07:15:00,secondary-ewt,49.83,18,F
2026-08-01 07:15:00,secondary-flow,7.62,8,gpm
2026-08-01 07:15:00,secondary-lwt,48.32,45,F
2026-08-01 07:15:00,zone1-bedrooms-heat-call,0.0,3,Unitless
2026-08-01 07:15:00,zone5-living-rm-fancoil-heat-call,1.0,5,Unitless
2026-08-01 07:30:00,buffer-depth1,47.58,47,F
2026-08-01 07:30:00,buffer-depth2,47.69,24,F
2026-08-01 07:30:00,buffer-depth3,47.94,16,F
2026-08-01 07:30:00,hp-ewt,49.76,28,F
2026-08-01 07:30:00,hp-lwt,47.36,84,F
2026-08-01 07:30:00,secondary-ewt,48.87,1,F
2026-08-01 07:30:00,secondary-flow,7.39,1,gpm
2026-08-01 07:30:00,secondary-lwt,47.76,33,F
2026-08-01 07:30:00,zone1-bedrooms-heat-call,0.0,3,Unitless
2026-08-01 07:30:00,zone5-living-rm-fancoil-heat-call,0.0,3,Unitless
2026-08-01 07:45:00,buffer-depth1,47.63,37,F
2026-08-01 07:45:00,buffer-depth2,47.64,27,F
2026-08-01 07:45:00,buffer-depth3,47.77,18,F
2026-08-01 07:45:00,hp-ewt,49.78,19,F
2026-08-01 07:45:00,hp-lwt,47.86,56,F
2026-08-01 07:45:00,secondary-ewt,50.01,13,F
2026-08-01 07:45:00,secondary-flow,7.6,5,gpm
2026-08-01 07:45:00,secondary-lwt,48.18,49,F
2026-08-01 07:45:00,zone1-bedrooms-heat-call,0.0,3,Unitless
2026-08-01 07:45:00,zone5-living-rm-fancoil-heat-call,1.0,4,Unitless
2026-08-01 08:00:00,buffer-depth1,47.62,38,F
2026-08-01 08:00:00,buffer-depth2,47.68,21,F
2026-08-01 08:00:00,buffer-depth3,47.84,17,F
2026-08-01 08:00:00,hp-ewt,49.71,16,F
2026-08-01 08:00:00,hp-lwt,47.0,46,F
2026-08-01 08:00:00,secondary-ewt,49.18,6,F
2026-08-01 08:00:00,secondary-flow,7.53,5,gpm
2026-08-01 08:00:00,secondary-lwt,47.43,55,F
2026-08-01 08:00:00,zone1-bedrooms-heat-call,0.0,3,Unitless
2026-08-01 08:00:00,zone5-living-rm-fancoil-heat-call,0.0,4,Unitless
2026-08-01 08:15:00,buffer-depth1,47.47,42,F
2026-08-01 08:15:00,buffer-depth2,47.54,25,F
2026-08-01 08:15:00,buffer-depth3,47.75,16,F
2026-08-01 08:15:00,hp-ewt,49.65,10,F
2026-08-01 08:15:00,hp-lwt,46.96,31,F
2026-08-01 08:15:00,secondary-ewt,48.74,4,F
2026-08-01 08:15:00,secondary-flow,7.4,4,gpm
2026-08-01 08:15:00,secondary-lwt,47.66,54,F
2026-08-01 08:15:00,zone1-bedrooms-heat-call,0.0,3,Unitless
2026-08-01 08:15:00,zone5-living-rm-fancoil-heat-call,0.0,3,Unitless
2026-08-01 08:30:00,buffer-depth1,47.38,36,F
2026-08-01 08:30:00,buffer-depth2,47.34,25,F
2026-08-01 08:30:00,buffer-depth3,47.61,15,F
2026-08-01 08:30:00,hp-ewt,50.2,24,F
2026-08-01 08:30:00,hp-lwt,47.74,54,F
2026-08-01 08:30:00,secondary-ewt,49.67,11,F
2026-08-01 08:30:00,secondary-flow,7.54,4,gpm
2026-08-01 08:30:00,secondary-lwt,47.56,36,F
2026-08-01 08:30:00,zone1-bedrooms-heat-call,0.0,3,Unitless
2026-08-01 08:30:00,zone5-living-rm-fancoil-heat-call,1.0,4,Unitless
2026-08-01 08:45:00,buffer-depth1,47.39,50,F
2026-08-01 08:45:00,buffer-depth2,47.55,24,F
2026-08-01 08:45:00,buffer-depth3,47.64,18,F
2026-08-01 08:45:00,hp-ewt,50.4,29,F
2026-08-01 08:45:00,hp-lwt,47.38,89,F
2026-08-01 08:45:00,secondary-ewt,48.68,2,F
2026-08-01 08:45:00,secondary-flow,7.41,2,gpm
2026-08-01 08:45:00,secondary-lwt,47.57,32,F
2026-08-01 08:45:00,zone1-bedrooms-heat-call,0.0,3,Unitless
2026-08-01 08:45:00,zone5-living-rm-fancoil-heat-call,0.0,4,Unitless
2026-08-01 09:00:00,buffer-depth1,47.38,35,F
2026-08-01 09:00:00,buffer-depth2,47.42,22,F
2026-08-01 09:00:00,buffer-depth3,47.6,16,F
2026-08-01 09:00:00,hp-ewt,50.76,25,F
2026-08-01 09:00:00,hp-lwt,48.4,66,F
2026-08-01 09:00:00,secondary-ewt,48.7,2,F
2026-08-01 09:00:00,secondary-flow,7.53,6,gpm
2026-08-01 09:00:00,secondary-lwt,47.86,37,F
2026-08-01 09:00:00,zone1-bedrooms-heat-call,0.0,3,Unitless
2026-08-01 09:00:00,zone5-living-rm-fancoil-heat-call,0.0,3,Unitless
2026-08-01 09:15:00,buffer-depth1,47.5,49,F
2026-08-01 09:15:00,buffer-depth2,47.54,30,F
2026-08-01 09:15:00,buffer-depth3,47.61,18,F
2026-08-01 09:15:00,hp-ewt,50.58,35,F
2026-08-01 09:15:00,hp-lwt,47.25,83,F
2026-08-01 09:15:00,secondary-ewt,49.32,6,F
2026-08-01 09:15:00,secondary-flow,7.68,4,gpm
2026-08-01 09:15:00,secondary-lwt,47.6,28,F
2026-08-01 09:15:00,zone1-bedrooms-heat-call,0.0,3,Unitless
2026-08-01 09:15:00,zone5-living-rm-fancoil-heat-call,1.0,5,Unitless
2026-08-01 09:30:00,buffer-depth1,47.36,46,F
2026-08-01 09:30:00,buffer-depth2,47.46,27,F
2026-08-01 09:30:00,buffer-depth3,47.74,17,F
2026-08-01 09:30:00,hp-ewt,50.55,30,F
2026-08-01 09:30:00,hp-lwt,47.38,97,F
2026-08-01 09:30:00,secondary-ewt,48.74,5,F
2026-08-01 09:30:00,secondary-flow,7.4,4,gpm
2026-08-01 09:30:00,secondary-lwt,47.93,75,F
2026-08-01 09:30:00,zone1-bedrooms-heat-call,0.0,3,Unitless
2026-08-01 09:30:00,zone5-living-rm-fancoil-heat-call,0.0,3,Unitless
2026-08-01 09:45:00,buffer-depth1,47.36,42,F
2026-08-01 09:45:00,buffer-depth2,47.34,23,F
2026-08-01 09:45:00,buffer-depth3,47.6,16,F
2026-08-01 09:45:00,hp-ewt,50.83,25,F
2026-08-01 09:45:00,hp-lwt,48.34,67,F
2026-08-01 09:45:00,secondary-ewt,48.61,3,F
2026-08-01 09:45:00,secondary-flow,7.41,3,gpm
2026-08-01 09:45:00,secondary-lwt,48.47,55,F
2026-08-01 09:45:00,zone1-bedrooms-heat-call,0.0,3,Unitless
2026-08-01 09:45:00,zone5-living-rm-fancoil-heat-call,0.0,3,Unitless
2026-08-01 10:00:00,buffer-depth1,47.32,48,F
2026-08-01 10:00:00,buffer-depth2,47.32,28,F
2026-08-01 10:00:00,buffer-depth3,47.52,16,F
2026-08-01 10:00:00,hp-ewt,50.64,32,F
2026-08-01 10:00:00,hp-lwt,47.45,85,F
2026-08-01 10:00:00,secondary-ewt,49.55,19,F
2026-08-01 10:00:00,secondary-flow,7.58,6,gpm
2026-08-01 10:00:00,secondary-lwt,48.21,45,F
2026-08-01 10:00:00,zone1-bedrooms-heat-call,0.0,3,Unitless
2026-08-01 10:00:00,zone5-living-rm-fancoil-heat-call,1.0,4,Unitless
2026-08-01 10:15:00,buffer-depth1,47.32,45,F
2026-08-01 10:15:00,buffer-depth2,47.38,23,F
2026-08-01 10:15:00,buffer-depth3,47.64,18,F
2026-08-01 10:15:00,hp-ewt,50.67,31,F
2026-08-01 10:15:00,hp-lwt,47.58,81,F
2026-08-01 10:15:00,secondary-ewt,48.53,2,F
2026-08-01 10:15:00,secondary-flow,7.39,2,gpm
2026-08-01 10:15:00,secondary-lwt,48.11,22,F
2026-08-01 10:15:00,zone1-bedrooms-heat-call,0.0,3,Unitless
2026-08-01 10:15:00,zone5-living-rm-fancoil-heat-call,0.0,3,Unitless
2026-08-01 10:30:00,buffer-depth1,47.18,45,F
2026-08-01 10:30:00,buffer-depth2,47.19,28,F
2026-08-01 10:30:00,buffer-depth3,47.51,16,F
2026-08-01 10:30:00,hp-ewt,50.77,26,F
2026-08-01 10:30:00,hp-lwt,47.74,72,F
2026-08-01 10:30:00,secondary-ewt,49.55,20,F
2026-08-01 10:30:00,secondary-flow,7.59,5,gpm
2026-08-01 10:30:00,secondary-lwt,48.21,60,F
2026-08-01 10:30:00,zone1-bedrooms-heat-call,0.0,3,Unitless
2026-08-01 10:30:00,zone5-living-rm-fancoil-heat-call,1.0,4,Unitless
2026-08-01 10:45:00,buffer-depth1,47.42,40,F
2026-08-01 10:45:00,buffer-depth2,47.38,25,F
2026-08-01 10:45:00,buffer-depth3,47.56,20,F
2026-08-01 10:45:00,hp-ewt,50.71,33,F
2026-08-01 10:45:00,hp-lwt,47.75,90,F
2026-08-01 10:45:00,secondary-ewt,48.72,2,F
2026-08-01 10:45:00,secondary-flow,7.39,2,gpm
2026-08-01 10:45:00,secondary-lwt,46.61,14,F
2026-08-01 10:45:00,zone1-bedrooms-heat-call,0.0,3,Unitless
2026-08-01 10:45:00,zone5-living-rm-fancoil-heat-call,0.0,4,Unitless
2026-08-01 11:00:00,buffer-depth1,47.29,41,F
2026-08-01 11:00:00,buffer-depth2,47.25,24,F
2026-08-01 11:00:00,buffer-depth3,47.51,17,F
2026-08-01 11:00:00,hp-ewt,50.95,25,F
2026-08-01 11:00:00,hp-lwt,48.41,66,F
2026-08-01 11:00:00,secondary-ewt,48.4,1,F
2026-08-01 11:00:00,secondary-flow,7.39,1,gpm
2026-08-01 11:00:00,secondary-lwt,49.58,8,F
2026-08-01 11:00:00,zone1-bedrooms-heat-call,0.0,3,Unitless
2026-08-01 11:00:00,zone5-living-rm-fancoil-heat-call,0.0,3,Unitless
2026-08-01 11:15:00,buffer-depth1,47.28,50,F
2026-08-01 11:15:00,buffer-depth2,47.23,28,F
2026-08-01 11:15:00,buffer-depth3,47.46,15,F
2026-08-01 11:15:00,hp-ewt,50.77,39,F
2026-08-01 11:15:00,hp-lwt,47.38,93,F
2026-08-01 11:15:00,secondary-ewt,50.06,40,F
2026-08-01 11:15:00,secondary-flow,7.72,11,gpm
2026-08-01 11:15:00,secondary-lwt,48.14,71,F
2026-08-01 11:15:00,zone1-bedrooms-heat-call,0.0,3,Unitless
2026-08-01 11:15:00,zone5-living-rm-fancoil-heat-call,1.0,5,Unitless
2026-08-01 11:30:00,buffer-depth1,47.21,48,F
2026-08-01 11:30:00,buffer-depth2,47.31,27,F
2026-08-01 11:30:00,buffer-depth3,47.55,15,F
2026-08-01 11:30:00,hp-ewt,50.71,34,F
2026-08-01 11:30:00,hp-lwt,47.47,96,F
2026-08-01 11:30:00,secondary-ewt,48.57,3,F
2026-08-01 11:30:00,secondary-flow,7.4,3,gpm
2026-08-01 11:30:00,secondary-lwt,47.83,69,F
2026-08-01 11:30:00,zone1-bedrooms-heat-call,0.0,3,Unitless
2026-08-01 11:30:00,zone5-living-rm-fancoil-heat-call,0.0,3,Unitless
2026-08-01 11:45:00,buffer-depth1,47.4,42,F
2026-08-01 11:45:00,buffer-depth2,47.34,26,F
2026-08-01 11:45:00,buffer-depth3,47.5,16,F
2026-08-01 11:45:00,hp-ewt,51.11,29,F
2026-08-01 11:45:00,hp-lwt,48.25,84,F
2026-08-01 11:45:00,secondary-ewt,49.82,16,F
2026-08-01 11:45:00,secondary-flow,7.58,5,gpm
2026-08-01 11:45:00,secondary-lwt,48.6,62,F
2026-08-01 11:45:00,zone1-bedrooms-heat-call,0.0,3,Unitless
2026-08-01 11:45:00,zone5-living-rm-fancoil-heat-call,1.0,4,Unitless
2026-08-01 12:00:00,buffer-depth1,47.32,48,F
2026-08-01 12:00:00,buffer-depth2,47.42,28,F
2026-08-01 12:00:00,buffer-depth3,47.6,17,F
2026-08-01 12:00:00,hp-ewt,50.55,30,F
2026-08-01 12:00:00,hp-lwt,47.45,80,F
2026-08-01 12:00:00,secondary-ewt,48.83,5,F
2026-08-01 12:00:00,secondary-flow,7.5,5,gpm
2026-08-01 12:00:00,secondary-lwt,47.81,61,F
2026-08-01 12:00:00,zone1-bedrooms-heat-call,0.0,3,Unitless
2026-08-01 12:00:00,zone5-living-rm-fancoil-heat-call,0.0,4,Unitless
2026-08-01 12:15:00,buffer-depth1,47.44,41,F
2026-08-01 12:15:00,buffer-depth2,47.51,23,F
2026-08-01 12:15:00,buffer-depth3,47.67,15,F
2026-08-01 12:15:00,hp-ewt,50.99,33,F
2026-08-01 12:15:00,hp-lwt,47.72,89,F
2026-08-01 12:15:00,secondary-ewt,49.94,13,F
2026-08-01 12:15:00,secondary-flow,7.56,3,gpm
2026-08-01 12:15:00,secondary-lwt,47.73,23,F
2026-08-01 12:15:00,zone1-bedrooms-heat-call,0.0,3,Unitless
2026-08-01 12:15:00,zone5-living-rm-fancoil-heat-call,0.0,3,Unitless
2026-08-01 12:30:00,buffer-depth1,47.5,43,F
2026-08-01 12:30:00,buffer-depth2,47.45,30,F
2026-08-01 12:30:00,buffer-depth3,47.74,21,F
2026-08-01 12:30:00,hp-ewt,51.2,27,F
2026-08-01 12:30:00,hp-lwt,47.97,58,F
2026-08-01 12:30:00,secondary-ewt,49.3,13,F
2026-08-01 12:30:00,secondary-flow,7.68,5,gpm
2026-08-01 12:30:00,secondary-lwt,48.41,38,F
2026-08-01 12:30:00,zone1-bedrooms-heat-call,0.0,3,Unitless
2026-08-01 12:30:00,zone5-living-rm-fancoil-heat-call,1.0,5,Unitless
2026-08-01 12:45:00,buffer-depth1,47.27,44,F
2026-08-01 12:45:00,buffer-depth2,47.31,23,F
2026-08-01 12:45:00,buffer-depth3,47.68,18,F
2026-08-01 12:45:00,hp-ewt,50.8,34,F
2026-08-01 12:45:00,hp-lwt,47.45,93,F
2026-08-01 12:45:00,secondary-ewt,48.7,3,F
2026-08-01 12:45:00,secondary-flow,7.4,3,gpm
2026-08-01 12:45:00,secondary-lwt,48.22,51,F
2026-08-01 12:45:00,zone1-bedrooms-heat-call,0.0,3,Unitless
2026-08-01 12:45:00,zone5-living-rm-fancoil-heat-call,0.0,3,Unitless
2026-08-01 13:00:00,buffer-depth1,47.52,43,F
2026-08-01 13:00:00,buffer-depth2,47.38,26,F
2026-08-01 13:00:00,buffer-depth3,47.6,18,F
2026-08-01 13:00:00,hp-ewt,51.24,28,F
2026-08-01 13:00:00,hp-lwt,48.33,76,F
2026-08-01 13:00:00,secondary-ewt,49.95,1,F
2026-08-01 13:00:00,secondary-flow,7.81,1,gpm
2026-08-01 13:00:00,secondary-lwt,51.31,3,F
2026-08-01 13:00:00,zone1-bedrooms-heat-call,0.0,3,Unitless
2026-08-01 13:00:00,zone5-living-rm-fancoil-heat-call,1.0,4,Unitless
2026-08-01 13:15:00,buffer-depth1,47.54,37,F
2026-08-01 13:15:00,buffer-depth2,47.57,22,F
2026-08-01 13:15:00,buffer-depth3,47.7,18,F
2026-08-01 13:15:00,hp-ewt,50.49,29,F
2026-08-01 13:15:00,hp-lwt,47.34,71,F
2026-08-01 13:15:00,secondary-ewt,48.87,2,F
2026-08-01 13:15:00,secondary-flow,7.39,2,gpm
2026-08-01 13:15:00,secondary-lwt,47.45,12,F
2026-08-01 13:15:00,zone1-bedrooms-heat-call,0.0,3,Unitless
2026-08-01 13:15:00,zone5-living-rm-fancoil-heat-call,0.0,4,Unitless
2026-08-01 13:30:00,buffer-depth1,47.56,43,F
2026-08-01 13:30:00,buffer-depth2,47.52,25,F
2026-08-01 13:30:00,buffer-depth3,47.68,18,F
2026-08-01 13:30:00,hp-ewt,51.25,28,F
2026-08-01 13:30:00,hp-lwt,47.92,78,F
2026-08-01 13:30:00,secondary-ewt,49.82,4,F
2026-08-01 13:30:00,secondary-flow,7.81,2,gpm
2026-08-01 13:30:00,secondary-lwt,49.61,25,F
2026-08-01 13:30:00,zone1-bedrooms-heat-call,0.0,3,Unitless
2026-08-01 13:30:00,zone5-living-rm-fancoil-heat-call,1.0,4,Unitless
2026-08-01 13:45:00,buffer-depth1,47.55,41,F
2026-08-01 13:45:00,buffer-depth2,47.56,26,F
2026-08-01 13:45:00,buffer-depth3,47.78,19,F
2026-08-01 13:45:00,hp-ewt,50.68,21,F
2026-08-01 13:45:00,hp-lwt,47.41,57,F
2026-08-01 13:45:00,secondary-ewt,49.72,14,F
2026-08-01 13:45:00,secondary-flow,7.65,8,gpm
2026-08-01 13:45:00,secondary-lwt,47.98,42,F
2026-08-01 13:45:00,zone1-bedrooms-heat-call,0.0,3,Unitless
2026-08-01 13:45:00,zone5-living-rm-fancoil-heat-call,0.0,4,Unitless
2026-08-01 14:00:00,buffer-depth1,47.62,40,F
2026-08-01 14:00:00,buffer-depth2,47.56,27,F
2026-08-01 14:00:00,buffer-depth3,47.74,20,F
2026-08-01 14:00:00,hp-ewt,51.77,14,F
2026-08-01 14:00:00,hp-lwt,48.28,27,F
2026-08-01 14:00:00,secondary-ewt,49.28,5,F
2026-08-01 14:00:00,secondary-flow,7.53,3,gpm
2026-08-01 14:00:00,secondary-lwt,48.41,17,F
2026-08-01 14:00:00,zone1-bedrooms-heat-call,0.0,3,Unitless
2026-08-01 14:00:00,zone5-living-rm-fancoil-heat-call,1.0,5,Unitless
2026-08-01 14:15:00,buffer-depth1,47.51,45,F
2026-08-01 14:15:00,buffer-depth2,47.54,29,F
2026-08-01 14:15:00,buffer-depth3,47.76,17,F
2026-08-01 14:15:00,hp-ewt,50.68,29,F
2026-08-01 14:15:00,hp-lwt,47.81,77,F
2026-08-01 14:15:00,secondary-ewt,49.69,8,F
2026-08-01 14:15:00,secondary-flow,7.51,5,gpm
2026-08-01 14:15:00,secondary-lwt,48.26,61,F
2026-08-01 14:15:00,zone1-bedrooms-heat-call,0.0,3,Unitless
2026-08-01 14:15:00,zone5-living-rm-fancoil-heat-call,0.0,4,Unitless
2026-08-01 14:30:00,buffer-depth1,47.79,49,F
2026-08-01 14:30:00,buffer-depth2,47.76,27,F
2026-08-01 14:30:00,buffer-depth3,47.83,17,F
2026-08-01 14:30:00,hp-ewt,51.22,36,F
2026-08-01 14:30:00,hp-lwt,47.39,91,F
2026-08-01 14:30:00,secondary-ewt,50.3,24,F
2026-08-01 14:30:00,secondary-flow,7.79,5,gpm
2026-08-01 14:30:00,secondary-lwt,48.52,74,F
2026-08-01 14:30:00,zone1-bedrooms-heat-call,0.0,3,Unitless
2026-08-01 14:30:00,zone5-living-rm-fancoil-heat-call,1.0,4,Unitless
2026-08-01 14:45:00,buffer-depth1,47.67,47,F
2026-08-01 14:45:00,buffer-depth2,47.63,27,F
2026-08-01 14:45:00,buffer-depth3,47.9,19,F
2026-08-01 14:45:00,hp-ewt,51.44,29,F
2026-08-01 14:45:00,hp-lwt,48.83,72,F
2026-08-01 14:45:00,secondary-ewt,50.15,12,F
2026-08-01 14:45:00,secondary-flow,7.5,5,gpm
2026-08-01 14:45:00,secondary-lwt,48.99,55,F
2026-08-01 14:45:00,zone1-bedrooms-heat-call,0.0,3,Unitless
2026-08-01 14:45:00,zone5-living-rm-fancoil-heat-call,0.0,4,Unitless
2026-08-01 15:00:00,buffer-depth1,47.72,39,F
2026-08-01 15:00:00,buffer-depth2,47.81,28,F
2026-08-01 15:00:00,buffer-depth3,47.91,17,F
2026-08-01 15:00:00,hp-ewt,51.01,34,F
2026-08-01 15:00:00,hp-lwt,47.02,87,F
2026-08-01 15:00:00,secondary-ewt,49.03,1,F
2026-08-01 15:00:00,secondary-flow,7.41,1,gpm
2026-08-01 15:00:00,secondary-lwt,50.05,5,F
2026-08-01 15:00:00,zone1-bedrooms-heat-call,0.0,3,Unitless
2026-08-01 15:00:00,zone5-living-rm-fancoil-heat-call,1.0,4,Unitless
2026-08-01 15:15:00,buffer-depth1,47.7,43,F
2026-08-01 15:15:00,buffer-depth2,47.73,29,F
2026-08-01 15:15:00,buffer-depth3,47.91,19,F
2026-08-01 15:15:00,hp-ewt,51.31,29,F
2026-08-01 15:15:00,hp-lwt,48.3,75,F
2026-08-01 15:15:00,secondary-ewt,50.24,15,F
2026-08-01 15:15:00,secondary-flow,7.6,6,gpm
2026-08-01 15:15:00,secondary-lwt,48.95,57,F
2026-08-01 15:15:00,zone1-bedrooms-heat-call,0.0,3,Unitless
2026-08-01 15:15:00,zone5-living-rm-fancoil-heat-call,1.0,4,Unitless
2026-08-01 15:30:00,buffer-depth1,47.62,44,F
2026-08-01 15:30:00,buffer-depth2,47.76,28,F
2026-08-01 15:30:00,buffer-depth3,47.91,16,F
2026-08-01 15:30:00,hp-ewt,50.87,32,F
2026-08-01 15:30:00,hp-lwt,47.29,81,F
2026-08-01 15:30:00,secondary-ewt,49.77,16,F
2026-08-01 15:30:00,secondary-flow,7.78,8,gpm
2026-08-01 15:30:00,secondary-lwt,48.15,62,F
2026-08-01 15:30:00,zone1-bedrooms-heat-call,0.0,3,Unitless
2026-08-01 15:30:00,zone5-living-rm-fancoil-heat-call,0.0,4,Unitless
2026-08-01 15:45:00,buffer-depth1,47.77,44,F
2026-08-01 15:45:00,buffer-depth2,47.8,27,F
2026-08-01 15:45:00,buffer-depth3,47.92,16,F
2026-08-01 15:45:00,hp-ewt,51.28,34,F
2026-08-01 15:45:00,hp-lwt,48.16,82,F
2026-08-01 15:45:00,secondary-ewt,50.08,15,F
2026-08-01 15:45:00,secondary-flow,7.59,5,gpm
2026-08-01 15:45:00,secondary-lwt,48.62,59,F
2026-08-01 15:45:00,zone1-bedrooms-heat-call,0.0,3,Unitless
2026-08-01 15:45:00,zone5-living-rm-fancoil-heat-call,1.0,4,Unitless
2026-08-01 16:00:00,buffer-depth1,47.59,36,F
2026-08-01 16:00:00,buffer-depth2,47.7,28,F
2026-08-01 16:00:00,buffer-depth3,47.96,20,F
2026-08-01 16:00:00,hp-ewt,50.76,28,F
2026-08-01 16:00:00,hp-lwt,47.54,75,F
2026-08-01 16:00:00,zone1-bedrooms-heat-call,0.0,3,Unitless
2026-08-01 16:00:00,zone5-living-rm-fancoil-heat-call,0.0,4,Unitless
2026-08-01 16:15:00,buffer-depth1,47.67,39,F
2026-08-01 16:15:00,buffer-depth2,47.71,24,F
2026-08-01 16:15:00,buffer-depth3,47.91,17,F
2026-08-01 16:15:00,hp-ewt,51.2,29,F
2026-08-01 16:15:00,hp-lwt,47.36,75,F
2026-08-01 16:15:00,zone1-bedrooms-heat-call,0.0,3,Unitless
2026-08-01 16:15:00,zone5-living-rm-fancoil-heat-call,1.0,4,Unitless
2026-08-01 16:30:00,buffer-depth1,47.71,47,F
2026-08-01 16:30:00,buffer-depth2,47.76,26,F
2026-08-01 16:30:00,buffer-depth3,47.85,15,F
2026-08-01 16:30:00,hp-ewt,50.4,34,F
2026-08-01 16:30:00,hp-lwt,47.08,77,F
2026-08-01 16:30:00,zone1-bedrooms-heat-call,0.0,3,Unitless
2026-08-01 16:30:00,zone5-living-rm-fancoil-heat-call,1.0,3,Unitless
2026-08-01 16:45:00,buffer-depth1,47.83,46,F
2026-08-01 16:45:00,buffer-depth2,47.95,28,F
2026-08-01 16:45:00,buffer-depth3,47.96,16,F
2026-08-01 16:45:00,hp-ewt,50.08,37,F
2026-08-01 16:45:00,hp-lwt,46.69,91,F
2026-08-01 16:45:00,zone1-bedrooms-heat-call,0.0,3,Unitless
2026-08-01 16:45:00,zone5-living-rm-fancoil-heat-call,1.0,4,Unitless
2026-08-01 17:00:00,buffer-depth1,47.71,37,F
2026-08-01 17:00:00,buffer-depth2,47.76,24,F
2026-08-01 17:00:00,buffer-depth3,47.95,17,F
2026-08-01 17:00:00,hp-ewt,50.2,24,F
2026-08-01 17:00:00,hp-lwt,47.08,56,F
2026-08-01 17:00:00,zone1-bedrooms-heat-call,0.0,3,Unitless
2026-08-01 17:00:00,zone5-living-rm-fancoil-heat-call,1.0,4,Unitless
2026-08-01 17:15:00,buffer-depth1,47.8,49,F
2026-08-01 17:15:00,buffer-depth2,47.92,28,F
2026-08-01 17:15:00,buffer-depth3,47.86,15,F
2026-08-01 17:15:00,hp-ewt,50.01,38,F
2026-08-01 17:15:00,hp-lwt,46.79,94,F
2026-08-01 17:15:00,zone1-bedrooms-heat-call,0.0,3,Unitless
2026-08-01 17:15:00,zone5-living-rm-fancoil-heat-call,1.0,4,Unitless
2026-08-01 17:30:00,buffer-depth1,47.71,37,F
2026-08-01 17:30:00,buffer-depth2,47.68,25,F
2026-08-01 17:30:00,buffer-depth3,47.84,16,F
2026-08-01 17:30:00,hp-ewt,50.23,26,F
2026-08-01 17:30:00,hp-lwt,47.32,70,F
2026-08-01 17:30:00,zone1-bedrooms-heat-call,0.0,3,Unitless
2026-08-01 17:30:00,zone5-living-rm-fancoil-heat-call,1.0,4,Unitless
2026-08-01 17:45:00,buffer-depth1,47.7,49,F
2026-08-01 17:45:00,buffer-depth2,47.78,29,F
2026-08-01 17:45:00,buffer-depth3,47.78,18,F
2026-08-01 17:45:00,hp-ewt,49.84,32,F
2026-08-01 17:45:00,hp-lwt,46.61,80,F
2026-08-01 17:45:00,zone1-bedrooms-heat-call,0.0,3,Unitless
2026-08-01 17:45:00,zone5-living-rm-fancoil-heat-call,1.0,4,Unitless
2026-08-01 18:00:00,buffer-depth1,47.78,45,F
2026-08-01 18:00:00,buffer-depth2,47.77,24,F
2026-08-01 18:00:00,buffer-depth3,47.83,16,F
2026-08-01 18:00:00,hp-ewt,50.04,28,F
2026-08-01 18:00:00,hp-lwt,47.04,80,F
2026-08-01 18:00:00,secondary-ewt,50.07,25,F
2026-08-01 18:00:00,secondary-flow,7.78,6,gpm
2026-08-01 18:00:00,secondary-lwt,48.24,59,F
2026-08-01 18:00:00,zone1-bedrooms-heat-call,0.0,3,Unitless
2026-08-01 18:00:00,zone5-living-rm-fancoil-heat-call,1.0,4,Unitless
2026-08-01 18:15:00,buffer-depth1,47.71,44,F
2026-08-01 18:15:00,buffer-depth2,47.82,29,F
2026-08-01 18:15:00,buffer-depth3,47.86,18,F
2026-08-01 18:15:00,hp-ewt,49.77,28,F
2026-08-01 18:15:00,hp-lwt,46.77,73,F
2026-08-01 18:15:00,secondary-ewt,49.36,9,F
2026-08-01 18:15:00,secondary-flow,7.68,6,gpm
2026-08-01 18:15:00,secondary-lwt,47.73,54,F
2026-08-01 18:15:00,zone1-bedrooms-heat-call,0.0,3,Unitless
2026-08-01 18:15:00,zone5-living-rm-fancoil-heat-call,1.0,4,Unitless
2026-08-01 18:30:00,buffer-depth1,47.83,40,F
2026-08-01 18:30:00,buffer-depth2,47.79,24,F
2026-08-01 18:30:00,buffer-depth3,47.89,15,F
2026-08-01 18:30:00,hp-ewt,49.9,32,F
2026-08-01 18:30:00,hp-lwt,46.65,88,F
2026-08-01 18:30:00,secondary-ewt,50.08,25,F
2026-08-01 18:30:00,secondary-flow,7.78,8,gpm
2026-08-01 18:30:00,secondary-lwt,47.97,63,F
2026-08-01 18:30:00,zone1-bedrooms-heat-call,0.0,5,Unitless
2026-08-01 18:30:00,zone5-living-rm-fancoil-heat-call,1.0,4,Unitless
2026-08-01 18:45:00,buffer-depth1,47.81,40,F
2026-08-01 18:45:00,buffer-depth2,47.83,24,F
2026-08-01 18:45:00,buffer-depth3,47.93,16,F
2026-08-01 18:45:00,hp-ewt,49.8,25,F
2026-08-01 18:45:00,hp-lwt,47.66,74,F
2026-08-01 18:45:00,secondary-ewt,49.25,7,F
2026-08-01 18:45:00,secondary-flow,7.39,4,gpm
2026-08-01 18:45:00,secondary-lwt,48.34,63,F
2026-08-01 18:45:00,zone1-bedrooms-heat-call,0.0,3,Unitless
2026-08-01 18:45:00,zone5-living-rm-fancoil-heat-call,0.0,4,Unitless
2026-08-01 19:00:00,buffer-depth1,47.65,49,F
2026-08-01 19:00:00,buffer-depth2,47.7,31,F
2026-08-01 19:00:00,buffer-depth3,47.85,16,F
2026-08-01 19:00:00,hp-ewt,49.88,37,F
2026-08-01 19:00:00,hp-lwt,46.82,87,F
2026-08-01 19:00:00,secondary-ewt,50.45,18,F
2026-08-01 19:00:00,secondary-flow,7.88,5,gpm
2026-08-01 19:00:00,secondary-lwt,47.59,27,F
2026-08-01 19:00:00,zone1-bedrooms-heat-call,0.0,5,Unitless
2026-08-01 19:00:00,zone5-living-rm-fancoil-heat-call,1.0,4,Unitless
2026-08-01 19:15:00,buffer-depth1,47.69,32,F
2026-08-01 19:15:00,buffer-depth2,47.71,22,F
2026-08-01 19:15:00,buffer-depth3,47.79,18,F
2026-08-01 19:15:00,hp-ewt,49.51,20,F
2026-08-01 19:15:00,hp-lwt,46.75,64,F
2026-08-01 19:15:00,secondary-ewt,49.86,8,F
2026-08-01 19:15:00,secondary-flow,7.53,4,gpm
2026-08-01 19:15:00,secondary-lwt,47.77,33,F
2026-08-01 19:15:00,zone1-bedrooms-heat-call,0.0,3,Unitless
2026-08-01 19:15:00,zone5-living-rm-fancoil-heat-call,0.0,5,Unitless
2026-08-01 19:30:00,buffer-depth1,47.71,40,F
2026-08-01 19:30:00,buffer-depth2,47.7,26,F
2026-08-01 19:30:00,buffer-depth3,47.76,16,F
2026-08-01 19:30:00,hp-ewt,50.14,29,F
2026-08-01 19:30:00,hp-lwt,47.4,66,F
2026-08-01 19:30:00,secondary-ewt,50.66,11,F
2026-08-01 19:30:00,secondary-flow,7.91,2,gpm
2026-08-01 19:30:00,secondary-lwt,49.26,15,F
2026-08-01 19:30:00,zone1-bedrooms-heat-call,0.0,3,Unitless
2026-08-01 19:30:00,zone5-living-rm-fancoil-heat-call,1.0,6,Unitless
2026-08-01 19:45:00,buffer-depth1,47.47,41,F
2026-08-01 19:45:00,buffer-depth2,47.59,27,F
2026-08-01 19:45:00,buffer-depth3,47.85,19,F
2026-08-01 19:45:00,hp-ewt,50.11,26,F
2026-08-01 19:45:00,hp-lwt,46.71,79,F
2026-08-01 19:45:00,secondary-ewt,49.83,17,F
2026-08-01 19:45:00,secondary-flow,7.56,6,gpm
2026-08-01 19:45:00,secondary-lwt,47.33,48,F
2026-08-01 19:45:00,zone1-bedrooms-heat-call,0.0,3,Unitless
2026-08-01 19:45:00,zone5-living-rm-fancoil-heat-call,0.0,4,Unitless
2026-08-01 20:00:00,buffer-depth1,47.49,40,F
2026-08-01 20:00:00,buffer-depth2,47.49,26,F
2026-08-01 20:00:00,buffer-depth3,47.68,16,F
2026-08-01 20:00:00,hp-ewt,50.67,28,F
2026-08-01 20:00:00,hp-lwt,47.06,56,F
2026-08-01 20:00:00,secondary-ewt,50.05,18,F
2026-08-01 20:00:00,secondary-flow,7.93,5,gpm
2026-08-01 20:00:00,secondary-lwt,48.49,45,F
2026-08-01 20:00:00,zone1-bedrooms-heat-call,0.0,5,Unitless
2026-08-01 20:00:00,zone5-living-rm-fancoil-heat-call,1.0,4,Unitless
2026-08-01 20:15:00,buffer-depth1,47.45,44,F
2026-08-01 20:15:00,buffer-depth2,47.52,23,F
2026-08-01 20:15:00,buffer-depth3,47.68,15,F
2026-08-01 20:15:00,hp-ewt,50.26,30,F
2026-08-01 20:15:00,hp-lwt,46.7,85,F
2026-08-01 20:15:00,secondary-ewt,49.59,15,F
2026-08-01 20:15:00,secondary-flow,7.65,9,gpm
2026-08-01 20:15:00,secondary-lwt,47.85,65,F
2026-08-01 20:15:00,zone1-bedrooms-heat-call,0.0,3,Unitless
2026-08-01 20:15:00,zone5-living-rm-fancoil-heat-call,1.0,4,Unitless
2026-08-01 20:30:00,buffer-depth1,47.64,41,F
2026-08-01 20:30:00,buffer-depth2,47.59,26,F
2026-08-01 20:30:00,buffer-depth3,47.74,15,F
2026-08-01 20:30:00,hp-ewt,51.02,31,F
2026-08-01 20:30:00,hp-lwt,48.12,76,F
2026-08-01 20:30:00,secondary-ewt,49.78,19,F
2026-08-01 20:30:00,secondary-flow,7.69,6,gpm
2026-08-01 20:30:00,secondary-lwt,48.82,57,F
2026-08-01 20:30:00,zone1-bedrooms-heat-call,0.0,3,Unitless
2026-08-01 20:30:00,zone5-living-rm-fancoil-heat-call,1.0,4,Unitless
2026-08-01 20:45:00,buffer-depth1,47.55,50,F
2026-08-01 20:45:00,buffer-depth2,47.71,31,F
2026-08-01 20:45:00,buffer-depth3,47.85,16,F
2026-08-01 20:45:00,hp-ewt,50.46,35,F
2026-08-01 20:45:00,hp-lwt,46.68,89,F
2026-08-01 20:45:00,secondary-ewt,49.69,19,F
2026-08-01 20:45:00,secondary-flow,7.66,7,gpm
2026-08-01 20:45:00,secondary-lwt,48.09,70,F
2026-08-01 20:45:00,zone1-bedrooms-heat-call,0.0,3,Unitless
2026-08-01 20:45:00,zone5-living-rm-fancoil-heat-call,1.0,4,Unitless
2026-08-01 21:00:00,buffer-depth1,47.64,38,F
2026-08-01 21:00:00,buffer-depth2,47.61,23,F
2026-08-01 21:00:00,buffer-depth3,47.77,15,F
2026-08-01 21:00:00,hp-ewt,50.81,26,F
2026-08-01 21:00:00,hp-lwt,47.47,67,F
2026-08-01 21:00:00,secondary-ewt,49.25,8,F
2026-08-01 21:00:00,secondary-flow,7.46,5,gpm
2026-08-01 21:00:00,secondary-lwt,48.28,50,F
2026-08-01 21:00:00,zone1-bedrooms-heat-call,0.0,3,Unitless
2026-08-01 21:00:00,zone5-living-rm-fancoil-heat-call,0.0,4,Unitless
2026-08-01 21:15:00,buffer-depth1,47.72,45,F
2026-08-01 21:15:00,buffer-depth2,47.71,28,F
2026-08-01 21:15:00,buffer-depth3,47.84,15,F
2026-08-01 21:15:00,hp-ewt,50.84,31,F
2026-08-01 21:15:00,hp-lwt,46.9,86,F
2026-08-01 21:15:00,secondary-ewt,50.15,31,F
2026-08-01 21:15:00,secondary-flow,7.8,7,gpm
2026-08-01 21:15:00,secondary-lwt,48.28,56,F
2026-08-01 21:15:00,zone1-bedrooms-heat-call,0.0,3,Unitless
2026-08-01 21:15:00,zone5-living-rm-fancoil-heat-call,1.0,4,Unitless
2026-08-01 21:30:00,buffer-depth1,47.6,40,F
2026-08-01 21:30:00,buffer-depth2,47.72,26,F
2026-08-01 21:30:00,buffer-depth3,47.89,17,F
2026-08-01 21:30:00,hp-ewt,50.64,27,F
2026-08-01 21:30:00,hp-lwt,47.05,77,F
2026-08-01 21:30:00,secondary-ewt,49.33,6,F
2026-08-01 21:30:00,secondary-flow,7.48,4,gpm
2026-08-01 21:30:00,secondary-lwt,47.93,58,F
2026-08-01 21:30:00,zone1-bedrooms-heat-call,0.0,3,Unitless
2026-08-01 21:30:00,zone5-living-rm-fancoil-heat-call,0.0,7,Unitless
2026-08-01 21:45:00,buffer-depth1,47.76,47,F
2026-08-01 21:45:00,buffer-depth2,47.79,28,F
2026-08-01 21:45:00,buffer-depth3,47.86,17,F
2026-08-01 21:45:00,hp-ewt,50.81,32,F
2026-08-01 21:45:00,hp-lwt,47.15,77,F
2026-08-01 21:45:00,secondary-ewt,50.27,29,F
2026-08-01 21:45:00,secondary-flow,7.76,7,gpm
2026-08-01 21:45:00,secondary-lwt,48.5,58,F
2026-08-01 21:45:00,zone1-bedrooms-heat-call,0.0,3,Unitless
2026-08-01 21:45:00,zone5-living-rm-fancoil-heat-call,1.0,4,Unitless
2026-08-01 22:00:00,buffer-depth1,47.72,44,F
2026-08-01 22:00:00,buffer-depth2,47.76,26,F
2026-08-01 22:00:00,buffer-depth3,47.97,17,F
2026-08-01 22:00:00,hp-ewt,50.82,30,F
2026-08-01 22:00:00,hp-lwt,47.22,75,F
2026-08-01 22:00:00,secondary-ewt,50.03,16,F
2026-08-01 22:00:00,secondary-flow,7.54,7,gpm
2026-08-01 22:00:00,secondary-lwt,48.11,56,F
2026-08-01 22:00:00,zone1-bedrooms-heat-call,0.0,3,Unitless
2026-08-01 22:00:00,zone5-living-rm-fancoil-heat-call,0.0,4,Unitless
2026-08-01 22:15:00,buffer-depth1,47.39,45,F
2026-08-01 22:15:00,buffer-depth2,47.46,31,F
2026-08-01 22:15:00,buffer-depth3,47.7,19,F
2026-08-01 22:15:00,hp-ewt,50.59,28,F
2026-08-01 22:15:00,hp-lwt,46.73,70,F
2026-08-01 22:15:00,secondary-ewt,49.69,17,F
2026-08-01 22:15:00,secondary-flow,7.67,6,gpm
2026-08-01 22:15:00,secondary-lwt,48.09,55,F
2026-08-01 22:15:00,zone1-bedrooms-heat-call,0.0,3,Unitless
2026-08-01 22:15:00,zone5-living-rm-fancoil-heat-call,1.0,4,Unitless
2026-08-01 22:30:00,buffer-depth1,47.68,41,F
2026-08-01 22:30:00,buffer-depth2,47.72,23,F
2026-08-01 22:30:00,buffer-depth3,47.82,17,F
2026-08-01 22:30:00,hp-ewt,50.8,29,F
2026-08-01 22:30:00,hp-lwt,47.04,74,F
2026-08-01 22:30:00,secondary-ewt,49.69,17,F
2026-08-01 22:30:00,secondary-flow,7.6,7,gpm
2026-08-01 22:30:00,secondary-lwt,48.23,55,F
2026-08-01 22:30:00,zone1-bedrooms-heat-call,0.0,3,Unitless
2026-08-01 22:30:00,zone5-living-rm-fancoil-heat-call,0.0,4,Unitless
2026-08-01 22:45:00,buffer-depth1,47.7,41,F
2026-08-01 22:45:00,buffer-depth2,47.69,25,F
2026-08-01 22:45:00,buffer-depth3,47.87,17,F
2026-08-01 22:45:00,hp-ewt,51.74,2,F
2026-08-01 22:45:00,hp-lwt,50.81,2,F
2026-08-01 22:45:00,secondary-ewt,48.9,2,F
2026-08-01 22:45:00,secondary-flow,7.4,2,gpm
2026-08-01 22:45:00,secondary-lwt,48.95,2,F
2026-08-01 22:45:00,zone1-bedrooms-heat-call,0.0,3,Unitless
2026-08-01 22:45:00,zone5-living-rm-fancoil-heat-call,1.0,6,Unitless
2026-08-01 23:00:00,buffer-depth1,47.76,45,F
2026-08-01 23:00:00,buffer-depth2,47.78,28,F
2026-08-01 23:00:00,buffer-depth3,47.86,17,F
2026-08-01 23:00:00,hp-ewt,50.72,31,F
2026-08-01 23:00:00,hp-lwt,47.25,84,F
2026-08-01 23:00:00,secondary-ewt,50.27,24,F
2026-08-01 23:00:00,secondary-flow,7.77,7,gpm
2026-08-01 23:00:00,secondary-lwt,48.42,68,F
2026-08-01 23:00:00,zone1-bedrooms-heat-call,0.0,3,Unitless
2026-08-01 23:00:00,zone5-living-rm-fancoil-heat-call,1.0,4,Unitless
2026-08-01 23:15:00,buffer-depth1,47.64,37,F
2026-08-01 23:15:00,buffer-depth2,47.71,22,F
2026-08-01 23:15:00,buffer-depth3,47.95,16,F
2026-08-01 23:15:00,hp-ewt,50.68,28,F
2026-08-01 23:15:00,hp-lwt,47.45,63,F
2026-08-01 23:15:00,secondary-ewt,49.33,9,F
2026-08-01 23:15:00,secondary-flow,7.59,5,gpm
2026-08-01 23:15:00,secondary-lwt,48.24,53,F
2026-08-01 23:15:00,zone1-bedrooms-heat-call,0.0,3,Unitless
2026-08-01 23:15:00,zone5-living-rm-fancoil-heat-call,0.0,6,Unitless
2026-08-01 23:30:00,buffer-depth1,47.63,49,F
2026-08-01 23:30:00,buffer-depth2,47.73,29,F
2026-08-01 23:30:00,buffer-depth3,47.85,19,F
2026-08-01 23:30:00,hp-ewt,50.67,37,F
2026-08-01 23:30:00,hp-lwt,47.22,99,F
2026-08-01 23:30:00,secondary-ewt,49.99,15,F
2026-08-01 23:30:00,secondary-flow,7.54,6,gpm
2026-08-01 23:30:00,secondary-lwt,48.14,67,F
2026-08-01 23:30:00,zone1-bedrooms-heat-call,0.0,3,Unitless
2026-08-01 23:30:00,zone5-living-rm-fancoil-heat-call,1.0,5,Unitless
2026-08-01 23:45:00,buffer-depth1,47.71,40,F
2026-08-01 23:45:00,buffer-depth2,47.76,23,F
2026-08-01 23:45:00,buffer-depth3,47.86,17,F
2026-08-01 23:45:00,hp-ewt,51.17,27,F
2026-08-01 23:45:00,hp-lwt,48.05,62,F
2026-08-01 23:45:00,secondary-ewt,49.98,8,F
2026-08-01 23:45:00,secondary-flow,7.56,3,gpm
2026-08-01 23:45:00,secondary-lwt,50.39,10,F
2026-08-01 23:45:00,zone1-bedrooms-heat-call,0.0,3,Unitless
2026-08-01 23:45:00,zone5-living-rm-fancoil-heat-call,0.0,3,Unitless
2026-08-02 00:00:00,buffer-depth1,48.64,24,F
2026-08-02 00:00:00,buffer-depth2,48.4,22,F
2026-08-02 00:00:00,buffer-depth3,48.24,19,F
2026-08-02 00:00:00,hp-ewt,52.15,10,F
2026-08-02 00:00:00,hp-lwt,50.66,17,F
2026-08-02 00:00:00,secondary-ewt,50.21,13,F
2026-08-02 00:00:00,secondary-flow,7.58,7,gpm
2026-08-02 00:00:00,secondary-lwt,50.26,11,F
2026-08-02 00:00:00,zone1-bedrooms-heat-call,0.0,3,Unitless
2026-08-02 00:00:00,zone5-living-rm-fancoil-heat-call,1.0,5,Unitless
2026-08-02 00:15:00,buffer-depth1,48.26,33,F
2026-08-02 00:15:00,buffer-depth2,48.46,23,F
2026-08-02 00:15:00,buffer-depth3,48.73,20,F
2026-08-02 00:15:00,hp-ewt,51.44,24,F
2026-08-02 00:15:00,hp-lwt,47.6,56,F
2026-08-02 00:15:00,secondary-ewt,50.39,12,F
2026-08-02 00:15:00,secondary-flow,7.53,4,gpm
2026-08-02 00:15:00,secondary-lwt,48.74,40,F
2026-08-02 00:15:00,zone1-bedrooms-heat-call,0.0,3,Unitless
2026-08-02 00:15:00,zone5-living-rm-fancoil-heat-call,0.0,3,Unitless
2026-08-02 00:30:00,buffer-depth1,48.18,43,F
2026-08-02 00:30:00,buffer-depth2,48.24,29,F
2026-08-02 00:30:00,buffer-depth3,48.39,16,F
2026-08-02 00:30:00,hp-ewt,51.03,33,F
2026-08-02 00:30:00,hp-lwt,46.8,81,F
2026-08-02 00:30:00,secondary-ewt,50.5,23,F
2026-08-02 00:30:00,secondary-flow,7.78,7,gpm
2026-08-02 00:30:00,secondary-lwt,48.3,56,F
2026-08-02 00:30:00,zone1-bedrooms-heat-call,0.0,3,Unitless
2026-08-02 00:30:00,zone5-living-rm-fancoil-heat-call,1.0,5,Unitless
2026-08-02 00:45:00,buffer-depth1,47.88,42,F
2026-08-02 00:45:00,buffer-depth2,47.99,22,F
2026-08-02 00:45:00,buffer-depth3,48.27,16,F
2026-08-02 00:45:00,hp-ewt,50.78,28,F
2026-08-02 00:45:00,hp-lwt,47.86,68,F
2026-08-02 00:45:00,secondary-ewt,49.41,1,F
2026-08-02 00:45:00,secondary-flow,7.4,1,gpm
2026-08-02 00:45:00,secondary-lwt,48.48,15,F
2026-08-02 00:45:00,zone1-bedrooms-heat-call,0.0,3,Unitless
2026-08-02 00:45:00,zone5-living-rm-fancoil-heat-call,0.0,4,Unitless
2026-08-02 01:00:00,buffer-depth1,47.71,41,F
2026-08-02 01:00:00,buffer-depth2,47.78,25,F
2026-08-02 01:00:00,buffer-depth3,48.08,20,F
2026-08-02 01:00:00,hp-ewt,50.78,33,F
2026-08-02 01:00:00,hp-lwt,46.72,83,F
2026-08-02 01:00:00,secondary-ewt,49.81,17,F
2026-08-02 01:00:00,secondary-flow,7.63,6,gpm
2026-08-02 01:00:00,secondary-lwt,47.87,44,F
2026-08-02 01:00:00,zone1-bedrooms-heat-call,0.0,3,Unitless
2026-08-02 01:00:00,zone5-living-rm-fancoil-heat-call,1.0,6,Unitless
2026-08-02 01:15:00,buffer-depth1,47.63,33,F
2026-08-02 01:15:00,buffer-depth2,47.71,25,F
2026-08-02 01:15:00,buffer-depth3,47.94,17,F
2026-08-02 01:15:00,hp-ewt,50.89,26,F
2026-08-02 01:15:00,hp-lwt,47.44,59,F
2026-08-02 01:15:00,secondary-ewt,49.19,5,F
2026-08-02 01:15:00,secondary-flow,7.54,3,gpm
2026-08-02 01:15:00,secondary-lwt,47.94,42,F
2026-08-02 01:15:00,zone1-bedrooms-heat-call,0.0,3,Unitless
2026-08-02 01:15:00,zone5-living-rm-fancoil-heat-call,0.0,4,Unitless
2026-08-02 01:30:00,buffer-depth1,47.53,40,F
2026-08-02 01:30:00,buffer-depth2,47.53,27,F
2026-08-02 01:30:00,buffer-depth3,47.86,17,F
2026-08-02 01:30:00,hp-ewt,50.71,26,F
2026-08-02 01:30:00,hp-lwt,46.85,73,F
2026-08-02 01:30:00,secondary-ewt,49.15,7,F
2026-08-02 01:30:00,secondary-flow,7.51,5,gpm
2026-08-02 01:30:00,secondary-lwt,48.49,20,F
2026-08-02 01:30:00,zone1-bedrooms-heat-call,0.0,3,Unitless
2026-08-02 01:30:00,zone5-living-rm-fancoil-heat-call,1.0,4,Unitless
2026-08-02 01:45:00,buffer-depth1,47.29,34,F
2026-08-02 01:45:00,buffer-depth2,47.39,21,F
2026-08-02 01:45:00,buffer-depth3,47.66,17,F
2026-08-02 01:45:00,hp-ewt,50.45,27,F
2026-08-02 01:45:00,hp-lwt,47.0,71,F
2026-08-02 01:45:00,secondary-ewt,49.53,20,F
2026-08-02 01:45:00,secondary-flow,7.66,5,gpm
2026-08-02 01:45:00,secondary-lwt,47.77,55,F
2026-08-02 01:45:00,zone1-bedrooms-heat-call,0.0,3,Unitless
2026-08-02 01:45:00,zone5-living-rm-fancoil-heat-call,0.0,4,Unitless
2026-08-02 02:00:00,buffer-depth1,47.61,40,F
2026-08-02 02:00:00,buffer-depth2,47.62,25,F
2026-08-02 02:00:00,buffer-depth3,47.69,16,F
2026-08-02 02:00:00,hp-ewt,50.72,27,F
2026-08-02 02:00:00,hp-lwt,47.63,72,F
2026-08-02 02:00:00,secondary-ewt,50.04,16,F
2026-08-02 02:00:00,secondary-flow,7.68,7,gpm
2026-08-02 02:00:00,secondary-lwt,48.69,54,F
2026-08-02 02:00:00,zone1-bedrooms-heat-call,0.0,3,Unitless
2026-08-02 02:00:00,zone5-living-rm-fancoil-heat-call,1.0,4,Unitless
2026-08-02 02:15:00,buffer-depth1,47.19,40,F
2026-08-02 02:15:00,buffer-depth2,47.35,28,F
2026-08-02 02:15:00,buffer-depth3,47.69,16,F
2026-08-02 02:15:00,hp-ewt,50.32,30,F
2026-08-02 02:15:00,hp-lwt,46.65,79,F
2026-08-02 02:15:00,secondary-ewt,48.74,4,F
2026-08-02 02:15:00,secondary-flow,7.39,3,gpm
2026-08-02 02:15:00,secondary-lwt,47.53,56,F
2026-08-02 02:15:00,zone1-bedrooms-heat-call,0.0,3,Unitless
2026-08-02 02:15:00,zone5-living-rm-fancoil-heat-call,0.0,3,Unitless
2026-08-02 02:30:00,buffer-depth1,47.54,34,F
2026-08-02 02:30:00,buffer-depth2,47.51,25,F
2026-08-02 02:30:00,buffer-depth3,47.65,15,F
2026-08-02 02:30:00,hp-ewt,50.74,22,F
2026-08-02 02:30:00,hp-lwt,47.41,55,F
2026-08-02 02:30:00,secondary-ewt,49.96,28,F
2026-08-02 02:30:00,secondary-flow,7.7,8,gpm
2026-08-02 02:30:00,secondary-lwt,48.41,45,F
2026-08-02 02:30:00,zone1-bedrooms-heat-call,0.0,3,Unitless
2026-08-02 02:30:00,zone5-living-rm-fancoil-heat-call,0.0,5,Unitless
2026-08-02 02:45:00,buffer-depth1,47.35,46,F
2026-08-02 02:45:00,buffer-depth2,47.48,24,F
2026-08-02 02:45:00,buffer-depth3,47.74,17,F
2026-08-02 02:45:00,hp-ewt,50.52,34,F
2026-08-02 02:45:00,hp-lwt,46.62,88,F
2026-08-02 02:45:00,secondary-ewt,48.77,2,F
2026-08-02 02:45:00,secondary-flow,7.41,2,gpm
2026-08-02 02:45:00,secondary-lwt,47.92,32,F
2026-08-02 02:45:00,zone1-bedrooms-heat-call,0.0,3,Unitless
2026-08-02 02:45:00,zone5-living-rm-fancoil-heat-call,0.0,3,Unitless
2026-08-02 03:00:00,buffer-depth1,47.61,34,F
2026-08-02 03:00:00,buffer-depth2,47.55,24,F
2026-08-02 03:00:00,buffer-depth3,47.73,16,F
2026-08-02 03:00:00,hp-ewt,50.83,23,F
2026-08-02 03:00:00,hp-lwt,47.41,56,F
2026-08-02 03:00:00,secondary-ewt,48.9,4,F
2026-08-02 03:00:00,secondary-flow,7.5,5,gpm
2026-08-02 03:00:00,secondary-lwt,47.78,20,F
2026-08-02 03:00:00,zone1-bedrooms-heat-call,0.0,5,Unitless
2026-08-02 03:00:00,zone5-living-rm-fancoil-heat-call,0.0,5,Unitless
2026-08-02 03:15:00,buffer-depth1,47.38,48,F
2026-08-02 03:15:00,buffer-depth2,47.43,25,F
2026-08-02 03:15:00,buffer-depth3,47.73,17,F
2026-08-02 03:15:00,hp-ewt,50.66,32,F
2026-08-02 03:15:00,hp-lwt,46.94,98,F
2026-08-02 03:15:00,secondary-ewt,49.62,15,F
2026-08-02 03:15:00,secondary-flow,7.52,4,gpm
2026-08-02 03:15:00,secondary-lwt,47.93,68,F
2026-08-02 03:15:00,zone1-bedrooms-heat-call,0.0,3,Unitless
2026-08-02 03:15:00,zone5-living-rm-fancoil-heat-call,0.0,3,Unitless
2026-08-02 03:30:00,buffer-depth1,47.53,37,F
2026-08-02 03:30:00,buffer-depth2,47.54,25,F
2026-08-02 03:30:00,buffer-depth3,47.75,16,F
2026-08-02 03:30:00,hp-ewt,52.66,3,F
2026-08-02 03:30:00,hp-lwt,51.72,3,F
2026-08-02 03:30:00,secondary-ewt,49.84,19,F
2026-08-02 03:30:00,secondary-flow,7.63,7,gpm
2026-08-02 03:30:00,secondary-lwt,48.63,44,F
2026-08-02 03:30:00,zone1-bedrooms-heat-call,0.0,3,Unitless
2026-08-02 03:30:00,zone5-living-rm-fancoil-heat-call,1.0,5,Unitless
2026-08-02 03:45:00,buffer-depth1,47.36,46,F
2026-08-02 03:45:00,buffer-depth2,47.47,25,F
2026-08-02 03:45:00,buffer-depth3,47.72,17,F
2026-08-02 03:45:00,hp-ewt,50.74,35,F
2026-08-02 03:45:00,hp-lwt,47.09,97,F
2026-08-02 03:45:00,secondary-ewt,48.75,3,F
2026-08-02 03:45:00,secondary-flow,7.38,3,gpm
2026-08-02 03:45:00,secondary-lwt,47.91,67,F
2026-08-02 03:45:00,zone1-bedrooms-heat-call,0.0,3,Unitless
2026-08-02 03:45:00,zone5-living-rm-fancoil-heat-call,0.0,3,Unitless
2026-08-02 04:00:00,buffer-depth1,47.31,35,F
2026-08-02 04:00:00,buffer-depth2,47.37,23,F
2026-08-02 04:00:00,buffer-depth3,47.63,16,F
2026-08-02 04:00:00,hp-ewt,51.03,25,F
2026-08-02 04:00:00,hp-lwt,47.8,55,F
2026-08-02 04:00:00,secondary-ewt,49.83,20,F
2026-08-02 04:00:00,secondary-flow,7.55,7,gpm
2026-08-02 04:00:00,secondary-lwt,48.36,40,F
2026-08-02 04:00:00,zone1-bedrooms-heat-call,0.0,3,Unitless
2026-08-02 04:00:00,zone5-living-rm-fancoil-heat-call,0.0,5,Unitless
2026-08-02 04:15:00,buffer-depth1,47.54,45,F
2026-08-02 04:15:00,buffer-depth2,47.62,28,F
2026-08-02 04:15:00,buffer-depth3,47.68,17,F
2026-08-02 04:15:00,hp-ewt,50.82,36,F
2026-08-02 04:15:00,hp-lwt,47.17,101,F
2026-08-02 04:15:00,secondary-ewt,49.54,18,F
2026-08-02 04:15:00,secondary-flow,7.57,8,gpm
2026-08-02 04:15:00,secondary-lwt,47.98,66,F
2026-08-02 04:15:00,zone1-bedrooms-heat-call,0.0,3,Unitless
2026-08-02 04:15:00,zone5-living-rm-fancoil-heat-call,0.0,3,Unitless
2026-08-02 04:30:00,buffer-depth1,47.6,36,F
2026-08-02 04:30:00,buffer-depth2,47.57,23,F
2026-08-02 04:30:00,buffer-depth3,47.77,18,F
2026-08-02 04:30:00,hp-ewt,51.05,25,F
2026-08-02 04:30:00,hp-lwt,48.12,66,F
2026-08-02 04:30:00,secondary-ewt,50.1,2,F
2026-08-02 04:30:00,secondary-flow,7.79,2,gpm
2026-08-02 04:30:00,secondary-lwt,50.61,7,F
2026-08-02 04:30:00,zone1-bedrooms-heat-call,0.0,3,Unitless
2026-08-02 04:30:00,zone5-living-rm-fancoil-heat-call,1.0,4,Unitless
2026-08-02 04:45:00,buffer-depth1,47.49,50,F
2026-08-02 04:45:00,buffer-depth2,47.59,26,F
2026-08-02 04:45:00,buffer-depth3,47.84,16,F
2026-08-02 04:45:00,hp-ewt,50.62,35,F
2026-08-02 04:45:00,hp-lwt,46.87,91,F
2026-08-02 04:45:00,secondary-ewt,49.11,6,F
2026-08-02 04:45:00,secondary-flow,7.41,5,gpm
2026-08-02 04:45:00,secondary-lwt,47.84,64,F
2026-08-02 04:45:00,zone1-bedrooms-heat-call,0.0,3,Unitless
2026-08-02 04:45:00,zone5-living-rm-fancoil-heat-call,0.0,4,Unitless
2026-08-02 05:00:00,buffer-depth1,47.42,32,F
2026-08-02 05:00:00,buffer-depth2,47.53,23,F
2026-08-02 05:00:00,buffer-depth3,47.77,15,F
2026-08-02 05:00:00,hp-ewt,51.03,25,F
2026-08-02 05:00:00,hp-lwt,47.68,56,F
2026-08-02 05:00:00,secondary-ewt,49.91,11,F
2026-08-02 05:00:00,secondary-flow,7.79,7,gpm
2026-08-02 05:00:00,secondary-lwt,48.35,39,F
2026-08-02 05:00:00,zone1-bedrooms-heat-call,0.0,3,Unitless
2026-08-02 05:00:00,zone5-living-rm-fancoil-heat-call,0.0,4,Unitless
2026-08-02 05:15:00,buffer-depth1,47.56,49,F
2026-08-02 05:15:00,buffer-depth2,47.67,28,F
2026-08-02 05:15:00,buffer-depth3,47.8,15,F
2026-08-02 05:15:00,hp-ewt,50.71,37,F
2026-08-02 05:15:00,hp-lwt,47.1,96,F
2026-08-02 05:15:00,secondary-ewt,50.1,18,F
2026-08-02 05:15:00,secondary-flow,7.61,5,gpm
2026-08-02 05:15:00,secondary-lwt,48.08,68,F
2026-08-02 05:15:00,zone1-bedrooms-heat-call,0.0,3,Unitless
2026-08-02 05:15:00,zone5-living-rm-fancoil-heat-call,1.0,4,Unitless
2026-08-02 05:30:00,buffer-depth1,47.43,31,F
2026-08-02 05:30:00,buffer-depth2,47.58,21,F
2026-08-02 05:30:00,buffer-depth3,47.87,16,F
2026-08-02 05:30:00,hp-ewt,50.89,23,F
2026-08-02 05:30:00,hp-lwt,47.18,49,F
2026-08-02 05:30:00,secondary-ewt,48.91,3,F
2026-08-02 05:30:00,secondary-flow,7.4,3,gpm
2026-08-02 05:30:00,secondary-lwt,47.97,37,F
2026-08-02 05:30:00,zone1-bedrooms-heat-call,0.0,3,Unitless
2026-08-02 05:30:00,zone5-living-rm-fancoil-heat-call,0.0,3,Unitless
2026-08-02 05:45:00,buffer-depth1,47.57,48,F
2026-08-02 05:45:00,buffer-depth2,47.58,26,F
2026-08-02 05:45:00,buffer-depth3,47.75,17,F
2026-08-02 05:45:00,hp-ewt,50.92,36,F
2026-08-02 05:45:00,hp-lwt,47.16,95,F
2026-08-02 05:45:00,secondary-ewt,50.0,18,F
2026-08-02 05:45:00,secondary-flow,7.63,7,gpm
2026-08-02 05:45:00,secondary-lwt,48.09,71,F
2026-08-02 05:45:00,zone1-bedrooms-heat-call,0.0,3,Unitless
2026-08-02 05:45:00,zone5-living-rm-fancoil-heat-call,1.0,5,Unitless
2026-08-02 06:00:00,buffer-depth1,47.71,32,F
2026-08-02 06:00:00,buffer-depth2,47.69,20,F
2026-08-02 06:00:00,buffer-depth3,47.9,18,F
2026-08-02 06:00:00,hp-ewt,51.07,24,F
2026-08-02 06:00:00,hp-lwt,47.76,58,F
2026-08-02 06:00:00,secondary-ewt,48.97,1,F
2026-08-02 06:00:00,secondary-flow,7.4,1,gpm
2026-08-02 06:00:00,secondary-lwt,49.56,4,F
2026-08-02 06:00:00,zone1-bedrooms-heat-call,0.0,3,Unitless
2026-08-02 06:00:00,zone5-living-rm-fancoil-heat-call,0.0,3,Unitless
2026-08-02 06:15:00,buffer-depth1,47.72,40,F
2026-08-02 06:15:00,buffer-depth2,47.81,25,F
2026-08-02 06:15:00,buffer-depth3,48.0,19,F
2026-08-02 06:15:00,hp-ewt,50.98,34,F
2026-08-02 06:15:00,hp-lwt,47.21,98,F
2026-08-02 06:15:00,secondary-ewt,49.97,17,F
2026-08-02 06:15:00,secondary-flow,7.51,5,gpm
2026-08-02 06:15:00,secondary-lwt,48.43,40,F
2026-08-02 06:15:00,zone1-bedrooms-heat-call,0.0,3,Unitless
2026-08-02 06:15:00,zone5-living-rm-fancoil-heat-call,0.0,4,Unitless
2026-08-02 06:30:00,buffer-depth1,47.91,29,F
2026-08-02 06:30:00,buffer-depth2,47.93,23,F
2026-08-02 06:30:00,buffer-depth3,48.05,15,F
2026-08-02 06:30:00,hp-ewt,51.14,24,F
2026-08-02 06:30:00,hp-lwt,47.62,57,F
2026-08-02 06:30:00,secondary-ewt,49.64,6,F
2026-08-02 06:30:00,secondary-flow,7.61,5,gpm
2026-08-02 06:30:00,secondary-lwt,48.46,41,F
2026-08-02 06:30:00,zone1-bedrooms-heat-call,0.0,3,Unitless
2026-08-02 06:30:00,zone5-living-rm-fancoil-heat-call,1.0,4,Unitless
2026-08-02 06:45:00,buffer-depth1,47.62,48,F
2026-08-02 06:45:00,buffer-depth2,47.7,31,F
2026-08-02 06:45:00,buffer-depth3,48.01,18,F
2026-08-02 06:45:00,hp-ewt,50.71,34,F
2026-08-02 06:45:00,hp-lwt,46.94,90,F
2026-08-02 06:45:00,secondary-ewt,50.22,14,F
2026-08-02 06:45:00,secondary-flow,7.52,5,gpm
2026-08-02 06:45:00,secondary-lwt,48.09,64,F
2026-08-02 06:45:00,zone1-bedrooms-heat-call,0.0,3,Unitless
2026-08-02 06:45:00,zone5-living-rm-fancoil-heat-call,0.0,4,Unitless
2026-08-02 07:00:00,buffer-depth1,47.86,37,F
2026-08-02 07:00:00,buffer-depth2,47.9,24,F
2026-08-02 07:00:00,buffer-depth3,47.98,15,F
2026-08-02 07:00:00,hp-ewt,51.07,27,F
2026-08-02 07:00:00,hp-lwt,47.79,74,F
2026-08-02 07:00:00,secondary-ewt,49.53,6,F
2026-08-02 07:00:00,secondary-flow,7.58,5,gpm
2026-08-02 07:00:00,secondary-lwt,48.62,49,F
2026-08-02 07:00:00,zone1-bedrooms-heat-call,0.0,3,Unitless
2026-08-02 07:00:00,zone5-living-rm-fancoil-heat-call,1.0,4,Unitless
2026-08-02 07:15:00,buffer-depth1,47.57,48,F
2026-08-02 07:15:00,buffer-depth2,47.73,25,F
2026-08-02 07:15:00,buffer-depth3,47.99,17,F
2026-08-02 07:15:00,hp-ewt,50.69,31,F
2026-08-02 07:15:00,hp-lwt,47.14,78,F
2026-08-02 07:15:00,secondary-ewt,50.17,26,F
2026-08-02 07:15:00,secondary-flow,7.7,7,gpm
2026-08-02 07:15:00,secondary-lwt,48.22,65,F
2026-08-02 07:15:00,zone1-bedrooms-heat-call,0.0,5,Unitless
2026-08-02 07:15:00,zone5-living-rm-fancoil-heat-call,0.0,4,Unitless
2026-08-02 07:30:00,buffer-depth1,47.76,36,F
2026-08-02 07:30:00,buffer-depth2,47.75,24,F
2026-08-02 07:30:00,buffer-depth3,47.85,18,F
2026-08-02 07:30:00,hp-ewt,50.7,27,F
2026-08-02 07:30:00,hp-lwt,47.16,76,F
2026-08-02 07:30:00,secondary-ewt,49.39,7,F
2026-08-02 07:30:00,secondary-flow,7.61,4,gpm
2026-08-02 07:30:00,secondary-lwt,48.28,51,F
2026-08-02 07:30:00,zone1-bedrooms-heat-call,0.0,3,Unitless
2026-08-02 07:30:00,zone5-living-rm-fancoil-heat-call,1.0,4,Unitless
2026-08-02 07:45:00,buffer-depth1,47.3,43,F
2026-08-02 07:45:00,buffer-depth2,47.4,27,F
2026-08-02 07:45:00,buffer-depth3,47.72,18,F
2026-08-02 07:45:00,hp-ewt,50.66,30,F
2026-08-02 07:45:00,hp-lwt,47.17,73,F
2026-08-02 07:45:00,secondary-ewt,49.74,10,F
2026-08-02 07:45:00,secondary-flow,7.5,5,gpm
2026-08-02 07:45:00,secondary-lwt,47.68,58,F
2026-08-02 07:45:00,zone1-bedrooms-heat-call,0.0,3,Unitless
2026-08-02 07:45:00,zone5-living-rm-fancoil-heat-call,0.0,4,Unitless
2026-08-02 08:00:00,buffer-depth1,47.52,47,F
2026-08-02 08:00:00,buffer-depth2,47.6,24,F
2026-08-02 08:00:00,buffer-depth3,47.71,15,F
2026-08-02 08:00:00,hp-ewt,50.61,30,F
2026-08-02 08:00:00,hp-lwt,46.92,96,F
2026-08-02 08:00:00,secondary-ewt,49.31,5,F
2026-08-02 08:00:00,secondary-flow,7.65,3,gpm
2026-08-02 08:00:00,secondary-lwt,48.27,39,F
2026-08-02 08:00:00,zone1-bedrooms-heat-call,0.0,3,Unitless
2026-08-02 08:00:00,zone5-living-rm-fancoil-heat-call,1.0,4,Unitless
2026-08-02 08:15:00,buffer-depth1,47.36,31,F
2026-08-02 08:15:00,buffer-depth2,47.36,20,F
2026-08-02 08:15:00,buffer-depth3,47.72,17,F
2026-08-02 08:15:00,hp-ewt,50.9,28,F
2026-08-02 08:15:00,hp-lwt,47.82,60,F
2026-08-02 08:15:00,secondary-ewt,50.52,5,F
2026-08-02 08:15:00,secondary-flow,7.9,3,gpm
2026-08-02 08:15:00,secondary-lwt,51.0,4,F
2026-08-02 08:15:00,zone1-bedrooms-heat-call,0.0,3,Unitless
2026-08-02 08:15:00,zone5-living-rm-fancoil-heat-call,1.0,4,Unitless
2026-08-02 08:30:00,buffer-depth1,47.54,42,F
2026-08-02 08:30:00,buffer-depth2,47.63,29,F
2026-08-02 08:30:00,buffer-depth3,47.72,18,F
2026-08-02 08:30:00,hp-ewt,50.7,35,F
2026-08-02 08:30:00,hp-lwt,47.15,95,F
2026-08-02 08:30:00,secondary-ewt,49.06,6,F
2026-08-02 08:30:00,secondary-flow,7.46,4,gpm
2026-08-02 08:30:00,secondary-lwt,47.96,67,F
2026-08-02 08:30:00,zone1-bedrooms-heat-call,0.0,3,Unitless
2026-08-02 08:30:00,zone5-living-rm-fancoil-heat-call,0.0,6,Unitless
2026-08-02 08:45:00,buffer-depth1,47.41,36,F
2026-08-02 08:45:00,buffer-depth2,47.39,25,F
2026-08-02 08:45:00,buffer-depth3,47.68,17,F
2026-08-02 08:45:00,hp-ewt,50.4,23,F
2026-08-02 08:45:00,hp-lwt,47.4,57,F
2026-08-02 08:45:00,secondary-ewt,49.88,14,F
2026-08-02 08:45:00,secondary-flow,7.64,6,gpm
2026-08-02 08:45:00,secondary-lwt,48.31,44,F
2026-08-02 08:45:00,zone1-bedrooms-heat-call,0.0,3,Unitless
2026-08-02 08:45:00,zone5-living-rm-fancoil-heat-call,1.0,5,Unitless
2026-08-02 09:00:00,buffer-depth1,47.36,50,F
2026-08-02 09:00:00,buffer-depth2,47.39,23,F
2026-08-02 09:00:00,buffer-depth3,47.56,18,F
2026-08-02 09:00:00,hp-ewt,49.69,32,F
2026-08-02 09:00:00,hp-lwt,46.97,94,F
2026-08-02 09:00:00,secondary-ewt,49.13,4,F
2026-08-02 09:00:00,secondary-flow,7.4,2,gpm
2026-08-02 09:00:00,secondary-lwt,47.92,46,F
2026-08-02 09:00:00,zone1-bedrooms-heat-call,0.0,3,Unitless
2026-08-02 09:00:00,zone5-living-rm-fancoil-heat-call,0.0,4,Unitless
2026-08-02 09:15:00,buffer-depth1,47.88,42,F
2026-08-02 09:15:00,buffer-depth2,47.66,25,F
2026-08-02 09:15:00,buffer-depth3,47.58,19,F
2026-08-02 09:15:00,hp-ewt,50.23,28,F
2026-08-02 09:15:00,hp-lwt,47.23,60,F
2026-08-02 09:15:00,secondary-ewt,49.62,5,F
2026-08-02 09:15:00,secondary-flow,7.62,2,gpm
2026-08-02 09:15:00,secondary-lwt,49.11,11,F
2026-08-02 09:15:00,zone1-bedrooms-heat-call,0.0,3,Unitless
2026-08-02 09:15:00,zone5-living-rm-fancoil-heat-call,1.0,4,Unitless
2026-08-02 09:30:00,buffer-depth1,47.57,53,F
2026-08-02 09:30:00,buffer-depth2,47.67,29,F
2026-08-02 09:30:00,buffer-depth3,47.81,18,F
2026-08-02 09:30:00,hp-ewt,49.46,27,F
2026-08-02 09:30:00,hp-lwt,46.81,86,F
2026-08-02 09:30:00,secondary-ewt,49.98,11,F
2026-08-02 09:30:00,secondary-flow,7.52,6,gpm
2026-08-02 09:30:00,secondary-lwt,47.81,70,F
2026-08-02 09:30:00,zone1-bedrooms-heat-call,0.0,3,Unitless
2026-08-02 09:30:00,zone5-living-rm-fancoil-heat-call,0.0,4,Unitless
2026-08-02 09:45:00,buffer-depth1,47.59,43,F
2026-08-02 09:45:00,buffer-depth2,47.7,23,F
2026-08-02 09:45:00,buffer-depth3,47.8,15,F
2026-08-02 09:45:00,hp-ewt,49.76,27,F
2026-08-02 09:45:00,hp-lwt,46.7,79,F
2026-08-02 09:45:00,secondary-ewt,49.41,8,F
2026-08-02 09:45:00,secondary-flow,7.61,4,gpm
2026-08-02 09:45:00,secondary-lwt,47.95,58,F
2026-08-02 09:45:00,zone1-bedrooms-heat-call,0.0,3,Unitless
2026-08-02 09:45:00,zone5-living-rm-fancoil-heat-call,1.0,4,Unitless
2026-08-02 10:00:00,buffer-depth1,47.42,43,F
2026-08-02 10:00:00,buffer-depth2,47.52,28,F
2026-08-02 10:00:00,buffer-depth3,47.72,16,F
2026-08-02 10:00:00,hp-ewt,49.52,27,F
2026-08-02 10:00:00,hp-lwt,46.85,80,F
2026-08-02 10:00:00,secondary-ewt,49.73,20,F
2026-08-02 10:00:00,secondary-flow,7.78,7,gpm
2026-08-02 10:00:00,secondary-lwt,47.92,56,F
2026-08-02 10:00:00,zone1-bedrooms-heat-call,0.0,3,Unitless
2026-08-02 10:00:00,zone5-living-rm-fancoil-heat-call,1.0,4,Unitless
2026-08-02 10:15:00,buffer-depth1,47.68,40,F
2026-08-02 10:15:00,buffer-depth2,47.72,24,F
2026-08-02 10:15:00,buffer-depth3,47.73,17,F
2026-08-02 10:15:00,hp-ewt,49.59,25,F
2026-08-02 10:15:00,hp-lwt,46.59,81,F
2026-08-02 10:15:00,secondary-ewt,49.34,12,F
2026-08-02 10:15:00,secondary-flow,7.62,7,gpm
2026-08-02 10:15:00,secondary-lwt,47.93,54,F
2026-08-02 10:15:00,zone1-bedrooms-heat-call,0.0,3,Unitless
2026-08-02 10:15:00,zone5-living-rm-fancoil-heat-call,1.0,4,Unitless
2026-08-02 10:30:00,buffer-depth1,47.62,43,F
2026-08-02 10:30:00,buffer-depth2,47.65,30,F
2026-08-02 10:30:00,buffer-depth3,47.81,17,F
2026-08-02 10:30:00,hp-ewt,51.04,34,F
2026-08-02 10:30:00,hp-lwt,47.92,73,F
2026-08-02 10:30:00,secondary-ewt,50.05,17,F
2026-08-02 10:30:00,secondary-flow,7.85,4,gpm
2026-08-02 10:30:00,secondary-lwt,48.56,56,F
2026-08-02 10:30:00,zone1-bedrooms-heat-call,0.0,3,Unitless
2026-08-02 10:30:00,zone5-living-rm-fancoil-heat-call,0.0,4,Unitless
2026-08-02 10:45:00,buffer-depth1,47.92,33,F
2026-08-02 10:45:00,buffer-depth2,47.94,22,F
2026-08-02 10:45:00,buffer-depth3,47.95,15,F
2026-08-02 10:45:00,hp-ewt,50.4,10,F
2026-08-02 10:45:00,hp-lwt,46.0,28,F
2026-08-02 10:45:00,secondary-ewt,49.2,3,F
2026-08-02 10:45:00,secondary-flow,7.8,2,gpm
2026-08-02 10:45:00,secondary-lwt,47.08,14,F
2026-08-02 10:45:00,zone1-bedrooms-heat-call,0.0,3,Unitless
2026-08-02 10:45:00,zone5-living-rm-fancoil-heat-call,1.0,4,Unitless
2026-08-02 11:00:00,buffer-depth1,47.95,44,F
2026-08-02 11:00:00,buffer-depth2,47.94,25,F
2026-08-02 11:00:00,buffer-depth3,48.13,15,F
2026-08-02 11:00:00,hp-ewt,51.75,33,F
2026-08-02 11:00:00,hp-lwt,48.36,74,F
2026-08-02 11:00:00,secondary-ewt,49.6,10,F
2026-08-02 11:00:00,secondary-flow,7.81,2,gpm
2026-08-02 11:00:00,secondary-lwt,49.05,55,F
2026-08-02 11:00:00,zone1-bedrooms-heat-call,0.0,3,Unitless
2026-08-02 11:00:00,zone5-living-rm-fancoil-heat-call,0.0,3,Unitless
2026-08-02 11:15:00,buffer-depth1,47.9,48,F
2026-08-02 11:15:00,buffer-depth2,47.97,26,F
2026-08-02 11:15:00,buffer-depth3,48.16,15,F
2026-08-02 11:15:00,hp-ewt,51.16,35,F
2026-08-02 11:15:00,hp-lwt,47.41,86,F
2026-08-02 11:15:00,secondary-ewt,49.54,8,F
2026-08-02 11:15:00,secondary-flow,7.81,2,gpm
2026-08-02 11:15:00,secondary-lwt,47.73,24,F
2026-08-02 11:15:00,zone1-bedrooms-heat-call,0.0,3,Unitless
2026-08-02 11:15:00,zone5-living-rm-fancoil-heat-call,1.0,4,Unitless
2026-08-02 11:30:00,buffer-depth1,47.95,46,F
2026-08-02 11:30:00,buffer-depth2,48.04,27,F
2026-08-02 11:30:00,buffer-depth3,48.14,16,F
2026-08-02 11:30:00,hp-ewt,51.59,36,F
2026-08-02 11:30:00,hp-lwt,47.69,79,F
2026-08-02 11:30:00,secondary-ewt,49.6,11,F
2026-08-02 11:30:00,secondary-flow,7.81,3,gpm
2026-08-02 11:30:00,secondary-lwt,48.14,49,F
2026-08-02 11:30:00,zone1-bedrooms-heat-call,0.0,3,Unitless
2026-08-02 11:30:00,zone5-living-rm-fancoil-heat-call,0.0,4,Unitless
2026-08-02 11:45:00,buffer-depth1,47.87,49,F
2026-08-02 11:45:00,buffer-depth2,47.86,31,F
2026-08-02 11:45:00,buffer-depth3,48.15,15,F
2026-08-02 11:45:00,hp-ewt,51.61,39,F
2026-08-02 11:45:00,hp-lwt,48.32,93,F
2026-08-02 11:45:00,secondary-ewt,49.64,4,F
2026-08-02 11:45:00,secondary-flow,7.8,2,gpm
2026-08-02 11:45:00,secondary-lwt,48.55,20,F
2026-08-02 11:45:00,zone1-bedrooms-heat-call,0.0,3,Unitless
2026-08-02 11:45:00,zone5-living-rm-fancoil-heat-call,1.0,4,Unitless
2026-08-02 12:00:00,buffer-depth1,47.88,46,F
2026-08-02 12:00:00,buffer-depth2,48.07,27,F
2026-08-02 12:00:00,buffer-depth3,48.15,16,F
2026-08-02 12:00:00,hp-ewt,51.32,35,F
2026-08-02 12:00:00,hp-lwt,47.12,89,F
2026-08-02 12:00:00,secondary-ewt,49.47,12,F
2026-08-02 12:00:00,secondary-flow,7.93,4,gpm
2026-08-02 12:00:00,secondary-lwt,48.13,51,F
2026-08-02 12:00:00,zone1-bedrooms-heat-call,0.0,3,Unitless
2026-08-02 12:00:00,zone5-living-rm-fancoil-heat-call,1.0,4,Unitless
2026-08-02 12:15:00,buffer-depth1,48.02,43,F
2026-08-02 12:15:00,buffer-depth2,48.02,25,F
2026-08-02 12:15:00,buffer-depth3,48.17,17,F
2026-08-02 12:15:00,hp-ewt,51.62,33,F
2026-08-02 12:15:00,hp-lwt,48.15,80,F
2026-08-02 12:15:00,secondary-ewt,49.63,9,F
2026-08-02 12:15:00,secondary-flow,7.8,2,gpm
2026-08-02 12:15:00,secondary-lwt,48.73,41,F
2026-08-02 12:15:00,zone1-bedrooms-heat-call,0.0,3,Unitless
2026-08-02 12:15:00,zone5-living-rm-fancoil-heat-call,0.0,4,Unitless
2026-08-02 12:30:00,buffer-depth1,47.78,46,F
2026-08-02 12:30:00,buffer-depth2,47.93,28,F
2026-08-02 12:30:00,buffer-depth3,48.1,19,F
2026-08-02 12:30:00,hp-ewt,51.23,38,F
2026-08-02 12:30:00,hp-lwt,47.53,78,F
2026-08-02 12:30:00,zone1-bedrooms-heat-call,0.0,3,Unitless
2026-08-02 12:30:00,zone5-living-rm-fancoil-heat-call,1.0,4,Unitless
2026-08-02 12:45:00,buffer-depth1,47.81,47,F
2026-08-02 12:45:00,buffer-depth2,47.93,26,F
2026-08-02 12:45:00,buffer-depth3,48.11,15,F
2026-08-02 12:45:00,hp-ewt,51.23,38,F
2026-08-02 12:45:00,hp-lwt,47.43,97,F
2026-08-02 12:45:00,zone1-bedrooms-heat-call,0.0,3,Unitless
2026-08-02 12:45:00,zone5-living-rm-fancoil-heat-call,0.0,3,Unitless
2026-08-02 13:00:00,buffer-depth1,47.98,43,F
2026-08-02 13:00:00,buffer-depth2,47.96,26,F
2026-08-02 13:00:00,buffer-depth3,48.08,15,F
2026-08-02 13:00:00,hp-ewt,51.9,33,F
2026-08-02 13:00:00,hp-lwt,48.36,69,F
2026-08-02 13:00:00,zone1-bedrooms-heat-call,0.0,3,Unitless
2026-08-02 13:00:00,zone5-living-rm-fancoil-heat-call,1.0,5,Unitless
2026-08-02 13:15:00,buffer-depth1,47.87,42,F
2026-08-02 13:15:00,buffer-depth2,48.02,24,F
2026-08-02 13:15:00,buffer-depth3,48.15,17,F
2026-08-02 13:15:00,hp-ewt,51.28,39,F
2026-08-02 13:15:00,hp-lwt,47.36,88,F
2026-08-02 13:15:00,secondary-ewt,49.59,6,F
2026-08-02 13:15:00,secondary-flow,7.78,1,gpm
2026-08-02 13:15:00,secondary-lwt,48.19,22,F
2026-08-02 13:15:00,zone1-bedrooms-heat-call,0.0,3,Unitless
2026-08-02 13:15:00,zone5-living-rm-fancoil-heat-call,0.0,3,Unitless
2026-08-02 13:30:00,buffer-depth1,48.03,46,F
2026-08-02 13:30:00,buffer-depth2,48.1,24,F
2026-08-02 13:30:00,buffer-depth3,48.18,16,F
2026-08-02 13:30:00,hp-ewt,51.56,38,F
2026-08-02 13:30:00,hp-lwt,47.54,85,F
2026-08-02 13:30:00,secondary-ewt,50.25,24,F
2026-08-02 13:30:00,secondary-flow,7.98,4,gpm
2026-08-02 13:30:00,secondary-lwt,48.8,61,F
2026-08-02 13:30:00,zone1-bedrooms-heat-call,0.0,3,Unitless
2026-08-02 13:30:00,zone5-living-rm-fancoil-heat-call,1.0,4,Unitless
2026-08-02 13:45:00,buffer-depth1,47.97,45,F
2026-08-02 13:45:00,buffer-depth2,48.0,29,F
2026-08-02 13:45:00,buffer-depth3,48.22,15,F
2026-08-02 13:45:00,hp-ewt,51.47,36,F
2026-08-02 13:45:00,hp-lwt,48.22,81,F
2026-08-02 13:45:00,secondary-ewt,49.6,11,F
2026-08-02 13:45:00,secondary-flow,7.87,5,gpm
2026-08-02 13:45:00,secondary-lwt,48.91,57,F
2026-08-02 13:45:00,zone1-bedrooms-heat-call,0.0,3,Unitless
2026-08-02 13:45:00,zone5-living-rm-fancoil-heat-call,0.0,4,Unitless
2026-08-02 14:00:00,buffer-depth1,47.67,43,F
2026-08-02 14:00:00,buffer-depth2,47.86,27,F
2026-08-02 14:00:00,buffer-depth3,48.19,18,F
2026-08-02 14:00:00,hp-ewt,51.18,36,F
2026-08-02 14:00:00,hp-lwt,47.23,86,F
2026-08-02 14:00:00,secondary-ewt,50.05,4,F
2026-08-02 14:00:00,secondary-flow,8.06,1,gpm
2026-08-02 14:00:00,secondary-lwt,49.99,9,F
2026-08-02 14:00:00,zone1-bedrooms-heat-call,0.0,3,Unitless
2026-08-02 14:00:00,zone5-living-rm-fancoil-heat-call,0.0,4,Unitless
2026-08-02 14:15:00,buffer-depth1,48.05,39,F
2026-08-02 14:15:00,buffer-depth2,47.97,28,F
2026-08-02 14:15:00,buffer-depth3,48.09,15,F
2026-08-02 14:15:00,hp-ewt,51.6,31,F
2026-08-02 14:15:00,hp-lwt,47.89,71,F
2026-08-02 14:15:00,secondary-ewt,50.06,12,F
2026-08-02 14:15:00,secondary-flow,7.93,4,gpm
2026-08-02 14:15:00,secondary-lwt,48.87,47,F
2026-08-02 14:15:00,zone1-bedrooms-heat-call,0.0,3,Unitless
2026-08-02 14:15:00,zone5-living-rm-fancoil-heat-call,1.0,4,Unitless
2026-08-02 14:30:00,buffer-depth1,47.62,45,F
2026-08-02 14:30:00,buffer-depth2,47.72,28,F
2026-08-02 14:30:00,buffer-depth3,48.04,18,F
2026-08-02 14:30:00,hp-ewt,50.98,40,F
2026-08-02 14:30:00,hp-lwt,47.33,83,F
2026-08-02 14:30:00,secondary-ewt,49.77,25,F
2026-08-02 14:30:00,secondary-flow,7.84,4,gpm
2026-08-02 14:30:00,secondary-lwt,48.21,58,F
2026-08-02 14:30:00,zone1-bedrooms-heat-call,0.0,3,Unitless
2026-08-02 14:30:00,zone5-living-rm-fancoil-heat-call,1.0,4,Unitless
2026-08-02 14:45:00,buffer-depth1,48.06,42,F
2026-08-02 14:45:00,buffer-depth2,48.04,29,F
2026-08-02 14:45:00,buffer-depth3,48.05,15,F
2026-08-02 14:45:00,hp-ewt,51.53,34,F
2026-08-02 14:45:00,hp-lwt,47.25,86,F
2026-08-02 14:45:00,secondary-ewt,50.29,22,F
2026-08-02 14:45:00,secondary-flow,8.0,4,gpm
2026-08-02 14:45:00,secondary-lwt,48.79,59,F
2026-08-02 14:45:00,zone1-bedrooms-heat-call,0.0,3,Unitless
2026-08-02 14:45:00,zone5-living-rm-fancoil-heat-call,1.0,4,Unitless
2026-08-02 15:00:00,buffer-depth1,47.83,37,F
2026-08-02 15:00:00,buffer-depth2,47.89,29,F
2026-08-02 15:00:00,buffer-depth3,48.11,20,F
2026-08-02 15:00:00,hp-ewt,51.08,33,F
2026-08-02 15:00:00,hp-lwt,47.62,64,F
2026-08-02 15:00:00,secondary-ewt,50.18,19,F
2026-08-02 15:00:00,secondary-flow,7.89,5,gpm
2026-08-02 15:00:00,secondary-lwt,48.75,50,F
2026-08-02 15:00:00,zone1-bedrooms-heat-call,0.0,3,Unitless
2026-08-02 15:00:00,zone5-living-rm-fancoil-heat-call,0.0,4,Unitless
2026-08-02 15:15:00,buffer-depth1,48.02,44,F
2026-08-02 15:15:00,buffer-depth2,47.99,25,F
2026-08-02 15:15:00,buffer-depth3,48.1,16,F
2026-08-02 15:15:00,hp-ewt,51.22,35,F
2026-08-02 15:15:00,hp-lwt,46.92,89,F
2026-08-02 15:15:00,secondary-ewt,50.28,22,F
2026-08-02 15:15:00,secondary-flow,8.0,4,gpm
2026-08-02 15:15:00,secondary-lwt,48.5,61,F
2026-08-02 15:15:00,zone1-bedrooms-heat-call,0.0,3,Unitless
2026-08-02 15:15:00,zone5-living-rm-fancoil-heat-call,1.0,4,Unitless
2026-08-02 15:30:00,buffer-depth1,47.75,34,F
2026-08-02 15:30:00,buffer-depth2,47.77,26,F
2026-08-02 15:30:00,buffer-depth3,48.05,18,F
2026-08-02 15:30:00,hp-ewt,51.15,29,F
2026-08-02 15:30:00,hp-lwt,47.87,60,F
2026-08-02 15:30:00,secondary-ewt,51.09,8,F
2026-08-02 15:30:00,secondary-flow,7.95,3,gpm
2026-08-02 15:30:00,secondary-lwt,50.73,5,F
2026-08-02 15:30:00,zone1-bedrooms-heat-call,0.0,3,Unitless
2026-08-02 15:30:00,zone5-living-rm-fancoil-heat-call,0.0,4,Unitless
2026-08-02 15:45:00,buffer-depth1,47.9,45,F
2026-08-02 15:45:00,buffer-depth2,47.94,27,F
2026-08-02 15:45:00,buffer-depth3,47.96,15,F
2026-08-02 15:45:00,hp-ewt,51.16,35,F
2026-08-02 15:45:00,hp-lwt,47.11,88,F
2026-08-02 15:45:00,secondary-ewt,50.15,23,F
2026-08-02 15:45:00,secondary-flow,7.96,5,gpm
2026-08-02 15:45:00,secondary-lwt,48.28,57,F
2026-08-02 15:45:00,zone1-bedrooms-heat-call,0.0,3,Unitless
2026-08-02 15:45:00,zone5-living-rm-fancoil-heat-call,1.0,4,Unitless
2026-08-02 16:00:00,buffer-depth1,47.67,35,F
2026-08-02 16:00:00,buffer-depth2,47.74,25,F
2026-08-02 16:00:00,buffer-depth3,47.93,17,F
2026-08-02 16:00:00,hp-ewt,51.05,29,F
2026-08-02 16:00:00,hp-lwt,47.8,65,F
2026-08-02 16:00:00,secondary-ewt,51.15,8,F
2026-08-02 16:00:00,secondary-flow,7.94,2,gpm
2026-08-02 16:00:00,secondary-lwt,50.92,6,F
2026-08-02 16:00:00,zone1-bedrooms-heat-call,0.0,3,Unitless
2026-08-02 16:00:00,zone5-living-rm-fancoil-heat-call,0.0,4,Unitless
2026-08-02 16:15:00,buffer-depth1,48.09,39,F
2026-08-02 16:15:00,buffer-depth2,48.02,25,F
2026-08-02 16:15:00,buffer-depth3,47.95,16,F
2026-08-02 16:15:00,hp-ewt,51.35,34,F
2026-08-02 16:15:00,hp-lwt,47.14,81,F
2026-08-02 16:15:00,secondary-ewt,50.41,15,F
2026-08-02 16:15:00,secondary-flow,8.06,3,gpm
2026-08-02 16:15:00,secondary-lwt,48.74,33,F
2026-08-02 16:15:00,zone1-bedrooms-heat-call,0.0,5,Unitless
2026-08-02 16:15:00,zone5-living-rm-fancoil-heat-call,1.0,3,Unitless
2026-08-02 16:30:00,buffer-depth1,48.35,40,F
2026-08-02 16:30:00,buffer-depth2,48.25,25,F
2026-08-02 16:30:00,buffer-depth3,48.18,17,F
2026-08-02 16:30:00,hp-ewt,51.62,33,F
2026-08-02 16:30:00,hp-lwt,48.17,71,F
2026-08-02 16:30:00,secondary-ewt,50.67,16,F
2026-08-02 16:30:00,secondary-flow,8.06,3,gpm
2026-08-02 16:30:00,secondary-lwt,48.89,40,F
2026-08-02 16:30:00,zone1-bedrooms-heat-call,0.0,3,Unitless
2026-08-02 16:30:00,zone5-living-rm-fancoil-heat-call,1.0,3,Unitless
2026-08-02 16:45:00,buffer-depth1,48.33,47,F
2026-08-02 16:45:00,buffer-depth2,48.38,25,F
2026-08-02 16:45:00,buffer-depth3,48.4,16,F
2026-08-02 16:45:00,hp-ewt,51.26,36,F
2026-08-02 16:45:00,hp-lwt,47.28,82,F
2026-08-02 16:45:00,secondary-ewt,50.51,26,F
2026-08-02 16:45:00,secondary-flow,8.07,3,gpm
2026-08-02 16:45:00,secondary-lwt,48.65,57,F
2026-08-02 16:45:00,zone1-bedrooms-heat-call,0.0,3,Unitless
2026-08-02 16:45:00,zone5-living-rm-fancoil-heat-call,1.0,3,Unitless
2026-08-02 17:00:00,buffer-depth1,48.37,39,F
2026-08-02 17:00:00,buffer-depth2,48.43,25,F
2026-08-02 17:00:00,buffer-depth3,48.47,15,F
2026-08-02 17:00:00,hp-ewt,51.31,37,F
2026-08-02 17:00:00,hp-lwt,47.43,94,F
2026-08-02 17:00:00,secondary-ewt,50.21,7,F
2026-08-02 17:00:00,secondary-flow,8.05,1,gpm
2026-08-02 17:00:00,secondary-lwt,48.48,21,F
2026-08-02 17:00:00,zone1-bedrooms-heat-call,0.0,3,Unitless
2026-08-02 17:00:00,zone5-living-rm-fancoil-heat-call,1.0,4,Unitless
2026-08-02 17:15:00,buffer-depth1,48.1,42,F
2026-08-02 17:15:00,buffer-depth2,48.16,29,F
2026-08-02 17:15:00,buffer-depth3,48.42,17,F
2026-08-02 17:15:00,hp-ewt,51.58,30,F
2026-08-02 17:15:00,hp-lwt,48.28,68,F
2026-08-02 17:15:00,secondary-ewt,50.45,13,F
2026-08-02 17:15:00,secondary-flow,7.87,4,gpm
2026-08-02 17:15:00,secondary-lwt,48.69,40,F
2026-08-02 17:15:00,zone1-bedrooms-heat-call,0.0,3,Unitless
2026-08-02 17:15:00,zone5-living-rm-fancoil-heat-call,0.0,4,Unitless
2026-08-02 17:30:00,buffer-depth1,48.18,39,F
2026-08-02 17:30:00,buffer-depth2,48.28,28,F
2026-08-02 17:30:00,buffer-depth3,48.3,15,F
2026-08-02 17:30:00,hp-ewt,51.17,37,F
2026-08-02 17:30:00,hp-lwt,47.05,89,F
2026-08-02 17:30:00,secondary-ewt,50.44,8,F
2026-08-02 17:30:00,secondary-flow,8.07,1,gpm
2026-08-02 17:30:00,secondary-lwt,47.85,26,F
2026-08-02 17:30:00,zone1-bedrooms-heat-call,0.0,3,Unitless
2026-08-02 17:30:00,zone5-living-rm-fancoil-heat-call,1.0,4,Unitless
2026-08-02 17:45:00,buffer-depth1,47.9,39,F
2026-08-02 17:45:00,buffer-depth2,48.07,29,F
2026-08-02 17:45:00,buffer-depth3,48.23,17,F
2026-08-02 17:45:00,hp-ewt,51.44,28,F
2026-08-02 17:45:00,hp-lwt,47.96,67,F
2026-08-02 17:45:00,secondary-ewt,50.4,17,F
2026-08-02 17:45:00,secondary-flow,7.9,5,gpm
2026-08-02 17:45:00,secondary-lwt,48.9,46,F
2026-08-02 17:45:00,zone1-bedrooms-heat-call,0.0,3,Unitless
2026-08-02 17:45:00,zone5-living-rm-fancoil-heat-call,0.0,4,Unitless
2026-08-02 18:00:00,buffer-depth1,47.98,37,F
2026-08-02 18:00:00,buffer-depth2,48.06,26,F
2026-08-02 18:00:00,buffer-depth3,48.15,15,F
2026-08-02 18:00:00,hp-ewt,51.1,37,F
2026-08-02 18:00:00,hp-lwt,47.06,85,F
2026-08-02 18:00:00,secondary-ewt,50.16,13,F
2026-08-02 18:00:00,secondary-flow,8.06,1,gpm
2026-08-02 18:00:00,secondary-lwt,48.63,32,F
2026-08-02 18:00:00,zone1-bedrooms-heat-call,0.0,3,Unitless
2026-08-02 18:00:00,zone5-living-rm-fancoil-heat-call,1.0,4,Unitless
2026-08-02 18:15:00,buffer-depth1,47.9,41,F
2026-08-02 18:15:00,buffer-depth2,47.89,26,F
2026-08-02 18:15:00,buffer-depth3,48.09,18,F
2026-08-02 18:15:00,hp-ewt,51.67,28,F
2026-08-02 18:15:00,hp-lwt,47.91,63,F
2026-08-02 18:15:00,secondary-ewt,50.46,11,F
2026-08-02 18:15:00,secondary-flow,7.89,3,gpm
2026-08-02 18:15:00,secondary-lwt,48.78,21,F
2026-08-02 18:15:00,zone1-bedrooms-heat-call,0.0,3,Unitless
2026-08-02 18:15:00,zone5-living-rm-fancoil-heat-call,0.0,4,Unitless
2026-08-02 18:30:00,buffer-depth1,47.94,44,F
2026-08-02 18:30:00,buffer-depth2,47.95,32,F
2026-08-02 18:30:00,buffer-depth3,48.01,16,F
2026-08-02 18:30:00,hp-ewt,51.0,39,F
2026-08-02 18:30:00,hp-lwt,46.99,92,F
2026-08-02 18:30:00,secondary-ewt,50.21,14,F
2026-08-02 18:30:00,secondary-flow,7.96,3,gpm
2026-08-02 18:30:00,secondary-lwt,48.39,35,F
2026-08-02 18:30:00,zone1-bedrooms-heat-call,0.0,3,Unitless
2026-08-02 18:30:00,zone5-living-rm-fancoil-heat-call,1.0,4,Unitless
2026-08-02 18:45:00,buffer-depth1,47.97,39,F
2026-08-02 18:45:00,buffer-depth2,47.89,26,F
2026-08-02 18:45:00,buffer-depth3,48.06,16,F
2026-08-02 18:45:00,hp-ewt,51.16,30,F
2026-08-02 18:45:00,hp-lwt,47.34,68,F
2026-08-02 18:45:00,secondary-ewt,50.54,18,F
2026-08-02 18:45:00,secondary-flow,7.94,4,gpm
2026-08-02 18:45:00,secondary-lwt,49.39,29,F
2026-08-02 18:45:00,zone1-bedrooms-heat-call,0.0,3,Unitless
2026-08-02 18:45:00,zone5-living-rm-fancoil-heat-call,0.0,4,Unitless
2026-08-02 19:00:00,buffer-depth1,47.88,45,F
2026-08-02 19:00:00,buffer-depth2,47.93,28,F
2026-08-02 19:00:00,buffer-depth3,48.09,15,F
2026-08-02 19:00:00,hp-ewt,50.95,38,F
2026-08-02 19:00:00,hp-lwt,47.13,81,F
2026-08-02 19:00:00,secondary-ewt,49.88,19,F
2026-08-02 19:00:00,secondary-flow,7.87,4,gpm
2026-08-02 19:00:00,secondary-lwt,48.23,56,F
2026-08-02 19:00:00,zone1-bedrooms-heat-call,0.0,3,Unitless
2026-08-02 19:00:00,zone5-living-rm-fancoil-heat-call,1.0,4,Unitless
2026-08-02 19:15:00,buffer-depth1,47.79,45,F
2026-08-02 19:15:00,buffer-depth2,47.92,28,F
2026-08-02 19:15:00,buffer-depth3,48.07,17,F
2026-08-02 19:15:00,hp-ewt,50.81,34,F
2026-08-02 19:15:00,hp-lwt,46.86,81,F
2026-08-02 19:15:00,secondary-ewt,50.37,23,F
2026-08-02 19:15:00,secondary-flow,7.92,4,gpm
2026-08-02 19:15:00,secondary-lwt,48.27,60,F
2026-08-02 19:15:00,zone1-bedrooms-heat-call,0.0,3,Unitless
2026-08-02 19:15:00,zone5-living-rm-fancoil-heat-call,1.0,4,Unitless
2026-08-02 19:30:00,buffer-depth1,47.9,39,F
2026-08-02 19:30:00,buffer-depth2,47.91,29,F
2026-08-02 19:30:00,buffer-depth3,48.06,15,F
2026-08-02 19:30:00,hp-ewt,51.11,36,F
2026-08-02 19:30:00,hp-lwt,47.54,76,F
2026-08-02 19:30:00,secondary-ewt,49.94,15,F
2026-08-02 19:30:00,secondary-flow,7.93,4,gpm
2026-08-02 19:30:00,secondary-lwt,48.22,47,F
2026-08-02 19:30:00,zone1-bedrooms-heat-call,0.0,3,Unitless
2026-08-02 19:30:00,zone5-living-rm-fancoil-heat-call,1.0,4,Unitless
2026-08-02 19:45:00,buffer-depth1,47.68,47,F
2026-08-02 19:45:00,buffer-depth2,47.91,27,F
2026-08-02 19:45:00,buffer-depth3,48.1,17,F
2026-08-02 19:45:00,hp-ewt,50.77,38,F
2026-08-02 19:45:00,hp-lwt,46.9,96,F
2026-08-02 19:45:00,secondary-ewt,50.18,17,F
2026-08-02 19:45:00,secondary-flow,7.94,4,gpm
2026-08-02 19:45:00,secondary-lwt,48.12,34,F
2026-08-02 19:45:00,zone1-bedrooms-heat-call,0.0,3,Unitless
2026-08-02 19:45:00,zone5-living-rm-fancoil-heat-call,0.0,4,Unitless
2026-08-02 20:00:00,buffer-depth1,47.98,43,F
2026-08-02 20:00:00,buffer-depth2,47.89,25,F
2026-08-02 20:00:00,buffer-depth3,48.02,15,F
2026-08-02 20:00:00,hp-ewt,51.31,32,F
2026-08-02 20:00:00,hp-lwt,47.62,71,F
2026-08-02 20:00:00,secondary-ewt,49.98,14,F
2026-08-02 20:00:00,secondary-flow,7.89,3,gpm
2026-08-02 20:00:00,secondary-lwt,48.76,48,F
2026-08-02 20:00:00,zone1-bedrooms-heat-call,0.0,3,Unitless
2026-08-02 20:00:00,zone5-living-rm-fancoil-heat-call,1.0,4,Unitless
2026-08-02 20:15:00,buffer-depth1,47.58,43,F
2026-08-02 20:15:00,buffer-depth2,47.69,29,F
2026-08-02 20:15:00,buffer-depth3,48.01,18,F
2026-08-02 20:15:00,hp-ewt,50.94,37,F
2026-08-02 20:15:00,hp-lwt,47.06,83,F
2026-08-02 20:15:00,secondary-ewt,50.04,20,F
2026-08-02 20:15:00,secondary-flow,7.93,6,gpm
2026-08-02 20:15:00,secondary-lwt,47.96,57,F
2026-08-02 20:15:00,zone1-bedrooms-heat-call,0.0,3,Unitless
2026-08-02 20:15:00,zone5-living-rm-fancoil-heat-call,0.0,4,Unitless
2026-08-02 20:30:00,buffer-depth1,47.86,44,F
2026-08-02 20:30:00,buffer-depth2,47.91,25,F
2026-08-02 20:30:00,buffer-depth3,47.98,15,F
2026-08-02 20:30:00,hp-ewt,50.99,34,F
2026-08-02 20:30:00,hp-lwt,46.91,81,F
2026-08-02 20:30:00,secondary-ewt,49.63,12,F
2026-08-02 20:30:00,secondary-flow,7.88,3,gpm
2026-08-02 20:30:00,secondary-lwt,48.36,53,F
2026-08-02 20:30:00,zone1-bedrooms-heat-call,0.0,3,Unitless
2026-08-02 20:30:00,zone5-living-rm-fancoil-heat-call,1.0,4,Unitless
2026-08-02 20:45:00,buffer-depth1,47.7,40,F
2026-08-02 20:45:00,buffer-depth2,47.74,27,F
2026-08-02 20:45:00,buffer-depth3,48.01,17,F
2026-08-02 20:45:00,hp-ewt,51.03,33,F
2026-08-02 20:45:00,hp-lwt,48.02,76,F
2026-08-02 20:45:00,secondary-ewt,49.96,1,F
2026-08-02 20:45:00,secondary-flow,7.81,1,gpm
2026-08-02 20:45:00,secondary-lwt,50.44,3,F
2026-08-02 20:45:00,zone1-bedrooms-heat-call,0.0,3,Unitless
2026-08-02 20:45:00,zone5-living-rm-fancoil-heat-call,0.0,3,Unitless
2026-08-02 21:00:00,buffer-depth1,47.73,51,F
2026-08-02 21:00:00,buffer-depth2,47.84,28,F
2026-08-02 21:00:00,buffer-depth3,48.02,17,F
2026-08-02 21:00:00,hp-ewt,50.91,40,F
2026-08-02 21:00:00,hp-lwt,47.09,95,F
2026-08-02 21:00:00,secondary-ewt,49.88,31,F
2026-08-02 21:00:00,secondary-flow,7.95,5,gpm
2026-08-02 21:00:00,secondary-lwt,48.52,68,F
2026-08-02 21:00:00,zone1-bedrooms-heat-call,0.0,3,Unitless
2026-08-02 21:00:00,zone5-living-rm-fancoil-heat-call,1.0,5,Unitless
2026-08-02 21:15:00,buffer-depth1,47.77,41,F
2026-08-02 21:15:00,buffer-depth2,47.88,22,F
2026-08-02 21:15:00,buffer-depth3,48.02,17,F
2026-08-02 21:15:00,hp-ewt,50.92,24,F
2026-08-02 21:15:00,hp-lwt,47.29,51,F
2026-08-02 21:15:00,secondary-ewt,49.33,4,F
2026-08-02 21:15:00,secondary-flow,7.8,2,gpm
2026-08-02 21:15:00,secondary-lwt,47.96,17,F
2026-08-02 21:15:00,zone1-bedrooms-heat-call,0.0,3,Unitless
2026-08-02 21:15:00,zone5-living-rm-fancoil-heat-call,0.0,3,Unitless
2026-08-02 21:30:00,buffer-depth1,47.65,42,F
2026-08-02 21:30:00,buffer-depth2,47.76,29,F
2026-08-02 21:30:00,buffer-depth3,48.04,17,F
2026-08-02 21:30:00,hp-ewt,50.82,11,F
2026-08-02 21:30:00,hp-lwt,46.76,25,F
2026-08-02 21:30:00,secondary-ewt,50.13,14,F
2026-08-02 21:30:00,secondary-flow,7.92,2,gpm
2026-08-02 21:30:00,secondary-lwt,48.26,35,F
2026-08-02 21:30:00,zone1-bedrooms-heat-call,0.0,3,Unitless
2026-08-02 21:30:00,zone5-living-rm-fancoil-heat-call,1.0,4,Unitless
2026-08-02 21:45:00,buffer-depth1,47.91,40,F
2026-08-02 21:45:00,buffer-depth2,47.97,20,F
2026-08-02 21:45:00,buffer-depth3,47.96,18,F
2026-08-02 21:45:00,hp-ewt,50.88,38,F
2026-08-02 21:45:00,hp-lwt,47.26,91,F
2026-08-02 21:45:00,secondary-ewt,50.97,1,F
2026-08-02 21:45:00,secondary-flow,8.07,1,gpm
2026-08-02 21:45:00,secondary-lwt,51.03,1,F
2026-08-02 21:45:00,zone1-bedrooms-heat-call,0.0,3,Unitless
2026-08-02 21:45:00,zone5-living-rm-fancoil-heat-call,0.0,4,Unitless
2026-08-02 22:00:00,buffer-depth1,47.85,40,F
2026-08-02 22:00:00,buffer-depth2,47.78,28,F
2026-08-02 22:00:00,buffer-depth3,48.09,17,F
2026-08-02 22:00:00,hp-ewt,51.24,36,F
2026-08-02 22:00:00,hp-lwt,48.28,77,F
2026-08-02 22:00:00,zone1-bedrooms-heat-call,0.0,3,Unitless
2026-08-02 22:00:00,zone5-living-rm-fancoil-heat-call,1.0,4,Unitless
2026-08-02 22:15:00,buffer-depth1,47.72,41,F
2026-08-02 22:15:00,buffer-depth2,47.85,27,F
2026-08-02 22:15:00,buffer-depth3,48.06,15,F
2026-08-02 22:15:00,hp-ewt,50.58,37,F
2026-08-02 22:15:00,hp-lwt,46.73,84,F
2026-08-02 22:15:00,zone1-bedrooms-heat-call,0.0,3,Unitless
2026-08-02 22:15:00,zone5-living-rm-fancoil-heat-call,0.0,4,Unitless
2026-08-02 22:30:00,buffer-depth1,47.91,39,F
2026-08-02 22:30:00,buffer-depth2,47.84,25,F
2026-08-02 22:30:00,buffer-depth3,48.07,15,F
2026-08-02 22:30:00,hp-ewt,51.27,29,F
2026-08-02 22:30:00,hp-lwt,47.78,66,F
2026-08-02 22:30:00,zone1-bedrooms-heat-call,0.0,3,Unitless
2026-08-02 22:30:00,zone5-living-rm-fancoil-heat-call,0.0,4,Unitless
2026-08-02 22:45:00,buffer-depth1,47.78,43,F
2026-08-02 22:45:00,buffer-depth2,47.96,25,F
2026-08-02 22:45:00,buffer-depth3,48.09,15,F
2026-08-02 22:45:00,hp-ewt,50.57,37,F
2026-08-02 22:45:00,hp-lwt,46.58,83,F
2026-08-02 22:45:00,secondary-ewt,49.69,19,F
2026-08-02 22:45:00,secondary-flow,7.94,4,gpm
2026-08-02 22:45:00,secondary-lwt,48.04,59,F
2026-08-02 22:45:00,zone1-bedrooms-heat-call,0.0,3,Unitless
2026-08-02 22:45:00,zone5-living-rm-fancoil-heat-call,1.0,4,Unitless
2026-08-02 23:00:00,buffer-depth1,48.0,39,F
2026-08-02 23:00:00,buffer-depth2,47.95,26,F
2026-08-02 23:00:00,buffer-depth3,48.12,15,F
2026-08-02 23:00:00,hp-ewt,51.18,30,F
2026-08-02 23:00:00,hp-lwt,47.93,75,F
2026-08-02 23:00:00,secondary-ewt,50.42,20,F
2026-08-02 23:00:00,secondary-flow,7.87,5,gpm
2026-08-02 23:00:00,secondary-lwt,48.9,52,F
2026-08-02 23:00:00,zone1-bedrooms-heat-call,0.0,3,Unitless
2026-08-02 23:00:00,zone5-living-rm-fancoil-heat-call,0.0,4,Unitless
2026-08-02 23:15:00,buffer-depth1,47.8,44,F
2026-08-02 23:15:00,buffer-depth2,47.9,27,F
2026-08-02 23:15:00,buffer-depth3,48.15,15,F
2026-08-02 23:15:00,hp-ewt,50.74,39,F
2026-08-02 23:15:00,hp-lwt,46.8,82,F
2026-08-02 23:15:00,secondary-ewt,49.8,9,F
2026-08-02 23:15:00,secondary-flow,8.06,1,gpm
2026-08-02 23:15:00,secondary-lwt,47.39,22,F
2026-08-02 23:15:00,zone1-bedrooms-heat-call,0.0,3,Unitless
2026-08-02 23:15:00,zone5-living-rm-fancoil-heat-call,1.0,4,Unitless
2026-08-02 23:30:00,buffer-depth1,47.81,45,F
2026-08-02 23:30:00,buffer-depth2,47.94,28,F
2026-08-02 23:30:00,buffer-depth3,48.09,17,F
2026-08-02 23:30:00,hp-ewt,50.59,34,F
2026-08-02 23:30:00,hp-lwt,46.61,84,F
2026-08-02 23:30:00,secondary-ewt,49.43,11,F
2026-08-02 23:30:00,secondary-flow,7.81,3,gpm
2026-08-02 23:30:00,secondary-lwt,47.98,58,F
2026-08-02 23:30:00,zone1-bedrooms-heat-call,0.0,3,Unitless
2026-08-02 23:30:00,zone5-living-rm-fancoil-heat-call,0.0,4,Unitless
2026-08-02 23:45:00,buffer-depth1,47.84,36,F
2026-08-02 23:45:00,buffer-depth2,47.99,23,F
2026-08-02 23:45:00,buffer-depth3,48.09,16,F
2026-08-02 23:45:00,hp-ewt,51.09,32,F
2026-08-02 23:45:00,hp-lwt,47.78,55,F
2026-08-02 23:45:00,secondary-ewt,50.31,15,F
2026-08-02 23:45:00,secondary-flow,7.99,4,gpm
2026-08-02 23:45:00,secondary-lwt,49.44,28,F
2026-08-02 23:45:00,zone1-bedrooms-heat-call,0.0,3,Unitless
2026-08-02 23:45:00,zone5-living-rm-fancoil-heat-call,1.0,4,Unitless
