2026-09-27 18:32:55.548 
2026-09-27 18:32:55.548 Env file: </home/pi/envs/dev.env>  exists: True
2026-09-27 18:32:55.548 Settings:
2026-09-27 18:32:55.549 {
  "paths": {
    "base": "gridworks",
    "name": "scada-experiment",
    "relative_path": "gridworks/scada-experiment",
    "data_home": "/home/pi/.local/share",
    "state_home": "/home/pi/.local/state",
    "config_home": "/home/pi/.config",
    "data_dir": "/home/pi/.local/share/gridworks/scada-experiment",
    "config_dir": "/home/pi/.config/gridworks/scada-experiment",
    "certs_dir": "/home/pi/.config/gridworks/scada-experiment/certs",
    "event_dir": "/home/pi/.local/share/gridworks/scada-experiment/event",
    "log_dir": "/home/pi/.local/state/gridworks/scada-experiment/log",
    "hardware_layout": "/home/pi/.config/gridworks/scada-experiment/hardware-layout.json",
    "operational_params": "/home/pi/.config/gridworks/scada-experiment/operational-params.json",
    "tadeed": "/home/pi/.config/gridworks/scada-experiment/ta-deed.json"
  },
  "logging": {
    "base_log_name": "gridworks",
    "base_log_level": 10,
    "levels": {
      "message_summary": 10,
      "lifecycle": 20,
      "comm_event": 20,
      "io_loop": 20
    },
    "formatter": {
      "fmt": "%(asctime)s %(message)s",
      "datefmt": "",
      "default_msec_format": "%s.%03d",
      "use_utc": false
    },
    "file_handler": {
      "filename": "proactor.log",
      "bytes_per_log_file": 2097152,
      "num_log_files": 10,
      "level": 0
    },
    "io_loop": {
      "file_handler": {
        "filename": "io_loop.log",
        "bytes_per_log_file": 2097152,
        "num_log_files": 2,
        "level": 0
      },
      "on_screen": false
    },
    "aiohttp_logging": false,
    "paho_logging": false
  },
  "proactor": {
    "mqtt_link_poll_seconds": 60.0,
    "ack_timeout_seconds": 5.0,
    "num_initial_event_reuploads": 5,
    "num_inflight_events": 50
  },
  "pico_cycler_state_logging": false,
  "unknown_channel_logging": false,
  "power_meter_logging_level": 30,
  "contract_rep_logging_level": 20,
  "paho_logging": false,
  "local_mqtt": {
    "host": "maple.local",
    "port": 1883,
    "keepalive": 60,
    "bind_address": "",
    "bind_port": 0,
    "username": "sara",
    "password": "**********",
    "tls": {
      "use_tls": false,
      "port": 8883,
      "paths": {
        "ca_cert_path": "/home/pi/.config/gridworks/scada-experiment/certs/local_mqtt/ca.crt",
        "cert_path": "/home/pi/.config/gridworks/scada-experiment/certs/local_mqtt/local_mqtt.crt",
        "private_key_path": "/home/pi/.config/gridworks/scada-experiment/certs/local_mqtt/private/local_mqtt.pem"
      },
      "cert_reqs": 2,
      "ciphers": null,
      "keyfile_password": ""
    }
  },
  "gridworks_mqtt": {
    "host": "localhost",
    "port": 1883,
    "keepalive": 60,
    "bind_address": "",
    "bind_port": 0,
    "username": null,
    "password": "",
    "tls": {
      "use_tls": false,
      "port": 8883,
      "paths": {
        "ca_cert_path": "/home/pi/.config/gridworks/scada-experiment/certs/gridworks_mqtt/ca.crt",
        "cert_path": "/home/pi/.config/gridworks/scada-experiment/certs/gridworks_mqtt/gridworks_mqtt.crt",
        "private_key_path": "/home/pi/.config/gridworks/scada-experiment/certs/gridworks_mqtt/private/gridworks_mqtt.pem"
      },
      "cert_reqs": 2,
      "ciphers": null,
      "keyfile_password": ""
    }
  },
  "clock_source": "Wall",
  "seconds_per_report": 300,
  "seconds_per_snapshot": 30,
  "async_power_reporting_threshold": 0.02,
  "power_meter_lost_after_s": 10.0,
  "persister": {
    "max_bytes": 524288000
  },
  "admin": {
    "host": "localhost",
    "port": 1883,
    "keepalive": 60,
    "bind_address": "",
    "bind_port": 0,
    "username": null,
    "password": "",
    "tls": {
      "use_tls": false,
      "port": 8883,
      "paths": {
        "ca_cert_path": "/home/pi/.config/gridworks/scada-experiment/certs/admin/ca.crt",
        "cert_path": "/home/pi/.config/gridworks/scada-experiment/certs/admin/admin.crt",
        "private_key_path": "/home/pi/.config/gridworks/scada-experiment/certs/admin/private/admin.pem"
      },
      "cert_reqs": 2,
      "ciphers": null,
      "keyfile_password": ""
    },
    "enabled": false,
    "name": "admin",
    "max_timeout_seconds": 86400.0
  },
  "latitude": 45.6573,
  "longitude": -68.7098,
  "airtable_pat": "bogus_pat"
}
ScadaSettings(
    paths=ScadaPaths(
        base=PosixPath('gridworks'),
        name=PosixPath('scada-experiment'),
        relative_path=PosixPath('gridworks/scada-experiment'),
        data_home=PosixPath('/home/pi/.local/share'),
        state_home=PosixPath('/home/pi/.local/state'),
        config_home=PosixPath('/home/pi/.config'),
        data_dir=PosixPath('/home/pi/.local/share/gridworks/scada-experiment'),
        config_dir=PosixPath('/home/pi/.config/gridworks/scada-experiment'),
        certs_dir=PosixPath('/home/pi/.config/gridworks/scada-experiment/certs')
,
        event_dir=PosixPath('/home/pi/.local/share/gridworks/scada-experiment/ev
ent'),
        log_dir=PosixPath('/home/pi/.local/state/gridworks/scada-experiment/log'
),
        hardware_layout=PosixPath('/home/pi/.config/gridworks/scada-experiment/h
ardware-layout.json'),
        operational_params=PosixPath('/home/pi/.config/gridworks/scada-experimen
t/operational-params.json'),
        tadeed=PosixPath('/home/pi/.config/gridworks/scada-experiment/ta-deed.js
on')
    ),
    logging=LoggingSettings(
        base_log_name='gridworks',
        base_log_level=10,
        levels=LoggerLevels(
            message_summary=10,
            lifecycle=20,
            comm_event=20,
            io_loop=20
        ),
        formatter=FormatterSettings(
            fmt='%(asctime)s %(message)s',
            datefmt='',
            default_msec_format='%s.%03d',
            use_utc=False
        ),
        file_handler=RotatingFileHandlerSettings(
            filename='proactor.log',
            bytes_per_log_file=2097152,
            num_log_files=10,
            level=0
        ),
        io_loop=IOLoopLoggerSettings(
            file_handler=RotatingFileHandlerSettings(
                filename='io_loop.log',
                bytes_per_log_file=2097152,
                num_log_files=2,
                level=0
            ),
            on_screen=False
        ),
        aiohttp_logging=False,
        paho_logging=False
    ),
    proactor=ProactorSettings(
        mqtt_link_poll_seconds=60.0,
        ack_timeout_seconds=5.0,
        num_initial_event_reuploads=5,
        num_inflight_events=50
    ),
    pico_cycler_state_logging=False,
    unknown_channel_logging=False,
    power_meter_logging_level=30,
    contract_rep_logging_level=20,
    paho_logging=False,
    local_mqtt=MQTTClient(
        host='maple.local',
        port=1883,
        keepalive=60,
        bind_address='',
        bind_port=0,
        username='sara',
        password=SecretStr('**********'),
        tls=TLSInfo(
            use_tls=False,
            port=8883,
            paths=TLSPaths(
                ca_cert_path=PosixPath('/home/pi/.config/gridworks/scada-experim
ent/certs/local_mqtt/ca.crt'),
                cert_path=PosixPath('/home/pi/.config/gridworks/scada-experiment
/certs/local_mqtt/local_mqtt.crt'),
                private_key_path=PosixPath('/home/pi/.config/gridworks/scada-exp
eriment/certs/local_mqtt/private/local_mqtt.pem')
            ),
            cert_reqs=<VerifyMode.CERT_REQUIRED: 2>,
            ciphers=None,
            keyfile_password=SecretStr('')
        )
    ),
    gridworks_mqtt=MQTTClient(
        host='localhost',
        port=1883,
        keepalive=60,
        bind_address='',
        bind_port=0,
        username=None,
        password=SecretStr(''),
        tls=TLSInfo(
            use_tls=False,
            port=8883,
            paths=TLSPaths(
                ca_cert_path=PosixPath('/home/pi/.config/gridworks/scada-experim
ent/certs/gridworks_mqtt/ca.crt'),
                cert_path=PosixPath('/home/pi/.config/gridworks/scada-experiment
/certs/gridworks_mqtt/gridworks_mqtt.crt'),
                private_key_path=PosixPath('/home/pi/.config/gridworks/scada-exp
eriment/certs/gridworks_mqtt/private/gridworks_mqtt.pem')
            ),
            cert_reqs=<VerifyMode.CERT_REQUIRED: 2>,
            ciphers=None,
            keyfile_password=SecretStr('')
        )
    ),
    clock_source=<ClockSource.Wall: 'Wall'>,
    seconds_per_report=300,
    seconds_per_snapshot=30,
    async_power_reporting_threshold=0.02,
    power_meter_lost_after_s=10.0,
    persister=PersisterSettings(max_bytes=524288000),
    admin=AdminLinkSettings(
        host='localhost',
        port=1883,
        keepalive=60,
        bind_address='',
        bind_port=0,
        username=None,
        password=SecretStr(''),
        tls=TLSInfo(
            use_tls=False,
            port=8883,
            paths=TLSPaths(
                ca_cert_path=PosixPath('/home/pi/.config/gridworks/scada-experim
ent/certs/admin/ca.crt'),
                cert_path=PosixPath('/home/pi/.config/gridworks/scada-experiment
/certs/admin/admin.crt'),
                private_key_path=PosixPath('/home/pi/.config/gridworks/scada-exp
eriment/certs/admin/private/admin.pem')
            ),
            cert_reqs=<VerifyMode.CERT_REQUIRED: 2>,
            ciphers=None,
            keyfile_password=SecretStr('')
        ),
        enabled=False,
        name='admin',
        max_timeout_seconds=86400
    ),
    latitude=45.6573,
    longitude=-68.7098,
    airtable_pat='bogus_pat'
)
2026-09-27 18:32:55.738 Proactor <ProactorName(long_name='hw1.isone.me.versant.keene.maple.scada.s2', short_name='s2')> reindexing events
2026-09-27 18:32:55.739 Proactor <ProactorName(long_name='hw1.isone.me.versant.keene.maple.scada.s2', short_name='s2')> reindexing complete.
  0 events present for upload, using approximately 0 KB / 0.0 MB storage space.
2026-09-27 18:32:55.780 
Subscription info for <hw1.isone.me.versant.keene.maple.scada.s2> [construction]
  Client name: <local_mqtt>  topic_dst: <s>
    Publish to: gw/hw1-isone-me-versant-keene-maple-scada-s2/to/s/SOME_MESSAGE_TYPE
    Subscriptions:
      [('gw/hw1-isone-me-versant-keene-maple-scada/to/s2/#', <QOS.AtMostOnce: 0>)]

== window boot: scada2 of hw1.isone.me.versant.keene.maple.scada for 660s, broker localhost:1883 ==
2026-09-27 18:32:55.781 ++LinkManager.start
2026-09-27 18:32:55.782 ++generate_event gridworks.event.startup  f: 0  (p: 0)  (pr: 0  r: 0  c: 0)
2026-09-27 18:32:55.784 --generate_event gridworks.event.startup  f: 0  (p: 1)  (pr: 1  r: 0  c: 0)  problems: (0 0)  path:0x00000041
2026-09-27 18:32:55.785 --LinkManager.start
2026-09-27 18:32:55.785 WatchdogManager: []
2026-09-27 18:32:55.788 ++Proactor<s2>.join()
2026-09-27 18:32:55.790 Tasks: 5  [Proactor.join() - all tasks]
	1/5  Task-1                          done:False   exception: None  <coroutine object _run_bounded at 0x7fa401ace0>
	2/5  pat_watchdog                    done:False   exception: None  <coroutine object WatchdogManager._check_pats at 0x7fa4054500>
	3/5  send_ping<local_mqtt>           done:False   exception: None  <coroutine object LinkManager.send_ping at 0x7fa3dea240>
	4/5  process_messages                done:False   exception: None  <coroutine object Proactor.process_messages at 0x7fa3e383d0>
	5/5  Task-2                          done:False   exception: None  <coroutine object Proactor.run_forever at 0x7fa3dbb280>

2026-09-27 18:32:55.792 Tasks: 9  [WAITING FOR]
	1/9  io_loop_manager.join            done:False   exception: None  <coroutine object IOLoop.join at 0x7fa3dbb700>
	2/9  send_ping<local_mqtt>           done:False   exception: None  <coroutine object LinkManager.send_ping at 0x7fa3dea240>
	3/9  zone2-bedroom-stat.join         done:False   exception: None  <coroutine object HubitatPoller.join at 0x7fa3dbbf40>
	4/9  watchdog_manager.join           done:False   exception: None  <coroutine object WatchdogManager.join at 0x7fa3c7db60>
	5/9  zone1-living-rm-stat.join       done:False   exception: None  <coroutine object HubitatPoller.join at 0x7fa3dbbdc0>
	6/9  process_messages                done:False   exception: None  <coroutine object Proactor.process_messages at 0x7fa3e383d0>
	7/9  s2.join                         done:False   exception: None  <coroutine object PrimeActor.join at 0x7fa3dbbc40>
	8/9  _WebManager.join                done:False   exception: None  <coroutine object _WebManager.join at 0x7fa3dbbac0>
	9/9  analog-temp.join                done:False   exception: None  <coroutine object SyncThreadActor.join at 0x7fa3ca4100>

2026-09-27 18:32:55.795 Tasks: 5  [DONE]
	1/5  io_loop_manager.join            done:True   exception: None  <coroutine object IOLoop.join at 0x7fa3dbb700>
	2/5  zone2-bedroom-stat.join         done:True   exception: None  <coroutine object HubitatPoller.join at 0x7fa3dbbf40>
	3/5  zone1-living-rm-stat.join       done:True   exception: None  <coroutine object HubitatPoller.join at 0x7fa3dbbdc0>
	4/5  s2.join                         done:True   exception: None  <coroutine object PrimeActor.join at 0x7fa3dbbc40>
	5/5  _WebManager.join                done:True   exception: None  <coroutine object _WebManager.join at 0x7fa3dbbac0>

2026-09-27 18:32:55.797 Tasks: 4  [PENDING]
	1/4  watchdog_manager.join           done:False   exception: None  <coroutine object WatchdogManager.join at 0x7fa3c7db60>
	2/4  send_ping<local_mqtt>           done:False   exception: None  <coroutine object LinkManager.send_ping at 0x7fa3dea240>
	3/4  analog-temp.join                done:False   exception: None  <coroutine object SyncThreadActor.join at 0x7fa3ca4100>
	4/4  process_messages                done:False   exception: None  <coroutine object Proactor.process_messages at 0x7fa3e383d0>

2026-09-27 18:32:55.798 Tasks: 4  [WAITING FOR]
	1/4  watchdog_manager.join           done:False   exception: None  <coroutine object WatchdogManager.join at 0x7fa3c7db60>
	2/4  send_ping<local_mqtt>           done:False   exception: None  <coroutine object LinkManager.send_ping at 0x7fa3dea240>
	3/4  analog-temp.join                done:False   exception: None  <coroutine object SyncThreadActor.join at 0x7fa3ca4100>
	4/4  process_messages                done:False   exception: None  <coroutine object Proactor.process_messages at 0x7fa3e383d0>

2026-09-27 18:32:55.884 
2026-09-27 18:32:55.885 ++++++++++++++++++++++++++++++++++++++++++++++++++++++++++++++++++++++++++++++++++++++++
2026-09-27 18:32:55.885 ++Proactor<s2>.process_message  [analog-temp/synced.readings]
2026-09-27 18:32:55.885   IN  internal     analog-temp to hw1.isone.me.versant.keene.maple.scada.s2     <-  [analog-temp/to/hw1.isone.me.versant.keene.maple.scada.s2/synced.readings]        SyncedReadings           
2026-09-27 18:32:55.886 ++Parentless.process_internal_message analog-temp/synced.readings
2026-09-27 18:32:55.886   OUT mqtt         analog-temp to s                                       ->  [gw/hw1-isone-me-versant-keene-maple-scada-s2/to/s/synced-readings]               SyncedReadings           
2026-09-27 18:32:55.887 --Parentless.process_internal_message  path:0x00000004
2026-09-27 18:32:55.887 --Proactor<s2>.process_message  path:0x00000401
2026-09-27 18:32:55.887 ----------------------------------------------------------------------------------------
2026-09-27 18:32:55.950 
2026-09-27 18:32:55.950 ++++++++++++++++++++++++++++++++++++++++++++++++++++++++++++++++++++++++++++++++++++++++
2026-09-27 18:32:55.950 ++Proactor<s2>.process_message  [mqtt_clients/mqtt_connected]
2026-09-27 18:32:55.951   IN  internal     mqtt_clients to proactor                               <-  [mqtt_clients/to/proactor/mqtt_connected]                                         MQTTConnectPayload       
2026-09-27 18:32:55.951 local_mqtt:  connecting -- mqtt_connected --> awaiting_setup_and_peer
2026-09-27 18:32:55.951 ++generate_event gridworks.event.comm.mqtt.connect  f: 0  (p: 1)  (pr: 1  r: 0  c: 0)
2026-09-27 18:32:55.952 --generate_event gridworks.event.comm.mqtt.connect  f: 0  (p: 2)  (pr: 2  r: 0  c: 0)  problems: (0 0)  path:0x00000043
2026-09-27 18:32:55.952 --Proactor<s2>.process_message  path:0x00000005
2026-09-27 18:32:55.953 ----------------------------------------------------------------------------------------
2026-09-27 18:32:55.955 
2026-09-27 18:32:55.955 ++++++++++++++++++++++++++++++++++++++++++++++++++++++++++++++++++++++++++++++++++++++++
2026-09-27 18:32:55.955 ++Proactor<s2>.process_message  [mqtt_clients/mqtt_suback]
2026-09-27 18:32:55.956   IN  internal     mqtt_clients to proactor                               <-  [mqtt_clients/to/proactor/mqtt_suback]                                            MQTTSubackPayload        
2026-09-27 18:32:55.956 ++Proactor<s2>._process_mqtt_suback client:local_mqtt
2026-09-27 18:32:55.956 ++LinkManager.process_mqtt_suback client:local_mqtt
2026-09-27 18:32:55.956 local_mqtt:  awaiting_setup_and_peer -- mqtt_suback --> awaiting_peer
2026-09-27 18:32:55.956 ++generate_event gridworks.event.comm.mqtt.fully.subscribed  f: 0  (p: 2)  (pr: 2  r: 0  c: 0)
2026-09-27 18:32:55.957 --generate_event gridworks.event.comm.mqtt.fully.subscribed  f: 0  (p: 3)  (pr: 3  r: 0  c: 0)  problems: (0 0)  path:0x00000043
2026-09-27 18:32:55.958   OUT mqtt         hw1.isone.me.versant.keene.maple.scada.s2 to s         ->  [gw/hw1-isone-me-versant-keene-maple-scada-s2/to/s/gridworks-ping]                Ping                      cf844c9c...
2026-09-27 18:32:55.959 --LinkManager.process_mqtt_suback:1  path:0x00000007
2026-09-27 18:32:55.959 --Proactor._process_mqtt_suback:1  path:0x00000001
2026-09-27 18:32:55.959 --Proactor<s2>.process_message  path:0x00000021
2026-09-27 18:32:55.960 ----------------------------------------------------------------------------------------
2026-09-27 18:32:55.974 
2026-09-27 18:32:55.974 ++++++++++++++++++++++++++++++++++++++++++++++++++++++++++++++++++++++++++++++++++++++++
2026-09-27 18:32:55.974 ++Proactor<s2>.process_message  [zone1-living-rm-stat/synced.readings]
2026-09-27 18:32:55.974   IN  internal     zone1-living-rm-stat to hw1.isone.me.versant.keene.maple.scada.s2     <-  [zone1-living-rm-stat/to/hw1.isone.me.versant.keene.maple.scada.s2/synced.readings]  SyncedReadings           
2026-09-27 18:32:55.975 ++Parentless.process_internal_message zone1-living-rm-stat/synced.readings
2026-09-27 18:32:55.975   OUT mqtt         zone1-living-rm-stat to s                              ->  [gw/hw1-isone-me-versant-keene-maple-scada-s2/to/s/synced-readings]               SyncedReadings           
2026-09-27 18:32:55.976 --Parentless.process_internal_message  path:0x00000004
2026-09-27 18:32:55.976 --Proactor<s2>.process_message  path:0x00000401
2026-09-27 18:32:55.976 ----------------------------------------------------------------------------------------
2026-09-27 18:32:56.019 
2026-09-27 18:32:56.020 ++++++++++++++++++++++++++++++++++++++++++++++++++++++++++++++++++++++++++++++++++++++++
2026-09-27 18:32:56.020 ++Proactor<s2>.process_message  [zone2-bedroom-stat/synced.readings]
2026-09-27 18:32:56.020   IN  internal     zone2-bedroom-stat to hw1.isone.me.versant.keene.maple.scada.s2     <-  [zone2-bedroom-stat/to/hw1.isone.me.versant.keene.maple.scada.s2/synced.readings]  SyncedReadings           
2026-09-27 18:32:56.021 ++Parentless.process_internal_message zone2-bedroom-stat/synced.readings
2026-09-27 18:32:56.021   OUT mqtt         zone2-bedroom-stat to s                                ->  [gw/hw1-isone-me-versant-keene-maple-scada-s2/to/s/synced-readings]               SyncedReadings           
2026-09-27 18:32:56.022 --Parentless.process_internal_message  path:0x00000004
2026-09-27 18:32:56.022 --Proactor<s2>.process_message  path:0x00000401
2026-09-27 18:32:56.023 ----------------------------------------------------------------------------------------
2026-09-27 18:32:56.099 
2026-09-27 18:32:56.099 ++++++++++++++++++++++++++++++++++++++++++++++++++++++++++++++++++++++++++++++++++++++++
2026-09-27 18:32:56.100 ++Proactor<s2>.process_message  [gridworks-ping]
2026-09-27 18:32:56.100 ++Proactor<s2>._process_mqtt_message mqtt_clients/mqtt_message
2026-09-27 18:32:56.100   IN  mqtt         hw1.isone.me.versant.keene.maple.scada to s2           <-  [gw/hw1-isone-me-versant-keene-maple-scada/to/s2/gridworks-ping]                  Ping                      9f26f6f6...
2026-09-27 18:32:56.101 local_mqtt:  awaiting_peer -- message_from_peer --> active
2026-09-27 18:32:56.101 ++LinkManager._recv_activated.<local_mqtt:  awaiting_peer -- message_from_peer --> active>
2026-09-27 18:32:56.101 start_reupload: sent 3 events. 0 reupload events pending. Total events in reupload: 3.  Reuploads started: 1  completed: 0.
2026-09-27 18:32:56.102 Reuploads  reuploading:1  unacked/sent:3  pending/unsent:0  num initial:5
  unacked:3
    80af0129...
    1da186bd...
    b757f15c...
  pending:0
2026-09-27 18:32:56.102 ++_continue_reupload  3
2026-09-27 18:32:56.102 ++_reupload_event  80af0129-fb57-4c8b-96ca-a48aafca3f6c
2026-09-27 18:32:56.103   OUT mqtt         hw1.isone.me.versant.keene.maple.scada.s2 to s         ->  [gw/hw1-isone-me-versant-keene-maple-scada-s2/to/s/gridworks-event-startup]       dict                      80af0129...
2026-09-27 18:32:56.103 --_reupload_event:1  path:0x000000A9
2026-09-27 18:32:56.103   1 event path:0x0000000C
2026-09-27 18:32:56.104 ++_reupload_event  1da186bd-9cfe-4950-9e0c-a8252d1122ab
2026-09-27 18:32:56.104   OUT mqtt         hw1.isone.me.versant.keene.maple.scada.s2 to s         ->  [gw/hw1-isone-me-versant-keene-maple-scada-s2/to/s/gridworks-event-comm-mqtt-connect]  dict                      1da186bd...
2026-09-27 18:32:56.105 --_reupload_event:1  path:0x000000A9
2026-09-27 18:32:56.105   1 event path:0x0000000C
2026-09-27 18:32:56.105 ++_reupload_event  b757f15c-34e2-46fe-bf0c-f45eb73b3e26
2026-09-27 18:32:56.106   OUT mqtt         hw1.isone.me.versant.keene.maple.scada.s2 to s         ->  [gw/hw1-isone-me-versant-keene-maple-scada-s2/to/s/gridworks-event-comm-mqtt-fully-subscribed]  dict                      b757f15c...
2026-09-27 18:32:56.106 --_reupload_event:1  path:0x000000A9
2026-09-27 18:32:56.106   1 event path:0x0000000C
2026-09-27 18:32:56.107   1 continuation path:0x0000000E
2026-09-27 18:32:56.107 --_continue_reupload  path:0x0000001F  sent:3  tried:3  continuations:0
2026-09-27 18:32:56.107 ++generate_event gridworks.event.comm.peer.active  f: 0  (p: 3)  (pr: 3  r: 3  c: 0)
2026-09-27 18:32:56.108   OUT mqtt         hw1.isone.me.versant.keene.maple.scada.s2 to s         ->  [gw/hw1-isone-me-versant-keene-maple-scada-s2/to/s/gridworks-event-comm-peer-active]  PeerActiveEvent           ce390f5a...
2026-09-27 18:32:56.109 --generate_event gridworks.event.comm.peer.active  f: 1  (p: 3)  (pr: 3  r: 3  c: 0)  problems: (0 0)  path:0x0000002B
2026-09-27 18:32:56.109 --LinkManager._recv_activated.<local_mqtt:  awaiting_peer -- message_from_peer --> active>  path:0x00000001
2026-09-27 18:32:56.110   OUT mqtt         analog-temp to s                                       ->  [gw/hw1-isone-me-versant-keene-maple-scada-s2/to/s/synced-readings]               SyncedReadings           
2026-09-27 18:32:56.110   OUT mqtt         zone1-living-rm-stat to s                              ->  [gw/hw1-isone-me-versant-keene-maple-scada-s2/to/s/synced-readings]               SyncedReadings           
2026-09-27 18:32:56.111   OUT mqtt         zone2-bedroom-stat to s                                ->  [gw/hw1-isone-me-versant-keene-maple-scada-s2/to/s/synced-readings]               SyncedReadings           
2026-09-27 18:32:56.115   OUT mqtt         hw1.isone.me.versant.keene.maple.scada.s2 to s         ->  [gw/hw1-isone-me-versant-keene-maple-scada-s2/to/s/gridworks-ack]                 Ack                       9f26f6f6...
2026-09-27 18:32:56.116 --Proactor<s2>._process_mqtt_message:1  path:0x00000227
2026-09-27 18:32:56.116 --Proactor<s2>.process_message  path:0x00000002
2026-09-27 18:32:56.116 ----------------------------------------------------------------------------------------
2026-09-27 18:32:56.136 
2026-09-27 18:32:56.137 ++++++++++++++++++++++++++++++++++++++++++++++++++++++++++++++++++++++++++++++++++++++++
2026-09-27 18:32:56.137 ++Proactor<s2>.process_message  [gridworks-ack]
2026-09-27 18:32:56.137 ++Proactor<s2>._process_mqtt_message mqtt_clients/mqtt_message
2026-09-27 18:32:56.137   IN  mqtt         hw1.isone.me.versant.keene.maple.scada to s2           <-  [gw/hw1-isone-me-versant-keene-maple-scada/to/s2/gridworks-ack]                   Ack                       80af0129...
2026-09-27 18:32:56.138 ++LinkManager.process_ack  <local_mqtt>  80af0129-fb57-4c8b-96ca-a48aafca3f6c
2026-09-27 18:32:56.138 --process_ack_for_reupload  Begin reuploads:
Reuploads  reuploading:1  unacked/sent:3  pending/unsent:0  num initial:5
  unacked:3
    80af0129...
    1da186bd...
    b757f15c...
  pending:0
End reuploads:
Reuploads  reuploading:1  unacked/sent:2  pending/unsent:0  num initial:5
  unacked:2
    1da186bd...
    b757f15c...
  pending:0
path:0x00000001  reuploading: 1 -> 1  unacked: 3 -> 2  pending: 0 -> 0  
2026-09-27 18:32:56.139 ++_continue_reupload  0
2026-09-27 18:32:56.139 --_continue_reupload  path:0x00000000  sent:0  tried:0  continuations:-1
2026-09-27 18:32:56.139 --LinkManager.process_ack path:0x0000000D
2026-09-27 18:32:56.139 --Proactor<s2>._process_mqtt_message:1  path:0x00000013
2026-09-27 18:32:56.139 --Proactor<s2>.process_message  path:0x00000002
2026-09-27 18:32:56.139 ----------------------------------------------------------------------------------------
2026-09-27 18:32:56.181 
2026-09-27 18:32:56.182 ++++++++++++++++++++++++++++++++++++++++++++++++++++++++++++++++++++++++++++++++++++++++
2026-09-27 18:32:56.182 ++Proactor<s2>.process_message  [gridworks-ack]
2026-09-27 18:32:56.182 ++Proactor<s2>._process_mqtt_message mqtt_clients/mqtt_message
2026-09-27 18:32:56.183   IN  mqtt         hw1.isone.me.versant.keene.maple.scada to s2           <-  [gw/hw1-isone-me-versant-keene-maple-scada/to/s2/gridworks-ack]                   Ack                       1da186bd...
2026-09-27 18:32:56.183 ++LinkManager.process_ack  <local_mqtt>  1da186bd-9cfe-4950-9e0c-a8252d1122ab
2026-09-27 18:32:56.184 --process_ack_for_reupload  Begin reuploads:
Reuploads  reuploading:1  unacked/sent:2  pending/unsent:0  num initial:5
  unacked:2
    1da186bd...
    b757f15c...
  pending:0
End reuploads:
Reuploads  reuploading:1  unacked/sent:1  pending/unsent:0  num initial:5
  unacked:1
    b757f15c...
  pending:0
path:0x00000001  reuploading: 1 -> 1  unacked: 2 -> 1  pending: 0 -> 0  
2026-09-27 18:32:56.184 ++_continue_reupload  0
2026-09-27 18:32:56.184 --_continue_reupload  path:0x00000000  sent:0  tried:0  continuations:-1
2026-09-27 18:32:56.184 --LinkManager.process_ack path:0x0000000D
2026-09-27 18:32:56.184 --Proactor<s2>._process_mqtt_message:1  path:0x00000013
2026-09-27 18:32:56.184 --Proactor<s2>.process_message  path:0x00000002
2026-09-27 18:32:56.185 ----------------------------------------------------------------------------------------
2026-09-27 18:32:56.185 
2026-09-27 18:32:56.185 ++++++++++++++++++++++++++++++++++++++++++++++++++++++++++++++++++++++++++++++++++++++++
2026-09-27 18:32:56.185 ++Proactor<s2>.process_message  [gridworks-ack]
2026-09-27 18:32:56.185 ++Proactor<s2>._process_mqtt_message mqtt_clients/mqtt_message
2026-09-27 18:32:56.186   IN  mqtt         hw1.isone.me.versant.keene.maple.scada to s2           <-  [gw/hw1-isone-me-versant-keene-maple-scada/to/s2/gridworks-ack]                   Ack                       b757f15c...
2026-09-27 18:32:56.186 ++LinkManager.process_ack  <local_mqtt>  b757f15c-34e2-46fe-bf0c-f45eb73b3e26
2026-09-27 18:32:56.187 Reupload completed. Reuploads started: 1  completed: 1.
2026-09-27 18:32:56.187 --process_ack_for_reupload  Begin reuploads:
Reuploads  reuploading:1  unacked/sent:1  pending/unsent:0  num initial:5
  unacked:1
    b757f15c...
  pending:0
End reuploads:
Reuploads  reuploading:0  unacked/sent:0  pending/unsent:0  num initial:5
  unacked:0
  pending:0
path:0x00000009  reuploading: 1 -> 0  unacked: 1 -> 0  pending: 0 -> 0  
2026-09-27 18:32:56.187 ++_continue_reupload  0
2026-09-27 18:32:56.187 --_continue_reupload  path:0x00000000  sent:0  tried:0  continuations:-1
2026-09-27 18:32:56.187 reupload complete.
2026-09-27 18:32:56.188 --LinkManager.process_ack path:0x0000001D
2026-09-27 18:32:56.188 --Proactor<s2>._process_mqtt_message:1  path:0x00000013
2026-09-27 18:32:56.188 --Proactor<s2>.process_message  path:0x00000002
2026-09-27 18:32:56.188 ----------------------------------------------------------------------------------------
2026-09-27 18:32:56.188 
2026-09-27 18:32:56.188 ++++++++++++++++++++++++++++++++++++++++++++++++++++++++++++++++++++++++++++++++++++++++
2026-09-27 18:32:56.189 ++Proactor<s2>.process_message  [gridworks-ack]
2026-09-27 18:32:56.189 ++Proactor<s2>._process_mqtt_message mqtt_clients/mqtt_message
2026-09-27 18:32:56.189   IN  mqtt         hw1.isone.me.versant.keene.maple.scada to s2           <-  [gw/hw1-isone-me-versant-keene-maple-scada/to/s2/gridworks-ack]                   Ack                       ce390f5a...
2026-09-27 18:32:56.189 ++LinkManager.process_ack  <local_mqtt>  ce390f5a-d07b-4893-8b50-97d263cd2013
2026-09-27 18:32:56.190 --LinkManager.process_ack path:0x00000003
2026-09-27 18:32:56.190 --Proactor<s2>._process_mqtt_message:1  path:0x00000013
2026-09-27 18:32:56.190 --Proactor<s2>.process_message  path:0x00000002
2026-09-27 18:32:56.190 ----------------------------------------------------------------------------------------
2026-09-27 18:33:00.959 
2026-09-27 18:33:00.960 ++++++++++++++++++++++++++++++++++++++++++++++++++++++++++++++++++++++++++++++++++++++++
2026-09-27 18:33:00.960 ++Proactor<s2>._process_ack_timeout cf844c9c-7f1f-4e88-9c40-90947ee13139
2026-09-27 18:33:00.961 ++LinkManager.process_ack_timeout  <local_mqtt>  <cf844c9c-7f1f-4e88-9c40-90947ee13139>
2026-09-27 18:33:00.962 ++generate_event gridworks.event.comm.response.timeout  f: 0  (p: 0)  (pr: 3  r: 3  c: 3)
2026-09-27 18:33:00.963 --generate_event gridworks.event.comm.response.timeout  f: 0  (p: 1)  (pr: 4  r: 3  c: 3)  problems: (0 0)  path:0x00000043
2026-09-27 18:33:00.964 local_mqtt:  active -- response_timeout --> awaiting_peer
2026-09-27 18:33:00.965   OUT mqtt         hw1.isone.me.versant.keene.maple.scada.s2 to s         ->  [gw/hw1-isone-me-versant-keene-maple-scada-s2/to/s/gridworks-ping]                Ping                      a6c4cb1f...
2026-09-27 18:33:00.966 --LinkManager.process_ack_timeout path:0x00000007
2026-09-27 18:33:00.966 --Proactor<s2>._process_ack_timeout path:0x00000003
2026-09-27 18:33:00.967 ----------------------------------------------------------------------------------------
2026-09-27 18:33:00.972 
2026-09-27 18:33:00.972 ++++++++++++++++++++++++++++++++++++++++++++++++++++++++++++++++++++++++++++++++++++++++
2026-09-27 18:33:00.972 ++Proactor<s2>.process_message  [gridworks-ack]
2026-09-27 18:33:00.973 ++Proactor<s2>._process_mqtt_message mqtt_clients/mqtt_message
2026-09-27 18:33:00.974   IN  mqtt         hw1.isone.me.versant.keene.maple.scada to s2           <-  [gw/hw1-isone-me-versant-keene-maple-scada/to/s2/gridworks-ack]                   Ack                       a6c4cb1f...
2026-09-27 18:33:00.974 local_mqtt:  awaiting_peer -- message_from_peer --> active
2026-09-27 18:33:00.975 ++LinkManager._recv_activated.<local_mqtt:  awaiting_peer -- message_from_peer --> active>
2026-09-27 18:33:00.975 start_reupload: sent 1 events. 0 reupload events pending. Total events in reupload: 1.  Reuploads started: 2  completed: 1.
2026-09-27 18:33:00.975 Reuploads  reuploading:1  unacked/sent:1  pending/unsent:0  num initial:5
  unacked:1
    62101c38...
  pending:0
2026-09-27 18:33:00.976 ++_continue_reupload  1
2026-09-27 18:33:00.976 ++_reupload_event  62101c38-88c2-475e-9f8a-d5e7f13f9ccf
2026-09-27 18:33:00.977   OUT mqtt         hw1.isone.me.versant.keene.maple.scada.s2 to s         ->  [gw/hw1-isone-me-versant-keene-maple-scada-s2/to/s/gridworks-event-comm-response-timeout]  dict                      62101c38...
2026-09-27 18:33:00.978 --_reupload_event:1  path:0x000000A9
2026-09-27 18:33:00.979   1 event path:0x0000000C
2026-09-27 18:33:00.979   1 continuation path:0x0000000E
2026-09-27 18:33:00.979 --_continue_reupload  path:0x0000001F  sent:1  tried:1  continuations:0
2026-09-27 18:33:00.980 ++generate_event gridworks.event.comm.peer.active  f: 0  (p: 1)  (pr: 4  r: 4  c: 3)
2026-09-27 18:33:00.981   OUT mqtt         hw1.isone.me.versant.keene.maple.scada.s2 to s         ->  [gw/hw1-isone-me-versant-keene-maple-scada-s2/to/s/gridworks-event-comm-peer-active]  PeerActiveEvent           a57d7854...
2026-09-27 18:33:00.982 --generate_event gridworks.event.comm.peer.active  f: 1  (p: 1)  (pr: 4  r: 4  c: 3)  problems: (0 0)  path:0x0000002B
2026-09-27 18:33:00.982 --LinkManager._recv_activated.<local_mqtt:  awaiting_peer -- message_from_peer --> active>  path:0x00000001
2026-09-27 18:33:00.984   OUT mqtt         analog-temp to s                                       ->  [gw/hw1-isone-me-versant-keene-maple-scada-s2/to/s/synced-readings]               SyncedReadings           
2026-09-27 18:33:00.986   OUT mqtt         zone1-living-rm-stat to s                              ->  [gw/hw1-isone-me-versant-keene-maple-scada-s2/to/s/synced-readings]               SyncedReadings           
2026-09-27 18:33:00.988   OUT mqtt         zone2-bedroom-stat to s                                ->  [gw/hw1-isone-me-versant-keene-maple-scada-s2/to/s/synced-readings]               SyncedReadings           
2026-09-27 18:33:00.989 ++LinkManager.process_ack  <local_mqtt>  a6c4cb1f-d6c7-4a30-91cc-1009ed7c0d64
2026-09-27 18:33:00.990 --LinkManager.process_ack path:0x00000001
2026-09-27 18:33:00.991 --Proactor<s2>._process_mqtt_message:1  path:0x00000017
2026-09-27 18:33:00.991 --Proactor<s2>.process_message  path:0x00000002
2026-09-27 18:33:00.992 ----------------------------------------------------------------------------------------
2026-09-27 18:33:00.992 
2026-09-27 18:33:00.993 ++++++++++++++++++++++++++++++++++++++++++++++++++++++++++++++++++++++++++++++++++++++++
2026-09-27 18:33:00.993 ++Proactor<s2>.process_message  [gridworks-ack]
2026-09-27 18:33:00.993 ++Proactor<s2>._process_mqtt_message mqtt_clients/mqtt_message
2026-09-27 18:33:00.994   IN  mqtt         hw1.isone.me.versant.keene.maple.scada to s2           <-  [gw/hw1-isone-me-versant-keene-maple-scada/to/s2/gridworks-ack]                   Ack                       62101c38...
2026-09-27 18:33:00.995 ++LinkManager.process_ack  <local_mqtt>  62101c38-88c2-475e-9f8a-d5e7f13f9ccf
2026-09-27 18:33:00.996 Reupload completed. Reuploads started: 2  completed: 2.
2026-09-27 18:33:00.996 --process_ack_for_reupload  Begin reuploads:
Reuploads  reuploading:1  unacked/sent:1  pending/unsent:0  num initial:5
  unacked:1
    62101c38...
  pending:0
End reuploads:
Reuploads  reuploading:0  unacked/sent:0  pending/unsent:0  num initial:5
  unacked:0
  pending:0
path:0x00000009  reuploading: 1 -> 0  unacked: 1 -> 0  pending: 0 -> 0  
2026-09-27 18:33:00.997 ++_continue_reupload  0
2026-09-27 18:33:00.997 --_continue_reupload  path:0x00000000  sent:0  tried:0  continuations:-1
2026-09-27 18:33:00.997 reupload complete.
2026-09-27 18:33:00.998 --LinkManager.process_ack path:0x0000001D
2026-09-27 18:33:00.998 --Proactor<s2>._process_mqtt_message:1  path:0x00000013
2026-09-27 18:33:00.998 --Proactor<s2>.process_message  path:0x00000002
2026-09-27 18:33:00.999 ----------------------------------------------------------------------------------------
2026-09-27 18:33:00.999 
2026-09-27 18:33:01.000 ++++++++++++++++++++++++++++++++++++++++++++++++++++++++++++++++++++++++++++++++++++++++
2026-09-27 18:33:01.000 ++Proactor<s2>.process_message  [gridworks-ack]
2026-09-27 18:33:01.000 ++Proactor<s2>._process_mqtt_message mqtt_clients/mqtt_message
2026-09-27 18:33:01.001   IN  mqtt         hw1.isone.me.versant.keene.maple.scada to s2           <-  [gw/hw1-isone-me-versant-keene-maple-scada/to/s2/gridworks-ack]                   Ack                       a57d7854...
2026-09-27 18:33:01.002 ++LinkManager.process_ack  <local_mqtt>  a57d7854-aa2a-496e-9d9b-e80f2d404344
2026-09-27 18:33:01.002 --LinkManager.process_ack path:0x00000003
2026-09-27 18:33:01.002 --Proactor<s2>._process_mqtt_message:1  path:0x00000013
2026-09-27 18:33:01.003 --Proactor<s2>.process_message  path:0x00000002
2026-09-27 18:33:01.003 ----------------------------------------------------------------------------------------
2026-09-27 18:33:09.708 
2026-09-27 18:33:09.709 ++++++++++++++++++++++++++++++++++++++++++++++++++++++++++++++++++++++++++++++++++++++++
2026-09-27 18:33:09.709 ++Proactor<s2>.process_message  [analog-temp/synced.readings]
2026-09-27 18:33:09.710   IN  internal     analog-temp to hw1.isone.me.versant.keene.maple.scada.s2     <-  [analog-temp/to/hw1.isone.me.versant.keene.maple.scada.s2/synced.readings]        SyncedReadings           
2026-09-27 18:33:09.710 ++Parentless.process_internal_message analog-temp/synced.readings
2026-09-27 18:33:09.711   OUT mqtt         analog-temp to s                                       ->  [gw/hw1-isone-me-versant-keene-maple-scada-s2/to/s/synced-readings]               SyncedReadings           
2026-09-27 18:33:09.712 --Parentless.process_internal_message  path:0x00000004
2026-09-27 18:33:09.713 --Proactor<s2>.process_message  path:0x00000401
2026-09-27 18:33:09.713 ----------------------------------------------------------------------------------------
2026-09-27 18:33:14.894 
2026-09-27 18:33:14.894 ++++++++++++++++++++++++++++++++++++++++++++++++++++++++++++++++++++++++++++++++++++++++
2026-09-27 18:33:14.894 ++Proactor<s2>.process_message  [analog-temp/synced.readings]
2026-09-27 18:33:14.894   IN  internal     analog-temp to hw1.isone.me.versant.keene.maple.scada.s2     <-  [analog-temp/to/hw1.isone.me.versant.keene.maple.scada.s2/synced.readings]        SyncedReadings           
2026-09-27 18:33:14.895 ++Parentless.process_internal_message analog-temp/synced.readings
2026-09-27 18:33:14.895   OUT mqtt         analog-temp to s                                       ->  [gw/hw1-isone-me-versant-keene-maple-scada-s2/to/s/synced-readings]               SyncedReadings           
2026-09-27 18:33:14.896 --Parentless.process_internal_message  path:0x00000004
2026-09-27 18:33:14.896 --Proactor<s2>.process_message  path:0x00000401
2026-09-27 18:33:14.896 ----------------------------------------------------------------------------------------
2026-09-27 18:33:37.307 
2026-09-27 18:33:37.307 ++++++++++++++++++++++++++++++++++++++++++++++++++++++++++++++++++++++++++++++++++++++++
2026-09-27 18:33:37.308 ++Proactor<s2>.process_message  [analog-temp/synced.readings]
2026-09-27 18:33:37.308   IN  internal     analog-temp to hw1.isone.me.versant.keene.maple.scada.s2     <-  [analog-temp/to/hw1.isone.me.versant.keene.maple.scada.s2/synced.readings]        SyncedReadings           
2026-09-27 18:33:37.308 ++Parentless.process_internal_message analog-temp/synced.readings
2026-09-27 18:33:37.309   OUT mqtt         analog-temp to s                                       ->  [gw/hw1-isone-me-versant-keene-maple-scada-s2/to/s/synced-readings]               SyncedReadings           
2026-09-27 18:33:37.309 --Parentless.process_internal_message  path:0x00000004
2026-09-27 18:33:37.309 --Proactor<s2>.process_message  path:0x00000401
2026-09-27 18:33:37.310 ----------------------------------------------------------------------------------------
2026-09-27 18:33:40.708 
2026-09-27 18:33:40.708 ++++++++++++++++++++++++++++++++++++++++++++++++++++++++++++++++++++++++++++++++++++++++
2026-09-27 18:33:40.708 ++Proactor<s2>.process_message  [analog-temp/synced.readings]
2026-09-27 18:33:40.709   IN  internal     analog-temp to hw1.isone.me.versant.keene.maple.scada.s2     <-  [analog-temp/to/hw1.isone.me.versant.keene.maple.scada.s2/synced.readings]        SyncedReadings           
2026-09-27 18:33:40.709 ++Parentless.process_internal_message analog-temp/synced.readings
2026-09-27 18:33:40.709   OUT mqtt         analog-temp to s                                       ->  [gw/hw1-isone-me-versant-keene-maple-scada-s2/to/s/synced-readings]               SyncedReadings           
2026-09-27 18:33:40.710 --Parentless.process_internal_message  path:0x00000004
2026-09-27 18:33:40.710 --Proactor<s2>.process_message  path:0x00000401
2026-09-27 18:33:40.710 ----------------------------------------------------------------------------------------
2026-09-27 18:33:41.721 
2026-09-27 18:33:41.722 ++++++++++++++++++++++++++++++++++++++++++++++++++++++++++++++++++++++++++++++++++++++++
2026-09-27 18:33:41.722 ++Proactor<s2>.process_message  [analog-temp/synced.readings]
2026-09-27 18:33:41.723   IN  internal     analog-temp to hw1.isone.me.versant.keene.maple.scada.s2     <-  [analog-temp/to/hw1.isone.me.versant.keene.maple.scada.s2/synced.readings]        SyncedReadings           
2026-09-27 18:33:41.724 ++Parentless.process_internal_message analog-temp/synced.readings
2026-09-27 18:33:41.725   OUT mqtt         analog-temp to s                                       ->  [gw/hw1-isone-me-versant-keene-maple-scada-s2/to/s/synced-readings]               SyncedReadings           
2026-09-27 18:33:41.726 --Parentless.process_internal_message  path:0x00000004
2026-09-27 18:33:41.727 --Proactor<s2>.process_message  path:0x00000401
2026-09-27 18:33:41.728 ----------------------------------------------------------------------------------------
2026-09-27 18:33:44.725 
2026-09-27 18:33:44.726 ++++++++++++++++++++++++++++++++++++++++++++++++++++++++++++++++++++++++++++++++++++++++
2026-09-27 18:33:44.726 ++Proactor<s2>.process_message  [analog-temp/synced.readings]
2026-09-27 18:33:44.727   IN  internal     analog-temp to hw1.isone.me.versant.keene.maple.scada.s2     <-  [analog-temp/to/hw1.isone.me.versant.keene.maple.scada.s2/synced.readings]        SyncedReadings           
2026-09-27 18:33:44.728 ++Parentless.process_internal_message analog-temp/synced.readings
2026-09-27 18:33:44.729   OUT mqtt         analog-temp to s                                       ->  [gw/hw1-isone-me-versant-keene-maple-scada-s2/to/s/synced-readings]               SyncedReadings           
2026-09-27 18:33:44.730 --Parentless.process_internal_message  path:0x00000004
2026-09-27 18:33:44.731 --Proactor<s2>.process_message  path:0x00000401
2026-09-27 18:33:44.731 ----------------------------------------------------------------------------------------
2026-09-27 18:33:47.129 
2026-09-27 18:33:47.130 ++++++++++++++++++++++++++++++++++++++++++++++++++++++++++++++++++++++++++++++++++++++++
2026-09-27 18:33:47.131 ++Proactor<s2>.process_message  [analog-temp/synced.readings]
2026-09-27 18:33:47.131   IN  internal     analog-temp to hw1.isone.me.versant.keene.maple.scada.s2     <-  [analog-temp/to/hw1.isone.me.versant.keene.maple.scada.s2/synced.readings]        SyncedReadings           
2026-09-27 18:33:47.132 ++Parentless.process_internal_message analog-temp/synced.readings
2026-09-27 18:33:47.133   OUT mqtt         analog-temp to s                                       ->  [gw/hw1-isone-me-versant-keene-maple-scada-s2/to/s/synced-readings]               SyncedReadings           
2026-09-27 18:33:47.134 --Parentless.process_internal_message  path:0x00000004
2026-09-27 18:33:47.135 --Proactor<s2>.process_message  path:0x00000401
2026-09-27 18:33:47.136 ----------------------------------------------------------------------------------------
2026-09-27 18:33:48.712 
2026-09-27 18:33:48.713 ++++++++++++++++++++++++++++++++++++++++++++++++++++++++++++++++++++++++++++++++++++++++
2026-09-27 18:33:48.713 ++Proactor<s2>.process_message  [analog-temp/synced.readings]
2026-09-27 18:33:48.713   IN  internal     analog-temp to hw1.isone.me.versant.keene.maple.scada.s2     <-  [analog-temp/to/hw1.isone.me.versant.keene.maple.scada.s2/synced.readings]        SyncedReadings           
2026-09-27 18:33:48.713 ++Parentless.process_internal_message analog-temp/synced.readings
2026-09-27 18:33:48.714   OUT mqtt         analog-temp to s                                       ->  [gw/hw1-isone-me-versant-keene-maple-scada-s2/to/s/synced-readings]               SyncedReadings           
2026-09-27 18:33:48.714 --Parentless.process_internal_message  path:0x00000004
2026-09-27 18:33:48.715 --Proactor<s2>.process_message  path:0x00000401
2026-09-27 18:33:48.715 ----------------------------------------------------------------------------------------
2026-09-27 18:33:49.112 
2026-09-27 18:33:49.113 ++++++++++++++++++++++++++++++++++++++++++++++++++++++++++++++++++++++++++++++++++++++++
2026-09-27 18:33:49.113 ++Proactor<s2>.process_message  [analog-temp/synced.readings]
2026-09-27 18:33:49.113   IN  internal     analog-temp to hw1.isone.me.versant.keene.maple.scada.s2     <-  [analog-temp/to/hw1.isone.me.versant.keene.maple.scada.s2/synced.readings]        SyncedReadings           
2026-09-27 18:33:49.113 ++Parentless.process_internal_message analog-temp/synced.readings
2026-09-27 18:33:49.114   OUT mqtt         analog-temp to s                                       ->  [gw/hw1-isone-me-versant-keene-maple-scada-s2/to/s/synced-readings]               SyncedReadings           
2026-09-27 18:33:49.114 --Parentless.process_internal_message  path:0x00000004
2026-09-27 18:33:49.114 --Proactor<s2>.process_message  path:0x00000401
2026-09-27 18:33:49.115 ----------------------------------------------------------------------------------------
2026-09-27 18:33:50.713 
2026-09-27 18:33:50.713 ++++++++++++++++++++++++++++++++++++++++++++++++++++++++++++++++++++++++++++++++++++++++
2026-09-27 18:33:50.713 ++Proactor<s2>.process_message  [analog-temp/synced.readings]
2026-09-27 18:33:50.713   IN  internal     analog-temp to hw1.isone.me.versant.keene.maple.scada.s2     <-  [analog-temp/to/hw1.isone.me.versant.keene.maple.scada.s2/synced.readings]        SyncedReadings           
2026-09-27 18:33:50.714 ++Parentless.process_internal_message analog-temp/synced.readings
2026-09-27 18:33:50.714   OUT mqtt         analog-temp to s                                       ->  [gw/hw1-isone-me-versant-keene-maple-scada-s2/to/s/synced-readings]               SyncedReadings           
2026-09-27 18:33:50.715 --Parentless.process_internal_message  path:0x00000004
2026-09-27 18:33:50.715 --Proactor<s2>.process_message  path:0x00000401
2026-09-27 18:33:50.715 ----------------------------------------------------------------------------------------
2026-09-27 18:33:50.914 
2026-09-27 18:33:50.914 ++++++++++++++++++++++++++++++++++++++++++++++++++++++++++++++++++++++++++++++++++++++++
2026-09-27 18:33:50.915 ++Proactor<s2>.process_message  [analog-temp/synced.readings]
2026-09-27 18:33:50.915   IN  internal     analog-temp to hw1.isone.me.versant.keene.maple.scada.s2     <-  [analog-temp/to/hw1.isone.me.versant.keene.maple.scada.s2/synced.readings]        SyncedReadings           
2026-09-27 18:33:50.915 ++Parentless.process_internal_message analog-temp/synced.readings
2026-09-27 18:33:50.916   OUT mqtt         analog-temp to s                                       ->  [gw/hw1-isone-me-versant-keene-maple-scada-s2/to/s/synced-readings]               SyncedReadings           
2026-09-27 18:33:50.916 --Parentless.process_internal_message  path:0x00000004
2026-09-27 18:33:50.917 --Proactor<s2>.process_message  path:0x00000401
2026-09-27 18:33:50.917 ----------------------------------------------------------------------------------------
2026-09-27 18:33:52.314 
2026-09-27 18:33:52.315 ++++++++++++++++++++++++++++++++++++++++++++++++++++++++++++++++++++++++++++++++++++++++
2026-09-27 18:33:52.315 ++Proactor<s2>.process_message  [analog-temp/synced.readings]
2026-09-27 18:33:52.315   IN  internal     analog-temp to hw1.isone.me.versant.keene.maple.scada.s2     <-  [analog-temp/to/hw1.isone.me.versant.keene.maple.scada.s2/synced.readings]        SyncedReadings           
2026-09-27 18:33:52.315 ++Parentless.process_internal_message analog-temp/synced.readings
2026-09-27 18:33:52.316   OUT mqtt         analog-temp to s                                       ->  [gw/hw1-isone-me-versant-keene-maple-scada-s2/to/s/synced-readings]               SyncedReadings           
2026-09-27 18:33:52.316 --Parentless.process_internal_message  path:0x00000004
2026-09-27 18:33:52.317 --Proactor<s2>.process_message  path:0x00000401
2026-09-27 18:33:52.317 ----------------------------------------------------------------------------------------
2026-09-27 18:33:52.916 
2026-09-27 18:33:52.916 ++++++++++++++++++++++++++++++++++++++++++++++++++++++++++++++++++++++++++++++++++++++++
2026-09-27 18:33:52.916 ++Proactor<s2>.process_message  [analog-temp/synced.readings]
2026-09-27 18:33:52.916   IN  internal     analog-temp to hw1.isone.me.versant.keene.maple.scada.s2     <-  [analog-temp/to/hw1.isone.me.versant.keene.maple.scada.s2/synced.readings]        SyncedReadings           
2026-09-27 18:33:52.917 ++Parentless.process_internal_message analog-temp/synced.readings
2026-09-27 18:33:52.917   OUT mqtt         analog-temp to s                                       ->  [gw/hw1-isone-me-versant-keene-maple-scada-s2/to/s/synced-readings]               SyncedReadings           
2026-09-27 18:33:52.918 --Parentless.process_internal_message  path:0x00000004
2026-09-27 18:33:52.918 --Proactor<s2>.process_message  path:0x00000401
2026-09-27 18:33:52.918 ----------------------------------------------------------------------------------------
2026-09-27 18:33:53.531 
2026-09-27 18:33:53.533 ++++++++++++++++++++++++++++++++++++++++++++++++++++++++++++++++++++++++++++++++++++++++
2026-09-27 18:33:53.533 ++Proactor<s2>.process_message  [analog-temp/synced.readings]
2026-09-27 18:33:53.534   IN  internal     analog-temp to hw1.isone.me.versant.keene.maple.scada.s2     <-  [analog-temp/to/hw1.isone.me.versant.keene.maple.scada.s2/synced.readings]        SyncedReadings           
2026-09-27 18:33:53.534 ++Parentless.process_internal_message analog-temp/synced.readings
2026-09-27 18:33:53.537   OUT mqtt         analog-temp to s                                       ->  [gw/hw1-isone-me-versant-keene-maple-scada-s2/to/s/synced-readings]               SyncedReadings           
2026-09-27 18:33:53.539 --Parentless.process_internal_message  path:0x00000004
2026-09-27 18:33:53.540 --Proactor<s2>.process_message  path:0x00000401
2026-09-27 18:33:53.540 ----------------------------------------------------------------------------------------
2026-09-27 18:33:53.730 
2026-09-27 18:33:53.731 ++++++++++++++++++++++++++++++++++++++++++++++++++++++++++++++++++++++++++++++++++++++++
2026-09-27 18:33:53.731 ++Proactor<s2>.process_message  [analog-temp/synced.readings]
2026-09-27 18:33:53.732   IN  internal     analog-temp to hw1.isone.me.versant.keene.maple.scada.s2     <-  [analog-temp/to/hw1.isone.me.versant.keene.maple.scada.s2/synced.readings]        SyncedReadings           
2026-09-27 18:33:53.733 ++Parentless.process_internal_message analog-temp/synced.readings
2026-09-27 18:33:53.734   OUT mqtt         analog-temp to s                                       ->  [gw/hw1-isone-me-versant-keene-maple-scada-s2/to/s/synced-readings]               SyncedReadings           
2026-09-27 18:33:53.735 --Parentless.process_internal_message  path:0x00000004
2026-09-27 18:33:53.736 --Proactor<s2>.process_message  path:0x00000401
2026-09-27 18:33:53.736 ----------------------------------------------------------------------------------------
2026-09-27 18:33:54.732 
2026-09-27 18:33:54.732 ++++++++++++++++++++++++++++++++++++++++++++++++++++++++++++++++++++++++++++++++++++++++
2026-09-27 18:33:54.733 ++Proactor<s2>.process_message  [analog-temp/synced.readings]
2026-09-27 18:33:54.734   IN  internal     analog-temp to hw1.isone.me.versant.keene.maple.scada.s2     <-  [analog-temp/to/hw1.isone.me.versant.keene.maple.scada.s2/synced.readings]        SyncedReadings           
2026-09-27 18:33:54.734 ++Parentless.process_internal_message analog-temp/synced.readings
2026-09-27 18:33:54.736   OUT mqtt         analog-temp to s                                       ->  [gw/hw1-isone-me-versant-keene-maple-scada-s2/to/s/synced-readings]               SyncedReadings           
2026-09-27 18:33:54.737 --Parentless.process_internal_message  path:0x00000004
2026-09-27 18:33:54.737 --Proactor<s2>.process_message  path:0x00000401
2026-09-27 18:33:54.738 ----------------------------------------------------------------------------------------
2026-09-27 18:33:55.932 
2026-09-27 18:33:55.932 ++++++++++++++++++++++++++++++++++++++++++++++++++++++++++++++++++++++++++++++++++++++++
2026-09-27 18:33:55.933 ++Proactor<s2>.process_message  [analog-temp/synced.readings]
2026-09-27 18:33:55.933   IN  internal     analog-temp to hw1.isone.me.versant.keene.maple.scada.s2     <-  [analog-temp/to/hw1.isone.me.versant.keene.maple.scada.s2/synced.readings]        SyncedReadings           
2026-09-27 18:33:55.934 ++Parentless.process_internal_message analog-temp/synced.readings
2026-09-27 18:33:55.935   OUT mqtt         analog-temp to s                                       ->  [gw/hw1-isone-me-versant-keene-maple-scada-s2/to/s/synced-readings]               SyncedReadings           
2026-09-27 18:33:55.936 --Parentless.process_internal_message  path:0x00000004
2026-09-27 18:33:55.937 --Proactor<s2>.process_message  path:0x00000401
2026-09-27 18:33:55.937 ----------------------------------------------------------------------------------------
2026-09-27 18:33:56.933 
2026-09-27 18:33:56.934 ++++++++++++++++++++++++++++++++++++++++++++++++++++++++++++++++++++++++++++++++++++++++
2026-09-27 18:33:56.934 ++Proactor<s2>.process_message  [analog-temp/synced.readings]
2026-09-27 18:33:56.935   IN  internal     analog-temp to hw1.isone.me.versant.keene.maple.scada.s2     <-  [analog-temp/to/hw1.isone.me.versant.keene.maple.scada.s2/synced.readings]        SyncedReadings           
2026-09-27 18:33:56.936 ++Parentless.process_internal_message analog-temp/synced.readings
2026-09-27 18:33:56.937   OUT mqtt         analog-temp to s                                       ->  [gw/hw1-isone-me-versant-keene-maple-scada-s2/to/s/synced-readings]               SyncedReadings           
2026-09-27 18:33:56.938 --Parentless.process_internal_message  path:0x00000004
2026-09-27 18:33:56.939 --Proactor<s2>.process_message  path:0x00000401
2026-09-27 18:33:56.940 ----------------------------------------------------------------------------------------
2026-09-27 18:33:57.334 
2026-09-27 18:33:57.338 ++++++++++++++++++++++++++++++++++++++++++++++++++++++++++++++++++++++++++++++++++++++++
2026-09-27 18:33:57.339 ++Proactor<s2>.process_message  [analog-temp/synced.readings]
2026-09-27 18:33:57.340   IN  internal     analog-temp to hw1.isone.me.versant.keene.maple.scada.s2     <-  [analog-temp/to/hw1.isone.me.versant.keene.maple.scada.s2/synced.readings]        SyncedReadings           
2026-09-27 18:33:57.340 ++Parentless.process_internal_message analog-temp/synced.readings
2026-09-27 18:33:57.342   OUT mqtt         analog-temp to s                                       ->  [gw/hw1-isone-me-versant-keene-maple-scada-s2/to/s/synced-readings]               SyncedReadings           
2026-09-27 18:33:57.343 --Parentless.process_internal_message  path:0x00000004
2026-09-27 18:33:57.343 --Proactor<s2>.process_message  path:0x00000401
2026-09-27 18:33:57.344 ----------------------------------------------------------------------------------------
2026-09-27 18:33:57.933 
2026-09-27 18:33:57.933 ++++++++++++++++++++++++++++++++++++++++++++++++++++++++++++++++++++++++++++++++++++++++
2026-09-27 18:33:57.934 ++Proactor<s2>.process_message  [analog-temp/synced.readings]
2026-09-27 18:33:57.935   IN  internal     analog-temp to hw1.isone.me.versant.keene.maple.scada.s2     <-  [analog-temp/to/hw1.isone.me.versant.keene.maple.scada.s2/synced.readings]        SyncedReadings           
2026-09-27 18:33:57.935 ++Parentless.process_internal_message analog-temp/synced.readings
2026-09-27 18:33:57.937   OUT mqtt         analog-temp to s                                       ->  [gw/hw1-isone-me-versant-keene-maple-scada-s2/to/s/synced-readings]               SyncedReadings           
2026-09-27 18:33:57.938 --Parentless.process_internal_message  path:0x00000004
2026-09-27 18:33:57.939 --Proactor<s2>.process_message  path:0x00000401
2026-09-27 18:33:57.939 ----------------------------------------------------------------------------------------
2026-09-27 18:33:58.934 
2026-09-27 18:33:58.934 ++++++++++++++++++++++++++++++++++++++++++++++++++++++++++++++++++++++++++++++++++++++++
2026-09-27 18:33:58.935 ++Proactor<s2>.process_message  [analog-temp/synced.readings]
2026-09-27 18:33:58.936   IN  internal     analog-temp to hw1.isone.me.versant.keene.maple.scada.s2     <-  [analog-temp/to/hw1.isone.me.versant.keene.maple.scada.s2/synced.readings]        SyncedReadings           
2026-09-27 18:33:58.936 ++Parentless.process_internal_message analog-temp/synced.readings
2026-09-27 18:33:58.938   OUT mqtt         analog-temp to s                                       ->  [gw/hw1-isone-me-versant-keene-maple-scada-s2/to/s/synced-readings]               SyncedReadings           
2026-09-27 18:33:58.939 --Parentless.process_internal_message  path:0x00000004
2026-09-27 18:33:58.940 --Proactor<s2>.process_message  path:0x00000401
2026-09-27 18:33:58.940 ----------------------------------------------------------------------------------------
2026-09-27 18:33:59.933 
2026-09-27 18:33:59.934 ++++++++++++++++++++++++++++++++++++++++++++++++++++++++++++++++++++++++++++++++++++++++
2026-09-27 18:33:59.934 ++Proactor<s2>.process_message  [analog-temp/synced.readings]
2026-09-27 18:33:59.935   IN  internal     analog-temp to hw1.isone.me.versant.keene.maple.scada.s2     <-  [analog-temp/to/hw1.isone.me.versant.keene.maple.scada.s2/synced.readings]        SyncedReadings           
2026-09-27 18:33:59.936 ++Parentless.process_internal_message analog-temp/synced.readings
2026-09-27 18:33:59.937   OUT mqtt         analog-temp to s                                       ->  [gw/hw1-isone-me-versant-keene-maple-scada-s2/to/s/synced-readings]               SyncedReadings           
2026-09-27 18:33:59.938 --Parentless.process_internal_message  path:0x00000004
2026-09-27 18:33:59.939 --Proactor<s2>.process_message  path:0x00000401
2026-09-27 18:33:59.939 ----------------------------------------------------------------------------------------
2026-09-27 18:34:00.935 
2026-09-27 18:34:00.935 ++++++++++++++++++++++++++++++++++++++++++++++++++++++++++++++++++++++++++++++++++++++++
2026-09-27 18:34:00.936 ++Proactor<s2>.process_message  [analog-temp/synced.readings]
2026-09-27 18:34:00.936   IN  internal     analog-temp to hw1.isone.me.versant.keene.maple.scada.s2     <-  [analog-temp/to/hw1.isone.me.versant.keene.maple.scada.s2/synced.readings]        SyncedReadings           
2026-09-27 18:34:00.937 ++Parentless.process_internal_message analog-temp/synced.readings
2026-09-27 18:34:00.938   OUT mqtt         analog-temp to s                                       ->  [gw/hw1-isone-me-versant-keene-maple-scada-s2/to/s/synced-readings]               SyncedReadings           
2026-09-27 18:34:00.939 --Parentless.process_internal_message  path:0x00000004
2026-09-27 18:34:00.940 --Proactor<s2>.process_message  path:0x00000401
2026-09-27 18:34:00.940 ----------------------------------------------------------------------------------------
2026-09-27 18:34:00.992 
2026-09-27 18:34:00.992 ++++++++++++++++++++++++++++++++++++++++++++++++++++++++++++++++++++++++++++++++++++++++
2026-09-27 18:34:00.993 ++Proactor<s2>.process_message  [gridworks-ping]
2026-09-27 18:34:00.993 ++Proactor<s2>._process_mqtt_message mqtt_clients/mqtt_message
2026-09-27 18:34:00.994   IN  mqtt         hw1.isone.me.versant.keene.maple.scada to s2           <-  [gw/hw1-isone-me-versant-keene-maple-scada/to/s2/gridworks-ping]                  Ping                      832c2cff...
2026-09-27 18:34:00.995   OUT mqtt         hw1.isone.me.versant.keene.maple.scada.s2 to s         ->  [gw/hw1-isone-me-versant-keene-maple-scada-s2/to/s/gridworks-ack]                 Ack                       832c2cff...
2026-09-27 18:34:00.996 --Proactor<s2>._process_mqtt_message:1  path:0x00000223
2026-09-27 18:34:00.997 --Proactor<s2>.process_message  path:0x00000002
2026-09-27 18:34:00.997 ----------------------------------------------------------------------------------------
2026-09-27 18:34:01.736 
2026-09-27 18:34:01.736 ++++++++++++++++++++++++++++++++++++++++++++++++++++++++++++++++++++++++++++++++++++++++
2026-09-27 18:34:01.737 ++Proactor<s2>.process_message  [analog-temp/synced.readings]
2026-09-27 18:34:01.737   IN  internal     analog-temp to hw1.isone.me.versant.keene.maple.scada.s2     <-  [analog-temp/to/hw1.isone.me.versant.keene.maple.scada.s2/synced.readings]        SyncedReadings           
2026-09-27 18:34:01.738 ++Parentless.process_internal_message analog-temp/synced.readings
2026-09-27 18:34:01.739   OUT mqtt         analog-temp to s                                       ->  [gw/hw1-isone-me-versant-keene-maple-scada-s2/to/s/synced-readings]               SyncedReadings           
2026-09-27 18:34:01.740 --Parentless.process_internal_message  path:0x00000004
2026-09-27 18:34:01.741 --Proactor<s2>.process_message  path:0x00000401
2026-09-27 18:34:01.741 ----------------------------------------------------------------------------------------
2026-09-27 18:34:01.935 
2026-09-27 18:34:01.936 ++++++++++++++++++++++++++++++++++++++++++++++++++++++++++++++++++++++++++++++++++++++++
2026-09-27 18:34:01.936 ++Proactor<s2>.process_message  [analog-temp/synced.readings]
2026-09-27 18:34:01.937   IN  internal     analog-temp to hw1.isone.me.versant.keene.maple.scada.s2     <-  [analog-temp/to/hw1.isone.me.versant.keene.maple.scada.s2/synced.readings]        SyncedReadings           
2026-09-27 18:34:01.937 ++Parentless.process_internal_message analog-temp/synced.readings
2026-09-27 18:34:01.939   OUT mqtt         analog-temp to s                                       ->  [gw/hw1-isone-me-versant-keene-maple-scada-s2/to/s/synced-readings]               SyncedReadings           
2026-09-27 18:34:01.940 --Parentless.process_internal_message  path:0x00000004
2026-09-27 18:34:01.940 --Proactor<s2>.process_message  path:0x00000401
2026-09-27 18:34:01.941 ----------------------------------------------------------------------------------------
2026-09-27 18:34:02.937 
2026-09-27 18:34:02.938 ++++++++++++++++++++++++++++++++++++++++++++++++++++++++++++++++++++++++++++++++++++++++
2026-09-27 18:34:02.938 ++Proactor<s2>.process_message  [analog-temp/synced.readings]
2026-09-27 18:34:02.939   IN  internal     analog-temp to hw1.isone.me.versant.keene.maple.scada.s2     <-  [analog-temp/to/hw1.isone.me.versant.keene.maple.scada.s2/synced.readings]        SyncedReadings           
2026-09-27 18:34:02.940 ++Parentless.process_internal_message analog-temp/synced.readings
2026-09-27 18:34:02.941   OUT mqtt         analog-temp to s                                       ->  [gw/hw1-isone-me-versant-keene-maple-scada-s2/to/s/synced-readings]               SyncedReadings           
2026-09-27 18:34:02.942 --Parentless.process_internal_message  path:0x00000004
2026-09-27 18:34:02.942 --Proactor<s2>.process_message  path:0x00000401
2026-09-27 18:34:02.943 ----------------------------------------------------------------------------------------
2026-09-27 18:34:03.937 
2026-09-27 18:34:03.937 ++++++++++++++++++++++++++++++++++++++++++++++++++++++++++++++++++++++++++++++++++++++++
2026-09-27 18:34:03.938 ++Proactor<s2>.process_message  [analog-temp/synced.readings]
2026-09-27 18:34:03.938   IN  internal     analog-temp to hw1.isone.me.versant.keene.maple.scada.s2     <-  [analog-temp/to/hw1.isone.me.versant.keene.maple.scada.s2/synced.readings]        SyncedReadings           
2026-09-27 18:34:03.939 ++Parentless.process_internal_message analog-temp/synced.readings
2026-09-27 18:34:03.941   OUT mqtt         analog-temp to s                                       ->  [gw/hw1-isone-me-versant-keene-maple-scada-s2/to/s/synced-readings]               SyncedReadings           
2026-09-27 18:34:03.941 --Parentless.process_internal_message  path:0x00000004
2026-09-27 18:34:03.942 --Proactor<s2>.process_message  path:0x00000401
2026-09-27 18:34:03.943 ----------------------------------------------------------------------------------------
2026-09-27 18:34:04.937 
2026-09-27 18:34:04.938 ++++++++++++++++++++++++++++++++++++++++++++++++++++++++++++++++++++++++++++++++++++++++
2026-09-27 18:34:04.938 ++Proactor<s2>.process_message  [analog-temp/synced.readings]
2026-09-27 18:34:04.939   IN  internal     analog-temp to hw1.isone.me.versant.keene.maple.scada.s2     <-  [analog-temp/to/hw1.isone.me.versant.keene.maple.scada.s2/synced.readings]        SyncedReadings           
2026-09-27 18:34:04.939 ++Parentless.process_internal_message analog-temp/synced.readings
2026-09-27 18:34:04.941   OUT mqtt         analog-temp to s                                       ->  [gw/hw1-isone-me-versant-keene-maple-scada-s2/to/s/synced-readings]               SyncedReadings           
2026-09-27 18:34:04.942 --Parentless.process_internal_message  path:0x00000004
2026-09-27 18:34:04.942 --Proactor<s2>.process_message  path:0x00000401
2026-09-27 18:34:04.943 ----------------------------------------------------------------------------------------
2026-09-27 18:34:05.138 
2026-09-27 18:34:05.139 ++++++++++++++++++++++++++++++++++++++++++++++++++++++++++++++++++++++++++++++++++++++++
2026-09-27 18:34:05.139 ++Proactor<s2>.process_message  [analog-temp/synced.readings]
2026-09-27 18:34:05.140   IN  internal     analog-temp to hw1.isone.me.versant.keene.maple.scada.s2     <-  [analog-temp/to/hw1.isone.me.versant.keene.maple.scada.s2/synced.readings]        SyncedReadings           
2026-09-27 18:34:05.141 ++Parentless.process_internal_message analog-temp/synced.readings
2026-09-27 18:34:05.142   OUT mqtt         analog-temp to s                                       ->  [gw/hw1-isone-me-versant-keene-maple-scada-s2/to/s/synced-readings]               SyncedReadings           
2026-09-27 18:34:05.143 --Parentless.process_internal_message  path:0x00000004
2026-09-27 18:34:05.144 --Proactor<s2>.process_message  path:0x00000401
2026-09-27 18:34:05.144 ----------------------------------------------------------------------------------------
2026-09-27 18:34:05.938 
2026-09-27 18:34:05.939 ++++++++++++++++++++++++++++++++++++++++++++++++++++++++++++++++++++++++++++++++++++++++
2026-09-27 18:34:05.940 ++Proactor<s2>.process_message  [analog-temp/synced.readings]
2026-09-27 18:34:05.940   IN  internal     analog-temp to hw1.isone.me.versant.keene.maple.scada.s2     <-  [analog-temp/to/hw1.isone.me.versant.keene.maple.scada.s2/synced.readings]        SyncedReadings           
2026-09-27 18:34:05.941 ++Parentless.process_internal_message analog-temp/synced.readings
2026-09-27 18:34:05.942   OUT mqtt         analog-temp to s                                       ->  [gw/hw1-isone-me-versant-keene-maple-scada-s2/to/s/synced-readings]               SyncedReadings           
2026-09-27 18:34:05.943 --Parentless.process_internal_message  path:0x00000004
2026-09-27 18:34:05.944 --Proactor<s2>.process_message  path:0x00000401
2026-09-27 18:34:05.945 ----------------------------------------------------------------------------------------
2026-09-27 18:34:06.939 
2026-09-27 18:34:06.940 ++++++++++++++++++++++++++++++++++++++++++++++++++++++++++++++++++++++++++++++++++++++++
2026-09-27 18:34:06.940 ++Proactor<s2>.process_message  [analog-temp/synced.readings]
2026-09-27 18:34:06.941   IN  internal     analog-temp to hw1.isone.me.versant.keene.maple.scada.s2     <-  [analog-temp/to/hw1.isone.me.versant.keene.maple.scada.s2/synced.readings]        SyncedReadings           
2026-09-27 18:34:06.941 ++Parentless.process_internal_message analog-temp/synced.readings
2026-09-27 18:34:06.943   OUT mqtt         analog-temp to s                                       ->  [gw/hw1-isone-me-versant-keene-maple-scada-s2/to/s/synced-readings]               SyncedReadings           
2026-09-27 18:34:06.944 --Parentless.process_internal_message  path:0x00000004
2026-09-27 18:34:06.944 --Proactor<s2>.process_message  path:0x00000401
2026-09-27 18:34:06.945 ----------------------------------------------------------------------------------------
2026-09-27 18:34:07.939 
2026-09-27 18:34:07.940 ++++++++++++++++++++++++++++++++++++++++++++++++++++++++++++++++++++++++++++++++++++++++
2026-09-27 18:34:07.941 ++Proactor<s2>.process_message  [analog-temp/synced.readings]
2026-09-27 18:34:07.941   IN  internal     analog-temp to hw1.isone.me.versant.keene.maple.scada.s2     <-  [analog-temp/to/hw1.isone.me.versant.keene.maple.scada.s2/synced.readings]        SyncedReadings           
2026-09-27 18:34:07.942 ++Parentless.process_internal_message analog-temp/synced.readings
2026-09-27 18:34:07.944   OUT mqtt         analog-temp to s                                       ->  [gw/hw1-isone-me-versant-keene-maple-scada-s2/to/s/synced-readings]               SyncedReadings           
2026-09-27 18:34:07.946 --Parentless.process_internal_message  path:0x00000004
2026-09-27 18:34:07.947 --Proactor<s2>.process_message  path:0x00000401
2026-09-27 18:34:07.948 ----------------------------------------------------------------------------------------
2026-09-27 18:34:09.140 
2026-09-27 18:34:09.140 ++++++++++++++++++++++++++++++++++++++++++++++++++++++++++++++++++++++++++++++++++++++++
2026-09-27 18:34:09.141 ++Proactor<s2>.process_message  [analog-temp/synced.readings]
2026-09-27 18:34:09.142   IN  internal     analog-temp to hw1.isone.me.versant.keene.maple.scada.s2     <-  [analog-temp/to/hw1.isone.me.versant.keene.maple.scada.s2/synced.readings]        SyncedReadings           
2026-09-27 18:34:09.142 ++Parentless.process_internal_message analog-temp/synced.readings
2026-09-27 18:34:09.144   OUT mqtt         analog-temp to s                                       ->  [gw/hw1-isone-me-versant-keene-maple-scada-s2/to/s/synced-readings]               SyncedReadings           
2026-09-27 18:34:09.145 --Parentless.process_internal_message  path:0x00000004
2026-09-27 18:34:09.146 --Proactor<s2>.process_message  path:0x00000401
2026-09-27 18:34:09.146 ----------------------------------------------------------------------------------------
2026-09-27 18:34:10.342 
2026-09-27 18:34:10.343 ++++++++++++++++++++++++++++++++++++++++++++++++++++++++++++++++++++++++++++++++++++++++
2026-09-27 18:34:10.344 ++Proactor<s2>.process_message  [analog-temp/synced.readings]
2026-09-27 18:34:10.344   IN  internal     analog-temp to hw1.isone.me.versant.keene.maple.scada.s2     <-  [analog-temp/to/hw1.isone.me.versant.keene.maple.scada.s2/synced.readings]        SyncedReadings           
2026-09-27 18:34:10.345 ++Parentless.process_internal_message analog-temp/synced.readings
2026-09-27 18:34:10.346   OUT mqtt         analog-temp to s                                       ->  [gw/hw1-isone-me-versant-keene-maple-scada-s2/to/s/synced-readings]               SyncedReadings           
2026-09-27 18:34:10.347 --Parentless.process_internal_message  path:0x00000004
2026-09-27 18:34:10.348 --Proactor<s2>.process_message  path:0x00000401
2026-09-27 18:34:10.349 ----------------------------------------------------------------------------------------
2026-09-27 18:34:11.134 
2026-09-27 18:34:11.134 ++++++++++++++++++++++++++++++++++++++++++++++++++++++++++++++++++++++++++++++++++++++++
2026-09-27 18:34:11.135 ++Proactor<s2>.process_message  [analog-temp/synced.readings]
2026-09-27 18:34:11.135   IN  internal     analog-temp to hw1.isone.me.versant.keene.maple.scada.s2     <-  [analog-temp/to/hw1.isone.me.versant.keene.maple.scada.s2/synced.readings]        SyncedReadings           
2026-09-27 18:34:11.135 ++Parentless.process_internal_message analog-temp/synced.readings
2026-09-27 18:34:11.136   OUT mqtt         analog-temp to s                                       ->  [gw/hw1-isone-me-versant-keene-maple-scada-s2/to/s/synced-readings]               SyncedReadings           
2026-09-27 18:34:11.137 --Parentless.process_internal_message  path:0x00000004
2026-09-27 18:34:11.137 --Proactor<s2>.process_message  path:0x00000401
2026-09-27 18:34:11.138 ----------------------------------------------------------------------------------------
2026-09-27 18:34:11.344 
2026-09-27 18:34:11.344 ++++++++++++++++++++++++++++++++++++++++++++++++++++++++++++++++++++++++++++++++++++++++
2026-09-27 18:34:11.345 ++Proactor<s2>.process_message  [analog-temp/synced.readings]
2026-09-27 18:34:11.345   IN  internal     analog-temp to hw1.isone.me.versant.keene.maple.scada.s2     <-  [analog-temp/to/hw1.isone.me.versant.keene.maple.scada.s2/synced.readings]        SyncedReadings           
2026-09-27 18:34:11.346 ++Parentless.process_internal_message analog-temp/synced.readings
2026-09-27 18:34:11.347   OUT mqtt         analog-temp to s                                       ->  [gw/hw1-isone-me-versant-keene-maple-scada-s2/to/s/synced-readings]               SyncedReadings           
2026-09-27 18:34:11.348 --Parentless.process_internal_message  path:0x00000004
2026-09-27 18:34:11.349 --Proactor<s2>.process_message  path:0x00000401
2026-09-27 18:34:11.350 ----------------------------------------------------------------------------------------
2026-09-27 18:34:11.726 
2026-09-27 18:34:11.726 ++++++++++++++++++++++++++++++++++++++++++++++++++++++++++++++++++++++++++++++++++++++++
2026-09-27 18:34:11.726 ++Proactor<s2>.process_message  [analog-temp/synced.readings]
2026-09-27 18:34:11.726   IN  internal     analog-temp to hw1.isone.me.versant.keene.maple.scada.s2     <-  [analog-temp/to/hw1.isone.me.versant.keene.maple.scada.s2/synced.readings]        SyncedReadings           
2026-09-27 18:34:11.727 ++Parentless.process_internal_message analog-temp/synced.readings
2026-09-27 18:34:11.727   OUT mqtt         analog-temp to s                                       ->  [gw/hw1-isone-me-versant-keene-maple-scada-s2/to/s/synced-readings]               SyncedReadings           
2026-09-27 18:34:11.728 --Parentless.process_internal_message  path:0x00000004
2026-09-27 18:34:11.728 --Proactor<s2>.process_message  path:0x00000401
2026-09-27 18:34:11.728 ----------------------------------------------------------------------------------------
2026-09-27 18:34:11.926 
2026-09-27 18:34:11.926 ++++++++++++++++++++++++++++++++++++++++++++++++++++++++++++++++++++++++++++++++++++++++
2026-09-27 18:34:11.926 ++Proactor<s2>.process_message  [analog-temp/synced.readings]
2026-09-27 18:34:11.926   IN  internal     analog-temp to hw1.isone.me.versant.keene.maple.scada.s2     <-  [analog-temp/to/hw1.isone.me.versant.keene.maple.scada.s2/synced.readings]        SyncedReadings           
2026-09-27 18:34:11.927 ++Parentless.process_internal_message analog-temp/synced.readings
2026-09-27 18:34:11.927   OUT mqtt         analog-temp to s                                       ->  [gw/hw1-isone-me-versant-keene-maple-scada-s2/to/s/synced-readings]               SyncedReadings           
2026-09-27 18:34:11.928 --Parentless.process_internal_message  path:0x00000004
2026-09-27 18:34:11.928 --Proactor<s2>.process_message  path:0x00000401
2026-09-27 18:34:11.928 ----------------------------------------------------------------------------------------
2026-09-27 18:34:13.126 
2026-09-27 18:34:13.130 ++++++++++++++++++++++++++++++++++++++++++++++++++++++++++++++++++++++++++++++++++++++++
2026-09-27 18:34:13.130 ++Proactor<s2>.process_message  [analog-temp/synced.readings]
2026-09-27 18:34:13.130   IN  internal     analog-temp to hw1.isone.me.versant.keene.maple.scada.s2     <-  [analog-temp/to/hw1.isone.me.versant.keene.maple.scada.s2/synced.readings]        SyncedReadings           
2026-09-27 18:34:13.131 ++Parentless.process_internal_message analog-temp/synced.readings
2026-09-27 18:34:13.131   OUT mqtt         analog-temp to s                                       ->  [gw/hw1-isone-me-versant-keene-maple-scada-s2/to/s/synced-readings]               SyncedReadings           
2026-09-27 18:34:13.132 --Parentless.process_internal_message  path:0x00000004
2026-09-27 18:34:13.132 --Proactor<s2>.process_message  path:0x00000401
2026-09-27 18:34:13.132 ----------------------------------------------------------------------------------------
2026-09-27 18:34:14.726 
2026-09-27 18:34:14.727 ++++++++++++++++++++++++++++++++++++++++++++++++++++++++++++++++++++++++++++++++++++++++
2026-09-27 18:34:14.727 ++Proactor<s2>.process_message  [analog-temp/synced.readings]
2026-09-27 18:34:14.727   IN  internal     analog-temp to hw1.isone.me.versant.keene.maple.scada.s2     <-  [analog-temp/to/hw1.isone.me.versant.keene.maple.scada.s2/synced.readings]        SyncedReadings           
2026-09-27 18:34:14.727 ++Parentless.process_internal_message analog-temp/synced.readings
2026-09-27 18:34:14.728   OUT mqtt         analog-temp to s                                       ->  [gw/hw1-isone-me-versant-keene-maple-scada-s2/to/s/synced-readings]               SyncedReadings           
2026-09-27 18:34:14.728 --Parentless.process_internal_message  path:0x00000004
2026-09-27 18:34:14.729 --Proactor<s2>.process_message  path:0x00000401
2026-09-27 18:34:14.729 ----------------------------------------------------------------------------------------
2026-09-27 18:34:15.327 
2026-09-27 18:34:15.328 ++++++++++++++++++++++++++++++++++++++++++++++++++++++++++++++++++++++++++++++++++++++++
2026-09-27 18:34:15.328 ++Proactor<s2>.process_message  [analog-temp/synced.readings]
2026-09-27 18:34:15.328   IN  internal     analog-temp to hw1.isone.me.versant.keene.maple.scada.s2     <-  [analog-temp/to/hw1.isone.me.versant.keene.maple.scada.s2/synced.readings]        SyncedReadings           
2026-09-27 18:34:15.328 ++Parentless.process_internal_message analog-temp/synced.readings
2026-09-27 18:34:15.329   OUT mqtt         analog-temp to s                                       ->  [gw/hw1-isone-me-versant-keene-maple-scada-s2/to/s/synced-readings]               SyncedReadings           
2026-09-27 18:34:15.329 --Parentless.process_internal_message  path:0x00000004
2026-09-27 18:34:15.329 --Proactor<s2>.process_message  path:0x00000401
2026-09-27 18:34:15.330 ----------------------------------------------------------------------------------------
2026-09-27 18:34:16.327 
2026-09-27 18:34:16.328 ++++++++++++++++++++++++++++++++++++++++++++++++++++++++++++++++++++++++++++++++++++++++
2026-09-27 18:34:16.328 ++Proactor<s2>.process_message  [analog-temp/synced.readings]
2026-09-27 18:34:16.328   IN  internal     analog-temp to hw1.isone.me.versant.keene.maple.scada.s2     <-  [analog-temp/to/hw1.isone.me.versant.keene.maple.scada.s2/synced.readings]        SyncedReadings           
2026-09-27 18:34:16.328 ++Parentless.process_internal_message analog-temp/synced.readings
2026-09-27 18:34:16.329   OUT mqtt         analog-temp to s                                       ->  [gw/hw1-isone-me-versant-keene-maple-scada-s2/to/s/synced-readings]               SyncedReadings           
2026-09-27 18:34:16.329 --Parentless.process_internal_message  path:0x00000004
2026-09-27 18:34:16.330 --Proactor<s2>.process_message  path:0x00000401
2026-09-27 18:34:16.330 ----------------------------------------------------------------------------------------
2026-09-27 18:34:16.527 
2026-09-27 18:34:16.528 ++++++++++++++++++++++++++++++++++++++++++++++++++++++++++++++++++++++++++++++++++++++++
2026-09-27 18:34:16.528 ++Proactor<s2>.process_message  [analog-temp/synced.readings]
2026-09-27 18:34:16.528   IN  internal     analog-temp to hw1.isone.me.versant.keene.maple.scada.s2     <-  [analog-temp/to/hw1.isone.me.versant.keene.maple.scada.s2/synced.readings]        SyncedReadings           
2026-09-27 18:34:16.528 ++Parentless.process_internal_message analog-temp/synced.readings
2026-09-27 18:34:16.529   OUT mqtt         analog-temp to s                                       ->  [gw/hw1-isone-me-versant-keene-maple-scada-s2/to/s/synced-readings]               SyncedReadings           
2026-09-27 18:34:16.529 --Parentless.process_internal_message  path:0x00000004
2026-09-27 18:34:16.530 --Proactor<s2>.process_message  path:0x00000401
2026-09-27 18:34:16.530 ----------------------------------------------------------------------------------------
2026-09-27 18:34:17.744 
2026-09-27 18:34:17.744 ++++++++++++++++++++++++++++++++++++++++++++++++++++++++++++++++++++++++++++++++++++++++
2026-09-27 18:34:17.745 ++Proactor<s2>.process_message  [analog-temp/synced.readings]
2026-09-27 18:34:17.745   IN  internal     analog-temp to hw1.isone.me.versant.keene.maple.scada.s2     <-  [analog-temp/to/hw1.isone.me.versant.keene.maple.scada.s2/synced.readings]        SyncedReadings           
2026-09-27 18:34:17.746 ++Parentless.process_internal_message analog-temp/synced.readings
2026-09-27 18:34:17.747   OUT mqtt         analog-temp to s                                       ->  [gw/hw1-isone-me-versant-keene-maple-scada-s2/to/s/synced-readings]               SyncedReadings           
2026-09-27 18:34:17.748 --Parentless.process_internal_message  path:0x00000004
2026-09-27 18:34:17.749 --Proactor<s2>.process_message  path:0x00000401
2026-09-27 18:34:17.749 ----------------------------------------------------------------------------------------
2026-09-27 18:34:17.944 
2026-09-27 18:34:17.945 ++++++++++++++++++++++++++++++++++++++++++++++++++++++++++++++++++++++++++++++++++++++++
2026-09-27 18:34:17.945 ++Proactor<s2>.process_message  [analog-temp/synced.readings]
2026-09-27 18:34:17.946   IN  internal     analog-temp to hw1.isone.me.versant.keene.maple.scada.s2     <-  [analog-temp/to/hw1.isone.me.versant.keene.maple.scada.s2/synced.readings]        SyncedReadings           
2026-09-27 18:34:17.946 ++Parentless.process_internal_message analog-temp/synced.readings
2026-09-27 18:34:17.948   OUT mqtt         analog-temp to s                                       ->  [gw/hw1-isone-me-versant-keene-maple-scada-s2/to/s/synced-readings]               SyncedReadings           
2026-09-27 18:34:17.949 --Parentless.process_internal_message  path:0x00000004
2026-09-27 18:34:17.949 --Proactor<s2>.process_message  path:0x00000401
2026-09-27 18:34:17.950 ----------------------------------------------------------------------------------------
2026-09-27 18:34:19.745 
2026-09-27 18:34:19.746 ++++++++++++++++++++++++++++++++++++++++++++++++++++++++++++++++++++++++++++++++++++++++
2026-09-27 18:34:19.746 ++Proactor<s2>.process_message  [analog-temp/synced.readings]
2026-09-27 18:34:19.747   IN  internal     analog-temp to hw1.isone.me.versant.keene.maple.scada.s2     <-  [analog-temp/to/hw1.isone.me.versant.keene.maple.scada.s2/synced.readings]        SyncedReadings           
2026-09-27 18:34:19.748 ++Parentless.process_internal_message analog-temp/synced.readings
2026-09-27 18:34:19.749   OUT mqtt         analog-temp to s                                       ->  [gw/hw1-isone-me-versant-keene-maple-scada-s2/to/s/synced-readings]               SyncedReadings           
2026-09-27 18:34:19.750 --Parentless.process_internal_message  path:0x00000004
2026-09-27 18:34:19.751 --Proactor<s2>.process_message  path:0x00000401
2026-09-27 18:34:19.752 ----------------------------------------------------------------------------------------
2026-09-27 18:34:21.946 
2026-09-27 18:34:21.946 ++++++++++++++++++++++++++++++++++++++++++++++++++++++++++++++++++++++++++++++++++++++++
2026-09-27 18:34:21.947 ++Proactor<s2>.process_message  [analog-temp/synced.readings]
2026-09-27 18:34:21.948   IN  internal     analog-temp to hw1.isone.me.versant.keene.maple.scada.s2     <-  [analog-temp/to/hw1.isone.me.versant.keene.maple.scada.s2/synced.readings]        SyncedReadings           
2026-09-27 18:34:21.948 ++Parentless.process_internal_message analog-temp/synced.readings
2026-09-27 18:34:21.949   OUT mqtt         analog-temp to s                                       ->  [gw/hw1-isone-me-versant-keene-maple-scada-s2/to/s/synced-readings]               SyncedReadings           
2026-09-27 18:34:21.950 --Parentless.process_internal_message  path:0x00000004
2026-09-27 18:34:21.951 --Proactor<s2>.process_message  path:0x00000401
2026-09-27 18:34:21.951 ----------------------------------------------------------------------------------------
2026-09-27 18:34:23.735 
2026-09-27 18:34:23.735 ++++++++++++++++++++++++++++++++++++++++++++++++++++++++++++++++++++++++++++++++++++++++
2026-09-27 18:34:23.735 ++Proactor<s2>.process_message  [analog-temp/synced.readings]
2026-09-27 18:34:23.736   IN  internal     analog-temp to hw1.isone.me.versant.keene.maple.scada.s2     <-  [analog-temp/to/hw1.isone.me.versant.keene.maple.scada.s2/synced.readings]        SyncedReadings           
2026-09-27 18:34:23.736 ++Parentless.process_internal_message analog-temp/synced.readings
2026-09-27 18:34:23.736   OUT mqtt         analog-temp to s                                       ->  [gw/hw1-isone-me-versant-keene-maple-scada-s2/to/s/synced-readings]               SyncedReadings           
2026-09-27 18:34:23.737 --Parentless.process_internal_message  path:0x00000004
2026-09-27 18:34:23.737 --Proactor<s2>.process_message  path:0x00000401
2026-09-27 18:34:23.737 ----------------------------------------------------------------------------------------
2026-09-27 18:34:24.532 
2026-09-27 18:34:24.533 ++++++++++++++++++++++++++++++++++++++++++++++++++++++++++++++++++++++++++++++++++++++++
2026-09-27 18:34:24.533 ++Proactor<s2>.process_message  [analog-temp/synced.readings]
2026-09-27 18:34:24.533   IN  internal     analog-temp to hw1.isone.me.versant.keene.maple.scada.s2     <-  [analog-temp/to/hw1.isone.me.versant.keene.maple.scada.s2/synced.readings]        SyncedReadings           
2026-09-27 18:34:24.533 ++Parentless.process_internal_message analog-temp/synced.readings
2026-09-27 18:34:24.534   OUT mqtt         analog-temp to s                                       ->  [gw/hw1-isone-me-versant-keene-maple-scada-s2/to/s/synced-readings]               SyncedReadings           
2026-09-27 18:34:24.534 --Parentless.process_internal_message  path:0x00000004
2026-09-27 18:34:24.534 --Proactor<s2>.process_message  path:0x00000401
2026-09-27 18:34:24.535 ----------------------------------------------------------------------------------------
2026-09-27 18:34:25.132 
2026-09-27 18:34:25.132 ++++++++++++++++++++++++++++++++++++++++++++++++++++++++++++++++++++++++++++++++++++++++
2026-09-27 18:34:25.133 ++Proactor<s2>.process_message  [analog-temp/synced.readings]
2026-09-27 18:34:25.133   IN  internal     analog-temp to hw1.isone.me.versant.keene.maple.scada.s2     <-  [analog-temp/to/hw1.isone.me.versant.keene.maple.scada.s2/synced.readings]        SyncedReadings           
2026-09-27 18:34:25.133 ++Parentless.process_internal_message analog-temp/synced.readings
2026-09-27 18:34:25.134   OUT mqtt         analog-temp to s                                       ->  [gw/hw1-isone-me-versant-keene-maple-scada-s2/to/s/synced-readings]               SyncedReadings           
2026-09-27 18:34:25.134 --Parentless.process_internal_message  path:0x00000004
2026-09-27 18:34:25.134 --Proactor<s2>.process_message  path:0x00000401
2026-09-27 18:34:25.134 ----------------------------------------------------------------------------------------
2026-09-27 18:34:27.333 
2026-09-27 18:34:27.333 ++++++++++++++++++++++++++++++++++++++++++++++++++++++++++++++++++++++++++++++++++++++++
2026-09-27 18:34:27.333 ++Proactor<s2>.process_message  [analog-temp/synced.readings]
2026-09-27 18:34:27.334   IN  internal     analog-temp to hw1.isone.me.versant.keene.maple.scada.s2     <-  [analog-temp/to/hw1.isone.me.versant.keene.maple.scada.s2/synced.readings]        SyncedReadings           
2026-09-27 18:34:27.334 ++Parentless.process_internal_message analog-temp/synced.readings
2026-09-27 18:34:27.334   OUT mqtt         analog-temp to s                                       ->  [gw/hw1-isone-me-versant-keene-maple-scada-s2/to/s/synced-readings]               SyncedReadings           
2026-09-27 18:34:27.335 --Parentless.process_internal_message  path:0x00000004
2026-09-27 18:34:27.335 --Proactor<s2>.process_message  path:0x00000401
2026-09-27 18:34:27.335 ----------------------------------------------------------------------------------------
2026-09-27 18:34:30.350 
2026-09-27 18:34:30.350 ++++++++++++++++++++++++++++++++++++++++++++++++++++++++++++++++++++++++++++++++++++++++
2026-09-27 18:34:30.351 ++Proactor<s2>.process_message  [analog-temp/synced.readings]
2026-09-27 18:34:30.352   IN  internal     analog-temp to hw1.isone.me.versant.keene.maple.scada.s2     <-  [analog-temp/to/hw1.isone.me.versant.keene.maple.scada.s2/synced.readings]        SyncedReadings           
2026-09-27 18:34:30.352 ++Parentless.process_internal_message analog-temp/synced.readings
2026-09-27 18:34:30.353   OUT mqtt         analog-temp to s                                       ->  [gw/hw1-isone-me-versant-keene-maple-scada-s2/to/s/synced-readings]               SyncedReadings           
2026-09-27 18:34:30.354 --Parentless.process_internal_message  path:0x00000004
2026-09-27 18:34:30.355 --Proactor<s2>.process_message  path:0x00000401
2026-09-27 18:34:30.355 ----------------------------------------------------------------------------------------
2026-09-27 18:34:33.752 
2026-09-27 18:34:33.753 ++++++++++++++++++++++++++++++++++++++++++++++++++++++++++++++++++++++++++++++++++++++++
2026-09-27 18:34:33.753 ++Proactor<s2>.process_message  [analog-temp/synced.readings]
2026-09-27 18:34:33.754   IN  internal     analog-temp to hw1.isone.me.versant.keene.maple.scada.s2     <-  [analog-temp/to/hw1.isone.me.versant.keene.maple.scada.s2/synced.readings]        SyncedReadings           
2026-09-27 18:34:33.754 ++Parentless.process_internal_message analog-temp/synced.readings
2026-09-27 18:34:33.756   OUT mqtt         analog-temp to s                                       ->  [gw/hw1-isone-me-versant-keene-maple-scada-s2/to/s/synced-readings]               SyncedReadings           
2026-09-27 18:34:33.757 --Parentless.process_internal_message  path:0x00000004
2026-09-27 18:34:33.757 --Proactor<s2>.process_message  path:0x00000401
2026-09-27 18:34:33.758 ----------------------------------------------------------------------------------------
2026-09-27 18:34:34.352 
2026-09-27 18:34:34.353 ++++++++++++++++++++++++++++++++++++++++++++++++++++++++++++++++++++++++++++++++++++++++
2026-09-27 18:34:34.353 ++Proactor<s2>.process_message  [analog-temp/synced.readings]
2026-09-27 18:34:34.354   IN  internal     analog-temp to hw1.isone.me.versant.keene.maple.scada.s2     <-  [analog-temp/to/hw1.isone.me.versant.keene.maple.scada.s2/synced.readings]        SyncedReadings           
2026-09-27 18:34:34.354 ++Parentless.process_internal_message analog-temp/synced.readings
2026-09-27 18:34:34.355   OUT mqtt         analog-temp to s                                       ->  [gw/hw1-isone-me-versant-keene-maple-scada-s2/to/s/synced-readings]               SyncedReadings           
2026-09-27 18:34:34.356 --Parentless.process_internal_message  path:0x00000004
2026-09-27 18:34:34.357 --Proactor<s2>.process_message  path:0x00000401
2026-09-27 18:34:34.357 ----------------------------------------------------------------------------------------
2026-09-27 18:34:38.741 
2026-09-27 18:34:38.741 ++++++++++++++++++++++++++++++++++++++++++++++++++++++++++++++++++++++++++++++++++++++++
2026-09-27 18:34:38.741 ++Proactor<s2>.process_message  [analog-temp/synced.readings]
2026-09-27 18:34:38.741   IN  internal     analog-temp to hw1.isone.me.versant.keene.maple.scada.s2     <-  [analog-temp/to/hw1.isone.me.versant.keene.maple.scada.s2/synced.readings]        SyncedReadings           
2026-09-27 18:34:38.742 ++Parentless.process_internal_message analog-temp/synced.readings
2026-09-27 18:34:38.742   OUT mqtt         analog-temp to s                                       ->  [gw/hw1-isone-me-versant-keene-maple-scada-s2/to/s/synced-readings]               SyncedReadings           
2026-09-27 18:34:38.743 --Parentless.process_internal_message  path:0x00000004
2026-09-27 18:34:38.743 --Proactor<s2>.process_message  path:0x00000401
2026-09-27 18:34:38.743 ----------------------------------------------------------------------------------------
2026-09-27 18:34:44.158 
2026-09-27 18:34:44.159 ++++++++++++++++++++++++++++++++++++++++++++++++++++++++++++++++++++++++++++++++++++++++
2026-09-27 18:34:44.159 ++Proactor<s2>.process_message  [analog-temp/synced.readings]
2026-09-27 18:34:44.160   IN  internal     analog-temp to hw1.isone.me.versant.keene.maple.scada.s2     <-  [analog-temp/to/hw1.isone.me.versant.keene.maple.scada.s2/synced.readings]        SyncedReadings           
2026-09-27 18:34:44.161 ++Parentless.process_internal_message analog-temp/synced.readings
2026-09-27 18:34:44.162   OUT mqtt         analog-temp to s                                       ->  [gw/hw1-isone-me-versant-keene-maple-scada-s2/to/s/synced-readings]               SyncedReadings           
2026-09-27 18:34:44.163 --Parentless.process_internal_message  path:0x00000004
2026-09-27 18:34:44.163 --Proactor<s2>.process_message  path:0x00000401
2026-09-27 18:34:44.164 ----------------------------------------------------------------------------------------
2026-09-27 18:34:47.345 
2026-09-27 18:34:47.345 ++++++++++++++++++++++++++++++++++++++++++++++++++++++++++++++++++++++++++++++++++++++++
2026-09-27 18:34:47.346 ++Proactor<s2>.process_message  [analog-temp/synced.readings]
2026-09-27 18:34:47.346   IN  internal     analog-temp to hw1.isone.me.versant.keene.maple.scada.s2     <-  [analog-temp/to/hw1.isone.me.versant.keene.maple.scada.s2/synced.readings]        SyncedReadings           
2026-09-27 18:34:47.347 ++Parentless.process_internal_message analog-temp/synced.readings
2026-09-27 18:34:47.348   OUT mqtt         analog-temp to s                                       ->  [gw/hw1-isone-me-versant-keene-maple-scada-s2/to/s/synced-readings]               SyncedReadings           
2026-09-27 18:34:47.348 --Parentless.process_internal_message  path:0x00000004
2026-09-27 18:34:47.349 --Proactor<s2>.process_message  path:0x00000401
2026-09-27 18:34:47.350 ----------------------------------------------------------------------------------------
2026-09-27 18:34:53.562 
2026-09-27 18:34:53.563 ++++++++++++++++++++++++++++++++++++++++++++++++++++++++++++++++++++++++++++++++++++++++
2026-09-27 18:34:53.563 ++Proactor<s2>.process_message  [analog-temp/synced.readings]
2026-09-27 18:34:53.564   IN  internal     analog-temp to hw1.isone.me.versant.keene.maple.scada.s2     <-  [analog-temp/to/hw1.isone.me.versant.keene.maple.scada.s2/synced.readings]        SyncedReadings           
2026-09-27 18:34:53.564 ++Parentless.process_internal_message analog-temp/synced.readings
2026-09-27 18:34:53.566   OUT mqtt         analog-temp to s                                       ->  [gw/hw1-isone-me-versant-keene-maple-scada-s2/to/s/synced-readings]               SyncedReadings           
2026-09-27 18:34:53.567 --Parentless.process_internal_message  path:0x00000004
2026-09-27 18:34:53.567 --Proactor<s2>.process_message  path:0x00000401
2026-09-27 18:34:53.568 ----------------------------------------------------------------------------------------
2026-09-27 18:34:53.763 
2026-09-27 18:34:53.763 ++++++++++++++++++++++++++++++++++++++++++++++++++++++++++++++++++++++++++++++++++++++++
2026-09-27 18:34:53.764 ++Proactor<s2>.process_message  [analog-temp/synced.readings]
2026-09-27 18:34:53.764   IN  internal     analog-temp to hw1.isone.me.versant.keene.maple.scada.s2     <-  [analog-temp/to/hw1.isone.me.versant.keene.maple.scada.s2/synced.readings]        SyncedReadings           
2026-09-27 18:34:53.765 ++Parentless.process_internal_message analog-temp/synced.readings
2026-09-27 18:34:53.766   OUT mqtt         analog-temp to s                                       ->  [gw/hw1-isone-me-versant-keene-maple-scada-s2/to/s/synced-readings]               SyncedReadings           
2026-09-27 18:34:53.767 --Parentless.process_internal_message  path:0x00000004
2026-09-27 18:34:53.767 --Proactor<s2>.process_message  path:0x00000401
2026-09-27 18:34:53.768 ----------------------------------------------------------------------------------------
2026-09-27 18:34:57.952 
2026-09-27 18:34:57.952 ++++++++++++++++++++++++++++++++++++++++++++++++++++++++++++++++++++++++++++++++++++++++
2026-09-27 18:34:57.953 ++Proactor<s2>.process_message  [analog-temp/synced.readings]
2026-09-27 18:34:57.953   IN  internal     analog-temp to hw1.isone.me.versant.keene.maple.scada.s2     <-  [analog-temp/to/hw1.isone.me.versant.keene.maple.scada.s2/synced.readings]        SyncedReadings           
2026-09-27 18:34:57.953 ++Parentless.process_internal_message analog-temp/synced.readings
2026-09-27 18:34:57.954   OUT mqtt         analog-temp to s                                       ->  [gw/hw1-isone-me-versant-keene-maple-scada-s2/to/s/synced-readings]               SyncedReadings           
2026-09-27 18:34:57.955 --Parentless.process_internal_message  path:0x00000004
2026-09-27 18:34:57.956 --Proactor<s2>.process_message  path:0x00000401
2026-09-27 18:34:57.956 ----------------------------------------------------------------------------------------
2026-09-27 18:35:01.056 
2026-09-27 18:35:01.056 ++++++++++++++++++++++++++++++++++++++++++++++++++++++++++++++++++++++++++++++++++++++++
2026-09-27 18:35:01.056 ++Proactor<s2>.process_message  [gridworks-ping]
2026-09-27 18:35:01.056 ++Proactor<s2>._process_mqtt_message mqtt_clients/mqtt_message
2026-09-27 18:35:01.057   IN  mqtt         hw1.isone.me.versant.keene.maple.scada to s2           <-  [gw/hw1-isone-me-versant-keene-maple-scada/to/s2/gridworks-ping]                  Ping                      16483707...
2026-09-27 18:35:01.058   OUT mqtt         hw1.isone.me.versant.keene.maple.scada.s2 to s         ->  [gw/hw1-isone-me-versant-keene-maple-scada-s2/to/s/gridworks-ack]                 Ack                       16483707...
2026-09-27 18:35:01.058 --Proactor<s2>._process_mqtt_message:1  path:0x00000223
2026-09-27 18:35:01.058 --Proactor<s2>.process_message  path:0x00000002
2026-09-27 18:35:01.058 ----------------------------------------------------------------------------------------
2026-09-27 18:35:01.351 
2026-09-27 18:35:01.351 ++++++++++++++++++++++++++++++++++++++++++++++++++++++++++++++++++++++++++++++++++++++++
2026-09-27 18:35:01.351 ++Proactor<s2>.process_message  [analog-temp/synced.readings]
2026-09-27 18:35:01.351   IN  internal     analog-temp to hw1.isone.me.versant.keene.maple.scada.s2     <-  [analog-temp/to/hw1.isone.me.versant.keene.maple.scada.s2/synced.readings]        SyncedReadings           
2026-09-27 18:35:01.352 ++Parentless.process_internal_message analog-temp/synced.readings
2026-09-27 18:35:01.352   OUT mqtt         analog-temp to s                                       ->  [gw/hw1-isone-me-versant-keene-maple-scada-s2/to/s/synced-readings]               SyncedReadings           
2026-09-27 18:35:01.353 --Parentless.process_internal_message  path:0x00000004
2026-09-27 18:35:01.353 --Proactor<s2>.process_message  path:0x00000401
2026-09-27 18:35:01.353 ----------------------------------------------------------------------------------------
2026-09-27 18:35:03.767 
2026-09-27 18:35:03.775 ++++++++++++++++++++++++++++++++++++++++++++++++++++++++++++++++++++++++++++++++++++++++
2026-09-27 18:35:03.775 ++Proactor<s2>.process_message  [analog-temp/synced.readings]
2026-09-27 18:35:03.776   IN  internal     analog-temp to hw1.isone.me.versant.keene.maple.scada.s2     <-  [analog-temp/to/hw1.isone.me.versant.keene.maple.scada.s2/synced.readings]        SyncedReadings           
2026-09-27 18:35:03.776 ++Parentless.process_internal_message analog-temp/synced.readings
2026-09-27 18:35:03.778   OUT mqtt         analog-temp to s                                       ->  [gw/hw1-isone-me-versant-keene-maple-scada-s2/to/s/synced-readings]               SyncedReadings           
2026-09-27 18:35:03.779 --Parentless.process_internal_message  path:0x00000004
2026-09-27 18:35:03.779 --Proactor<s2>.process_message  path:0x00000401
2026-09-27 18:35:03.780 ----------------------------------------------------------------------------------------
2026-09-27 18:35:10.756 
2026-09-27 18:35:10.757 ++++++++++++++++++++++++++++++++++++++++++++++++++++++++++++++++++++++++++++++++++++++++
2026-09-27 18:35:10.757 ++Proactor<s2>.process_message  [analog-temp/synced.readings]
2026-09-27 18:35:10.757   IN  internal     analog-temp to hw1.isone.me.versant.keene.maple.scada.s2     <-  [analog-temp/to/hw1.isone.me.versant.keene.maple.scada.s2/synced.readings]        SyncedReadings           
2026-09-27 18:35:10.757 ++Parentless.process_internal_message analog-temp/synced.readings
2026-09-27 18:35:10.758   OUT mqtt         analog-temp to s                                       ->  [gw/hw1-isone-me-versant-keene-maple-scada-s2/to/s/synced-readings]               SyncedReadings           
2026-09-27 18:35:10.758 --Parentless.process_internal_message  path:0x00000004
2026-09-27 18:35:10.759 --Proactor<s2>.process_message  path:0x00000401
2026-09-27 18:35:10.759 ----------------------------------------------------------------------------------------
2026-09-27 18:35:14.558 
2026-09-27 18:35:14.565 ++++++++++++++++++++++++++++++++++++++++++++++++++++++++++++++++++++++++++++++++++++++++
2026-09-27 18:35:14.565 ++Proactor<s2>.process_message  [analog-temp/synced.readings]
2026-09-27 18:35:14.565   IN  internal     analog-temp to hw1.isone.me.versant.keene.maple.scada.s2     <-  [analog-temp/to/hw1.isone.me.versant.keene.maple.scada.s2/synced.readings]        SyncedReadings           
2026-09-27 18:35:14.565 ++Parentless.process_internal_message analog-temp/synced.readings
2026-09-27 18:35:14.566   OUT mqtt         analog-temp to s                                       ->  [gw/hw1-isone-me-versant-keene-maple-scada-s2/to/s/synced-readings]               SyncedReadings           
2026-09-27 18:35:14.566 --Parentless.process_internal_message  path:0x00000004
2026-09-27 18:35:14.567 --Proactor<s2>.process_message  path:0x00000401
2026-09-27 18:35:14.567 ----------------------------------------------------------------------------------------
2026-09-27 18:35:15.574 
2026-09-27 18:35:15.574 ++++++++++++++++++++++++++++++++++++++++++++++++++++++++++++++++++++++++++++++++++++++++
2026-09-27 18:35:15.575 ++Proactor<s2>.process_message  [analog-temp/synced.readings]
2026-09-27 18:35:15.575   IN  internal     analog-temp to hw1.isone.me.versant.keene.maple.scada.s2     <-  [analog-temp/to/hw1.isone.me.versant.keene.maple.scada.s2/synced.readings]        SyncedReadings           
2026-09-27 18:35:15.576 ++Parentless.process_internal_message analog-temp/synced.readings
2026-09-27 18:35:15.577   OUT mqtt         analog-temp to s                                       ->  [gw/hw1-isone-me-versant-keene-maple-scada-s2/to/s/synced-readings]               SyncedReadings           
2026-09-27 18:35:15.578 --Parentless.process_internal_message  path:0x00000004
2026-09-27 18:35:15.579 --Proactor<s2>.process_message  path:0x00000401
2026-09-27 18:35:15.579 ----------------------------------------------------------------------------------------
2026-09-27 18:35:31.368 
2026-09-27 18:35:31.368 ++++++++++++++++++++++++++++++++++++++++++++++++++++++++++++++++++++++++++++++++++++++++
2026-09-27 18:35:31.368 ++Proactor<s2>.process_message  [analog-temp/synced.readings]
2026-09-27 18:35:31.369   IN  internal     analog-temp to hw1.isone.me.versant.keene.maple.scada.s2     <-  [analog-temp/to/hw1.isone.me.versant.keene.maple.scada.s2/synced.readings]        SyncedReadings           
2026-09-27 18:35:31.369 ++Parentless.process_internal_message analog-temp/synced.readings
2026-09-27 18:35:31.369   OUT mqtt         analog-temp to s                                       ->  [gw/hw1-isone-me-versant-keene-maple-scada-s2/to/s/synced-readings]               SyncedReadings           
2026-09-27 18:35:31.370 --Parentless.process_internal_message  path:0x00000004
2026-09-27 18:35:31.370 --Proactor<s2>.process_message  path:0x00000401
2026-09-27 18:35:31.370 ----------------------------------------------------------------------------------------
2026-09-27 18:35:32.569 
2026-09-27 18:35:32.569 ++++++++++++++++++++++++++++++++++++++++++++++++++++++++++++++++++++++++++++++++++++++++
2026-09-27 18:35:32.570 ++Proactor<s2>.process_message  [analog-temp/synced.readings]
2026-09-27 18:35:32.570   IN  internal     analog-temp to hw1.isone.me.versant.keene.maple.scada.s2     <-  [analog-temp/to/hw1.isone.me.versant.keene.maple.scada.s2/synced.readings]        SyncedReadings           
2026-09-27 18:35:32.570 ++Parentless.process_internal_message analog-temp/synced.readings
2026-09-27 18:35:32.571   OUT mqtt         analog-temp to s                                       ->  [gw/hw1-isone-me-versant-keene-maple-scada-s2/to/s/synced-readings]               SyncedReadings           
2026-09-27 18:35:32.571 --Parentless.process_internal_message  path:0x00000004
2026-09-27 18:35:32.571 --Proactor<s2>.process_message  path:0x00000401
2026-09-27 18:35:32.572 ----------------------------------------------------------------------------------------
2026-09-27 18:35:37.988 
2026-09-27 18:35:37.989 ++++++++++++++++++++++++++++++++++++++++++++++++++++++++++++++++++++++++++++++++++++++++
2026-09-27 18:35:37.990 ++Proactor<s2>.process_message  [analog-temp/synced.readings]
2026-09-27 18:35:37.990   IN  internal     analog-temp to hw1.isone.me.versant.keene.maple.scada.s2     <-  [analog-temp/to/hw1.isone.me.versant.keene.maple.scada.s2/synced.readings]        SyncedReadings           
2026-09-27 18:35:37.991 ++Parentless.process_internal_message analog-temp/synced.readings
2026-09-27 18:35:37.993   OUT mqtt         analog-temp to s                                       ->  [gw/hw1-isone-me-versant-keene-maple-scada-s2/to/s/synced-readings]               SyncedReadings           
2026-09-27 18:35:37.994 --Parentless.process_internal_message  path:0x00000004
2026-09-27 18:35:37.994 --Proactor<s2>.process_message  path:0x00000401
2026-09-27 18:35:37.995 ----------------------------------------------------------------------------------------
2026-09-27 18:35:46.779 
2026-09-27 18:35:46.779 ++++++++++++++++++++++++++++++++++++++++++++++++++++++++++++++++++++++++++++++++++++++++
2026-09-27 18:35:46.780 ++Proactor<s2>.process_message  [analog-temp/synced.readings]
2026-09-27 18:35:46.780   IN  internal     analog-temp to hw1.isone.me.versant.keene.maple.scada.s2     <-  [analog-temp/to/hw1.isone.me.versant.keene.maple.scada.s2/synced.readings]        SyncedReadings           
2026-09-27 18:35:46.780 ++Parentless.process_internal_message analog-temp/synced.readings
2026-09-27 18:35:46.781   OUT mqtt         analog-temp to s                                       ->  [gw/hw1-isone-me-versant-keene-maple-scada-s2/to/s/synced-readings]               SyncedReadings           
2026-09-27 18:35:46.781 --Parentless.process_internal_message  path:0x00000004
2026-09-27 18:35:46.781 --Proactor<s2>.process_message  path:0x00000401
2026-09-27 18:35:46.782 ----------------------------------------------------------------------------------------
2026-09-27 18:35:47.977 
2026-09-27 18:35:47.977 ++++++++++++++++++++++++++++++++++++++++++++++++++++++++++++++++++++++++++++++++++++++++
2026-09-27 18:35:47.977 ++Proactor<s2>.process_message  [analog-temp/synced.readings]
2026-09-27 18:35:47.978   IN  internal     analog-temp to hw1.isone.me.versant.keene.maple.scada.s2     <-  [analog-temp/to/hw1.isone.me.versant.keene.maple.scada.s2/synced.readings]        SyncedReadings           
2026-09-27 18:35:47.978 ++Parentless.process_internal_message analog-temp/synced.readings
2026-09-27 18:35:47.978   OUT mqtt         analog-temp to s                                       ->  [gw/hw1-isone-me-versant-keene-maple-scada-s2/to/s/synced-readings]               SyncedReadings           
2026-09-27 18:35:47.979 --Parentless.process_internal_message  path:0x00000004
2026-09-27 18:35:47.979 --Proactor<s2>.process_message  path:0x00000401
2026-09-27 18:35:47.979 ----------------------------------------------------------------------------------------
2026-09-27 18:35:50.978 
2026-09-27 18:35:50.978 ++++++++++++++++++++++++++++++++++++++++++++++++++++++++++++++++++++++++++++++++++++++++
2026-09-27 18:35:50.978 ++Proactor<s2>.process_message  [analog-temp/synced.readings]
2026-09-27 18:35:50.979   IN  internal     analog-temp to hw1.isone.me.versant.keene.maple.scada.s2     <-  [analog-temp/to/hw1.isone.me.versant.keene.maple.scada.s2/synced.readings]        SyncedReadings           
2026-09-27 18:35:50.979 ++Parentless.process_internal_message analog-temp/synced.readings
2026-09-27 18:35:50.979   OUT mqtt         analog-temp to s                                       ->  [gw/hw1-isone-me-versant-keene-maple-scada-s2/to/s/synced-readings]               SyncedReadings           
2026-09-27 18:35:50.980 --Parentless.process_internal_message  path:0x00000004
2026-09-27 18:35:50.980 --Proactor<s2>.process_message  path:0x00000401
2026-09-27 18:35:50.980 ----------------------------------------------------------------------------------------
2026-09-27 18:35:52.396 
2026-09-27 18:35:52.396 ++++++++++++++++++++++++++++++++++++++++++++++++++++++++++++++++++++++++++++++++++++++++
2026-09-27 18:35:52.397 ++Proactor<s2>.process_message  [analog-temp/synced.readings]
2026-09-27 18:35:52.397   IN  internal     analog-temp to hw1.isone.me.versant.keene.maple.scada.s2     <-  [analog-temp/to/hw1.isone.me.versant.keene.maple.scada.s2/synced.readings]        SyncedReadings           
2026-09-27 18:35:52.398 ++Parentless.process_internal_message analog-temp/synced.readings
2026-09-27 18:35:52.399   OUT mqtt         analog-temp to s                                       ->  [gw/hw1-isone-me-versant-keene-maple-scada-s2/to/s/synced-readings]               SyncedReadings           
2026-09-27 18:35:52.400 --Parentless.process_internal_message  path:0x00000004
2026-09-27 18:35:52.401 --Proactor<s2>.process_message  path:0x00000401
2026-09-27 18:35:52.401 ----------------------------------------------------------------------------------------
2026-09-27 18:35:58.186 
2026-09-27 18:35:58.187 ++++++++++++++++++++++++++++++++++++++++++++++++++++++++++++++++++++++++++++++++++++++++
2026-09-27 18:35:58.187 ++Proactor<s2>.process_message  [analog-temp/synced.readings]
2026-09-27 18:35:58.187   IN  internal     analog-temp to hw1.isone.me.versant.keene.maple.scada.s2     <-  [analog-temp/to/hw1.isone.me.versant.keene.maple.scada.s2/synced.readings]        SyncedReadings           
2026-09-27 18:35:58.188 ++Parentless.process_internal_message analog-temp/synced.readings
2026-09-27 18:35:58.188   OUT mqtt         analog-temp to s                                       ->  [gw/hw1-isone-me-versant-keene-maple-scada-s2/to/s/synced-readings]               SyncedReadings           
2026-09-27 18:35:58.189 --Parentless.process_internal_message  path:0x00000004
2026-09-27 18:35:58.189 --Proactor<s2>.process_message  path:0x00000401
2026-09-27 18:35:58.189 ----------------------------------------------------------------------------------------
2026-09-27 18:35:58.784 
2026-09-27 18:35:58.784 ++++++++++++++++++++++++++++++++++++++++++++++++++++++++++++++++++++++++++++++++++++++++
2026-09-27 18:35:58.784 ++Proactor<s2>.process_message  [analog-temp/synced.readings]
2026-09-27 18:35:58.784   IN  internal     analog-temp to hw1.isone.me.versant.keene.maple.scada.s2     <-  [analog-temp/to/hw1.isone.me.versant.keene.maple.scada.s2/synced.readings]        SyncedReadings           
2026-09-27 18:35:58.785 ++Parentless.process_internal_message analog-temp/synced.readings
2026-09-27 18:35:58.785   OUT mqtt         analog-temp to s                                       ->  [gw/hw1-isone-me-versant-keene-maple-scada-s2/to/s/synced-readings]               SyncedReadings           
2026-09-27 18:35:58.786 --Parentless.process_internal_message  path:0x00000004
2026-09-27 18:35:58.786 --Proactor<s2>.process_message  path:0x00000401
2026-09-27 18:35:58.786 ----------------------------------------------------------------------------------------
2026-09-27 18:36:01.057 
2026-09-27 18:36:01.058 ++++++++++++++++++++++++++++++++++++++++++++++++++++++++++++++++++++++++++++++++++++++++
2026-09-27 18:36:01.058 ++Proactor<s2>.process_message  [gridworks-ping]
2026-09-27 18:36:01.058 ++Proactor<s2>._process_mqtt_message mqtt_clients/mqtt_message
2026-09-27 18:36:01.059   IN  mqtt         hw1.isone.me.versant.keene.maple.scada to s2           <-  [gw/hw1-isone-me-versant-keene-maple-scada/to/s2/gridworks-ping]                  Ping                      ffb56804...
2026-09-27 18:36:01.059   OUT mqtt         hw1.isone.me.versant.keene.maple.scada.s2 to s         ->  [gw/hw1-isone-me-versant-keene-maple-scada-s2/to/s/gridworks-ack]                 Ack                       ffb56804...
2026-09-27 18:36:01.060 --Proactor<s2>._process_mqtt_message:1  path:0x00000223
2026-09-27 18:36:01.060 --Proactor<s2>.process_message  path:0x00000002
2026-09-27 18:36:01.060 ----------------------------------------------------------------------------------------
2026-09-27 18:36:09.004 
2026-09-27 18:36:09.004 ++++++++++++++++++++++++++++++++++++++++++++++++++++++++++++++++++++++++++++++++++++++++
2026-09-27 18:36:09.005 ++Proactor<s2>.process_message  [analog-temp/synced.readings]
2026-09-27 18:36:09.006   IN  internal     analog-temp to hw1.isone.me.versant.keene.maple.scada.s2     <-  [analog-temp/to/hw1.isone.me.versant.keene.maple.scada.s2/synced.readings]        SyncedReadings           
2026-09-27 18:36:09.006 ++Parentless.process_internal_message analog-temp/synced.readings
2026-09-27 18:36:09.008   OUT mqtt         analog-temp to s                                       ->  [gw/hw1-isone-me-versant-keene-maple-scada-s2/to/s/synced-readings]               SyncedReadings           
2026-09-27 18:36:09.012 --Parentless.process_internal_message  path:0x00000004
2026-09-27 18:36:09.013 --Proactor<s2>.process_message  path:0x00000401
2026-09-27 18:36:09.013 ----------------------------------------------------------------------------------------
2026-09-27 18:36:09.790 
2026-09-27 18:36:09.790 ++++++++++++++++++++++++++++++++++++++++++++++++++++++++++++++++++++++++++++++++++++++++
2026-09-27 18:36:09.790 ++Proactor<s2>.process_message  [analog-temp/synced.readings]
2026-09-27 18:36:09.791   IN  internal     analog-temp to hw1.isone.me.versant.keene.maple.scada.s2     <-  [analog-temp/to/hw1.isone.me.versant.keene.maple.scada.s2/synced.readings]        SyncedReadings           
2026-09-27 18:36:09.791 ++Parentless.process_internal_message analog-temp/synced.readings
2026-09-27 18:36:09.792   OUT mqtt         analog-temp to s                                       ->  [gw/hw1-isone-me-versant-keene-maple-scada-s2/to/s/synced-readings]               SyncedReadings           
2026-09-27 18:36:09.792 --Parentless.process_internal_message  path:0x00000004
2026-09-27 18:36:09.792 --Proactor<s2>.process_message  path:0x00000401
2026-09-27 18:36:09.793 ----------------------------------------------------------------------------------------
2026-09-27 18:36:10.189 
2026-09-27 18:36:10.189 ++++++++++++++++++++++++++++++++++++++++++++++++++++++++++++++++++++++++++++++++++++++++
2026-09-27 18:36:10.189 ++Proactor<s2>.process_message  [analog-temp/synced.readings]
2026-09-27 18:36:10.189   IN  internal     analog-temp to hw1.isone.me.versant.keene.maple.scada.s2     <-  [analog-temp/to/hw1.isone.me.versant.keene.maple.scada.s2/synced.readings]        SyncedReadings           
2026-09-27 18:36:10.190 ++Parentless.process_internal_message analog-temp/synced.readings
2026-09-27 18:36:10.190   OUT mqtt         analog-temp to s                                       ->  [gw/hw1-isone-me-versant-keene-maple-scada-s2/to/s/synced-readings]               SyncedReadings           
2026-09-27 18:36:10.191 --Parentless.process_internal_message  path:0x00000004
2026-09-27 18:36:10.191 --Proactor<s2>.process_message  path:0x00000401
2026-09-27 18:36:10.191 ----------------------------------------------------------------------------------------
2026-09-27 18:36:15.007 
2026-09-27 18:36:15.011 ++++++++++++++++++++++++++++++++++++++++++++++++++++++++++++++++++++++++++++++++++++++++
2026-09-27 18:36:15.012 ++Proactor<s2>.process_message  [analog-temp/synced.readings]
2026-09-27 18:36:15.012   IN  internal     analog-temp to hw1.isone.me.versant.keene.maple.scada.s2     <-  [analog-temp/to/hw1.isone.me.versant.keene.maple.scada.s2/synced.readings]        SyncedReadings           
2026-09-27 18:36:15.013 ++Parentless.process_internal_message analog-temp/synced.readings
2026-09-27 18:36:15.014   OUT mqtt         analog-temp to s                                       ->  [gw/hw1-isone-me-versant-keene-maple-scada-s2/to/s/synced-readings]               SyncedReadings           
2026-09-27 18:36:15.015 --Parentless.process_internal_message  path:0x00000004
2026-09-27 18:36:15.016 --Proactor<s2>.process_message  path:0x00000401
2026-09-27 18:36:15.017 ----------------------------------------------------------------------------------------
2026-09-27 18:36:22.795 
2026-09-27 18:36:22.796 ++++++++++++++++++++++++++++++++++++++++++++++++++++++++++++++++++++++++++++++++++++++++
2026-09-27 18:36:22.796 ++Proactor<s2>.process_message  [analog-temp/synced.readings]
2026-09-27 18:36:22.796   IN  internal     analog-temp to hw1.isone.me.versant.keene.maple.scada.s2     <-  [analog-temp/to/hw1.isone.me.versant.keene.maple.scada.s2/synced.readings]        SyncedReadings           
2026-09-27 18:36:22.796 ++Parentless.process_internal_message analog-temp/synced.readings
2026-09-27 18:36:22.797   OUT mqtt         analog-temp to s                                       ->  [gw/hw1-isone-me-versant-keene-maple-scada-s2/to/s/synced-readings]               SyncedReadings           
2026-09-27 18:36:22.797 --Parentless.process_internal_message  path:0x00000004
2026-09-27 18:36:22.798 --Proactor<s2>.process_message  path:0x00000401
2026-09-27 18:36:22.798 ----------------------------------------------------------------------------------------
2026-09-27 18:36:27.614 
2026-09-27 18:36:27.615 ++++++++++++++++++++++++++++++++++++++++++++++++++++++++++++++++++++++++++++++++++++++++
2026-09-27 18:36:27.615 ++Proactor<s2>.process_message  [analog-temp/synced.readings]
2026-09-27 18:36:27.616   IN  internal     analog-temp to hw1.isone.me.versant.keene.maple.scada.s2     <-  [analog-temp/to/hw1.isone.me.versant.keene.maple.scada.s2/synced.readings]        SyncedReadings           
2026-09-27 18:36:27.616 ++Parentless.process_internal_message analog-temp/synced.readings
2026-09-27 18:36:27.618   OUT mqtt         analog-temp to s                                       ->  [gw/hw1-isone-me-versant-keene-maple-scada-s2/to/s/synced-readings]               SyncedReadings           
2026-09-27 18:36:27.618 --Parentless.process_internal_message  path:0x00000004
2026-09-27 18:36:27.619 --Proactor<s2>.process_message  path:0x00000401
2026-09-27 18:36:27.620 ----------------------------------------------------------------------------------------
2026-09-27 18:36:33.417 
2026-09-27 18:36:33.418 ++++++++++++++++++++++++++++++++++++++++++++++++++++++++++++++++++++++++++++++++++++++++
2026-09-27 18:36:33.418 ++Proactor<s2>.process_message  [analog-temp/synced.readings]
2026-09-27 18:36:33.419   IN  internal     analog-temp to hw1.isone.me.versant.keene.maple.scada.s2     <-  [analog-temp/to/hw1.isone.me.versant.keene.maple.scada.s2/synced.readings]        SyncedReadings           
2026-09-27 18:36:33.419 ++Parentless.process_internal_message analog-temp/synced.readings
2026-09-27 18:36:33.421   OUT mqtt         analog-temp to s                                       ->  [gw/hw1-isone-me-versant-keene-maple-scada-s2/to/s/synced-readings]               SyncedReadings           
2026-09-27 18:36:33.422 --Parentless.process_internal_message  path:0x00000004
2026-09-27 18:36:33.423 --Proactor<s2>.process_message  path:0x00000401
2026-09-27 18:36:33.424 ----------------------------------------------------------------------------------------
2026-09-27 18:36:34.802 
2026-09-27 18:36:34.803 ++++++++++++++++++++++++++++++++++++++++++++++++++++++++++++++++++++++++++++++++++++++++
2026-09-27 18:36:34.803 ++Proactor<s2>.process_message  [analog-temp/synced.readings]
2026-09-27 18:36:34.803   IN  internal     analog-temp to hw1.isone.me.versant.keene.maple.scada.s2     <-  [analog-temp/to/hw1.isone.me.versant.keene.maple.scada.s2/synced.readings]        SyncedReadings           
2026-09-27 18:36:34.803 ++Parentless.process_internal_message analog-temp/synced.readings
2026-09-27 18:36:34.804   OUT mqtt         analog-temp to s                                       ->  [gw/hw1-isone-me-versant-keene-maple-scada-s2/to/s/synced-readings]               SyncedReadings           
2026-09-27 18:36:34.804 --Parentless.process_internal_message  path:0x00000004
2026-09-27 18:36:34.805 --Proactor<s2>.process_message  path:0x00000401
2026-09-27 18:36:34.805 ----------------------------------------------------------------------------------------
2026-09-27 18:36:43.622 
2026-09-27 18:36:43.623 ++++++++++++++++++++++++++++++++++++++++++++++++++++++++++++++++++++++++++++++++++++++++
2026-09-27 18:36:43.623 ++Proactor<s2>.process_message  [analog-temp/synced.readings]
2026-09-27 18:36:43.624   IN  internal     analog-temp to hw1.isone.me.versant.keene.maple.scada.s2     <-  [analog-temp/to/hw1.isone.me.versant.keene.maple.scada.s2/synced.readings]        SyncedReadings           
2026-09-27 18:36:43.624 ++Parentless.process_internal_message analog-temp/synced.readings
2026-09-27 18:36:43.626   OUT mqtt         analog-temp to s                                       ->  [gw/hw1-isone-me-versant-keene-maple-scada-s2/to/s/synced-readings]               SyncedReadings           
2026-09-27 18:36:43.626 --Parentless.process_internal_message  path:0x00000004
2026-09-27 18:36:43.627 --Proactor<s2>.process_message  path:0x00000401
2026-09-27 18:36:43.628 ----------------------------------------------------------------------------------------
2026-09-27 18:36:45.619 
2026-09-27 18:36:45.620 ++++++++++++++++++++++++++++++++++++++++++++++++++++++++++++++++++++++++++++++++++++++++
2026-09-27 18:36:45.620 ++Proactor<s2>.process_message  [analog-temp/synced.readings]
2026-09-27 18:36:45.620   IN  internal     analog-temp to hw1.isone.me.versant.keene.maple.scada.s2     <-  [analog-temp/to/hw1.isone.me.versant.keene.maple.scada.s2/synced.readings]        SyncedReadings           
2026-09-27 18:36:45.621 ++Parentless.process_internal_message analog-temp/synced.readings
2026-09-27 18:36:45.621   OUT mqtt         analog-temp to s                                       ->  [gw/hw1-isone-me-versant-keene-maple-scada-s2/to/s/synced-readings]               SyncedReadings           
2026-09-27 18:36:45.622 --Parentless.process_internal_message  path:0x00000004
2026-09-27 18:36:45.622 --Proactor<s2>.process_message  path:0x00000401
2026-09-27 18:36:45.623 ----------------------------------------------------------------------------------------
2026-09-27 18:36:45.818 
2026-09-27 18:36:45.818 ++++++++++++++++++++++++++++++++++++++++++++++++++++++++++++++++++++++++++++++++++++++++
2026-09-27 18:36:45.818 ++Proactor<s2>.process_message  [analog-temp/synced.readings]
2026-09-27 18:36:45.819   IN  internal     analog-temp to hw1.isone.me.versant.keene.maple.scada.s2     <-  [analog-temp/to/hw1.isone.me.versant.keene.maple.scada.s2/synced.readings]        SyncedReadings           
2026-09-27 18:36:45.819 ++Parentless.process_internal_message analog-temp/synced.readings
2026-09-27 18:36:45.820   OUT mqtt         analog-temp to s                                       ->  [gw/hw1-isone-me-versant-keene-maple-scada-s2/to/s/synced-readings]               SyncedReadings           
2026-09-27 18:36:45.821 --Parentless.process_internal_message  path:0x00000004
2026-09-27 18:36:45.822 --Proactor<s2>.process_message  path:0x00000401
2026-09-27 18:36:45.822 ----------------------------------------------------------------------------------------
2026-09-27 18:36:48.627 
2026-09-27 18:36:48.647 ++++++++++++++++++++++++++++++++++++++++++++++++++++++++++++++++++++++++++++++++++++++++
2026-09-27 18:36:48.648 ++Proactor<s2>.process_message  [analog-temp/synced.readings]
2026-09-27 18:36:48.649   IN  internal     analog-temp to hw1.isone.me.versant.keene.maple.scada.s2     <-  [analog-temp/to/hw1.isone.me.versant.keene.maple.scada.s2/synced.readings]        SyncedReadings           
2026-09-27 18:36:48.649 ++Parentless.process_internal_message analog-temp/synced.readings
2026-09-27 18:36:48.650   OUT mqtt         analog-temp to s                                       ->  [gw/hw1-isone-me-versant-keene-maple-scada-s2/to/s/synced-readings]               SyncedReadings           
2026-09-27 18:36:48.651 --Parentless.process_internal_message  path:0x00000004
2026-09-27 18:36:48.652 --Proactor<s2>.process_message  path:0x00000401
2026-09-27 18:36:48.653 ----------------------------------------------------------------------------------------
2026-09-27 18:37:01.060 
2026-09-27 18:37:01.061 ++++++++++++++++++++++++++++++++++++++++++++++++++++++++++++++++++++++++++++++++++++++++
2026-09-27 18:37:01.064 ++Proactor<s2>.process_message  [gridworks-ping]
2026-09-27 18:37:01.064 ++Proactor<s2>._process_mqtt_message mqtt_clients/mqtt_message
2026-09-27 18:37:01.065   IN  mqtt         hw1.isone.me.versant.keene.maple.scada to s2           <-  [gw/hw1-isone-me-versant-keene-maple-scada/to/s2/gridworks-ping]                  Ping                      5524da43...
2026-09-27 18:37:01.065   OUT mqtt         hw1.isone.me.versant.keene.maple.scada.s2 to s         ->  [gw/hw1-isone-me-versant-keene-maple-scada-s2/to/s/gridworks-ack]                 Ack                       5524da43...
2026-09-27 18:37:01.066 --Proactor<s2>._process_mqtt_message:1  path:0x00000223
2026-09-27 18:37:01.066 --Proactor<s2>.process_message  path:0x00000002
2026-09-27 18:37:01.066 ----------------------------------------------------------------------------------------
2026-09-27 18:37:03.233 
2026-09-27 18:37:03.234 ++++++++++++++++++++++++++++++++++++++++++++++++++++++++++++++++++++++++++++++++++++++++
2026-09-27 18:37:03.234 ++Proactor<s2>.process_message  [analog-temp/synced.readings]
2026-09-27 18:37:03.235   IN  internal     analog-temp to hw1.isone.me.versant.keene.maple.scada.s2     <-  [analog-temp/to/hw1.isone.me.versant.keene.maple.scada.s2/synced.readings]        SyncedReadings           
2026-09-27 18:37:03.236 ++Parentless.process_internal_message analog-temp/synced.readings
2026-09-27 18:37:03.237   OUT mqtt         analog-temp to s                                       ->  [gw/hw1-isone-me-versant-keene-maple-scada-s2/to/s/synced-readings]               SyncedReadings           
2026-09-27 18:37:03.238 --Parentless.process_internal_message  path:0x00000004
2026-09-27 18:37:03.238 --Proactor<s2>.process_message  path:0x00000401
2026-09-27 18:37:03.239 ----------------------------------------------------------------------------------------
2026-09-27 18:37:07.829 
2026-09-27 18:37:07.830 ++++++++++++++++++++++++++++++++++++++++++++++++++++++++++++++++++++++++++++++++++++++++
2026-09-27 18:37:07.830 ++Proactor<s2>.process_message  [analog-temp/synced.readings]
2026-09-27 18:37:07.830   IN  internal     analog-temp to hw1.isone.me.versant.keene.maple.scada.s2     <-  [analog-temp/to/hw1.isone.me.versant.keene.maple.scada.s2/synced.readings]        SyncedReadings           
2026-09-27 18:37:07.831 ++Parentless.process_internal_message analog-temp/synced.readings
2026-09-27 18:37:07.831   OUT mqtt         analog-temp to s                                       ->  [gw/hw1-isone-me-versant-keene-maple-scada-s2/to/s/synced-readings]               SyncedReadings           
2026-09-27 18:37:07.832 --Parentless.process_internal_message  path:0x00000004
2026-09-27 18:37:07.832 --Proactor<s2>.process_message  path:0x00000401
2026-09-27 18:37:07.832 ----------------------------------------------------------------------------------------
2026-09-27 18:37:09.221 
2026-09-27 18:37:09.221 ++++++++++++++++++++++++++++++++++++++++++++++++++++++++++++++++++++++++++++++++++++++++
2026-09-27 18:37:09.221 ++Proactor<s2>.process_message  [analog-temp/synced.readings]
2026-09-27 18:37:09.222   IN  internal     analog-temp to hw1.isone.me.versant.keene.maple.scada.s2     <-  [analog-temp/to/hw1.isone.me.versant.keene.maple.scada.s2/synced.readings]        SyncedReadings           
2026-09-27 18:37:09.222 ++Parentless.process_internal_message analog-temp/synced.readings
2026-09-27 18:37:09.222   OUT mqtt         analog-temp to s                                       ->  [gw/hw1-isone-me-versant-keene-maple-scada-s2/to/s/synced-readings]               SyncedReadings           
2026-09-27 18:37:09.223 --Parentless.process_internal_message  path:0x00000004
2026-09-27 18:37:09.223 --Proactor<s2>.process_message  path:0x00000401
2026-09-27 18:37:09.223 ----------------------------------------------------------------------------------------
2026-09-27 18:37:14.039 
2026-09-27 18:37:14.040 ++++++++++++++++++++++++++++++++++++++++++++++++++++++++++++++++++++++++++++++++++++++++
2026-09-27 18:37:14.040 ++Proactor<s2>.process_message  [analog-temp/synced.readings]
2026-09-27 18:37:14.041   IN  internal     analog-temp to hw1.isone.me.versant.keene.maple.scada.s2     <-  [analog-temp/to/hw1.isone.me.versant.keene.maple.scada.s2/synced.readings]        SyncedReadings           
2026-09-27 18:37:14.042 ++Parentless.process_internal_message analog-temp/synced.readings
2026-09-27 18:37:14.043   OUT mqtt         analog-temp to s                                       ->  [gw/hw1-isone-me-versant-keene-maple-scada-s2/to/s/synced-readings]               SyncedReadings           
2026-09-27 18:37:14.044 --Parentless.process_internal_message  path:0x00000004
2026-09-27 18:37:14.045 --Proactor<s2>.process_message  path:0x00000401
2026-09-27 18:37:14.045 ----------------------------------------------------------------------------------------
2026-09-27 18:37:20.229 
2026-09-27 18:37:20.230 ++++++++++++++++++++++++++++++++++++++++++++++++++++++++++++++++++++++++++++++++++++++++
2026-09-27 18:37:20.230 ++Proactor<s2>.process_message  [analog-temp/synced.readings]
2026-09-27 18:37:20.230   IN  internal     analog-temp to hw1.isone.me.versant.keene.maple.scada.s2     <-  [analog-temp/to/hw1.isone.me.versant.keene.maple.scada.s2/synced.readings]        SyncedReadings           
2026-09-27 18:37:20.231 ++Parentless.process_internal_message analog-temp/synced.readings
2026-09-27 18:37:20.231   OUT mqtt         analog-temp to s                                       ->  [gw/hw1-isone-me-versant-keene-maple-scada-s2/to/s/synced-readings]               SyncedReadings           
2026-09-27 18:37:20.232 --Parentless.process_internal_message  path:0x00000004
2026-09-27 18:37:20.232 --Proactor<s2>.process_message  path:0x00000401
2026-09-27 18:37:20.232 ----------------------------------------------------------------------------------------
2026-09-27 18:37:20.626 
2026-09-27 18:37:20.627 ++++++++++++++++++++++++++++++++++++++++++++++++++++++++++++++++++++++++++++++++++++++++
2026-09-27 18:37:20.627 ++Proactor<s2>.process_message  [analog-temp/synced.readings]
2026-09-27 18:37:20.627   IN  internal     analog-temp to hw1.isone.me.versant.keene.maple.scada.s2     <-  [analog-temp/to/hw1.isone.me.versant.keene.maple.scada.s2/synced.readings]        SyncedReadings           
2026-09-27 18:37:20.628 ++Parentless.process_internal_message analog-temp/synced.readings
2026-09-27 18:37:20.628   OUT mqtt         analog-temp to s                                       ->  [gw/hw1-isone-me-versant-keene-maple-scada-s2/to/s/synced-readings]               SyncedReadings           
2026-09-27 18:37:20.629 --Parentless.process_internal_message  path:0x00000004
2026-09-27 18:37:20.629 --Proactor<s2>.process_message  path:0x00000401
2026-09-27 18:37:20.629 ----------------------------------------------------------------------------------------
2026-09-27 18:37:27.246 
2026-09-27 18:37:27.246 ++++++++++++++++++++++++++++++++++++++++++++++++++++++++++++++++++++++++++++++++++++++++
2026-09-27 18:37:27.247 ++Proactor<s2>.process_message  [analog-temp/synced.readings]
2026-09-27 18:37:27.248   IN  internal     analog-temp to hw1.isone.me.versant.keene.maple.scada.s2     <-  [analog-temp/to/hw1.isone.me.versant.keene.maple.scada.s2/synced.readings]        SyncedReadings           
2026-09-27 18:37:27.248 ++Parentless.process_internal_message analog-temp/synced.readings
2026-09-27 18:37:27.250   OUT mqtt         analog-temp to s                                       ->  [gw/hw1-isone-me-versant-keene-maple-scada-s2/to/s/synced-readings]               SyncedReadings           
2026-09-27 18:37:27.251 --Parentless.process_internal_message  path:0x00000004
2026-09-27 18:37:27.251 --Proactor<s2>.process_message  path:0x00000401
2026-09-27 18:37:27.252 ----------------------------------------------------------------------------------------
2026-09-27 18:37:29.449 
2026-09-27 18:37:29.450 ++++++++++++++++++++++++++++++++++++++++++++++++++++++++++++++++++++++++++++++++++++++++
2026-09-27 18:37:29.450 ++Proactor<s2>.process_message  [analog-temp/synced.readings]
2026-09-27 18:37:29.451   IN  internal     analog-temp to hw1.isone.me.versant.keene.maple.scada.s2     <-  [analog-temp/to/hw1.isone.me.versant.keene.maple.scada.s2/synced.readings]        SyncedReadings           
2026-09-27 18:37:29.451 ++Parentless.process_internal_message analog-temp/synced.readings
2026-09-27 18:37:29.453   OUT mqtt         analog-temp to s                                       ->  [gw/hw1-isone-me-versant-keene-maple-scada-s2/to/s/synced-readings]               SyncedReadings           
2026-09-27 18:37:29.454 --Parentless.process_internal_message  path:0x00000004
2026-09-27 18:37:29.455 --Proactor<s2>.process_message  path:0x00000401
2026-09-27 18:37:29.455 ----------------------------------------------------------------------------------------
2026-09-27 18:37:35.634 
2026-09-27 18:37:35.634 ++++++++++++++++++++++++++++++++++++++++++++++++++++++++++++++++++++++++++++++++++++++++
2026-09-27 18:37:35.635 ++Proactor<s2>.process_message  [analog-temp/synced.readings]
2026-09-27 18:37:35.635   IN  internal     analog-temp to hw1.isone.me.versant.keene.maple.scada.s2     <-  [analog-temp/to/hw1.isone.me.versant.keene.maple.scada.s2/synced.readings]        SyncedReadings           
2026-09-27 18:37:35.635 ++Parentless.process_internal_message analog-temp/synced.readings
2026-09-27 18:37:35.636   OUT mqtt         analog-temp to s                                       ->  [gw/hw1-isone-me-versant-keene-maple-scada-s2/to/s/synced-readings]               SyncedReadings           
2026-09-27 18:37:35.636 --Parentless.process_internal_message  path:0x00000004
2026-09-27 18:37:35.637 --Proactor<s2>.process_message  path:0x00000401
2026-09-27 18:37:35.637 ----------------------------------------------------------------------------------------
2026-09-27 18:37:42.838 
2026-09-27 18:37:42.838 ++++++++++++++++++++++++++++++++++++++++++++++++++++++++++++++++++++++++++++++++++++++++
2026-09-27 18:37:42.838 ++Proactor<s2>.process_message  [analog-temp/synced.readings]
2026-09-27 18:37:42.839   IN  internal     analog-temp to hw1.isone.me.versant.keene.maple.scada.s2     <-  [analog-temp/to/hw1.isone.me.versant.keene.maple.scada.s2/synced.readings]        SyncedReadings           
2026-09-27 18:37:42.839 ++Parentless.process_internal_message analog-temp/synced.readings
2026-09-27 18:37:42.839   OUT mqtt         analog-temp to s                                       ->  [gw/hw1-isone-me-versant-keene-maple-scada-s2/to/s/synced-readings]               SyncedReadings           
2026-09-27 18:37:42.840 --Parentless.process_internal_message  path:0x00000004
2026-09-27 18:37:42.840 --Proactor<s2>.process_message  path:0x00000401
2026-09-27 18:37:42.840 ----------------------------------------------------------------------------------------
2026-09-27 18:37:52.459 
2026-09-27 18:37:52.459 ++++++++++++++++++++++++++++++++++++++++++++++++++++++++++++++++++++++++++++++++++++++++
2026-09-27 18:37:52.460 ++Proactor<s2>.process_message  [analog-temp/synced.readings]
2026-09-27 18:37:52.461   IN  internal     analog-temp to hw1.isone.me.versant.keene.maple.scada.s2     <-  [analog-temp/to/hw1.isone.me.versant.keene.maple.scada.s2/synced.readings]        SyncedReadings           
2026-09-27 18:37:52.461 ++Parentless.process_internal_message analog-temp/synced.readings
2026-09-27 18:37:52.463   OUT mqtt         analog-temp to s                                       ->  [gw/hw1-isone-me-versant-keene-maple-scada-s2/to/s/synced-readings]               SyncedReadings           
2026-09-27 18:37:52.464 --Parentless.process_internal_message  path:0x00000004
2026-09-27 18:37:52.465 --Proactor<s2>.process_message  path:0x00000401
2026-09-27 18:37:52.465 ----------------------------------------------------------------------------------------
2026-09-27 18:37:55.046 
2026-09-27 18:37:55.046 ++++++++++++++++++++++++++++++++++++++++++++++++++++++++++++++++++++++++++++++++++++++++
2026-09-27 18:37:55.046 ++Proactor<s2>.process_message  [analog-temp/synced.readings]
2026-09-27 18:37:55.047   IN  internal     analog-temp to hw1.isone.me.versant.keene.maple.scada.s2     <-  [analog-temp/to/hw1.isone.me.versant.keene.maple.scada.s2/synced.readings]        SyncedReadings           
2026-09-27 18:37:55.047 ++Parentless.process_internal_message analog-temp/synced.readings
2026-09-27 18:37:55.048   OUT mqtt         analog-temp to s                                       ->  [gw/hw1-isone-me-versant-keene-maple-scada-s2/to/s/synced-readings]               SyncedReadings           
2026-09-27 18:37:55.048 --Parentless.process_internal_message  path:0x00000004
2026-09-27 18:37:55.049 --Proactor<s2>.process_message  path:0x00000401
2026-09-27 18:37:55.049 ----------------------------------------------------------------------------------------
2026-09-27 18:37:56.170 
2026-09-27 18:37:56.170 ++++++++++++++++++++++++++++++++++++++++++++++++++++++++++++++++++++++++++++++++++++++++
2026-09-27 18:37:56.171 ++Proactor<s2>.process_message  [zone1-living-rm-stat/synced.readings]
2026-09-27 18:37:56.171   IN  internal     zone1-living-rm-stat to hw1.isone.me.versant.keene.maple.scada.s2     <-  [zone1-living-rm-stat/to/hw1.isone.me.versant.keene.maple.scada.s2/synced.readings]  SyncedReadings           
2026-09-27 18:37:56.171 ++Parentless.process_internal_message zone1-living-rm-stat/synced.readings
2026-09-27 18:37:56.172   OUT mqtt         zone1-living-rm-stat to s                              ->  [gw/hw1-isone-me-versant-keene-maple-scada-s2/to/s/synced-readings]               SyncedReadings           
2026-09-27 18:37:56.173 --Parentless.process_internal_message  path:0x00000004
2026-09-27 18:37:56.173 --Proactor<s2>.process_message  path:0x00000401
2026-09-27 18:37:56.173 ----------------------------------------------------------------------------------------
2026-09-27 18:37:56.240 
2026-09-27 18:37:56.240 ++++++++++++++++++++++++++++++++++++++++++++++++++++++++++++++++++++++++++++++++++++++++
2026-09-27 18:37:56.240 ++Proactor<s2>.process_message  [zone2-bedroom-stat/synced.readings]
2026-09-27 18:37:56.241   IN  internal     zone2-bedroom-stat to hw1.isone.me.versant.keene.maple.scada.s2     <-  [zone2-bedroom-stat/to/hw1.isone.me.versant.keene.maple.scada.s2/synced.readings]  SyncedReadings           
2026-09-27 18:37:56.241 ++Parentless.process_internal_message zone2-bedroom-stat/synced.readings
2026-09-27 18:37:56.241   OUT mqtt         zone2-bedroom-stat to s                                ->  [gw/hw1-isone-me-versant-keene-maple-scada-s2/to/s/synced-readings]               SyncedReadings           
2026-09-27 18:37:56.242 --Parentless.process_internal_message  path:0x00000004
2026-09-27 18:37:56.242 --Proactor<s2>.process_message  path:0x00000401
2026-09-27 18:37:56.243 ----------------------------------------------------------------------------------------
2026-09-27 18:37:56.645 
2026-09-27 18:37:56.645 ++++++++++++++++++++++++++++++++++++++++++++++++++++++++++++++++++++++++++++++++++++++++
2026-09-27 18:37:56.646 ++Proactor<s2>.process_message  [analog-temp/synced.readings]
2026-09-27 18:37:56.646   IN  internal     analog-temp to hw1.isone.me.versant.keene.maple.scada.s2     <-  [analog-temp/to/hw1.isone.me.versant.keene.maple.scada.s2/synced.readings]        SyncedReadings           
2026-09-27 18:37:56.646 ++Parentless.process_internal_message analog-temp/synced.readings
2026-09-27 18:37:56.647   OUT mqtt         analog-temp to s                                       ->  [gw/hw1-isone-me-versant-keene-maple-scada-s2/to/s/synced-readings]               SyncedReadings           
2026-09-27 18:37:56.647 --Parentless.process_internal_message  path:0x00000004
2026-09-27 18:37:56.647 --Proactor<s2>.process_message  path:0x00000401
2026-09-27 18:37:56.648 ----------------------------------------------------------------------------------------
2026-09-27 18:37:59.247 
2026-09-27 18:37:59.247 ++++++++++++++++++++++++++++++++++++++++++++++++++++++++++++++++++++++++++++++++++++++++
2026-09-27 18:37:59.247 ++Proactor<s2>.process_message  [analog-temp/synced.readings]
2026-09-27 18:37:59.247   IN  internal     analog-temp to hw1.isone.me.versant.keene.maple.scada.s2     <-  [analog-temp/to/hw1.isone.me.versant.keene.maple.scada.s2/synced.readings]        SyncedReadings           
2026-09-27 18:37:59.248 ++Parentless.process_internal_message analog-temp/synced.readings
2026-09-27 18:37:59.248   OUT mqtt         analog-temp to s                                       ->  [gw/hw1-isone-me-versant-keene-maple-scada-s2/to/s/synced-readings]               SyncedReadings           
2026-09-27 18:37:59.249 --Parentless.process_internal_message  path:0x00000004
2026-09-27 18:37:59.249 --Proactor<s2>.process_message  path:0x00000401
2026-09-27 18:37:59.249 ----------------------------------------------------------------------------------------
2026-09-27 18:38:01.065 
2026-09-27 18:38:01.065 ++++++++++++++++++++++++++++++++++++++++++++++++++++++++++++++++++++++++++++++++++++++++
2026-09-27 18:38:01.066 ++Proactor<s2>.process_message  [gridworks-ping]
2026-09-27 18:38:01.066 ++Proactor<s2>._process_mqtt_message mqtt_clients/mqtt_message
2026-09-27 18:38:01.067   IN  mqtt         hw1.isone.me.versant.keene.maple.scada to s2           <-  [gw/hw1-isone-me-versant-keene-maple-scada/to/s2/gridworks-ping]                  Ping                      145e79bf...
2026-09-27 18:38:01.069   OUT mqtt         hw1.isone.me.versant.keene.maple.scada.s2 to s         ->  [gw/hw1-isone-me-versant-keene-maple-scada-s2/to/s/gridworks-ack]                 Ack                       145e79bf...
2026-09-27 18:38:01.069 --Proactor<s2>._process_mqtt_message:1  path:0x00000223
2026-09-27 18:38:01.070 --Proactor<s2>.process_message  path:0x00000002
2026-09-27 18:38:01.070 ----------------------------------------------------------------------------------------
2026-09-27 18:38:01.071 
2026-09-27 18:38:01.071 ++++++++++++++++++++++++++++++++++++++++++++++++++++++++++++++++++++++++++++++++++++++++
2026-09-27 18:38:01.072 ++Proactor<s2>.process_message  [analog-temp/synced.readings]
2026-09-27 18:38:01.072   IN  internal     analog-temp to hw1.isone.me.versant.keene.maple.scada.s2     <-  [analog-temp/to/hw1.isone.me.versant.keene.maple.scada.s2/synced.readings]        SyncedReadings           
2026-09-27 18:38:01.073 ++Parentless.process_internal_message analog-temp/synced.readings
2026-09-27 18:38:01.074   OUT mqtt         analog-temp to s                                       ->  [gw/hw1-isone-me-versant-keene-maple-scada-s2/to/s/synced-readings]               SyncedReadings           
2026-09-27 18:38:01.075 --Parentless.process_internal_message  path:0x00000004
2026-09-27 18:38:01.075 --Proactor<s2>.process_message  path:0x00000401
2026-09-27 18:38:01.076 ----------------------------------------------------------------------------------------
2026-09-27 18:38:07.051 
2026-09-27 18:38:07.052 ++++++++++++++++++++++++++++++++++++++++++++++++++++++++++++++++++++++++++++++++++++++++
2026-09-27 18:38:07.052 ++Proactor<s2>.process_message  [analog-temp/synced.readings]
2026-09-27 18:38:07.052   IN  internal     analog-temp to hw1.isone.me.versant.keene.maple.scada.s2     <-  [analog-temp/to/hw1.isone.me.versant.keene.maple.scada.s2/synced.readings]        SyncedReadings           
2026-09-27 18:38:07.052 ++Parentless.process_internal_message analog-temp/synced.readings
2026-09-27 18:38:07.053   OUT mqtt         analog-temp to s                                       ->  [gw/hw1-isone-me-versant-keene-maple-scada-s2/to/s/synced-readings]               SyncedReadings           
2026-09-27 18:38:07.053 --Parentless.process_internal_message  path:0x00000004
2026-09-27 18:38:07.054 --Proactor<s2>.process_message  path:0x00000401
2026-09-27 18:38:07.054 ----------------------------------------------------------------------------------------
2026-09-27 18:38:07.851 
2026-09-27 18:38:07.851 ++++++++++++++++++++++++++++++++++++++++++++++++++++++++++++++++++++++++++++++++++++++++
2026-09-27 18:38:07.852 ++Proactor<s2>.process_message  [analog-temp/synced.readings]
2026-09-27 18:38:07.852   IN  internal     analog-temp to hw1.isone.me.versant.keene.maple.scada.s2     <-  [analog-temp/to/hw1.isone.me.versant.keene.maple.scada.s2/synced.readings]        SyncedReadings           
2026-09-27 18:38:07.852 ++Parentless.process_internal_message analog-temp/synced.readings
2026-09-27 18:38:07.853   OUT mqtt         analog-temp to s                                       ->  [gw/hw1-isone-me-versant-keene-maple-scada-s2/to/s/synced-readings]               SyncedReadings           
2026-09-27 18:38:07.853 --Parentless.process_internal_message  path:0x00000004
2026-09-27 18:38:07.853 --Proactor<s2>.process_message  path:0x00000401
2026-09-27 18:38:07.854 ----------------------------------------------------------------------------------------
2026-09-27 18:38:18.856 
2026-09-27 18:38:18.857 ++++++++++++++++++++++++++++++++++++++++++++++++++++++++++++++++++++++++++++++++++++++++
2026-09-27 18:38:18.857 ++Proactor<s2>.process_message  [analog-temp/synced.readings]
2026-09-27 18:38:18.857   IN  internal     analog-temp to hw1.isone.me.versant.keene.maple.scada.s2     <-  [analog-temp/to/hw1.isone.me.versant.keene.maple.scada.s2/synced.readings]        SyncedReadings           
2026-09-27 18:38:18.857 ++Parentless.process_internal_message analog-temp/synced.readings
2026-09-27 18:38:18.858   OUT mqtt         analog-temp to s                                       ->  [gw/hw1-isone-me-versant-keene-maple-scada-s2/to/s/synced-readings]               SyncedReadings           
2026-09-27 18:38:18.858 --Parentless.process_internal_message  path:0x00000004
2026-09-27 18:38:18.859 --Proactor<s2>.process_message  path:0x00000401
2026-09-27 18:38:18.859 ----------------------------------------------------------------------------------------
2026-09-27 18:38:32.263 
2026-09-27 18:38:32.264 ++++++++++++++++++++++++++++++++++++++++++++++++++++++++++++++++++++++++++++++++++++++++
2026-09-27 18:38:32.264 ++Proactor<s2>.process_message  [analog-temp/synced.readings]
2026-09-27 18:38:32.264   IN  internal     analog-temp to hw1.isone.me.versant.keene.maple.scada.s2     <-  [analog-temp/to/hw1.isone.me.versant.keene.maple.scada.s2/synced.readings]        SyncedReadings           
2026-09-27 18:38:32.264 ++Parentless.process_internal_message analog-temp/synced.readings
2026-09-27 18:38:32.265   OUT mqtt         analog-temp to s                                       ->  [gw/hw1-isone-me-versant-keene-maple-scada-s2/to/s/synced-readings]               SyncedReadings           
2026-09-27 18:38:32.265 --Parentless.process_internal_message  path:0x00000004
2026-09-27 18:38:32.266 --Proactor<s2>.process_message  path:0x00000401
2026-09-27 18:38:32.266 ----------------------------------------------------------------------------------------
2026-09-27 18:38:34.063 
2026-09-27 18:38:34.064 ++++++++++++++++++++++++++++++++++++++++++++++++++++++++++++++++++++++++++++++++++++++++
2026-09-27 18:38:34.064 ++Proactor<s2>.process_message  [analog-temp/synced.readings]
2026-09-27 18:38:34.064   IN  internal     analog-temp to hw1.isone.me.versant.keene.maple.scada.s2     <-  [analog-temp/to/hw1.isone.me.versant.keene.maple.scada.s2/synced.readings]        SyncedReadings           
2026-09-27 18:38:34.064 ++Parentless.process_internal_message analog-temp/synced.readings
2026-09-27 18:38:34.065   OUT mqtt         analog-temp to s                                       ->  [gw/hw1-isone-me-versant-keene-maple-scada-s2/to/s/synced-readings]               SyncedReadings           
2026-09-27 18:38:34.065 --Parentless.process_internal_message  path:0x00000004
2026-09-27 18:38:34.066 --Proactor<s2>.process_message  path:0x00000401
2026-09-27 18:38:34.066 ----------------------------------------------------------------------------------------
2026-09-27 18:38:34.664 
2026-09-27 18:38:34.664 ++++++++++++++++++++++++++++++++++++++++++++++++++++++++++++++++++++++++++++++++++++++++
2026-09-27 18:38:34.664 ++Proactor<s2>.process_message  [analog-temp/synced.readings]
2026-09-27 18:38:34.665   IN  internal     analog-temp to hw1.isone.me.versant.keene.maple.scada.s2     <-  [analog-temp/to/hw1.isone.me.versant.keene.maple.scada.s2/synced.readings]        SyncedReadings           
2026-09-27 18:38:34.665 ++Parentless.process_internal_message analog-temp/synced.readings
2026-09-27 18:38:34.665   OUT mqtt         analog-temp to s                                       ->  [gw/hw1-isone-me-versant-keene-maple-scada-s2/to/s/synced-readings]               SyncedReadings           
2026-09-27 18:38:34.666 --Parentless.process_internal_message  path:0x00000004
2026-09-27 18:38:34.666 --Proactor<s2>.process_message  path:0x00000401
2026-09-27 18:38:34.666 ----------------------------------------------------------------------------------------
2026-09-27 18:38:42.269 
2026-09-27 18:38:42.269 ++++++++++++++++++++++++++++++++++++++++++++++++++++++++++++++++++++++++++++++++++++++++
2026-09-27 18:38:42.270 ++Proactor<s2>.process_message  [analog-temp/synced.readings]
2026-09-27 18:38:42.270   IN  internal     analog-temp to hw1.isone.me.versant.keene.maple.scada.s2     <-  [analog-temp/to/hw1.isone.me.versant.keene.maple.scada.s2/synced.readings]        SyncedReadings           
2026-09-27 18:38:42.270 ++Parentless.process_internal_message analog-temp/synced.readings
2026-09-27 18:38:42.271   OUT mqtt         analog-temp to s                                       ->  [gw/hw1-isone-me-versant-keene-maple-scada-s2/to/s/synced-readings]               SyncedReadings           
2026-09-27 18:38:42.271 --Parentless.process_internal_message  path:0x00000004
2026-09-27 18:38:42.271 --Proactor<s2>.process_message  path:0x00000401
2026-09-27 18:38:42.272 ----------------------------------------------------------------------------------------
2026-09-27 18:38:43.669 
2026-09-27 18:38:43.670 ++++++++++++++++++++++++++++++++++++++++++++++++++++++++++++++++++++++++++++++++++++++++
2026-09-27 18:38:43.670 ++Proactor<s2>.process_message  [analog-temp/synced.readings]
2026-09-27 18:38:43.670   IN  internal     analog-temp to hw1.isone.me.versant.keene.maple.scada.s2     <-  [analog-temp/to/hw1.isone.me.versant.keene.maple.scada.s2/synced.readings]        SyncedReadings           
2026-09-27 18:38:43.670 ++Parentless.process_internal_message analog-temp/synced.readings
2026-09-27 18:38:43.671   OUT mqtt         analog-temp to s                                       ->  [gw/hw1-isone-me-versant-keene-maple-scada-s2/to/s/synced-readings]               SyncedReadings           
2026-09-27 18:38:43.671 --Parentless.process_internal_message  path:0x00000004
2026-09-27 18:38:43.672 --Proactor<s2>.process_message  path:0x00000401
2026-09-27 18:38:43.672 ----------------------------------------------------------------------------------------
2026-09-27 18:38:53.482 
2026-09-27 18:38:53.483 ++++++++++++++++++++++++++++++++++++++++++++++++++++++++++++++++++++++++++++++++++++++++
2026-09-27 18:38:53.483 ++Proactor<s2>.process_message  [analog-temp/synced.readings]
2026-09-27 18:38:53.484   IN  internal     analog-temp to hw1.isone.me.versant.keene.maple.scada.s2     <-  [analog-temp/to/hw1.isone.me.versant.keene.maple.scada.s2/synced.readings]        SyncedReadings           
2026-09-27 18:38:53.484 ++Parentless.process_internal_message analog-temp/synced.readings
2026-09-27 18:38:53.485   OUT mqtt         analog-temp to s                                       ->  [gw/hw1-isone-me-versant-keene-maple-scada-s2/to/s/synced-readings]               SyncedReadings           
2026-09-27 18:38:53.486 --Parentless.process_internal_message  path:0x00000004
2026-09-27 18:38:53.486 --Proactor<s2>.process_message  path:0x00000401
2026-09-27 18:38:53.487 ----------------------------------------------------------------------------------------
2026-09-27 18:38:54.893 
2026-09-27 18:38:54.893 ++++++++++++++++++++++++++++++++++++++++++++++++++++++++++++++++++++++++++++++++++++++++
2026-09-27 18:38:54.894 ++Proactor<s2>.process_message  [analog-temp/synced.readings]
2026-09-27 18:38:54.895   IN  internal     analog-temp to hw1.isone.me.versant.keene.maple.scada.s2     <-  [analog-temp/to/hw1.isone.me.versant.keene.maple.scada.s2/synced.readings]        SyncedReadings           
2026-09-27 18:38:54.895 ++Parentless.process_internal_message analog-temp/synced.readings
2026-09-27 18:38:54.897   OUT mqtt         analog-temp to s                                       ->  [gw/hw1-isone-me-versant-keene-maple-scada-s2/to/s/synced-readings]               SyncedReadings           
2026-09-27 18:38:54.898 --Parentless.process_internal_message  path:0x00000004
2026-09-27 18:38:54.898 --Proactor<s2>.process_message  path:0x00000401
2026-09-27 18:38:54.899 ----------------------------------------------------------------------------------------
2026-09-27 18:38:57.093 
2026-09-27 18:38:57.094 ++++++++++++++++++++++++++++++++++++++++++++++++++++++++++++++++++++++++++++++++++++++++
2026-09-27 18:38:57.095 ++Proactor<s2>.process_message  [analog-temp/synced.readings]
2026-09-27 18:38:57.095   IN  internal     analog-temp to hw1.isone.me.versant.keene.maple.scada.s2     <-  [analog-temp/to/hw1.isone.me.versant.keene.maple.scada.s2/synced.readings]        SyncedReadings           
2026-09-27 18:38:57.096 ++Parentless.process_internal_message analog-temp/synced.readings
2026-09-27 18:38:57.097   OUT mqtt         analog-temp to s                                       ->  [gw/hw1-isone-me-versant-keene-maple-scada-s2/to/s/synced-readings]               SyncedReadings           
2026-09-27 18:38:57.098 --Parentless.process_internal_message  path:0x00000004
2026-09-27 18:38:57.099 --Proactor<s2>.process_message  path:0x00000401
2026-09-27 18:38:57.100 ----------------------------------------------------------------------------------------
2026-09-27 18:38:58.694 
2026-09-27 18:38:58.695 ++++++++++++++++++++++++++++++++++++++++++++++++++++++++++++++++++++++++++++++++++++++++
2026-09-27 18:38:58.696 ++Proactor<s2>.process_message  [analog-temp/synced.readings]
2026-09-27 18:38:58.696   IN  internal     analog-temp to hw1.isone.me.versant.keene.maple.scada.s2     <-  [analog-temp/to/hw1.isone.me.versant.keene.maple.scada.s2/synced.readings]        SyncedReadings           
2026-09-27 18:38:58.697 ++Parentless.process_internal_message analog-temp/synced.readings
2026-09-27 18:38:58.699   OUT mqtt         analog-temp to s                                       ->  [gw/hw1-isone-me-versant-keene-maple-scada-s2/to/s/synced-readings]               SyncedReadings           
2026-09-27 18:38:58.700 --Parentless.process_internal_message  path:0x00000004
2026-09-27 18:38:58.700 --Proactor<s2>.process_message  path:0x00000401
2026-09-27 18:38:58.701 ----------------------------------------------------------------------------------------
2026-09-27 18:39:01.494 
2026-09-27 18:39:01.495 ++++++++++++++++++++++++++++++++++++++++++++++++++++++++++++++++++++++++++++++++++++++++
2026-09-27 18:39:01.496 ++Proactor<s2>.process_message  [gridworks-ping]
2026-09-27 18:39:01.496 ++Proactor<s2>._process_mqtt_message mqtt_clients/mqtt_message
2026-09-27 18:39:01.497   IN  mqtt         hw1.isone.me.versant.keene.maple.scada to s2           <-  [gw/hw1-isone-me-versant-keene-maple-scada/to/s2/gridworks-ping]                  Ping                      c4816c08...
2026-09-27 18:39:01.499   OUT mqtt         hw1.isone.me.versant.keene.maple.scada.s2 to s         ->  [gw/hw1-isone-me-versant-keene-maple-scada-s2/to/s/gridworks-ack]                 Ack                       c4816c08...
2026-09-27 18:39:01.500 --Proactor<s2>._process_mqtt_message:1  path:0x00000223
2026-09-27 18:39:01.501 --Proactor<s2>.process_message  path:0x00000002
2026-09-27 18:39:01.501 ----------------------------------------------------------------------------------------
2026-09-27 18:39:03.698 
2026-09-27 18:39:03.701 ++++++++++++++++++++++++++++++++++++++++++++++++++++++++++++++++++++++++++++++++++++++++
2026-09-27 18:39:03.702 ++Proactor<s2>.process_message  [analog-temp/synced.readings]
2026-09-27 18:39:03.703   IN  internal     analog-temp to hw1.isone.me.versant.keene.maple.scada.s2     <-  [analog-temp/to/hw1.isone.me.versant.keene.maple.scada.s2/synced.readings]        SyncedReadings           
2026-09-27 18:39:03.703 ++Parentless.process_internal_message analog-temp/synced.readings
2026-09-27 18:39:03.705   OUT mqtt         analog-temp to s                                       ->  [gw/hw1-isone-me-versant-keene-maple-scada-s2/to/s/synced-readings]               SyncedReadings           
2026-09-27 18:39:03.706 --Parentless.process_internal_message  path:0x00000004
2026-09-27 18:39:03.706 --Proactor<s2>.process_message  path:0x00000401
2026-09-27 18:39:03.707 ----------------------------------------------------------------------------------------
2026-09-27 18:39:06.682 
2026-09-27 18:39:06.683 ++++++++++++++++++++++++++++++++++++++++++++++++++++++++++++++++++++++++++++++++++++++++
2026-09-27 18:39:06.683 ++Proactor<s2>.process_message  [analog-temp/synced.readings]
2026-09-27 18:39:06.683   IN  internal     analog-temp to hw1.isone.me.versant.keene.maple.scada.s2     <-  [analog-temp/to/hw1.isone.me.versant.keene.maple.scada.s2/synced.readings]        SyncedReadings           
2026-09-27 18:39:06.683 ++Parentless.process_internal_message analog-temp/synced.readings
2026-09-27 18:39:06.684   OUT mqtt         analog-temp to s                                       ->  [gw/hw1-isone-me-versant-keene-maple-scada-s2/to/s/synced-readings]               SyncedReadings           
2026-09-27 18:39:06.684 --Parentless.process_internal_message  path:0x00000004
2026-09-27 18:39:06.685 --Proactor<s2>.process_message  path:0x00000401
2026-09-27 18:39:06.685 ----------------------------------------------------------------------------------------
2026-09-27 18:39:08.683 
2026-09-27 18:39:08.684 ++++++++++++++++++++++++++++++++++++++++++++++++++++++++++++++++++++++++++++++++++++++++
2026-09-27 18:39:08.684 ++Proactor<s2>.process_message  [analog-temp/synced.readings]
2026-09-27 18:39:08.684   IN  internal     analog-temp to hw1.isone.me.versant.keene.maple.scada.s2     <-  [analog-temp/to/hw1.isone.me.versant.keene.maple.scada.s2/synced.readings]        SyncedReadings           
2026-09-27 18:39:08.684 ++Parentless.process_internal_message analog-temp/synced.readings
2026-09-27 18:39:08.685   OUT mqtt         analog-temp to s                                       ->  [gw/hw1-isone-me-versant-keene-maple-scada-s2/to/s/synced-readings]               SyncedReadings           
2026-09-27 18:39:08.685 --Parentless.process_internal_message  path:0x00000004
2026-09-27 18:39:08.686 --Proactor<s2>.process_message  path:0x00000401
2026-09-27 18:39:08.686 ----------------------------------------------------------------------------------------
2026-09-27 18:39:11.500 
2026-09-27 18:39:11.501 ++++++++++++++++++++++++++++++++++++++++++++++++++++++++++++++++++++++++++++++++++++++++
2026-09-27 18:39:11.501 ++Proactor<s2>.process_message  [analog-temp/synced.readings]
2026-09-27 18:39:11.502   IN  internal     analog-temp to hw1.isone.me.versant.keene.maple.scada.s2     <-  [analog-temp/to/hw1.isone.me.versant.keene.maple.scada.s2/synced.readings]        SyncedReadings           
2026-09-27 18:39:11.502 ++Parentless.process_internal_message analog-temp/synced.readings
2026-09-27 18:39:11.504   OUT mqtt         analog-temp to s                                       ->  [gw/hw1-isone-me-versant-keene-maple-scada-s2/to/s/synced-readings]               SyncedReadings           
2026-09-27 18:39:11.505 --Parentless.process_internal_message  path:0x00000004
2026-09-27 18:39:11.505 --Proactor<s2>.process_message  path:0x00000401
2026-09-27 18:39:11.506 ----------------------------------------------------------------------------------------
2026-09-27 18:39:17.290 
2026-09-27 18:39:17.291 ++++++++++++++++++++++++++++++++++++++++++++++++++++++++++++++++++++++++++++++++++++++++
2026-09-27 18:39:17.291 ++Proactor<s2>.process_message  [analog-temp/synced.readings]
2026-09-27 18:39:17.291   IN  internal     analog-temp to hw1.isone.me.versant.keene.maple.scada.s2     <-  [analog-temp/to/hw1.isone.me.versant.keene.maple.scada.s2/synced.readings]        SyncedReadings           
2026-09-27 18:39:17.291 ++Parentless.process_internal_message analog-temp/synced.readings
2026-09-27 18:39:17.292   OUT mqtt         analog-temp to s                                       ->  [gw/hw1-isone-me-versant-keene-maple-scada-s2/to/s/synced-readings]               SyncedReadings           
2026-09-27 18:39:17.292 --Parentless.process_internal_message  path:0x00000004
2026-09-27 18:39:17.293 --Proactor<s2>.process_message  path:0x00000401
2026-09-27 18:39:17.293 ----------------------------------------------------------------------------------------
2026-09-27 18:39:21.090 
2026-09-27 18:39:21.090 ++++++++++++++++++++++++++++++++++++++++++++++++++++++++++++++++++++++++++++++++++++++++
2026-09-27 18:39:21.091 ++Proactor<s2>.process_message  [analog-temp/synced.readings]
2026-09-27 18:39:21.091   IN  internal     analog-temp to hw1.isone.me.versant.keene.maple.scada.s2     <-  [analog-temp/to/hw1.isone.me.versant.keene.maple.scada.s2/synced.readings]        SyncedReadings           
2026-09-27 18:39:21.091 ++Parentless.process_internal_message analog-temp/synced.readings
2026-09-27 18:39:21.092   OUT mqtt         analog-temp to s                                       ->  [gw/hw1-isone-me-versant-keene-maple-scada-s2/to/s/synced-readings]               SyncedReadings           
2026-09-27 18:39:21.092 --Parentless.process_internal_message  path:0x00000004
2026-09-27 18:39:21.092 --Proactor<s2>.process_message  path:0x00000401
2026-09-27 18:39:21.093 ----------------------------------------------------------------------------------------
2026-09-27 18:39:22.107 
2026-09-27 18:39:22.108 ++++++++++++++++++++++++++++++++++++++++++++++++++++++++++++++++++++++++++++++++++++++++
2026-09-27 18:39:22.108 ++Proactor<s2>.process_message  [analog-temp/synced.readings]
2026-09-27 18:39:22.109   IN  internal     analog-temp to hw1.isone.me.versant.keene.maple.scada.s2     <-  [analog-temp/to/hw1.isone.me.versant.keene.maple.scada.s2/synced.readings]        SyncedReadings           
2026-09-27 18:39:22.110 ++Parentless.process_internal_message analog-temp/synced.readings
2026-09-27 18:39:22.111   OUT mqtt         analog-temp to s                                       ->  [gw/hw1-isone-me-versant-keene-maple-scada-s2/to/s/synced-readings]               SyncedReadings           
2026-09-27 18:39:22.112 --Parentless.process_internal_message  path:0x00000004
2026-09-27 18:39:22.113 --Proactor<s2>.process_message  path:0x00000401
2026-09-27 18:39:22.113 ----------------------------------------------------------------------------------------
2026-09-27 18:39:25.908 
2026-09-27 18:39:25.909 ++++++++++++++++++++++++++++++++++++++++++++++++++++++++++++++++++++++++++++++++++++++++
2026-09-27 18:39:25.910 ++Proactor<s2>.process_message  [analog-temp/synced.readings]
2026-09-27 18:39:25.910   IN  internal     analog-temp to hw1.isone.me.versant.keene.maple.scada.s2     <-  [analog-temp/to/hw1.isone.me.versant.keene.maple.scada.s2/synced.readings]        SyncedReadings           
2026-09-27 18:39:25.911 ++Parentless.process_internal_message analog-temp/synced.readings
2026-09-27 18:39:25.913   OUT mqtt         analog-temp to s                                       ->  [gw/hw1-isone-me-versant-keene-maple-scada-s2/to/s/synced-readings]               SyncedReadings           
2026-09-27 18:39:25.913 --Parentless.process_internal_message  path:0x00000004
2026-09-27 18:39:25.914 --Proactor<s2>.process_message  path:0x00000401
2026-09-27 18:39:25.915 ----------------------------------------------------------------------------------------
2026-09-27 18:39:27.494 
2026-09-27 18:39:27.494 ++++++++++++++++++++++++++++++++++++++++++++++++++++++++++++++++++++++++++++++++++++++++
2026-09-27 18:39:27.494 ++Proactor<s2>.process_message  [analog-temp/synced.readings]
2026-09-27 18:39:27.495   IN  internal     analog-temp to hw1.isone.me.versant.keene.maple.scada.s2     <-  [analog-temp/to/hw1.isone.me.versant.keene.maple.scada.s2/synced.readings]        SyncedReadings           
2026-09-27 18:39:27.495 ++Parentless.process_internal_message analog-temp/synced.readings
2026-09-27 18:39:27.495   OUT mqtt         analog-temp to s                                       ->  [gw/hw1-isone-me-versant-keene-maple-scada-s2/to/s/synced-readings]               SyncedReadings           
2026-09-27 18:39:27.496 --Parentless.process_internal_message  path:0x00000004
2026-09-27 18:39:27.496 --Proactor<s2>.process_message  path:0x00000401
2026-09-27 18:39:27.496 ----------------------------------------------------------------------------------------
2026-09-27 18:39:28.294 
2026-09-27 18:39:28.294 ++++++++++++++++++++++++++++++++++++++++++++++++++++++++++++++++++++++++++++++++++++++++
2026-09-27 18:39:28.294 ++Proactor<s2>.process_message  [analog-temp/synced.readings]
2026-09-27 18:39:28.295   IN  internal     analog-temp to hw1.isone.me.versant.keene.maple.scada.s2     <-  [analog-temp/to/hw1.isone.me.versant.keene.maple.scada.s2/synced.readings]        SyncedReadings           
2026-09-27 18:39:28.295 ++Parentless.process_internal_message analog-temp/synced.readings
2026-09-27 18:39:28.296   OUT mqtt         analog-temp to s                                       ->  [gw/hw1-isone-me-versant-keene-maple-scada-s2/to/s/synced-readings]               SyncedReadings           
2026-09-27 18:39:28.296 --Parentless.process_internal_message  path:0x00000004
2026-09-27 18:39:28.296 --Proactor<s2>.process_message  path:0x00000401
2026-09-27 18:39:28.296 ----------------------------------------------------------------------------------------
2026-09-27 18:39:31.295 
2026-09-27 18:39:31.295 ++++++++++++++++++++++++++++++++++++++++++++++++++++++++++++++++++++++++++++++++++++++++
2026-09-27 18:39:31.295 ++Proactor<s2>.process_message  [analog-temp/synced.readings]
2026-09-27 18:39:31.295   IN  internal     analog-temp to hw1.isone.me.versant.keene.maple.scada.s2     <-  [analog-temp/to/hw1.isone.me.versant.keene.maple.scada.s2/synced.readings]        SyncedReadings           
2026-09-27 18:39:31.296 ++Parentless.process_internal_message analog-temp/synced.readings
2026-09-27 18:39:31.296   OUT mqtt         analog-temp to s                                       ->  [gw/hw1-isone-me-versant-keene-maple-scada-s2/to/s/synced-readings]               SyncedReadings           
2026-09-27 18:39:31.297 --Parentless.process_internal_message  path:0x00000004
2026-09-27 18:39:31.297 --Proactor<s2>.process_message  path:0x00000401
2026-09-27 18:39:31.297 ----------------------------------------------------------------------------------------
2026-09-27 18:39:38.906 
2026-09-27 18:39:38.906 ++++++++++++++++++++++++++++++++++++++++++++++++++++++++++++++++++++++++++++++++++++++++
2026-09-27 18:39:38.906 ++Proactor<s2>.process_message  [analog-temp/synced.readings]
2026-09-27 18:39:38.907   IN  internal     analog-temp to hw1.isone.me.versant.keene.maple.scada.s2     <-  [analog-temp/to/hw1.isone.me.versant.keene.maple.scada.s2/synced.readings]        SyncedReadings           
2026-09-27 18:39:38.907 ++Parentless.process_internal_message analog-temp/synced.readings
2026-09-27 18:39:38.908   OUT mqtt         analog-temp to s                                       ->  [gw/hw1-isone-me-versant-keene-maple-scada-s2/to/s/synced-readings]               SyncedReadings           
2026-09-27 18:39:38.908 --Parentless.process_internal_message  path:0x00000004
2026-09-27 18:39:38.908 --Proactor<s2>.process_message  path:0x00000401
2026-09-27 18:39:38.908 ----------------------------------------------------------------------------------------
2026-09-27 18:39:42.300 
2026-09-27 18:39:42.301 ++++++++++++++++++++++++++++++++++++++++++++++++++++++++++++++++++++++++++++++++++++++++
2026-09-27 18:39:42.301 ++Proactor<s2>.process_message  [analog-temp/synced.readings]
2026-09-27 18:39:42.301   IN  internal     analog-temp to hw1.isone.me.versant.keene.maple.scada.s2     <-  [analog-temp/to/hw1.isone.me.versant.keene.maple.scada.s2/synced.readings]        SyncedReadings           
2026-09-27 18:39:42.301 ++Parentless.process_internal_message analog-temp/synced.readings
2026-09-27 18:39:42.302   OUT mqtt         analog-temp to s                                       ->  [gw/hw1-isone-me-versant-keene-maple-scada-s2/to/s/synced-readings]               SyncedReadings           
2026-09-27 18:39:42.302 --Parentless.process_internal_message  path:0x00000004
2026-09-27 18:39:42.303 --Proactor<s2>.process_message  path:0x00000401
2026-09-27 18:39:42.303 ----------------------------------------------------------------------------------------
2026-09-27 18:39:49.121 
2026-09-27 18:39:49.122 ++++++++++++++++++++++++++++++++++++++++++++++++++++++++++++++++++++++++++++++++++++++++
2026-09-27 18:39:49.123 ++Proactor<s2>.process_message  [analog-temp/synced.readings]
2026-09-27 18:39:49.123   IN  internal     analog-temp to hw1.isone.me.versant.keene.maple.scada.s2     <-  [analog-temp/to/hw1.isone.me.versant.keene.maple.scada.s2/synced.readings]        SyncedReadings           
2026-09-27 18:39:49.124 ++Parentless.process_internal_message analog-temp/synced.readings
2026-09-27 18:39:49.125   OUT mqtt         analog-temp to s                                       ->  [gw/hw1-isone-me-versant-keene-maple-scada-s2/to/s/synced-readings]               SyncedReadings           
2026-09-27 18:39:49.126 --Parentless.process_internal_message  path:0x00000004
2026-09-27 18:39:49.127 --Proactor<s2>.process_message  path:0x00000401
2026-09-27 18:39:49.127 ----------------------------------------------------------------------------------------
2026-09-27 18:39:49.716 
2026-09-27 18:39:49.717 ++++++++++++++++++++++++++++++++++++++++++++++++++++++++++++++++++++++++++++++++++++++++
2026-09-27 18:39:49.717 ++Proactor<s2>.process_message  [analog-temp/synced.readings]
2026-09-27 18:39:49.718   IN  internal     analog-temp to hw1.isone.me.versant.keene.maple.scada.s2     <-  [analog-temp/to/hw1.isone.me.versant.keene.maple.scada.s2/synced.readings]        SyncedReadings           
2026-09-27 18:39:49.718 ++Parentless.process_internal_message analog-temp/synced.readings
2026-09-27 18:39:49.720   OUT mqtt         analog-temp to s                                       ->  [gw/hw1-isone-me-versant-keene-maple-scada-s2/to/s/synced-readings]               SyncedReadings           
2026-09-27 18:39:49.721 --Parentless.process_internal_message  path:0x00000004
2026-09-27 18:39:49.721 --Proactor<s2>.process_message  path:0x00000401
2026-09-27 18:39:49.722 ----------------------------------------------------------------------------------------
2026-09-27 18:39:52.106 
2026-09-27 18:39:52.107 ++++++++++++++++++++++++++++++++++++++++++++++++++++++++++++++++++++++++++++++++++++++++
2026-09-27 18:39:52.107 ++Proactor<s2>.process_message  [analog-temp/synced.readings]
2026-09-27 18:39:52.107   IN  internal     analog-temp to hw1.isone.me.versant.keene.maple.scada.s2     <-  [analog-temp/to/hw1.isone.me.versant.keene.maple.scada.s2/synced.readings]        SyncedReadings           
2026-09-27 18:39:52.107 ++Parentless.process_internal_message analog-temp/synced.readings
2026-09-27 18:39:52.108   OUT mqtt         analog-temp to s                                       ->  [gw/hw1-isone-me-versant-keene-maple-scada-s2/to/s/synced-readings]               SyncedReadings           
2026-09-27 18:39:52.108 --Parentless.process_internal_message  path:0x00000004
2026-09-27 18:39:52.109 --Proactor<s2>.process_message  path:0x00000401
2026-09-27 18:39:52.109 ----------------------------------------------------------------------------------------
2026-09-27 18:40:00.728 
2026-09-27 18:40:00.729 ++++++++++++++++++++++++++++++++++++++++++++++++++++++++++++++++++++++++++++++++++++++++
2026-09-27 18:40:00.729 ++Proactor<s2>.process_message  [analog-temp/synced.readings]
2026-09-27 18:40:00.730   IN  internal     analog-temp to hw1.isone.me.versant.keene.maple.scada.s2     <-  [analog-temp/to/hw1.isone.me.versant.keene.maple.scada.s2/synced.readings]        SyncedReadings           
2026-09-27 18:40:00.731 ++Parentless.process_internal_message analog-temp/synced.readings
2026-09-27 18:40:00.732   OUT mqtt         analog-temp to s                                       ->  [gw/hw1-isone-me-versant-keene-maple-scada-s2/to/s/synced-readings]               SyncedReadings           
2026-09-27 18:40:00.733 --Parentless.process_internal_message  path:0x00000004
2026-09-27 18:40:00.733 --Proactor<s2>.process_message  path:0x00000401
2026-09-27 18:40:00.734 ----------------------------------------------------------------------------------------
2026-09-27 18:40:02.092 
2026-09-27 18:40:02.092 ++++++++++++++++++++++++++++++++++++++++++++++++++++++++++++++++++++++++++++++++++++++++
2026-09-27 18:40:02.093 ++Proactor<s2>.process_message  [gridworks-ping]
2026-09-27 18:40:02.093 ++Proactor<s2>._process_mqtt_message mqtt_clients/mqtt_message
2026-09-27 18:40:02.094   IN  mqtt         hw1.isone.me.versant.keene.maple.scada to s2           <-  [gw/hw1-isone-me-versant-keene-maple-scada/to/s2/gridworks-ping]                  Ping                      3ebe2b6d...
2026-09-27 18:40:02.095   OUT mqtt         hw1.isone.me.versant.keene.maple.scada.s2 to s         ->  [gw/hw1-isone-me-versant-keene-maple-scada-s2/to/s/gridworks-ack]                 Ack                       3ebe2b6d...
2026-09-27 18:40:02.096 --Proactor<s2>._process_mqtt_message:1  path:0x00000223
2026-09-27 18:40:02.096 --Proactor<s2>.process_message  path:0x00000002
2026-09-27 18:40:02.097 ----------------------------------------------------------------------------------------
2026-09-27 18:40:02.121 
2026-09-27 18:40:02.121 ++++++++++++++++++++++++++++++++++++++++++++++++++++++++++++++++++++++++++++++++++++++++
2026-09-27 18:40:02.122 ++Proactor<s2>.process_message  [analog-temp/synced.readings]
2026-09-27 18:40:02.122   IN  internal     analog-temp to hw1.isone.me.versant.keene.maple.scada.s2     <-  [analog-temp/to/hw1.isone.me.versant.keene.maple.scada.s2/synced.readings]        SyncedReadings           
2026-09-27 18:40:02.123 ++Parentless.process_internal_message analog-temp/synced.readings
2026-09-27 18:40:02.124   OUT mqtt         analog-temp to s                                       ->  [gw/hw1-isone-me-versant-keene-maple-scada-s2/to/s/synced-readings]               SyncedReadings           
2026-09-27 18:40:02.124 --Parentless.process_internal_message  path:0x00000004
2026-09-27 18:40:02.125 --Proactor<s2>.process_message  path:0x00000401
2026-09-27 18:40:02.125 ----------------------------------------------------------------------------------------
2026-09-27 18:40:07.713 
2026-09-27 18:40:07.714 ++++++++++++++++++++++++++++++++++++++++++++++++++++++++++++++++++++++++++++++++++++++++
2026-09-27 18:40:07.714 ++Proactor<s2>.process_message  [analog-temp/synced.readings]
2026-09-27 18:40:07.714   IN  internal     analog-temp to hw1.isone.me.versant.keene.maple.scada.s2     <-  [analog-temp/to/hw1.isone.me.versant.keene.maple.scada.s2/synced.readings]        SyncedReadings           
2026-09-27 18:40:07.714 ++Parentless.process_internal_message analog-temp/synced.readings
2026-09-27 18:40:07.715   OUT mqtt         analog-temp to s                                       ->  [gw/hw1-isone-me-versant-keene-maple-scada-s2/to/s/synced-readings]               SyncedReadings           
2026-09-27 18:40:07.716 --Parentless.process_internal_message  path:0x00000004
2026-09-27 18:40:07.716 --Proactor<s2>.process_message  path:0x00000401
2026-09-27 18:40:07.716 ----------------------------------------------------------------------------------------
2026-09-27 18:40:10.733 
2026-09-27 18:40:10.733 ++++++++++++++++++++++++++++++++++++++++++++++++++++++++++++++++++++++++++++++++++++++++
2026-09-27 18:40:10.734 ++Proactor<s2>.process_message  [analog-temp/synced.readings]
2026-09-27 18:40:10.734   IN  internal     analog-temp to hw1.isone.me.versant.keene.maple.scada.s2     <-  [analog-temp/to/hw1.isone.me.versant.keene.maple.scada.s2/synced.readings]        SyncedReadings           
2026-09-27 18:40:10.735 ++Parentless.process_internal_message analog-temp/synced.readings
2026-09-27 18:40:10.736   OUT mqtt         analog-temp to s                                       ->  [gw/hw1-isone-me-versant-keene-maple-scada-s2/to/s/synced-readings]               SyncedReadings           
2026-09-27 18:40:10.737 --Parentless.process_internal_message  path:0x00000004
2026-09-27 18:40:10.738 --Proactor<s2>.process_message  path:0x00000401
2026-09-27 18:40:10.738 ----------------------------------------------------------------------------------------
2026-09-27 18:40:12.532 
2026-09-27 18:40:12.532 ++++++++++++++++++++++++++++++++++++++++++++++++++++++++++++++++++++++++++++++++++++++++
2026-09-27 18:40:12.533 ++Proactor<s2>.process_message  [analog-temp/synced.readings]
2026-09-27 18:40:12.533   IN  internal     analog-temp to hw1.isone.me.versant.keene.maple.scada.s2     <-  [analog-temp/to/hw1.isone.me.versant.keene.maple.scada.s2/synced.readings]        SyncedReadings           
2026-09-27 18:40:12.534 ++Parentless.process_internal_message analog-temp/synced.readings
2026-09-27 18:40:12.535   OUT mqtt         analog-temp to s                                       ->  [gw/hw1-isone-me-versant-keene-maple-scada-s2/to/s/synced-readings]               SyncedReadings           
2026-09-27 18:40:12.536 --Parentless.process_internal_message  path:0x00000004
2026-09-27 18:40:12.537 --Proactor<s2>.process_message  path:0x00000401
2026-09-27 18:40:12.537 ----------------------------------------------------------------------------------------
2026-09-27 18:40:13.532 
2026-09-27 18:40:13.533 ++++++++++++++++++++++++++++++++++++++++++++++++++++++++++++++++++++++++++++++++++++++++
2026-09-27 18:40:13.533 ++Proactor<s2>.process_message  [analog-temp/synced.readings]
2026-09-27 18:40:13.534   IN  internal     analog-temp to hw1.isone.me.versant.keene.maple.scada.s2     <-  [analog-temp/to/hw1.isone.me.versant.keene.maple.scada.s2/synced.readings]        SyncedReadings           
2026-09-27 18:40:13.535 ++Parentless.process_internal_message analog-temp/synced.readings
2026-09-27 18:40:13.536   OUT mqtt         analog-temp to s                                       ->  [gw/hw1-isone-me-versant-keene-maple-scada-s2/to/s/synced-readings]               SyncedReadings           
2026-09-27 18:40:13.537 --Parentless.process_internal_message  path:0x00000004
2026-09-27 18:40:13.537 --Proactor<s2>.process_message  path:0x00000401
2026-09-27 18:40:13.538 ----------------------------------------------------------------------------------------
2026-09-27 18:40:14.118 
2026-09-27 18:40:14.118 ++++++++++++++++++++++++++++++++++++++++++++++++++++++++++++++++++++++++++++++++++++++++
2026-09-27 18:40:14.118 ++Proactor<s2>.process_message  [analog-temp/synced.readings]
2026-09-27 18:40:14.119   IN  internal     analog-temp to hw1.isone.me.versant.keene.maple.scada.s2     <-  [analog-temp/to/hw1.isone.me.versant.keene.maple.scada.s2/synced.readings]        SyncedReadings           
2026-09-27 18:40:14.119 ++Parentless.process_internal_message analog-temp/synced.readings
2026-09-27 18:40:14.120   OUT mqtt         analog-temp to s                                       ->  [gw/hw1-isone-me-versant-keene-maple-scada-s2/to/s/synced-readings]               SyncedReadings           
2026-09-27 18:40:14.120 --Parentless.process_internal_message  path:0x00000004
2026-09-27 18:40:14.120 --Proactor<s2>.process_message  path:0x00000401
2026-09-27 18:40:14.120 ----------------------------------------------------------------------------------------
2026-09-27 18:40:15.118 
2026-09-27 18:40:15.118 ++++++++++++++++++++++++++++++++++++++++++++++++++++++++++++++++++++++++++++++++++++++++
2026-09-27 18:40:15.118 ++Proactor<s2>.process_message  [analog-temp/synced.readings]
2026-09-27 18:40:15.119   IN  internal     analog-temp to hw1.isone.me.versant.keene.maple.scada.s2     <-  [analog-temp/to/hw1.isone.me.versant.keene.maple.scada.s2/synced.readings]        SyncedReadings           
2026-09-27 18:40:15.119 ++Parentless.process_internal_message analog-temp/synced.readings
2026-09-27 18:40:15.119   OUT mqtt         analog-temp to s                                       ->  [gw/hw1-isone-me-versant-keene-maple-scada-s2/to/s/synced-readings]               SyncedReadings           
2026-09-27 18:40:15.120 --Parentless.process_internal_message  path:0x00000004
2026-09-27 18:40:15.120 --Proactor<s2>.process_message  path:0x00000401
2026-09-27 18:40:15.120 ----------------------------------------------------------------------------------------
2026-09-27 18:40:15.718 
2026-09-27 18:40:15.718 ++++++++++++++++++++++++++++++++++++++++++++++++++++++++++++++++++++++++++++++++++++++++
2026-09-27 18:40:15.719 ++Proactor<s2>.process_message  [analog-temp/synced.readings]
2026-09-27 18:40:15.719   IN  internal     analog-temp to hw1.isone.me.versant.keene.maple.scada.s2     <-  [analog-temp/to/hw1.isone.me.versant.keene.maple.scada.s2/synced.readings]        SyncedReadings           
2026-09-27 18:40:15.719 ++Parentless.process_internal_message analog-temp/synced.readings
2026-09-27 18:40:15.720   OUT mqtt         analog-temp to s                                       ->  [gw/hw1-isone-me-versant-keene-maple-scada-s2/to/s/synced-readings]               SyncedReadings           
2026-09-27 18:40:15.720 --Parentless.process_internal_message  path:0x00000004
2026-09-27 18:40:15.720 --Proactor<s2>.process_message  path:0x00000401
2026-09-27 18:40:15.721 ----------------------------------------------------------------------------------------
2026-09-27 18:40:18.120 
2026-09-27 18:40:18.120 ++++++++++++++++++++++++++++++++++++++++++++++++++++++++++++++++++++++++++++++++++++++++
2026-09-27 18:40:18.120 ++Proactor<s2>.process_message  [analog-temp/synced.readings]
2026-09-27 18:40:18.120   IN  internal     analog-temp to hw1.isone.me.versant.keene.maple.scada.s2     <-  [analog-temp/to/hw1.isone.me.versant.keene.maple.scada.s2/synced.readings]        SyncedReadings           
2026-09-27 18:40:18.121 ++Parentless.process_internal_message analog-temp/synced.readings
2026-09-27 18:40:18.121   OUT mqtt         analog-temp to s                                       ->  [gw/hw1-isone-me-versant-keene-maple-scada-s2/to/s/synced-readings]               SyncedReadings           
2026-09-27 18:40:18.122 --Parentless.process_internal_message  path:0x00000004
2026-09-27 18:40:18.122 --Proactor<s2>.process_message  path:0x00000401
2026-09-27 18:40:18.122 ----------------------------------------------------------------------------------------
2026-09-27 18:40:21.138 
2026-09-27 18:40:21.139 ++++++++++++++++++++++++++++++++++++++++++++++++++++++++++++++++++++++++++++++++++++++++
2026-09-27 18:40:21.139 ++Proactor<s2>.process_message  [analog-temp/synced.readings]
2026-09-27 18:40:21.140   IN  internal     analog-temp to hw1.isone.me.versant.keene.maple.scada.s2     <-  [analog-temp/to/hw1.isone.me.versant.keene.maple.scada.s2/synced.readings]        SyncedReadings           
2026-09-27 18:40:21.140 ++Parentless.process_internal_message analog-temp/synced.readings
2026-09-27 18:40:21.142   OUT mqtt         analog-temp to s                                       ->  [gw/hw1-isone-me-versant-keene-maple-scada-s2/to/s/synced-readings]               SyncedReadings           
2026-09-27 18:40:21.143 --Parentless.process_internal_message  path:0x00000004
2026-09-27 18:40:21.144 --Proactor<s2>.process_message  path:0x00000401
2026-09-27 18:40:21.144 ----------------------------------------------------------------------------------------
2026-09-27 18:40:23.722 
2026-09-27 18:40:23.723 ++++++++++++++++++++++++++++++++++++++++++++++++++++++++++++++++++++++++++++++++++++++++
2026-09-27 18:40:23.723 ++Proactor<s2>.process_message  [analog-temp/synced.readings]
2026-09-27 18:40:23.723   IN  internal     analog-temp to hw1.isone.me.versant.keene.maple.scada.s2     <-  [analog-temp/to/hw1.isone.me.versant.keene.maple.scada.s2/synced.readings]        SyncedReadings           
2026-09-27 18:40:23.723 ++Parentless.process_internal_message analog-temp/synced.readings
2026-09-27 18:40:23.724   OUT mqtt         analog-temp to s                                       ->  [gw/hw1-isone-me-versant-keene-maple-scada-s2/to/s/synced-readings]               SyncedReadings           
2026-09-27 18:40:23.724 --Parentless.process_internal_message  path:0x00000004
2026-09-27 18:40:23.725 --Proactor<s2>.process_message  path:0x00000401
2026-09-27 18:40:23.725 ----------------------------------------------------------------------------------------
2026-09-27 18:40:25.523 
2026-09-27 18:40:25.524 ++++++++++++++++++++++++++++++++++++++++++++++++++++++++++++++++++++++++++++++++++++++++
2026-09-27 18:40:25.524 ++Proactor<s2>.process_message  [analog-temp/synced.readings]
2026-09-27 18:40:25.524   IN  internal     analog-temp to hw1.isone.me.versant.keene.maple.scada.s2     <-  [analog-temp/to/hw1.isone.me.versant.keene.maple.scada.s2/synced.readings]        SyncedReadings           
2026-09-27 18:40:25.524 ++Parentless.process_internal_message analog-temp/synced.readings
2026-09-27 18:40:25.525   OUT mqtt         analog-temp to s                                       ->  [gw/hw1-isone-me-versant-keene-maple-scada-s2/to/s/synced-readings]               SyncedReadings           
2026-09-27 18:40:25.525 --Parentless.process_internal_message  path:0x00000004
2026-09-27 18:40:25.525 --Proactor<s2>.process_message  path:0x00000401
2026-09-27 18:40:25.526 ----------------------------------------------------------------------------------------
2026-09-27 18:40:28.941 
2026-09-27 18:40:28.942 ++++++++++++++++++++++++++++++++++++++++++++++++++++++++++++++++++++++++++++++++++++++++
2026-09-27 18:40:28.942 ++Proactor<s2>.process_message  [analog-temp/synced.readings]
2026-09-27 18:40:28.943   IN  internal     analog-temp to hw1.isone.me.versant.keene.maple.scada.s2     <-  [analog-temp/to/hw1.isone.me.versant.keene.maple.scada.s2/synced.readings]        SyncedReadings           
2026-09-27 18:40:28.947 ++Parentless.process_internal_message analog-temp/synced.readings
2026-09-27 18:40:28.948   OUT mqtt         analog-temp to s                                       ->  [gw/hw1-isone-me-versant-keene-maple-scada-s2/to/s/synced-readings]               SyncedReadings           
2026-09-27 18:40:28.949 --Parentless.process_internal_message  path:0x00000004
2026-09-27 18:40:28.950 --Proactor<s2>.process_message  path:0x00000401
2026-09-27 18:40:28.950 ----------------------------------------------------------------------------------------
2026-09-27 18:40:32.342 
2026-09-27 18:40:32.342 ++++++++++++++++++++++++++++++++++++++++++++++++++++++++++++++++++++++++++++++++++++++++
2026-09-27 18:40:32.343 ++Proactor<s2>.process_message  [analog-temp/synced.readings]
2026-09-27 18:40:32.344   IN  internal     analog-temp to hw1.isone.me.versant.keene.maple.scada.s2     <-  [analog-temp/to/hw1.isone.me.versant.keene.maple.scada.s2/synced.readings]        SyncedReadings           
2026-09-27 18:40:32.344 ++Parentless.process_internal_message analog-temp/synced.readings
2026-09-27 18:40:32.345   OUT mqtt         analog-temp to s                                       ->  [gw/hw1-isone-me-versant-keene-maple-scada-s2/to/s/synced-readings]               SyncedReadings           
2026-09-27 18:40:32.346 --Parentless.process_internal_message  path:0x00000004
2026-09-27 18:40:32.347 --Proactor<s2>.process_message  path:0x00000401
2026-09-27 18:40:32.347 ----------------------------------------------------------------------------------------
2026-09-27 18:40:33.943 
2026-09-27 18:40:33.946 ++++++++++++++++++++++++++++++++++++++++++++++++++++++++++++++++++++++++++++++++++++++++
2026-09-27 18:40:33.947 ++Proactor<s2>.process_message  [analog-temp/synced.readings]
2026-09-27 18:40:33.947   IN  internal     analog-temp to hw1.isone.me.versant.keene.maple.scada.s2     <-  [analog-temp/to/hw1.isone.me.versant.keene.maple.scada.s2/synced.readings]        SyncedReadings           
2026-09-27 18:40:33.948 ++Parentless.process_internal_message analog-temp/synced.readings
2026-09-27 18:40:33.949   OUT mqtt         analog-temp to s                                       ->  [gw/hw1-isone-me-versant-keene-maple-scada-s2/to/s/synced-readings]               SyncedReadings           
2026-09-27 18:40:33.950 --Parentless.process_internal_message  path:0x00000004
2026-09-27 18:40:33.951 --Proactor<s2>.process_message  path:0x00000401
2026-09-27 18:40:33.951 ----------------------------------------------------------------------------------------
2026-09-27 18:40:36.145 
2026-09-27 18:40:36.145 ++++++++++++++++++++++++++++++++++++++++++++++++++++++++++++++++++++++++++++++++++++++++
2026-09-27 18:40:36.146 ++Proactor<s2>.process_message  [analog-temp/synced.readings]
2026-09-27 18:40:36.146   IN  internal     analog-temp to hw1.isone.me.versant.keene.maple.scada.s2     <-  [analog-temp/to/hw1.isone.me.versant.keene.maple.scada.s2/synced.readings]        SyncedReadings           
2026-09-27 18:40:36.147 ++Parentless.process_internal_message analog-temp/synced.readings
2026-09-27 18:40:36.148   OUT mqtt         analog-temp to s                                       ->  [gw/hw1-isone-me-versant-keene-maple-scada-s2/to/s/synced-readings]               SyncedReadings           
2026-09-27 18:40:36.149 --Parentless.process_internal_message  path:0x00000004
2026-09-27 18:40:36.150 --Proactor<s2>.process_message  path:0x00000401
2026-09-27 18:40:36.150 ----------------------------------------------------------------------------------------
2026-09-27 18:40:36.544 
2026-09-27 18:40:36.545 ++++++++++++++++++++++++++++++++++++++++++++++++++++++++++++++++++++++++++++++++++++++++
2026-09-27 18:40:36.546 ++Proactor<s2>.process_message  [analog-temp/synced.readings]
2026-09-27 18:40:36.546   IN  internal     analog-temp to hw1.isone.me.versant.keene.maple.scada.s2     <-  [analog-temp/to/hw1.isone.me.versant.keene.maple.scada.s2/synced.readings]        SyncedReadings           
2026-09-27 18:40:36.547 ++Parentless.process_internal_message analog-temp/synced.readings
2026-09-27 18:40:36.548   OUT mqtt         analog-temp to s                                       ->  [gw/hw1-isone-me-versant-keene-maple-scada-s2/to/s/synced-readings]               SyncedReadings           
2026-09-27 18:40:36.549 --Parentless.process_internal_message  path:0x00000004
2026-09-27 18:40:36.549 --Proactor<s2>.process_message  path:0x00000401
2026-09-27 18:40:36.550 ----------------------------------------------------------------------------------------
2026-09-27 18:40:37.540 
2026-09-27 18:40:37.541 ++++++++++++++++++++++++++++++++++++++++++++++++++++++++++++++++++++++++++++++++++++++++
2026-09-27 18:40:37.541 ++Proactor<s2>.process_message  [analog-temp/synced.readings]
2026-09-27 18:40:37.542   IN  internal     analog-temp to hw1.isone.me.versant.keene.maple.scada.s2     <-  [analog-temp/to/hw1.isone.me.versant.keene.maple.scada.s2/synced.readings]        SyncedReadings           
2026-09-27 18:40:37.542 ++Parentless.process_internal_message analog-temp/synced.readings
2026-09-27 18:40:37.544   OUT mqtt         analog-temp to s                                       ->  [gw/hw1-isone-me-versant-keene-maple-scada-s2/to/s/synced-readings]               SyncedReadings           
2026-09-27 18:40:37.545 --Parentless.process_internal_message  path:0x00000004
2026-09-27 18:40:37.545 --Proactor<s2>.process_message  path:0x00000401
2026-09-27 18:40:37.546 ----------------------------------------------------------------------------------------
2026-09-27 18:40:38.330 
2026-09-27 18:40:38.330 ++++++++++++++++++++++++++++++++++++++++++++++++++++++++++++++++++++++++++++++++++++++++
2026-09-27 18:40:38.331 ++Proactor<s2>.process_message  [analog-temp/synced.readings]
2026-09-27 18:40:38.331   IN  internal     analog-temp to hw1.isone.me.versant.keene.maple.scada.s2     <-  [analog-temp/to/hw1.isone.me.versant.keene.maple.scada.s2/synced.readings]        SyncedReadings           
2026-09-27 18:40:38.331 ++Parentless.process_internal_message analog-temp/synced.readings
2026-09-27 18:40:38.332   OUT mqtt         analog-temp to s                                       ->  [gw/hw1-isone-me-versant-keene-maple-scada-s2/to/s/synced-readings]               SyncedReadings           
2026-09-27 18:40:38.332 --Parentless.process_internal_message  path:0x00000004
2026-09-27 18:40:38.332 --Proactor<s2>.process_message  path:0x00000401
2026-09-27 18:40:38.333 ----------------------------------------------------------------------------------------
2026-09-27 18:40:39.931 
2026-09-27 18:40:39.931 ++++++++++++++++++++++++++++++++++++++++++++++++++++++++++++++++++++++++++++++++++++++++
2026-09-27 18:40:39.932 ++Proactor<s2>.process_message  [analog-temp/synced.readings]
2026-09-27 18:40:39.932   IN  internal     analog-temp to hw1.isone.me.versant.keene.maple.scada.s2     <-  [analog-temp/to/hw1.isone.me.versant.keene.maple.scada.s2/synced.readings]        SyncedReadings           
2026-09-27 18:40:39.932 ++Parentless.process_internal_message analog-temp/synced.readings
2026-09-27 18:40:39.933   OUT mqtt         analog-temp to s                                       ->  [gw/hw1-isone-me-versant-keene-maple-scada-s2/to/s/synced-readings]               SyncedReadings           
2026-09-27 18:40:39.933 --Parentless.process_internal_message  path:0x00000004
2026-09-27 18:40:39.933 --Proactor<s2>.process_message  path:0x00000401
2026-09-27 18:40:39.933 ----------------------------------------------------------------------------------------
2026-09-27 18:40:41.931 
2026-09-27 18:40:41.932 ++++++++++++++++++++++++++++++++++++++++++++++++++++++++++++++++++++++++++++++++++++++++
2026-09-27 18:40:41.932 ++Proactor<s2>.process_message  [analog-temp/synced.readings]
2026-09-27 18:40:41.932   IN  internal     analog-temp to hw1.isone.me.versant.keene.maple.scada.s2     <-  [analog-temp/to/hw1.isone.me.versant.keene.maple.scada.s2/synced.readings]        SyncedReadings           
2026-09-27 18:40:41.932 ++Parentless.process_internal_message analog-temp/synced.readings
2026-09-27 18:40:41.933   OUT mqtt         analog-temp to s                                       ->  [gw/hw1-isone-me-versant-keene-maple-scada-s2/to/s/synced-readings]               SyncedReadings           
2026-09-27 18:40:41.933 --Parentless.process_internal_message  path:0x00000004
2026-09-27 18:40:41.934 --Proactor<s2>.process_message  path:0x00000401
2026-09-27 18:40:41.934 ----------------------------------------------------------------------------------------
2026-09-27 18:40:45.750 
2026-09-27 18:40:45.750 ++++++++++++++++++++++++++++++++++++++++++++++++++++++++++++++++++++++++++++++++++++++++
2026-09-27 18:40:45.751 ++Proactor<s2>.process_message  [analog-temp/synced.readings]
2026-09-27 18:40:45.752   IN  internal     analog-temp to hw1.isone.me.versant.keene.maple.scada.s2     <-  [analog-temp/to/hw1.isone.me.versant.keene.maple.scada.s2/synced.readings]        SyncedReadings           
2026-09-27 18:40:45.752 ++Parentless.process_internal_message analog-temp/synced.readings
2026-09-27 18:40:45.753   OUT mqtt         analog-temp to s                                       ->  [gw/hw1-isone-me-versant-keene-maple-scada-s2/to/s/synced-readings]               SyncedReadings           
2026-09-27 18:40:45.754 --Parentless.process_internal_message  path:0x00000004
2026-09-27 18:40:45.755 --Proactor<s2>.process_message  path:0x00000401
2026-09-27 18:40:45.755 ----------------------------------------------------------------------------------------
2026-09-27 18:40:49.737 
2026-09-27 18:40:49.737 ++++++++++++++++++++++++++++++++++++++++++++++++++++++++++++++++++++++++++++++++++++++++
2026-09-27 18:40:49.737 ++Proactor<s2>.process_message  [analog-temp/synced.readings]
2026-09-27 18:40:49.738   IN  internal     analog-temp to hw1.isone.me.versant.keene.maple.scada.s2     <-  [analog-temp/to/hw1.isone.me.versant.keene.maple.scada.s2/synced.readings]        SyncedReadings           
2026-09-27 18:40:49.738 ++Parentless.process_internal_message analog-temp/synced.readings
2026-09-27 18:40:49.739   OUT mqtt         analog-temp to s                                       ->  [gw/hw1-isone-me-versant-keene-maple-scada-s2/to/s/synced-readings]               SyncedReadings           
2026-09-27 18:40:49.739 --Parentless.process_internal_message  path:0x00000004
2026-09-27 18:40:49.739 --Proactor<s2>.process_message  path:0x00000401
2026-09-27 18:40:49.739 ----------------------------------------------------------------------------------------
2026-09-27 18:40:49.936 
2026-09-27 18:40:49.937 ++++++++++++++++++++++++++++++++++++++++++++++++++++++++++++++++++++++++++++++++++++++++
2026-09-27 18:40:49.937 ++Proactor<s2>.process_message  [analog-temp/synced.readings]
2026-09-27 18:40:49.937   IN  internal     analog-temp to hw1.isone.me.versant.keene.maple.scada.s2     <-  [analog-temp/to/hw1.isone.me.versant.keene.maple.scada.s2/synced.readings]        SyncedReadings           
2026-09-27 18:40:49.937 ++Parentless.process_internal_message analog-temp/synced.readings
2026-09-27 18:40:49.938   OUT mqtt         analog-temp to s                                       ->  [gw/hw1-isone-me-versant-keene-maple-scada-s2/to/s/synced-readings]               SyncedReadings           
2026-09-27 18:40:49.938 --Parentless.process_internal_message  path:0x00000004
2026-09-27 18:40:49.939 --Proactor<s2>.process_message  path:0x00000401
2026-09-27 18:40:49.939 ----------------------------------------------------------------------------------------
2026-09-27 18:40:50.137 
2026-09-27 18:40:50.137 ++++++++++++++++++++++++++++++++++++++++++++++++++++++++++++++++++++++++++++++++++++++++
2026-09-27 18:40:50.138 ++Proactor<s2>.process_message  [analog-temp/synced.readings]
2026-09-27 18:40:50.138   IN  internal     analog-temp to hw1.isone.me.versant.keene.maple.scada.s2     <-  [analog-temp/to/hw1.isone.me.versant.keene.maple.scada.s2/synced.readings]        SyncedReadings           
2026-09-27 18:40:50.138 ++Parentless.process_internal_message analog-temp/synced.readings
2026-09-27 18:40:50.139   OUT mqtt         analog-temp to s                                       ->  [gw/hw1-isone-me-versant-keene-maple-scada-s2/to/s/synced-readings]               SyncedReadings           
2026-09-27 18:40:50.139 --Parentless.process_internal_message  path:0x00000004
2026-09-27 18:40:50.139 --Proactor<s2>.process_message  path:0x00000401
2026-09-27 18:40:50.140 ----------------------------------------------------------------------------------------
2026-09-27 18:40:54.354 
2026-09-27 18:40:54.354 ++++++++++++++++++++++++++++++++++++++++++++++++++++++++++++++++++++++++++++++++++++++++
2026-09-27 18:40:54.355 ++Proactor<s2>.process_message  [analog-temp/synced.readings]
2026-09-27 18:40:54.356   IN  internal     analog-temp to hw1.isone.me.versant.keene.maple.scada.s2     <-  [analog-temp/to/hw1.isone.me.versant.keene.maple.scada.s2/synced.readings]        SyncedReadings           
2026-09-27 18:40:54.356 ++Parentless.process_internal_message analog-temp/synced.readings
2026-09-27 18:40:54.357   OUT mqtt         analog-temp to s                                       ->  [gw/hw1-isone-me-versant-keene-maple-scada-s2/to/s/synced-readings]               SyncedReadings           
2026-09-27 18:40:54.358 --Parentless.process_internal_message  path:0x00000004
2026-09-27 18:40:54.359 --Proactor<s2>.process_message  path:0x00000401
2026-09-27 18:40:54.359 ----------------------------------------------------------------------------------------
2026-09-27 18:40:54.939 
2026-09-27 18:40:54.939 ++++++++++++++++++++++++++++++++++++++++++++++++++++++++++++++++++++++++++++++++++++++++
2026-09-27 18:40:54.939 ++Proactor<s2>.process_message  [analog-temp/synced.readings]
2026-09-27 18:40:54.940   IN  internal     analog-temp to hw1.isone.me.versant.keene.maple.scada.s2     <-  [analog-temp/to/hw1.isone.me.versant.keene.maple.scada.s2/synced.readings]        SyncedReadings           
2026-09-27 18:40:54.940 ++Parentless.process_internal_message analog-temp/synced.readings
2026-09-27 18:40:54.941   OUT mqtt         analog-temp to s                                       ->  [gw/hw1-isone-me-versant-keene-maple-scada-s2/to/s/synced-readings]               SyncedReadings           
2026-09-27 18:40:54.941 --Parentless.process_internal_message  path:0x00000004
2026-09-27 18:40:54.941 --Proactor<s2>.process_message  path:0x00000401
2026-09-27 18:40:54.941 ----------------------------------------------------------------------------------------
2026-09-27 18:40:55.339 
2026-09-27 18:40:55.339 ++++++++++++++++++++++++++++++++++++++++++++++++++++++++++++++++++++++++++++++++++++++++
2026-09-27 18:40:55.339 ++Proactor<s2>.process_message  [analog-temp/synced.readings]
2026-09-27 18:40:55.340   IN  internal     analog-temp to hw1.isone.me.versant.keene.maple.scada.s2     <-  [analog-temp/to/hw1.isone.me.versant.keene.maple.scada.s2/synced.readings]        SyncedReadings           
2026-09-27 18:40:55.340 ++Parentless.process_internal_message analog-temp/synced.readings
2026-09-27 18:40:55.340   OUT mqtt         analog-temp to s                                       ->  [gw/hw1-isone-me-versant-keene-maple-scada-s2/to/s/synced-readings]               SyncedReadings           
2026-09-27 18:40:55.341 --Parentless.process_internal_message  path:0x00000004
2026-09-27 18:40:55.341 --Proactor<s2>.process_message  path:0x00000401
2026-09-27 18:40:55.341 ----------------------------------------------------------------------------------------
2026-09-27 18:40:55.740 
2026-09-27 18:40:55.741 ++++++++++++++++++++++++++++++++++++++++++++++++++++++++++++++++++++++++++++++++++++++++
2026-09-27 18:40:55.741 ++Proactor<s2>.process_message  [analog-temp/synced.readings]
2026-09-27 18:40:55.741   IN  internal     analog-temp to hw1.isone.me.versant.keene.maple.scada.s2     <-  [analog-temp/to/hw1.isone.me.versant.keene.maple.scada.s2/synced.readings]        SyncedReadings           
2026-09-27 18:40:55.741 ++Parentless.process_internal_message analog-temp/synced.readings
2026-09-27 18:40:55.742   OUT mqtt         analog-temp to s                                       ->  [gw/hw1-isone-me-versant-keene-maple-scada-s2/to/s/synced-readings]               SyncedReadings           
2026-09-27 18:40:55.742 --Parentless.process_internal_message  path:0x00000004
2026-09-27 18:40:55.743 --Proactor<s2>.process_message  path:0x00000401
2026-09-27 18:40:55.743 ----------------------------------------------------------------------------------------
2026-09-27 18:40:56.939 
2026-09-27 18:40:56.940 ++++++++++++++++++++++++++++++++++++++++++++++++++++++++++++++++++++++++++++++++++++++++
2026-09-27 18:40:56.940 ++Proactor<s2>.process_message  [analog-temp/synced.readings]
2026-09-27 18:40:56.940   IN  internal     analog-temp to hw1.isone.me.versant.keene.maple.scada.s2     <-  [analog-temp/to/hw1.isone.me.versant.keene.maple.scada.s2/synced.readings]        SyncedReadings           
2026-09-27 18:40:56.940 ++Parentless.process_internal_message analog-temp/synced.readings
2026-09-27 18:40:56.941   OUT mqtt         analog-temp to s                                       ->  [gw/hw1-isone-me-versant-keene-maple-scada-s2/to/s/synced-readings]               SyncedReadings           
2026-09-27 18:40:56.941 --Parentless.process_internal_message  path:0x00000004
2026-09-27 18:40:56.942 --Proactor<s2>.process_message  path:0x00000401
2026-09-27 18:40:56.942 ----------------------------------------------------------------------------------------
2026-09-27 18:41:00.958 
2026-09-27 18:41:00.959 ++++++++++++++++++++++++++++++++++++++++++++++++++++++++++++++++++++++++++++++++++++++++
2026-09-27 18:41:00.960 ++Proactor<s2>.process_message  [analog-temp/synced.readings]
2026-09-27 18:41:00.960   IN  internal     analog-temp to hw1.isone.me.versant.keene.maple.scada.s2     <-  [analog-temp/to/hw1.isone.me.versant.keene.maple.scada.s2/synced.readings]        SyncedReadings           
2026-09-27 18:41:00.961 ++Parentless.process_internal_message analog-temp/synced.readings
2026-09-27 18:41:00.962   OUT mqtt         analog-temp to s                                       ->  [gw/hw1-isone-me-versant-keene-maple-scada-s2/to/s/synced-readings]               SyncedReadings           
2026-09-27 18:41:00.963 --Parentless.process_internal_message  path:0x00000004
2026-09-27 18:41:00.964 --Proactor<s2>.process_message  path:0x00000401
2026-09-27 18:41:00.964 ----------------------------------------------------------------------------------------
2026-09-27 18:41:01.742 
2026-09-27 18:41:01.743 ++++++++++++++++++++++++++++++++++++++++++++++++++++++++++++++++++++++++++++++++++++++++
2026-09-27 18:41:01.743 ++Proactor<s2>.process_message  [analog-temp/synced.readings]
2026-09-27 18:41:01.743   IN  internal     analog-temp to hw1.isone.me.versant.keene.maple.scada.s2     <-  [analog-temp/to/hw1.isone.me.versant.keene.maple.scada.s2/synced.readings]        SyncedReadings           
2026-09-27 18:41:01.743 ++Parentless.process_internal_message analog-temp/synced.readings
2026-09-27 18:41:01.744   OUT mqtt         analog-temp to s                                       ->  [gw/hw1-isone-me-versant-keene-maple-scada-s2/to/s/synced-readings]               SyncedReadings           
2026-09-27 18:41:01.744 --Parentless.process_internal_message  path:0x00000004
2026-09-27 18:41:01.744 --Proactor<s2>.process_message  path:0x00000401
2026-09-27 18:41:01.745 ----------------------------------------------------------------------------------------
2026-09-27 18:41:02.693 
2026-09-27 18:41:02.693 ++++++++++++++++++++++++++++++++++++++++++++++++++++++++++++++++++++++++++++++++++++++++
2026-09-27 18:41:02.693 ++Proactor<s2>.process_message  [gridworks-ping]
2026-09-27 18:41:02.694 ++Proactor<s2>._process_mqtt_message mqtt_clients/mqtt_message
2026-09-27 18:41:02.694   IN  mqtt         hw1.isone.me.versant.keene.maple.scada to s2           <-  [gw/hw1-isone-me-versant-keene-maple-scada/to/s2/gridworks-ping]                  Ping                      d5cb38f8...
2026-09-27 18:41:02.695   OUT mqtt         hw1.isone.me.versant.keene.maple.scada.s2 to s         ->  [gw/hw1-isone-me-versant-keene-maple-scada-s2/to/s/gridworks-ack]                 Ack                       d5cb38f8...
2026-09-27 18:41:02.696 --Proactor<s2>._process_mqtt_message:1  path:0x00000223
2026-09-27 18:41:02.696 --Proactor<s2>.process_message  path:0x00000002
2026-09-27 18:41:02.696 ----------------------------------------------------------------------------------------
2026-09-27 18:41:02.943 
2026-09-27 18:41:02.943 ++++++++++++++++++++++++++++++++++++++++++++++++++++++++++++++++++++++++++++++++++++++++
2026-09-27 18:41:02.943 ++Proactor<s2>.process_message  [analog-temp/synced.readings]
2026-09-27 18:41:02.944   IN  internal     analog-temp to hw1.isone.me.versant.keene.maple.scada.s2     <-  [analog-temp/to/hw1.isone.me.versant.keene.maple.scada.s2/synced.readings]        SyncedReadings           
2026-09-27 18:41:02.944 ++Parentless.process_internal_message analog-temp/synced.readings
2026-09-27 18:41:02.944   OUT mqtt         analog-temp to s                                       ->  [gw/hw1-isone-me-versant-keene-maple-scada-s2/to/s/synced-readings]               SyncedReadings           
2026-09-27 18:41:02.945 --Parentless.process_internal_message  path:0x00000004
2026-09-27 18:41:02.945 --Proactor<s2>.process_message  path:0x00000401
2026-09-27 18:41:02.945 ----------------------------------------------------------------------------------------
2026-09-27 18:41:05.743 
2026-09-27 18:41:05.744 ++++++++++++++++++++++++++++++++++++++++++++++++++++++++++++++++++++++++++++++++++++++++
2026-09-27 18:41:05.744 ++Proactor<s2>.process_message  [analog-temp/synced.readings]
2026-09-27 18:41:05.744   IN  internal     analog-temp to hw1.isone.me.versant.keene.maple.scada.s2     <-  [analog-temp/to/hw1.isone.me.versant.keene.maple.scada.s2/synced.readings]        SyncedReadings           
2026-09-27 18:41:05.744 ++Parentless.process_internal_message analog-temp/synced.readings
2026-09-27 18:41:05.745   OUT mqtt         analog-temp to s                                       ->  [gw/hw1-isone-me-versant-keene-maple-scada-s2/to/s/synced-readings]               SyncedReadings           
2026-09-27 18:41:05.745 --Parentless.process_internal_message  path:0x00000004
2026-09-27 18:41:05.746 --Proactor<s2>.process_message  path:0x00000401
2026-09-27 18:41:05.746 ----------------------------------------------------------------------------------------
2026-09-27 18:41:08.161 
2026-09-27 18:41:08.161 ++++++++++++++++++++++++++++++++++++++++++++++++++++++++++++++++++++++++++++++++++++++++
2026-09-27 18:41:08.162 ++Proactor<s2>.process_message  [analog-temp/synced.readings]
2026-09-27 18:41:08.163   IN  internal     analog-temp to hw1.isone.me.versant.keene.maple.scada.s2     <-  [analog-temp/to/hw1.isone.me.versant.keene.maple.scada.s2/synced.readings]        SyncedReadings           
2026-09-27 18:41:08.163 ++Parentless.process_internal_message analog-temp/synced.readings
2026-09-27 18:41:08.165   OUT mqtt         analog-temp to s                                       ->  [gw/hw1-isone-me-versant-keene-maple-scada-s2/to/s/synced-readings]               SyncedReadings           
2026-09-27 18:41:08.166 --Parentless.process_internal_message  path:0x00000004
2026-09-27 18:41:08.166 --Proactor<s2>.process_message  path:0x00000401
2026-09-27 18:41:08.167 ----------------------------------------------------------------------------------------
2026-09-27 18:41:08.961 
2026-09-27 18:41:08.962 ++++++++++++++++++++++++++++++++++++++++++++++++++++++++++++++++++++++++++++++++++++++++
2026-09-27 18:41:08.963 ++Proactor<s2>.process_message  [analog-temp/synced.readings]
2026-09-27 18:41:08.963   IN  internal     analog-temp to hw1.isone.me.versant.keene.maple.scada.s2     <-  [analog-temp/to/hw1.isone.me.versant.keene.maple.scada.s2/synced.readings]        SyncedReadings           
2026-09-27 18:41:08.964 ++Parentless.process_internal_message analog-temp/synced.readings
2026-09-27 18:41:08.966   OUT mqtt         analog-temp to s                                       ->  [gw/hw1-isone-me-versant-keene-maple-scada-s2/to/s/synced-readings]               SyncedReadings           
2026-09-27 18:41:08.967 --Parentless.process_internal_message  path:0x00000004
2026-09-27 18:41:08.967 --Proactor<s2>.process_message  path:0x00000401
2026-09-27 18:41:08.968 ----------------------------------------------------------------------------------------
2026-09-27 18:41:10.162 
2026-09-27 18:41:10.163 ++++++++++++++++++++++++++++++++++++++++++++++++++++++++++++++++++++++++++++++++++++++++
2026-09-27 18:41:10.163 ++Proactor<s2>.process_message  [analog-temp/synced.readings]
2026-09-27 18:41:10.164   IN  internal     analog-temp to hw1.isone.me.versant.keene.maple.scada.s2     <-  [analog-temp/to/hw1.isone.me.versant.keene.maple.scada.s2/synced.readings]        SyncedReadings           
2026-09-27 18:41:10.165 ++Parentless.process_internal_message analog-temp/synced.readings
2026-09-27 18:41:10.166   OUT mqtt         analog-temp to s                                       ->  [gw/hw1-isone-me-versant-keene-maple-scada-s2/to/s/synced-readings]               SyncedReadings           
2026-09-27 18:41:10.167 --Parentless.process_internal_message  path:0x00000004
2026-09-27 18:41:10.168 --Proactor<s2>.process_message  path:0x00000401
2026-09-27 18:41:10.168 ----------------------------------------------------------------------------------------
2026-09-27 18:41:13.964 
2026-09-27 18:41:13.965 ++++++++++++++++++++++++++++++++++++++++++++++++++++++++++++++++++++++++++++++++++++++++
2026-09-27 18:41:13.965 ++Proactor<s2>.process_message  [analog-temp/synced.readings]
2026-09-27 18:41:13.966   IN  internal     analog-temp to hw1.isone.me.versant.keene.maple.scada.s2     <-  [analog-temp/to/hw1.isone.me.versant.keene.maple.scada.s2/synced.readings]        SyncedReadings           
2026-09-27 18:41:13.966 ++Parentless.process_internal_message analog-temp/synced.readings
2026-09-27 18:41:13.967   OUT mqtt         analog-temp to s                                       ->  [gw/hw1-isone-me-versant-keene-maple-scada-s2/to/s/synced-readings]               SyncedReadings           
2026-09-27 18:41:13.968 --Parentless.process_internal_message  path:0x00000004
2026-09-27 18:41:13.968 --Proactor<s2>.process_message  path:0x00000401
2026-09-27 18:41:13.969 ----------------------------------------------------------------------------------------
2026-09-27 18:41:14.153 
2026-09-27 18:41:14.154 ++++++++++++++++++++++++++++++++++++++++++++++++++++++++++++++++++++++++++++++++++++++++
2026-09-27 18:41:14.154 ++Proactor<s2>.process_message  [analog-temp/synced.readings]
2026-09-27 18:41:14.154   IN  internal     analog-temp to hw1.isone.me.versant.keene.maple.scada.s2     <-  [analog-temp/to/hw1.isone.me.versant.keene.maple.scada.s2/synced.readings]        SyncedReadings           
2026-09-27 18:41:14.154 ++Parentless.process_internal_message analog-temp/synced.readings
2026-09-27 18:41:14.155   OUT mqtt         analog-temp to s                                       ->  [gw/hw1-isone-me-versant-keene-maple-scada-s2/to/s/synced-readings]               SyncedReadings           
2026-09-27 18:41:14.156 --Parentless.process_internal_message  path:0x00000004
2026-09-27 18:41:14.156 --Proactor<s2>.process_message  path:0x00000401
2026-09-27 18:41:14.156 ----------------------------------------------------------------------------------------
2026-09-27 18:41:14.549 
2026-09-27 18:41:14.549 ++++++++++++++++++++++++++++++++++++++++++++++++++++++++++++++++++++++++++++++++++++++++
2026-09-27 18:41:14.549 ++Proactor<s2>.process_message  [analog-temp/synced.readings]
2026-09-27 18:41:14.550   IN  internal     analog-temp to hw1.isone.me.versant.keene.maple.scada.s2     <-  [analog-temp/to/hw1.isone.me.versant.keene.maple.scada.s2/synced.readings]        SyncedReadings           
2026-09-27 18:41:14.550 ++Parentless.process_internal_message analog-temp/synced.readings
2026-09-27 18:41:14.551   OUT mqtt         analog-temp to s                                       ->  [gw/hw1-isone-me-versant-keene-maple-scada-s2/to/s/synced-readings]               SyncedReadings           
2026-09-27 18:41:14.551 --Parentless.process_internal_message  path:0x00000004
2026-09-27 18:41:14.551 --Proactor<s2>.process_message  path:0x00000401
2026-09-27 18:41:14.551 ----------------------------------------------------------------------------------------
2026-09-27 18:41:14.749 
2026-09-27 18:41:14.749 ++++++++++++++++++++++++++++++++++++++++++++++++++++++++++++++++++++++++++++++++++++++++
2026-09-27 18:41:14.750 ++Proactor<s2>.process_message  [analog-temp/synced.readings]
2026-09-27 18:41:14.750   IN  internal     analog-temp to hw1.isone.me.versant.keene.maple.scada.s2     <-  [analog-temp/to/hw1.isone.me.versant.keene.maple.scada.s2/synced.readings]        SyncedReadings           
2026-09-27 18:41:14.750 ++Parentless.process_internal_message analog-temp/synced.readings
2026-09-27 18:41:14.751   OUT mqtt         analog-temp to s                                       ->  [gw/hw1-isone-me-versant-keene-maple-scada-s2/to/s/synced-readings]               SyncedReadings           
2026-09-27 18:41:14.751 --Parentless.process_internal_message  path:0x00000004
2026-09-27 18:41:14.751 --Proactor<s2>.process_message  path:0x00000401
2026-09-27 18:41:14.752 ----------------------------------------------------------------------------------------
2026-09-27 18:41:15.749 
2026-09-27 18:41:15.750 ++++++++++++++++++++++++++++++++++++++++++++++++++++++++++++++++++++++++++++++++++++++++
2026-09-27 18:41:15.750 ++Proactor<s2>.process_message  [analog-temp/synced.readings]
2026-09-27 18:41:15.750   IN  internal     analog-temp to hw1.isone.me.versant.keene.maple.scada.s2     <-  [analog-temp/to/hw1.isone.me.versant.keene.maple.scada.s2/synced.readings]        SyncedReadings           
2026-09-27 18:41:15.750 ++Parentless.process_internal_message analog-temp/synced.readings
2026-09-27 18:41:15.751   OUT mqtt         analog-temp to s                                       ->  [gw/hw1-isone-me-versant-keene-maple-scada-s2/to/s/synced-readings]               SyncedReadings           
2026-09-27 18:41:15.751 --Parentless.process_internal_message  path:0x00000004
2026-09-27 18:41:15.752 --Proactor<s2>.process_message  path:0x00000401
2026-09-27 18:41:15.752 ----------------------------------------------------------------------------------------
2026-09-27 18:41:17.350 
2026-09-27 18:41:17.350 ++++++++++++++++++++++++++++++++++++++++++++++++++++++++++++++++++++++++++++++++++++++++
2026-09-27 18:41:17.350 ++Proactor<s2>.process_message  [analog-temp/synced.readings]
2026-09-27 18:41:17.350   IN  internal     analog-temp to hw1.isone.me.versant.keene.maple.scada.s2     <-  [analog-temp/to/hw1.isone.me.versant.keene.maple.scada.s2/synced.readings]        SyncedReadings           
2026-09-27 18:41:17.351 ++Parentless.process_internal_message analog-temp/synced.readings
2026-09-27 18:41:17.351   OUT mqtt         analog-temp to s                                       ->  [gw/hw1-isone-me-versant-keene-maple-scada-s2/to/s/synced-readings]               SyncedReadings           
2026-09-27 18:41:17.352 --Parentless.process_internal_message  path:0x00000004
2026-09-27 18:41:17.352 --Proactor<s2>.process_message  path:0x00000401
2026-09-27 18:41:17.352 ----------------------------------------------------------------------------------------
2026-09-27 18:41:19.567 
2026-09-27 18:41:19.568 ++++++++++++++++++++++++++++++++++++++++++++++++++++++++++++++++++++++++++++++++++++++++
2026-09-27 18:41:19.568 ++Proactor<s2>.process_message  [analog-temp/synced.readings]
2026-09-27 18:41:19.569   IN  internal     analog-temp to hw1.isone.me.versant.keene.maple.scada.s2     <-  [analog-temp/to/hw1.isone.me.versant.keene.maple.scada.s2/synced.readings]        SyncedReadings           
2026-09-27 18:41:19.569 ++Parentless.process_internal_message analog-temp/synced.readings
2026-09-27 18:41:19.571   OUT mqtt         analog-temp to s                                       ->  [gw/hw1-isone-me-versant-keene-maple-scada-s2/to/s/synced-readings]               SyncedReadings           
2026-09-27 18:41:19.572 --Parentless.process_internal_message  path:0x00000004
2026-09-27 18:41:19.573 --Proactor<s2>.process_message  path:0x00000401
2026-09-27 18:41:19.573 ----------------------------------------------------------------------------------------
2026-09-27 18:41:20.168 
2026-09-27 18:41:20.169 ++++++++++++++++++++++++++++++++++++++++++++++++++++++++++++++++++++++++++++++++++++++++
2026-09-27 18:41:20.169 ++Proactor<s2>.process_message  [analog-temp/synced.readings]
2026-09-27 18:41:20.170   IN  internal     analog-temp to hw1.isone.me.versant.keene.maple.scada.s2     <-  [analog-temp/to/hw1.isone.me.versant.keene.maple.scada.s2/synced.readings]        SyncedReadings           
2026-09-27 18:41:20.170 ++Parentless.process_internal_message analog-temp/synced.readings
2026-09-27 18:41:20.172   OUT mqtt         analog-temp to s                                       ->  [gw/hw1-isone-me-versant-keene-maple-scada-s2/to/s/synced-readings]               SyncedReadings           
2026-09-27 18:41:20.173 --Parentless.process_internal_message  path:0x00000004
2026-09-27 18:41:20.174 --Proactor<s2>.process_message  path:0x00000401
2026-09-27 18:41:20.174 ----------------------------------------------------------------------------------------
2026-09-27 18:41:22.368 
2026-09-27 18:41:22.369 ++++++++++++++++++++++++++++++++++++++++++++++++++++++++++++++++++++++++++++++++++++++++
2026-09-27 18:41:22.369 ++Proactor<s2>.process_message  [analog-temp/synced.readings]
2026-09-27 18:41:22.370   IN  internal     analog-temp to hw1.isone.me.versant.keene.maple.scada.s2     <-  [analog-temp/to/hw1.isone.me.versant.keene.maple.scada.s2/synced.readings]        SyncedReadings           
2026-09-27 18:41:22.370 ++Parentless.process_internal_message analog-temp/synced.readings
2026-09-27 18:41:22.372   OUT mqtt         analog-temp to s                                       ->  [gw/hw1-isone-me-versant-keene-maple-scada-s2/to/s/synced-readings]               SyncedReadings           
2026-09-27 18:41:22.373 --Parentless.process_internal_message  path:0x00000004
2026-09-27 18:41:22.373 --Proactor<s2>.process_message  path:0x00000401
2026-09-27 18:41:22.374 ----------------------------------------------------------------------------------------
2026-09-27 18:41:25.355 
2026-09-27 18:41:25.355 ++++++++++++++++++++++++++++++++++++++++++++++++++++++++++++++++++++++++++++++++++++++++
2026-09-27 18:41:25.356 ++Proactor<s2>.process_message  [analog-temp/synced.readings]
2026-09-27 18:41:25.356   IN  internal     analog-temp to hw1.isone.me.versant.keene.maple.scada.s2     <-  [analog-temp/to/hw1.isone.me.versant.keene.maple.scada.s2/synced.readings]        SyncedReadings           
2026-09-27 18:41:25.356 ++Parentless.process_internal_message analog-temp/synced.readings
2026-09-27 18:41:25.357   OUT mqtt         analog-temp to s                                       ->  [gw/hw1-isone-me-versant-keene-maple-scada-s2/to/s/synced-readings]               SyncedReadings           
2026-09-27 18:41:25.357 --Parentless.process_internal_message  path:0x00000004
2026-09-27 18:41:25.357 --Proactor<s2>.process_message  path:0x00000401
2026-09-27 18:41:25.358 ----------------------------------------------------------------------------------------
2026-09-27 18:41:26.354 
2026-09-27 18:41:26.355 ++++++++++++++++++++++++++++++++++++++++++++++++++++++++++++++++++++++++++++++++++++++++
2026-09-27 18:41:26.355 ++Proactor<s2>.process_message  [analog-temp/synced.readings]
2026-09-27 18:41:26.355   IN  internal     analog-temp to hw1.isone.me.versant.keene.maple.scada.s2     <-  [analog-temp/to/hw1.isone.me.versant.keene.maple.scada.s2/synced.readings]        SyncedReadings           
2026-09-27 18:41:26.355 ++Parentless.process_internal_message analog-temp/synced.readings
2026-09-27 18:41:26.356   OUT mqtt         analog-temp to s                                       ->  [gw/hw1-isone-me-versant-keene-maple-scada-s2/to/s/synced-readings]               SyncedReadings           
2026-09-27 18:41:26.356 --Parentless.process_internal_message  path:0x00000004
2026-09-27 18:41:26.357 --Proactor<s2>.process_message  path:0x00000401
2026-09-27 18:41:26.357 ----------------------------------------------------------------------------------------
2026-09-27 18:41:26.554 
2026-09-27 18:41:26.555 ++++++++++++++++++++++++++++++++++++++++++++++++++++++++++++++++++++++++++++++++++++++++
2026-09-27 18:41:26.555 ++Proactor<s2>.process_message  [analog-temp/synced.readings]
2026-09-27 18:41:26.555   IN  internal     analog-temp to hw1.isone.me.versant.keene.maple.scada.s2     <-  [analog-temp/to/hw1.isone.me.versant.keene.maple.scada.s2/synced.readings]        SyncedReadings           
2026-09-27 18:41:26.555 ++Parentless.process_internal_message analog-temp/synced.readings
2026-09-27 18:41:26.556   OUT mqtt         analog-temp to s                                       ->  [gw/hw1-isone-me-versant-keene-maple-scada-s2/to/s/synced-readings]               SyncedReadings           
2026-09-27 18:41:26.556 --Parentless.process_internal_message  path:0x00000004
2026-09-27 18:41:26.557 --Proactor<s2>.process_message  path:0x00000401
2026-09-27 18:41:26.557 ----------------------------------------------------------------------------------------
2026-09-27 18:41:28.356 
2026-09-27 18:41:28.357 ++++++++++++++++++++++++++++++++++++++++++++++++++++++++++++++++++++++++++++++++++++++++
2026-09-27 18:41:28.357 ++Proactor<s2>.process_message  [analog-temp/synced.readings]
2026-09-27 18:41:28.357   IN  internal     analog-temp to hw1.isone.me.versant.keene.maple.scada.s2     <-  [analog-temp/to/hw1.isone.me.versant.keene.maple.scada.s2/synced.readings]        SyncedReadings           
2026-09-27 18:41:28.357 ++Parentless.process_internal_message analog-temp/synced.readings
2026-09-27 18:41:28.358   OUT mqtt         analog-temp to s                                       ->  [gw/hw1-isone-me-versant-keene-maple-scada-s2/to/s/synced-readings]               SyncedReadings           
2026-09-27 18:41:28.358 --Parentless.process_internal_message  path:0x00000004
2026-09-27 18:41:28.359 --Proactor<s2>.process_message  path:0x00000401
2026-09-27 18:41:28.359 ----------------------------------------------------------------------------------------
2026-09-27 18:41:30.974 
2026-09-27 18:41:30.974 ++++++++++++++++++++++++++++++++++++++++++++++++++++++++++++++++++++++++++++++++++++++++
2026-09-27 18:41:30.975 ++Proactor<s2>.process_message  [analog-temp/synced.readings]
2026-09-27 18:41:30.975   IN  internal     analog-temp to hw1.isone.me.versant.keene.maple.scada.s2     <-  [analog-temp/to/hw1.isone.me.versant.keene.maple.scada.s2/synced.readings]        SyncedReadings           
2026-09-27 18:41:30.976 ++Parentless.process_internal_message analog-temp/synced.readings
2026-09-27 18:41:30.977   OUT mqtt         analog-temp to s                                       ->  [gw/hw1-isone-me-versant-keene-maple-scada-s2/to/s/synced-readings]               SyncedReadings           
2026-09-27 18:41:30.978 --Parentless.process_internal_message  path:0x00000004
2026-09-27 18:41:30.979 --Proactor<s2>.process_message  path:0x00000401
2026-09-27 18:41:30.979 ----------------------------------------------------------------------------------------
2026-09-27 18:41:35.376 
2026-09-27 18:41:35.376 ++++++++++++++++++++++++++++++++++++++++++++++++++++++++++++++++++++++++++++++++++++++++
2026-09-27 18:41:35.377 ++Proactor<s2>.process_message  [analog-temp/synced.readings]
2026-09-27 18:41:35.377   IN  internal     analog-temp to hw1.isone.me.versant.keene.maple.scada.s2     <-  [analog-temp/to/hw1.isone.me.versant.keene.maple.scada.s2/synced.readings]        SyncedReadings           
2026-09-27 18:41:35.378 ++Parentless.process_internal_message analog-temp/synced.readings
2026-09-27 18:41:35.379   OUT mqtt         analog-temp to s                                       ->  [gw/hw1-isone-me-versant-keene-maple-scada-s2/to/s/synced-readings]               SyncedReadings           
2026-09-27 18:41:35.380 --Parentless.process_internal_message  path:0x00000004
2026-09-27 18:41:35.381 --Proactor<s2>.process_message  path:0x00000401
2026-09-27 18:41:35.381 ----------------------------------------------------------------------------------------
2026-09-27 18:41:36.576 
2026-09-27 18:41:36.578 ++++++++++++++++++++++++++++++++++++++++++++++++++++++++++++++++++++++++++++++++++++++++
2026-09-27 18:41:36.579 ++Proactor<s2>.process_message  [analog-temp/synced.readings]
2026-09-27 18:41:36.580   IN  internal     analog-temp to hw1.isone.me.versant.keene.maple.scada.s2     <-  [analog-temp/to/hw1.isone.me.versant.keene.maple.scada.s2/synced.readings]        SyncedReadings           
2026-09-27 18:41:36.580 ++Parentless.process_internal_message analog-temp/synced.readings
2026-09-27 18:41:36.582   OUT mqtt         analog-temp to s                                       ->  [gw/hw1-isone-me-versant-keene-maple-scada-s2/to/s/synced-readings]               SyncedReadings           
2026-09-27 18:41:36.583 --Parentless.process_internal_message  path:0x00000004
2026-09-27 18:41:36.584 --Proactor<s2>.process_message  path:0x00000401
2026-09-27 18:41:36.584 ----------------------------------------------------------------------------------------
2026-09-27 18:41:36.781 
2026-09-27 18:41:36.782 ++++++++++++++++++++++++++++++++++++++++++++++++++++++++++++++++++++++++++++++++++++++++
2026-09-27 18:41:36.782 ++Proactor<s2>.process_message  [analog-temp/synced.readings]
2026-09-27 18:41:36.783   IN  internal     analog-temp to hw1.isone.me.versant.keene.maple.scada.s2     <-  [analog-temp/to/hw1.isone.me.versant.keene.maple.scada.s2/synced.readings]        SyncedReadings           
2026-09-27 18:41:36.784 ++Parentless.process_internal_message analog-temp/synced.readings
2026-09-27 18:41:36.785   OUT mqtt         analog-temp to s                                       ->  [gw/hw1-isone-me-versant-keene-maple-scada-s2/to/s/synced-readings]               SyncedReadings           
2026-09-27 18:41:36.786 --Parentless.process_internal_message  path:0x00000004
2026-09-27 18:41:36.787 --Proactor<s2>.process_message  path:0x00000401
2026-09-27 18:41:36.788 ----------------------------------------------------------------------------------------
2026-09-27 18:41:37.161 
2026-09-27 18:41:37.161 ++++++++++++++++++++++++++++++++++++++++++++++++++++++++++++++++++++++++++++++++++++++++
2026-09-27 18:41:37.161 ++Proactor<s2>.process_message  [analog-temp/synced.readings]
2026-09-27 18:41:37.162   IN  internal     analog-temp to hw1.isone.me.versant.keene.maple.scada.s2     <-  [analog-temp/to/hw1.isone.me.versant.keene.maple.scada.s2/synced.readings]        SyncedReadings           
2026-09-27 18:41:37.162 ++Parentless.process_internal_message analog-temp/synced.readings
2026-09-27 18:41:37.162   OUT mqtt         analog-temp to s                                       ->  [gw/hw1-isone-me-versant-keene-maple-scada-s2/to/s/synced-readings]               SyncedReadings           
2026-09-27 18:41:37.163 --Parentless.process_internal_message  path:0x00000004
2026-09-27 18:41:37.163 --Proactor<s2>.process_message  path:0x00000401
2026-09-27 18:41:37.163 ----------------------------------------------------------------------------------------
2026-09-27 18:41:37.363 
2026-09-27 18:41:37.363 ++++++++++++++++++++++++++++++++++++++++++++++++++++++++++++++++++++++++++++++++++++++++
2026-09-27 18:41:37.363 ++Proactor<s2>.process_message  [analog-temp/synced.readings]
2026-09-27 18:41:37.364   IN  internal     analog-temp to hw1.isone.me.versant.keene.maple.scada.s2     <-  [analog-temp/to/hw1.isone.me.versant.keene.maple.scada.s2/synced.readings]        SyncedReadings           
2026-09-27 18:41:37.364 ++Parentless.process_internal_message analog-temp/synced.readings
2026-09-27 18:41:37.365   OUT mqtt         analog-temp to s                                       ->  [gw/hw1-isone-me-versant-keene-maple-scada-s2/to/s/synced-readings]               SyncedReadings           
2026-09-27 18:41:37.365 --Parentless.process_internal_message  path:0x00000004
2026-09-27 18:41:37.365 --Proactor<s2>.process_message  path:0x00000401
2026-09-27 18:41:37.365 ----------------------------------------------------------------------------------------
2026-09-27 18:41:38.761 
2026-09-27 18:41:38.762 ++++++++++++++++++++++++++++++++++++++++++++++++++++++++++++++++++++++++++++++++++++++++
2026-09-27 18:41:38.762 ++Proactor<s2>.process_message  [analog-temp/synced.readings]
2026-09-27 18:41:38.762   IN  internal     analog-temp to hw1.isone.me.versant.keene.maple.scada.s2     <-  [analog-temp/to/hw1.isone.me.versant.keene.maple.scada.s2/synced.readings]        SyncedReadings           
2026-09-27 18:41:38.762 ++Parentless.process_internal_message analog-temp/synced.readings
2026-09-27 18:41:38.763   OUT mqtt         analog-temp to s                                       ->  [gw/hw1-isone-me-versant-keene-maple-scada-s2/to/s/synced-readings]               SyncedReadings           
2026-09-27 18:41:38.764 --Parentless.process_internal_message  path:0x00000004
2026-09-27 18:41:38.764 --Proactor<s2>.process_message  path:0x00000401
2026-09-27 18:41:38.764 ----------------------------------------------------------------------------------------
2026-09-27 18:41:40.562 
2026-09-27 18:41:40.563 ++++++++++++++++++++++++++++++++++++++++++++++++++++++++++++++++++++++++++++++++++++++++
2026-09-27 18:41:40.563 ++Proactor<s2>.process_message  [analog-temp/synced.readings]
2026-09-27 18:41:40.563   IN  internal     analog-temp to hw1.isone.me.versant.keene.maple.scada.s2     <-  [analog-temp/to/hw1.isone.me.versant.keene.maple.scada.s2/synced.readings]        SyncedReadings           
2026-09-27 18:41:40.563 ++Parentless.process_internal_message analog-temp/synced.readings
2026-09-27 18:41:40.564   OUT mqtt         analog-temp to s                                       ->  [gw/hw1-isone-me-versant-keene-maple-scada-s2/to/s/synced-readings]               SyncedReadings           
2026-09-27 18:41:40.564 --Parentless.process_internal_message  path:0x00000004
2026-09-27 18:41:40.565 --Proactor<s2>.process_message  path:0x00000401
2026-09-27 18:41:40.565 ----------------------------------------------------------------------------------------
2026-09-27 18:41:41.363 
2026-09-27 18:41:41.363 ++++++++++++++++++++++++++++++++++++++++++++++++++++++++++++++++++++++++++++++++++++++++
2026-09-27 18:41:41.363 ++Proactor<s2>.process_message  [analog-temp/synced.readings]
2026-09-27 18:41:41.363   IN  internal     analog-temp to hw1.isone.me.versant.keene.maple.scada.s2     <-  [analog-temp/to/hw1.isone.me.versant.keene.maple.scada.s2/synced.readings]        SyncedReadings           
2026-09-27 18:41:41.364 ++Parentless.process_internal_message analog-temp/synced.readings
2026-09-27 18:41:41.364   OUT mqtt         analog-temp to s                                       ->  [gw/hw1-isone-me-versant-keene-maple-scada-s2/to/s/synced-readings]               SyncedReadings           
2026-09-27 18:41:41.365 --Parentless.process_internal_message  path:0x00000004
2026-09-27 18:41:41.365 --Proactor<s2>.process_message  path:0x00000401
2026-09-27 18:41:41.365 ----------------------------------------------------------------------------------------
2026-09-27 18:41:43.779 
2026-09-27 18:41:43.780 ++++++++++++++++++++++++++++++++++++++++++++++++++++++++++++++++++++++++++++++++++++++++
2026-09-27 18:41:43.780 ++Proactor<s2>.process_message  [analog-temp/synced.readings]
2026-09-27 18:41:43.781   IN  internal     analog-temp to hw1.isone.me.versant.keene.maple.scada.s2     <-  [analog-temp/to/hw1.isone.me.versant.keene.maple.scada.s2/synced.readings]        SyncedReadings           
2026-09-27 18:41:43.781 ++Parentless.process_internal_message analog-temp/synced.readings
2026-09-27 18:41:43.782   OUT mqtt         analog-temp to s                                       ->  [gw/hw1-isone-me-versant-keene-maple-scada-s2/to/s/synced-readings]               SyncedReadings           
2026-09-27 18:41:43.783 --Parentless.process_internal_message  path:0x00000004
2026-09-27 18:41:43.784 --Proactor<s2>.process_message  path:0x00000401
2026-09-27 18:41:43.784 ----------------------------------------------------------------------------------------
2026-09-27 18:41:46.982 
2026-09-27 18:41:46.983 ++++++++++++++++++++++++++++++++++++++++++++++++++++++++++++++++++++++++++++++++++++++++
2026-09-27 18:41:46.984 ++Proactor<s2>.process_message  [analog-temp/synced.readings]
2026-09-27 18:41:46.984   IN  internal     analog-temp to hw1.isone.me.versant.keene.maple.scada.s2     <-  [analog-temp/to/hw1.isone.me.versant.keene.maple.scada.s2/synced.readings]        SyncedReadings           
2026-09-27 18:41:46.985 ++Parentless.process_internal_message analog-temp/synced.readings
2026-09-27 18:41:46.986   OUT mqtt         analog-temp to s                                       ->  [gw/hw1-isone-me-versant-keene-maple-scada-s2/to/s/synced-readings]               SyncedReadings           
2026-09-27 18:41:46.987 --Parentless.process_internal_message  path:0x00000004
2026-09-27 18:41:46.988 --Proactor<s2>.process_message  path:0x00000401
2026-09-27 18:41:46.988 ----------------------------------------------------------------------------------------
2026-09-27 18:41:48.181 
2026-09-27 18:41:48.182 ++++++++++++++++++++++++++++++++++++++++++++++++++++++++++++++++++++++++++++++++++++++++
2026-09-27 18:41:48.182 ++Proactor<s2>.process_message  [analog-temp/synced.readings]
2026-09-27 18:41:48.182   IN  internal     analog-temp to hw1.isone.me.versant.keene.maple.scada.s2     <-  [analog-temp/to/hw1.isone.me.versant.keene.maple.scada.s2/synced.readings]        SyncedReadings           
2026-09-27 18:41:48.183 ++Parentless.process_internal_message analog-temp/synced.readings
2026-09-27 18:41:48.184   OUT mqtt         analog-temp to s                                       ->  [gw/hw1-isone-me-versant-keene-maple-scada-s2/to/s/synced-readings]               SyncedReadings           
2026-09-27 18:41:48.184 --Parentless.process_internal_message  path:0x00000004
2026-09-27 18:41:48.185 --Proactor<s2>.process_message  path:0x00000401
2026-09-27 18:41:48.185 ----------------------------------------------------------------------------------------
2026-09-27 18:41:49.367 
2026-09-27 18:41:49.368 ++++++++++++++++++++++++++++++++++++++++++++++++++++++++++++++++++++++++++++++++++++++++
2026-09-27 18:41:49.368 ++Proactor<s2>.process_message  [analog-temp/synced.readings]
2026-09-27 18:41:49.368   IN  internal     analog-temp to hw1.isone.me.versant.keene.maple.scada.s2     <-  [analog-temp/to/hw1.isone.me.versant.keene.maple.scada.s2/synced.readings]        SyncedReadings           
2026-09-27 18:41:49.368 ++Parentless.process_internal_message analog-temp/synced.readings
2026-09-27 18:41:49.369   OUT mqtt         analog-temp to s                                       ->  [gw/hw1-isone-me-versant-keene-maple-scada-s2/to/s/synced-readings]               SyncedReadings           
2026-09-27 18:41:49.369 --Parentless.process_internal_message  path:0x00000004
2026-09-27 18:41:49.369 --Proactor<s2>.process_message  path:0x00000401
2026-09-27 18:41:49.370 ----------------------------------------------------------------------------------------
2026-09-27 18:41:50.368 
2026-09-27 18:41:50.368 ++++++++++++++++++++++++++++++++++++++++++++++++++++++++++++++++++++++++++++++++++++++++
2026-09-27 18:41:50.368 ++Proactor<s2>.process_message  [analog-temp/synced.readings]
2026-09-27 18:41:50.368   IN  internal     analog-temp to hw1.isone.me.versant.keene.maple.scada.s2     <-  [analog-temp/to/hw1.isone.me.versant.keene.maple.scada.s2/synced.readings]        SyncedReadings           
2026-09-27 18:41:50.369 ++Parentless.process_internal_message analog-temp/synced.readings
2026-09-27 18:41:50.369   OUT mqtt         analog-temp to s                                       ->  [gw/hw1-isone-me-versant-keene-maple-scada-s2/to/s/synced-readings]               SyncedReadings           
2026-09-27 18:41:50.370 --Parentless.process_internal_message  path:0x00000004
2026-09-27 18:41:50.370 --Proactor<s2>.process_message  path:0x00000401
2026-09-27 18:41:50.370 ----------------------------------------------------------------------------------------
2026-09-27 18:41:54.185 
2026-09-27 18:41:54.186 ++++++++++++++++++++++++++++++++++++++++++++++++++++++++++++++++++++++++++++++++++++++++
2026-09-27 18:41:54.186 ++Proactor<s2>.process_message  [analog-temp/synced.readings]
2026-09-27 18:41:54.187   IN  internal     analog-temp to hw1.isone.me.versant.keene.maple.scada.s2     <-  [analog-temp/to/hw1.isone.me.versant.keene.maple.scada.s2/synced.readings]        SyncedReadings           
2026-09-27 18:41:54.187 ++Parentless.process_internal_message analog-temp/synced.readings
2026-09-27 18:41:54.189   OUT mqtt         analog-temp to s                                       ->  [gw/hw1-isone-me-versant-keene-maple-scada-s2/to/s/synced-readings]               SyncedReadings           
2026-09-27 18:41:54.189 --Parentless.process_internal_message  path:0x00000004
2026-09-27 18:41:54.190 --Proactor<s2>.process_message  path:0x00000401
2026-09-27 18:41:54.190 ----------------------------------------------------------------------------------------
2026-09-27 18:41:58.188 
2026-09-27 18:41:58.188 ++++++++++++++++++++++++++++++++++++++++++++++++++++++++++++++++++++++++++++++++++++++++
2026-09-27 18:41:58.189 ++Proactor<s2>.process_message  [analog-temp/synced.readings]
2026-09-27 18:41:58.190   IN  internal     analog-temp to hw1.isone.me.versant.keene.maple.scada.s2     <-  [analog-temp/to/hw1.isone.me.versant.keene.maple.scada.s2/synced.readings]        SyncedReadings           
2026-09-27 18:41:58.190 ++Parentless.process_internal_message analog-temp/synced.readings
2026-09-27 18:41:58.192   OUT mqtt         analog-temp to s                                       ->  [gw/hw1-isone-me-versant-keene-maple-scada-s2/to/s/synced-readings]               SyncedReadings           
2026-09-27 18:41:58.193 --Parentless.process_internal_message  path:0x00000004
2026-09-27 18:41:58.194 --Proactor<s2>.process_message  path:0x00000401
2026-09-27 18:41:58.194 ----------------------------------------------------------------------------------------
2026-09-27 18:41:58.989 
2026-09-27 18:41:58.990 ++++++++++++++++++++++++++++++++++++++++++++++++++++++++++++++++++++++++++++++++++++++++
2026-09-27 18:41:58.990 ++Proactor<s2>.process_message  [analog-temp/synced.readings]
2026-09-27 18:41:58.991   IN  internal     analog-temp to hw1.isone.me.versant.keene.maple.scada.s2     <-  [analog-temp/to/hw1.isone.me.versant.keene.maple.scada.s2/synced.readings]        SyncedReadings           
2026-09-27 18:41:58.991 ++Parentless.process_internal_message analog-temp/synced.readings
2026-09-27 18:41:58.993   OUT mqtt         analog-temp to s                                       ->  [gw/hw1-isone-me-versant-keene-maple-scada-s2/to/s/synced-readings]               SyncedReadings           
2026-09-27 18:41:58.994 --Parentless.process_internal_message  path:0x00000004
2026-09-27 18:41:58.995 --Proactor<s2>.process_message  path:0x00000401
2026-09-27 18:41:58.995 ----------------------------------------------------------------------------------------
2026-09-27 18:42:00.575 
2026-09-27 18:42:00.576 ++++++++++++++++++++++++++++++++++++++++++++++++++++++++++++++++++++++++++++++++++++++++
2026-09-27 18:42:00.576 ++Proactor<s2>.process_message  [analog-temp/synced.readings]
2026-09-27 18:42:00.576   IN  internal     analog-temp to hw1.isone.me.versant.keene.maple.scada.s2     <-  [analog-temp/to/hw1.isone.me.versant.keene.maple.scada.s2/synced.readings]        SyncedReadings           
2026-09-27 18:42:00.577 ++Parentless.process_internal_message analog-temp/synced.readings
2026-09-27 18:42:00.577   OUT mqtt         analog-temp to s                                       ->  [gw/hw1-isone-me-versant-keene-maple-scada-s2/to/s/synced-readings]               SyncedReadings           
2026-09-27 18:42:00.578 --Parentless.process_internal_message  path:0x00000004
2026-09-27 18:42:00.578 --Proactor<s2>.process_message  path:0x00000401
2026-09-27 18:42:00.579 ----------------------------------------------------------------------------------------
2026-09-27 18:42:03.273 
2026-09-27 18:42:03.273 ++++++++++++++++++++++++++++++++++++++++++++++++++++++++++++++++++++++++++++++++++++++++
2026-09-27 18:42:03.274 ++Proactor<s2>.process_message  [gridworks-ping]
2026-09-27 18:42:03.274 ++Proactor<s2>._process_mqtt_message mqtt_clients/mqtt_message
2026-09-27 18:42:03.274   IN  mqtt         hw1.isone.me.versant.keene.maple.scada to s2           <-  [gw/hw1-isone-me-versant-keene-maple-scada/to/s2/gridworks-ping]                  Ping                      b0858edd...
2026-09-27 18:42:03.275   OUT mqtt         hw1.isone.me.versant.keene.maple.scada.s2 to s         ->  [gw/hw1-isone-me-versant-keene-maple-scada-s2/to/s/gridworks-ack]                 Ack                       b0858edd...
2026-09-27 18:42:03.275 --Proactor<s2>._process_mqtt_message:1  path:0x00000223
2026-09-27 18:42:03.275 --Proactor<s2>.process_message  path:0x00000002
2026-09-27 18:42:03.276 ----------------------------------------------------------------------------------------
2026-09-27 18:42:03.974 
2026-09-27 18:42:03.975 ++++++++++++++++++++++++++++++++++++++++++++++++++++++++++++++++++++++++++++++++++++++++
2026-09-27 18:42:03.975 ++Proactor<s2>.process_message  [analog-temp/synced.readings]
2026-09-27 18:42:03.975   IN  internal     analog-temp to hw1.isone.me.versant.keene.maple.scada.s2     <-  [analog-temp/to/hw1.isone.me.versant.keene.maple.scada.s2/synced.readings]        SyncedReadings           
2026-09-27 18:42:03.975 ++Parentless.process_internal_message analog-temp/synced.readings
2026-09-27 18:42:03.976   OUT mqtt         analog-temp to s                                       ->  [gw/hw1-isone-me-versant-keene-maple-scada-s2/to/s/synced-readings]               SyncedReadings           
2026-09-27 18:42:03.976 --Parentless.process_internal_message  path:0x00000004
2026-09-27 18:42:03.977 --Proactor<s2>.process_message  path:0x00000401
2026-09-27 18:42:03.977 ----------------------------------------------------------------------------------------
2026-09-27 18:42:07.792 
2026-09-27 18:42:07.792 ++++++++++++++++++++++++++++++++++++++++++++++++++++++++++++++++++++++++++++++++++++++++
2026-09-27 18:42:07.793 ++Proactor<s2>.process_message  [analog-temp/synced.readings]
2026-09-27 18:42:07.793   IN  internal     analog-temp to hw1.isone.me.versant.keene.maple.scada.s2     <-  [analog-temp/to/hw1.isone.me.versant.keene.maple.scada.s2/synced.readings]        SyncedReadings           
2026-09-27 18:42:07.794 ++Parentless.process_internal_message analog-temp/synced.readings
2026-09-27 18:42:07.795   OUT mqtt         analog-temp to s                                       ->  [gw/hw1-isone-me-versant-keene-maple-scada-s2/to/s/synced-readings]               SyncedReadings           
2026-09-27 18:42:07.796 --Parentless.process_internal_message  path:0x00000004
2026-09-27 18:42:07.797 --Proactor<s2>.process_message  path:0x00000401
2026-09-27 18:42:07.797 ----------------------------------------------------------------------------------------
2026-09-27 18:42:07.992 
2026-09-27 18:42:07.993 ++++++++++++++++++++++++++++++++++++++++++++++++++++++++++++++++++++++++++++++++++++++++
2026-09-27 18:42:07.993 ++Proactor<s2>.process_message  [analog-temp/synced.readings]
2026-09-27 18:42:07.994   IN  internal     analog-temp to hw1.isone.me.versant.keene.maple.scada.s2     <-  [analog-temp/to/hw1.isone.me.versant.keene.maple.scada.s2/synced.readings]        SyncedReadings           
2026-09-27 18:42:07.994 ++Parentless.process_internal_message analog-temp/synced.readings
2026-09-27 18:42:07.996   OUT mqtt         analog-temp to s                                       ->  [gw/hw1-isone-me-versant-keene-maple-scada-s2/to/s/synced-readings]               SyncedReadings           
2026-09-27 18:42:07.996 --Parentless.process_internal_message  path:0x00000004
2026-09-27 18:42:07.997 --Proactor<s2>.process_message  path:0x00000401
2026-09-27 18:42:07.997 ----------------------------------------------------------------------------------------
2026-09-27 18:42:09.994 
2026-09-27 18:42:09.995 ++++++++++++++++++++++++++++++++++++++++++++++++++++++++++++++++++++++++++++++++++++++++
2026-09-27 18:42:09.995 ++Proactor<s2>.process_message  [analog-temp/synced.readings]
2026-09-27 18:42:09.996   IN  internal     analog-temp to hw1.isone.me.versant.keene.maple.scada.s2     <-  [analog-temp/to/hw1.isone.me.versant.keene.maple.scada.s2/synced.readings]        SyncedReadings           
2026-09-27 18:42:09.996 ++Parentless.process_internal_message analog-temp/synced.readings
2026-09-27 18:42:09.998   OUT mqtt         analog-temp to s                                       ->  [gw/hw1-isone-me-versant-keene-maple-scada-s2/to/s/synced-readings]               SyncedReadings           
2026-09-27 18:42:09.998 --Parentless.process_internal_message  path:0x00000004
2026-09-27 18:42:09.999 --Proactor<s2>.process_message  path:0x00000401
2026-09-27 18:42:09.999 ----------------------------------------------------------------------------------------
2026-09-27 18:42:13.781 
2026-09-27 18:42:13.781 ++++++++++++++++++++++++++++++++++++++++++++++++++++++++++++++++++++++++++++++++++++++++
2026-09-27 18:42:13.782 ++Proactor<s2>.process_message  [analog-temp/synced.readings]
2026-09-27 18:42:13.782   IN  internal     analog-temp to hw1.isone.me.versant.keene.maple.scada.s2     <-  [analog-temp/to/hw1.isone.me.versant.keene.maple.scada.s2/synced.readings]        SyncedReadings           
2026-09-27 18:42:13.782 ++Parentless.process_internal_message analog-temp/synced.readings
2026-09-27 18:42:13.783   OUT mqtt         analog-temp to s                                       ->  [gw/hw1-isone-me-versant-keene-maple-scada-s2/to/s/synced-readings]               SyncedReadings           
2026-09-27 18:42:13.783 --Parentless.process_internal_message  path:0x00000004
2026-09-27 18:42:13.784 --Proactor<s2>.process_message  path:0x00000401
2026-09-27 18:42:13.784 ----------------------------------------------------------------------------------------
2026-09-27 18:42:14.180 
2026-09-27 18:42:14.180 ++++++++++++++++++++++++++++++++++++++++++++++++++++++++++++++++++++++++++++++++++++++++
2026-09-27 18:42:14.181 ++Proactor<s2>.process_message  [analog-temp/synced.readings]
2026-09-27 18:42:14.181   IN  internal     analog-temp to hw1.isone.me.versant.keene.maple.scada.s2     <-  [analog-temp/to/hw1.isone.me.versant.keene.maple.scada.s2/synced.readings]        SyncedReadings           
2026-09-27 18:42:14.181 ++Parentless.process_internal_message analog-temp/synced.readings
2026-09-27 18:42:14.182   OUT mqtt         analog-temp to s                                       ->  [gw/hw1-isone-me-versant-keene-maple-scada-s2/to/s/synced-readings]               SyncedReadings           
2026-09-27 18:42:14.183 --Parentless.process_internal_message  path:0x00000004
2026-09-27 18:42:14.183 --Proactor<s2>.process_message  path:0x00000401
2026-09-27 18:42:14.183 ----------------------------------------------------------------------------------------
2026-09-27 18:42:18.398 
2026-09-27 18:42:18.403 ++++++++++++++++++++++++++++++++++++++++++++++++++++++++++++++++++++++++++++++++++++++++
2026-09-27 18:42:18.403 ++Proactor<s2>.process_message  [analog-temp/synced.readings]
2026-09-27 18:42:18.404   IN  internal     analog-temp to hw1.isone.me.versant.keene.maple.scada.s2     <-  [analog-temp/to/hw1.isone.me.versant.keene.maple.scada.s2/synced.readings]        SyncedReadings           
2026-09-27 18:42:18.405 ++Parentless.process_internal_message analog-temp/synced.readings
2026-09-27 18:42:18.406   OUT mqtt         analog-temp to s                                       ->  [gw/hw1-isone-me-versant-keene-maple-scada-s2/to/s/synced-readings]               SyncedReadings           
2026-09-27 18:42:18.407 --Parentless.process_internal_message  path:0x00000004
2026-09-27 18:42:18.407 --Proactor<s2>.process_message  path:0x00000401
2026-09-27 18:42:18.408 ----------------------------------------------------------------------------------------
2026-09-27 18:42:20.400 
2026-09-27 18:42:20.400 ++++++++++++++++++++++++++++++++++++++++++++++++++++++++++++++++++++++++++++++++++++++++
2026-09-27 18:42:20.401 ++Proactor<s2>.process_message  [analog-temp/synced.readings]
2026-09-27 18:42:20.401   IN  internal     analog-temp to hw1.isone.me.versant.keene.maple.scada.s2     <-  [analog-temp/to/hw1.isone.me.versant.keene.maple.scada.s2/synced.readings]        SyncedReadings           
2026-09-27 18:42:20.402 ++Parentless.process_internal_message analog-temp/synced.readings
2026-09-27 18:42:20.403   OUT mqtt         analog-temp to s                                       ->  [gw/hw1-isone-me-versant-keene-maple-scada-s2/to/s/synced-readings]               SyncedReadings           
2026-09-27 18:42:20.404 --Parentless.process_internal_message  path:0x00000004
2026-09-27 18:42:20.405 --Proactor<s2>.process_message  path:0x00000401
2026-09-27 18:42:20.405 ----------------------------------------------------------------------------------------
2026-09-27 18:42:22.601 
2026-09-27 18:42:22.602 ++++++++++++++++++++++++++++++++++++++++++++++++++++++++++++++++++++++++++++++++++++++++
2026-09-27 18:42:22.602 ++Proactor<s2>.process_message  [analog-temp/synced.readings]
2026-09-27 18:42:22.603   IN  internal     analog-temp to hw1.isone.me.versant.keene.maple.scada.s2     <-  [analog-temp/to/hw1.isone.me.versant.keene.maple.scada.s2/synced.readings]        SyncedReadings           
2026-09-27 18:42:22.604 ++Parentless.process_internal_message analog-temp/synced.readings
2026-09-27 18:42:22.605   OUT mqtt         analog-temp to s                                       ->  [gw/hw1-isone-me-versant-keene-maple-scada-s2/to/s/synced-readings]               SyncedReadings           
2026-09-27 18:42:22.606 --Parentless.process_internal_message  path:0x00000004
2026-09-27 18:42:22.606 --Proactor<s2>.process_message  path:0x00000401
2026-09-27 18:42:22.607 ----------------------------------------------------------------------------------------
2026-09-27 18:42:22.801 
2026-09-27 18:42:22.801 ++++++++++++++++++++++++++++++++++++++++++++++++++++++++++++++++++++++++++++++++++++++++
2026-09-27 18:42:22.802 ++Proactor<s2>.process_message  [analog-temp/synced.readings]
2026-09-27 18:42:22.802   IN  internal     analog-temp to hw1.isone.me.versant.keene.maple.scada.s2     <-  [analog-temp/to/hw1.isone.me.versant.keene.maple.scada.s2/synced.readings]        SyncedReadings           
2026-09-27 18:42:22.803 ++Parentless.process_internal_message analog-temp/synced.readings
2026-09-27 18:42:22.804   OUT mqtt         analog-temp to s                                       ->  [gw/hw1-isone-me-versant-keene-maple-scada-s2/to/s/synced-readings]               SyncedReadings           
2026-09-27 18:42:22.805 --Parentless.process_internal_message  path:0x00000004
2026-09-27 18:42:22.806 --Proactor<s2>.process_message  path:0x00000401
2026-09-27 18:42:22.806 ----------------------------------------------------------------------------------------
2026-09-27 18:42:23.388 
2026-09-27 18:42:23.388 ++++++++++++++++++++++++++++++++++++++++++++++++++++++++++++++++++++++++++++++++++++++++
2026-09-27 18:42:23.388 ++Proactor<s2>.process_message  [analog-temp/synced.readings]
2026-09-27 18:42:23.388   IN  internal     analog-temp to hw1.isone.me.versant.keene.maple.scada.s2     <-  [analog-temp/to/hw1.isone.me.versant.keene.maple.scada.s2/synced.readings]        SyncedReadings           
2026-09-27 18:42:23.389 ++Parentless.process_internal_message analog-temp/synced.readings
2026-09-27 18:42:23.389   OUT mqtt         analog-temp to s                                       ->  [gw/hw1-isone-me-versant-keene-maple-scada-s2/to/s/synced-readings]               SyncedReadings           
2026-09-27 18:42:23.390 --Parentless.process_internal_message  path:0x00000004
2026-09-27 18:42:23.390 --Proactor<s2>.process_message  path:0x00000401
2026-09-27 18:42:23.390 ----------------------------------------------------------------------------------------
2026-09-27 18:42:27.587 
2026-09-27 18:42:27.588 ++++++++++++++++++++++++++++++++++++++++++++++++++++++++++++++++++++++++++++++++++++++++
2026-09-27 18:42:27.588 ++Proactor<s2>.process_message  [analog-temp/synced.readings]
2026-09-27 18:42:27.588   IN  internal     analog-temp to hw1.isone.me.versant.keene.maple.scada.s2     <-  [analog-temp/to/hw1.isone.me.versant.keene.maple.scada.s2/synced.readings]        SyncedReadings           
2026-09-27 18:42:27.588 ++Parentless.process_internal_message analog-temp/synced.readings
2026-09-27 18:42:27.589   OUT mqtt         analog-temp to s                                       ->  [gw/hw1-isone-me-versant-keene-maple-scada-s2/to/s/synced-readings]               SyncedReadings           
2026-09-27 18:42:27.589 --Parentless.process_internal_message  path:0x00000004
2026-09-27 18:42:27.589 --Proactor<s2>.process_message  path:0x00000401
2026-09-27 18:42:27.590 ----------------------------------------------------------------------------------------
2026-09-27 18:42:31.406 
2026-09-27 18:42:31.407 ++++++++++++++++++++++++++++++++++++++++++++++++++++++++++++++++++++++++++++++++++++++++
2026-09-27 18:42:31.407 ++Proactor<s2>.process_message  [analog-temp/synced.readings]
2026-09-27 18:42:31.408   IN  internal     analog-temp to hw1.isone.me.versant.keene.maple.scada.s2     <-  [analog-temp/to/hw1.isone.me.versant.keene.maple.scada.s2/synced.readings]        SyncedReadings           
2026-09-27 18:42:31.408 ++Parentless.process_internal_message analog-temp/synced.readings
2026-09-27 18:42:31.410   OUT mqtt         analog-temp to s                                       ->  [gw/hw1-isone-me-versant-keene-maple-scada-s2/to/s/synced-readings]               SyncedReadings           
2026-09-27 18:42:31.410 --Parentless.process_internal_message  path:0x00000004
2026-09-27 18:42:31.411 --Proactor<s2>.process_message  path:0x00000401
2026-09-27 18:42:31.412 ----------------------------------------------------------------------------------------
2026-09-27 18:42:32.606 
2026-09-27 18:42:32.607 ++++++++++++++++++++++++++++++++++++++++++++++++++++++++++++++++++++++++++++++++++++++++
2026-09-27 18:42:32.607 ++Proactor<s2>.process_message  [analog-temp/synced.readings]
2026-09-27 18:42:32.608   IN  internal     analog-temp to hw1.isone.me.versant.keene.maple.scada.s2     <-  [analog-temp/to/hw1.isone.me.versant.keene.maple.scada.s2/synced.readings]        SyncedReadings           
2026-09-27 18:42:32.609 ++Parentless.process_internal_message analog-temp/synced.readings
2026-09-27 18:42:32.610   OUT mqtt         analog-temp to s                                       ->  [gw/hw1-isone-me-versant-keene-maple-scada-s2/to/s/synced-readings]               SyncedReadings           
2026-09-27 18:42:32.611 --Parentless.process_internal_message  path:0x00000004
2026-09-27 18:42:32.612 --Proactor<s2>.process_message  path:0x00000401
2026-09-27 18:42:32.612 ----------------------------------------------------------------------------------------
2026-09-27 18:42:32.807 
2026-09-27 18:42:32.808 ++++++++++++++++++++++++++++++++++++++++++++++++++++++++++++++++++++++++++++++++++++++++
2026-09-27 18:42:32.808 ++Proactor<s2>.process_message  [analog-temp/synced.readings]
2026-09-27 18:42:32.809   IN  internal     analog-temp to hw1.isone.me.versant.keene.maple.scada.s2     <-  [analog-temp/to/hw1.isone.me.versant.keene.maple.scada.s2/synced.readings]        SyncedReadings           
2026-09-27 18:42:32.809 ++Parentless.process_internal_message analog-temp/synced.readings
2026-09-27 18:42:32.810   OUT mqtt         analog-temp to s                                       ->  [gw/hw1-isone-me-versant-keene-maple-scada-s2/to/s/synced-readings]               SyncedReadings           
2026-09-27 18:42:32.811 --Parentless.process_internal_message  path:0x00000004
2026-09-27 18:42:32.812 --Proactor<s2>.process_message  path:0x00000401
2026-09-27 18:42:32.812 ----------------------------------------------------------------------------------------
2026-09-27 18:42:34.793 
2026-09-27 18:42:34.793 ++++++++++++++++++++++++++++++++++++++++++++++++++++++++++++++++++++++++++++++++++++++++
2026-09-27 18:42:34.794 ++Proactor<s2>.process_message  [analog-temp/synced.readings]
2026-09-27 18:42:34.794   IN  internal     analog-temp to hw1.isone.me.versant.keene.maple.scada.s2     <-  [analog-temp/to/hw1.isone.me.versant.keene.maple.scada.s2/synced.readings]        SyncedReadings           
2026-09-27 18:42:34.794 ++Parentless.process_internal_message analog-temp/synced.readings
2026-09-27 18:42:34.795   OUT mqtt         analog-temp to s                                       ->  [gw/hw1-isone-me-versant-keene-maple-scada-s2/to/s/synced-readings]               SyncedReadings           
2026-09-27 18:42:34.796 --Parentless.process_internal_message  path:0x00000004
2026-09-27 18:42:34.796 --Proactor<s2>.process_message  path:0x00000401
2026-09-27 18:42:34.796 ----------------------------------------------------------------------------------------
2026-09-27 18:42:38.592 
2026-09-27 18:42:38.593 ++++++++++++++++++++++++++++++++++++++++++++++++++++++++++++++++++++++++++++++++++++++++
2026-09-27 18:42:38.593 ++Proactor<s2>.process_message  [analog-temp/synced.readings]
2026-09-27 18:42:38.593   IN  internal     analog-temp to hw1.isone.me.versant.keene.maple.scada.s2     <-  [analog-temp/to/hw1.isone.me.versant.keene.maple.scada.s2/synced.readings]        SyncedReadings           
2026-09-27 18:42:38.593 ++Parentless.process_internal_message analog-temp/synced.readings
2026-09-27 18:42:38.594   OUT mqtt         analog-temp to s                                       ->  [gw/hw1-isone-me-versant-keene-maple-scada-s2/to/s/synced-readings]               SyncedReadings           
2026-09-27 18:42:38.594 --Parentless.process_internal_message  path:0x00000004
2026-09-27 18:42:38.595 --Proactor<s2>.process_message  path:0x00000401
2026-09-27 18:42:38.595 ----------------------------------------------------------------------------------------
2026-09-27 18:42:44.212 
2026-09-27 18:42:44.213 ++++++++++++++++++++++++++++++++++++++++++++++++++++++++++++++++++++++++++++++++++++++++
2026-09-27 18:42:44.213 ++Proactor<s2>.process_message  [analog-temp/synced.readings]
2026-09-27 18:42:44.214   IN  internal     analog-temp to hw1.isone.me.versant.keene.maple.scada.s2     <-  [analog-temp/to/hw1.isone.me.versant.keene.maple.scada.s2/synced.readings]        SyncedReadings           
2026-09-27 18:42:44.215 ++Parentless.process_internal_message analog-temp/synced.readings
2026-09-27 18:42:44.216   OUT mqtt         analog-temp to s                                       ->  [gw/hw1-isone-me-versant-keene-maple-scada-s2/to/s/synced-readings]               SyncedReadings           
2026-09-27 18:42:44.217 --Parentless.process_internal_message  path:0x00000004
2026-09-27 18:42:44.218 --Proactor<s2>.process_message  path:0x00000401
2026-09-27 18:42:44.219 ----------------------------------------------------------------------------------------
2026-09-27 18:42:44.413 
2026-09-27 18:42:44.414 ++++++++++++++++++++++++++++++++++++++++++++++++++++++++++++++++++++++++++++++++++++++++
2026-09-27 18:42:44.415 ++Proactor<s2>.process_message  [analog-temp/synced.readings]
2026-09-27 18:42:44.415   IN  internal     analog-temp to hw1.isone.me.versant.keene.maple.scada.s2     <-  [analog-temp/to/hw1.isone.me.versant.keene.maple.scada.s2/synced.readings]        SyncedReadings           
2026-09-27 18:42:44.416 ++Parentless.process_internal_message analog-temp/synced.readings
2026-09-27 18:42:44.418   OUT mqtt         analog-temp to s                                       ->  [gw/hw1-isone-me-versant-keene-maple-scada-s2/to/s/synced-readings]               SyncedReadings           
2026-09-27 18:42:44.419 --Parentless.process_internal_message  path:0x00000004
2026-09-27 18:42:44.419 --Proactor<s2>.process_message  path:0x00000401
2026-09-27 18:42:44.420 ----------------------------------------------------------------------------------------
2026-09-27 18:42:45.413 
2026-09-27 18:42:45.414 ++++++++++++++++++++++++++++++++++++++++++++++++++++++++++++++++++++++++++++++++++++++++
2026-09-27 18:42:45.414 ++Proactor<s2>.process_message  [analog-temp/synced.readings]
2026-09-27 18:42:45.415   IN  internal     analog-temp to hw1.isone.me.versant.keene.maple.scada.s2     <-  [analog-temp/to/hw1.isone.me.versant.keene.maple.scada.s2/synced.readings]        SyncedReadings           
2026-09-27 18:42:45.415 ++Parentless.process_internal_message analog-temp/synced.readings
2026-09-27 18:42:45.417   OUT mqtt         analog-temp to s                                       ->  [gw/hw1-isone-me-versant-keene-maple-scada-s2/to/s/synced-readings]               SyncedReadings           
2026-09-27 18:42:45.418 --Parentless.process_internal_message  path:0x00000004
2026-09-27 18:42:45.419 --Proactor<s2>.process_message  path:0x00000401
2026-09-27 18:42:45.419 ----------------------------------------------------------------------------------------
2026-09-27 18:42:46.014 
2026-09-27 18:42:46.015 ++++++++++++++++++++++++++++++++++++++++++++++++++++++++++++++++++++++++++++++++++++++++
2026-09-27 18:42:46.016 ++Proactor<s2>.process_message  [analog-temp/synced.readings]
2026-09-27 18:42:46.016   IN  internal     analog-temp to hw1.isone.me.versant.keene.maple.scada.s2     <-  [analog-temp/to/hw1.isone.me.versant.keene.maple.scada.s2/synced.readings]        SyncedReadings           
2026-09-27 18:42:46.017 ++Parentless.process_internal_message analog-temp/synced.readings
2026-09-27 18:42:46.018   OUT mqtt         analog-temp to s                                       ->  [gw/hw1-isone-me-versant-keene-maple-scada-s2/to/s/synced-readings]               SyncedReadings           
2026-09-27 18:42:46.020 --Parentless.process_internal_message  path:0x00000004
2026-09-27 18:42:46.021 --Proactor<s2>.process_message  path:0x00000401
2026-09-27 18:42:46.021 ----------------------------------------------------------------------------------------
2026-09-27 18:42:55.017 
2026-09-27 18:42:55.018 ++++++++++++++++++++++++++++++++++++++++++++++++++++++++++++++++++++++++++++++++++++++++
2026-09-27 18:42:55.018 ++Proactor<s2>.process_message  [analog-temp/synced.readings]
2026-09-27 18:42:55.019   IN  internal     analog-temp to hw1.isone.me.versant.keene.maple.scada.s2     <-  [analog-temp/to/hw1.isone.me.versant.keene.maple.scada.s2/synced.readings]        SyncedReadings           
2026-09-27 18:42:55.020 ++Parentless.process_internal_message analog-temp/synced.readings
2026-09-27 18:42:55.021   OUT mqtt         analog-temp to s                                       ->  [gw/hw1-isone-me-versant-keene-maple-scada-s2/to/s/synced-readings]               SyncedReadings           
2026-09-27 18:42:55.022 --Parentless.process_internal_message  path:0x00000004
2026-09-27 18:42:55.023 --Proactor<s2>.process_message  path:0x00000401
2026-09-27 18:42:55.023 ----------------------------------------------------------------------------------------
2026-09-27 18:42:56.220 
2026-09-27 18:42:56.221 ++++++++++++++++++++++++++++++++++++++++++++++++++++++++++++++++++++++++++++++++++++++++
2026-09-27 18:42:56.221 ++Proactor<s2>.process_message  [analog-temp/synced.readings]
2026-09-27 18:42:56.222   IN  internal     analog-temp to hw1.isone.me.versant.keene.maple.scada.s2     <-  [analog-temp/to/hw1.isone.me.versant.keene.maple.scada.s2/synced.readings]        SyncedReadings           
2026-09-27 18:42:56.222 ++Parentless.process_internal_message analog-temp/synced.readings
2026-09-27 18:42:56.224   OUT mqtt         analog-temp to s                                       ->  [gw/hw1-isone-me-versant-keene-maple-scada-s2/to/s/synced-readings]               SyncedReadings           
2026-09-27 18:42:56.225 --Parentless.process_internal_message  path:0x00000004
2026-09-27 18:42:56.226 --Proactor<s2>.process_message  path:0x00000401
2026-09-27 18:42:56.226 ----------------------------------------------------------------------------------------
2026-09-27 18:42:56.313 
2026-09-27 18:42:56.314 ++++++++++++++++++++++++++++++++++++++++++++++++++++++++++++++++++++++++++++++++++++++++
2026-09-27 18:42:56.314 ++Proactor<s2>.process_message  [zone1-living-rm-stat/synced.readings]
2026-09-27 18:42:56.315   IN  internal     zone1-living-rm-stat to hw1.isone.me.versant.keene.maple.scada.s2     <-  [zone1-living-rm-stat/to/hw1.isone.me.versant.keene.maple.scada.s2/synced.readings]  SyncedReadings           
2026-09-27 18:42:56.315 ++Parentless.process_internal_message zone1-living-rm-stat/synced.readings
2026-09-27 18:42:56.316   OUT mqtt         zone1-living-rm-stat to s                              ->  [gw/hw1-isone-me-versant-keene-maple-scada-s2/to/s/synced-readings]               SyncedReadings           
2026-09-27 18:42:56.317 --Parentless.process_internal_message  path:0x00000004
2026-09-27 18:42:56.318 --Proactor<s2>.process_message  path:0x00000401
2026-09-27 18:42:56.318 ----------------------------------------------------------------------------------------
2026-09-27 18:42:56.447 
2026-09-27 18:42:56.448 ++++++++++++++++++++++++++++++++++++++++++++++++++++++++++++++++++++++++++++++++++++++++
2026-09-27 18:42:56.448 ++Proactor<s2>.process_message  [zone2-bedroom-stat/synced.readings]
2026-09-27 18:42:56.449   IN  internal     zone2-bedroom-stat to hw1.isone.me.versant.keene.maple.scada.s2     <-  [zone2-bedroom-stat/to/hw1.isone.me.versant.keene.maple.scada.s2/synced.readings]  SyncedReadings           
2026-09-27 18:42:56.449 ++Parentless.process_internal_message zone2-bedroom-stat/synced.readings
2026-09-27 18:42:56.451   OUT mqtt         zone2-bedroom-stat to s                                ->  [gw/hw1-isone-me-versant-keene-maple-scada-s2/to/s/synced-readings]               SyncedReadings           
2026-09-27 18:42:56.452 --Parentless.process_internal_message  path:0x00000004
2026-09-27 18:42:56.452 --Proactor<s2>.process_message  path:0x00000401
2026-09-27 18:42:56.453 ----------------------------------------------------------------------------------------
2026-09-27 18:42:57.418 
2026-09-27 18:42:57.419 ++++++++++++++++++++++++++++++++++++++++++++++++++++++++++++++++++++++++++++++++++++++++
2026-09-27 18:42:57.420 ++Proactor<s2>.process_message  [analog-temp/synced.readings]
2026-09-27 18:42:57.420   IN  internal     analog-temp to hw1.isone.me.versant.keene.maple.scada.s2     <-  [analog-temp/to/hw1.isone.me.versant.keene.maple.scada.s2/synced.readings]        SyncedReadings           
2026-09-27 18:42:57.421 ++Parentless.process_internal_message analog-temp/synced.readings
2026-09-27 18:42:57.422   OUT mqtt         analog-temp to s                                       ->  [gw/hw1-isone-me-versant-keene-maple-scada-s2/to/s/synced-readings]               SyncedReadings           
2026-09-27 18:42:57.423 --Parentless.process_internal_message  path:0x00000004
2026-09-27 18:42:57.423 --Proactor<s2>.process_message  path:0x00000401
2026-09-27 18:42:57.424 ----------------------------------------------------------------------------------------
2026-09-27 18:42:58.804 
2026-09-27 18:42:58.804 ++++++++++++++++++++++++++++++++++++++++++++++++++++++++++++++++++++++++++++++++++++++++
2026-09-27 18:42:58.804 ++Proactor<s2>.process_message  [analog-temp/synced.readings]
2026-09-27 18:42:58.804   IN  internal     analog-temp to hw1.isone.me.versant.keene.maple.scada.s2     <-  [analog-temp/to/hw1.isone.me.versant.keene.maple.scada.s2/synced.readings]        SyncedReadings           
2026-09-27 18:42:58.805 ++Parentless.process_internal_message analog-temp/synced.readings
2026-09-27 18:42:58.805   OUT mqtt         analog-temp to s                                       ->  [gw/hw1-isone-me-versant-keene-maple-scada-s2/to/s/synced-readings]               SyncedReadings           
2026-09-27 18:42:58.806 --Parentless.process_internal_message  path:0x00000004
2026-09-27 18:42:58.806 --Proactor<s2>.process_message  path:0x00000401
2026-09-27 18:42:58.806 ----------------------------------------------------------------------------------------
2026-09-27 18:42:59.004 
2026-09-27 18:42:59.004 ++++++++++++++++++++++++++++++++++++++++++++++++++++++++++++++++++++++++++++++++++++++++
2026-09-27 18:42:59.004 ++Proactor<s2>.process_message  [analog-temp/synced.readings]
2026-09-27 18:42:59.005   IN  internal     analog-temp to hw1.isone.me.versant.keene.maple.scada.s2     <-  [analog-temp/to/hw1.isone.me.versant.keene.maple.scada.s2/synced.readings]        SyncedReadings           
2026-09-27 18:42:59.005 ++Parentless.process_internal_message analog-temp/synced.readings
2026-09-27 18:42:59.005   OUT mqtt         analog-temp to s                                       ->  [gw/hw1-isone-me-versant-keene-maple-scada-s2/to/s/synced-readings]               SyncedReadings           
2026-09-27 18:42:59.006 --Parentless.process_internal_message  path:0x00000004
2026-09-27 18:42:59.006 --Proactor<s2>.process_message  path:0x00000401
2026-09-27 18:42:59.006 ----------------------------------------------------------------------------------------
2026-09-27 18:43:03.880 
2026-09-27 18:43:03.881 ++++++++++++++++++++++++++++++++++++++++++++++++++++++++++++++++++++++++++++++++++++++++
2026-09-27 18:43:03.881 ++Proactor<s2>.process_message  [gridworks-ping]
2026-09-27 18:43:03.882 ++Proactor<s2>._process_mqtt_message mqtt_clients/mqtt_message
2026-09-27 18:43:03.883   IN  mqtt         hw1.isone.me.versant.keene.maple.scada to s2           <-  [gw/hw1-isone-me-versant-keene-maple-scada/to/s2/gridworks-ping]                  Ping                      50617023...
2026-09-27 18:43:03.886   OUT mqtt         hw1.isone.me.versant.keene.maple.scada.s2 to s         ->  [gw/hw1-isone-me-versant-keene-maple-scada-s2/to/s/gridworks-ack]                 Ack                       50617023...
2026-09-27 18:43:03.887 --Proactor<s2>._process_mqtt_message:1  path:0x00000223
2026-09-27 18:43:03.888 --Proactor<s2>.process_message  path:0x00000002
2026-09-27 18:43:03.888 ----------------------------------------------------------------------------------------
2026-09-27 18:43:08.408 
2026-09-27 18:43:08.408 ++++++++++++++++++++++++++++++++++++++++++++++++++++++++++++++++++++++++++++++++++++++++
2026-09-27 18:43:08.409 ++Proactor<s2>.process_message  [analog-temp/synced.readings]
2026-09-27 18:43:08.409   IN  internal     analog-temp to hw1.isone.me.versant.keene.maple.scada.s2     <-  [analog-temp/to/hw1.isone.me.versant.keene.maple.scada.s2/synced.readings]        SyncedReadings           
2026-09-27 18:43:08.409 ++Parentless.process_internal_message analog-temp/synced.readings
2026-09-27 18:43:08.410   OUT mqtt         analog-temp to s                                       ->  [gw/hw1-isone-me-versant-keene-maple-scada-s2/to/s/synced-readings]               SyncedReadings           
2026-09-27 18:43:08.410 --Parentless.process_internal_message  path:0x00000004
2026-09-27 18:43:08.410 --Proactor<s2>.process_message  path:0x00000401
2026-09-27 18:43:08.411 ----------------------------------------------------------------------------------------
2026-09-27 18:43:08.809 
2026-09-27 18:43:08.809 ++++++++++++++++++++++++++++++++++++++++++++++++++++++++++++++++++++++++++++++++++++++++
2026-09-27 18:43:08.809 ++Proactor<s2>.process_message  [analog-temp/synced.readings]
2026-09-27 18:43:08.810   IN  internal     analog-temp to hw1.isone.me.versant.keene.maple.scada.s2     <-  [analog-temp/to/hw1.isone.me.versant.keene.maple.scada.s2/synced.readings]        SyncedReadings           
2026-09-27 18:43:08.810 ++Parentless.process_internal_message analog-temp/synced.readings
2026-09-27 18:43:08.810   OUT mqtt         analog-temp to s                                       ->  [gw/hw1-isone-me-versant-keene-maple-scada-s2/to/s/synced-readings]               SyncedReadings           
2026-09-27 18:43:08.811 --Parentless.process_internal_message  path:0x00000004
2026-09-27 18:43:08.811 --Proactor<s2>.process_message  path:0x00000401
2026-09-27 18:43:08.811 ----------------------------------------------------------------------------------------
2026-09-27 18:43:11.010 
2026-09-27 18:43:11.010 ++++++++++++++++++++++++++++++++++++++++++++++++++++++++++++++++++++++++++++++++++++++++
2026-09-27 18:43:11.010 ++Proactor<s2>.process_message  [analog-temp/synced.readings]
2026-09-27 18:43:11.011   IN  internal     analog-temp to hw1.isone.me.versant.keene.maple.scada.s2     <-  [analog-temp/to/hw1.isone.me.versant.keene.maple.scada.s2/synced.readings]        SyncedReadings           
2026-09-27 18:43:11.011 ++Parentless.process_internal_message analog-temp/synced.readings
2026-09-27 18:43:11.012   OUT mqtt         analog-temp to s                                       ->  [gw/hw1-isone-me-versant-keene-maple-scada-s2/to/s/synced-readings]               SyncedReadings           
2026-09-27 18:43:11.012 --Parentless.process_internal_message  path:0x00000004
2026-09-27 18:43:11.012 --Proactor<s2>.process_message  path:0x00000401
2026-09-27 18:43:11.013 ----------------------------------------------------------------------------------------
2026-09-27 18:43:13.627 
2026-09-27 18:43:13.627 ++++++++++++++++++++++++++++++++++++++++++++++++++++++++++++++++++++++++++++++++++++++++
2026-09-27 18:43:13.628 ++Proactor<s2>.process_message  [analog-temp/synced.readings]
2026-09-27 18:43:13.628   IN  internal     analog-temp to hw1.isone.me.versant.keene.maple.scada.s2     <-  [analog-temp/to/hw1.isone.me.versant.keene.maple.scada.s2/synced.readings]        SyncedReadings           
2026-09-27 18:43:13.629 ++Parentless.process_internal_message analog-temp/synced.readings
2026-09-27 18:43:13.631   OUT mqtt         analog-temp to s                                       ->  [gw/hw1-isone-me-versant-keene-maple-scada-s2/to/s/synced-readings]               SyncedReadings           
2026-09-27 18:43:13.632 --Parentless.process_internal_message  path:0x00000004
2026-09-27 18:43:13.632 --Proactor<s2>.process_message  path:0x00000401
2026-09-27 18:43:13.633 ----------------------------------------------------------------------------------------
2026-09-27 18:43:16.229 
2026-09-27 18:43:16.230 ++++++++++++++++++++++++++++++++++++++++++++++++++++++++++++++++++++++++++++++++++++++++
2026-09-27 18:43:16.230 ++Proactor<s2>.process_message  [analog-temp/synced.readings]
2026-09-27 18:43:16.231   IN  internal     analog-temp to hw1.isone.me.versant.keene.maple.scada.s2     <-  [analog-temp/to/hw1.isone.me.versant.keene.maple.scada.s2/synced.readings]        SyncedReadings           
2026-09-27 18:43:16.232 ++Parentless.process_internal_message analog-temp/synced.readings
2026-09-27 18:43:16.233   OUT mqtt         analog-temp to s                                       ->  [gw/hw1-isone-me-versant-keene-maple-scada-s2/to/s/synced-readings]               SyncedReadings           
2026-09-27 18:43:16.234 --Parentless.process_internal_message  path:0x00000004
2026-09-27 18:43:16.235 --Proactor<s2>.process_message  path:0x00000401
2026-09-27 18:43:16.235 ----------------------------------------------------------------------------------------
2026-09-27 18:43:16.630 
2026-09-27 18:43:16.630 ++++++++++++++++++++++++++++++++++++++++++++++++++++++++++++++++++++++++++++++++++++++++
2026-09-27 18:43:16.631 ++Proactor<s2>.process_message  [analog-temp/synced.readings]
2026-09-27 18:43:16.632   IN  internal     analog-temp to hw1.isone.me.versant.keene.maple.scada.s2     <-  [analog-temp/to/hw1.isone.me.versant.keene.maple.scada.s2/synced.readings]        SyncedReadings           
2026-09-27 18:43:16.632 ++Parentless.process_internal_message analog-temp/synced.readings
2026-09-27 18:43:16.634   OUT mqtt         analog-temp to s                                       ->  [gw/hw1-isone-me-versant-keene-maple-scada-s2/to/s/synced-readings]               SyncedReadings           
2026-09-27 18:43:16.634 --Parentless.process_internal_message  path:0x00000004
2026-09-27 18:43:16.635 --Proactor<s2>.process_message  path:0x00000401
2026-09-27 18:43:16.636 ----------------------------------------------------------------------------------------
2026-09-27 18:43:22.417 
2026-09-27 18:43:22.417 ++++++++++++++++++++++++++++++++++++++++++++++++++++++++++++++++++++++++++++++++++++++++
2026-09-27 18:43:22.417 ++Proactor<s2>.process_message  [analog-temp/synced.readings]
2026-09-27 18:43:22.417   IN  internal     analog-temp to hw1.isone.me.versant.keene.maple.scada.s2     <-  [analog-temp/to/hw1.isone.me.versant.keene.maple.scada.s2/synced.readings]        SyncedReadings           
2026-09-27 18:43:22.418 ++Parentless.process_internal_message analog-temp/synced.readings
2026-09-27 18:43:22.418   OUT mqtt         analog-temp to s                                       ->  [gw/hw1-isone-me-versant-keene-maple-scada-s2/to/s/synced-readings]               SyncedReadings           
2026-09-27 18:43:22.419 --Parentless.process_internal_message  path:0x00000004
2026-09-27 18:43:22.419 --Proactor<s2>.process_message  path:0x00000401
2026-09-27 18:43:22.419 ----------------------------------------------------------------------------------------
2026-09-27 18:43:25.217 
2026-09-27 18:43:25.217 ++++++++++++++++++++++++++++++++++++++++++++++++++++++++++++++++++++++++++++++++++++++++
2026-09-27 18:43:25.217 ++Proactor<s2>.process_message  [analog-temp/synced.readings]
2026-09-27 18:43:25.217   IN  internal     analog-temp to hw1.isone.me.versant.keene.maple.scada.s2     <-  [analog-temp/to/hw1.isone.me.versant.keene.maple.scada.s2/synced.readings]        SyncedReadings           
2026-09-27 18:43:25.218 ++Parentless.process_internal_message analog-temp/synced.readings
2026-09-27 18:43:25.218   OUT mqtt         analog-temp to s                                       ->  [gw/hw1-isone-me-versant-keene-maple-scada-s2/to/s/synced-readings]               SyncedReadings           
2026-09-27 18:43:25.219 --Parentless.process_internal_message  path:0x00000004
2026-09-27 18:43:25.219 --Proactor<s2>.process_message  path:0x00000401
2026-09-27 18:43:25.219 ----------------------------------------------------------------------------------------
2026-09-27 18:43:27.834 
2026-09-27 18:43:27.834 ++++++++++++++++++++++++++++++++++++++++++++++++++++++++++++++++++++++++++++++++++++++++
2026-09-27 18:43:27.835 ++Proactor<s2>.process_message  [analog-temp/synced.readings]
2026-09-27 18:43:27.836   IN  internal     analog-temp to hw1.isone.me.versant.keene.maple.scada.s2     <-  [analog-temp/to/hw1.isone.me.versant.keene.maple.scada.s2/synced.readings]        SyncedReadings           
2026-09-27 18:43:27.836 ++Parentless.process_internal_message analog-temp/synced.readings
2026-09-27 18:43:27.837   OUT mqtt         analog-temp to s                                       ->  [gw/hw1-isone-me-versant-keene-maple-scada-s2/to/s/synced-readings]               SyncedReadings           
2026-09-27 18:43:27.838 --Parentless.process_internal_message  path:0x00000004
2026-09-27 18:43:27.839 --Proactor<s2>.process_message  path:0x00000401
2026-09-27 18:43:27.839 ----------------------------------------------------------------------------------------
2026-09-27 18:43:30.235 
2026-09-27 18:43:30.236 ++++++++++++++++++++++++++++++++++++++++++++++++++++++++++++++++++++++++++++++++++++++++
2026-09-27 18:43:30.236 ++Proactor<s2>.process_message  [analog-temp/synced.readings]
2026-09-27 18:43:30.237   IN  internal     analog-temp to hw1.isone.me.versant.keene.maple.scada.s2     <-  [analog-temp/to/hw1.isone.me.versant.keene.maple.scada.s2/synced.readings]        SyncedReadings           
2026-09-27 18:43:30.237 ++Parentless.process_internal_message analog-temp/synced.readings
2026-09-27 18:43:30.239   OUT mqtt         analog-temp to s                                       ->  [gw/hw1-isone-me-versant-keene-maple-scada-s2/to/s/synced-readings]               SyncedReadings           
2026-09-27 18:43:30.240 --Parentless.process_internal_message  path:0x00000004
2026-09-27 18:43:30.240 --Proactor<s2>.process_message  path:0x00000401
2026-09-27 18:43:30.241 ----------------------------------------------------------------------------------------
2026-09-27 18:43:30.636 
2026-09-27 18:43:30.637 ++++++++++++++++++++++++++++++++++++++++++++++++++++++++++++++++++++++++++++++++++++++++
2026-09-27 18:43:30.637 ++Proactor<s2>.process_message  [analog-temp/synced.readings]
2026-09-27 18:43:30.638   IN  internal     analog-temp to hw1.isone.me.versant.keene.maple.scada.s2     <-  [analog-temp/to/hw1.isone.me.versant.keene.maple.scada.s2/synced.readings]        SyncedReadings           
2026-09-27 18:43:30.638 ++Parentless.process_internal_message analog-temp/synced.readings
2026-09-27 18:43:30.640   OUT mqtt         analog-temp to s                                       ->  [gw/hw1-isone-me-versant-keene-maple-scada-s2/to/s/synced-readings]               SyncedReadings           
2026-09-27 18:43:30.640 --Parentless.process_internal_message  path:0x00000004
2026-09-27 18:43:30.641 --Proactor<s2>.process_message  path:0x00000401
2026-09-27 18:43:30.641 ----------------------------------------------------------------------------------------
2026-09-27 18:43:35.823 
2026-09-27 18:43:35.823 ++++++++++++++++++++++++++++++++++++++++++++++++++++++++++++++++++++++++++++++++++++++++
2026-09-27 18:43:35.823 ++Proactor<s2>.process_message  [analog-temp/synced.readings]
2026-09-27 18:43:35.824   IN  internal     analog-temp to hw1.isone.me.versant.keene.maple.scada.s2     <-  [analog-temp/to/hw1.isone.me.versant.keene.maple.scada.s2/synced.readings]        SyncedReadings           
2026-09-27 18:43:35.824 ++Parentless.process_internal_message analog-temp/synced.readings
2026-09-27 18:43:35.825   OUT mqtt         analog-temp to s                                       ->  [gw/hw1-isone-me-versant-keene-maple-scada-s2/to/s/synced-readings]               SyncedReadings           
2026-09-27 18:43:35.825 --Parentless.process_internal_message  path:0x00000004
2026-09-27 18:43:35.825 --Proactor<s2>.process_message  path:0x00000401
2026-09-27 18:43:35.825 ----------------------------------------------------------------------------------------
2026-09-27 18:43:36.423 
2026-09-27 18:43:36.423 ++++++++++++++++++++++++++++++++++++++++++++++++++++++++++++++++++++++++++++++++++++++++
2026-09-27 18:43:36.423 ++Proactor<s2>.process_message  [analog-temp/synced.readings]
2026-09-27 18:43:36.424   IN  internal     analog-temp to hw1.isone.me.versant.keene.maple.scada.s2     <-  [analog-temp/to/hw1.isone.me.versant.keene.maple.scada.s2/synced.readings]        SyncedReadings           
2026-09-27 18:43:36.424 ++Parentless.process_internal_message analog-temp/synced.readings
2026-09-27 18:43:36.424   OUT mqtt         analog-temp to s                                       ->  [gw/hw1-isone-me-versant-keene-maple-scada-s2/to/s/synced-readings]               SyncedReadings           
2026-09-27 18:43:36.425 --Parentless.process_internal_message  path:0x00000004
2026-09-27 18:43:36.425 --Proactor<s2>.process_message  path:0x00000401
2026-09-27 18:43:36.425 ----------------------------------------------------------------------------------------
2026-09-27 18:43:38.824 
2026-09-27 18:43:38.824 ++++++++++++++++++++++++++++++++++++++++++++++++++++++++++++++++++++++++++++++++++++++++
2026-09-27 18:43:38.824 ++Proactor<s2>.process_message  [analog-temp/synced.readings]
2026-09-27 18:43:38.825   IN  internal     analog-temp to hw1.isone.me.versant.keene.maple.scada.s2     <-  [analog-temp/to/hw1.isone.me.versant.keene.maple.scada.s2/synced.readings]        SyncedReadings           
2026-09-27 18:43:38.825 ++Parentless.process_internal_message analog-temp/synced.readings
2026-09-27 18:43:38.825   OUT mqtt         analog-temp to s                                       ->  [gw/hw1-isone-me-versant-keene-maple-scada-s2/to/s/synced-readings]               SyncedReadings           
2026-09-27 18:43:38.826 --Parentless.process_internal_message  path:0x00000004
2026-09-27 18:43:38.826 --Proactor<s2>.process_message  path:0x00000401
2026-09-27 18:43:38.826 ----------------------------------------------------------------------------------------
2026-09-27 18:43:39.224 
2026-09-27 18:43:39.224 ++++++++++++++++++++++++++++++++++++++++++++++++++++++++++++++++++++++++++++++++++++++++
2026-09-27 18:43:39.224 ++Proactor<s2>.process_message  [analog-temp/synced.readings]
2026-09-27 18:43:39.225   IN  internal     analog-temp to hw1.isone.me.versant.keene.maple.scada.s2     <-  [analog-temp/to/hw1.isone.me.versant.keene.maple.scada.s2/synced.readings]        SyncedReadings           
2026-09-27 18:43:39.225 ++Parentless.process_internal_message analog-temp/synced.readings
2026-09-27 18:43:39.225   OUT mqtt         analog-temp to s                                       ->  [gw/hw1-isone-me-versant-keene-maple-scada-s2/to/s/synced-readings]               SyncedReadings           
2026-09-27 18:43:39.226 --Parentless.process_internal_message  path:0x00000004
2026-09-27 18:43:39.226 --Proactor<s2>.process_message  path:0x00000401
2026-09-27 18:43:39.226 ----------------------------------------------------------------------------------------
2026-09-27 18:43:40.034 
2026-09-27 18:43:40.035 ++++++++++++++++++++++++++++++++++++++++++++++++++++++++++++++++++++++++++++++++++++++++
2026-09-27 18:43:40.035 ++Proactor<s2>.process_message  [analog-temp/synced.readings]
2026-09-27 18:43:40.035   IN  internal     analog-temp to hw1.isone.me.versant.keene.maple.scada.s2     <-  [analog-temp/to/hw1.isone.me.versant.keene.maple.scada.s2/synced.readings]        SyncedReadings           
2026-09-27 18:43:40.036 ++Parentless.process_internal_message analog-temp/synced.readings
2026-09-27 18:43:40.036   OUT mqtt         analog-temp to s                                       ->  [gw/hw1-isone-me-versant-keene-maple-scada-s2/to/s/synced-readings]               SyncedReadings           
2026-09-27 18:43:40.037 --Parentless.process_internal_message  path:0x00000004
2026-09-27 18:43:40.037 --Proactor<s2>.process_message  path:0x00000401
2026-09-27 18:43:40.038 ----------------------------------------------------------------------------------------
2026-09-27 18:43:43.242 
2026-09-27 18:43:43.243 ++++++++++++++++++++++++++++++++++++++++++++++++++++++++++++++++++++++++++++++++++++++++
2026-09-27 18:43:43.243 ++Proactor<s2>.process_message  [analog-temp/synced.readings]
2026-09-27 18:43:43.244   IN  internal     analog-temp to hw1.isone.me.versant.keene.maple.scada.s2     <-  [analog-temp/to/hw1.isone.me.versant.keene.maple.scada.s2/synced.readings]        SyncedReadings           
2026-09-27 18:43:43.244 ++Parentless.process_internal_message analog-temp/synced.readings
2026-09-27 18:43:43.246   OUT mqtt         analog-temp to s                                       ->  [gw/hw1-isone-me-versant-keene-maple-scada-s2/to/s/synced-readings]               SyncedReadings           
2026-09-27 18:43:43.246 --Parentless.process_internal_message  path:0x00000004
2026-09-27 18:43:43.247 --Proactor<s2>.process_message  path:0x00000401
2026-09-27 18:43:43.248 ----------------------------------------------------------------------------------------
2026-09-27 18:43:49.430 
2026-09-27 18:43:49.430 ++++++++++++++++++++++++++++++++++++++++++++++++++++++++++++++++++++++++++++++++++++++++
2026-09-27 18:43:49.430 ++Proactor<s2>.process_message  [analog-temp/synced.readings]
2026-09-27 18:43:49.431   IN  internal     analog-temp to hw1.isone.me.versant.keene.maple.scada.s2     <-  [analog-temp/to/hw1.isone.me.versant.keene.maple.scada.s2/synced.readings]        SyncedReadings           
2026-09-27 18:43:49.431 ++Parentless.process_internal_message analog-temp/synced.readings
2026-09-27 18:43:49.432   OUT mqtt         analog-temp to s                                       ->  [gw/hw1-isone-me-versant-keene-maple-scada-s2/to/s/synced-readings]               SyncedReadings           
2026-09-27 18:43:49.432 --Parentless.process_internal_message  path:0x00000004
2026-09-27 18:43:49.432 --Proactor<s2>.process_message  path:0x00000401
2026-09-27 18:43:49.432 ----------------------------------------------------------------------------------------
== window done (scada2) ==
